pressure [meter] at 10,pressure [meter] at 11,pressure [meter] at 12,pressure [meter] at 13,pressure [meter] at 21,pressure [meter] at 22,pressure [meter] at 23,pressure [meter] at 31,pressure [meter] at 32,pressure [meter] at 9,pressure [meter] at 2,flow [cubic meter/hr] at 10,flow [cubic meter/hr] at 11,flow [cubic meter/hr] at 12,flow [cubic meter/hr] at 21,flow [cubic meter/hr] at 22,flow [cubic meter/hr] at 31,flow [cubic meter/hr] at 110,flow [cubic meter/hr] at 111,flow [cubic meter/hr] at 112,flow [cubic meter/hr] at 113,flow [cubic meter/hr] at 121,flow [cubic meter/hr] at 122,flow [cubic meter/hr] at 9,bulk_species_node [MG] at Chlorine @ 10,bulk_species_node [MG] at Chlorine @ 11,bulk_species_node [MG] at Chlorine @ 12,bulk_species_node [MG] at Chlorine @ 13,bulk_species_node [MG] at Chlorine @ 21,bulk_species_node [MG] at Chlorine @ 22,bulk_species_node [MG] at Chlorine @ 23,bulk_species_node [MG] at Chlorine @ 31,bulk_species_node [MG] at Chlorine @ 32,bulk_species_node [MG] at AsIII @ 10,bulk_species_node [MG] at AsIII @ 11,bulk_species_node [MG] at AsIII @ 12,bulk_species_node [MG] at AsIII @ 13,bulk_species_node [MG] at AsIII @ 21,bulk_species_node [MG] at AsIII @ 22,bulk_species_node [MG] at AsIII @ 23,bulk_species_node [MG] at AsIII @ 31,bulk_species_node [MG] at AsIII @ 32,bulk_species_node [MG] at AsIII @ 9,bulk_species_node [MG] at AsIII @ 2
233.27762,169.73195,83.78838,86.40446,120.92232,93.00815,93.232704,115.30999,98.531364,0.0,36.576,1855.306,1426.106,-52.67792,315.5928,85.75397,52.691807,-1705.5978,407.44412,-245.72093,-67.24204,67.785645,-39.40646,1855.306,0.0,0.0,0.0,0.0,0.0,0.0,0.0,0.0,0.0,0.0,0.0,0.0,0.0,0.0,0.0,0.0,0.0,0.0,0.0,0.0
235.78722,173.40073,88.370544,91.0874,125.7768,97.8229,98.034004,120.43461,103.81754,0.0,41.158966,1836.9545,1418.1838,-55.249466,315.8227,86.23223,52.356136,-1705.1001,402.38712,-249.70346,-68.048096,66.00392,-40.38964,1836.9545,0.0,0.0,0.0,0.0,0.0,0.0,0.0,0.0,0.0,0.0,0.0,0.0,0.0,0.0,0.0,0.0,0.0,0.0,0.0,0.0
84.98191,84.98191,88.142685,89.4556,87.76461,89.35127,90.86476,87.40584,84.26747,0.0,42.43353,-0.00019283418,-38.889614,21.68777,-11.386758,6.362944,3.4971583,119.39698,23.603773,43.784786,8.48918,15.355319,7.87616,0.0,0.0,0.0,0.45504108,0.0,0.0,0.0,0.0,0.0,0.0,0.0,0.0,0.0,0.0,0.0,0.0,0.0,0.0,0.0,0.0,0.0
84.66962,84.66962,87.8231,89.18475,87.48354,89.08011,90.59334,87.17952,84.100746,0.0,42.112705,-0.00019087901,-37.509495,18.820902,-12.326071,6.4449463,1.9555023,111.89961,22.060652,40.01596,8.511936,14.041852,6.963104,0.0,0.0,0.0,0.5025182,0.0,0.0,0.0,0.0,0.0,0.0,0.0,0.0,0.0,0.0,0.0,0.0,0.0,0.0,0.0,0.0,0.0
84.39043,84.39043,87.52395,88.889755,87.24678,88.8218,90.33339,86.98245,83.88837,0.0,41.81203,-0.00018940395,-33.49184,18.559572,-10.190447,6.958944,2.4311717,101.9112,19.80276,36.585117,7.0010405,13.020192,6.5273995,0.0,0.0,0.0,0.53618723,0.0,0.0,0.0,0.0,0.0,0.0,0.0,0.0,0.0,0.0,0.0,0.0,0.0,0.0,0.0,0.0,0.0
84.12088,84.12088,87.250885,88.64359,86.997314,88.573044,90.087326,86.7625,83.66944,0.0,41.538193,-0.00018890716,-32.74188,16.782421,-10.266722,6.098403,2.4017746,96.52684,18.653608,34.40632,6.996476,12.213927,6.230764,0.0,0.0,0.0,0.5887393,0.0,0.0,0.0,0.0,0.0,0.0,0.0,0.0,0.0,0.0,0.0,0.0,0.0,0.0,0.0,0.0,0.0
83.86359,83.86359,86.99138,88.37367,86.72819,88.305016,89.81913,86.466385,83.389565,0.0,41.278824,-0.0001874217,-32.261845,17.48893,-10.384179,6.156318,1.8870108,97.47594,19.337875,35.183346,6.9149055,12.95292,6.350081,0.0,0.0,0.0,0.6215797,0.0,0.0,0.0,0.0,0.0,0.0,0.0,0.0,0.0,0.0,0.0,0.0,0.0,0.0,0.0,0.0,0.0
83.593796,83.593796,86.72906,88.10084,86.45748,88.034584,89.54998,86.16655,83.07925,0.0,41.016907,-0.0001879152,-33.860428,18.177982,-10.413425,5.7116494,2.2309222,100.275185,19.389603,35.909374,6.7377806,13.712187,6.738166,0.0,0.0,0.0,0.6155276,0.0,0.0,0.0,0.0,0.0,0.0,0.0,0.0,0.0,0.0,0.0,0.0,0.0,0.0,0.0,0.0,0.0
83.30092,83.30092,86.45763,87.8064,86.1072,87.70335,89.219696,85.76562,82.67044,0.0,40.747463,-0.00018691762,-38.1252,19.613556,-12.286968,5.3570495,2.462065,113.291916,22.446825,40.92158,8.322452,14.953514,7.4430532,0.0,0.0,0.0,0.59834474,0.0,0.0,0.45500088,0.0,0.0,0.0,0.0,0.0,0.0,0.0,0.0,0.0,0.0,0.0,0.0,0.0,0.0
82.98888,82.98888,86.15131,87.443924,85.75688,87.33669,88.84502,85.37398,82.25556,0.0,40.443047,-0.00018591604,-39.197906,22.790367,-10.697291,7.8945436,3.0565917,124.60555,24.301281,45.495903,8.806066,15.904426,7.8539696,0.0,0.0,0.0,0.52959776,0.0,0.0,0.50242573,0.0,0.0,0.0,0.0,0.0,0.0,0.0,0.0,0.0,0.0,0.0,0.0,0.0,0.0
82.60342,82.60342,85.81248,87.05058,85.256584,86.867355,88.37754,84.779594,81.670975,0.0,40.10823,-0.00018440501,-47.14066,25.547667,-13.575322,7.372754,2.819069,146.0841,29.256767,54.251854,11.362204,17.907768,8.7688,0.0,0.0,0.0,0.4815127,0.2987057,0.0,0.53613925,0.0,0.0,0.0,0.0,0.0,0.0,0.0,0.0,0.0,0.0,0.0,0.0,0.0,0.0
82.16683,82.16683,85.41564,86.57309,84.7465,86.36084,87.866356,84.1149,80.97121,0.0,39.7157,-0.00018237616,-53.102657,29.216375,-13.873819,8.629265,3.6070518,166.46579,32.081806,60.76889,12.373213,20.83919,10.14315,0.0,0.0,0.4977007,0.41071665,0.5024108,0.0,0.6040095,0.0,0.0,0.0,0.0,0.0,0.0,0.0,0.0,0.0,0.0,0.0,0.0,0.0,0.0
81.63862,81.63862,84.961845,86.01452,84.04789,85.68965,87.18467,83.267265,80.091324,0.0,39.268402,-0.00018032364,-62.956356,33.464214,-16.008858,11.00164,4.21961,193.71033,37.933636,72.18695,15.586846,23.364431,11.467858,0.0,0.0,0.5361237,0.36042953,0.55378014,0.0,0.61548144,0.0,0.0,0.0,0.0,0.0,0.0,0.0,0.0,0.0,0.0,0.0,0.0,0.0,0.0
81.05208,81.05208,84.435844,85.36921,83.33984,84.98898,86.48404,82.375595,79.11025,0.0,38.747902,-0.00017877245,-70.09257,37.80057,-16.542986,10.993903,5.6172976,214.3991,41.673416,80.34707,16.858448,26.187658,13.065467,0.0,0.0,0.6202303,0.30973673,0.6212721,0.0,0.52956533,0.0,0.0,0.0,0.0,0.0,0.0,0.0,0.0,0.0,0.0,0.0,0.0,0.0,0.0
80.38352,80.38352,83.850296,84.614006,82.402176,84.08591,85.55696,81.093376,77.804726,0.0,38.171806,-0.00017720906,-78.97192,43.322067,-18.872873,15.231438,5.93491,246.51517,49.082417,93.61074,20.373064,30.884447,15.103704,0.0,0.0,0.5982913,0.27984828,0.577047,0.0,0.41069695,0.0,0.0,0.31816933,0.0,0.0,0.0,0.0,0.0,0.0,0.0,0.0,0.0,0.0,0.0
79.66201,79.66201,83.18316,83.90355,81.57873,83.30617,84.78797,80.16229,76.99006,0.0,37.50942,-0.00017457877,-84.35349,44.63775,-21.506224,13.475201,4.1534624,261.3593,51.64971,97.94295,21.456816,32.23098,15.2697115,0.0,0.0,0.4814757,0.2433896,0.4544365,0.3382396,0.34647146,0.0,0.0,0.3847311,0.0,0.0,0.0,0.0,0.0,0.0,0.0,0.0,0.0,0.0,0.0
78.855606,78.855606,82.47394,83.053665,80.56937,82.30659,83.78017,78.744026,75.319016,0.0,36.80714,-0.00017191283,-93.30511,48.699673,-22.058496,14.835328,7.5635066,281.87192,56.463066,108.42785,24.172144,36.961445,18.20574,0.0,0.0,0.36040702,0.22956605,0.36040702,0.40601248,0.27983886,0.0,0.0,0.4862049,0.0,0.0,0.0,0.0,0.0,0.0,0.0,0.0,0.0,0.0,0.0
78.04322,78.04322,81.7105,82.237495,79.68189,81.4077,82.88478,77.94571,74.58001,0.0,36.049747,-0.00016812205,-97.5474,50.149967,-21.413046,14.270161,6.8952494,298.7272,58.157207,113.033226,25.440208,35.97526,17.544624,0.0,0.0,0.30374825,0.2128599,0.2861225,0.43620044,0.24338141,0.32539427,0.0,0.3585142,0.0,0.0,0.0,0.0,0.0,0.0,0.0,0.0,0.0,0.0,0.0
77.25697,77.25697,80.90686,81.3715,78.81668,80.52858,81.99254,76.91385,73.50234,0.0,35.247063,-0.00016592233,-96.05806,51.819798,-20.602936,16.301596,7.4153986,301.32922,59.89465,115.53156,25.84864,37.800446,18.36226,0.0,0.0,0.2433779,0.20084958,0.2433779,0.47288844,0.22955832,0.39472774,0.3402339,0.26496017,0.0,0.0,0.0,0.0,0.0,0.0,0.0,0.0,0.0,0.0,0.0
76.341545,76.341545,80.08695,80.365364,77.71274,79.4498,80.880035,75.572464,72.11979,0.0,34.437386,-0.00016369983,-104.01046,56.555164,-22.049469,20.738451,7.85764,327.96606,63.878445,123.771385,27.45062,40.27844,19.556494,0.0,0.0,0.229555,0.19911522,0.229555,0.40385625,0.21285273,0.3004974,0.42461058,0.21616326,0.0,0.0,0.0,0.0,0.0,0.0,0.0,0.0,0.0,0.0,0.0
75.37144,75.37144,79.20261,79.4479,76.50653,78.38135,79.84127,73.95825,70.56048,0.0,33.556137,-0.00015974065,-110.73224,57.362206,-28.86307,16.88487,7.2628694,335.6758,68.587654,129.35754,29.185371,44.2577,21.364948,0.0,0.0,0.21284965,0.18294345,0.21284965,0.3667889,0.2004941,0.20529185,0.4251709,0.17405832,0.0,0.0,0.0,0.0,0.0,0.0,0.0,0.0,0.0,0.0,0.0
231.5189,167.1619,84.5021,86.12242,113.51355,89.71353,89.9854,104.96442,88.99787,0.0,37.554043,1868.0593,1397.4463,-14.197903,290.9549,84.05395,50.985527,-1535.1935,427.5504,-165.16226,-43.214886,85.080574,-23.436766,1868.0593,0.0,0.0,0.02211396,0.22975372,0.0,0.14846909,0.0016392781,0.3832822,0.3537626,0.0,0.0,0.0,0.0,0.0,0.0,0.0,0.0,0.0,0.0,0.0
233.58972,170.18814,88.614586,90.2306,117.36349,93.8069,94.07217,109.071075,92.825,0.0,41.679134,1853.0336,1387.855,-13.851348,289.44138,84.292755,51.57828,-1526.6681,424.18512,-164.69931,-43.000862,83.69142,-22.548702,1853.0336,0.0,0.0,0.04047358,0.28320354,0.0,0.017111756,0.29946584,0.0,0.39766482,0.0,0.0,0.0,0.0,0.0,0.0,0.0,0.0,0.0,0.0,0.0
83.88443,83.88443,87.66007,87.97198,85.295074,87.14577,88.61802,83.13239,79.74674,0.0,42.00824,-0.00018791521,-106.421364,55.728676,-27.773853,15.044751,7.1258245,322.23453,63.062546,119.92131,25.459759,40.50553,19.819246,0.0,0.0,0.0,0.19326934,0.20526996,0.0,0.016532809,0.30330694,0.0,0.3905871,0.0,0.0,0.0,0.0,0.0,0.0,0.0,0.0,0.0,0.0,0.0
83.142876,83.142876,86.80299,87.27888,84.75284,86.52316,87.99121,82.89889,79.567894,0.0,41.14239,-0.00018541353,-96.93669,51.522007,-23.846233,15.69257,6.477724,299.13824,58.79395,112.2637,24.403044,37.273,18.073633,0.0,0.0,0.0,0.19562604,0.19921482,0.0,0.092629455,0.44436523,0.0,0.11952648,0.0,0.0,0.0,0.0,0.0,0.0,0.0,0.0,0.0,0.0,0.0
82.34153,82.34153,86.00149,86.582954,83.96551,85.7941,87.28065,82.24971,78.89877,0.0,40.3386,-0.00018339237,-96.92263,48.651276,-26.742815,12.634221,6.720404,292.87753,58.48382,109.80626,24.639664,35.746574,17.826746,0.0,0.0,0.0,0.21000208,0.1853155,0.0,0.1932631,0.0785658,0.0,0.23644118,0.0,0.0,0.0,0.0,0.0,0.0,0.0,0.0,0.0,0.0,0.0
81.64947,81.64947,85.22081,85.845314,83.46312,85.17059,86.65196,81.98818,78.69898,0.0,39.551636,-0.00018084003,-89.072334,47.438816,-20.33983,13.549912,5.942307,275.00247,54.139744,104.30619,22.828453,32.94298,15.99027,0.0,0.0,0.1932603,0.21428952,0.1932603,0.0,0.19547287,0.13228308,0.0,0.046749804,0.0,0.0,0.0,0.0,0.0,0.0,0.0,0.0,0.0,0.0,0.0
80.95452,80.95452,84.485725,85.21517,82.877266,84.61055,86.0966,81.5072,78.2746,0.0,38.8127,-0.00017877246,-85.31597,44.365364,-21.837383,12.7248535,5.1433,263.54263,51.501106,97.87444,21.511024,31.656828,15.363145,0.0,0.0,0.19547004,0.22760527,0.19547004,0.0,0.20999505,0.23012242,0.0,0.018927194,0.0,0.0,0.0,0.0,0.0,0.0,0.0,0.0,0.0,0.0,0.0
80.288414,80.288414,83.7821,84.53422,82.38103,84.04032,85.53575,81.14057,77.91205,0.0,38.104553,-0.00017563721,-81.67231,43.677135,-17.254251,10.916493,5.0815997,249.54709,47.145565,92.71993,19.237171,30.002934,14.358402,0.0,0.0,0.209992,0.2370923,0.209992,0.0,0.21428233,0.2543377,0.0,0.14847429,0.0,0.0,0.0,0.0,0.0,0.0,0.0,0.0,0.0,0.0,0.0
79.658104,79.658104,83.11539,83.9685,81.81184,83.51467,85.01365,80.52352,77.24065,0.0,37.434017,-0.00017510967,-77.99987,40.49215,-20.060266,10.162173,5.85758,237.14757,45.492355,86.98903,18.352524,30.622515,15.069552,0.0,0.0,0.21427923,0.2498604,0.21427923,0.14147511,0.22759765,0.27305642,0.0,0.14433046,0.0,0.0,0.0,0.0,0.0,0.0,0.0,0.0,0.0,0.0,0.0
79.05543,79.05543,82.48233,83.39215,81.28375,82.962296,84.450905,80.27871,77.13986,0.0,36.7968,-0.00017191359,-74.81874,38.6066,-18.539276,12.253462,3.5074632,222.97055,43.40235,83.56234,18.069168,26.780195,12.75845,0.0,0.0,0.22177787,0.26243156,0.22606544,0.14063771,0.23708436,0.25034645,0.0,0.14211792,0.0,0.0,0.0,0.0,0.0,0.0,0.0,0.0,0.0,0.0,0.0
78.49687,78.49687,81.88435,82.798775,80.70924,82.37718,83.87578,79.68892,76.480995,0.0,36.197674,-0.00017083684,-70.50929,38.450104,-17.8415,10.2469635,4.759803,218.93257,43.85656,83.00463,17.683111,26.999275,13.159412,0.0,0.0,0.22765157,0.27851796,0.2308413,0.14446206,0.24942753,0.21071221,0.0,0.16470371,0.0,0.0,0.0,0.0,0.0,0.0,0.0,0.0,0.0,0.0,0.0
77.88625,77.88625,81.29584,82.24037,80.106285,81.78529,83.28188,79.0413,75.832664,0.0,35.609398,-0.00016866732,-72.95284,37.412712,-18.569508,10.674923,4.7711797,219.77498,43.63885,83.15132,18.427774,27.63112,13.459344,0.0,0.0,0.2370775,0.2834809,0.2370775,0.19266841,0.25799036,0.17820874,0.00022292369,0.15726854,0.0,0.0,0.0,0.0,0.0,0.0,0.0,0.0,0.0,0.0,0.0
77.29571,77.29571,80.70535,81.66784,79.54507,81.239075,82.74035,78.48746,75.3104,0.0,35.01886,-0.00016647378,-72.95957,36.782543,-19.519182,9.647884,4.2394137,219.58252,42.797306,81.21093,17.778671,27.527529,13.332734,0.0,0.0,0.24984482,0.28243035,0.24984482,0.2080843,0.27042922,0.14411049,0.13535982,0.16723405,0.0,0.0,0.0,0.0,0.0,0.0,0.0,0.0,0.0,0.0,0.0
76.668465,76.668465,80.111626,80.95659,78.797714,80.52595,82.02055,77.64849,74.49669,0.0,34.428837,-0.00016481231,-76.53561,40.757072,-21.55146,11.085715,3.7691298,232.3996,46.16044,86.35903,17.959534,28.790455,13.857707,0.0,0.0,0.26241517,0.282669,0.26241517,0.21748321,0.2805777,0.15291123,0.14182511,0.17523478,0.0,0.0,0.0,0.0,0.0,0.0,0.0,0.0,0.0,0.0,0.0
76.03422,76.03422,79.4861,80.32538,78.2183,79.90519,81.39287,77.14406,73.93471,0.0,33.804375,-0.00016201437,-77.44228,40.94071,-19.073685,12.427284,4.7826447,235.97116,44.65203,86.15847,17.885206,27.760525,13.55305,0.0,0.0,0.2785006,0.26759976,0.2785006,0.2277373,0.28284165,0.13875091,0.15221171,0.18629692,0.0,0.0,0.0,0.0,0.0,0.0,0.0,0.0,0.0,0.0,0.0
231.85352,167.65082,83.094604,85.14563,116.33609,90.32024,90.46539,109.05933,92.83084,0.0,36.008858,1865.6395,1414.058,-35.5446,304.43585,88.54481,51.541153,-1625.86,417.95642,-208.98318,-56.127,77.99059,-32.54287,1865.6395,0.0,0.0,0.039869938,0.26240757,0.0,0.2279077,0.01652987,0.20801562,2.9716955e-06,0.0,0.0,0.0,0.0,0.0,0.0,0.0,0.0,0.0,0.0,0.0
233.75165,170.4248,87.41306,89.3047,119.708015,94.03516,94.25856,112.66461,95.97429,0.0,40.377567,1851.8536,1400.5417,-29.263172,302.3826,85.795265,52.508575,-1593.2795,415.46786,-196.73164,-53.13752,76.629974,-31.097647,1851.8536,0.0,0.0,0.036063794,0.22885406,0.0,0.024589904,0.20271772,0.25201675,0.20793639,0.0,0.0,0.0,0.0,0.0,0.0,0.0,0.0,0.0,0.0,0.0
84.49013,84.49013,88.02265,88.69191,86.40195,88.09816,89.58119,85.029274,81.71883,0.0,42.350445,-0.00019087901,-85.44238,46.14953,-19.655752,13.262488,6.219323,266.00186,51.770554,99.722404,21.368773,31.689337,15.566013,0.0,0.0,0.0,0.2534256,0.22842097,2.392464e-09,0.0023946275,0.23986325,2.523905e-10,0.21632887,0.0,0.0,0.0,0.0,0.0,0.0,0.0,0.0,0.0,0.0,0.0
83.761734,83.761734,87.3076,87.97751,85.624725,87.35922,88.832245,84.09548,80.73769,0.0,41.635693,-0.00018890931,-86.7052,46.130695,-21.90618,14.923377,6.8020277,266.89825,52.960186,100.60691,21.98892,33.59246,16.659748,0.0,0.0,0.0,0.24694595,0.27537835,2.4446007e-09,0.025096841,0.22747634,8.143324e-10,0.21153028,0.0,0.0,0.0,0.0,0.0,0.0,0.0,0.0,0.0,0.0,0.0
83.05957,83.05957,86.591896,87.24613,84.94758,86.68583,88.17031,83.42499,80.12202,0.0,40.918533,-0.00018641794,-85.42335,46.585888,-22.11617,13.006403,6.123094,262.50635,52.353634,99.0354,20.725958,33.513485,16.404757,0.0,0.0,0.0,0.24618876,0.28282616,2.5992621e-09,0.09677427,0.18509531,1.2946723e-09,0.14324616,0.0,0.0,0.0,0.0,0.0,0.0,0.0,0.0,0.0,0.0,0.0
82.33778,82.33778,85.88381,86.567955,84.225975,85.95326,87.4422,82.81172,79.47216,0.0,40.213173,-0.00018389954,-86.719444,45.71369,-21.497557,12.1931925,6.5828543,270.7,52.349037,99.94703,21.640549,32.20414,16.03334,0.0,0.0,0.0,0.24994886,0.28282204,2.6381144e-09,0.24655558,0.119194746,1.6554913e-09,0.06352556,0.0,0.0,0.0,0.0,0.0,0.0,0.0,0.0,0.0,0.0,0.0
81.6161,81.6161,85.15867,85.8188,83.560135,85.25024,86.72346,82.09627,78.73771,0.0,39.485798,-0.00018032367,-86.39428,46.415024,-19.275997,14.892024,6.8110967,264.0061,50.97268,99.12384,21.087582,32.809277,16.175303,0.0,0.0,0.24748076,0.24303032,0.24655361,2.5859268e-09,0.246552,0.109300144,1.897218e-09,0.084630474,0.0,0.0,0.0,0.0,0.0,0.0,0.0,0.0,0.0,0.0,0.0
80.969185,80.969185,84.45373,85.20461,82.97572,84.66915,86.1553,81.48772,78.13745,0.0,38.77641,-0.00017877243,-80.76349,43.714977,-19.483587,12.708455,6.7123594,250.25983,49.39366,94.39967,20.226387,33.100254,16.26142,0.0,0.0,0.24654743,0.24864984,0.24655004,2.437418e-09,0.24994056,0.237959,2.0397495e-09,0.09465188,0.0,0.0,0.0,0.0,0.0,0.0,0.0,0.0,0.0,0.0,0.0
80.33206,80.33206,83.783646,84.58931,82.44277,84.11978,85.61389,81.16574,77.89688,0.0,38.10396,-0.0001772149,-77.412285,42.0142,-18.440369,11.186944,5.6662,242.6574,46.661205,89.59304,18.7741,30.477285,14.823418,0.0,0.0,0.24890603,0.26113272,0.24993694,2.5126858e-09,0.24302223,0.26190078,2.1654503e-09,0.18512674,0.0,0.0,0.0,0.0,0.0,0.0,0.0,0.0,0.0,0.0,0.0
79.72257,79.72257,83.137825,84.075264,81.9474,83.634094,85.13156,80.83303,77.58659,0.0,37.451935,-0.00017563514,-73.56808,37.659378,-19.061234,10.488664,5.3479867,221.70409,43.502274,82.85523,18.120653,28.315613,13.951085,0.0,0.0,0.24646579,0.26864368,0.24301872,0.18130356,0.24864157,0.26229662,2.1972055e-09,0.18439075,0.0,0.0,0.0,0.0,0.0,0.0,0.0,0.0,0.0,0.0,0.0
79.193085,79.193085,82.54728,83.543396,81.58127,83.224335,84.71361,80.745544,77.52952,0.0,36.856213,-0.0001719136,-66.687996,35.575985,-16.104406,12.12856,4.888461,202.85445,38.60483,74.63639,15.585238,24.24096,12.037931,0.0,0.0,0.2430152,0.29201183,0.2460799,0.1718336,0.261124,0.27223268,2.1971738e-09,0.17824113,0.0,0.0,0.0,0.0,0.0,0.0,0.0,0.0,0.0,0.0,0.0
78.72441,78.72441,82.0084,83.11861,81.20685,82.84131,84.34712,80.46957,77.28465,0.0,36.31114,-0.00017084325,-57.939587,31.19268,-15.464788,8.554256,4.3766985,178.12692,35.521587,66.87449,14.141257,22.654913,11.214011,0.0,0.0,0.24863438,0.31715873,0.24863438,0.18122974,0.26485214,0.25660625,2.1971418e-09,0.17770404,0.0,0.0,0.0,0.0,0.0,0.0,0.0,0.0,0.0,0.0,0.0
78.28701,78.28701,81.533585,82.69867,80.86885,82.49208,83.99403,80.24481,77.087845,0.0,35.832508,-0.0001702974,-52.782585,28.885725,-14.59549,9.491016,3.8692775,161.322,32.001263,60.01052,12.312358,20.704006,10.240612,0.0,0.0,0.26111647,0.3582177,0.26111647,0.18115623,0.26863083,0.25204882,2.19711e-09,0.17603177,0.0,0.0,0.0,0.0,0.0,0.0,0.0,0.0,0.0,0.0,0.0
77.8902,77.8902,81.103546,82.33179,80.58839,82.19109,83.69407,80.13905,77.02645,0.0,35.399033,-0.00016867026,-47.813873,26.019466,-12.878768,9.252008,2.9174833,144.77077,27.405128,52.177532,10.212879,17.339561,8.525246,0.0,0.0,0.26487872,0.39330533,0.26862696,0.24432513,0.29199788,0.17171568,0.11880219,0.17646626,0.0,0.0,0.0,0.0,0.0,0.0,0.0,0.0,0.0,0.0,0.0
77.53391,77.53391,80.71816,82.03204,80.303795,81.90772,83.42087,79.96536,76.85668,0.0,35.010033,-0.0001675736,-43.068535,21.633652,-12.986397,6.4737854,2.820625,125.41161,24.213305,45.191376,9.270475,14.878769,7.5998335,0.0,0.0,0.26862305,0.4358257,0.26862305,0.24421719,0.31322348,0.1413052,0.17158307,0.18523353,0.0,0.0,0.0,0.0,0.0,0.0,0.0,0.0,0.0,0.0,0.0
77.23216,77.23216,80.38379,81.72981,80.07165,81.65284,83.16535,79.77744,76.70022,0.0,34.67305,-0.00016592463,-37.15219,19.778978,-10.83885,6.67464,1.901233,109.66606,20.725363,39.031384,7.373204,13.795286,6.712372,0.0,0.0,0.29198945,0.4998007,0.29198945,0.24431466,0.317139,0.15674232,0.1715806,0.18132317,0.0,0.0,0.0,0.0,0.0,0.0,0.0,0.0,0.0,0.0,0.0
76.9511,76.9511,80.08991,81.45018,79.790985,81.37713,82.89274,79.49841,76.430405,0.0,34.378376,-0.0001653685,-34.596138,18.908098,-11.336122,5.6346035,1.5495303,104.436844,20.704163,37.504326,7.0513763,13.753818,6.656008,0.0,0.0,0.2919852,0.56849015,0.2919852,0.24770747,0.35819542,0.14298907,0.17725793,0.1996301,0.0,0.0,0.0,0.0,0.0,0.0,0.0,0.0,0.0,0.0,0.0
76.682976,76.682976,79.81023,81.18836,79.54256,81.11967,82.63401,79.27969,76.2076,0.0,34.09775,-0.00016481311,-32.14342,17.763805,-10.414514,6.077569,1.7127044,98.051,19.621996,35.560364,6.905791,12.981161,6.3161445,0.0,0.0,0.31712982,0.5958838,0.31712982,0.248121,0.35819024,0.14994493,0.18100528,0.21179202,0.0,0.0,0.0,0.0,0.0,0.0,0.0,0.0,0.0,0.0,0.0
76.42207,76.42207,79.547,80.937035,79.2955,80.86798,82.383286,79.05989,75.974625,0.0,33.834286,-0.0001636967,-31.630373,16.965857,-9.91325,5.7414036,2.1677835,96.37261,18.829515,34.514515,6.8769894,12.236325,6.1260986,0.0,0.0,0.31712523,0.63329935,0.32205087,0.25243706,0.39327517,0.14258681,0.17963271,0.20695178,0.0,0.0,0.0,0.0,0.0,0.0,0.0,0.0,0.0,0.0,0.0
76.15565,76.15565,79.287224,80.65759,79.00864,80.58483,82.10083,78.735855,75.65428,0.0,33.575333,-0.00016313727,-33.07988,18.268414,-10.316822,5.4903464,2.04914,102.07447,19.98961,36.60664,7.0199084,13.243243,6.499258,0.0,0.0,0.35817987,0.643956,0.35817987,0.25626683,0.4031576,0.14386103,0.18079601,0.19830206,0.0,0.0,0.0,0.0,0.0,0.0,0.0,0.0,0.0,0.0,0.0
234.20793,171.0918,84.68942,87.51258,123.16914,94.62928,94.84108,118.067955,101.48992,0.0,37.43606,1848.5242,1430.0713,-57.85576,319.19714,86.207695,52.27476,-1730.7274,403.66623,-257.88004,-70.59522,64.37907,-42.14457,1848.5242,0.0,0.0,0.089680925,0.26369303,0.0,0.2985952,0.012474996,0.24441597,0.00056922244,0.0,0.0,0.0,0.0,0.0,0.0,0.0,0.0,0.0,0.0,0.0
236.18065,173.97604,89.297775,92.00837,126.71405,98.855156,99.09116,121.49183,105.2681,0.0,42.086555,1834.0608,1415.1215,-55.092575,315.27267,85.34522,51.53111,-1704.8807,400.83267,-251.48409,-68.965645,65.19941,-41.245262,1834.0608,0.0,0.0,0.04843813,0.01569955,0.0,1.3376122e-05,0.24640332,0.27254954,0.24441242,0.0,0.0,0.0,0.0,0.0,0.0,0.0,0.0,0.0,0.0,0.0
84.859795,84.859795,88.07388,89.31678,87.53598,89.143005,90.64943,87.076,83.95384,0.0,42.369152,-0.00019186058,-47.929947,25.31518,-13.255866,8.399018,3.1431682,143.66463,28.322882,53.355724,11.184148,17.560122,8.713941,0.0,0.0,0.0,0.50877565,0.022114877,2.645385e-07,1.3346458e-05,0.25933015,2.0630845e-08,0.24496837,0.0,0.0,0.0,0.0,0.0,0.0,0.0,0.0,0.0,0.0,0.0
84.42116,84.42116,87.68264,88.83269,86.97896,88.61167,90.11648,86.30554,83.14643,0.0,41.983124,-0.00019038981,-54.887535,29.533264,-15.332674,8.806792,3.9101913,168.35489,32.88201,61.679516,12.645136,21.573069,10.639318,0.0,0.0,0.0,0.46194726,0.24696513,5.695982e-07,1.3346265e-05,0.25583103,8.576198e-08,0.24595203,0.0,0.0,0.0,0.0,0.0,0.0,0.0,0.0,0.0,0.0,0.0
83.880516,83.880516,87.22316,88.26815,86.2494,87.91109,89.40705,85.46601,82.309296,0.0,41.53075,-0.00018791463,-65.31761,33.75757,-17.419317,10.806764,3.8642852,197.74141,39.21042,74.11706,16.315657,23.409079,11.488738,0.0,0.0,0.0,0.40069818,0.26367778,6.8069625e-07,0.0061769397,0.26506653,1.9359082e-07,0.24072196,0.0,0.0,0.0,0.0,0.0,0.0,0.0,0.0,0.0,0.0,0.0
83.28925,83.28925,86.685036,87.56747,85.48105,87.15004,88.63142,84.47474,81.26108,0.0,40.999416,-0.00018741895,-71.43498,39.52683,-17.911728,13.548852,4.851221,222.68405,44.43627,84.20644,17.959919,26.798409,13.120582,0.0,0.0,0.0,0.34773493,0.32402351,6.58408e-07,0.0388673,0.2702652,2.854484e-07,0.19923633,0.0,0.0,0.0,0.0,0.0,0.0,0.0,0.0,0.0,0.0,0.0
82.65372,82.65372,86.08288,86.92419,84.73229,86.39648,87.8824,83.571846,80.29493,0.0,40.401062,-0.0001849104,-75.05936,40.87549,-17.58867,12.747622,5.776884,235.6412,47.51841,90.50724,20.082462,28.941933,14.224736,0.0,0.0,0.0,0.31374824,0.39322966,6.14918e-07,0.4619253,0.2676534,3.5868263e-07,0.06703061,0.0,0.0,0.0,0.0,0.0,0.0,0.0,0.0,0.0,0.0,0.0
81.896034,81.896034,85.44086,86.13792,83.82379,85.514984,86.99374,82.37719,79.00324,0.0,39.76789,-0.00018135084,-86.60579,45.33283,-19.344255,13.993043,6.9913135,263.73053,51.377132,99.77336,21.969666,32.599777,16.171774,0.0,0.0,0.5087373,0.29893214,0.49231923,5.782302e-07,0.3779462,0.16031557,4.1080585e-07,0.07171571,0.0,0.0,0.0,0.0,0.0,0.0,0.0,0.0,0.0,0.0,0.0
81.141075,81.141075,84.72801,85.35058,82.95654,84.65308,86.12799,81.50405,78.1422,0.0,39.059242,-0.00017877248,-90.49635,47.494125,-19.675962,14.623426,6.850045,276.16617,54.09674,105.18747,23.32632,32.671314,16.167906,0.0,0.0,0.40067336,0.27181244,0.40067336,5.8545146e-07,0.3137379,0.14826451,4.5664268e-07,0.08017196,0.0,0.0,0.0,0.0,0.0,0.0,0.0,0.0,0.0,0.0,0.0
80.34385,80.34385,83.98062,84.49065,82.0718,83.782814,85.2586,80.49035,77.16285,0.0,38.31718,-0.00017616335,-94.922745,50.609077,-20.550426,14.481262,6.4344945,291.32623,56.13798,109.47791,23.48538,34.20691,16.652868,0.0,0.0,0.3436286,0.2615675,0.32384226,5.708522e-07,0.2989223,0.27344915,4.8667056e-07,0.12171153,0.0,0.0,0.0,0.0,0.0,0.0,0.0,0.0,0.0,0.0,0.0
79.584114,79.584114,83.19898,83.775406,81.2546,83.03484,84.52219,79.38734,75.96468,0.0,37.53438,-0.0001740478,-92.999214,48.791782,-24.359743,12.489412,7.5373597,288.08517,57.44456,108.31677,23.838263,37.417313,18.538988,0.0,0.0,0.29935068,0.25026122,0.29891798,0.36295727,0.2718035,0.30779743,4.994756e-07,0.3893105,0.0,0.0,0.0,0.0,0.0,0.0,0.0,0.0,0.0,0.0,0.0
78.6709,78.6709,82.41625,82.830696,80.18276,82.007545,83.49081,78.14738,74.73983,0.0,36.760292,-0.00017083976,-104.006035,53.131454,-26.561733,13.221413,7.3717136,311.54465,60.926662,116.52574,25.23861,39.20025,19.316734,0.0,0.0,0.27179956,0.25257757,0.27179956,0.281349,0.26155892,0.31941614,4.9946834e-07,0.32495716,0.0,0.0,0.0,0.0,0.0,0.0,0.0,0.0,0.0,0.0,0.0
77.85598,77.85598,81.57988,82.021095,79.45642,81.1926,82.65036,77.5517,74.255615,0.0,35.92317,-0.0001675767,-102.26623,52.43551,-22.000128,17.189346,6.0332007,309.5555,59.0039,115.826675,25.721235,37.820713,17.998606,0.0,0.0,0.26155514,0.2368942,0.26155514,0.2257863,0.250253,0.38360023,4.994611e-07,0.2941591,0.0,0.0,0.0,0.0,0.0,0.0,0.0,0.0,0.0,0.0,0.0
77.03466,77.03466,80.748955,81.22258,78.59902,80.34893,81.82693,76.63444,73.15648,0.0,35.091385,-0.00016592153,-101.4788,51.582073,-22.75769,14.118488,8.119131,307.297,59.793266,116.2427,26.105537,38.458027,19.02366,0.0,0.0,0.25024936,0.23813106,0.25024936,0.30200252,0.25240803,0.27580804,0.33600485,0.20355833,0.0,0.0,0.0,0.0,0.0,0.0,0.0,0.0,0.0,0.0,0.0
76.20796,76.20796,79.92365,80.368324,77.68486,79.5137,80.996254,75.556015,72.0854,0.0,34.265675,-0.00016313646,-101.59404,52.34505,-26.755129,13.346567,8.043847,306.1977,61.671597,116.56618,25.742008,40.1621,19.929802,0.0,0.0,0.2524044,0.23955497,0.2524044,0.30731934,0.23701225,0.20891425,0.25928476,0.18325008,0.0,0.0,0.0,0.0,0.0,0.0,0.0,0.0,0.0,0.0,0.0
230.32489,165.41753,80.97433,82.703,112.31818,86.9357,87.08407,104.51471,88.03779,0.0,33.964863,1876.6682,1413.0726,-21.329138,300.635,88.43341,52.063553,-1576.1788,425.30994,-182.52591,-48.145176,80.98974,-28.871014,1876.6682,0.0,0.0,0.23988892,0.23700806,0.25254297,0.23763059,0.02938578,0.23648746,3.964257e-07,0.0,0.0,0.0,0.0,0.0,0.0,0.0,0.0,0.0,0.0,0.0
232.38858,168.43268,85.197235,86.96328,116.105225,91.16298,91.33976,108.55577,92.27464,0.0,38.20008,1861.7638,1402.5063,-23.351091,297.96902,87.4421,51.652184,-1568.0325,422.14273,-182.62297,-48.10345,79.55537,-28.89716,1861.7638,0.0,0.0,0.030243741,0.25039968,0.0,0.058354475,0.031168867,0.29163682,0.24773599,0.0,0.0,0.0,0.0,0.0,0.0,0.0,0.0,0.0,0.0,0.0
234.465,171.46756,89.402374,91.147934,120.0565,95.359665,95.554375,112.35785,96.38694,0.0,42.41341,1846.646,1392.203,-22.262394,296.474,86.81192,50.99482,-1562.597,418.35617,-182.43518,-48.375553,80.40046,-28.66469,1846.646,0.0,0.0,0.029968819,0.2715217,0.0,0.014905611,0.25878677,0.0,0.30441466,0.0,0.0,0.0,0.0,0.0,0.0,0.0,0.0,0.0,0.0,0.0
84.08682,84.08682,87.62923,88.33196,86.03671,87.73961,89.22374,84.71506,81.58125,0.0,41.956154,-0.00018841367,-86.37797,45.164455,-20.064028,13.06809,3.4010415,263.40683,50.826622,98.41856,21.323238,31.047823,14.507658,0.0,0.0,0.0,0.25760907,0.24056563,4.5951003e-07,0.022073152,0.27829078,1.2140855e-07,0.32208943,0.0,0.0,0.0,0.0,0.0,0.0,0.0,0.0,0.0,0.0,0.0
83.41078,83.41078,86.92501,87.66789,85.41159,87.14707,88.630325,84.093094,80.895485,0.0,41.248375,-0.00018691985,-83.68437,43.958763,-21.961226,13.223881,4.59162,252.40092,49.54017,94.14096,20.001583,31.00772,14.961968,0.0,0.0,0.0,0.27416152,0.23825234,4.8418906e-07,0.03528535,0.3344212,2.1281765e-07,0.24493393,0.0,0.0,0.0,0.0,0.0,0.0,0.0,0.0,0.0,0.0,0.0
82.73493,82.73493,86.24827,87.05741,84.73144,86.49772,87.98998,83.33036,80.12073,0.0,40.57017,-0.00018541582,-83.59784,41.904022,-23.63435,11.554764,4.787215,247.78304,49.649906,93.066055,20.569044,32.041718,15.555162,0.0,0.0,0.0,0.28409323,0.2398737,5.254381e-07,0.2576006,0.094710395,2.915012e-07,0.06711389,0.0,0.0,0.0,0.0,0.0,0.0,0.0,0.0,0.0,0.0,0.0
82.1135,82.1135,85.58482,86.393486,84.252495,85.9333,87.41585,83.11272,79.91335,0.0,39.904373,-0.00018288566,-79.43429,41.919563,-18.68508,13.345262,4.6205606,240.15486,45.89553,89.089836,18.819098,28.66247,13.809792,0.0,0.0,0.22147682,0.28852278,0.25759688,5.517041e-07,0.27415252,0.08561715,3.5881834e-07,0.060988635,0.0,0.0,0.0,0.0,0.0,0.0,0.0,0.0,0.0,0.0,0.0
81.49169,81.49169,84.93982,85.75768,83.64573,85.29159,86.78161,82.572716,79.40543,0.0,39.25907,-0.000180323,-77.05338,41.627533,-16.307226,11.988069,4.0628557,239.19336,45.483963,88.954735,18.78739,27.743252,13.105433,0.0,0.0,0.26660013,0.29621348,0.2691144,4.949482e-07,0.2840839,0.119523115,3.9086964e-07,0.07475475,0.0,0.0,0.0,0.0,0.0,0.0,0.0,0.0,0.0,0.0,0.0
80.89,80.89,84.300026,85.15453,83.068985,84.731705,86.229126,81.92974,78.75786,0.0,38.616356,-0.00017825284,-73.000435,40.446774,-17.48943,10.499783,4.1466556,229.40005,44.79418,85.62723,17.73443,28.655197,13.570631,0.0,0.0,0.27581084,0.29721707,0.27888665,4.514547e-07,0.2885133,0.25546855,4.047396e-07,0.077050425,0.0,0.0,0.0,0.0,0.0,0.0,0.0,0.0,0.0,0.0,0.0
80.23517,80.23517,83.6828,84.58074,82.38479,84.072685,85.574265,81.24,77.99745,0.0,37.999954,-0.00017668553,-77.00161,39.007942,-19.137548,9.578431,5.291094,232.20224,45.60517,87.38079,19.395853,28.730482,14.092115,0.0,0.0,0.28407568,0.307925,0.28502643,4.8034826e-07,0.29661548,0.2537466,4.225353e-07,0.22751082,0.0,0.0,0.0,0.0,0.0,0.0,0.0,0.0,0.0,0.0,0.0
79.589905,79.589905,83.05523,83.827034,81.684906,83.36438,84.83671,80.43966,77.11283,0.0,37.376022,-0.0001740478,-78.824234,43.072083,-18.599812,15.032794,6.426034,244.22049,47.081837,90.68645,19.07467,30.065407,14.961751,0.0,0.0,0.28850496,0.304768,0.28850496,0.18146148,0.2967028,0.25220066,4.2617478e-07,0.23216131,0.0,0.0,0.0,0.0,0.0,0.0,0.0,0.0,0.0,0.0,0.0
78.93149,78.93149,82.399475,83.181206,81.03265,82.68787,84.16445,79.885445,76.73151,0.0,36.7198,-0.00017137843,-79.09551,42.764458,-16.97209,14.350909,3.8111749,242.68796,46.91733,91.52006,19.597727,28.763275,13.479113,0.0,0.0,0.2966919,0.2920517,0.29669726,0.20265564,0.30771303,0.24461582,4.261686e-07,0.19672285,0.0,0.0,0.0,0.0,0.0,0.0,0.0,0.0,0.0,0.0,0.0
78.22101,78.22101,81.743744,82.493965,80.22573,81.942085,83.441956,78.9939,75.78844,0.0,36.06769,-0.00016921193,-84.505714,43.735394,-20.865278,9.963957,4.7200627,254.22855,49.440075,95.06338,20.277569,29.890095,14.484353,0.0,0.0,0.2966876,0.2936024,0.29842365,0.21446544,0.30475798,0.22862467,4.2616244e-07,0.22353967,0.0,0.0,0.0,0.0,0.0,0.0,0.0,0.0,0.0,0.0,0.0
77.53463,77.53463,81.057625,81.73237,79.448616,81.16556,82.64803,77.93185,74.63673,0.0,35.38458,-0.00016702447,-84.53063,45.989315,-20.899576,13.358303,6.020571,263.4813,51.717087,98.51062,20.884333,33.44429,16.248554,0.0,0.0,0.30790594,0.28237897,0.30676004,0.24084519,0.29217398,0.20302957,0.0766258,0.22125567,0.0,0.0,0.0,0.0,0.0,0.0,0.0,0.0,0.0,0.0,0.0
76.82621,76.82621,80.351135,81.07546,78.837135,80.52192,81.995865,77.35935,74.09599,0.0,34.676598,-0.00016536847,-84.715904,44.519417,-18.940096,14.777554,5.589522,258.92795,49.281017,96.12516,20.796534,32.977345,15.781435,0.0,0.0,0.30140367,0.27409044,0.29406407,0.28581235,0.29359275,0.18176638,0.19341552,0.2164695,0.0,0.0,0.0,0.0,0.0,0.0,0.0,0.0,0.0,0.0,0.0
76.06159,76.06159,79.6493,80.272606,77.87004,79.591606,81.07049,76.22543,72.83357,0.0,33.980854,-0.00016201103,-90.56603,47.4731,-21.168642,13.970766,7.1962385,277.11487,54.262913,104.5738,22.9787,34.93788,17.249945,0.0,0.0,0.29216534,0.27809426,0.29346734,0.29047337,0.2823697,0.1778148,0.2116863,0.22727403,0.0,0.0,0.0,0.0,0.0,0.0,0.0,0.0,0.0,0.0,0.0
231.06853,166.50389,82.24997,84.07254,113.99434,88.617294,88.82158,106.37761,90.20821,0.0,35.211323,1871.3112,1411.4211,-26.152933,300.60226,86.47386,51.416256,-1595.3384,422.89172,-191.36053,-51.39991,79.93734,-30.188326,1871.3112,0.0,0.0,0.03708331,0.29314363,0.28065428,0.30030438,0.022069002,0.2782171,2.4340264e-07,0.0,0.0,0.0,0.0,0.0,0.0,0.0,0.0,0.0,0.0,0.0
233.04181,169.38731,86.50992,88.32276,117.68544,92.78913,93.023865,110.445984,94.23729,0.0,39.498024,1857.0211,1399.3607,-25.689295,297.68964,85.39082,51.499355,-1577.7839,419.56094,-189.47285,-50.985973,77.774445,-29.808668,1857.0211,0.0,0.0,0.038294867,0.30788812,0.0,0.026666064,0.27236137,0.302632,0.24649958,0.0,0.0,0.0,0.0,0.0,0.0,0.0,0.0,0.0,0.0,0.0
84.553604,84.553604,88.15259,88.753654,86.34419,88.075,89.54128,84.69435,81.40234,0.0,42.484547,-0.00019087955,-91.5823,48.102222,-21.69792,15.958797,5.9794383,278.3032,54.683685,105.28161,23.153435,34.997917,16.882858,0.0,0.0,0.0,0.26502517,0.2873293,7.571491e-11,0.008128402,0.30528462,5.519742e-12,0.29039434,0.0,0.0,0.0,0.0,0.0,0.0,0.0,0.0,0.0,0.0,0.0
83.88199,83.88199,87.410645,88.08828,85.85838,87.51744,88.982025,84.47318,81.15856,0.0,41.736744,-0.00018940392,-85.07305,45.904804,-17.238283,16.20958,6.2726116,260.8778,50.16041,98.55347,21.28734,31.845182,15.470655,0.0,0.0,0.0,0.26574498,0.29031777,7.2667754e-11,0.027010145,0.29079923,2.421265e-11,0.28237012,0.0,0.0,0.0,0.0,0.0,0.0,0.0,0.0,0.0,0.0,0.0
83.20295,83.20295,86.71202,87.46239,85.14929,86.92447,88.420425,83.81037,80.46762,0.0,41.03576,-0.00018641798,-83.18324,43.730747,-24.098782,10.8077755,6.6216764,253.58261,50.915234,94.51566,20.08596,31.266108,15.923001,0.0,0.0,0.0,0.2801451,0.27853164,6.542574e-11,0.09190215,0.25627127,3.4820348e-11,0.23115414,0.0,0.0,0.0,0.0,0.0,0.0,0.0,0.0,0.0,0.0,0.0
82.558975,82.558975,86.032814,86.79196,84.563194,86.250435,87.74486,83.14612,79.76142,0.0,40.354378,-0.00018389954,-79.68846,43.462116,-19.09604,11.1218605,7.11493,246.69275,49.45299,94.31425,20.18415,32.238815,16.069193,0.0,0.0,0.0,0.28676084,0.2753056,8.2177425e-11,0.26559043,0.111795,4.6823115e-11,0.08869441,0.0,0.0,0.0,0.0,0.0,0.0,0.0,0.0,0.0,0.0,0.0
81.961464,81.961464,85.37623,86.26465,84.108315,85.807495,87.30191,82.94899,79.726944,0.0,39.691513,-0.00018237374,-73.514755,39.327164,-19.838264,11.124807,4.9823437,225.81656,45.681072,85.64447,18.515202,28.926825,14.119005,0.0,0.0,0.26558486,0.29336828,0.2655861,7.1258326e-11,0.2801359,0.11631218,5.317705e-11,0.108538225,0.0,0.0,0.0,0.0,0.0,0.0,0.0,0.0,0.0,0.0,0.0
81.441925,81.441925,84.77713,85.82556,83.79083,85.45765,86.96263,82.94554,79.77738,0.0,39.08474,-0.000180323,-64.42254,33.62667,-17.766394,8.764345,4.078961,197.7865,39.828945,74.47128,16.35752,24.390366,11.953471,0.0,0.0,0.26674366,0.3158521,0.27520236,7.745001e-11,0.28675142,0.2727603,5.8937036e-11,0.0847864,0.0,0.0,0.0,0.0,0.0,0.0,0.0,0.0,0.0,0.0,0.0
80.96079,80.96079,84.250885,85.38153,83.443634,85.0942,86.593864,82.63329,79.41665,0.0,38.553284,-0.00017877245,-58.744343,30.351254,-16.64442,10.010145,4.8982863,176.66791,35.508,66.32901,14.5541315,23.840559,11.937659,0.0,0.0,0.2801278,0.35350585,0.2801278,7.8902905e-11,0.2911404,0.2956556,6.302654e-11,0.13093527,0.0,0.0,0.0,0.0,0.0,0.0,0.0,0.0,0.0,0.0,0.0
80.51802,80.51802,83.78009,84.983665,83.12211,84.751564,86.25733,82.52656,79.4026,0.0,38.078575,-0.00017720972,-54.969036,27.169975,-15.082416,8.565779,3.184298,159.26631,31.167171,59.26347,12.930079,20.188246,9.867562,0.0,0.0,0.28674313,0.38976744,0.28674313,8.16336e-11,0.2933544,0.28585556,6.67624e-11,0.18830809,0.0,0.0,0.0,0.0,0.0,0.0,0.0,0.0,0.0,0.0,0.0
80.15439,80.15439,83.356415,84.62469,82.87053,84.475044,85.98307,82.4405,79.35828,0.0,37.650623,-0.00017721503,-46.017345,24.05459,-13.037268,7.974485,2.0702417,138.18837,26.636503,50.13739,10.344816,16.933315,8.146184,0.0,0.0,0.29013148,0.4268734,0.29269117,0.17896484,0.31583714,0.28385982,6.728143e-11,0.2007791,0.0,0.0,0.0,0.0,0.0,0.0,0.0,0.0,0.0,0.0,0.0
79.819214,79.819214,82.98793,84.29279,82.59034,84.18555,85.69703,82.21074,79.10617,0.0,37.27931,-0.00017457877,-40.34524,22.130674,-12.200856,6.9897037,2.7157445,122.54999,24.154593,44.600822,8.683592,15.830225,7.8393345,0.0,0.0,0.2933459,0.4843342,0.2933459,0.18211477,0.33865908,0.2864193,6.728046e-11,0.22335342,0.0,0.0,0.0,0.0,0.0,0.0,0.0,0.0,0.0,0.0,0.0
79.50996,79.50996,82.660576,84.001396,82.32141,83.91183,85.423744,81.97535,78.89446,0.0,36.950016,-0.00017351615,-36.956566,20.088829,-11.751002,6.8600783,2.02643,110.818954,22.186365,40.479687,7.948113,15.058865,7.306552,0.0,0.0,0.31471777,0.5397388,0.315828,0.18585141,0.35348397,0.2869462,6.727949e-11,0.20804092,0.0,0.0,0.0,0.0,0.0,0.0,0.0,0.0,0.0,0.0,0.0
79.22843,79.22843,82.364136,83.73369,82.0767,83.661804,85.17686,81.79254,78.71961,0.0,36.652245,-0.00017244868,-33.952156,18.320986,-11.23424,5.8321643,1.7446022,102.0591,20.249784,36.60089,7.022782,13.538664,6.612384,0.0,0.0,0.31582344,0.5915647,0.31582344,0.19238694,0.3897433,0.26572874,6.727851e-11,0.22412264,0.0,0.0,0.0,0.0,0.0,0.0,0.0,0.0,0.0,0.0,0.0
78.95868,78.95868,82.09015,83.468605,81.81825,83.398674,84.91255,81.56252,78.49313,0.0,36.37801,-0.00017244939,-33.055397,17.742615,-10.759847,6.233549,1.6059854,100.38693,19.622478,35.6422,6.9863634,12.789833,6.2503824,0.0,0.0,0.35084987,0.6380342,0.35347375,0.20411378,0.38973767,0.27514395,6.727754e-11,0.22686629,0.0,0.0,0.0,0.0,0.0,0.0,0.0,0.0,0.0,0.0,0.0
78.68872,78.68872,81.82028,83.190155,81.54484,83.12949,84.644806,81.27947,78.19595,0.0,36.10827,-0.00017137626,-33.075882,18.300638,-11.188776,5.740903,2.1124532,101.24345,19.815948,35.580975,6.4652143,13.047601,6.528497,0.0,0.0,0.35346863,0.647826,0.35346863,0.2771976,0.42684078,0.18366422,6.7276566e-11,0.2316025,0.0,0.0,0.0,0.0,0.0,0.0,0.0,0.0,0.0,0.0,0.0
78.397705,78.397705,81.546974,82.900734,81.22685,82.809326,84.321846,80.91388,77.81688,0.0,35.836224,-0.00017029667,-36.693195,19.310053,-10.969861,6.6730013,2.513052,109.60215,21.274313,39.58177,8.000017,14.263526,7.082859,0.0,0.0,0.3897264,0.642769,0.3897264,0.2791577,0.43435943,0.18386948,6.7275595e-11,0.22161561,0.0,0.0,0.0,0.0,0.0,0.0,0.0,0.0,0.0,0.0,0.0
78.07711,78.07711,81.250275,82.56363,80.86282,82.45741,83.968216,80.524445,77.42053,0.0,35.54172,-0.00016921265,-41.139954,21.662815,-12.143607,7.192416,2.6987774,122.97558,23.459002,43.89311,8.670121,14.877426,7.477682,0.0,0.0,0.38972074,0.59757257,0.39884794,0.2796499,0.4842902,0.18805644,0.14376356,0.21740463,0.0,0.0,0.0,0.0,0.0,0.0,0.0,0.0,0.0,0.0,0.0
77.71887,77.71887,80.916725,82.161354,80.417206,82.02193,83.52791,79.9539,76.84569,0.0,35.211285,-0.00016866808,-45.339653,25.231092,-13.05587,8.510273,2.808899,140.0251,27.399227,51.027275,10.065855,17.628386,8.6149,0.0,0.0,0.42682225,0.53804004,0.42682225,0.28875315,0.5396901,0.16533382,0.17925598,0.23205088,0.0,0.0,0.0,0.0,0.0,0.0,0.0,0.0,0.0,0.0,0.0
77.31509,77.31509,80.53834,81.75479,79.96848,81.591156,83.09647,79.449005,76.3222,0.0,34.835033,-0.00016647378,-49.33989,26.57455,-14.550866,8.680646,3.2481227,150.77908,29.247173,54.379803,10.89576,18.752176,9.305222,0.0,0.0,0.4842762,0.47863317,0.4842762,0.2933037,0.5976897,0.16413994,0.18560027,0.24943982,0.0,0.0,0.0,0.0,0.0,0.0,0.0,0.0,0.0,0.0,0.0
76.84875,76.84875,80.12724,81.2228,79.327065,80.95793,82.458885,78.57939,75.36445,0.0,34.42989,-0.00016536849,-57.207577,31.784086,-15.191162,9.720793,4.871503,177.72473,35.661144,66.99054,13.944584,22.826664,11.438582,0.0,0.0,0.53967446,0.4480715,0.5481574,0.30612567,0.64777756,0.17153676,0.19169968,0.26199123,0.0,0.0,0.0,0.0,0.0,0.0,0.0,0.0,0.0,0.0,0.0
76.31271,76.31271,79.64409,80.66451,78.68084,80.32175,81.82197,77.70141,74.438545,0.0,33.95234,-0.00016369988,-63.957146,34.68191,-15.946169,9.887767,5.5826674,200.26941,39.233837,74.6074,15.886304,26.409418,13.089579,0.0,0.0,0.6094877,0.3877392,0.63796806,0.33547392,0.59882927,0.18039753,0.25131088,0.27330297,0.0,0.0,0.0,0.0,0.0,0.0,0.0,0.0,0.0,0.0,0.0
231.3929,166.9778,81.59089,83.71873,115.81811,89.155495,89.34911,109.02399,92.11932,0.0,34.477337,1868.9697,1421.2823,-38.25432,308.27563,86.85047,52.952423,-1643.6488,417.31235,-215.60272,-58.56219,75.15344,-33.651245,1868.9697,0.0,0.0,0.4820843,0.6446662,0.45619574,0.5981277,0.027002353,0.2812404,3.7514315e-11,0.0,0.0,0.0,0.0,0.0,0.0,0.0,0.0,0.0,0.0,0.0
233.33844,169.82086,85.95151,87.88068,118.68034,92.73556,92.88344,111.63315,94.94935,0.0,38.89385,1854.8633,1408.0607,-30.840094,304.01138,88.450325,52.495,-1607.7194,417.23267,-200.08191,-53.545338,76.6523,-31.79924,1854.8633,0.0,0.0,0.08287114,0.37736672,0.0,0.06346284,0.26792827,0.33577096,0.27993593,0.0,0.0,0.0,0.0,0.0,0.0,0.0,0.0,0.0,0.0,0.0
84.70278,84.70278,88.26014,88.914345,86.59456,88.292755,89.77485,85.16496,81.823425,0.0,42.58804,-0.00019088114,-87.77969,46.58667,-19.777452,13.424126,6.606897,266.33737,52.26161,101.30617,21.886375,32.392273,15.97985,0.0,0.0,0.0,0.12914678,0.02669036,1.26424716e-14,3.5522765e-12,0.42395636,4.4197732e-16,0.32023916,0.0,0.0,0.0,0.0,0.0,0.0,0.0,0.0,0.0,0.0,0.0
83.94683,83.94683,87.53688,88.07093,85.66898,87.36741,88.83126,84.07565,80.68313,0.0,41.872387,-0.00018890716,-90.777855,49.957993,-19.791346,16.31712,7.2037573,288.3892,56.271053,108.50145,23.612907,34.345448,16.933224,0.0,0.0,0.0,0.28856584,0.48924392,3.215345e-14,0.04400468,0.39554092,8.7214e-15,0.3051029,0.0,0.0,0.0,0.0,0.0,0.0,0.0,0.0,0.0,0.0,0.0
83.072845,83.072845,86.757904,87.29079,84.7547,86.4696,87.937584,82.97436,79.62922,0.0,41.09748,-0.00018591821,-99.04991,49.989674,-20.779737,15.702016,6.6506243,299.62924,57.188053,112.548225,25.447943,36.466484,17.597837,0.0,0.0,0.0,0.27133915,0.59749293,3.0473637e-14,0.13930626,0.4250666,1.4683545e-14,0.277944,0.0,0.0,0.0,0.0,0.0,0.0,0.0,0.0,0.0,0.0,0.0
82.19911,82.19911,85.94629,86.35205,83.639534,85.4169,86.89093,81.68932,78.24551,0.0,40.292374,-0.00018237374,-104.152824,53.355427,-24.212078,14.7630625,7.7643347,316.88376,62.440666,120.399605,27.093174,38.305782,18.940943,0.0,0.0,0.0,0.26353365,0.47830376,3.1213144e-14,0.28855643,0.24455135,1.944269e-14,0.096000314,0.0,0.0,0.0,0.0,0.0,0.0,0.0,0.0,0.0,0.0,0.0
81.45395,81.45395,85.09821,85.53904,83.00626,84.71426,86.17769,81.07053,77.62599,0.0,39.440903,-0.00018032364,-95.57311,52.445686,-20.370602,16.37902,7.7720265,307.9704,60.055042,115.71769,25.575214,38.151947,18.611425,0.0,0.0,0.28855225,0.2526293,0.28855225,3.272323e-14,0.27133033,0.22653519,2.3422252e-14,0.14090581,0.0,0.0,0.0,0.0,0.0,0.0,0.0,0.0,0.0,0.0,0.0
80.55246,80.55246,84.26853,84.7204,82.039375,83.81813,85.294014,80.24053,76.71994,0.0,38.61338,-0.00017773188,-101.62438,52.15613,-24.283785,14.465346,8.544339,313.6697,61.45909,117.87625,26.573095,36.670574,18.65104,0.0,0.0,0.2713264,0.25810835,0.2713264,2.9662616e-14,0.26308125,0.443065,2.528598e-14,0.20734347,0.0,0.0,0.0,0.0,0.0,0.0,0.0,0.0,0.0,0.0,0.0
79.68934,79.68934,83.42371,83.813995,81.126076,82.91336,84.39718,79.22365,75.66536,0.0,37.770546,-0.00017404855,-103.11895,53.753143,-24.71907,13.123259,8.905815,318.8057,62.51788,119.79585,26.428284,37.796097,19.240316,0.0,0.0,0.26352128,0.25456756,0.26352128,0.014200753,0.25262108,0.51627856,1.5487607e-05,0.25998595,0.0,0.0,0.0,0.0,0.0,0.0,0.0,0.0,0.0,0.0,0.0
78.81515,78.81515,82.56878,82.95646,80.311005,82.07371,83.5471,78.45098,75.03574,0.0,36.91391,-0.00017191356,-104.67072,53.819725,-23.444859,14.865365,7.456403,314.39755,61.268673,119.309006,26.315006,37.33892,18.409601,0.0,0.0,0.25261745,0.2514851,0.25261745,0.2033983,0.25779167,0.4703035,1.5487383e-05,0.18951808,0.0,0.0,0.0,0.0,0.0,0.0,0.0,0.0,0.0,0.0,0.0
78.032074,78.032074,81.725845,82.150116,79.54376,81.2965,82.76969,77.76228,74.45721,0.0,36.06912,-0.00016975503,-99.77844,52.87672,-22.91136,14.89674,6.1503553,309.53418,60.930485,117.19585,25.871355,36.478996,17.59328,0.0,0.0,0.25809622,0.2541229,0.25809622,0.20078677,0.25414887,0.39329663,1.548716e-05,0.18752041,0.0,0.0,0.0,0.0,0.0,0.0,0.0,0.0,0.0,0.0,0.0
77.217575,77.217575,80.89822,81.38387,78.87501,80.65154,82.129684,76.81261,73.46736,0.0,35.237396,-0.00016537099,-98.678185,51.26201,-24.169117,14.095426,6.651857,298.5532,57.73781,111.14444,23.854319,39.48032,18.991182,0.0,0.0,0.2545556,0.25712043,0.2545556,0.20902483,0.25161496,0.24205981,0.16915226,0.18717743,0.0,0.0,0.0,0.0,0.0,0.0,0.0,0.0,0.0,0.0,0.0
76.46711,76.46711,80.100334,80.685234,78.21942,79.966866,81.45596,76.699066,73.42931,0.0,34.435177,-0.0001625779,-94.61364,48.555557,-22.623266,12.162377,5.6786165,286.5209,55.57607,107.24963,23.438744,33.486923,16.287613,0.0,0.0,0.25147328,0.26424897,0.25147328,0.26443362,0.25411466,0.18920153,0.19785082,0.1910865,0.0,0.0,0.0,0.0,0.0,0.0,0.0,0.0,0.0,0.0,0.0
75.775955,75.775955,79.3348,79.93227,77.60459,79.274704,80.73475,76.21909,72.80418,0.0,33.66529,-0.00016087889,-87.917946,48.20377,-17.986406,16.867823,7.453196,274.01263,53.783756,104.65948,22.899996,31.848925,15.98544,0.0,0.0,0.25411096,0.27268752,0.25411096,0.2615315,0.2571121,0.18347394,0.20365514,0.188684,0.0,0.0,0.0,0.0,0.0,0.0,0.0,0.0,0.0,0.0,0.0
231.8998,167.71844,84.052414,85.84902,115.42116,90.2807,90.41869,107.73919,91.56626,0.0,37.028076,1865.3046,1406.2811,-24.89908,299.1719,88.792816,51.423725,-1585.9712,422.01855,-188.37436,-49.836033,80.30633,-29.37125,1865.3046,0.0,0.0,0.03517241,0.25163335,0.0,0.25287908,3.5516598e-12,0.26377502,0.0036136697,0.0,0.0,0.0,0.0,0.0,0.0,0.0,0.0,0.0,0.0,0.0
234.15,171.00708,88.313484,90.19937,119.929,94.72927,94.91175,112.39324,96.33075,0.0,41.289604,1848.9474,1397.7438,-29.014984,299.53082,87.242325,51.18964,-1585.6665,416.97302,-192.39203,-51.08361,79.47741,-30.216227,1848.9474,0.0,0.0,0.034019932,0.25807753,0.0,0.0224963,0.25371373,0.09393553,0.26004258,0.0,0.0,0.0,0.0,0.0,0.0,0.0,0.0,0.0,0.0,0.0
84.34078,84.34078,87.86899,88.63579,86.24706,87.99456,89.487335,84.68827,81.48405,0.0,42.194054,-0.00018940176,-85.02969,43.22671,-22.626392,11.453627,4.6999106,257.7051,51.90675,97.84618,22.045563,33.941452,16.166224,0.0,0.0,0.0,0.2905568,0.25461492,2.7739901e-09,0.022423442,0.25518027,5.209435e-10,0.26222485,0.0,0.0,0.0,0.0,0.0,0.0,0.0,0.0,0.0,0.0,0.0
83.64388,83.64388,87.17631,87.93804,85.62382,87.34312,88.82995,84.229416,81.07853,0.0,41.501595,-0.00018741723,-85.432556,43.38253,-21.037271,12.583704,3.7509649,258.39435,50.070824,96.27742,21.321003,31.959246,15.024351,0.0,0.0,0.0,0.29548663,0.25709718,3.0393519e-09,0.022423118,0.2667984,1.2045056e-09,0.2186037,0.0,0.0,0.0,0.0,0.0,0.0,0.0,0.0,0.0,0.0,0.0
82.98683,82.98683,86.48479,87.28509,84.98592,86.69709,88.18717,83.6903,80.4315,0.0,40.807285,-0.00018541413,-82.09471,42.183407,-20.559498,11.9757805,5.5255904,249.67552,49.583862,94.52134,21.134787,30.716137,15.029235,0.0,0.0,0.0,0.2948653,0.26135594,2.96196e-09,0.24444358,0.14520152,1.6582055e-09,0.054879766,0.0,0.0,0.0,0.0,0.0,0.0,0.0,0.0,0.0,0.0,0.0
82.33988,82.33988,85.81609,86.62616,84.43166,86.13594,87.62406,83.1165,79.944756,0.0,40.136406,-0.00018288397,-79.927986,41.874832,-20.147203,12.344865,4.1442275,242.6582,47.16765,90.25454,19.309217,30.965427,14.66895,0.0,0.0,0.0,0.30297235,0.26422125,2.934462e-09,0.2951684,0.0975589,1.9768724e-09,0.06830008,0.0,0.0,0.0,0.0,0.0,0.0,0.0,0.0,0.0,0.0,0.0
81.67999,81.67999,85.163246,85.94526,83.78554,85.487854,86.97027,82.655754,79.42838,0.0,39.48438,-0.00018186838,-80.634766,42.755627,-20.028524,13.368629,5.064034,245.31067,46.79994,90.06175,18.765314,28.526497,14.0120735,0.0,0.0,0.29307488,0.30992082,0.2932788,2.9964025e-09,0.29516414,0.12698084,2.2331699e-09,0.073447175,0.0,0.0,0.0,0.0,0.0,0.0,0.0,0.0,0.0,0.0,0.0
80.97922,80.97922,84.49924,85.24864,82.94058,84.64697,86.1432,81.55857,78.33036,0.0,38.825226,-0.00017877237,-84.24415,43.760098,-20.274275,10.749847,5.0767374,260.52982,50.539062,97.00594,21.27258,31.805635,15.27195,0.0,0.0,0.2951569,0.3072464,0.29515707,3.0003884e-09,0.30296245,0.25438756,2.4130753e-09,0.079050735,0.0,0.0,0.0,0.0,0.0,0.0,0.0,0.0,0.0,0.0,0.0
80.27146,80.27146,83.79972,84.53663,82.29828,84.01089,85.49641,81.03366,77.83903,0.0,38.125175,-0.00017616068,-85.0353,44.139946,-20.644968,12.821411,4.541909,258.90518,48.87188,94.56556,20.052603,30.317028,14.574163,0.0,0.0,0.2971658,0.2929578,0.29929778,2.8662495e-09,0.30991068,0.25616598,2.5295719e-09,0.24591774,0.0,0.0,0.0,0.0,0.0,0.0,0.0,0.0,0.0,0.0,0.0
79.56683,79.56683,83.102974,83.80914,81.5271,83.25019,84.73887,80.151535,76.92607,0.0,37.429493,-0.0001740478,-85.78527,45.06237,-21.256464,12.241472,5.0349517,262.17343,50.5666,97.02545,20.622404,31.72539,15.307425,0.0,0.0,0.30547622,0.294402,0.30761534,0.20424679,0.30723634,0.2570586,2.5695464e-09,0.24734059,0.0,0.0,0.0,0.0,0.0,0.0,0.0,0.0,0.0,0.0,0.0
78.83641,78.83641,82.39701,83.05706,80.67384,82.42053,83.91631,79.049774,75.742355,0.0,36.72503,-0.0001719135,-88.08077,46.417374,-22.58191,10.843581,6.180567,266.68393,53.573994,101.63934,21.908777,34.701645,16.906796,0.0,0.0,0.30830115,0.29151222,0.30758175,0.21441771,0.2930749,0.2599266,2.5695093e-09,0.24534206,0.0,0.0,0.0,0.0,0.0,0.0,0.0,0.0,0.0,0.0,0.0
78.11472,78.11472,81.67992,82.34346,80.04917,81.76301,83.24113,78.55976,75.22813,0.0,36.008446,-0.0001692127,-88.50575,46.315956,-20.717499,14.098172,6.4856706,268.21964,51.211304,99.44004,21.215708,33.117138,16.27566,0.0,0.0,0.29537627,0.28764066,0.2930743,0.21426022,0.2943924,0.2788067,2.569472e-09,0.22184552,0.0,0.0,0.0,0.0,0.0,0.0,0.0,0.0,0.0,0.0,0.0
77.37108,77.37108,80.95642,81.59787,79.22757,80.965416,82.45554,77.689156,74.24362,0.0,35.287735,-0.00016647378,-90.35144,46.954273,-22.093412,11.967849,7.7824397,276.4283,53.11687,102.169266,21.936855,33.701138,17.094948,0.0,0.0,0.29428294,0.2863516,0.29438815,0.29815906,0.2915027,0.23725927,0.18854986,0.22159114,0.0,0.0,0.0,0.0,0.0,0.0,0.0,0.0,0.0,0.0,0.0
76.64256,76.64256,80.21458,80.85402,78.50179,80.20988,81.68884,77.07188,73.71637,0.0,34.544968,-0.00016481309,-89.134514,47.01185,-20.376049,13.957303,6.7748966,273.72177,53.050945,102.66702,22.339956,32.39618,16.0895,0.0,0.0,0.29149848,0.279708,0.29149848,0.30505824,0.2875151,0.2107339,0.21421812,0.21004802,0.0,0.0,0.0,0.0,0.0,0.0,0.0,0.0,0.0,0.0,0.0
75.9045,75.9045,79.48002,80.18349,77.76918,79.50469,80.983665,76.04964,72.74322,0.0,33.809475,-0.0001614467,-89.455505,45.142857,-21.963118,13.956065,6.167681,270.97556,52.91952,101.59685,22.939333,35.78868,17.264645,0.0,0.0,0.28750834,0.2818533,0.28750902,0.2986238,0.28634223,0.19920552,0.21421503,0.20630518,0.0,0.0,0.0,0.0,0.0,0.0,0.0,0.0,0.0,0.0,0.0
231.75032,167.50003,83.2199,85.07161,115.38102,89.79346,89.97013,107.740364,90.99964,0.0,36.174076,1866.3861,1411.65,-27.501629,301.87018,87.44607,52.61322,-1600.0253,421.284,-195.71799,-52.672874,80.072845,-29.155647,1866.3861,0.0,0.0,0.038464695,0.29153475,0.0,0.29870915,0.022422684,0.3049537,1.5450289e-09,0.0,0.0,0.0,0.0,0.0,0.0,0.0,0.0,0.0,0.0,0.0
233.7994,170.4946,87.50603,89.41339,119.39806,94.02847,94.19329,111.89547,95.176956,0.0,40.47337,1851.5055,1400.3383,-29.932337,300.55728,87.860794,52.567123,-1591.4258,417.0498,-194.64587,-51.66491,79.28834,-28.998068,1851.5055,0.0,0.0,0.040519144,0.29954258,0.0,0.025676088,0.29709524,0.26755866,0.30340973,0.0,0.0,0.0,0.0,0.0,0.0,0.0,0.0,0.0,0.0,0.0
84.564095,84.564095,88.01247,88.799965,86.66801,88.335045,89.80645,85.48648,82.28095,0.0,42.33114,-0.00019087901,-77.079155,42.584557,-17.781511,15.17842,4.7211747,237.26894,46.84368,90.14384,19.138563,29.22459,13.984729,0.0,0.0,0.0,0.29408476,0.29990548,0.0,0.022380361,0.2976572,0.0,0.30375654,0.0,0.0,0.0,0.0,0.0,0.0,0.0,0.0,0.0,0.0,0.0
84.00003,84.00003,87.381485,88.33164,86.25097,87.91829,89.40381,85.168175,81.93201,0.0,41.693592,-0.00018890768,-69.830246,37.215946,-17.799711,12.820411,5.196621,214.61205,42.751694,81.07414,17.786083,27.879654,13.6354885,0.0,0.0,0.0,0.3162627,0.28749236,0.0,0.025726354,0.29408443,0.0,0.2894954,0.0,0.0,0.0,0.0,0.0,0.0,0.0,0.0,0.0,0.0,0.0
83.48359,83.48359,86.810104,87.828545,85.90906,87.52572,89.01692,85.05888,81.86162,0.0,41.11693,-0.00018691819,-63.361958,34.75545,-14.0654335,11.761431,4.5857167,194.73785,37.411118,72.781746,15.148092,24.466385,11.858991,0.0,0.0,0.0,0.34295803,0.28632152,0.0,0.065086186,0.2519966,0.0,0.23344062,0.0,0.0,0.0,0.0,0.0,0.0,0.0,0.0,0.0,0.0,0.0
82.98548,82.98548,86.28995,87.38475,85.48232,87.09069,88.58572,84.7278,81.50429,0.0,40.593662,-0.00018641798,-60.60191,31.81428,-13.370649,10.999693,5.0048304,182.21622,35.0303,68.53753,14.838587,22.939482,11.395704,0.0,0.0,0.0,0.37148896,0.27967864,0.0,0.30233097,0.1362221,0.0,0.08195846,0.0,0.0,0.0,0.0,0.0,0.0,0.0,0.0,0.0,0.0,0.0
82.54584,82.54584,85.804016,86.95488,85.11444,86.743965,88.24385,84.403534,81.274994,0.0,40.104046,-0.00018440557,-54.427757,29.498817,-15.088262,9.96187,3.2866957,166.316,32.48877,61.06612,12.497093,22.213585,10.663334,0.0,0.0,0.0,0.39266035,0.17861564,0.0,0.3162478,0.12524453,0.0,0.09051349,0.0,0.0,0.0,0.0,0.0,0.0,0.0,0.0,0.0,0.0,0.0
82.14754,82.14754,85.36113,86.590706,84.79853,86.41992,87.926346,84.18266,81.02425,0.0,39.657154,-0.00018237616,-47.852783,25.95625,-14.448246,8.395963,3.8968904,147.42422,29.3435,54.007214,11.089203,20.557274,10.183552,0.0,0.0,0.30087328,0.42413887,0.3162432,0.0,0.34294185,0.14176193,0.0,0.08269663,0.0,0.0,0.0,0.0,0.0,0.0,0.0,0.0,0.0,0.0,0.0
81.79297,81.79297,84.96892,86.24366,84.55501,86.14954,87.65633,84.15504,81.04637,0.0,39.26102,-0.00018083754,-41.631752,23.724113,-12.138856,8.30505,2.820143,126.73557,24.579508,45.839252,8.348248,16.283318,8.035728,0.0,0.0,0.3162386,0.47036695,0.3162386,0.0,0.3714714,0.1423906,0.0,0.0926468,0.0,0.0,0.0,0.0,0.0,0.0,0.0,0.0,0.0,0.0,0.0
81.46976,81.46976,84.630455,85.97127,84.27688,85.87518,87.38798,83.917885,80.82578,0.0,38.920483,-0.00018135145,-38.87489,20.089695,-12.484879,6.5877466,2.374041,114.4489,22.404799,40.99995,8.183272,15.360326,7.585766,0.0,0.0,0.34178767,0.53680295,0.34293193,0.0,0.37146604,0.30410042,0.0,0.057084814,0.0,0.0,0.0,0.0,0.0,0.0,0.0,0.0,0.0,0.0,0.0
81.18598,81.18598,84.32464,85.694695,84.02366,85.6117,87.12563,83.722115,80.635445,0.0,38.612953,-0.00018033301,-34.56475,18.289068,-11.522333,6.216615,2.2114804,103.469734,20.822454,37.517254,7.5777817,13.979903,6.9342957,0.0,0.0,0.34292695,0.5876259,0.3518978,0.0,0.39263612,0.2956714,0.0,0.08765938,0.0,0.0,0.0,0.0,0.0,0.0,0.0,0.0,0.0,0.0,0.0
80.91961,80.91961,84.0472,85.409096,83.764336,85.3428,86.85581,83.48211,80.39209,0.0,38.33493,-0.00017825476,-32.21887,18.806257,-10.556604,6.517113,2.3128724,99.43984,20.442583,36.781773,6.8548694,13.489029,6.6940765,0.0,0.0,0.37145528,0.6432524,0.37145528,0.0,0.39903504,0.29508156,0.0,0.25835449,0.0,0.0,0.0,0.0,0.0,0.0,0.0,0.0,0.0,0.0,0.0
80.64853,80.64853,83.77977,85.1546,83.5021,85.08382,86.59843,83.23868,80.15944,0.0,38.067734,-0.00017773193,-33.0079,17.98019,-10.893458,5.9879694,1.970922,101.10288,19.957535,36.04006,6.992012,12.995808,6.4386506,0.0,0.0,0.37144992,0.6667512,0.3786691,0.0,0.42410654,0.2898666,0.0,0.27171534,0.0,0.0,0.0,0.0,0.0,0.0,0.0,0.0,0.0,0.0,0.0
80.35584,80.35584,83.506386,84.850296,83.16456,84.75903,86.27099,82.86412,79.7891,0.0,37.79607,-0.00017668618,-36.941883,19.905256,-12.133118,6.8478723,1.8222632,112.33635,22.324701,40.367992,8.017768,13.952198,6.87548,0.0,0.0,0.39261907,0.6568255,0.39261907,0.057945475,0.4703311,0.2897408,0.0,0.24210538,0.0,0.0,0.0,0.0,0.0,0.0,0.0,0.0,0.0,0.0,0.0
80.046394,80.046394,83.2038,84.533005,82.83628,84.427055,85.93942,82.495094,79.39226,0.0,37.49422,-0.00017563516,-38.256466,20.76705,-11.785197,6.7205324,2.6705527,116.88142,23.256731,42.672676,8.597936,14.944067,7.4596324,0.0,0.0,0.39261338,0.59748095,0.42409426,0.20098461,0.47171852,0.2890258,0.0,0.26453078,0.0,0.0,0.0,0.0,0.0,0.0,0.0,0.0,0.0,0.0,0.0
79.69603,79.69603,82.88629,84.15004,82.403496,84.00538,85.510956,81.920555,78.79744,0.0,37.180157,-0.00017510967,-44.085777,24.28372,-12.805605,8.614322,3.1650794,136.34999,27.010258,50.10705,10.259187,18.028152,8.856096,0.0,0.0,0.42408812,0.5767109,0.4300946,0.21851164,0.53675455,0.2550199,0.0,0.25250515,0.0,0.0,0.0,0.0,0.0,0.0,0.0,0.0,0.0,0.0,0.0
79.28576,79.28576,82.51618,83.73052,81.892166,83.50675,85.018906,81.345055,78.201675,0.0,36.81378,-0.00017245152,-50.420147,26.673273,-13.893956,6.785458,3.600788,155.10294,31.07923,58.14872,12.513844,19.284317,9.562554,0.0,0.0,0.4703107,0.5034144,0.47095868,0.22850238,0.6008857,0.23123014,0.0,0.27363428,0.0,0.0,0.0,0.0,0.0,0.0,0.0,0.0,0.0,0.0,0.0
78.82626,78.82626,82.09483,83.196785,81.34691,82.97857,84.48095,80.67309,77.55372,0.0,36.39702,-0.0001713784,-55.864437,31.527197,-15.251948,9.391853,3.0789149,175.76102,34.2049,64.17225,12.634556,21.58019,10.376805,0.0,0.0,0.536739,0.45021018,0.54058605,0.25852624,0.6667014,0.20435856,0.0,0.27203557,0.0,0.0,0.0,0.0,0.0,0.0,0.0,0.0,0.0,0.0,0.0
78.30074,78.30074,81.617485,82.62029,80.6937,82.31179,83.804436,79.93146,76.67966,0.0,35.924747,-0.00016975577,-62.15231,35.331665,-14.182792,11.479431,5.4261484,196.43661,38.45358,73.81144,15.250986,23.065948,11.670623,0.0,0.0,0.5875565,0.40474266,0.64318573,0.35334325,0.5987987,0.18480875,0.0,0.30275875,0.0,0.0,0.0,0.0,0.0,0.0,0.0,0.0,0.0,0.0,0.0
77.683304,77.683304,81.08252,82.026855,79.88973,81.57339,83.07045,78.80745,75.5051,0.0,35.39692,-0.0001686703,-71.81499,37.419445,-18.868248,10.575957,6.1150794,222.74251,44.02457,83.08965,18.384808,27.872534,14.056918,0.0,0.0,0.6666821,0.3688117,0.65676695,0.3736409,0.5526714,0.1914631,0.17457792,0.2894778,0.0,0.0,0.0,0.0,0.0,0.0,0.0,0.0,0.0,0.0,0.0
76.98552,76.98552,80.47563,81.249084,79.00048,80.71133,82.196556,77.63904,74.29047,0.0,34.798405,-0.00016481319,-81.31886,43.021194,-20.540499,12.873704,6.691895,250.54826,49.177288,93.60721,20.287552,31.54913,15.758125,0.0,0.0,0.59742767,0.33273858,0.5767811,0.4016761,0.45018888,0.23911116,0.22295932,0.36989093,0.0,0.0,0.0,0.0,0.0,0.0,0.0,0.0,0.0,0.0,0.0
76.25296,76.25296,79.79836,80.50274,78.19069,79.89652,81.384285,76.91518,73.621,0.0,34.12518,-0.00016313646,-86.66097,45.11582,-20.24132,12.412697,6.008172,263.06277,51.129616,98.87701,21.508904,30.457743,15.076717,0.0,0.0,0.50168425,0.30284357,0.45440575,0.48824233,0.38604155,0.2501555,0.25785607,0.45000842,0.0,0.0,0.0,0.0,0.0,0.0,0.0,0.0,0.0,0.0,0.0
230.46437,165.62129,81.212234,82.949295,112.38214,87.221115,87.37388,104.036354,87.48954,0.0,34.19956,1875.6646,1412.7749,-21.797197,299.29645,88.280655,52.20981,-1578.2979,425.88144,-183.57848,-48.53987,83.98194,-26.497349,1875.6646,0.0,0.0,0.30710948,0.40731922,0.6439276,0.397582,0.025719749,0.36529803,9.159989e-06,0.0,0.0,0.0,0.0,0.0,0.0,0.0,0.0,0.0,0.0,0.0
232.3943,168.44106,85.41947,87.10063,115.729034,91.13011,91.32634,107.69298,91.20876,0.0,38.440468,1861.7222,1400.6282,-18.494034,295.87564,86.75839,52.07872,-1555.9601,423.72318,-176.88264,-46.71347,82.2843,-25.93085,1861.7222,0.0,0.0,0.041673157,0.62624705,0.0,0.07671499,0.3150925,0.5284295,0.3232663,0.0,0.0,0.0,0.0,0.0,0.0,0.0,0.0,0.0,0.0,0.0
234.06389,170.88123,89.56737,91.23384,118.765816,94.993416,95.19284,110.86479,95.07926,0.0,42.621357,1849.5759,1385.5536,-17.539694,290.78354,86.645454,50.598522,-1533.8105,421.26913,-170.28519,-44.16404,81.53482,-25.952505,1849.5759,0.0,0.0,0.06070378,0.4745419,0.0,0.049269978,0.65220284,0.0,0.49736962,0.0,0.0,0.0,0.0,0.0,0.0,0.0,0.0,0.0,0.0,0.0
83.80581,83.80581,87.49083,87.94142,85.30974,87.10426,88.584496,83.19127,79.69417,0.0,41.833633,-0.0001869199,-99.04618,52.189716,-25.0838,13.744577,8.312362,308.29016,61.09638,115.802986,25.506207,40.05629,19.861116,0.0,0.0,0.0,0.25686142,0.40512016,0.0,0.042211138,0.45838827,0.0,0.43794632,0.0,0.0,0.0,0.0,0.0,0.0,0.0,0.0,0.0,0.0,0.0
83.01327,83.01327,86.663414,87.12023,84.58066,86.301926,87.75742,82.75091,79.40219,0.0,41.005253,-0.0001854141,-96.080475,52.02592,-21.15156,17.505198,6.693715,305.72617,59.72743,114.9796,25.598005,37.009537,17.845022,0.0,0.0,0.0,0.26146784,0.33270845,0.0,0.27387145,0.34645408,0.0,0.24852844,0.0,0.0,0.0,0.0,0.0,0.0,0.0,0.0,0.0,0.0,0.0
82.10988,82.10988,85.83976,86.28667,83.5779,85.36523,86.84185,81.64148,78.24838,0.0,40.18376,-0.00018237618,-102.75338,52.28638,-24.721184,14.343816,7.2101808,311.45175,61.859562,118.65219,26.850075,38.15929,18.725239,0.0,0.0,0.0,0.26309904,0.30281618,0.0,0.2568531,0.16499692,0.0,0.15925276,0.0,0.0,0.0,0.0,0.0,0.0,0.0,0.0,0.0,0.0,0.0
81.32693,81.32693,85.00655,85.43884,82.929504,84.65577,86.10609,81.119194,77.73389,0.0,39.346886,-0.00018083813,-98.593094,52.668438,-21.43887,18.207148,7.1218305,301.66742,58.95672,114.62706,25.12585,36.796673,17.936455,0.0,0.0,0.25684938,0.2594903,0.25684938,0.0,0.26162377,0.22884475,0.0,0.12852333,0.0,0.0,0.0,0.0,0.0,0.0,0.0,0.0,0.0,0.0,0.0
80.562294,80.562294,84.198425,84.704735,82.16354,83.90967,85.380455,80.48242,77.13039,0.0,38.5363,-0.00017773197,-94.86669,50.709183,-22.5513,15.27333,6.7335587,294.97406,58.98603,112.56325,24.991247,35.35463,17.340317,0.0,0.0,0.26161683,0.26573756,0.26162052,0.0,0.26309052,0.4511825,0.0,0.10316849,0.0,0.0,0.0,0.0,0.0,0.0,0.0,0.0,0.0,0.0,0.0
79.80698,79.80698,83.41038,84.013985,81.55688,83.29473,84.7844,80.012596,76.78936,0.0,37.743702,-0.00017404855,-91.97849,48.030815,-22.094063,12.05562,5.0006924,282.21188,55.632114,106.625336,23.444122,33.77047,16.143093,0.0,0.0,0.2630867,0.27024975,0.2630867,0.05805242,0.25948188,0.42306402,0.0,0.18500224,0.0,0.0,0.0,0.0,0.0,0.0,0.0,0.0,0.0,0.0,0.0
79.108505,79.108505,82.65584,83.31167,80.94375,82.68194,84.160706,79.41332,76.1257,0.0,36.985394,-0.00017245149,-86.84234,46.539436,-22.112751,13.99098,5.9212317,271.27176,53.62627,101.544685,22.090004,33.606472,16.37103,0.0,0.0,0.25947812,0.27944714,0.25947812,0.18392684,0.26572895,0.38529873,0.0,0.19969308,0.0,0.0,0.0,0.0,0.0,0.0,0.0,0.0,0.0,0.0,0.0
78.366554,78.366554,81.927315,82.57723,80.18854,81.92154,83.40097,78.64711,75.41087,0.0,36.25648,-0.00016975503,-88.09605,46.710457,-21.821554,13.878974,5.1977262,270.11343,53.941887,102.70595,22.533184,33.73675,16.16692,0.0,0.0,0.2657251,0.28802025,0.2657251,0.1983261,0.27024096,0.26351303,0.0,0.19318601,0.0,0.0,0.0,0.0,0.0,0.0,0.0,0.0,0.0,0.0,0.0
77.65237,77.65237,81.203804,81.951675,79.551636,81.266014,82.765015,78.10077,74.82874,0.0,35.530685,-0.00016866806,-87.22722,43.80683,-20.749302,10.157389,5.7099214,263.25848,52.07841,100.21549,22.713245,32.651623,15.833517,0.0,0.0,0.27023706,0.28896692,0.27023706,0.21185404,0.27943805,0.19116566,0.027122138,0.19637397,0.0,0.0,0.0,0.0,0.0,0.0,0.0,0.0,0.0,0.0,0.0
77.02562,77.02562,80.502655,81.33636,79.12739,80.821495,82.295975,77.834206,74.66897,0.0,34.823303,-0.0001664745,-80.01077,41.12072,-19.525383,14.69062,4.02517,243.74944,46.90116,90.29537,20.055532,30.684841,14.478801,0.0,0.0,0.279434,0.2947507,0.279434,0.25882316,0.28849396,0.20527859,0.18384671,0.1945173,0.0,0.0,0.0,0.0,0.0,0.0,0.0,0.0,0.0,0.0,0.0
76.35799,76.35799,79.84735,80.67334,78.40537,80.12717,81.618614,77.158325,73.934906,0.0,34.168346,-0.00016313646,-81.244576,41.36827,-21.182133,11.713581,5.0034523,244.85529,48.337887,91.86243,20.32912,30.088875,14.674237,0.0,0.0,0.2867911,0.312991,0.28848812,0.26447314,0.2884898,0.16664794,0.198646,0.20914857,0.0,0.0,0.0,0.0,0.0,0.0,0.0,0.0,0.0,0.0,0.0
230.55844,165.7587,80.73378,82.720825,113.82567,87.77631,87.90956,106.697945,90.50587,0.0,33.644726,1874.9874,1418.1381,-33.145752,304.63574,88.95681,51.46423,-1627.9834,420.5165,-205.33232,-55.072384,77.123985,-33.082256,1874.9874,0.0,0.0,0.31187713,0.28848395,0.2701472,0.29426822,0.040454157,0.20140879,0.0,0.0,0.0,0.0,0.0,0.0,0.0,0.0,0.0,0.0,0.0,0.0
232.90251,169.18375,85.10104,87.123146,118.14938,92.27777,92.45661,111.3196,94.68094,0.0,38.019142,1858.0333,1409.9258,-34.47772,303.57385,87.36999,52.40111,-1623.3873,416.7911,-208.01332,-56.23632,75.36618,-32.275383,1858.0333,0.0,0.0,0.042873874,0.2723863,0.0,0.11702783,0.060582153,0.2644304,0.17467381,0.0,0.0,0.0,0.0,0.0,0.0,0.0,0.0,0.0,0.0,0.0
234.77122,171.91527,89.42572,91.40458,121.23156,96.219696,96.49757,113.96322,98.32713,0.0,42.381207,1844.4059,1395.9467,-32.827946,298.39197,83.83611,50.27711,-1599.1667,415.32977,-200.28577,-54.29072,77.94185,-31.529135,1844.4059,0.0,0.0,0.037739925,0.064166844,0.0,0.0,0.26716587,0.011531648,0.2616562,0.0,0.0,0.0,0.0,0.0,0.0,0.0,0.0,0.0,0.0,0.0
84.24817,84.24817,87.73724,88.49291,86.35994,88.0544,89.53748,85.16502,81.99234,0.0,42.05815,-0.00018890772,-81.216034,43.5689,-19.547039,13.252391,4.1611466,244.56543,46.63272,90.36375,18.36452,29.402971,14.0252075,0.0,0.0,0.0,0.31252378,0.27063924,0.0,0.01787052,0.2673606,0.0,0.2597697,0.0,0.0,0.0,0.0,0.0,0.0,0.0,0.0,0.0,0.0,0.0
83.58927,83.58927,87.07935,87.85942,85.70401,87.37402,88.869125,84.46,81.110176,0.0,41.400997,-0.00018791518,-81.315735,42.816006,-17.979809,10.984856,6.7074976,246.94855,46.55279,91.268684,19.074188,30.049458,15.021046,0.0,0.0,0.0,0.31319594,0.28846726,0.0,0.026822913,0.2729286,0.0,0.22970884,0.0,0.0,0.0,0.0,0.0,0.0,0.0,0.0,0.0,0.0,0.0
82.947914,82.947914,86.41646,87.17436,84.96952,86.65987,88.14779,83.80713,80.502144,0.0,40.737442,-0.00018541353,-79.151955,43.50017,-19.291021,12.381996,6.1491995,244.83873,49.006306,93.30429,19.789122,28.968119,14.504487,0.0,0.0,0.0,0.31082833,0.29471976,0.0,0.31277716,0.2590235,0.0,0.08479948,0.0,0.0,0.0,0.0,0.0,0.0,0.0,0.0,0.0,0.0,0.0
82.216896,82.216896,85.75241,86.40129,84.10995,85.81091,87.29478,82.70232,79.34394,0.0,40.07956,-0.00018288336,-85.72605,46.740303,-19.946619,13.116061,6.8089933,264.07272,52.230534,100.352684,21.292164,32.12261,15.969166,0.0,0.0,0.0,0.312921,0.17612328,0.0,0.31277263,0.14089443,0.0,0.079318754,0.0,0.0,0.0,0.0,0.0,0.0,0.0,0.0,0.0,0.0,0.0
81.471855,81.471855,85.04014,85.68796,83.36539,85.07866,86.55114,81.90412,78.621124,0.0,39.36999,-0.00018135326,-88.79134,46.77098,-20.684177,15.009331,5.859179,272.136,52.21875,101.08924,21.838758,32.777805,15.926157,0.0,0.0,0.31276998,0.29507113,0.31277722,0.0,0.3108182,0.13901222,0.0,0.096121,0.0,0.0,0.0,0.0,0.0,0.0,0.0,0.0,0.0,0.0,0.0
80.762024,80.762024,84.31042,84.933754,82.682625,84.37567,85.840645,81.206055,77.80699,0.0,38.638756,-0.00017721178,-86.942345,47.47213,-19.459694,16.152956,7.277288,267.64645,51.554012,100.102936,21.046583,32.96267,16.426382,0.0,0.0,0.3125318,0.28833812,0.3108137,0.0,0.3129108,0.2709666,0.0,0.09825129,0.0,0.0,0.0,0.0,0.0,0.0,0.0,0.0,0.0,0.0,0.0
80.03338,80.03338,83.59008,84.22227,81.91895,83.5969,85.088936,80.490654,77.06281,0.0,37.919586,-0.00017668818,-87.718025,47.219753,-18.500772,11.597807,7.5935364,271.12494,52.412857,102.24847,21.776346,32.37642,16.272099,0.0,0.0,0.31242833,0.2920354,0.31290627,0.0,0.29506153,0.27811736,0.0,0.24724488,0.0,0.0,0.0,0.0,0.0,0.0,0.0,0.0,0.0,0.0,0.0
79.269264,79.269264,82.85856,83.39842,81.07076,82.80685,84.28076,79.2905,75.9916,0.0,37.19107,-0.00017298371,-90.71002,49.799267,-21.995329,14.782351,6.0703444,279.88306,54.426846,104.3598,21.494635,36.46565,17.492395,0.0,0.0,0.29505727,0.28915834,0.29505727,0.23114519,0.28832874,0.2876086,0.0,0.21690062,0.0,0.0,0.0,0.0,0.0,0.0,0.0,0.0,0.0,0.0,0.0
78.56137,78.56137,82.10961,82.72311,80.45261,82.13238,83.60075,78.83296,75.47155,0.0,36.43902,-0.00017029743,-86.92798,47.751637,-18.61932,15.643878,6.844844,270.8259,52.27483,101.66674,21.579315,34.650585,16.831482,0.0,0.0,0.28832456,0.2822325,0.28832456,0.22585359,0.2920259,0.2891485,0.0,0.23378874,0.0,0.0,0.0,0.0,0.0,0.0,0.0,0.0,0.0,0.0,0.0
77.84398,77.84398,81.38439,82.08468,79.756065,81.45237,82.92461,78.22801,74.92715,0.0,35.711308,-0.00016867399,-86.190865,45.237236,-19.661587,15.04717,6.095668,263.35568,51.763924,100.00185,22.250368,33.578358,16.232353,0.0,0.0,0.29202166,0.2894007,0.29202166,0.23701425,0.28914893,0.230464,0.0,0.21533848,0.0,0.0,0.0,0.0,0.0,0.0,0.0,0.0,0.0,0.0,0.0
77.16756,77.16756,80.67981,81.40421,79.09999,80.83937,82.32296,77.65,74.37295,0.0,35.003666,-0.00016536856,-83.49263,44.51702,-22.179188,13.165297,5.7787113,253.9585,51.261234,96.55451,20.82727,32.64093,15.966658,0.0,0.0,0.28914472,0.29568386,0.28914472,0.25541115,0.2822233,0.20034382,0.23067032,0.21169963,0.0,0.0,0.0,0.0,0.0,0.0,0.0,0.0,0.0,0.0,0.0
76.53789,76.53789,80.00067,80.77106,78.60021,80.27238,81.750114,77.43965,74.076706,0.0,34.321274,-0.00016425531,-78.564865,43.1161,-18.122402,14.16092,6.863019,243.5872,47.94686,92.18548,19.679577,28.943527,14.690937,0.0,0.0,0.28251225,0.3041131,0.28221923,0.29692212,0.28939128,0.20205806,0.22428347,0.21297534,0.0,0.0,0.0,0.0,0.0,0.0,0.0,0.0,0.0,0.0,0.0
75.93885,75.93885,79.35223,80.24789,78.18661,79.84876,81.33071,77.17147,73.864265,0.0,33.66675,-0.00016201181,-73.36525,39.0849,-17.450907,13.450405,6.177712,223.16794,42.84372,82.84357,17.558226,26.924982,13.6261835,0.0,0.0,0.28645602,0.31417122,0.28938708,0.29575503,0.29567423,0.1827975,0.23645614,0.19895908,0.0,0.0,0.0,0.0,0.0,0.0,0.0,0.0,0.0,0.0,0.0
232.82341,169.06815,84.051926,86.14471,118.426605,91.66399,91.83253,111.791824,95.17555,0.0,36.934795,1858.608,1418.0624,-37.038536,308.86575,87.73063,52.354477,-1645.928,415.15378,-216.51555,-59.003033,74.196556,-34.9506,1858.608,0.0,0.0,0.046058662,0.28896275,0.0,0.28802663,0.008443332,0.30030376,0.030699536,0.0,0.0,0.0,0.0,0.0,0.0,0.0,0.0,0.0,0.0,0.0
234.99948,172.24896,88.484604,90.745125,123.14832,96.52426,96.67129,116.93967,100.25304,0.0,41.35743,1842.7345,1407.142,-42.58516,308.04788,88.47995,52.500896,-1652.3077,408.67712,-224.59842,-60.80332,71.58419,-35.454597,1842.7345,0.0,0.0,0.04492304,0.2916111,0.0,0.018135896,0.29299298,0.24221945,0.2842481,0.0,0.0,0.0,0.0,0.0,0.0,0.0,0.0,0.0,0.0,0.0
84.744774,84.744774,88.01098,89.1737,87.2952,88.92701,90.43418,86.576385,83.367294,0.0,42.31193,-0.00019186057,-55.539608,28.98872,-15.263636,8.202499,4.7785573,170.4282,33.148197,62.403606,13.29336,22.34657,11.2328415,0.0,0.0,0.0,0.3843236,0.28878018,0.0,0.0,0.28963137,0.0,0.2984076,0.0,0.0,0.0,0.0,0.0,0.0,0.0,0.0,0.0,0.0,0.0
84.32852,84.32852,87.5574,88.78242,86.98122,88.59186,90.096405,86.46543,83.34541,0.0,41.85399,-0.00018940233,-50.189888,26.17282,-13.564385,8.870593,3.0939913,150.2051,29.27548,55.51451,11.76016,18.680092,9.141736,0.0,0.0,0.0,0.42129475,0.2890971,0.0,0.028527759,0.28886884,0.0,0.2647183,0.0,0.0,0.0,0.0,0.0,0.0,0.0,0.0,0.0,0.0,0.0
83.96761,83.96761,87.1574,88.44589,86.72071,88.32416,89.83433,86.27771,83.15753,0.0,41.450386,-0.00018841201,-44.00649,23.0086,-12.944518,7.3788137,3.0976882,131.6001,24.991558,46.829983,9.284623,17.20697,8.540663,0.0,0.0,0.0,0.46869248,0.28936616,0.0,0.029135996,0.29682797,0.0,0.25041714,0.0,0.0,0.0,0.0,0.0,0.0,0.0,0.0,0.0,0.0,0.0
83.64029,83.64029,86.80606,88.14036,86.42752,88.02706,89.543015,86.09871,82.99192,0.0,41.096775,-0.00018841369,-39.80911,20.471954,-12.596224,5.5052114,2.7727969,118.65104,23.385584,42.84552,8.745394,14.648905,7.462561,0.0,0.0,0.0,0.5251635,0.2916085,0.0,0.044088956,0.3015766,0.0,0.2505895,0.0,0.0,0.0,0.0,0.0,0.0,0.0,0.0,0.0,0.0,0.0
83.336,83.336,86.48842,87.82971,86.154106,87.74019,89.251205,85.84066,82.74814,0.0,40.777958,-0.00018691985,-37.30585,20.060976,-11.330186,7.131552,2.3862648,111.422295,21.847036,40.43837,7.984158,14.275192,7.0792346,0.0,0.0,0.0,0.5749195,0.29564428,0.0,0.38430062,0.30358487,0.0,0.24456976,0.0,0.0,0.0,0.0,0.0,0.0,0.0,0.0,0.0,0.0,0.0
83.05358,83.05358,86.19012,87.55964,85.902855,87.485245,88.998535,85.63712,82.550186,0.0,40.47856,-0.0001864197,-34.12626,18.322943,-10.961329,6.427921,2.2196777,104.33209,20.194342,36.82247,7.221166,13.057398,6.5432734,0.0,0.0,0.0,0.60772526,0.29564,0.0,0.4059558,0.2658848,0.0,0.08098223,0.0,0.0,0.0,0.0,0.0,0.0,0.0,0.0,0.0,0.0,0.0
82.7711,82.7711,85.90956,87.27208,85.60151,87.1855,88.699715,85.31862,82.22584,0.0,40.19822,-0.00018490986,-34.524273,18.766996,-11.121922,6.119689,2.3940217,105.75434,21.207773,38.458736,7.7220187,13.506082,6.7790995,0.0,0.0,0.0,0.6443185,0.30406797,0.0,0.42126265,0.15411483,0.0,0.07479155,0.0,0.0,0.0,0.0,0.0,0.0,0.0,0.0,0.0,0.0,0.0
82.46324,82.46324,85.62363,86.96046,85.2512,86.845116,88.35872,84.936775,81.84607,0.0,39.91406,-0.0001844056,-38.816116,20.3245,-12.081452,6.3256807,2.3333113,116.91662,23.350647,42.808395,8.915064,14.299156,7.142705,0.0,0.0,0.38428396,0.6365835,0.38428396,0.0,0.46865675,0.14508604,0.0,0.07705799,0.0,0.0,0.0,0.0,0.0,0.0,0.0,0.0,0.0,0.0,0.0
82.134735,82.134735,85.30781,86.61003,84.88625,86.48103,87.99386,84.48625,81.37298,0.0,39.5999,-0.00018237616,-41.124447,22.273893,-12.161494,6.5775433,2.9338307,126.65293,25.063524,46.370037,9.45396,16.284193,8.075592,0.0,0.0,0.41694465,0.5824171,0.42125046,0.0,0.5136455,0.12425533,0.0,0.084851,0.0,0.0,0.0,0.0,0.0,0.0,0.0,0.0,0.0,0.0,0.0
81.762344,81.762344,84.964455,86.205635,84.45191,86.05185,87.55829,83.92549,80.817085,0.0,39.259583,-0.0001818629,-46.03108,25.398863,-12.632352,8.394407,2.813811,142.92467,27.767962,52.187588,10.53655,18.887056,9.055918,0.0,0.0,0.4215793,0.542966,0.45063546,0.0,0.562061,0.11794644,0.0,0.09835896,0.0,0.0,0.0,0.0,0.0,0.0,0.0,0.0,0.0,0.0,0.0
81.30634,81.30634,84.57387,85.71982,83.83817,85.477684,86.98963,83.12425,79.99291,0.0,38.87554,-0.00018084,-55.72072,29.707659,-15.843136,6.8500443,3.3476965,173.55125,33.811676,63.07768,13.037259,22.26433,10.764297,0.0,0.0,0.46863642,0.48903185,0.4942911,0.0,0.60767984,0.14179711,0.0,0.09070659,0.0,0.0,0.0,0.0,0.0,0.0,0.0,0.0,0.0,0.0,0.0
80.76085,80.76085,84.10135,85.13381,83.128334,84.78896,86.28775,82.26709,79.14147,0.0,38.409206,-0.00017721174,-65.061485,34.231583,-17.346375,10.204371,3.2215242,198.7426,39.253696,74.13231,15.968459,24.63798,11.761292,0.0,0.0,0.5313151,0.41494963,0.5747582,0.0,0.6432285,0.29094046,0.0,0.12706918,0.0,0.0,0.0,0.0,0.0,0.0,0.0,0.0,0.0,0.0,0.0
80.10489,80.10489,83.558,84.46712,82.29786,83.99585,85.49016,81.209854,77.946335,0.0,37.875183,-0.00017616068,-77.56951,38.630363,-19.764843,11.145627,5.592084,232.30379,44.403336,85.36546,18.805279,27.95206,13.961503,0.0,0.0,0.60766226,0.3711281,0.6233466,0.0019081624,0.5822305,0.28994063,0.0,0.37939206,0.0,0.0,0.0,0.0,0.0,0.0,0.0,0.0,0.0,0.0,0.0
79.41227,79.41227,82.92724,83.7193,81.39141,83.13339,84.63203,79.90208,76.55432,0.0,37.250977,-0.00017298313,-83.756065,42.44188,-22.323158,10.238725,6.6821814,253.58783,50.090908,94.760086,20.938873,33.116226,16.472492,0.0,0.0,0.63652676,0.3275122,0.60292256,0.29886392,0.48900872,0.29203364,0.0,0.36145964,0.0,0.0,0.0,0.0,0.0,0.0,0.0,0.0,0.0,0.0,0.0
78.64825,78.64825,82.23487,82.76837,80.32904,82.045135,83.527374,78.649086,75.27085,0.0,36.569584,-0.00016975802,-90.468094,49.973003,-20.849993,13.39893,7.0408535,286.15018,57.212105,109.20059,23.635021,35.341434,17.31909,0.0,0.0,0.5350776,0.30583343,0.5145518,0.33416995,0.38577396,0.2884734,0.0,0.43597704,0.0,0.0,0.0,0.0,0.0,0.0,0.0,0.0,0.0,0.0,0.0
77.74866,77.74866,81.45684,81.82903,79.20242,81.059746,82.532936,76.97291,73.560974,0.0,35.800694,-0.00016812199,-100.97499,54.214455,-28.076977,14.897086,7.420133,311.05484,62.160297,116.14705,24.539558,41.176735,20.193829,0.0,0.0,0.41492403,0.2789085,0.41037646,0.53536904,0.3275015,0.35312387,0.0,0.4560696,0.0,0.0,0.0,0.0,0.0,0.0,0.0,0.0,0.0,0.0,0.0
76.85619,76.85619,80.613914,80.92735,78.05401,79.866196,81.33094,75.719925,72.23318,0.0,34.964886,-0.00016536772,-104.99788,55.690754,-25.95543,16.186045,8.2082815,329.32477,67.36412,127.15125,29.042747,42.208454,20.688776,0.0,0.0,0.32749677,0.26211965,0.32749677,0.5599583,0.30582348,0.37453046,0.3000052,0.38933647,0.0,0.0,0.0,0.0,0.0,0.0,0.0,0.0,0.0,0.0,0.0
75.91924,75.91924,79.726616,79.97124,77.14239,79.00505,80.47544,74.88984,71.58306,0.0,34.079983,-0.00016088244,-108.902596,57.378284,-28.318611,15.333625,6.172427,335.2862,66.86445,126.35875,27.60399,41.405846,19.906023,0.0,0.0,0.30581906,0.25141773,0.30581906,0.49969834,0.27479282,0.41994324,0.40015563,0.28253758,0.0,0.0,0.0,0.0,0.0,0.0,0.0,0.0,0.0,0.0,0.0
230.15636,165.17134,82.0469,83.585625,110.59301,86.60494,86.87398,101.27936,85.40321,0.0,35.136986,1877.8801,1401.5319,-5.15436,292.1195,84.15652,50.792576,-1509.2562,431.323,-148.65366,-37.113033,89.107834,-21.792446,1877.8801,0.0,0.0,0.037836365,0.29009396,0.2805052,0.36881816,0.020391032,0.56845707,1.7204444e-05,0.0,0.0,0.0,0.0,0.0,0.0,0.0,0.0,0.0,0.0,0.0
232.0607,167.95357,86.11284,87.674225,114.91136,91.05208,91.25507,106.34529,89.67413,0.0,39.192383,1864.1396,1390.2194,-8.517256,291.32236,86.5194,52.468735,-1516.464,425.07614,-158.46346,-40.317368,85.17158,-21.169546,1864.1396,0.0,0.0,0.025460018,0.33116445,0.0,0.020112656,0.4108096,0.33838135,0.56713605,0.0,0.0,0.0,0.0,0.0,0.0,0.0,0.0,0.0,0.0,0.0
84.28893,84.28893,88.17613,88.32687,85.60129,87.39761,88.852356,82.96611,79.53652,0.0,42.53528,-0.00018940176,-114.94145,59.614674,-25.174013,17.609459,7.612585,349.30127,65.07918,128.07906,27.291542,45.06636,21.507439,0.0,0.0,0.0,0.15926886,0.38998622,0.0,0.021653583,0.35397524,0.0,0.46067086,0.0,0.0,0.0,0.0,0.0,0.0,0.0,0.0,0.0,0.0,0.0
83.37671,83.37671,87.238884,87.43807,84.41036,86.29259,87.767654,81.811035,78.29827,0.0,41.596703,-0.00018741723,-113.07863,58.469723,-29.19086,14.597744,8.467537,346.10846,70.52817,133.0368,30.063324,44.73422,21.973446,0.0,0.0,0.0,0.2380269,0.26209977,0.0,0.020406863,0.4241273,0.0,0.46571544,0.0,0.0,0.0,0.0,0.0,0.0,0.0,0.0,0.0,0.0,0.0
82.50872,82.50872,86.31362,86.619095,83.74824,85.61741,87.08041,81.2476,77.881386,0.0,40.666702,-0.00018440501,-108.71111,55.888233,-28.611494,16.442877,6.9012938,334.57953,66.53989,125.586266,28.22495,43.808956,21.06184,0.0,0.0,0.0,0.23961027,0.25139868,0.0,0.23821433,0.08957878,0.0,0.07907204,0.0,0.0,0.0,0.0,0.0,0.0,0.0,0.0,0.0,0.0,0.0
81.59426,81.59426,85.415215,85.689255,82.852394,84.70319,86.165375,80.723114,77.28225,0.0,39.76768,-0.00018083821,-109.95038,56.662136,-27.778622,16.561228,7.732953,333.04904,66.16909,126.06852,28.011978,40.166573,19.902044,0.0,0.0,0.23363744,0.24558273,0.23820388,0.0,0.23831736,0.21933115,0.0,0.020779097,0.0,0.0,0.0,0.0,0.0,0.0,0.0,0.0,0.0,0.0,0.0
80.77416,80.77416,84.525246,84.862755,82.2447,84.028984,85.50832,80.044785,76.68752,0.0,38.872772,-0.00017825286,-104.466576,55.089985,-24.566858,13.895148,6.7957735,320.60275,61.806343,119.34688,25.467152,40.880558,19.600298,0.0,0.0,0.2382008,0.24640557,0.23820044,0.0,0.24266551,0.31228295,0.0,0.020597693,0.0,0.0,0.0,0.0,0.0,0.0,0.0,0.0,0.0,0.0,0.0
79.9868,79.9868,83.67069,84.141495,81.61365,83.36526,84.83286,79.930145,76.61566,0.0,38.01131,-0.00017510768,-98.951385,51.656773,-22.85016,15.759793,6.2709103,302.43964,58.42017,113.12119,24.741337,35.381687,17.214003,0.0,0.0,0.24036181,0.25339866,0.24149638,0.0,0.24599929,0.36601952,0.0,0.17688866,0.0,0.0,0.0,0.0,0.0,0.0,0.0,0.0,0.0,0.0,0.0
79.215324,79.215324,82.86101,83.32101,80.894875,82.62437,84.09806,79.24367,75.985374,0.0,37.19865,-0.00017191359,-95.69564,51.942223,-21.623169,14.816827,5.5181723,294.32654,57.240215,110.804214,23.332298,35.01354,16.736229,0.0,0.0,0.24599718,0.26463673,0.24599764,0.17130572,0.24599573,0.2895675,0.0,0.17460763,0.0,0.0,0.0,0.0,0.0,0.0,0.0,0.0,0.0,0.0,0.0
78.46707,78.46707,82.07557,82.70033,80.34766,82.06583,83.54669,78.97358,75.708305,0.0,36.407787,-0.00017029957,-92.43342,47.43148,-20.971853,13.636295,5.6163416,279.0437,52.534256,102.849525,22.13717,31.706821,15.464341,0.0,0.0,0.24599361,0.27010423,0.24599408,0.17906396,0.25339043,0.2405949,0.0,0.18018317,0.0,0.0,0.0,0.0,0.0,0.0,0.0,0.0,0.0,0.0,0.0
77.77593,77.77593,81.32988,82.02632,79.67406,81.40711,82.901764,78.309906,74.98721,0.0,35.657993,-0.00016812414,-87.46157,45.351276,-21.824636,11.075985,6.3744707,266.9666,52.106518,99.65822,21.618925,31.582962,15.753724,0.0,0.0,0.25338677,0.28126797,0.25338677,0.20871845,0.26462814,0.1895773,0.0,0.1804173,0.0,0.0,0.0,0.0,0.0,0.0,0.0,0.0,0.0,0.0,0.0
77.01783,77.01783,80.609245,81.215996,78.797005,80.529976,82.01785,77.31804,74.0697,0.0,34.94065,-0.00016536772,-90.9015,47.942245,-21.819834,12.389732,5.3755355,276.68704,54.950985,105.341515,22.91063,32.991547,15.938628,0.0,0.0,0.2646243,0.290994,0.2646243,0.24368949,0.27009544,0.16529468,0.17129828,0.17509042,0.0,0.0,0.0,0.0,0.0,0.0,0.0,0.0,0.0,0.0,0.0
76.352684,76.352684,79.87184,80.58553,78.34328,80.05819,81.54172,77.08397,73.774734,0.0,34.19719,-0.0001631373,-84.16084,44.838207,-20.78075,13.1750765,6.2038045,258.57306,49.80044,95.526505,20.121351,30.248276,15.114567,0.0,0.0,0.27009153,0.28309745,0.27009153,0.24377142,0.28125882,0.16680703,0.1786995,0.18916062,0.0,0.0,0.0,0.0,0.0,0.0,0.0,0.0,0.0,0.0,0.0
230.55429,165.75264,80.75918,82.70346,113.52103,87.59096,87.80774,105.79586,89.21159,0.0,33.687145,1875.0173,1417.8645,-31.455755,303.92343,86.030785,52.28775,-1617.0242,421.74805,-201.06024,-54.38346,80.54988,-30.266827,1875.0173,0.0,0.0,0.29828635,0.2811173,0.25337577,0.29048282,0.020396732,0.18475091,0.0,0.0,0.0,0.0,0.0,0.0,0.0,0.0,0.0,0.0,0.0,0.0
232.72679,168.92694,85.08532,86.96737,117.26316,91.818,92.07232,110.06004,93.84688,0.0,38.032112,1859.3097,1407.8181,-28.848497,301.013,84.68791,51.50879,-1604.8247,419.40335,-199.02454,-54.388935,77.563385,-31.328373,1859.3097,0.0,0.0,0.04070639,0.26342577,0.0,0.09861316,0.02067862,0.24410604,0.17581412,0.0,0.0,0.0,0.0,0.0,0.0,0.0,0.0,0.0,0.0,0.0
234.596,171.65907,89.36544,91.26706,120.53483,95.83662,96.09639,113.022125,97.0732,0.0,42.344303,1845.6881,1394.2194,-29.689356,296.48236,84.491234,50.94798,-1583.868,417.165,-193.56522,-52.086945,79.346,-29.23836,1845.6881,0.0,0.0,0.037756037,0.08692154,0.0,0.005585455,0.24730228,0.0,0.24365735,0.0,0.0,0.0,0.0,0.0,0.0,0.0,0.0,0.0,0.0,0.0
84.13231,84.13231,87.69576,88.3774,86.02955,87.73783,89.22454,84.63478,81.40983,0.0,42.02376,-0.00018841372,-88.34487,45.787224,-20.387987,12.605758,5.0271416,266.63574,52.128216,100.958725,22.123503,31.963718,15.325753,0.0,0.0,0.0,0.29553446,0.26410082,0.0,0.02506078,0.25156096,0.0,0.2446879,0.0,0.0,0.0,0.0,0.0,0.0,0.0,0.0,0.0,0.0,0.0
83.43354,83.43354,86.9796,87.658356,85.29238,87.04169,88.528145,83.702995,80.40932,0.0,41.30731,-0.00018741893,-86.722145,45.87177,-22.72486,12.650526,6.0015125,265.77335,53.060295,100.220024,21.720526,34.29953,16.707233,0.0,0.0,0.0,0.29139474,0.28123304,0.0,0.028856464,0.2467065,0.0,0.20820558,0.0,0.0,0.0,0.0,0.0,0.0,0.0,0.0,0.0,0.0,0.0
82.72088,82.72088,86.263794,86.88467,84.543396,86.28014,87.75051,83.04403,79.73409,0.0,40.59317,-0.00018491046,-86.42681,47.542194,-22.031862,15.337446,6.2127953,270.74338,53.929268,101.90119,21.791128,33.236546,16.325571,0.0,0.0,0.0,0.29212326,0.29096347,0.0,0.29552484,0.11506128,0.0,0.06661824,0.0,0.0,0.0,0.0,0.0,0.0,0.0,0.0,0.0,0.0,0.0
81.92238,81.92238,85.534485,86.18221,83.83165,85.552185,87.02937,82.43227,79.114296,0.0,39.86568,-0.0001813515,-92.75362,46.7736,-21.108738,14.251977,6.314995,276.0858,51.833187,101.85181,22.123009,32.02089,15.836339,0.0,0.0,0.28393298,0.28797883,0.29552057,0.0,0.29175392,0.1319635,0.0,0.07535111,0.0,0.0,0.0,0.0,0.0,0.0,0.0,0.0,0.0,0.0,0.0
81.20375,81.20375,84.792206,85.38921,83.03022,84.737335,86.216156,81.542625,78.184166,0.0,39.123833,-0.00017929074,-90.634155,48.216667,-20.318203,13.982033,6.8099527,277.32632,53.83535,104.47279,22.477436,33.09529,16.357342,0.0,0.0,0.2917478,0.28368962,0.29175124,0.0,0.2917497,0.1652707,0.0,0.092929475,0.0,0.0,0.0,0.0,0.0,0.0,0.0,0.0,0.0,0.0,0.0
80.54856,80.54856,84.054085,84.757385,82.49516,84.21444,85.68736,81.06049,77.76695,0.0,38.378654,-0.00017773127,-82.837265,45.14766,-21.035673,14.939427,5.9997334,256.16956,50.908573,96.52452,20.617764,32.454292,15.880257,0.0,0.0,0.29174358,0.2827173,0.291747,0.0,0.28796944,0.26495224,0.0,0.12885,0.0,0.0,0.0,0.0,0.0,0.0,0.0,0.0,0.0,0.0,0.0
79.83043,79.83043,83.363556,84.04524,81.76322,83.43019,84.9002,80.20375,76.87427,0.0,37.690323,-0.00017457867,-85.49955,45.786064,-17.776274,15.393561,6.4590335,262.9111,51.25224,100.05179,21.98508,33.949413,16.369606,0.0,0.0,0.2879653,0.30058357,0.2879653,0.073227786,0.2831843,0.2695089,0.0,0.22172016,0.0,0.0,0.0,0.0,0.0,0.0,0.0,0.0,0.0,0.0,0.0
79.11077,79.11077,82.65732,83.36268,81.0538,82.742485,84.21021,79.673164,76.4501,0.0,36.983875,-0.00017191569,-86.76857,45.08674,-19.186869,15.74207,4.9980636,262.26688,50.99769,99.362686,22.116434,31.788494,15.157106,0.0,0.0,0.283191,0.29457685,0.28317907,0.21773218,0.28318018,0.27694216,0.0,0.2091667,0.0,0.0,0.0,0.0,0.0,0.0,0.0,0.0,0.0,0.0,0.0
78.45798,78.45798,81.95566,82.70632,80.43509,82.12165,83.60311,78.987564,75.66774,0.0,36.27916,-0.00016975579,-82.06769,43.721725,-19.053299,13.534588,6.338442,252.82704,50.14233,96.308784,21.231842,32.610962,15.909649,0.0,0.0,0.2831869,0.29513592,0.283175,0.21878026,0.30057377,0.28476575,0.0,0.21936025,0.0,0.0,0.0,0.0,0.0,0.0,0.0,0.0,0.0,0.0,0.0
77.82491,77.82491,81.280304,82.10724,79.94745,81.64048,83.12643,78.61622,75.331024,0.0,35.59981,-0.00016866732,-77.80538,41.337692,-19.4588,12.743736,5.888813,240.02388,46.342426,88.60944,18.88331,31.169094,15.238146,0.0,0.0,0.29446164,0.30367717,0.30056942,0.21796021,0.29485044,0.21651998,0.006397975,0.20583844,0.0,0.0,0.0,0.0,0.0,0.0,0.0,0.0,0.0,0.0,0.0
77.21204,77.21204,80.63776,81.47935,79.362564,81.07904,82.57141,78.19738,74.95161,0.0,34.95486,-0.00016592235,-74.69152,40.86628,-20.872543,11.534423,5.338182,232.03436,45.580452,85.21967,17.358757,29.005758,14.354231,0.0,0.0,0.2974269,0.31633475,0.295445,0.28972933,0.29484618,0.18668616,0.2192042,0.20423923,0.0,0.0,0.0,0.0,0.0,0.0,0.0,0.0,0.0,0.0,0.0
76.59031,76.59031,80.01542,80.87352,78.72468,80.413246,81.90322,77.54727,74.27824,0.0,34.331383,-0.00016425531,-74.62709,40.32926,-19.179695,11.997262,5.6685987,228.14923,46.021667,87.05,18.670057,29.16952,14.391916,0.0,0.0,0.2948447,0.32494095,0.2948408,0.28584737,0.30366725,0.18299729,0.21817201,0.2064043,0.0,0.0,0.0,0.0,0.0,0.0,0.0,0.0,0.0,0.0,0.0
76.04442,76.04442,79.40791,80.37932,78.34708,80.0122,81.50274,77.467155,74.28894,0.0,33.71834,-0.00016144669,-67.77366,36.465523,-17.652113,11.888774,4.259845,208.47249,41.230713,78.03283,16.666473,24.92507,12.201687,0.0,0.0,0.29484043,0.3293433,0.2970796,0.28567362,0.31490514,0.18307444,0.21836518,0.21562667,0.0,0.0,0.0,0.0,0.0,0.0,0.0,0.0,0.0,0.0,0.0
232.69702,168.88342,83.62201,85.87861,118.81774,91.72158,91.87523,112.363594,95.54867,0.0,36.47529,1859.5259,1420.193,-42.462646,310.82693,88.24993,52.76698,-1664.6562,412.7435,-225.71133,-61.32689,73.09891,-35.680717,1859.5259,0.0,0.0,0.05047387,0.29488462,0.0,0.29722592,0.0025553682,0.28741792,0.0,0.0,0.0,0.0,0.0,0.0,0.0,0.0,0.0,0.0,0.0,0.0
235.05795,172.33446,88.095215,90.45037,123.46598,96.46534,96.64864,117.52584,101.10029,0.0,40.948246,1842.306,1411.293,-45.45744,310.26642,87.213524,51.95582,-1664.8135,407.69366,-230.67928,-62.80469,69.89561,-37.494648,1842.306,0.0,0.0,0.04754137,0.28315678,0.0,0.027084194,0.2859904,0.29666802,0.28096694,0.0,0.0,0.0,0.0,0.0,0.0,0.0,0.0,0.0,0.0,0.0
84.838585,84.838585,88.08191,89.28725,87.42913,89.07613,90.5878,86.82207,83.68821,0.0,42.37994,-0.00019136927,-52.315342,27.089127,-16.38992,6.9359975,3.4018416,157.15334,31.677036,57.932884,12.160547,20.3981,10.131707,0.0,0.0,0.0,0.40723446,0.16456777,0.0,0.0,0.29203475,0.0,0.28629106,0.0,0.0,0.0,0.0,0.0,0.0,0.0,0.0,0.0,0.0,0.0
84.447266,84.447266,87.661575,88.87778,87.11745,88.72145,90.229515,86.575874,83.43919,0.0,41.957664,-0.00019038821,-47.963367,26.586466,-12.993179,7.9653177,3.461857,147.78926,28.569206,53.938683,10.566881,19.178719,9.400695,0.0,0.0,0.0,0.45098332,0.29512686,0.0,0.026472377,0.28740424,0.0,0.2822196,0.0,0.0,0.0,0.0,0.0,0.0,0.0,0.0,0.0,0.0,0.0
84.066284,84.066284,87.26659,88.53098,86.76524,88.38735,89.90048,86.299644,83.19589,0.0,41.560555,-0.00018890716,-45.73895,24.251041,-14.505738,6.47659,2.6945217,136.90147,27.372702,49.994923,9.963812,17.675537,8.731382,0.0,0.0,0.0,0.47517273,0.29486758,0.0,0.030363388,0.28980002,0.0,0.25552925,0.0,0.0,0.0,0.0,0.0,0.0,0.0,0.0,0.0,0.0,0.0
83.72549,83.72549,86.90093,88.191956,86.48869,88.09349,89.60392,86.08627,82.99973,0.0,41.1927,-0.00018791518,-41.544125,22.874437,-13.062609,7.3034754,2.2073905,124.78084,24.525143,44.972233,8.37658,16.337185,7.9585543,0.0,0.0,0.0,0.5074591,0.3036365,0.0,0.031313132,0.29204926,0.0,0.23362704,0.0,0.0,0.0,0.0,0.0,0.0,0.0,0.0,0.0,0.0,0.0
83.40261,83.40261,86.56691,87.90528,86.20205,87.79611,89.30932,85.85799,82.75607,0.0,40.85741,-0.00018641968,-39.540512,20.233551,-12.094752,6.4545383,2.6461356,117.369545,22.787659,42.21504,8.691586,15.011952,7.5050845,0.0,0.0,0.0,0.5500291,0.30995765,0.0,0.27648744,0.29499653,0.0,0.23234358,0.0,0.0,0.0,0.0,0.0,0.0,0.0,0.0,0.0,0.0,0.0
83.10023,83.10023,86.2524,87.5928,85.92058,87.50551,89.013985,85.604836,82.52961,0.0,40.542034,-0.00018641798,-37.25713,20.113953,-11.215645,7.8521194,1.8299054,112.04251,21.73178,40.331078,7.996902,14.33161,6.930942,0.0,0.0,0.0,0.5803904,0.31628782,0.0,0.43912116,0.29817134,0.0,0.110985525,0.0,0.0,0.0,0.0,0.0,0.0,0.0,0.0,0.0,0.0,0.0
82.80306,82.80306,85.95152,87.294975,85.6414,87.21878,88.73193,85.33238,82.24279,0.0,40.240974,-0.00018440736,-36.535095,19.932789,-10.442395,6.471596,2.300219,110.8743,20.786867,39.17959,7.309284,14.166071,6.9317985,0.0,0.0,0.0,0.6046941,0.32043654,0.0,0.45094895,0.21365514,0.0,0.059728075,0.0,0.0,0.0,0.0,0.0,0.0,0.0,0.0,0.0,0.0,0.0
82.498535,82.498535,85.65271,86.976135,85.28369,86.87251,88.384605,84.95441,81.867874,0.0,39.943054,-0.00018389958,-37.64394,21.097633,-11.597705,6.805119,2.2072453,116.39987,23.485815,42.937115,8.516728,14.660235,7.193047,0.0,0.0,0.4071925,0.61033547,0.4071925,0.0,0.47513652,0.19066417,0.0,0.071246296,0.0,0.0,0.0,0.0,0.0,0.0,0.0,0.0,0.0,0.0,0.0
82.16928,82.16928,85.33857,86.64829,84.942055,86.5333,88.045654,84.5986,81.51086,0.0,39.630287,-0.00018237435,-40.44734,21.864012,-11.829903,6.7238812,2.244517,124.51122,24.077042,44.812874,8.949415,14.997485,7.351395,0.0,0.0,0.4509359,0.5846459,0.4509359,0.0,0.5074204,0.14689955,0.0,0.06833402,0.0,0.0,0.0,0.0,0.0,0.0,0.0,0.0,0.0,0.0,0.0
81.821014,81.821014,85.00228,86.28212,84.536255,86.1312,87.63776,84.11529,81.008354,0.0,39.295723,-0.00018135144,-42.55697,23.460775,-12.176997,8.365228,2.7764053,134.11145,26.67568,49.445805,10.437316,16.739544,8.195155,0.0,0.0,0.45546395,0.5510653,0.47512275,0.0,0.5499875,0.12969224,0.0,0.08869277,0.0,0.0,0.0,0.0,0.0,0.0,0.0,0.0,0.0,0.0,0.0
81.43208,81.43208,84.63955,85.86356,84.11712,85.71513,87.221535,83.6193,80.476654,0.0,38.935364,-0.00018084003,-46.888718,26.219862,-12.458447,8.40315,3.5857923,146.38853,27.95696,52.945522,10.358842,18.325798,9.083242,0.0,0.0,0.47601217,0.5165697,0.50740576,0.0,0.58022815,0.13985305,0.0,0.09627666,0.0,0.0,0.0,0.0,0.0,0.0,0.0,0.0,0.0,0.0,0.0
80.98587,80.98587,84.24196,85.38572,83.54289,85.16675,86.66424,82.89448,79.74632,0.0,38.542015,-0.00017929015,-54.133965,29.800417,-14.644773,10.482798,3.697023,166.46382,32.9102,61.91659,12.79396,21.136837,10.347661,0.0,0.0,0.5079622,0.47904834,0.5499716,0.0,0.60464895,0.20817268,0.0,0.11672859,0.0,0.0,0.0,0.0,0.0,0.0,0.0,0.0,0.0,0.0,0.0
80.4986,80.4986,83.790825,84.89742,82.9639,84.60264,86.10737,82.21852,79.0291,0.0,38.094723,-0.00017668623,-59.022617,31.339148,-15.785797,8.824648,4.4541326,182.98553,36.098972,67.969,14.614316,22.788755,11.317473,0.0,0.0,0.5793073,0.4296186,0.5802121,0.0,0.58543986,0.29074275,0.0,0.37809733,0.0,0.0,0.0,0.0,0.0,0.0,0.0,0.0,0.0,0.0,0.0
79.9393,79.9393,83.29355,84.293686,82.28779,83.958405,85.45127,81.33698,78.15003,0.0,37.60304,-0.00017510763,-66.69424,35.42921,-18.019821,11.435035,4.411835,204.9661,39.841908,75.21484,15.883384,25.989817,12.68073,0.0,0.0,0.6046314,0.3970742,0.610203,0.2832971,0.5510313,0.29623422,0.0,0.3884873,0.0,0.0,0.0,0.0,0.0,0.0,0.0,0.0,0.0,0.0,0.0
79.33103,79.33103,82.73777,83.677986,81.54208,83.24027,84.74606,80.511536,77.28076,0.0,37.05229,-0.00017351615,-72.64229,37.56302,-19.777,8.560205,5.115724,223.15279,43.893814,82.583466,17.872831,27.144955,13.4955225,0.0,0.0,0.584756,0.36191025,0.57605463,0.3220541,0.4790257,0.30459064,0.0,0.4337499,0.0,0.0,0.0,0.0,0.0,0.0,0.0,0.0,0.0,0.0,0.0
78.673485,78.673485,82.13361,82.947945,80.80086,82.4758,83.96643,79.651596,76.30021,0.0,36.45268,-0.00017191563,-78.293236,41.739902,-18.30544,11.871304,6.725824,238.55324,46.211533,89.34658,18.897396,28.790949,14.592547,0.0,0.0,0.51653033,0.33805233,0.51653033,0.3595126,0.4295983,0.23287253,0.0,0.4288947,0.0,0.0,0.0,0.0,0.0,0.0,0.0,0.0,0.0,0.0,0.0
77.96291,77.96291,81.48436,82.1792,79.823074,81.53524,83.01167,78.54556,75.18984,0.0,35.81168,-0.0001692127,-84.38167,45.39859,-20.618727,14.375891,6.7774677,264.58685,53.02849,100.63426,22.380957,30.483501,15.407519,0.0,0.0,0.4615289,0.32069367,0.42959207,0.5309439,0.38503885,0.3416648,0.0,0.4376031,0.0,0.0,0.0,0.0,0.0,0.0,0.0,0.0,0.0,0.0,0.0
77.18103,77.18103,80.7713,81.453766,79.08052,80.83272,82.3246,77.44872,74.08368,0.0,35.10073,-0.00016647448,-90.79802,45.76315,-22.881891,11.62838,6.887536,270.889,52.073143,100.245125,21.701841,34.790707,17.21158,0.0,0.0,0.3970497,0.2959455,0.3970497,0.56631935,0.33804128,0.3381532,0.29706872,0.38267416,0.0,0.0,0.0,0.0,0.0,0.0,0.0,0.0,0.0,0.0,0.0
76.41932,76.41932,80.036865,80.550415,78.131004,79.879234,81.35274,76.43194,73.066185,0.0,34.37285,-0.00016313733,-93.235916,50.513916,-22.666151,14.847665,6.895854,289.74127,56.510315,108.090836,22.9027,35.557945,17.483019,0.0,0.0,0.35718983,0.29066887,0.34936935,0.5352355,0.3206832,0.40409604,0.33866036,0.3421039,0.0,0.0,0.0,0.0,0.0,0.0,0.0,0.0,0.0,0.0,0.0
75.65095,75.65095,79.26058,79.84165,77.38886,79.11472,80.587814,75.69823,72.17688,0.0,33.59431,-0.00016144662,-92.534515,48.662323,-21.4159,14.912346,8.551662,283.37402,55.908714,107.68166,23.848434,35.462597,18.002165,0.0,0.0,0.32154444,0.2762564,0.32067856,0.49970856,0.29593587,0.36387938,0.5074676,0.2882365,0.0,0.0,0.0,0.0,0.0,0.0,0.0,0.0,0.0,0.0,0.0
231.89407,167.71008,84.42952,86.15847,114.98853,90.23614,90.43884,107.00494,90.55293,0.0,37.43682,1865.3461,1402.9022,-21.34491,296.81296,86.52964,52.01128,-1565.0808,423.76227,-179.06064,-47.221405,81.993805,-26.639578,1865.3461,0.0,0.0,0.037701406,0.37044424,0.0,0.30147186,0.025841992,0.52719915,0.29351032,0.0,0.0,0.0,0.0,0.0,0.0,0.0,0.0,0.0,0.0,0.0
233.7496,170.42183,88.608536,90.294846,118.33424,94.129944,94.3346,110.322624,93.70548,0.0,41.642216,1851.8684,1389.9767,-18.819193,293.45383,86.460464,52.356304,-1547.4762,421.1544,-172.51978,-44.948917,82.14909,-24.376339,1851.8684,0.0,0.0,0.05912875,0.51411295,0.0,0.02981205,0.5475179,0.0,0.53665954,0.0,0.0,0.0,0.0,0.0,0.0,0.0,0.0,0.0,0.0,0.0
84.05625,84.05625,87.71818,88.23985,85.619995,87.406204,88.88201,84.00105,80.6234,0.0,42.05725,-0.00018791523,-97.09133,50.294144,-24.66464,14.477129,7.0341477,298.26074,59.80684,113.33948,25.520483,34.64247,17.355246,0.0,0.0,0.0,0.2663709,0.3505707,0.0,0.029876977,0.48412523,0.0,0.5353726,0.0,0.0,0.0,0.0,0.0,0.0,0.0,0.0,0.0,0.0,0.0
83.31706,83.31706,86.92158,87.472916,85.077995,86.81412,88.288956,83.56579,80.189804,0.0,41.25582,-0.00018742179,-92.078445,49.485023,-21.997005,14.634299,7.014883,284.82556,55.376106,106.337555,22.666618,33.38996,16.67196,0.0,0.0,0.0,0.2704221,0.29591873,0.0,0.05814905,0.41918796,0.0,0.39873785,0.0,0.0,0.0,0.0,0.0,0.0,0.0,0.0,0.0,0.0,0.0
82.47634,82.47634,86.1528,86.724754,84.13897,85.87766,87.346565,82.574936,79.300095,0.0,40.49049,-0.00018440564,-98.32556,48.915936,-22.140915,15.563264,5.74858,294.46368,57.621353,112.1058,25.836765,34.00301,16.465857,0.0,0.0,0.0,0.27990994,0.2906426,0.0,0.2663625,0.12669568,0.0,0.10875839,0.0,0.0,0.0,0.0,0.0,0.0,0.0,0.0,0.0,0.0,0.0
81.768326,81.768326,85.366165,85.94162,83.516335,85.24561,86.72271,81.79741,78.40348,0.0,39.69926,-0.00018083808,-91.479996,48.81869,-21.611105,14.26666,7.2196126,281.56927,55.67584,106.797455,23.264053,35.78171,17.60519,0.0,0.0,0.26635864,0.27301407,0.26635864,0.0,0.27041334,0.13780439,0.0,0.11147978,0.0,0.0,0.0,0.0,0.0,0.0,0.0,0.0,0.0,0.0,0.0
81.01342,81.01342,84.60976,85.158806,82.803505,84.510284,85.96723,81.191124,77.92005,0.0,38.94268,-0.00017825478,-91.34462,49.547768,-20.29804,17.304377,5.6967683,281.07278,54.69552,106.05609,22.797995,34.56654,16.521875,0.0,0.0,0.2704094,0.2823441,0.2704094,0.0,0.27990085,0.42412564,0.0,0.074817866,0.0,0.0,0.0,0.0,0.0,0.0,0.0,0.0,0.0,0.0,0.0
80.27762,80.27762,83.85847,84.56767,82.24371,83.969894,85.444984,80.99807,77.78905,0.0,38.187435,-0.0001772097,-89.94324,44.972157,-21.434217,14.593653,4.7774844,269.51205,50.41997,98.37937,21.585333,30.070587,14.618345,0.0,0.0,0.2798968,0.28271922,0.2798968,0.0,0.2730052,0.40600976,0.0,0.14267036,0.0,0.0,0.0,0.0,0.0,0.0,0.0,0.0,0.0,0.0,0.0
79.58872,79.58872,83.13515,83.75624,81.48884,83.20873,84.67605,80.06303,76.8215,0.0,37.46325,-0.00017352239,-86.7575,47.53602,-21.071959,15.803992,5.276029,266.93793,52.057777,99.79381,20.807545,32.34593,15.602724,0.0,0.0,0.27300125,0.2918751,0.27300125,0.18689533,0.28252652,0.32950073,0.0,0.20323241,0.0,0.0,0.0,0.0,0.0,0.0,0.0,0.0,0.0,0.0,0.0
78.88237,78.88237,82.4189,83.07523,80.803215,82.538826,84.03034,79.370125,76.1255,0.0,36.745983,-0.00017137841,-85.822075,46.52495,-21.968607,11.701322,5.321489,263.88712,51.548153,98.059044,20.142,32.434975,15.723435,0.0,0.0,0.28252292,0.29402083,0.28252435,0.20102924,0.28252244,0.29146194,0.0,0.20641686,0.0,0.0,0.0,0.0,0.0,0.0,0.0,0.0,0.0,0.0,0.0
78.169365,78.169365,81.70849,82.3968,80.073135,81.74949,83.23866,78.73568,75.3836,0.0,36.036915,-0.00016975575,-86.06906,45.59137,-18.39716,12.147914,6.734135,267.9032,51.96813,100.99837,22.216377,31.247805,15.503439,0.0,0.0,0.28251883,0.2966184,0.28252026,0.20464401,0.2918656,0.20118551,0.0,0.20788157,0.0,0.0,0.0,0.0,0.0,0.0,0.0,0.0,0.0,0.0,0.0
77.453026,77.453026,80.98957,81.6754,79.368515,81.070305,82.557495,77.919395,74.62163,0.0,35.317055,-0.00016702447,-85.8244,45.664368,-19.997025,12.517291,6.0552793,265.0802,51.680225,99.52792,21.49893,32.63034,15.885709,0.0,0.0,0.29174632,0.293209,0.29186136,0.25368086,0.29385,0.19857149,0.10375342,0.1906045,0.0,0.0,0.0,0.0,0.0,0.0,0.0,0.0,0.0,0.0,0.0
76.70391,76.70391,80.27613,80.94016,78.61622,80.348305,81.80935,77.207405,73.926476,0.0,34.604782,-0.00016481306,-89.15276,46.301525,-21.770172,16.725245,5.8313155,268.58606,51.75852,99.84592,21.7314,32.137165,15.762606,0.0,0.0,0.29384577,0.29559305,0.29384577,0.27724504,0.29660875,0.187226,0.19731203,0.20454295,0.0,0.0,0.0,0.0,0.0,0.0,0.0,0.0,0.0,0.0,0.0
76.03423,76.03423,79.55642,80.23155,78.00198,79.69178,81.16394,76.610954,73.17812,0.0,33.883087,-0.0001614467,-84.45284,45.97801,-19.256683,15.059067,7.6473475,262.60077,50.378532,97.47596,20.572468,31.917444,16.180426,0.0,0.0,0.29644862,0.2926376,0.29660445,0.27894735,0.29319945,0.16654083,0.20197392,0.20621693,0.0,0.0,0.0,0.0,0.0,0.0,0.0,0.0,0.0,0.0,0.0
231.41234,167.00621,82.72486,84.5902,114.62612,89.19705,89.35423,107.24421,90.77603,0.0,35.679745,1868.8292,1411.6605,-28.113558,300.91605,88.12681,52.045135,-1599.5629,422.3593,-193.58664,-51.528786,78.59713,-30.156727,1868.8292,0.0,0.0,0.040546913,0.29426935,0.10120645,0.2796131,0.029857798,0.2623255,0.0,0.0,0.0,0.0,0.0,0.0,0.0,0.0,0.0,0.0,0.0,0.0
233.47383,170.01874,86.996666,88.77906,118.740005,93.349464,93.50983,111.5073,95.06867,0.0,39.977795,1853.8777,1400.6326,-24.189741,300.6837,88.01619,51.983227,-1582.3757,417.807,-191.05042,-51.242443,77.73528,-30.526022,1853.8777,0.0,0.0,0.03946186,0.28249982,0.0,0.026758706,0.2788683,0.2890958,0.2472967,0.0,0.0,0.0,0.0,0.0,0.0,0.0,0.0,0.0,0.0,0.0
84.58833,84.58833,88.08083,88.77816,86.591484,88.28893,89.76504,85.16924,81.87597,0.0,42.40592,-0.00019038822,-81.55544,45.324974,-19.731838,14.4288225,5.9962626,257.7601,49.48037,94.68481,19.526575,32.302113,15.721765,0.0,0.0,0.0,0.28991097,0.2824404,0.0,0.012578436,0.29015625,0.0,0.27887237,0.0,0.0,0.0,0.0,0.0,0.0,0.0,0.0,0.0,0.0,0.0
83.84128,83.84128,87.38709,88.06827,85.81002,87.523834,89.0108,84.3402,81.05025,0.0,41.713314,-0.00018841198,-86.699844,45.800877,-20.716,12.557086,5.9522963,261.2515,50.353447,97.423485,20.381136,32.88118,15.999211,0.0,0.0,0.0,0.3016916,0.29576302,0.0,0.026870646,0.28311664,0.0,0.25886795,0.0,0.0,0.0,0.0,0.0,0.0,0.0,0.0,0.0,0.0,0.0
83.151085,83.151085,86.684944,87.34679,85.09379,86.76706,88.240326,83.77799,80.459915,0.0,41.011326,-0.00018691985,-85.56906,46.36527,-18.195295,14.884554,6.3162827,261.7522,51.00571,99.47625,21.291052,30.973534,15.227158,0.0,0.0,0.0,0.2985798,0.29375622,0.0,0.12838385,0.28003833,0.0,0.2183862,0.0,0.0,0.0,0.0,0.0,0.0,0.0,0.0,0.0,0.0,0.0
82.50434,82.50434,85.98638,86.75581,84.55426,86.21958,87.70745,83.12057,79.803734,0.0,40.307995,-0.00018440501,-80.51321,43.145416,-17.665657,12.392047,6.3006,246.85403,48.271812,93.70506,20.208242,32.44236,15.735045,0.0,0.0,0.0,0.29813993,0.29470062,0.0,0.30168176,0.15375493,0.0,0.084754564,0.0,0.0,0.0,0.0,0.0,0.0,0.0,0.0,0.0,0.0,0.0
81.83779,81.83779,85.324486,86.141075,83.95455,85.64317,87.13604,82.78929,79.50321,0.0,39.64469,-0.00018186346,-80.97854,41.667847,-19.183165,11.435202,5.9005976,242.31956,46.49836,90.30125,19.367292,29.006676,14.416538,0.0,0.0,0.29663023,0.3119725,0.3016774,0.0,0.29834834,0.13034199,0.0,0.098568514,0.0,0.0,0.0,0.0,0.0,0.0,0.0,0.0,0.0,0.0,0.0
81.227684,81.227684,84.67689,85.57381,83.42582,85.12274,86.61006,82.257835,78.99309,0.0,38.993576,-0.0001798072,-77.16507,39.04245,-19.699322,12.493124,5.608997,230.63045,44.25836,85.02539,18.535784,29.043257,14.365278,0.0,0.0,0.2999939,0.3165197,0.29850894,0.0,0.29834402,0.2551376,0.0,0.1036588,0.0,0.0,0.0,0.0,0.0,0.0,0.0,0.0,0.0,0.0,0.0
80.64046,80.64046,84.05902,84.95922,82.821,84.48188,85.974014,81.826256,78.59365,0.0,38.37387,-0.00017773127,-73.92499,38.93193,-17.363804,11.580476,5.143331,224.30504,44.750706,85.99969,18.971949,26.631575,13.116642,0.0,0.0,0.2983431,0.3290681,0.29834056,0.0,0.31196234,0.2888895,0.0,0.13177708,0.0,0.0,0.0,0.0,0.0,0.0,0.0,0.0,0.0,0.0,0.0
80.10737,80.10737,83.4613,84.45818,82.40886,84.07798,85.57385,81.48136,78.27162,0.0,37.771156,-0.00017563517,-66.65748,35.548035,-17.920536,10.826499,4.7889357,206.33029,41.265514,77.46345,16.839989,25.643892,12.669627,0.0,0.0,0.2983388,0.3364034,0.29833627,0.030249376,0.31605136,0.29121628,0.0,0.23400083,0.0,0.0,0.0,0.0,0.0,0.0,0.0,0.0,0.0,0.0,0.0
79.57261,79.57261,82.91004,83.95416,81.981094,83.62575,85.12232,81.131905,77.89886,0.0,37.216743,-0.00017457873,-64.69127,33.79072,-16.219698,10.677288,5.149917,194.26929,37.958694,72.77745,15.634094,24.451138,12.2224045,0.0,0.0,0.3119533,0.3597051,0.3119533,0.21031193,0.32252076,0.293106,0.0,0.21654804,0.0,0.0,0.0,0.0,0.0,0.0,0.0,0.0,0.0,0.0,0.0
79.07937,79.07937,82.3911,83.484985,81.57465,83.22702,84.726364,80.84732,77.643845,0.0,36.69474,-0.00017298934,-61.523426,31.850927,-16.77213,10.082883,4.6878533,181.9104,35.083595,66.7167,13.80553,22.48918,11.37613,0.0,0.0,0.31650022,0.3777576,0.31650022,0.21490584,0.3294427,0.2503905,0.0,0.20993818,0.0,0.0,0.0,0.0,0.0,0.0,0.0,0.0,0.0,0.0,0.0
78.631874,78.631874,81.90459,83.02367,81.19462,82.81391,84.31385,80.501175,77.32299,0.0,36.205944,-0.00017137555,-56.42792,30.829494,-14.279997,9.949412,4.259358,172.20616,32.702576,62.774174,12.462239,21.917105,10.803389,0.0,0.0,0.32904783,0.39873934,0.32904783,0.21052821,0.33638754,0.24190633,0.0,0.2113137,0.0,0.0,0.0,0.0,0.0,0.0,0.0,0.0,0.0,0.0,0.0
78.21824,78.21824,81.44636,82.646385,80.85409,82.46488,83.96963,80.31945,77.19014,0.0,35.743225,-0.00016975503,-50.07507,27.331596,-13.576801,8.821903,3.3033006,151.60269,29.94243,56.482605,11.477676,19.0458,9.346803,0.0,0.0,0.33033535,0.41732493,0.33350083,0.22173378,0.3596881,0.1899676,0.0,0.2237312,0.0,0.0,0.0,0.0,0.0,0.0,0.0,0.0,0.0,0.0,0.0
77.8288,77.8288,81.04068,82.27783,80.533844,82.12502,83.62961,80.00341,76.85681,0.0,35.335865,-0.00016866806,-47.585613,25.593626,-11.823449,8.862063,3.665776,143.21931,27.113663,52.38426,10.565652,18.964716,9.299843,0.0,0.0,0.33637783,0.46467498,0.33637783,0.29919344,0.37773976,0.19044366,0.18276395,0.23191662,0.0,0.0,0.0,0.0,0.0,0.0,0.0,0.0,0.0,0.0,0.0
77.45551,77.45551,80.65707,81.94454,80.17669,81.793396,83.31066,79.68161,76.57117,0.0,34.95103,-0.0001670252,-45.941402,23.06184,-14.068848,5.0009356,2.8646805,136.90807,26.417528,48.943306,10.080979,18.271305,8.962978,0.0,0.0,0.3596777,0.48784018,0.3596777,0.3087626,0.38059726,0.17449683,0.21110195,0.22698662,0.0,0.0,0.0,0.0,0.0,0.0,0.0,0.0,0.0,0.0,0.0
77.11393,77.11393,80.29089,81.59217,79.875435,81.46458,82.97044,79.48993,76.38014,0.0,34.583157,-0.00016592229,-41.809685,22.325182,-11.62863,8.539916,2.8482156,127.625786,24.604439,46.33754,9.654348,15.962695,7.8814483,0.0,0.0,0.3656006,0.5071513,0.37741092,0.3101342,0.39871475,0.2083094,0.21468604,0.24935025,0.0,0.0,0.0,0.0,0.0,0.0,0.0,0.0,0.0,0.0,0.0
76.78227,76.78227,79.94943,81.28353,79.5766,81.1709,82.685104,79.22938,76.15378,0.0,34.240227,-0.00016425613,-40.06202,20.483492,-12.116845,6.12525,1.8434906,119.13241,23.039736,42.80963,8.787699,15.086166,7.3043876,0.0,0.0,0.37772337,0.53902394,0.37772337,0.31060869,0.41729918,0.17090367,0.21037674,0.24169624,0.0,0.0,0.0,0.0,0.0,0.0,0.0,0.0,0.0,0.0,0.0
76.466545,76.466545,79.62969,80.9703,79.26704,80.86064,82.3736,78.92615,75.82231,0.0,33.920116,-0.00016425531,-39.32893,20.101612,-12.05199,6.533681,2.6967292,116.88497,22.735773,42.080395,8.720579,14.936912,7.4902472,0.0,0.0,0.39870322,0.5725392,0.39870322,0.31845134,0.44128156,0.1937853,0.21580188,0.26848844,0.0,0.0,0.0,0.0,0.0,0.0,0.0,0.0,0.0,0.0,0.0
76.16676,76.16676,79.31653,80.657135,78.986565,80.5768,82.09193,78.67556,75.5971,0.0,33.606045,-0.00016313726,-36.789948,20.101639,-11.733194,5.806014,1.9441084,111.27497,21.760284,39.751804,7.407139,14.215057,6.966081,0.0,0.0,0.40004477,0.582222,0.41011333,0.32072696,0.46463957,0.18982154,0.22093464,0.24822555,0.0,0.0,0.0,0.0,0.0,0.0,0.0,0.0,0.0,0.0,0.0
234.10326,170.93878,84.277916,87.20612,123.38239,94.59744,94.821884,118.44953,102.00984,0.0,37.002903,1849.2885,1432.3013,-60.33655,320.59955,85.75834,51.98546,-1743.8804,402.09744,-264.09805,-72.4607,63.22316,-43.23091,1849.2885,0.0,0.0,0.0943096,0.3464752,0.0,0.35992792,0.010242545,0.3085013,0.0,0.0,0.0,0.0,0.0,0.0,0.0,0.0,0.0,0.0,0.0,0.0
236.32173,174.18236,88.93356,91.825966,127.43867,99.00942,99.21845,122.5217,106.40547,0.0,41.688736,1833.022,1420.0834,-59.50082,318.56247,86.305824,51.303646,-1725.5194,398.59763,-260.12192,-71.01439,63.113106,-43.199066,1833.022,0.0,0.0,0.07300965,0.024948515,0.0,0.0,0.31316283,0.3332994,0.30849683,0.0,0.0,0.0,0.0,0.0,0.0,0.0,0.0,0.0,0.0,0.0
85.00098,85.00098,88.15535,89.50243,87.82535,89.4078,90.922585,87.49462,84.42011,0.0,42.445145,-0.00019234659,-37.68095,19.714912,-10.967702,5.926327,1.8034525,113.05422,21.523546,40.383526,8.040416,14.694874,7.0394297,0.0,0.0,0.0,0.64053625,0.02332674,0.0,0.0,0.3286481,0.0,0.3091253,0.0,0.0,0.0,0.0,0.0,0.0,0.0,0.0,0.0,0.0,0.0
84.68323,84.68323,87.8498,89.155945,87.435646,89.03118,90.54308,87.06484,83.974014,0.0,42.141365,-0.00019136927,-39.955727,22.060232,-12.231545,6.864495,2.337054,123.6642,25.022505,45.78456,9.332597,15.63101,7.652202,0.0,0.0,0.0,0.6131288,0.23816171,0.0,0.0,0.327667,0.0,0.30911604,0.0,0.0,0.0,0.0,0.0,0.0,0.0,0.0,0.0,0.0,0.0
84.34869,84.34869,87.51734,88.82023,87.11525,88.69535,90.20543,86.75548,83.67485,0.0,41.80908,-0.00018940176,-40.333214,22.23792,-10.727063,7.4049597,2.0176487,124.616135,24.368752,46.027718,9.403788,15.378267,7.3342657,0.0,0.0,0.0,0.56759435,0.3287995,0.0,0.0,0.33284864,0.0,0.3076099,0.0,0.0,0.0,0.0,0.0,0.0,0.0,0.0,0.0,0.0,0.0
83.983635,83.983635,87.1798,88.44679,86.65578,88.26459,89.77507,86.15403,83.04506,0.0,41.47423,-0.00018791463,-45.06508,24.119865,-13.408543,7.2886906,2.8279846,139.33116,28.48853,52.355988,11.321233,18.40383,8.9428835,0.0,0.0,0.0,0.5638869,0.34645015,0.0,0.03043142,0.32659844,0.0,0.2850079,0.0,0.0,0.0,0.0,0.0,0.0,0.0,0.0,0.0,0.0,0.0
83.58028,83.58028,86.80282,88.013504,86.2216,87.820206,89.32096,85.73634,82.591805,0.0,41.09985,-0.00018691762,-49.2311,26.84242,-12.511263,9.765832,3.6244495,152.3896,29.727163,56.5513,11.95644,18.074734,9.008828,0.0,0.0,0.0,0.51303667,0.38048673,0.0,0.042797867,0.32940507,0.0,0.25559714,0.0,0.0,0.0,0.0,0.0,0.0,0.0,0.0,0.0,0.0,0.0
83.12148,83.12148,86.38991,87.55939,85.678696,87.30969,88.8179,85.09779,81.95158,0.0,40.690376,-0.00018691819,-55.843727,28.694471,-15.20149,7.92582,3.658119,168.28722,32.90344,62.195293,13.347004,19.918531,9.9301195,0.0,0.0,0.0,0.476135,0.4172388,0.0,0.64048904,0.34472805,0.0,0.24027053,0.0,0.0,0.0,0.0,0.0,0.0,0.0,0.0,0.0,0.0,0.0
82.64343,82.64343,85.93406,87.02071,85.102425,86.720634,88.21755,84.36368,81.145706,0.0,40.238186,-0.00018440562,-58.813763,32.138893,-14.191744,10.606919,4.918933,183.91594,36.309258,69.258995,14.940739,22.679237,11.325948,0.0,0.0,0.0,0.43894005,0.46457908,0.0,0.56753725,0.24638778,0.0,0.08362825,0.0,0.0,0.0,0.0,0.0,0.0,0.0,0.0,0.0,0.0,0.0
82.093445,82.093445,85.434555,86.453835,84.390915,86.038,87.538925,83.42959,80.24703,0.0,39.744,-0.00018339176,-65.13404,34.724205,-16.396,9.72783,4.3359957,204.79575,41.3854,78.07136,17.509485,26.144732,12.584087,0.0,0.0,0.6378951,0.408642,0.61307377,0.0,0.56050324,0.20859045,0.0,0.09581403,0.0,0.0,0.0,0.0,0.0,0.0,0.0,0.0,0.0,0.0,0.0
81.50727,81.50727,84.88197,85.84335,83.77993,85.43246,86.920715,82.85124,79.62595,0.0,39.19371,-0.00018032553,-69.06411,36.821255,-16.783165,12.319452,5.0322037,213.25885,42.11863,80.46573,17.675385,25.661535,12.670359,0.0,0.0,0.56752074,0.37538013,0.5662761,0.0,0.4761125,0.16690832,0.0,0.08141219,0.0,0.0,0.0,0.0,0.0,0.0,0.0,0.0,0.0,0.0,0.0
80.881035,80.881035,84.305336,85.21565,83.12887,84.80326,86.2952,82.054344,78.77767,0.0,38.62068,-0.0001787718,-74.54067,38.589752,-18.268997,11.619313,5.7736216,226.01805,42.84152,82.78283,17.628696,27.764395,13.838862,0.0,0.0,0.5129976,0.36375248,0.5129976,0.0,0.43891937,0.3055561,0.0,0.118552946,0.0,0.0,0.0,0.0,0.0,0.0,0.0,0.0,0.0,0.0,0.0
80.20736,80.20736,83.691414,84.52267,82.30927,83.97228,85.46124,81.11888,77.852325,0.0,38.013367,-0.00017616137,-80.71547,41.199352,-17.508942,12.188195,5.6342134,247.92706,46.897285,91.82072,20.456026,29.342813,14.316923,0.0,0.0,0.47289708,0.3478688,0.45268485,0.0,0.40217608,0.34539047,0.0,0.53329986,0.0,0.0,0.0,0.0,0.0,0.0,0.0,0.0,0.0,0.0,0.0
79.53428,79.53428,83.02359,83.74418,81.53472,83.22206,84.69606,80.24045,76.908226,0.0,37.347183,-0.00017351615,-81.23868,44.63172,-19.102352,14.768979,6.4928427,253.13257,49.549507,95.058,20.20359,30.698843,15.258837,0.0,0.0,0.40861684,0.3244091,0.40861684,0.44652155,0.36737496,0.38502717,0.0,0.49902287,0.0,0.0,0.0,0.0,0.0,0.0,0.0,0.0,0.0,0.0,0.0
78.77104,78.77104,82.33701,83.03664,80.64313,82.36979,83.83818,79.25655,75.85455,0.0,36.66701,-0.00017137623,-88.57789,45.256943,-21.462044,15.641865,7.310043,272.56198,52.74048,101.30018,22.916159,31.862171,16.18749,0.0,0.0,0.37535703,0.31943128,0.37535703,0.40689686,0.34785748,0.36293802,0.0,0.45445722,0.0,0.0,0.0,0.0,0.0,0.0,0.0,0.0,0.0,0.0,0.0
78.01814,78.01814,81.603806,82.256325,79.88253,81.633255,83.1263,78.38591,75.04765,0.0,35.93463,-0.0001686681,-90.38056,46.635345,-22.801815,11.399998,6.5670357,275.0011,52.92644,101.42227,21.717327,33.203632,16.501396,0.0,0.0,0.36100233,0.30253378,0.35706133,0.3483691,0.32439858,0.49196866,0.0,0.41720912,0.0,0.0,0.0,0.0,0.0,0.0,0.0,0.0,0.0,0.0,0.0
77.29475,77.29475,80.86574,81.5348,79.088295,80.857925,82.352745,77.46172,74.11256,0.0,35.1957,-0.00016702748,-89.04079,46.155304,-23.809687,11.041327,6.699154,272.46503,54.61385,102.779785,22.633583,34.730522,17.195929,0.0,0.0,0.3298725,0.30058014,0.32440558,0.48299575,0.3194209,0.3568863,0.45471093,0.27193192,0.0,0.0,0.0,0.0,0.0,0.0,0.0,0.0,0.0,0.0,0.0
76.584984,76.584984,80.13583,80.79944,78.52049,80.204025,81.69254,77.01844,73.71853,0.0,34.463585,-0.00016425604,-87.17202,46.314117,-18.860493,12.271085,6.083352,265.87634,51.18492,99.994026,21.299067,33.268627,16.053257,0.0,0.0,0.31941628,0.3026097,0.31941628,0.43308088,0.30252397,0.31198937,0.40887043,0.26174825,0.0,0.0,0.0,0.0,0.0,0.0,0.0,0.0,0.0,0.0,0.0
75.84703,75.84703,79.41893,80.078606,77.72828,79.436134,80.904564,76.20681,72.9614,0.0,33.74917,-0.00016201181,-89.12393,46.428112,-20.36224,15.634249,5.332902,273.2778,52.51809,101.87012,22.4946,33.500156,16.0044,0.0,0.0,0.3025196,0.30806553,0.3025196,0.39999962,0.30085605,0.27382058,0.3547993,0.25129816,0.0,0.0,0.0,0.0,0.0,0.0,0.0,0.0,0.0,0.0,0.0
231.95135,167.7938,83.58804,85.40913,115.45438,90.13342,90.274956,108.13867,91.797295,0.0,36.538704,1864.9314,1411.0005,-26.08241,300.26367,88.670334,51.77905,-1602.3136,422.19196,-195.12749,-52.39673,78.21567,-30.38074,1864.9314,0.0,0.0,0.041493945,0.31978187,0.0,0.33517575,0.0,0.44015014,0.0,0.0,0.0,0.0,0.0,0.0,0.0,0.0,0.0,0.0,0.0,0.0
233.956,170.72351,87.87335,89.752144,119.55379,94.382576,94.55998,112.72348,96.70352,0.0,40.844147,1850.3633,1399.1212,-28.70629,299.35815,87.42043,51.09923,-1589.1653,417.3541,-194.36758,-51.90379,75.36934,-32.069397,1850.3633,0.0,0.0,0.050900962,0.36380017,0.0,0.029724438,0.42204058,0.3019598,0.46397936,0.0,0.0,0.0,0.0,0.0,0.0,0.0,0.0,0.0,0.0,0.0
84.46116,84.46116,87.951,88.74088,86.58728,88.27336,89.76983,85.33554,82.111664,0.0,42.271957,-0.00019038822,-81.29126,42.510056,-19.022593,10.701155,5.0105715,244.74687,46.245552,90.1527,18.685406,30.14984,14.524087,0.0,0.0,0.0,0.30986613,0.35156476,0.0,0.0164441,0.34496206,0.0,0.42026117,0.0,0.0,0.0,0.0,0.0,0.0,0.0,0.0,0.0,0.0,0.0
83.78874,83.78874,87.29223,88.09522,85.84427,87.55123,89.04863,84.63578,81.39853,0.0,41.61432,-0.00018841145,-82.63846,42.098663,-20.30873,10.503063,5.2127714,248.36005,48.125008,92.689255,20.174397,29.582863,14.479644,0.0,0.0,0.0,0.32530525,0.30240893,0.0,0.02948747,0.38536057,0.0,0.43864635,0.0,0.0,0.0,0.0,0.0,0.0,0.0,0.0,0.0,0.0,0.0
83.18958,83.18958,86.629585,87.46411,85.37713,87.04175,88.520256,84.33215,81.13156,0.0,40.94697,-0.00018641795,-76.204666,41.094185,-17.61825,14.03372,4.6407304,232.96408,44.5554,86.4501,18.12388,27.349401,13.234314,0.0,0.0,0.0,0.32173765,0.3008314,0.0,0.09627966,0.4352333,0.0,0.40556037,0.0,0.0,0.0,0.0,0.0,0.0,0.0,0.0,0.0,0.0,0.0
82.56801,82.56801,86.003044,86.83179,84.65409,86.326645,87.81301,83.516846,80.29999,0.0,40.32099,-0.0001838996,-75.68191,41.279987,-18.148293,12.66894,4.9015265,234.85219,47.3193,90.10248,19.63735,28.628073,13.844341,0.0,0.0,0.0,0.33770195,0.30257803,0.0,0.3252947,0.13128352,0.0,0.09736683,0.0,0.0,0.0,0.0,0.0,0.0,0.0,0.0,0.0,0.0,0.0
81.91505,81.91505,85.37192,86.2355,84.058655,85.746346,87.234924,82.94532,79.76185,0.0,39.68994,-0.00018135147,-77.957794,40.14993,-19.124374,12.26038,4.35188,235.11746,45.769627,88.02182,19.278805,28.301489,13.626232,0.0,0.0,0.30984792,0.33563024,0.31429508,0.0,0.3217272,0.120931745,0.0,0.092533596,0.0,0.0,0.0,0.0,0.0,0.0,0.0,0.0,0.0,0.0,0.0
81.270226,81.270226,84.738014,85.539734,83.38281,85.05495,86.54662,82.28669,79.087204,0.0,39.058178,-0.00018084003,-79.075035,42.138485,-18.120613,11.668799,4.6224174,242.17377,46.610764,90.37221,19.130314,28.06437,13.538694,0.0,0.0,0.3252853,0.33534124,0.3248644,0.0,0.33769095,0.29209563,0.0,0.102077164,0.0,0.0,0.0,0.0,0.0,0.0,0.0,0.0,0.0,0.0,0.0
80.646225,80.646225,84.08999,84.97566,82.82559,84.518394,85.995766,81.58903,78.37357,0.0,38.40745,-0.00017773185,-76.5989,39.41892,-19.444109,14.221991,4.879477,233.22943,44.783314,85.7659,18.864922,29.952082,14.440629,0.0,0.0,0.3217179,0.32790416,0.32344767,0.0,0.3354788,0.33536157,0.0,0.11122207,0.0,0.0,0.0,0.0,0.0,0.0,0.0,0.0,0.0,0.0,0.0
79.97953,79.97953,83.461,84.2997,82.07098,83.77208,85.25847,80.83627,77.52746,0.0,37.78076,-0.00017563513,-80.45595,40.959522,-19.955126,12.6636305,6.1985345,240.86472,47.17667,90.60854,20.071833,29.927645,14.928425,0.0,0.0,0.33768117,0.3374043,0.33768117,0.018440947,0.33547395,0.33999172,0.0,0.31277883,0.0,0.0,0.0,0.0,0.0,0.0,0.0,0.0,0.0,0.0,0.0
79.33332,79.33332,82.81289,83.62668,81.386986,83.121185,84.60881,80.17655,76.94935,0.0,37.133553,-0.0001735168,-80.26553,41.75682,-21.889175,12.436655,5.061557,243.805,48.173847,90.72096,19.619564,29.608557,14.574064,0.0,0.0,0.33546567,0.3292483,0.33546937,0.22806312,0.32789353,0.3151562,0.0,0.2388875,0.0,0.0,0.0,0.0,0.0,0.0,0.0,0.0,0.0,0.0,0.0
78.65846,78.65846,82.15454,82.89924,80.60638,82.31129,83.800316,79.183914,75.98414,0.0,36.478447,-0.00017137623,-81.90972,43.903603,-20.18575,12.176827,4.627313,254.08778,50.875885,96.662346,21.153393,32.30486,15.32172,0.0,0.0,0.3354608,0.32624304,0.33480406,0.23040824,0.3373933,0.30194804,0.0,0.24729748,0.0,0.0,0.0,0.0,0.0,0.0,0.0,0.0,0.0,0.0,0.0
77.95772,77.95772,81.470924,82.16467,79.89027,81.591095,83.06158,78.475685,75.25747,0.0,35.795708,-0.000168668,-83.58606,45.430786,-19.938034,15.32086,4.9228606,256.8199,51.25819,98.050255,21.229849,32.208126,15.352205,0.0,0.0,0.32788402,0.31628254,0.32974052,0.25204274,0.3292376,0.25057626,0.0,0.25769457,0.0,0.0,0.0,0.0,0.0,0.0,0.0,0.0,0.0,0.0,0.0
77.289825,77.289825,80.782364,81.5561,79.33189,81.020325,82.507515,77.91349,74.58191,0.0,35.10563,-0.00016647378,-81.55951,43.01236,-19.171276,12.516251,6.4850397,252.09622,48.47651,93.51845,20.212452,32.255028,15.838775,0.0,0.0,0.33546013,0.31376934,0.33215246,0.3289799,0.32623243,0.20250477,0.22005625,0.25405252,0.0,0.0,0.0,0.0,0.0,0.0,0.0,0.0,0.0,0.0,0.0
76.60416,76.60416,80.10508,80.83748,78.550026,80.26702,81.75452,77.19991,73.90001,0.0,34.42824,-0.00016481544,-82.38662,44.276424,-20.903141,12.461247,6.0831695,251.75952,50.926994,96.46379,20.858835,31.407038,15.508649,0.0,0.0,0.32837006,0.31814572,0.32687023,0.3324299,0.3162723,0.21969578,0.23225936,0.23273988,0.0,0.0,0.0,0.0,0.0,0.0,0.0,0.0,0.0,0.0,0.0
75.89479,75.89479,79.42645,80.12379,77.8468,79.57178,81.053024,76.40874,73.18118,0.0,33.75176,-0.00016201437,-85.360054,45.324677,-21.36516,13.5706005,5.0668964,258.44705,50.773445,97.09749,20.631483,32.495743,15.61834,0.0,0.0,0.32248318,0.3184625,0.317011,0.32813326,0.31375918,0.2209837,0.24477467,0.24234928,0.0,0.0,0.0,0.0,0.0,0.0,0.0,0.0,0.0,0.0,0.0
232.1342,168.06097,83.56431,85.59119,116.77014,90.826645,90.98374,109.70273,93.29971,0.0,36.472946,1863.6073,1413.5388,-34.65597,304.00366,88.12995,51.90855,-1629.466,417.85718,-209.70863,-56.705666,76.77092,-32.44961,1863.6073,0.0,0.0,0.044292636,0.3280557,0.0,0.33284813,0.0034861234,0.33239847,9.039694e-05,0.0,0.0,0.0,0.0,0.0,0.0,0.0,0.0,0.0,0.0,0.0
234.27579,171.19098,87.92246,89.91574,120.78919,95.00958,95.1852,114.00847,97.639725,0.0,40.851345,1848.0286,1402.7966,-33.38573,303.02292,87.482994,51.83657,-1616.4323,414.15173,-206.2264,-55.724155,75.07342,-32.838284,1848.0286,0.0,0.0,0.048721682,0.33146626,0.0,0.031747896,0.3357021,0.32716596,0.33124232,0.0,0.0,0.0,0.0,0.0,0.0,0.0,0.0,0.0,0.0,0.0
84.58467,84.58467,87.997894,88.92333,86.850204,88.514915,90.009605,85.79602,82.56124,0.0,42.31187,-0.00019038822,-73.34772,38.073444,-17.624065,11.067925,5.17587,221.24605,42.327168,81.94747,17.483946,27.479443,13.464827,0.0,0.0,0.0,0.33830887,0.3293289,1.637551e-07,8.8381585e-06,0.32946226,1.524375e-08,0.33077723,0.0,0.0,0.0,0.0,0.0,0.0,0.0,0.0,0.0,0.0,0.0
84.03429,84.03429,87.40697,88.41565,86.3085,87.99195,89.497154,85.314445,82.098656,0.0,41.717377,-0.00018841145,-68.83227,35.11603,-18.855316,8.707933,4.8847303,208.39928,42.073067,78.91294,17.586554,26.621675,13.143866,0.0,0.0,0.0,0.3504275,0.32504714,1.6587235e-07,0.031647716,0.3318441,4.9456936e-08,0.32622284,0.0,0.0,0.0,0.0,0.0,0.0,0.0,0.0,0.0,0.0,0.0
83.53099,83.53099,86.85153,87.91627,85.99274,87.6207,89.118126,85.16103,81.96508,0.0,41.157406,-0.00018842045,-62.62417,32.99907,-14.966672,10.498078,4.5639906,190.99135,36.217587,70.13731,14.816407,24.17801,11.809199,0.0,0.0,0.0,0.3671437,0.31386706,1.7461193e-07,0.047230277,0.3234499,7.711875e-08,0.27272567,0.0,0.0,0.0,0.0,0.0,0.0,0.0,0.0,0.0,0.0,0.0
83.06561,83.06561,86.34278,87.481,85.59316,87.2293,88.7302,84.913704,81.69881,0.0,40.64421,-0.00018641795,-57.029312,30.034002,-15.591435,9.732931,4.870867,172.49449,33.962616,64.02146,13.597896,21.677393,11.052187,0.0,0.0,0.0,0.39338362,0.31387416,1.6498417e-07,0.33829388,0.31270227,9.498091e-08,0.12655003,0.0,0.0,0.0,0.0,0.0,0.0,0.0,0.0,0.0,0.0,0.0
82.64854,82.64854,85.88317,87.08644,85.290245,86.901115,88.3998,84.71373,81.57214,0.0,40.180714,-0.00018490986,-51.045395,27.183624,-13.5834255,10.226776,3.5640821,154.83781,29.711843,56.51759,11.779359,19.837313,9.729674,0.0,0.0,0.0,0.42706886,0.31827143,1.7752278e-07,0.35041103,0.14267364,1.10223056e-07,0.10222238,0.0,0.0,0.0,0.0,0.0,0.0,0.0,0.0,0.0,0.0,0.0
82.27047,82.27047,85.47068,86.74349,84.988556,86.59518,88.10257,84.51624,81.39436,0.0,39.764664,-0.00018339235,-45.723625,23.822979,-13.220598,8.143147,3.1368158,136.98207,26.552351,49.744446,10.321465,17.812725,8.802326,0.0,0.0,0.3382841,0.46673214,0.33866805,1.7701487e-07,0.3671264,0.14983653,1.216192e-07,0.09568149,0.0,0.0,0.0,0.0,0.0,0.0,0.0,0.0,0.0,0.0,0.0
81.9421,81.9421,85.10563,86.42442,84.73579,86.32441,87.83417,84.366035,81.2821,0.0,39.396587,-0.00018237434,-39.398468,21.359306,-11.578721,7.497908,2.1258407,120.09699,23.071417,43.014706,8.466009,15.606962,7.5247607,0.0,0.0,0.3504009,0.5172415,0.3504009,1.8754172e-07,0.3736637,0.15034878,1.3182755e-07,0.109279945,0.0,0.0,0.0,0.0,0.0,0.0,0.0,0.0,0.0,0.0,0.0
81.639084,81.639084,84.78464,86.13615,84.467155,86.05571,87.56798,84.15261,81.078606,0.0,39.073887,-0.00018083816,-35.960953,19.44745,-11.571823,6.752495,1.7850635,109.58866,21.330458,38.863823,7.5386615,14.302151,6.9421287,0.0,0.0,0.35578224,0.578822,0.36173013,1.885315e-07,0.39335942,0.17272782,1.396114e-07,0.09673418,0.0,0.0,0.0,0.0,0.0,0.0,0.0,0.0,0.0,0.0,0.0
81.348694,81.348694,84.49076,85.8586,84.18621,85.776566,87.294235,83.897255,80.806946,0.0,38.77942,-0.000180323,-35.261635,18.43067,-11.744848,4.8403716,2.3215468,105.7439,20.830736,37.624825,7.369126,13.661795,6.8726087,0.0,0.0,0.36711046,0.6267258,0.36711046,1.9842565e-07,0.4270425,0.33135876,1.4706161e-07,0.09897258,0.0,0.0,0.0,0.0,0.0,0.0,0.0,0.0,0.0,0.0,0.0
81.081314,81.081314,84.208046,85.5947,83.94735,85.527824,87.041336,83.671974,80.60294,0.0,38.495285,-0.00017877245,-32.030376,17.196081,-10.765488,6.3544364,1.5915736,95.99021,19.256115,34.625168,6.858718,13.311282,6.4435873,0.0,0.0,0.3768467,0.64663106,0.39334804,2.0340937e-07,0.42703635,0.33470517,1.5390302e-07,0.17648521,0.0,0.0,0.0,0.0,0.0,0.0,0.0,0.0,0.0,0.0,0.0
80.819756,80.819756,83.94963,85.31951,83.68131,85.26069,86.77506,83.43751,80.3729,0.0,38.23736,-0.00017721488,-32.71397,18.300076,-10.651961,6.066916,1.4008431,99.460976,19.51058,35.415478,6.419686,12.464188,6.068493,0.0,0.0,0.39334235,0.7042841,0.39334235,2.0230625e-07,0.46669662,0.33027673,1.5963947e-07,0.3312056,0.0,0.0,0.0,0.0,0.0,0.0,0.0,0.0,0.0,0.0,0.0
80.54709,80.54709,83.681946,85.04445,83.406425,84.98384,86.49528,83.13128,80.0624,0.0,37.970104,-0.00017721168,-33.77368,18.767721,-10.446711,7.007199,1.5855548,102.436325,19.635527,36.229816,6.655404,13.305263,6.4096403,0.0,0.0,0.40357038,0.6824712,0.427024,1.9923463e-07,0.47137025,0.3274083,1.6405296e-07,0.3038673,0.0,0.0,0.0,0.0,0.0,0.0,0.0,0.0,0.0,0.0,0.0
80.25452,80.25452,83.4051,84.74427,83.06003,84.64588,86.15792,82.72963,79.62837,0.0,37.694855,-0.0001766862,-36.949703,20.186384,-11.307366,6.820865,2.6288562,112.80114,22.485542,41.311897,8.308361,14.687001,7.307812,0.0,0.0,0.4270178,0.6649484,0.4310462,0.19199304,0.51719505,0.3245581,1.6536254e-07,0.30119276,0.0,0.0,0.0,0.0,0.0,0.0,0.0,0.0,0.0,0.0,0.0
79.9118,79.9118,83.09931,84.40587,82.66579,84.27565,85.79148,82.235985,79.137276,0.0,37.391758,-0.00017510763,-43.623207,22.038097,-13.498384,5.551422,2.5599794,128.63297,24.95093,46.147907,9.388562,16.928217,8.319029,0.0,0.0,0.46667635,0.611128,0.46667635,0.23942944,0.5787699,0.32010505,1.6536013e-07,0.29575098,0.0,0.0,0.0,0.0,0.0,0.0,0.0,0.0,0.0,0.0,0.0
79.54268,79.54268,82.75117,84.01706,82.22559,83.83161,85.345604,81.74488,78.64375,0.0,37.04612,-0.00017404847,-47.050114,24.17541,-13.168479,6.1953855,2.6251981,142.02193,28.045181,52.63494,11.31288,17.983109,8.703946,0.0,0.0,0.5171801,0.54566175,0.5171801,0.23846793,0.6266699,0.31871992,1.6535775e-07,0.30479327,0.0,0.0,0.0,0.0,0.0,0.0,0.0,0.0,0.0,0.0,0.0
79.09823,79.09823,82.36372,83.518074,81.62014,83.25867,84.76339,80.9299,77.764656,0.0,36.664505,-0.00017244936,-55.44124,29.34932,-15.770274,8.828633,4.0252066,169.67679,34.160927,63.562927,13.701294,21.862429,10.822989,0.0,0.0,0.5787532,0.5016879,0.5787532,0.26476648,0.6748323,0.32091197,1.6535536e-07,0.3049294,0.0,0.0,0.0,0.0,0.0,0.0,0.0,0.0,0.0,0.0,0.0
78.58705,78.58705,81.90173,82.914444,80.962204,82.63198,84.13037,80.1353,76.94491,0.0,36.20858,-0.0001713784,-61.894703,34.967712,-17.963858,10.290105,4.470574,194.82008,39.01431,72.067604,14.463412,24.10254,11.993063,0.0,0.0,0.62665176,0.4328313,0.6346713,0.3708023,0.68242025,0.18715015,1.6535296e-07,0.31446177,0.0,0.0,0.0,0.0,0.0,0.0,0.0,0.0,0.0,0.0,0.0
77.9822,77.9822,81.37177,82.297745,80.22685,81.88635,83.368515,79.27553,76.09945,0.0,35.685097,-0.00016975575,-70.743835,38.054985,-17.268728,13.412542,4.222014,218.94226,42.933456,82.05481,17.815744,25.997416,12.561345,0.0,0.0,0.7042111,0.3871938,0.6993412,0.39960715,0.61109084,0.22437488,6.2727384e-05,0.33993456,0.0,0.0,0.0,0.0,0.0,0.0,0.0,0.0,0.0,0.0,0.0
77.30566,77.30566,80.77515,81.55367,79.32868,81.01901,82.487305,78.10332,74.81234,0.0,35.096794,-0.00016702447,-79.248375,42.86389,-19.290434,15.656881,5.965884,246.95932,48.96968,93.28614,20.549137,29.805243,14.744594,0.0,0.0,0.66488916,0.35326153,0.64651674,0.43807703,0.50166416,0.22524646,0.23778114,0.38705635,0.0,0.0,0.0,0.0,0.0,0.0,0.0,0.0,0.0,0.0,0.0
76.596306,76.596306,80.10777,80.86046,78.59715,80.29976,81.77437,77.264626,73.92176,0.0,34.43321,-0.00016425604,-83.41706,43.659992,-20.046427,14.670721,6.6230702,258.84656,49.53901,95.30902,20.916883,31.185453,15.5598135,0.0,0.0,0.5456202,0.32217097,0.5277015,0.5209821,0.41769242,0.2427989,0.26010185,0.44604897,0.0,0.0,0.0,0.0,0.0,0.0,0.0,0.0,0.0,0.0,0.0
75.80266,75.80266,79.40443,79.98148,77.53756,79.2952,80.7662,75.832245,72.523735,0.0,33.737686,-0.00016144669,-91.83219,48.774036,-23.174726,15.240293,6.194635,282.03284,55.97816,106.39984,23.202833,35.628468,17.307104,0.0,0.0,0.4328046,0.31101254,0.4328046,0.5829006,0.35325003,0.29067448,0.37789816,0.48405385,0.0,0.0,0.0,0.0,0.0,0.0,0.0,0.0,0.0,0.0,0.0
231.35054,166.91591,83.613045,85.300735,113.944016,89.40594,89.58856,105.740776,89.44486,0.0,36.628242,1869.2756,1403.0979,-18.905247,295.50333,87.23727,51.683365,-1559.8257,424.78836,-178.75056,-47.290344,83.20424,-25.811045,1869.2756,0.0,0.0,0.04169208,0.5397465,0.0,0.6194969,0.024710786,0.4850167,8.9246197e-07,0.0,0.0,0.0,0.0,0.0,0.0,0.0,0.0,0.0,0.0,0.0
233.2596,169.70563,87.76309,89.39531,116.73709,93.01433,93.236404,108.6424,91.93163,0.0,40.81952,1855.437,1391.1194,-15.119815,290.47528,85.842476,52.55108,-1532.1635,424.77463,-166.1226,-42.996094,82.607956,-22.204744,1855.437,0.0,0.0,0.07131329,0.6398043,0.0,0.044441126,0.49679905,0.26059496,0.4553586,0.0,0.0,0.0,0.0,0.0,0.0,0.0,0.0,0.0,0.0,0.0
84.09639,84.09639,87.84411,88.199265,85.39145,87.173515,88.65147,83.162224,79.665146,0.0,42.194393,-0.00018940396,-104.19653,54.64602,-24.45313,14.126043,8.312053,327.60626,65.42839,124.80181,28.355368,41.173847,20.229527,0.0,0.0,0.0,0.26537052,0.56782496,0.0,0.042729236,0.5868594,0.0,0.5122412,0.0,0.0,0.0,0.0,0.0,0.0,0.0,0.0,0.0,0.0,0.0
83.15701,83.15701,86.96152,87.21078,84.491356,86.25938,87.73296,82.13085,78.7257,0.0,41.31411,-0.00018591655,-108.680115,57.265854,-23.725636,14.833798,7.34516,333.37088,64.6327,125.76721,27.340094,42.46577,20.323492,0.0,0.0,0.0,0.2629149,0.35322958,0.0,0.03780116,0.40129334,0.0,0.38463396,0.0,0.0,0.0,0.0,0.0,0.0,0.0,0.0,0.0,0.0,0.0
82.27334,82.27334,86.0669,86.36858,83.54972,85.38533,86.84886,81.23433,77.80305,0.0,40.418335,-0.00018288399,-107.828896,55.982002,-27.073908,16.364485,7.6306,330.4856,65.80404,125.138596,27.951893,42.02562,20.502913,0.0,0.0,0.0,0.25974682,0.3221419,0.0,0.26363614,0.1501811,0.0,0.14735475,0.0,0.0,0.0,0.0,0.0,0.0,0.0,0.0,0.0,0.0,0.0
81.4327,81.4327,85.18207,85.53614,82.884514,84.607574,86.0513,80.90917,77.39449,0.0,39.530315,-0.00018032358,-104.3293,54.673584,-21.255133,19.069544,8.486462,322.4333,62.201324,121.820694,27.44339,38.57153,19.104362,0.0,0.0,0.26522493,0.26131696,0.2641738,0.0,0.2613825,0.19268031,0.0,0.102417,0.0,0.0,0.0,0.0,0.0,0.0,0.0,0.0,0.0,0.0,0.0
80.51648,80.51648,84.31425,84.65913,81.85447,83.67492,85.147255,79.57701,76.22039,0.0,38.663933,-0.00017668626,-108.15673,54.90505,-26.354609,15.031878,6.788306,326.08444,64.55841,123.838745,27.838152,41.652523,20.028452,0.0,0.0,0.2629051,0.2658497,0.26189998,0.0,0.26062003,0.5191249,0.0,0.05445492,0.0,0.0,0.0,0.0,0.0,0.0,0.0,0.0,0.0,0.0,0.0
79.731606,79.731606,83.44511,83.97909,81.23042,83.01136,84.489044,79.425934,76.157845,0.0,37.78774,-0.00017405055,-101.414,49.96,-24.395697,14.1708355,5.655434,307.8228,61.205467,117.33852,27.519814,36.73274,17.65279,0.0,0.0,0.25978833,0.263765,0.2601335,0.007229596,0.2627534,0.41045266,0.0,0.19653249,0.0,0.0,0.0,0.0,0.0,0.0,0.0,0.0,0.0,0.0,0.0
78.98364,78.98364,82.6231,83.16296,80.68027,82.423996,83.908325,78.907394,75.63468,0.0,36.960613,-0.00017244868,-95.15593,49.799652,-22.419535,13.033774,5.7192893,293.9787,56.853527,109.522385,23.861626,36.383804,17.382797,0.0,0.0,0.26120937,0.2746796,0.26120937,0.18806139,0.2652095,0.42058843,0.0,0.1986143,0.0,0.0,0.0,0.0,0.0,0.0,0.0,0.0,0.0,0.0,0.0
78.25608,78.25608,81.84037,82.490204,80.1347,81.86544,83.34014,78.57945,75.30746,0.0,36.17069,-0.00017029667,-90.25563,46.71278,-21.693865,14.655794,5.709434,273.51685,52.581947,101.58247,22.074018,33.899765,16.378796,0.0,0.0,0.26583728,0.28385743,0.26583728,0.19876122,0.26388416,0.34537742,0.0,0.19557267,0.0,0.0,0.0,0.0,0.0,0.0,0.0,0.0,0.0,0.0,0.0
77.55382,77.55382,81.10871,81.80715,79.4482,81.19419,82.680504,78.19274,74.92033,0.0,35.435745,-0.0001675765,-87.54975,45.29187,-22.54401,12.677325,5.715312,263.731,52.19802,99.35086,21.656553,30.198214,15.068786,0.0,0.0,0.26388034,0.29912454,0.26388034,0.22700341,0.27467072,0.21847229,0.059620894,0.19368555,0.0,0.0,0.0,0.0,0.0,0.0,0.0,0.0,0.0,0.0,0.0
76.89887,76.89887,80.40388,81.19858,78.90876,80.596985,82.08165,77.90831,74.69675,0.0,34.727097,-0.00016425857,-82.78667,42.35947,-19.158342,12.974287,4.818011,251.93753,49.30781,95.26568,21.481245,26.713917,13.181135,0.0,0.0,0.27466676,0.30726293,0.27466676,0.26177752,0.28384826,0.17788126,0.18805322,0.192555,0.0,0.0,0.0,0.0,0.0,0.0,0.0,0.0,0.0,0.0,0.0
76.286835,76.286835,79.73118,80.5449,78.37195,80.04823,81.54517,77.25682,74.07605,0.0,34.050137,-0.0001636967,-76.65898,41.759018,-18.393044,10.601006,4.3046927,238.22757,47.344997,90.36723,19.262037,28.32609,13.561935,0.0,0.0,0.28384414,0.31791136,0.28384414,0.26497135,0.29911485,0.17802072,0.20109546,0.19323927,0.0,0.0,0.0,0.0,0.0,0.0,0.0,0.0,0.0,0.0,0.0
231.10936,166.56355,81.43532,83.46206,114.83867,88.692764,88.8758,108.02328,91.77905,0.0,34.33819,1871.0166,1419.036,-34.650692,305.2112,87.22282,51.57436,-1633.1652,419.65616,-209.61203,-56.873146,75.2804,-33.945415,1871.0166,0.0,0.0,0.31559762,0.28519636,0.26864767,0.29027307,0.042306982,0.19603519,0.0,0.0,0.0,0.0,0.0,0.0,0.0,0.0,0.0,0.0,0.0,0.0
233.49173,170.04489,85.821526,87.90803,119.51448,93.253654,93.42441,112.76675,96.65436,0.0,38.72653,1853.7474,1411.1544,-36.816998,305.89508,87.65322,51.29553,-1631.7992,414.68958,-213.0365,-57.678654,74.87594,-34.690952,1853.7474,0.0,0.0,0.044755723,0.2638882,0.0,0.039384365,0.16826957,0.26473057,0.19829726,0.0,0.0,0.0,0.0,0.0,0.0,0.0,0.0,0.0,0.0,0.0
84.88213,84.88213,88.297966,89.18237,87.10712,88.743484,90.2301,86.08731,82.87016,0.0,42.61309,-0.00019186057,-73.630394,39.461323,-15.608752,12.621666,4.9061503,225.25389,43.49804,85.040016,18.299105,26.991789,13.036205,0.0,0.0,0.0,0.05502926,0.043559093,0.0,0.0,0.26386124,0.0,0.26472673,0.0,0.0,0.0,0.0,0.0,0.0,0.0,0.0,0.0,0.0,0.0
84.261024,84.261024,87.691864,88.56974,86.42626,88.137886,89.63224,85.311966,82.13243,0.0,42.00783,-0.00018890774,-75.23781,39.67812,-20.586662,11.1358385,4.2830796,228.16064,45.175312,85.01846,17.990515,28.314734,13.734999,0.0,0.0,0.0,0.34492308,0.26509953,1.689719e-06,0.018103532,0.26734188,2.6242847e-07,0.26235813,0.0,0.0,0.0,0.0,0.0,0.0,0.0,0.0,0.0,0.0,0.0
83.63229,83.63229,87.07633,87.90628,85.74608,87.405495,88.896225,84.55714,81.25025,0.0,41.39476,-0.00018741669,-76.62769,41.241467,-17.263525,11.853232,6.173942,236.44914,46.57851,89.87689,19.466297,29.323608,14.492365,0.0,0.0,0.0,0.3415285,0.29899132,2.0030345e-06,0.027694227,0.26876542,6.680488e-07,0.21594037,0.0,0.0,0.0,0.0,0.0,0.0,0.0,0.0,0.0,0.0,0.0
82.967804,82.967804,86.439255,87.25505,85.07473,86.76725,88.25553,83.9154,80.67657,0.0,40.75942,-0.00018641968,-79.4468,41.693348,-19.42691,12.315083,5.2362623,242.16136,46.76297,89.92434,19.257896,28.926914,14.170085,0.0,0.0,0.0,0.33230925,0.30421227,1.7301901e-06,0.345486,0.21382153,9.2305095e-07,0.19952765,0.0,0.0,0.0,0.0,0.0,0.0,0.0,0.0,0.0,0.0,0.0
82.30459,82.30459,85.78818,86.61334,84.41125,86.107704,87.59356,83.18918,79.91939,0.0,40.108727,-0.00018390125,-80.66807,41.394295,-19.670696,12.760815,5.679033,243.42969,46.77004,90.26724,19.656992,29.761965,14.654931,0.0,0.0,0.0,0.32632253,0.2060751,1.8779194e-06,0.3415174,0.14555883,1.1496552e-06,0.07103718,0.0,0.0,0.0,0.0,0.0,0.0,0.0,0.0,0.0,0.0,0.0
81.60448,81.60448,85.12897,85.83734,83.63162,85.30528,86.773575,82.40891,79.098564,0.0,39.454628,-0.00018032554,-84.674225,44.996872,-18.220842,15.655225,6.2181263,259.5292,48.86342,95.912994,20.500107,29.770327,14.744765,0.0,0.0,0.34490186,0.32503048,0.34468895,1.8942784e-06,0.33229843,0.14057076,1.330684e-06,0.08026723,0.0,0.0,0.0,0.0,0.0,0.0,0.0,0.0,0.0,0.0,0.0
80.86654,80.86654,84.42901,85.141495,82.7755,84.45655,85.93939,81.41616,78.11466,0.0,38.757267,-0.00017773127,-88.253815,44.874313,-18.701307,13.295159,6.1040072,267.40686,51.8409,101.492134,22.978447,31.522741,15.391053,0.0,0.0,0.34094334,0.30973968,0.3377386,1.7378011e-06,0.3262028,0.2677398,1.4296759e-06,0.10140636,0.0,0.0,0.0,0.0,0.0,0.0,0.0,0.0,0.0,0.0,0.0
80.14759,80.14759,83.70976,84.37258,82.06279,83.77388,85.24058,80.64954,77.33104,0.0,38.038742,-0.00017720972,-88.22654,46.33693,-20.555141,15.896388,6.3217473,269.55902,51.687214,100.14478,21.7526,32.19173,15.859034,0.0,0.0,0.32951602,0.30292794,0.32807413,1.696168e-06,0.3250199,0.2808079,1.497671e-06,0.295284,0.0,0.0,0.0,0.0,0.0,0.0,0.0,0.0,0.0,0.0,0.0
79.40191,79.40191,82.98394,83.62775,81.216095,82.957726,84.431694,79.577,76.184395,0.0,37.31443,-0.00017298946,-90.05085,46.886513,-22.303848,14.774084,7.2047386,274.01657,54.126945,103.44455,22.874903,34.874596,17.315065,0.0,0.0,0.3254945,0.3011354,0.32503226,0.24665177,0.3097296,0.28905633,1.5134285e-06,0.2830567,0.0,0.0,0.0,0.0,0.0,0.0,0.0,0.0,0.0,0.0,0.0
78.68919,78.68919,82.2494,82.905655,80.50848,82.23695,83.72904,78.683235,75.24709,0.0,36.578144,-0.00017137837,-88.04389,46.527153,-21.565706,11.58853,7.6827264,268.88068,54.006157,102.94715,22.53921,36.96016,18.21483,0.0,0.0,0.30972514,0.2975134,0.30972514,0.24246824,0.30275464,0.28785735,1.5134067e-06,0.24103136,0.0,0.0,0.0,0.0,0.0,0.0,0.0,0.0,0.0,0.0,0.0
77.98776,77.98776,81.529625,82.268265,79.93727,81.64355,83.13673,78.400314,75.17203,0.0,35.85566,-0.00016812429,-86.32739,44.08746,-20.267717,11.373018,5.078185,260.68677,50.835945,98.28536,21.744307,33.683872,15.989877,0.0,0.0,0.30274847,0.30169466,0.30274397,0.24417466,0.30112565,0.2683795,1.5133847e-06,0.22938012,0.0,0.0,0.0,0.0,0.0,0.0,0.0,0.0,0.0,0.0,0.0
77.329575,77.329575,80.83144,81.535126,79.334724,81.01951,82.49143,78.00383,74.6514,0.0,35.15519,-0.00016647455,-82.47876,45.13645,-18.940063,15.096843,6.738444,253.61226,49.429028,95.46022,20.119036,31.16494,15.513853,0.0,0.0,0.3011213,0.30870742,0.3011213,0.3087884,0.29750374,0.23175149,0.24613114,0.24034618,0.0,0.0,0.0,0.0,0.0,0.0,0.0,0.0,0.0,0.0,0.0
76.689026,76.689026,80.15346,80.95868,78.72133,80.4324,81.921074,77.467705,74.19868,0.0,34.47373,-0.00016536849,-78.73252,42.02819,-20.55417,12.243297,5.668481,242.53195,48.72993,91.89686,20.002163,30.174458,14.875825,0.0,0.0,0.29767415,0.31512654,0.29749945,0.323108,0.3016849,0.19821659,0.24205975,0.21314304,0.0,0.0,0.0,0.0,0.0,0.0,0.0,0.0,0.0,0.0,0.0
76.0822,76.0822,79.50722,80.411964,78.30917,80.00247,81.49715,77.10312,73.87886,0.0,33.82204,-0.00016257544,-74.61791,38.778606,-19.475332,11.071377,5.0164757,224.2053,43.441048,82.89937,17.507524,29.550655,14.33518,0.0,0.0,0.2999886,0.3259337,0.30166125,0.3147651,0.3086974,0.21211152,0.24534574,0.2191665,0.0,0.0,0.0,0.0,0.0,0.0,0.0,0.0,0.0,0.0,0.0
232.2002,168.1574,82.92888,85.13359,117.68736,90.82278,90.97335,111.26718,94.66473,0.0,35.794167,1863.1293,1419.9072,-40.81137,309.46646,88.35645,52.325706,-1657.0775,414.43713,-221.87134,-60.156033,72.89095,-35.714825,1863.1293,0.0,0.0,0.049442016,0.29764494,0.08114213,0.31849816,0.0025756704,0.32691175,1.1109245e-06,0.0,0.0,0.0,0.0,0.0,0.0,0.0,0.0,0.0,0.0,0.0
234.59087,171.6516,87.38555,89.70608,122.2077,95.61992,95.82688,115.97347,99.66792,0.0,40.24676,1845.7255,1411.527,-44.424675,307.83347,86.379,51.703644,-1659.658,410.12738,-228.19788,-62.240513,71.743286,-36.184444,1845.7255,0.0,0.0,0.049005497,0.30925992,0.0,0.03109272,0.3308657,0.30528432,0.28381962,0.0,0.0,0.0,0.0,0.0,0.0,0.0,0.0,0.0,0.0,0.0
84.88159,84.88159,88.14437,89.30954,87.47282,89.08599,90.58914,86.800934,83.65459,0.0,42.444206,-0.00019136927,-55.06758,28.882614,-13.776471,9.20871,3.6607223,165.44516,31.651587,60.97172,12.763633,21.54666,10.419721,0.0,0.0,0.0,0.4010664,0.13441612,1.8047251e-09,1.1684571e-07,0.3051332,1.1975061e-10,0.32165784,0.0,0.0,0.0,0.0,0.0,0.0,0.0,0.0,0.0,0.0,0.0
84.47478,84.47478,87.703415,88.93814,87.15569,88.778725,90.28645,86.63868,83.509995,0.0,41.999653,-0.00019038821,-50.153297,25.710302,-14.579197,8.054998,3.2897472,148.49553,28.127811,52.96315,10.679959,18.704065,9.303565,0.0,0.0,0.0,0.44125924,0.30326056,1.6903571e-09,0.018776044,0.31107473,4.082467e-10,0.32537678,0.0,0.0,0.0,0.0,0.0,442.7945,0.0,0.0,0.0,0.0,0.0
84.12762,84.12762,87.30796,88.60368,86.86595,88.469406,89.97874,86.46707,83.3716,0.0,41.600643,-0.00018940176,-42.3988,22.62433,-12.944642,7.6177115,2.470635,129.94444,25.659245,47.204697,9.768899,16.259428,7.9918942,0.0,0.0,0.0,0.4826521,0.29762775,1.9027986e-09,0.031161465,0.3136378,6.5014966e-10,0.29257095,0.0,0.0,0.0,0.0,0.0,509.74954,0.0,0.0,0.0,0.0,0.0
83.808815,83.808815,86.96118,88.2932,86.608406,88.19612,89.70512,86.28871,83.19658,0.0,41.25148,-0.00018741726,-37.29459,20.60442,-11.490604,7.710449,2.3750918,116.15607,22.78052,41.769333,8.378504,14.42811,7.1472006,0.0,0.0,0.0,0.5403333,0.3016525,1.8690078e-09,0.031161014,0.31712246,8.2388224e-10,0.26081672,0.0,0.0,0.0,0.0,0.0,571.9334,0.0,0.0,0.0,0.0,0.0
83.51581,83.51581,86.651,88.008354,86.36313,87.93847,89.45451,86.06418,82.98835,0.0,40.93937,-0.00018741893,-33.84415,19.088388,-10.225671,5.4734015,1.8515319,103.82728,20.30144,37.482452,6.8814073,13.914806,6.6884546,0.0,0.0,0.0,0.5951419,0.30866614,1.8687891e-09,0.04256654,0.32152852,9.573411e-10,0.26062885,0.0,0.0,0.0,0.0,0.0,646.35803,0.0,0.0,0.0,0.0,0.0
83.24154,83.24154,86.37247,87.75137,86.09902,87.67572,89.19116,85.83117,82.74917,0.0,40.66038,-0.00018691819,-32.939857,17.713476,-10.370385,5.69216,2.063108,100.75245,19.739786,36.11079,7.179684,13.113633,6.4600515,0.0,0.0,0.0,0.6564762,0.30866167,1.8670057e-09,0.4108049,0.30351052,1.0696983e-09,0.1406077,0.0,0.0,0.0,0.0,0.0,720.28217,0.0,0.0,0.0,0.0,0.0
82.97472,82.97472,86.102036,87.47844,85.83366,87.41225,88.928116,85.586044,82.51674,0.0,40.38966,-0.00018541412,-32.159264,17.87738,-10.570244,5.538345,1.6029575,98.732216,19.657776,35.491306,6.711705,12.568873,6.1482396,0.0,0.0,0.0,0.6741109,0.31272903,1.9196185e-09,0.44122568,0.30593398,1.1690559e-09,0.07568208,0.0,0.0,0.0,0.0,0.0,747.642,0.0,0.0,0.0,0.0,0.0
82.70217,82.70217,85.83573,87.18721,85.53053,87.112625,88.62407,85.26641,82.19589,0.0,40.124363,-0.0001844056,-33.501007,19.44948,-10.930525,7.001315,1.6513723,105.567345,21.315544,38.378906,7.313497,13.014696,6.3627543,0.0,0.0,0.0,0.6862949,0.08927729,1.948957e-09,0.48261535,0.15727691,1.2566942e-09,0.06465757,0.0,0.0,0.0,0.0,0.0,760.6917,0.0,0.0,0.0,0.0,0.0
82.38512,82.38512,85.54995,86.87609,85.17121,86.76874,88.28184,84.854454,81.75835,0.0,39.840702,-0.00018339176,-39.637753,20.942719,-12.413687,6.487823,2.4881353,118.88221,23.44044,43.014103,8.624507,14.356551,7.2445006,0.0,0.0,0.40101966,0.6469476,0.4412129,1.8892303e-09,0.4836919,0.15274067,1.3301142e-09,0.06442355,0.0,0.0,0.0,0.0,0.0,703.4579,0.0,0.0,351.55328,0.0,0.0
82.04461,82.04461,85.228645,86.531364,84.78912,86.39152,87.90364,84.39445,81.29853,0.0,39.521263,-0.0001818629,-43.03275,22.246838,-12.851013,6.796343,2.4829783,129.6046,25.381721,47.10444,9.867093,16.166649,7.9522057,0.0,0.0,0.4412065,0.5832913,0.44328946,1.929639e-09,0.5402846,0.13197203,1.4063261e-09,0.07803424,0.0,0.0,0.0,0.0,0.0,627.65326,0.0,0.0,329.59015,0.0,0.0
81.663,81.663,84.87699,86.09958,84.32067,85.93019,87.44085,83.81174,80.68819,0.0,39.173016,-0.00018032549,-47.914566,26.28716,-13.468774,7.234649,3.1749752,147.43356,29.075953,54.35672,10.908927,18.545706,9.109131,0.0,0.0,0.4825944,0.54153603,0.4825944,1.873312e-09,0.59508884,0.124172926,1.4725274e-09,0.07262869,0.0,0.0,0.0,0.0,0.0,573.1507,0.0,0.0,388.43314,0.0,0.0
81.20392,81.20392,84.47551,85.59819,83.7114,85.34449,86.84822,82.9766,79.82244,0.0,38.77686,-0.00018032551,-56.276245,30.681467,-15.360567,9.069214,3.815056,172.1437,34.663265,64.96678,13.575611,22.613749,10.999486,0.0,0.0,0.54026896,0.48555225,0.54026896,1.7643477e-09,0.67350197,0.13129714,1.5193828e-09,0.07889071,0.0,0.0,0.0,0.0,0.0,496.68088,0.0,0.0,424.0859,0.0,0.0
80.67847,80.67847,84.006584,85.04069,83.03532,84.700134,86.20652,82.172554,78.97124,0.0,38.314304,-0.00017773127,-63.558823,34.170063,-17.631544,8.40872,4.652534,198.2252,39.583977,73.84779,15.689211,24.661396,12.233894,0.0,0.0,0.5950716,0.427135,0.65587854,1.7112987e-09,0.66556674,0.31103534,1.5561566e-09,0.07724553,0.0,0.0,0.0,0.0,0.0,415.56534,0.0,0.0,534.6505,0.0,0.0
80.09542,80.09542,83.47088,84.44977,82.40699,84.05168,85.54569,81.57558,78.33588,0.0,37.78167,-0.00017563449,-69.15005,36.19818,-16.222553,11.206131,5.249128,209.80652,40.963757,79.10267,17.274773,24.173452,12.158953,0.0,0.0,0.67404103,0.38127458,0.6846131,0.06418568,0.5819792,0.30513012,1.5792158e-09,0.08264301,0.0,0.0,0.0,0.0,136.45163,365.589,0.0,0.0,547.5139,0.0,0.0
79.42431,79.42431,82.896996,83.71322,81.49071,83.16973,84.66292,80.35245,77.030396,0.0,37.21792,-0.0001740505,-79.57213,41.679565,-18.570839,11.37172,6.3664436,244.62407,47.839714,92.14429,20.245188,28.641811,14.413448,0.0,0.0,0.64689004,0.36456546,0.60537213,0.31602263,0.48552933,0.30681133,1.5791929e-09,0.061058823,0.0,0.0,0.0,0.0,144.59589,341.30255,0.0,0.0,465.2464,0.0,0.0
78.699165,78.699165,82.23522,82.937325,80.62796,82.35551,83.842155,79.2997,75.97208,0.0,36.560608,-0.0001719135,-85.77838,45.183556,-21.512747,12.617563,6.4358463,258.68683,51.35144,98.04572,21.084383,31.131554,15.585073,0.0,0.0,0.5414948,0.32386142,0.52251697,0.3891673,0.41506222,0.2796873,1.57917e-09,0.015742337,0.0,0.0,0.0,0.0,159.92445,292.99637,0.0,0.0,392.65982,0.0,0.0
77.89685,77.89685,81.528984,82.08637,79.59227,81.325134,82.80555,77.87405,74.457504,0.0,35.865513,-0.00016812123,-94.517815,49.3185,-21.813755,13.712197,7.470718,291.25873,56.88073,109.68502,24.291618,35.77386,17.711668,0.0,0.0,0.42710868,0.31052685,0.42710868,0.46224687,0.36455357,0.34803882,1.5791473e-09,0.015016874,0.0,0.0,0.0,0.0,212.5342,275.36075,0.0,0.0,293.5997,0.0,0.0
77.06937,77.06937,80.744,81.25234,78.69972,80.492775,81.973915,76.85097,73.516655,0.0,35.082897,-0.00016647376,-98.17147,50.654453,-25.010027,13.589034,6.518708,297.76944,58.342175,111.298935,24.252573,37.216553,18.158854,0.0,0.0,0.3770087,0.2845878,0.3703237,0.47313422,0.3238509,0.39564186,0.00011589932,7.120186e-10,0.0,0.0,0.0,0.0,210.72868,246.14064,0.0,127.42646,250.02008,0.0,0.0
76.2493,76.2493,79.940384,80.40873,77.827446,79.55132,81.00952,75.97446,72.57308,0.0,34.282787,-0.0001620186,-99.55488,51.72186,-21.302057,17.12894,7.303087,307.2127,59.492725,115.88478,26.160124,37.262524,18.16747,0.0,0.0,0.32384622,0.2800825,0.32384622,0.37448537,0.31051677,0.45063144,6.5359956e-05,2.2700444e-08,0.0,0.0,0.0,0.0,188.15755,242.57144,0.0,159.52222,215.26169,0.0,0.0
230.18169,165.20834,80.8891,82.561806,111.58603,86.62989,86.795425,103.457085,86.72833,0.0,33.88927,1877.6981,1411.9913,-17.950123,298.05344,87.83582,52.58838,-1569.8055,427.44437,-177.5694,-46.78724,82.796524,-25.990372,1877.6981,0.0,0.0,0.27551693,0.31051227,0.3942264,0.05914449,0.031146768,2.5882038e-05,1.2097299e-09,0.0,0.0,0.0,0.0,0.0,317.34363,0.0,203.52435,0.0,0.0,0.0
232.07957,167.98116,85.09623,86.80881,115.54874,90.8988,91.033775,107.416306,90.9881,0.0,38.10736,1864.0029,1399.427,-20.406372,296.18747,88.89728,51.9614,-1562.5342,422.57462,-178.96928,-46.706493,82.81565,-25.962873,1864.0029,0.0,0.0,0.03399585,0.3664362,0.0,0.06431108,0.0,0.0044390736,1.81036e-07,0.0,0.0,0.0,0.0,0.0,102.74506,616.2256,150.40138,175.15407,0.0,0.0
234.04158,170.8486,89.25255,90.93733,118.7177,94.73213,94.96885,110.38823,94.159546,0.0,42.305916,1849.7388,1388.0543,-18.723064,292.10406,85.3198,51.54156,-1534.2302,421.33304,-171.54271,-44.869354,83.89315,-23.902353,1849.7388,0.0,0.0,0.006344971,0.50530195,0.0,5.983572e-11,2.3108757e-12,0.0,0.000119960896,0.0,0.0,11.442393,0.0,0.0,104.58585,286.45825,0.0,168.01192,0.0,2.5287845
83.82147,83.82147,87.55382,87.99693,85.27778,87.05895,88.531,83.42524,79.998146,0.0,41.89994,-0.0001879152,-102.954,52.3856,-24.407518,15.076823,7.58541,316.9815,62.10675,119.30253,27.164656,37.25769,18.501457,0.0,0.0,0.0,0.2573006,0.31060916,0.0,1.8332383e-10,1.4361533e-10,0.0,3.2931184e-05,0.0,0.0,2.598804,0.0,0.0,333.45792,341.00888,0.0,190.10722,0.0,2.5994406
83.0238,83.0238,86.70783,87.11768,84.607574,86.38727,87.8419,82.8221,79.5721,0.0,41.048206,-0.00018541353,-98.96292,53.25001,-24.331978,17.623219,5.3997345,301.7995,59.36979,113.62533,24.209364,36.523193,17.49201,0.0,0.0,0.0,0.25311083,0.2845621,0.0,0.0002780906,4.3508577e-10,0.0,0.07370852,0.0,0.0,2.5953112,0.0,0.0,328.95,555.76746,0.0,78.390465,0.0,2.595941
82.24432,82.24432,85.89866,86.438484,83.91769,85.66238,87.145775,82.15833,78.86322,0.0,40.237267,-0.00018288576,-96.4407,49.80034,-22.47246,13.198052,6.02049,296.99127,57.379814,110.79186,24.48473,36.233757,17.424458,0.0,0.0,0.0,0.2594255,0.28005722,0.0,0.23276198,1.984185e-08,0.0,0.068348445,0.0,0.0,2.5919232,0.0,0.0,240.17786,179.05664,0.0,0.34998697,0.0,2.592617
81.512085,81.512085,85.10632,85.70875,83.31725,85.02727,86.49959,81.59353,78.313644,0.0,39.439247,-0.00018032364,-91.15583,48.064114,-20.491138,15.033469,5.8171897,281.07196,54.3404,105.333916,23.09876,35.835598,17.05983,0.0,0.0,0.21997195,0.25963426,0.22043544,0.0,0.22840858,0.020236138,0.0,0.079349294,0.0,2.5593703,2.5887437,2.5598598,0.0,246.25085,116.17546,0.0,247.82741,0.0,2.5894594
80.7639,80.7639,84.352165,84.96857,82.610596,84.328,85.804756,81.23523,77.96861,0.0,38.684002,-0.00017721493,-90.61672,47.669353,-20.926706,14.322695,5.635002,277.9318,53.352207,103.37084,22.315878,31.72292,15.473026,0.0,0.0,0.21548669,0.2681583,0.21628472,0.0,0.23338757,0.19732472,0.0,0.035359684,0.0,2.5555654,2.585661,2.5564084,0.0,258.8726,151.6749,0.0,245.81932,0.0,2.5864592
80.10159,80.10159,83.612274,84.3695,82.111824,83.81032,85.31032,80.78675,77.47537,0.0,37.937195,-0.0001766862,-83.34007,43.521107,-19.796076,9.936124,6.231297,257.25388,49.299007,95.07469,20.413542,31.091097,15.358418,0.0,0.0,0.220099,0.26785502,0.2207746,0.0,0.23301071,0.17334224,0.0,0.00349368,0.0,2.550379,2.5827928,2.5510926,0.0,263.73624,153.02538,0.0,175.87964,0.0,2.5836082
79.42754,79.42754,82.92293,83.677956,81.452194,83.15727,84.63514,80.173996,76.92456,0.0,37.24595,-0.00017351689,-81.84119,43.58847,-20.195795,14.14039,5.3915133,251.3198,48.927834,93.66037,20.102247,30.492321,14.870933,0.0,0.0,0.21911554,0.28251433,0.2197315,0.13501659,0.23966894,0.18870242,0.0,7.374954e-08,0.0,2.54594,2.579948,2.5465906,1.8029292,286.52118,33.445137,0.0,175.00537,0.0,2.5808988
78.749756,78.749756,82.24793,83.023,80.813545,82.52444,84.00876,79.52724,76.34046,0.0,36.57065,-0.00017137629,-82.11581,42.970963,-20.543291,13.034755,4.4088,250.37329,47.908417,91.99427,19.548637,30.59671,14.633652,0.0,0.0,0.22461833,0.28554165,0.22598262,0.13085051,0.2383808,0.09665209,0.0,2.4468632e-08,0.0,2.5402486,2.5773284,2.541107,99.32848,290.8053,44.19679,0.0,189.81355,0.0,2.5783236
78.151474,78.151474,81.57985,82.39925,80.299774,81.96247,83.441635,79.169266,75.95466,0.0,35.897892,-0.00017029738,-74.975365,41.578648,-17.487812,13.923772,4.866163,235.18315,45.64141,87.68267,18.40955,28.536303,13.747187,0.0,0.0,0.22316791,0.28412095,0.22480519,0.1311396,0.25063565,0.10375218,0.0,1.2396164e-08,0.0,2.5364332,2.5748744,2.5373843,100.73461,296.02045,42.559284,0.0,201.2365,0.0,2.575876
77.48742,77.48742,80.947075,81.79251,79.64351,81.33446,82.824486,78.54188,75.30628,0.0,35.265953,-0.00016647462,-78.24431,40.741737,-19.329033,11.986461,5.188186,237.95819,45.427433,87.48484,18.623411,28.140429,13.852161,0.0,0.0,0.22177014,0.2972709,0.23050214,0.13387997,0.25255457,0.0959813,0.10333893,6.8894948e-09,0.0,2.5320666,2.572415,2.5319383,81.7367,310.44757,45.748554,2.1038904,194.60475,0.0,2.5735493
76.86785,76.86785,80.307945,81.160355,79.04552,80.71191,82.20908,77.988976,74.782616,0.0,34.626556,-0.00016481547,-76.21392,40.515068,-17.73731,10.55056,4.7346487,237.0646,44.830807,86.793755,18.278412,27.512543,13.336014,0.0,0.0,0.23179135,0.29222757,0.23533063,0.12848614,0.25061327,0.10417423,0.04012587,1.6842786e-09,0.0,2.5263648,2.5702302,2.5275147,73.37617,311.14087,41.982113,34.363346,208.26456,0.0,2.5713372
76.20306,76.20306,79.66871,80.48094,78.30837,79.99729,81.47549,77.111084,73.84659,0.0,33.98956,-0.00016257787,-78.8577,41.806343,-19.20152,14.086387,5.6054535,244.40065,46.805943,89.900314,19.375628,29.434555,14.469785,0.0,0.0,0.23363155,0.29118,0.23531856,0.13475929,0.26075062,0.10694554,0.00014100972,8.661212e-10,0.0,2.5224912,2.5681195,2.524074,71.53278,313.59354,39.449703,101.70454,214.42628,0.0,2.5692341
231.41444,167.00928,81.919044,83.938225,115.339745,89.037,89.236664,108.07219,91.53459,0.0,34.8292,1868.814,1418.7058,-34.36832,306.14413,86.63737,52.19035,-1628.4905,419.42712,-206.84286,-55.956524,77.93728,-32.51055,1868.814,0.0,0.0,0.15953395,0.22593588,0.21386725,0.00062878936,0.0,0.00045494083,0.0,0.0,0.0,1.5928084,2.5137532,2.5045896,382.94855,103.61343,92.53804,0.0,0.0,2.548043
233.25655,169.70116,86.2531,88.16814,118.369896,92.93727,93.14661,111.41514,94.86597,0.0,39.204983,1855.4594,1404.3713,-30.254482,300.93747,86.29486,52.214516,-1601.5153,418.02505,-198.02151,-53.343117,76.10773,-31.070724,1855.4594,0.0,0.0,0.006003784,0.17726119,0.0,6.358883e-11,0.0,0.014730727,5.3321557e-05,0.0,0.0,47.35951,2.487162,0.0,109.50506,241.77873,75.16651,92.87113,0.0,3.1141655
84.66366,84.66366,88.21109,88.91326,86.50739,88.298874,89.79968,84.99019,81.764496,0.0,42.53885,-0.00019038982,-86.85207,45.181408,-24.930906,9.753564,5.038626,265.89352,53.423084,99.26528,21.420656,33.449455,16.273438,0.0,0.0,0.0,0.18919347,0.0392312,0.0,0.0,3.58921e-14,0.0,0.0016604735,0.0,0.0,7.7498636,69.154945,0.0,363.34842,294.47607,0.0,71.59601,0.0,5.21442
83.91808,83.91808,87.49506,88.17368,85.82086,87.542274,89.031166,84.48687,81.121605,0.0,41.824387,-0.00018841198,-89.58976,45.876083,-21.159784,12.2010565,6.89039,270.56796,51.992565,100.76978,21.940203,31.204075,15.757357,0.0,0.0,0.0,0.25551543,0.1865431,0.0,1.819616e-14,2.2968948e-15,0.0,0.00017467896,0.0,0.0,5.209103,2.4747083,0.0,381.93738,282.95737,0.0,75.94899,0.0,5.210892
83.18865,83.18865,86.765594,87.36599,84.96106,86.71592,88.19772,83.19395,79.802986,0.0,41.097366,-0.00018591658,-89.586006,48.12128,-23.025743,13.474211,7.186071,277.74765,55.109154,104.28712,22.393879,36.319927,17.899559,0.0,0.0,0.0,0.2486584,0.20681879,0.0,4.039826e-05,1.5940779e-15,0.0,6.8883346e-05,0.0,0.0,5.205977,2.4768627,0.0,377.70312,266.47238,0.0,91.945526,0.0,5.207704
82.41628,82.41628,86.01942,86.64865,84.20917,85.998665,87.47732,82.62431,79.28061,0.0,40.351055,-0.00018440501,-91.95417,47.30391,-24.831158,14.008668,6.633199,277.3661,54.629765,103.24763,22.447422,34.24665,17.078886,0.0,0.0,0.0,0.24028288,0.20466915,0.0,0.20377232,3.34581e-15,0.0,0.0065627354,0.0,0.0,5.2031846,2.4777348,0.0,264.03534,324.6044,0.0,6.854188,0.0,5.204822
81.64323,81.64323,85.27009,85.82991,83.377464,85.08571,86.56864,81.68721,78.250534,0.0,39.605766,-0.00018135138,-94.05635,49.251316,-20.385828,13.279024,7.688394,288.88965,55.99345,109.01586,23.971205,35.458244,17.576029,0.0,0.0,0.18037985,0.23811096,0.1816507,0.0,0.19878164,1.4695666e-14,0.0,0.044561986,0.0,5.129719,5.200576,5.1310616,0.0,266.6406,180.24759,0.0,266.90735,0.0,5.202217
80.89746,80.89746,84.497055,85.08805,82.627945,84.37589,85.844925,80.99307,77.6759,0.0,38.829517,-0.00017825219,-91.63784,48.38512,-22.650944,15.542984,6.3049865,279.73105,56.079857,106.819084,23.670628,34.826065,17.001135,0.0,0.0,0.17658013,0.22737522,0.1778853,0.0,0.19292995,0.083600834,0.0,0.040179715,0.0,5.129823,5.1983495,5.131202,0.0,252.80464,138.83797,0.0,263.28915,0.0,5.199862
80.18809,80.18809,83.74845,84.43695,82.03645,83.77123,85.256096,80.59569,77.26478,0.0,38.077873,-0.00017616068,-88.058495,45.58555,-21.921486,12.937554,6.4766736,270.8748,53.312195,101.66631,22.612877,32.528694,16.147934,0.0,0.0,0.17092925,0.23206505,0.17231543,0.0,0.19171923,0.09527594,0.0,0.028255215,0.0,5.129909,5.1961203,5.131374,0.0,257.89612,147.75624,0.0,192.84009,0.0,5.1977324
79.48365,79.48365,83.02395,83.7267,81.53235,83.23567,84.70036,80.23745,76.89683,0.0,37.35003,-0.00017351615,-86.18009,45.16411,-20.089834,16.195004,6.5957775,260.8188,48.303482,94.54381,19.784601,30.706911,15.376763,0.0,0.0,0.16888711,0.23715459,0.17012967,0.09549924,0.18231103,0.10602862,0.0,0.0035921286,0.0,5.1274376,5.1940885,5.1287503,3.6008792,270.70517,122.7206,0.0,190.20207,0.0,5.1958075
78.8379,78.8379,82.326935,83.05969,80.867584,82.54053,84.02303,79.69678,76.418106,0.0,36.649204,-0.00017191352,-81.212006,44.265415,-18.173782,13.352966,5.8007193,248.95244,48.797646,94.47111,19.984013,29.081142,14.329209,0.0,0.0,0.160322,0.24391946,0.16143891,0.092082925,0.18421553,0.07160066,0.0,5.650003e-08,0.0,5.127505,5.1922126,5.128685,115.49543,290.7057,60.65092,0.0,176.77266,0.0,5.194066
78.25469,78.25469,81.66585,82.586075,80.457054,82.130554,83.62232,79.36277,76.03498,0.0,35.980267,-0.00016975579,-73.12387,38.25218,-18.21042,11.6515,6.437946,222.80078,44.13921,84.21937,18.535957,28.039001,14.194705,0.0,0.0,0.16159113,0.2532235,0.16342962,0.09117019,0.18644509,0.06818383,0.0,2.3025525e-08,0.0,5.121976,5.190458,5.123604,106.26776,290.9204,47.621666,0.0,183.43573,0.0,5.1924915
77.727615,77.727615,81.07293,82.072105,80.05035,81.71043,83.20497,79.10405,75.94365,0.0,35.381596,-0.00016757361,-65.636734,35.464207,-17.30893,11.098354,3.9349952,201.87021,40.627335,76.498535,16.453236,25.923203,12.44871,0.0,0.0,0.15958434,0.2796867,0.16278607,0.08605019,0.18928228,0.066904314,0.031229166,7.7240445e-09,0.0,5.1165247,5.188529,5.117471,87.77616,325.70142,45.900146,3.9151783,182.26071,0.0,5.191067
77.22204,77.22204,80.53382,81.59293,79.650444,81.3064,82.80959,78.85567,75.661476,0.0,34.83917,-0.00016647454,-61.52992,33.21664,-17.023287,9.197025,4.5345573,188.89061,37.31557,69.966125,14.444696,23.592203,11.746079,0.0,0.0,0.15722124,0.30586594,0.15942298,0.082663886,0.19050708,0.06155982,6.735571e-05,2.3468016e-09,0.0,5.109635,5.1866884,5.111917,82.50575,358.0488,47.244484,108.47977,205.54155,0.0,5.1897793
76.77753,76.77753,80.032486,81.20052,79.377464,81.01361,82.51769,78.7776,75.590805,0.0,34.331615,-0.00016481231,-53.975334,28.757708,-15.5920105,8.98396,4.409162,162.24042,31.32448,58.702515,11.663688,20.267036,10.363309,0.0,0.0,0.15774761,0.3247715,0.16040458,0.0752533,0.18788476,0.060083862,4.0442355e-05,3.4777184e-10,0.0,5.101168,5.185085,5.1039753,86.95175,390.99304,45.686726,110.62429,209.5968,0.0,5.1886144
76.3927,76.3927,79.60094,80.86793,79.077194,80.69462,82.20387,78.608505,75.47431,0.0,33.895676,-0.0001636967,-47.01079,24.119709,-14.1271925,7.638374,3.4091003,140.92247,27.979256,51.780922,11.079684,17.738878,8.948625,0.0,0.0,0.1558139,0.37476465,0.1611499,0.071057014,0.20120785,0.05270118,2.8917824e-05,8.305839e-11,0.0,5.091711,5.182778,5.093178,87.33002,465.0168,50.497875,106.24079,203.95592,0.0,5.1875606
232.31253,168.32155,80.931366,83.79884,119.63174,90.94139,91.15325,114.25976,97.81152,0.0,33.66175,1862.3151,1438.577,-58.91321,320.0589,86.20533,52.003384,-1740.6108,406.93552,-259.0387,-70.765205,66.20241,-42.163464,1862.3151,0.0,0.0,0.41181886,0.15375312,0.10327585,0.058826797,0.0,8.266969e-06,0.0,0.0,0.0,5.1664934,5.085363,5.0600486,601.6621,110.34559,113.78453,0.0,0.0,5.186557
234.66847,171.76503,85.59518,88.486465,124.04465,95.64763,95.8688,118.87289,102.42117,0.0,38.3388,1845.1578,1428.063,-59.47469,318.37738,85.8745,52.01066,-1732.5664,402.80054,-259.73718,-70.94803,64.858505,-41.970913,1845.1578,0.0,0.0,0.01595852,0.0931104,0.0,0.033223487,0.0,0.000507492,0.00036014043,0.0,0.0,56.674526,5.0493083,0.0,117.37456,377.07492,87.4394,106.20368,0.0,5.824948
85.22141,85.22141,88.36123,89.72274,88.06336,89.64717,91.16095,87.805244,84.733734,0.0,42.64993,-0.00019283366,-34.801197,18.82977,-11.103964,6.26499,1.6905737,106.04212,20.593166,37.613163,7.2523046,12.853912,6.3298645,0.0,0.0,0.0,0.0062918332,0.0,0.0,0.0,0.0,0.031758428,5.2648327e-05,0.0,0.0,17.43586,95.47516,0.0,733.03204,290.5123,1.1672529,86.869064,0.0,8.891732
84.94016,84.94016,88.077095,89.45295,87.797104,89.3799,90.89481,87.53225,84.44706,0.0,42.36499,-0.00019234659,-34.20739,17.913385,-11.001801,5.8793197,2.1655734,100.636894,19.769823,36.150322,7.083767,13.034061,6.5216546,0.0,0.0,0.0,0.5602829,0.0,0.0,0.0,0.0,0.0,1.0431037e-05,0.0,0.0,8.870289,109.99686,0.0,792.70087,284.23715,0.0,84.8995,0.0,8.889274
84.66076,84.66076,87.80583,89.16643,87.50501,89.08881,90.60117,87.210976,84.11128,0.0,42.094578,-0.0001903882,-35.863956,18.887165,-11.103411,6.7232323,2.5866997,106.322655,20.468342,37.864826,7.409097,13.791061,6.9461102,0.0,0.0,0.0,0.58676416,0.054608036,0.0,0.0,0.0,0.0,1.9122017e-06,0.0,0.0,8.866159,9.4063635,0.0,821.7462,282.21698,0.0,83.77728,0.0,8.887202
84.37344,84.37344,87.51972,88.868484,87.18404,88.7726,90.28754,86.8846,83.80549,0.0,41.808887,-0.00018989581,-36.104973,19.614067,-11.571935,5.873683,1.966442,109.04261,22.229603,40.34972,8.086302,13.927159,6.8490953,0.0,0.0,0.0,0.5552804,0.061452456,0.0,0.0,0.0,0.0,3.1354833e-07,0.0,0.0,8.866581,5.017321,0.0,790.78503,290.87018,0.0,85.004654,0.0,8.885459
84.050545,84.050545,87.22417,88.52742,86.81871,88.41161,89.92169,86.46925,83.38342,0.0,41.51589,-0.00018940232,-41.222626,22.218052,-11.985884,7.4040227,2.1856008,124.522125,24.293457,45.345787,9.066793,15.138556,7.4018984,0.0,0.0,0.0,0.5406842,0.0630727,0.0,0.0,0.0,0.0,3.8741927e-08,0.0,0.0,8.866032,5.011512,0.0,750.8294,287.23575,0.0,101.23805,0.0,8.883989
83.68368,83.68368,86.88668,88.140884,86.383484,87.98979,89.49622,85.9232,82.83142,0.0,41.181293,-0.00018841644,-46.17526,24.760403,-13.193584,8.395954,2.3647676,140.30673,27.336636,51.16481,10.447142,17.56628,8.47638,0.0,0.0,0.0,0.4750384,0.06870147,0.0,2.9852445e-09,0.0,0.0,1.0815598e-08,0.0,0.0,8.868942,5.004728,0.0,708.22766,300.53732,0.0,105.995,0.0,8.882751
83.26194,83.26194,86.50601,87.68631,85.86482,87.482414,88.97964,85.30047,82.17656,0.0,40.804287,-0.00018641795,-52.423267,28.218254,-14.141089,10.5403595,3.1830626,158.31479,31.212801,58.977367,12.371432,19.610128,9.568007,0.0,0.0,0.0,0.42261958,0.07534865,0.0,0.19238256,0.0,0.0,2.4258227e-09,0.0,0.0,8.8708315,4.9899373,0.0,537.01215,309.8983,0.0,102.83776,0.0,8.881708
82.78896,82.78896,86.07568,87.18448,85.269554,86.89664,88.38947,84.61631,81.42827,0.0,40.378895,-0.00018491044,-58.301476,31.25016,-14.898402,11.441268,4.430644,180.0966,35.58407,67.49672,14.738322,21.221786,10.659449,0.0,0.0,0.0,0.37535435,0.07745242,0.0,0.25110283,0.0,0.0,0.007932254,0.0,0.0,8.872287,4.9748597,0.0,466.27933,360.53046,0.0,24.511108,0.0,8.88083
82.2357,82.2357,85.58656,86.57994,84.58331,86.23151,87.722725,83.69272,80.46606,0.0,39.894974,-0.00018339176,-66.29534,35.675358,-16.475277,11.757582,5.053227,200.87564,39.868805,76.15112,16.226562,25.087729,12.441095,0.0,0.0,0.16137479,0.33065435,0.17287372,0.0,0.26077345,0.0,0.0,4.2995724e-10,0.0,8.449691,8.873487,8.46095,0.0,408.55923,442.28183,0.0,585.6288,0.0,8.88009
81.634605,81.634605,85.04204,85.985794,83.91865,85.576935,87.06809,82.82556,79.60048,0.0,39.355217,-0.00018135142,-72.717636,37.439613,-17.18536,11.769686,5.029073,218.4412,41.783592,81.158585,17.569565,28.022339,13.584278,0.0,0.0,0.18641436,0.2968278,0.19949584,0.0,0.23202473,0.0,0.0,8.5708246e-11,0.0,8.473557,8.874159,8.490656,0.0,363.19174,259.06583,0.0,585.59546,0.0,8.879466
80.972725,80.972725,84.446724,85.20858,82.99999,84.689316,86.17924,81.662834,78.330284,0.0,38.76826,-0.00017773184,-79.704506,43.3788,-19.227114,12.007205,6.49696,246.61087,48.860275,93.336365,19.842876,31.243948,15.4713745,0.0,0.0,0.18808204,0.27308708,0.1950612,0.0,0.21791537,0.0,0.0,3.668968e-11,0.0,8.557027,8.874453,8.573116,0.0,341.36258,223.95815,0.0,540.62067,0.0,8.878941
80.23184,80.23184,83.77693,84.45449,82.040276,83.81212,85.2951,80.5523,77.2181,0.0,38.105614,-0.00017668553,-86.63099,45.906895,-23.925571,13.271439,6.5172043,268.68018,54.263195,101.211525,22.238441,33.099957,16.538607,0.0,0.0,0.18155108,0.24220787,0.17334448,0.0,0.19472684,0.018427743,0.0,9.771722e-06,0.0,8.628317,8.874976,8.658841,0.0,298.00314,140.4873,0.0,339.57712,0.0,8.878497
79.423416,79.423416,83.04903,83.58252,81.19228,82.890236,84.35339,79.60318,76.077614,0.0,37.383667,-0.00017404843,-93.946465,49.9731,-19.76295,16.41936,8.592925,285.9606,55.191647,108.13115,23.436321,34.296253,17.48132,0.0,0.0,0.16057886,0.22239538,0.16615435,0.071737766,0.17784919,0.02476053,0.0,5.21229e-06,0.0,8.693785,8.875157,8.699676,251.97046,275.5215,127.84273,0.0,302.63733,0.0,8.878124
78.61111,78.61111,82.27616,82.704254,80.09624,81.881065,83.353455,78.29206,75.038155,0.0,36.615284,-0.00017083684,-97.35771,52.777622,-24.594946,15.023379,5.4573574,298.3957,61.497013,116.081795,25.410164,36.72952,17.60897,0.0,0.0,0.14945532,0.20893225,0.14763571,0.08905367,0.16432963,0.024686845,0.0,0.009491052,0.0,8.729263,8.875191,8.740287,214.22089,258.47043,56.624306,0.0,230.31332,0.0,8.87781
77.820274,77.820274,81.47449,82.01307,79.40166,81.15925,82.633484,77.624855,74.23979,0.0,35.81349,-0.00016866803,-96.43039,49.83444,-23.172346,14.730662,7.119159,298.06497,59.422028,113.44831,25.85833,36.42736,17.926504,0.0,0.0,0.13266161,0.20014003,0.1368815,0.076052934,0.1551943,0.058640532,0.0,0.006807316,0.0,8.759229,8.875139,8.763687,206.98297,241.38103,48.867775,0.0,228.4841,0.0,8.877544
76.90286,76.90286,80.66436,80.98991,78.24492,80.04562,81.4898,76.31944,72.97478,0.0,35.012585,-0.00016592449,-105.299446,55.389324,-25.391832,19.01164,6.6448607,322.379,64.4755,123.20078,27.666878,38.042656,18.541733,0.0,0.0,0.12522258,0.20014681,0.12830117,0.0720253,0.14722188,0.057641976,1.1912255e-06,4.6349662e-08,0.0,8.772484,8.874911,8.775737,136.96109,246.7857,46.39891,237.13164,197.0556,0.0,8.877321
76.06129,76.06129,79.801834,80.1908,77.60568,79.37557,80.84597,75.69261,72.298645,0.0,34.146347,-0.00016257458,-103.61857,53.7868,-23.823217,15.333311,7.220004,312.783,60.22651,117.09618,25.316507,37.910156,18.566069,0.0,0.0,0.12062183,0.18511792,0.12314231,0.066895515,0.14267702,0.04935933,2.3167008e-06,1.3060804e-07,0.0,8.781881,8.8750725,8.784544,108.75839,227.95216,51.060944,222.2694,190.15083,0.0,8.877133
230.36548,165.47682,81.62253,83.26315,111.87343,87.15114,87.31983,103.44284,86.843994,0.0,34.642094,1876.3762,1407.929,-15.742367,296.62933,87.725174,52.318157,-1556.9188,427.3673,-172.68741,-45.111973,84.44155,-24.746262,1876.3762,0.0,0.0,0.1105753,0.10876882,0.0945624,0.0018309328,0.0,4.9456234e-05,0.0,0.0,0.0,7.059481,8.778023,8.747099,323.22415,75.42767,171.31546,0.0,0.0,8.842635
232.38208,168.42317,85.785866,87.42327,115.62705,91.25783,91.445465,107.47716,91.46238,0.0,38.82556,1861.8109,1397.2483,-15.506582,294.46805,87.06119,51.088223,-1543.4437,424.06818,-171.36412,-44.77916,82.91164,-26.307587,1861.8109,0.0,0.0,0.014282598,0.07450679,0.0,2.3858652e-07,0.0,0.01411601,9.142144e-07,0.0,0.0,1.0384979,8.718897,0.0,101.54812,411.9223,90.2752,188.34435,0.0,8.0095215
84.55799,84.55799,88.26676,88.73193,86.1959,87.980034,89.45242,84.25701,80.96535,0.0,42.60873,-0.00019087901,-101.023994,51.805832,-24.55913,15.02437,5.974965,306.05786,58.174137,112.49521,24.270346,38.185524,18.315565,0.0,0.0,0.0,0.02771164,0.05691703,0.0,1.7734557e-11,4.306479e-10,0.0,0.0003287609,0.0,0.0,11.520347,8.646584,0.0,329.02213,244.01167,0.0,108.29757,0.0,9.617655
83.765045,83.765045,87.44609,87.869804,85.411736,87.16462,88.62709,83.65253,80.36871,0.0,41.78635,-0.00018841197,-98.712395,52.891335,-22.919271,16.51975,5.870174,301.47098,57.97824,112.31867,23.663727,36.232147,17.410707,0.0,0.0,0.0,0.19747059,0.07296026,0.0,1.038128e-10,5.739682e-10,0.0,0.00012631489,0.0,0.0,9.614369,8.740719,0.0,344.38303,262.1682,0.0,125.61114,0.0,9.616843
83.05404,83.05404,86.642586,87.199905,84.8261,86.52725,87.974266,83.39382,80.03372,0.0,40.97629,-0.00018641795,-90.641914,49.320446,-19.958,18.64414,6.829447,283.29648,55.117184,106.614395,23.377684,32.42509,16.089643,0.0,0.0,0.0,0.19974342,0.07141528,0.0,9.221327e-05,3.7176498e-10,0.0,0.011582877,0.0,0.0,9.61362,8.745301,0.0,347.8489,349.98767,0.0,116.187874,0.0,9.616168
82.29785,82.29785,85.88293,86.512054,84.06812,85.80085,87.28511,82.530495,79.29332,0.0,40.21507,-0.00018288581,-90.327644,47.30715,-21.806479,13.046282,5.2117915,278.81302,55.158863,105.44098,23.39967,33.691845,16.152857,0.0,0.0,0.0,0.21166195,0.06686466,0.0,0.13308753,2.028128e-13,0.0,0.011680656,0.0,0.0,9.612721,8.750125,0.0,262.77615,484.31107,0.0,2.5864673,0.0,9.615608
81.52061,81.52061,85.13401,85.78309,83.318565,85.050476,86.53062,81.62926,78.43964,0.0,39.465893,-0.00018083812,-92.869225,46.73456,-21.760296,13.758995,4.4574,278.0845,54.510254,105.4925,23.825787,35.447533,16.612766,0.0,0.0,0.10600716,0.21453871,0.108480185,0.0,0.13329653,2.3387292e-16,0.0,0.008740514,0.0,9.517728,9.612163,9.520341,0.0,265.5913,166.38077,0.0,262.14584,0.0,9.615143
80.80867,80.80867,84.38851,85.04459,82.68658,84.38815,85.85976,81.36716,78.07143,0.0,38.718678,-0.00017825286,-89.85062,46.532413,-19.984102,15.14636,6.0289087,273.0584,52.599407,102.50946,22.681732,31.019468,15.272636,0.0,0.0,0.10570074,0.2147218,0.10773062,0.0,0.14052273,0.020848677,0.0,0.0053643035,0.0,9.514253,9.611761,9.516397,0.0,265.46042,130.9531,0.0,271.36182,0.0,9.614756
80.11396,80.11396,83.65738,84.33543,82.035995,83.74619,85.2245,80.67666,77.50573,0.0,37.984966,-0.00017616131,-86.47439,45.892776,-20.501844,14.066568,4.1298094,265.3885,51.518513,99.22664,21.372347,31.522762,14.908436,0.0,0.0,0.11097261,0.21828397,0.112168506,0.0,0.14167334,0.020756861,0.0,0.0057206573,0.0,9.506331,9.611328,9.507595,0.0,272.90543,126.758675,0.0,189.1071,0.0,9.614434
79.39481,79.39481,82.94522,83.64272,81.38074,83.08703,84.56728,79.98087,76.70637,0.0,37.271862,-0.00017245158,-87.130394,45.319813,-20.268517,13.739995,5.7440305,262.53204,49.919106,97.23122,20.718918,32.026806,15.572238,0.0,0.0,0.111642435,0.22420952,0.11270749,0.04328577,0.14022733,0.018945105,0.0,1.3342503e-08,0.0,9.503441,9.61088,9.504566,6.7739544,281.61667,48.727314,0.0,207.86996,0.0,9.614168
78.77064,78.77064,82.24476,83.01467,80.79843,82.48896,83.97636,79.614944,76.36126,0.0,36.566433,-0.0001713784,-79.71737,43.130684,-19.302265,12.479513,5.4525476,247.03902,48.84654,93.27331,20.016018,29.250883,14.355556,0.0,0.0,0.11076763,0.2263915,0.11203147,0.042232916,0.1411278,0.023538403,0.0,1.0781903e-08,0.0,9.501921,9.610586,9.503257,106.10053,287.19724,48.88868,0.0,193.82762,0.0,9.613946
78.0839,78.0839,81.58047,82.38945,80.17455,81.86298,83.3563,79.02608,75.80022,0.0,35.902637,-0.00016975791,-81.95745,41.90934,-19.170866,11.345636,5.040965,248.62262,47.19785,91.75481,19.916443,28.78033,14.028831,0.0,0.0,0.10976545,0.24013887,0.112333484,0.043544162,0.14296854,0.027582785,0.0,5.3801887e-09,0.0,9.497326,9.609967,9.499379,104.402626,298.97485,45.468018,0.0,195.42831,0.0,9.613762
77.41425,77.41425,80.91215,81.68227,79.50723,81.179245,82.65873,78.37489,75.1449,0.0,35.234585,-0.00016647378,-82.0883,43.124157,-18.112139,13.870335,5.1039643,249.48091,47.13577,92.36832,19.730232,28.561298,13.883797,0.0,0.0,0.109898455,0.23849268,0.11325851,0.04296593,0.14277406,0.0276015,0.024524605,3.1689915e-09,0.0,9.492865,9.609862,9.4942875,107.198784,303.7623,42.873203,6.376254,201.07098,0.0,9.613608
76.752235,76.752235,80.24189,81.021095,78.7824,80.50627,82.00879,77.377975,74.15158,0.0,34.564224,-0.00016481231,-81.27289,42.842926,-21.301718,9.35899,5.049078,249.1544,48.785347,92.476,19.510534,32.08308,15.451056,0.0,0.0,0.11067793,0.23756646,0.112960964,0.043197826,0.15037958,0.025971198,0.020432184,1.6791694e-09,0.0,9.489762,9.609761,9.491452,79.73061,301.80087,48.565243,10.872697,205.80894,0.0,9.6134815
75.99407,75.99407,79.56594,80.251144,77.903755,79.629265,81.11379,76.56478,73.350494,0.0,33.89474,-0.0001620119,-89.120865,45.68249,-21.395979,12.999156,4.8610373,269.0347,51.823093,100.17424,21.848377,31.266878,15.092202,0.0,0.0,0.111224875,0.23777243,0.11610217,0.040806074,0.14924857,0.029498084,5.355572e-05,1.2618316e-09,0.0,9.485811,9.609646,9.485521,87.25458,301.46097,40.16245,104.281494,216.34962,0.0,9.613376
231.359,166.92827,82.70054,84.54018,114.81506,89.230415,89.35904,107.676956,91.23072,0.0,35.6567,1869.2146,1411.1925,-26.9497,301.85266,89.11632,51.999195,-1598.7302,421.26,-194.80203,-51.997883,77.18462,-31.255056,1869.2146,0.0,0.0,0.026070362,0.08630475,0.03704408,1.9682637e-05,0.0,0.0006011998,0.0,0.0,0.0,1.311309,9.462528,3.3861136,362.00504,104.250694,86.69608,0.0,0.0,9.35498
233.57971,170.17351,86.98099,88.79288,118.89301,93.38168,93.550674,111.80408,94.876976,0.0,39.95251,1853.1066,1402.1295,-25.643663,301.41156,87.71501,52.998714,-1588.6836,417.81427,-192.07133,-51.475197,76.89706,-29.934483,1853.1066,0.0,0.0,0.0025667816,0.044364102,0.0,1.0218333e-11,0.0,0.046453547,3.7258687e-05,0.0,0.0,45.21692,9.428359,0.0,109.536316,265.38184,18.688335,101.85086,0.0,9.7987585
84.46839,84.46839,88.082886,88.707085,86.24207,87.979515,89.46569,84.62528,81.23205,0.0,42.41494,-0.00018989581,-92.96587,47.447464,-22.070795,12.702825,7.211823,278.5741,55.07927,106.193405,23.641748,34.617596,17.204914,0.0,0.0,0.0,0.22808865,0.033438325,0.0,1.9414959e-15,4.1998828e-14,0.0,0.00019182544,0.0,0.0,10.844315,9.419714,0.0,355.49677,294.83118,0.0,86.128494,0.0,10.848043
83.7029,83.7029,87.332886,87.92873,85.48656,87.228745,88.70822,83.65367,80.299095,0.0,41.66641,-0.00018791517,-94.32962,48.249317,-22.334349,13.8713045,6.763803,282.7768,54.846264,106.22075,23.291063,37.04373,17.96845,0.0,0.0,0.0,0.21602303,0.06494061,0.0,1.9982982e-13,4.8327627e-14,0.0,4.2531887e-05,0.0,0.0,10.843744,9.4248495,0.0,363.77002,281.16394,0.0,96.631836,0.0,10.847104
82.96962,82.96962,86.57369,87.17205,84.73014,86.494705,87.97586,82.855705,79.42208,0.0,40.90658,-0.00018591828,-92.03831,48.178547,-23.543518,13.585712,7.655798,280.97827,55.385868,105.33142,22.877136,37.49473,18.548862,0.0,0.0,0.0,0.21219493,0.06650809,0.0,0.064878225,5.5168025e-14,0.0,0.0050922856,0.0,0.0,10.843081,9.428219,0.0,286.8002,296.22247,0.0,21.168169,0.0,10.846342
82.23395,82.23395,85.82181,86.47746,84.117165,85.8762,87.360085,82.46996,79.13086,0.0,40.15159,-0.00018288336,-90.57974,46.54467,-23.249788,13.11146,6.577296,271.93262,52.47027,100.50468,21.489386,34.967613,17.19579,0.0,0.0,0.0,0.21292861,0.06757836,0.0,0.1362762,1.3988176e-12,0.0,0.0032307091,0.0,0.0,10.8424225,9.430011,0.0,267.07373,249.37082,0.0,63.094894,0.0,10.845724
81.54002,81.54002,85.0919,85.756386,83.43051,85.14368,86.630646,81.91263,78.6317,0.0,39.420902,-0.00018083994,-87.268906,46.288574,-20.677952,12.558358,5.831267,269.60803,52.293068,100.60135,21.640348,33.45754,16.172827,0.0,0.0,0.10552354,0.219346,0.10629621,0.0,0.13244964,0.0,0.0,0.0075146365,0.0,10.726988,10.841698,10.727804,0.0,279.38257,207.09557,0.0,265.2313,0.0,10.845222
80.84361,80.84361,84.3703,85.08454,82.87995,84.5401,86.009155,81.59211,78.28077,0.0,38.69646,-0.00017721174,-84.88516,44.82184,-17.313269,15.538778,6.2308774,261.05695,48.625267,96.16316,20.717932,30.616352,14.99915,0.0,0.0,0.10239657,0.22080562,0.10367253,0.0,0.1315245,0.01177095,0.0,0.0063581085,0.0,10.727066,10.841229,10.728415,0.0,279.122,144.88428,0.0,268.74747,0.0,10.844816
80.16799,80.16799,83.672646,84.48944,82.245735,83.950294,85.447014,80.90536,77.55362,0.0,37.994995,-0.00017616135,-82.75241,41.661633,-20.164219,10.646938,6.7299156,249.19133,47.540386,91.94907,20.094727,31.284609,15.646486,0.0,0.0,0.10069851,0.22755688,0.10270005,0.0,0.13400173,0.015788106,0.0,0.004865351,0.0,10.723837,10.840661,10.725952,0.0,291.50293,160.51039,0.0,189.43903,0.0,10.844485
79.59106,79.59106,83.00988,83.90709,81.74256,83.45175,84.94556,80.55267,77.2537,0.0,37.325417,-0.00017405054,-73.95265,39.032616,-20.44182,11.247559,6.07108,226.68483,45.553467,85.194885,18.49045,29.33612,14.702501,0.0,0.0,0.1015358,0.23789448,0.102967456,0.03820918,0.13246807,0.01796789,0.0,0.0011597922,0.0,10.717953,10.84002,10.718729,7.4926443,304.3663,69.10506,0.0,195.38007,0.0,10.844217
79.03783,79.03783,82.40646,83.37868,81.37129,83.032135,84.532936,80.42255,77.19791,0.0,36.71631,-0.00017244939,-68.36815,36.43683,-17.36104,9.755693,5.0223384,206.30925,40.301617,77.04792,15.960929,25.95934,12.8232565,0.0,0.0,0.09847137,0.2607668,0.10001927,0.03562138,0.13290739,0.016748874,0.0,3.9860715e-09,0.0,10.713146,10.838928,10.714362,118.04399,327.63693,50.4029,0.0,197.45123,0.0,10.844001
78.5287,78.5287,81.85636,82.915665,80.956795,82.60267,84.103096,80.08957,76.86899,0.0,36.161953,-0.00017029667,-63.502834,33.20934,-16.308203,9.839302,4.959696,189.85295,37.325806,71.27663,15.171043,24.730112,12.261178,0.0,0.0,0.09443393,0.2857461,0.096291825,0.033767816,0.13167152,0.02230505,0.0,1.9200932e-09,0.0,10.707702,10.837702,10.709665,116.96628,361.13617,51.30999,0.0,200.46802,0.0,10.843824
78.08296,78.08296,81.35105,82.497375,80.63784,82.27171,83.7732,79.90635,76.75067,0.0,35.651817,-0.00016921193,-55.798183,29.691732,-15.420535,9.59923,3.8444834,169.59021,32.98765,62.14654,12.86987,22.558565,10.993196,0.0,0.0,0.09270281,0.30977145,0.09397643,0.03168456,0.12759565,0.020138144,0.0023893458,4.687108e-10,0.0,10.698171,10.836452,10.699516,118.88933,389.5004,51.186512,1.0739784,207.44789,0.0,10.843681
77.67971,77.67971,80.90033,82.14593,80.341415,81.95384,83.462875,79.80276,76.64998,0.0,35.196125,-0.00016757434,-48.939327,25.183783,-13.714792,7.6998315,3.788096,146.28857,28.913141,54.336838,11.670436,19.12293,9.554038,0.0,0.0,0.09053994,0.34568945,0.09247986,0.029294744,0.13242024,0.017268036,0.021453163,6.2679285e-11,0.0,10.684321,10.834506,10.686372,92.293884,445.1272,53.131466,7.474643,225.40152,0.0,10.843565
77.33752,77.33752,80.511086,81.819145,80.099236,81.697975,83.21065,79.6955,76.580444,0.0,34.803043,-0.00016592463,-41.21091,21.955244,-12.523991,6.6241384,2.9770114,125.9198,24.594467,45.385857,9.170813,16.36583,8.152306,0.0,0.0,0.083275184,0.39900687,0.08524527,0.026795123,0.13596255,0.01631872,4.198095e-06,4.1666566e-12,0.0,10.676645,10.831298,10.67742,95.806404,507.54202,50.17507,116.03895,234.51927,0.0,10.843471
77.01956,77.01956,80.17496,81.52161,79.83217,81.42833,82.940735,79.501755,76.40729,0.0,34.464695,-0.00016536772,-37.87607,19.741121,-12.288788,6.708099,2.4420302,112.680305,22.127861,40.30993,8.083195,14.687341,7.338983,0.0,0.0,0.083677694,0.461252,0.085978195,0.023505123,0.12485743,0.014127009,1.5127406e-06,3.9475901e-13,0.0,10.651812,10.826966,10.6542425,101.27237,605.52136,52.109356,116.361755,239.89703,0.0,10.843394
76.734116,76.734116,79.87355,81.23999,79.56943,81.15638,82.672844,79.258255,76.16589,0.0,34.161922,-0.0001653709,-34.72426,18.519596,-11.415819,5.3174615,2.3815668,103.82688,20.948713,37.877995,7.493553,14.2192135,7.0649996,0.0,0.0,0.07549082,0.51335186,0.08099513,0.020548247,0.12414519,0.0115998695,6.4080893e-07,5.219339e-15,0.0,10.643161,10.822861,10.638012,106.456,680.3994,55.48248,116.88842,270.87253,0.0,10.843332
76.4554,76.4554,79.59438,80.95274,79.29302,80.88217,82.39602,78.98616,75.908516,0.0,33.88294,-0.00016369748,-34.630783,19.026058,-11.628576,6.2425904,1.9159249,105.090904,20.825302,37.455338,7.017873,14.11252,6.910127,0.0,0.0,0.074804604,0.5553257,0.07739205,0.01823669,0.116641365,0.011162783,2.1872076e-07,6.36149e-16,0.0,10.614816,10.819236,10.617549,105.28991,723.38336,51.677532,117.973694,269.99033,0.0,10.843282
76.17574,76.17574,79.31257,80.68721,79.029884,80.612236,82.12587,78.76825,75.67621,0.0,33.600555,-0.00016313727,-34.186768,17.992712,-10.956526,6.3125973,2.3722706,101.225,19.92554,36.426903,7.2317286,12.948468,6.552643,0.0,0.0,0.06751601,0.54887193,0.072037406,0.016440354,0.11601166,0.008842117,7.9988965e-08,0.0,0.0,10.607114,10.81976,10.602105,111.22003,731.39545,57.190567,118.50908,304.84363,0.0,10.843241
234.03746,170.84258,84.26007,87.133934,123.06381,94.386246,94.58286,118.11188,101.693665,0.0,36.99505,1849.7689,1431.6256,-59.064133,319.98578,86.74475,51.940434,-1737.8245,403.05057,-260.94705,-71.38235,63.35505,-43.02603,1849.7689,0.0,0.0,0.033136625,0.026418144,0.0,0.026160648,0.0,4.1683325e-06,0.0,0.0,0.0,1.9647914,10.618871,0.0,153.71996,97.591034,97.58534,0.0,0.0,10.268688
236.13882,173.91489,88.88308,91.59806,126.644585,98.51799,98.71817,121.568344,105.25017,0.0,41.66461,1834.3687,1418.1979,-55.20255,316.8204,86.61876,51.730232,-1709.3492,400.86838,-252.79169,-69.215256,64.20887,-41.88821,1834.3687,0.0,0.0,0.0040143253,0.0,0.0,0.0,0.0,0.010083642,5.2999223e-07,0.0,0.0,22.368095,108.773315,0.0,74.37208,292.07254,60.683517,94.11071,0.0,14.955418
84.93339,84.93339,88.1171,89.40841,87.64996,89.256966,90.76965,87.21374,84.0982,0.0,42.410316,-0.00019234711,-42.978092,22.859474,-13.253775,6.618395,2.9884791,132.88641,26.617765,48.701782,10.247802,17.064432,8.479494,0.0,0.0,0.0,0.46411613,0.0,0.0,0.0,0.0,0.0012570319,1.6932009e-07,0.0,0.0,15.051924,108.773315,0.0,666.1995,335.73868,0.22112113,99.10704,0.0,15.074944
84.524796,84.524796,87.756165,88.97862,87.15365,88.77078,90.276695,86.590065,83.46164,0.0,42.05325,-0.00019087954,-50.56155,26.293392,-14.104062,8.529189,3.2839935,152.63054,30.215984,56.718063,12.233358,19.595684,9.59118,0.0,0.0,0.0,0.43670413,0.008172361,0.0,0.0,0.0,0.0,3.0913878e-08,0.0,0.0,15.052979,10.618133,0.0,628.72437,330.2509,0.0,97.20882,0.0,15.073351
84.03863,84.03863,87.33927,88.46763,86.51987,88.153656,89.6587,85.77393,82.57524,0.0,41.64313,-0.00018841369,-60.11257,30.446255,-15.414315,8.748746,4.6094966,182.81615,35.562218,67.83617,15.08222,22.797977,11.347213,0.0,0.0,0.0,0.3818392,0.009873302,0.0,0.0,0.0,0.0,3.858199e-09,0.0,0.0,15.056722,10.6105795,0.0,550.3746,326.8297,0.0,96.099884,0.0,15.072161
83.47993,83.47993,86.84193,87.80927,85.793,87.467705,88.96442,84.86667,81.7081,0.0,41.1519,-0.00018741724,-67.60124,36.61022,-18.28931,10.6482315,3.8998075,206.76088,40.918552,77.04339,15.940256,25.626497,12.408176,0.0,0.0,0.0,0.32052058,0.01403107,0.0,2.4741564e-09,0.0,0.0,6.563769e-10,0.0,0.0,15.060513,10.577527,0.0,523.5079,339.3526,0.0,104.99453,0.0,15.071269
82.86458,82.86458,86.28032,87.166016,85.056984,86.72931,88.21754,83.97436,80.724205,0.0,40.59633,-0.00018541409,-73.620224,39.418068,-18.133116,12.325317,5.4018197,228.31653,44.41932,84.89182,18.220348,27.877174,13.733184,0.0,0.0,0.0,0.28410694,0.020689629,0.0,0.1537287,0.0,0.0,0.0014747482,0.0,0.0,15.062198,10.531,0.0,365.1675,404.34048,0.0,32.21953,0.0,15.070602
82.18214,82.18214,85.66023,86.400345,84.18723,85.87536,87.350716,82.979965,79.70443,0.0,39.98284,-0.00018237438,-80.11828,44.04287,-19.151815,14.550909,5.758071,250.0087,49.430393,94.41145,20.23242,29.566664,14.569583,0.0,0.0,0.008131519,0.25766867,0.086089015,0.0,0.15602052,0.0,0.0,1.3148799e-10,0.0,9.149739,15.0632105,15.164625,0.0,332.8457,497.21808,0.0,507.93295,0.0,15.070104
81.43033,81.43033,84.98027,85.56121,83.21812,84.94405,86.42177,81.6017,78.28473,0.0,39.31106,-0.0001803236,-87.08712,48.66603,-21.420187,14.165078,6.3024144,274.90448,54.749264,103.80452,21.885492,34.61325,16.824915,0.0,0.0,0.105046846,0.23559703,0.1042134,0.0,0.13340347,0.0,0.0,2.249402e-11,0.0,14.728983,15.063981,14.76337,0.0,300.85294,394.02527,0.0,424.36218,0.0,15.069731
80.64713,80.64713,84.23703,84.72644,82.332634,84.02856,85.48327,80.69398,77.37253,0.0,38.57239,-0.0001782528,-90.764145,51.161934,-19.637789,17.61372,6.3588185,287.98355,57.105633,109.84341,23.671412,34.86964,16.81058,0.0,0.0,0.095161475,0.2145396,0.10156767,0.0,0.12745549,0.0011163766,0.0,7.1738063e-12,0.0,14.822388,15.064695,14.840873,0.0,275.01007,276.39325,0.0,409.61234,0.0,15.069451
79.80086,79.80086,83.460045,83.95984,81.49583,83.23395,84.70217,79.637344,76.238205,0.0,37.798573,-0.00017457806,-96.85672,50.884014,-22.108871,15.666799,7.278106,296.78098,56.89102,110.44517,23.911777,37.32215,18.238728,0.0,0.0,0.090152375,0.20482898,0.09363809,0.0020960525,0.12349206,0.0022619243,0.0,1.0129458e-07,0.0,14.868076,15.064909,14.889888,4.0017323,260.73126,211.56363,0.0,257.98373,0.0,15.0692425
78.95602,78.95602,82.655846,83.00891,80.39316,82.203384,83.66989,78.43932,75.0721,0.0,37.001118,-0.00017244935,-100.2829,54.69869,-25.859829,15.925004,6.9130764,314.78043,62.509422,117.94271,25.224955,38.344204,18.782549,0.0,0.0,0.084096536,0.19874467,0.091380976,0.032234203,0.115603656,0.004738712,0.0,0.00038498882,0.0,14.903898,15.065005,14.911595,197.01846,259.40674,112.95292,0.0,226.50131,0.0,15.069086
78.098976,78.098976,81.81167,82.26441,79.66847,81.39878,82.86632,77.9699,74.49453,0.0,36.1553,-0.00016866732,-101.34703,52.133175,-21.66936,15.770599,8.092739,310.46835,59.681458,116.66174,26.143084,35.552353,17.863712,0.0,0.0,0.080948345,0.18750271,0.08689749,0.03034306,0.11279193,0.018468209,0.0,0.00073921005,0.0,14.923537,15.065342,14.929823,171.51353,243.87491,65.09161,0.0,203.76045,0.0,15.06897
77.19601,77.19601,80.97184,81.25249,78.5119,80.33048,81.804115,76.29654,72.86053,0.0,35.321064,-0.00016592235,-106.43674,56.50017,-26.264778,14.827827,7.6812973,324.92435,65.007355,123.901215,26.903372,41.035362,20.086214,0.0,0.0,0.0803936,0.18997125,0.08362311,0.02934339,0.11116179,0.018762946,0.01268773,3.16881e-05,0.0,14.933425,15.065153,14.936837,139.19473,246.39317,57.857964,10.091245,179.35603,0.0,15.068882
76.374535,76.374535,80.10308,80.48862,77.82244,79.67273,81.1264,75.674255,72.280975,0.0,34.447987,-0.0001631372,-102.645035,53.874397,-27.755207,17.754436,7.2122855,313.82474,62.283485,117.22852,25.588697,40.358673,19.791677,0.0,0.0,0.08071176,0.18161823,0.083352305,0.028952938,0.10687196,0.018787125,4.0380296e-06,1.7149716e-07,0.0,14.940287,15.065412,14.943269,106.30851,232.8786,54.152523,196.08965,187.55894,0.0,15.068816
75.53589,75.53589,79.26155,79.64009,77.08142,78.858894,80.31761,75.27348,71.777275,0.0,33.604736,-0.0001614491,-102.40985,54.053032,-24.217632,17.055752,8.30339,309.29044,60.202053,116.328636,24.962688,36.770622,18.584885,0.0,0.0,0.07679166,0.1878711,0.07868198,0.026722843,0.10726006,0.01699881,3.5089368e-05,3.975673e-07,0.0,14.9483595,15.065118,14.9503565,100.192795,245.28142,52.957367,145.16533,178.65283,0.0,15.068768
231.946,167.78596,84.36378,86.07259,115.38054,90.33971,90.45439,108.02621,91.42909,0.0,37.359543,1864.9702,1404.1445,-20.185652,298.5678,89.59582,52.314575,-1572.7219,422.46356,-182.8489,-48.15186,78.4384,-28.835968,1864.9702,0.0,0.0,0.012578228,0.042509343,0.0,0.040811643,0.0,0.0008005385,0.0045263013,0.0,0.0,1.8301129,14.89992,0.0,114.7884,538.17755,110.328064,38.760452,0.0,14.066615
233.79948,170.49474,88.565186,90.30338,118.73842,94.441826,94.598465,110.94691,94.58871,0.0,41.585472,1851.5048,1391.0045,-21.859514,294.02173,88.14573,51.814423,-1556.4344,419.7862,-180.63565,-47.357357,80.922646,-26.135616,1851.5048,0.0,0.0,0.0012320776,0.019789327,0.0,2.0844083e-10,1.6068685e-12,0.0,8.472181e-05,0.0,0.0,30.112862,14.858913,0.0,104.15134,257.91058,0.0,107.44076,0.0,14.836985
84.19973,84.19973,87.755875,88.374664,86.07893,87.80124,89.27076,84.661255,81.402115,0.0,42.08612,-0.0001898958,-87.66664,47.601463,-21.211185,15.468371,5.5301375,273.28955,52.567707,100.837685,21.244547,32.246216,15.657823,0.0,0.0,0.0,0.20187703,0.027342029,0.0,8.235851e-11,5.952283e-10,0.0,3.0892726e-05,0.0,0.0,14.814741,14.891096,0.0,349.3183,247.81905,0.0,107.37194,0.0,14.818802
83.47474,83.47474,87.02332,87.67764,85.37393,87.06946,88.55958,83.87404,80.56461,0.0,41.351788,-0.00018691822,-86.95976,46.58328,-19.613394,11.970194,6.2062597,268.01562,52.080387,100.8091,21.50196,33.24283,16.140694,0.0,0.0,0.0,0.21685532,0.032862216,0.0,1.0260672e-09,3.3356704e-10,0.0,0.0006226471,0.0,0.0,14.813443,14.899144,0.0,370.69812,270.96335,0.0,122.092575,0.0,14.818177
82.77543,82.77543,86.30709,87.04192,84.70256,86.442276,87.93192,83.33809,80.02422,0.0,40.631626,-0.00018490986,-85.36042,44.202827,-22.197573,12.05912,6.263066,256.0496,51.39253,97.48243,21.355585,31.586935,15.7452345,0.0,0.0,0.0,0.22055322,0.029990055,0.0,0.1052091,8.371752e-11,0.0,0.0004084672,0.0,0.0,14.812786,14.905194,0.0,282.52515,367.64426,0.0,11.166895,0.0,14.817708
82.08359,82.08359,85.61906,86.40487,84.08692,85.80083,87.295975,82.65373,79.45377,0.0,39.943615,-0.00018288393,-85.722206,42.637337,-20.721487,10.974179,4.6304574,256.12607,49.475616,95.70318,21.33549,32.436203,15.415335,0.0,0.0,0.033005934,0.23023583,0.075063825,0.0,0.11114065,1.1197998e-15,0.0,0.0029536297,0.0,12.545372,14.811962,14.680744,0.0,291.65363,164.59845,0.0,220.6416,0.0,14.817355
81.45208,81.45208,84.93304,85.70215,83.490295,85.186325,86.67712,82.30141,79.06457,0.0,39.2554,-0.00017980975,-80.405365,43.155487,-19.644344,11.840819,5.2066293,249.23357,48.57647,92.91491,19.759193,29.322891,14.325924,0.0,0.0,0.075674415,0.22991778,0.07789721,0.0,0.111430585,0.00035798975,0.0,0.0021458983,0.0,14.665767,14.811701,14.666614,0.0,296.79825,169.86198,0.0,288.76294,0.0,14.81709
80.787,80.787,84.26352,85.04403,82.78817,84.50142,85.99616,81.435974,78.20832,0.0,38.585705,-0.00017773388,-79.95927,42.802303,-20.682596,11.0564995,5.068338,248.67238,49.53086,93.521034,20.198822,31.433159,15.160454,0.0,0.0,0.075271614,0.23592146,0.07726295,0.0,0.1142181,0.004307201,0.0,0.002355111,0.0,14.660665,14.811199,14.661797,0.0,305.25568,133.9204,0.0,275.07776,0.0,14.81689
80.12623,80.12623,83.59658,84.38146,82.155014,83.88834,85.3881,80.823,77.61167,0.0,37.91752,-0.00017616068,-79.33583,42.666485,-21.840235,9.991056,4.814237,244.66994,48.82094,91.38513,19.135296,31.179058,15.082211,0.0,0.0,0.07562791,0.23629844,0.07797323,0.0,0.113095924,0.005067178,0.0,1.945756e-09,0.0,14.65446,14.811023,14.65456,0.0,303.37137,119.561935,0.0,216.89691,0.0,14.81674
79.46514,79.46514,82.9376,83.68789,81.485916,83.154724,84.64395,80.089035,76.87605,0.0,37.260086,-0.00017351615,-79.54935,43.733055,-17.9,12.138591,4.840473,249.63762,49.027805,94.333466,20.123768,31.989853,15.091733,0.0,0.0,0.07570619,0.23996031,0.07825899,0.01929196,0.11498416,0.004581287,0.0,1.4190797e-09,0.0,14.648697,14.810722,14.651422,30.88743,310.11377,49.8222,0.0,222.96777,0.0,14.8166275
78.76492,78.76492,82.26622,83.060455,80.77212,82.474434,83.95679,79.433334,76.1555,0.0,36.589306,-0.00017137623,-82.423195,42.37402,-20.028898,13.3809185,5.7893276,251.52167,49.37678,94.68031,21.240202,31.264467,15.282942,0.0,0.0,0.07406165,0.2352203,0.08008289,0.02151997,0.11543982,0.0040136664,0.0,9.758857e-10,0.0,14.647016,14.810869,14.648893,105.58629,300.8802,52.668243,0.0,227.04613,0.0,14.816543
78.07825,78.07825,81.58915,82.27978,80.02424,81.71354,83.19608,78.58144,75.30083,0.0,35.913464,-0.00016867033,-83.36162,45.52303,-19.225649,13.346543,5.827063,255.37311,50.923973,97.890976,20.872437,32.553394,15.720583,0.0,0.0,0.07645076,0.23343971,0.080500945,0.020792268,0.1178544,0.010935185,0.0,1.0941934e-09,0.0,14.64266,14.81089,14.646625,117.36936,299.83014,53.310856,0.0,220.28217,0.0,14.816479
77.37658,77.37658,80.90223,81.66906,79.34207,81.05442,82.542145,77.841995,74.605034,0.0,35.227272,-0.00016647378,-84.785645,43.225903,-20.629522,12.419064,5.208535,257.63104,50.43522,96.83609,21.661366,33.24503,15.888974,0.0,0.0,0.07769055,0.22995493,0.08288591,0.021953717,0.11741639,0.011040678,0.010163782,9.22347e-10,0.0,14.642665,14.811009,14.645693,87.99925,290.48242,50.337738,10.099101,225.87422,0.0,14.816431
76.64008,76.64008,80.207275,80.935616,78.58795,80.315895,81.81126,77.0574,73.79259,0.0,34.535015,-0.00016425531,-88.69044,44.3988,-21.53476,10.930761,5.609951,265.84897,50.87705,98.48501,21.615458,33.607986,16.223763,0.0,0.0,0.07946621,0.22795115,0.082114905,0.021131905,0.11733767,0.011789615,4.965383e-05,1.9675022e-09,0.0,14.643117,14.811069,14.648151,94.9925,293.48862,46.795624,104.11699,226.5077,0.0,14.816395
75.92749,75.92749,79.491844,80.169685,77.78152,79.51937,81.00618,76.118126,72.88064,0.0,33.820675,-0.00016144669,-88.428116,45.89864,-22.093851,12.58757,5.2164083,269.12427,53.176193,101.49246,22.310654,35.152767,16.735098,0.0,0.0,0.080515236,0.22103313,0.0816692,0.021662977,0.11626726,0.012929686,2.7286549e-05,2.7301554e-09,0.0,14.648755,14.811365,14.650273,98.48488,288.8234,44.269417,117.3491,222.70238,0.0,14.816367
231.52315,167.1681,83.12624,84.93219,114.59378,89.48373,89.69566,106.96688,90.8417,0.0,36.097286,1868.0286,1409.569,-25.356411,298.98764,86.20257,51.322624,-1589.0009,423.1579,-191.1504,-51.524,79.99498,-29.566732,1868.0286,0.0,0.0,0.02009996,0.05032032,0.0,0.009196979,0.0,0.00035868952,0.0,0.0,0.0,2.0057404,14.615454,0.0,296.73428,104.20259,94.972275,0.0,0.0,14.266349
233.54294,170.11974,87.377335,89.17423,118.660614,93.64587,93.856606,111.05058,94.75708,0.0,40.366955,1853.3745,1398.1733,-24.913767,298.40945,86.245415,51.678272,-1576.7816,418.5555,-189.24297,-50.823395,79.89938,-28.8959,1853.3745,0.0,0.0,0.0017465479,0.018884486,0.0,3.341778e-11,0.0,0.033272047,3.8258004e-05,0.0,0.0,44.98482,14.581731,0.0,108.30124,298.6453,13.788794,93.893684,0.0,14.597339
84.40116,84.40116,88.00074,88.62057,86.259834,87.95778,89.435844,84.678406,81.43448,0.0,42.33234,-0.00019038821,-91.63607,47.571793,-19.762066,14.107458,5.3112965,277.26004,53.06419,104.04628,22.679806,34.206707,16.22373,0.0,0.0,0.0,0.2154647,0.015181699,0.0,5.1821615e-14,1.674051e-14,0.0,4.292227e-05,0.0,0.0,15.152602,14.577606,0.0,361.04712,300.60568,0.0,97.61056,0.0,15.157327
83.71308,83.71308,87.258125,87.91083,85.57378,87.28069,88.74759,84.012955,80.72535,0.0,41.587337,-0.00018741669,-86.6276,46.630054,-20.306213,15.866733,5.921024,270.2371,53.01565,101.67422,22.30605,33.965214,16.367035,0.0,0.0,0.0,0.2142021,0.032669496,0.0,3.3904732e-12,4.1521562e-14,0.0,6.5730255e-06,0.0,0.0,15.15182,14.599292,0.0,367.85815,295.46735,0.0,93.31846,0.0,15.156522
83.00132,83.00132,86.53434,87.19985,84.97559,86.672516,88.15849,83.61292,80.307816,0.0,40.861206,-0.00018641796,-85.4892,46.258537,-19.699432,12.738804,6.150768,263.22174,50.21396,97.368904,20.074383,31.564375,15.497845,0.0,0.0,0.0,0.21902253,0.032404747,0.0,0.06830812,1.5553951e-13,0.0,0.001008105,0.0,0.0,15.15097,14.602755,0.0,280.2421,329.1794,0.0,28.372353,0.0,15.15592
82.31128,82.31128,85.82801,86.48262,84.28576,85.95988,87.43759,82.81775,79.55091,0.0,40.153923,-0.00018339176,-83.92711,46.57489,-18.25119,14.165616,5.6381764,260.31107,50.208717,97.60809,20.144608,32.85935,15.703334,0.0,0.0,0.0,0.2242618,0.032325316,0.0,0.10888848,5.769275e-13,0.0,0.0005564885,0.0,0.0,15.150254,14.607759,0.0,292.3153,172.33058,0.0,8.653009,0.0,15.15547
81.64789,81.64789,85.13274,85.92397,83.656586,85.389694,86.8785,82.35455,79.11835,0.0,39.454464,-0.00018083754,-80.79458,42.467815,-21.82801,12.217436,5.19729,247.2252,49.33826,92.76992,20.15306,30.798063,15.056743,0.0,0.0,0.07385162,0.22638194,0.07783689,0.0,0.10962782,0.0,0.0,0.002333798,0.0,15.003498,15.149801,15.00773,0.0,291.6307,215.36476,0.0,274.25208,0.0,15.155134
81.03265,81.03265,84.4729,85.306076,83.17204,84.86348,86.3515,81.986115,78.67194,0.0,38.79017,-0.00017929077,-76.23016,41.137432,-19.359646,12.364262,6.266957,232.57787,45.884922,87.35205,18.34699,29.283298,14.670693,0.0,0.0,0.072350636,0.2377966,0.07751205,0.0,0.1100937,0.0025087234,0.0,0.0022268975,0.0,14.998094,15.148972,15.001444,0.0,306.05005,154.12953,0.0,280.95947,0.0,15.154883
80.47363,80.47363,83.85332,84.772316,82.73338,84.39447,85.88005,81.69554,78.51556,0.0,38.165226,-0.00017668623,-69.63075,38.293983,-17.37757,12.810069,4.2911577,213.88303,42.49566,80.881096,17.015802,27.248528,13.066441,0.0,0.0,0.071066126,0.25217703,0.076787636,0.0,0.10816304,0.0045522125,0.0,0.0027320238,0.0,14.992819,15.148017,14.994934,0.0,324.0954,157.17113,0.0,206.55713,0.0,15.154696
79.939766,79.939766,83.28303,84.33586,82.35358,84.00196,85.49665,81.57413,78.38649,0.0,37.59052,-0.00017510763,-65.39169,33.45814,-16.488813,11.0677595,4.4236803,197.35686,37.787556,72.62015,15.807969,23.34544,11.570889,0.0,0.0,0.06856414,0.27344066,0.073661305,0.019346537,0.10820243,0.00411266,0.0,9.685048e-10,0.0,14.985737,15.146659,14.9899,10.613571,348.81125,135.75726,0.0,219.96231,0.0,15.154556
79.47158,79.47158,82.758194,83.89907,82.001015,83.640594,85.14285,81.34133,78.17274,0.0,37.06022,-0.00017404847,-58.28682,29.922377,-15.84815,9.419995,4.086908,175.06345,33.896156,64.244446,13.741865,21.334427,10.6561165,0.0,0.0,0.06467889,0.29552674,0.0677543,0.017418034,0.103615776,0.0039157453,0.0,3.31645e-10,0.0,14.978938,15.145175,14.982188,10.409622,386.7726,58.56864,0.0,210.88972,0.0,15.154451
79.063705,79.063705,82.29332,83.508354,81.72129,83.34306,84.8479,81.173935,78.04004,0.0,36.58982,-0.00017137843,-50.29979,26.640804,-14.479084,8.797888,3.4028094,149.79532,29.079355,54.57166,10.96438,19.288887,9.548086,0.0,0.0,0.0628276,0.33178478,0.06529138,0.01550576,0.10075515,0.0039641205,0.0,4.5266454e-11,0.0,14.964091,15.142579,14.966695,127.35191,14.988017,57.128815,0.0,221.12971,0.0,15.154374
78.705864,78.705864,81.89391,83.17215,81.43013,83.03476,84.54514,80.97236,77.870926,0.0,36.187317,-0.00017083684,-43.713795,23.544138,-13.047336,7.3153534,2.6334944,133.89397,26.282333,48.634586,9.841462,17.514515,8.518961,0.0,0.0,0.056081995,0.38545454,0.060490046,0.013503526,0.099315755,0.0069816625,0.0,4.856019e-12,0.0,14.956798,15.138201,14.953811,132.7094,14.96267,61.353634,0.0,232.23224,0.0,15.154315
78.373535,78.373535,81.53682,82.85461,81.16812,82.76443,84.27714,80.81013,77.71119,0.0,35.82754,-0.00016921267,-39.354065,21.415777,-12.302138,6.611067,2.5662534,118.68747,23.027029,42.33877,7.940296,15.337168,7.61862,0.0,0.0,0.053476654,0.4291425,0.055669747,0.011835393,0.09053887,0.006205785,0.0,3.9211687e-13,0.0,14.938061,15.134101,14.940378,134.91054,14.947141,55.955936,0.0,247.47855,0.0,15.154272
78.07607,78.07607,81.21936,82.56905,80.890594,82.480774,83.997284,80.55951,77.49221,0.0,35.50863,-0.00016976177,-35.506824,19.557755,-11.727794,5.297199,1.519817,109.68474,22.030666,39.658955,7.696299,14.703523,7.0475125,0.0,0.0,0.048517495,0.4813332,0.053280767,0.009957274,0.08452043,0.004839367,0.0037170572,8.574928e-15,0.0,14.922373,15.128583,14.914027,111.47906,14.922215,58.643147,7.1519637,260.84543,0.0,15.15424
77.77873,77.77873,80.92486,82.281,80.60054,82.196465,83.71116,80.28047,77.19336,0.0,35.2139,-0.00016812122,-36.074173,19.163624,-12.266855,5.955788,2.22525,108.263855,21.656595,38.820114,7.6121936,14.43723,7.179248,0.0,0.0,0.043997124,0.5187627,0.04614841,0.008526114,0.08209814,0.0044355057,0.0059972755,1.2738736e-15,0.0,14.904218,15.1242895,14.906491,111.251915,14.890304,53.10493,10.397364,286.8461,0.0,15.154215
77.48854,77.48854,80.63403,81.98748,80.33068,81.9148,83.42964,80.058044,76.96099,0.0,34.922997,-0.0001675736,-35.94827,19.329014,-11.1355095,5.9066315,2.514637,107.74671,20.582619,38.05226,7.069969,13.239543,6.723689,0.0,0.0,0.039335925,0.5251944,0.043296423,0.007106804,0.07484832,0.0035463895,0.0051943986,0.0,0.0,14.889576,15.1235,14.878656,114.940155,14.871088,56.03277,10.396707,295.17557,0.0,15.154197
77.19207,77.19207,80.34387,81.700455,80.00793,81.595116,83.111626,79.709595,76.63009,0.0,34.63348,-0.00016702522,-37.185112,19.136341,-11.438768,5.2980437,1.9796772,111.881454,21.962505,40.48039,8.408489,13.89937,6.8295474,0.0,0.0,0.036154583,0.5275686,0.038685445,0.006163439,0.07932777,0.002812242,1.1001494e-08,0.0,0.0,14.87111,15.123198,14.873784,117.09044,14.8147335,57.464794,124.74802,281.41644,0.0,15.154183
76.84965,76.84965,80.03928,81.31713,79.56314,81.16615,82.67414,79.11644,75.968346,0.0,34.33285,-0.00016592855,-43.979637,23.563774,-12.905455,7.985529,3.6958535,134.79639,26.751106,49.584362,10.391218,17.284658,8.779664,0.0,0.0,0.036639117,0.50905824,0.038808063,0.005597738,0.08147927,0.0027720632,2.2458064e-09,0.009454367,0.0,14.830714,15.125384,14.833006,114.57389,14.778238,51.045456,132.16895,11.547246,0.0,15.154173
76.45072,76.45072,79.67408,80.906425,79.10546,80.721405,82.22829,78.57802,75.45728,0.0,33.970654,-0.00016313646,-49.356262,25.82407,-14.006275,8.279162,3.1105509,150.14375,29.193691,54.7218,11.520277,18.90689,9.270311,0.0,0.0,0.034186605,0.42629686,0.04300741,0.005057154,0.09274021,0.002190218,1.3649504e-09,0.0076926597,0.0,14.824156,15.134264,14.776356,115.48898,14.72768,55.519463,133.6315,10.478622,0.0,15.154165
75.98399,75.98399,79.26514,80.41229,78.49277,80.14329,81.647385,77.76872,74.627144,0.0,33.567215,-0.00016201186,-57.562183,29.65643,-16.641209,8.981801,3.5638456,175.2912,34.618595,64.47391,13.97054,22.434326,10.962523,0.0,0.0,0.03932935,0.38444868,0.048198197,0.0048727477,0.11149994,0.0019999016,1.4834487e-09,0.0079658665,0.0,14.771551,15.138121,14.731577,115.10282,14.693956,53.964134,136.35806,11.13331,0.0,15.15416
233.23067,169.66335,84.82511,87.0628,119.482635,92.72606,92.943565,112.81706,96.19409,0.0,37.696453,1855.6476,1416.5142,-41.86719,308.8301,86.00491,52.368446,-1653.244,413.22592,-222.00398,-60.46401,74.3823,-34.848877,1855.6476,0.0,0.0,0.022666134,0.007119752,0.0,0.018706976,0.0,5.9660133e-06,0.00096116157,0.0,0.0,2.4457428,14.871033,0.0,13.237788,371.3071,114.571266,12.132556,0.0,14.10175
235.09644,172.39072,89.21594,91.2847,122.1484,96.47214,96.647194,115.27898,98.91856,0.0,42.13875,1842.024,1401.9738,-36.18547,302.403,87.50298,51.819088,-1620.3557,413.4841,-209.58739,-56.46731,75.60205,-32.383286,1842.024,0.0,0.0,0.0044151614,0.0,0.0,0.0,0.0006786319,0.0084251305,3.2202524e-07,0.0,0.0,2.174153,108.19064,0.0,0.0,314.78265,6.9953647,113.89493,0.0,13.34081
84.28739,84.28739,87.82023,88.47878,86.209625,87.92647,89.41645,84.776184,81.611465,0.0,42.148064,-0.00018940234,-85.47168,46.460762,-20.893879,11.995463,4.015701,266.13513,51.513763,98.57426,20.473034,32.43935,15.264441,0.0,0.0,0.0,0.2690739,0.0021915566,0.0,7.295711e-05,0.0019959202,0.0,1.6566061e-07,0.0,0.0,13.184527,14.898514,0.0,0.16497621,192.1969,0.0,113.202576,0.0,13.190951
83.47412,83.47412,87.09606,87.63808,85.1374,86.883705,88.34745,83.42097,80.03386,0.0,41.432957,-0.00018791962,-93.62381,49.740585,-22.561455,16.333988,7.1429467,292.26535,57.606743,109.97626,24.451006,35.75376,17.637686,0.0,0.0,0.0,0.22470537,0.008234467,0.0,0.0009949314,0.002058314,0.0,1.7209318e-08,0.0,0.0,13.185432,14.787909,0.0,1.5048445,206.55568,0.0,112.12667,0.0,13.189889
82.59596,82.59596,86.30498,86.76693,84.14003,85.89173,87.38093,82.20204,78.80335,0.0,40.647633,-0.00018440565,-101.04414,51.890724,-22.854908,12.144388,7.273064,307.8898,60.23349,116.6735,25.957428,38.176025,18.611872,0.0,0.0,0.0,0.20448972,0.022399655,0.0,0.1492144,0.0036512038,0.0,0.00024499546,0.0,0.0,13.1853695,14.634143,0.0,13.057879,196.64755,0.0,41.095726,0.0,13.189065
81.66962,81.66962,85.47037,85.79313,83.033325,84.86819,86.355515,80.949135,77.44895,0.0,39.820328,-0.00018083821,-108.389,55.458622,-27.038712,12.491686,8.343078,326.7895,64.03222,122.68587,26.7422,39.70498,19.895607,0.0,0.0,0.104885764,0.19381295,0.11394113,0.0,0.13232626,0.004586613,0.0,3.9042876e-09,0.0,11.378671,13.185096,13.020608,0.0,13.087821,239.70938,0.0,32.33981,0.0,13.188426
80.74927,80.74927,84.58645,84.81869,82.04391,83.78167,85.22777,79.81463,76.31287,0.0,38.94224,-0.00017825465,-111.19085,57.67752,-22.088766,18.763657,8.358732,341.2162,65.436905,128.86595,28.96583,41.174377,20.08188,0.0,0.0,0.099682234,0.18242736,0.10187937,0.0,0.12357493,0.003674246,0.0,0.00067498966,0.0,13.053328,13.184974,13.05565,0.0,13.101352,46.405556,0.0,10.310919,0.0,13.18793
79.78315,79.78315,83.66375,83.79815,80.83713,82.64773,84.0905,78.609505,75.08676,0.0,38.025387,-0.00017564032,-114.453255,59.99683,-25.878038,19.191383,8.565237,355.17892,70.14305,135.05162,30.565693,41.157818,20.424374,0.0,0.0,0.09546345,0.17453222,0.096027866,0.0,0.11729368,0.0024827132,0.0,0.050048865,0.0,13.070517,13.1848345,13.072116,0.0,13.110099,15.036779,0.0,13.140009,0.0,13.187546
78.809456,78.809456,82.7081,82.74748,79.7756,81.59136,83.03494,77.316216,73.788925,0.0,37.071014,-0.00017083684,-115.785645,62.178074,-26.12892,19.088713,8.609421,358.18478,71.79479,137.91692,30.631191,43.41723,21.29939,0.0,0.0,0.091138035,0.16753507,0.09139481,0.04098088,0.11257395,0.005853147,0.0,0.045201126,0.0,13.08228,13.184745,13.084758,9.490103,13.117453,90.10664,0.0,11.236998,0.0,13.187247
77.850716,77.850716,81.747185,81.81679,79.0282,80.88745,82.32924,76.654594,73.155075,0.0,36.108566,-0.00016812191,-115.62569,61.49143,-28.16439,19.3169,8.336355,354.58945,67.7627,130.49902,27.483274,42.592922,21.0487,0.0,0.0,0.08707,0.16593805,0.08829583,0.038547702,0.10896677,0.027287113,0.0,0.04190385,0.0,13.090015,13.184555,13.092817,9.634248,13.1220665,13.688565,0.0,9.2854,0.0,13.187016
76.88953,76.88953,80.79389,80.90236,77.945496,79.84586,81.32449,75.335014,71.7134,0.0,35.15578,-0.00016481316,-116.20517,60.598747,-29.980001,14.013613,9.48641,355.7826,70.10527,133.08704,28.782072,44.83777,22.448013,0.0,0.0,0.08391674,0.1674192,0.08562978,0.037570287,0.106738776,0.023738874,0.029237218,0.040499624,0.0,13.094834,13.184325,13.098201,10.031955,13.121745,10.046186,8.655233,9.348774,0.0,13.186836
76.04751,76.04751,79.844315,80.01687,77.2758,79.02423,80.465805,74.97832,71.423004,0.0,34.199787,-0.00016257542,-108.08215,59.10161,-22.67751,19.34441,8.877767,340.43936,66.76255,129.32251,28.401972,41.849808,20.572496,0.0,0.0,0.08279866,0.1667359,0.084751226,0.042975385,0.1065098,0.025870899,0.025502581,0.039634038,0.0,13.096429,13.184203,13.09877,13.02438,13.120382,9.318208,9.525883,9.180404,0.0,13.186697
230.168,165.18835,81.5909,83.19489,111.13591,86.916756,87.12699,103.086044,86.67307,0.0,34.627163,1877.7965,1405.6805,-12.842919,293.5453,86.26305,51.92944,-1545.7457,429.19305,-167.91023,-43.899914,82.36065,-24.944403,1877.7965,0.0,0.0,0.0829145,0.07544053,0.058206145,0.06476816,0.00060654274,0.024203487,0.0,0.0,0.0,10.399236,13.088932,13.069465,13.07672,1.5059202,9.6645355,0.0,0.0,13.134971
232.05455,167.94458,85.730934,87.37446,114.76074,91.03931,91.23,106.5427,90.471565,0.0,38.780605,1864.1842,1393.5135,-15.9530735,290.467,86.95353,51.207996,-1536.726,425.65536,-167.49283,-43.14067,83.28524,-23.917961,1864.1842,0.0,0.0,0.009893987,0.04059822,0.0,0.004374892,0.015255358,0.030274292,0.019447256,0.0,0.0,1.4924774,13.050387,0.0,1.0235165,9.9221525,13.024512,9.630222,0.0,11.899755
84.59132,84.59132,88.2805,88.725655,86.175674,87.95167,89.42652,84.443794,81.10947,0.0,42.6204,-0.00019087955,-99.39578,52.33238,-24.140854,14.631741,6.518886,300.48892,59.35688,113.9004,24.58863,35.927082,17.605473,0.0,0.0,0.0,0.00467687,0.023612985,0.0,0.0032115444,0.03225929,0.0,0.022063572,0.0,0.0,1.4163579,13.017916,0.0,0.9930559,13.041171,0.0,13.009919,0.0,10.9514265
83.79106,83.79106,87.47205,87.985756,85.409836,87.14957,88.62592,83.514114,80.187675,0.0,41.81298,-0.00018791514,-98.707886,50.509827,-22.19852,14.388592,6.421181,303.27505,58.59913,113.68935,25.551573,37.724113,18.100727,0.0,0.0,0.0,0.19963422,0.041394476,0.0,0.0031505404,0.021197524,0.0,0.015786843,0.0,0.0,10.947837,13.051163,0.0,0.9929915,13.016392,0.0,11.597737,0.0,10.950751
83.05552,83.05552,86.664375,87.2072,84.80494,86.55992,88.03691,83.08701,79.778015,0.0,40.998074,-0.00018541413,-92.465256,49.718487,-23.0323,14.283791,6.2008014,283.28552,55.64316,106.23182,22.429127,35.770523,17.351423,0.0,0.0,0.0,0.19733286,0.039477766,0.0,0.023811793,0.012155169,0.0,0.0081885345,0.0,0.0,10.947343,13.049681,0.0,10.511422,6.314391,0.0,5.8624997,0.0,10.950205
82.33719,82.33719,85.90654,86.56491,84.20107,85.919464,87.40966,82.545746,79.242485,0.0,40.23688,-0.00018339237,-88.88929,46.465958,-20.98458,11.955362,6.1268387,273.58255,52.938763,102.026024,22.165619,35.060707,16.901628,0.0,0.0,0.0,0.21047848,0.03840691,0.0,0.12768812,0.010404128,0.0,0.006434968,0.0,0.0,10.946483,13.045285,0.0,10.871817,5.098685,0.0,4.929296,0.0,10.949761
81.592354,81.592354,85.17196,85.80696,83.45726,85.14673,86.61548,81.95789,78.79973,0.0,39.501762,-0.00018083754,-89.82925,47.13925,-19.23609,15.585984,3.892401,271.99628,52.914013,103.409256,22.796314,33.236496,15.415085,0.0,0.0,0.09822519,0.21742699,0.09975911,0.0,0.12377751,0.0063728956,0.0,0.006050749,0.0,10.840685,10.945888,10.842306,0.0,10.869623,7.0680923,0.0,3.7416344,0.0,10.949404
80.91872,80.91872,84.445274,85.14665,82.907104,84.62718,86.11515,81.51588,78.38887,0.0,38.770905,-0.0001787718,-84.87236,45.204964,-21.082703,12.37436,3.2526212,259.43533,49.856606,95.69773,19.884619,31.919842,14.897973,0.0,0.0,0.095004216,0.2183924,0.09712659,0.0,0.13058881,0.010415168,0.0,0.0056185233,0.0,10.83922,10.945557,10.841463,0.0,10.862069,13.015223,0.0,1.8542558,0.0,10.949113
80.22037,80.22037,83.74879,84.426414,82.19449,83.9314,85.426476,80.808495,77.53551,0.0,38.073795,-0.00017668809,-85.05056,45.90494,-22.040907,10.9886465,5.723682,257.52475,50.217773,95.67079,19.266397,31.855185,15.643069,0.0,0.0,0.099054396,0.2285164,0.10140113,0.0,0.13307087,0.009761891,0.0,0.05075593,0.0,10.828749,10.944968,10.831228,0.0,10.856754,13.009247,0.0,9.707955,0.0,10.948878
79.503136,79.503136,83.0542,83.719925,81.43867,83.162636,84.6389,80.11352,76.90169,0.0,37.381824,-0.0001745807,-87.191414,46.252205,-21.307198,14.403022,4.822221,265.51553,51.184345,98.49164,20.822996,31.092176,15.006917,0.0,0.0,0.100919984,0.22999698,0.103763916,0.035336148,0.13163872,0.008794314,0.0,0.042347997,0.0,10.822785,10.94472,10.8257885,7.498071,10.85389,13.009046,0.0,7.9059553,0.0,10.948688
78.71684,78.71684,82.33676,82.99226,80.53881,82.309044,83.796844,78.91667,75.656815,0.0,36.66838,-0.000171919,-93.44581,46.549103,-23.84169,12.405864,5.5403156,277.2948,53.94251,103.49879,22.864084,34.6793,16.794016,0.0,0.0,0.100793116,0.22306187,0.10398934,0.035311375,0.13736533,0.008440039,0.0,0.041794647,0.0,10.821389,10.944801,10.824675,7.910476,10.848656,12.959844,0.0,8.171434,0.0,10.948533
78.0607,78.0607,81.5947,82.26595,79.94133,81.66781,83.14288,78.504906,75.190506,0.0,35.923283,-0.00016921193,-85.582924,46.09142,-21.451643,14.596832,6.2698264,268.3656,52.533188,99.81154,21.592289,32.47568,16.016127,0.0,0.0,0.10668951,0.2136382,0.10883064,0.03628523,0.14032592,0.025100507,0.0,0.044634506,0.0,10.816243,10.944986,10.818505,7.7882667,10.849971,10.6752615,0.0,8.110788,0.0,10.948408
77.32832,77.32832,80.87529,81.57306,79.2723,80.987495,82.46337,77.88766,74.539986,0.0,35.202183,-0.00016592236,-86.8081,45.31189,-20.797308,14.467417,6.68111,263.2886,50.97402,98.35,21.349981,31.838324,15.880393,0.0,0.0,0.10760322,0.22052282,0.10987768,0.044888537,0.13706924,0.023632376,0.022323169,0.044040125,0.0,10.815395,10.944654,10.817799,10.76067,10.853939,7.9472446,7.447962,7.747851,0.0,10.948307
76.605095,76.605095,80.16533,80.86877,78.47123,80.2081,81.69728,76.901276,73.60694,0.0,34.49472,-0.00016425531,-88.0464,45.143593,-22.038609,12.147283,6.0103073,270.78513,52.884293,100.93302,22.450182,34.07244,16.570126,0.0,0.0,0.10458544,0.22462197,0.10625142,0.04489658,0.13053836,0.023055693,0.021942977,0.042887695,0.0,10.819615,10.94443,10.821376,10.769368,10.857181,6.8283114,7.8958507,7.587154,0.0,10.948225
75.883224,75.883224,79.43943,80.07709,77.777626,79.52108,81.00637,76.12776,72.8289,0.0,33.767117,-0.00016201103,-87.67229,47.063194,-22.404402,12.86188,6.069491,265.69406,52.197487,99.493675,20.630547,34.99823,16.967388,0.0,0.0,0.09983129,0.21844648,0.10118433,0.04645313,0.13444446,0.025818834,0.02169463,0.047828864,0.0,10.824735,10.944571,10.826165,10.763078,10.853702,7.3284283,7.7708964,7.9049044,0.0,10.948159
231.79074,167.55908,83.43735,85.21702,115.050674,89.77047,89.91545,107.28247,90.877884,0.0,36.405575,1866.0938,1410.267,-24.052076,300.0175,88.55094,51.91184,-1590.8405,422.88702,-190.62979,-50.96278,80.79187,-28.88547,1866.0938,0.0,0.0,0.0213648,0.07015568,0.0,0.05346646,0.0025030961,0.028038774,0.0,0.0,0.0,1.4874109,10.78301,0.0,10.764879,0.99230784,10.751754,0.0,0.0,10.465628
233.90353,170.64682,87.69296,89.46491,119.51716,94.027664,94.17998,112.27776,95.78879,0.0,40.68019,1850.746,1400.0331,-23.65654,301.28012,88.296234,52.088684,-1578.3629,417.18756,-190.66338,-51.10683,77.77408,-30.635687,1850.746,0.0,0.0,0.0066121765,0.03473839,0.0,0.0048318384,0.020668846,0.0509853,0.021406338,0.0,0.0,1.4221346,10.747503,0.0,0.94548917,10.744585,8.88277,10.744773,0.0,9.515114
84.39732,84.39732,87.95338,88.54155,86.22848,87.92105,89.37343,84.610756,81.32666,0.0,42.28283,-0.00018989526,-87.658356,48.464222,-19.430122,17.93073,5.874004,270.96094,53.72373,103.66469,22.391296,34.6284,16.54026,0.0,0.0,0.0,0.22201057,0.034693684,0.0,0.004408893,0.035014436,0.0,0.021639863,0.0,0.0,9.130175,10.739759,0.0,0.99244094,10.745054,0.0,10.743157,0.0,9.133142
83.69619,83.69619,87.2284,87.90765,85.63008,87.33941,88.801285,84.25063,80.920235,0.0,41.554756,-0.00018791517,-85.41236,45.8573,-20.450434,16.606142,6.4703546,261.66388,51.22492,98.39487,21.289536,31.773712,15.750394,0.0,0.0,0.0,0.22240381,0.053048138,0.0,0.005120736,0.026402544,0.0,0.015587405,0.0,0.0,9.129369,10.769993,0.0,0.9458852,10.751323,0.0,10.437167,0.0,9.132367
83.03273,83.03273,86.52698,87.21954,84.98724,86.685905,88.16229,83.7004,80.351585,0.0,40.85166,-0.0001859166,-81.72812,45.46551,-19.806,14.38258,6.6949124,256.5272,50.7109,96.57895,20.377094,30.603498,15.355457,0.0,0.0,0.0,0.22945127,0.05426653,0.0,0.12428617,0.023662535,0.0,0.0084900865,0.0,0.0,9.128502,10.7658205,0.0,7.166675,8.034369,0.0,5.087772,0.0,9.131718
82.35179,82.35179,85.840515,86.60363,84.372795,86.08559,87.5769,82.97516,79.58266,0.0,40.16237,-0.00018339176,-81.18016,43.339993,-20.655844,11.74019,7.203504,247.62354,49.021927,93.2386,19.792236,31.999207,16.132067,0.0,0.0,0.0,0.2334041,0.051102567,0.0,0.14685841,0.015358372,0.0,0.006633878,0.0,0.0,9.127828,8.374529,0.0,9.049546,5.0297227,0.0,3.257074,0.0,9.131172
81.71016,81.71016,85.17854,86.04189,83.83726,85.5319,87.0166,82.65459,79.3404,0.0,39.496998,-0.00018083754,-79.135574,40.157333,-19.558632,12.967822,6.267139,236.56537,46.218884,88.889404,19.764261,29.239893,14.670511,0.0,0.0,0.1143054,0.2411499,0.11922083,0.0,0.14944986,0.008350468,0.0,0.009518823,0.0,9.015624,9.127126,9.020344,0.0,9.043972,4.615686,0.0,3.41833,0.0,9.130715
81.118256,81.118256,84.54469,85.38388,83.293205,84.94727,86.42608,82.205605,78.91926,0.0,38.861343,-0.00018032362,-74.7692,40.943718,-16.891844,13.983928,5.904205,230.49928,44.90631,86.85133,18.413603,27.946257,13.851314,0.0,0.0,0.11371169,0.25178868,0.11906968,0.0,0.14992063,0.01115313,0.0,0.008041475,0.0,9.011865,9.126399,9.013358,0.0,9.039618,10.719826,0.0,1.5136145,0.0,9.130332
80.57321,80.57321,83.931335,84.869545,82.92723,84.571045,86.06036,82.0073,78.8066,0.0,38.24199,-0.00017773196,-67.14912,37.632744,-16.158989,12.121852,4.642399,209.28528,39.671387,76.39557,15.0884285,25.530685,12.435442,0.0,0.0,0.11381391,0.25796098,0.11861324,0.0,0.15233582,0.014482234,0.0,0.056073826,0.0,9.006318,9.125868,9.008813,0.0,9.033283,10.729279,0.0,6.5237446,0.0,9.130011
80.03703,80.03703,83.37211,84.40529,82.38928,84.05788,85.5555,81.50146,78.37654,0.0,37.679638,-0.00017563709,-64.40618,34.20464,-17.885363,10.455649,3.206075,197.48624,39.7261,74.22066,16.055113,25.045576,11.959741,0.0,0.0,0.11241055,0.2832565,0.11607238,0.024380049,0.15171154,0.014431668,0.0,0.052635282,0.0,8.999984,9.124717,9.003853,2.22902,9.025554,10.725771,0.0,6.532164,0.0,9.129742
79.55103,79.55103,82.84537,83.92982,82.02418,83.66862,85.1658,81.27891,78.071945,0.0,37.148987,-0.00017351615,-59.29807,32.226696,-16.204428,10.549685,4.744769,181.80656,35.83552,67.37758,13.947005,22.787104,11.458041,0.0,0.0,0.11198458,0.2995862,0.11575364,0.04051561,0.15035309,0.013651183,0.0,0.055273734,0.0,8.990648,9.123873,8.994631,6.175943,9.018507,10.722317,0.0,7.067808,0.0,9.129516
79.1037,79.1037,82.36119,83.53718,81.66866,83.31753,84.82668,80.99839,77.863686,0.0,36.66047,-0.00017244939,-54.330994,28.409014,-16.522932,7.66578,3.4200187,162.93391,32.62155,60.134697,12.4817295,21.51876,10.565768,0.0,0.0,0.1117196,0.3246487,0.11620258,0.040048346,0.14837205,0.016201431,0.0,0.04724835,0.0,8.9784,9.122669,8.983137,6.4732447,9.010076,7.359749,0.0,6.333824,0.0,9.129326
78.70402,78.70402,81.926155,83.158844,81.353165,82.96875,84.47568,80.80582,77.67921,0.0,36.222664,-0.00017029667,-49.170414,25.807524,-13.976689,8.267245,3.243772,149.84651,29.417004,55.014187,11.674127,19.288813,9.452607,0.0,0.0,0.10550415,0.36118102,0.11324112,0.037339855,0.15615302,0.027780717,0.0,0.04872326,0.0,8.971724,9.120879,8.973913,6.254119,8.9904175,6.201862,0.0,6.760922,0.0,9.129168
78.33514,78.33514,81.52623,82.78784,81.045746,82.65013,84.16146,80.60881,77.5001,0.0,35.820023,-0.00016921267,-44.22388,24.390814,-13.026522,7.036462,2.8213277,135.99715,26.875586,49.78424,9.819594,17.079315,8.411058,0.0,0.0,0.10196535,0.39178765,0.10635089,0.038734403,0.15818366,0.024696179,0.0,0.045932062,0.0,8.961041,9.119236,8.965675,7.4540386,8.974465,5.95409,0.0,6.656381,0.0,9.129034
77.99547,77.99547,81.16292,82.46355,80.750885,82.355064,83.865974,80.361595,77.27288,0.0,35.454597,-0.00016866808,-40.114594,22.360079,-13.008371,7.162172,2.2737734,124.31044,24.88533,45.002415,8.754435,16.04718,7.862721,0.0,0.0,0.105847925,0.43047386,0.109508745,0.04130795,0.14925566,0.020942522,0.022649359,0.043486528,0.0,8.937265,9.117028,8.941133,8.929455,8.965032,5.596194,3.6365,6.68974,0.0,9.128922
77.67646,77.67646,80.829895,82.14614,80.47794,82.06209,83.571205,80.12041,77.03405,0.0,35.120575,-0.00016812197,-37.500225,21.502077,-11.137867,7.6751747,2.2017295,118.43383,22.686787,41.98373,7.832534,15.326465,7.4004917,0.0,0.0,0.09836617,0.469647,0.10514587,0.038685564,0.15283313,0.018815858,0.021749465,0.043053247,0.0,8.929359,9.114594,8.929431,8.920769,8.941127,5.330579,6.156671,6.9192405,0.0,9.128828
77.36839,77.36839,80.51312,81.87033,80.19564,81.77855,83.291214,79.85825,76.76522,0.0,34.80234,-0.00016647455,-35.794895,19.097368,-11.013654,6.626053,2.4009767,109.4011,21.373991,39.330013,8.009792,14.853965,7.2706575,0.0,0.0,0.097059116,0.49215895,0.102291316,0.03585255,0.16075754,0.015912166,0.020387057,0.039481368,0.0,8.909881,9.113076,8.915409,8.915687,8.909109,4.9703937,6.1603503,6.870448,0.0,9.12875
77.06816,77.06816,80.21844,81.54749,79.88164,81.45969,82.96893,79.554665,76.45785,0.0,34.508377,-0.00016647376,-36.890377,20.775496,-10.513409,7.639654,2.5079865,113.94674,22.083591,41.274864,7.9863305,14.604589,7.167855,0.0,0.0,0.08971859,0.5314162,0.102369316,0.033203527,0.15160052,0.015539193,0.01876102,0.036282927,0.0,8.900908,9.11036,8.887806,8.906706,8.899434,5.3038826,6.451481,6.6939692,0.0,9.128684
76.75684,76.75684,79.91175,81.23199,79.54765,81.135506,82.64621,79.21822,76.13239,0.0,34.2022,-0.00016592466,-37.782322,21.27789,-11.502975,7.222512,2.1852593,117.05328,23.211721,42.63504,8.285196,14.663886,7.1792727,0.0,0.0,0.09130892,0.51082194,0.09665431,0.030912748,0.15627384,0.013602788,0.017920315,0.032871284,0.0,8.87612,9.111717,8.881767,8.900511,8.87039,5.0133014,6.2336197,6.5932517,0.0,9.128629
76.41178,76.41178,79.59551,80.90007,79.179085,80.78155,82.29416,78.78343,75.682304,0.0,33.887676,-0.0001631372,-42.979923,22.146791,-12.857542,6.6435924,2.6250901,127.075,24.334269,45.44776,9.073633,16.188255,8.003609,0.0,0.0,0.096230544,0.49762926,0.10315746,0.028921545,0.1667561,0.012993829,0.016565397,0.034407057,0.0,8.84093,9.112543,8.8482485,8.894736,8.838381,5.195967,6.470904,6.802324,0.0,9.128582
76.06454,76.06454,79.25237,80.50566,78.77323,80.36698,81.87159,78.345924,75.19689,0.0,33.546227,-0.00016201186,-43.67735,24.805698,-12.065773,8.856723,3.7145095,136.29117,26.957785,50.40513,10.0877495,16.87514,8.567492,0.0,0.0,0.09366322,0.45945674,0.10876629,0.027106786,0.18088344,0.012692397,0.0149810165,0.031471528,0.0,8.8337,9.114923,8.820192,8.88852,8.8094845,5.552979,8.024021,6.678963,0.0,9.128543
234.00417,170.79391,85.131805,87.69522,121.775406,94.06689,94.27753,116.04289,99.335686,0.0,37.936527,1850.0118,1423.6688,-51.290836,314.4004,86.24868,52.543648,-1695.0148,408.3295,-240.77036,-65.5402,68.56563,-38.86706,1850.0118,0.0,0.0,0.033079397,0.028083261,0.0,0.04928945,0.0072725452,0.017009128,0.009754871,0.0,0.0,1.547189,8.876029,0.0,6.583077,4.186378,8.888914,4.6489873,0.0,8.458288
235.94893,173.6372,89.63951,92.01846,125.22974,98.17063,98.41633,119.63061,103.14942,0.0,42.49106,1835.7655,1409.183,-46.155533,310.60962,84.99797,52.07238,-1665.7517,405.73492,-233.59267,-64.2388,67.69952,-38.244343,1835.7655,0.0,0.0,0.010112768,0.0014414744,0.0,0.0,0.020867681,0.041704837,0.013462788,0.0,0.0,1.0755782,0.4665958,0.0,0.0,8.876987,6.8422127,8.889282,0.0,7.7030554
84.616936,84.616936,87.92943,89.00461,87.049126,88.6891,90.180176,86.29991,83.13454,0.0,42.234276,-0.00019087955,-61.61942,32.591763,-15.877263,11.78657,4.027725,186.86665,37.192146,70.612114,15.457506,22.852058,11.201195,0.0,0.0,0.0,0.35549256,0.010247384,0.0,0.0,0.0208593,0.0,0.011084812,0.0,0.0,7.665025,6.5712123,0.0,0.0,8.864288,0.0,8.887635,0.0,7.671438
84.05489,84.05489,87.4207,88.39864,86.34987,88.00158,89.49822,85.46377,82.199646,0.0,41.732162,-0.00018841203,-68.04254,36.232098,-16.725492,10.664018,5.600209,212.24994,41.459644,79.099396,17.195093,25.019371,12.645041,0.0,0.0,0.0,0.3235212,0.016812375,0.0,0.00044290634,0.017534276,0.0,0.009038594,0.0,0.0,7.6648726,8.86412,0.0,0.11458992,8.861573,0.0,8.886762,0.0,7.670181
83.438156,83.438156,86.846565,87.7326,85.64122,87.28257,88.75783,84.451035,81.16782,0.0,41.161842,-0.00018791687,-72.82484,39.407127,-15.9788475,14.566013,5.862173,225.7871,44.11959,85.444084,18.76083,29.340021,14.290895,0.0,0.0,0.0,0.28522632,0.034291413,0.0,0.003943581,0.015539587,0.0,0.0073404103,0.0,0.0,7.6649823,8.78717,0.0,0.97349226,8.858285,0.0,8.821678,0.0,7.6690965
82.76789,82.76789,86.23322,87.000275,84.76866,86.4751,87.95401,83.576385,80.29548,0.0,40.55515,-0.00018541858,-78.82504,43.21893,-20.277443,13.966341,5.8310537,247.8654,49.540974,93.364456,20.16816,29.36787,14.612289,0.0,0.0,0.0,0.26784614,0.054382846,0.0,0.22775169,0.018944418,0.0,0.006207831,0.0,0.0,7.664526,8.719646,0.0,7.53031,8.831968,0.0,5.413019,0.0,7.6681614
82.0342,82.0342,85.56245,86.22708,83.95827,85.6452,87.12067,82.64156,79.33106,0.0,39.889133,-0.00018237618,-85.03386,46.284092,-19.077013,14.533816,6.2200375,262.67047,51.46849,99.45238,21.290342,30.984972,15.2603,0.0,0.0,0.103394285,0.24399866,0.1869072,0.0,0.19674568,0.021334637,0.0,0.0021625673,0.0,4.186752,7.664338,7.4868984,0.0,7.5631013,4.1270056,0.0,2.5302286,0.0,7.6673546
81.22127,81.22127,84.848076,85.399994,82.968834,84.68153,86.14788,81.38669,77.993675,0.0,39.183334,-0.0001798072,-94.0516,49.469124,-20.649906,15.947996,7.2092953,287.68997,55.685978,108.40001,23.819822,34.215096,16.948719,0.0,0.0,0.17358583,0.23000963,0.17882794,0.0,0.18555349,0.010349731,0.0,0.002416,0.0,7.5064516,7.6639733,7.5166717,0.0,7.5775757,3.80959,0.0,2.6081321,0.0,7.6666594
80.44687,80.44687,84.07204,84.582664,82.104485,83.8069,85.26614,80.484695,77.13585,0.0,38.410305,-0.00017720906,-93.90729,50.5927,-20.03504,16.981808,6.695247,296.06076,57.733887,111.7688,24.86767,34.652264,16.875908,0.0,0.0,0.15837105,0.20999978,0.15780114,0.0,0.1742594,0.007483793,0.0,0.0061850254,0.0,7.5368695,7.6638203,7.548253,0.0,7.590652,8.851171,0.0,3.5102777,0.0,7.6660595
79.59805,79.59805,83.2741,83.71007,81.21237,82.927864,84.38797,79.4631,76.041954,0.0,37.614784,-0.00017457869,-98.29089,52.57259,-20.814814,16.859043,7.52091,302.61368,58.69777,114.47682,24.95664,36.121468,17.787683,0.0,0.0,0.14407651,0.20373164,0.14825238,0.06567471,0.16767812,0.014318158,0.0,0.09184347,0.0,7.558761,7.663428,7.5631733,3.5415199,7.598114,8.778068,0.0,7.8417373,0.0,7.6655416
78.74499,78.74499,82.45751,82.82791,80.204025,81.96423,83.447395,78.26171,74.83626,0.0,36.80166,-0.00017083684,-101.332886,54.260155,-23.312204,13.23954,7.567725,311.8269,62.049145,119.25173,25.87269,38.221985,18.76945,0.0,0.0,0.13964356,0.19900659,0.1430564,0.08543912,0.15456457,0.02152399,0.0,0.08636283,0.0,7.568493,7.663072,7.5720987,5.4968567,7.6052475,8.399453,0.0,7.2874765,0.0,7.6650953
77.95893,77.95893,81.62257,82.14807,79.51216,81.252686,82.73212,77.65583,74.198784,0.0,35.963776,-0.00016921264,-97.236595,50.190247,-22.242508,13.879694,7.9034033,304.0363,60.035294,115.25577,26.415297,37.298775,18.473736,0.0,0.0,0.1297672,0.19289571,0.13283442,0.0753399,0.15133387,0.068207584,0.0,0.07658437,0.0,7.5790467,7.662805,7.582288,5.456585,7.6080647,7.1270022,0.0,5.3578243,0.0,7.6647105
77.171425,77.171425,80.809784,81.34301,78.80331,80.54075,82.01947,77.00058,73.54558,0.0,35.146824,-0.00016592153,-95.060486,49.980385,-22.070646,13.997524,7.8820357,292.6785,58.30827,111.90038,24.979534,36.713345,18.236382,0.0,0.0,0.12652972,0.19741832,0.12885,0.07242807,0.14815558,0.06010638,0.06537003,0.07295292,0.0,7.5818567,7.662374,7.584308,5.742861,7.609343,5.3414664,5.4504848,5.274484,0.0,7.6643786
76.3923,76.3923,80.02396,80.558,78.04041,79.823975,81.28482,76.46356,73.05265,0.0,34.360394,-0.00016369754,-94.47596,49.958134,-24.529976,16.753328,7.4088883,290.9878,57.946625,109.55237,24.166836,34.153168,17.306534,0.0,0.0,0.12328617,0.20465544,0.12503006,0.08802271,0.14249723,0.053624924,0.05875218,0.06771234,0.0,7.5830665,7.661929,7.584909,7.4852195,7.6095543,5.151448,5.406477,5.2676473,0.0,7.664092
75.619286,75.619286,79.2423,79.793205,77.33371,79.07649,80.55281,75.566414,72.31969,0.0,33.578503,-0.00016087966,-93.71892,49.496872,-22.367533,14.395597,5.3524203,290.3357,56.44777,108.37443,23.625113,36.32204,17.24484,0.0,0.0,0.11842356,0.20558895,0.12003423,0.0802563,0.14466466,0.047717158,0.05594385,0.06587628,0.0,7.584118,7.6616573,7.5858197,7.5038114,7.606635,4.829974,5.4532833,5.28505,0.0,7.663845
232.21114,168.17339,84.53755,86.34729,115.50813,90.764854,90.928665,107.663086,91.547905,0.0,37.51574,1863.0499,1406.0167,-25.539616,296.7574,87.89586,51.301422,-1584.313,423.53125,-188.35307,-49.93935,81.22241,-27.982677,1863.0499,0.0,0.0,0.019328974,0.08653568,0.0,0.07726276,0.0022000645,0.06551583,0.04362289,0.0,0.0,0.9870469,7.5435023,0.0,5.9708014,0.6641321,7.466859,4.6802564,0.0,7.1334567
234.11612,170.95757,88.772644,90.573,119.34631,94.91904,95.14081,111.76451,95.78505,0.0,41.77281,1849.1947,1393.2601,-25.083746,294.82434,85.85322,51.01303,-1569.8081,419.18582,-186.59662,-49.819542,79.739235,-28.215935,1849.1947,0.0,0.0,0.010164969,0.06007556,0.0,0.006408068,0.06055184,0.0,0.055883598,0.0,0.0,0.99246025,7.502358,0.0,0.6488636,7.495714,0.0,7.4472504,0.0,6.5071874
84.13915,84.13915,87.75056,88.4106,85.96709,87.700714,89.180405,84.41935,81.190094,0.0,42.082108,-0.0001898958,-92.69172,46.4175,-21.857088,13.836488,5.092741,277.11993,53.80049,104.29282,23.454294,33.81124,16.166737,0.0,0.0,0.0,0.21880385,0.0652893,0.0,0.0069108987,0.0581658,0.0,0.047082715,0.0,0.0,6.3859844,7.5206814,0.0,0.64953405,7.500888,0.0,6.9480834,0.0,6.387967
83.43359,83.43359,87.00681,87.6623,85.23302,86.976364,88.45992,83.637,80.33724,0.0,41.337482,-0.00018591843,-89.2453,46.54971,-22.398249,13.168931,6.081318,274.53427,54.475708,103.59726,22.98302,34.37677,16.736807,0.0,0.0,0.0,0.21984284,0.07547211,0.0,0.0071491385,0.04752981,0.0,0.0388379,0.0,0.0,6.3852262,7.5335264,0.0,0.64986426,7.452965,0.0,6.0089183,0.0,6.387241
82.72774,82.72774,86.27369,86.96283,84.69014,86.419754,87.909966,83.16641,79.93628,0.0,40.599804,-0.00018490986,-86.71286,45.566853,-21.629875,11.951621,5.105997,260.92917,50.512836,97.06935,20.293842,33.527084,16.0441,0.0,0.0,0.0,0.22123875,0.07739307,0.0,0.1660624,0.02510128,0.0,0.012295857,0.0,0.0,6.3845463,7.5274644,0.0,6.330259,3.162416,0.0,1.9994792,0.0,6.386599
81.996025,81.996025,85.570305,86.22567,83.851074,85.58976,87.068695,82.16855,78.89736,0.0,39.898685,-0.00018237374,-89.34167,46.553032,-22.140224,13.962812,5.6983285,267.7807,53.151623,101.7876,22.195898,35.370605,16.968348,0.0,0.0,0.12376058,0.23188956,0.13921697,0.0,0.16543572,0.020990841,0.0,0.012140069,0.0,5.365735,6.38376,6.1276937,0.0,6.3277407,2.7853472,0.0,2.084015,0.0,6.386032
81.29713,81.29713,84.85011,85.49303,83.13443,84.84763,86.32122,81.62671,78.347916,0.0,39.179153,-0.00017877757,-87.37197,46.91224,-20.680317,14.8350725,5.8023868,269.73712,53.577072,102.586296,22.455708,33.336357,16.117569,0.0,0.0,0.14208132,0.22564027,0.14303917,0.0,0.16612917,0.02681773,0.0,0.01453741,0.0,6.3030653,6.3833733,6.304077,0.0,6.326319,5.4838066,0.0,2.1671786,0.0,6.3855305
80.540825,80.540825,84.123825,84.74055,82.419174,84.142136,85.62157,80.879456,77.54224,0.0,38.454365,-0.00017668818,-90.13896,47.66004,-21.249372,13.879876,6.5543327,274.16245,52.58836,101.82949,21.518488,33.716534,16.564583,0.0,0.0,0.1421834,0.22362515,0.14407416,0.0,0.17474204,0.032667156,0.0,0.028901922,0.0,6.3010187,6.3829613,6.303016,0.0,6.323379,7.4835796,0.0,3.0790544,0.0,6.385087
79.8242,79.8242,83.38875,84.0482,81.67167,83.409035,84.89003,80.08505,76.83466,0.0,37.717686,-0.00017405055,-88.44597,46.43457,-22.066292,13.613852,5.4052067,269.4311,53.333748,101.75755,22.217064,34.267284,16.451645,0.0,0.0,0.14934398,0.21972835,0.15164171,0.04554585,0.17034738,0.03172773,0.0,0.08459038,0.0,6.296544,6.3826375,6.298972,2.4948194,6.324952,7.4723454,0.0,5.470105,0.0,6.384695
79.09421,79.09421,82.66566,83.32929,81.00679,82.74335,84.226845,79.54299,76.18904,0.0,36.99372,-0.00017244868,-89.082695,46.31337,-22.021004,13.180231,6.75647,266.81915,51.75165,99.641365,21.217855,32.80849,16.362444,0.0,0.0,0.14547943,0.22317456,0.14768375,0.07068041,0.16870387,0.033022985,0.0,0.080895245,0.0,6.2986774,6.382218,6.3010063,4.582445,6.3249326,7.482718,0.0,4.716224,0.0,6.384349
78.42724,78.42724,81.951004,82.61948,80.36257,82.07529,83.54273,78.91618,75.50314,0.0,36.276775,-0.00017083753,-84.60477,46.17245,-20.651041,15.78381,7.4322896,259.8714,51.189102,97.89489,20.743244,32.597195,16.44176,0.0,0.0,0.1442303,0.225025,0.1461914,0.070368074,0.16527376,0.058808956,0.0,0.0769856,0.0,6.2990746,6.38187,6.3011465,4.581153,6.325102,6.1151557,0.0,4.4324436,0.0,6.3840423
77.71133,77.71133,81.25201,81.94833,79.69881,81.38088,82.85724,78.34929,75.04819,0.0,35.578495,-0.00016757361,-86.21587,45.354645,-18.76741,14.389017,6.0988164,262.06552,49.87948,97.721214,21.009346,31.399609,15.347864,0.0,0.0,0.14101864,0.23066935,0.14330319,0.07876989,0.16719782,0.052459426,0.016159022,0.07728795,0.0,6.2994747,6.3814816,6.3018885,5.3355665,6.3230743,4.3552113,0.8373133,4.311138,0.0,6.3837714
76.993164,76.993164,80.54666,81.24528,78.92837,80.62322,82.089264,77.41933,74.132515,0.0,34.87432,-0.00016592153,-87.41908,45.286587,-19.571589,15.993758,5.9104366,265.6234,51.192467,99.683105,22.179022,33.352104,16.076828,0.0,0.0,0.1425839,0.22854589,0.14487396,0.090401545,0.16796742,0.049944904,0.052843098,0.07820867,0.0,6.297121,6.3812804,6.2994876,6.241674,6.321584,3.9644299,4.471252,4.480393,0.0,6.383532
76.275955,76.275955,79.83337,80.53964,78.15499,79.90576,81.40047,76.67817,73.419106,0.0,34.160587,-0.00016313646,-87.78394,45.059288,-22.804646,11.064255,5.5291204,264.2997,52.571938,99.83796,21.880724,32.96566,16.05849,0.0,0.0,0.14345524,0.22533567,0.1456447,0.088740885,0.17232475,0.051607296,0.052857514,0.07885505,0.0,6.29581,6.381129,6.297999,6.2416863,6.319836,3.8903615,4.563432,4.577916,0.0,6.3833203
230.85736,166.1954,81.08733,83.01433,114.16216,88.07916,88.25243,107.17517,90.58151,0.0,34.00216,1872.8339,1418.8607,-30.750217,304.8364,87.5652,52.307358,-1625.4945,420.93018,-204.31134,-55.47181,76.298,-32.522385,1872.8339,0.0,0.0,0.20508519,0.14486371,0.10096339,0.15758465,0.0062275603,0.05644055,0.0,0.0,0.0,6.3590593,6.292506,6.2569733,6.305442,0.64889157,5.095818,0.0,0.0,6.38283
232.94049,169.23926,85.43308,87.419655,118.113815,92.395035,92.616295,111.24108,94.809,0.0,38.36989,1857.7574,1407.5078,-33.127083,302.65817,85.87145,51.969513,-1611.3098,417.16998,-203.70787,-55.136547,75.62172,-32.302338,1857.7574,0.0,0.0,0.02267795,0.09209364,0.0,0.026706904,0.026169928,0.07074822,0.04486625,0.0,0.0,0.8966134,6.2477527,0.0,1.3945756,3.451591,6.222992,4.5797634,0.0,5.8370585
84.90631,84.90631,88.351105,89.18412,87.02891,88.7089,90.19913,85.918884,82.69711,0.0,42.668995,-0.00019234871,-76.706,41.1428,-18.633175,11.949718,4.978121,234.66408,46.340786,88.70743,18.967672,28.255983,13.767748,0.0,0.0,0.0,0.0127989035,0.005844486,0.0,0.0,0.080180794,0.0,0.06157292,0.0,0.0,0.69494766,0.6484217,0.0,0.0,6.2347913,0.0,6.2128234,0.0,5.335089
84.31897,84.31897,87.724976,88.66074,86.55617,88.22789,89.720276,85.47511,82.204506,0.0,42.03845,-0.00019038978,-72.561745,37.71707,-18.092852,11.529646,5.690335,219.48952,43.147934,82.56537,18.052916,27.855455,13.827496,0.0,0.0,0.0,0.26060745,0.07475313,0.0,0.0085009765,0.06834823,0.0,0.051679824,0.0,0.0,5.3319197,6.2279363,0.0,0.60187006,6.2180047,0.0,6.2015395,0.0,5.33427
83.785835,83.785835,87.138794,88.09368,86.148926,87.77225,89.263016,85.302086,82.03315,0.0,41.448677,-0.00018741896,-66.54231,37.05006,-14.602294,11.843999,5.667184,206.44772,39.39057,76.68687,15.606215,24.414598,12.291999,0.0,0.0,0.0,0.27726707,0.09366875,0.0,0.009492193,0.057087332,0.0,0.043915868,0.0,0.0,5.330845,6.23673,0.0,0.602728,6.204588,0.0,5.7617183,0.0,5.3335314
83.284874,83.284874,86.58906,87.651505,85.73195,87.3574,88.854744,84.89019,81.686226,0.0,40.89395,-0.0001864174,-60.566,33.08776,-14.770692,10.515552,4.6957316,187.04066,36.70425,70.17864,14.782038,24.33539,11.900423,0.0,0.0,0.0,0.293574,0.09064394,0.0,0.12153306,0.05047023,0.0,0.03404284,0.0,0.0,5.3298287,6.2355766,0.0,3.1148655,6.201383,0.0,4.475931,0.0,5.3328648
82.76003,82.76003,86.08628,87.16342,85.21538,86.874535,88.369125,84.45788,81.30093,0.0,40.39137,-0.00018440501,-63.329613,32.514984,-17.24529,11.087418,3.8689635,187.82076,36.4307,69.17433,14.720448,22.988146,11.317887,0.0,0.0,0.0,0.3225333,0.08744239,0.0,0.19120738,0.035192072,0.0,0.012802193,0.0,0.0,5.3285656,6.233689,0.0,5.258595,2.9637904,0.0,1.7534335,0.0,5.3322635
82.309074,82.309074,85.584854,86.690506,84.836815,86.45727,87.95872,84.19167,81.03006,0.0,39.886692,-0.00018288575,-56.84284,31.377762,-14.372867,9.607253,3.9574225,174.2658,33.95578,64.7827,13.081504,21.079311,10.39226,0.0,0.0,0.14534192,0.32071695,0.16469972,0.0,0.19999456,0.030796438,0.0,0.012157529,0.0,4.564006,5.328054,5.2305884,0.0,5.2492027,2.875012,0.0,1.5789832,0.0,5.3317213
81.876854,81.876854,85.119064,86.26059,84.44903,86.06111,87.56029,83.85277,80.719604,0.0,39.418438,-0.0001818629,-52.154324,29.895008,-13.685375,10.1178465,3.3870335,163.3504,32.357655,60.94744,12.185668,20.201252,9.816275,0.0,0.0,0.15685561,0.34454125,0.16804647,0.0,0.20815189,0.022977175,0.0,0.017878404,0.0,5.2221384,5.3269725,5.2210374,0.0,5.239576,2.996999,0.0,2.1435738,0.0,5.331232
81.452,81.452,84.68223,85.88657,84.091446,85.710365,87.216606,83.50547,80.325226,0.0,38.97951,-0.00018083815,-50.38982,27.134443,-14.249208,8.445257,4.295548,153.60832,29.801428,55.90005,11.266322,20.012407,10.11303,0.0,0.0,0.16265287,0.3665739,0.167998,0.0,0.22487044,0.025671067,0.0,0.016566532,0.0,5.209749,5.3259435,5.2141204,0.0,5.22538,3.7099192,0.0,2.0351071,0.0,5.3307905
81.06583,81.06583,84.27196,85.51254,83.745804,85.3528,86.85902,83.225876,80.11708,0.0,38.566765,-0.00017929015,-46.675808,25.427492,-13.252577,8.450855,2.8236284,141.27727,28.166529,52.60943,10.740309,18.760986,9.062927,0.0,0.0,0.16808929,0.3888922,0.17304236,0.0,0.21950234,0.029551443,0.0,0.02500305,0.0,5.197248,5.3249116,5.2024813,0.0,5.220643,6.1794114,0.0,2.2560256,0.0,5.330392
80.7077,80.7077,83.89419,85.18721,83.44619,85.05317,86.5614,83.041855,79.94098,0.0,38.18715,-0.00017773127,-43.449936,22.768385,-13.251329,7.918426,2.6184728,131.4794,25.652546,47.378048,9.799356,16.37906,8.109089,0.0,0.0,0.16870107,0.42170048,0.1849486,0.0,0.21358898,0.029293684,0.0,0.09217719,0.0,5.1859565,5.3235545,5.1832004,0.0,5.214868,6.176175,0.0,5.0378127,0.0,5.330033
80.37074,80.37074,83.54247,84.86137,83.14073,84.7508,86.26484,82.752365,79.649315,0.0,37.833862,-0.0001766862,-40.884575,21.353628,-13.515805,6.1791153,2.6761515,122.619576,24.20824,43.804047,8.713559,16.026512,8.021962,0.0,0.0,0.17422786,0.45209467,0.17882586,0.0,0.22376966,0.02949168,0.0,0.08426962,0.0,5.1718736,5.32223,5.177383,0.0,5.1993713,6.172141,0.0,4.4128203,0.0,5.3297086
80.0599,80.0599,83.21419,84.54183,82.85686,84.45474,85.97051,82.51726,79.44314,0.0,37.50438,-0.00017563516,-37.664005,20.856606,-12.446766,5.5767565,1.7894255,115.50239,22.910433,41.32932,7.6769495,14.906469,7.2553854,0.0,0.0,0.16739003,0.4837316,0.17218608,0.05816094,0.23157059,0.029815374,0.0,0.08419455,0.0,5.1660566,5.3208184,5.171124,3.3063507,5.1833057,6.1728964,0.0,4.117423,0.0,5.3294163
79.74827,79.74827,82.904175,84.2413,82.56101,84.15125,85.66382,82.23312,79.13772,0.0,37.194023,-0.00017457806,-37.972248,20.306585,-11.733254,6.6576324,2.468572,113.387794,22.120907,40.81341,7.941041,14.62671,7.2724767,0.0,0.0,0.16462018,0.51260686,0.17896485,0.057562567,0.2270172,0.027083503,0.0,0.08646965,0.0,5.1549697,5.3194704,5.1520333,3.4719865,5.1736865,6.1712255,0.0,4.3268027,0.0,5.329152
79.45128,79.45128,82.60014,83.958084,82.27509,83.869026,85.3852,81.96663,78.88312,0.0,36.88935,-0.00017351615,-36.61538,19.052385,-12.0821495,5.4245076,2.112092,109.29408,21.55244,39.04594,7.744715,14.152289,7.023166,0.0,0.0,0.16740623,0.5217279,0.1759343,0.060091462,0.23106831,0.024465596,0.0,0.08168252,0.0,5.139821,5.318872,5.1423945,3.5607612,5.158163,6.1687155,0.0,4.087961,0.0,5.328914
79.147675,79.147675,82.30577,83.6466,81.960976,83.55236,85.063095,81.6054,78.52784,0.0,36.595676,-0.00017191915,-38.386604,20.088703,-11.843305,7.2145824,1.9128067,113.715485,22.09283,40.85182,8.191748,15.281115,7.3696923,0.0,0.0,0.17260878,0.5406265,0.17829499,0.056697484,0.24480738,0.025019128,0.0,0.084068745,0.0,5.1210103,5.3178988,5.127018,3.4998906,5.1366587,5.5614347,0.0,3.926186,0.0,5.328699
78.84704,78.84704,82.00041,83.35333,81.6606,83.24566,84.759575,81.33696,78.25321,0.0,36.29012,-0.00017245155,-37.488472,19.361195,-11.228821,6.2201443,2.1197112,112.50097,22.079569,40.95892,8.604943,14.523985,7.082857,0.0,0.0,0.17608158,0.5198711,0.18357663,0.07463101,0.25753266,0.031864747,0.0,0.08417993,0.0,5.1073413,5.3185215,5.107986,4.33667,5.116666,4.50907,0.0,4.048919,0.0,5.3285055
78.536865,78.536865,81.696915,83.01331,81.3086,82.90214,84.41362,80.931595,77.849846,0.0,35.987827,-0.00017029667,-38.752956,21.493202,-12.045724,6.9921765,2.0547636,119.84465,24.1258,44.03564,8.836568,15.771765,7.610561,0.0,0.0,0.1743984,0.5251988,0.18902646,0.074105956,0.26697445,0.039435737,0.0,0.07792672,0.0,5.0982885,5.318132,5.0904584,5.104654,5.102683,3.5499427,0.0,3.9223266,0.0,5.3283305
78.19497,78.19497,81.37332,82.6763,80.944084,82.5386,84.04998,80.60745,77.49385,0.0,35.665802,-0.00016921267,-42.052456,22.232796,-12.136668,7.021605,2.9419801,128.8342,25.173208,46.934742,9.817554,14.836034,7.545789,0.0,0.0,0.18641928,0.49350578,0.19201495,0.07700565,0.28430995,0.03748594,0.01027358,0.0783399,0.0,5.074969,5.3191752,5.0791125,5.0858397,5.088055,3.4629767,0.46253657,4.0064883,0.0,5.3281727
77.822876,77.822876,81.02451,82.26565,80.51665,82.118324,83.62292,80.10847,76.97721,0.0,35.319622,-0.00016757663,-45.954514,25.400808,-12.788033,8.859551,3.3459191,142.86304,27.591614,51.771744,10.382301,16.462963,8.340809,0.0,0.0,0.19912617,0.45958447,0.20499465,0.074407704,0.29842633,0.035109885,0.03724969,0.073224254,0.0,5.054957,5.320244,5.0608373,5.083545,5.083225,3.2214322,3.2842588,3.6481302,0.0,5.32803
77.40544,77.40544,80.6378,81.84012,80.02734,81.630005,83.13137,79.489334,76.35163,0.0,34.93575,-0.00016647455,-50.708214,27.227432,-12.874664,9.625437,3.483356,156.74501,30.485762,58.0525,12.431387,19.110477,9.372884,0.0,0.0,0.21554668,0.41510716,0.23053509,0.07589508,0.31866223,0.033848844,0.036890075,0.07552156,0.0,5.037469,5.321569,5.0372357,5.0697856,5.083383,3.0171988,3.4846313,3.6044965,0.0,5.327902
76.95649,76.95649,80.21455,81.399315,79.51554,81.147766,82.65855,78.8586,75.68228,0.0,34.514572,-0.00016592153,-54.40971,28.019482,-15.295408,7.2018056,4.226228,166.3139,32.836666,61.444515,13.327566,21.286581,10.640898,0.0,0.0,0.2370225,0.37881687,0.24920775,0.080061354,0.31856158,0.036093637,0.037356015,0.08120517,0.0,5.026091,5.322525,5.030942,5.051827,5.1057854,3.1163914,3.4803874,3.668386,0.0,5.327786
76.45744,76.45744,79.762794,80.84536,78.909584,80.54976,82.045494,78.15996,74.99821,0.0,34.067684,-0.00016425608,-60.714745,32.301098,-15.89218,10.854057,3.9600668,187.02855,36.536995,69.239525,14.859185,22.85875,11.18261,0.0,0.0,0.2597967,0.3572508,0.26940894,0.08494546,0.31653863,0.04178566,0.039636627,0.087571666,0.0,5.0211887,5.323008,5.031345,5.036539,5.1322007,3.490411,3.8126678,3.5838768,0.0,5.327681
75.90809,75.90809,79.256546,80.27936,78.256516,79.89822,81.40175,77.38247,74.18587,0.0,33.565136,-0.00016088234,-66.01067,34.59296,-16.004583,9.1183,4.5748296,201.56548,39.843636,76.30388,16.689562,24.834955,12.139114,0.0,0.0,0.26594365,0.31813025,0.27740735,0.09606804,0.30717406,0.04049229,0.044469085,0.09943734,0.0,5.047921,5.3238916,5.056329,5.0091662,5.1629887,3.1646128,5.05837,3.6826937,0.0,5.327587
232.88683,169.16081,84.795,86.86852,118.30125,92.09886,92.27166,111.52928,94.701126,0.0,37.704567,1858.1473,1412.3977,-36.35611,305.5475,87.58177,52.79438,-1628.8684,416.06323,-210.52664,-56.789413,75.02104,-32.769615,1858.1473,0.0,0.0,0.042901617,0.13363808,0.0,0.17687854,0.014373699,0.06284522,0.02825426,0.0,0.0,0.8146809,4.9681673,0.0,4.0705366,1.2630062,5.024289,3.1859834,0.0,4.9511337
234.84557,172.02394,89.12381,91.05999,121.335495,95.891975,96.12225,114.244194,97.94044,0.0,42.08136,1843.8617,1399.5608,-31.12676,301.00317,85.55006,51.699875,-1597.8228,415.3496,-199.75537,-54.0379,76.91094,-31.378527,1843.8617,0.0,0.0,0.025135513,0.009533314,0.0,0.0,0.075147524,0.068371125,0.053314477,0.0,0.0,0.7005643,0.8556695,0.0,0.0,4.9995284,1.6152941,5.025929,0.0,4.5125203
84.28948,84.28948,87.77943,88.56653,86.26226,87.9665,89.45216,84.94311,81.62552,0.0,42.102867,-0.00018890716,-81.30205,42.59702,-20.144777,12.79432,6.3101997,252.66113,50.251564,95.49862,21.434801,31.016165,15.386792,0.0,0.0,0.0,0.2537524,0.08414727,0.0,0.0068213143,0.08831929,0.0,0.047027044,0.0,0.0,4.454913,4.9699187,0.0,0.2842169,4.973101,0.0,5.025539,0.0,4.456702
83.56692,83.56692,87.097885,87.81337,85.53272,87.22919,88.70223,84.33117,80.99143,0.0,41.423965,-0.00018741723,-85.29344,44.784515,-19.671135,14.920874,6.5850387,260.8267,50.427372,97.6293,21.376389,29.49113,14.895299,0.0,0.0,0.0,0.2464944,0.17890237,0.0,0.015556044,0.07618463,0.0,0.039201654,0.0,0.0,4.4539976,4.9540963,0.0,0.47933346,4.9937487,0.0,5.0271974,0.0,4.4556937
82.80978,82.80978,86.394356,87.09912,84.73146,86.50567,87.99109,83.28837,79.96753,0.0,40.723118,-0.0001849104,-90.28212,45.104206,-24.048414,12.838365,6.351196,268.91516,51.527287,98.383644,21.31979,32.557053,16.29024,0.0,0.0,0.0,0.23828357,0.18316291,0.0,0.20614904,0.07955525,0.0,0.033526525,0.0,0.0,4.453177,5.0281916,0.0,4.404619,5.000591,0.0,3.729655,0.0,4.4547687
82.06154,82.06154,85.66651,86.25319,83.80624,85.54681,87.02208,82.30248,79.01289,0.0,40.000538,-0.00018186354,-92.11873,48.505955,-22.245123,14.564626,5.947334,284.22406,55.752377,106.767654,23.469604,33.28901,16.27131,0.0,0.0,0.02358341,0.23065062,0.12722713,0.0,0.20093429,0.06509485,0.0,0.015132047,0.0,0.52933735,4.4524226,3.0646052,0.0,4.4058623,2.213127,0.0,1.3936981,0.0,4.45392
81.220535,81.220535,84.90008,85.53014,82.94865,84.726845,86.199295,81.146065,77.77921,0.0,39.236824,-0.0001792908,-98.58505,47.28026,-24.254677,15.013462,6.9087024,291.86917,56.134396,108.63129,25.095667,36.71174,18.042307,0.0,0.0,0.18114299,0.2180447,0.18190815,0.0,0.19585578,0.04837371,0.0,0.028441342,0.0,4.3849525,4.4518013,4.385761,0.0,4.4083514,1.954874,0.0,1.5942966,0.0,4.4531407
80.52947,80.52947,84.12141,84.77261,82.33781,84.05813,85.536896,80.737236,77.37325,0.0,38.452568,-0.00017720906,-90.94798,46.673313,-21.096788,13.990658,6.875124,275.9775,54.26561,104.77274,23.546812,34.429604,16.935822,0.0,0.0,0.17769538,0.2119047,0.1771029,0.0,0.19106847,0.073435836,0.0,0.048252773,0.0,4.3891644,4.451156,4.3885384,0.0,4.4106035,4.9034,0.0,1.7733322,0.0,4.4524264
79.808685,79.808685,83.379654,84.021416,81.652275,83.37139,84.85923,80.10627,76.77923,0.0,37.711014,-0.00017510759,-89.03789,46.945206,-21.026432,12.397816,6.4286585,276.55807,53.426678,102.79599,22.287512,33.790844,16.530396,0.0,0.0,0.17252019,0.22297923,0.17199671,0.042240422,0.18079695,0.09494042,0.0,0.12653582,0.0,4.391007,4.4503503,4.390454,1.1063309,4.412448,4.932271,0.0,3.730668,0.0,4.451771
79.03417,79.03417,82.637276,83.33087,80.89327,82.62087,84.08965,79.48493,76.134865,0.0,36.967896,-0.00017137849,-91.95203,45.43528,-21.515474,15.581557,6.709967,274.38794,53.05416,103.09074,23.638811,32.131264,16.05557,0.0,0.0,0.16277185,0.2219593,0.16261311,0.10110576,0.17500922,0.0877574,0.0,0.121305466,0.0,4.393404,4.4497547,4.3932366,3.1160777,4.412175,4.9799185,0.0,3.583053,0.0,4.451169
78.37105,78.37105,81.90428,82.618805,80.3325,82.057045,83.537895,78.90043,75.69408,0.0,36.23061,-0.00016975796,-85.50935,44.81341,-21.34037,13.638179,4.7347503,261.59094,50.536854,96.81424,20.820734,32.422554,15.489833,0.0,0.0,0.15767159,0.22313161,0.15742505,0.101449035,0.18371212,0.10560528,0.0,0.100731574,0.0,4.3938575,4.4491806,4.393597,3.2306454,4.4088635,4.3962836,0.0,3.0734107,0.0,4.4506173
77.687904,77.687904,81.204094,81.95281,79.68152,81.38432,82.85876,78.45308,75.277885,0.0,35.527714,-0.00016757438,-83.87447,43.781017,-20.058792,14.699388,4.206282,253.20245,49.723644,95.762184,21.06394,29.845512,14.24931,0.0,0.0,0.16460407,0.23321322,0.16499576,0.10599704,0.18199055,0.1030312,0.004717295,0.104304194,0.0,4.3886757,4.44853,4.3890896,3.4057071,4.407527,4.0340934,0.10954941,3.3396742,0.0,4.450111
77.04168,77.04168,80.52673,81.323326,79.15389,80.846146,82.34338,77.95396,74.77971,0.0,34.847355,-0.00016592228,-80.81485,42.29989,-19.410004,10.5377245,4.189353,243.6549,46.620773,90.27216,18.86573,29.469635,14.047481,0.0,0.0,0.16282675,0.24027143,0.16334747,0.12028362,0.18189427,0.082611956,0.084521815,0.10090577,0.0,4.38728,4.447959,4.3878303,4.339099,4.4056125,2.9091403,3.094706,3.366638,0.0,4.449646
76.42462,76.42462,79.87513,80.75981,78.61257,80.31179,81.790405,77.53972,74.353065,0.0,34.19265,-0.00016425608,-77.30097,39.451897,-19.84053,14.016103,4.406765,233.42581,44.54398,85.41606,18.651772,27.74103,13.491416,0.0,0.0,0.16221222,0.24902567,0.16296236,0.11610246,0.18858184,0.07861268,0.08272704,0.09670146,0.0,4.385189,4.447398,4.3857665,4.3391347,4.4013762,2.9491124,3.1547117,3.3583572,0.0,4.4492197
75.76578,75.76578,79.24566,80.049225,77.84931,79.55757,81.057594,76.68069,73.40454,0.0,33.56543,-0.00016201424,-80.29695,42.08049,-20.386496,9.93101,5.766398,240.89714,47.38694,90.575066,19.10072,29.051949,14.481322,0.0,0.0,0.16257131,0.25929198,0.16505063,0.113224946,0.19248728,0.066462666,0.08104552,0.09817448,0.0,4.381478,4.4468436,4.3817034,4.33781,4.3974743,2.6793132,3.1776865,3.2807631,0.0,4.448828
232.63835,168.79768,84.73277,86.73828,117.60785,91.7201,91.89346,110.674194,94.40565,0.0,37.66293,1859.9517,1409.7704,-33.852715,303.67032,87.56207,51.625664,-1615.6108,417.4377,-204.22061,-54.799572,75.98295,-32.97445,1859.9517,0.0,0.0,0.028335838,0.12344277,0.0,0.10817587,0.009706965,0.097562395,0.029661205,0.0,0.0,0.63629663,4.345303,0.0,3.33274,0.3867885,4.317428,1.2210401,0.0,4.134098
234.65839,171.75029,89.051956,91.01261,121.14509,95.9922,96.26316,114.286835,98.39212,0.0,42.0041,1845.2317,1397.7854,-32.111847,299.24716,84.08674,50.83224,-1601.3456,415.00204,-203.2684,-55.57204,75.53565,-32.26726,1845.2317,0.0,0.0,0.018348994,0.060079586,0.0,0.0012042545,0.095273465,0.022285078,0.08810989,0.0,0.0,0.613639,2.7933972,0.0,0.047068704,4.326586,0.70501685,4.3064117,0.0,3.7707725
84.32734,84.32734,87.79827,88.63474,86.443016,88.12028,89.59335,85.26725,82.00182,0.0,42.11729,-0.00018940233,-79.39424,41.0313,-18.456045,14.914493,5.6185584,238.4285,46.527447,90.16714,20.074974,29.147684,14.3094425,0.0,0.0,0.0,0.2554262,0.09747261,6.026888e-10,0.008086086,0.09420024,1.11850015e-10,0.08100168,0.0,0.0,3.717301,4.32107,1.3992721e-08,0.30909622,4.3217597,2.5968394e-09,4.29874,0.0,3.7188222
83.6577,83.6577,87.15542,87.93902,85.691734,87.43152,88.91689,84.56311,81.30469,0.0,41.476627,-0.00018791463,-82.070854,42.706127,-22.20122,12.846911,5.5199876,245.561,48.685112,92.01054,19.70269,28.51069,14.35122,0.0,0.0,0.0,0.2602397,0.12194638,5.462566e-10,0.011935049,0.08791429,2.1561346e-10,0.072493464,0.0,0.0,3.7164369,4.331482,1.268271e-08,0.42548394,4.30229,5.006004e-09,3.900548,0.0,3.7180283
83.00044,83.00044,86.492325,87.200645,84.937515,86.6208,88.11436,83.5529,80.28669,0.0,40.816803,-0.00018541407,-81.49464,44.998528,-18.844774,11.297776,5.629435,255.8739,51.14606,97.73662,20.92065,31.837858,15.354491,0.0,0.0,0.0,0.25231764,0.1255368,6.0237804e-10,0.17362686,0.07365376,3.0627326e-10,0.03966988,0.0,0.0,3.7157896,4.327045,1.3985911e-08,2.967843,3.5959342,7.1110002e-09,2.0732033,0.0,3.7172894
82.26912,82.26912,85.80286,86.48205,84.16839,85.87688,87.36673,82.653694,79.34807,0.0,40.129265,-0.00018288397,-85.55735,45.859077,-20.399813,12.019909,6.1574154,261.82697,52.07847,99.77768,21.452244,33.41961,16.248434,0.0,0.0,0.0,0.24193138,0.12299585,5.178432e-10,0.21787639,0.038686696,3.607161e-10,0.01949742,0.0,0.0,3.7152207,3.866177,1.202337e-08,3.6716807,1.5152448,8.375166e-09,1.1519234,0.0,3.716602
81.60357,81.60357,85.10141,85.80241,83.592545,85.27992,86.7713,82.261894,78.92266,0.0,39.42573,-0.00018083754,-82.08293,45.216118,-19.104645,11.726549,6.578867,255.41139,49.841545,95.82817,19.876842,31.161764,15.463088,0.0,0.0,0.19488963,0.23605327,0.19919255,5.4132804e-10,0.21267843,0.0383993,4.091097e-10,0.02840572,0.0,3.6515112,3.714643,3.6531096,1.2568827e-08,3.6739113,1.665138,9.4989145e-09,1.4529662,0.0,3.7159622
80.89927,80.89927,84.414795,85.1247,82.92933,84.63083,86.09861,81.53877,78.26835,0.0,38.739437,-0.0001777339,-83.8103,44.951126,-19.978956,15.733382,5.687845,256.4009,48.7879,94.37604,19.779879,31.91165,15.4874935,0.0,0.0,0.19537225,0.24118242,0.19519557,5.3292326e-10,0.20410268,0.06628579,4.4039905e-10,0.029171357,0.0,3.651235,3.7139807,3.6554408,1.2373858e-08,3.6752553,4.290139,1.0225554e-08,1.5785457,0.0,3.7153666
80.21407,80.21407,83.7266,84.46065,82.22209,83.88198,85.35233,80.898056,77.65593,0.0,38.050484,-0.00017616068,-83.51979,44.22665,-17.295479,15.34063,5.2849426,254.02507,49.355644,96.714676,21.324976,31.078009,14.838676,0.0,0.0,0.18820632,0.23976156,0.18756449,5.5875743e-10,0.1985242,0.06797638,4.709122e-10,0.13674441,0.0,3.6533074,3.7134376,3.6577828,1.2973886e-08,3.6749942,4.2860584,1.0934192e-08,3.51661,0.0,3.7148125
79.53605,79.53605,83.044334,83.813194,81.52019,83.249245,84.73537,79.99708,76.59405,0.0,37.367916,-0.00017351894,-83.107185,43.163315,-21.59864,12.712171,7.3215756,253.07834,49.964294,94.8085,20.763361,33.51974,16.80699,0.0,0.0,0.18198565,0.2414377,0.18270692,0.11381594,0.20265289,0.069803715,4.722362e-10,0.12850882,0.0,3.6551328,3.712896,3.6582835,2.6731048,3.673275,4.2762275,1.0965094e-08,2.8524175,0.0,3.7142968
78.86911,78.86911,82.36452,83.117485,80.868805,82.57351,84.052155,79.481834,76.19773,0.0,36.68789,-0.00017191352,-81.843254,43.65135,-20.17312,14.010434,5.8740745,252.4226,49.568607,94.650246,20.529581,31.867126,15.549469,0.0,0.0,0.18167093,0.24185714,0.18597373,0.10995174,0.20141868,0.07381636,4.7222937e-10,0.11640688,0.0,3.654198,3.7124057,3.6557589,2.5325904,3.6729288,4.089646,1.0965094e-08,2.6168394,0.0,3.7138166
78.22118,78.22118,81.68984,82.49634,80.267876,81.98426,83.47549,79.14594,75.811455,0.0,36.009624,-0.00016975503,-79.1635,41.987892,-20.866821,11.756554,6.52081,240.938,48.355873,91.27875,19.677872,28.419281,14.578804,0.0,0.0,0.18311356,0.24204332,0.1845613,0.11156055,0.20268683,0.10411943,4.7222254e-10,0.113674454,0.0,3.653103,3.7119517,3.655004,2.6888034,3.6719563,3.462835,1.0965094e-08,2.6311326,0.0,3.7133698
77.62709,77.62709,81.045525,81.91576,79.756065,81.43754,82.92462,78.568016,75.266594,0.0,35.36222,-0.00016757433,-73.911835,39.93113,-18.728495,12.536273,6.1029744,230.64189,46.167988,87.29257,19.090773,29.311607,14.569641,0.0,0.0,0.18224111,0.2528489,0.18446648,0.11762545,0.20244879,0.09548313,0.08841802,0.10490597,0.0,3.6519313,3.7113976,3.6533992,2.9402554,3.6707714,2.605824,2.281692,2.5051548,0.0,3.712954
77.05019,77.05019,80.43071,81.396255,79.3659,81.00992,82.50716,78.37849,75.11977,0.0,34.742485,-0.00016536852,-69.724335,36.673874,-16.173765,10.538184,5.5242586,213.3992,40.839474,79.174774,16.94582,26.525356,13.126953,0.0,0.0,0.1817305,0.263465,0.18380362,0.13600251,0.20150508,0.084168755,0.09267207,0.10900626,0.0,3.6498163,3.7108688,3.6515908,3.6027513,3.6691236,2.3392632,2.5010397,2.5531201,0.0,3.712567
76.508354,76.508354,79.860695,80.87937,78.846794,80.50571,82.001656,77.92457,74.740395,0.0,34.169075,-0.00016425851,-66.46988,34.74679,-17.228403,10.8089695,4.36403,200.76477,40.14981,76.147835,16.69193,25.565113,12.440363,0.0,0.0,0.17998943,0.2838734,0.18205951,0.13676159,0.20644322,0.08330908,0.09325399,0.10683744,0.0,3.6470435,3.7102234,3.6492305,3.5994222,3.6648648,2.380042,2.6540856,2.5481565,0.0,3.7122068
76.06691,76.06691,79.3291,80.473305,78.6195,80.24184,81.73846,77.97909,74.784386,0.0,33.62962,-0.00016201189,-54.985863,29.781681,-14.524045,10.668627,4.543041,168.49768,33.070183,62.586052,13.165716,20.995745,10.589118,0.0,0.0,0.17798117,0.30100638,0.17977954,0.13322198,0.20835821,0.07937079,0.08973436,0.11132692,0.0,3.6442711,3.7096307,3.646171,3.5982375,3.6609511,2.3494015,2.6302335,2.677721,0.0,3.7118714
233.46008,169.99866,84.27125,86.83507,121.098564,93.383675,93.58077,115.49975,98.868484,0.0,37.067036,1853.9778,1424.2345,-51.30148,314.43744,86.727875,52.38571,-1700.5508,407.82773,-243.86435,-66.67498,67.69748,-39.325428,1853.9778,0.0,0.0,0.03825946,0.14543866,0.0,0.14993255,0.002940903,0.11150223,0.014953638,0.0,0.0,0.61053485,3.6114647,0.0,3.615804,0.119021565,3.5764372,0.3970642,0.0,3.503876
235.91537,173.58813,88.83885,91.50024,125.832634,98.11354,98.33711,120.25606,103.67974,0.0,41.63644,1836.0123,1415.7399,-53.846886,314.46182,85.789345,52.271168,-1699.4357,402.95093,-246.6663,-67.30107,67.55218,-39.496952,1836.0123,0.0,0.0,0.025057046,0.010350495,0.0,3.672992e-11,0.108526886,0.13781519,0.10184071,0.0,0.0,0.5949013,0.42380053,0.0,8.529495e-10,3.578854,3.6032002,3.567196,0.0,3.18624
84.919304,84.919304,88.09598,89.40267,87.68339,89.28508,90.79728,87.28137,84.18257,0.0,42.387695,-0.00019186056,-41.759586,22.030315,-12.788608,6.771181,2.5625956,124.49493,24.484453,45.225376,9.054186,16.328314,8.030347,0.0,0.0,0.0,0.44883862,0.010266048,6.581972e-13,3.6810333e-11,0.114731774,5.222234e-14,0.09882531,0.0,0.0,3.113772,0.42371145,1.5285006e-11,8.5482915e-10,3.580318,1.212735e-12,3.561608,0.0,3.1178417
84.61579,84.61579,87.764,89.1137,87.443665,89.03047,90.54515,87.122345,84.03423,0.0,42.053173,-0.0001913698,-36.48406,19.55676,-11.40112,5.9616218,2.2556918,109.132515,21.34126,39.24418,7.555672,14.467673,7.117257,0.0,0.0,0.0,0.48990822,0.10469588,1.6129503e-12,3.6809798e-11,0.10413107,2.2472878e-13,0.090674296,0.0,0.0,3.1121197,3.570268,3.7457336e-11,8.5482915e-10,3.571482,5.218847e-12,3.554254,0.0,3.117016
84.337,84.337,87.47185,88.847946,87.18814,88.767334,90.28057,86.90927,83.81328,0.0,41.759933,-0.00018940232,-33.773815,17.897858,-10.632782,6.4461513,2.4850047,101.894485,20.091387,36.79133,7.503695,13.402206,6.7259793,0.0,0.0,0.0,0.5556268,0.10620259,1.7656678e-12,0.006536737,0.099211045,4.2205275e-13,0.08248693,0.0,0.0,3.1098764,3.5706294,4.1004467e-11,0.17580946,3.5659838,9.801418e-12,3.402621,0.0,3.116239
84.07094,84.07094,87.19857,88.580536,86.9335,88.51496,90.030495,86.69687,83.61964,0.0,41.48614,-0.00018890771,-32.22776,17.510805,-10.866494,5.660435,1.9014418,98.36315,19.453487,34.933884,6.6977534,12.264837,6.1463404,0.0,0.0,0.0,0.5931091,0.106920846,1.7548185e-12,0.015343771,0.09275925,5.810541e-13,0.07367522,0.0,0.0,3.1082163,3.5700173,4.0753102e-11,0.40054715,3.5572507,1.3494134e-11,3.0819838,0.0,3.1155074
83.80128,83.80128,86.93427,88.31965,86.67582,88.25358,89.770645,86.427345,83.3616,0.0,41.22184,-0.00018791463,-33.38202,17.28263,-10.483003,5.08256,1.4521314,98.30693,18.764824,34.668434,6.647075,12.592395,6.1118603,0.0,0.0,0.0,0.61309713,0.10748689,1.8172709e-12,0.015225421,0.08658896,7.16847e-13,0.06709908,0.0,0.0,3.1069994,3.5698612,4.2204077e-11,0.40042233,3.5455105,1.6647968e-11,2.9098728,0.0,3.1148186
83.52997,83.52997,86.668724,88.02604,86.37136,87.94348,89.45363,86.1018,83.013985,0.0,40.957687,-0.00018691987,-34.584682,19.091013,-9.873558,7.384776,2.2466633,107.75114,20.622824,38.557392,7.7241755,13.158737,6.488943,0.0,0.0,0.0,0.61282533,0.110637166,1.8173768e-12,0.02536476,0.08102352,8.4074257e-13,0.06232404,0.0,0.0,3.1063437,3.5631175,4.2207144e-11,0.6395281,3.5393226,1.9525584e-11,2.7797441,0.0,3.11417
83.21894,83.21894,86.37798,87.70894,86.02406,87.61462,89.1296,85.69555,82.60928,0.0,40.668156,-0.00018591834,-38.565903,20.666157,-11.764059,5.8565154,2.198931,115.36022,22.504976,41.637394,8.018986,14.641665,7.1992583,0.0,0.0,0.0,0.5599897,0.106815904,1.6416174e-12,0.31417054,0.07784073,9.346679e-13,0.05798017,0.0,0.0,3.1070395,3.5571165,3.8125822e-11,2.9715033,3.5315323,2.1707242e-11,2.7571728,0.0,3.1135597
82.88116,82.88116,86.06521,87.34066,85.601845,87.19534,88.704765,85.19319,82.06086,0.0,40.35818,-0.00018541353,-43.035446,23.687525,-12.041697,7.5909276,3.3691373,131.5572,26.43894,49.364185,10.150511,16.473364,8.288144,0.0,0.0,0.0,0.5235012,0.10537246,1.7405866e-12,0.34133118,0.06375089,1.0390029e-12,0.023034513,0.0,0.0,3.1072927,3.5498836,4.0424924e-11,2.9551573,2.581953,2.4130723e-11,1.0456628,0.0,3.112985
82.48388,82.48388,85.70733,86.92067,85.098175,86.73078,88.2391,84.57591,81.4412,0.0,40.004684,-0.00018339237,-49.370667,26.71963,-15.324467,7.89695,3.420188,153.93451,30.77822,56.18488,11.625388,18.806303,9.452881,0.0,0.0,0.13124186,0.46019846,0.27827924,1.5866438e-12,0.39199606,0.05517874,1.1179898e-12,0.017959978,0.0,1.3431137,3.1080651,2.9335866,3.6850155e-11,2.9370108,2.1935482,2.5965561e-11,1.0180731,0.0,3.1124437
82.00744,82.00744,85.28864,86.42478,84.4949,86.131226,87.63459,83.73995,80.55791,0.0,39.59106,-0.00018288396,-57.56922,30.121464,-15.60552,9.159096,4.3271465,176.77635,35.350807,66.36706,14.617801,22.946363,11.316151,0.0,0.0,0.30048153,0.39453527,0.30700234,1.6853375e-12,0.44643742,0.037762582,1.2102591e-12,0.015444571,0.0,2.9120026,3.1087363,2.9188912,3.9142904e-11,2.9312055,1.5593743,2.8108942e-11,0.93477786,0.0,3.1119342
81.472435,81.472435,84.80817,85.838196,83.82209,85.47578,86.981445,82.91847,79.7037,0.0,39.116062,-0.00018032364,-64.486015,34.322872,-16.865044,8.591646,4.8687096,198.90001,39.80593,75.084335,16.215942,25.285236,12.478372,0.0,0.0,0.3508112,0.3444494,0.38391644,1.5527503e-12,0.4314448,0.026451038,1.2767528e-12,0.021659486,0.0,2.893502,3.1090295,2.8888345,3.6064013e-11,2.9663067,1.3699121,2.9653724e-11,1.1545975,0.0,3.1114545
80.85896,80.85896,84.26718,85.182884,83.042404,84.73402,86.23683,81.97734,78.78105,0.0,38.58161,-0.00017877245,-72.803116,38.406536,-19.37028,9.287308,4.5696,222.85034,44.67005,84.12809,18.169662,27.632092,13.461098,0.0,0.0,0.40837157,0.30675176,0.41923007,1.5088357e-12,0.4002341,0.036199503,1.325798e-12,0.025537988,0.0,2.8907201,3.1090875,2.9018612,3.5044564e-11,3.0021353,1.9000534,3.0793288e-11,1.2742593,0.0,3.1110027
80.16197,80.16197,83.65984,84.428955,82.13811,83.867004,85.35207,80.82885,77.57867,0.0,37.98281,-0.0001761613,-82.08572,43.15528,-21.589354,12.902015,5.4022584,251.16127,50.167007,94.72099,20.745863,30.890219,15.137841,0.0,0.0,0.39683205,0.27429828,0.3791744,1.5335262e-12,0.3260723,0.053292338,1.3731907e-12,0.19300063,0.0,2.9346735,3.1090517,2.9542089,3.5618546e-11,3.0364091,3.5148232,3.1894504e-11,3.0319932,0.0,3.1105773
79.41095,79.41095,82.97743,83.639786,81.19927,82.9463,84.42815,79.619316,76.30261,0.0,37.307938,-0.00017351615,-88.62487,46.35028,-22.600622,13.467207,6.2990694,274.0621,54.736828,103.62173,23.140951,34.189423,16.756742,0.0,0.0,0.33953056,0.24387814,0.31017613,0.17007335,0.27164984,0.057895917,1.3731709e-12,0.24900773,0.0,2.9880753,3.108976,3.004328,1.995733,3.0579395,3.511433,3.1894504e-11,3.0092435,0.0,3.1101768
78.59888,78.59888,82.23524,82.7449,80.26663,82.012825,83.474594,78.49662,75.16109,0.0,36.571526,-0.00017137629,-94.88688,50.618744,-22.554853,16.621227,6.53367,290.5865,57.505936,110.31971,24.119833,36.35209,17.645376,0.0,0.0,0.26795486,0.2237417,0.27059755,0.23403825,0.23722726,0.13936032,1.3731509e-12,0.27578357,0.0,3.0282176,3.108791,3.0310094,2.1103125,3.0698884,2.9775379,3.1894504e-11,2.8146098,0.0,3.1097996
77.77108,77.77108,81.44884,81.88072,79.338486,81.07874,82.53665,77.38835,73.929726,0.0,35.790718,-0.00016921845,-98.43538,52.679066,-22.227674,17.170141,7.9198766,305.81732,59.727135,115.262955,25.304508,38.304924,18.852709,0.0,0.0,0.2276115,0.21106175,0.221459,0.2688886,0.21347894,0.18294162,1.3731311e-12,0.22982734,0.0,3.0489824,3.1085477,3.05323,2.4427638,3.076861,2.7742815,3.1894504e-11,2.5300417,0.0,3.1094446
76.85552,76.85552,80.62015,80.91073,78.24101,80.00502,81.46602,75.96595,72.592995,0.0,34.968983,-0.00016481563,-105.54873,56.256016,-23.514107,16.73114,6.979909,323.92374,63.583767,123.0887,26.848547,41.628754,19.8684,0.0,0.0,0.19855371,0.20054448,0.20014283,0.24913335,0.1974318,0.20067103,0.15816785,0.16746204,0.0,3.0610933,3.1083004,3.062772,2.9137292,3.0809963,1.9364544,2.016919,2.1099849,0.0,3.10911
75.88449,75.88449,79.74155,79.89305,77.05419,78.82131,80.26147,74.48286,71.10313,0.0,34.09859,-0.00016257458,-112.69408,59.59686,-23.678303,19.522703,7.0580654,344.25137,67.91484,132.27727,29.531473,44.47338,20.997618,0.0,0.0,0.18441963,0.18936314,0.18610962,0.2356244,0.18665095,0.1716767,0.22408128,0.14626914,0.0,3.0672498,3.1080737,3.069035,2.9344902,3.0838842,1.9456198,2.111431,2.2398632,0.0,3.1087954
230.26707,165.33307,82.06272,83.67061,111.44204,87.33071,87.51011,102.87278,86.57198,0.0,35.112484,1877.0841,1402.8127,-13.177454,292.88074,87.35059,51.693623,-1536.6624,428.53757,-166.52545,-42.98015,85.18871,-23.295074,1877.0841,0.0,0.0,0.028304167,0.17140618,0.16791143,0.19090188,0.00040321395,0.23144244,1.0555333e-12,0.0,0.0,0.50751853,3.063302,2.9788766,3.0151825,0.011427914,2.8729393,2.4518542e-11,0.0,3.0609684
232.2944,168.29506,86.17266,87.75407,115.465775,91.33265,91.48117,106.93339,90.419136,0.0,39.24152,1862.4465,1392.7081,-10.736391,293.01517,88.428,52.14156,-1523.7391,424.2041,-163.91402,-41.84072,84.99054,-22.779634,1862.4465,0.0,0.0,0.018907448,0.16830526,0.0,0.012017175,0.2379398,0.17154391,0.22642519,0.0,0.0,0.34919375,3.0227935,0.0,0.22480622,2.7398033,3.0214672,2.8386407,0.0,2.775432
84.433266,84.433266,88.17682,88.54792,85.9449,87.71815,89.168564,83.841736,80.41309,0.0,42.524002,-0.00018940395,-103.8611,54.24223,-23.998444,18.194649,7.6021166,319.72458,60.931404,118.142586,25.854765,39.89985,19.460747,0.0,0.0,0.0,0.12558715,0.17251104,0.0,0.011594495,0.1549771,0.0,0.1960346,0.0,0.0,1.7610632,2.985753,0.0,0.21816973,3.0259123,0.0,2.9172595,0.0,2.5786963
83.54536,83.54536,87.3146,87.60104,84.97327,86.72425,88.20092,83.12897,79.67192,0.0,41.664898,-0.00018791683,-105.91509,56.35783,-22.816277,14.33716,7.903419,327.63632,62.70264,122.316795,26.174109,37.168034,18.467413,0.0,0.0,0.0,0.19689813,0.14380848,0.0,0.011440896,0.18872185,0.0,0.18889251,0.0,0.0,2.577552,3.048362,0.0,0.21955982,2.9121351,0.0,2.8666337,0.0,2.578167
82.76534,82.76534,86.4414,86.83341,84.2669,86.04852,87.5221,82.23615,78.812416,0.0,40.784534,-0.00018541858,-98.291824,53.708935,-24.4307,14.834878,7.5490584,309.15598,61.147057,116.00955,24.784252,39.15197,19.19408,0.0,0.0,0.0,0.1919177,0.13609712,0.0,0.13364305,0.06136104,0.0,0.040842514,0.0,0.0,2.5770779,3.0518012,0.0,1.9745532,1.3916637,0.0,0.8871327,0.0,2.5776632
81.943565,81.943565,85.61337,86.05808,83.52519,85.25964,86.73579,81.7865,78.41752,0.0,39.953827,-0.00018135153,-97.76218,52.343826,-21.903055,14.422775,6.933603,302.01376,59.416515,114.72401,24.9598,36.00336,17.605133,0.0,0.0,0.043416753,0.20234288,0.12087895,0.0,0.17810072,0.04885776,0.0,0.07134638,0.0,0.6690315,2.5765269,1.8574005,0.0,2.5582392,1.1337423,0.0,1.5711526,0.0,2.5771842
81.22808,81.22808,84.81096,85.43389,83.05686,84.76376,86.22713,81.53196,78.258644,0.0,39.14231,-0.00018032549,-90.12684,47.483665,-20.305183,16.388884,5.7275577,276.54422,53.780453,104.19816,23.057901,33.540993,16.141914,0.0,0.0,0.16842592,0.2064714,0.16968745,0.0,0.17360674,0.14095734,0.0,0.022288997,0.0,2.5474741,2.5760398,2.548807,0.0,2.5577343,2.9385273,0.0,0.4528312,0.0,2.5767283
80.51599,80.51599,84.07173,84.752655,82.38181,84.12285,85.60809,80.90715,77.61042,0.0,38.399235,-0.00017720906,-87.62819,45.808296,-22.270643,12.870988,6.0416665,265.14584,52.89187,100.6253,21.976547,32.93978,16.174873,0.0,0.0,0.16304573,0.22423236,0.16416489,0.0,0.1821047,0.13474463,0.0,0.046499502,0.0,2.5465777,2.5754735,2.54776,0.0,2.5551474,2.938682,0.0,1.0022258,0.0,2.576295
79.86009,79.86009,83.36425,84.09553,81.867905,83.61444,85.10695,80.467514,77.21254,0.0,37.686783,-0.00017510695,-82.70346,44.310238,-22.573889,11.506072,5.4709916,249.77798,49.36098,93.03711,19.039593,32.033234,15.6706915,0.0,0.0,0.17086224,0.23310074,0.17182021,0.046967436,0.18479177,0.112024546,0.0,0.10991862,0.0,2.543271,2.574989,2.544283,0.7800359,2.5531375,2.994371,0.0,1.8412813,0.0,2.5758824
79.20461,79.20461,82.69494,83.52797,81.2783,82.97139,84.463425,80.178856,77.03618,0.0,37.015625,-0.00017191359,-81.33946,41.14218,-19.462442,11.598848,3.586348,243.86925,47.647694,91.99646,20.51482,28.110273,13.36739,0.0,0.0,0.17310959,0.24654484,0.17400442,0.09931164,0.19944525,0.103396885,0.0,0.108138174,0.0,2.5407968,2.5744836,2.5417418,1.7308736,2.5492887,2.984906,0.0,1.8741488,0.0,2.57549
78.601364,78.601364,82.04291,82.90095,80.72914,82.43223,83.925186,79.6005,76.41914,0.0,36.360344,-0.00017083684,-76.36603,40.33134,-20.075277,11.4165945,4.315147,233.16003,46.20043,87.40435,18.781,28.510891,13.774447,0.0,0.0,0.18355887,0.25196496,0.18735933,0.10229228,0.20623028,0.11857856,0.0,0.11631155,0.0,2.5364945,2.5740612,2.5365214,1.8538377,2.5466034,2.6039188,0.0,1.9906938,0.0,2.5751169
77.95969,77.95969,81.41466,82.225075,80.104836,81.7737,83.26017,79.02451,75.83415,0.0,35.73384,-0.00016921264,-77.762505,41.86376,-17.902748,12.648245,4.47,238.9571,45.727375,88.65641,18.559767,27.84529,13.390319,0.0,0.0,0.18783163,0.2628354,0.19040903,0.10779143,0.21711926,0.101667084,0.0,0.11409412,0.0,2.533473,2.573607,2.5337787,1.9133221,2.5433989,1.9961784,0.0,1.9196652,0.0,2.5747616
77.34337,77.34337,80.7746,81.63449,79.5258,81.20636,82.70355,78.55038,75.3531,0.0,35.09176,-0.00016702744,-75.27921,40.27081,-18.669273,10.547875,4.5859714,232.21951,44.6978,85.62382,17.851923,26.351118,12.92728,0.0,0.0,0.19141068,0.25632524,0.19628488,0.1377141,0.2213948,0.08050017,0.08792535,0.11321887,0.0,2.5309482,2.5733247,2.531112,2.5102558,2.5417671,1.5831375,1.7203815,1.8873979,0.0,2.5744238
76.72048,76.72048,80.15142,81.02382,78.891594,80.55613,82.03212,77.805405,74.56573,0.0,34.46778,-0.00016425854,-75.248184,39.859547,-17.612734,14.447854,5.2487874,229.5042,45.012737,86.76226,19.102022,27.92669,13.6569395,0.0,0.0,0.20150521,0.26324493,0.2027888,0.1378028,0.2296621,0.08712654,0.09181483,0.11921256,0.0,2.5269043,2.5729387,2.5280204,2.5071025,2.5394275,1.656773,1.8284512,1.8525039,0.0,2.5741022
76.077255,76.077255,79.53268,80.35807,78.219,79.91192,81.40663,76.876274,73.65833,0.0,33.8511,-0.00016257541,-77.80894,41.387104,-19.451536,11.0641,4.918576,236.44833,45.820385,87.822754,18.281906,31.314161,14.9715605,0.0,0.0,0.20526078,0.2659862,0.2068095,0.14502469,0.22510183,0.079846434,0.08804723,0.11839569,0.0,2.5247235,2.5726051,2.5263596,2.5018513,2.539642,1.5177792,1.8109508,1.8106303,0.0,2.5737965
231.61205,167.29799,82.76727,84.72174,116.002625,89.76204,89.95725,109.02911,92.54594,0.0,35.69075,1867.3861,1413.8357,-31.865257,305.77472,86.79407,52.07655,-1619.922,417.87604,-204.3706,-55.45088,76.21846,-33.21499,1867.3861,0.0,0.0,0.036513224,0.1905015,0.07704083,0.14327975,0.010842294,0.11925749,0.0,0.0,0.0,0.37504423,2.5100358,0.961324,2.498188,0.21857603,2.488299,0.0,0.0,2.5037217
233.5943,170.19482,87.08586,89.0153,119.113174,93.78947,93.96886,111.982185,95.73859,0.0,40.043507,1853.0002,1401.3959,-30.851068,300.28033,87.35066,51.57306,-1597.7594,416.98788,-198.42383,-53.13506,77.143074,-31.123402,1853.0002,0.0,0.0,0.024596626,0.14201474,0.0,0.016812505,0.10572463,0.15341382,0.107306406,0.0,0.0,0.35815528,2.48862,0.0,0.24449514,2.4853318,2.4921157,2.4019005,0.0,2.2703123
84.51325,84.51325,88.07589,88.71364,86.32077,88.03679,89.523705,84.715866,81.47218,0.0,42.40595,-0.00018989743,-88.26936,47.06054,-20.845644,12.56787,5.307659,272.7446,54.284832,103.90802,22.769667,34.479973,16.408264,0.0,0.0,0.0,0.24863493,0.12397917,0.0,0.0,0.14383677,0.0,0.117521666,0.0,0.0,2.149273,2.4833343,0.0,0.0,2.4843132,0.0,2.4814274,0.0,2.150078
83.786606,83.786606,87.34438,88.01711,85.71699,87.40827,88.89315,84.20993,80.844315,0.0,41.67308,-0.00018841364,-87.81827,46.04824,-19.349783,12.935124,6.8943934,268.71085,51.312195,100.153564,21.608273,33.32844,16.405418,0.0,0.0,0.0,0.2330616,0.17113693,0.0,0.016894268,0.12471066,0.0,0.10299904,0.0,0.0,2.148758,2.4866385,0.0,0.24454741,2.4770913,0.0,2.4121215,0.0,2.1494627
83.030365,83.030365,86.618416,87.17382,84.86065,86.54334,88.01164,83.41121,80.14267,0.0,40.95105,-0.00018591658,-90.59664,49.373184,-18.806963,15.655639,5.661779,280.2401,53.744606,105.19231,22.28735,32.63425,15.665008,0.0,0.0,0.0,0.23578529,0.17807695,0.0,0.07730099,0.10853865,0.0,0.079832785,0.0,0.0,2.1481466,2.4906642,0.0,1.0413312,2.1954927,0.0,1.8008019,0.0,2.1488729
82.23115,82.23115,85.86405,86.44763,83.96379,85.742035,87.20157,82.35468,79.02023,0.0,40.19804,-0.00018339176,-94.58545,48.59245,-24.257668,16.940565,6.5203247,284.10928,56.03021,106.84866,23.719395,34.528618,17.095001,0.0,0.0,0.0,0.22611895,0.18461816,0.0,0.21224383,0.07574696,0.0,0.033636868,0.0,0.0,2.1476395,2.4898784,0.0,2.1267674,1.1512531,0.0,0.6541095,0.0,2.1483068
81.523254,81.523254,85.10404,85.75102,83.43762,85.15756,86.64733,81.7672,78.447845,0.0,39.43463,-0.00018135323,-89.93701,46.795185,-21.074419,12.035606,6.332482,274.31195,51.70778,100.536804,21.240547,35.23302,17.043053,0.0,0.0,0.20175211,0.2227066,0.20275776,0.0,0.21514139,0.07123847,0.0,0.04179311,0.0,2.1156847,2.147115,2.1167471,0.0,2.12634,1.1551089,0.0,0.8167126,0.0,2.147764
80.832115,80.832115,84.36916,85.01242,82.73796,84.40626,85.874466,81.30051,78.01502,0.0,38.69755,-0.00017877239,-85.87192,46.902428,-17.865257,15.668357,5.8926964,267.79086,51.917343,101.14183,21.858976,32.48827,15.621295,0.0,0.0,0.20431788,0.22971189,0.20519592,0.0,0.20613508,0.11639252,0.0,0.048170626,0.0,2.1149068,2.1465473,2.1158342,0.0,2.12653,2.4521432,0.0,0.8489378,0.0,2.1472435
80.12807,80.12807,83.65227,84.33747,82.10001,83.833534,85.317085,80.695114,77.37521,0.0,37.977993,-0.00017669135,-84.646454,45.6826,-21.851084,13.171381,6.339393,259.74054,50.27273,95.72242,19.66884,32.08887,15.929732,0.0,0.0,0.19574298,0.2345331,0.19664915,0.0,0.20261933,0.12527598,0.0,0.15975246,0.0,2.1155524,2.1460137,2.1165097,0.0,2.1258962,2.4496987,0.0,1.851504,0.0,2.146744
79.44242,79.44242,82.95654,83.73126,81.46075,83.152565,84.639206,80.09875,76.81833,0.0,37.280067,-0.00017404843,-83.67417,42.982113,-19.383064,12.617415,5.824472,252.90938,49.090874,95.15302,21.027082,31.556004,15.355073,0.0,0.0,0.19216226,0.24098054,0.19315681,0.12468806,0.2084835,0.12674206,0.0,0.14201447,0.0,2.11485,2.145489,2.1159005,1.4564538,2.124123,2.448086,0.0,1.6499398,0.0,2.146265
78.8416,78.8416,82.28317,83.14847,80.98489,82.67455,84.1481,79.76991,76.48933,0.0,36.600494,-0.00017137629,-76.369576,40.093746,-19.24791,14.839534,5.826696,232.75415,45.77818,87.318924,19.274689,29.668617,14.639783,0.0,0.0,0.1965475,0.24674486,0.1985088,0.12821811,0.21236788,0.118150406,0.0,0.13623539,0.0,2.112632,2.144987,2.1135867,1.4974394,2.1226,2.001416,0.0,1.5691783,0.0,2.1458056
78.299805,78.299805,81.66501,82.6703,80.6026,82.300735,83.80394,79.5954,76.371216,0.0,35.975082,-0.00016921193,-67.97241,35.240677,-19.773743,9.19654,5.0152826,207.1436,41.226536,76.58114,16.435598,26.811197,13.337241,0.0,0.0,0.19813132,0.2667312,0.20103891,0.12763372,0.21730815,0.1284709,0.0,0.12608892,0.0,2.1105301,2.144399,2.111362,1.5416244,2.1204832,1.7645786,0.0,1.4985989,0.0,2.1453648
77.8091,77.8091,81.11364,82.188156,80.28786,81.91072,83.412415,79.44685,76.212395,0.0,35.418484,-0.00016812122,-60.612488,32.618,-14.566063,9.549805,5.1710577,186.82796,35.646336,68.725075,14.250745,24.32357,12.05823,0.0,0.0,0.19856194,0.2979622,0.19970559,0.13272035,0.21995577,0.116599776,0.076636836,0.1252928,0.0,2.1080165,2.1437228,2.1086156,1.6928592,2.1177735,1.4793426,0.8590169,1.5217499,0.0,2.144942
77.35602,77.35602,80.61576,81.76979,79.92086,81.53967,83.037865,79.2278,76.10227,0.0,34.916473,-0.00016647685,-54.644863,29.362913,-14.240346,10.333316,3.21971,169.38637,32.626057,61.965523,13.085371,21.910717,10.458974,0.0,0.0,0.20187391,0.3288105,0.2026136,0.16083445,0.21811706,0.10894792,0.11436398,0.12324189,0.0,2.1041796,2.143038,2.104961,2.0790613,2.1147468,1.4074882,1.4848123,1.4626638,0.0,2.1445365
76.94231,76.94231,80.16438,81.33671,79.58421,81.18665,82.686005,79.05727,75.90956,0.0,34.46133,-0.00016481547,-49.161343,28.569996,-12.855139,10.081088,3.688106,151.97293,29.704002,56.25615,10.647663,18.897308,9.363753,0.0,0.0,0.20405333,0.36120376,0.20483221,0.1600451,0.2329724,0.093300514,0.11426291,0.13352035,0.0,2.099891,2.142325,2.1007137,2.0751197,2.1087384,1.265135,1.4827181,1.595361,0.0,2.1441476
76.5835,76.5835,79.760925,81.05101,79.33062,80.92632,82.43621,78.91966,75.804344,0.0,34.05298,-0.00016481311,-41.890457,22.924158,-12.247147,7.459102,2.9832196,126.410736,25.264036,46.926136,9.403711,16.52331,8.188166,0.0,0.0,0.20027351,0.4010198,0.20661785,0.15957762,0.2572121,0.08510034,0.1141054,0.124903,0.0,2.0958984,2.1415105,2.096439,2.071008,2.1006773,1.1809506,1.5185733,1.4938083,0.0,2.1437745
76.26949,76.26949,79.4234,80.75346,79.092384,80.67116,82.179115,78.7646,75.677826,0.0,33.71331,-0.00016257787,-37.59147,20.717573,-10.588778,7.993996,2.214754,113.73841,21.600424,40.75939,7.8077126,14.624155,7.090882,0.0,0.0,0.21296327,0.47956264,0.21463165,0.15586784,0.2529851,0.08824646,0.10563987,0.12682925,0.0,2.0876024,2.1401455,2.0893648,2.0673106,2.0962121,1.2596672,1.474669,1.5224997,0.0,2.1434164
233.35527,169.84546,82.65634,85.566444,121.87198,92.939285,93.14133,116.89394,100.25583,0.0,35.378094,1854.7408,1436.8491,-59.91508,321.44244,86.55316,52.39998,-1745.8417,403.88354,-263.5043,-72.19779,63.535122,-43.04385,1854.7408,0.0,0.0,0.071336396,0.18295781,0.1910628,0.1690392,0.0059061563,0.134926,0.0,0.0,0.0,0.38503364,2.0776074,2.0783677,2.0691211,0.10074859,1.9930905,0.0,0.0,2.1043096
235.64955,173.19945,87.333244,90.28611,126.22002,97.630356,97.85982,121.49424,105.18935,0.0,40.069195,1837.9658,1425.4364,-60.90622,319.4825,85.57911,51.702255,-1737.2312,399.6155,-263.73438,-72.19022,61.77594,-43.515636,1837.9658,0.0,0.0,0.03325605,0.14082193,0.0,0.015936153,0.13222623,0.14216661,0.11371309,0.0,0.0,0.3790837,2.0559342,0.0,0.199493,2.040396,2.052765,1.718567,0.0,1.9018883
85.12774,85.12774,88.26473,89.62136,87.95544,89.5503,91.06491,87.68362,84.61398,0.0,42.553185,-0.0001933202,-34.22101,19.133862,-12.169557,5.9885235,1.6163057,104.38331,21.35026,37.644955,7.0049767,13.218075,6.55558,0.0,0.0,0.0,0.6136036,0.003970584,0.0,0.0,0.14813547,0.17638394,0.12898113,0.0,0.0,1.7998526,0.06796047,0.0,0.0,2.0548027,2.0628622,2.0445828,0.0,1.8041844
84.83871,84.83871,87.98382,89.34407,87.66352,89.25221,90.764145,87.385506,84.313126,0.0,42.272705,-0.0001913698,-35.87178,18.908535,-11.58479,6.8526363,1.7241392,107.28153,21.500746,39.08573,8.043419,13.37975,6.5823665,0.0,0.0,0.0,0.59231085,0.050953217,0.0,0.0,0.14087848,0.002882258,0.123074606,0.0,0.0,1.7993524,0.80629736,0.0,0.0,2.0479398,0.02934463,2.0387325,0.0,1.803386
84.53152,84.53152,87.69388,89.022644,87.32531,88.91408,90.4257,86.96391,83.853134,0.0,41.98444,-0.00019038768,-39.183586,20.792583,-11.592666,6.950092,2.8729043,117.70656,23.066103,42.906788,8.729964,15.415632,7.68428,0.0,0.0,0.0,0.5762571,0.12802348,0.0,0.0,0.13262959,0.0,0.11846302,0.0,0.0,1.7987974,2.0401268,0.0,0.0,2.0419068,0.0,2.032646,0.0,1.8026152
84.18237,84.18237,87.374374,88.64996,86.914055,88.51804,90.02786,86.52516,83.43801,0.0,41.66816,-0.00018890716,-44.37515,23.680439,-12.991679,7.478942,2.2264369,135.94084,25.955675,48.440502,9.667737,16.038305,7.844853,0.0,0.0,0.0,0.5266302,0.13206275,0.0,0.0,0.12949255,0.0,0.113563396,0.0,0.0,1.7986984,2.0378802,0.0,0.0,2.0371902,0.0,1.9962628,0.0,1.8018711
83.790504,83.790504,87.00715,88.25791,86.4564,88.086006,89.59972,85.944084,82.81794,0.0,41.302883,-0.00018841367,-48.32736,24.930473,-15.094574,6.2887344,3.2335124,146.00552,28.743584,52.73649,10.891738,18.611937,9.2987995,0.0,0.0,0.0,0.4583291,0.13787177,0.0,0.015631437,0.1245296,0.0,0.10026972,0.0,0.0,1.7987744,2.0351558,0.0,0.19917223,2.0300188,0.0,1.7718885,0.0,1.8011526
83.32085,83.32085,86.60747,87.74566,85.83,87.45667,88.95729,85.139786,81.941864,0.0,40.910564,-0.00018741893,-58.287674,30.035282,-14.866579,9.796425,4.5966225,179.64563,34.605556,66.01826,14.571852,21.862091,10.9541235,0.0,0.0,0.0,0.42754814,0.15478252,0.0,0.018511668,0.12114384,0.0,0.092192054,0.0,0.0,1.7983981,2.0285425,0.0,0.22039826,2.0173128,0.0,1.6076777,0.0,1.800459
82.76963,82.76963,86.11853,87.118004,85.10145,86.77105,88.26426,84.27446,81.059006,0.0,40.427856,-0.00018541409,-66.06312,35.45348,-17.95285,11.36774,4.8794937,204.34503,40.35179,75.79587,16.14668,24.103796,12.137348,0.0,0.0,0.0,0.35062525,0.17555307,0.0,0.49674913,0.118765876,0.0,0.070365265,0.0,0.0,1.7984284,2.0144198,0.0,1.7089136,2.011581,0.0,1.1939089,0.0,1.7997894
82.16644,82.16644,85.56614,86.55661,84.474335,86.1298,87.6317,83.57972,80.29948,0.0,39.878777,-0.00018237438,-71.86851,35.780945,-16.98955,9.503465,5.822029,216.50018,41.074177,79.875626,17.723713,25.14889,12.80184,0.0,0.0,0.48628253,0.3099368,0.4768241,0.0,0.45662987,0.09097842,0.0,0.029788315,0.0,1.6670085,1.7980914,1.676001,0.0,1.7305113,1.2295164,0.0,0.5770246,0.0,1.799143
81.50247,81.50247,84.975746,85.756386,83.55365,85.24858,86.73366,82.28997,79.03176,0.0,39.29704,-0.00017929582,-79.63189,42.798313,-19.57614,12.899397,5.5169363,245.8054,48.238777,92.14071,19.71441,30.304947,14.793889,0.0,0.0,0.46681765,0.2929699,0.44788978,0.0,0.3822905,0.062952,0.0,0.031239305,0.0,1.6913928,1.7975821,1.6986994,0.0,1.7505946,0.73419696,0.0,0.6277701,0.0,1.7985188
80.74049,80.74049,84.30715,84.96978,82.62994,84.337364,85.79725,81.3307,78.05096,0.0,38.636555,-0.00017720973,-88.64169,46.34259,-20.337074,16.890676,5.815315,270.8036,52.3186,101.394165,22.468245,30.762287,15.128645,0.0,0.0,0.38570428,0.25955823,0.3800141,0.0,0.3046622,0.07261224,0.0,0.03800591,0.0,1.7240057,1.7971897,1.7272655,0.0,1.7652487,1.1697793,0.0,0.6937472,0.0,1.797916
80.00383,80.00383,83.57719,84.143555,81.808784,83.50002,84.9792,80.18451,76.76003,0.0,37.9089,-0.00017616134,-89.257866,49.070526,-19.346876,13.921086,7.5571966,277.58502,54.345234,105.26675,22.325485,34.704014,17.172953,0.0,0.0,0.30314282,0.23659602,0.30449966,0.0,0.26863372,0.10570855,0.0,0.34142506,0.0,1.7482749,1.7967358,1.7497082,0.0,1.7718769,2.003028,0.0,1.7356335,0.0,1.7973341
79.15872,79.15872,82.8235,83.28872,80.7868,82.55301,84.0402,78.80643,75.40363,0.0,37.163025,-0.00017191363,-97.33411,51.804527,-23.630426,12.516763,7.318973,299.49432,58.392998,111.94944,23.760221,38.624466,18.854134,0.0,0.0,0.2669635,0.23067878,0.2612653,0.3125694,0.23984598,0.12370027,0.0,0.29408675,0.0,1.7577766,1.7962029,1.7602655,1.2076577,1.7763685,1.987304,0.0,1.7768244,0.0,1.7967721
78.37539,78.37539,82.01839,82.49675,79.96235,81.698395,83.166115,77.89637,74.48029,0.0,36.35828,-0.00017029737,-95.46333,51.456318,-21.99307,15.743378,7.4656353,300.48123,59.29992,113.60639,25.092304,39.51723,19.123951,0.0,0.0,0.22980115,0.21442905,0.23115829,0.24672034,0.21947683,0.3022097,0.0,0.2344577,0.0,1.7657586,1.7957407,1.7671921,1.2013284,1.7786535,1.7390443,0.0,1.7989521,0.0,1.7962295
77.44642,77.44642,81.20202,81.55571,78.749756,80.55856,82.03924,76.73024,73.4101,0.0,35.55088,-0.00016647378,-104.82802,54.682938,-25.790236,13.667605,6.342384,324.0147,65.26152,123.96613,27.904766,39.034958,18.85052,0.0,0.0,0.21046312,0.21327817,0.21172464,0.20573348,0.21464272,0.26254514,0.08819464,0.18031666,0.0,1.7691327,1.79522,1.7704653,1.3215418,1.7792647,1.7814715,0.3315572,1.2694868,0.0,1.7957056
76.62603,76.62603,80.33609,80.731514,78.194954,79.94452,81.40627,76.30646,72.89938,0.0,34.68025,-0.00016481309,-101.130005,53.62128,-22.73935,16.6232,7.366492,311.86984,59.693974,115.96651,25.006622,37.646416,18.438513,0.0,0.0,0.20631583,0.19836086,0.20729645,0.27782658,0.20021692,0.18894981,0.26435405,0.16131362,0.0,1.7704694,1.7947822,1.7715052,1.6964221,1.7807839,1.2805114,1.162951,1.3099914,0.0,1.7951995
75.704216,75.704216,79.492676,79.8162,77.07639,78.86588,80.32335,75.05149,71.6698,0.0,33.84225,-0.00016201178,-107.42985,55.43965,-24.830652,17.231852,7.0805507,325.8017,63.858154,123.450676,27.561008,39.09112,19.037865,0.0,0.0,0.19218975,0.20507811,0.19295827,0.23933364,0.19709067,0.14758712,0.22825888,0.14097565,0.0,1.7722503,1.7942605,1.773062,1.7186291,1.7806557,1.1332656,1.2456961,1.2541665,0.0,1.794711
231.2639,166.78932,83.18946,84.84964,113.789536,88.80562,89.02643,105.61585,88.90707,0.0,36.20776,1869.9012,1405.7018,-17.11715,298.2222,85.887474,52.546925,-1557.7621,424.90256,-174.71596,-46.254826,83.04223,-25.999401,1869.9012,0.0,0.0,0.022819849,0.1840629,0.0,0.21826935,0.0,0.26076132,0.0,0.0,0.0,0.20832372,1.7629064,0.0,1.7245201,0.0,1.6759882,0.0,0.0,1.720412
233.087,169.45338,87.36889,89.104164,117.45395,93.11225,93.29971,110.006,93.650536,0.0,40.39349,1856.6924,1392.3734,-21.69772,294.29892,87.06745,51.80865,-1553.5582,420.79068,-177.6277,-46.431145,78.97599,-27.284634,1856.6924,0.0,0.0,0.022036603,0.18343067,0.0,0.01445435,0.23677813,0.13390428,0.24570404,0.0,0.0,0.21069807,1.7405798,0.0,0.14068449,1.6849502,1.2854829,1.6116799,0.0,1.563626
84.26723,84.26723,87.95979,88.44983,85.84217,87.63187,89.10592,84.08883,80.736626,0.0,42.30072,-0.0001898958,-99.6782,51.14534,-24.841164,14.759846,6.735503,303.2696,59.56279,113.87019,25.301975,36.166775,17.826372,0.0,0.0,0.0,0.21531577,0.17889132,0.0,0.015526085,0.18444274,0.0,0.22681116,0.0,0.0,1.4906098,1.7385352,0.0,0.14817402,1.732953,0.0,1.683241,0.0,1.491006
83.5481,83.5481,87.1517,87.732834,85.373,87.07274,88.534065,83.72641,80.27547,0.0,41.48583,-0.00018791956,-91.99565,48.660587,-19.872051,16.684258,7.839518,284.5081,53.872864,105.33038,22.921354,34.960697,17.41649,0.0,0.0,0.0,0.21483034,0.17366807,0.0,0.014355168,0.23588197,0.0,0.17982055,0.0,0.0,1.4901903,1.7533817,0.0,0.1408578,1.664179,0.0,1.4166754,0.0,1.4904737
82.80646,82.80646,86.39084,87.07317,84.65453,86.384056,87.86118,83.096504,79.74782,0.0,40.72135,-0.00018491039,-90.264145,45.766876,-21.62476,14.262227,6.6933928,274.0881,53.318966,102.74226,23.14683,33.93251,16.72421,0.0,0.0,0.0,0.22723009,0.16097116,0.0,0.20288013,0.07353857,0.0,0.052701864,0.0,0.0,1.4895073,1.7552892,0.0,1.4774756,0.7629856,0.0,0.54145825,0.0,1.4899569
82.1213,82.1213,85.65911,86.36897,84.029465,85.770615,87.262115,82.61801,79.37488,0.0,39.98487,-0.00018288393,-85.944595,44.95263,-22.277212,11.704051,5.299699,259.84244,51.86028,98.37638,21.298378,32.169613,15.6421585,0.0,0.0,0.05721549,0.23473917,0.120978676,0.0,0.20144391,0.060150526,0.0,0.09824823,0.0,0.42536578,1.4889705,1.058322,0.0,1.4760519,0.66355675,0.0,1.0362962,0.0,1.4894547
81.478935,81.478935,84.96351,85.71066,83.5037,85.1993,86.682396,82.38389,79.11001,0.0,39.28667,-0.00018135326,-80.76707,43.828827,-19.617962,13.251445,5.7354317,251.76685,48.924862,93.60348,19.821949,28.39026,14.163119,0.0,0.0,0.19410186,0.2462272,0.19452241,0.0,0.21278584,0.17236765,0.0,0.040920623,0.0,1.4682976,1.4884285,1.4687418,0.0,1.4742517,1.6958808,0.0,0.42843512,0.0,1.488967
80.822075,80.822075,84.29129,85.115074,82.926796,84.63565,86.1295,81.822754,78.646706,0.0,38.61017,-0.00017773198,-79.21984,41.438488,-20.421982,11.238501,4.221477,237.96635,46.8221,89.25779,18.97937,28.173649,13.649361,0.0,0.0,0.20495299,0.25315207,0.20543125,0.0,0.21929516,0.15549077,0.0,0.035736777,0.0,1.465979,1.4879198,1.4664842,0.0,1.4726591,1.7089397,0.0,0.35515788,0.0,1.4884932
80.20633,80.20633,83.65058,84.45707,82.34287,84.016685,85.50059,81.22143,78.05979,0.0,37.97075,-0.00017669146,-76.65019,41.988396,-18.231155,13.109046,3.9578574,242.17506,45.96232,88.36568,18.386208,28.412558,13.481774,0.0,0.0,0.20811825,0.26647237,0.2107575,0.0,0.22938171,0.15262568,0.0,0.13840699,0.0,1.4641458,1.4873914,1.4645228,0.0,1.4706368,1.7062894,0.0,1.110988,0.0,1.488033
79.53491,79.53491,83.00164,83.85703,81.67371,83.39216,84.88667,80.47918,77.331795,0.0,37.320023,-0.00017404852,-78.967285,40.417957,-20.987328,11.103991,3.6817236,236.3072,45.90091,87.354805,18.67119,29.397873,14.016631,0.0,0.0,0.21099025,0.26168844,0.2175265,0.1267482,0.23524183,0.14497545,0.0,0.13893192,0.0,1.4623291,1.4869666,1.4626147,1.038345,1.4690036,1.7054977,0.0,1.1233294,0.0,1.487586
78.909164,78.909164,82.367134,83.22449,81.11681,82.781876,84.26603,79.93791,76.76052,0.0,36.685062,-0.00017137629,-78.07099,40.353745,-17.647867,13.064757,4.24521,234.80388,43.990017,86.341545,18.427116,29.18962,13.8170395,0.0,0.0,0.21952012,0.26740006,0.22274557,0.12489058,0.24725291,0.137558,0.0,0.14962547,0.0,1.4602214,1.4865015,1.4608456,1.0401596,1.4670925,1.7156025,0.0,1.1476122,0.0,1.4871519
78.22715,78.22715,81.73113,82.52914,80.25062,81.95301,83.43503,79.03192,75.76516,0.0,36.05414,-0.00017029667,-82.68676,42.25556,-20.033419,13.4379,5.637135,251.27235,48.958397,94.14827,21.064945,29.7175,14.652656,0.0,0.0,0.22544612,0.26861855,0.22709805,0.13597178,0.24290821,0.13698715,0.0,0.14873628,0.0,1.4586577,1.4860715,1.4592131,1.0713577,1.4668273,1.296635,0.0,1.1068777,0.0,1.48673
77.55087,77.55087,81.05526,81.80159,79.57141,81.29809,82.784325,78.265,75.05493,0.0,35.378967,-0.0001675802,-82.72573,43.853733,-21.462812,12.691698,4.7941995,253.48993,49.033966,93.326996,19.607832,30.853912,14.921351,0.0,0.0,0.23754464,0.2515623,0.23758821,0.17239697,0.2483554,0.11566137,0.077011816,0.14663702,0.0,1.456839,1.4857453,1.4575222,1.3390297,1.4663872,1.0122551,0.6401062,1.0430517,0.0,1.4863203
76.815895,76.815895,80.3692,81.032616,78.74763,80.44831,81.9219,77.33715,74.09849,0.0,34.697834,-0.00016536772,-87.40206,46.31972,-19.929825,14.834068,5.2338142,268.52884,51.278576,99.58825,21.36857,32.15757,15.428284,0.0,0.0,0.23432861,0.24910611,0.23551072,0.18761516,0.249941,0.112115115,0.11751862,0.15789877,0.0,1.4574237,1.4853574,1.4576623,1.4371568,1.466345,0.92633736,1.0316808,1.0915521,0.0,1.4859222
76.070946,76.070946,79.645744,80.300514,77.92912,79.65693,81.13068,76.38367,73.08096,0.0,33.976295,-0.0001625777,-89.38943,46.570217,-21.52711,14.808604,6.1196117,274.19595,53.076324,102.08945,22.421347,33.78434,16.458717,0.0,0.0,0.24004948,0.23554236,0.24115415,0.19538361,0.23476025,0.11311205,0.12730125,0.16481455,0.0,1.4569685,1.4850323,1.4576055,1.4350139,1.4679996,0.90319306,1.0625216,1.0748134,0.0,1.4855355
231.20117,166.69768,82.26561,84.16471,114.58649,88.974464,89.128174,106.81626,90.3439,0.0,35.214428,1870.354,1412.9756,-29.582478,302.0172,88.24782,52.05391,-1603.5099,421.25174,-198.53242,-53.217796,80.803185,-29.597574,1870.354,0.0,0.0,0.031637568,0.2341654,0.22481108,0.21179798,0.014957835,0.1663137,0.0,0.0,0.0,0.20492724,1.4504381,1.3934038,1.4373924,0.14757659,1.4043287,0.0,0.0,1.4606453
233.04326,169.38942,86.53172,88.306786,117.978325,92.67195,92.873665,110.166,93.24936,0.0,39.523083,1857.0105,1399.1876,-23.816574,300.1756,86.56487,52.977154,-1575.6334,418.35632,-186.46233,-49.8114,81.0393,-27.39721,1857.0105,0.0,0.0,0.031144826,0.20895965,0.0,0.019919524,0.15455413,0.20449808,0.1480818,0.0,0.0,0.20144898,1.4275336,0.0,0.12850618,1.4194103,1.4287658,1.290281,0.0,1.3231144
84.48636,84.48636,88.14157,88.621826,86.13264,87.85113,89.31481,84.625595,81.280235,0.0,42.478886,-0.00019088118,-96.51616,51.406017,-20.990253,16.343313,6.653249,293.4373,57.98753,112.6197,24.715406,33.328304,16.43622,0.0,0.0,0.0,0.23279202,0.17731968,0.0,0.010235134,0.20556286,0.0,0.17672053,0.0,0.0,1.2383147,1.356656,0.0,0.07046564,1.4268056,0.0,1.4182273,0.0,1.2385826
83.749756,83.749756,87.35687,87.94671,85.45656,87.24835,88.72928,83.69372,80.2815,0.0,41.69042,-0.00018741669,-92.30974,48.41747,-24.947054,13.625868,7.423193,282.85526,56.62201,106.374794,23.23912,36.272453,18.120987,0.0,0.0,0.0,0.22357772,0.21765834,0.0,0.017892541,0.18459864,0.0,0.15932244,0.0,0.0,1.237839,1.4359893,0.0,0.12035666,1.4191941,0.0,1.3836801,0.0,1.2380884
83.001465,83.001465,86.5964,87.13728,84.71888,86.42855,87.89689,82.90795,79.50359,0.0,40.93038,-0.00018541413,-91.21884,49.771343,-20.470783,15.6493845,7.3363047,284.0907,56.37939,108.44497,23.625055,36.80347,17.949152,0.0,0.0,0.0,0.23075527,0.20651278,0.0,0.08183538,0.1604447,0.0,0.075974435,0.0,0.0,1.2373406,1.4396278,0.0,0.48219356,1.4005418,0.0,0.60178906,0.0,1.2376058
82.229126,82.229126,85.8324,86.37203,83.98038,85.705635,87.17024,82.17281,78.86333,0.0,40.167023,-0.00018288336,-91.967094,49.80571,-21.38108,16.206715,6.2071295,285.9078,55.600742,107.01527,22.973104,36.766525,17.60592,0.0,0.0,0.0,0.22938883,0.19554777,0.0,0.21194719,0.08863703,0.0,0.056102663,0.0,0.0,1.2368717,1.4424402,0.0,1.2255565,0.65934855,0.0,0.406214,0.0,1.2371349
81.50605,81.50605,85.07125,85.76934,83.482414,85.20529,86.67659,81.899414,78.58837,0.0,39.398785,-0.00017980975,-88.506836,45.302326,-21.24449,15.193199,6.227004,265.23212,50.16118,97.52585,21.039856,34.22504,16.6395,0.0,0.0,0.20591773,0.22761412,0.20700082,0.0,0.21874532,0.08945334,0.0,0.051502295,0.0,1.219189,1.236415,1.2203329,0.0,1.2246574,0.6705306,0.0,0.3538475,0.0,1.2366753
80.86892,80.86892,84.36456,85.17174,82.9084,84.64354,86.13304,81.49323,78.18596,0.0,38.686104,-0.00017825219,-81.86634,41.9665,-21.942102,12.0869875,6.178679,246.60806,48.543816,91.89597,20.023302,32.215317,15.926379,0.0,0.0,0.21211278,0.24351488,0.21332902,0.0,0.21745276,0.17837021,0.0,0.063685834,0.0,1.217653,1.2359312,1.2189375,0.0,1.2242665,1.3995839,0.0,0.4345153,0.0,1.2362267
80.26131,80.26131,83.707016,84.561,82.428566,84.12303,85.60637,81.23155,78.04713,0.0,38.023464,-0.00017668617,-76.80182,40.463898,-19.5475,13.208142,4.368516,229.80228,45.119293,86.28807,18.347939,29.430864,14.09549,0.0,0.0,0.21085894,0.2599939,0.21085894,0.0,0.21503735,0.17146221,0.0,0.14129922,0.0,1.2173032,1.2352924,1.2173032,0.0,1.2231332,1.4045396,0.0,0.870951,0.0,1.2357888
79.742905,79.742905,83.09659,84.083595,82.08727,83.754166,85.25226,81.12767,77.8923,0.0,37.40598,-0.00017405393,-66.62792,35.90622,-17.771757,10.354817,5.1848674,204.59033,39.968533,75.55808,15.622013,26.119305,12.974141,0.0,0.0,0.20880118,0.27731088,0.2091738,0.13454302,0.22915523,0.17718239,0.0,0.15106621,0.0,1.2158688,1.23479,1.2168517,0.839335,1.2207667,1.4031192,0.0,0.92114615,0.0,1.2353615
79.26193,79.26193,82.55378,83.67981,81.74986,83.39188,84.89158,81.003815,77.8081,0.0,36.856243,-0.0001740478,-58.973892,30.543037,-16.027584,10.002614,4.560074,176.93759,35.335033,66.60299,14.56842,22.799831,11.3798065,0.0,0.0,0.20688215,0.3089491,0.20785552,0.1359135,0.2380515,0.17447542,0.0,0.14261188,0.0,1.2145209,1.2342236,1.2146853,0.8657374,1.218413,1.3886576,0.0,0.86062557,0.0,1.2349442
78.81647,78.81647,82.08089,83.25118,81.40196,83.029594,84.52635,80.773895,77.62206,0.0,36.38081,-0.0001719135,-55.294582,28.6591,-14.940825,10.638815,3.7696407,165.82776,31.865301,60.569973,12.888011,20.776152,10.262422,0.0,0.0,0.22007892,0.354167,0.22023477,0.1393192,0.24199882,0.17893371,0.0,0.14087236,0.0,1.2111815,1.2335738,1.2113461,0.86246747,1.2162887,1.2561649,0.0,0.85883665,0.0,1.2345371
78.42079,78.42079,81.639336,82.86863,81.0854,82.68823,84.19282,80.53922,77.42864,0.0,35.935226,-0.00017029667,-48.618973,25.969654,-12.889929,8.861584,2.867819,146.80725,28.795704,54.62362,11.4481325,19.266682,9.2374935,0.0,0.0,0.23046896,0.376383,0.23323408,0.1410128,0.2564312,0.12692629,0.0,0.14224872,0.0,1.2069311,1.2330433,1.2070327,0.8859384,1.21274,0.8456267,0.0,0.877945,0.0,1.2341396
78.06482,78.06482,81.24832,82.53737,80.8185,82.41575,83.92462,80.45139,77.33531,0.0,35.540752,-0.00016921193,-42.942097,22.979101,-12.388908,7.7438416,3.001385,128.54863,24.965078,46.782963,9.32849,15.546675,7.848175,0.0,0.0,0.23030749,0.4226071,0.23111151,0.18612614,0.28360838,0.11046164,0.049698368,0.14561212,0.0,1.2039421,1.2323534,1.2047912,1.1907264,1.2074624,0.7255761,0.30031195,0.91381156,0.0,1.2337515
77.749695,77.749695,80.90554,82.25111,80.55813,82.15108,83.66432,80.18969,77.10261,0.0,35.195343,-0.00016812122,-37.96095,19.80632,-11.991036,6.4417515,2.2242239,113.07199,22.33915,40.93557,8.325888,15.577148,7.577824,0.0,0.0,0.24348168,0.47989595,0.24414776,0.18108898,0.28098673,0.10788116,0.12404293,0.13660511,0.0,1.1990646,1.2315501,1.1997681,1.1885427,1.2046939,0.7056236,0.8280543,0.86460227,0.0,1.2333728
77.4633,77.4633,80.602875,81.96439,80.30732,81.8921,83.407265,80.04404,76.975845,0.0,34.891514,-0.00016702522,-34.75249,18.829813,-11.201315,5.794301,1.557181,105.61664,20.481283,37.33235,7.036989,12.992292,6.358083,0.0,0.0,0.24051672,0.54292786,0.24380128,0.17884898,0.3190992,0.10905403,0.1230108,0.15427625,0.0,1.1959336,1.2306489,1.196124,1.1854794,1.1965406,0.72242236,0.8388993,0.91959465,0.0,1.2330031
77.18618,77.18618,80.31951,81.684685,80.03585,81.61946,83.134834,79.75776,76.69029,0.0,34.607723,-0.00016647376,-33.452595,18.59969,-11.084029,5.716962,1.5263555,102.76873,20.172709,36.401695,6.6885347,13.38195,6.4856663,0.0,0.0,0.265151,0.5797186,0.26606944,0.17812376,0.32085878,0.10438255,0.1236277,0.15787905,0.0,1.1879708,1.2299459,1.1889406,1.1828068,1.1926653,0.70386535,0.85044765,0.95294136,0.0,1.2326422
76.90405,76.90405,80.043045,81.41478,79.74279,81.33043,82.84613,79.45882,76.38715,0.0,34.33158,-0.00016536849,-34.634155,18.181093,-11.482348,5.599345,1.6963375,104.924225,20.765467,37.4902,7.5597386,13.533984,6.622786,0.0,0.0,0.26201567,0.5949854,0.27233878,0.1833202,0.33270487,0.10028841,0.12559323,0.16572982,0.0,1.1846597,1.2294433,1.1840523,1.1779978,1.1869173,0.68877745,0.8479712,0.9557571,0.0,1.2322899
76.61023,76.61023,79.76057,81.11257,79.433205,81.01799,82.533615,79.10278,76.02813,0.0,34.04965,-0.00016369992,-36.901855,19.417053,-11.201431,5.6259227,1.8088882,108.52043,21.596088,39.982937,8.002886,14.687487,7.0592327,0.0,0.0,0.29771093,0.58277595,0.29882747,0.1806503,0.37075692,0.104205266,0.12370372,0.16276726,0.0,1.1739539,1.2292156,1.175133,1.1752,1.1775975,0.7245097,0.84153223,0.9367167,0.0,1.2319459
76.29103,76.29103,79.46601,80.759514,79.05012,80.64627,82.15374,78.6617,75.57285,0.0,33.758053,-0.00016257458,-41.46213,22.742805,-12.28808,8.125457,2.277594,126.34727,24.715956,45.865826,9.06853,16.027925,7.7894864,0.0,0.0,0.2991956,0.5636769,0.31534433,0.18382587,0.37041914,0.10441578,0.1261323,0.16567324,0.0,1.1702538,1.2290579,1.1685841,1.1709019,1.1747769,0.7363689,0.87653357,0.933151,0.0,1.2316102
232.72137,168.91902,82.26128,84.89685,119.932755,91.65795,91.85572,114.4472,97.61054,0.0,35.031456,1859.349,1432.2744,-53.183678,317.67453,86.70394,52.811947,-1716.33,408.1929,-248.75499,-68.13119,66.95457,-40.302765,1859.349,0.0,0.0,0.21408194,0.28012386,0.25084183,0.25306582,0.016479757,0.15787509,0.0,0.0,0.0,0.5981015,1.1616989,1.1641845,1.1647837,0.11521036,1.1639147,0.0,0.0,1.2174115
234.7137,171.83116,86.825554,89.3529,123.20831,95.747734,95.96824,117.84893,101.70462,0.0,39.64326,1844.8269,1417.9701,-50.32177,312.95773,85.89824,51.363148,-1686.9429,406.65106,-240.54391,-65.771,66.11855,-40.31165,1844.8269,0.0,0.0,0.049124517,0.17300044,0.0,0.024812438,0.15446016,0.16945991,0.15018257,0.0,0.0,0.20217152,1.1629539,0.0,0.13075793,1.1571188,1.1630436,1.1156608,0.0,1.0993297
84.93482,84.93482,88.227585,89.32136,87.38904,89.019485,90.51808,86.66716,83.50027,0.0,42.532005,-0.00019185898,-59.092377,31.855309,-15.159243,10.245937,4.055714,185.13179,36.468105,68.98849,14.943514,22.39803,10.981793,0.0,0.0,0.0,0.41229498,0.013275583,0.0,0.0,0.18664354,0.072887085,0.15808909,0.0,0.0,1.0318439,0.0937494,0.0,0.0,1.1585039,0.28908023,1.1582289,0.0,1.0328562
84.364746,84.364746,87.725075,88.714035,86.719406,88.381226,89.8776,85.8402,82.65646,0.0,42.034554,-0.00018989581,-67.40561,35.835304,-17.428198,10.720662,4.356442,204.93518,39.65176,75.624985,15.742791,24.913984,12.210265,0.0,0.0,0.0,0.35596934,0.16542794,0.0,0.0,0.17812674,0.0,0.15223607,0.0,0.0,1.0314276,1.1549572,0.0,0.0,1.154674,0.0,1.1542943,0.0,1.0321635
83.73348,83.73348,87.16538,88.02233,85.872086,87.51931,88.99502,84.799706,81.54305,0.0,41.48389,-0.00018741669,-75.349976,40.366985,-16.405464,14.493189,5.494978,236.72656,45.906227,88.86624,19.803518,27.734451,13.583234,0.0,0.0,0.0,0.3241376,0.19738835,0.0,0.01878759,0.17779943,0.0,0.14811304,0.0,0.0,1.0308846,1.1481295,0.0,0.103554875,1.147475,0.0,1.1502978,0.0,1.0314848
82.99362,82.99362,86.52244,87.253006,84.94238,86.670525,88.16234,83.63943,80.35901,0.0,40.8478,-0.00018591661,-85.0888,44.33159,-21.54654,11.642659,5.8244023,258.61386,50.854782,96.9925,21.001562,30.809835,15.247869,0.0,0.0,0.0,0.28447583,0.30440903,0.0,0.26792312,0.1900579,0.0,0.12862298,0.0,0.0,1.0305218,1.1249793,0.0,0.70045376,1.1378987,0.0,0.97708553,0.0,1.0308199
82.26069,82.26069,85.822624,86.436874,84.00548,85.726974,87.20109,82.386314,79.04529,0.0,40.1529,-0.00018288399,-88.20445,47.730038,-21.164585,14.749784,6.6007776,273.4006,55.75016,105.92119,23.548033,34.644966,16.921999,0.0,0.0,0.0,0.2624474,0.36824095,0.0,0.31016684,0.15293553,0.0,0.041902695,0.0,0.0,1.0299115,1.1115888,0.0,1.0135686,0.81806856,0.0,0.316254,0.0,1.0301687
81.40292,81.40292,85.07938,85.565346,83.06379,84.82028,86.29398,81.16917,77.7479,0.0,39.41827,-0.00018032358,-98.32509,51.25379,-23.113335,14.816211,7.5221777,297.76126,57.660805,111.56508,24.137192,37.712368,18.547861,0.0,0.0,0.3285202,0.24924994,0.32191828,0.0,0.27164763,0.1231288,0.0,0.043442894,0.0,1.0024434,1.0292256,1.0043724,0.0,1.0169761,0.46670923,0.0,0.31965747,0.0,1.0295305
80.63836,80.63836,84.28031,84.74248,82.26307,84.010284,85.48711,80.47053,77.06222,0.0,38.61818,-0.00017773196,-95.37278,51.885075,-22.610826,14.3124,7.380161,294.96094,58.46753,111.933846,23.8739,36.60119,18.044123,0.0,0.0,0.2670194,0.23072478,0.26536253,0.0,0.2510658,0.17082277,0.0,0.06571964,0.0,1.0099833,1.0286227,1.0103395,0.0,1.0178934,1.1315366,0.0,0.42349395,0.0,1.0289054
79.727806,79.727806,83.480316,83.86135,81.13175,82.905495,84.36102,79.14283,75.81593,0.0,37.825615,-0.00017457806,-104.581184,53.98933,-24.024385,17.501066,6.4269676,314.8425,63.20169,121.83086,27.670279,38.714443,18.616592,0.0,0.0,0.24520487,0.23205285,0.24619089,0.0,0.23927061,0.19882084,0.0,0.2747719,0.0,1.0117048,1.028005,1.0127459,0.0,1.0186881,1.1185141,0.0,1.0287108,0.0,1.0282929
78.85476,78.85476,82.630325,82.95552,80.22484,82.01256,83.468575,78.41761,75.02284,0.0,36.97963,-0.00017191283,-106.41524,55.398026,-24.741022,17.433342,7.229012,325.12473,63.901382,123.17068,27.474415,36.762836,18.214201,0.0,0.0,0.23368543,0.21867274,0.23462059,0.21098024,0.22164834,0.270031,0.0,0.24002239,0.0,1.0127906,1.0274402,1.0137781,0.71620727,1.0190387,1.0946118,0.0,1.0292019,0.0,1.0276928
78.01319,78.01319,81.75915,82.114716,79.43859,81.22823,82.69167,77.56932,74.16361,0.0,36.106014,-0.00016867401,-104.05464,54.63555,-24.8384,16.37783,7.35133,318.9077,62.754993,120.44796,26.522614,37.43896,18.516777,0.0,0.0,0.21670401,0.21210405,0.21721484,0.1826892,0.21954781,0.26080287,0.0,0.21327244,0.0,1.0138179,1.026868,1.0143572,0.7239006,1.0189483,1.0283036,0.0,0.93342406,0.0,1.0271049
77.169235,77.169235,80.90204,81.19751,78.5494,80.33895,81.80864,76.65131,73.21039,0.0,35.249104,-0.0001670252,-102.99075,56.135456,-24.833652,15.442519,7.7336836,319.41745,63.693707,121.462555,26.001438,37.749527,18.771765,0.0,0.0,0.21840069,0.21514744,0.21801327,0.20172243,0.20866084,0.20505328,0.17057548,0.16045603,0.0,1.0135894,1.0262828,1.0140377,0.826912,1.0186207,0.85414094,0.4882596,0.71776986,0.0,1.0265287
76.303734,76.303734,80.04182,80.28679,77.58319,79.40208,80.863365,75.479324,72.1378,0.0,34.390823,-0.00016257458,-103.419304,57.369926,-26.279484,16.689806,6.6067533,324.37167,65.74231,123.85128,26.528294,39.90698,19.303423,0.0,0.0,0.20582417,0.21431327,0.20490578,0.22740132,0.2046295,0.15625665,0.19816497,0.1471489,0.0,1.0138731,1.0257189,1.0142231,0.99439937,1.0181497,0.68592536,0.70566887,0.71132946,0.0,1.0259643
229.75797,164.58943,80.558304,82.234955,110.70676,86.18052,86.3749,102.453995,86.0072,0.0,33.569748,1880.742,1409.4752,-18.205694,295.43085,86.82363,52.00035,-1562.3252,428.5036,-174.85553,-45.90684,83.475075,-25.162554,1880.742,0.0,0.0,0.21059701,0.20108458,0.20889825,0.20675352,0.020636361,0.16905822,0.0,0.0,0.0,1.0248243,1.0140532,1.0035557,1.0174967,0.11380794,0.73640937,0.0,0.0,1.0254107
231.94241,167.78072,84.75287,86.448746,115.38315,90.42903,90.55802,107.58642,90.81373,0.0,37.76774,1864.9962,1400.6832,-19.409956,298.04117,89.10386,52.679516,-1560.0442,422.43124,-176.09468,-45.61541,80.951904,-26.838747,1864.9962,0.0,0.0,0.024701262,0.19670482,0.0,0.09961261,0.017811898,0.21427044,0.2021306,0.0,0.0,0.12246237,1.0042437,0.0,0.5120877,0.09751089,0.98857844,0.68297833,0.0,0.9473907
233.79314,170.48544,88.923805,90.62846,118.426796,94.49993,94.68822,110.7459,94.6859,0.0,41.959602,1851.5511,1387.7495,-19.939445,291.7409,87.03825,51.18434,-1546.0594,421.03506,-173.79088,-45.14146,80.30026,-26.252258,1851.5511,0.0,0.0,0.024721054,0.19605689,0.0,0.01594612,0.19830716,0.0,0.21369822,0.0,0.0,0.12197318,0.9920164,0.0,0.08264096,0.99350846,0.0,0.9820182,0.0,0.86451495
84.03176,84.03176,87.65779,88.19989,85.75977,87.516685,88.99541,84.03719,80.74756,0.0,41.99281,-0.00018940389,-93.98328,49.738117,-23.13613,13.997947,5.9479628,287.02908,56.13659,107.51605,23.01911,35.822792,17.29716,0.0,0.0,0.0,0.22491303,0.18856034,0.0,0.015967865,0.19427617,0.0,0.21565771,0.0,0.0,0.8513935,1.0012312,0.0,0.0827856,0.9905426,0.0,0.9730783,0.0,0.8516149
83.32058,83.32058,86.89233,87.5702,85.14791,86.889404,88.39223,83.52369,80.20302,0.0,41.221558,-0.00018742165,-89.10997,45.89772,-22.295908,9.287126,6.349043,270.30392,53.81477,102.60245,22.562958,34.703465,16.942354,0.0,0.0,0.0,0.23704925,0.19125012,0.0,0.02827776,0.22419319,0.0,0.17915097,0.0,0.0,0.8508687,1.0011274,0.0,0.14707486,0.96744484,0.0,0.77531135,0.0,0.85112035
82.57504,82.57504,86.1643,86.7941,84.413284,86.15652,87.63692,82.940575,79.664024,0.0,40.495247,-0.00018389962,-90.706,47.287987,-22.392,13.715831,5.7719216,275.35135,53.55458,102.77861,22.199568,32.916176,16.08493,0.0,0.0,0.0,0.24949281,0.19001436,0.0,0.21666536,0.05433246,0.0,0.05020395,0.0,0.0,0.85035074,1.0007063,0.0,0.8426859,0.29038396,0.0,0.26945084,0.0,0.85063416
81.87823,81.87823,85.427704,86.12976,83.79435,85.49406,86.976585,82.59328,79.38879,0.0,39.75537,-0.00018237374,-87.043015,45.184563,-19.870234,13.350408,4.7043595,265.6426,51.664658,100.061966,22.129059,29.484678,14.243439,0.0,0.0,0.21317491,0.244981,0.21317491,0.0,0.22830981,0.06882075,0.0,0.05521048,0.0,0.8390008,0.84988314,0.8390008,0.0,0.8416419,0.37847784,0.0,0.2978997,0.0,0.8501561
81.19406,81.19406,84.71739,85.5002,83.221146,84.92494,86.4161,81.98814,78.71388,0.0,39.041588,-0.00017929071,-84.5627,42.730907,-20.118767,11.770972,5.740503,255.01323,48.86499,94.7058,20.880007,29.90548,14.765943,0.0,0.0,0.2241516,0.25248078,0.2241516,0.0,0.23995589,0.1804763,0.0,0.04318841,0.0,0.83725184,0.8493931,0.83725184,0.0,0.840282,0.97682136,0.0,0.2339759,0.0,0.8496862
80.535675,80.535675,84.03335,84.80942,82.565994,84.2549,85.73772,81.19507,77.969864,0.0,38.35636,-0.00017773127,-82.0671,42.9402,-19.200542,13.299523,5.030972,251.2924,48.781162,94.16096,20.649113,31.667568,15.122095,0.0,0.0,0.23592092,0.26143423,0.23592092,0.0,0.23621638,0.17801762,0.0,0.07045243,0.0,0.8360221,0.84890646,0.8360221,0.0,0.8404525,0.9778816,0.0,0.375566,0.0,0.84922415
79.84931,79.84931,83.35731,84.13384,81.85483,83.56817,85.05708,80.54969,77.37118,0.0,37.681137,-0.00017510766,-83.07828,42.92579,-20.688295,12.198036,4.265174,253.86076,49.41977,94.57725,20.743565,30.837671,14.697347,0.0,0.0,0.23162304,0.2645779,0.23162304,0.08985943,0.24264577,0.17546494,0.0,0.15941924,0.0,0.8351558,0.8485475,0.8351558,0.36469024,0.8390097,0.9757108,0.0,0.6577594,0.0,0.84876984
79.15326,79.15326,82.67533,83.42482,81.14876,82.866455,84.35611,79.73807,76.52999,0.0,36.99901,-0.00017298313,-84.441734,43.75747,-20.943642,12.057875,4.762247,253.38387,49.67548,95.34229,20.593103,32.160328,15.365579,0.0,0.0,0.23496127,0.26164654,0.23615007,0.15089804,0.25125086,0.17299235,0.0,0.16571747,0.0,0.8339888,0.848003,0.8342749,0.606391,0.83815527,0.9755692,0.0,0.6404683,0.0,0.84832317
78.42229,78.42229,81.98951,82.63332,80.3454,82.05264,83.52685,78.99469,75.741394,0.0,36.31816,-0.00017029743,-88.693474,46.88636,-20.325783,14.735422,5.4470444,268.57367,51.49217,100.18163,21.291492,31.414457,15.246606,0.0,0.0,0.24187239,0.2616744,0.24333432,0.15526412,0.25417873,0.18446957,0.0,0.17214471,0.0,0.83280325,0.84756273,0.83310443,0.60397464,0.83756846,0.8763819,0.0,0.62981826,0.0,0.847884
77.73373,77.73373,81.270294,81.9729,79.67558,81.366295,82.848915,78.229,74.969536,0.0,35.5965,-0.0001675743,-85.82644,45.168343,-19.313904,13.333399,5.5347633,261.2034,51.026924,98.95812,21.608755,32.599533,15.646884,0.0,0.0,0.24815112,0.24790645,0.2495251,0.17907555,0.2514593,0.1588729,0.0039118184,0.16334216,0.0,0.8323749,0.8471662,0.83300483,0.70094895,0.83724767,0.68911827,0.015862688,0.6080209,0.0,0.84745216
76.98344,76.98344,80.563965,81.167336,78.79064,80.549324,82.03474,77.284256,73.8987,0.0,34.89464,-0.00016536852,-89.91333,48.03746,-23.230999,12.840847,7.1248374,274.56418,54.292152,103.02673,21.763376,33.32044,16.787073,0.0,0.0,0.24743138,0.2537926,0.24743564,0.21123487,0.25148824,0.14528567,0.13795415,0.16815996,0.0,0.83214843,0.84672546,0.8329997,0.8199489,0.83680856,0.5610941,0.5821597,0.6080762,0.0,0.84702754
76.29994,76.29994,79.82951,80.478355,78.168106,79.860245,81.340805,76.71506,73.360634,0.0,34.156883,-0.00016313723,-85.159904,46.741413,-19.403315,13.6884985,6.762019,264.74762,52.835365,101.37499,21.851795,32.678154,16.117102,0.0,0.0,0.2474662,0.24224651,0.2474662,0.21879475,0.23830348,0.14032976,0.14773093,0.1661036,0.0,0.8325623,0.8463366,0.8325623,0.8182775,0.8370277,0.5440726,0.59814245,0.57751775,0.0,0.84661
230.6198,165.84833,81.07249,82.865685,112.82652,87.362465,87.621346,105.17651,88.58294,0.0,34.03048,1874.5457,1415.9711,-24.730728,301.12686,84.52347,52.307167,-1597.5363,424.99268,-189.70427,-51.456833,80.12574,-29.19456,1874.5457,0.0,0.0,0.24312761,0.23534946,0.23825778,0.23907344,0.015662495,0.16698545,0.0,0.0,0.0,0.8426239,0.8325925,0.82129073,0.8339109,0.08246634,0.66063523,0.0,0.0,0.8461512
232.6894,168.8723,85.34641,87.1719,116.906235,91.60373,91.77108,109.27166,92.22218,0.0,38.323082,1859.581,1405.0536,-26.2905,300.15222,87.77224,53.250526,-1585.3058,420.65295,-189.0013,-50.09622,80.0384,-27.514929,1859.581,0.0,0.0,0.03156613,0.23554067,0.0,0.054435484,0.01735017,0.21933596,0.15022387,0.0,0.0,0.10978938,0.8183261,0.0,0.1874889,0.09173032,0.81191176,0.6005247,0.0,0.7731861
234.6257,171.7025,89.57863,91.3845,120.224884,95.61338,95.8113,112.52736,96.327484,0.0,42.582825,1845.4708,1392.7212,-25.352797,295.9526,86.69875,51.480713,-1567.1392,418.63214,-184.1495,-48.55976,80.39408,-27.787554,1845.4708,0.0,0.0,0.027003849,0.13680981,0.0,0.013090472,0.22770269,0.0,0.21108592,0.0,0.0,0.09503229,0.52647847,0.0,0.045952473,0.8118152,0.0,0.80781895,0.0,0.70612377
84.03247,84.03247,87.60904,88.20756,85.84049,87.585495,89.05943,84.16514,80.86305,0.0,41.93963,-0.00018890716,-89.5516,48.174114,-22.489887,14.778021,6.1116114,274.30545,54.27303,103.348305,22.039656,35.289055,17.097752,0.0,0.0,0.0,0.24436162,0.23114255,0.0,0.019729987,0.21246193,0.0,0.20051835,0.0,0.0,0.70419914,0.8155272,0.0,0.06880547,0.8073848,0.0,0.79910904,0.0,0.7044207
83.28742,83.28742,86.87296,87.51901,85.11034,86.83877,88.31844,83.413704,79.98631,0.0,41.202564,-0.00018691816,-90.36956,46.821926,-21.562914,13.838331,7.5887127,271.39944,53.92004,103.731926,22.95231,35.530346,17.648365,0.0,0.0,0.0,0.24712783,0.22663932,0.0,0.04825231,0.18134537,0.0,0.15858626,0.0,0.0,0.7037791,0.81978476,0.0,0.16752037,0.73383564,0.0,0.6393496,0.0,0.70400697
82.59476,82.59476,86.14513,86.79142,84.44659,86.13679,87.62221,82.88171,79.51192,0.0,40.473312,-0.00018389898,-87.127075,46.814983,-19.28191,12.839157,6.9430485,267.17868,53.229042,102.799,22.410517,34.012947,16.674381,0.0,0.0,0.0,0.24907903,0.21966884,0.0,0.23668398,0.09164491,0.0,0.06597803,0.0,0.0,0.70336646,0.82043034,0.0,0.6960949,0.3580549,0.0,0.24133587,0.0,0.7035991
81.93911,81.93911,85.43385,86.20806,84.00095,85.701935,87.19074,82.71613,79.42838,0.0,39.755398,-0.00018237374,-81.777626,42.997948,-19.947805,12.217673,5.9229336,246.63348,47.95943,92.329155,19.608753,30.57762,15.067303,0.0,0.0,0.23352993,0.25218365,0.23352993,0.0,0.23954917,0.08902658,0.0,0.073850565,0.0,0.6927656,0.7029571,0.6927656,0.0,0.69577926,0.347713,0.0,0.26728532,0.0,0.703197
81.35555,81.35555,84.775894,85.631836,83.53148,85.194,86.683945,82.31986,79.10063,0.0,39.09269,-0.0001792927,-74.11654,40.399826,-17.4757,12.002979,4.9387355,230.98439,44.879047,86.20001,18.208134,29.624187,14.183648,0.0,0.0,0.23595165,0.27047595,0.23595165,0.0,0.24102464,0.19982244,0.0,0.046236366,0.0,0.6919819,0.7025195,0.6919819,0.0,0.6948645,0.7659588,0.0,0.16414072,0.0,0.7028005
80.75367,80.75367,84.15793,85.06076,82.987686,84.66857,86.153564,82.02232,78.81411,0.0,38.47203,-0.00017825283,-72.37032,38.843258,-18.690746,12.915809,4.7644773,221.699,43.239285,82.22717,17.342615,26.204006,12.933878,0.0,0.0,0.23578164,0.2865505,0.23763868,0.0,0.24403036,0.20820008,0.0,0.12609637,0.0,0.6904242,0.70208967,0.69138706,0.0,0.6943508,0.7952446,0.0,0.4378403,0.0,0.70240957
80.25164,80.25164,83.57006,84.613434,82.68507,84.32313,85.816376,81.9144,78.75477,0.0,37.876324,-0.00017616131,-62.361015,33.819317,-15.735321,11.359764,3.9199338,192.52187,37.15201,70.9411,14.789412,23.203207,11.285847,0.0,0.0,0.23579793,0.29703912,0.23803411,0.0,0.2594171,0.20137462,0.0,0.16406946,0.0,0.68934745,0.7016774,0.68983835,0.0,0.6930837,0.7953704,0.0,0.49931055,0.0,0.70202416
79.78422,79.78422,83.05775,84.176445,82.31238,83.94125,85.43542,81.61823,78.47465,0.0,37.359013,-0.00017405054,-56.538593,30.84523,-15.037647,11.175521,3.6048613,171.80682,33.940956,64.184586,13.334685,21.929228,10.648062,0.0,0.0,0.23760256,0.33775285,0.23874551,0.15561792,0.2626619,0.2040286,0.0,0.1683838,0.0,0.6875659,0.7013591,0.6887723,0.47775102,0.6910815,0.7934302,0.0,0.5064785,0.0,0.7016441
79.37047,79.37047,82.60032,83.82044,82.01516,83.63084,85.138084,81.41558,78.280304,0.0,36.897366,-0.00017298589,-50.33534,26.40287,-13.98472,8.183812,3.4322426,152.44998,29.59393,55.754982,11.649422,20.261843,9.878341,0.0,0.0,0.25484863,0.3749201,0.25484863,0.15993325,0.27494568,0.20057636,0.0,0.16834837,0.0,0.6860239,0.70092756,0.6860239,0.4888044,0.6898401,0.793515,0.0,0.5083058,0.0,0.7012694
79.00313,79.00313,82.194496,83.47386,81.73335,83.3482,84.85507,81.30169,78.17221,0.0,36.487732,-0.00017298594,-44.269825,23.485582,-13.915659,8.280686,3.307231,132.98793,26.020027,47.746323,9.548613,16.967827,8.612979,0.0,0.0,0.25271076,0.418845,0.26176143,0.15678851,0.28363648,0.15581402,0.0,0.16751777,0.0,0.68376726,0.70048755,0.68397194,0.48164704,0.6875301,0.5337143,0.0,0.5037005,0.0,0.70089996
78.68803,78.68803,81.84038,83.15915,81.495255,83.08026,84.589134,81.17012,78.077576,0.0,36.13039,-0.00017083752,-37.292606,21.360548,-11.223769,7.74577,2.386793,114.37904,22.399324,41.38233,7.620008,14.560314,7.175463,0.0,0.0,0.2664705,0.47556967,0.26770642,0.15182656,0.28850576,0.17408523,0.0,0.16335052,0.0,0.68089414,0.69956744,0.6821987,0.4639748,0.6849453,0.58670264,0.0,0.4891566,0.0,0.7005356
78.38365,78.38365,81.53371,82.883865,81.201416,82.79684,84.31089,80.86536,77.77542,0.0,35.82305,-0.00017083756,-36.84764,19.529385,-12.220562,6.1744156,2.3104057,110.194176,21.86454,39.518402,7.7483945,14.822365,7.342298,0.0,0.0,0.26721546,0.5483097,0.27624276,0.16661565,0.31904158,0.13091794,0.0,0.16922835,0.0,0.6787111,0.6988686,0.67972565,0.5198554,0.6816083,0.42502022,0.0,0.5063747,0.0,0.7001764
78.108765,78.108765,81.23898,82.60076,80.95581,82.53593,84.047386,80.69832,77.61639,0.0,35.52696,-0.00016921264,-32.78793,18.813086,-10.728738,6.999271,2.0608988,101.17823,20.316397,36.66417,6.859332,12.837083,6.390742,0.0,0.0,0.27264887,0.5678006,0.27395537,0.21548682,0.33878133,0.13909891,0.08113887,0.17276761,0.0,0.6759322,0.69841415,0.67731124,0.66888314,0.6777251,0.44565096,0.25065532,0.51155555,0.0,0.6998222
77.82353,77.82353,80.96662,82.34126,80.666504,82.26091,83.776474,80.39773,77.30534,0.0,35.25509,-0.00016866808,-35.467358,17.99286,-12.125971,5.649355,2.3823564,104.48821,20.537487,36.895653,7.388074,13.138029,6.7402806,0.0,0.0,0.27247977,0.61574185,0.30956396,0.21511252,0.34954885,0.11362331,0.14740022,0.18049929,0.0,0.67345256,0.6978042,0.67160445,0.6668635,0.67414695,0.36341128,0.46908125,0.5058564,0.0,0.69947284
77.53209,77.53209,80.6844,82.027405,80.34401,81.93669,83.45012,80.003845,76.916534,0.0,34.97433,-0.00016757663,-37.285385,19.959646,-11.965209,6.3822813,2.2310677,113.84165,22.162575,40.39692,7.9325285,14.919936,7.331188,0.0,0.0,0.30662453,0.5967293,0.3071443,0.21387924,0.38894433,0.12629654,0.14538041,0.17491993,0.0,0.6685018,0.69756436,0.66905046,0.6648115,0.6689261,0.4050735,0.46566755,0.492752,0.0,0.69912845
77.199814,77.199814,80.376236,81.67055,79.94909,81.54894,83.060936,79.58366,76.491135,0.0,34.668434,-0.00016536852,-41.715622,22.699577,-12.624501,6.836136,2.3863173,127.25575,25.165712,46.407234,9.212263,15.508489,7.6576257,0.0,0.0,0.32136232,0.5494621,0.33927134,0.22366297,0.39223945,0.12430263,0.14816637,0.19146971,0.0,0.6643538,0.69747126,0.6632989,0.6616916,0.6665104,0.39669055,0.4724909,0.5084877,0.0,0.69878876
76.826126,76.826126,80.03156,81.282486,79.509895,81.12991,82.63806,79.00916,75.880936,0.0,34.326496,-0.0001653685,-46.56536,24.922733,-14.337874,7.9410486,3.2795851,141.93285,28.009525,51.47684,10.439078,18.383667,9.160173,0.0,0.0,0.33728018,0.49383846,0.37011933,0.2225061,0.43988973,0.12666795,0.14682138,0.18899399,0.0,0.66119725,0.6973996,0.6591179,0.65971345,0.66190594,0.40698734,0.47107193,0.50401694,0.0,0.69845384
76.38899,76.38899,79.64577,80.81295,78.95278,80.58122,82.08741,78.325134,75.17461,0.0,33.94512,-0.0001636967,-54.230953,28.795021,-15.004377,8.459473,3.7441015,163.25871,32.664566,61.31923,12.907969,20.768559,10.256409,0.0,0.0,0.3759757,0.444966,0.40271896,0.23177506,0.5268609,0.12682857,0.14248542,0.18824384,0.0,0.6552377,0.6972764,0.6543511,0.6568481,0.6563563,0.40272945,0.45426545,0.48451135,0.0,0.6981236
231.78648,167.55287,80.935524,83.27589,117.22879,89.441,89.58162,110.889275,94.41008,0.0,33.751648,1866.1245,1431.926,-45.01889,314.86047,88.70207,52.0682,-1687.9299,413.8265,-233.13077,-63.580208,72.395,-38.223335,1866.1245,0.0,0.0,0.40322703,0.4794502,0.25236553,0.54953426,0.019260645,0.1881859,0.0,0.0,0.0,0.69411737,0.6462678,0.6546754,0.65331376,0.06831488,0.6129034,0.0,0.0,0.6977784
233.51329,170.07642,85.404144,87.53263,119.811584,93.05183,93.21276,113.416,96.479416,0.0,38.28714,1853.5903,1415.0692,-38.276592,308.84885,87.9962,53.01829,-1645.8451,413.5784,-217.1988,-58.944187,72.740005,-34.754105,1853.5903,0.0,0.0,0.087080516,0.2472154,0.0,0.097138666,0.17155378,0.21657598,0.14097853,0.0,0.0,0.106746435,0.6512917,0.0,0.1692882,0.5894244,0.6507521,0.461151,0.0,0.64000535
84.90166,84.90166,88.35111,89.22082,87.01638,88.74775,90.24492,85.87334,82.59107,0.0,42.66805,-0.00019234659,-77.19138,39.94842,-21.729582,10.552036,5.849374,231.44823,46.553387,87.09986,18.783834,28.706753,14.499315,0.0,0.0,0.0,0.038977254,0.018339058,0.0,0.0,0.25342935,0.0,0.21261528,0.0,0.0,0.06381914,0.06517413,0.0,0.0,0.6477617,0.0,0.6478802,0.0,0.58342665
84.196594,84.196594,87.72041,88.43255,86.18365,87.88247,89.36656,84.87927,81.51936,0.0,42.046143,-0.00018989526,-84.610085,44.884823,-19.815924,13.075579,6.827104,259.7364,49.890385,96.459595,20.541887,30.827991,15.490402,0.0,0.0,0.0,0.29939783,0.23513465,0.0,0.0060594683,0.24965763,0.0,0.2021892,0.0,0.0,0.5826788,0.64459556,0.0,0.013742273,0.6436099,0.0,0.6452976,0.0,0.5829433
83.4629,83.4629,87.018005,87.694916,85.26722,86.97896,88.4576,83.82786,80.49189,0.0,41.34823,-0.00018741722,-87.56976,45.926132,-20.593498,14.01127,6.5389915,273.2193,54.36033,103.90614,23.573511,32.51153,16.060375,0.0,0.0,0.0,0.2707633,0.41935933,0.0,0.031962812,0.24630524,0.0,0.19018209,0.0,0.0,0.58225554,0.6255644,0.0,0.06671781,0.6397424,0.0,0.6119068,0.0,0.58246577
82.60725,82.60725,86.27491,86.7648,84.16061,85.91857,87.40191,82.37251,78.9528,0.0,40.614082,-0.00018440554,-97.579735,51.149208,-23.192432,13.208789,7.505408,298.5275,60.03245,114.81015,25.599304,36.55209,18.116598,0.0,0.0,0.0,0.258936,0.5401001,0.0,0.29163155,0.2529886,0.0,0.101994134,0.0,0.0,0.581804,0.61796474,0.0,0.5744828,0.5968154,0.0,0.31471592,0.0,0.58199394
81.81767,81.81767,85.47472,85.94202,83.398,85.14878,86.61185,81.54386,78.09543,0.0,39.811935,-0.00018135083,-96.672966,51.749474,-22.805157,16.433407,7.8130536,293.1727,59.445038,113.80379,25.084898,37.27509,18.471537,0.0,0.0,0.275401,0.23990639,0.28842154,0.0,0.26374996,0.17949931,0.0,0.070411064,0.0,0.5441209,0.5813687,0.57109517,0.0,0.5748541,0.24955474,0.0,0.18580545,0.0,0.58152777
80.95803,80.95803,84.678734,84.99312,82.35163,84.16217,85.61282,80.4081,77.01488,0.0,39.024174,-0.0001792926,-102.00462,55.667263,-25.87507,18.163214,7.2115197,315.20074,63.416122,119.99308,25.8693,38.234985,18.845898,0.0,0.0,0.26084414,0.24313551,0.26084414,0.0,0.25280416,0.23705103,0.0,0.107306495,0.0,0.57178754,0.5809024,0.57178754,0.0,0.5753329,0.50823337,0.0,0.23129371,0.0,0.5810672
80.08083,80.08083,83.8282,84.12205,81.42341,83.21083,84.664345,79.44933,76.006134,0.0,38.177227,-0.00017616068,-104.167786,56.17543,-24.726082,17.77741,7.757797,324.4199,64.46488,123.15823,27.042484,38.5582,19.071583,0.0,0.0,0.24945742,0.22842291,0.24978003,0.0,0.23388757,0.31087732,0.0,0.25789106,0.0,0.571801,0.58046955,0.57214147,0.0,0.5750168,0.6173832,0.0,0.51882726,0.0,0.5806121
79.180374,79.180374,82.9551,83.176796,80.48745,82.29728,83.761154,78.43569,74.95677,0.0,37.305504,-0.00017244945,-106.349236,57.93134,-25.840319,16.31423,8.128814,327.88974,65.185974,124.40926,26.41049,39.37021,19.59663,0.0,0.0,0.23130926,0.22259516,0.2314748,0.20191285,0.23395543,0.39932802,0.0,0.24694423,0.0,0.5722959,0.58002794,0.5723485,0.40585965,0.5749915,0.6051606,0.0,0.51969135,0.0,0.58016247
78.37474,78.37474,82.081406,82.46431,79.9324,81.67373,83.12482,78.30216,75.03138,0.0,36.424458,-0.00017083753,-100.84953,53.941685,-22.286747,18.104012,5.6928015,308.9441,59.939095,116.49229,25.232363,34.77281,16.75091,0.0,0.0,0.23442748,0.22021979,0.22920498,0.18018599,0.22125399,0.2838745,0.0,0.17848772,0.0,0.57171255,0.57958657,0.5726667,0.40725285,0.57510865,0.5761512,0.0,0.40920317,0.0,0.5797182
77.54946,77.54946,81.25081,81.67968,79.08288,80.85204,82.31231,77.192154,73.820496,0.0,35.594322,-0.00016702511,-100.40922,52.757202,-23.785578,16.836058,6.9648337,310.168,60.46349,116.20154,25.669006,37.670372,18.383724,0.0,0.0,0.22024913,0.23100962,0.21895914,0.17814451,0.21698886,0.18470858,0.0032782154,0.16887915,0.0,0.57184356,0.5791311,0.5724642,0.43088484,0.5747078,0.39547038,0.0063125715,0.4231673,0.0,0.5792792
76.7392,76.7392,80.4207,80.948364,78.36353,80.09168,81.559326,76.6953,73.32062,0.0,34.760895,-0.00016481231,-98.75087,50.131657,-21.54664,15.754149,6.9998264,301.3039,58.475815,113.90631,26.004084,35.208103,17.305426,0.0,0.0,0.21463577,0.22983357,0.21461439,0.23925601,0.21532865,0.15819217,0.1899128,0.16631766,0.0,0.5716282,0.57869834,0.5719405,0.5617998,0.57441866,0.3660671,0.39829788,0.4107249,0.0,0.5788454
75.96777,75.96777,79.611885,80.03895,77.50888,79.24588,80.71553,75.6316,72.17444,0.0,33.951286,-0.0001620119,-95.55948,52.80424,-22.046238,15.449119,7.9045415,299.16202,60.297573,115.12825,24.977665,37.52554,18.544115,0.0,0.0,0.21215492,0.23510997,0.21249454,0.22615632,0.2252317,0.14920166,0.17607176,0.15340555,0.0,0.5709242,0.5782613,0.5713441,0.5628299,0.5730336,0.37437603,0.4080187,0.40355325,0.0,0.5784167
231.01884,166.4313,82.542496,84.279396,113.506836,88.454185,88.64664,105.560455,89.05036,0.0,35.53554,1871.6696,1408.2308,-21.787771,298.63953,86.891556,52.132862,-1574.5232,424.59415,-181.41948,-48.019257,81.7872,-27.45109,1871.6696,0.0,0.0,0.028661456,0.2098879,0.09722014,0.2201228,0.00035557977,0.2239905,0.0,0.0,0.0,0.07092538,0.56854206,0.25631332,0.5621946,0.0008078056,0.5376154,0.0,0.0,0.5636677
233.1373,169.52689,86.772255,88.600685,117.952065,92.950356,93.13603,110.867676,94.411064,0.0,39.766308,1856.3267,1398.2809,-26.429111,298.3303,87.13025,52.02094,-1573.853,419.03494,-187.28679,-49.531948,76.87049,-29.842255,1856.3267,0.0,0.0,0.027413758,0.20924054,0.0,0.017471608,0.22857843,0.2083429,0.18894424,0.0,0.0,0.07161061,0.56293756,0.0,0.047652204,0.55345595,0.5642359,0.46404102,0.0,0.51095366
84.543106,84.543106,88.10533,88.75474,86.43518,88.155045,89.63365,84.99535,81.76723,0.0,42.435146,-0.00019087901,-88.23157,46.72533,-21.070162,14.017641,5.075575,272.03073,52.254414,100.67733,21.556448,32.517242,15.605456,0.0,0.0,0.0,0.25044778,0.21011819,0.0,0.014311232,0.20581315,0.0,0.2198504,0.0,0.0,0.48059535,0.5589323,0.0,0.039055273,0.56163275,0.0,0.5548576,0.0,0.48069873
83.84181,83.84181,87.37688,88.04266,85.72211,87.45768,88.949814,84.25622,81.04995,0.0,41.704197,-0.00018841197,-85.68414,46.250774,-21.966291,11.578906,4.733115,264.583,52.54124,99.52547,21.04166,32.83371,15.697607,0.0,0.0,0.0,0.25819746,0.21555924,0.0,0.018407702,0.20905729,0.0,0.21704102,0.0,0.0,0.48016855,0.5628261,0.0,0.050240126,0.555785,0.0,0.5398708,0.0,0.48032674
83.16428,83.16428,86.66987,87.46555,85.13308,86.85914,88.34891,83.73764,80.45374,0.0,40.99326,-0.00018641962,-82.8431,42.328434,-21.427395,12.036465,5.8713264,252.47914,50.352207,95.41387,21.47624,31.972065,15.686838,0.0,0.0,0.0,0.26404852,0.21418992,0.0,0.11548909,0.22448069,0.0,0.18266174,0.0,0.0,0.47979143,0.56212723,0.0,0.3119596,0.5484647,0.0,0.4267693,0.0,0.47995847
82.50645,82.50645,85.993454,86.77257,84.51739,86.242966,87.734055,83.19562,79.9613,0.0,40.314842,-0.00018440557,-81.009705,42.845623,-21.399784,11.783089,5.169039,246.14056,49.2806,93.06372,20.019682,31.049278,15.106029,0.0,0.0,0.0,0.274559,0.2194076,0.0,0.25282568,0.07861297,0.0,0.054340027,0.0,0.0,0.4794107,0.56169045,0.0,0.47450113,0.20675467,0.0,0.15113404,0.0,0.4795939
81.83479,81.83479,85.33049,86.0667,83.790886,85.52992,87.03031,82.35839,79.1326,0.0,39.653458,-0.00018135333,-81.87151,44.16097,-22.159899,9.850287,5.0399213,251.16125,50.67134,95.020775,19.978964,32.427746,15.649523,0.0,0.0,0.24715939,0.2803277,0.2505234,0.0,0.25855717,0.07853948,0.0,0.0639672,0.0,0.4713639,0.4790404,0.47207212,0.0,0.47399786,0.21084689,0.0,0.17820491,0.0,0.47923294
81.13118,81.13118,84.65438,85.38153,83.131836,84.8279,86.312416,81.95547,78.68017,0.0,38.978584,-0.00017929074,-84.549835,44.43461,-19.646595,13.000074,5.7547817,255.03891,49.544056,96.02008,20.600492,29.15571,14.455079,0.0,0.0,0.2518329,0.27512357,0.25487784,0.0,0.26885083,0.19822499,0.0,0.05312833,0.0,0.47037414,0.47869074,0.47115624,0.0,0.47338837,0.54854035,0.0,0.14796138,0.0,0.47887558
80.46806,80.46806,83.96984,84.73802,82.5243,84.2133,85.69372,81.22618,77.93622,0.0,38.293293,-0.00017616338,-82.47023,43.184006,-19.206652,13.713006,5.9523735,252.67761,48.10649,93.30229,20.130873,30.748075,15.084138,0.0,0.0,0.25870955,0.2711615,0.2632831,0.0,0.27450234,0.20325373,0.0,0.11448514,0.0,0.46962917,0.47834262,0.4703012,0.0,0.47289443,0.5479733,0.0,0.25576648,0.0,0.4785218
79.770966,79.770966,83.28865,83.984024,81.723236,83.43922,84.91395,80.343346,77.04577,0.0,37.61434,-0.00017457874,-84.01952,45.382793,-20.84342,14.651347,6.0528083,259.62454,50.766853,96.89798,20.6186,31.779213,15.631562,0.0,0.0,0.26695406,0.27302492,0.27043414,0.13880116,0.2694102,0.20099436,0.0,0.19509067,0.0,0.468924,0.47798914,0.46983021,0.27466255,0.47266293,0.5469337,0.0,0.38801166,0.0,0.4781715
79.05361,79.05361,82.59008,83.27275,81.053246,82.74119,84.226074,79.65208,76.323746,0.0,36.91673,-0.00017352238,-85.81662,45.75687,-19.139887,12.934364,6.444708,262.55917,49.570034,96.87737,20.1762,32.042915,15.742384,0.0,0.0,0.26814657,0.2663517,0.26709086,0.17661142,0.26553404,0.19895497,0.0,0.17981254,0.0,0.46872738,0.477652,0.4699385,0.3425729,0.47240546,0.54730487,0.0,0.33469212,0.0,0.4778247
78.31186,78.31186,81.882965,82.529205,80.242134,81.967224,83.43737,78.93804,75.690994,0.0,36.211227,-0.00017029731,-89.0515,46.816612,-21.371775,15.3723135,5.3569236,267.40805,51.314613,99.39657,21.022947,30.824371,15.080107,0.0,0.0,0.26353702,0.26344696,0.26312694,0.1830578,0.26736176,0.20687719,0.0,0.18401563,0.0,0.4688857,0.47731256,0.46986592,0.34657994,0.4720143,0.4605436,0.0,0.32873482,0.0,0.4774813
77.60686,77.60686,81.16121,81.708755,79.4501,81.146484,82.62276,77.760254,74.36563,0.0,35.4927,-0.00016702514,-87.49924,49.589035,-19.666008,14.402046,7.227482,276.9243,53.4349,103.0299,20.915213,35.45371,17.347012,0.0,0.0,0.26394624,0.2589869,0.26494014,0.21734513,0.26083082,0.16752814,0.01753489,0.19531618,0.0,0.46892262,0.47697875,0.4694594,0.4099446,0.47182727,0.34213287,0.034983918,0.3413816,0.0,0.47714132
76.80222,76.80222,80.41474,80.95521,78.56687,80.29177,81.75933,76.94241,73.60583,0.0,34.748596,-0.00016425854,-92.790474,49.78266,-21.360706,15.767167,6.5465736,283.74277,55.289783,106.8821,22.87196,34.70614,16.940441,0.0,0.0,0.25868997,0.2509679,0.2584691,0.2549743,0.25786594,0.15722422,0.1722378,0.18339974,0.0,0.46917307,0.47665316,0.46933565,0.45898414,0.4711751,0.29792193,0.33619905,0.32655457,0.0,0.4768047
76.04028,76.04028,79.65105,80.19095,77.74476,79.4633,80.94637,75.975555,72.58481,0.0,33.986176,-0.00016144669,-92.63534,49.79838,-20.993134,13.254773,7.1836214,287.3254,56.67485,109.13205,23.694695,36.343113,17.756868,0.0,0.0,0.2555342,0.24545234,0.2555342,0.25235242,0.25362545,0.16040213,0.17973022,0.18479173,0.0,0.4687151,0.47632712,0.4687151,0.45965755,0.47132224,0.29014096,0.34344456,0.3335901,0.0,0.47647142
231.1114,166.56653,82.29749,84.08434,113.91252,88.60152,88.74301,106.05254,89.769325,0.0,35.265263,1871.0018,1411.5531,-24.414076,300.20355,88.67167,51.6566,-1591.1417,423.48508,-190.00613,-50.617165,81.30582,-29.050922,1871.0018,0.0,0.0,0.031240478,0.2533734,0.2182875,0.2549373,0.018559597,0.2488841,0.0,0.0,0.0,0.06107391,0.46648034,0.40167242,0.46034345,0.051034383,0.4535021,0.0,0.0,0.46756643
233.22887,169.6607,86.55265,88.33593,117.75875,92.758804,92.95374,110.1007,94.167564,0.0,39.540688,1855.6606,1401.388,-24.234272,298.31964,86.80382,50.91429,-1577.8282,420.38818,-187.89531,-50.259865,80.17123,-29.70319,1855.6606,0.0,0.0,0.032741897,0.2524905,0.0,0.02216512,0.23603028,0.25257608,0.2258711,0.0,0.0,0.061424468,0.4581066,0.0,0.040878393,0.45051873,0.45875406,0.42290428,0.0,0.4233815
84.55234,84.55234,88.144745,88.76041,86.34573,88.09532,89.56964,84.70407,81.42896,0.0,42.475616,-0.00018989581,-90.99071,47.69013,-22.740425,14.716359,5.7522645,275.1342,54.6177,104.278,22.78394,34.904068,16.855516,0.0,0.0,0.0,0.2538151,0.2506069,0.0,0.012873102,0.25094888,0.0,0.2455687,0.0,0.0,0.3962878,0.4533993,0.0,0.023206543,0.45776457,0.0,0.45221797,0.0,0.3963755
83.846375,83.846375,87.40805,88.06288,85.73248,87.448296,88.93526,84.32249,80.87415,0.0,41.736324,-0.0001879152,-88.180695,46.568455,-20.833702,12.5584,7.812405,267.4608,52.399815,101.02591,21.6741,32.15173,16.45078,0.0,0.0,0.0,0.2556057,0.24465464,0.0,0.02249984,0.24879377,0.0,0.24281299,0.0,0.0,0.39594254,0.46182007,0.0,0.04136724,0.45304757,0.0,0.4480331,0.0,0.3960701
83.17726,83.17726,86.69329,87.394295,85.18336,86.879295,88.362595,83.84405,80.56517,0.0,41.017654,-0.0001864174,-83.85851,45.21589,-19.638792,13.215364,5.803621,255.53824,49.40494,95.53977,19.888445,31.27107,15.260236,0.0,0.0,0.0,0.26156813,0.23706888,0.0,0.07297925,0.22388063,0.0,0.17960027,0.0,0.0,0.39563242,0.4619895,0.0,0.13512458,0.43949285,0.0,0.34289044,0.0,0.39576724
82.542435,82.542435,86.011856,86.85203,84.61569,86.331535,87.812164,83.481064,80.2423,0.0,40.33102,-0.00018440501,-79.24157,40.91209,-20.835302,13.676525,5.2351604,238.88452,47.65884,90.26139,20.045698,28.592503,14.162773,0.0,0.0,0.0,0.2717378,0.23175977,0.0,0.2512112,0.10512264,0.0,0.06718995,0.0,0.0,0.3953194,0.46215117,0.0,0.39130768,0.21168038,0.0,0.123865195,0.0,0.39546695
81.99873,81.99873,85.37784,86.33724,84.301575,85.97238,87.470314,83.3299,80.1154,0.0,39.689133,-0.00018135333,-69.56468,36.891254,-18.03277,10.390072,4.864412,211.64037,41.225365,78.4783,16.448484,26.296251,12.947529,0.0,0.0,0.24856354,0.28780422,0.24932249,0.0,0.25707296,0.10833869,0.0,0.07681922,0.0,0.38894063,0.3950006,0.38931572,0.0,0.3908914,0.21318239,0.0,0.14245313,0.0,0.39516914
81.46717,81.46717,84.81284,85.835526,83.88342,85.542114,87.032455,83.074196,79.92492,0.0,39.120453,-0.00018135643,-65.679214,34.59775,-17.21332,11.927262,3.7192142,197.78937,37.709145,72.11517,14.938329,23.82294,11.581222,0.0,0.0,0.24787392,0.31981307,0.25153357,0.0,0.26706943,0.18160948,0.0,0.057853077,0.0,0.3874165,0.3946598,0.38801205,0.0,0.39039573,0.3408873,0.0,0.107869126,0.0,0.39487383
81.011665,81.011665,84.2874,85.42541,83.532684,85.15606,86.65991,82.861984,79.68488,0.0,38.58899,-0.00017929015,-56.836323,30.04316,-14.606888,9.040977,4.2401586,173.19289,34.19211,64.983696,13.985711,21.526138,10.677452,0.0,0.0,0.25323614,0.33935952,0.25323614,0.0,0.26943055,0.23752734,0.0,0.0653474,0.0,0.3868448,0.3943365,0.3868448,0.0,0.38859904,0.4442156,0.0,0.12199011,0.0,0.394581
80.586205,80.586205,83.8259,85.012505,83.19575,84.8309,86.336525,82.60513,79.46949,0.0,38.123615,-0.00017773127,-51.787567,27.937172,-15.517082,8.602535,3.4400039,155.69165,30.959665,57.293407,11.453734,20.097822,9.952614,0.0,0.0,0.2630892,0.38209617,0.2630892,0.0,0.28074363,0.23318326,0.0,0.17722282,0.0,0.38619792,0.39397326,0.38619792,0.0,0.38755396,0.4439911,0.0,0.28203857,0.0,0.3942906
80.20935,80.20935,83.41071,84.64492,82.91036,84.513855,86.01443,82.45363,79.33205,0.0,37.70527,-0.00017668816,-45.91113,25.734962,-12.948132,9.808533,3.1299858,139.99098,27.28542,51.162716,9.963874,17.493095,8.657708,0.0,0.0,0.26457468,0.42069572,0.2706415,0.13447559,0.31197593,0.23035237,0.0,0.17984025,0.0,0.38433477,0.39361197,0.38470158,0.21465904,0.3863941,0.4436829,0.0,0.2835777,0.0,0.3940026
79.870735,79.870735,83.037796,84.34258,82.63985,84.235435,85.744606,82.26976,79.15713,0.0,37.329113,-0.00017457806,-40.04413,22.134363,-12.235711,7.66015,2.9182358,122.20584,24.249338,44.598907,8.770113,15.614797,7.83036,0.0,0.0,0.2765909,0.46376595,0.2765909,0.16699962,0.3181088,0.22745419,0.0,0.18019633,0.0,0.38317433,0.39345255,0.38317433,0.26493683,0.38463748,0.44291893,0.0,0.27945676,0.0,0.39371702
79.56064,79.56064,82.71121,84.05367,82.3707,83.9616,85.47315,82.064606,78.96764,0.0,37.000744,-0.0001740478,-36.947327,19.991413,-11.796926,6.9695597,2.5119994,111.402565,22.256964,40.549103,8.068425,14.093255,7.096533,0.0,0.0,0.2887173,0.525663,0.30737782,0.16594853,0.32860172,0.21549708,0.0,0.17909913,0.0,0.3812139,0.3929483,0.38154477,0.26493362,0.38299057,0.42389512,0.0,0.27613902,0.0,0.39343378
79.26261,79.26261,82.41209,83.7649,82.08506,83.67115,85.18264,81.770775,78.68573,0.0,36.701405,-0.00017298589,-36.73321,19.36779,-11.331049,6.9886417,2.1607451,110.01604,21.6237,39.8499,8.140584,14.295808,7.0186853,0.0,0.0,0.30512545,0.5730222,0.30512545,0.16716412,0.36981574,0.21208279,0.0,0.1847365,0.0,0.37916937,0.39268184,0.37916937,0.26075643,0.38102156,0.42354697,0.0,0.27884477,0.0,0.39315292
78.96773,78.96773,82.11611,83.45716,81.75988,83.3607,84.87656,81.427284,78.35039,0.0,36.40579,-0.00017191355,-36.519207,20.075384,-12.710871,5.5433598,1.8893851,112.307526,23.14617,41.010952,8.071933,14.739781,7.2437696,0.0,0.0,0.31803796,0.57952183,0.3238024,0.16657014,0.36808252,0.12908302,0.0,0.19388327,0.0,0.37764472,0.392378,0.37792915,0.2603942,0.3791937,0.2309145,0.0,0.2876159,0.0,0.39287436
78.65859,78.65859,81.81374,83.14286,81.45939,83.05332,84.56839,81.09922,78.01096,0.0,36.104015,-0.0001708397,-37.829918,20.772205,-12.082614,5.826303,2.260075,115.97779,22.720407,41.406384,7.8126445,15.387375,7.5251455,0.0,0.0,0.32145247,0.5681722,0.3302385,0.21351586,0.40424427,0.16661559,0.0,0.20294294,0.0,0.37545088,0.39214382,0.37559134,0.32990304,0.3762615,0.2746847,0.0,0.2968717,0.0,0.39259812
78.31369,78.31369,81.49877,82.77129,81.01399,82.62429,84.134315,80.56624,77.46643,0.0,35.79238,-0.00016975503,-43.210308,23.837925,-13.535052,7.4189487,2.589639,135.01952,27.315727,49.675423,10.187316,17.306568,8.472368,0.0,0.0,0.3618205,0.55106366,0.3618205,0.24358854,0.4454062,0.16294138,0.0,0.20507619,0.0,0.3725898,0.391931,0.3725898,0.37175506,0.37408963,0.26906064,0.0,0.2866255,0.0,0.39232415
77.90131,77.90131,81.132324,82.35162,80.53226,82.15391,83.66236,79.99032,76.841774,0.0,35.42958,-0.00016866732,-50.506767,26.441301,-14.469414,7.8600883,3.7047157,153.49039,30.134615,56.2975,11.858249,19.185694,9.612177,0.0,0.0,0.37158057,0.4779555,0.3984518,0.24902537,0.5047353,0.14248538,0.15241338,0.21370211,0.0,0.37045497,0.3917741,0.3701529,0.37003675,0.3708773,0.23080616,0.24460056,0.28364295,0.0,0.39205244
77.44807,77.44807,80.71536,81.845604,79.99303,81.62758,83.13529,79.276505,76.11621,0.0,35.01715,-0.0001670252,-55.689137,30.36797,-15.472116,8.059729,3.9324925,174.06892,33.344326,62.614594,12.476402,22.308136,10.93253,0.0,0.0,0.40397987,0.42410967,0.43906567,0.25396696,0.5510998,0.15037481,0.1596651,0.21243119,0.0,0.3679862,0.3913836,0.36740312,0.36849567,0.36956197,0.23770918,0.2569183,0.2654501,0.0,0.39178297
76.889305,76.889305,80.24033,81.2329,79.24941,80.91648,82.41197,78.19991,75.02003,0.0,34.549427,-0.00016592463,-66.31533,35.7049,-17.7831,10.904225,4.2893276,203.4601,39.48297,74.679344,15.373363,27.413351,13.160821,0.0,0.0,0.49761978,0.37772676,0.4992474,0.27714047,0.5504798,0.15517904,0.16236871,0.22973226,0.0,0.36337367,0.39120373,0.36509007,0.36593494,0.37186342,0.23878281,0.25600946,0.26908103,0.0,0.3915157
76.25642,76.25642,79.6854,80.551056,78.42277,80.09618,81.590294,77.22723,73.95292,0.0,34.002724,-0.00016369746,-75.04075,40.081757,-18.204868,11.185665,5.741189,232.7595,45.144615,86.508125,18.474619,29.411327,14.432912,0.0,0.0,0.545219,0.3277615,0.5528718,0.29130888,0.52909476,0.15148267,0.18422796,0.26537776,0.0,0.3627296,0.39102137,0.3643917,0.36394274,0.3752525,0.23051517,0.2929368,0.2730905,0.0,0.39125067
231.05994,166.49135,81.66233,83.58964,114.36986,88.519264,88.7183,107.090904,90.64917,0.0,34.590405,1871.3732,1416.4338,-30.763195,303.44803,86.65961,51.989742,-1616.9575,421.2942,-201.57416,-54.58311,78.00331,-31.586359,1871.3732,0.0,0.0,0.37914932,0.5456896,0.43184012,0.50684804,0.022172919,0.24266401,0.0,0.0,0.0,0.34780335,0.36329427,0.35802504,0.3614805,0.041027512,0.36276367,0.0,0.0,0.39011747
232.81961,169.06258,85.948494,87.72747,117.45225,92.26166,92.43904,109.74518,92.90633,0.0,38.935192,1858.6357,1401.4408,-24.016838,299.47543,87.42121,52.816532,-1578.7065,419.18204,-190.20218,-51.076637,80.44794,-27.589968,1858.6357,0.0,0.0,0.060412105,0.3487601,0.0,0.05033069,0.22439846,0.29287136,0.2353448,0.0,0.0,0.05280857,0.35701835,0.0,0.03330931,0.3607362,0.35952172,0.36101225,0.0,0.3527075
84.503494,84.503494,88.2369,88.59696,85.97509,87.71493,89.17109,83.92336,80.47882,0.0,42.58345,-0.00019038821,-103.04034,54.52214,-22.204216,17.41305,7.7720246,318.0793,61.78391,120.164825,26.565397,39.36981,19.19408,0.0,0.0,0.0,0.139193,0.08580518,0.0,0.0014556784,0.37350148,0.0,0.2814993,0.0,0.0,0.15618102,0.12486068,0.0,0.0013420817,0.3534508,0.0,0.35765937,0.0,0.32564494
83.56219,83.56219,87.37684,87.68084,84.80698,86.60832,88.058784,82.7551,79.41818,0.0,41.728764,-0.0001874172,-109.46465,55.924664,-25.423532,18.187841,6.5506377,331.718,66.435165,127.77841,29.399715,39.37141,19.014576,0.0,0.0,0.0,0.23256673,0.53341085,0.0,0.039350662,0.34969875,0.0,0.25547832,0.0,0.0,0.32527336,0.3519777,0.0,0.029710272,0.35280418,0.0,0.35679317,0.0,0.3253519
82.603096,82.603096,86.47492,86.56057,83.65976,85.39675,86.82871,81.42165,77.72825,0.0,40.837433,-0.00018440564,-113.80016,61.124382,-22.046217,20.531103,10.110756,357.22922,70.09206,136.82585,30.888597,41.262417,20.818224,0.0,0.0,0.0,0.2245412,0.40180904,0.0,0.20066369,0.30316284,0.0,0.1606449,0.0,0.0,0.32498878,0.367865,0.0,0.25812632,0.30876327,0.0,0.21530567,0.0,0.32506093
81.5403,81.5403,85.51016,85.51288,82.423096,84.31241,85.77771,79.917274,76.41845,0.0,39.877552,-0.00018083821,-120.92303,63.00255,-29.501371,16.104082,8.32976,368.49893,73.33281,140.18584,30.932644,43.858032,21.623226,0.0,0.0,0.16231982,0.21135966,0.22141568,0.0,0.22414154,0.19427267,0.0,0.13757442,0.0,0.20099473,0.32470986,0.29315245,0.0,0.32270476,0.15249975,0.0,0.112530105,0.0,0.32477206
80.629166,80.629166,84.525604,84.68432,81.69087,83.52758,84.9817,79.20704,75.707985,0.0,38.88739,-0.00017721174,-115.62358,59.42767,-27.125143,17.694202,8.331763,355.53452,69.99605,134.53401,30.498251,43.64979,21.360395,0.0,0.0,0.22287811,0.20595461,0.2219753,0.0,0.2103384,0.3617183,0.0,0.14925644,0.0,0.3211981,0.32442686,0.32147688,0.0,0.3228475,0.34371907,0.0,0.09987853,0.0,0.32448524
79.6663,79.6663,83.56688,83.62798,80.683105,82.485344,83.929085,78.12731,74.68739,0.0,37.932064,-0.0001740478,-115.927925,61.685192,-25.467588,19.06881,7.722997,363.44055,70.845955,136.92114,30.448336,44.328114,21.28344,0.0,0.0,0.2098516,0.21161765,0.20839289,0.0,0.20463407,0.39669475,0.0,0.16397475,0.0,0.321326,0.3241378,0.32158214,0.0,0.3225687,0.3492873,0.0,0.22926569,0.0,0.32420048
78.60961,78.60961,82.587364,82.59057,79.62551,81.42418,82.85068,77.21095,73.73953,0.0,36.955494,-0.00017083761,-121.48053,62.991768,-25.290588,21.181437,8.052145,370.1679,70.863144,139.22154,30.99523,42.98815,20.876465,0.0,0.0,0.2034546,0.20768102,0.2030673,0.16539194,0.20899819,0.37180978,0.0,0.16043986,0.0,0.32118273,0.3238578,0.3213829,0.23348486,0.32217675,0.3520519,0.0,0.233909,0.0,0.32391775
77.707664,77.707664,81.6049,81.84696,78.87886,80.76052,82.231834,76.54965,73.16969,0.0,35.960846,-0.00016757361,-115.68208,57.44029,-29.16589,15.191794,7.060715,341.6019,67.885635,130.04446,29.303686,42.160812,20.534315,0.0,0.0,0.2078906,0.20441656,0.20865127,0.16887987,0.20618616,0.21070449,0.0,0.14862819,0.0,0.3208504,0.32357928,0.3210105,0.24175487,0.32202095,0.23924613,0.0,0.23010181,0.0,0.323637
76.898186,76.898186,80.68898,80.97001,78.10548,79.8858,81.352875,75.7264,72.13904,0.0,35.042957,-0.00016536846,-107.612274,56.490772,-24.364223,15.839765,9.176452,336.78378,67.177536,128.81807,29.33158,42.645893,21.100462,0.0,0.0,0.20495117,0.217697,0.20483051,0.18536922,0.20288683,0.15933885,0.16542757,0.14929304,0.0,0.32063684,0.3232906,0.3207419,0.25282368,0.32179555,0.21934234,0.2318924,0.23716733,0.0,0.32335827
76.04389,76.04389,79.78926,80.19235,77.51474,79.25556,80.738365,75.67494,72.26431,0.0,34.138012,-0.00016201175,-104.00748,53.424374,-22.258785,13.301236,7.4057646,323.72842,61.799683,120.53613,26.986996,37.119064,18.220448,0.0,0.0,0.20163046,0.21994546,0.20163046,0.20445468,0.21128924,0.14643905,0.16034275,0.14349279,0.0,0.32047102,0.32301193,0.32047102,0.316401,0.3210124,0.21570425,0.23341954,0.22180694,0.0,0.32308152
230.54013,165.73195,81.766365,83.42394,112.697624,87.44104,87.55845,104.451195,88.13196,0.0,34.77827,1875.1193,1408.9022,-16.939991,299.8747,89.50248,51.732456,-1562.0181,425.0439,-176.06055,-45.85521,83.44049,-27.72168,1875.1193,0.0,0.0,0.1324544,0.20055617,0.20181732,0.20358057,0.036514215,0.15895824,0.0,0.0,0.0,0.19799319,0.31906784,0.3183636,0.31815928,0.029567689,0.23225439,0.0,0.0,0.32047674
232.65126,168.81654,85.9642,87.70378,116.63291,91.89318,92.113335,109.200516,92.55673,0.0,38.975437,1859.858,1399.1405,-21.935692,296.7357,85.9109,52.41177,-1562.4655,421.5504,-181.80524,-48.40384,78.88685,-27.643755,1859.858,0.0,0.0,0.025941852,0.2015803,0.0,0.016874915,0.21877673,0.20483966,0.15489928,0.0,0.0,0.038444843,0.31653562,0.0,0.026893487,0.31023195,0.31502956,0.22942701,0.0,0.29007548
84.65122,84.65122,88.243355,88.77276,86.43249,88.14599,89.62234,84.93418,81.62124,0.0,42.576885,-0.00019137142,-90.965775,50.084423,-20.69731,14.389261,6.2513356,282.81412,54.902138,105.98186,22.080347,33.22381,16.23024,0.0,0.0,0.0,0.11663295,0.19623041,0.0,0.005915569,0.20051564,0.0,0.20274308,0.0,0.0,0.13291112,0.31367424,0.0,0.009359327,0.31513765,0.0,0.31314492,0.0,0.26811832
83.904495,83.904495,87.485886,88.116295,85.723274,87.460625,88.94103,84.01684,80.693565,0.0,41.81696,-0.00018791463,-89.99198,47.270535,-22.06568,13.713866,6.3816476,275.7252,54.018158,103.41029,22.51581,35.641136,17.28837,0.0,0.0,0.0,0.25416806,0.19944865,0.0,0.016987018,0.1965768,0.0,0.18899743,0.0,0.0,0.26780596,0.3153462,0.0,0.02688106,0.3133206,0.0,0.27773798,0.0,0.26788765
83.17017,83.17017,86.74328,87.33076,84.98455,86.68604,88.171524,83.46589,80.19889,0.0,41.076084,-0.00018591604,-89.2348,48.48368,-19.978945,12.828185,5.6404386,280.72046,54.12257,104.557335,22.235626,33.466694,16.06076,0.0,0.0,0.0,0.25940096,0.20944397,0.0,0.060508516,0.2076669,0.0,0.16687179,0.0,0.0,0.26757252,0.31459007,0.0,0.09657232,0.30911437,0.0,0.24609622,0.0,0.2676584
82.439,82.439,85.99357,86.71608,84.31563,86.051254,87.52885,82.82253,79.59504,0.0,40.32178,-0.00018440501,-87.519684,44.574047,-21.969599,14.185769,5.0658865,267.27298,52.630333,100.38288,22.723148,33.161354,15.920143,0.0,0.0,0.0,0.25531545,0.21161415,0.0,0.2512087,0.08071291,0.0,0.05112754,0.0,0.0,0.26734772,0.31422892,0.0,0.26468757,0.118640915,0.0,0.08095413,0.0,0.2674305
81.71805,81.71805,85.27702,85.99553,83.70837,85.46811,86.96609,82.30641,78.95243,0.0,39.603615,-0.00018135148,-87.93023,44.69421,-23.287687,10.379808,6.7568893,262.37427,49.80745,95.34388,19.844822,32.052555,16.189545,0.0,0.0,0.24992843,0.26584622,0.24992843,0.0,0.25638217,0.09853432,0.0,0.05042391,0.0,0.26333854,0.2671128,0.26333854,0.0,0.2643915,0.13766377,0.0,0.0803651,0.0,0.267204
81.056885,81.056885,84.573654,85.28956,83.011665,84.75502,86.246346,81.70256,78.4439,0.0,38.898613,-0.00017929074,-83.93029,44.772182,-22.398928,11.736949,5.5233803,257.37082,50.70423,95.718544,20.109755,30.888271,15.245995,0.0,0.0,0.25507703,0.2698207,0.25507703,0.0,0.2523469,0.19519961,0.0,0.03453514,0.0,0.2630163,0.2668843,0.2630163,0.0,0.26421967,0.30854663,0.0,0.055085342,0.0,0.26697883
80.302536,80.302536,83.8771,84.51557,82.225555,83.91451,85.39792,80.74747,77.484764,0.0,38.207054,-0.00017563724,-89.36767,47.039627,-19.204382,13.197629,5.5803537,272.45172,51.49439,101.12966,21.494457,32.981,15.799018,0.0,0.0,0.2510631,0.2740505,0.2510631,0.0,0.2627561,0.19678293,0.0,0.14321388,0.0,0.26286694,0.26665688,0.26286694,0.0,0.26385668,0.30809402,0.0,0.17226699,0.0,0.266755
79.61384,79.61384,83.147835,83.866264,81.5009,83.21504,84.701675,80.084206,76.835594,0.0,37.47497,-0.00017351891,-85.58269,44.696503,-20.735355,12.61923,5.379517,264.02454,52.3766,100.030655,22.329683,32.234047,15.5665455,0.0,0.0,0.26128012,0.2609454,0.26142135,0.1683995,0.26668626,0.19984561,0.0,0.18259546,0.0,0.26243618,0.26644498,0.26245022,0.179752,0.26358145,0.3068365,0.0,0.19175288,0.0,0.26653254
78.86487,78.86487,82.43542,83.06434,80.71006,82.42456,83.90627,79.08904,75.72257,0.0,36.765533,-0.00017137555,-88.9995,47.313004,-20.756334,13.490759,6.9042807,272.91403,53.388294,102.89004,22.21512,34.666435,17.009733,0.0,0.0,0.2650236,0.2677593,0.26533297,0.18332079,0.2708688,0.19989884,0.0,0.18668616,0.0,0.2620802,0.26621827,0.2621555,0.19287805,0.26330426,0.30693182,0.0,0.19247304,0.0,0.2663114
78.09906,78.09906,81.69946,82.27594,79.93173,81.63821,83.10012,78.407875,75.09937,0.0,36.032207,-0.00017029957,-91.71055,48.79022,-20.279715,16.600145,6.194528,280.55154,53.687576,104.70077,22.525602,33.52851,16.293354,0.0,0.0,0.26938775,0.2601543,0.2694958,0.18332398,0.2579194,0.19968373,0.0,0.17589356,0.0,0.26183245,0.26600444,0.2618575,0.19359387,0.26325643,0.237196,0.0,0.1841454,0.0,0.2660916
77.3742,77.3742,80.948265,81.5457,79.23776,80.95089,82.413155,77.7288,74.49399,0.0,35.278362,-0.00016702514,-89.3226,48.204514,-20.675196,16.548933,5.176355,272.8652,52.946293,102.401054,21.7624,33.351303,15.923259,0.0,0.0,0.25661212,0.25396648,0.25661212,0.2291291,0.26465574,0.16019203,0.12930363,0.18676807,0.0,0.26187894,0.26579067,0.26187894,0.24013518,0.262948,0.17501785,0.14011557,0.18719478,0.0,0.26587307
76.64402,76.64402,80.21326,80.81075,78.40722,80.16029,81.62472,76.82808,73.496124,0.0,34.54517,-0.00016536847,-88.87891,48.20268,-22.929726,16.234034,6.4895687,278.1641,55.323536,104.4044,22.702473,34.179935,16.845999,0.0,0.0,0.26331595,0.25978026,0.26331595,0.25528064,0.25714186,0.14642893,0.18012208,0.19775076,0.0,0.26153627,0.26556882,0.26153627,0.25679278,0.2628302,0.1571293,0.19061427,0.19476333,0.0,0.26565585
75.86261,75.86261,79.465546,80.062164,77.665825,79.38701,80.8537,75.994484,72.68581,0.0,33.797737,-0.00016201103,-91.93708,48.227436,-21.146685,15.896859,6.196708,278.95477,54.386494,105.3156,23.086956,35.24339,17.006342,0.0,0.0,0.2558406,0.25538975,0.2558406,0.25949878,0.2510285,0.15569283,0.18209672,0.18866001,0.0,0.26145905,0.26535624,0.26145905,0.25641662,0.2626949,0.16021498,0.19119672,0.18631333,0.0,0.26543993
231.55115,167.20901,83.29478,85.07061,114.75645,89.37778,89.51249,107.22133,90.64041,0.0,36.27633,1867.8262,1408.4532,-23.855915,300.61206,88.90635,52.28077,-1582.0992,422.65747,-185.21051,-48.69584,79.47375,-29.30909,1867.8262,0.0,0.0,0.03359142,0.26067778,0.0,0.2510643,0.016877318,0.24998371,0.0,0.0,0.0,0.034920216,0.25875655,0.0,0.2563571,0.026769841,0.25367248,0.0,0.0,0.25420406
233.94441,170.70657,87.56135,89.42544,119.55452,94.13673,94.33072,112.060356,95.48079,0.0,40.527454,1850.4478,1401.7144,-28.057995,300.84805,86.83736,52.277966,-1592.2299,417.28064,-195.75624,-52.72989,79.24019,-29.52925,1850.4478,0.0,0.0,0.03301152,0.26262388,0.0,0.022995073,0.2502165,0.23427552,0.24687561,0.0,0.0,0.03315316,0.25482082,0.0,0.022858988,0.25290102,0.23467687,0.25099894,0.0,0.23086545
84.47461,84.47461,87.998856,88.708466,86.46988,88.15152,89.63151,85.17497,81.832664,0.0,42.325233,-0.00018989581,-84.65064,44.9601,-18.739365,13.785936,6.6163344,261.72763,49.681446,96.81809,20.747324,30.706959,15.282588,0.0,0.0,0.0,0.27538624,0.26070216,0.0,0.02218295,0.2562029,0.0,0.25267535,0.0,0.0,0.22067629,0.253561,0.0,0.022258928,0.2552501,0.0,0.2519396,0.0,0.22074912
83.790245,83.790245,87.29742,88.06718,85.746124,87.42728,88.911964,84.35597,81.00903,0.0,41.621967,-0.0001879152,-82.998024,43.135403,-18.708317,12.969897,6.672368,256.1112,50.67679,97.68401,22.16488,31.9065,15.746103,0.0,0.0,0.0,0.27208135,0.24672368,0.0,0.022799611,0.24897882,0.0,0.23043682,0.0,0.0,0.22047712,0.2571776,0.0,0.022875119,0.25264788,0.0,0.23797956,0.0,0.22055562
83.14065,83.14065,86.613686,87.378876,85.25545,86.95433,88.43229,84.09402,80.86425,0.0,40.933792,-0.00018691987,-79.6077,43.27652,-19.819786,14.125287,5.1004567,241.9857,46.55129,89.40952,18.181004,28.9552,14.167064,0.0,0.0,0.0,0.27692255,0.24853732,0.0,0.15964851,0.2054232,0.0,0.1744111,0.0,0.0,0.22028121,0.25651622,0.0,0.14619954,0.2223015,0.0,0.18078218,0.0,0.2203631
82.55097,82.55097,85.96682,86.81685,84.68559,86.36814,87.85552,83.56621,80.23227,0.0,40.283573,-0.00018389898,-73.63215,40.59264,-18.797499,12.481934,6.5140862,230.85289,46.014698,86.90413,18.486147,28.384356,14.396219,0.0,0.0,0.0,0.2904066,0.24983697,0.0,0.269468,0.113725886,0.0,0.06634908,0.0,0.0,0.22008,0.25589785,0.0,0.21772502,0.121043965,0.0,0.06651129,0.0,0.22017157
81.95933,81.95933,85.35156,86.276306,84.212105,85.878456,87.36772,83.300545,80.0781,0.0,39.66327,-0.00018135147,-71.041,38.097282,-17.734758,12.131948,4.988462,213.13599,42.698357,81.5127,17.372889,25.404987,12.636273,0.0,0.0,0.27055222,0.30217436,0.26905063,0.0,0.27426434,0.11065823,0.0,0.08698774,0.0,0.21576327,0.21988058,0.21608683,0.0,0.21748188,0.11687132,0.0,0.08707794,0.0,0.21998103
81.45402,81.45402,84.78289,85.78035,83.84262,85.46999,86.94324,82.94094,79.72363,0.0,39.09057,-0.00018084003,-63.65081,35.526966,-14.921392,14.888368,4.9086194,198.07872,38.591496,74.15657,15.758678,25.255919,12.33329,0.0,0.0,0.26721755,0.32358247,0.26818466,0.0,0.28467253,0.21954782,0.0,0.055138264,0.0,0.21535519,0.21967389,0.21548375,0.0,0.2169421,0.21945736,0.0,0.055611853,0.0,0.21979146
80.94639,80.94639,84.25419,85.34053,83.41295,85.05966,86.5611,82.60194,79.41425,0.0,38.558327,-0.00017929077,-61.02629,32.15168,-16.369001,9.610689,4.424392,183.96133,36.056797,68.295166,14.34531,23.851244,11.74897,0.0,0.0,0.2719766,0.3447853,0.2719766,0.0,0.29024246,0.24761961,0.0,0.06486956,0.0,0.21507278,0.21946709,0.21507278,0.0,0.21613336,0.24682185,0.0,0.06613819,0.0,0.21960285
80.51684,80.51684,83.76421,84.92179,83.08362,84.70608,86.215256,82.43093,79.303505,0.0,38.064022,-0.00017773127,-52.897644,29.210627,-14.533632,7.6583896,3.2619517,165.33328,32.55542,60.957638,12.367465,21.211987,10.229527,0.0,0.0,0.28522527,0.36783236,0.28522527,0.0,0.29802632,0.23953563,0.0,0.1940629,0.0,0.21462372,0.21925826,0.21462372,0.0,0.2155124,0.24793288,0.0,0.15419014,0.0,0.21941522
80.097,80.097,83.32297,84.545586,82.74883,84.35896,85.86303,82.143585,79.01198,0.0,37.61977,-0.0001761633,-49.751896,26.285746,-13.521262,8.988909,3.3534977,151.25443,29.309877,55.41999,11.655361,20.365137,9.854017,0.0,0.0,0.2858267,0.4043679,0.29678884,0.15379028,0.31914517,0.24076387,0.0,0.20019959,0.0,0.21348439,0.21903513,0.2142093,0.1228832,0.21500112,0.2474946,0.0,0.16059946,0.0,0.21922852
79.72274,79.72274,82.91957,84.18237,82.447044,84.04643,85.55548,81.986206,78.86249,0.0,37.213345,-0.00017458077,-45.172626,24.330969,-12.582858,7.6974516,3.1787975,135.88649,26.280796,49.584743,9.837848,17.577803,8.674103,0.0,0.0,0.2955639,0.4379357,0.2955639,0.17996347,0.34006283,0.24360028,0.0,0.19980498,0.0,0.21291943,0.21881285,0.21291943,0.14415756,0.21449403,0.24650863,0.0,0.1577329,0.0,0.21904278
79.38121,79.38121,82.55628,83.84489,82.14275,83.73826,85.24648,81.73854,78.62153,0.0,36.848217,-0.00017298313,-41.478397,23.002655,-12.228545,7.9209394,3.0234427,125.741325,24.602472,45.74222,8.786427,16.376368,8.145841,0.0,0.0,0.31651556,0.48257178,0.31651556,0.18444426,0.33865803,0.2043519,0.0,0.19578305,0.0,0.21223214,0.2185751,0.21223214,0.14904675,0.21301478,0.20799744,0.0,0.15396774,0.0,0.21885799
79.06287,79.06287,82.21961,83.54604,81.85903,83.447876,84.95778,81.51679,78.42649,0.0,36.510345,-0.00017244868,-38.132233,20.926544,-11.599792,7.456389,2.3211637,118.752846,22.94954,42.287872,8.385873,14.96901,7.3420577,0.0,0.0,0.31522146,0.5179787,0.3291292,0.18549328,0.36130637,0.17700553,0.0,0.20462605,0.0,0.21086949,0.21834584,0.21131454,0.14731112,0.21238612,0.1721769,0.0,0.15295617,0.0,0.21867412
78.74383,78.74383,81.90072,83.223015,81.54153,83.12907,84.64001,81.15763,78.06231,0.0,36.191257,-0.00017029741,-38.15968,21.161842,-11.472683,7.1537113,2.466162,117.57883,22.873861,42.28162,8.1715145,15.926771,7.733436,0.0,0.0,0.33589435,0.5458499,0.33589435,0.18534164,0.39721045,0.16166937,0.0,0.21231817,0.0,0.21010469,0.21812522,0.21010469,0.147383,0.21149814,0.13291533,0.0,0.15844277,0.0,0.2184912
78.42605,78.42605,81.58477,82.91238,81.218864,82.81982,84.33176,80.89737,77.80361,0.0,35.87532,-0.00016975796,-38.50573,20.859287,-12.722938,6.853978,2.421681,117.6493,23.113462,41.761353,8.072489,14.472134,7.2962294,0.0,0.0,0.3428779,0.55071557,0.35836783,0.24012716,0.39607796,0.16092627,0.0,0.22047663,0.0,0.20896061,0.21793656,0.20929196,0.18708704,0.20982364,0.13331091,0.0,0.15762296,0.0,0.2183092
78.116714,78.116714,81.26924,82.61131,80.93444,82.51537,84.02639,80.602394,77.50535,0.0,35.559196,-0.00016867029,-37.325512,20.014643,-10.812948,7.132457,2.514479,114.04061,21.866713,40.88799,8.250217,14.726459,7.2412934,0.0,0.0,0.3569234,0.5502319,0.3648684,0.27028927,0.42845848,0.1498564,0.11554416,0.2174479,0.0,0.2077711,0.21774377,0.20795889,0.20581606,0.20883329,0.12140311,0.09275948,0.15516205,0.0,0.2181281
77.79004,77.79004,80.96043,82.25705,80.51172,82.11539,83.62662,80.06123,76.96451,0.0,35.252766,-0.00016812122,-40.643635,22.575645,-12.963201,7.0667925,2.5054579,128.06966,26.395712,47.658592,9.961609,17.363403,8.417723,0.0,0.0,0.39241704,0.56618434,0.39241704,0.276612,0.47216508,0.14972438,0.1784444,0.23023188,0.0,0.20645106,0.21755378,0.20645106,0.2049401,0.2076169,0.12018151,0.14074409,0.15257779,0.0,0.21794793
77.402885,77.402885,80.61313,81.846504,80.06314,81.67879,83.18509,79.59211,76.44862,0.0,34.90864,-0.00016647455,-47.32802,25.774754,-13.982225,8.429063,3.6029594,144.87747,28.971775,53.57485,10.995274,17.786594,9.021902,0.0,0.0,0.4029611,0.50845605,0.42503628,0.2785977,0.5069323,0.16218702,0.1761512,0.24105507,0.0,0.20515324,0.21745308,0.20523009,0.20404916,0.20671414,0.1285898,0.14037684,0.15744956,0.0,0.21776865
76.99899,76.99899,80.22169,81.42577,79.61684,81.221054,82.72785,79.073944,75.93631,0.0,34.519352,-0.00016481311,-49.254436,27.146221,-13.011797,8.301974,3.4819505,155.43874,30.642048,57.62837,12.11588,19.203938,9.418461,0.0,0.0,0.42837203,0.4539991,0.46841887,0.2926659,0.5341926,0.16313256,0.17985408,0.2352807,0.0,0.20381203,0.21734191,0.20367266,0.20286588,0.20590614,0.12458199,0.14381057,0.14513825,0.0,0.21759029
76.51566,76.51566,79.79931,80.91292,79.02098,80.65251,82.14469,78.3908,75.20842,0.0,34.101685,-0.00016313729,-57.894703,31.053946,-15.242266,11.571804,4.332986,176.578,34.738213,65.80681,14.056956,20.813892,10.502588,0.0,0.0,0.4864263,0.42572242,0.5029293,0.308689,0.53985465,0.17111793,0.18106036,0.25648427,0.0,0.20238495,0.21719643,0.20249954,0.20170492,0.20668626,0.12886038,0.14302388,0.1473729,0.0,0.21741283
76.01869,76.01869,79.322075,80.41145,78.468155,80.108406,81.61304,77.638084,74.45525,0.0,33.62722,-0.00016257458,-60.463745,32.03074,-15.897624,8.849012,4.340821,188.07204,36.625305,69.27145,14.823123,24.15226,11.794679,0.0,0.0,0.5299943,0.37938982,0.53256875,0.3216987,0.5564492,0.16596434,0.23322466,0.27351364,0.0,0.20148599,0.21706782,0.20216522,0.20053673,0.20730282,0.120326735,0.1808242,0.14158648,0.0,0.21723624
232.88495,169.15808,84.271736,86.36945,118.34096,91.81941,91.95921,111.79934,95.27169,0.0,37.157654,1858.161,1416.9327,-37.211926,307.44162,88.73017,52.169563,-1643.9854,415.8863,-215.27623,-58.248714,73.63218,-34.81196,1858.161,0.0,0.0,0.071767375,0.40258104,0.0,0.44312865,0.028510498,0.28565115,0.027512234,0.0,0.0,0.03423483,0.19839941,0.0,0.19835868,0.028759483,0.1993385,0.021902055,0.0,0.20425186
234.71341,171.83073,88.64142,90.64759,121.23782,95.6716,95.827965,114.54634,98.5663,0.0,41.57507,1844.829,1402.1013,-33.877777,301.74185,88.15562,51.014275,-1613.3522,414.95068,-205.08398,-55.004494,74.538284,-33.484188,1844.829,0.0,0.0,0.06209432,0.16418485,0.0,0.0011697332,0.31371537,0.36658853,0.27631512,0.0,0.0,0.030067189,0.11747831,0.0,0.0006006913,0.19787733,0.15545519,0.19831182,0.0,0.18559968
84.3848,84.3848,87.8815,88.63032,86.37859,88.04203,89.51438,85.034454,81.57757,0.0,42.206127,-0.00019038982,-81.97053,43.77811,-17.539022,15.029908,7.903051,256.34586,49.719147,96.517715,21.463354,31.332184,15.958379,0.0,0.0,0.0,0.31344795,0.31785378,0.0,0.0011312092,0.36788803,0.0,0.283893,0.0,0.0,0.18116271,0.19654568,0.0,0.00058090943,0.19576667,0.0,0.19704981,0.0,0.18124421
83.63564,83.63564,87.18719,87.82108,85.460594,87.1718,88.6382,83.82064,80.37862,0.0,41.517323,-0.00018741669,-87.23727,47.170807,-20.561762,15.940429,7.7453513,272.96887,53.871487,103.05398,22.64801,34.884476,17.399176,0.0,0.0,0.0,0.2881253,0.4975903,0.0,0.04265686,0.3640179,0.0,0.27639505,0.0,0.0,0.18097673,0.19267108,0.0,0.020019205,0.19459692,0.0,0.19584927,0.0,0.1810439
82.80604,82.80604,86.44537,86.93425,84.376785,86.159836,87.62902,82.60327,79.183044,0.0,40.78385,-0.00018541353,-95.14563,51.17624,-24.503468,15.520338,7.510921,296.62665,59.65417,112.45537,24.686792,36.39095,18.16157,0.0,0.0,0.0,0.27369004,0.53914154,0.0,0.3065699,0.364092,0.0,0.21308179,0.0,0.0,0.18078528,0.19536035,0.0,0.17592014,0.1943786,0.0,0.1538372,0.0,0.18084449
82.004555,82.004555,85.648674,86.152214,83.59939,85.342995,86.8249,81.73443,78.35955,0.0,39.98681,-0.0001818654,-95.56013,50.783558,-22.412868,13.457603,7.0021195,295.69052,59.12725,113.12956,25.039593,37.392296,18.188683,0.0,0.0,0.0017145154,0.25597948,0.22770336,0.0,0.2858608,0.21931066,0.0,0.09616286,0.0,0.00070147024,0.18059589,0.12785949,0.0,0.17859378,0.09039356,0.0,0.056304626,0.0,0.18064602
81.16084,81.16084,84.85142,85.28933,82.76265,84.46727,85.941574,80.88092,77.48634,0.0,39.192284,-0.0001798072,-99.51158,52.52168,-20.167767,14.719614,7.2269273,303.12317,58.973713,115.72389,25.362482,37.573517,18.178425,0.0,0.0,0.284876,0.25643137,0.284876,0.0,0.2715428,0.17704223,0.0,0.138615,0.0,0.1775575,0.18039796,0.1775575,0.0,0.1785257,0.08790495,0.0,0.06697585,0.0,0.18044844
80.35388,80.35388,84.037384,84.48695,82.008766,83.74886,85.206795,80.3516,77.063324,0.0,38.37779,-0.00017720906,-98.918396,52.216373,-22.218657,17.166409,5.929926,301.87863,57.795048,112.555244,24.280931,35.081726,16.938679,0.0,0.0,0.2706075,0.25127187,0.2706075,0.0,0.25464737,0.39409894,0.0,0.20598046,0.0,0.17754155,0.18020387,0.17754155,0.0,0.17885049,0.18765932,0.0,0.09104495,0.0,0.18025178
79.48984,79.48984,83.219185,83.49581,80.898506,82.60777,84.07079,78.97415,75.52337,0.0,37.566635,-0.00017457869,-102.71012,56.598835,-20.447058,16.439306,7.8379064,320.4034,63.10369,122.973045,26.55238,38.03066,18.596027,0.0,0.0,0.25376806,0.251901,0.25376442,0.17419758,0.25376856,0.45129004,2.3738632e-05,0.26795092,0.0,0.17792547,0.18000768,0.17792352,0.097584255,0.17792574,0.18671106,9.712198e-06,0.15328972,0.0,0.180056
78.64444,78.64444,82.362785,82.81914,80.20974,81.97656,83.464325,78.42348,74.98302,0.0,36.705708,-0.00017137823,-101.81126,52.038315,-23.662868,12.412402,7.72875,308.59485,59.77311,115.79177,25.473137,36.531857,18.229805,0.0,0.0,0.2528968,0.24023019,0.25289318,0.2129686,0.24945845,0.39602053,2.3738285e-05,0.23167825,0.0,0.17700867,0.17981833,0.17700674,0.13179934,0.17819558,0.17238127,9.712194e-06,0.13971306,0.0,0.17986114
77.87715,77.87715,81.53649,82.00641,79.41948,81.18507,82.65571,77.615326,74.22673,0.0,35.876507,-0.00016812123,-96.870316,51.68032,-23.59727,15.295283,7.159307,300.8177,60.271122,114.64806,25.408604,36.729027,18.086184,0.0,0.0,0.24860336,0.24720843,0.24860337,0.20049644,0.24853674,0.29053828,2.3737937e-05,0.17699645,0.0,0.17729397,0.17962107,0.17729397,0.13017724,0.17801496,0.1555579,9.712189e-06,0.123669796,0.0,0.17966715
77.03656,77.03656,80.72752,81.22732,78.60069,80.37248,81.8556,76.64076,73.26733,0.0,35.068207,-0.00016592233,-99.544525,50.88415,-23.92266,13.247246,6.9853296,302.6135,59.798393,114.76746,25.73657,38.408764,18.678743,0.0,0.0,0.24905592,0.2520493,0.24905592,0.21021304,0.23835927,0.19752888,0.22929281,0.17994837,0.0,0.17703281,0.17942563,0.17703281,0.1388552,0.17784959,0.12093546,0.12944314,0.12551542,0.0,0.17947404
76.296165,76.296165,79.919205,80.42448,77.99913,79.74227,81.20885,76.42203,73.00899,0.0,34.255077,-0.00016369746,-93.72084,50.736973,-22.386786,15.913781,7.432359,289.4184,56.709156,108.75931,23.208588,34.156128,17.144238,0.0,0.0,0.23754111,0.25068358,0.23754111,0.25768554,0.24528386,0.18019827,0.19782948,0.17976023,0.0,0.17698869,0.17923401,0.17698869,0.17384055,0.17759588,0.12182444,0.12366777,0.12773018,0.0,0.17928182
230.25464,165.3149,80.82917,82.58798,112.2827,87.00368,87.09458,104.60103,88.66544,0.0,33.805332,1877.1736,1413.4435,-22.971245,300.0103,90.40916,50.919518,-1585.6427,425.03522,-187.20851,-49.276096,80.30464,-30.375208,1877.1736,0.0,0.0,0.25828025,0.2444178,0.24689291,0.24934724,0.04213432,0.19427124,7.406332e-06,0.0,0.0,0.17866728,0.17670862,0.17502013,0.17758483,0.019844756,0.13020928,3.0303734e-06,0.0,0.1790875
232.26846,168.25716,85.08705,86.9083,116.18221,91.32937,91.56627,108.18488,92.227036,0.0,38.06598,1862.6345,1401.9327,-26.090559,297.4251,85.31322,50.96698,-1583.8246,421.10223,-188.67754,-50.610992,82.06994,-28.304506,1862.6345,0.0,0.0,0.03235805,0.24479766,0.0,0.07441862,0.057134364,0.25435013,0.20379288,0.0,0.0,0.022902504,0.1744927,0.0,0.0542267,0.024615558,0.17253447,0.12615293,0.0,0.16443348
234.42194,171.40463,89.32637,91.16164,120.06658,95.48141,95.715836,112.53962,96.44154,0.0,42.32174,1846.9607,1392.3184,-26.747795,295.79153,85.40167,51.265152,-1572.9846,418.05322,-186.78505,-49.69917,79.42729,-28.478573,1846.9607,0.0,0.0,0.031302266,0.24713983,0.0,0.013152283,0.24452849,0.0,0.25630164,0.0,0.0,0.022558508,0.17192541,0.0,0.009287864,0.17289382,0.0,0.17093922,0.0,0.15005815
84.04817,84.04817,87.66237,88.26253,85.763794,87.527504,89.021484,84.00024,80.62661,0.0,41.996372,-0.00018940392,-92.93975,48.12785,-23.498205,11.211719,6.987631,284.1575,56.42037,107.29827,23.635817,36.28045,17.849794,0.0,0.0,0.0,0.27178633,0.23462152,2.2106106e-09,0.020628715,0.2423554,5.619416e-10,0.2465147,0.0,0.0,0.1487972,0.17358293,9.0453206e-10,0.015173576,0.17187066,2.2993385e-10,0.16188031,0.0,0.14884558
83.28543,83.28543,86.90082,87.49319,85.14101,86.84911,88.33743,83.65883,80.29501,0.0,41.232838,-0.00018742165,-93.044754,48.346706,-20.37717,12.308185,6.873116,278.46725,53.13892,104.359604,22.174385,33.03026,16.361488,0.0,0.0,0.0,0.26379082,0.24644527,2.207015e-09,0.020622378,0.2612146,1.0336197e-09,0.21380334,0.0,0.0,0.14864057,0.1741588,9.0307395e-10,0.015167195,0.16911694,4.2294004e-10,0.13775542,0.0,0.14868551
82.60696,82.60696,86.157646,86.832405,84.5892,86.282585,87.752815,83.02557,79.77124,0.0,40.484592,-0.00018491209,-87.15708,45.98882,-19.480652,15.359057,5.4618006,263.46014,50.01231,97.87005,20.796274,33.99826,16.169985,0.0,0.0,0.0,0.2679521,0.24561687,2.0805278e-09,0.2700277,0.099154234,1.3114225e-09,0.07201771,0.0,0.0,0.14847934,0.1732872,8.513298e-10,0.14694825,0.06776085,5.366201e-10,0.0504087,0.0,0.14852609
81.88935,81.88935,85.446655,86.07905,83.71955,85.42898,86.897514,82.28101,79.02484,0.0,39.77667,-0.0001823743,-87.77441,47.21379,-20.45614,15.619019,5.4880195,272.61725,53.74664,103.13672,22.62473,32.50151,15.681009,0.0,0.0,0.26926124,0.28006905,0.26926124,2.1041098e-09,0.26208645,0.10439557,1.5268646e-09,0.06839027,0.0,0.14614244,0.14831516,0.14614244,8.609918e-10,0.14684868,0.07347792,6.247858e-10,0.04911474,0.0,0.14836729
81.12513,81.12513,84.712654,85.314064,82.95363,84.67997,86.15822,81.29574,78.04234,0.0,39.044144,-0.0001798072,-90.54938,48.09281,-21.44357,14.077248,5.4484267,276.9273,53.78717,103.67756,22.176083,35.08994,16.730251,0.0,0.0,0.26134294,0.27227232,0.26134294,2.0692026e-09,0.26622212,0.23904231,1.6688438e-09,0.055435687,0.0,0.14606702,0.14816046,0.14606702,8.467201e-10,0.1466605,0.16946885,6.8289285e-10,0.040405773,0.0,0.14820911
80.3944,80.3944,83.96899,84.59721,82.16693,83.916534,85.391945,80.659966,77.3636,0.0,38.300034,-0.00017668624,-89.370255,47.332844,-22.74131,14.542133,6.036925,275.6394,55.106308,104.38637,23.032509,33.32732,16.356304,0.0,0.0,0.26546788,0.26869857,0.26546788,2.1394144e-09,0.27826142,0.23888977,1.8001094e-09,0.1180433,0.0,0.14586759,0.14800444,0.14586759,8.754636e-10,0.1464147,0.16918412,7.366175e-10,0.077989094,0.0,0.14805156
79.631805,79.631805,83.22666,83.8435,81.36824,83.11545,84.591774,79.77747,76.45154,0.0,37.559387,-0.00017405055,-91.21153,47.65695,-22.61062,14.393206,6.41497,280.50244,55.94296,106.46955,23.81337,34.31558,16.844875,0.0,0.0,0.2774745,0.26956126,0.2774745,0.18900202,0.27051747,0.24328215,1.8566234e-09,0.19254464,0.0,0.1455874,0.14784712,0.1455874,0.10176735,0.14631549,0.16832207,7.597545e-10,0.105240874,0.0,0.14789462
78.92529,78.92529,82.476494,83.11319,80.78495,82.50885,83.98668,79.26539,76.06804,0.0,36.80567,-0.0001708433,-87.20467,47.09049,-21.303164,14.146318,4.5872717,270.16058,53.040535,101.31547,21.654182,33.477554,15.849759,0.0,0.0,0.2697529,0.2656404,0.2697529,0.18799853,0.26711136,0.2393327,1.8565967e-09,0.18893254,0.0,0.14551169,0.14769247,0.14551169,0.10472635,0.14623506,0.16835512,7.597545e-10,0.10422807,0.0,0.1477383
78.23441,78.23441,81.75374,82.4771,80.18705,81.887695,83.37797,78.75853,75.39496,0.0,36.079746,-0.00016975503,-84.176796,44.548584,-19.927277,11.940023,6.870731,260.61206,50.75781,97.52875,21.157024,32.3792,16.086218,0.0,0.0,0.26635444,0.2736771,0.2663541,0.19357058,0.2678275,0.24705103,1.8565698e-09,0.20741817,0.0,0.14544101,0.14753325,0.14544089,0.10671449,0.14602439,0.14838059,7.597545e-10,0.1113974,0.0,0.14758259
77.55354,77.55354,81.05343,81.74156,79.51794,81.163994,82.63495,78.20037,74.80476,0.0,35.37948,-0.00016812122,-82.28518,45.59659,-16.321669,15.246683,7.2385483,260.7189,50.462948,98.41202,21.293888,30.995861,15.472299,0.0,0.0,0.26707202,0.28166318,0.26707202,0.21665582,0.26393393,0.19138561,0.15952455,0.19082223,0.0,0.14523014,0.14737456,0.14523014,0.117019914,0.14589842,0.11018336,0.08582343,0.10050599,0.0,0.14742748
76.86614,76.86614,80.35623,81.08625,78.86507,80.56708,82.052055,77.543304,74.29667,0.0,34.678925,-0.00016536772,-81.31712,44.348145,-20.010199,12.917158,5.351068,250.27144,49.58804,94.57818,19.936579,31.049269,15.052307,0.0,0.0,0.2635346,0.2814219,0.26319003,0.26746643,0.27191994,0.16113698,0.18535602,0.1821276,0.0,0.14502048,0.14722,0.14511636,0.14242913,0.14568588,0.08905413,0.10203546,0.09753958,0.0,0.14727299
76.200874,76.200874,79.68409,80.4338,78.18662,79.8719,81.34946,76.822914,73.56915,0.0,34.00644,-0.0001631373,-80.631325,43.7508,-18.971798,14.192698,5.453641,249.19214,49.923504,95.47008,20.884628,31.577452,15.206353,0.0,0.0,0.26745272,0.2908781,0.2711547,0.26232702,0.28013083,0.17413437,0.19097006,0.19499132,0.0,0.14459345,0.14706185,0.14488141,0.1423007,0.14581373,0.091837324,0.10533621,0.10558047,0.0,0.14711909
231.4883,167.11719,81.87505,83.91341,115.77844,89.21686,89.41566,108.93369,92.09017,0.0,34.774624,1868.2804,1420.0255,-35.080776,307.67853,86.66761,52.826134,-1635.2748,418.05612,-211.2717,-57.56829,75.45533,-33.4324,1868.2804,0.0,0.0,0.19299367,0.27046847,0.26259714,0.2655817,0.020552967,0.21613361,1.0680168e-09,0.0,0.0,0.09978428,0.14408746,0.1434124,0.14339027,0.015097312,0.115694776,4.3708434e-10,0.0,0.14603725
233.7155,170.37196,86.265274,88.377525,119.948,93.66893,93.884995,113.33065,96.58005,0.0,39.168633,1852.1171,1410.1355,-37.71774,306.00345,86.0562,52.633713,-1632.851,414.24454,-212.48158,-57.60909,74.0912,-33.523945,1852.1171,0.0,0.0,0.040662955,0.2627772,0.0,0.025596075,0.25670505,0.2612276,0.20108706,0.0,0.0,0.02125205,0.14154527,0.0,0.013992155,0.1390794,0.14096548,0.1085647,0.0,0.13201483
84.81729,84.81729,88.2392,89.2053,87.108986,88.797424,90.29506,86.08816,82.90099,0.0,42.552498,-0.00019087955,-74.28424,36.654007,-19.171717,10.453752,4.415627,218.87729,41.557156,80.119225,17.40874,27.00636,13.16073,0.0,0.0,0.0,0.22653712,0.048420493,6.5932004e-13,1.05449816e-10,0.26296985,2.8327541e-14,0.26114973,0.0,0.0,0.08615411,0.029384028,2.6983358e-13,4.315643e-11,0.14097175,1.159334e-14,0.14014435,0.0,0.12268316
84.32975,84.32975,87.65727,88.71654,86.73025,88.398705,89.89667,85.85732,82.68597,0.0,41.964375,-0.0001898958,-63.486103,33.21094,-17.875977,10.382372,4.137205,195.81027,38.21388,71.517426,15.34777,24.817816,12.141331,0.0,0.0,0.0,0.3283227,0.26254523,2.5593544e-12,0.023392698,0.2639476,5.329814e-13,0.26346993,0.0,0.0,0.12248485,0.14061396,1.0474575e-12,0.012574804,0.13983098,2.1813131e-13,0.1382464,0.0,0.12254732
83.82405,83.82405,87.13347,88.21737,86.29775,87.936455,89.43367,85.587776,82.43522,0.0,41.43823,-0.00018791517,-61.23203,32.248398,-15.783014,10.542972,3.7838395,186.48431,35.816765,68.42272,14.453858,22.197945,10.868738,0.0,0.0,0.0,0.360473,0.2703841,2.5837102e-12,0.025716469,0.26357108,9.59498e-13,0.22290422,0.0,0.0,0.12233451,0.14107914,1.0574408e-12,0.014022276,0.13885535,3.9269586e-13,0.11870621,0.0,0.12241196
83.33353,83.33353,86.633644,87.74561,85.83446,87.46365,88.961586,85.13376,81.917435,0.0,40.93714,-0.00018691987,-60.0456,31.120855,-15.06288,10.389232,4.8932204,181.29504,34.889812,67.02594,14.462287,22.040749,11.14973,0.0,0.0,0.0,0.37566087,0.27549702,2.4796716e-12,0.048613198,0.2592628,1.2461796e-12,0.20427729,0.0,0.0,0.12219189,0.14094298,1.0148755e-12,0.025938453,0.13788645,5.1003407e-13,0.109588064,0.0,0.122277066
82.88626,82.88626,86.150795,87.33564,85.46149,87.10047,88.60858,84.75645,81.588806,0.0,40.449997,-0.00018541353,-55.30915,28.016157,-15.804432,7.9541616,4.0694323,162.59624,32.245777,60.514225,12.950316,22.114332,10.93442,0.0,0.0,0.0,0.38473758,0.2747468,2.4445274e-12,0.32570836,0.21512091,1.4707485e-12,0.083149165,0.0,0.0,0.1220527,0.14015444,1.0005061e-12,0.11978486,0.113633014,6.019539e-13,0.04423689,0.0,0.12214264
82.50701,82.50701,85.71742,86.94455,85.174194,86.784096,88.29162,84.645905,81.50637,0.0,40.0131,-0.00018390134,-47.353626,26.072744,-13.501601,8.109034,3.5216644,145.71648,28.69132,53.51099,10.720544,18.923162,9.368232,0.0,0.0,0.16741052,0.4226493,0.21604821,2.6663864e-12,0.35771412,0.107878566,1.6954684e-12,0.069886535,0.0,0.06387558,0.12189744,0.081149064,1.0913253e-12,0.119437166,0.055626053,6.9393823e-13,0.037018605,0.0,0.12200868
82.11413,82.11413,85.32606,86.55697,84.795334,86.404274,87.90557,84.313866,81.21041,0.0,39.62156,-0.00018237374,-47.592808,25.892555,-13.419369,9.64258,2.686726,144.82736,28.11549,52.777317,10.670517,17.998487,8.749695,0.0,0.0,0.3242065,0.46524283,0.3242065,2.5940534e-12,0.36626765,0.12404848,1.842426e-12,0.07958188,0.0,0.11820779,0.12173757,0.11820779,1.0617354e-12,0.11895238,0.06493426,7.5409736e-13,0.042411637,0.0,0.12187519
81.7484,81.7484,84.93964,86.22514,84.5022,86.10008,87.61074,84.093376,80.97361,0.0,39.232403,-0.00018083754,-44.24724,23.165272,-12.446459,7.2370334,3.0881104,130.44534,24.959536,47.274765,9.389231,16.47693,8.224207,0.0,0.0,0.34814596,0.46764252,0.3560705,2.6190651e-12,0.371931,0.13379379,1.963821e-12,0.07992811,0.0,0.11766151,0.121603034,0.11771126,1.0719881e-12,0.11827494,0.072768256,8.0379556e-13,0.042754423,0.0,0.12174215
81.415764,81.415764,84.58997,85.900856,84.18713,85.78042,87.28979,83.7793,80.66284,0.0,38.881897,-0.000180323,-41.325207,21.80006,-12.021982,7.606467,3.010281,125.69365,24.14323,45.12698,9.266487,16.455507,8.152693,0.0,0.0,0.35526034,0.5131626,0.36028796,2.6972751e-12,0.3809228,0.17990004,2.069622e-12,0.0885336,0.0,0.116860606,0.12143941,0.11706014,1.1040155e-12,0.11804665,0.09584951,8.471123e-13,0.047219962,0.0,0.121609576
81.09214,81.09214,84.25325,85.571335,83.864975,85.45861,86.973335,83.48849,80.37871,0.0,38.544155,-0.00017980783,-38.950676,21.399166,-12.0543995,5.94602,2.8480904,119.769104,24.074017,44.026024,8.77093,15.760021,7.843713,0.0,0.0,0.370239,0.53041315,0.370239,2.6946316e-12,0.4184691,0.25792822,2.1596678e-12,0.09077344,0.0,0.11649837,0.12129488,0.11649837,1.1029495e-12,0.11750774,0.13422136,8.8398153e-13,0.0480878,0.0,0.121477455
80.77346,80.77346,83.93225,85.26714,83.57443,85.17074,86.68322,83.23025,80.138306,0.0,38.222332,-0.00017773388,-38.51696,20.437418,-12.302367,6.683536,2.3694324,114.81573,22.71219,41.49219,8.209139,15.014715,7.4389267,0.0,0.0,0.37786967,0.5538836,0.37919354,2.7046106e-12,0.42525688,0.2570914,2.235134e-12,0.28727502,0.0,0.11615906,0.12114571,0.11623097,1.1070501e-12,0.11674316,0.13354774,9.148842e-13,0.11163261,0.0,0.12134579
80.46897,80.46897,83.62379,84.9663,83.2805,84.86652,86.37824,82.91827,79.84216,0.0,37.913822,-0.00017668816,-37.764217,19.988302,-11.323553,6.9204855,1.8616313,114.54001,22.182327,41.15743,8.377707,15.435054,7.3682823,0.0,0.0,0.37834173,0.5753553,0.38842487,2.8480122e-12,0.45974037,0.2580878,2.3163181e-12,0.289807,0.0,0.11533666,0.12099806,0.115478136,1.165764e-12,0.115884885,0.13343282,9.481281e-13,0.11129233,0.0,0.121214576
80.16376,80.16376,83.31671,84.680534,82.99982,84.58816,86.10081,82.66811,79.57658,0.0,37.606052,-0.00017616333,-37.40866,18.684845,-11.551146,6.63117,2.3576136,110.18183,20.908638,38.832695,8.03509,14.718302,7.2551255,0.0,0.0,0.41564965,0.5764881,0.41564965,0.21175888,0.46199235,0.2629283,2.3264622e-12,0.31997758,0.0,0.11454756,0.120866545,0.11454756,0.07523519,0.11566999,0.13299263,9.522941e-13,0.11104548,0.0,0.12108382
79.85837,79.85837,83.01965,84.34857,82.654816,84.24721,85.75916,82.31626,79.23028,0.0,37.30999,-0.00017510763,-38.98317,20.783453,-11.938074,6.849186,2.1902018,116.37581,22.93556,42.342438,8.43211,14.881635,7.3026414,0.0,0.0,0.4541395,0.59706825,0.45769516,0.21390162,0.50698566,0.26149958,2.3264285e-12,0.2795956,0.0,0.11373961,0.12072,0.113737315,0.077188976,0.114953354,0.13294399,9.522941e-13,0.092705116,0.0,0.1209535
79.53811,79.53811,82.705734,84.02781,82.310844,83.90097,85.41031,81.91886,78.82195,0.0,36.997288,-0.00017351685,-40.14628,21.174234,-11.722333,7.6141577,2.5105267,123.573006,24.078712,44.775887,9.502107,16.107023,7.8363123,0.0,0.0,0.45669097,0.56798357,0.45994028,0.23349892,0.52409494,0.26088613,2.3263947e-12,0.29524595,0.0,0.11268239,0.120613255,0.11351567,0.078427255,0.11466058,0.13224107,9.522941e-13,0.09348322,0.0,0.12082363
79.18601,79.18601,82.37175,83.65626,81.91068,83.511505,85.02329,81.54226,78.45798,0.0,36.665245,-0.00017298381,-43.323414,23.217543,-12.711454,6.900956,2.1367404,134.3748,26.264528,48.709118,10.049721,15.5768385,7.6211357,0.0,0.0,0.45893186,0.53785443,0.46849632,0.24363801,0.54728997,0.23047727,2.3263611e-12,0.29565576,0.0,0.112457104,0.12050677,0.11269356,0.079290986,0.11423365,0.11597025,9.522941e-13,0.09212589,0.0,0.120694205
78.80367,78.80367,82.00987,83.27147,81.503105,83.10746,84.61494,80.992355,77.88955,0.0,36.304176,-0.00017245152,-46.68702,24.391674,-13.024176,8.123276,2.669665,138.66707,27.352757,51.526283,10.838095,18.581383,8.930822,0.0,0.0,0.5036522,0.4987282,0.50807846,0.31529972,0.5686118,0.2067817,2.3263275e-12,0.30513173,0.0,0.111454114,0.12040591,0.11186482,0.09982777,0.1139174,0.103870034,9.522941e-13,0.093474716,0.0,0.12056522
78.39445,78.39445,81.63304,82.834854,80.982864,82.612724,84.12292,80.431435,77.30386,0.0,35.931576,-0.00017029735,-51.626625,27.250473,-15.113818,7.371003,3.264974,159.50842,31.756786,58.786373,12.523058,19.36642,9.589163,0.0,0.0,0.520658,0.4847938,0.5410342,0.35478148,0.5696475,0.20329934,2.3262939e-12,0.31659663,0.0,0.11105279,0.120286934,0.11161249,0.11009945,0.11369478,0.07478653,9.522941e-13,0.08454747,0.0,0.12043667
77.95017,77.95017,81.20274,82.34608,80.50093,82.127525,83.62907,79.857956,76.73982,0.0,35.502975,-0.00016866732,-53.63808,29.818527,-14.8600855,9.585116,3.0499454,167.23471,33.136192,61.917152,12.667707,21.041002,10.130224,0.0,0.0,0.5644638,0.42817128,0.56612885,0.3827353,0.5781935,0.23696399,0.15763085,0.3378108,0.0,0.11094408,0.12019467,0.11131102,0.1089674,0.11403826,0.07878297,0.056672223,0.08100859,0.0,0.12030856
77.435265,77.435265,80.74762,81.82617,79.858154,81.50602,83.01349,79.069786,75.911285,0.0,35.05361,-0.00016592466,-61.602333,32.459415,-16.451483,8.123334,3.8984618,191.45334,37.49444,70.67586,15.173698,23.489405,11.446145,0.0,0.0,0.56716776,0.41068113,0.567165,0.42188644,0.53261983,0.21529102,0.21356063,0.3497201,0.0,0.111091785,0.120077185,0.11108897,0.10776362,0.11501036,0.067526855,0.07578005,0.08327164,0.0,0.12018088
76.88284,76.88284,80.22882,81.204735,79.219826,80.843155,82.33665,78.272316,74.999794,0.0,34.539173,-0.00016536772,-65.71607,36.304604,-14.603572,11.3099785,5.716877,208.18326,40.19438,77.57152,16.474785,25.941107,12.873335,0.0,0.0,0.5611697,0.3651987,0.5600513,0.42765963,0.49285388,0.25053474,0.24182959,0.37259364,0.0,0.11221035,0.11997424,0.1122735,0.10741136,0.11556651,0.074968345,0.07739858,0.079826646,0.0,0.12005364
76.25912,76.25912,79.6655,80.57191,78.54162,80.19475,81.6708,77.61771,74.327866,0.0,33.979782,-0.00016313646,-72.60324,38.722385,-16.825287,14.437409,5.950695,222.33026,41.828888,81.40868,17.209911,25.590351,13.001308,0.0,0.0,0.5292703,0.33990514,0.49277014,0.46859252,0.4249537,0.25215954,0.33632028,0.3741359,0.0,0.11265989,0.119859606,0.114150055,0.1062847,0.11681606,0.06862952,0.10398347,0.07401291,0.0,0.11992683
231.07205,166.50905,81.67556,83.59858,114.43514,88.40102,88.57146,106.95078,90.42013,0.0,34.60908,1871.2858,1416.4728,-30.586502,304.5449,87.664154,52.17589,-1613.4329,421.098,-198.87538,-53.29648,79.184265,-31.303444,1871.2858,0.0,0.0,0.3563753,0.49008942,0.5689111,0.5259925,0.022900406,0.3734392,1.5064868e-12,0.0,0.0,0.10539228,0.11320318,0.10801784,0.111064106,0.012259212,0.10575591,6.1674163e-13,0.0,0.11950847
233.10052,169.47313,85.98472,87.87224,118.14522,92.540375,92.6649,110.55247,94.02462,0.0,38.9444,1856.5941,1404.7251,-29.085505,301.97403,89.25758,52.16996,-1596.431,418.01114,-195.34311,-51.774185,79.80137,-29.905037,1856.5941,0.0,0.0,0.057003573,0.54523647,0.0,0.050110396,0.34551492,0.47996116,0.35725737,0.0,0.0,0.016120022,0.1047056,0.0,0.010214329,0.105067946,0.10433626,0.105297685,0.0,0.10802044
84.68987,84.68987,88.25093,88.91953,86.60144,88.29664,89.76584,85.156975,81.91963,0.0,42.579964,-0.0001913698,-88.12304,46.168602,-19.593124,15.517692,5.2141585,269.72385,51.77664,100.82466,22.138056,32.57378,15.555218,0.0,0.0,0.0,0.15333894,0.11451573,5.626675e-16,1.3574293e-13,0.5587496,2.2837752e-17,0.45519254,0.0,0.0,0.04860784,0.032261528,2.303575e-16,5.5573496e-14,0.10462703,9.3498326e-18,0.10334722,0.0,0.09974631
83.96157,83.96157,87.523796,88.1536,85.76898,87.4679,88.93398,84.18547,80.77308,0.0,41.85521,-0.00018841145,-88.23187,47.28774,-19.821907,15.9881735,7.425244,276.70718,54.287266,104.509445,23.276129,34.23106,16.978872,0.0,0.0,0.0,0.2827511,0.546039,1.284885e-15,0.051806543,0.48006752,6.3525373e-17,0.4215531,0.0,0.0,0.09959013,0.10654968,5.2604277e-16,0.009546924,0.10449852,2.6007822e-17,0.102611266,0.0,0.09962354
83.14529,83.14529,86.7761,87.36523,84.91485,86.6245,88.106674,83.35218,80.10804,0.0,41.111694,-0.00018591604,-94.40268,48.43742,-20.469646,13.411636,5.314624,288.6414,55.17547,107.88148,23.926455,33.986973,16.193058,0.0,0.0,0.0,0.2770221,0.42026103,1.2518205e-15,0.124718145,0.3910816,6.48763e-17,0.34527344,0.0,0.0,0.09946944,0.11188959,5.1251327e-16,0.026634159,0.10601538,2.6561289e-17,0.09190909,0.0,0.099501155
82.3912,82.3912,86.00313,86.6175,84.19851,85.92785,87.401024,82.57351,79.26366,0.0,40.33611,-0.00018390128,-92.73837,47.726715,-21.614367,14.8992405,6.2118154,281.24835,54.289585,105.19963,23.222853,34.712383,16.8461,0.0,0.0,0.0,0.26794302,0.35922086,1.2664608e-15,0.28152594,0.1646281,6.519112e-17,0.12740661,0.0,0.0,0.099350035,0.11369772,5.185147e-16,0.098305225,0.05089524,2.6690566e-17,0.024790967,0.0,0.09937916
81.65165,81.65165,85.246925,85.78342,83.373405,85.083115,86.534386,81.75769,78.535866,0.0,39.58039,-0.00018083754,-91.249306,49.891384,-20.47323,18.080715,4.978986,282.6292,56.280117,108.30508,23.768763,34.605114,16.330973,0.0,0.0,0.28098983,0.27328974,0.28098983,1.3327053e-15,0.2758236,0.20301093,6.9988374e-17,0.1708174,0.0,0.097743005,0.099226914,0.097743005,5.456445e-16,0.09821252,0.04071809,2.8655072e-17,0.031181822,0.0,0.09925754
80.87132,80.87132,84.485306,85.09378,82.55193,84.29222,85.79107,80.98818,77.7147,0.0,38.82096,-0.00017825219,-92.92065,47.893597,-22.229027,10.190998,5.7299047,288.8083,57.21629,109.315765,24.646399,33.999718,16.465601,0.0,0.0,0.27529877,0.27213284,0.27529877,1.2483569e-15,0.2667859,0.5247674,6.536675e-17,0.16687603,0.0,0.09766217,0.09910595,0.09766217,5.1111747e-16,0.09813653,0.09848728,2.6763247e-17,0.030630603,0.0,0.099136315
80.110306,80.110306,83.713554,84.37304,81.95337,83.68629,85.17718,80.61859,77.396706,0.0,38.04493,-0.00017616131,-91.96456,46.433575,-21.816633,11.820467,4.979878,276.60355,53.439266,103.48264,22.871618,31.213938,15.143741,0.0,0.0,0.26627862,0.26747626,0.26627862,1.3094701e-15,0.27178094,0.4471843,6.7429e-17,0.28795752,0.0,0.09760457,0.098986484,0.09760457,5.3614687e-16,0.09820595,0.10458452,2.7607998e-17,0.08398162,0.0,0.09901547
79.3933,79.3933,82.970795,83.59828,81.251175,82.98365,84.43776,79.89117,76.6989,0.0,37.301693,-0.00017351615,-89.63612,47.353848,-21.791712,17.69535,4.502269,275.2166,53.0835,102.02858,22.258331,31.531145,15.120731,0.0,0.0,0.27127054,0.27652553,0.2712616,0.19842242,0.27126384,0.44892094,0.0,0.20826936,0.0,0.09765931,0.09886345,0.097665146,0.0682265,0.09766368,0.104899086,0.0,0.072474666,0.0,0.098895
78.72271,78.72271,82.2363,82.93961,80.63279,82.349045,83.83804,79.25381,76.02775,0.0,36.56218,-0.00017083684,-83.6223,45.147263,-20.859802,12.182371,5.044058,260.22495,51.813377,98.329544,21.20192,31.767826,15.294111,0.0,0.0,0.27075726,0.27750385,0.27074832,0.19604576,0.26632518,0.3262512,0.0,0.2090025,0.0,0.09712107,0.09874309,0.09712689,0.068453535,0.09777934,0.07991659,0.0,0.07409839,0.0,0.09877491
77.97787,77.97787,81.53655,82.26401,79.88094,81.63933,83.13382,78.34566,75.16092,0.0,35.862953,-0.00016921264,-87.902664,44.425434,-23.215252,11.109891,4.3738213,261.79312,51.985416,98.704185,21.720192,33.664074,16.021141,0.0,0.0,0.2658206,0.2899457,0.2658206,0.20364918,0.27546844,0.22497343,0.0,0.1996467,0.0,0.09725024,0.09861966,0.09725024,0.07120907,0.097648464,0.07074347,0.0,0.07222964,0.0,0.098655194
77.33307,77.33307,80.83729,81.62366,79.40538,81.11898,82.62253,78.14288,74.827835,0.0,35.15951,-0.00016647448,-82.70964,42.61987,-20.703772,9.113335,6.278468,248.79953,47.68392,91.7875,19.289845,30.289608,15.151385,0.0,0.0,0.27494603,0.2884512,0.27495107,0.2643116,0.27631152,0.22193536,0.19430651,0.2118669,0.0,0.09710167,0.09850079,0.09710289,0.092355296,0.09749268,0.07153411,0.065966316,0.075455934,0.0,0.09853585
76.69141,76.69141,80.17084,80.93983,78.793365,80.4861,81.97638,77.56012,74.29985,0.0,34.490982,-0.00016481311,-80.25179,43.15905,-19.440353,11.938183,5.5461297,242.11853,46.89601,90.43984,18.529757,29.908527,14.644798,0.0,0.0,0.27534395,0.3003035,0.2757896,0.27044624,0.28822196,0.19528796,0.19403148,0.19014531,0.0,0.09681895,0.09837813,0.0969454,0.09516746,0.09754289,0.067678146,0.067228846,0.06757189,0.0,0.09841688
76.06428,76.06428,79.521286,80.35493,78.18865,79.87797,81.3694,77.03312,73.82441,0.0,33.840405,-0.00016257542,-77.97189,41.122623,-19.226513,11.716088,4.7723074,238.75566,46.292717,88.75308,18.978266,28.87575,13.981972,0.0,0.0,0.28253642,0.30684283,0.28579843,0.26659358,0.28767732,0.18299109,0.20513608,0.1919309,0.0,0.096574016,0.09825743,0.0968247,0.095033,0.096971795,0.061640892,0.07017113,0.069395065,0.0,0.09829828
231.62245,167.3132,82.849075,84.81664,115.49519,89.709274,89.88602,108.53665,92.28343,0.0,35.78013,1867.3108,1413.2551,-32.385227,303.06073,87.44362,51.593334,-1615.0289,420.0413,-201.64073,-54.096497,76.13009,-32.700222,1867.3108,0.0,0.0,0.044841465,0.2747574,0.07287947,0.26948634,0.04208953,0.26838705,0.0,0.0,0.0,0.014270248,0.09586308,0.024471065,0.09467798,0.007801541,0.0930964,0.0,0.0,0.09531011
233.72627,170.38773,87.165375,89.08798,119.5173,93.88801,94.0886,112.53378,96.14595,0.0,40.11974,1852.0385,1402.3914,-30.569036,302.121,86.60429,51.87666,-1599.9028,416.1085,-198.81696,-53.527508,76.27753,-31.910791,1852.0385,0.0,0.0,0.03916329,0.2657439,0.0,0.026583048,0.27024442,0.26820323,0.2407484,0.0,0.0,0.013524449,0.09428752,0.0,0.009249274,0.092914,0.09474244,0.081231356,0.0,0.08637063
84.6312,84.6312,88.07743,88.852325,86.736145,88.398605,89.8773,85.581535,82.32392,0.0,42.39771,-0.00019137413,-76.85526,42.976562,-17.471342,14.003099,5.508491,242.54713,46.816055,90.200714,18.766157,28.86327,14.08927,0.0,0.0,0.0,0.2990663,0.26716954,0.0,0.0,0.26513663,0.0,0.26830393,0.0,0.0,0.08182339,0.093464,0.0,0.0,0.09377728,0.0,0.09312526,0.0,0.08185122
83.92867,83.92867,87.42167,88.16865,85.87963,87.615074,89.10819,84.416954,81.06585,0.0,41.74598,-0.0001884137,-81.60426,43.83397,-21.959301,11.385374,6.7223434,255.37018,50.79995,95.25398,20.437674,32.79488,16.339779,0.0,0.0,0.0,0.30837068,0.2756254,0.0,0.026444964,0.26617563,0.0,0.25843072,0.0,0.0,0.08171547,0.09432746,0.0,0.009192068,0.09309586,0.0,0.08843695,0.0,0.081749335
83.24266,83.24266,86.736244,87.47704,85.21339,86.93079,88.417404,83.84351,80.556526,0.0,41.059795,-0.00018691985,-81.66334,44.02207,-20.927168,12.624109,5.912647,252.98427,50.303482,95.2099,20.42225,31.654436,15.54245,0.0,0.0,0.0,0.29585543,0.2850039,0.0,0.06986896,0.27635273,0.0,0.21723099,0.0,0.0,0.08161721,0.094178416,0.0,0.02382202,0.09186364,0.0,0.074630424,0.0,0.08164773
82.47088,82.47088,86.05126,86.72884,84.30136,86.072556,87.56626,82.82222,79.46908,0.0,40.380024,-0.00018339421,-89.89995,45.906197,-23.891743,11.268852,6.7467866,268.91147,53.73984,101.72044,22.294542,32.993668,16.58037,0.0,0.0,0.0,0.297974,0.2962498,0.0,0.30727085,0.13869576,0.0,0.07337507,0.0,0.0,0.08151536,0.0941277,0.0,0.08056392,0.04130361,0.0,0.025546389,0.0,0.081546426
81.8093,81.8093,85.33254,86.045845,83.76694,85.472496,86.95647,82.391785,79.113434,0.0,39.657455,-0.00018083818,-84.554,44.849686,-20.224617,13.095968,5.7963867,257.2357,50.632687,97.30158,20.977703,31.720213,15.471503,0.0,0.0,0.30048418,0.28383395,0.30605265,0.0,0.29480213,0.12213488,0.0,0.0841084,0.0,0.079869024,0.08141792,0.08003255,0.0,0.08051438,0.036372032,0.0,0.029179374,0.0,0.081445396
81.10593,81.10593,84.63929,85.28778,83.03874,84.73723,86.213104,81.66343,78.250694,0.0,38.96626,-0.00017929077,-85.52238,46.751656,-19.795704,14.467186,7.4290185,263.5109,51.251774,98.885506,20.704763,31.72219,16.057999,0.0,0.0,0.2981733,0.2938626,0.29434153,0.0,0.29691428,0.24507344,0.0,0.09307679,0.0,0.07986361,0.081314676,0.08003218,0.0,0.08040584,0.082305975,0.0,0.0317315,0.0,0.08134466
80.41111,80.41111,83.93328,84.68479,82.385666,84.08649,85.58106,80.95869,77.65707,0.0,38.258198,-0.00017720969,-84.4509,43.695778,-19.937717,11.09193,6.1056337,257.25388,50.206913,96.79743,21.241392,32.360207,15.797494,0.0,0.0,0.29593697,0.28821352,0.296451,0.0,0.28282654,0.27129894,0.0,0.19653168,0.0,0.07983739,0.08121566,0.07992084,0.0,0.08036316,0.09153325,0.0,0.05577127,0.0,0.0812442
79.74659,79.74659,83.24365,83.971664,81.72522,83.440605,84.9242,80.34092,76.99637,0.0,37.566956,-0.00017457806,-82.00597,44.40854,-20.80842,13.162844,6.643494,252.21855,50.103893,95.11681,20.191032,31.83404,15.865423,0.0,0.0,0.28422937,0.29365456,0.28238544,0.19212374,0.29282022,0.27657402,0.0,0.22470085,0.0,0.07982906,0.08111412,0.07990136,0.051073253,0.080223314,0.09103362,0.0,0.058178373,0.0,0.08114402
79.06829,79.06829,82.56638,83.33342,81.029686,82.7873,84.27992,79.63874,76.44415,0.0,36.88924,-0.00017191358,-82.10769,43.219433,-23.17357,11.483324,4.541478,250.81125,50.538277,94.18563,20.30593,31.916483,15.397038,0.0,0.0,0.2884663,0.2982143,0.29236433,0.21487682,0.2871927,0.28260833,0.0,0.21139503,0.0,0.079608254,0.08101307,0.07974607,0.05530968,0.08014689,0.090909675,0.0,0.0570166,0.0,0.08104413
78.45344,78.45344,81.89954,82.826706,80.68577,82.39267,83.89604,79.502304,76.27386,0.0,36.215305,-0.00017083756,-76.843025,38.014236,-20.304886,9.154768,5.0804305,227.4547,43.287643,82.991875,17.845995,29.250534,14.311192,0.0,0.0,0.28904188,0.29945365,0.28674987,0.20892426,0.29261538,0.29140502,0.0,0.22781034,0.0,0.079466015,0.08091315,0.07967887,0.05644866,0.08002613,0.08210229,0.0,0.06060099,0.0,0.080944516
77.89239,77.89239,81.291145,82.20542,80.1328,81.8043,83.297905,79.13073,75.86679,0.0,35.60413,-0.00016921852,-71.764305,38.45504,-18.078396,11.28673,5.597709,217.75305,43.055748,82.11729,17.34962,26.737259,13.379536,0.0,0.0,0.2876911,0.32391715,0.2893531,0.26758808,0.29730234,0.2409349,0.0,0.20744039,0.0,0.07928164,0.08080714,0.07936137,0.07139597,0.07993791,0.066045046,0.0,0.057960283,0.0,0.080845185
77.3778,77.3778,80.71183,81.739746,79.72408,81.408966,82.913734,78.71358,75.466835,0.0,35.019024,-0.00016702518,-64.28023,34.402172,-18.946438,8.815494,5.352403,196.18065,39.909534,73.675545,15.495333,26.858595,13.40398,0.0,0.0,0.29170987,0.3355719,0.2921155,0.28739795,0.2978346,0.2283911,0.21451676,0.20517579,0.0,0.07907821,0.080704704,0.07910249,0.07766144,0.07967927,0.06403855,0.05450856,0.055229012,0.0,0.08074612
76.9124,76.9124,80.189705,81.31708,79.43661,81.07105,82.57486,78.64325,75.434006,0.0,34.491886,-0.00016592463,-57.047176,30.48695,-15.46421,9.051513,4.780989,175.75714,34.0803,64.3011,13.366897,23.569424,11.699474,0.0,0.0,0.29638472,0.36576724,0.29638135,0.29081064,0.3016825,0.20222856,0.20707415,0.20409034,0.0,0.07897622,0.08059651,0.07897556,0.077520534,0.07935974,0.05426601,0.055004,0.05595882,0.0,0.08064734
76.47966,76.47966,79.72171,80.916565,79.08238,80.70088,82.20541,78.493,75.33065,0.0,34.019623,-0.00016369754,-52.13017,27.566605,-14.21558,8.876816,3.9711626,156.5941,31.219116,58.815876,12.500765,20.075172,10.01252,0.0,0.0,0.2974753,0.40120068,0.2974753,0.28914002,0.32227486,0.17748508,0.2079272,0.20474125,0.0,0.07884209,0.08048578,0.07884209,0.077305935,0.07908785,0.049717613,0.055469062,0.055372115,0.0,0.08054884
