bulk_species_node [MG] at P @ dist64,bulk_species_node [MG] at P @ dist648,bulk_species_node [MG] at Chlorine @ dist64,bulk_species_node [MG] at Chlorine @ dist648,bulk_species_node [MG] at P @ dist356,bulk_species_node [MG] at Chlorine @ dist356,bulk_species_node [MG] at P @ dist399,bulk_species_node [MG] at Chlorine @ dist399,bulk_species_node [MG] at P @ dist420,bulk_species_node [MG] at Chlorine @ dist420,bulk_species_node [MG] at P @ dist485,bulk_species_node [MG] at Chlorine @ dist485,bulk_species_node [MG] at P @ dist606,bulk_species_node [MG] at Chlorine @ dist606,bulk_species_node [MG] at P @ dist1028,bulk_species_node [MG] at Chlorine @ dist1028,bulk_species_node [MG] at P @ dist1332,bulk_species_node [MG] at Chlorine @ dist1332,bulk_species_node [MG] at P @ dist1363,bulk_species_node [MG] at Chlorine @ dist1363,bulk_species_node [MG] at P @ dist1459,bulk_species_node [MG] at Chlorine @ dist1459,bulk_species_node [MG] at P @ dist1464,bulk_species_node [MG] at Chlorine @ dist1464,bulk_species_node [MG] at P @ dist1915,bulk_species_node [MG] at Chlorine @ dist1915
0.0,0.0,0.0,0.0,0.0,0.0,0.0,0.0,0.0,0.0,0.0,0.0,0.0,0.0,0.0,0.0,0.0,0.0,0.0,0.0,0.0,0.0,0.0,0.0,0.0,0.0
0.0,0.0,0.0,0.0,0.0,0.0,0.0,0.0,0.0,0.0,0.0,0.0,0.0,0.0,0.0,0.0,0.0,0.0,0.0,0.0,0.0,0.0,0.0,0.0,0.0,0.0
0.0,0.0,0.0,0.0,0.0,0.0,0.0,0.0,0.0,0.0,0.0,0.0,0.0,0.0,0.0,0.0,0.0,0.0,0.0,0.0,0.0,0.0,0.0,0.0,0.0,0.0
0.0,0.0,0.0,0.0,0.0,0.0,0.0,0.0,0.0,0.0,0.0,0.0,0.0,0.0,0.0,3.8589675e-05,0.0,0.0,0.0,1.0694039e-05,0.0,2.6291057e-06,0.0,1.3016084e-06,0.0,0.0
0.0,0.0,0.0,0.0,0.0,0.0,0.0,0.0,0.0,0.0,0.0,0.0,0.0,0.0,0.0,5.9955975e-05,0.0,0.0,0.0,3.3321863e-05,0.0,1.0893483e-05,0.0,5.6478457e-06,0.0,0.0
0.0,0.0,0.0,0.0,0.0,0.0,0.0,0.0,0.0,0.0,0.0,0.0,0.0,0.0,0.0,5.8994043e-05,0.0,3.373678e-08,0.0,3.2662858e-05,0.0,1.1111893e-05,0.0,6.0115613e-06,0.0,0.0
0.0,0.0,0.0,0.0,0.0,0.0,0.0,0.0,0.0,0.0,0.0,0.0,0.0,2.0238176e-08,0.0,5.9155278e-05,0.0,7.029292e-08,0.0,3.0534717e-05,0.0,9.55886e-06,0.0,4.822058e-06,0.0,0.0
0.0,0.0,0.0,0.0,0.0,0.0,0.0,0.0,0.0,0.0,0.0,0.0,0.0,4.0158525e-07,0.0,6.06666e-05,0.0,1.13139556e-07,0.0,2.9818788e-05,0.0,9.222158e-06,0.0,4.502898e-06,0.0,0.0
0.0,0.0,0.0,0.0,0.0,1.9718234e-06,0.0,6.3279165e-10,0.0,0.0,0.0,8.6069846e-08,0.0,9.410188e-07,0.0,6.0318856e-05,0.0,1.914773e-07,0.0,3.1282234e-05,0.0,1.01303e-05,0.0,5.26664e-06,0.0,0.0
0.0,0.0,0.0,0.0,0.0,6.9942175e-06,0.0,1.6427962e-09,0.0,0.0,0.0,2.8687606e-07,0.0,1.2399952e-06,0.0,5.9033835e-05,0.0,2.1090243e-07,0.0,3.1534808e-05,0.0,1.0629032e-05,0.0,5.5178602e-06,0.0,1.1607348e-11
0.0,0.0,0.0,0.0,0.0,6.5244535e-06,0.0,2.7191536e-09,0.0,0.0,0.0,3.323629e-07,0.0,1.1829255e-06,0.0,6.04818e-05,0.0,1.6824615e-07,0.0,2.988807e-05,0.0,9.250238e-06,0.0,4.669177e-06,0.0,7.763518e-11
0.0,0.0,0.0,0.0,0.0,6.057639e-06,0.0,2.3937217e-09,0.0,0.0,0.0,3.6831173e-07,0.0,1.0548267e-06,0.0,6.0053175e-05,0.0,1.3564915e-07,0.0,2.9360033e-05,0.0,8.5906595e-06,0.0,4.1530748e-06,0.0,1.0930903e-10
0.0,0.0,0.0,0.0,0.0,6.47383e-06,0.0,1.5780611e-09,0.0,0.0,0.0,4.2000892e-07,0.0,1.0920226e-06,0.0,6.0938408e-05,0.0,1.458314e-07,0.0,3.0026407e-05,0.0,8.685741e-06,0.0,4.2158654e-06,0.0,2.0244292e-10
0.0,0.0,0.0,0.0,0.0,6.633605e-06,0.0,1.9097643e-09,0.0,0.0,0.0,4.41059e-07,0.0,1.1449995e-06,0.0,6.219739e-05,0.0,1.5410359e-07,0.0,2.8762244e-05,0.0,8.427154e-06,0.0,4.0741243e-06,0.0,2.0328539e-10
0.0,0.0,0.0,0.0,0.0,6.272418e-06,0.0,2.5778542e-09,0.0,0.0,0.0,3.8778526e-07,0.0,9.9557e-07,0.0,6.1881445e-05,0.0,1.2043432e-07,0.0,2.8408567e-05,0.0,8.981664e-06,0.0,4.2148718e-06,0.0,2.0424115e-10
0.0,0.0,0.0,0.0,0.0,5.8594405e-06,0.0,2.0393733e-09,0.0,0.0,0.0,3.1876078e-07,0.0,8.652231e-07,0.0,6.274611e-05,0.0,9.0203535e-08,0.0,2.6666958e-05,0.0,7.664946e-06,0.0,3.4086713e-06,0.0,1.0666772e-10
0.0,0.0,0.0,9.300197e-18,0.0,6.0036014e-06,0.0,3.7621176e-10,0.0,1.9372766e-05,0.0,2.7872025e-07,0.0,8.6190255e-07,0.0,6.228858e-05,0.0,8.605767e-08,0.0,2.7835214e-05,0.0,8.4713565e-06,0.0,3.88037e-06,0.0,1.1937855e-10
0.0,0.0,0.0,3.2440175e-19,0.0,5.888714e-06,0.0,1.6636519e-09,0.0,2.2994262e-05,0.0,2.9476192e-07,0.0,8.021737e-07,0.0,6.277819e-05,0.0,7.424184e-08,0.0,2.733014e-05,0.0,8.290413e-06,0.0,3.8206294e-06,0.0,1.3129538e-10
0.0,0.0,0.0,2.9726488e-19,0.0,5.9554286e-06,0.0,2.01005e-09,0.0,1.8798744e-05,0.0,3.399886e-07,0.0,7.943329e-07,0.0,6.2569765e-05,0.0,6.920424e-08,0.0,2.7715994e-05,0.0,8.170417e-06,0.0,3.659467e-06,0.0,8.497215e-09
0.0,0.0,0.0,5.766105e-20,0.0,5.9855506e-06,0.0,3.6777665e-09,0.0,1.9038567e-05,0.0,3.1790802e-07,0.0,7.063118e-07,0.0,6.362124e-05,0.0,6.3317685e-08,0.0,2.6992868e-05,0.0,7.940959e-06,0.0,3.610055e-06,0.0,1.0883624e-08
0.0,0.0,0.0,0.0,0.0,4.9373384e-06,0.0,2.1758784e-09,0.0,1.857367e-05,0.0,2.4570483e-07,0.0,5.2292245e-07,0.0,6.168439e-05,0.0,4.7974684e-08,0.0,2.6287487e-05,0.0,7.543534e-06,0.0,3.2636462e-06,0.0,8.281762e-09
0.0,0.0,0.0,0.0,0.0,4.7999933e-06,0.0,2.5527442e-09,0.0,2.1986918e-05,0.0,2.1705281e-07,0.0,4.0217347e-07,0.0,6.232106e-05,0.0,4.152011e-08,0.0,2.6052985e-05,0.0,7.3258434e-06,0.0,3.1660131e-06,0.0,7.5801205e-09
0.0,0.0,0.0,0.0,0.0,4.890679e-06,0.0,8.2075796e-10,0.0,2.6432726e-05,0.0,2.0444347e-07,0.0,4.0261327e-07,0.0,6.240016e-05,0.0,3.9690097e-08,0.0,2.6482832e-05,0.0,7.4887193e-06,0.0,3.1893242e-06,0.0,6.98568e-09
0.0,0.0,0.0,0.0,0.0,4.460682e-06,0.0,3.4501052e-10,0.0,1.913143e-05,0.0,1.6093621e-07,0.0,3.7705496e-07,0.0,6.0966056e-05,0.0,3.3338413e-08,0.0,2.678028e-05,0.0,7.569377e-06,0.0,3.253984e-06,0.0,6.9595036e-09
0.0,0.0,0.0,0.0,0.0,4.4524495e-06,0.0,2.5614913e-10,0.0,2.9370984e-05,0.0,1.6345656e-07,0.0,3.373045e-07,0.0,6.236086e-05,0.0,3.0368277e-08,0.0,2.5373924e-05,0.0,6.9267903e-06,0.0,2.936087e-06,0.0,6.4361263e-09
0.0,0.0,0.0,0.0,0.0,4.042265e-06,0.0,2.8799016e-10,0.0,2.5463965e-05,0.0,1.3218568e-07,0.0,2.4872426e-07,0.0,6.292853e-05,0.0,2.3036668e-08,0.0,2.3049506e-05,0.0,6.020287e-06,0.0,2.3459127e-06,0.0,4.462106e-09
0.0,0.0,0.0,3.0412388e-15,0.0,4.113997e-06,0.0,3.3169378e-10,0.0,2.4600202e-05,0.0,1.3772429e-07,0.0,2.69037e-07,0.0,6.1902865e-05,0.0,2.2748075e-08,0.0,2.447387e-05,0.0,6.412088e-06,0.0,2.577453e-06,0.0,4.549563e-09
0.0,0.0,0.0,0.0,0.0,4.185869e-06,0.0,1.946586e-10,0.0,1.615219e-05,0.0,1.2015887e-07,0.0,2.6713434e-07,0.0,6.1859246e-05,0.0,2.1746501e-08,0.0,2.5094294e-05,0.0,6.4487676e-06,0.0,2.6182665e-06,0.0,4.1988653e-09
0.0,0.0,0.0,0.0,0.0,4.2995644e-06,0.0,5.4309175e-11,0.0,2.2520895e-05,0.0,1.18014135e-07,0.0,2.3147113e-07,0.0,6.191665e-05,0.0,2.0953154e-08,0.0,2.553101e-05,0.0,6.5169834e-06,0.0,2.5332365e-06,0.0,3.5374947e-09
0.0,0.0,0.0,6.550874599999999e-18,0.0,3.897057e-06,0.0,2.3498944e-10,0.0,2.2808188e-05,0.0,9.876011e-08,0.0,2.3100911e-07,0.0,6.2018065e-05,0.0,1.610211e-08,0.0,2.3707391e-05,0.0,6.165919e-06,0.0,2.401534e-06,0.0,3.3917202e-09
0.0,0.0,0.0,6.7697785e-18,0.0,3.8531007e-06,0.0,3.004912e-10,0.0,1.5718824e-05,0.0,1.086077e-07,0.0,1.8753114e-07,0.0,6.1893246e-05,0.0,1.19321335e-08,0.0,2.4203819e-05,0.0,6.2076397e-06,0.0,2.5040106e-06,0.0,3.814621e-09
0.0,0.0,0.0,5.8695686e-18,0.0,4.3511377e-06,0.0,2.1535333e-10,0.0,2.0014602e-05,0.0,1.14419734e-07,0.0,2.5846725e-07,0.0,6.3401865e-05,0.0,1.6485998e-08,0.0,2.4477844e-05,0.0,6.311567e-06,0.0,2.6019488e-06,0.0,4.370616e-09
0.0,0.0,0.0,4.588068999999999e-19,0.0,4.103363e-06,0.0,1.04294295e-10,0.0,2.2273662e-05,0.0,7.400601e-08,0.0,1.9956519e-07,0.0,6.367384e-05,0.0,1.5104431e-08,0.0,2.3135588e-05,0.0,5.591063e-06,0.0,2.198136e-06,0.0,3.2486094e-09
0.0,0.0,0.0,1.3326993999999998e-19,0.0,4.5969464e-06,0.0,1.9883759e-10,0.0,2.3219049e-05,0.0,9.592744e-08,0.0,3.0822073e-07,0.0,6.4273176e-05,0.0,1.7596522e-08,0.0,2.3810333e-05,0.0,6.1604856e-06,0.0,2.402056e-06,0.0,3.4224805e-09
0.0,0.0,0.0,0.0,0.0,4.5718702e-06,0.0,3.097171e-10,0.0,1.3988052e-05,0.0,1.2724637e-07,0.0,2.6718016e-07,0.0,6.47015e-05,0.0,1.9721911e-08,0.0,2.3291868e-05,0.0,5.994296e-06,0.0,2.4111812e-06,0.0,3.6926133e-09
0.0,0.0,0.0,0.0,0.0,5.104176e-06,0.0,6.174412e-13,0.0,1.3153655e-05,0.0,1.2769212e-07,0.0,3.596535e-07,0.0,6.361861e-05,0.0,2.9343044e-08,0.0,2.5962609e-05,0.0,7.64694e-06,0.0,3.2751232e-06,0.0,5.2704663e-09
0.0,0.0,0.0,0.0,0.0,5.1336683e-06,0.0,2.4861907e-10,0.0,1.40771945e-05,0.0,1.5903547e-07,0.0,4.451934e-07,0.0,6.3618194e-05,0.0,3.8641996e-08,0.0,2.551967e-05,0.0,7.2355683e-06,0.0,3.1337406e-06,0.0,6.223869e-09
0.0,0.0,0.0,0.0,0.0,5.3461604e-06,0.0,3.210911e-09,0.0,1.5313093e-05,0.0,2.4796503e-07,0.0,5.327411e-07,0.0,6.322436e-05,0.0,4.693591e-08,0.0,2.6411088e-05,0.0,7.5482217e-06,0.0,3.3198974e-06,0.0,7.298669e-09
0.0,0.0,0.0,5.317378e-15,0.0,4.6974465e-06,0.0,8.6241286e-10,0.0,1.4612884e-05,0.0,1.9586369e-07,0.0,4.224677e-07,0.0,6.268856e-05,0.0,3.5484444e-08,0.0,2.4731771e-05,0.0,6.753634e-06,0.0,2.8708384e-06,0.0,6.029528e-09
0.0,0.0,0.0,9.966727e-15,0.0,4.496744e-06,0.0,3.817682e-10,0.0,1.6787204e-05,0.0,1.6710447e-07,0.0,3.1761107e-07,0.0,6.295189e-05,0.0,2.8927111e-08,0.0,2.4679268e-05,0.0,6.6925745e-06,0.0,2.8055592e-06,0.0,5.545316e-09
0.0,0.0,0.0,2.5004247e-15,0.0,2.2533436e-06,0.0,7.4969964e-10,0.0,1.982641e-05,0.0,1.4383367e-07,0.0,3.7382821e-07,0.0,1.4946943e-05,0.0,4.0600185e-08,0.0,2.277849e-05,0.0,6.880432e-06,0.0,3.1512504e-06,0.0,7.86072e-09
0.0,0.0,0.0,9.451087e-16,0.0,7.957771e-07,0.0,2.266249e-10,0.0,2.67686e-05,0.0,8.4771344e-08,0.0,3.244376e-07,0.0,3.5737419e-06,0.0,4.0981778e-08,0.0,7.2659486e-06,0.0,2.6482671e-06,0.0,1.380929e-06,0.0,5.5903935e-09
0.0,0.0,0.0,1.1859589e-08,0.0,2.4629466e-07,0.0,1.554668e-10,0.0,2.918456e-05,0.0,4.522096e-08,0.0,1.7929412e-07,0.0,8.670641e-07,0.0,2.8928206e-08,0.0,2.3211308e-06,0.0,8.176572e-07,0.0,4.619905e-07,0.0,2.622089e-09
0.0,0.0,0.0,1.6754695e-08,0.0,1.7475608e-07,0.0,7.296825e-11,0.0,2.4534838e-05,0.0,2.0802483e-08,0.0,1.1610228e-07,0.0,1.8468223e-06,0.0,1.6588643e-08,0.0,7.6182704e-07,0.0,2.0531103e-07,0.0,1.308873e-07,0.0,1.2413853e-09
0.0,0.0,0.0,2.6947687e-08,0.0,4.879002e-08,0.0,5.914691e-11,0.0,2.1895588e-05,0.0,1.1446603e-08,0.0,6.7028274e-08,0.0,1.9174383e-06,0.0,9.597736e-09,0.0,4.7681286e-07,0.0,5.156571e-08,0.0,3.5147416e-08,0.0,5.3144505e-10
0.0,0.0,0.0,2.783632e-08,0.0,1.2201383e-08,0.0,1.5688775e-11,0.0,2.1505417e-05,0.0,4.357171e-09,0.0,4.385874e-08,0.0,2.0934815e-06,0.0,4.9276045e-09,0.0,3.3489476e-07,0.0,3.348401e-08,0.0,1.7468674e-08,0.0,2.0519662e-10
0.0,0.0,0.0,5.7958566e-08,0.0,3.0169158e-09,0.0,4.3937052e-11,0.0,2.396472e-05,0.0,2.4908682e-09,0.0,2.5112847e-08,0.0,2.3342898e-06,0.0,2.5769265e-09,0.0,4.2263187e-07,0.0,5.9697114e-09,0.0,4.4062336e-09,0.0,8.996189e-11
0.0,0.0,0.0,5.5712334e-08,0.0,7.4050927e-10,0.0,4.373866e-11,0.0,1.916344e-05,0.0,1.2886932e-09,0.0,1.04374775e-08,0.0,2.477185e-06,0.0,1.4182124e-09,0.0,6.7086717e-07,0.0,2.2390644e-08,0.0,1.0450988e-08,0.0,5.1125264e-11
0.0,0.0,0.0,7.837268e-08,0.0,1.8168314e-10,0.0,1.2557462e-11,0.0,1.8346176e-05,0.0,5.507121e-10,0.0,4.7490474e-09,0.0,2.5459706e-06,0.0,9.2963864e-10,0.0,7.758816e-07,0.0,2.7574117e-08,0.0,1.8482406e-09,0.0,2.3891337e-11
0.0,0.0,0.0,9.207266e-08,0.0,4.5072827e-11,0.0,2.7359252e-12,0.0,2.6008422e-05,0.0,1.9363992e-10,0.0,1.9144e-09,0.0,2.47408e-06,0.0,4.8405463e-10,0.0,7.930744e-07,0.0,2.3107908e-08,0.0,8.245039e-09,0.0,9.546438e-12
0.0,0.0,0.0,8.0345174e-08,0.0,1.13279264e-11,0.0,9.127471e-13,0.0,2.5122912e-05,0.0,7.2370936e-11,0.0,7.3709727e-10,0.0,2.139591e-06,0.0,3.08753e-10,0.0,6.2501556e-07,0.0,1.544347e-08,0.0,2.3857007e-09,0.0,3.11794e-12
0.0,0.0,0.0,8.588091e-08,0.0,2.8000818e-12,0.0,3.421078e-13,0.0,2.106445e-05,0.0,3.368915e-11,0.0,2.765585e-10,0.0,2.051889e-06,0.0,3.5967343e-10,0.0,7.6386095e-07,0.0,2.0157595e-08,0.0,1.82493e-09,0.0,1.1163044e-12
0.0,0.0,0.0,1.5285524e-07,0.0,6.7253955e-13,0.0,4.8920476e-14,0.0,2.8616389e-05,0.0,1.3687435e-11,0.0,1.526074e-10,0.0,4.1338817e-06,0.0,8.718887e-10,0.0,8.9512434e-07,0.0,3.1613972e-08,0.0,3.6173606e-09,0.0,5.5737825e-13
0.0,0.0,0.0,1.3166238e-07,0.0,3.1089857e-12,0.0,2.0654045e-14,0.0,3.2045067e-05,0.0,6.421786e-12,0.0,7.194481e-11,0.0,6.587102e-06,0.0,1.470843e-09,0.0,2.2027766e-06,0.0,6.124764e-08,0.0,5.514785e-09,0.0,1.6803113e-13
0.0,0.0,2.3215316e-13,1.5503862e-07,0.0,8.338583e-12,0.0,4.1437272e-14,0.0,4.650798e-05,0.0,3.343193e-12,0.0,3.5821717e-11,0.0,6.8490394e-06,0.0,1.5602178e-09,0.0,2.7589733e-06,0.0,1.1910747e-07,0.0,1.0059278e-08,0.0,4.5519856e-14
0.0,0.0,1.243877e-13,1.04346206e-07,0.0,1.3039615e-11,0.0,3.4601686e-14,0.0,5.5002387e-05,0.0,2.1246167e-12,0.0,2.1221105e-11,0.0,6.5310337e-06,0.0,1.4920365e-09,0.0,2.4322126e-06,0.0,1.2254728e-07,0.0,1.8065027e-08,0.0,1.3097987e-14
0.0,0.0,4.8980832e-14,8.779657e-08,0.0,1.7645128e-11,0.0,1.2210603e-14,0.0,4.016613e-05,0.0,9.572918e-13,0.0,1.31087415e-11,0.0,6.7087185e-06,0.0,1.5403496e-09,0.0,2.1569126e-06,0.0,9.9109e-08,0.0,1.9642034e-08,0.0,3.505534e-15
0.0,0.0,4.8980832e-14,4.4457078e-08,0.0,4.741994e-11,0.0,1.549654e-14,0.0,3.6083493e-05,0.0,1.1380479e-12,0.0,5.2517837e-11,0.0,7.106881e-06,0.0,1.4547459e-09,0.0,2.3472198e-06,0.0,8.075458e-08,0.0,2.154888e-08,0.0,9.93384e-16
0.0,0.0,3.6881038e-14,7.501849e-08,0.0,5.4832285e-11,0.0,4.1794672e-15,0.0,3.9066115e-05,0.0,2.0315126e-13,0.0,1.3507137e-10,0.0,7.393352e-06,0.0,9.38881e-10,0.0,3.310324e-06,0.0,1.3518871e-07,0.0,3.203204e-08,0.0,2.7930623000000003e-16
0.0,0.0,3.6881038e-14,1.7912838e-07,0.0,1.7335776e-10,0.0,1.6554782e-15,0.0,4.2477935e-05,0.0,9.030329e-14,0.0,2.835507e-10,0.0,6.74303e-06,0.0,8.522441e-10,0.0,4.496351e-06,0.0,2.1015386e-07,0.0,4.9390323e-08,0.0,8.4855417e-17
0.0,0.0,2.7767678e-14,3.767529e-07,0.0,2.739318e-10,0.0,2.9678674000000003e-16,0.0,3.6714155e-05,0.0,9.89959e-14,0.0,5.438071e-10,0.0,6.8504464e-06,0.0,8.000001e-10,0.0,5.4052484e-06,0.0,2.715707e-07,0.0,4.6592085e-08,0.0,2.6119593e-17
0.0,0.0,2.3664029e-14,3.442021e-07,0.0,3.7327472e-10,0.0,2.2153022e-16,0.0,4.1789142e-05,0.0,1.1672268e-12,0.0,1.5359292e-09,0.0,6.947349e-06,0.0,8.7830687e-10,0.0,5.3711738e-06,0.0,2.827439e-07,0.0,5.7378163e-08,0.0,8.726747e-18
0.0,0.0,8.022808e-15,3.4133026e-07,0.0,5.082995e-10,0.0,1.04636435e-16,0.0,6.310801e-05,0.0,8.2834743e-13,0.0,4.478619e-09,0.0,9.391492e-06,0.0,6.838214e-10,0.0,5.751451e-06,0.0,4.6000835e-07,0.0,1.4684254e-07,0.0,3.2109931e-18
0.0,0.0,6.009561e-15,2.620706e-07,0.0,6.778514e-10,0.0,5.3052387e-17,0.0,7.355839e-05,0.0,2.9118066e-12,0.0,8.122251e-09,0.0,1.2160762e-05,0.0,5.9270167e-10,0.0,7.30116e-06,0.0,7.406689e-07,0.0,2.6862676e-07,0.0,1.5793038e-18
0.0,0.0,2.3430846e-15,2.5247658e-07,0.0,1.1590564e-09,0.0,7.635342000000001e-17,0.0,9.196467e-05,0.0,2.9521663e-11,0.0,1.4677789e-08,0.0,1.3112993e-05,0.0,7.671906e-10,0.0,1.1393254e-05,0.0,1.1496676e-06,0.0,4.586044e-07,0.0,6.109663999999999e-19
0.0,0.0,2.2221935e-15,2.530282e-07,0.0,2.0220414e-09,0.0,3.9364318e-17,0.0,0.00010591538,0.0,3.2340727e-11,0.0,2.6659613e-08,0.0,1.4329021e-05,0.0,1.2574991e-09,0.0,1.19856195e-05,0.0,1.5527697e-06,0.0,6.7369757e-07,0.0,2.4958621e-19
0.0,0.0,2.2221933e-15,2.7626086e-07,0.0,3.6162808e-09,0.0,3.0818370000000005e-17,0.0,9.766637e-05,0.0,5.99763e-11,0.0,4.360646e-08,0.0,1.5816338e-05,0.0,4.882005e-09,0.0,1.285995e-05,0.0,1.7308151e-06,0.0,7.9860433e-07,0.0,3.8530085e-18
0.0,0.0,2.222193e-15,2.408096e-07,0.0,1.0516754e-08,0.0,4.5446554e-17,0.0,9.006107e-05,0.0,1.3554731e-10,0.0,7.5542474e-08,0.0,1.6162297e-05,0.0,9.799314e-09,0.0,1.3508842e-05,0.0,2.0391046e-06,0.0,9.498815e-07,0.0,5.354333e-18
0.0,0.0,2.2221928e-15,1.9026784e-07,0.0,1.7381797e-08,0.0,2.5228855e-16,0.0,9.0052104e-05,0.0,3.164892e-10,0.0,1.3894143e-07,0.0,1.6082937e-05,0.0,1.4880876e-08,0.0,1.5707963e-05,0.0,3.0120943e-06,0.0,1.5711132e-06,0.0,9.602939e-17
0.0,0.0,2.2221926e-15,2.1686368e-07,0.0,2.3815831e-08,0.0,9.641909e-16,0.0,0.00012284907,0.0,7.52854e-10,0.0,2.8957498e-07,0.0,1.6465052e-05,0.0,2.114022e-08,0.0,1.7950222e-05,0.0,3.4335976e-06,0.0,1.890211e-06,0.0,1.6981553e-15
0.0,0.0,2.2221924e-15,2.619945e-07,0.0,2.9416437e-08,0.0,1.737607e-14,0.0,0.0001361865,0.0,1.6401518e-09,0.0,4.8292105e-07,0.0,1.5995553e-05,0.0,4.405943e-08,0.0,1.8363042e-05,0.0,3.5609735e-06,0.0,1.9946087e-06,0.0,1.61397e-14
0.0,0.0,1.265084e-15,2.0623541e-07,0.0,4.5739334e-08,0.0,6.754848e-14,0.0,0.00012247093,0.0,2.8658818e-09,0.0,6.221698e-07,0.0,1.6798922e-05,0.0,8.9927994e-08,0.0,1.8616804e-05,0.0,3.83598e-06,0.0,2.2125826e-06,0.0,8.567878e-14
0.0,0.0,9.585202e-16,2.5903663e-07,0.0,6.571031e-08,0.0,5.699421e-14,0.0,0.00013100934,0.0,3.897011e-09,0.0,7.3690677e-07,0.0,1.8092496e-05,0.0,1.6878671e-07,0.0,1.8499737e-05,0.0,4.2603574e-06,0.0,2.5796264e-06,0.0,1.0885494e-12
0.0,0.0,6.941667e-16,2.57567e-07,0.0,8.641235e-08,0.0,5.980261e-13,0.0,0.00014695669,0.0,6.4417183e-09,0.0,1.0042363e-06,0.0,1.8363738e-05,0.0,2.5872845e-07,0.0,2.023366e-05,0.0,4.9608802e-06,0.0,3.0569522e-06,0.0,7.385497e-12
0.0,0.0,1.2707505e-16,3.3168143e-07,0.0,1.0714436e-07,0.0,6.86704e-13,0.0,0.0002425227,0.0,1.0249755e-08,0.0,1.387909e-06,0.0,1.9213472e-05,0.0,3.42813e-07,0.0,2.3600012e-05,0.0,5.7748894e-06,0.0,3.6775693e-06,0.0,3.94993e-11
0.0,0.0,2.3344501000000002e-17,5.5672325e-07,0.0,1.2648127e-07,0.0,1.6691237e-11,0.0,0.0003851328,0.0,1.6967988e-08,0.0,1.6285824e-06,0.0,2.0934032e-05,0.0,3.972284e-07,0.0,2.5915724e-05,0.0,6.75265e-06,0.0,4.390763e-06,0.0,8.94079e-11
0.0,0.0,4.4009714e-18,8.597483e-07,0.0,1.4178144e-07,0.0,4.9227778e-11,0.0,0.0010816044,0.0,2.1596968e-08,0.0,1.7998601e-06,0.0,2.4782488e-05,0.0,4.710031e-07,0.0,2.7845157e-05,0.0,7.5469534e-06,0.0,4.7754584e-06,0.0,1.6070195e-10
0.0,0.0,8.434157999999999e-19,9.5153575e-07,0.0,1.57273e-07,0.0,7.224816e-11,0.0,0.018034905,0.0,2.8113343e-08,0.0,2.1640578e-06,0.0,3.8275863e-05,0.0,6.593719e-07,0.0,3.5470912e-05,0.0,9.004279e-06,0.0,5.7294105e-06,0.0,4.5697754e-10
0.0,0.0,2.0039328e-19,1.3747549e-06,0.0,1.8749924e-07,0.0,2.797279e-10,0.0,0.032290757,0.0,3.7195772e-08,0.0,2.5726602e-06,0.0,4.783938e-05,0.0,8.6352003e-07,0.0,4.335044e-05,0.0,1.1113235e-05,0.0,7.113225e-06,0.0,8.405172e-10
0.0,0.0,1.6664709e-20,2.9941236e-07,0.0,4.1262143e-07,0.0,3.4594813e-10,0.0,0.003805024,0.0,4.600604e-08,0.0,3.1871896e-06,0.0,7.920501e-05,0.0,1.0515114e-06,0.0,5.7194782e-05,0.0,1.5085306e-05,0.0,9.95777e-06,0.0,1.6669786e-09
0.0,0.0,2.5346573e-20,1.1648294e-07,0.0,6.4277623e-07,0.0,4.2444986e-10,0.0,0.057159398,0.0,6.8737776e-08,0.0,4.522375e-06,0.0,9.100322e-05,0.0,1.2536832e-06,0.0,7.524808e-05,0.0,2.0131612e-05,0.0,1.3280993e-05,0.0,3.0493525e-09
0.0,0.0,1.2050168e-20,5.5847286e-06,0.0,1.0673112e-06,0.0,8.927561e-10,0.0,0.01211917,0.0,1.2279015e-07,0.0,6.9409316e-06,0.0,0.0001278766,0.0,1.5237854e-06,0.0,0.00011743141,0.0,3.1127118e-05,0.0,2.0463947e-05,0.0,4.7246864e-09
0.0,0.0,5.586657e-20,1.5703385e-08,0.0,1.2201376e-06,0.0,8.6819596e-10,0.0,0.07184864,0.0,1.8980019e-07,0.0,9.914374e-06,0.0,0.00013874867,0.0,1.8422058e-06,0.0,0.00015200717,0.0,3.5504498e-05,0.0,2.412068e-05,0.0,5.9320215e-09
0.0,0.0,3.5290526e-19,4.7184704e-07,0.0,2.0442105e-06,0.0,8.7494606e-10,0.0,0.0198799,0.0,2.5783856e-07,0.0,1.4524032e-05,0.0,0.00029064197,0.0,2.6430325e-06,0.0,0.00025025,0.0,7.151987e-05,0.0,4.8456845e-05,0.0,9.387996e-09
0.0,0.0,5.9158034e-19,3.806549e-07,0.0,2.6798623e-06,0.0,1.983853e-09,0.0,0.01102494,0.0,4.1128877e-07,0.0,2.2937304e-05,0.0,0.00051111553,0.0,4.1448384e-06,0.0,0.000533936,0.0,0.00018955003,0.0,0.0001249734,0.0,2.0865214e-08
0.0,0.0,2.1611374e-19,3.609801e-07,0.0,5.217069e-06,0.0,2.8079195e-09,0.0,0.08946164,0.0,5.3065577e-07,0.0,3.3906395e-05,0.0,0.00024081588,0.0,6.2035037e-06,0.0,0.00041896894,0.0,7.2116825e-05,0.0,5.63582e-05,0.0,3.9020012e-08
0.0,0.0,4.2547569999999996e-20,3.1540498e-10,0.0,1.2366272e-05,0.0,1.1844715e-08,0.0,0.13085318,0.0,9.976698e-07,0.0,6.480853e-05,0.0,0.0009171284,0.0,1.0552622e-05,0.0,0.0007547477,0.0,0.00010127945,0.0,6.775388e-05,0.0,6.441907e-08
0.0,0.0,1.5844694e-19,1.4128207e-10,0.0,7.792643e-06,0.0,1.39114364e-08,0.0,0.07266776,0.0,2.636194e-06,0.0,0.00013292875,0.0,0.00050854683,0.0,2.353818e-05,0.0,0.0015367358,0.0,0.00020635614,0.0,0.0001465111,0.0,1.176786e-07
0.0,0.0,3.5705962e-20,5.6928805e-11,0.0,4.1670464e-05,0.0,3.089725e-08,0.0,0.13320675,0.0,2.6433895e-06,0.0,0.00025786512,0.0,0.00070634607,0.0,4.1289008e-05,0.0,0.0029124857,0.0,0.00026780902,0.0,0.0001914567,0.0,2.4364303e-07
0.0,0.0,3.5699348e-20,1.2099517e-10,0.0,1.6402231e-05,0.0,4.3571905e-08,0.0,0.13740681,0.0,7.2886055e-06,0.0,0.0006816601,0.0,0.0013043028,0.0,4.18461e-05,0.0,0.0032312456,0.0,0.0015148681,0.0,0.0010259715,0.0,4.2942492e-07
0.0,0.0,9.090432e-20,6.884404e-11,0.0,1.7936958e-05,0.0,1.2374984e-07,0.0,0.0050590835,0.0,8.555897e-06,0.0,0.006519352,0.0,0.00078675756,0.0,6.2328625e-05,0.0,0.022527415,0.0,0.009951006,0.0,0.006496228,0.0,5.6959055e-07
0.0,0.0,4.8994135e-19,9.125563e-12,0.0,6.022995e-05,0.0,1.2716568e-07,0.0,0.2629215,0.0,8.985105e-06,0.0,0.7209685,0.0,0.0017289759,0.0,9.878853e-05,0.0,0.0034327072,0.0,0.026839476,0.0,0.01848227,0.0,6.155796e-07
0.0,0.0,1.5747975e-18,1.0967641e-11,0.0,2.4196415e-05,0.0,3.5081757e-07,0.0,0.15480475,0.0,0.08253023,0.0,0.35573635,0.0,0.0009353188,0.0,0.0002767245,0.0,0.079523124,0.0,0.009472951,0.0,0.0077746003,0.0,8.989719e-07
0.0,0.0,1.5298934e-18,3.573503e-12,0.0,7.457306e-05,0.0,6.4388246e-07,0.0,0.021227097,0.0,0.12446628,0.0,0.02095105,0.0,0.0011585099,0.0,0.013924926,0.0,0.044117443,0.0,0.039827887,0.0,0.029794026,0.0,1.2934224e-06
0.0,0.0,4.445275e-19,1.1131087e-12,0.0,2.9528393e-05,0.0,3.9723352e-07,0.0,0.0125079,0.0,0.11583204,0.0,0.13585187,0.0,0.0019666976,0.0,0.8601025,0.0,0.21364976,0.0,0.028524265,0.0,0.020750457,0.0,3.7235973e-06
0.0,0.0,1.3905404e-19,2.2967349e-13,0.0,2.475584e-05,0.0,2.8988657e-07,0.0,0.023704479,0.0,0.12336271,0.0,0.12700474,0.0,0.00087604515,0.0,0.29486814,0.0,0.33360606,0.0,0.00961179,0.0,0.008404802,0.0,4.1651907e-05
0.0,0.0,1.8030299e-19,2.7943241e-14,0.0,6.2061146e-05,0.0,4.534844e-07,0.0,0.02495349,0.0,0.091130234,0.0,0.10543782,0.0,0.0012706127,0.0,0.30439386,0.0,0.18501809,0.0,0.0017439144,0.0,0.0016931909,0.0,0.10169029
0.0,0.0,6.897649e-20,3.7947262e-15,0.0,2.906659e-05,0.0,3.7387406e-07,0.0,0.0035888518,0.0,0.055474833,0.0,0.09196504,0.0,0.0015615944,0.0,0.18533023,0.0,0.17328161,0.0,0.041502394,0.0,0.028369082,0.0,0.008299846
0.0,0.0,7.7324055e-20,2.002115e-15,0.0,3.8037095e-05,0.0,7.2766903e-07,0.0,0.01653303,0.0,0.02293858,0.0,0.1915435,0.0,0.0022572733,0.0,0.12518124,0.0,0.24604905,0.0,0.12286051,0.0,0.08498378,0.0,0.32155684
0.0,0.0,7.046443999999999e-19,3.7856003e-15,0.0,4.88609e-05,0.0,8.0577115e-07,0.0,0.16289935,0.0,0.0026323611,0.0,0.28343418,0.0,0.0013814119,0.0,0.10225417,0.0,0.2883349,0.0,0.10752497,0.0,0.09776524,0.0,0.14387928
0.0,0.0,1.2284765999999998e-18,4.2654644e-15,0.0,0.000118485594,0.0,9.928704e-07,0.0,0.14115189,0.0,0.021183638,0.0,0.393223,0.0,0.0024000835,0.0,0.28173202,0.0,0.1613386,0.0,0.03522786,0.0,0.03745163,0.0,0.1276004
0.0,0.0,1.2280964999999998e-18,3.3613056e-15,0.0,4.1906816e-05,0.0,7.398531e-07,0.0,0.04976345,0.0,0.022371914,0.0,0.13288473,0.0,0.0014993519,0.0,0.44035947,0.0,0.020926533,0.0,0.041233733,0.0,0.029010177,0.0,0.15103278
0.0,0.0,1.260849e-18,2.152279e-15,0.0,0.00011418325,0.0,4.709901e-07,0.0,0.051629577,0.0,0.033249706,0.0,0.12085714,0.0,0.0025953783,0.0,0.69246,0.0,0.009079103,0.0,0.110379234,0.0,0.075120345,0.0,0.32288006
0.0,0.0,2.8078623e-17,2.2614183e-15,0.0,4.5090805e-05,0.0,7.6656863e-07,0.0,0.029874831,0.0,0.06767474,0.0,0.15688916,0.0,0.0015164128,0.0,0.68998176,0.0,0.0018642413,0.0,0.09238603,0.0,0.082296625,0.0,0.34813067
0.0,0.0,2.9935127e-14,1.4037707e-15,0.0,9.441381e-05,0.0,8.884183e-07,0.0,0.04406767,0.0,0.024928916,0.0,0.29950416,0.0,0.002661391,0.0,0.5079362,0.0,0.024134781,0.0,0.016717121,0.0,0.0217465,0.0,0.18597004
0.0,0.0,9.8039056e-14,4.97366e-16,0.0,4.628559e-05,0.0,4.7392138e-07,0.0,0.013452295,0.0,0.0040060338,0.0,0.30820224,0.0,0.0010569765,0.0,0.27689952,0.0,0.0025568525,0.0,0.0040229526,0.0,0.003694922,0.0,0.07617885
0.0,0.0,2.3946743e-14,3.2000577e-16,0.0,4.206825e-05,0.0,9.710677e-07,0.0,0.08510115,0.0,0.010978983,0.0,0.41435483,0.0,0.0028332581,0.0,0.108286284,0.0,0.082174085,0.0,0.0032739912,0.0,0.0023157834,0.0,0.10667678
0.0,0.0,4.1156802e-14,7.536384e-16,0.0,3.6178073e-05,0.0,1.0299833e-06,0.0,0.045994535,0.0,0.06067116,0.0,0.4682819,0.0,0.0018724614,0.0,0.04316581,0.0,0.0029562565,0.0,0.010219036,0.0,0.0075290035,0.0,0.19996111
0.0,0.0,5.0954083e-14,1.3440722e-15,0.0,0.00012360406,0.0,8.606691e-07,0.0,0.020862296,0.0,0.07331181,0.0,0.57293147,0.0,0.003025747,0.0,0.16712423,0.0,0.12385383,0.0,0.023348464,0.0,0.015074659,0.0,0.19493654
0.0,0.0,5.0932352e-14,4.2136844e-15,0.0,5.687011e-05,0.0,9.9521e-07,0.0,0.015886521,0.0,0.12302595,0.0,0.635164,0.0,0.001794601,0.0,0.29376182,0.0,0.00395526,0.0,0.023711752,0.0,0.01844199,0.0,0.0450263
0.0,0.0,1.0645793e-14,1.9329792e-15,0.0,0.00012193824,0.0,9.062713e-07,0.0,0.015983906,0.0,0.17564929,0.0,0.7892046,0.0,0.0030555779,0.0,0.18572071,0.0,0.19485958,0.0,0.0037213902,0.0,0.0035074463,0.0,0.10385712
0.0,0.0,5.7837625e-14,8.2760675e-15,0.0,5.5224165e-05,0.0,7.4595187e-07,0.0,0.057615433,0.0,0.19079632,0.0,0.7973916,0.0,0.0017225251,0.0,0.1452721,0.0,0.0042047836,0.0,0.0122587755,0.0,0.009126217,0.0,0.08797725
0.0,0.0,6.9750216e-14,2.4652348e-14,0.0,8.404207e-05,0.0,5.034809e-07,0.0,0.14622854,0.0,0.2193915,0.0,0.8834976,0.0,0.0032284735,0.0,0.17209907,0.0,0.1932189,0.0,0.01771887,0.0,0.011151596,0.0,0.16612467
0.0,0.0,5.9604055e-14,3.1704953e-13,0.0,5.373293e-05,0.0,9.3173855e-07,0.0,0.0631963,0.0,0.23756628,0.0,0.8544956,0.0,0.0010868646,0.0,0.092190064,0.0,0.005181389,0.0,0.005699303,0.0,0.004976851,0.0,0.07540184
0.0,0.0,3.1337068e-14,1.9225524e-13,0.0,4.0785544e-05,0.0,1.6576779e-06,0.0,0.0074354205,0.0,0.30799246,0.0,0.8401323,0.0,0.0033396736,0.0,0.030742222,0.0,0.2007267,0.0,0.008729439,0.0,0.0056551523,0.0,0.090100035
0.0,0.0,3.1322906e-14,1.7682443e-13,0.0,3.9596114e-05,0.0,1.5575122e-06,0.0,0.060180884,0.0,0.3301716,0.0,0.79107386,0.0,0.0015743545,0.0,0.08835348,0.0,0.0054607834,0.0,0.0013361499,0.0,0.001396387,0.0,0.014372259
0.0,0.0,1.1332939e-14,7.7075045e-14,0.0,7.2924755e-05,0.0,1.0686522e-06,0.0,0.009877208,0.0,0.3245732,0.0,0.81587905,0.0,0.0034521797,0.0,0.046814237,0.0,0.18861693,0.0,0.008882432,0.0,0.0054008416,0.0,0.12181172
0.0,0.0,1.1327818e-14,1.3650214e-14,0.0,5.147097e-05,0.0,9.780117e-07,0.0,0.014790365,0.0,0.30266526,0.0,0.80665815,0.0,0.0012050354,0.0,0.005501151,0.0,0.0040359916,0.0,0.0014047687,0.0,0.0014531531,0.0,0.17665151
0.0,0.0,2.3603056e-15,4.178883e-15,0.0,3.5724857e-05,0.0,4.781549e-07,0.0,0.025051473,0.0,0.2797509,0.0,0.71247065,0.0,0.0034221893,0.0,0.12811464,0.0,0.19646695,0.0,0.007910677,0.0,0.004777466,0.0,0.2002497
0.0,0.0,1.0833889e-15,6.833295e-15,0.0,4.3035772e-05,0.0,4.3073155e-07,0.0,0.0044290423,0.0,0.2632166,0.0,0.58481866,0.0,0.0011204692,0.0,0.24019223,0.0,0.0027228761,0.0,0.0016088136,0.0,0.0015458172,0.0,0.13106222
0.0,0.0,2.0916621e-16,2.838416e-15,0.0,1.0037875e-05,0.0,4.201498e-07,0.0,0.07275699,0.0,0.25861305,0.0,0.57498974,0.0,0.0035894434,0.0,0.24339698,0.0,0.08308933,0.0,0.013985095,0.0,0.00766044,0.0,0.053159215
0.0,0.0,1.7873885e-16,8.63736e-16,0.0,4.0060982e-05,0.0,5.4687087e-07,0.0,0.060993884,0.0,0.24886055,0.0,0.47907853,0.0,0.00078133756,0.0,0.14804304,0.0,0.0027420092,0.0,0.004608262,0.0,0.0037153303,0.0,0.24081703
0.0,0.0,1.1084781999999999e-16,1.1236553e-15,0.0,9.69378e-06,0.0,2.9082574e-07,0.0,0.056846187,0.0,0.21487544,0.0,0.4845109,0.0,0.0015336195,0.0,0.11170562,0.0,0.09266385,0.0,0.01591052,0.0,0.011226867,0.0,0.21247734
0.0,0.0,1.10797025e-16,2.5200111e-15,0.0,3.1533615e-05,0.0,2.5256585e-07,0.0,0.010248148,0.0,0.20404574,0.0,0.4452006,0.0,0.0032560716,0.0,0.19394816,0.0,0.014667714,0.0,0.013073361,0.0,0.008169065,0.0,0.111357816
0.0,0.0,4.4702587e-17,1.114357e-15,0.0,8.1063445e-06,0.0,2.7417613e-07,0.0,0.08171872,0.0,0.1903976,0.0,0.45443112,0.0,0.00076053484,0.0,0.18410224,0.0,0.0020381163,0.0,0.00231059,0.0,0.0023091624,0.0,0.012703049
0.0,0.0,3.0470313e-17,3.332406e-16,0.0,1.3448325e-05,0.0,1.4423219e-07,0.0,0.035389017,0.0,0.17261125,0.0,0.29096907,0.0,0.0031644604,0.0,0.06717505,0.0,0.039031357,0.0,0.024109691,0.0,0.014419613,0.0,0.14844674
0.0,0.0,2.0769266e-17,2.983981e-15,0.0,2.925839e-05,0.0,2.154955e-07,0.0,0.041222982,0.0,0.17585628,0.0,0.29601514,0.0,0.0006879594,0.0,0.06349446,0.0,0.0035991073,0.0,0.0118965125,0.0,0.009538533,0.0,0.049865592
0.0,0.0,2.0759749e-17,5.380463e-15,0.0,7.611938e-06,0.0,1.5735094e-07,0.0,0.021835472,0.0,0.16952011,0.0,0.51783353,0.0,0.0027735045,0.0,0.08695491,0.0,0.16368441,0.0,0.0022459247,0.0,0.0019752092,0.0,0.036178146
0.0,0.0,1.0914450000000001e-17,3.686171e-15,0.0,2.6648919e-05,0.0,9.451089e-08,0.0,0.030578777,0.0,0.12104102,0.0,0.6013247,0.0,0.0010422758,0.0,0.2415157,0.0,0.0030764746,0.0,0.011149827,0.0,0.007828568,0.0,0.014550615
0.0,0.0,8.265797e-18,1.5540063e-15,0.0,7.1087006e-06,0.0,3.2876976e-08,0.0,0.0031232452,0.0,0.095954366,0.0,0.5868505,0.0,0.002978396,0.0,0.24755065,0.0,0.117063746,0.0,0.0039388356,0.0,0.002792017,0.0,0.10413542
0.0,0.0,8.262008e-18,1.1327251e-15,0.0,3.34822e-05,0.0,8.331329e-08,0.0,0.009260612,0.0,0.13127029,0.0,0.6910207,0.0,0.0006472527,0.0,0.13653179,0.0,0.0054749413,0.0,0.0133365365,0.0,0.0075468845,0.0,0.19405101
0.0,0.0,7.060136000000001e-18,1.4909182e-15,0.0,8.6446025e-06,0.0,9.2409415e-08,0.0,0.050547443,0.0,0.20243467,0.0,0.6614509,0.0,0.0028365117,0.0,0.1897121,0.0,0.19072035,0.0,0.003053186,0.0,0.0028113185,0.0,0.20997642
0.0,0.0,1.609152e-17,7.115346e-16,0.0,2.3086439e-05,0.0,4.9040498e-08,0.0,0.024665479,0.0,0.18112153,0.0,0.61899865,0.0,0.00063470117,0.0,0.18178782,0.0,0.0050825006,0.0,0.021692825,0.0,0.011715876,0.0,0.11824673
0.0,0.0,2.9072034e-17,2.3551148000000003e-16,0.0,6.7070932e-06,0.0,5.5474757e-08,0.0,0.004359124,0.0,0.21509255,0.0,0.5941896,0.0,0.0029543552,0.0,0.18365033,0.0,0.20039086,0.0,0.009723222,0.0,0.007829652,0.0,0.011292763
0.0,0.0,7.098229599999999e-18,8.36659e-17,0.0,2.1591277e-05,0.0,5.7350988e-08,0.0,0.013357292,0.0,0.21743453,0.0,0.65607035,0.0,0.0007503895,0.0,0.21950021,0.0,0.007105838,0.0,0.011879243,0.0,0.007493161,0.0,0.08699331
0.0,0.0,6.065599e-18,2.9583536e-17,0.0,6.429152e-06,0.0,8.71194e-08,0.0,0.051431485,0.0,0.26155737,0.0,0.6934764,0.0,0.003191154,0.0,0.26296258,0.0,0.1322715,0.0,0.0027284701,0.0,0.0025468497,0.0,0.0734728
0.0,0.0,6.0627657e-18,9.823459e-18,0.0,2.6433961e-05,0.0,5.547416e-08,0.0,0.010115103,0.0,0.22835341,0.0,0.659965,0.0,0.00069706864,0.0,0.25485116,0.0,0.009657142,0.0,0.0119247455,0.0,0.0063876724,0.0,0.07448224
0.0,0.0,3.9959123e-17,1.6860884e-15,0.0,7.232925e-06,0.0,7.1403996e-08,0.0,0.056648012,0.0,0.23045023,0.0,0.6425524,0.0,0.0030434157,0.0,0.26719302,0.0,0.022911241,0.0,0.0023479383,0.0,0.002260329,0.0,0.07247519
0.0,0.0,3.1018380000000005e-17,9.376486e-16,0.0,2.3382288e-05,0.0,2.7212208e-08,0.0,0.024846226,0.0,0.22607121,0.0,0.68097454,0.0,0.00073161465,0.0,0.28857222,0.0,0.006052954,0.0,0.010644176,0.0,0.0055281464,0.0,0.057165153
0.0,0.0,3.1003537e-17,2.3846613e-14,0.0,7.225755e-06,0.0,4.5990234e-08,0.0,0.0044469843,0.0,0.23520897,0.0,0.6759395,0.0,0.0031797986,0.0,0.30265996,0.0,0.16193838,0.0,0.0023925074,0.0,0.0022054128,0.0,0.08818122
0.0,0.0,2.6492926e-17,7.635563e-15,0.0,1.8825773e-05,0.0,4.9685003e-08,0.0,0.010093968,0.0,0.25003788,0.0,0.8259866,0.0,0.00073315506,0.0,0.28767267,0.0,0.008896848,0.0,0.010355073,0.0,0.005132071,0.0,0.021338712
0.0,0.0,2.6480250000000002e-17,1.2263452e-15,0.0,7.211629e-06,0.0,3.8095177e-08,0.0,0.03990797,0.0,0.24928714,0.0,0.76564264,0.0,0.0030312345,0.0,0.28333652,0.0,0.044594117,0.0,0.008875823,0.0,0.006583123,0.0,0.052015204
0.0,0.0,2.6467580000000006e-17,1.4100031000000002e-16,0.0,1.6790491e-05,0.0,5.641402e-08,0.0,0.0066787293,0.0,0.26365036,0.0,0.7150548,0.0,0.000762805,0.0,0.15499623,0.0,0.017083751,0.0,0.0017284288,0.0,0.0014539801,0.0,0.10040575
0.0,0.0,2.261689e-17,6.6567115e-17,0.0,7.254663e-06,0.0,2.3554453e-08,0.0,0.010616608,0.0,0.28870478,0.0,0.77564734,0.0,0.0034582487,0.0,0.0719841,0.0,0.00867089,0.0,0.007775058,0.0,0.0053934227,0.0,0.040776733
0.0,0.0,1.1890603e-17,2.1132891e-17,0.0,2.1955799e-05,0.0,1.0844694e-08,0.0,0.026307264,0.0,0.26949567,0.0,0.73927146,0.0,0.00076153345,0.0,0.13995099,0.0,0.0029833629,0.0,0.0012932074,0.0,0.0010715526,0.0,0.02970295
0.0,0.0,4.797331e-18,9.879579e-18,0.0,7.3782444e-06,0.0,1.8062236e-08,0.0,0.0037583888,0.0,0.28918433,0.0,0.7101561,0.0,0.003051907,0.0,0.17051889,0.0,0.11138309,0.0,0.010249077,0.0,0.0067210454,0.0,0.0039781933
0.0,0.0,1.9355104e-18,1.3487644e-17,0.0,1.9373312e-05,0.0,3.4284742e-08,0.0,0.015405651,0.0,0.265631,0.0,0.70292604,0.0,0.0008015594,0.0,0.21711434,0.0,0.0028568374,0.0,0.0017213471,0.0,0.001433533,0.0,0.07195904
0.0,0.0,1.6539189e-18,8.2265726e-18,0.0,7.799953e-06,0.0,3.5915317e-08,0.0,0.007472394,0.0,0.26611644,0.0,0.69991064,0.0,0.0012054865,0.0,0.14233303,0.0,0.08172992,0.0,0.0024111609,0.0,0.0016696926,0.0,0.047841866
0.0,0.0,1.6531275e-18,3.0109356e-18,0.0,1.497677e-05,0.0,3.583153e-08,0.0,0.020450303,0.0,0.27049372,0.0,0.64087105,0.0,0.003059865,0.0,0.075210325,0.0,0.0017923068,0.0,0.01287255,0.0,0.006215311,0.0,0.010457783
0.0,0.0,1.1267868999999998e-18,4.05376e-18,0.0,7.518962e-06,0.0,4.0483194e-08,0.0,0.006153395,0.0,0.29538828,0.0,0.5825473,0.0,0.0007833882,0.0,0.03471471,0.0,0.02017972,0.0,0.00572835,0.0,0.0045160074,0.0,0.05171755
0.0,0.0,1.1262477999999998e-18,1.0850958e-18,0.0,6.143361e-06,0.0,1.8050965e-08,0.0,0.016535021,0.0,0.2296148,0.0,0.5313048,0.0,0.0031956853,0.0,0.10122157,0.0,0.0018330486,0.0,0.0042335023,0.0,0.0024223353,0.0,0.0060632178
0.0,0.0,5.140375999999999e-19,3.2571798e-19,0.0,1.5536458e-05,0.0,2.1970122e-08,0.0,0.018649532,0.0,0.21804158,0.0,0.50371647,0.0,0.0007678794,0.0,0.0625631,0.0,0.01561068,0.0,0.0026893003,0.0,0.0019997072,0.0,4.5932948e-06
0.0,0.0,5.1379166e-19,9.9162774e-20,0.0,7.4392287e-06,0.0,3.568302e-09,0.0,0.011064405,0.0,0.21301983,0.0,0.46669465,0.0,0.002623459,0.0,0.034626074,0.0,0.0059121586,0.0,0.016569635,0.0,0.00823006,0.0,3.0852163e-05
0.0,0.0,1.9794437e-19,4.0405753e-20,0.0,1.1604882e-05,0.0,7.0292123e-09,0.0,0.012318615,0.0,0.18443842,0.0,0.54921174,0.0,0.0007153711,0.0,0.18451816,0.0,0.0019090561,0.0,0.003128691,0.0,0.0029585992,0.0,1.764835e-05
0.0,0.0,1.4990537999999998e-19,2.3029848e-19,0.0,7.4660957e-06,0.0,1.0145688e-08,0.0,0.03857654,0.0,0.1852416,0.0,0.54790777,0.0,0.002515556,0.0,0.20450358,0.0,0.023967309,0.0,0.011818454,0.0,0.008002206,0.0,8.048884e-06
0.0,0.0,1.2809609e-19,1.1201872e-19,0.0,4.7964436e-06,0.0,1.6548885e-08,0.0,0.004635616,0.0,0.18013567,0.0,0.7210037,0.0,0.0007444943,0.0,0.09911833,0.0,0.002692831,0.0,0.011614383,0.0,0.00590109,0.0,4.41827e-06
0.0,0.0,1.280348e-19,3.4435112e-20,0.0,6.4572537e-06,0.0,1.6667425e-08,0.0,0.021891525,0.0,0.19707432,0.0,0.5783395,0.0,0.002704387,0.0,0.017386973,0.0,0.067339845,0.0,0.002134766,0.0,0.0020866357,0.0,0.005838878
0.0,0.0,1.0940739e-19,1.4892736e-18,0.0,6.2977188e-06,0.0,1.2143823e-08,0.0,0.0032864914,0.0,0.18399292,0.0,0.59793925,0.0,0.0007639338,0.0,0.3946203,0.0,0.0037819012,0.0,0.0038730528,0.0,0.002072389,0.0,0.022199705
0.0,0.0,9.3490047e-20,8.6456204e-19,0.0,6.4976293e-06,0.0,1.3936192e-08,0.0,0.006282061,0.0,0.17085281,0.0,0.3099087,0.0,0.00265624,0.0,0.19560966,0.0,0.14847909,0.0,0.0015692222,0.0,0.0012430388,0.0,0.0023532405
0.0,0.0,9.344531e-20,2.8363028e-19,0.0,7.2200805e-06,0.0,1.1544574e-08,0.0,0.0031293763,0.0,0.19576842,0.0,0.2809511,0.0,0.0007565411,0.0,0.08770022,0.0,0.006165913,0.0,0.004099987,0.0,0.001780879,0.0,1.6493248e-06
0.0,0.0,6.124173299999999e-19,6.97669e-20,0.0,6.7852234e-06,0.0,1.0103335e-08,0.0,0.0020211677,0.0,0.17915559,0.0,0.26287323,0.0,0.0025135041,0.0,0.20732437,0.0,0.1349004,0.0,0.0054170894,0.0,0.0036795912,0.0,7.2108173e-07
0.0,0.0,1.2872379e-18,1.8131625e-20,0.0,4.8295337e-06,0.0,9.624648e-10,0.0,0.005298946,0.0,0.15946096,0.0,0.23563564,0.0,0.0007340267,0.0,0.34635398,0.0,0.030821465,0.0,0.0034747997,0.0,0.0019925798,0.0,0.020216594
0.0,0.0,8.789152999999999e-19,5.827398e-21,0.0,6.7040487e-06,0.0,1.701973e-08,0.0,0.047158998,0.0,0.17541377,0.0,0.32218155,0.0,0.0027905002,0.0,0.24285515,0.0,0.016221859,0.0,0.015858749,0.0,0.010731785,0.0,0.0036521284
0.0,0.0,8.784813e-19,1.8214509e-20,0.0,9.925092e-06,0.0,1.7035914e-08,0.0,0.0073218835,0.0,0.14441909,0.0,0.33895087,0.0,0.0007653937,0.0,0.28242818,0.0,0.014980426,0.0,0.0044523766,0.0,0.0032484252,0.0,0.05790972
0.0,0.0,8.780475e-19,8.58287e-21,0.0,6.4183746e-06,0.0,2.0479032e-08,0.0,0.04379869,0.0,0.07670945,0.0,0.29764864,0.0,0.0033951937,0.0,0.31536454,0.0,0.010112617,0.0,0.0015366819,0.0,0.0012668179,0.0,0.014012552
0.0,0.0,5.445161e-19,7.7945727e-20,0.0,1.50006545e-05,0.0,1.3138064e-08,0.0,0.007659765,0.0,0.062579036,0.0,0.29344016,0.0,0.000781793,0.0,0.31395596,0.0,0.015977385,0.0,0.003679588,0.0,0.0019163728,0.0,1.4272037e-05
0.0,0.0,1.0041271e-19,2.8602235e-20,0.0,7.0770875e-06,0.0,1.8713186e-08,0.0,0.012676114,0.0,0.0600207,0.0,0.3234318,0.0,0.0030869597,0.0,0.2095148,0.0,0.0066551086,0.0,0.017308228,0.0,0.011735195,0.0,1.1031646e-05
0.0,0.0,6.373928999999999e-19,7.428296e-21,0.0,1.1887601e-05,0.0,1.5566043e-08,0.0,0.012473281,0.0,0.083342485,0.0,0.35362318,0.0,0.00085351046,0.0,0.046919927,0.0,0.014472214,0.0,0.007967997,0.0,0.004751403,0.0,2.3541002e-06
0.0,0.0,4.1625789e-19,1.985798e-21,0.0,7.711349e-06,0.0,1.510338e-08,0.0,0.022989497,0.0,0.060351036,0.0,0.5641684,0.0,0.003216596,0.0,0.19634748,0.0,0.0039552073,0.0,0.0018344608,0.0,0.0016622237,0.0,1.1569955e-06
0.0,0.0,5.5558067e-19,7.291759e-22,0.0,1.1393054e-05,0.0,1.1905948e-08,0.0,0.0065153935,0.0,0.09343589,0.0,0.5373765,0.0,0.00087233615,0.0,0.07744824,0.0,0.01511848,0.0,0.007152243,0.0,0.0035466575,0.0,1.2649223e-06
0.0,0.0,6.4906097e-19,1.2333873e-20,0.0,7.718068e-06,0.0,5.7027925e-09,0.0,0.021523071,0.0,0.07235289,0.0,0.61287004,0.0,0.0034879218,0.0,0.04653851,0.0,0.009896575,0.0,0.0056747645,0.0,0.004190796,0.0,1.2951743e-06
0.0,0.0,4.5744887e-19,4.063447e-20,0.0,1.1875974e-05,0.0,9.028316e-09,0.0,0.00566123,0.0,0.13555513,0.0,0.641286,0.0,0.00092948944,0.0,0.18785001,0.0,0.02194133,0.0,0.003249294,0.0,0.0018870134,0.0,0.00945122
0.0,0.0,4.5717497e-19,1.32183236e-20,0.0,7.944689e-06,0.0,4.9054125e-09,0.0,0.0336488,0.0,0.1316542,0.0,0.56248486,0.0,0.0036437782,0.0,0.18590885,0.0,0.007819698,0.0,0.011956447,0.0,0.007970001,0.0,0.0074852025
0.0,0.0,4.5690117e-19,3.8603605e-20,0.0,1.444448e-05,0.0,1.3277708e-08,0.0,0.0047646654,0.0,0.2178127,0.0,0.54527164,0.0,0.0009301453,0.0,0.04613806,0.0,0.01367641,0.0,0.0022839925,0.0,0.0018708827,0.0,0.05572138
0.0,0.0,7.3367317e-19,1.3814836e-19,0.0,8.569511e-06,0.0,9.964263e-10,0.0,0.0074735465,0.0,0.15516868,0.0,0.47233355,0.0,0.0038505672,0.0,0.119398385,0.0,0.008680329,0.0,0.01659378,0.0,0.010823409,0.0,1.165733e-06
0.0,0.0,1.1603186e-18,5.2022823e-20,0.0,8.041355e-06,0.0,4.091242e-09,0.0,0.02710224,0.0,0.18699026,0.0,0.5115566,0.0,0.0009646108,0.0,0.1304384,0.0,0.020536091,0.0,0.005272952,0.0,0.0032794627,0.0,0.004123489
0.0,0.0,6.09947e-19,3.7474198e-19,0.0,8.762071e-06,0.0,1.7324819e-08,0.0,0.008545707,0.0,0.20198978,0.0,0.4246165,0.0,0.0032284304,0.0,0.11900576,0.0,0.0070244684,0.0,0.0016188083,0.0,0.0013562215,0.0,0.007347082
0.0,0.0,2.0991773e-19,4.407665999999999e-19,0.0,5.451749e-06,0.0,1.0446252e-08,0.0,0.016756287,0.0,0.20222166,0.0,0.38850078,0.0,0.0010301888,0.0,0.20596297,0.0,0.008295546,0.0,0.003784033,0.0,0.0019394899,0.0,0.033169873
0.0,0.0,2.7628928e-19,1.7331806999999998e-19,0.0,9.0422e-06,0.0,1.6985149e-09,0.0,0.016498893,0.0,0.1689514,0.0,0.22163592,0.0,0.004044649,0.0,0.18447393,0.0,0.04913125,0.0,0.0019780267,0.0,0.0015188705,0.0,5.5924606e-06
0.0,0.0,2.0487872e-19,6.143325999999999e-20,0.0,1.36101335e-05,0.0,1.1793688e-08,0.0,0.029988652,0.0,0.16232459,0.0,0.21371388,0.0,0.0010495757,0.0,0.07467402,0.0,0.01715997,0.0,0.0062823556,0.0,0.0031853186,0.0,2.5650882e-06
0.0,0.0,5.198903999999999e-19,4.897042e-20,0.0,8.763044e-06,0.0,2.9650085e-09,0.0,0.007189911,0.0,0.13095035,0.0,0.23372322,0.0,0.004075473,0.0,0.041000683,0.0,0.009172266,0.0,0.012702077,0.0,0.008654425,0.0,1.1417872e-06
0.0,0.0,1.5650828e-19,1.8645715e-19,0.0,1.7717019e-05,0.0,7.558654e-09,0.0,0.04804564,0.0,0.110330194,0.0,0.25873736,0.0,0.0010710519,0.0,0.07499443,0.0,0.021635521,0.0,0.002642734,0.0,0.0020783623,0.0,5.2617423e-07
0.0,0.0,1.5640433e-19,6.960693999999999e-20,0.0,9.805738e-06,0.0,1.1905257e-09,0.0,0.010345642,0.0,0.060260512,0.0,0.42546904,0.0,0.004738802,0.0,0.05939554,0.0,0.016631583,0.0,0.005937998,0.0,0.0041296775,0.0,1.3069988e-06
0.0,0.0,1.3362471e-19,1.6731201e-19,0.0,1.6700631e-05,0.0,1.6785785e-08,0.0,0.051136173,0.0,0.023503052,0.0,0.4158367,0.0,0.0011087356,0.0,0.26917404,0.0,0.037630793,0.0,0.0077485056,0.0,0.0040524043,0.0,0.0036544488
0.0,0.0,1.3353597e-19,2.3659056e-19,0.0,1.0023421e-05,0.0,4.1440846e-09,0.0,0.011146061,0.0,0.01181942,0.0,0.042906668,0.0,0.0042115944,0.0,0.40806568,0.0,0.019080626,0.0,0.0019740744,0.0,0.0017542357,0.0,0.011408038
0.0,0.0,1.2008172e-19,7.329339999999999e-20,0.0,1.0840344e-05,0.0,1.3502161e-08,0.0,0.040800747,0.0,0.013868167,0.0,0.005104642,0.0,0.0012168252,0.0,0.4673033,0.0,0.030943155,0.0,0.0041390336,0.0,0.0020803483,0.0,0.017948994
0.0,0.0,1.3089663e-19,6.938234999999999e-19,0.0,1.0896237e-05,0.0,4.217033e-09,0.0,0.030779084,0.0,0.04921139,0.0,0.12247552,0.0,0.0047775614,0.0,0.42342466,0.0,0.020116542,0.0,0.015134386,0.0,0.010327902,0.0,0.025290325
0.0,0.0,2.618481e-19,6.3163677e-19,0.0,1.9841573e-05,0.0,1.8728388e-08,0.0,0.012394553,0.0,0.077295594,0.0,0.09567868,0.0,0.0013193726,0.0,0.3183751,0.0,0.050734814,0.0,0.0049140016,0.0,0.0034504733,0.0,0.0043768603
0.0,0.0,2.5339313e-19,1.9291168e-19,0.0,1.0791108e-05,0.0,2.803391e-09,0.0,0.008151121,0.0,0.01898211,0.0,0.22281356,0.0,0.0054880856,0.0,0.303833,0.0,0.041698813,0.0,0.007940758,0.0,0.005638942,0.0,8.781122e-05
0.0,0.0,1.2535604999999998e-18,5.9196243e-20,0.0,3.1405238e-05,0.0,7.638369e-09,0.0,0.017825134,0.0,0.00085984805,0.0,0.21644689,0.0,0.0013301,0.0,0.1985619,0.0,0.08380624,0.0,0.0014593394,0.0,0.0011797912,0.0,1.3032408e-05
0.0,0.0,6.3810946e-19,4.7667736e-19,0.0,1.2215726e-05,0.0,1.449842e-08,0.0,0.015493701,0.0,0.00031663576,0.0,0.20405857,0.0,0.0054746196,0.0,0.110552125,0.0,0.08231552,0.0,0.004555058,0.0,0.0031866773,0.0,3.3898918e-06
0.0,0.0,6.376231e-19,5.019345399999999e-19,0.0,2.8285956e-05,0.0,2.5542028e-09,0.0,0.030315371,0.0,0.000103472536,0.0,0.26458687,0.0,0.001434941,0.0,0.015428028,0.0,0.08869134,0.0,0.012012323,0.0,0.0065912115,0.0,0.019931396
0.0,0.0,4.344864e-19,1.3722643999999998e-18,0.0,1.2984959e-05,0.0,1.9917676e-08,0.0,0.055003382,0.0,0.003766066,0.0,0.47583625,0.0,0.0058407034,0.0,0.48511627,0.0,0.08839312,0.0,0.0045591565,0.0,0.0037624845,0.0,0.0024598301
0.0,0.0,1.8601794e-19,5.849616999999999e-19,0.0,3.31512e-05,0.0,1.2955275e-08,0.0,0.011327929,0.0,0.007467824,0.0,0.4366778,0.0,0.0015187397,0.0,0.1021126,0.0,0.104173474,0.0,0.020730747,0.0,0.011295399,0.0,6.2397585e-06
0.0,0.0,1.8587614e-19,4.1204145e-18,0.0,1.3490953e-05,0.0,1.1511779e-08,0.0,0.043722022,0.0,0.011232958,0.0,0.2934316,0.0,0.007062085,0.0,0.43386704,0.0,0.10544431,0.0,0.04987045,0.0,0.034618765,0.0,0.0050444226
0.0,0.0,1.5878849999999998e-19,2.0074234e-16,0.0,4.0654715e-05,0.0,6.295939e-08,0.0,0.0044800662,0.0,0.058865868,0.0,0.3064313,0.0,0.0015830037,0.0,0.22481038,0.0,0.11050331,0.0,0.04997806,0.0,0.030531688,0.0,0.0034940513
0.0,0.0,1.2021807e-19,7.1323423e-17,0.0,1.452557e-05,0.0,7.27148e-08,0.0,0.014974442,0.0,0.08110507,0.0,0.20731756,0.0,0.006895149,0.0,0.22236875,0.0,0.11975568,0.0,0.059104044,0.0,0.043789715,0.0,0.016170617
0.0,0.0,8.191849e-20,2.3997990000000006e-17,0.0,3.9986207e-05,0.0,2.7939771e-08,0.0,0.058569007,0.0,0.11732315,0.0,0.18064955,0.0,0.0016739073,0.0,0.31048504,0.0,0.13346592,0.0,0.066112965,0.0,0.03979829,0.0,1.6124171e-05
0.0,0.0,6.9980546e-20,1.06685434e-16,0.0,1.62835e-05,0.0,5.248387e-09,0.0,0.018643288,0.0,0.08596609,0.0,0.05229395,0.0,0.007114206,0.0,0.3465078,0.0,0.13005249,0.0,0.07283924,0.0,0.055533767,0.0,0.017806038
0.0,0.0,5.978231e-20,3.8315304e-17,0.0,3.389019e-05,0.0,6.9556286e-08,0.0,0.020962264,0.0,0.0684057,0.0,0.008450289,0.0,0.0017376653,0.0,0.3929505,0.0,0.12300091,0.0,0.07338326,0.0,0.045147598,0.0,0.031574406
0.0,0.0,2.920194e-20,1.1230828e-17,0.0,1.6462447e-05,0.0,9.074414e-08,0.0,0.021082656,0.0,0.024743265,0.0,0.55668795,0.0,0.007390332,0.0,0.43031812,0.0,0.12891622,0.0,0.08409951,0.0,0.06464988,0.0,0.0071728104
0.0,0.0,2.1202977e-20,4.7264126e-16,0.0,4.164068e-05,0.0,4.0582833e-08,0.0,0.012638467,0.0,0.0017005383,0.0,0.4829211,0.0,0.0018966825,0.0,0.5146026,0.0,0.13850597,0.0,0.09821872,0.0,0.05889984,0.0,0.026302146
0.0,0.0,8.74549e-21,3.796689e-15,0.0,1.6966682e-05,0.0,4.8316437e-08,0.0,0.026111864,0.0,0.00016147913,0.0,0.010091205,0.0,0.008409276,0.0,0.5420649,0.0,0.14286627,0.0,0.091096416,0.0,0.07702717,0.0,0.064299345
0.0,0.0,1.7048887e-20,1.5474653e-15,0.0,6.061531e-05,0.0,9.667848e-08,0.0,0.028707473,0.0,0.092427485,0.0,0.7569878,0.0,0.0019984872,0.0,0.6017057,0.0,0.155888,0.0,0.091863655,0.0,0.06314113,0.0,0.05181865
0.0,0.0,1.4416126e-20,3.4200353e-15,0.0,1.8303408e-05,0.0,1.8227439e-07,0.0,0.025484787,0.0,0.14369573,0.0,0.19908352,0.0,0.01061243,0.0,0.6440004,0.0,0.15171926,0.0,0.097877264,0.0,0.07864428,0.0,0.109712355
0.0,0.0,1.4405029999999998e-20,1.0378632e-15,0.0,7.058955e-05,0.0,1.2517366e-07,0.0,0.0035424817,0.0,0.20100781,0.0,0.17323625,0.0,0.0025587673,0.0,0.6585098,0.0,0.13292176,0.0,0.10132327,0.0,0.06736349,0.0,0.028306965
0.0,0.0,1.09059054e-20,1.0579247e-15,0.0,2.0232837e-05,0.0,4.2923336e-08,0.0,0.0338369,0.0,0.17534198,0.0,0.09102826,0.0,0.012103467,0.0,0.6015401,0.0,0.1364849,0.0,0.101035416,0.0,0.08364782,0.0,0.0040512863
0.0,0.0,1.0897512e-20,4.6013006e-16,0.0,8.369406e-05,0.0,6.807849e-08,0.0,0.011233537,0.0,0.13505498,0.0,0.04485941,0.0,0.0030606738,0.0,0.4397783,0.0,0.13351607,0.0,0.105120786,0.0,0.06981976,0.0,0.040354747
0.0,0.0,4.523826e-21,5.127371e-16,0.0,2.6064792e-05,0.0,2.1175952e-08,0.0,0.042331014,0.0,0.079641394,0.0,0.28744668,0.0,0.012742284,0.0,0.30901474,0.0,0.13495854,0.0,0.11301197,0.0,0.09255792,0.0,0.008431825
0.0,0.0,1.1381829000000001e-21,1.645428e-16,0.0,9.531988e-05,0.0,1.159092e-07,0.0,0.007890775,0.0,0.045422737,0.0,0.32608324,0.0,0.0035180103,0.0,0.19801508,0.0,0.1185124,0.0,0.10773041,0.0,0.07566928,0.0,0.0027091594
0.0,0.0,9.723087e-22,1.331811e-16,0.0,3.0443018e-05,0.0,1.05761934e-07,0.0,0.036335543,0.0,0.0049899984,0.0,0.41017848,0.0,0.014305745,0.0,0.15486826,0.0,0.120957404,0.0,0.10543117,0.0,0.08855987,0.0,0.017425291
0.0,0.0,9.715604e-22,4.18333e-17,0.0,0.00012476664,0.0,1.2125707e-07,0.0,0.0334825,0.0,0.031677894,0.0,0.421705,0.0,0.003454741,0.0,0.18416372,0.0,0.112180516,0.0,0.103280656,0.0,0.071219504,0.0,0.03806813
0.0,0.0,6.6203166e-22,1.1871733e-17,0.0,3.4023018e-05,0.0,4.4050022e-08,0.0,0.006265191,0.0,0.051531225,0.0,0.49159318,0.0,0.013994402,0.0,0.18868768,0.0,0.11492029,0.0,0.10915703,0.0,0.08980232,0.0,0.047319926
0.0,0.0,6.615221e-22,1.9657527e-18,0.0,0.00012580445,0.0,1.2949621e-07,0.0,0.0036749414,0.0,0.057645984,0.0,0.534535,0.0,0.0034843374,0.0,0.25616434,0.0,0.100085676,0.0,0.100452326,0.0,0.069953114,0.0,0.027590252
0.0,0.0,6.61013e-22,4.279602e-19,0.0,3.6051086e-05,0.0,1.9486612e-07,0.0,0.009525657,0.0,0.121698625,0.0,0.5317183,0.0,0.013607934,0.0,0.2732034,0.0,0.10201815,0.0,0.09463554,0.0,0.07863787,0.0,0.09025403
0.0,0.0,6.605042e-22,1.2152719999999998e-19,0.0,0.00011690835,0.0,2.1228456e-07,0.0,0.043612134,0.0,0.11787851,0.0,0.5829819,0.0,0.0035816664,0.0,0.3998033,0.0,0.08795997,0.0,0.096873924,0.0,0.06430111,0.0,0.021018423
0.0,0.0,6.599958700000001e-22,3.5061236e-20,0.0,3.5491557e-05,0.0,1.5161739e-07,0.0,0.0047757938,0.0,0.14401057,0.0,0.55271244,0.0,0.015560413,0.0,0.38743046,0.0,0.092520185,0.0,0.10187549,0.0,0.08334343,0.0,0.029918382
0.0,0.0,5.638108000000002e-22,5.7112976e-20,0.0,0.00012420843,0.0,4.442195e-07,0.0,0.009941689,0.0,0.14701918,0.0,0.55182385,0.0,0.003935718,0.0,0.2540294,0.0,0.09070077,0.0,0.09201309,0.0,0.062236987,0.0,0.044004846
0.0,0.0,4.816433e-22,2.7613118e-20,0.0,3.5744342e-05,0.0,1.2600667e-07,0.0,0.04986695,0.0,0.15646525,0.0,0.4967753,0.0,0.015079432,0.0,0.19619559,0.0,0.08630114,0.0,0.093689926,0.0,0.07569259,0.0,0.006622566
0.0,0.0,2.1976584e-22,2.3055556e-20,0.0,0.0001137295,0.0,3.4994122e-07,0.0,0.03739881,0.0,0.17784998,0.0,0.49564436,0.0,0.004108676,0.0,0.29684293,0.0,0.071636766,0.0,0.08872754,0.0,0.05796124,0.0,0.07473238
0.0,0.0,2.746591e-22,4.103023e-20,0.0,4.033374e-05,0.0,1.891798e-07,0.0,0.004230635,0.0,0.19054073,0.0,0.5503536,0.0,0.016721316,0.0,0.30160788,0.0,0.07054614,0.0,0.085686095,0.0,0.069767155,0.0,0.03542958
0.0,0.0,3.0569880000000003e-22,1.5501064e-20,0.0,0.000116334006,0.0,1.5673672e-07,0.0,0.014400682,0.0,0.13918652,0.0,0.5429066,0.0,0.0043564094,0.0,0.20747532,0.0,0.059236486,0.0,0.08164504,0.0,0.056257974,0.0,0.08615748
0.0,0.0,7.8489445e-23,2.000664e-19,0.0,4.025949e-05,0.0,2.2875196e-07,0.0,0.038378894,0.0,0.14178094,0.0,0.5687573,0.0,0.017816268,0.0,0.14477256,0.0,0.05283992,0.0,0.08448879,0.0,0.06683183,0.0,0.02440532
0.0,0.0,6.7050255e-23,4.523458699999999e-18,0.0,0.00014406507,0.0,2.7564354e-07,0.0,0.014766047,0.0,0.13253517,0.0,0.5379789,0.0,0.00460692,0.0,0.10060277,0.0,0.036879763,0.0,0.073175,0.0,0.04899978,0.0,0.030165728
0.0,0.0,3.6853114e-23,2.5270318e-18,0.0,4.439235e-05,0.0,4.0709259e-07,0.0,0.040613998,0.0,0.2026558,0.0,0.59169614,0.0,0.017851438,0.0,0.047152817,0.0,0.031354524,0.0,0.06885523,0.0,0.054588955,0.0,0.08522764
0.0,0.0,2.0017114e-23,2.3609078e-17,0.0,0.0001529909,0.0,1.6745791e-07,0.0,0.010474433,0.0,0.17807043,0.0,0.6201933,0.0,0.0047591864,0.0,0.0287987,0.0,0.030029,0.0,0.059128724,0.0,0.038854662,0.0,0.09337773
0.0,0.0,2.0001571e-23,8.219278e-17,0.0,4.731632e-05,0.0,3.9321897e-08,0.0,0.04467597,0.0,0.18294296,0.0,0.6001727,0.0,0.018642519,0.0,0.04160008,0.0,0.021185987,0.0,0.05748177,0.0,0.044183448,0.0,0.034211744
0.0,0.0,1.7086508e-23,1.1043627e-16,0.0,0.00016284242,0.0,2.6144517e-07,0.0,0.005667968,0.0,0.18013035,0.0,0.54562825,0.0,0.0048387134,0.0,0.05184626,0.0,0.016526714,0.0,0.04540708,0.0,0.029023344,0.0,0.0063851313
0.0,0.0,1.2935937e-23,4.4127922e-17,0.0,4.856358e-05,0.0,1.8901957e-07,0.0,0.011084595,0.0,0.20509987,0.0,0.5503276,0.0,0.018744804,0.0,0.25401163,0.0,0.017445778,0.0,0.031068088,0.0,0.02426517,0.0,0.06647818
0.0,0.0,9.7936024e-24,1.1161551e-17,0.0,0.0001490079,0.0,2.2128606e-07,0.0,0.022119595,0.0,0.21497242,0.0,0.5475909,0.0,0.0050436286,0.0,0.24488614,0.0,0.011566235,0.0,0.021018282,0.0,0.013243385,0.0,0.031693876
0.0,0.0,9.785998e-24,3.0342626e-17,0.0,5.005634e-05,0.0,1.5945756e-07,0.0,0.0032672628,0.0,0.19731821,0.0,0.513816,0.0,0.01967309,0.0,0.1570976,0.0,0.03658025,0.0,0.012441488,0.0,0.009506624,0.0,0.015240828
0.0,0.0,6.067015e-24,1.23329205e-17,0.0,0.00014805929,0.0,3.9523936e-08,0.0,0.008143287,0.0,0.1756075,0.0,0.5597004,0.0,0.005231046,0.0,0.122942716,0.0,0.008954973,0.0,0.003562206,0.0,0.0026853331,0.0,0.10947993
0.0,0.0,7.551038e-24,2.5758970000000002e-17,0.0,5.1057745e-05,0.0,2.3310916e-07,0.0,0.010228917,0.0,0.19371583,0.0,0.5406412,0.0,0.02120946,0.0,0.0699999,0.0,0.18988842,0.0,0.008587994,0.0,0.0061060777,0.0,0.14714627
0.0,0.0,3.305613e-23,1.3434663000000001e-17,0.0,0.00017521129,0.0,2.291547e-07,0.0,0.031915907,0.0,0.19081514,0.0,0.4706163,0.0,0.0058462787,0.0,0.18267506,0.0,0.011898818,0.0,0.010747504,0.0,0.006524247,0.0,0.10656699
0.0,0.0,2.749644e-23,4.147644e-18,0.0,5.370237e-05,0.0,1.5447173e-07,0.0,0.012400125,0.0,0.1761121,0.0,0.46663928,0.0,0.022320459,0.0,0.18325211,0.0,0.041263677,0.0,0.007846056,0.0,0.0059158835,0.0,0.039803497
0.0,0.0,1.7046279e-23,2.1088196e-18,0.0,0.00020469312,0.0,5.738599e-07,0.0,0.027824398,0.0,0.171649,0.0,0.44174588,0.0,0.0059177172,0.0,0.14318651,0.0,0.005475511,0.0,0.006737933,0.0,0.0038660376,0.0,0.09463617
0.0,0.0,1.0416091e-23,8.587611999999999e-19,0.0,6.0274997e-05,0.0,6.4087135e-07,0.0,0.0557073,0.0,0.19888978,0.0,0.41729814,0.0,0.022788327,0.0,0.12141524,0.0,0.07042895,0.0,0.01718479,0.0,0.012092437,0.0,0.043564506
0.0,0.0,1.2811979e-23,6.465440999999999e-19,0.0,0.00019452731,0.0,5.357533e-07,0.0,0.054481797,0.0,0.18224004,0.0,0.39953992,0.0,0.0064069405,0.0,0.13092913,0.0,0.0056605362,0.0,0.0100991735,0.0,0.006250484,0.0,0.0653634
0.0,0.0,1.09928446e-23,1.833166e-19,0.0,6.237528e-05,0.0,3.0902476e-07,0.0,0.013281076,0.0,0.16846241,0.0,0.32797027,0.0,0.022217982,0.0,0.15219632,0.0,0.06732335,0.0,0.005117964,0.0,0.0039708954,0.0,0.07956279
0.0,0.0,1.53732e-23,4.1764752999999997e-20,0.0,0.00019180524,0.0,4.0327382e-07,0.0,0.007467622,0.0,0.13942216,0.0,0.35531586,0.0,0.0063509573,0.0,0.24367711,0.0,0.004930861,0.0,0.008446856,0.0,0.004482251,0.0,0.06701016
0.0,0.0,5.328239700000001e-22,4.5326767e-20,0.0,6.607328e-05,0.0,5.1303914e-07,0.0,0.026704693,0.0,0.14261302,0.0,0.2907036,0.0,0.021961672,0.0,0.2742181,0.0,0.028709972,0.0,0.013600927,0.0,0.0096051395,0.0,0.053824164
0.0,0.0,6.133756e-22,3.4089738e-20,0.0,0.0001752011,0.0,3.6161293e-07,0.0,0.0041438574,0.0,0.11689104,0.0,0.29623732,0.0,0.006491117,0.0,0.23019455,0.0,0.005878716,0.0,0.012122261,0.0,0.006989491,0.0,0.039755233
0.0,0.0,2.7984165000000003e-22,3.76704e-20,0.0,6.414234e-05,0.0,3.481937e-07,0.0,0.0094872,0.0,0.13012587,0.0,0.31280228,0.0,0.022189092,0.0,0.1877518,0.0,0.08391975,0.0,0.009700906,0.0,0.00709862,0.0,0.012252988
0.0,0.0,2.7959477000000003e-22,7.6326986e-20,0.0,0.00019553032,0.0,3.4089587e-07,0.0,0.019157741,0.0,0.093749434,0.0,0.29498538,0.0,0.006211942,0.0,0.15777083,0.0,0.012011422,0.0,0.003921085,0.0,0.002488116,0.0,0.123426534
0.0,0.0,2.0609777e-22,4.4055552e-20,0.0,6.50485e-05,0.0,2.8118903e-08,0.0,0.008556062,0.0,0.06948926,0.0,0.30889478,0.0,0.021371944,0.0,0.11844045,0.0,0.03830117,0.0,0.009498123,0.0,0.0064567314,0.0,0.080675945
0.0,0.0,8.987192000000001e-23,8.282620999999999e-20,0.0,0.00014995808,0.0,3.163269e-07,0.0,0.01909429,0.0,0.051406354,0.0,0.31821972,0.0,0.0060726134,0.0,0.1561616,0.0,0.047747437,0.0,0.0043822066,0.0,0.002679429,0.0,0.011614432
0.0,0.0,4.7788155e-23,4.1762908e-20,0.0,6.3940846e-05,0.0,1.6682878e-07,0.0,0.019211587,0.0,0.071255274,0.0,0.3195026,0.0,0.018302519,0.0,0.1357141,0.0,0.027518112,0.0,0.017397244,0.0,0.011585449,0.0,0.058880996
0.0,0.0,4.7746e-23,1.32820334e-20,0.0,8.591231e-05,0.0,1.3913873e-07,0.0,0.0120088095,0.0,0.071134925,0.0,0.33932987,0.0,0.0060344674,0.0,0.07871557,0.0,0.079360515,0.0,0.0041031614,0.0,0.0033577327,0.0,0.08715065
0.0,0.0,2.799625e-23,3.6651234e-21,0.0,6.0611044e-05,0.0,1.6259558e-07,0.0,0.014681906,0.0,0.051546723,0.0,0.3140085,0.0,0.019747151,0.0,0.020239541,0.0,0.06571992,0.0,0.019027296,0.0,0.009806676,0.0,0.09173931
0.0,0.0,1.3858349e-23,1.2637589e-19,0.0,9.049023e-05,0.0,1.0911958e-07,0.0,0.025651462,0.0,0.057683263,0.0,0.3202843,0.0,0.0061908606,0.0,0.5423842,0.0,0.038075622,0.0,0.0053227586,0.0,0.004608526,0.0,0.038228918
0.0,0.0,8.167195e-22,8.7153e-20,0.0,5.5364464e-05,0.0,1.9091573e-07,0.0,0.018077377,0.0,0.06218094,0.0,0.37384278,0.0,0.020224165,0.0,0.23623423,0.0,0.019780565,0.0,0.009468899,0.0,0.006420692,0.0,0.005683039
0.0,0.0,1.9673093e-21,2.6260429e-20,0.0,0.00011450875,0.0,2.395663e-07,0.0,0.0110240355,0.0,0.085133985,0.0,0.39940882,0.0,0.006401343,0.0,0.07115018,0.0,0.056814693,0.0,0.0039575924,0.0,0.002426899,0.0,0.008967184
0.0,0.0,1.9654221e-21,7.268368e-20,0.0,5.866873e-05,0.0,1.7624076e-07,0.0,0.005891972,0.0,0.06612036,0.0,0.44453737,0.0,0.019918807,0.0,0.052930675,0.0,0.043728273,0.0,0.016775468,0.0,0.010617723,0.0,5.468533e-06
0.0,0.0,1.6786708000000001e-21,2.612986e-19,0.0,5.580461e-05,0.0,4.5669747e-08,0.0,0.029712263,0.0,0.08872237,0.0,0.4639721,0.0,0.0063208602,0.0,0.076894,0.0,0.04382176,0.0,0.0033989293,0.0,0.002787493,0.0,3.2268156e-06
0.0,0.0,9.308674e-21,1.0547644e-19,0.0,6.0774906e-05,0.0,4.482616e-08,0.0,0.0034838628,0.0,0.0932034,0.0,0.4424669,0.0,0.017173976,0.0,0.082958646,0.0,0.023116818,0.0,0.009892842,0.0,0.0043158657,0.0,3.8442163e-06
0.0,0.0,9.705643e-21,2.784089e-20,0.0,1.46163975e-05,0.0,7.6697674e-08,0.0,0.010220229,0.0,0.13650724,0.0,0.4430557,0.0,0.006783087,0.0,0.09736096,0.0,0.01925051,0.0,0.003536276,0.0,0.002833353,0.0,1.090465e-05
0.0,0.0,6.798593400000001e-21,4.7313636e-20,0.0,5.442856e-05,0.0,3.1071895e-08,0.0,0.013306646,0.0,0.11337579,0.0,0.42846477,0.0,0.017433504,0.0,0.1001396,0.0,0.0065839384,0.0,0.0050072595,0.0,0.0032623243,0.0,0.013021637
0.0,0.0,7.820249e-21,1.8656155e-18,0.0,1.4408515e-05,0.0,2.2764493e-08,0.0,0.014580249,0.0,0.15575656,0.0,0.44685093,0.0,0.019328095,0.0,0.28165206,0.0,0.041039743,0.0,0.0064894846,0.0,0.0041574417,0.0,0.0026854095
0.0,0.0,8.030737e-21,1.0403389e-18,0.0,4.626842e-05,0.0,2.2139323e-08,0.0,0.014136008,0.0,0.12413389,0.0,0.40447,0.0,0.00503692,0.0,0.38768566,0.0,0.018953435,0.0,0.006217309,0.0,0.0028172447,0.0,0.007975457
0.0,0.0,9.39712e-21,2.8672887e-19,0.0,1.4011064e-05,0.0,4.2745056e-09,0.0,0.013863297,0.0,0.14140344,0.0,0.4183963,0.0,0.012095263,0.0,0.38031843,0.0,0.008352437,0.0,0.009685094,0.0,0.0061024637,0.0,0.029963637
0.0,0.0,2.6942405e-20,2.763369e-19,0.0,7.221121e-05,0.0,3.4468908e-08,0.0,0.018035403,0.0,0.15097927,0.0,0.3929733,0.0,0.0055761784,0.0,0.29161298,0.0,0.10851366,0.0,0.002130362,0.0,0.0016620663,0.0,0.022661727
0.0,0.0,1.1291497e-20,1.2596344999999998e-19,0.0,3.829906e-05,0.0,1.6749608e-08,0.0,0.0061657387,0.0,0.114932805,0.0,0.3868687,0.0,0.00925504,0.0,0.26483396,0.0,0.13381524,0.0,0.0049608145,0.0,0.002022773,0.0,0.002876188
0.0,0.0,1.21589096e-20,4.1623945e-20,0.0,9.228571e-06,0.0,1.42385606e-08,0.0,0.008149346,0.0,0.14434123,0.0,0.4049773,0.0,0.004726968,0.0,0.27856582,0.0,0.115295045,0.0,0.006406252,0.0,0.004145859,0.0,0.007616981
0.0,0.0,1.3805339999999998e-20,9.910189999999999e-21,0.0,3.4071647e-05,0.0,9.275043e-09,0.0,0.004961184,0.0,0.1343553,0.0,0.2840219,0.0,0.0079481,0.0,0.23995659,0.0,0.106758915,0.0,0.018362038,0.0,0.011109945,0.0,0.019722985
0.0,0.0,7.570204e-21,1.6358787e-21,0.0,4.004067e-05,0.0,3.0190204e-09,0.0,0.0032230977,0.0,0.09548203,0.0,0.22018167,0.0,0.014309588,0.0,0.21954791,0.0,0.042935085,0.0,0.02600272,0.0,0.010408255,0.0,1.2507246e-06
0.0,0.0,6.4651318e-21,3.8350608e-22,0.0,1.0014394e-05,0.0,4.8970974e-09,0.0,0.0026114217,0.0,0.14187232,0.0,0.22299242,0.0,0.0035610609,0.0,0.18799911,0.0,0.004790073,0.0,0.014127605,0.0,0.010203805,0.0,4.697791e-07
0.0,0.0,6.458336e-21,8.3958586e-23,0.0,2.2976408e-06,0.0,1.2923812e-09,0.0,0.00091105624,0.0,0.118257575,0.0,0.124958314,0.0,0.0039206636,0.0,0.14391117,0.0,0.012439537,0.0,0.0032458962,0.0,0.0025181556,0.0,3.522936e-07
0.0,0.0,4.888164e-21,1.4384468e-21,0.0,8.315502e-06,0.0,4.2611084e-09,0.0,0.00027605298,0.0,0.08373882,0.0,0.04246176,0.0,0.0033269583,0.0,0.18164039,0.0,0.05773009,0.0,0.002002305,0.0,0.00066831766,0.0,2.4862516e-07
0.0,0.0,4.8830257e-21,2.5991177000000003e-22,0.0,2.6717028e-06,0.0,3.8445593e-09,0.0,0.00072302745,0.0,0.07986071,0.0,0.0050386963,0.0,0.0027087769,0.0,0.18517652,0.0,0.04917883,0.0,0.0015152241,0.0,0.0009822778,0.0,9.1139874e-08
0.0,0.0,4.877893e-21,6.262457e-23,0.0,9.653211e-06,0.0,2.1176576e-09,0.0,0.00022222864,0.0,0.044384558,0.0,0.12277473,0.0,0.0100948075,0.0,0.21528396,0.0,0.031844605,0.0,0.0041001006,0.0,0.0024261593,0.0,3.302126e-08
0.0,0.0,4.8727655000000004e-21,6.6954544e-23,0.0,4.361987e-06,0.0,1.398427e-09,0.0,6.58071e-05,0.0,0.007891369,0.0,0.10371548,0.0,0.002436696,0.0,0.18725915,0.0,0.0038760921,0.0,0.0061859186,0.0,0.0010855019,0.0,1.3878845e-08
0.0,0.0,4.8676433e-21,1.3478990000000001e-22,0.0,1.0692834e-06,0.0,5.432078e-10,0.0,1.7248443e-05,0.0,0.0012683126,0.0,0.055339575,0.0,0.0012229783,0.0,0.10717588,0.0,0.013699418,0.0,0.0014440423,0.0,0.0012344347,0.0,4.540247e-09
0.0,0.0,4.1570814e-21,2.5062363000000004e-22,0.0,7.4604975e-07,0.0,4.86048e-10,0.0,3.0829524e-06,0.0,0.00015853196,0.0,0.022435294,0.0,0.002276421,0.0,0.018261379,0.0,0.0038174673,0.0,0.001566239,0.0,0.0009169518,0.0,1.487146e-09
0.0,0.0,4.1527116e-21,4.8829350000000004e-23,0.0,9.715764e-07,0.0,1.0850708e-09,0.0,0.00040478143,0.0,2.5247406e-05,0.0,0.0664665,0.0,0.0005185423,0.0,0.29692206,0.0,0.0065482813,0.0,0.000670484,0.0,0.0004188984,0.0,2.5049154e-08
0.0,0.0,1.0483234e-20,1.2551763e-23,0.0,2.565083e-07,0.0,2.6831218e-10,0.0,0.00014802643,0.0,1.818858e-05,0.0,0.064430006,0.0,0.0060760914,0.0,0.10916096,0.0,0.033330977,0.0,0.00041920855,0.0,9.239977e-05,0.0,7.666729e-09
0.0,0.0,4.9098094e-20,1.8228252e-24,0.0,1.8394343e-06,0.0,3.4855122e-10,0.0,3.37845e-05,0.0,3.922216e-06,0.0,0.013292177,0.0,0.0014391025,0.0,0.049059145,0.0,0.012301048,0.0,0.0018489927,0.0,0.00096231105,0.0,2.0609094e-09
0.0,0.0,4.9044339999999996e-20,2.2076278e-24,0.0,5.034206e-07,0.0,4.1372253e-11,0.0,1.07904725e-05,0.0,8.8233855e-07,0.0,0.3135395,0.0,0.00032807433,0.0,0.009377628,0.0,0.02522083,0.0,0.0014065296,0.0,0.00080800604,0.0,6.1110517e-10
0.0,0.0,4.8990644e-20,7.410649599999998e-25,0.0,1.18531254e-07,0.0,5.6286243e-12,0.0,1.9496608e-06,0.0,1.8809635e-07,0.0,0.3500388,0.0,0.0012193448,0.0,0.14132613,0.0,0.022340102,0.0,0.0018076175,0.0,0.00013670903,0.0,0.0017006276
0.0,0.0,4.893701e-20,4.2225836e-25,0.0,1.1939636e-07,0.0,3.0752473e-11,0.0,1.7474109e-07,0.0,3.8883858e-08,0.0,0.10188274,0.0,0.0003139507,0.0,0.049075264,0.0,0.002853657,0.0,0.000967795,0.0,0.00058602216,0.0,0.00333395
0.0,0.0,3.8219625e-20,3.1681526e-26,0.0,7.64987e-08,0.0,9.288082e-12,0.0,3.0280912e-08,0.0,0.000114287504,0.0,0.039327126,0.0,0.0018569749,0.0,0.0061154207,0.0,0.024609463,0.0,0.0006619495,0.0,0.0003789136,0.0,0.0034460803
0.0,0.0,1.0692071e-19,5.142305e-27,0.0,1.9791768e-08,0.0,3.959664e-12,0.0,5.680212e-09,0.0,4.5638644e-05,0.0,0.048106194,0.0,0.0008482547,0.0,0.05200328,0.0,0.004995152,0.0,0.00025180474,0.0,0.00015298782,0.0,0.0027261476
0.0,0.0,1.0680244e-19,6.098672e-28,0.0,1.596852e-07,0.0,8.96899e-13,0.0,1.2141241e-09,0.0,9.96714e-06,0.0,0.025486907,0.0,0.00019723718,0.0,0.042890135,0.0,0.030582882,0.0,5.0902472e-05,0.0,3.839746e-05,0.0,0.0013491248
0.0,0.0,1.0668431e-19,1.0841054e-28,0.0,5.6638807e-08,0.0,1.0536626e-13,0.0,6.4653043e-09,0.0,2.0448945e-06,0.0,0.0041647707,0.0,0.00082850526,0.0,0.0076211067,0.0,0.009895895,0.0,5.208846e-05,0.0,6.6943912e-06,0.0,9.866044e-11
0.0,0.0,1.0656631e-19,2.4857845e-29,0.0,1.4040823e-08,0.0,1.7674936e-13,0.0,1.4667132e-09,0.0,4.538508e-07,0.0,0.03423266,0.0,0.00060079066,0.0,0.09768057,0.0,0.0044090645,0.0,8.2467224e-05,0.0,4.1448555e-05,0.0,2.7771707e-11
0.0,0.0,4.074246e-20,5.1072412e-30,0.0,3.3718555e-09,0.0,2.5769104e-14,0.0,3.3368477e-10,0.0,8.131597e-08,0.0,0.00643379,0.0,0.0001416114,0.0,0.020605918,0.0,0.023929657,0.0,1.4461057e-05,0.0,1.078792e-05,0.0,6.5304468e-12
0.0,0.0,1.3923118e-19,8.549354e-31,0.0,7.979654e-08,0.0,3.4187584e-15,0.0,7.898618e-11,0.0,2.313794e-05,0.0,0.08852665,0.0,0.0003557747,0.0,0.115958564,0.0,0.00346245,0.0,8.0156315e-06,0.0,4.4923954e-06,0.0,1.4206361e-12
0.0,0.0,1.3907582e-19,1.3453104e-31,0.0,3.0400958e-08,0.0,2.3461483e-15,0.0,1.3060238e-11,0.0,5.304333e-06,0.0,0.030966789,0.0,0.00037306652,0.0,0.039274674,0.0,0.023201235,0.0,2.0856402e-05,0.0,7.9134276e-07,0.0,2.3307322e-13
0.0,0.0,7.8810673e-20,2.8145846e-32,0.0,7.694351e-09,0.0,2.4574913e-14,0.0,3.1293015e-10,0.0,1.9154413e-05,0.0,0.0035651599,0.0,8.676695e-05,0.0,0.016950749,0.0,0.0037184514,0.0,3.6242318e-06,0.0,2.7366361e-06,0.0,4.0026332e-14
0.0,0.0,8.440266e-20,5.2835132e-33,0.0,3.8923558e-09,0.0,6.5747477e-15,0.0,1.05262764e-10,0.0,1.0490288e-05,0.0,0.00887686,0.0,2.0759766e-05,0.0,0.08456692,0.0,0.015761003,0.0,5.153108e-06,0.0,2.4838419e-06,0.0,8.065147e-15
0.0,0.0,1.5143959e-19,2.8038341e-33,0.0,1.2045336e-08,0.0,1.0206057e-15,0.0,2.3854462e-11,0.0,2.0356556e-06,0.0,0.0493985,0.0,0.00080376957,0.0,0.023769762,0.0,0.0018513171,0.0,3.003468e-05,0.0,3.977829e-06,0.0,2.4834957e-15
0.0,0.0,7.8961194e-20,5.7921116e-34,0.0,3.198109e-09,0.0,6.199217e-15,0.0,5.973495e-12,0.0,5.3913107e-07,0.0,0.12252931,0.0,0.0001814746,0.0,0.15785651,0.0,0.008756222,0.0,5.167237e-06,0.0,5.182612e-06,0.0,4.6429718e-14
0.0,0.0,6.7429825e-20,2.1876169e-28,0.0,1.6138708e-08,0.0,1.0933627e-15,0.0,1.9029739e-12,0.0,1.2637766e-07,0.0,0.076645486,0.0,4.1463678e-05,0.0,0.016041972,0.0,0.04150851,0.0,0.00010475262,0.0,6.1163983e-06,0.0,2.520689e-14
0.0,0.0,8.699437999999999e-20,9.1692177e-29,0.0,5.1475255e-09,0.0,1.0178172e-15,0.0,1.3517093e-13,0.0,2.8926536e-08,0.0,1.1184124e-07,0.0,0.00071704417,0.0,0.15698193,0.0,0.012743647,0.0,1.8241e-05,0.0,1.8214456e-05,0.0,6.747543e-15
0.0,0.0,3.3165354e-19,1.7687611e-29,0.0,5.4574163e-09,0.0,4.435799e-16,0.0,5.202807e-16,0.0,6.4119567e-09,0.0,5.92151e-08,0.0,0.0001747623,0.0,0.029333262,0.0,0.0038774784,0.0,1.9069284e-05,0.0,3.525805e-06,0.0,1.9081886e-15
0.0,0.0,2.8675072e-19,4.5945256e-30,0.0,3.1035778e-09,0.0,7.69812e-15,0.0,1.288335e-13,0.0,1.2709028e-09,0.0,3.878237e-08,0.0,4.0156483e-05,0.0,0.040550794,0.0,0.039740697,0.0,4.7737594e-05,0.0,2.4870722e-05,0.0,4.901325e-16
0.0,0.0,2.8642576e-19,7.8555527e-31,0.0,8.092551e-09,0.0,6.7049205e-15,0.0,1.205725e-13,0.0,3.4099965e-06,0.0,6.049859e-08,0.0,0.00012184985,0.0,0.0031349792,0.0,0.013370798,0.0,0.0004045435,0.0,0.00020114667,0.0,1.4633023e-14
0.0,0.0,2.1677118e-19,2.951185e-31,0.0,2.4986589e-08,0.0,1.0303564e-15,0.0,1.9579848e-14,0.0,6.208482e-07,0.0,7.388806e-08,0.0,4.350829e-05,0.0,4.9177613e-09,0.0,0.005260548,0.0,0.001876964,0.0,0.0009601477,0.0,3.93637e-15
0.0,0.0,2.1652552e-19,4.513331e-32,0.0,7.121842e-09,0.0,3.724613e-15,0.0,3.2638803e-15,0.0,1.4925693e-07,0.0,2.5249244e-07,0.0,0.00029103385,0.0,6.3773617e-09,0.0,0.03237593,0.0,0.0010038939,0.0,0.00016161767,0.0,8.6109115e-16
0.0,0.0,2.1628015e-19,2.2524964000000003e-32,0.0,1.7197475e-09,0.0,4.154837e-16,0.0,6.681625e-16,0.0,1.4132748e-07,0.0,1.2081131e-07,0.0,0.00012934711,0.0,3.922962e-09,0.0,0.0077960268,0.0,0.0005988991,0.0,0.00036333784,0.0,2.225894e-16
0.0,0.0,6.844936e-20,3.477852e-32,0.0,2.7080436e-08,0.0,2.1095322e-15,0.0,1.2332254e-16,0.0,2.5182896e-08,0.0,1.8996266e-07,0.0,2.9772991e-05,0.0,2.0405424e-09,0.0,8.311754e-05,0.0,8.7723325e-05,0.0,7.604836e-05,0.0,4.0702432e-16
0.0,0.0,6.837179e-20,1.4331379e-34,0.0,2.379554e-08,0.0,4.623351e-16,0.0,2.4499366e-17,0.0,2.6842995e-06,0.0,1.17796e-07,0.0,7.173291e-05,0.0,6.0048877e-09,0.0,6.910261e-05,0.0,6.5205686e-06,0.0,1.32565165e-05,0.0,2.5098865e-16
0.0,0.0,6.8294306e-20,5.6095555e-34,0.0,6.7799197e-09,0.0,4.1691605e-15,0.0,5.0238893e-18,0.0,9.973976e-07,0.0,5.301089e-08,0.0,3.5753645e-05,0.0,5.5817293e-09,0.0,6.184738e-05,0.0,1.5782754e-05,0.0,7.178591e-06,0.0,5.456591000000001e-17
0.0,0.0,5.832014e-20,7.5991953e-31,0.0,1.6679554e-09,0.0,1.3039039e-15,0.0,8.105803e-19,0.0,1.8656712e-07,0.0,2.3102327e-08,0.0,8.504429e-06,0.0,2.268264e-09,0.0,2.085556e-05,0.0,3.5420805e-06,0.0,2.3744767e-06,0.0,1.2433149e-17
0.0,0.0,4.4137534e-20,4.1065547e-31,0.0,4.0810552e-10,0.0,1.6045427e-15,0.0,5.8663564e-14,0.0,4.911056e-08,0.0,2.6372103e-08,0.0,9.823691e-05,0.0,4.8620072e-09,0.0,2.399681e-05,0.0,2.186531e-06,0.0,1.2622653e-06,0.0,2.8687984e-18
0.0,0.0,3.7691389999999997e-20,8.7372867e-32,0.0,1.503141e-09,0.0,4.8421496e-16,0.0,1.34894656e-14,0.0,1.4514231e-08,0.0,2.0367626e-08,0.0,2.3712091e-05,0.0,4.9932156e-09,0.0,8.954694e-05,0.0,1.5027677e-05,0.0,2.2280408e-07,0.0,5.3966425e-17
0.0,0.0,3.7648676e-20,1.5166844000000002e-32,0.0,1.2884043e-09,0.0,1.4798404e-16,0.0,3.837729e-15,0.0,2.6534663e-09,0.0,9.453801e-09,0.0,5.6764356e-06,0.0,2.5689701e-09,0.0,3.440896e-05,0.0,2.7259189e-06,0.0,1.7022605e-06,0.0,3.6242260000000004e-17
0.0,0.0,3.7606012e-20,3.3565734e-33,0.0,3.864428e-10,0.0,1.4724386e-17,0.0,6.034165e-16,0.0,4.3432424e-10,0.0,4.3464095e-09,0.0,0.0001872015,0.0,9.2252816e-10,0.0,1.5778438e-05,0.0,1.6090304e-06,0.0,9.219881e-07,0.0,6.448751e-18
0.0,0.0,3.7563396e-20,5.856813e-34,0.0,8.3354246e-10,0.0,2.078577e-17,0.0,9.95924e-17,0.0,8.596738e-11,0.0,1.3046247e-09,0.0,4.9418497e-05,0.0,3.431176e-10,0.0,6.427338e-06,0.0,1.3620057e-06,0.0,1.651218e-07,0.0,1.2563668999999998e-18
0.0,0.0,3.7520825e-20,1.2474894e-34,0.0,3.2326475e-10,0.0,4.4078883e-18,0.0,1.7722068e-17,0.0,1.1364274e-11,0.0,5.3219207e-10,0.0,1.1845837e-05,0.0,1.3075702e-10,0.0,5.025147e-06,0.0,3.1899023e-07,0.0,1.410939e-07,0.0,2.428646e-19
0.0,0.0,3.7478306e-20,1.4467318e-35,0.0,8.650721e-11,0.0,2.2711416e-18,0.0,3.1107494e-18,0.0,4.0922695e-12,0.0,2.1142513e-10,0.0,2.9091636e-06,0.0,1.8367015e-10,0.0,6.668706e-06,0.0,5.860522e-07,0.0,2.6033538e-07,0.0,1.5758883999999998e-19
0.0,0.0,3.7435833e-20,5.5221143e-36,0.0,2.2388657e-11,0.0,1.0396178e-18,0.0,2.8540295e-17,0.0,1.3840955e-12,0.0,3.102117e-10,0.0,5.259398e-05,0.0,1.2563578e-10,0.0,2.3170883e-06,0.0,1.0415285e-07,0.0,6.8443654e-08,0.0,1.3772467e-19
0.0,0.0,3.739341e-20,1.10851715e-35,0.0,1.00579215e-11,0.0,1.7745782e-19,0.0,4.4532757e-18,0.0,5.2166935e-13,0.0,1.7612874e-10,0.0,9.706527e-05,0.0,5.2668224e-11,0.0,2.326036e-06,0.0,3.1716525e-08,0.0,1.9337218e-08,0.0,2.6142067e-20
0.0,0.0,3.7351034e-20,4.85948e-36,0.0,6.6121765e-12,0.0,3.782993e-18,0.0,1.2707724e-18,0.0,1.1442175e-13,0.0,5.5650633e-11,0.0,2.4443454e-05,0.0,1.7077301e-11,0.0,1.8288869e-05,0.0,5.6972954e-07,0.0,3.6470176e-09,0.0,4.6550268000000004e-21
0.0,0.0,1.8238142e-20,9.853066e-37,0.0,1.9925682e-12,0.0,1.2473797e-18,0.0,2.2395408e-19,0.0,2.2422729e-14,0.0,1.9857675e-11,0.0,5.963675e-06,0.0,5.362603e-12,0.0,8.153067e-06,0.0,1.0654354e-07,0.0,8.22898e-09,0.0,8.652007e-22
0.0,0.0,1.557452e-20,3.1560809e-37,0.0,1.1380501e-11,0.0,1.8417456e-19,0.0,4.7098078e-20,0.0,2.1098492e-13,0.0,3.2723508e-11,0.0,1.4492014e-06,0.0,1.7023049e-12,0.0,2.1421681e-06,0.0,1.9448265e-08,0.0,1.9103364e-08,0.0,1.7048185000000002e-22
0.0,0.0,7.103814e-21,6.514996400000001e-38,0.0,5.503069e-12,0.0,3.2344368e-20,0.0,7.46028e-21,0.0,8.761323e-14,0.0,1.7974046e-11,0.0,3.5461804e-07,0.0,1.1067078e-12,0.0,1.2768719e-06,0.0,3.3972404e-07,0.0,3.4464094e-09,0.0,1.0818840000000002e-22
0.0,0.0,7.095764e-21,6.539314e-37,0.0,1.5259197e-12,0.0,5.814955300000001e-21,0.0,1.213605e-21,0.0,2.9372812e-14,0.0,6.7746477e-12,0.0,2.6963613e-05,0.0,7.824936e-13,0.0,3.3870276e-06,0.0,7.687646e-08,0.0,2.6048195e-08,0.0,6.9578453e-23
0.0,0.0,7.087723e-21,2.2989582e-37,0.0,3.998049e-13,0.0,1.109486e-21,0.0,2.2961936000000003e-22,0.0,8.809907e-15,0.0,2.0155514e-12,0.0,6.854185e-06,0.0,3.1759502e-13,0.0,1.8345614e-05,0.0,6.763426e-07,0.0,2.4152595e-07,0.0,1.2501133e-23
0.0,0.0,5.3640918e-21,5.341682e-37,0.0,7.5763326e-11,0.0,1.9362662e-22,0.0,4.0501425e-23,0.0,1.7190175e-15,0.0,8.5728614e-13,0.0,1.6712253e-06,0.0,1.638392e-13,0.0,7.307107e-06,0.0,1.2422252e-07,0.0,7.6175105e-08,0.0,1.6857708e-22
0.0,0.0,4.5806835e-21,1.0911253e-37,0.0,3.72419e-11,0.0,2.9257860000000004e-23,0.0,1.3940231e-20,0.0,8.50248e-16,0.0,1.906614e-12,0.0,4.1307635e-07,0.0,4.908976e-14,0.0,2.9589344e-06,0.0,3.0308192e-07,0.0,1.206897e-07,0.0,3.917734e-21
0.0,0.0,4.5754926e-21,2.3850052e-38,0.0,1.0446e-11,0.0,6.778239e-21,0.0,2.7569673e-21,0.0,3.808207e-15,0.0,1.3162322e-12,0.0,2.0577281e-05,0.0,3.4592175e-14,0.0,1.3039388e-06,0.0,3.1338647e-07,0.0,2.1806812e-08,0.0,8.0182867e-22
0.0,0.0,4.5703074e-21,3.7393070000000005e-39,0.0,2.6951403e-12,0.0,3.4334805e-21,0.0,5.944354000000002e-22,0.0,1.5194618e-15,0.0,5.203462e-13,0.0,5.844279e-06,0.0,2.6052479e-14,0.0,8.239733e-07,0.0,1.8885622e-07,0.0,5.3504642e-08,0.0,1.246315e-21
0.0,0.0,4.5651282e-21,1.024159e-39,0.0,6.852987e-13,0.0,1.344817e-21,0.0,9.101066000000001e-23,0.0,1.2634582e-14,0.0,1.9674049e-13,0.0,1.4186454e-06,0.0,1.22359246e-14,0.0,7.232513e-06,0.0,7.727506e-07,0.0,3.2319247e-07,0.0,3.8021503e-22
0.0,0.0,4.559954700000001e-21,1.77941e-40,0.0,2.0716016e-12,0.0,1.4338048e-21,0.0,2.4867569999999995e-19,0.0,2.0072474e-15,0.0,6.733068e-14,0.0,3.1865206e-05,0.0,5.4452153e-15,0.0,2.9557755e-06,0.0,1.3801255e-07,0.0,9.032944e-08,0.0,8.182806000000001e-23
0.0,0.0,4.5547872e-21,6.702600000000001e-41,0.0,1.3559501e-12,0.0,2.6587066e-22,0.0,1.3115939999999998e-19,0.0,2.3323616e-14,0.0,3.4418367e-13,0.0,2.0849051e-05,0.0,3.616562e-13,0.0,1.3375378e-06,0.0,1.8529754e-07,0.0,8.938073e-08,0.0,2.00175e-23
0.0,0.0,4.5496254e-21,9.144956e-37,0.0,3.8672743e-13,0.0,5.462569700000002e-22,0.0,1.8935638e-20,0.0,2.5321393e-14,0.0,6.2972793e-13,0.0,4.9375653e-06,0.0,2.3671402e-13,0.0,1.1578744e-05,0.0,3.9751912e-06,0.0,1.5758738e-08,0.0,4.8098147e-24
0.0,0.0,4.5444697e-21,3.0030772e-37,0.0,9.4948395e-14,0.0,3.934612300000001e-22,0.0,3.8254684e-21,0.0,4.570173e-15,0.0,3.044294e-13,0.0,1.1785944e-06,0.0,1.3549169e-13,0.0,8.11997e-06,0.0,2.2025272e-06,0.0,1.0156507e-06,0.0,6.4284563e-24
0.0,0.0,4.5393196e-21,4.4720367000000006e-38,0.0,1.965188e-12,0.0,6.6238896e-23,0.0,6.951409e-22,0.0,1.3078907e-14,0.0,1.2114906e-13,0.0,6.479092e-05,0.0,4.6089224e-14,0.0,3.6499396e-06,0.0,3.8551204e-07,0.0,3.0781334e-07,0.0,1.5815605e-24
0.0,0.0,4.534175600000001e-21,7.322307e-39,0.0,1.2436504e-12,0.0,5.1071704e-23,0.0,1.2891793e-22,0.0,5.479348e-15,0.0,5.848037e-14,0.0,1.8893585e-05,0.0,3.1944255e-14,0.0,1.4498794e-06,0.0,7.192757e-08,0.0,6.178206e-08,0.0,3.09483e-25
0.0,0.0,4.5290372e-21,2.003589e-39,0.0,3.9587477e-13,0.0,6.436631e-23,0.0,2.0305117e-23,0.0,2.0149283e-15,0.0,1.2995025e-12,0.0,4.600068e-06,0.0,2.8228042e-14,0.0,1.1848729e-06,0.0,9.494593e-08,0.0,1.1035157e-08,0.0,9.2762665e-26
0.0,0.0,1.8260747e-21,3.53644e-40,0.0,1.0029859e-13,0.0,5.1695475e-23,0.0,1.9517044e-21,0.0,9.532312e-16,0.0,1.1130494e-12,0.0,1.1036179e-06,0.0,1.4503625e-14,0.0,1.5082971e-06,0.0,2.2652927e-07,0.0,6.4780416e-08,0.0,6.4337390000000005e-25
0.0,0.0,1.5593824e-21,7.147600000000001e-41,0.0,7.234692e-11,0.0,7.800542400000001e-22,0.0,4.6294464e-21,0.0,1.7511719e-16,0.0,4.58808e-13,0.0,6.7749697e-06,0.0,1.1782114e-13,0.0,5.525486e-07,0.0,3.8639737e-08,0.0,2.8796629e-08,0.0,1.5657335e-25
0.0,0.0,1.5576152e-21,2.528e-41,0.0,2.9788914e-11,0.0,8.162895000000001e-23,0.0,8.394791e-22,0.0,1.0581147e-15,0.0,1.7147926e-13,0.0,6.7453366e-06,0.0,6.657161e-14,0.0,2.8375925e-07,0.0,1.7053033e-08,0.0,9.532194e-09,0.0,2.9415126e-26
0.0,0.0,1.55585e-21,2.2e-42,0.0,7.9710275e-12,0.0,8.5455194e-23,0.0,1.3075151000000002e-22,0.0,9.594012e-16,0.0,7.200759e-14,0.0,1.6274337e-06,0.0,2.7508969e-14,0.0,4.3099376e-06,0.0,4.0401756e-07,0.0,1.7119037e-09,0.0,6.5090986e-27
0.0,0.0,1.5540869e-21,3.81e-43,0.0,2.0022649e-12,0.0,1.9235398e-23,0.0,2.8947447e-23,0.0,4.0129782e-16,0.0,3.5803467e-12,0.0,3.122187e-05,0.0,1.07626285e-14,0.0,2.0024704e-06,0.0,7.2818324e-08,0.0,3.5727204e-08,0.0,1.9801741000000003e-27
0.0,0.0,8.837323e-22,2.9130000000000005e-42,0.0,3.4293382e-12,0.0,1.9199642e-23,0.0,5.4372494e-24,0.0,7.433468e-17,0.0,1.2881957e-12,0.0,2.1664291e-05,0.0,9.209541e-13,0.0,9.579886e-07,0.0,1.2662314e-07,0.0,6.012366e-08,0.0,1.2256357e-25
0.0,0.0,8.827309e-22,1.4220000000000003e-42,0.0,1.1380025e-12,0.0,3.592504e-24,0.0,1.3558656e-23,0.0,1.35492305e-14,0.0,2.0009688e-12,0.0,5.1076477e-06,0.0,6.496498e-13,0.0,1.0028123e-06,0.0,2.8501958e-07,0.0,1.0640884e-08,0.0,2.8206834e-26
0.0,0.0,8.817305e-22,1.9800000000000003e-43,0.0,2.8420067e-13,0.0,5.9258783e-25,0.0,5.4461466e-24,0.0,8.979759e-15,0.0,2.9038653e-12,0.0,1.2287308e-06,0.0,3.189306e-13,0.0,1.928622e-06,0.0,3.4117517e-07,0.0,1.241937e-07,0.0,5.3791578e-27
0.0,0.0,4.632574400000002e-22,5.200000000000002e-44,0.0,4.7960136e-11,0.0,1.2604569e-25,0.0,9.218411e-25,0.0,1.7222584e-15,0.0,1.2358903e-12,0.0,1.762128e-05,0.0,1.1335705e-13,0.0,1.3328746e-06,0.0,6.068194e-08,0.0,4.5545793e-08,0.0,2.6524977e-24
0.0,0.0,2.6343160000000003e-22,8.000000000000001e-45,0.0,2.0883892e-11,0.0,4.33306e-25,0.0,1.4776834e-25,0.0,1.0215659e-14,0.0,5.1914175e-13,0.0,6.007085e-06,0.0,1.2954392e-13,0.0,2.9965859e-06,0.0,4.988825e-07,0.0,2.196917e-07,0.0,8.154555e-25
0.0,0.0,3.933659800000001e-22,1e-45,0.0,5.450293e-12,0.0,3.559755e-24,0.0,9.0138123e-20,0.0,1.0530627e-14,0.0,9.445593e-12,0.0,1.4164287e-06,0.0,2.3766194e-13,0.0,2.1002256e-06,0.0,6.303148e-07,0.0,3.8599577e-08,0.0,2.2127122e-25
0.0,0.0,1.3179887e-21,0.0,0.0,1.3308691e-12,0.0,5.4212893e-25,0.0,6.247869399999999e-19,0.0,1.682535e-15,0.0,2.152384e-11,0.0,1.9290681e-05,0.0,2.671541e-13,0.0,4.400335e-06,0.0,1.0955711e-07,0.0,8.95355e-08,0.0,6.564929400000001e-26
0.0,0.0,1.3164636e-21,0.0,0.0,9.883894e-11,0.0,1.534214e-25,0.0,1.4853982999999998e-19,0.0,6.5422026e-14,0.0,5.307366e-11,0.0,5.575524e-06,0.0,1.8439765e-13,0.0,9.705621e-06,0.0,2.5625357e-06,0.0,1.3970117e-07,0.0,1.5414183e-24
0.0,0.0,1.3149402e-21,0.0,0.0,3.6216884e-11,0.0,1.832171e-21,0.0,4.450705e-20,0.0,8.631862e-13,0.0,3.1213913e-11,0.0,1.4221204e-05,0.0,2.431301e-13,0.0,5.6484596e-06,0.0,5.357815e-07,0.0,4.912926e-07,0.0,5.6533938e-24
0.0,0.0,1.3134186000000001e-21,0.0,0.0,3.510931e-11,0.0,5.2352290000000005e-22,0.0,7.028434e-17,0.0,1.4817658e-13,0.0,1.5066434e-11,0.0,6.0562834e-06,0.0,4.5675535e-13,0.0,8.378738e-06,0.0,2.1827307e-06,0.0,8.56281e-08,0.0,4.297531000000001e-23
0.0,0.0,1.3118988e-21,0.0,0.0,1.32264815e-11,0.0,1.6013255e-20,0.0,8.077274e-17,0.0,7.0559124e-13,0.0,3.3800765e-10,0.0,5.9092697e-05,0.0,4.9147145e-12,0.0,5.7826833e-06,0.0,1.3602044e-06,0.0,8.648061e-07,0.0,1.1812500000000001e-23
0.0,0.0,1.3103807000000001e-21,0.0,0.0,1.3899445e-10,0.0,1.4217884e-20,0.0,1.7822124e-17,0.0,6.3369687e-13,0.0,5.1778054e-10,0.0,2.079687e-05,0.0,1.5846298e-10,0.0,2.2373768e-05,0.0,2.340093e-07,0.0,1.9698771e-07,0.0,1.4360801e-23
0.0,0.0,1.3088644e-21,0.0,0.0,1.8626398e-10,0.0,3.7455871999999997e-20,0.0,5.330965e-18,0.0,5.607225e-13,0.0,1.8527481e-09,0.0,1.678603e-05,0.0,2.360611e-10,0.0,1.6685904e-05,0.0,5.1460406e-06,0.0,1.0876869e-06,0.0,8.0191466e-23
0.0,0.0,1.3073498000000001e-21,0.0,0.0,3.1353184e-09,0.0,1.0917095e-20,0.0,1.4253665e-14,0.0,4.0935822e-12,0.0,2.5652456e-09,0.0,2.5545463e-05,0.0,1.38827e-10,0.0,1.24963935e-05,0.0,1.6879391e-06,0.0,1.3277752e-06,0.0,3.2539645e-21
0.0,0.0,1.305837e-21,0.0,0.0,8.299032e-10,0.0,4.5704595e-20,0.0,9.414686e-15,0.0,1.1077588e-12,0.0,8.604112e-09,0.0,2.2289485e-05,0.0,4.382035e-10,0.0,1.9330986e-05,0.0,1.5778335e-06,0.0,9.917017e-07,0.0,5.1217598e-21
0.0,0.0,4.2850273e-22,0.0,0.0,1.9005219e-08,0.0,2.4072352e-20,0.0,2.8475304e-15,0.0,1.01347255e-11,0.0,5.950409e-08,0.0,2.8473312e-05,0.0,7.4690043e-10,0.0,3.1599164e-05,0.0,9.509301e-06,0.0,3.270504e-06,0.0,1.9787577e-18
0.0,0.0,4.280069e-22,0.0,0.0,2.0468747e-08,0.0,1.4605169e-17,0.0,7.383186e-16,0.0,4.7793828e-11,0.0,5.1603042e-08,0.0,5.9806476e-05,0.0,2.4301505e-09,0.0,3.2089116e-05,0.0,4.61362e-06,0.0,3.3561323e-06,0.0,1.6000732999999998e-18
0.0,0.0,1.4700039e-21,0.0,0.0,5.1567506e-09,0.0,1.4220132e-16,0.0,4.1289845e-15,0.0,3.6268952e-10,0.0,1.4868547e-07,0.0,3.4781493e-05,0.0,1.2828907e-08,0.0,4.2044012e-05,0.0,1.0967229e-05,0.0,3.7817592e-06,0.0,1.5001245e-17
0.0,0.0,2.374902e-21,0.0,0.0,2.2499345e-08,0.0,5.098449e-16,0.0,1.7540016e-15,0.0,4.718531e-10,0.0,3.148927e-07,0.0,8.933829e-05,0.0,2.071306e-08,0.0,4.5638248e-05,0.0,3.44548e-06,0.0,2.784008e-06,0.0,3.3068516000000004e-16
0.0,0.0,7.759020300000002e-22,0.0,0.0,8.129107e-09,0.0,3.6089414e-16,0.0,8.637689e-14,0.0,9.353288e-10,0.0,2.5450743e-07,0.0,5.283947e-05,0.0,3.0305404e-08,0.0,4.8855793e-05,0.0,1.0200917e-05,0.0,3.9038823e-06,0.0,1.0032093e-15
0.0,0.0,3.3205157000000004e-22,0.0,0.0,7.197107e-08,0.0,7.948028000000001e-17,0.0,3.0628695e-13,0.0,1.3395465e-09,0.0,1.5320268e-07,0.0,0.00026843665,0.0,3.2795835e-08,0.0,0.000119585486,0.0,2.116876e-05,0.0,1.36019125e-05,0.0,3.6369736e-15
0.0,0.0,3.3166055000000004e-22,0.0,0.0,1.3050158e-07,0.0,3.812488e-17,0.0,8.7632606e-14,0.0,8.542845e-10,0.0,3.5650544e-07,0.0,0.000114009876,0.0,8.679323e-08,0.0,0.00019025516,0.0,2.9234394e-05,0.0,1.2187626e-05,0.0,2.8580887e-14
0.0,0.0,3.3126998e-22,1.67e-43,0.0,1.0885893e-07,0.0,1.4318468e-15,0.0,3.0895037e-05,0.0,1.0705664e-08,0.0,1.5025245e-06,0.0,0.0010340161,0.0,1.05647366e-07,0.0,0.0005078513,0.0,0.00022495376,0.0,0.00010404554,0.0,3.4297364e-14
0.0,0.0,2.5069880000000002e-22,9.7e-44,0.0,1.020789e-06,0.0,8.0367906e-13,0.0,1.958396e-05,0.0,1.1853728e-08,0.0,1.8806376e-06,0.0,0.0003171218,0.0,2.7599512e-07,0.0,0.0013267974,0.0,0.00010347853,0.0,8.169538e-05,0.0,7.240984e-12
0.0,0.0,2.311794e-22,2.8e-44,0.0,5.0424416e-07,0.0,1.9427238e-12,0.0,6.803998e-06,0.0,2.4985434e-08,0.0,9.577777e-06,0.0,0.00051429356,0.0,8.2668646e-07,0.0,0.010255535,0.0,0.0006648448,0.0,0.00033113718,0.0,3.4445853e-12
0.0,0.0,3.1443506000000003e-22,9.082206e-38,0.0,3.94386e-06,0.0,3.7783695e-12,0.0,0.022129558,0.0,1.0766501e-07,0.0,6.023033e-05,0.0,0.0024900495,0.0,2.8476493e-06,0.0,0.11821052,0.0,0.00021864343,0.0,0.00018093213,0.0,1.5876384e-10
0.0,0.0,2.1416821e-22,9.185012e-38,0.0,2.7504439e-06,0.0,8.367252e-12,0.0,0.0031857737,0.0,1.0183011e-07,0.0,0.00012317688,0.0,0.0006407379,0.0,1.0659289e-05,0.0,0.0980402,0.0,0.0012466586,0.0,0.0006186505,0.0,8.3967396e-11
0.0,0.0,8.634575e-23,3.1386513000000003e-38,0.0,2.0868383e-06,0.0,7.129231e-11,0.0,0.018056419,0.0,5.065149e-07,0.0,0.005076612,0.0,0.004647788,0.0,9.128166e-06,0.0,0.057554025,0.0,0.0004797107,0.0,0.00039041747,0.0,3.624903e-10
0.0,0.0,8.624257000000001e-23,4.7640090000000004e-33,0.0,1.1094774e-05,0.0,3.1016434e-10,0.0,0.009559725,0.0,8.650557e-07,0.0,0.3846258,0.0,0.0012446835,0.0,0.00018072223,0.0,0.058448102,0.0,0.005575481,0.0,0.0029525997,0.0,1.693117e-09
0.0,0.0,8.6139515e-23,7.355162599999998e-29,0.0,5.9827876e-06,0.0,6.5107436e-10,0.0,0.015701324,0.0,0.0026992236,0.0,0.40278867,0.0,0.011556345,0.0,0.0044714767,0.0,0.110927776,0.0,0.0042856806,0.0,0.0032641874,0.0,2.6264773e-09
0.0,0.0,4.4558887e-23,4.67302e-29,0.0,3.8006612e-05,0.0,2.628799e-09,0.0,0.043770887,0.0,0.017969446,0.0,0.080857806,0.0,0.002774529,0.0,0.1616748,0.0,0.15055037,0.0,0.006060424,0.0,0.0035178154,0.0,8.134562e-09
0.0,0.0,3.451605000000001e-23,1.4466945000000002e-27,0.0,1.1653136e-05,0.0,9.131799e-09,0.0,0.014530398,0.0,0.015608634,0.0,0.050565362,0.0,0.021852102,0.0,0.18469688,0.0,0.1249213,0.0,0.008338709,0.0,0.00614869,0.0,6.6842645e-08
0.0,0.0,1.2887493600000001e-23,1.2651816e-23,0.0,0.00010544967,0.0,3.146001e-08,0.0,0.043788724,0.0,0.07009994,0.0,0.082194224,0.0,0.010361976,0.0,0.19259055,0.0,0.014675178,0.0,0.008032131,0.0,0.00510304,0.0,3.5994736e-07
0.0,0.0,5.633449e-24,1.5778440000000002e-23,0.0,0.0001946858,0.0,5.949965e-08,0.0,0.072065726,0.0,0.05057067,0.0,0.35870153,0.0,0.03901636,0.0,0.1976636,0.0,0.029138984,0.0,0.06379564,0.0,0.04572692,0.0,2.2195993e-06
0.0,0.0,3.1458481e-24,5.255557000000001e-23,0.0,0.0003752933,0.0,1.01245355e-07,0.0,0.01648168,0.0,0.0023559919,0.0,0.37948498,0.0,0.018697783,0.0,0.22616974,0.0,0.051058125,0.0,0.12345042,0.0,0.079310186,0.0,2.6012974e-06
0.0,0.0,1.3464889e-24,4.738725e-21,0.0,0.000751104,0.0,9.562184e-08,0.0,0.037439626,0.0,0.03324086,0.0,0.42749175,0.0,0.05474046,0.0,0.25050995,0.0,0.04951686,0.0,0.0794215,0.0,0.07662073,0.0,5.824689e-05
0.0,0.0,1.9718183e-27,2.170209e-21,0.0,0.00078907557,0.0,9.831523e-07,0.0,0.024536075,0.0,0.06710981,0.0,0.48808485,0.0,0.031805787,0.0,0.29113078,0.0,0.020856936,0.0,0.06395314,0.0,0.050594848,0.0,0.0057430714
0.0,0.0,7.5228037e-31,1.3251497999999999e-20,0.0,0.002072164,0.0,1.8804407e-06,0.0,0.033914845,0.0,0.1188089,0.0,0.54908466,0.0,0.06796802,0.0,0.30739784,0.0,0.24706702,0.0,0.057716887,0.0,0.047260657,0.0,0.012545331
0.0,0.0,1.4632743e-30,8.458218999999999e-20,0.0,0.0015680766,0.0,5.670389e-06,0.0,0.112501174,0.0,0.15227422,0.0,0.7183781,0.0,0.044116694,0.0,0.25198966,0.0,0.024491785,0.0,0.03983422,0.0,0.03223922,0.0,0.03603436
0.0,0.0,2.2954158e-30,3.2233775e-18,0.0,0.0051942123,0.0,1.0568199e-05,0.0,0.09342584,0.0,0.260268,0.0,0.66482466,0.0,0.08923525,0.0,0.32250488,0.0,0.27919966,0.0,0.06926407,0.0,0.04633913,0.0,0.26286754
0.0,0.0,7.3591777e-31,2.4540993e-18,0.0,0.0025987625,0.0,7.188147e-05,0.0,0.15806527,0.0,0.5059721,0.0,0.6863277,0.0,0.07544313,0.0,0.55077296,0.0,0.057206467,0.0,0.07256833,0.0,0.058860607,0.0,0.41667998
0.0,0.0,1.3780959e-29,9.155835e-19,0.0,0.014037113,0.0,0.0001532331,0.0,0.17606534,0.0,0.5324672,0.0,0.27310294,0.0,0.051346302,0.0,0.72103,0.0,0.030949848,0.0,0.046206884,0.0,0.038185954,0.0,0.39641508
0.0,0.0,9.7799674e-23,3.2452128e-18,0.0,0.009827635,0.0,0.00043093573,0.0,0.022244874,0.0,0.66472524,0.0,0.26671043,0.0,0.102053136,0.0,0.8239556,0.0,0.21020895,0.0,0.06695556,0.0,0.05140774,0.0,0.18949263
0.0,0.0,2.8351954e-22,1.9686583000000002e-17,0.0,0.0024155653,0.0,0.013137556,0.0,0.025404736,0.0,0.67994136,0.0,0.38044146,0.0,0.08840711,0.0,0.7356085,0.0,0.06652894,0.0,0.049555387,0.0,0.034567595,0.0,0.18426727
0.0,0.0,1.0369739e-20,6.734575e-17,0.0,0.010681036,0.0,0.0541688,0.0,0.0028868061,0.0,0.48452717,0.0,0.41332963,0.0,0.07515624,0.0,0.49676985,0.0,0.057383783,0.0,0.04501361,0.0,0.036138337,0.0,0.09965952
0.0,0.0,3.2904786e-20,3.4716827e-17,0.0,0.02604113,0.0,0.050798804,0.0,0.011042248,0.0,0.3011502,0.0,0.40588665,0.0,0.05518021,0.0,0.22341917,0.0,0.032180235,0.0,0.023185235,0.0,0.018977027,0.0,0.30057663
0.0,0.0,1.7755338999999998e-19,6.2454763e-18,0.0,0.00763178,0.0,0.095633276,0.0,0.01518173,0.0,0.31153864,0.0,0.29133266,0.0,0.11785231,0.0,0.24161048,0.0,0.14484322,0.0,0.05328666,0.0,0.04025776,0.0,0.017127173
0.0,0.0,2.4785761e-19,1.0536341e-17,0.0,0.0017882505,0.0,0.057295643,0.0,0.048015427,0.0,0.31086656,0.0,0.108539574,0.0,0.09829209,0.0,0.46216354,0.0,0.07614183,0.0,0.08484869,0.0,0.054952603,0.0,0.28214362
0.0,0.0,2.713324e-18,5.556961e-17,0.0,0.021745132,0.0,0.029817825,0.0,0.06497766,0.0,0.25922656,0.0,0.11541657,0.0,0.08501822,0.0,0.7369107,0.0,0.064263165,0.0,0.065314434,0.0,0.05646943,0.0,0.25228372
0.0,0.0,1.4267984e-18,2.9228434e-17,0.0,0.035649557,0.0,0.122492924,0.0,0.0586866,0.0,0.16080745,0.0,0.13932899,0.0,0.06993505,0.0,0.79193044,0.0,0.038675502,0.0,0.035112653,0.0,0.029786114,0.0,0.087079145
0.0,0.0,3.2857783e-19,8.198932e-17,0.0,0.011588733,0.0,0.14582437,0.0,0.012040755,0.0,0.110019006,0.0,0.15862131,0.0,0.12046274,0.0,0.43041596,0.0,0.15100731,0.0,0.05059098,0.0,0.035446115,0.0,0.12770604
0.0,0.0,3.280589e-19,3.5435226e-16,0.0,0.0028031513,0.0,0.27254874,0.0,0.05682597,0.0,0.14523871,0.0,0.12544337,0.0,0.101751864,0.0,0.24413823,0.0,0.080103554,0.0,0.093454,0.0,0.07253709,0.0,0.2574626
0.0,0.0,3.2754079999999995e-19,2.718781e-15,0.0,0.040300924,0.0,0.32809386,0.0,0.01907336,0.0,0.13226654,0.0,0.731416,0.0,0.09749772,0.0,0.07375777,0.0,0.07267243,0.0,0.076649815,0.0,0.062637135,0.0,0.32744893
0.0,0.0,2.4777696e-19,1.9137962e-14,0.0,0.037034977,0.0,0.2504638,0.0,0.05844988,0.0,0.17528005,0.0,0.59096926,0.0,0.06966949,0.0,0.3591188,0.0,0.03930698,0.0,0.04266369,0.0,0.035763822,0.0,0.3023557
0.0,0.0,6.128933999999999e-19,1.443956e-13,0.0,0.0121925315,0.0,0.19257168,0.0,0.014961692,0.0,0.1855128,0.0,0.43283537,0.0,0.12147219,0.0,0.2698185,0.0,0.2330916,0.0,0.048735306,0.0,0.03771017,0.0,0.19798441
0.0,0.0,9.1599665e-17,1.0034503e-12,0.0,0.0029939925,0.0,0.19074436,0.0,0.003997655,0.0,0.54813796,0.0,0.43833217,0.0,0.10178845,0.0,0.41419,0.0,0.07938863,0.0,0.06458889,0.0,0.04878242,0.0,0.17648345
0.0,0.0,2.6057235e-17,1.996038e-12,0.0,0.026441025,0.0,0.24225871,0.0,0.02689125,0.0,0.6805811,0.0,0.41298434,0.0,0.07913849,0.0,0.54388404,0.0,0.0764073,0.0,0.061727483,0.0,0.048830252,0.0,0.21233301
0.0,0.0,1.1146544e-17,2.162005e-12,0.0,0.022811398,0.0,0.2809918,0.0,0.00703445,0.0,0.50344974,0.0,0.3346967,0.0,0.123897515,0.0,0.55984575,0.0,0.04027179,0.0,0.03209236,0.0,0.026452005,0.0,0.16537443
0.0,0.0,1.1128616000000001e-17,8.376867e-10,0.0,0.0063905558,0.0,0.20617895,0.0,0.027716434,0.0,0.6613921,0.0,0.13336399,0.0,0.11060691,0.0,0.38827223,0.0,0.25864378,0.0,0.049844667,0.0,0.03695426,0.0,0.13939302
0.0,0.0,3.0970068e-18,1.2261978e-09,0.0,0.022237232,0.0,0.20254137,0.0,0.03075442,0.0,0.58995646,0.0,0.33939236,0.0,0.09617018,0.0,0.19960909,0.0,0.08083746,0.0,0.06832745,0.0,0.051683787,0.0,0.0685461
0.0,0.0,3.0920255e-18,1.9239497e-08,0.0,0.038288157,0.0,0.11962773,0.0,0.040541086,0.0,0.54320645,0.0,0.30002123,0.0,0.06824861,0.0,0.14552282,0.0,0.044545416,0.0,0.03664267,0.0,0.030179258,0.0,0.20048085
0.0,0.0,2.3389766e-18,0.01313302,0.0,0.013004454,0.0,0.05535501,0.0,0.019468209,0.0,0.38651353,0.0,0.26033774,0.0,0.12687738,0.0,0.058133084,0.0,0.25402462,0.0,0.05215748,0.0,0.038990177,0.0,0.17210971
0.0,0.0,1.2283042e-18,0.06516499,0.0,0.003211534,0.0,0.021917377,0.0,0.048935436,0.0,0.27858955,0.0,0.18279904,0.0,0.11332676,0.0,0.22277671,0.0,0.088695385,0.0,0.07810382,0.0,0.051961765,0.0,0.16046453
0.0,0.0,9.291562999999998e-19,0.027221905,0.0,0.025413418,0.0,0.059772998,0.0,0.065894306,0.0,0.21290514,0.0,0.22268127,0.0,0.098481126,0.0,0.27376774,0.0,0.07368606,0.0,0.055389114,0.0,0.0471709,0.0,0.13549086
0.0,0.0,4.534823e-19,0.007048269,0.0,0.036844593,0.0,0.07100785,0.0,0.012054387,0.0,0.17943728,0.0,0.17701703,0.0,0.061246794,0.0,0.38124928,0.0,0.04534345,0.0,0.044616167,0.0,0.035063483,0.0,0.16942607
0.0,0.0,1.6388649e-19,0.013475043,0.0,0.012497936,0.0,0.056198396,0.0,0.052127574,0.0,0.14121188,0.0,0.1926821,0.0,0.124255694,0.0,0.30299792,0.0,0.08099481,0.0,0.05006313,0.0,0.037898425,0.0,0.050311092
0.0,0.0,1.3988482e-19,0.042713843,0.0,0.003093229,0.0,0.028298931,0.0,0.06723395,0.0,0.3652267,0.0,0.38579595,0.0,0.111785,0.0,0.213757,0.0,0.24266723,0.0,0.06596005,0.0,0.04935964,0.0,0.044198964
0.0,0.0,6.827193e-20,0.014905771,0.0,0.014782964,0.0,0.043308184,0.0,0.028623097,0.0,0.30661103,0.0,0.38969174,0.0,0.0984681,0.0,0.123908624,0.0,0.07713724,0.0,0.059807144,0.0,0.04649734,0.0,0.038217377
0.0,0.0,3.43814e-20,0.004733765,0.0,0.04394854,0.0,0.011261093,0.0,0.012779887,0.0,0.29744855,0.0,0.335679,0.0,0.09453854,0.0,0.23378743,0.0,0.07043212,0.0,0.048171714,0.0,0.037083328,0.0,0.069178805
0.0,0.0,2.789614e-20,0.008581933,0.0,0.02546801,0.0,0.13004945,0.0,0.017767077,0.0,0.29508495,0.0,0.3038528,0.0,0.056605805,0.0,0.20209251,0.0,0.033353955,0.0,0.031016527,0.0,0.024127504,0.0,0.10705369
0.0,0.0,7.765819000000001e-17,0.019815464,0.0,0.0072872364,0.0,0.055796035,0.0,0.047784742,0.0,0.51321036,0.0,0.1921031,0.0,0.124223605,0.0,0.05885571,0.0,0.30316004,0.0,0.04260111,0.0,0.031604704,0.0,0.15236224
0.0,0.0,7.017327e-17,0.03947791,0.0,0.0017127127,0.0,0.14515418,0.0,0.0106474,0.0,0.5474446,0.0,0.15237084,0.0,0.10427318,0.0,0.06426273,0.0,0.08043437,0.0,0.06483377,0.0,0.047727253,0.0,0.21562576
0.0,0.0,3.988398000000001e-17,0.024889454,0.0,0.0040803757,0.0,0.2797711,0.0,0.06583863,0.0,0.42988464,0.0,0.3525443,0.0,0.09396424,0.0,0.15635227,0.0,0.070102595,0.0,0.0506512,0.0,0.03940122,0.0,0.14781936
0.0,0.0,3.9818718e-17,0.0072162827,0.0,0.033290606,0.0,0.23253028,0.0,0.015469158,0.0,0.352705,0.0,0.23280422,0.0,0.058806676,0.0,0.1656069,0.0,0.032399632,0.0,0.038067408,0.0,0.029242743,0.0,0.09604071
0.0,0.0,2.2631534e-17,0.0193943,0.0,0.010916019,0.0,0.20263945,0.0,0.033281397,0.0,0.27048513,0.0,0.18805209,0.0,0.12474733,0.0,0.13741009,0.0,0.2044898,0.0,0.041191474,0.0,0.030849425,0.0,0.23060548
0.0,0.0,7.099566e-18,0.03927888,0.0,0.002668981,0.0,0.15044008,0.0,0.024337959,0.0,0.44248655,0.0,0.062222783,0.0,0.105404094,0.0,0.07109062,0.0,0.082280174,0.0,0.09552654,0.0,0.0616865,0.0,0.18798636
0.0,0.0,7.087949e-18,0.0048109083,0.0,0.0068915375,0.0,0.21652171,0.0,0.0186199,0.0,0.43545222,0.0,0.5069794,0.0,0.09299329,0.0,0.024815418,0.0,0.06876297,0.0,0.07765529,0.0,0.06665759,0.0,0.15762515
0.0,0.0,7.0763515e-18,0.008797075,0.0,0.033142284,0.0,0.16812222,0.0,0.07173471,0.0,0.40399095,0.0,0.37098062,0.0,0.056603555,0.0,0.27990478,0.0,0.03170868,0.0,0.043858167,0.0,0.03657941,0.0,0.03623341
0.0,0.0,3.1787298e-18,0.045255702,0.0,0.01083768,0.0,0.14342488,0.0,0.034611657,0.0,0.3730926,0.0,0.36263937,0.0,0.12522241,0.0,0.14649057,0.0,0.22921164,0.0,0.045367308,0.0,0.0338671,0.0,0.120562196
0.0,0.0,1.5958831e-15,0.006577665,0.0,0.0026624242,0.0,0.18383667,0.0,0.020186942,0.0,0.25472206,0.0,0.28331766,0.0,0.10537788,0.0,0.12468275,0.0,0.080035284,0.0,0.07581449,0.0,0.046148296,0.0,0.11078815
0.0,0.0,1.8975791e-14,0.018004857,0.0,0.00057686673,0.0,0.10449583,0.0,0.062156938,0.0,0.18361382,0.0,0.18577251,0.0,0.08667562,0.0,0.123442665,0.0,0.064193174,0.0,0.05122968,0.0,0.043560885,0.0,0.0535143
0.0,0.0,1.8943878e-14,0.022671882,0.0,0.024304403,0.0,0.044322647,0.0,0.01081007,0.0,0.12558877,0.0,0.05302001,0.0,0.04519357,0.0,0.07444493,0.0,0.029441472,0.0,0.02266985,0.0,0.018441979,0.0,0.123047754
0.0,0.0,9.245036e-15,0.005809671,0.0,0.009001558,0.0,0.013513781,0.0,0.04351944,0.0,0.18898654,0.0,0.04310891,0.0,0.11388874,0.0,0.20088476,0.0,0.26597983,0.0,0.041268706,0.0,0.028753057,0.0,0.13685927
0.0,0.0,4.214514e-15,0.008625855,0.0,0.0021986952,0.0,0.14009568,0.0,0.018889608,0.0,0.16358717,0.0,0.010578259,0.0,0.104945555,0.0,0.09066311,0.0,0.0760344,0.0,0.04967818,0.0,0.034545776,0.0,0.06769989
0.0,0.0,3.0724208e-15,0.009740942,0.0,0.0004755239,0.0,0.1838737,0.0,0.01310633,0.0,0.17523016,0.0,0.018101092,0.0,0.08662784,0.0,0.32230866,0.0,0.060440563,0.0,0.056033093,0.0,0.04010093,0.0,0.017023804
0.0,0.0,1.962567e-15,0.017584985,0.0,0.018570887,0.0,0.19178198,0.0,0.029187843,0.0,0.16911796,0.0,0.1350507,0.0,0.045212045,0.0,0.18249138,0.0,0.05911787,0.0,0.037247974,0.0,0.027208164,0.0,0.05398518
0.0,0.0,1.6750205e-15,0.019211367,0.0,0.008150176,0.0,0.19902414,0.0,0.010724611,0.0,0.1674361,0.0,0.087026946,0.0,0.093168385,0.0,0.14318557,0.0,0.021024216,0.0,0.020714007,0.0,0.015441653,0.0,0.023085313
0.0,0.0,8.1848346e-14,0.03628141,0.0,0.0019915546,0.0,0.2285096,0.0,0.03789821,0.0,0.14829794,0.0,0.021280332,0.0,0.09798185,0.0,0.20861031,0.0,0.07523883,0.0,0.04766435,0.0,0.03341107,0.0,0.09117239
0.0,0.0,6.352626e-14,0.0055231135,0.0,0.00043283557,0.0,0.2594568,0.0,0.013070133,0.0,0.12575673,0.0,0.12726176,0.0,0.08237716,0.0,0.33802104,0.0,0.06618425,0.0,0.049064096,0.0,0.034984555,0.0,0.092550874
0.0,0.0,6.3418455e-14,0.0065374984,0.0,0.01731331,0.0,0.31023556,0.0,0.05957001,0.0,0.08212417,0.0,0.72749174,0.0,0.079195455,0.0,0.41390702,0.0,0.059737407,0.0,0.038287345,0.0,0.02817468,0.0,0.01586881
0.0,0.0,6.331083e-14,0.008682258,0.0,0.015600616,0.0,0.27494353,0.0,0.021379607,0.0,0.2882835,0.0,0.5071168,0.0,0.03858615,0.0,0.44916117,0.0,0.025351351,0.0,0.024909856,0.0,0.01843138,0.0,0.16896394
0.0,0.0,4.7887516e-14,0.011984109,0.0,0.0041740704,0.0,0.23595814,0.0,0.030180288,0.0,0.45045286,0.0,0.46125674,0.0,0.10181211,0.0,0.4439064,0.0,0.19392915,0.0,0.037168786,0.0,0.026469668,0.0,0.111245774
0.0,0.0,2.5145704e-14,0.016943373,0.0,0.00093526207,0.0,0.18518434,0.0,0.01660349,0.0,0.39986426,0.0,0.33105108,0.0,0.09217024,0.0,0.3496235,0.0,0.06681771,0.0,0.04379736,0.0,0.031247253,0.0,0.07363977
0.0,0.0,4.609967e-15,0.024922306,0.0,0.0002048793,0.0,0.2538706,0.0,0.022028144,0.0,0.37696344,0.0,0.29492927,0.0,0.082431175,0.0,0.32037538,0.0,0.057630997,0.0,0.03801333,0.0,0.02725911,0.0,0.051075097
0.0,0.0,1.2954769e-15,0.018130826,0.0,0.013944683,0.0,0.3334899,0.0,0.045792203,0.0,0.3541403,0.0,0.3335326,0.0,0.04135072,0.0,0.30612567,0.0,0.02802365,0.0,0.03881085,0.0,0.028899714,0.0,0.02572253
0.0,0.0,2.3536534e-15,0.023397174,0.0,0.0063966443,0.0,0.30186167,0.0,0.041549657,0.0,0.30807412,0.0,0.28001705,0.0,0.10701921,0.0,0.37354994,0.0,0.1684047,0.0,0.039396033,0.0,0.028650003,0.0,0.15871495
0.0,0.0,6.1514993e-15,0.018428903,0.0,0.0015146972,0.0,0.35769245,0.0,0.008697865,0.0,0.30240622,0.0,0.24136399,0.0,0.093977675,0.0,0.40963975,0.0,0.06903348,0.0,0.05936823,0.0,0.034123495,0.0,0.09663097
0.0,0.0,5.250068e-15,0.04085031,0.0,0.00032854234,0.0,0.24896808,0.0,0.044164862,0.0,0.26852462,0.0,0.10412896,0.0,0.085001685,0.0,0.4210239,0.0,0.06082796,0.0,0.043471757,0.0,0.034713343,0.0,0.057821434
0.0,0.0,2.7098964e-15,0.004791076,0.0,0.015868245,0.0,0.12829155,0.0,0.012567389,0.0,0.2353397,0.0,0.03872377,0.0,0.043644004,0.0,0.4015213,0.0,0.02705985,0.0,0.02290253,0.0,0.017762912,0.0,0.011921476
0.0,0.0,1.4790297e-15,0.005353583,0.0,0.007133693,0.0,0.08279731,0.0,0.043963842,0.0,0.20664732,0.0,0.04866918,0.0,0.107769296,0.0,0.3452101,0.0,0.24192533,0.0,0.042735398,0.0,0.029643092,0.0,0.06207447
0.0,0.0,5.1199944e-16,0.007823273,0.0,0.0017167082,0.0,0.1041776,0.0,0.009082314,0.0,0.20884694,0.0,0.018278383,0.0,0.093742676,0.0,0.20614606,0.0,0.06803919,0.0,0.04176096,0.0,0.029627915,0.0,0.008801777
0.0,0.0,1.913462e-16,0.009130934,0.0,0.0003738047,0.0,0.056434624,0.0,0.016123477,0.0,0.17842302,0.0,0.047107637,0.0,0.08210256,0.0,0.121757485,0.0,0.058197267,0.0,0.04748253,0.0,0.033666812,0.0,0.071825325
0.0,0.0,1.9101726e-16,0.023184963,0.0,0.010757614,0.0,0.018189877,0.0,0.04584392,0.0,0.11813013,0.0,0.3397761,0.0,0.041106116,0.0,0.15939516,0.0,0.028118132,0.0,0.019944511,0.0,0.015335746,0.0,0.049698964
0.0,0.0,2.1600228e-16,0.023837863,0.0,0.006659548,0.0,0.059274357,0.0,0.010843521,0.0,0.1227164,0.0,0.2810838,0.0,0.10033883,0.0,0.12631029,0.0,0.16667654,0.0,0.048785027,0.0,0.033537984,0.0,0.017828215
0.0,0.0,3.4313297e-16,0.018292364,0.0,0.0016144395,0.0,0.14821458,0.0,0.038210575,0.0,0.06430601,0.0,0.24412239,0.0,0.093949534,0.0,0.09880974,0.0,0.066831715,0.0,0.042152878,0.0,0.029978165,0.0,0.091886014
0.0,0.0,3.9371265e-15,0.018824711,0.0,0.00035381547,0.0,0.18502447,0.0,0.0073230173,0.0,0.09456293,0.0,0.14660606,0.0,0.076917626,0.0,0.07879138,0.0,0.05344466,0.0,0.033601422,0.0,0.023972714,0.0,0.02055911
0.0,0.0,9.664343e-15,0.017223824,0.0,0.005739409,0.0,0.1424814,0.0,0.02271773,0.0,0.14689162,0.0,0.050122928,0.0,0.036734477,0.0,0.069470376,0.0,0.029402062,0.0,0.024189964,0.0,0.017095877,0.0,0.07541717
0.0,0.0,4.6743407e-15,0.028533356,0.0,0.005639474,0.0,0.110221304,0.0,0.020968698,0.0,0.11336979,0.0,0.12717801,0.0,0.09534916,0.0,0.21190256,0.0,0.058028392,0.0,0.03236084,0.0,0.022680782,0.0,0.015941955
0.0,0.0,2.3017985e-15,0.008745236,0.0,0.001376928,0.0,0.23517658,0.0,0.031773224,0.0,0.4045072,0.0,0.15649304,0.0,0.09514249,0.0,0.09352274,0.0,0.06671786,0.0,0.045022074,0.0,0.03136947,0.0,0.14135587
0.0,0.0,1.495302e-15,0.02921467,0.0,0.00029980726,0.0,0.22117642,0.0,0.007928081,0.0,0.28181565,0.0,0.23436193,0.0,0.07928622,0.0,0.19562294,0.0,0.054641195,0.0,0.03378258,0.0,0.024177585,0.0,0.068908505
0.0,0.0,5.71263e-16,0.009290553,0.0,0.010733701,0.0,0.14073642,0.0,0.03471152,0.0,0.16587691,0.0,0.18378331,0.0,0.038651682,0.0,0.25356033,0.0,0.02966258,0.0,0.018322434,0.0,0.013580954,0.0,0.019472616
0.0,0.0,7.980809e-16,0.0068099354,0.0,0.005954714,0.0,0.18403475,0.0,0.0065811723,0.0,0.07065566,0.0,0.18976825,0.0,0.10528454,0.0,0.23149659,0.0,0.063046694,0.0,0.045556184,0.0,0.031557646,0.0,0.115241274
0.0,0.0,5.6563897e-16,0.0052206917,0.0,0.0014252192,0.0,0.031877596,0.0,0.010040306,0.0,0.04980982,0.0,0.18728797,0.0,0.095732,0.0,0.18951504,0.0,0.06729074,0.0,0.044147607,0.0,0.03128474,0.0,0.04357232
0.0,0.0,3.864455e-15,0.00886517,0.0,0.00031253006,0.0,0.033816252,0.0,0.030468663,0.0,0.08855775,0.0,0.19935857,0.0,0.07961264,0.0,0.13769658,0.0,0.057004135,0.0,0.03590139,0.0,0.025776373,0.0,0.057009853
0.0,0.0,6.317414e-15,0.020788638,0.0,0.008164783,0.0,0.08391104,0.0,0.0075499,0.0,0.033772416,0.0,0.14835675,0.0,0.038903795,0.0,0.1337341,0.0,0.027267184,0.0,0.026613623,0.0,0.019833058,0.0,0.006924529
0.0,0.0,2.5455434e-15,0.002069461,0.0,0.0063820775,0.0,0.14307992,0.0,0.0062011727,0.0,0.134757,0.0,0.12224825,0.0,0.11134365,0.0,0.078822374,0.0,0.18923432,0.0,0.031920843,0.0,0.022988021,0.0,0.07424258
0.0,0.0,2.541062e-15,6.2330328e-06,0.0,0.0015552597,0.0,0.13830546,0.0,0.012995657,0.0,0.14801617,0.0,0.06567949,0.0,0.09734696,0.0,0.13300803,0.0,0.07026706,0.0,0.054089114,0.0,0.029438952,0.0,0.035858955
0.0,0.0,1.3342252e-15,3.6310706e-05,0.0,0.00034001243,0.0,0.20714554,0.0,0.024219215,0.0,0.156971,0.0,0.14021277,0.0,0.081078514,0.0,0.155974,0.0,0.05805555,0.0,0.037577927,0.0,0.02953827,0.0,0.051049903
0.0,0.0,5.7065695e-16,2.0161233e-06,0.0,0.008948299,0.0,0.15666537,0.0,0.0049588312,0.0,0.09175136,0.0,0.20367377,0.0,0.04019895,0.0,0.12175473,0.0,0.029112915,0.0,0.020570094,0.0,0.015275599,0.0,0.03179137
0.0,0.0,1.8714673e-16,9.827335e-08,0.0,0.006698753,0.0,0.1736347,0.0,0.012876739,0.0,0.092570685,0.0,0.12274198,0.0,0.10522785,0.0,0.052162804,0.0,0.12312399,0.0,0.05217635,0.0,0.036626317,0.0,0.05293347
0.0,0.0,1.8681725e-16,3.272136e-08,0.0,0.0016432964,0.0,0.10088532,0.0,0.025138222,0.0,0.06437671,0.0,0.14061174,0.0,0.0980031,0.0,0.1690758,0.0,0.071451165,0.0,0.04764486,0.0,0.034904063,0.0,0.067457214
0.0,0.0,9.809139e-17,9.140101e-09,0.0,0.00035659806,0.0,0.04495977,0.0,0.009531534,0.0,0.03170396,0.0,0.20346555,0.0,0.083233476,0.0,0.20092972,0.0,0.058022596,0.0,0.041699167,0.0,0.029999936,0.0,0.108223096
0.0,0.0,8.3712855e-17,2.69484e-09,0.0,0.010712998,0.0,0.012101776,0.0,0.026018377,0.0,0.031795006,0.0,0.14511131,0.0,0.042141825,0.0,0.20162702,0.0,0.031793512,0.0,0.018320322,0.0,0.013932537,0.0,0.04504647
0.0,0.0,7.1441975e-17,0.010315475,0.0,0.0068693585,0.0,0.06939978,0.0,0.012272086,0.0,0.0070282645,0.0,0.07697934,0.0,0.09715396,0.0,0.23233259,0.0,0.058430284,0.0,0.03338791,0.0,0.02307566,0.0,0.042412724
0.0,0.0,7.13162e-17,0.016964585,0.0,0.0016732352,0.0,0.15885742,0.0,0.025588877,0.0,0.2847356,0.0,0.0063352147,0.0,0.098739676,0.0,0.26363835,0.0,0.069515705,0.0,0.04811078,0.0,0.033184167,0.0,0.016658504
0.0,0.0,7.1190644e-17,0.018567583,0.0,0.00036546795,0.0,0.13838671,0.0,0.007287111,0.0,0.18111372,0.0,0.10257032,0.0,0.07975166,0.0,0.26246557,0.0,0.05521186,0.0,0.042134393,0.0,0.029838946,0.0,0.11426443
0.0,0.0,7.106531000000001e-17,0.019218603,0.0,0.0049467147,0.0,0.12105611,0.0,0.020526726,0.0,0.16093843,0.0,0.027757986,0.0,0.039197933,0.0,0.24751574,0.0,0.03187015,0.0,0.01684304,0.0,0.012737815,0.0,0.08221536
0.0,0.0,1.7331073e-17,0.02013399,0.0,0.005956165,0.0,0.09535333,0.0,0.021649694,0.0,0.19973019,0.0,0.29818502,0.0,0.08534646,0.0,0.24717982,0.0,0.044189833,0.0,0.029392846,0.0,0.019966686,0.0,0.02129761
0.0,0.0,1.7300562000000002e-17,0.006853818,0.0,0.0014891457,0.0,0.2760801,0.0,0.009938169,0.0,0.20259914,0.0,0.29213694,0.0,0.09904678,0.0,0.26665977,0.0,0.06579358,0.0,0.043820355,0.0,0.028744679,0.0,0.06413515
0.0,0.0,1.0715249e-17,0.0023934294,0.0,0.00032460206,0.0,0.2757706,0.0,0.0131491,0.0,0.12215694,0.0,0.172052,0.0,0.08070561,0.0,0.25783056,0.0,0.05625564,0.0,0.042976312,0.0,0.030174887,0.0,0.070943795
0.0,0.0,6.089406699999999e-18,0.00080847566,0.0,0.004686804,0.0,0.20582025,0.0,0.008487931,0.0,0.023087336,0.0,0.1970911,0.0,0.04000192,0.0,0.13673843,0.0,0.05380695,0.0,0.030415911,0.0,0.021463828,0.0,0.012589575
0.0,0.0,6.078686e-18,0.0002832695,0.0,0.0058405558,0.0,0.19607289,0.0,0.017204747,0.0,0.10923246,0.0,0.17786565,0.0,0.085903995,0.0,0.04275723,0.0,0.019866528,0.0,0.02618502,0.0,0.0185215,0.0,0.0625508
0.0,0.0,1.7453763e-18,8.452422e-05,0.0,0.0014405963,0.0,0.09767851,0.0,0.03249941,0.0,0.13809916,0.0,0.14420249,0.0,0.097100824,0.0,0.034328766,0.0,0.106319554,0.0,0.029309087,0.0,0.020414796,0.0,0.02183152
0.0,0.0,5.7180974e-19,2.6930138e-05,0.0,0.00031315742,0.0,0.032851916,0.0,0.012143712,0.0,0.08581892,0.0,0.21079758,0.0,0.08030624,0.0,0.24861714,0.0,0.062309463,0.0,0.04163253,0.0,0.029094676,0.0,0.0776913
0.0,0.0,1.0062235e-18,7.706898e-06,0.0,0.01043446,0.0,0.014470064,0.0,0.035445698,0.0,0.010137336,0.0,0.15791419,0.0,0.039534222,0.0,0.30167505,0.0,0.057599004,0.0,0.04294327,0.0,0.030350057,0.0,0.052596334
0.0,0.0,2.5345259e-18,2.1933733e-06,0.0,0.00588903,0.0,0.011932741,0.0,0.0042697075,0.0,0.08069392,0.0,0.13990669,0.0,0.09808522,0.0,0.32135215,0.0,0.02266919,0.0,0.017876215,0.0,0.013722769,0.0,0.0059935274
0.0,0.0,4.120765e-18,6.725336e-07,0.0,0.0014037035,0.0,0.009006015,0.0,0.015328554,0.0,0.09541683,0.0,0.10614545,0.0,0.09600243,0.0,0.29163286,0.0,0.12904994,0.0,0.04560594,0.0,0.032244556,0.0,0.058234036
0.0,0.0,1.3698415999999998e-18,2.450882e-07,0.0,0.00030559744,0.0,0.008949062,0.0,0.010302718,0.0,0.06265664,0.0,0.124360755,0.0,0.0799012,0.0,0.22607996,0.0,0.06390424,0.0,0.03907343,0.0,0.02808709,0.0,0.008838589
0.0,0.0,7.802321999999999e-19,3.1595782e-08,0.0,0.011899863,0.0,0.0046766386,0.0,0.009253847,0.0,0.023163803,0.0,0.07166154,0.0,0.03918903,0.0,0.12063054,0.0,0.059243158,0.0,0.050637417,0.0,0.035468213,0.0,0.036927603
0.0,0.0,3.436989e-19,5.948894e-09,0.0,0.006208543,0.0,0.22285996,0.0,0.027121257,0.0,0.01969038,0.0,0.09811958,0.0,0.10245651,0.0,0.031418413,0.0,0.024424672,0.0,0.022209443,0.0,0.017382348,0.0,0.1413966
0.0,0.0,3.430834e-19,1.6985682e-09,0.0,0.0014796633,0.0,0.38132867,0.0,0.0127584925,0.0,0.004267894,0.0,0.027991755,0.0,0.098663315,0.0,0.07984993,0.0,0.15399942,0.0,0.04404854,0.0,0.031120103,0.0,0.07686229
0.0,0.0,2.3354178e-19,0.00090544845,0.0,0.00032246442,0.0,0.37142295,0.0,0.043265257,0.0,0.04375898,0.0,0.1257536,0.0,0.081842445,0.0,0.22885856,0.0,0.066483855,0.0,0.04362317,0.0,0.0315079,0.0,0.09173292
0.0,0.0,2.3312354e-19,0.022669131,0.0,0.012621128,0.0,0.36582357,0.0,0.041995835,0.0,0.039126027,0.0,0.108482696,0.0,0.040827848,0.0,0.1774946,0.0,0.030118274,0.0,0.02290923,0.0,0.017334629,0.0,0.054663718
0.0,0.0,1.5146088e-19,0.014344178,0.0,0.0067527248,0.0,0.2273851,0.0,0.015164551,0.0,0.0055562714,0.0,0.08767066,0.0,0.11310946,0.0,0.18548949,0.0,0.13421331,0.0,0.041967545,0.0,0.029672306,0.0,0.013795299
0.0,0.0,3.9342303e-20,0.02489499,0.0,0.001620934,0.0,0.02229235,0.0,0.028768107,0.0,0.15120678,0.0,0.031595517,0.0,0.1012493,0.0,0.19619745,0.0,0.07521162,0.0,0.06581113,0.0,0.046838973,0.0,0.056899823
0.0,0.0,2.8058037e-20,0.008431458,0.0,0.00035445573,0.0,0.009357144,0.0,0.012125535,0.0,0.12301629,0.0,0.07440994,0.0,0.08258772,0.0,0.15624373,0.0,0.05998351,0.0,0.041578703,0.0,0.03134694,0.0,0.015025545
0.0,0.0,1.2000244e-20,0.00797545,0.0,0.010463976,0.0,0.021409523,0.0,0.015273,0.0,0.06605322,0.0,0.031169392,0.0,0.04152613,0.0,0.26147482,0.0,0.030216135,0.0,0.02448385,0.0,0.018103125,0.0,0.17812854
0.0,0.0,1.1978755e-20,0.00690727,0.0,0.00722364,0.0,0.022558145,0.0,0.0202307,0.0,0.015674526,0.0,0.08749942,0.0,0.10522536,0.0,0.27472603,0.0,0.15198204,0.0,0.0345629,0.0,0.023883738,0.0,0.103727475
0.0,0.0,3.928311e-21,0.016251368,0.0,0.0017711548,0.0,0.032169,0.0,0.07334113,0.0,0.31472713,0.0,0.10608353,0.0,0.103664726,0.0,0.27605605,0.0,0.07482732,0.0,0.053684406,0.0,0.038339376,0.0,0.08781243
0.0,0.0,3.754534e-19,0.037080746,0.0,0.00038435598,0.0,0.03647794,0.0,0.024728004,0.0,0.22831182,0.0,0.08870226,0.0,0.08604811,0.0,0.283829,0.0,0.06049857,0.0,0.04652443,0.0,0.03409401,0.0,0.11872887
0.0,0.0,2.9161247e-19,0.0061093974,0.0,0.014009561,0.0,0.030573016,0.0,0.0116724875,0.0,0.13028543,0.0,0.037215758,0.0,0.044602957,0.0,0.2668031,0.0,0.031163055,0.0,0.02098307,0.0,0.01642554,0.0,0.16527121
0.0,0.0,6.609633e-18,0.008543404,0.0,0.00784842,0.0,0.23181881,0.0,0.0138672395,0.0,0.13009848,0.0,0.37540597,0.0,0.113051176,0.0,0.28368384,0.0,0.13359027,0.0,0.043088973,0.0,0.030373923,0.0,0.096622966
0.0,0.0,1.6289163e-17,0.0005398521,0.0,0.0019123944,0.0,0.31338423,0.0,0.03691728,0.0,0.12795334,0.0,0.31735334,0.0,0.10484343,0.0,0.2845033,0.0,0.07694229,0.0,0.0554476,0.0,0.03976663,0.0,0.034937307
0.0,0.0,2.9521547e-17,0.00013383299,0.0,0.0004152041,0.0,0.2634135,0.0,0.013679471,0.0,0.24494264,0.0,0.121641375,0.0,0.08727855,0.0,0.20657255,0.0,0.06179323,0.0,0.043210976,0.0,0.031793047,0.0,0.08104773
0.0,0.0,1.5492886e-17,4.2361713e-05,0.0,0.017150717,0.0,0.28078634,0.0,0.023422368,0.0,0.43319938,0.0,0.1794328,0.0,0.04568172,0.0,0.1654414,0.0,0.030631157,0.0,0.038352225,0.0,0.028055154,0.0,0.013736915
0.0,0.0,2.1492253e-16,1.3564168e-05,0.0,0.008369554,0.0,0.19915995,0.0,0.041896123,0.0,0.47879148,0.0,0.11309988,0.0,0.12529086,0.0,0.11415665,0.0,0.21012673,0.0,0.04425404,0.0,0.031425636,0.0,0.19228609
0.0,0.0,2.7369392e-16,0.006859572,0.0,0.002051514,0.0,0.077391885,0.0,0.008845925,0.0,0.42127174,0.0,0.078023724,0.0,0.1072313,0.0,0.052382458,0.0,0.08015189,0.0,0.05501381,0.0,0.039835136,0.0,0.13911478
0.0,0.0,2.6351584e-16,0.00981693,0.0,0.00044610113,0.0,0.038704734,0.0,0.013301683,0.0,0.31501147,0.0,0.46279857,0.0,0.09179808,0.0,0.11187193,0.0,0.06465651,0.0,0.042650655,0.0,0.031039555,0.0,0.07229269
0.0,0.0,4.8678124e-15,0.020544207,0.0,0.019754812,0.0,0.020478565,0.0,0.03980065,0.0,0.24574512,0.0,0.24525988,0.0,0.052795634,0.0,0.17510222,0.0,0.033224553,0.0,0.026250623,0.0,0.019821988,0.0,0.04135652
0.0,0.0,2.7707085e-14,0.019013008,0.0,0.010411038,0.0,0.17095235,0.0,0.005893154,0.0,0.18872532,0.0,0.21431965,0.0,0.12821914,0.0,0.16678175,0.0,0.17752281,0.0,0.054074947,0.0,0.038179938,0.0,0.008300832
0.0,0.0,8.91761e-14,0.028655013,0.0,0.0026228554,0.0,0.3769455,0.0,0.024696926,0.0,0.2561164,0.0,0.20730662,0.0,0.10757298,0.0,0.18443526,0.0,0.08116353,0.0,0.05660043,0.0,0.040917035,0.0,0.059415933
0.0,0.0,2.456349e-13,0.0077237603,0.0,0.00057149865,0.0,0.23181278,0.0,0.015148459,0.0,0.24288413,0.0,0.22700238,0.0,0.09632722,0.0,0.21671595,0.0,0.06840827,0.0,0.04692977,0.0,0.034542713,0.0,0.009248398
0.0,0.0,9.736742e-14,0.009181458,0.0,0.022638146,0.0,0.2733199,0.0,0.038982835,0.0,0.2652097,0.0,0.16376458,0.0,0.054423615,0.0,0.13892381,0.0,0.032235358,0.0,0.030790012,0.0,0.022899259,0.0,0.09026078
0.0,0.0,2.2214146e-13,0.016384391,0.0,0.011197641,0.0,0.30301479,0.0,0.0057323384,0.0,0.2532385,0.0,0.1524275,0.0,0.12617296,0.0,0.116447926,0.0,0.18991628,0.0,0.045397144,0.0,0.0318275,0.0,0.02962638
0.0,0.0,3.1055448e-13,0.041324213,0.0,0.0028363117,0.0,0.0740074,0.0,0.02961036,0.0,0.25105575,0.0,0.113067694,0.0,0.10943701,0.0,0.13677998,0.0,0.083695985,0.0,0.054965682,0.0,0.03989005,0.0,0.045794975
0.0,0.0,1.953444e-13,0.007267509,0.0,0.00061690714,0.0,0.014924088,0.0,0.046901483,0.0,0.18707858,0.0,0.06992328,0.0,0.098359905,0.0,0.18380135,0.0,0.071700156,0.0,0.06307902,0.0,0.046515755,0.0,0.015000192
0.0,0.0,1.4591067e-13,0.021865075,0.0,0.029290609,0.0,0.07011903,0.0,0.008434865,0.0,0.079616874,0.0,0.081815556,0.0,0.063446194,0.0,0.21721965,0.0,0.033693712,0.0,0.031061228,0.0,0.024871837,0.0,0.25296798
0.0,0.0,9.9309693e-14,0.012166268,0.0,0.012716816,0.0,0.048469584,0.0,0.010740483,0.0,0.05589947,0.0,0.62073857,0.0,0.12923661,0.0,0.22680068,0.0,0.18584903,0.0,0.056065273,0.0,0.039227895,0.0,0.19734304
0.0,0.0,6.9301715e-14,0.032203227,0.0,0.003257043,0.0,0.012422911,0.0,0.05401108,0.0,0.10237618,0.0,0.567233,0.0,0.110043935,0.0,0.20955373,0.0,0.083517134,0.0,0.061785795,0.0,0.045197237,0.0,0.13366863
0.0,0.0,4.6034784e-14,0.0063992892,0.0,0.00071399467,0.0,0.052233398,0.0,0.032208927,0.0,0.15715453,0.0,0.16741571,0.0,0.09868392,0.0,0.28626648,0.0,0.071020074,0.0,0.04893223,0.0,0.036783706,0.0,0.10230064
0.0,0.0,4.5945967e-14,0.008920148,0.0,0.025717372,0.0,0.033567417,0.0,0.016076203,0.0,0.11814615,0.0,0.43304044,0.0,0.057444867,0.0,0.3240961,0.0,0.03361274,0.0,0.03853,0.0,0.02881925,0.0,0.034315843
0.0,0.0,3.474486e-14,0.028325196,0.0,0.0122331465,0.0,0.13949026,0.0,0.06983627,0.0,0.11537121,0.0,0.29740295,0.0,0.13083282,0.0,0.31586313,0.0,0.19289811,0.0,0.050533555,0.0,0.036175154,0.0,0.02818288
0.0,0.0,2.019918e-14,0.015254102,0.0,0.003136715,0.0,0.28269577,0.0,0.022112813,0.0,0.15130801,0.0,0.2617268,0.0,0.110684715,0.0,0.3000625,0.0,0.08343455,0.0,0.06769681,0.0,0.047905296,0.0,0.04041211
0.0,0.0,1.19130085e-14,0.046084825,0.0,0.0006893016,0.0,0.32317692,0.0,0.046377074,0.0,0.14473262,0.0,0.1339336,0.0,0.10001876,0.0,0.2821421,0.0,0.07333203,0.0,0.05134308,0.0,0.038532782,0.0,0.11810693
0.0,0.0,8.382238e-15,0.00600951,0.0,0.021156717,0.0,0.4176765,0.0,0.006561467,0.0,0.07404196,0.0,0.06301935,0.0,0.058232322,0.0,0.25416774,0.0,0.034977328,0.0,0.042235527,0.0,0.031106373,0.0,0.05482537
0.0,0.0,5.5254805e-15,0.010425326,0.0,0.012271216,0.0,0.29191053,0.0,0.016602267,0.0,0.04433399,0.0,0.15754974,0.0,0.12028441,0.0,0.30038124,0.0,0.151335,0.0,0.04808117,0.0,0.034371465,0.0,0.10651034
0.0,0.0,5.5148198e-15,0.018946497,0.0,0.003154204,0.0,0.06425823,0.0,0.05478914,0.0,0.055008322,0.0,0.13114049,0.0,0.11143599,0.0,0.33536592,0.0,0.08570108,0.0,0.05559068,0.0,0.0388195,0.0,0.06931802
0.0,0.0,4.1703693e-15,0.02877944,0.0,0.0006949879,0.0,0.014040558,0.0,0.02743575,0.0,0.2943651,0.0,0.17010523,0.0,0.09902409,0.0,0.33988243,0.0,0.070533596,0.0,0.04554208,0.0,0.032982185,0.0,0.07469218
0.0,0.0,3.558462e-15,0.011631034,0.0,0.017618762,0.0,0.030689592,0.0,0.020026328,0.0,0.2863344,0.0,0.0882322,0.0,0.057239182,0.0,0.3175134,0.0,0.033643205,0.0,0.036623567,0.0,0.026240738,0.0,0.01255853
0.0,0.0,1.7361787e-15,0.010030699,0.0,0.010823848,0.0,0.06652611,0.0,0.021541126,0.0,0.29767805,0.0,0.120477386,0.0,0.11770829,0.0,0.28338063,0.0,0.17759769,0.0,0.043668263,0.0,0.03102749,0.0,0.04308534
0.0,0.0,3.8644467e-16,0.016082793,0.0,0.002757244,0.0,0.08369129,0.0,0.013359442,0.0,0.28875354,0.0,0.093466,0.0,0.11921983,0.0,0.2404189,0.0,0.09335498,0.0,0.073846355,0.0,0.053186595,0.0,0.063296676
0.0,0.0,4.3633176000000006e-16,0.024061456,0.0,0.00060209935,0.0,0.07307807,0.0,0.057903748,0.0,0.18909071,0.0,0.6665073,0.0,0.10060216,0.0,0.40229145,0.0,0.07496698,0.0,0.05637037,0.0,0.042846587,0.0,0.023052521
0.0,0.0,2.7019798e-16,0.007683413,0.0,0.021464204,0.0,0.038794465,0.0,0.016426517,0.0,0.042772666,0.0,0.5047797,0.0,0.088621035,0.0,0.4476453,0.0,0.06549417,0.0,0.05110611,0.0,0.03808802,0.0,0.07587322
0.0,0.0,2.6967462e-16,0.004879893,0.0,0.021349698,0.0,0.2063903,0.0,0.020288613,0.0,0.3201721,0.0,0.39286414,0.0,0.046981893,0.0,0.4524315,0.0,0.029317603,0.0,0.025033386,0.0,0.019458868,0.0,0.012716237
0.0,0.0,2.301042e-16,0.009856401,0.0,0.006066201,0.0,0.37514675,0.0,0.009425016,0.0,0.3966844,0.0,0.34765133,0.0,0.12006928,0.0,0.4054449,0.0,0.16170967,0.0,0.051288083,0.0,0.0351483,0.0,0.111384526
0.0,0.0,2.296585e-16,0.017968155,0.0,0.001416677,0.0,0.27331612,0.0,0.05493788,0.0,0.25102803,0.0,0.07789312,0.0,0.11279449,0.0,0.26345497,0.0,0.08456711,0.0,0.051139288,0.0,0.03732482,0.0,0.035462514
0.0,0.0,2.2921365e-16,0.017500293,0.0,0.00030759626,0.0,0.3718748,0.0,0.0122955665,0.0,0.119919345,0.0,0.11582655,0.0,0.10153735,0.0,0.13544309,0.0,0.07284581,0.0,0.05258648,0.0,0.038715225,0.0,0.010124158
0.0,0.0,6.647098000000001e-17,0.011993112,0.0,0.021373903,0.0,0.22067036,0.0,0.019659033,0.0,0.12826018,0.0,0.04357786,0.0,0.05981449,0.0,0.050341524,0.0,0.03486299,0.0,0.030008445,0.0,0.02293982,0.0,0.1094284
0.0,0.0,3.3751563e-17,0.000795162,0.0,0.011715775,0.0,0.1747473,0.0,0.020025408,0.0,0.17348598,0.0,0.4100388,0.0,0.12530309,0.0,0.14084288,0.0,0.15303451,0.0,0.062078923,0.0,0.04371729,0.0,0.12377818
0.0,0.0,2.5523121e-17,0.00025517403,0.0,0.003005986,0.0,0.18017235,0.0,0.0042662155,0.0,0.1204398,0.0,0.35532525,0.0,0.12029386,0.0,0.14112562,0.0,0.09668776,0.0,0.060050316,0.0,0.044030093,0.0,0.044501428
0.0,0.0,8.105482e-18,8.1543396e-05,0.0,0.0006607977,0.0,0.1887632,0.0,0.017812518,0.0,0.25220007,0.0,0.1262237,0.0,0.10200587,0.0,0.2505151,0.0,0.07596776,0.0,0.057173826,0.0,0.042066008,0.0,0.005535799
0.0,0.0,2.747655e-18,2.7168362e-05,0.0,0.022099867,0.0,0.16738816,0.0,0.05765207,0.0,0.3552577,0.0,0.0704884,0.0,0.091676034,0.0,0.3451575,0.0,0.06775171,0.0,0.044667475,0.0,0.033418,0.0,0.029769275
0.0,0.0,2.344481e-18,7.895867e-06,0.0,0.023067735,0.0,0.11347525,0.0,0.043750525,0.0,0.31555277,0.0,0.08784043,0.0,0.049886025,0.0,0.3602993,0.0,0.031488318,0.0,0.029446116,0.0,0.022369692,0.0,0.015419895
0.0,0.0,1.4518173e-18,1.4053533e-06,0.0,0.006696146,0.0,0.2012624,0.0,0.0075906455,0.0,0.27508163,0.0,0.0171078,0.0,0.12669829,0.0,0.33452785,0.0,0.22085533,0.0,0.047872066,0.0,0.033705663,0.0,0.1626397
0.0,0.0,2.5404667e-16,2.2194834e-08,0.0,0.0015866059,0.0,0.25765422,0.0,0.014016856,0.0,0.15396748,0.0,0.10507021,0.0,0.12094516,0.0,0.21321967,0.0,0.09064639,0.0,0.069808714,0.0,0.04882029,0.0,0.09616434
0.0,0.0,1.3060527e-16,8.205263e-09,0.0,0.0003456159,0.0,0.17282969,0.0,0.044443116,0.0,0.11176457,0.0,0.08857859,0.0,0.10237964,0.0,0.10025927,0.0,0.07217369,0.0,0.051024433,0.0,0.037411306,0.0,0.027155865
0.0,0.0,4.8603588e-17,0.006197683,0.0,0.020511663,0.0,0.017491702,0.0,0.019881923,0.0,0.16657238,0.0,0.31719667,0.0,0.086689964,0.0,0.024513945,0.0,0.06257292,0.0,0.055781666,0.0,0.039752968,0.0,0.021167958
0.0,0.0,8.870979e-18,0.026167506,0.0,0.022009468,0.0,0.034038395,0.0,0.038954698,0.0,0.11417717,0.0,0.22664046,0.0,0.045197077,0.0,0.35744807,0.0,0.025752833,0.0,0.024303988,0.0,0.019020423,0.0,0.10857494
0.0,0.0,1.9216371e-18,0.0063855466,0.0,0.0063166805,0.0,0.01524289,0.0,0.0056049274,0.0,0.07040058,0.0,0.18027413,0.0,0.12294581,0.0,0.2504144,0.0,0.11410178,0.0,0.04574488,0.0,0.030791374,0.0,0.036979243
0.0,0.0,3.0743447000000003e-16,0.0116194235,0.0,0.0014939379,0.0,0.05667036,0.0,0.013971847,0.0,0.05439582,0.0,0.03904923,0.0,0.11997627,0.0,0.23254593,0.0,0.08628396,0.0,0.035925444,0.0,0.025491785,0.0,0.08421653
0.0,0.0,2.8672243e-16,0.030055204,0.0,0.00032638965,0.0,0.010492789,0.0,0.038860407,0.0,0.018713394,0.0,0.042350747,0.0,0.1017623,0.0,0.19759504,0.0,0.072503924,0.0,0.058954924,0.0,0.041558176,0.0,0.07391978
0.0,0.0,2.1681656e-16,0.0101635065,0.0,0.013522224,0.0,0.051039267,0.0,0.010310084,0.0,0.054390274,0.0,0.520053,0.0,0.08367733,0.0,0.11126942,0.0,0.05885529,0.0,0.040416393,0.0,0.029604461,0.0,0.043608
0.0,0.0,1.8499835e-16,0.011368751,0.0,0.01981068,0.0,0.017265346,0.0,0.024799628,0.0,0.03909103,0.0,0.43709102,0.0,0.0425632,0.0,0.038828287,0.0,0.027951214,0.0,0.030196672,0.0,0.021418186,0.0,0.092745855
0.0,0.0,7.046172e-17,0.014702566,0.0,0.0057120007,0.0,0.038466174,0.0,0.004995898,0.0,0.30682012,0.0,0.40478915,0.0,0.10091578,0.0,0.10824257,0.0,0.18711556,0.0,0.02972889,0.0,0.020197975,0.0,0.07855423
0.0,0.0,5.328243000000001e-17,0.013393135,0.0,0.001341019,0.0,0.013926858,0.0,0.009954069,0.0,0.26967305,0.0,0.08292909,0.0,0.11655334,0.0,0.20035061,0.0,0.08014884,0.0,0.035306845,0.0,0.024259323,0.0,0.013229728
0.0,0.0,4.546314000000001e-17,0.006429623,0.0,0.00029669938,0.0,0.021622898,0.0,0.013793116,0.0,0.18596749,0.0,0.066989504,0.0,0.09795655,0.0,0.19376726,0.0,0.06503272,0.0,0.045556348,0.0,0.03023877,0.0,0.087038234
0.0,0.0,1.3542461e-17,0.0035232801,0.0,6.638528e-05,0.0,0.13279755,0.0,0.011719881,0.0,0.10156641,0.0,0.030628672,0.0,0.08074801,0.0,0.16855176,0.0,0.06131782,0.0,0.034750704,0.0,0.023947703,0.0,0.019209826
0.0,0.0,9.57322e-18,0.0010548786,0.0,0.015071427,0.0,0.15980005,0.0,0.009701661,0.0,0.038532373,0.0,0.483789,0.0,0.040022288,0.0,0.08684055,0.0,0.049837384,0.0,0.03691076,0.0,0.024166234,0.0,0.03853935
0.0,0.0,4.5782966e-18,0.00024178758,0.0,0.0046710023,0.0,0.18218698,0.0,0.009505418,0.0,0.13761449,0.0,0.46891487,0.0,0.08531253,0.0,0.07564191,0.0,0.034289524,0.0,0.014433082,0.0,0.010646064,0.0,0.007345247
0.0,0.0,3.9064237e-18,5.1881012e-05,0.0,0.0010891027,0.0,0.16129266,0.0,0.010377219,0.0,0.13114905,0.0,0.04952285,0.0,0.108094744,0.0,0.10734779,0.0,0.041464023,0.0,0.026021859,0.0,0.016851427,0.0,0.03489381
0.0,0.0,3.3331489000000003e-18,1.1382587e-05,0.0,0.00024259217,0.0,0.1385668,0.0,0.023456864,0.0,0.26785353,0.0,0.11580442,0.0,0.09352184,0.0,0.059447225,0.0,0.08095367,0.0,0.0508231,0.0,0.03396894,0.0,0.009342229
0.0,0.0,3.326623e-18,3.3292697e-06,0.0,5.4510758e-05,0.0,0.13326705,0.0,0.004521721,0.0,0.21318726,0.0,0.160229,0.0,0.077169016,0.0,0.024958787,0.0,0.05768225,0.0,0.034666743,0.0,0.02362511,0.0,0.03336058
0.0,0.0,3.3201098e-18,7.727346e-07,0.0,0.010174472,0.0,0.044388503,0.0,0.0057116286,0.0,0.13642706,0.0,0.15145725,0.0,0.06530998,0.0,0.13825813,0.0,0.068852,0.0,0.02772674,0.0,0.01814193,0.0,0.0055343015
0.0,0.0,3.3136094e-18,2.0054743e-07,0.0,0.008984958,0.0,0.01150151,0.0,0.019590167,0.0,0.063264616,0.0,0.13158952,0.0,0.027892621,0.0,0.053957727,0.0,0.020481152,0.0,0.018818626,0.0,0.012396557,0.0,0.02558517
0.0,0.0,8.531669e-18,5.009236e-08,0.0,0.00232384,0.0,0.009026463,0.0,0.009002576,0.0,0.018269002,0.0,0.13863352,0.0,0.07797358,0.0,0.056488477,0.0,0.077334486,0.0,0.009720875,0.0,0.0066030994,0.0,0.0031972453
0.0,0.0,6.6474760000000004e-18,1.6055084e-08,0.0,0.000522673,0.0,0.021576725,0.0,0.0099938195,0.0,0.0966878,0.0,0.05716475,0.0,0.10346836,0.0,0.0655031,0.0,0.108306706,0.0,0.030646577,0.0,0.019341096,0.0,0.0091771735
0.0,0.0,9.325001e-18,2.7309826e-09,0.0,0.00011840463,0.0,0.0046607894,0.0,0.008833056,0.0,0.047186334,0.0,0.011743057,0.0,0.08186109,0.0,0.025139233,0.0,0.05361261,0.0,0.032317504,0.0,0.019960359,0.0,0.021027396
0.0,0.0,6.4702684e-18,5.64972e-10,0.0,2.6911248e-05,0.0,0.004584424,0.0,0.008127116,0.0,0.0072603663,0.0,0.31324905,0.0,0.06278482,0.0,0.16885288,0.0,0.0612326,0.0,0.026453316,0.0,0.016721599,0.0,0.0025482366
0.0,0.0,4.381392e-18,6.9226522e-09,0.0,6.1449646e-06,0.0,0.010839807,0.0,0.005369297,0.0,0.030056696,0.0,0.20682277,0.0,0.05528078,0.0,0.12108828,0.0,0.036868703,0.0,0.017034912,0.0,0.010830615,0.0,0.0045224624
0.0,0.0,8.059141000000001e-17,1.5486735e-09,0.0,0.0057102228,0.0,0.009728351,0.0,0.0003140431,0.0,0.01148521,0.0,0.13096595,0.0,0.021476563,0.0,0.09784514,0.0,0.018137902,0.0,0.0073966016,0.0,0.0048704483,0.0,0.013413805
0.0,0.0,8.970831e-17,3.60442e-10,0.0,0.0070347833,0.0,0.027189558,0.0,8.2186605e-05,0.0,0.029398713,0.0,0.10565227,0.0,0.04045071,0.0,0.07795784,0.0,0.027498456,0.0,0.0029249832,0.0,0.0019743226,0.0,0.006825755
0.0,0.0,8.9529344e-17,1.1510589e-10,0.0,0.0018327965,0.0,0.04583012,0.0,2.6841713e-05,0.0,0.0143674025,0.0,0.030069403,0.0,0.08792888,0.0,0.081201605,0.0,0.046138015,0.0,0.019985994,0.0,0.011409088,0.0,0.022478208
0.0,0.0,4.0800757e-17,3.045648e-11,0.0,0.00041592217,0.0,0.017420536,0.0,8.455211e-06,0.0,0.008222096,0.0,0.13966882,0.0,0.06544029,0.0,0.045476127,0.0,0.056148816,0.0,0.00763163,0.0,0.005089757,0.0,0.0028066458
0.0,0.0,3.481188000000001e-17,6.7099694e-12,0.0,9.550026e-05,0.0,0.006987472,0.0,1.8681374e-06,0.0,0.0356348,0.0,0.23604392,0.0,0.0473425,0.0,0.10347338,0.0,0.0727341,0.0,0.020000651,0.0,0.0051493864,0.0,0.0034265693
0.0,0.0,1.4023845e-17,1.66103e-12,0.0,2.1981015e-05,0.0,0.0019719468,0.0,4.1646928e-07,0.0,0.015469925,0.0,0.17917542,0.0,0.037505593,0.0,0.061281253,0.0,0.038654517,0.0,0.0137496125,0.0,0.009004417,0.0,0.0040541096
0.0,0.0,1.3995866e-17,3.6270048e-13,0.0,5.0865283e-06,0.0,0.00011148307,0.0,9.921007e-08,0.0,0.003930909,0.0,0.10365014,0.0,0.012215419,0.0,0.01795132,0.0,0.030623052,0.0,0.012608296,0.0,0.007352773,0.0,0.006661268
0.0,0.0,1.3967944e-17,5.01363e-14,0.0,0.00028857987,0.0,4.790134e-07,0.0,7.8834695e-05,0.0,0.05214927,0.0,0.043863077,0.0,0.0030445103,0.0,0.2051294,0.0,0.009075893,0.0,0.006493366,0.0,0.0039737774,0.0,0.0074836574
0.0,0.0,8.649132e-18,1.7859978e-14,0.0,0.00031231926,0.0,1.7757522e-07,0.0,2.2486001e-05,0.0,0.03741494,0.0,0.06978192,0.0,0.05986803,0.0,0.06614922,0.0,0.06121919,0.0,0.0034650876,0.0,0.0021244122,0.0,0.0070561026
0.0,0.0,3.18099e-17,3.6582362e-10,0.0,8.210812e-05,0.0,1.0192847e-07,0.0,3.858282e-06,0.0,0.01235756,0.0,0.025288384,0.0,0.047385346,0.0,0.042185966,0.0,0.06527633,0.0,0.011981832,0.0,0.0064616054,0.0,0.008340738
0.0,0.0,4.8599147e-17,1.6150033e-10,0.0,1.925874e-05,0.0,2.646875e-08,0.0,7.0425716e-07,0.0,0.02410767,0.0,0.108340435,0.0,0.031127019,0.0,0.016451564,0.0,0.03276167,0.0,0.0100324685,0.0,0.005537882,0.0,0.0053588455
0.0,0.0,4.850128e-17,3.4016838e-11,0.0,4.558448e-06,0.0,3.0962382e-09,0.0,2.1292523e-07,0.0,0.0057980292,0.0,0.15671942,0.0,0.020984009,0.0,0.2031795,0.0,0.032964878,0.0,0.00781505,0.0,0.0045193117,0.0,0.003957379
0.0,0.0,4.138131000000001e-17,5.2330735e-12,0.0,1.0752447e-06,0.0,1.0895763e-09,0.0,3.758492e-08,0.0,0.010428633,0.0,0.09285647,0.0,0.005771234,0.0,0.055723842,0.0,0.033267993,0.0,0.008076943,0.0,0.0044974377,0.0,0.005735607
0.0,0.0,1.5760337e-17,1.5690045e-12,0.0,2.5341322e-07,0.0,3.6588457e-08,0.0,3.187592e-08,0.0,0.0010951826,0.0,0.039437298,0.0,0.0013656507,0.0,0.08354094,0.0,0.017092438,0.0,0.004382287,0.0,0.0025092955,0.0,0.008767066
0.0,0.0,1.5728598e-17,1.6839758e-13,0.0,5.989858e-08,0.0,5.5561937e-09,0.0,2.4268225e-08,0.0,0.00012875933,0.0,0.03850893,0.0,0.03333945,0.0,0.018923854,0.0,0.004229916,0.0,0.0016035634,0.0,0.00096135406,0.0,0.00586179
0.0,0.0,1.3419647000000001e-17,2.7708127e-14,0.0,2.926771e-05,0.0,3.5476515e-09,0.0,5.9620833e-09,0.0,1.7173374e-05,0.0,0.019536925,0.0,0.032428917,0.0,0.17962371,0.0,0.030808346,0.0,0.0018152794,0.0,0.0009826131,0.0,0.0057635293
0.0,0.0,3.0368195e-18,5.8564997e-15,0.0,9.820878e-06,0.0,6.1472694e-09,0.0,1.0860727e-09,0.0,3.3040176e-06,0.0,0.07764613,0.0,0.021539478,0.0,0.05547183,0.0,0.017258735,0.0,0.0038541355,0.0,0.0020289638,0.0,0.0055703144
0.0,0.0,3.5902987e-16,1.0160183e-15,0.0,2.4012397e-06,0.0,1.658524e-09,0.0,2.0326497e-10,0.0,7.6690105e-07,0.0,0.01808664,0.0,0.0136469025,0.0,0.044986203,0.0,0.030171024,0.0,0.00065302727,0.0,0.0004852861,0.0,0.0036697602
0.0,0.0,1.02185135e-16,1.7627278000000002e-16,0.0,5.8013427e-07,0.0,4.5991586e-10,0.0,4.136254e-11,0.0,0.001616721,0.0,0.075279005,0.0,0.0136337215,0.0,0.0132371085,0.0,0.019023132,0.0,0.0019739522,0.0,0.0009439369,0.0,0.0021672307
0.0,0.0,1.8159304e-17,6.1688245e-17,0.0,1.4067489e-07,0.0,1.1325547e-10,0.0,1.1253948e-11,0.0,0.0031511644,0.0,0.016886722,0.0,0.0035908227,0.0,0.11657564,0.0,0.00938681,0.0,0.0025768839,0.0,0.0011885592,0.0,0.00038928847
0.0,0.0,1.8122473e-17,5.463583399999999e-18,0.0,3.45037e-08,0.0,6.489708e-11,0.0,1.6554955e-12,0.0,0.0013051145,0.0,0.0725577,0.0,0.0008676296,0.0,0.024462465,0.0,0.015471545,0.0,0.00096787815,0.0,0.00052545057,0.0,4.1461866e-05
0.0,0.0,1.8085715e-17,9.380262999999998e-19,0.0,8.478676e-09,0.0,1.2132502e-11,0.0,3.2238925e-06,0.0,0.00032170612,0.0,0.01595363,0.0,0.000206424,0.0,0.08465983,0.0,0.0027851383,0.0,0.00028959924,0.0,0.00017718648,0.0,8.722628e-06
0.0,0.0,1.8049033e-17,1.329914e-19,0.0,8.087724e-07,0.0,2.8044806e-12,0.0,2.3014923e-06,0.0,7.972627e-05,0.0,0.037424337,0.0,0.012429025,0.0,0.01117029,0.0,0.0074530845,0.0,7.136755e-05,0.0,4.657643e-05,0.0,1.7966825e-06
0.0,0.0,1.2283313e-17,2.2604218e-20,0.0,5.0448784e-06,0.0,7.6593663e-13,0.0,4.2993585e-07,0.0,1.6829892e-05,0.0,0.011601069,0.0,0.010243994,0.0,0.16731997,0.0,0.023221182,0.0,0.0008694203,0.0,0.00042908205,0.0,4.860168e-07
0.0,0.0,1.2258399e-17,8.182786e-21,0.0,1.4039438e-06,0.0,4.726033e-13,0.0,1.0216693e-07,0.0,4.2745273e-06,0.0,0.15274625,0.0,0.0068362877,0.0,0.044170085,0.0,0.02847918,0.0,0.0015706618,0.0,0.0008703156,0.0,1.3213317e-07
0.0,0.0,1.0673066e-15,1.6315891e-21,0.0,3.271086e-07,0.0,1.1711816e-13,0.0,1.6208288e-08,0.0,9.4933205e-07,0.0,0.14139093,0.0,0.013566553,0.0,0.0828467,0.0,0.036096755,0.0,0.0028842785,0.0,0.0016130082,0.0,3.9723777e-10
0.0,0.0,6.0686247e-16,1.8420837e-22,0.0,7.64158e-08,0.0,1.7488042e-10,0.0,3.6660313e-09,0.0,2.0125741e-07,0.0,0.07707632,0.0,0.0034343067,0.0,0.027345136,0.0,0.007374713,0.0,0.000988003,0.0,0.0006380581,0.0,1.1386381e-10
0.0,0.0,4.3915964e-16,1.7864655e-19,0.0,1.7945903e-08,0.0,8.376593e-11,0.0,8.544563e-10,0.0,0.0006350706,0.0,0.14518812,0.0,0.0007946605,0.0,0.05997001,0.0,0.044972967,0.0,0.0017940957,0.0,0.0009739559,0.0,3.5718782e-11
0.0,0.0,2.988685e-16,2.4567253e-20,0.0,4.2495634e-09,0.0,1.8024172e-11,0.0,2.0646032e-10,0.0,0.00010937828,0.0,0.09092172,0.0,0.009743773,0.0,0.008359889,0.0,0.026747216,0.0,0.0032565854,0.0,0.0016414936,0.0,9.405829e-12
0.0,0.0,2.5498879e-16,5.129884e-21,0.0,1.1001326e-05,0.0,3.7033003e-12,0.0,3.6865892e-11,0.0,0.000104957144,0.0,0.038159333,0.0,0.006648819,0.0,0.08722188,0.0,0.0076404247,0.0,0.0024512724,0.0,0.0013186446,0.0,2.5478712e-12
0.0,0.0,2.5446934000000004e-16,1.1902041000000001e-21,0.0,5.244151e-06,0.0,2.2688123e-12,0.0,6.1948203e-12,0.0,3.375549e-05,0.0,0.06532492,0.0,0.0039301277,0.0,0.02795822,0.0,0.026535258,0.0,0.0017058662,0.0,0.0009570929,0.0,9.0448547e-13
0.0,0.0,1.335762e-16,2.0805705e-22,0.0,1.3315348e-06,0.0,4.0351888e-13,0.0,1.0908681e-12,0.0,6.7581304e-06,0.0,0.01729015,0.0,0.005683249,0.0,0.05692193,0.0,0.0065675834,0.0,0.001306763,0.0,0.0007058309,0.0,2.396167e-13
0.0,0.0,1.3330409000000002e-16,4.407426e-23,0.0,3.216742e-07,0.0,4.92184e-12,0.0,2.6118696e-13,0.0,1.3262043e-06,0.0,0.066110805,0.0,0.0013698403,0.0,0.0131022325,0.0,0.034315087,0.0,0.0014855578,0.0,0.00074818666,0.0,6.158163e-14
0.0,0.0,1.3303252e-16,6.728299e-24,0.0,7.783729e-08,0.0,8.752102e-13,0.0,5.1505417e-14,0.0,2.9194752e-07,0.0,0.042341597,0.0,0.00032325613,0.0,0.12902112,0.0,0.008291141,0.0,0.0005254447,0.0,0.00030326168,0.0,1.5155049e-14
0.0,0.0,6.506306000000001e-17,1.1902894e-24,0.0,1.8852777e-08,0.0,2.1273754e-13,0.0,1.0861691e-14,0.0,9.1743864e-08,0.0,0.04126625,0.0,0.0014249055,0.0,0.037015233,0.0,0.02401246,0.0,0.00020020232,0.0,0.00011975891,0.0,3.8715373e-15
0.0,0.0,5.5166048e-17,1.8775308e-24,0.0,4.5483928e-09,0.0,2.9515983e-11,0.0,1.9523197e-15,0.0,6.885501e-05,0.0,0.014291728,0.0,0.004155447,0.0,0.016139708,0.0,0.006312242,0.0,7.7432866e-05,0.0,4.6676283e-05,0.0,1.5467986e-11
0.0,0.0,5.505311e-17,5.751199e-25,0.0,6.552343e-06,0.0,1.0677421e-11,0.0,3.8798954e-11,0.0,1.2701094e-05,0.0,0.052908987,0.0,0.002307329,0.0,0.17790234,0.0,0.019157873,0.0,0.00018164117,0.0,8.668299e-05,0.0,2.4721045e-11
0.0,0.0,4.1626875e-17,1.0452974e-25,0.0,2.7941453e-06,0.0,2.732204e-12,0.0,9.392462e-12,0.0,2.0221829e-05,0.0,0.036981013,0.0,0.0013938233,0.0,0.05222885,0.0,0.0030937383,0.0,3.2313703e-05,0.0,2.2554741e-05,0.0,5.386807e-12
0.0,0.0,4.1541656e-17,2.0387115e-26,0.0,7.372829e-07,0.0,6.746188e-13,0.0,1.5919471e-12,0.0,7.1563604e-06,0.0,0.016605038,0.0,0.003837033,0.0,0.016943412,0.0,0.011769413,0.0,0.00012506323,0.0,4.9857896e-05,0.0,1.063316e-12
0.0,0.0,4.145661000000001e-17,3.540225e-27,0.0,1.8952038e-07,0.0,6.3423794e-14,0.0,3.0600923e-13,0.0,1.6703556e-06,0.0,0.01957981,0.0,0.0009450958,0.0,0.069521874,0.0,0.0022186353,0.0,0.00017021953,0.0,7.2492694e-05,0.0,2.8822309e-11
0.0,0.0,4.1371743e-17,6.165726000000001e-28,0.0,4.8241848e-08,0.0,1.4985519e-14,0.0,5.2562067e-14,0.0,4.4426793e-07,0.0,0.00865146,0.0,0.00023740211,0.0,0.0150338095,0.0,0.003213011,0.0,4.8306636e-05,0.0,2.6112057e-05,0.0,1.3000683e-11
0.0,0.0,4.1287046e-17,1.1373306e-28,0.0,1.2505254e-08,0.0,3.0580064e-15,0.0,9.3681895e-15,0.0,1.1744411e-07,0.0,0.031456273,0.0,5.88299e-05,0.0,0.04957771,0.0,0.008400752,0.0,1.2923318e-05,0.0,7.779859e-06,0.0,2.631121e-12
0.0,0.0,4.120252000000001e-17,5.589117e-29,0.0,3.2076588e-09,0.0,1.5740519e-13,0.0,2.1587988e-15,0.0,2.4904514e-08,0.0,0.022258282,0.0,0.00011147798,0.0,0.014972599,0.0,0.004696653,0.0,3.3422584e-06,0.0,2.1628298e-06,0.0,5.002655e-13
0.0,0.0,2.0100398e-17,3.4767745000000005e-30,0.0,8.1194196e-10,0.0,6.6663106e-14,0.0,4.548087e-16,0.0,8.797345e-09,0.0,0.0047991555,0.0,0.00078895845,0.0,0.058889765,0.0,0.010773267,0.0,5.4952838e-05,0.0,2.0344152e-05,0.0,8.4449354e-14
0.0,0.0,1.6658863e-17,6.0213510000000005e-31,0.0,2.0845183e-10,0.0,6.6380264e-14,0.0,7.882403e-17,0.0,2.2920013e-09,0.0,0.0074700145,0.0,0.00044994883,0.0,0.009188569,0.0,0.0023226398,0.0,6.235668e-05,0.0,2.6358608e-05,0.0,1.965669e-14
0.0,0.0,3.8695714e-17,1.0657464e-31,0.0,5.3233803e-11,0.0,2.5788275e-13,0.0,1.12994625e-17,0.0,3.4124434e-05,0.0,0.049924754,0.0,0.0014751963,0.0,0.036415424,0.0,0.008412581,0.0,0.00015837626,0.0,6.752638e-05,0.0,4.484633e-15
0.0,0.0,1.8646387e-16,2.0592989e-32,0.0,4.5516373e-08,0.0,4.404654e-14,0.0,6.43543e-13,0.0,6.235984e-06,0.0,0.0065783276,0.0,0.00036410335,0.0,0.021612138,0.0,0.0029108848,0.0,0.0001537219,0.0,6.360197e-05,0.0,9.633889e-16
0.0,0.0,1.8607686e-16,4.4267663e-33,0.0,1.8760572e-08,0.0,7.322953e-15,0.0,8.6360205e-13,0.0,1.1248397e-06,0.0,0.018797943,0.0,8.9328736e-05,0.0,0.049259987,0.0,0.005787092,0.0,6.035548e-05,0.0,2.8732578e-05,0.0,2.8366638e-15
0.0,0.0,1.4069283e-16,7.714233e-34,0.0,5.005111e-09,0.0,8.3294674e-16,0.0,1.8492819e-13,0.0,1.0833942e-06,0.0,0.015749704,0.0,2.1997295e-05,0.0,0.02710333,0.0,0.00977299,0.0,1.8562945e-05,0.0,1.01124115e-05,0.0,6.2709433e-16
0.0,0.0,5.667307000000001e-17,4.1650377e-32,0.0,1.2812696e-09,0.0,2.1089719e-16,0.0,3.6071294e-14,0.0,2.5719763e-07,0.0,0.0427814,0.0,5.5063094e-05,0.0,0.023979599,0.0,0.007528304,0.0,5.2752903e-06,0.0,3.1500201e-06,0.0,1.3990961e-16
0.0,0.0,5.6555444e-17,2.5985175e-35,0.0,3.2343683e-10,0.0,1.3384575000000002e-16,0.0,5.5379586e-15,0.0,9.9179296e-08,0.0,0.0061132354,0.0,0.00028986676,0.0,0.027928276,0.0,0.0055457675,0.0,1.3486075e-06,0.0,8.4568023e-07,0.0,2.7907195e-17
0.0,0.0,2.4181527e-17,2.453916e-30,0.0,8.314428e-11,0.0,1.5983725e-17,0.0,9.676887e-16,0.0,2.5305912e-08,0.0,0.021604562,0.0,0.00018556572,0.0,0.039729726,0.0,0.011109879,0.0,7.817955e-06,0.0,2.9161768e-06,0.0,5.3114756e-18
0.0,0.0,2.4131338e-17,4.4772196e-31,0.0,2.1029083e-11,0.0,2.2654455e-18,0.0,1.9361026e-16,0.0,5.920352e-09,0.0,0.01868345,0.0,0.0005062256,0.0,0.00912606,0.0,0.0022514039,0.0,1.1772722e-05,0.0,4.7005424e-06,0.0,1.0689554e-18
0.0,0.0,1.1322115e-17,7.6321657e-32,0.0,5.2877785e-12,0.0,5.6526044e-19,0.0,3.6515746e-17,0.0,1.3885177e-09,0.0,0.046923503,0.0,0.00012226703,0.0,0.0510395,0.0,0.003535733,0.0,2.1716126e-06,0.0,1.370931e-06,0.0,2.2579322e-19
0.0,0.0,6.438219e-18,1.1473675e-32,0.0,1.3349762e-12,0.0,2.0096278e-19,0.0,6.4512474e-18,0.0,3.4496844e-10,0.0,0.006980142,0.0,3.0200259e-05,0.0,0.00675428,0.0,8.804075e-05,0.0,4.1584217e-06,0.0,1.7209375e-06,0.0,4.661605e-20
0.0,0.0,6.4247867e-18,2.1225472e-33,0.0,1.7051318e-09,0.0,1.4987438e-16,0.0,1.2167471e-18,0.0,1.1487404e-06,0.0,0.071789175,0.0,7.2584917e-06,0.0,0.026234673,0.0,2.944768e-05,0.0,1.0041183e-05,0.0,3.0462965e-07,0.0,1.0549052e-20
0.0,0.0,2.4467446e-18,5.721341e-34,0.0,6.9245243e-10,0.0,1.3530892000000002e-16,0.0,2.1400405e-19,0.0,8.309302e-07,0.0,0.024430215,0.0,7.09322e-05,0.0,0.0418935,0.0,9.164647e-06,0.0,2.265277e-06,0.0,1.167182e-06,0.0,5.811618e-16
0.0,0.0,2.4416400000000007e-18,7.345385e-35,0.0,1.8133418e-10,0.0,5.3016963e-17,0.0,3.4363012e-20,0.0,3.152739e-07,0.0,0.006637922,0.0,0.00014577559,0.0,0.004802257,0.0,1.3087367e-05,0.0,9.256036e-07,0.0,5.7876946e-07,0.0,2.0541384e-16
0.0,0.0,2.4365461e-18,1.36534e-35,0.0,4.5700593e-11,0.0,8.387326e-18,0.0,1.3909630000000006e-17,0.0,8.3461565e-08,0.0,0.029473593,0.0,0.00021955949,0.0,0.006235701,0.0,7.625117e-05,0.0,6.756816e-06,0.0,2.671153e-06,0.0,5.2492538e-17
0.0,0.0,1.2789301999999998e-18,2.2951082e-36,0.0,1.1662105e-11,0.0,6.264747e-19,0.0,3.6164506e-18,0.0,2.2062634e-08,0.0,0.003984459,0.0,0.0002937485,0.0,0.011065283,0.0,9.9502526e-05,0.0,1.2318262e-06,0.0,7.6005745e-07,0.0,1.38366405e-17
0.0,0.0,1.0911046e-18,6.609411e-37,0.0,2.9762135e-12,0.0,3.8297317e-19,0.0,5.137668999999999e-19,0.0,5.408952e-09,0.0,0.032911897,0.0,7.2151415e-05,0.0,0.037715413,0.0,9.423663e-05,0.0,2.2969215e-07,0.0,1.7166069e-07,0.0,2.914349e-18
0.0,0.0,1.0888281999999998e-18,1.1538278999999998e-37,0.0,2.9500988e-10,0.0,4.5752678e-20,0.0,9.6659215e-20,0.0,1.3124042e-09,0.0,0.004106174,0.0,1.7719332e-05,0.0,0.0033385488,0.0,8.016245e-05,0.0,2.1569254e-05,0.0,3.0940686e-08,0.0,6.408183e-19
0.0,0.0,3.562875e-19,2.8903474e-38,0.0,2.114691e-09,0.0,5.3117427e-21,0.0,1.8190859999999998e-20,0.0,3.1044595e-10,0.0,0.007512149,0.0,4.250513e-06,0.0,0.0027968446,0.0,6.573908e-05,0.0,1.864839e-05,0.0,4.934107e-06,0.0,1.5198113e-19
0.0,0.0,2.7061981e-19,3.69256e-39,0.0,6.837678e-10,0.0,2.6322454e-19,0.0,3.0648354e-21,0.0,6.1739336e-11,0.0,0.03097014,0.0,3.6492132e-05,0.0,0.0021258434,0.0,4.844705e-05,0.0,1.2739286e-05,0.0,6.0291977e-06,0.0,3.3099809999999997e-20
0.0,0.0,1.1570823e-19,6.42874e-40,0.0,1.7098638e-10,0.0,5.981169000000001e-17,0.0,6.044774000000002e-22,0.0,6.7933547e-06,0.0,0.011516371,0.0,0.00026064648,0.0,0.0012022356,0.0,0.00010447961,0.0,2.7577382e-05,0.0,1.14805725e-05,0.0,7.284656e-21
0.0,0.0,1.1546683e-19,1.11419e-40,0.0,4.290832e-11,0.0,2.1374463e-17,0.0,1.2173205000000001e-22,0.0,4.4359167e-06,0.0,0.026875475,0.0,6.400224e-05,0.0,0.00031205866,0.0,3.5011126e-05,0.0,1.0868289e-05,0.0,5.4811303e-06,0.0,1.4048446000000001e-21
0.0,0.0,1.1522592e-19,7.3638e-41,0.0,1.0917579e-11,0.0,7.080050000000001e-18,0.0,2.6819942e-23,0.0,1.1011172e-06,0.0,0.0036512122,0.0,1.5435637e-05,0.0,6.074519e-05,0.0,1.0962566e-05,0.0,3.1433187e-06,0.0,1.8059321e-06,0.0,2.0856414e-18
0.0,0.0,1.1498554e-19,2.0819e-41,0.0,2.7442556e-12,0.0,1.3294911e-18,0.0,4.885574e-24,0.0,2.5186677e-07,0.0,0.0090308115,0.0,3.720726e-06,0.0,1.1068035e-05,0.0,3.5437913e-06,0.0,8.6903515e-07,0.0,5.4444365e-07,0.0,2.045695e-15
0.0,0.0,1.1474564e-19,6.443e-42,0.0,1.8493993e-09,0.0,2.7798415e-19,0.0,7.3937467e-25,0.0,5.8995585e-08,0.0,0.017369753,0.0,6.063288e-05,0.0,2.003306e-06,0.0,6.273202e-06,0.0,2.1917411e-07,0.0,1.4583983e-07,0.0,4.5680953e-16
0.0,0.0,5.2287676e-20,1.71e-42,0.0,1.2350935e-09,0.0,3.091807e-20,0.0,2.1423692e-25,0.0,1.4266254e-08,0.0,1.5480991e-09,0.0,0.00010401512,0.0,3.57311e-07,0.0,3.646264e-05,0.0,5.130436e-06,0.0,2.1715896e-06,0.0,9.6621267e-17
0.0,0.0,2.3826624e-20,3.9e-44,0.0,3.358369e-10,0.0,6.4198743e-21,0.0,2.5954784e-26,0.0,4.1078105e-09,0.0,1.1076459e-09,0.0,0.00027009984,0.0,6.4205224e-08,0.0,9.31761e-05,0.0,9.206639e-07,0.0,6.1772425e-07,0.0,2.4695165e-17
0.0,0.0,2.3776914e-20,8.000000000000001e-45,0.0,8.347554e-11,0.0,3.0559585e-19,0.0,4.755006e-27,0.0,8.646832e-10,0.0,1.1762082e-09,0.0,6.38521e-05,0.0,1.1531069e-08,0.0,4.104473e-05,0.0,9.06858e-06,0.0,4.0908935e-06,0.0,6.3318227e-18
0.0,0.0,1.6180496e-20,1e-45,0.0,2.0253991e-11,0.0,7.417141999999999e-20,0.0,9.16856e-28,0.0,1.804064e-05,0.0,6.482072e-10,0.0,1.4825174e-05,0.0,2.0537871e-09,0.0,1.6536325e-05,0.0,4.5247452e-06,0.0,7.1412506e-07,0.0,1.7785377999999997e-18
0.0,0.0,9.332384e-21,0.0,0.0,5.6657945e-10,0.0,4.9333105e-15,0.0,1.0608946e-08,0.0,8.026219e-06,0.0,3.2702893e-10,0.0,6.995923e-05,0.0,3.5864964e-10,0.0,1.7843215e-05,0.0,1.0303855e-06,0.0,8.2787176e-07,0.0,4.999478599999999e-19
0.0,0.0,5.501853e-21,0.0,0.0,2.1592776e-09,0.0,1.3269741e-15,0.0,6.8432895e-09,0.0,2.0542225e-06,0.0,2.2639773e-08,0.0,0.00014086462,0.0,6.4336356e-11,0.0,6.490158e-05,0.0,1.5419384e-05,0.0,7.3449446e-06,0.0,1.4057666e-19
0.0,0.0,5.1897602e-21,0.0,0.0,6.273452e-10,0.0,3.776503e-16,0.0,1.2750183e-09,0.0,3.5898682e-07,0.0,2.6572957e-08,0.0,0.00013701578,0.0,1.7825275e-09,0.0,7.389975e-05,0.0,2.6928765e-06,0.0,1.9769755e-06,0.0,4.4003487999999997e-20
0.0,0.0,4.6127836e-21,0.0,0.0,1.4802502e-10,0.0,8.173649e-17,0.0,2.0582813e-10,0.0,1.0852258e-07,0.0,1.6827121e-08,0.0,3.13707e-05,0.0,2.066536e-09,0.0,0.00023383946,0.0,6.426296e-05,0.0,3.4442328e-07,0.0,1.417928e-20
0.0,0.0,3.1390585e-21,0.0,0.0,2.9918315e-08,0.0,1.4897162e-17,0.0,3.7264317e-11,0.0,1.9795496e-05,0.0,1.8716381e-08,0.0,7.177538e-06,0.0,1.7287572e-08,0.0,8.684479e-05,0.0,2.9608387e-05,0.0,1.922661e-05,0.0,1.5098247e-16
0.0,0.0,2.0259131e-21,0.0,0.0,1.18568035e-08,0.0,1.5194555000000002e-16,0.0,1.0954944e-11,0.0,1.4673941e-05,0.0,2.4171337e-08,0.0,0.0002567519,0.0,1.2127793e-08,0.0,3.705244e-05,0.0,8.017035e-06,0.0,5.8152864e-06,0.0,3.9450808e-16
0.0,0.0,1.1097655e-21,2.2715e-41,0.0,2.946828e-09,0.0,3.195735e-17,0.0,2.6408652e-12,0.0,2.2576296e-06,0.0,1.1401847e-08,0.0,0.00019364833,0.0,6.5559815e-09,0.0,6.5533066e-05,0.0,2.4273566e-05,0.0,1.2646583e-05,0.0,1.2051159000000002e-16
0.0,0.0,1.1074501e-21,5.028e-42,0.0,6.947896e-10,0.0,5.309545e-13,0.0,6.285912e-13,0.0,8.5200116e-07,0.0,1.6739016e-08,0.0,0.0006803831,0.0,3.3412944e-09,0.0,0.00035644256,0.0,0.00011252892,0.0,6.112427e-05,0.0,4.0970850000000004e-17
0.0,0.0,1.1051397e-21,1.062e-42,0.0,1.15595515e-08,0.0,1.2835261e-13,0.0,1.379052e-13,0.0,3.6490463e-05,0.0,7.2265415e-08,0.0,0.00015445519,0.0,1.342215e-07,0.0,0.00061499677,0.0,1.9488747e-05,0.0,1.5255089e-05,0.0,4.6965512e-17
0.0,0.0,5.391145e-22,2.47e-43,0.0,3.9406403e-09,0.0,4.1420234e-13,0.0,3.957224e-14,0.0,1.7775961e-05,0.0,4.4573788e-08,0.0,0.00011273347,0.0,1.060051e-07,0.0,0.00030549977,0.0,8.9436806e-05,0.0,2.5432024e-05,0.0,1.1722314e-14
0.0,0.0,1.1496699e-22,6.9e-44,0.0,9.311135e-10,0.0,8.469633e-14,0.0,1.0723748e-14,0.0,3.6212914e-06,0.0,2.9696108e-07,0.0,0.00058435986,0.0,6.161408e-08,0.0,0.0002857941,0.0,2.5522573e-05,0.0,2.1206934e-05,0.0,9.6858644e-14
0.0,0.0,1.8885849e-23,1.8000000000000002e-44,0.0,1.3822888e-06,0.0,1.4558462e-14,0.0,2.4500775e-11,0.0,6.5801083e-07,0.0,2.9969726e-06,0.0,0.0013953369,0.0,1.7260214e-07,0.0,0.0008708627,0.0,0.0002952807,0.0,0.0001750211,0.0,9.106805e-13
0.0,0.0,5.9063803e-24,4.000000000000001e-45,0.0,4.5696368e-07,0.0,3.3399292e-13,0.0,1.13511235e-10,0.0,1.3131551e-05,0.0,3.964769e-06,0.0,0.00030965314,0.0,1.4278368e-06,0.0,0.0030004547,0.0,0.0002910587,0.0,0.00018493595,0.0,4.9482044e-13
0.0,0.0,4.620275e-25,1e-45,0.0,1.06107436e-07,0.0,2.187019e-13,0.0,2.5008289e-11,0.0,8.115757e-06,0.0,2.3424514e-06,0.0,0.001507238,0.0,1.0138792e-06,0.0,0.03539853,0.0,0.00029981963,0.0,0.00013128876,0.0,2.0183783e-13
0.0,0.0,9.7868703e-26,0.0,0.0,4.7070334e-06,0.0,3.577859e-11,0.0,8.270554e-12,0.0,1.6815278e-06,0.0,3.3224645e-05,0.0,0.0016325704,0.0,6.1581727e-07,0.0,0.010786484,0.0,0.003847724,0.0,0.0024788976,0.0,8.524289e-14
0.0,0.0,3.2196665e-26,1.4546382e-33,0.0,1.8662282e-05,0.0,1.570413e-10,0.0,2.0223705e-07,0.0,6.443623e-07,0.0,0.000204169,0.0,0.01124659,0.0,8.316528e-06,0.0,0.015927874,0.0,0.0042225663,0.0,0.0028074707,0.0,4.4633172e-13
0.0,0.0,1.4671049999999998e-26,3.6926665e-34,0.0,4.5979923e-06,0.0,1.6660598e-10,0.0,1.7875651e-07,0.0,3.1492846e-07,0.0,0.0001651183,0.0,0.0026615513,0.0,0.0006120264,0.0,0.05325354,0.0,0.005986312,0.0,0.003911657,0.0,2.6987287e-10
0.0,0.0,1.4640009e-26,9.200689e-35,0.0,1.0247024e-06,0.0,6.4708676e-11,0.0,6.01458e-08,0.0,1.1691066e-06,0.0,0.003850986,0.0,0.009491138,0.0,0.0015294722,0.0,0.044371665,0.0,0.0045430143,0.0,0.0031220536,0.0,6.118464e-09
0.0,0.0,1.10688725e-26,2.6176365e-35,0.0,0.0004649607,0.0,1.5328964e-09,0.0,1.9943366e-08,0.0,1.2898446e-06,0.0,0.1028747,0.0,0.006855589,0.0,0.018925887,0.0,0.021334615,0.0,0.013738292,0.0,0.00923495,0.0,1.1579924e-08
0.0,0.0,9.253813e-27,6.564673e-36,0.0,0.00013412228,0.0,6.37177e-10,0.0,0.00972464,0.0,9.765085e-07,0.0,0.05050382,0.0,0.018538697,0.0,0.5147388,0.0,0.013539305,0.0,0.0122665465,0.0,0.008523183,0.0,6.7885115e-09
0.0,0.0,5.8116303000000005e-27,1.5216889e-36,0.0,3.0302977e-05,0.0,1.2865791e-09,0.0,0.006240939,0.0,3.295692e-05,0.0,0.3212135,0.0,0.0047446047,0.0,0.37342033,0.0,0.19998637,0.0,0.0029344629,0.0,0.0024239714,0.0,3.2170526e-09
0.0,0.0,1.3769354e-27,3.6044306e-26,0.0,9.2095164e-05,0.0,3.4233523e-08,0.0,0.016522774,0.0,0.00020952227,0.0,0.25145617,0.0,0.03450666,0.0,0.31467035,0.0,0.17905192,0.0,0.014065138,0.0,0.009489413,0.0,1.4623417e-07
0.0,0.0,9.369945e-28,3.4098898000000004e-26,0.0,0.00014009273,0.0,1.9462108e-08,0.0,0.009105869,0.0,6.475058e-05,0.0,0.16692378,0.0,0.027748879,0.0,0.32986125,0.0,0.03876753,0.0,0.0209266,0.0,0.014516139,0.0,8.689778e-08
0.0,0.0,7.9936238e-28,1.1505297e-26,0.0,3.3345448e-05,0.0,5.0582493e-08,0.0,0.038147777,0.0,3.238845e-05,0.0,0.14487584,0.0,0.017860338,0.0,0.2916611,0.0,0.014843412,0.0,0.024001222,0.0,0.017046446,0.0,0.0008029021
0.0,0.0,4.2470675e-28,2.9887914e-27,0.0,0.0014210935,0.0,1.0623458e-07,0.0,0.0055721565,0.0,0.015188511,0.0,0.10022104,0.0,0.0052620876,0.0,0.26188385,0.0,0.23899755,0.0,0.0063371854,0.0,0.005221375,0.0,0.047428332
0.0,0.0,1.9152028e-28,1.6057494999999999e-25,0.0,0.00063357083,0.0,3.7669347e-06,0.0,0.03847246,0.0,0.022051973,0.0,0.19975024,0.0,0.08873916,0.0,0.2051993,0.0,0.2175529,0.0,0.03496962,0.0,0.024191668,0.0,0.012587442
0.0,0.0,1.033232e-28,6.611645400000001e-26,0.0,0.00014418307,0.0,4.256536e-06,0.0,0.057714533,0.0,0.0063621914,0.0,0.3235801,0.0,0.06824855,0.0,0.13450113,0.0,0.053868633,0.0,0.07430104,0.0,0.052860525,0.0,0.026010426
0.0,0.0,4.0776707e-29,2.3241082000000003e-22,0.0,3.1616917e-05,0.0,2.0045616e-06,0.0,0.008858034,0.0,0.025620328,0.0,0.40083838,0.0,0.052946717,0.0,0.05714184,0.0,0.039357297,0.0,0.079298005,0.0,0.061100557,0.0,0.054615032
0.0,0.0,3.0830046e-29,4.0309265e-22,0.0,0.021492,0.0,1.0885258e-05,0.0,0.008604068,0.0,0.054091863,0.0,0.4137308,0.0,0.06686575,0.0,0.01248698,0.0,0.08903832,0.0,0.08261392,0.0,0.06403571,0.0,0.057075966
0.0,0.0,1.4524294e-29,1.4661818000000002e-22,0.0,0.014604725,0.0,2.6562234e-06,0.0,0.06370978,0.0,0.15989944,0.0,0.37087175,0.0,0.03946452,0.0,0.6712153,0.0,0.03678884,0.0,0.042367604,0.0,0.035554606,0.0,0.15207848
0.0,0.0,1.0076972e-29,2.7888985e-12,0.0,0.0037783652,0.0,5.71989e-06,0.0,0.035953276,0.0,0.23651825,0.0,0.21984895,0.0,0.13127442,0.0,0.7084569,0.0,0.094064504,0.0,0.05034326,0.0,0.038432267,0.0,0.105953366
0.0,0.0,3.1596596e-30,1.611807e-12,0.0,0.0008275062,0.0,4.5730626e-06,0.0,0.040945,0.0,0.21138972,0.0,0.22521281,0.0,0.11362166,0.0,0.76189387,0.0,0.08952517,0.0,0.11021794,0.0,0.08233023,0.0,0.034770668
0.0,0.0,5.5918675e-31,1.6696331e-12,0.0,0.018087612,0.0,0.028256811,0.0,0.0067606606,0.0,0.20194036,0.0,0.23513618,0.0,0.095433846,0.0,0.78037477,0.0,0.07154889,0.0,0.09014492,0.0,0.07288686,0.0,0.12002981
0.0,0.0,5.656545e-30,5.6331727e-12,0.0,0.044102002,0.0,0.030702556,0.0,0.08362648,0.0,0.15293252,0.0,0.21889098,0.0,0.081966564,0.0,0.79419535,0.0,0.061474357,0.0,0.074042134,0.0,0.060244188,0.0,0.10380261
0.0,0.0,4.3472015e-29,2.2256069e-12,0.0,0.031020002,0.0,0.20519051,0.0,0.02571195,0.0,0.19229327,0.0,0.17291617,0.0,0.07166527,0.0,0.4829216,0.0,0.035299517,0.0,0.02939743,0.0,0.025820557,0.0,0.20573877
0.0,0.0,3.2866912e-29,7.480023e-13,0.0,0.009378645,0.0,0.28182134,0.0,0.09978591,0.0,0.19943203,0.0,0.11749662,0.0,0.16568778,0.0,0.2615404,0.0,0.17662589,0.0,0.08870546,0.0,0.06535123,0.0,0.15708768
0.0,0.0,1.2474990000000001e-29,2.450919e-13,0.0,0.0022353716,0.0,0.31625876,0.0,0.050841734,0.0,0.1353426,0.0,0.05763457,0.0,0.15313248,0.0,0.26782998,0.0,0.12755549,0.0,0.11782603,0.0,0.09272074,0.0,0.11805371
0.0,0.0,7.859618e-30,6.874506e-15,0.0,0.052192092,0.0,0.1992205,0.0,0.00617955,0.0,0.12107943,0.0,0.32750985,0.0,0.13983388,0.0,0.43292543,0.0,0.113078535,0.0,0.0963861,0.0,0.08194797,0.0,0.07483426
0.0,0.0,4.4157392e-26,2.6156255e-15,0.0,0.08837461,0.0,0.36386183,0.0,0.06759257,0.0,0.037117418,0.0,0.2190042,0.0,0.12589689,0.0,0.46877414,0.0,0.099283904,0.0,0.07911165,0.0,0.06625401,0.0,0.2631192
0.0,0.0,4.8225453e-25,9.368733e-16,0.0,0.06768309,0.0,0.31187594,0.0,0.020948334,0.0,0.071998306,0.0,0.26798263,0.0,0.11128958,0.0,0.37055653,0.0,0.08594566,0.0,0.07422533,0.0,0.059882555,0.0,0.30826038
0.0,0.0,4.6226366999999985e-25,4.3176556e-12,0.0,0.054045364,0.0,0.22281541,0.0,0.0452835,0.0,0.048177395,0.0,0.2337629,0.0,0.11560049,0.0,0.26654598,0.0,0.08816595,0.0,0.06535685,0.0,0.052544393,0.0,0.2881935
0.0,0.0,1.3276624e-25,2.820645e-12,0.0,0.044215403,0.0,0.14694215,0.0,0.12495591,0.0,0.061435327,0.0,0.1819564,0.0,0.104506634,0.0,0.25065157,0.0,0.059120484,0.0,0.061457843,0.0,0.04887834,0.0,0.23426104
0.0,0.0,1.4460626e-21,1.6576109e-12,0.0,0.015605608,0.0,0.29897708,0.0,0.1693047,0.0,0.026075201,0.0,0.7274357,0.0,0.17807902,0.0,0.2109087,0.0,0.1467224,0.0,0.0814627,0.0,0.06392603,0.0,0.19498147
0.0,0.0,8.391608999999999e-20,7.7621614e-08,0.0,0.0039084502,0.0,0.43531814,0.0,0.15201673,0.0,0.5471394,0.0,0.4143057,0.0,0.16567042,0.0,0.16372448,0.0,0.14439797,0.0,0.13164261,0.0,0.10261424,0.0,0.1420403
0.0,0.0,6.965822700000002e-16,8.3716394e-08,0.0,0.08959665,0.0,0.29772976,0.0,0.13125584,0.0,0.6671766,0.0,0.2595764,0.0,0.15258126,0.0,0.07324652,0.0,0.12706935,0.0,0.10896416,0.0,0.09285645,0.0,0.09887314
0.0,0.0,6.3155126e-16,3.8309928e-08,0.0,0.10350117,0.0,0.20902522,0.0,0.092372395,0.0,0.5080772,0.0,0.50826204,0.0,0.13841374,0.0,0.021216476,0.0,0.1109876,0.0,0.09655818,0.0,0.081255816,0.0,0.27988687
0.0,0.0,3.9097013000000005e-16,0.006702761,0.0,0.07980694,0.0,0.14338286,0.0,0.04196976,0.0,0.2949677,0.0,0.29478154,0.0,0.12310051,0.0,0.35660517,0.0,0.09659507,0.0,0.081924304,0.0,0.06737249,0.0,0.231498
0.0,0.0,1.539113e-13,0.005949095,0.0,0.057058632,0.0,0.1328634,0.0,0.0078115384,0.0,0.20470278,0.0,0.3162492,0.0,0.107670985,0.0,0.12308162,0.0,0.08434305,0.0,0.068425275,0.0,0.05568742,0.0,0.17297852
0.0,0.0,1.3388712e-13,0.009863584,0.0,0.047981277,0.0,0.07391108,0.0,0.029910628,0.0,0.35240567,0.0,0.29399812,0.0,0.11866692,0.0,0.17069876,0.0,0.08854578,0.0,0.069927506,0.0,0.055183254,0.0,0.14127032
0.0,0.0,1.261966e-13,0.04301141,0.0,0.03771263,0.0,0.024000235,0.0,0.009987261,0.0,0.32049388,0.0,0.16560397,0.0,0.09687668,0.0,0.1380399,0.0,0.0546371,0.0,0.042918142,0.0,0.035225596,0.0,0.10393339
0.0,0.0,1.2591299e-13,0.0071668746,0.0,0.012463958,0.0,0.14687903,0.0,0.034215707,0.0,0.26917368,0.0,0.143047,0.0,0.17125261,0.0,0.09675517,0.0,0.15907559,0.0,0.08411961,0.0,0.06226766,0.0,0.11919087
0.0,0.0,4.5475576e-14,0.0077715092,0.0,0.003072098,0.0,0.14938377,0.0,0.023219055,0.0,0.21000193,0.0,0.13785745,0.0,0.1580182,0.0,0.24930526,0.0,0.13562201,0.0,0.09903443,0.0,0.07710748,0.0,0.043599196
0.0,0.0,4.5373376e-14,0.013867706,0.0,0.041038312,0.0,0.1930027,0.0,0.09950963,0.0,0.14929906,0.0,0.10183418,0.0,0.14360502,0.0,0.18177281,0.0,0.116889864,0.0,0.11249434,0.0,0.089015864,0.0,0.09175923
0.0,0.0,4.5271404e-14,0.038100794,0.0,0.091454595,0.0,0.22765172,0.0,0.031286433,0.0,0.07729865,0.0,0.049456667,0.0,0.12870665,0.0,0.07698499,0.0,0.10180365,0.0,0.0859353,0.0,0.07165546,0.0,0.13920608
0.0,0.0,2.57149e-14,0.005073725,0.0,0.06922512,0.0,0.18624824,0.0,0.009568339,0.0,0.04498653,0.0,0.3215502,0.0,0.11327842,0.0,0.22776793,0.0,0.08771541,0.0,0.07027712,0.0,0.05722418,0.0,0.090640016
0.0,0.0,1.1073836e-11,0.01999841,0.0,0.04739876,0.0,0.1208568,0.0,0.02904277,0.0,0.047719955,0.0,0.31294078,0.0,0.09157124,0.0,0.33845893,0.0,0.09284992,0.0,0.080712736,0.0,0.063187495,0.0,0.20882857
0.0,0.0,8.4901884e-11,0.0055554113,0.0,0.017185519,0.0,0.14679761,0.0,0.04646912,0.0,0.115242966,0.0,0.16979145,0.0,0.16913173,0.0,0.29164186,0.0,0.066834964,0.0,0.055816818,0.0,0.046271726,0.0,0.12413154
0.0,0.0,8.470986e-11,0.025855502,0.0,0.004372007,0.0,0.23563969,0.0,0.0075636753,0.0,0.18392085,0.0,0.11644526,0.0,0.16583529,0.0,0.22345527,0.0,0.14083461,0.0,0.100317165,0.0,0.07757623,0.0,0.068510935
0.0,0.0,7.225653e-11,0.008855131,0.0,0.07783929,0.0,0.21870847,0.0,0.08902104,0.0,0.1463811,0.0,0.054196797,0.0,0.15867886,0.0,0.08336426,0.0,0.14662024,0.0,0.12614943,0.0,0.1013323,0.0,0.14904112
0.0,0.0,3.0889125e-11,0.034850363,0.0,0.10447547,0.0,0.26688588,0.0,0.036542736,0.0,0.14161414,0.0,0.18592781,0.0,0.14822029,0.0,0.021557314,0.0,0.12868717,0.0,0.109394394,0.0,0.0939419,0.0,0.12639333
0.0,0.0,1.32048695e-11,0.0063860873,0.0,0.08507891,0.0,0.24134552,0.0,0.05807602,0.0,0.08369812,0.0,0.105783336,0.0,0.13568148,0.0,0.65329194,0.0,0.112061836,0.0,0.09827339,0.0,0.083302625,0.0,0.28599834
0.0,0.0,1.3175003e-11,0.009318822,0.0,0.06229669,0.0,0.16471311,0.0,0.028674161,0.0,0.02541319,0.0,0.09017772,0.0,0.12054871,0.0,0.3115112,0.0,0.0956897,0.0,0.086349204,0.0,0.07066569,0.0,0.15670285
0.0,0.0,1.1238125e-11,0.025477275,0.0,0.046940062,0.0,0.12379537,0.0,0.025209052,0.0,0.19956565,0.0,0.17800246,0.0,0.105966166,0.0,0.074899964,0.0,0.08224723,0.0,0.067518964,0.0,0.055198874,0.0,0.08864527
0.0,0.0,8.495567e-12,0.021885103,0.0,0.032624323,0.0,0.08969047,0.0,0.054280713,0.0,0.16881348,0.0,0.1411347,0.0,0.07986765,0.0,0.18462534,0.0,0.04540991,0.0,0.055710923,0.0,0.043860395,0.0,0.04333235
0.0,0.0,7.2466204e-12,0.037429713,0.0,0.0101385685,0.0,0.056876022,0.0,0.016352627,0.0,0.12426927,0.0,0.097134,0.0,0.16649894,0.0,0.49912795,0.0,0.28759906,0.0,0.06756022,0.0,0.05149013,0.0,0.19548649
0.0,0.0,4.486002e-12,0.006561906,0.0,0.0024631664,0.0,0.09076532,0.0,0.07250485,0.0,0.0646835,0.0,0.051710837,0.0,0.15845212,0.0,0.55133945,0.0,0.1291817,0.0,0.099597804,0.0,0.07413002,0.0,0.14781652
0.0,0.0,4.4758555e-12,0.0101377,0.0,0.005857014,0.0,0.17368168,0.0,0.022268374,0.0,0.04491779,0.0,0.52568054,0.0,0.14858757,0.0,0.52285594,0.0,0.11662742,0.0,0.09445714,0.0,0.07383903,0.0,0.10289992
0.0,0.0,4.465732e-12,0.028764429,0.0,0.090260856,0.0,0.15941507,0.0,0.034578543,0.0,0.57239276,0.0,0.37768674,0.0,0.13694058,0.0,0.48540366,0.0,0.1061492,0.0,0.08631036,0.0,0.06856027,0.0,0.1337576
0.0,0.0,2.178112e-12,0.021368122,0.0,0.07082779,0.0,0.1289368,0.0,0.029174345,0.0,0.58260906,0.0,0.19471052,0.0,0.1234696,0.0,0.47048393,0.0,0.09287077,0.0,0.07239315,0.0,0.05669094,0.0,0.052765567
0.0,0.0,1.0240494e-12,0.026991747,0.0,0.05066231,0.0,0.10616201,0.0,0.065780394,0.0,0.2883544,0.0,0.16203168,0.0,0.10911477,0.0,0.31978324,0.0,0.08039189,0.0,0.06514324,0.0,0.050095163,0.0,0.013369597
0.0,0.0,4.7986197e-13,0.017693533,0.0,0.038085025,0.0,0.1060112,0.0,0.012701523,0.0,0.14952053,0.0,0.06903413,0.0,0.100895695,0.0,0.1766547,0.0,0.07347492,0.0,0.053349216,0.0,0.04073357,0.0,0.053675365
0.0,0.0,2.0513741e-13,0.043588955,0.0,0.02269979,0.0,0.07752086,0.0,0.06889031,0.0,0.051745616,0.0,0.04746112,0.0,0.05905911,0.0,0.09040329,0.0,0.034558024,0.0,0.03869702,0.0,0.029462999,0.0,0.050851356
0.0,0.0,9.772495e-14,0.009419403,0.0,0.006381237,0.0,0.058296066,0.0,0.03819965,0.0,0.03252486,0.0,0.104776554,0.0,0.17108378,0.0,0.0994355,0.0,0.15971303,0.0,0.061487906,0.0,0.04348695,0.0,0.08498569
0.0,0.0,1.7818402e-14,0.019906651,0.0,0.001485799,0.0,0.08184994,0.0,0.010466532,0.0,0.06237316,0.0,0.17475063,0.0,0.15936467,0.0,0.19681188,0.0,0.13061726,0.0,0.10726613,0.0,0.07844928,0.0,0.18521175
0.0,0.0,4.5241423e-15,0.026210383,0.0,0.00031938907,0.0,0.06483097,0.0,0.032760307,0.0,0.04459271,0.0,0.22687975,0.0,0.14626478,0.0,0.37436032,0.0,0.1140997,0.0,0.09632646,0.0,0.07589646,0.0,0.1108489
0.0,0.0,1.0031269e-11,0.009841479,0.0,0.08901137,0.0,0.17284125,0.0,0.07414655,0.0,0.021016994,0.0,0.2041011,0.0,0.13142693,0.0,0.49679017,0.0,0.09910244,0.0,0.0764801,0.0,0.06055195,0.0,0.08334448
0.0,0.0,2.011105e-11,0.013629268,0.0,0.068870775,0.0,0.19905148,0.0,0.029611561,0.0,0.070395716,0.0,0.27245283,0.0,0.11607807,0.0,0.52677697,0.0,0.085709155,0.0,0.081095934,0.0,0.061075382,0.0,0.07445145
0.0,0.0,1.7154288e-11,0.020965302,0.0,0.047298893,0.0,0.17941724,0.0,0.010094692,0.0,0.026096461,0.0,0.12206709,0.0,0.100591965,0.0,0.41831404,0.0,0.073721975,0.0,0.057056174,0.0,0.044867333,0.0,0.032881822
0.0,0.0,1.4632235e-11,0.013538288,0.0,0.033417955,0.0,0.19142671,0.0,0.05370831,0.0,0.037599236,0.0,0.6386589,0.0,0.08506717,0.0,0.20439348,0.0,0.06252457,0.0,0.049819484,0.0,0.03822068,0.0,0.11056206
0.0,0.0,2.5369954e-12,0.029828558,0.0,0.017571451,0.0,0.20088588,0.0,0.017645972,0.0,0.04230043,0.0,0.3540184,0.0,0.043642983,0.0,0.106580876,0.0,0.02694143,0.0,0.023273436,0.0,0.018498052,0.0,0.12981908
0.0,0.0,4.734932e-13,0.0074395156,0.0,0.0046908744,0.0,0.1425571,0.0,0.059670065,0.0,0.114327826,0.0,0.26256683,0.0,0.16119075,0.0,0.036823515,0.0,0.21726736,0.0,0.08130414,0.0,0.056987844,0.0,0.030866882
0.0,0.0,8.8387434e-14,0.013384382,0.0,0.0010586518,0.0,0.09479104,0.0,0.013180292,0.0,0.12070214,0.0,0.22585759,0.0,0.15428618,0.0,0.03183116,0.0,0.12167237,0.0,0.09151106,0.0,0.068867095,0.0,0.09554574
0.0,0.0,6.557353e-11,0.01665283,0.0,0.0002299926,0.0,0.08567544,0.0,0.039429605,0.0,0.22713266,0.0,0.18441209,0.0,0.14200856,0.0,0.06637296,0.0,0.10790905,0.0,0.07824772,0.0,0.060465794,0.0,0.08777845
0.0,0.0,4.6374935e-11,0.024983145,0.0,0.06600759,0.0,0.034397695,0.0,0.022901325,0.0,0.25776535,0.0,0.14763434,0.0,0.12741128,0.0,0.030299788,0.0,0.09418812,0.0,0.08699822,0.0,0.06429155,0.0,0.018895067
0.0,0.0,1.5933817e-11,0.013336134,0.0,0.060401563,0.0,0.027427979,0.0,0.011424004,0.0,0.24484286,0.0,0.0888529,0.0,0.113768466,0.0,0.124017246,0.0,0.083588384,0.0,0.065612115,0.0,0.051032748,0.0,0.121221155
0.0,0.0,1.589736e-11,0.018150559,0.0,0.042548466,0.0,0.09083521,0.0,0.024750726,0.0,0.1839913,0.0,0.017420137,0.0,0.09916645,0.0,0.23171654,0.0,0.07214109,0.0,0.052044563,0.0,0.039671984,0.0,0.045180548
0.0,0.0,1.5860986e-11,0.019620918,0.0,0.027892735,0.0,0.15550697,0.0,0.021127768,0.0,0.10727494,0.0,0.42485276,0.0,0.0814098,0.0,0.1841667,0.0,0.059933987,0.0,0.057128407,0.0,0.04176924,0.0,0.04554047
0.0,0.0,3.049633e-12,0.0190129,0.0,0.014804384,0.0,0.24114484,0.0,0.02122318,0.0,0.046702046,0.0,0.28379512,0.0,0.04045594,0.0,0.2558804,0.0,0.06680452,0.0,0.04498158,0.0,0.033298768,0.0,0.057226665
0.0,0.0,8.5197355e-13,0.011489428,0.0,0.0038953526,0.0,0.27172253,0.0,0.010888921,0.0,0.013921631,0.0,0.1880697,0.0,0.13050203,0.0,0.25914487,0.0,0.027366795,0.0,0.022418987,0.0,0.017008705,0.0,0.10413921
0.0,0.0,8.500153e-13,0.0073768473,0.0,0.00087310583,0.0,0.16673784,0.0,0.016733006,0.0,0.13295469,0.0,0.14842235,0.0,0.14143805,0.0,0.2243306,0.0,0.12506846,0.0,0.063802324,0.0,0.04375255,0.0,0.04045791
0.0,0.0,6.425535e-13,0.0083891805,0.0,0.00019197617,0.0,0.34634966,0.0,0.019725172,0.0,0.13527884,0.0,0.08406117,0.0,0.13226178,0.0,0.18924634,0.0,0.12196743,0.0,0.0693459,0.0,0.04880003,0.0,0.039148368
0.0,0.0,3.9775648e-13,0.010589396,0.0,0.025965454,0.0,0.31950733,0.0,0.033012334,0.0,0.11477638,0.0,0.089845434,0.0,0.120730765,0.0,0.18504567,0.0,0.09834681,0.0,0.067512386,0.0,0.047962196,0.0,0.07308303
0.0,0.0,1.955981e-11,0.023416623,0.0,0.044885904,0.0,0.22903527,0.0,0.017792802,0.0,0.1420762,0.0,0.07169813,0.0,0.10848717,0.0,0.14813885,0.0,0.08195093,0.0,0.058926724,0.0,0.04323361,0.0,0.07115876
0.0,0.0,3.0300165e-11,0.016570391,0.0,0.031695027,0.0,0.10053502,0.0,0.009906108,0.0,0.11014805,0.0,0.015169489,0.0,0.0935368,0.0,0.081649624,0.0,0.06883249,0.0,0.059246663,0.0,0.04223382,0.0,0.024493271
0.0,0.0,2.2904581e-11,0.027505815,0.0,0.02408297,0.0,0.033321273,0.0,0.041411895,0.0,0.32953689,0.0,0.025890548,0.0,0.07907481,0.0,0.022232294,0.0,0.059617966,0.0,0.038874656,0.0,0.0290243,0.0,0.04604138
0.0,0.0,1.0086794e-11,0.008221172,0.0,0.020468527,0.0,0.023340147,0.0,0.018702105,0.0,0.29054865,0.0,0.38811648,0.0,0.07349174,0.0,0.5116207,0.0,0.051595945,0.0,0.05091389,0.0,0.03536415,0.0,0.10832638
0.0,0.0,5.513225e-12,0.0197569,0.0,0.010897287,0.0,0.021645213,0.0,0.021256853,0.0,0.27376404,0.0,0.30575657,0.0,0.03395015,0.0,0.38024357,0.0,0.023080574,0.0,0.020547505,0.0,0.015600862,0.0,0.10661896
0.0,0.0,1.6570574e-12,0.015980827,0.0,0.0027917991,0.0,0.07528717,0.0,0.016972048,0.0,0.24250941,0.0,0.25077635,0.0,0.12680177,0.0,0.33010864,0.0,0.22993828,0.0,0.036700036,0.0,0.025522608,0.0,0.028465746
0.0,0.0,1.1273955e-12,0.03275242,0.0,0.0006114325,0.0,0.022762854,0.0,0.036922097,0.0,0.22973076,0.0,0.20369439,0.0,0.14465995,0.0,0.2818458,0.0,0.10702221,0.0,0.06505025,0.0,0.0455309,0.0,0.06426135
0.0,0.0,4.540245e-13,0.0058368705,0.0,0.00013429012,0.0,0.00856542,0.0,0.027559161,0.0,0.18459235,0.0,0.20058623,0.0,0.13012488,0.0,0.22095384,0.0,0.094669424,0.0,0.076106705,0.0,0.055415258,0.0,0.054741796
0.0,0.0,3.8725875e-13,0.0041926373,0.0,0.03297113,0.0,0.027227793,0.0,0.009666735,0.0,0.12336791,0.0,0.16906801,0.0,0.11347589,0.0,0.1590185,0.0,0.079700746,0.0,0.05598005,0.0,0.041504066,0.0,0.009891511
0.0,0.0,1.6554215e-13,0.0035608655,0.0,0.041277666,0.0,0.034417424,0.0,0.045194753,0.0,0.3855826,0.0,0.14563626,0.0,0.09724098,0.0,0.13634646,0.0,0.06945346,0.0,0.062003084,0.0,0.044693913,0.0,0.13059378
0.0,0.0,1.6515967e-13,0.002929679,0.0,0.027473234,0.0,0.024313368,0.0,0.005821068,0.0,0.43867618,0.0,0.084565744,0.0,0.08038307,0.0,0.10379431,0.0,0.058533166,0.0,0.040092763,0.0,0.030163165,0.0,0.05129283
0.0,0.0,3.0155227e-14,0.0011695211,0.0,0.020586018,0.0,0.020711191,0.0,0.01735194,0.0,0.48422718,0.0,0.03235118,0.0,0.06874262,0.0,0.026793664,0.0,0.051462144,0.0,0.045651194,0.0,0.032633133,0.0,0.012471532
0.0,0.0,4.7837142e-12,0.00037082582,0.0,0.010558737,0.0,0.029441332,0.0,0.014554808,0.0,0.3829736,0.0,0.35035583,0.0,0.030246256,0.0,0.36210963,0.0,0.017658537,0.0,0.01753541,0.0,0.013809348,0.0,0.10810585
0.0,0.0,6.2107875e-12,0.00014735723,0.0,0.0026706723,0.0,0.020579118,0.0,0.026545353,0.0,0.25278753,0.0,0.35603753,0.0,0.13986018,0.0,0.19493006,0.0,0.109830596,0.0,0.04898836,0.0,0.03402143,0.0,0.038503412
0.0,0.0,3.2592486e-12,4.216183e-05,0.0,0.00058563513,0.0,0.044566397,0.0,0.021352395,0.0,0.18453617,0.0,0.30503356,0.0,0.14411335,0.0,0.14204532,0.0,0.10553134,0.0,0.065545656,0.0,0.04551709,0.0,0.049456734
0.0,0.0,9.349892e-13,0.008156128,0.0,0.00012971477,0.0,0.01988182,0.0,0.025277516,0.0,0.17315733,0.0,0.24999596,0.0,0.12833342,0.0,0.12945949,0.0,0.09222427,0.0,0.063500464,0.0,0.045845065,0.0,0.08411727
0.0,0.0,1.646073e-13,0.008665993,0.0,0.020245096,0.0,0.02594217,0.0,0.018905615,0.0,0.11896567,0.0,0.22121574,0.0,0.11197568,0.0,0.11934896,0.0,0.079897694,0.0,0.063609764,0.0,0.04588472,0.0,0.027932461
0.0,0.0,3.07943e-14,0.017241143,0.0,0.04190543,0.0,0.035870984,0.0,0.024562044,0.0,0.07276387,0.0,0.22842777,0.0,0.09681356,0.0,0.089632854,0.0,0.0685849,0.0,0.045741353,0.0,0.034067273,0.0,0.06795108
0.0,0.0,1.4964975e-14,0.025437362,0.0,0.02743548,0.0,0.031498782,0.0,0.02943664,0.0,0.2925841,0.0,0.1854908,0.0,0.07978179,0.0,0.034900725,0.0,0.05656108,0.0,0.043182686,0.0,0.030912625,0.0,0.1058912
0.0,0.0,2.7263325e-15,0.011458993,0.0,0.018660631,0.0,0.028324123,0.0,0.03170165,0.0,0.305364,0.0,0.01924074,0.0,0.06354763,0.0,0.13997625,0.0,0.049413938,0.0,0.038591884,0.0,0.02734061,0.0,0.04246403
0.0,0.0,8.366074e-13,0.021883093,0.0,0.009257769,0.0,0.02699266,0.0,0.008215706,0.0,0.25673187,0.0,0.4307409,0.0,0.026537066,0.0,0.19604056,0.0,0.01597962,0.0,0.014128268,0.0,0.010983928,0.0,0.023070673
0.0,0.0,3.350787e-13,0.006527609,0.0,0.0023249572,0.0,0.009516749,0.0,0.0039907987,0.0,0.1705381,0.0,0.32195842,0.0,0.12710938,0.0,0.17712367,0.0,0.0825842,0.0,0.04477436,0.0,0.029364925,0.0,0.051447142
0.0,0.0,1.4323394e-13,0.0077307,0.0,0.00051450677,0.0,0.03793122,0.0,0.0038074,0.0,0.1251002,0.0,0.1744757,0.0,0.13926324,0.0,0.12366749,0.0,0.09871502,0.0,0.053939793,0.0,0.03664728,0.0,0.02649337
0.0,0.0,1.2216859e-13,0.00838959,0.0,0.000114483395,0.0,0.022603603,0.0,0.013182039,0.0,0.15356085,0.0,0.18765685,0.0,0.12501675,0.0,0.059685238,0.0,0.08845601,0.0,0.070085615,0.0,0.04895786,0.0,0.060003094
0.0,0.0,2.1821583e-11,0.020895377,0.0,0.006036694,0.0,0.044757675,0.0,0.015004918,0.0,0.15968192,0.0,0.17025508,0.0,0.110535055,0.0,0.07551821,0.0,0.079261996,0.0,0.054707225,0.0,0.040619805,0.0,0.027514152
0.0,0.0,9.708028e-12,0.017378658,0.0,0.037337262,0.0,0.008003696,0.0,0.019800738,0.0,0.11399362,0.0,0.118673965,0.0,0.09310362,0.0,0.045913015,0.0,0.06561628,0.0,0.05970191,0.0,0.041833807,0.0,0.027356785
0.0,0.0,1.6810022e-12,0.016349005,0.0,0.023974577,0.0,0.026527211,0.0,0.016414395,0.0,0.28051457,0.0,0.03970621,0.0,0.07594764,0.0,0.10476427,0.0,0.05475603,0.0,0.036428872,0.0,0.026246676,0.0,0.03437304
0.0,0.0,4.6644555e-10,0.025052901,0.0,0.017599417,0.0,0.06153485,0.0,0.053075403,0.0,0.22237656,0.0,0.48999634,0.0,0.06196261,0.0,0.088771574,0.0,0.044297688,0.0,0.038113132,0.0,0.02649111,0.0,0.026329534
0.0,0.0,4.1828374e-10,0.014255582,0.0,0.008509559,0.0,0.07198964,0.0,0.008962239,0.0,0.10596544,0.0,0.402978,0.0,0.025510835,0.0,0.053195104,0.0,0.062218197,0.0,0.031736948,0.0,0.022677418,0.0,0.02868266
0.0,0.0,2.2900237e-10,0.031083655,0.0,0.0021244532,0.0,0.12408844,0.0,0.029777743,0.0,0.031939156,0.0,0.29779643,0.0,0.104766116,0.0,0.32070962,0.0,0.01951452,0.0,0.020507151,0.0,0.014645634,0.0,0.047028992
0.0,0.0,5.581842e-11,0.0053252014,0.0,0.00046747428,0.0,0.14550145,0.0,0.0040777875,0.0,0.058901183,0.0,0.31844306,0.0,0.12778074,0.0,0.35156137,0.0,0.11301283,0.0,0.03641043,0.0,0.024998011,0.0,0.019462671
0.0,0.0,5.568736e-11,0.0038007812,0.0,0.000104242965,0.0,0.15636665,0.0,0.00511263,0.0,0.12094926,0.0,0.28925478,0.0,0.11659298,0.0,0.31121793,0.0,0.1158021,0.0,0.05488297,0.0,0.037049986,0.0,0.08446317
0.0,0.0,4.2093756e-11,0.004174696,0.0,0.002865252,0.0,0.14453648,0.0,0.014972382,0.0,0.11711907,0.0,0.25706866,0.0,0.104519784,0.0,0.28081784,0.0,0.08731109,0.0,0.0751008,0.0,0.052069295,0.0,0.022809956
0.0,0.0,7.4398526e-12,0.0030291672,0.0,0.03078897,0.0,0.12310353,0.0,0.042448588,0.0,0.4224804,0.0,0.23746586,0.0,0.09043582,0.0,0.24960145,0.0,0.06863074,0.0,0.0533636,0.0,0.03879776,0.0,0.02003411
0.0,0.0,4.2255327e-12,0.0020312124,0.0,0.02258079,0.0,0.05082744,0.0,0.007463423,0.0,0.54225487,0.0,0.2740447,0.0,0.07622626,0.0,0.21560535,0.0,0.060275298,0.0,0.03770416,0.0,0.027476609,0.0,0.074731104
0.0,0.0,2.7040772e-12,0.0008152239,0.0,0.017137693,0.0,0.025041103,0.0,0.018159209,0.0,0.36745405,0.0,0.24884556,0.0,0.062403463,0.0,0.17858362,0.0,0.045026347,0.0,0.03323611,0.0,0.023634125,0.0,0.025757454
0.0,0.0,1.2031687e-12,0.0002749039,0.0,0.018259695,0.0,0.04237052,0.0,0.017302532,0.0,0.13285823,0.0,0.092524976,0.0,0.076909296,0.0,0.1627553,0.0,0.083005376,0.0,0.044150405,0.0,0.0307031,0.0,0.0503075
0.0,0.0,1.2003439e-12,7.304002e-05,0.0,0.010895,0.0,0.06586343,0.0,0.016598754,0.0,0.106602445,0.0,0.018085016,0.0,0.036712825,0.0,0.13625474,0.0,0.027170734,0.0,0.019194774,0.0,0.014611532,0.0,0.060402766
0.0,0.0,4.570067e-13,2.4114815e-05,0.0,0.0027975268,0.0,0.072960496,0.0,0.01698722,0.0,0.06818716,0.0,0.27934995,0.0,0.11955243,0.0,0.17797318,0.0,0.08823032,0.0,0.041708916,0.0,0.028254563,0.0,0.0101982895
0.0,0.0,1.4978864e-13,6.2094873e-06,0.0,0.0006166492,0.0,0.07749712,0.0,0.015818875,0.0,0.083325684,0.0,0.26139098,0.0,0.13339111,0.0,0.26574695,0.0,0.09904699,0.0,0.06245696,0.0,0.041497994,0.0,0.1047044
0.0,0.0,5.7029e-14,1.8726266e-06,0.0,0.00013690112,0.0,0.043326356,0.0,0.026724286,0.0,0.062334295,0.0,0.26007164,0.0,0.11515686,0.0,0.24861154,0.0,0.08276491,0.0,0.052892223,0.0,0.037589684,0.0,0.04647095
0.0,0.0,3.2345783e-14,0.018797144,0.0,0.013303179,0.0,0.050615337,0.0,0.03365537,0.0,0.046285376,0.0,0.19334432,0.0,0.09868721,0.0,0.22150314,0.0,0.07264813,0.0,0.062676914,0.0,0.0457728,0.0,0.018193195
0.0,0.0,1.4752647e-14,0.00558941,0.0,0.031712275,0.0,0.019100936,0.0,0.016322453,0.0,0.2871573,0.0,0.1771621,0.0,0.08145883,0.0,0.20841078,0.0,0.057697155,0.0,0.040351477,0.0,0.0302595,0.0,0.15404332
0.0,0.0,1.1151442e-14,0.008872734,0.0,0.022592355,0.0,0.08366828,0.0,0.017333623,0.0,0.34411618,0.0,0.11361607,0.0,0.066918604,0.0,0.19300564,0.0,0.05455598,0.0,0.046894483,0.0,0.034108117,0.0,0.087731056
0.0,0.0,7.58671e-15,0.0091369385,0.0,0.02048144,0.0,0.04737046,0.0,0.037703212,0.0,0.20303656,0.0,0.039400574,0.0,0.07968545,0.0,0.14469422,0.0,0.050084453,0.0,0.034022767,0.0,0.024500104,0.0,0.05903088
0.0,0.0,6.4708176e-15,0.017766815,0.0,0.012440338,0.0,0.093431026,0.0,0.00916391,0.0,0.108994365,0.0,0.19501635,0.0,0.038970254,0.0,0.08375867,0.0,0.02664968,0.0,0.015734253,0.0,0.012015316,0.0,0.08905397
0.0,0.0,3.3956083e-15,0.05433194,0.0,0.0032163134,0.0,0.1494956,0.0,0.027588017,0.0,0.038886063,0.0,0.20139451,0.0,0.1355939,0.0,0.057173915,0.0,0.08168643,0.0,0.06157466,0.0,0.04137775,0.0,0.02807109
0.0,0.0,3.3876356e-15,0.007183259,0.0,0.00070746185,0.0,0.16979152,0.0,0.03617447,0.0,0.30739927,0.0,0.18383095,0.0,0.13604535,0.0,0.08347309,0.0,0.1056685,0.0,0.06661727,0.0,0.048317008,0.0,0.072719045
0.0,0.0,4.4311852e-13,0.0086787315,0.0,0.00015517804,0.0,0.16467014,0.0,0.015306034,0.0,0.38517252,0.0,0.2225791,0.0,0.118366964,0.0,0.080234796,0.0,0.086502105,0.0,0.058130674,0.0,0.042879373,0.0,0.12992932
0.0,0.0,4.1544069e-13,0.01258029,0.0,0.02772401,0.0,0.18449175,0.0,0.027401526,0.0,0.3245252,0.0,0.20681715,0.0,0.09924785,0.0,0.080354825,0.0,0.07112909,0.0,0.050053425,0.0,0.036338195,0.0,0.06357437
0.0,0.0,4.1446179e-13,0.019226264,0.0,0.035660077,0.0,0.098026,0.0,0.0149485795,0.0,0.28372988,0.0,0.18389045,0.0,0.08367619,0.0,0.1465856,0.0,0.06281468,0.0,0.06664082,0.0,0.047420558,0.0,0.05127919
0.0,0.0,2.1749001e-13,0.017103355,0.0,0.023486387,0.0,0.07657581,0.0,0.02943474,0.0,0.23673956,0.0,0.16286086,0.0,0.06756376,0.0,0.13255864,0.0,0.04770181,0.0,0.037443534,0.0,0.028761318,0.0,0.010373555
0.0,0.0,1.8549889e-13,0.029663071,0.0,0.011326937,0.0,0.059551347,0.0,0.021291438,0.0,0.2597429,0.0,0.25749528,0.0,0.02934104,0.0,0.10132483,0.0,0.040032536,0.0,0.026701272,0.0,0.019622918,0.0,0.081737004
0.0,0.0,8.4505936e-14,0.011218426,0.0,0.0028821488,0.0,0.06557517,0.0,0.04167889,0.0,0.19819994,0.0,0.24391408,0.0,0.13974835,0.0,0.0647643,0.0,0.06954478,0.0,0.04308487,0.0,0.029861879,0.0,0.01884139
0.0,0.0,4.121295e-14,0.032664653,0.0,0.00063069613,0.0,0.062833056,0.0,0.00896728,0.0,0.15177518,0.0,0.22074732,0.0,0.14058346,0.0,0.028002523,0.0,0.1053293,0.0,0.09591972,0.0,0.06881141,0.0,0.036545098
0.0,0.0,2.0099265e-14,0.0062958845,0.0,0.00013816264,0.0,0.038987648,0.0,0.013034453,0.0,0.12657021,0.0,0.19469224,0.0,0.12778297,0.0,0.31912,0.0,0.093716264,0.0,0.08625747,0.0,0.06545858,0.0,0.070997946
0.0,0.0,1.7142817e-14,0.0030518766,0.0,0.041266657,0.0,0.042940684,0.0,0.018716073,0.0,0.15344785,0.0,0.17914167,0.0,0.1136669,0.0,0.3394389,0.0,0.07936891,0.0,0.0642992,0.0,0.048628006,0.0,0.031388253
0.0,0.0,1.32354836e-14,0.0015988764,0.0,0.04416829,0.0,0.061197,0.0,0.02508074,0.0,0.14212075,0.0,0.1341369,0.0,0.098666556,0.0,0.41970593,0.0,0.07041961,0.0,0.049446486,0.0,0.037301168,0.0,0.11387706
0.0,0.0,4.7343335e-15,0.00050364115,0.0,0.030105004,0.0,0.07854577,0.0,0.015535021,0.0,0.102878086,0.0,0.06183807,0.0,0.082604885,0.0,0.37172282,0.0,0.058191407,0.0,0.04134156,0.0,0.030202152,0.0,0.086223885
0.0,0.0,2.484355e-15,0.00016045675,0.0,0.02132792,0.0,0.081652455,0.0,0.033538602,0.0,0.027439823,0.0,0.009855649,0.0,0.07057953,0.0,0.26237622,0.0,0.052523494,0.0,0.044659697,0.0,0.0315142,0.0,0.055379253
0.0,0.0,2.1189253e-15,4.2232423e-05,0.0,0.011066897,0.0,0.106414996,0.0,0.0069771134,0.0,0.2365594,0.0,0.44604287,0.0,0.031611476,0.0,0.21838261,0.0,0.017744323,0.0,0.017343085,0.0,0.013490549,0.0,0.009397139
0.0,0.0,4.66702e-16,0.004836505,0.0,0.0028178953,0.0,0.045792207,0.0,0.010968441,0.0,0.22913288,0.0,0.4016455,0.0,0.14744356,0.0,0.19650134,0.0,0.102348514,0.0,0.05514841,0.0,0.038708344,0.0,0.08442885
0.0,0.0,8.818931000000001e-17,0.018442074,0.0,0.0006138673,0.0,0.07215226,0.0,0.039480425,0.0,0.2508252,0.0,0.36992902,0.0,0.15204524,0.0,0.2346588,0.0,0.11468988,0.0,0.070276484,0.0,0.050858542,0.0,0.017897265
0.0,0.0,2.1100315e-17,0.022413893,0.0,0.00013398472,0.0,0.04245476,0.0,0.009098554,0.0,0.24606407,0.0,0.33253404,0.0,0.1386626,0.0,0.25102672,0.0,0.103117235,0.0,0.07351099,0.0,0.05421045,0.0,0.09367335
0.0,0.0,2.1050598e-17,0.016820611,0.0,0.061788697,0.0,0.016762365,0.0,0.019247862,0.0,0.21729894,0.0,0.2593962,0.0,0.1240654,0.0,0.26550108,0.0,0.09076683,0.0,0.079120785,0.0,0.05871765,0.0,0.032033782
0.0,0.0,3.6255716e-15,0.046169057,0.0,0.05445502,0.0,0.030566063,0.0,0.08226704,0.0,0.19671437,0.0,0.33016285,0.0,0.10824151,0.0,0.26691294,0.0,0.0782648,0.0,0.058562446,0.0,0.045134358,0.0,0.049799986
0.0,0.0,4.557049e-15,0.005786494,0.0,0.03679382,0.0,0.016851742,0.0,0.011223725,0.0,0.17914796,0.0,0.13183688,0.0,0.091946416,0.0,0.22707362,0.0,0.06700122,0.0,0.05151338,0.0,0.03856364,0.0,0.07601441
0.0,0.0,3.100265e-15,0.0062482376,0.0,0.025107795,0.0,0.07990344,0.0,0.049867526,0.0,0.16443399,0.0,0.6519385,0.0,0.07524742,0.0,0.10355249,0.0,0.055203155,0.0,0.051530562,0.0,0.03755119,0.0,0.08732318
0.0,0.0,3.0929338e-15,0.011494559,0.0,0.024263263,0.0,0.07845481,0.0,0.010172688,0.0,0.119087644,0.0,0.44741157,0.0,0.083794415,0.0,0.033149913,0.0,0.06387374,0.0,0.04195747,0.0,0.03157405,0.0,0.020456277
0.0,0.0,1.0626108e-15,0.036885418,0.0,0.014397781,0.0,0.09359238,0.0,0.06980688,0.0,0.3569987,0.0,0.29161704,0.0,0.04250636,0.0,0.04582375,0.0,0.02337023,0.0,0.020598242,0.0,0.01607571,0.0,0.05308767
0.0,0.0,4.2791125000000006e-16,0.006494308,0.0,0.0037745363,0.0,0.121078774,0.0,0.02413535,0.0,0.38655078,0.0,0.1951269,0.0,0.16101015,0.0,0.09963395,0.0,0.13740699,0.0,0.07730658,0.0,0.05443462,0.0,0.009723774
0.0,0.0,1.6291584e-16,0.008849933,0.0,0.0008365922,0.0,0.13770427,0.0,0.045954436,0.0,0.32888404,0.0,0.10243861,0.0,0.15366165,0.0,0.11374392,0.0,0.12134041,0.0,0.08315243,0.0,0.060389977,0.0,0.12475506
0.0,0.0,1.2932436e-16,0.011459546,0.0,0.00018233946,0.0,0.090071864,0.0,0.015041665,0.0,0.23213306,0.0,0.029767735,0.0,0.13935904,0.0,0.061923094,0.0,0.10436345,0.0,0.0749648,0.0,0.056250293,0.0,0.04489612
0.0,0.0,3.8204822e-17,0.03619147,0.0,0.06624076,0.0,0.05337294,0.0,0.0779045,0.0,0.18304126,0.0,0.3493049,0.0,0.12497975,0.0,0.013989174,0.0,0.09328657,0.0,0.07840672,0.0,0.05945068,0.0,0.097976044
0.0,0.0,1.1348976e-15,0.005900485,0.0,0.05795506,0.0,0.028467434,0.0,0.02084317,0.0,0.12659472,0.0,0.34246558,0.0,0.10833575,0.0,0.8264317,0.0,0.078876816,0.0,0.056723878,0.0,0.04354307,0.0,0.14524856
0.0,0.0,1.7949098e-15,0.0052593984,0.0,0.03764172,0.0,0.02074116,0.0,0.018889781,0.0,0.14862679,0.0,0.34098536,0.0,0.091092475,0.0,0.43644968,0.0,0.06519693,0.0,0.048639603,0.0,0.03573825,0.0,0.06557528
0.0,0.0,6.166549e-16,0.0040183375,0.0,0.024804112,0.0,0.063926764,0.0,0.028480275,0.0,0.12074299,0.0,0.048067126,0.0,0.074167125,0.0,0.1814982,0.0,0.05598023,0.0,0.04867355,0.0,0.035334963,0.0,0.010529844
0.0,0.0,4.6611365e-16,0.0020105971,0.0,0.021341056,0.0,0.07045937,0.0,0.012538008,0.0,0.069052055,0.0,0.05434229,0.0,0.07604587,0.0,0.15355855,0.0,0.05260096,0.0,0.035810042,0.0,0.026095012,0.0,0.12447145
0.0,0.0,1.6013687000000002e-16,0.0008053471,0.0,0.0122361,0.0,0.09930512,0.0,0.051943664,0.0,0.17925635,0.0,0.7219859,0.0,0.035899322,0.0,0.15888038,0.0,0.022937285,0.0,0.020059174,0.0,0.014808768,0.0,0.043754518
0.0,0.0,5.5016240000000004e-17,0.00018115401,0.0,0.0031502913,0.0,0.09357525,0.0,0.019731607,0.0,0.2033678,0.0,0.5282424,0.0,0.15323992,0.0,0.16259836,0.0,0.2390877,0.0,0.044317044,0.0,0.029719332,0.0,0.02006204
0.0,0.0,5.04136e-15,6.350437e-05,0.0,0.00069406,0.0,0.08792345,0.0,0.075336725,0.0,0.19336906,0.0,0.3856197,0.0,0.15166242,0.0,0.15455905,0.0,0.116538525,0.0,0.085130855,0.0,0.060505934,0.0,0.04397798
0.0,0.0,6.7774287e-15,2.1049133e-05,0.0,0.00015181367,0.0,0.028726827,0.0,0.027201038,0.0,0.14650075,0.0,0.32576108,0.0,0.13794495,0.0,0.14832847,0.0,0.10338452,0.0,0.07609417,0.0,0.05750796,0.0,0.010670399
0.0,0.0,5.1228337e-15,6.5612235e-06,0.0,0.047061227,0.0,0.07676778,0.0,0.015077071,0.0,0.12072217,0.0,0.33647543,0.0,0.12274834,0.0,0.10922501,0.0,0.09016245,0.0,0.066577084,0.0,0.050201412,0.0,0.14330855
0.0,0.0,3.1708882e-15,2.080614e-06,0.0,0.055075806,0.0,0.043760605,0.0,0.04895508,0.0,0.090954505,0.0,0.296501,0.0,0.107678756,0.0,0.14439413,0.0,0.07844867,0.0,0.07753494,0.0,0.05665391,0.0,0.09415001
0.0,0.0,1.1450639e-15,5.368666e-07,0.0,0.036418933,0.0,0.027318126,0.0,0.017537976,0.0,0.09451857,0.0,0.09444544,0.0,0.0905255,0.0,0.10386174,0.0,0.06539843,0.0,0.04816365,0.0,0.0369608,0.0,0.11644617
0.0,0.0,8.459432e-15,1.5597968e-07,0.0,0.024785826,0.0,0.07826569,0.0,0.037833214,0.0,0.30777073,0.0,0.2410134,0.0,0.07444454,0.0,0.060820054,0.0,0.05614963,0.0,0.053864148,0.0,0.03938884,0.0,0.039156377
0.0,0.0,5.1435796e-15,4.5511072e-08,0.0,0.02195263,0.0,0.028999284,0.0,0.015244284,0.0,0.31759068,0.0,0.21457668,0.0,0.07877284,0.0,0.044807646,0.0,0.05685794,0.0,0.041459594,0.0,0.030972816,0.0,0.08720548
0.0,0.0,2.7289428e-15,0.014695584,0.0,0.01255668,0.0,0.033982493,0.0,0.026868891,0.0,0.30110657,0.0,0.22436467,0.0,0.038195904,0.0,0.032005902,0.0,0.022280736,0.0,0.01851924,0.0,0.01440746,0.0,0.053955983
0.0,0.0,5.2146593e-16,0.017470209,0.0,0.003251301,0.0,0.035104834,0.0,0.018047081,0.0,0.2461405,0.0,0.19419749,0.0,0.14913933,0.0,0.05935566,0.0,0.15683421,0.0,0.07176296,0.0,0.04943027,0.0,0.012014047
0.0,0.0,2.481019e-16,0.043099824,0.0,0.00071511156,0.0,0.056338735,0.0,0.048264492,0.0,0.16256934,0.0,0.16223657,0.0,0.15363574,0.0,0.022327313,0.0,0.12055794,0.0,0.07775256,0.0,0.05664826,0.0,0.13222219
0.0,0.0,6.047122e-17,0.005456027,0.0,0.00015661359,0.0,0.024733115,0.0,0.017874734,0.0,0.098459296,0.0,0.1453238,0.0,0.1395293,0.0,0.42484453,0.0,0.10550322,0.0,0.07280443,0.0,0.055097166,0.0,0.064518295
0.0,0.0,4.113866e-17,0.008470031,0.0,0.050848253,0.0,0.02538034,0.0,0.03875894,0.0,0.041953936,0.0,0.110774815,0.0,0.12433651,0.0,0.322305,0.0,0.09152786,0.0,0.0688164,0.0,0.05126693,0.0,0.06338785
0.0,0.0,2.5463352e-17,0.020505521,0.0,0.053791597,0.0,0.03615763,0.0,0.015920669,0.0,0.011194237,0.0,0.12310471,0.0,0.108684085,0.0,0.25676388,0.0,0.07918951,0.0,0.058189593,0.0,0.043983813,0.0,0.022325391
0.0,0.0,7.712078e-18,0.019946253,0.0,0.03703964,0.0,0.0150622595,0.0,0.0063018454,0.0,0.029202761,0.0,0.049471274,0.0,0.092801675,0.0,0.21222822,0.0,0.06570261,0.0,0.049350135,0.0,0.036523543,0.0,0.11614692
0.0,0.0,6.7683417e-18,0.030671287,0.0,0.025447931,0.0,0.0844435,0.0,0.03797259,0.0,0.25963387,0.0,0.38355055,0.0,0.07625176,0.0,0.17009474,0.0,0.055255946,0.0,0.052289944,0.0,0.03723406,0.0,0.04004093
0.0,0.0,3.843956299999999e-18,0.008947312,0.0,0.018822048,0.0,0.06534807,0.0,0.014729649,0.0,0.2601355,0.0,0.28771278,0.0,0.069470614,0.0,0.15199697,0.0,0.048206836,0.0,0.03422691,0.0,0.025115207,0.0,0.06357253
0.0,0.0,3.8347456e-18,0.011195923,0.0,0.010203567,0.0,0.07403483,0.0,0.028917499,0.0,0.27053136,0.0,0.18340075,0.0,0.03079765,0.0,0.11930153,0.0,0.025128456,0.0,0.0142167425,0.0,0.010906602,0.0,0.14757709
0.0,0.0,4.133679e-14,0.0135601275,0.0,0.0025825463,0.0,0.044428054,0.0,0.0040361118,0.0,0.24049835,0.0,0.17422946,0.0,0.14019509,0.0,0.057778545,0.0,0.080457315,0.0,0.0494094,0.0,0.033332337,0.0,0.06861548
0.0,0.0,3.476432e-14,0.010481101,0.0,0.0005660016,0.0,0.02808947,0.0,0.004901745,0.0,0.22127156,0.0,0.20280598,0.0,0.15057828,0.0,0.03999246,0.0,0.10936766,0.0,0.062656544,0.0,0.04337011,0.0,0.0122901695
0.0,0.0,2.0188214e-14,0.006623296,0.0,0.00012474513,0.0,0.011593483,0.0,0.0114274975,0.0,0.16895716,0.0,0.23598011,0.0,0.13627492,0.0,0.06617205,0.0,0.09687104,0.0,0.06965809,0.0,0.04903454,0.0,0.11393748
0.0,0.0,7.091598e-15,0.014765427,0.0,0.025842203,0.0,0.032461382,0.0,0.029374337,0.0,0.102655604,0.0,0.22966237,0.0,0.12023754,0.0,0.041709434,0.0,0.0858123,0.0,0.060881667,0.0,0.044629183,0.0,0.036891676
0.0,0.0,6.048167e-15,0.01476532,0.0,0.04480632,0.0,0.04241736,0.0,0.003432322,0.0,0.04239249,0.0,0.24616599,0.0,0.10256104,0.0,0.09618942,0.0,0.073889814,0.0,0.057270333,0.0,0.041271448,0.0,0.05189251
0.0,0.0,2.5851698e-15,0.0051946514,0.0,0.028549975,0.0,0.022944175,0.0,0.0011015285,0.0,0.060535207,0.0,0.20449148,0.0,0.084911376,0.0,0.066366866,0.0,0.060628578,0.0,0.039060645,0.0,0.028162168,0.0,0.019491935
0.0,0.0,5.3854e-12,0.0027567823,0.0,0.020612221,0.0,0.027754389,0.0,0.0010777194,0.0,0.033862915,0.0,0.1100338,0.0,0.07044996,0.0,0.028142229,0.0,0.054626282,0.0,0.047837898,0.0,0.033641756,0.0,0.16156246
0.0,0.0,7.414845e-12,0.0012155734,0.0,0.014817514,0.0,0.023395404,0.0,0.0035188769,0.0,0.06641465,0.0,0.10958702,0.0,0.055621903,0.0,0.1418302,0.0,0.04022208,0.0,0.030514255,0.0,0.022471022,0.0,0.093684755
0.0,0.0,7.396903e-12,0.00031786005,0.0,0.006929585,0.0,0.012928098,0.0,0.006847168,0.0,0.044626877,0.0,0.12819602,0.0,0.021479534,0.0,0.31813014,0.0,0.08317766,0.0,0.027298596,0.0,0.01855146,0.0,0.04437932
0.0,0.0,5.032006e-12,8.992428e-05,0.0,0.020324886,0.0,0.04841138,0.0,0.020744562,0.0,0.013990149,0.0,0.11175464,0.0,0.10414292,0.0,0.3653891,0.0,0.029302144,0.0,0.019436797,0.0,0.013420432,0.0,0.020167027
0.0,0.0,5.01983e-12,2.442254e-05,0.0,0.005875622,0.0,0.018412717,0.0,0.012852695,0.0,0.19703963,0.0,0.077167615,0.0,0.13952774,0.0,0.3343308,0.0,0.0678224,0.0,0.030456416,0.0,0.0200616,0.0,0.09139771
0.0,0.0,5.0076835e-12,6.501004e-06,0.0,0.0013932962,0.0,0.04293012,0.0,0.023438815,0.0,0.20129766,0.0,0.15195686,0.0,0.12676035,0.0,0.28238744,0.0,0.10120961,0.0,0.05761426,0.0,0.038229257,0.0,0.029748606
0.0,0.0,4.9955665e-12,1.7637227e-06,0.0,0.00030880063,0.0,0.014494971,0.0,0.0042836056,0.0,0.16786616,0.0,0.06620105,0.0,0.1130005,0.0,0.20607749,0.0,0.08840637,0.0,0.067958795,0.0,0.046190124,0.0,0.031255223
0.0,0.0,4.9834785e-12,4.4972714e-07,0.0,6.9362715e-05,0.0,0.030282067,0.0,0.005305021,0.0,0.11183611,0.0,0.06520236,0.0,0.09707046,0.0,0.12746653,0.0,0.0723807,0.0,0.047604747,0.0,0.03367807,0.0,0.059950087
0.0,0.0,4.250177e-12,1.3006704e-07,0.0,0.023067268,0.0,0.03451648,0.0,0.013595966,0.0,0.062067255,0.0,0.044539303,0.0,0.08279136,0.0,0.12700808,0.0,0.06501566,0.0,0.04986164,0.0,0.034368277,0.0,0.051619362
0.0,0.0,1.0358966e-12,2.7347062e-08,0.0,0.019027023,0.0,0.01896608,0.0,0.01113646,0.0,0.015059072,0.0,0.0632171,0.0,0.066468,0.0,0.12186734,0.0,0.046332557,0.0,0.029174957,0.0,0.020364849,0.0,0.036093038
0.0,0.0,4.1713066e-13,7.1656636e-09,0.0,0.012849589,0.0,0.017642796,0.0,0.018484702,0.0,0.20483436,0.0,0.03416287,0.0,0.052214388,0.0,0.09267903,0.0,0.074452,0.0,0.024830999,0.0,0.016480999,0.0,0.040303573
0.0,0.0,4.1612132e-13,1.7832447e-09,0.0,0.010220729,0.0,0.01977614,0.0,0.01086631,0.0,0.20589808,0.0,0.20764367,0.0,0.04789016,0.0,0.05304114,0.0,0.04314561,0.0,0.01765427,0.0,0.011877388,0.0,0.022698263
0.0,0.0,3.548905e-13,0.0020377818,0.0,0.004810316,0.0,0.026255447,0.0,0.01889033,0.0,0.1315903,0.0,0.19106062,0.0,0.017134035,0.0,0.08466926,0.0,0.0409605,0.0,0.022008058,0.0,0.013632362,0.0,0.024329962
0.0,0.0,7.754001e-14,0.00047307689,0.0,0.013292409,0.0,0.006366013,0.0,0.011623349,0.0,0.064378746,0.0,0.119031,0.0,0.07698891,0.0,0.09150825,0.0,0.03058909,0.0,0.014204992,0.0,0.009296616,0.0,0.050407033
0.0,0.0,3.913492e-13,9.787147e-05,0.0,0.0036688696,0.0,0.014475808,0.0,0.013120687,0.0,0.013214645,0.0,0.040868584,0.0,0.1342192,0.0,0.051616773,0.0,0.034726795,0.0,0.013912169,0.0,0.009061949,0.0,0.022762477
0.0,0.0,5.2754323e-13,2.2581857e-05,0.0,0.0008374477,0.0,0.011073705,0.0,0.014882668,0.0,0.025260793,0.0,0.033155683,0.0,0.116273075,0.0,0.1306314,0.0,0.087157734,0.0,0.043094292,0.0,0.025897963,0.0,0.040463757
0.0,0.0,2.2548346e-13,6.1817304e-06,0.0,0.00019012026,0.0,0.011893754,0.0,0.0042147217,0.0,0.0107642785,0.0,0.114645004,0.0,0.09614342,0.0,0.104643784,0.0,0.072687715,0.0,0.046153475,0.0,0.029056655,0.0,0.020624777
0.0,0.0,9.079607e-14,8.468088e-07,0.0,4.353911e-05,0.0,0.028745951,0.0,0.005251218,0.0,0.053108916,0.0,0.07335217,0.0,0.07812971,0.0,0.08655865,0.0,0.06491178,0.0,0.032188155,0.0,0.020997562,0.0,0.021730388
0.0,0.0,1.9192613e-14,5.0724384e-07,0.0,9.927129e-06,0.0,0.012920497,0.0,0.008864516,0.0,0.037553478,0.0,0.022664474,0.0,0.061681252,0.0,0.036936603,0.0,0.040901892,0.0,0.02224222,0.0,0.014176657,0.0,0.0141372485
0.0,0.0,3.0429047e-13,3.910136e-08,0.0,0.010315167,0.0,0.011007697,0.0,0.0059839217,0.0,0.01866866,0.0,0.11680881,0.0,0.04689261,0.0,0.016048787,0.0,0.08492737,0.0,0.017734889,0.0,0.011361025,0.0,0.038438678
0.0,0.0,2.535973e-12,7.3715305e-09,0.0,0.0074707605,0.0,0.02282796,0.0,0.0026722965,0.0,0.05036048,0.0,0.059623495,0.0,0.035512045,0.0,0.3143224,0.0,0.04673093,0.0,0.017665552,0.0,0.011143864,0.0,0.012419001
0.0,0.0,2.1627771e-12,1.6346018e-09,0.0,0.0048229834,0.0,0.010652407,0.0,0.0017209098,0.0,0.029525157,0.0,0.016504955,0.0,0.02527753,0.0,0.124085926,0.0,0.023914723,0.0,0.0084809,0.0,0.0054534213,0.0,0.023601547
0.0,0.0,2.157508e-12,6.042956e-09,0.0,0.0061223917,0.0,0.015155806,0.0,0.0010991406,0.0,0.01746654,0.0,0.22281541,0.0,0.040562842,0.0,0.031065963,0.0,0.025566174,0.0,0.013021304,0.0,0.007417919,0.0,0.013603322
0.0,0.0,7.070839e-13,6.880404e-09,0.0,0.003155936,0.0,0.026673513,0.0,0.0006546023,0.0,0.045602556,0.0,0.12905939,0.0,0.013536586,0.0,0.093382105,0.0,0.036224067,0.0,0.008546137,0.0,0.0053363554,0.0,0.025613144
0.0,0.0,7.053612e-13,2.6046074e-09,0.0,0.0027586448,0.0,0.01962984,0.0,0.0006556033,0.0,0.013808854,0.0,0.069311254,0.0,0.017548924,0.0,0.05984711,0.0,0.008799727,0.0,0.0030585292,0.0,0.0019867823,0.0,0.0177479
0.0,0.0,3.2130884e-13,9.972063e-10,0.0,0.0007013031,0.0,0.019013638,0.0,0.0012533214,0.0,0.053739652,0.0,0.03105556,0.0,0.102345854,0.0,0.024020996,0.0,0.05535101,0.0,0.017030885,0.0,0.009152042,0.0,0.0227622
0.0,0.0,2.185781e-13,1.2618634e-10,0.0,0.000164729,0.0,0.01274667,0.0,0.0018092783,0.0,0.032931384,0.0,0.063194595,0.0,0.0792087,0.0,0.15975903,0.0,0.042335924,0.0,0.021061745,0.0,0.011950098,0.0,0.018155947
0.0,0.0,2.1804558e-13,7.964898e-11,0.0,3.8498107e-05,0.0,0.015103683,0.0,0.0032699236,0.0,0.01405687,0.0,0.030895308,0.0,0.059457682,0.0,0.064089864,0.0,0.059031937,0.0,0.017346276,0.0,0.010222396,0.0,0.040311042
0.0,0.0,1.2383002e-13,5.6037095e-11,0.0,8.999645e-06,0.0,0.0071108732,0.0,0.003788306,0.0,0.008863874,0.0,0.07316076,0.0,0.043112453,0.0,0.012262011,0.0,0.029471483,0.0,0.012988443,0.0,0.0074238842,0.0,0.0057365233
0.0,0.0,1.2352833e-13,9.879654e-12,0.0,2.1115904e-06,0.0,0.00805843,0.0,0.0057133036,0.0,0.056807846,0.0,0.058432594,0.0,0.030971562,0.0,0.27081296,0.0,0.0260962,0.0,0.008764647,0.0,0.004879765,0.0,0.00598132
0.0,0.0,2.9258954e-14,1.0031762e-15,0.0,5.0095946e-07,0.0,0.004100749,0.0,0.0021255964,0.0,0.04082212,0.0,0.019953743,0.0,0.020716451,0.0,0.12006599,0.0,0.012081609,0.0,0.0049381205,0.0,0.0027136416,0.0,0.004213318
0.0,0.0,2.4953182e-14,2.73308e-13,0.0,0.0001297008,0.0,0.0034052106,0.0,0.0012349183,0.0,0.023732018,0.0,0.09094603,0.0,0.014673012,0.0,0.01864813,0.0,0.036863998,0.0,0.0035223074,0.0,0.0019627472,0.0,0.0025068382
0.0,0.0,1.004788e-14,4.0917822e-17,0.0,0.0013085253,0.0,0.00316688,0.0,0.00031364022,0.0,0.008139012,0.0,0.026592685,0.0,0.00941353,0.0,0.18300718,0.0,0.013505734,0.0,0.0020811413,0.0,0.0011423263,0.0,0.0008893723
0.0,0.0,4.0459727e-15,6.033664e-18,0.0,0.0010679009,0.0,0.0025140028,0.0,7.1824565e-05,0.0,0.006723818,0.0,0.03839517,0.0,0.00923963,0.0,0.054352056,0.0,0.009715387,0.0,0.001723392,0.0,0.0009036638,0.0,0.00023431258
0.0,0.0,4.0361154e-15,4.0733204e-07,0.0,0.0004495626,0.0,0.0013341643,0.0,4.2176795e-05,0.0,0.041995946,0.0,0.030241027,0.0,0.0022931937,0.0,0.06366207,0.0,0.039552726,0.0,0.004180359,0.0,0.0020563365,0.0,5.487527e-05
0.0,0.0,9.91696e-16,9.347256e-08,0.0,0.00014991239,0.0,0.00021716364,0.0,1.2105426e-05,0.0,0.030664358,0.0,0.026354812,0.0,0.0005389776,0.0,0.009614916,0.0,0.010801803,0.0,0.0015399852,0.0,0.00089151465,0.0,1.3714476e-05
0.0,0.0,4.637192e-16,1.3086356e-08,0.0,0.001792966,0.0,2.921613e-05,0.0,2.3866405e-06,0.0,0.010888603,0.0,0.032934573,0.0,0.02016754,0.0,0.13644198,0.0,0.009660077,0.0,0.0004301593,0.0,0.00028197735,0.0,3.4635054e-06
0.0,0.0,2.3162563000000003e-16,2.4694558e-09,0.0,0.00049486937,0.0,6.108885e-07,0.0,5.260618e-07,0.0,0.023177905,0.0,0.014030045,0.0,0.044736594,0.0,0.026515624,0.0,0.007333913,0.0,0.0018332921,0.0,0.0009303524,0.0,8.576217e-07
0.0,0.0,3.510272e-14,4.931604e-10,0.0,0.000121844416,0.0,1.9651627e-07,0.0,1.5250349e-07,0.0,0.005117698,0.0,0.082850486,0.0,0.02879369,0.0,0.084302284,0.0,0.034507554,0.0,0.0043419246,0.0,0.0019988166,0.0,1.9970597e-07
0.0,0.0,3.377556e-14,7.1905606e-11,0.0,2.9798224e-05,0.0,3.9438472e-08,0.0,3.0297084e-08,0.0,0.0013939544,0.0,0.027681163,0.0,0.019769564,0.0,0.020703247,0.0,0.0145863285,0.0,0.004771364,0.0,0.002389522,0.0,5.8491395e-08
0.0,0.0,1.6162143e-11,1.34309066e-11,0.0,7.3078277e-06,0.0,1.2987003e-07,0.0,6.3185444e-09,0.0,0.00095843006,0.0,0.026522882,0.0,0.012771234,0.0,0.11470745,0.0,0.024087906,0.0,0.0024861202,0.0,0.0012748092,0.0,1.667262e-08
0.0,0.0,1.5136581e-10,3.472369e-12,0.0,1.8186702e-06,0.0,3.4029043e-08,0.0,1.4698319e-09,0.0,0.0010096603,0.0,0.013408911,0.0,0.007684172,0.0,0.027416294,0.0,0.005851094,0.0,0.0012905089,0.0,0.000643638,0.0,4.750745e-09
0.0,0.0,1.5099395e-10,6.221554e-13,0.0,4.5804936e-07,0.0,5.4229683e-09,0.0,4.1052806e-10,0.0,0.00053565175,0.0,0.055602558,0.0,0.0049428316,0.0,0.050015595,0.0,0.010190503,0.0,0.0007897378,0.0,0.00039070562,0.0,1.9904383e-09
0.0,0.0,1.5749185e-10,1.4785707e-13,0.0,1.1177015e-07,0.0,7.115875e-09,0.0,0.00056402845,0.0,0.0009823464,0.0,0.0688223,0.0,0.0040402333,0.0,0.0510647,0.0,0.017935023,0.0,0.0009856828,0.0,0.0005655829,0.0,9.03339e-07
0.0,0.0,1.1903419e-10,2.3151821e-14,0.0,2.5836602e-08,0.0,8.215784e-09,0.0,0.0032138051,0.0,0.00068161485,0.0,0.023331566,0.0,0.002699714,0.0,0.036938377,0.0,0.0029936847,0.0,0.0007945231,0.0,0.00048906193,0.0,1.6320298e-06
0.0,0.0,1.01514935e-10,5.2380945e-15,0.0,0.0011440167,0.0,4.7004335e-07,0.0,0.0016969071,0.0,0.005387737,0.0,0.0056236936,0.0,0.014527248,0.0,0.027935376,0.0,0.016425561,0.0,0.0028441623,0.0,0.001559548,0.0,6.459041e-07
0.0,0.0,1.0126553e-10,1.1641987e-15,0.0,0.0007722876,0.0,3.0687153e-07,0.0,0.0014221823,0.0,0.004646661,0.0,0.08058584,0.0,0.0037119493,0.0,0.07200999,0.0,0.022573907,0.0,0.006506278,0.0,0.0036262623,0.0,3.750949e-07
0.0,0.0,4.6127914e-11,2.4320666e-16,0.0,0.00026917542,0.0,4.8349733e-07,0.0,0.0025008654,0.0,0.0013896717,0.0,0.031285986,0.0,0.0008511169,0.0,0.016152589,0.0,0.021286646,0.0,0.006903549,0.0,0.0038345174,0.0,3.301518e-07
0.0,0.0,3.4864018e-11,5.4339940000000004e-17,0.0,6.563521e-05,0.0,6.632922e-07,0.0,0.0008173778,0.0,0.00036413045,0.0,0.011604426,0.0,0.031595886,0.0,0.21479468,0.0,0.026760846,0.0,0.005182574,0.0,0.002820587,0.0,4.766466e-07
0.0,0.0,2.9732793e-11,9.5386126e-18,0.0,1.5644897e-05,0.0,5.461478e-07,0.0,0.00024640892,0.0,0.00010782379,0.0,0.10841153,0.0,0.02085786,0.0,0.07421376,0.0,0.01133449,0.0,0.0035180317,0.0,0.0018508387,0.0,2.964126e-07
0.0,0.0,2.9659743e-11,1.8041303e-18,0.0,3.715972e-06,0.0,1.1564062e-07,0.0,0.0001807759,0.0,2.785874e-05,0.0,0.040528357,0.0,0.0133360475,0.0,0.019608047,0.0,0.04277932,0.0,0.003230693,0.0,0.0017827998,0.0,3.145596e-07
0.0,0.0,2.9586875e-11,4.1362833e-19,0.0,8.784536e-07,0.0,1.381438e-08,0.0,0.00017467773,0.0,8.576752e-06,0.0,0.028052554,0.0,0.008459123,0.0,0.16639353,0.0,0.014587071,0.0,0.0022018151,0.0,0.0012533653,0.0,1.5373669e-07
0.0,0.0,2.9514183e-11,2.4961268e-19,0.0,2.0853604e-07,0.0,5.7278456e-08,0.0,0.00011073562,0.0,3.480936e-06,0.0,0.00879629,0.0,0.005016101,0.0,0.055589925,0.0,0.015786393,0.0,0.0012202739,0.0,0.000697338,0.0,5.961193e-08
0.0,0.0,2.944167e-11,1.1126436e-20,0.0,4.96292e-08,0.0,1.7537163e-08,0.0,5.8160284e-05,0.0,1.1171779e-06,0.0,0.086841375,0.0,0.0029575396,0.0,0.025426872,0.0,0.005285194,0.0,0.00068406435,0.0,0.0003967107,0.0,2.486775e-08
0.0,0.0,2.5108497e-11,1.9264962e-21,0.0,1.1866922e-08,0.0,6.5670216e-09,0.0,3.6492136e-05,0.0,4.106595e-07,0.0,0.027526602,0.0,0.0017073432,0.0,0.06789473,0.0,0.020714212,0.0,0.00034539256,0.0,0.00019241667,0.0,9.013588e-09
0.0,0.0,2.504681e-11,6.841201e-21,0.0,1.2578115e-05,0.0,1.9191355e-06,0.0,3.5611953e-05,0.0,0.0012824071,0.0,0.012933467,0.0,0.0009559464,0.0,0.029326541,0.0,0.003665398,0.0,0.00016205646,0.0,8.6461085e-05,0.0,2.8173157e-09
0.0,0.0,2.4985274e-11,5.8381627e-23,0.0,6.274133e-05,0.0,1.2517603e-07,0.0,2.5703153e-05,0.0,0.001476927,0.0,0.054379568,0.0,0.00052593555,0.0,0.023352345,0.0,0.01160639,0.0,8.328556e-05,0.0,4.2604708e-05,0.0,1.0728144e-09
0.0,0.0,1.031019e-11,1.136077e-05,0.0,0.00046007257,0.0,2.7334853e-08,0.0,2.630499e-05,0.0,0.0007818043,0.0,0.02582389,0.0,0.0062931566,0.0,0.08771784,0.0,0.0037811226,0.0,0.0005957774,0.0,0.00025579493,0.0,5.458663e-10
0.0,0.0,1.028486e-11,2.8650572e-06,0.0,0.00086948345,0.0,4.367997e-09,0.0,2.40293e-05,0.0,0.0010380802,0.0,0.006307823,0.0,0.01214267,0.0,0.015427725,0.0,0.010297286,0.0,0.0012404289,0.0,0.0005317063,0.0,3.3808145e-10
0.0,0.0,8.771151e-12,4.8535526e-07,0.0,0.00041203102,0.0,3.615682e-10,0.0,2.284419e-05,0.0,0.00035198385,0.0,0.01307585,0.0,0.0032202983,0.0,0.089825064,0.0,0.011962146,0.0,0.001242712,0.0,0.0005246187,0.0,2.1471393e-10
0.0,0.0,4.602223e-12,8.485872e-08,0.0,0.00015072305,0.0,2.8295336e-10,0.0,2.0760766e-05,0.0,0.0004066794,0.0,0.016298002,0.0,0.00079339196,0.0,0.017268987,0.0,0.010369421,0.0,0.0011385853,0.0,0.00048643744,0.0,5.2617656e-07
0.0,0.0,8.7320033e-13,1.1464104e-08,0.0,4.766028e-05,0.0,1.8922665e-10,0.0,1.7051121e-05,0.0,0.00027552232,0.0,0.009442888,0.0,0.00019880355,0.0,0.04572478,0.0,0.0065490063,0.0,0.0007390669,0.0,0.0003195404,0.0,7.2305795e-07
0.0,0.0,1.5296336e-13,1.889801e-09,0.0,1.4633839e-05,0.0,1.3248692e-10,0.0,6.6754637e-06,0.0,0.00093040266,0.0,0.03969418,0.0,4.947159e-05,0.0,0.012706372,0.0,0.0072011305,0.0,0.00042171867,0.0,0.00017951481,0.0,3.633182e-07
0.0,0.0,9.634947e-14,4.1686896e-10,0.0,3.908845e-06,0.0,1.06594476e-10,0.0,1.9477902e-06,0.0,0.0006211621,0.0,0.004146533,0.0,0.0027013116,0.0,0.061730735,0.0,0.009602451,0.0,0.00029080408,0.0,0.00012664661,0.0,2.973011e-07
0.0,0.0,9.6112754e-14,1.0174801e-10,0.0,1.0144353e-06,0.0,7.977061e-11,0.0,5.468218e-07,0.0,0.00082964706,0.0,0.004997005,0.0,0.0015425079,0.0,0.0116779655,0.0,0.0045464938,0.0,0.00016589217,0.0,6.982572e-05,0.0,1.4614302e-07
0.0,0.0,9.587662e-14,1.5792628e-11,0.0,2.643063e-07,0.0,3.4745436e-11,0.0,1.4947909e-07,0.0,0.00045088682,0.0,0.021253498,0.0,0.0008663822,0.0,0.049473867,0.0,0.0061795223,0.0,9.444495e-05,0.0,4.0033057e-05,0.0,8.414532e-08
0.0,0.0,9.5641065e-14,3.887968e-12,0.0,6.864957e-08,0.0,4.3581068e-12,0.0,4.2541615e-08,0.0,0.00075411843,0.0,0.013259641,0.0,0.0005530387,0.0,0.017290708,0.0,0.007873575,0.0,6.2563275e-05,0.0,2.7080414e-05,0.0,1.6862883e-08
0.0,0.0,9.540609e-14,4.7963754e-13,0.0,1.7562524e-08,0.0,5.9595514e-12,0.0,9.070034e-09,0.0,0.0005893228,0.0,0.020148953,0.0,0.00035390852,0.0,0.061563525,0.0,0.00440267,0.0,4.2828175e-05,0.0,1.8975821e-05,0.0,3.3219898e-09
0.0,0.0,9.5171694e-14,1.07086716e-13,0.0,4.4991366e-09,0.0,9.53277e-13,0.0,1.8242792e-09,0.0,0.00022540333,0.0,0.0050930637,0.0,0.00022000786,0.0,0.015574888,0.0,0.0038023316,0.0,2.2022386e-05,0.0,9.279657e-06,0.0,5.892005e-10
0.0,0.0,5.4047743e-14,1.9688581e-14,0.0,1.1668129e-09,0.0,4.7263067e-13,0.0,4.5854304e-10,0.0,0.0004622374,0.0,0.013564056,0.0,0.00014863333,0.0,0.060156967,0.0,0.0021505982,0.0,1.4874263e-05,0.0,6.2747977e-06,0.0,1.03404896e-10
0.0,0.0,5.3914958e-14,3.1035323e-15,0.0,3.0186786e-10,0.0,1.7295402e-13,0.0,8.2811806e-11,0.0,0.00026440457,0.0,0.033675928,0.0,0.000113249924,0.0,0.011027576,0.0,0.0012852902,0.0,1.0746226e-05,0.0,4.429085e-06,0.0,1.8312797e-11
0.0,0.0,5.3782496e-14,5.831982e-16,0.0,7.748031e-11,0.0,6.2294896e-14,0.0,1.7900974e-11,0.0,0.00010531942,0.0,0.0065130824,0.0,9.282023e-05,0.0,0.056762233,0.0,0.002348572,0.0,9.298116e-06,0.0,3.8443095e-06,0.0,3.5057836e-12
0.0,0.0,5.3650362e-14,1.1462471000000002e-16,0.0,1.9767616e-11,0.0,3.2924506e-14,0.0,3.6003808e-12,0.0,3.984643e-05,0.0,0.028357973,0.0,0.0011292556,0.0,0.008311989,0.0,0.0038835143,0.0,7.628698e-05,0.0,2.7620177e-05,0.0,6.801916e-13
0.0,0.0,5.3518554e-14,2.4711086000000002e-17,0.0,5.019838e-12,0.0,5.876209e-15,0.0,1.0561168e-12,0.0,9.327719e-06,0.0,0.003540592,0.0,0.0016910072,0.0,0.05296636,0.0,0.004559068,0.0,0.000108624125,0.0,3.859123e-05,0.0,1.2271945e-13
0.0,0.0,5.3387067e-14,7.9857886e-18,0.0,1.2733853e-12,0.0,2.3319696e-15,0.0,2.3839882e-13,0.0,2.7507106e-06,0.0,0.009051152,0.0,0.001297182,0.0,0.0099832555,0.0,0.008571764,0.0,0.00012056133,0.0,4.9219816e-05,0.0,2.4731021e-14
0.0,0.0,4.5529647e-14,5.6761826e-19,0.0,1.5338552e-05,0.0,4.1668068e-16,0.0,3.8195033e-14,0.0,1.0044499e-06,0.0,0.044905797,0.0,0.0008273181,0.0,0.06158732,0.0,0.0050521987,0.0,9.964182e-05,0.0,4.417996e-05,0.0,5.041479e-15
0.0,0.0,2.5030478e-14,1.0277788e-19,0.0,3.845947e-05,0.0,1.5952737e-16,0.0,7.30751e-15,0.0,5.039025e-07,0.0,0.0063624047,0.0,0.00048807153,0.0,0.0075684427,0.0,0.008067693,0.0,6.0607774e-05,0.0,2.6548923e-05,0.0,9.023428e-16
0.0,0.0,1.1711392e-14,1.9910575e-20,0.0,2.71209e-05,0.0,2.1763550000000006e-17,0.0,1.2163959e-15,0.0,1.868956e-07,0.0,0.01655972,0.0,0.00030381145,0.0,0.016037822,0.0,0.004928463,0.0,3.931228e-05,0.0,1.7618404e-05,0.0,1.7158499e-16
0.0,0.0,1.1682619e-14,2.4845751e-21,0.0,1.725965e-05,0.0,2.394439e-18,0.0,2.5644124e-16,0.0,5.549075e-08,0.0,0.022602957,0.0,0.00020146558,0.0,0.050960522,0.0,0.007286187,0.0,2.5924095e-05,0.0,1.1838931e-05,0.0,3.387162e-17
0.0,0.0,1.1653916e-14,4.530477400000002e-22,0.0,1.1858686e-05,0.0,6.8258737e-19,0.0,4.705991000000001e-17,0.0,2.0976245e-08,0.0,0.010962499,0.0,0.00014206587,0.0,0.018168783,0.0,0.004600929,0.0,1.714715e-05,0.0,7.760394e-06,0.0,6.625823e-11
0.0,0.0,1.1625285e-14,9.642158000000001e-23,0.0,9.069829e-06,0.0,2.8919382e-19,0.0,1.1734952399999998e-17,0.0,7.766095e-09,0.0,0.052341588,0.0,0.000107925625,0.0,0.041360985,0.0,0.0134479515,0.0,1.3795749e-05,0.0,6.2003364e-06,0.0,3.0922526e-10
0.0,0.0,1.1596724e-14,2.5999669e-23,0.0,7.996645e-06,0.0,5.749991599999999e-20,0.0,2.2597836e-18,0.0,2.5816267e-09,0.0,0.008876888,0.0,9.071088e-05,0.0,0.027202787,0.0,0.0012514729,0.0,1.1411885e-05,0.0,5.1574557e-06,0.0,3.9514256e-10
0.0,0.0,9.889937e-15,4.5381176e-24,0.0,6.8469853e-06,0.0,8.644171e-13,0.0,4.6282425e-19,0.0,7.6344114e-10,0.0,0.0060354783,0.0,7.837893e-05,0.0,0.022784444,0.0,0.0010715451,0.0,9.429542e-06,0.0,4.1786516e-06,0.0,2.415693e-10
0.0,0.0,8.434353e-15,6.3277772e-25,0.0,6.048852e-06,0.0,4.8864396e-13,0.0,1.1402707e-19,0.0,0.00029214562,0.0,0.007461371,0.0,7.0243164e-05,0.0,0.04524371,0.0,0.0007306303,0.0,0.0010946365,0.0,0.00043029402,0.0,4.983829e-09
0.0,0.0,8.413632e-15,1.3082087e-24,0.0,5.502826e-06,0.0,4.6790787e-12,0.0,2.8293224999999997e-20,0.0,5.795612e-05,0.0,0.017437082,0.0,6.731507e-05,0.0,0.024894014,0.0,0.00043667373,0.0,0.0006547292,0.0,0.0002848157,0.0,4.1973065e-09
0.0,0.0,8.392961e-15,2.5445985e-25,0.0,1.5369671e-05,0.0,1.9178571e-12,0.0,4.757401e-21,0.0,1.037258e-05,0.0,0.009971866,0.0,0.00032720694,0.0,0.01635261,0.0,0.00022172801,0.0,0.00016420883,0.0,8.907522e-05,0.0,1.6066138e-09
0.0,0.0,3.122244e-15,1.2337757e-26,0.0,8.563067e-06,0.0,2.13473e-13,0.0,8.105569300000001e-22,0.0,1.42291e-05,0.0,0.0236,0.0,8.06534e-05,0.0,0.034947723,0.0,0.00021519506,0.0,0.00016244828,0.0,6.859135e-05,0.0,5.7104743e-10
0.0,0.0,1.3707531e-15,8.153997e-27,0.0,3.252643e-06,0.0,1.5576898e-13,0.0,1.327107e-22,0.0,4.374997e-06,0.0,0.003821548,0.0,2.0096444e-05,0.0,0.005360121,0.0,0.00019226105,0.0,6.861037e-05,0.0,3.4016353e-05,0.0,1.8935767e-10
0.0,0.0,1.169008e-15,3.966969e-28,0.0,1.1375896e-06,0.0,1.8048944e-13,0.0,2.4580417e-23,0.0,1.5708913e-06,0.0,0.008523389,0.0,4.8199195e-06,0.0,0.013588405,0.0,0.00015535478,0.0,4.9493818e-05,0.0,2.3580422e-05,0.0,5.654336e-11
0.0,0.0,1.1661359e-15,2.1657768000000003e-27,0.0,3.2525372e-06,0.0,1.0215956e-10,0.0,4.1678697e-24,0.0,5.0258717e-07,0.0,0.04815832,0.0,4.7385896e-05,0.0,0.08295186,0.0,0.000104429506,0.0,3.127992e-05,0.0,1.4759872e-05,0.0,1.4079366e-11
0.0,0.0,1.1632709e-15,2.6958375e-28,0.0,9.52298e-07,0.0,3.3315788e-11,0.0,2.7373352e-22,0.0,1.7520148e-07,0.0,0.0052916324,0.0,0.00015227248,0.0,0.03278995,0.0,8.200842e-05,0.0,2.5750947e-05,0.0,1.2819528e-05,0.0,1.4625327e-10
0.0,0.0,5.2988677e-16,5.1405584e-28,0.0,2.383772e-07,0.0,1.3591329e-11,0.0,2.950042e-22,0.0,7.808611e-08,0.0,0.017417965,0.0,0.00011087908,0.0,0.017368315,0.0,6.425845e-05,0.0,1.9838837e-05,0.0,1.0287966e-05,0.0,3.2622563e-10
0.0,0.0,4.518989e-16,3.6640935e-31,0.0,5.7639948e-08,0.0,8.9702855e-12,0.0,6.118958e-10,0.0,3.9209247e-08,0.0,0.01665157,0.0,9.077796e-05,0.0,0.17596228,0.0,5.0941864e-05,0.0,1.5546919e-05,0.0,7.978036e-06,0.0,1.0290198e-10
0.0,0.0,4.5078866e-16,1.0130953e-29,0.0,1.3792902e-08,0.0,3.9363994e-12,0.0,2.7772282e-09,0.0,1.6675314e-08,0.0,0.034635838,0.0,7.49878e-05,0.0,0.046279427,0.0,4.475856e-05,0.0,1.4941384e-05,0.0,7.837131e-06,0.0,2.772593e-11
0.0,0.0,4.4968116e-16,7.7274634e-31,0.0,3.3160374e-09,0.0,1.0615454e-12,0.0,1.1570722e-09,0.0,0.00036359223,0.0,0.0026277017,0.0,6.559775e-05,0.0,0.041870523,0.0,4.1210817e-05,0.0,1.365159e-05,0.0,7.396864e-06,0.0,7.55606e-12
0.0,0.0,3.8349785e-16,1.2549792e-31,0.0,8.002409e-10,0.0,4.485678e-13,0.0,5.909062e-06,0.0,0.00039844756,0.0,0.0062503726,0.0,0.00062728423,0.0,0.028926857,0.0,0.00032808658,0.0,0.000104760635,0.0,5.129608e-05,0.0,1.8330584e-12
0.0,0.0,3.8255565e-16,4.0861093e-34,0.0,1.9273667e-10,0.0,1.0572414e-13,0.0,3.0375393e-05,0.0,0.0031621887,0.0,0.056319,0.0,0.0012210046,0.0,0.030371735,0.0,0.0005954602,0.0,0.00019239876,0.0,9.455259e-05,0.0,4.2429696e-13
0.0,0.0,3.2625176e-16,7.203493999999998e-35,0.0,4.630006e-11,0.0,2.880804e-14,0.0,3.1724398e-05,0.0,0.0023047577,0.0,0.0066845515,0.0,0.00028545712,0.0,0.059440404,0.0,0.00028683912,0.0,7.303413e-05,0.0,4.371586e-05,0.0,1.11770246e-13
0.0,0.0,2.33742e-16,2.2894016e-13,0.0,8.769848e-06,0.0,8.475269e-15,0.0,3.819448e-05,0.0,0.0025639005,0.0,0.09135283,0.0,6.547262e-05,0.0,0.031090723,0.0,0.00019803584,0.0,2.0702864e-05,0.0,1.3740026e-05,0.0,3.0437167e-14
0.0,0.0,4.2061942000000004e-17,2.344425e-13,0.0,3.9783998e-05,0.0,2.3110049e-15,0.0,3.6756195e-05,0.0,0.0011428065,0.0,0.024789147,0.0,0.0003265792,0.0,0.027566666,0.0,0.00025581702,0.0,4.474223e-05,0.0,2.4726822e-05,0.0,9.050523e-15
0.0,0.0,7.814972499999999e-18,4.2804905e-14,0.0,1.0717188e-05,0.0,3.1784904e-09,0.0,1.9542136e-05,0.0,0.0041535893,0.0,0.0076788687,0.0,0.0002943959,0.0,0.1735136,0.0,0.0002760179,0.0,8.732957e-05,0.0,4.900335e-05,0.0,2.8915257e-15
0.0,0.0,3.511936e-18,8.33058e-15,0.0,2.4819726e-06,0.0,2.854762e-09,0.0,1.0128886e-05,0.0,0.008414777,0.0,0.24440323,0.0,0.00018310567,0.0,0.0521922,0.0,0.00018849992,0.0,5.6537207e-05,0.0,3.4785797e-05,0.0,1.1328475e-09
0.0,0.0,2.604554e-18,1.6420832e-15,0.0,5.725088e-07,0.0,2.1974715e-09,0.0,4.9170653e-06,0.0,0.0029797715,0.0,1.6692366e-05,0.0,0.00012550707,0.0,0.07787148,0.0,0.00012283787,0.0,3.464839e-05,0.0,2.1478774e-05,0.0,3.6471708e-09
0.0,0.0,7.571456e-19,3.726672e-16,0.0,1.3074646e-07,0.0,5.1929794e-10,0.0,2.2058225e-06,0.0,0.0005718868,0.0,1.5239954e-05,0.0,9.308028e-05,0.0,0.019832233,0.0,9.292919e-05,0.0,3.0429417e-05,0.0,1.9876867e-05,0.0,4.8763704e-09
0.0,0.0,6.457102e-19,1.3448332e-16,0.0,2.9706456e-08,0.0,5.79057e-10,0.0,1.003336e-06,0.0,0.00011667049,0.0,9.400027e-05,0.0,0.0070755556,0.0,0.3328759,0.0,0.0037916747,0.0,0.0016195411,0.0,0.0009487371,0.0,1.7217447e-08
0.0,0.0,6.441238e-19,2.838121e-17,0.0,0.00019689859,0.0,3.2393926e-10,0.0,3.9674163e-07,0.0,3.2482265e-05,0.0,0.00043286214,0.0,0.0016366555,0.0,0.19247761,0.0,0.010208041,0.0,0.0023190805,0.0,0.0013290249,0.0,5.777822e-09
0.0,0.0,4.381717399999999e-19,7.1586e-18,0.0,0.0010167954,0.0,4.7871673e-10,0.0,1.4296691e-07,0.0,1.39850445e-05,0.0,0.026062546,0.0,0.0057876576,0.0,0.10507056,0.0,0.048075702,0.0,0.0024728575,0.0,0.0015531715,0.0,2.233701e-09
0.0,0.0,4.3709526e-19,1.7925634999999997e-18,0.0,0.0002497025,0.0,2.1284668e-10,0.0,4.5959247e-08,0.0,0.020934807,0.0,0.04109207,0.0,0.006420572,0.0,0.043172322,0.0,0.05776233,0.0,0.005571699,0.0,0.0034408602,0.0,9.2104313e-10
0.0,0.0,1.9910321e-19,4.9218394e-19,0.0,5.6618286e-05,0.0,3.809086e-11,0.0,1.8229793e-08,0.0,0.010648955,0.0,0.031694997,0.0,0.003530914,0.0,0.08466534,0.0,0.04726399,0.0,0.0020608073,0.0,0.0014439295,0.0,3.8107445e-10
0.0,0.0,1.9861405e-19,7.980809999999999e-20,0.0,1.2739132e-05,0.0,1.4952392e-12,0.0,5.5954965e-09,0.0,0.0037565953,0.0,0.0149753485,0.0,0.0019953342,0.0,0.1303118,0.0,0.025233097,0.0,0.0022148993,0.0,0.0014422477,0.0,1.6032833e-10
0.0,0.0,1.6938236999999998e-19,2.0015606e-20,0.0,2.8448674e-06,0.0,3.1605208e-07,0.0,1.3599408e-09,0.0,0.0112687135,0.0,0.2013942,0.0,0.0011957037,0.0,0.047276605,0.0,0.0037888405,0.0,0.010468557,0.0,0.0067293677,0.0,3.4613674e-07
0.0,0.0,1.1522408e-19,5.731856800000001e-21,0.0,0.00015744833,0.0,9.539352e-07,0.0,4.229893e-10,0.0,0.009063309,0.0,0.14046372,0.0,0.00069963554,0.0,0.24467124,0.0,0.06327242,0.0,0.0017053878,0.0,0.0014968386,0.0,4.662501e-06
0.0,0.0,5.618830999999999e-20,1.773335e-21,0.0,0.0064241695,0.0,2.9246865e-05,0.0,1.7305761e-10,0.0,0.008172711,0.0,0.11636467,0.0,0.031710383,0.0,0.2587937,0.0,0.047329433,0.0,0.016165158,0.0,0.01068749,0.0,3.579334e-06
0.0,0.0,4.2467785e-20,1.5514768e-13,0.0,0.0031580152,0.0,5.9944086e-05,0.0,0.014155804,0.0,0.010760114,0.0,0.46282586,0.0,0.009360108,0.0,0.18485178,0.0,0.01592917,0.0,0.0048969397,0.0,0.003837566,0.0,2.9907978e-06
0.0,0.0,4.2363449999999995e-20,8.526449e-14,0.0,0.000724658,0.0,8.157762e-05,0.0,0.006801596,0.0,0.1633334,0.0,0.517989,0.0,0.07602139,0.0,0.12099472,0.0,0.03655229,0.0,0.045622766,0.0,0.030659502,0.0,0.00014833221
0.0,0.0,4.2259368e-20,3.0000653e-14,0.0,0.0001591533,0.0,7.741384e-05,0.0,0.03460287,0.0,0.13438256,0.0,0.42012545,0.0,0.062117532,0.0,0.116616055,0.0,0.042105697,0.0,0.036620915,0.0,0.026668651,0.0,8.58552e-05
0.0,0.0,8.995043000000001e-18,8.128106e-15,0.0,3.5170164e-05,0.0,5.9209e-05,0.0,0.0048720236,0.0,0.12840457,0.0,0.34630066,0.0,0.04437979,0.0,0.10203118,0.0,0.06919027,0.0,0.02058857,0.0,0.015379963,0.0,0.02768454
0.0,0.0,3.856070799999999e-18,3.5007406e-15,0.0,0.007161524,0.0,8.4154606e-05,0.0,0.014207714,0.0,0.12354561,0.0,0.30149657,0.0,0.0317635,0.0,0.094746,0.0,0.03615886,0.0,0.031241907,0.0,0.02202962,0.0,0.025033334
0.0,0.0,7.917170999999999e-19,9.90072e-16,0.0,0.0074989446,0.0,0.00060688914,0.0,0.031918425,0.0,0.10869934,0.0,0.24688737,0.0,0.022224365,0.0,0.047517166,0.0,0.01667518,0.0,0.015387039,0.0,0.011874268,0.0,0.024944516
0.0,0.0,1.5250062999999998e-19,3.017333e-16,0.0,0.0049474793,0.0,0.02571581,0.0,0.004863395,0.0,0.22035536,0.0,0.24271591,0.0,0.014686576,0.0,0.08532629,0.0,0.24445502,0.0,0.01107326,0.0,0.008575737,0.0,0.092497416
0.0,0.0,1.1936605e-19,1.0501797e-16,0.0,0.0032311631,0.0,0.025768546,0.0,0.05586903,0.0,0.44265366,0.0,0.13712326,0.0,0.010735594,0.0,0.13948403,0.0,0.14934605,0.0,0.006183456,0.0,0.0047614425,0.0,0.02444188
0.0,0.0,5.901981199999999e-18,1.2865306e-15,0.0,0.0029442078,0.0,0.024821158,0.0,0.011564619,0.0,0.41935903,0.0,0.079716064,0.0,0.010267888,0.0,0.1554895,0.0,0.10808161,0.0,0.039404053,0.0,0.027888343,0.0,0.021396732
0.0,0.0,1.4538045e-17,6.9647517e-16,0.0,0.0006810196,0.0,0.017572379,0.0,0.049389273,0.0,0.35815704,0.0,0.1276768,0.0,0.15277082,0.0,0.119419135,0.0,0.15959214,0.0,0.091074996,0.0,0.06429827,0.0,0.05014798
0.0,0.0,3.5622608e-18,2.4030002000000003e-16,0.0,0.00014928599,0.0,0.0065112556,0.0,0.018875059,0.0,0.2585681,0.0,0.19847034,0.0,0.14386955,0.0,0.042289086,0.0,0.10642967,0.0,0.10355841,0.0,0.077972844,0.0,0.043147728
0.0,0.0,6.2977174e-19,8.14982e-17,0.0,3.261848e-05,0.0,0.060131084,0.0,0.0039709094,0.0,0.17510916,0.0,0.10330759,0.0,0.13810591,0.0,0.049555756,0.0,0.10208063,0.0,0.1028164,0.0,0.08136298,0.0,0.3473467
0.0,0.0,2.5170349e-19,2.8105036000000004e-17,0.0,0.076670356,0.0,0.037959322,0.0,0.0159402,0.0,0.11747875,0.0,0.06851652,0.0,0.13242145,0.0,0.02433433,0.0,0.09824661,0.0,0.09507588,0.0,0.076777495,0.0,0.3294891
0.0,0.0,1.9023345e-19,1.2460834e-17,0.0,0.063450806,0.0,0.027277628,0.0,0.051251043,0.0,0.05512061,0.0,0.025979888,0.0,0.12818927,0.0,0.34732282,0.0,0.096009105,0.0,0.078967854,0.0,0.06441555,0.0,0.12238131
0.0,0.0,1.8975911e-19,4.348097e-18,0.0,0.049527314,0.0,0.028890895,0.0,0.009648466,0.0,0.059511982,0.0,0.28052062,0.0,0.12266039,0.0,0.27757657,0.0,0.09122092,0.0,0.06905795,0.0,0.05406465,0.0,0.053810228
0.0,0.0,9.037402e-12,1.904449e-13,0.0,0.04265796,0.0,0.08461893,0.0,0.095267765,0.0,0.055710115,0.0,0.25452545,0.0,0.11462371,0.0,0.1725736,0.0,0.08456533,0.0,0.07389641,0.0,0.056393195,0.0,0.018468652
0.0,0.0,8.600639e-12,1.0860362e-12,0.0,0.03717135,0.0,0.08437704,0.0,0.012731303,0.0,0.38611135,0.0,0.1365296,0.0,0.10308598,0.0,0.07511644,0.0,0.07677639,0.0,0.0591656,0.0,0.047060285,0.0,0.17711106
0.0,0.0,3.1997742e-12,3.6474486e-13,0.0,0.032042902,0.0,0.04088214,0.0,0.020809667,0.0,0.34564105,0.0,0.06044207,0.0,0.08936155,0.0,0.16466746,0.0,0.06728531,0.0,0.05473132,0.0,0.04304315,0.0,0.121416
0.0,0.0,1.7570667e-10,2.475624e-13,0.0,0.026751004,0.0,0.10114627,0.0,0.05165593,0.0,0.25899526,0.0,0.6879109,0.0,0.074504115,0.0,0.122279264,0.0,0.05728274,0.0,0.042573445,0.0,0.033976,0.0,0.059710093
0.0,0.0,3.2271263e-10,1.722005e-07,0.0,0.021170963,0.0,0.19876437,0.0,0.08335661,0.0,0.217484,0.0,0.42777875,0.0,0.059392747,0.0,0.13792947,0.0,0.046478804,0.0,0.06891284,0.0,0.052678715,0.0,0.20666863
0.0,0.0,1.2993435e-10,3.0715574e-07,0.0,0.015467504,0.0,0.21853985,0.0,0.06543807,0.0,0.20554596,0.0,0.38452476,0.0,0.04443941,0.0,0.08695953,0.0,0.038306814,0.0,0.049386762,0.0,0.039652735,0.0,0.16711509
0.0,0.0,4.4633068e-11,1.1129524e-07,0.0,0.01238991,0.0,0.2575319,0.0,0.03624922,0.0,0.17910558,0.0,0.23250066,0.0,0.036931884,0.0,0.041084774,0.0,0.03279735,0.0,0.032079708,0.0,0.025661439,0.0,0.06163778
0.0,0.0,4.452016e-11,4.368241e-08,0.0,0.01569073,0.0,0.21039958,0.0,0.004663137,0.0,0.12889393,0.0,0.11641022,0.0,0.05007719,0.0,0.10260566,0.0,0.06926522,0.0,0.05302786,0.0,0.040961668,0.0,0.025374584
0.0,0.0,2.3358019e-11,1.5132997e-08,0.0,0.0040661334,0.0,0.16981179,0.0,0.030789984,0.0,0.45376053,0.0,0.57407784,0.0,0.17597921,0.0,0.06284838,0.0,0.11341389,0.0,0.0698927,0.0,0.053958867,0.0,0.21584892
0.0,0.0,2.3298929e-11,5.6399085e-09,0.0,0.0008921295,0.0,0.20751059,0.0,0.012272688,0.0,0.45087174,0.0,0.586223,0.0,0.16945012,0.0,0.08052999,0.0,0.11814458,0.0,0.08414984,0.0,0.06511215,0.0,0.22594765
0.0,0.0,1.986838e-11,0.016286084,0.0,0.064641565,0.0,0.19936185,0.0,0.02624238,0.0,0.38425118,0.0,0.5367165,0.0,0.16412765,0.0,0.06107617,0.0,0.12061447,0.0,0.09046161,0.0,0.07198103,0.0,0.15098399
0.0,0.0,1.9818116e-11,0.06573812,0.0,0.1119687,0.0,0.25168216,0.0,0.019060286,0.0,0.3579266,0.0,0.37367737,0.0,0.1595106,0.0,0.11638845,0.0,0.12188699,0.0,0.099488966,0.0,0.08056499,0.0,0.07710879
0.0,0.0,1.1253831e-11,0.009251981,0.0,0.09834597,0.0,0.26898322,0.0,0.05621239,0.0,0.272081,0.0,0.2473007,0.0,0.15539779,0.0,0.076886036,0.0,0.121231884,0.0,0.09734063,0.0,0.07994118,0.0,0.13746409
0.0,0.0,3.5272718e-12,0.047079135,0.0,0.08045974,0.0,0.20892006,0.0,0.04256529,0.0,0.20351556,0.0,0.04606226,0.0,0.149762,0.0,0.08064632,0.0,0.11554221,0.0,0.09511586,0.0,0.07641628,0.0,0.09555784
0.0,0.0,2.742368e-12,0.006472493,0.0,0.06917317,0.0,0.17102961,0.0,0.021423062,0.0,0.18228844,0.0,0.020717725,0.0,0.14662512,0.0,0.031744003,0.0,0.114339836,0.0,0.09174976,0.0,0.07495765,0.0,0.19680764
0.0,0.0,5.026361e-13,0.018452208,0.0,0.061895993,0.0,0.12859465,0.0,0.06289067,0.0,0.14348656,0.0,0.42508933,0.0,0.14374425,0.0,0.25647902,0.0,0.11140104,0.0,0.09371516,0.0,0.07602243,0.0,0.11843033
0.0,0.0,2.179348e-13,0.034168534,0.0,0.055279158,0.0,0.08781558,0.0,0.023944834,0.0,0.15535429,0.0,0.24808802,0.0,0.13974132,0.0,0.20814162,0.0,0.10827365,0.0,0.08612593,0.0,0.06958209,0.0,0.056637917
0.0,0.0,4.1336123e-14,0.020475507,0.0,0.050481975,0.0,0.07758282,0.0,0.034893908,0.0,0.12385176,0.0,0.13038112,0.0,0.13571939,0.0,0.11997912,0.0,0.10348517,0.0,0.088445075,0.0,0.06992042,0.0,0.0766604
0.0,0.0,4.123155e-14,0.024484871,0.0,0.047490433,0.0,0.05688955,0.0,0.013280525,0.0,0.15531667,0.0,0.101970285,0.0,0.13243902,0.0,0.07712918,0.0,0.10156537,0.0,0.07867079,0.0,0.06312154,0.0,0.037469056
0.0,0.0,8.317694e-15,0.040172152,0.0,0.044578366,0.0,0.07542581,0.0,0.06985024,0.0,0.12484778,0.0,0.053562492,0.0,0.12898275,0.0,0.07300553,0.0,0.09804411,0.0,0.07756458,0.0,0.0604842,0.0,0.035652887
0.0,0.0,1.831306e-15,0.0057264483,0.0,0.043350656,0.0,0.017925672,0.0,0.0102467965,0.0,0.079529576,0.0,0.4616629,0.0,0.12605965,0.0,0.08796037,0.0,0.09682636,0.0,0.071508326,0.0,0.05587241,0.0,0.105317734
0.0,0.0,1.0931721e-15,0.010498761,0.0,0.042410087,0.0,0.09578871,0.0,0.074327745,0.0,0.16931814,0.0,0.24155727,0.0,0.12362694,0.0,0.0667354,0.0,0.094602786,0.0,0.0843716,0.0,0.065078296,0.0,0.16309041
0.0,0.0,3.831111e-16,0.027533563,0.0,0.042212814,0.0,0.24866068,0.0,0.03526964,0.0,0.13833234,0.0,0.13808128,0.0,0.121987,0.0,0.052310225,0.0,0.09323896,0.0,0.07291366,0.0,0.058218155,0.0,0.07888117
0.0,0.0,3.821419e-16,0.0103870025,0.0,0.041121606,0.0,0.27955243,0.0,0.023905586,0.0,0.07555387,0.0,0.049602594,0.0,0.11972142,0.0,0.11195359,0.0,0.09240509,0.0,0.06792637,0.0,0.05339773,0.0,0.022505762
0.0,0.0,3.8117518e-16,0.038603112,0.0,0.040965196,0.0,0.267527,0.0,0.025551822,0.0,0.033969045,0.0,0.16852048,0.0,0.11844745,0.0,0.115729794,0.0,0.09316827,0.0,0.090808995,0.0,0.07061163,0.0,0.18537474
0.0,0.0,3.250507e-16,0.0061614793,0.0,0.03938923,0.0,0.24045414,0.0,0.026455002,0.0,0.3439757,0.0,0.10853474,0.0,0.116051555,0.0,0.09121103,0.0,0.08923252,0.0,0.07653258,0.0,0.06130432,0.0,0.11576479
0.0,0.0,3.2422838000000004e-16,0.011800464,0.0,0.0380356,0.0,0.17503004,0.0,0.029197184,0.0,0.3088976,0.0,0.060435317,0.0,0.11380627,0.0,0.13251151,0.0,0.0856664,0.0,0.0640745,0.0,0.050363384,0.0,0.038396988
0.0,0.0,1.2107294e-11,0.031035867,0.0,0.0371187,0.0,0.1766405,0.0,0.06223708,0.0,0.25885564,0.0,0.57990307,0.0,0.111307345,0.0,0.118082605,0.0,0.08312095,0.0,0.061031353,0.0,0.046916705,0.0,0.17274982
0.0,0.0,3.802701e-12,0.012145774,0.0,0.03612958,0.0,0.14215876,0.0,0.060121655,0.0,0.18615341,0.0,0.25210562,0.0,0.109234184,0.0,0.41926846,0.0,0.08220643,0.0,0.06307294,0.0,0.048700463,0.0,0.14921682
0.0,0.0,1.4863405e-12,0.03485022,0.0,0.03380306,0.0,0.17093146,0.0,0.05105827,0.0,0.12451339,0.0,0.22033873,0.0,0.10618125,0.0,0.42931184,0.0,0.07797411,0.0,0.05501937,0.0,0.042028315,0.0,0.08356123
0.0,0.0,7.5241186e-13,0.007918279,0.0,0.033005264,0.0,0.16868815,0.0,0.05231211,0.0,0.061394677,0.0,0.14399049,0.0,0.10390843,0.0,0.35095158,0.0,0.07615943,0.0,0.07497711,0.0,0.05577576,0.0,0.126746
0.0,0.0,6.4161903e-13,0.024603274,0.0,0.032172143,0.0,0.15928131,0.0,0.044100456,0.0,0.04791072,0.0,0.07306322,0.0,0.10173214,0.0,0.25382537,0.0,0.07568361,0.0,0.06253221,0.0,0.048760653,0.0,0.07598427
0.0,0.0,3.3662913e-13,0.021798009,0.0,0.030674681,0.0,0.08257244,0.0,0.028566262,0.0,0.023896309,0.0,0.026525805,0.0,0.09921645,0.0,0.16283461,0.0,0.07157531,0.0,0.05097086,0.0,0.039043676,0.0,0.13193364
0.0,0.0,2.3148882e-13,0.034812354,0.0,0.031737756,0.0,0.058528893,0.0,0.030635897,0.0,0.06488956,0.0,0.6571465,0.0,0.099314205,0.0,0.13943033,0.0,0.07278797,0.0,0.059405234,0.0,0.045148782,0.0,0.071878895
0.0,0.0,1.7283771e-13,0.00823501,0.0,0.030740768,0.0,0.030202257,0.0,0.02627733,0.0,0.3432574,0.0,0.45374686,0.0,0.09752931,0.0,0.07837131,0.0,0.07141541,0.0,0.050310317,0.0,0.038795136,0.0,0.04398771
0.0,0.0,4.9399853e-14,0.027418273,0.0,0.029719109,0.0,0.11285203,0.0,0.021881493,0.0,0.32365748,0.0,0.27358943,0.0,0.095710695,0.0,0.10064224,0.0,0.07054931,0.0,0.058551632,0.0,0.044178538,0.0,0.029885218
0.0,0.0,1.6147757e-06,0.008399641,0.0,0.030734273,0.0,0.037869606,0.0,0.038673952,0.0,0.26568812,0.0,0.14797133,0.0,0.095688485,0.0,0.09916792,0.0,0.06957299,0.0,0.049813025,0.0,0.038666397,0.0,0.07694646
0.0,0.0,4.1233258e-07,0.027196657,0.0,0.028863128,0.0,0.06693395,0.0,0.033940412,0.0,0.2113759,0.0,0.0800844,0.0,0.0930509,0.0,0.07022498,0.0,0.06672292,0.0,0.05189081,0.0,0.03883358,0.0,0.16284235
0.0,0.0,3.5161176e-07,0.01999571,0.0,0.02594001,0.0,0.04782396,0.0,0.022079851,0.0,0.12956302,0.0,0.068531774,0.0,0.08872893,0.0,0.04481198,0.0,0.06479736,0.0,0.04439564,0.0,0.033640966,0.0,0.09915444
0.0,0.0,2.657263e-07,0.02238046,0.0,0.024401315,0.0,0.07564139,0.0,0.027221832,0.0,0.05403954,0.0,0.047067847,0.0,0.085966125,0.0,0.013814767,0.0,0.0625388,0.0,0.055626247,0.0,0.04068925,0.0,0.11985624
0.0,0.0,2.6504753e-07,0.018814942,0.0,0.023573186,0.0,0.02613274,0.0,0.024965784,0.0,0.22577703,0.0,0.057230093,0.0,0.08400252,0.0,0.7635106,0.0,0.060206268,0.0,0.04263064,0.0,0.031997707,0.0,0.046169702
0.0,0.0,4.609625e-08,0.025452975,0.0,0.023117134,0.0,0.023341851,0.0,0.035761632,0.0,0.26380837,0.0,0.4109643,0.0,0.08253686,0.0,0.38787225,0.0,0.06008741,0.0,0.03889211,0.0,0.02888081,0.0,0.095359564
0.0,0.0,1.21451516e-08,0.019652063,0.0,0.024139492,0.0,0.0199922,0.0,0.021972418,0.0,0.19164623,0.0,0.22321634,0.0,0.08260672,0.0,0.24842022,0.0,0.059614558,0.0,0.05845611,0.0,0.04289614,0.0,0.14122985
0.0,0.0,7.402282e-09,0.063434884,0.0,0.022929452,0.0,0.10299122,0.0,0.046303023,0.0,0.17572473,0.0,0.28525022,0.0,0.08037849,0.0,0.19499473,0.0,0.059336707,0.0,0.047230743,0.0,0.03603445,0.0,0.078474134
0.0,0.0,4.0006682e-09,0.023492131,0.0,0.02146748,0.0,0.09275392,0.0,0.011306315,0.0,0.14145765,0.0,0.23002905,0.0,0.077666424,0.0,0.15348245,0.0,0.055309094,0.0,0.035426687,0.0,0.026139075,0.0,0.10550369
0.0,0.0,3.2490495e-09,0.038287375,0.0,0.021648446,0.0,0.09659231,0.0,0.07250807,0.0,0.07671043,0.0,0.15876445,0.0,0.07706881,0.0,0.111266874,0.0,0.05594867,0.0,0.052817628,0.0,0.037442647,0.0,0.04740674
0.0,0.0,3.24075e-09,0.007303282,0.0,0.019718336,0.0,0.038408305,0.0,0.020857763,0.0,0.0712886,0.0,0.10033043,0.0,0.0738884,0.0,0.21035507,0.0,0.0510849,0.0,0.038514875,0.0,0.028508278,0.0,0.0152226575
0.0,0.0,2.7635114e-09,0.022993382,0.0,0.01897982,0.0,0.06597755,0.0,0.022430548,0.0,0.043764263,0.0,0.0796944,0.0,0.07212324,0.0,0.17655663,0.0,0.057447538,0.0,0.03208787,0.0,0.0235668,0.0,0.06784752
0.0,0.0,2.7564522e-09,0.031346586,0.0,0.01936818,0.0,0.049368814,0.0,0.030218266,0.0,0.01278826,0.0,0.09250943,0.0,0.07159017,0.0,0.14621103,0.0,0.049282797,0.0,0.047917493,0.0,0.03384435,0.0,0.023987534
0.0,0.0,2.350532e-09,0.011715918,0.0,0.01903712,0.0,0.06652376,0.0,0.01620361,0.0,0.34612375,0.0,0.07631344,0.0,0.07055741,0.0,0.113338925,0.0,0.05754379,0.0,0.03563088,0.0,0.026183126,0.0,0.10132313
0.0,0.0,1.1461104e-09,0.01735269,0.0,0.018169299,0.0,0.021270012,0.0,0.039824884,0.0,0.34719196,0.0,0.05061912,0.0,0.068466514,0.0,0.07096353,0.0,0.048057448,0.0,0.030428523,0.0,0.022067333,0.0,0.10763014
0.0,0.0,8.66159e-10,0.029677108,0.0,0.01752323,0.0,0.0341663,0.0,0.016548462,0.0,0.27520904,0.0,0.02132078,0.0,0.06705195,0.0,0.04108548,0.0,0.054442782,0.0,0.043284394,0.0,0.030564241,0.0,0.038634267
0.0,0.0,4.2460938e-10,0.014278896,0.0,0.015850231,0.0,0.045096397,0.0,0.025049305,0.0,0.26138464,0.0,0.26448065,0.0,0.063888706,0.0,0.076042265,0.0,0.045880843,0.0,0.03180198,0.0,0.023379456,0.0,0.07511813
0.0,0.0,2.3961375e-10,0.016729956,0.0,0.015828911,0.0,0.06694479,0.0,0.011997171,0.0,0.23928443,0.0,0.19073264,0.0,0.0632545,0.0,0.043250214,0.0,0.057382025,0.0,0.030085865,0.0,0.021652421,0.0,0.08783685
0.0,0.0,1.02403135e-10,0.012252784,0.0,0.016012155,0.0,0.02063712,0.0,0.018416107,0.0,0.16897441,0.0,0.10681961,0.0,0.0628386,0.0,0.14778812,0.0,0.04607775,0.0,0.038420886,0.0,0.027458897,0.0,0.036812667
0.0,0.0,8.7323065e-11,0.02947993,0.0,0.015579542,0.0,0.043702006,0.0,0.02135402,0.0,0.1544701,0.0,0.07892068,0.0,0.061658297,0.0,0.16359967,0.0,0.050925467,0.0,0.027249692,0.0,0.019717006,0.0,0.041997727
0.0,0.0,7.446371e-11,0.01413286,0.0,0.014828806,0.0,0.015085138,0.0,0.022481918,0.0,0.11528749,0.0,0.044684958,0.0,0.060360603,0.0,0.15785083,0.0,0.044186864,0.0,0.041208193,0.0,0.029317763,0.0,0.0740307
0.0,0.0,6.3498054e-11,0.028077492,0.0,0.014723294,0.0,0.0712543,0.0,0.019559361,0.0,0.07171522,0.0,0.14576007,0.0,0.059633005,0.0,0.14237925,0.0,0.05409219,0.0,0.028828545,0.0,0.021151597,0.0,0.12313293
0.0,0.0,4.798788e-11,0.017026715,0.0,0.014854318,0.0,0.043750253,0.0,0.0135679,0.0,0.080713585,0.0,0.15586671,0.0,0.05914652,0.0,0.15568943,0.0,0.040974867,0.0,0.026358288,0.0,0.018727764,0.0,0.06318484
0.0,0.0,4.09211e-11,0.012429745,0.0,0.0134230545,0.0,0.07459238,0.0,0.019942341,0.0,0.053724837,0.0,0.11245278,0.0,0.056335714,0.0,0.11074789,0.0,0.05482311,0.0,0.028483447,0.0,0.019456727,0.0,0.058888625
0.0,0.0,4.081657e-11,0.014915781,0.0,0.014073513,0.0,0.046425007,0.0,0.010622996,0.0,0.018551273,0.0,0.06334405,0.0,0.056764137,0.0,0.051808428,0.0,0.040878575,0.0,0.024184018,0.0,0.017423749,0.0,0.06947118
0.0,0.0,2.5259982e-11,0.01817452,0.0,0.013576898,0.0,0.053741418,0.0,0.028827688,0.0,0.15383019,0.0,0.047788665,0.0,0.05560884,0.0,0.16713747,0.0,0.04658169,0.0,0.035296146,0.0,0.024647387,0.0,0.015679764
0.0,0.0,2.5195457e-11,0.0155109465,0.0,0.013249152,0.0,0.022744237,0.0,0.01566699,0.0,0.1478905,0.0,0.0363151,0.0,0.05458681,0.0,0.17337911,0.0,0.038477898,0.0,0.02545091,0.0,0.018520836,0.0,0.16182575
0.0,0.0,2.5131097e-11,0.03835485,0.0,0.0137412315,0.0,0.044120915,0.0,0.042256262,0.0,0.11213862,0.0,0.03854332,0.0,0.054803863,0.0,0.16158392,0.0,0.06478392,0.0,0.030772328,0.0,0.021775628,0.0,0.08949794
0.0,0.0,1.4270484e-11,0.011328248,0.0,0.013939105,0.0,0.030759577,0.0,0.01579562,0.0,0.12582837,0.0,0.2342807,0.0,0.054813568,0.0,0.13382131,0.0,0.0425849,0.0,0.023748884,0.0,0.017365946,0.0,0.024218176
0.0,0.0,1.8542985e-07,0.01599939,0.0,0.013397465,0.0,0.048467014,0.0,0.03953248,0.0,0.11244198,0.0,0.20828359,0.0,0.05344908,0.0,0.09057255,0.0,0.037581813,0.0,0.037315365,0.0,0.025835555,0.0,0.057641294
0.0,0.0,1.2358706e-06,0.02595688,0.0,0.013125104,0.0,0.033546727,0.0,0.021872204,0.0,0.079077095,0.0,0.12878217,0.0,0.05269566,0.0,0.046687808,0.0,0.07104237,0.0,0.025398666,0.0,0.018491015,0.0,0.11434702
0.0,0.0,7.949557e-07,0.012272768,0.0,0.014126876,0.0,0.06598123,0.0,0.04896123,0.0,0.08903807,0.0,0.09790143,0.0,0.053838935,0.0,0.020107392,0.0,0.044582706,0.0,0.024350075,0.0,0.017497512,0.0,0.059223276
0.0,0.0,1.828702e-07,0.018481327,0.0,0.0136824995,0.0,0.09499901,0.0,0.008492322,0.0,0.067228414,0.0,0.060385514,0.0,0.053157486,0.0,0.46668297,0.0,0.034729943,0.0,0.02784885,0.0,0.019241178,0.0,0.05197457
0.0,0.0,3.7761183e-08,0.059140645,0.0,0.012676322,0.0,0.06718799,0.0,0.045981776,0.0,0.03157063,0.0,0.049604524,0.0,0.051321365,0.0,0.22928908,0.0,0.08405301,0.0,0.02150559,0.0,0.015494776,0.0,0.06408723
0.0,0.0,2.8537254e-08,0.018565862,0.0,0.012357783,0.0,0.07500663,0.0,0.028565468,0.0,0.06758975,0.0,0.08889925,0.0,0.05045949,0.0,0.14542052,0.0,0.05346494,0.0,0.029377127,0.0,0.020492014,0.0,0.07630006
0.0,0.0,2.4334554e-08,0.015492487,0.0,0.012932506,0.0,0.026479134,0.0,0.022215884,0.0,0.048221778,0.0,0.057695713,0.0,0.051119175,0.0,0.09627443,0.0,0.03617332,0.0,0.021505479,0.0,0.015449908,0.0,0.07390977
0.0,0.0,4.3171977e-09,0.015752383,0.0,0.011616398,0.0,0.03668154,0.0,0.030464357,0.0,0.024531517,0.0,0.29708555,0.0,0.04889628,0.0,0.13503979,0.0,0.044925,0.0,0.028641934,0.0,0.019435365,0.0,0.011467416
0.0,0.0,1.2413731e-09,0.028275555,0.0,0.011807536,0.0,0.056707527,0.0,0.02601244,0.0,0.19092399,0.0,0.20154028,0.0,0.048779298,0.0,0.08231324,0.0,0.03373776,0.0,0.020078838,0.0,0.0141874505,0.0,0.0822178
0.0,0.0,8.350785e-10,0.01029589,0.0,0.011120343,0.0,0.034805607,0.0,0.03513199,0.0,0.20733514,0.0,0.1178401,0.0,0.047164284,0.0,0.022467919,0.0,0.05880261,0.0,0.026859226,0.0,0.01809671,0.0,0.0223581
0.0,0.0,1.7739608e-10,0.006791024,0.0,0.011365463,0.0,0.014887322,0.0,0.008186291,0.0,0.1612354,0.0,0.069133244,0.0,0.04734464,0.0,0.42877176,0.0,0.036253978,0.0,0.019005314,0.0,0.013406382,0.0,0.02465016
0.0,0.0,3.1605853e-11,0.0042840336,0.0,0.011485936,0.0,0.077058226,0.0,0.021728834,0.0,0.15679076,0.0,0.12904045,0.0,0.0472926,0.0,0.29657283,0.0,0.032640494,0.0,0.03033577,0.0,0.02080824,0.0,0.07667986
0.0,0.0,3.152479e-11,0.0041581825,0.0,0.010958397,0.0,0.04557698,0.0,0.014627952,0.0,0.14457004,0.0,0.10490239,0.0,0.046255488,0.0,0.3459784,0.0,0.064214915,0.0,0.019860592,0.0,0.013956522,0.0,0.05454372
0.0,0.0,1.3472532e-11,0.003278885,0.0,0.010661149,0.0,0.053267673,0.0,0.046560206,0.0,0.10210752,0.0,0.32518023,0.0,0.045514338,0.0,0.31540212,0.0,0.037795205,0.0,0.025255179,0.0,0.017205907,0.0,0.008464436
0.0,0.0,6.569087e-12,0.0014121933,0.0,0.011049096,0.0,0.035118904,0.0,0.0252234,0.0,0.11364161,0.0,0.24494615,0.0,0.046178855,0.0,0.24303307,0.0,0.031642936,0.0,0.018136613,0.0,0.012849864,0.0,0.068037845
0.0,0.0,5.6016533e-12,0.00024645592,0.0,0.010339219,0.0,0.019652864,0.0,0.012102037,0.0,0.08785243,0.0,0.18661952,0.0,0.04468955,0.0,0.15705316,0.0,0.06393011,0.0,0.025841454,0.0,0.017300652,0.0,0.012091875
0.0,0.0,2.7313163e-12,9.0261434e-05,0.0,0.009960717,0.0,0.038901385,0.0,0.030536069,0.0,0.041747462,0.0,0.12996484,0.0,0.043781165,0.0,0.120192476,0.0,0.03905715,0.0,0.017115872,0.0,0.011963337,0.0,0.060515463
0.0,0.0,1.1693301e-12,2.4327608e-05,0.0,0.010324425,0.0,0.04468961,0.0,0.008588638,0.0,0.06486407,0.0,0.090334766,0.0,0.044235427,0.0,0.090504654,0.0,0.030309023,0.0,0.028015643,0.0,0.019252945,0.0,0.04820519
0.0,0.0,7.4226955e-07,7.8233215e-06,0.0,0.010098025,0.0,0.033845387,0.0,0.024857368,0.0,0.045547765,0.0,0.036863107,0.0,0.04354475,0.0,0.05802893,0.0,0.0909728,0.0,0.019045865,0.0,0.013683927,0.0,0.05594203
0.0,0.0,5.3157805e-07,1.9994434e-06,0.0,0.009685975,0.0,0.025206245,0.0,0.0127871595,0.0,0.014482192,0.0,0.023802701,0.0,0.0424943,0.0,0.030755896,0.0,0.055480838,0.0,0.026530638,0.0,0.017737368,0.0,0.0418012
0.0,0.0,3.4245838e-07,5.023241e-07,0.0,0.009558377,0.0,0.038076285,0.0,0.032107256,0.0,0.21701226,0.0,0.28598124,0.0,0.04209203,0.0,0.060469575,0.0,0.036266927,0.0,0.017566884,0.0,0.012517781,0.0,0.084650464
0.0,0.0,2.2976471e-07,0.009708363,0.0,0.010260583,0.0,0.043736063,0.0,0.008480991,0.0,0.23946263,0.0,0.23606859,0.0,0.043342337,0.0,0.10742151,0.0,0.030287694,0.0,0.034722727,0.0,0.023920784,0.0,0.06830371
0.0,0.0,1.0330846e-07,0.010409691,0.0,0.010000272,0.0,0.05042087,0.0,0.014945039,0.0,0.21667312,0.0,0.15147574,0.0,0.042747594,0.0,0.2795457,0.0,0.09120104,0.0,0.021724993,0.0,0.015591102,0.0,0.015892789
0.0,0.0,3.9323517e-08,0.012229612,0.0,0.010388466,0.0,0.05665854,0.0,0.03491989,0.0,0.19161795,0.0,0.09968354,0.0,0.04353466,0.0,0.31406525,0.0,0.055513125,0.0,0.019570926,0.0,0.014095304,0.0,0.05132795
0.0,0.0,1.4197652e-08,0.024392454,0.0,0.010267727,0.0,0.028947376,0.0,0.01858249,0.0,0.15368897,0.0,0.08458527,0.0,0.04354909,0.0,0.2821523,0.0,0.035587348,0.0,0.034431282,0.0,0.024041012,0.0,0.019263005
0.0,0.0,7.012294e-09,0.018190922,0.0,0.011942556,0.0,0.06274227,0.0,0.08840202,0.0,0.104265146,0.0,0.06279454,0.0,0.04629876,0.0,0.22346671,0.0,0.034098573,0.0,0.023212496,0.0,0.017186636,0.0,0.1047903
0.0,0.0,4.339556e-09,0.022361958,0.0,0.012328296,0.0,0.021200683,0.0,0.026203701,0.0,0.116980195,0.0,0.11087195,0.0,0.046944875,0.0,0.15994632,0.0,0.04885252,0.0,0.021574765,0.0,0.015756791,0.0,0.041121963
0.0,0.0,4.3283577e-09,0.027816238,0.0,0.012554978,0.0,0.061033703,0.0,0.0145281935,0.0,0.0954216,0.0,0.070660934,0.0,0.04724434,0.0,0.09807502,0.0,0.03377759,0.0,0.034528226,0.0,0.024543826,0.0,0.025969347
0.0,0.0,1.5627422e-09,0.020724293,0.0,0.0123955,0.0,0.075044066,0.0,0.06229633,0.0,0.07344926,0.0,0.5768814,0.0,0.047295984,0.0,0.10668773,0.0,0.06553109,0.0,0.023425685,0.0,0.017246034,0.0,0.1094945
0.0,0.0,1.5587095e-09,0.015775297,0.0,0.012184829,0.0,0.0431219,0.0,0.031232521,0.0,0.10402857,0.0,0.3876078,0.0,0.04729717,0.0,0.09504252,0.0,0.03963242,0.0,0.022468543,0.0,0.016263738,0.0,0.10322517
0.0,0.0,7.629903e-10,0.008998286,0.0,0.011959681,0.0,0.06628556,0.0,0.018070653,0.0,0.09374921,0.0,0.28996673,0.0,0.046805896,0.0,0.09627372,0.0,0.03330912,0.0,0.027333668,0.0,0.019195616,0.0,0.028959742
0.0,0.0,3.4397057e-10,0.009193003,0.0,0.011604834,0.0,0.03938341,0.0,0.02389782,0.0,0.052666925,0.0,0.19688977,0.0,0.046128932,0.0,0.12017571,0.0,0.0650796,0.0,0.019832347,0.0,0.014333571,0.0,0.05406214
0.0,0.0,3.4308295e-10,0.011816162,0.0,0.011774795,0.0,0.05389958,0.0,0.021325635,0.0,0.08849748,0.0,0.199929,0.0,0.046418097,0.0,0.09987437,0.0,0.040334575,0.0,0.035956062,0.0,0.025222851,0.0,0.100140415
0.0,0.0,1.2386919e-10,0.020130374,0.0,0.011431043,0.0,0.036801502,0.0,0.023713365,0.0,0.074548915,0.0,0.1181646,0.0,0.04566721,0.0,0.054393537,0.0,0.03161199,0.0,0.023265341,0.0,0.017047966,0.0,0.058262378
0.0,0.0,3.5765155e-11,0.017282832,0.0,0.011174135,0.0,0.051687226,0.0,0.012490973,0.0,0.030545725,0.0,0.047180664,0.0,0.04500738,0.0,0.13344283,0.0,0.09082711,0.0,0.01921444,0.0,0.013715318,0.0,0.020345505
0.0,0.0,3.5672864e-11,0.017012438,0.0,0.010374438,0.0,0.04459524,0.0,0.02977197,0.0,0.07357057,0.0,0.47476014,0.0,0.043711275,0.0,0.1487942,0.0,0.05429901,0.0,0.029558718,0.0,0.020133331,0.0,0.10350462
0.0,0.0,3.558081e-11,0.020720815,0.0,0.010598332,0.0,0.06566896,0.0,0.014186608,0.0,0.06264945,0.0,0.34430203,0.0,0.04420726,0.0,0.1288699,0.0,0.036571894,0.0,0.020151136,0.0,0.0145926215,0.0,0.042507146
0.0,0.0,1.1151488e-11,0.031346742,0.0,0.01239211,0.0,0.027847257,0.0,0.046609085,0.0,0.03214141,0.0,0.22708373,0.0,0.047085047,0.0,0.091220275,0.0,0.032386843,0.0,0.032708045,0.0,0.022797192,0.0,0.033205986
0.0,0.0,1.1122711e-11,0.009279973,0.0,0.012908387,0.0,0.043754157,0.0,0.017249376,0.0,0.37534449,0.0,0.24950239,0.0,0.04814339,0.0,0.060935702,0.0,0.092732586,0.0,0.022816403,0.0,0.016880156,0.0,0.064292975
0.0,0.0,6.883287e-12,0.014126728,0.0,0.012120663,0.0,0.07730289,0.0,0.028634274,0.0,0.38826737,0.0,0.15267505,0.0,0.046788506,0.0,0.15043783,0.0,0.0559152,0.0,0.025470674,0.0,0.018171478,0.0,0.040090464
0.0,0.0,5.201824e-12,0.021847526,0.0,0.011445282,0.0,0.07380278,0.0,0.009604331,0.0,0.2875435,0.0,0.14549439,0.0,0.045980617,0.0,0.1182022,0.0,0.034776285,0.0,0.018651148,0.0,0.0133135235,0.0,0.014749741
0.0,0.0,2.7290587e-12,0.010660143,0.0,0.011380127,0.0,0.013324744,0.0,0.019731859,0.0,0.2824597,0.0,0.12926884,0.0,0.045698937,0.0,0.14871667,0.0,0.03346599,0.0,0.026960725,0.0,0.018336155,0.0,0.06852117
0.0,0.0,1.4317597e-12,0.023408588,0.0,0.011085521,0.0,0.06360864,0.0,0.02375058,0.0,0.22405718,0.0,0.099216715,0.0,0.045320638,0.0,0.10334694,0.0,0.041890506,0.0,0.019490374,0.0,0.014055063,0.0,0.030974977
0.0,0.0,5.576943e-13,0.025334794,0.0,0.0119405,0.0,0.045015667,0.0,0.023012955,0.0,0.16172437,0.0,0.09312004,0.0,0.04681438,0.0,0.041349538,0.0,0.03363538,0.0,0.035352163,0.0,0.024859753,0.0,0.07248879
0.0,0.0,1.4463687e-13,0.018145487,0.0,0.012219011,0.0,0.08026228,0.0,0.03534885,0.0,0.1741272,0.0,0.088420935,0.0,0.047323115,0.0,0.17109324,0.0,0.07333189,0.0,0.023368092,0.0,0.017058978,0.0,0.06960842
0.0,0.0,1.0930469e-13,0.01476302,0.0,0.012439188,0.0,0.044078477,0.0,0.012186083,0.0,0.13984492,0.0,0.061933447,0.0,0.04751826,0.0,0.2822415,0.0,0.04643336,0.0,0.02157615,0.0,0.015510193,0.0,0.034523252
0.0,0.0,2.3374726e-14,0.030914387,0.0,0.012418113,0.0,0.08081499,0.0,0.06218066,0.0,0.07922864,0.0,0.03068405,0.0,0.047665883,0.0,0.26362646,0.0,0.0349091,0.0,0.039524507,0.0,0.027713174,0.0,0.06412799
0.0,0.0,1.1531605e-09,0.015322988,0.0,0.012543257,0.0,0.016648807,0.0,0.014448483,0.0,0.09784153,0.0,0.1146245,0.0,0.048157934,0.0,0.22016951,0.0,0.05708067,0.0,0.026292285,0.0,0.019373879,0.0,0.0496525
0.0,0.0,2.3918807e-09,0.021938602,0.0,0.01301922,0.0,0.08357293,0.0,0.040831435,0.0,0.09148641,0.0,0.0658337,0.0,0.04879187,0.0,0.18818891,0.0,0.037434828,0.0,0.021760596,0.0,0.015895434,0.0,0.035171047
0.0,0.0,5.0310944e-10,0.013658493,0.0,0.0133986045,0.0,0.036825396,0.0,0.018272055,0.0,0.0621463,0.0,0.49791265,0.0,0.049465563,0.0,0.16145685,0.0,0.038147416,0.0,0.03475238,0.0,0.024868324,0.0,0.027049672
0.0,0.0,4.290051e-10,0.02532687,0.0,0.014041545,0.0,0.09488548,0.0,0.032358535,0.0,0.12037753,0.0,0.39221883,0.0,0.050680846,0.0,0.154946,0.0,0.038040835,0.0,0.02474322,0.0,0.018448252,0.0,0.091512606
0.0,0.0,7.439666e-11,0.019955467,0.0,0.012784312,0.0,0.059629917,0.0,0.011970555,0.0,0.122022696,0.0,0.284235,0.0,0.049207047,0.0,0.099927425,0.0,0.039393395,0.0,0.027498614,0.0,0.019490574,0.0,0.16112944
0.0,0.0,2.0276726e-11,0.015737463,0.0,0.0131223565,0.0,0.18743871,0.0,0.035765782,0.0,0.06434868,0.0,0.19950561,0.0,0.04969243,0.0,0.12514119,0.0,0.035398655,0.0,0.021290027,0.0,0.015402544,0.0,0.081775695
0.0,0.0,2.0224197e-11,0.032451373,0.0,0.014149692,0.0,0.18940106,0.0,0.0300423,0.0,0.11029004,0.0,0.17038715,0.0,0.051187832,0.0,0.19398673,0.0,0.06387151,0.0,0.041387547,0.0,0.029048925,0.0,0.022540059
0.0,0.0,1.745859e-05,0.018066673,0.0,0.014365763,0.0,0.194348,0.0,0.041433357,0.0,0.08372688,0.0,0.08643153,0.0,0.051969957,0.0,0.24456695,0.0,0.04066525,0.0,0.028589906,0.0,0.021341648,0.0,0.041618828
0.0,0.0,9.312877e-05,0.041740112,0.0,0.014949445,0.0,0.13963999,0.0,0.029519562,0.0,0.049275912,0.0,0.2878694,0.0,0.0531832,0.0,0.2611989,0.0,0.038256124,0.0,0.024172535,0.0,0.017959904,0.0,0.15718733
0.0,0.0,4.6839643e-05,0.0054776133,0.0,0.015318717,0.0,0.18822584,0.0,0.02711762,0.0,0.110886104,0.0,0.30448258,0.0,0.053846583,0.0,0.250316,0.0,0.057421904,0.0,0.03708252,0.0,0.026559925,0.0,0.18059002
0.0,0.0,4.1066964e-05,0.007844401,0.0,0.014744258,0.0,0.1488898,0.0,0.035225965,0.0,0.09968339,0.0,0.24013282,0.0,0.053633697,0.0,0.21960552,0.0,0.040239003,0.0,0.027467452,0.0,0.020518089,0.0,0.11421314
0.0,0.0,2.8950066e-05,0.025538566,0.0,0.015354446,0.0,0.18809314,0.0,0.029390475,0.0,0.061201353,0.0,0.15166935,0.0,0.05480231,0.0,0.1722468,0.0,0.04403886,0.0,0.028107686,0.0,0.020425616,0.0,0.035476428
0.0,0.0,2.8874698e-05,0.02619161,0.0,0.01588275,0.0,0.16012348,0.0,0.015882134,0.0,0.10865839,0.0,0.16815473,0.0,0.055587973,0.0,0.19274606,0.0,0.03916285,0.0,0.026172128,0.0,0.019269524,0.0,0.038821254
0.0,0.0,2.8799524e-05,0.025075585,0.0,0.015156452,0.0,0.16213804,0.0,0.052350335,0.0,0.09021459,0.0,0.117552616,0.0,0.05495666,0.0,0.20968911,0.0,0.06351471,0.0,0.04140262,0.0,0.029762251,0.0,0.0953843
0.0,0.0,2.7600636e-05,0.022856573,0.0,0.014936739,0.0,0.11913422,0.0,0.05373396,0.0,0.047442887,0.0,0.1229018,0.0,0.055030566,0.0,0.2149589,0.0,0.04235233,0.0,0.029160997,0.0,0.02165528,0.0,0.073961034
0.0,0.0,2.1034697e-05,0.030847093,0.0,0.0151124755,0.0,0.12678646,0.0,0.02792846,0.0,0.0840905,0.0,0.11036828,0.0,0.055311877,0.0,0.20223354,0.0,0.040707637,0.0,0.025398562,0.0,0.018594041,0.0,0.012531824
0.0,0.0,1.3368959e-05,0.010219246,0.0,0.014427345,0.0,0.1267955,0.0,0.023678618,0.0,0.06646744,0.0,0.121835105,0.0,0.054153156,0.0,0.16471232,0.0,0.047464143,0.0,0.037178643,0.0,0.026000747,0.0,0.15381655
0.0,0.0,7.013779e-06,0.022827996,0.0,0.014389856,0.0,0.09127385,0.0,0.038584996,0.0,0.027157879,0.0,0.0927283,0.0,0.0540736,0.0,0.19303921,0.0,0.037622854,0.0,0.026111351,0.0,0.019178448,0.0,0.0799327
0.0,0.0,5.410357e-06,0.01932201,0.0,0.015988855,0.0,0.09603982,0.0,0.012449161,0.0,0.099693045,0.0,0.084690735,0.0,0.0565037,0.0,0.17597702,0.0,0.07251472,0.0,0.030090274,0.0,0.022267736,0.0,0.015402968
0.0,0.0,1.7582244e-06,0.018278776,0.0,0.015776351,0.0,0.02954529,0.0,0.036109436,0.0,0.07803143,0.0,0.041001983,0.0,0.056394584,0.0,0.10424965,0.0,0.046614565,0.0,0.025275078,0.0,0.018633602,0.0,0.20733869
0.0,0.0,1.0076369e-06,0.019887045,0.0,0.015273231,0.0,0.066454336,0.0,0.027725218,0.0,0.041185178,0.0,0.1256104,0.0,0.055680737,0.0,0.08326816,0.0,0.038999613,0.0,0.03959167,0.0,0.028166942,0.0,0.14617302
0.0,0.0,2.2095332e-07,0.019102195,0.0,0.015162166,0.0,0.054943595,0.0,0.031844728,0.0,0.08023775,0.0,0.18301792,0.0,0.05562339,0.0,0.086167604,0.0,0.06832296,0.0,0.02880647,0.0,0.021474874,0.0,0.06688861
0.0,0.0,4.7067573e-08,0.04004471,0.0,0.015547247,0.0,0.105178475,0.0,0.031245643,0.0,0.06537907,0.0,0.15984061,0.0,0.056225788,0.0,0.10108344,0.0,0.0458473,0.0,0.026171781,0.0,0.019353824,0.0,0.014610767
0.0,0.0,8.764655e-09,0.013078579,0.0,0.015619991,0.0,0.07125326,0.0,0.026987577,0.0,0.029110484,0.0,0.10231891,0.0,0.056773327,0.0,0.103791445,0.0,0.04076885,0.0,0.046166405,0.0,0.03340618,0.0,0.108030826
0.0,0.0,3.5286678e-09,0.05264081,0.0,0.016449053,0.0,0.11276266,0.0,0.030551791,0.0,0.15833089,0.0,0.066436924,0.0,0.058145218,0.0,0.09544557,0.0,0.06397324,0.0,0.035104398,0.0,0.026825307,0.0,0.043763757
0.0,0.0,8.03451e-10,0.0066204267,0.0,0.0152572775,0.0,0.04105219,0.0,0.037254386,0.0,0.15804556,0.0,0.040593524,0.0,0.056291427,0.0,0.06839804,0.0,0.04218578,0.0,0.025438495,0.0,0.018909559,0.0,0.08130183
0.0,0.0,1.3969174e-10,0.017499898,0.0,0.014645272,0.0,0.04193235,0.0,0.018041553,0.0,0.13414082,0.0,0.4800662,0.0,0.055394858,0.0,0.046242658,0.0,0.03996689,0.0,0.03820533,0.0,0.026778562,0.0,0.099839374
0.0,0.0,1.3932801e-10,0.018549085,0.0,0.014454016,0.0,0.06306926,0.0,0.02966211,0.0,0.15685377,0.0,0.39995947,0.0,0.054873116,0.0,0.06448174,0.0,0.042713556,0.0,0.025747266,0.0,0.018800104,0.0,0.025370808
0.0,0.0,8.7178965e-11,0.026604142,0.0,0.015025451,0.0,0.028067097,0.0,0.024513772,0.0,0.13094138,0.0,0.27100417,0.0,0.05567171,0.0,0.07880489,0.0,0.03962557,0.0,0.026342718,0.0,0.019303093,0.0,0.11409536
0.0,0.0,1.566071e-05,0.014936991,0.0,0.014774789,0.0,0.057194073,0.0,0.059658,0.0,0.08079149,0.0,0.15905358,0.0,0.055242695,0.0,0.078118786,0.0,0.059355527,0.0,0.03662509,0.0,0.026119893,0.0,0.08304804
0.0,0.0,3.398123e-05,0.025337113,0.0,0.014739607,0.0,0.020069964,0.0,0.025404155,0.0,0.09875086,0.0,0.18520692,0.0,0.055333003,0.0,0.07273721,0.0,0.041134838,0.0,0.02659949,0.0,0.019825988,0.0,0.021770531
0.0,0.0,2.169467e-05,0.0153858485,0.0,0.013483026,0.0,0.038525943,0.0,0.051683117,0.0,0.07440232,0.0,0.12411404,0.0,0.053458348,0.0,0.12331558,0.0,0.041235793,0.0,0.027391395,0.0,0.019361544,0.0,0.039215058
0.0,0.0,2.1637967e-05,0.023118662,0.0,0.013061032,0.0,0.021558454,0.0,0.032550775,0.0,0.04257366,0.0,0.12077376,0.0,0.052962344,0.0,0.09496855,0.0,0.036783334,0.0,0.02184211,0.0,0.015563318,0.0,0.07171508
0.0,0.0,1.5420079e-05,0.031439863,0.0,0.013552534,0.0,0.04576033,0.0,0.026334282,0.0,0.06638536,0.0,0.10193139,0.0,0.053631563,0.0,0.04047939,0.0,0.06505985,0.0,0.031563256,0.0,0.022049744,0.0,0.051398683
0.0,0.0,1.2771749e-05,0.011324974,0.0,0.013300349,0.0,0.010695454,0.0,0.027342046,0.0,0.05077777,0.0,0.116291106,0.0,0.053366616,0.0,0.08602895,0.0,0.04158371,0.0,0.023545034,0.0,0.017060217,0.0,0.010502248
0.0,0.0,1.7583961e-05,0.017907003,0.0,0.013046322,0.0,0.06144217,0.0,0.019614965,0.0,0.019955244,0.0,0.08199309,0.0,0.052770227,0.0,0.09617629,0.0,0.03734812,0.0,0.034971606,0.0,0.02448644,0.0,0.11715111
0.0,0.0,1.4235172e-05,0.016861938,0.0,0.012897117,0.0,0.020727418,0.0,0.02815077,0.0,0.18382725,0.0,0.05666851,0.0,0.052274603,0.0,0.09865937,0.0,0.062079545,0.0,0.024352439,0.0,0.017626598,0.0,0.04609118
0.0,0.0,1.4197956e-05,0.021868436,0.0,0.0126641635,0.0,0.07338437,0.0,0.018216124,0.0,0.19699037,0.0,0.030399064,0.0,0.05166496,0.0,0.1631889,0.0,0.039747998,0.0,0.02748274,0.0,0.01911215,0.0,0.05959365
0.0,0.0,1.6130813e-05,0.019293655,0.0,0.011928799,0.0,0.035897925,0.0,0.036540028,0.0,0.18414718,0.0,0.13853827,0.0,0.05025111,0.0,0.16774653,0.0,0.03592722,0.0,0.02090484,0.0,0.014878086,0.0,0.10167086
0.0,0.0,1.9091754e-05,0.014391845,0.0,0.012376601,0.0,0.05107724,0.0,0.014848007,0.0,0.20233202,0.0,0.17230888,0.0,0.050585452,0.0,0.13522129,0.0,0.057247978,0.0,0.03164937,0.0,0.022314833,0.0,0.040698353
0.0,0.0,1.6918848e-05,0.015847731,0.0,0.012892368,0.0,0.043915812,0.0,0.027682502,0.0,0.1644502,0.0,0.1440574,0.0,0.050980855,0.0,0.070293106,0.0,0.037276503,0.0,0.022561943,0.0,0.016335893,0.0,0.032818932
0.0,0.0,1.1929643e-05,0.017806502,0.0,0.011434571,0.0,0.056956403,0.0,0.009076978,0.0,0.111488335,0.0,0.10902723,0.0,0.04862753,0.0,0.039966673,0.0,0.041440208,0.0,0.03164562,0.0,0.021508403,0.0,0.060501833
0.0,0.0,4.139804e-05,0.018763538,0.0,0.013121188,0.0,0.028728837,0.0,0.025338145,0.0,0.11662937,0.0,0.09514746,0.0,0.05108117,0.0,0.110970706,0.0,0.03595865,0.0,0.023624698,0.0,0.017023234,0.0,0.047270644
0.0,0.0,2.9174844e-05,0.014244056,0.0,0.013305495,0.0,0.057306077,0.0,0.010484178,0.0,0.09265387,0.0,0.06397537,0.0,0.051431928,0.0,0.08570307,0.0,0.067508064,0.0,0.032919534,0.0,0.022967495,0.0,0.030896634
0.0,0.0,1.9760826e-05,0.009415717,0.0,0.01339831,0.0,0.016178066,0.0,0.018510511,0.0,0.05039641,0.0,0.059630986,0.0,0.051346716,0.0,0.05019083,0.0,0.042115748,0.0,0.022988725,0.0,0.016683972,0.0,0.0495437
0.0,0.0,1.5687943e-05,0.008532707,0.0,0.012798897,0.0,0.033955038,0.0,0.013777685,0.0,0.07108667,0.0,0.052898522,0.0,0.050355345,0.0,0.026617961,0.0,0.0341057,0.0,0.03172719,0.0,0.021690272,0.0,0.050487336
0.0,0.0,1.3376895e-05,0.01572305,0.0,0.012281333,0.0,0.042208698,0.0,0.029611278,0.0,0.051743012,0.0,0.03600199,0.0,0.049372118,0.0,0.1725723,0.0,0.08903198,0.0,0.021506388,0.0,0.015510144,0.0,0.051554997
0.0,0.0,1.3341894e-05,0.018634137,0.0,0.012889395,0.0,0.057053115,0.0,0.00996555,0.0,0.023004983,0.0,0.087559424,0.0,0.05047514,0.0,0.26349556,0.0,0.056540407,0.0,0.033927172,0.0,0.023675261,0.0,0.11106698
0.0,0.0,1.3306984e-05,0.009339755,0.0,0.0131248925,0.0,0.039520346,0.0,0.0127816405,0.0,0.138767,0.0,0.122341335,0.0,0.05077496,0.0,0.26262563,0.0,0.036520995,0.0,0.022769956,0.0,0.01639571,0.0,0.11271609
0.0,0.0,1.3272166e-05,0.008367835,0.0,0.011855591,0.0,0.046367176,0.0,0.023297831,0.0,0.14272863,0.0,0.08743308,0.0,0.048807167,0.0,0.22057533,0.0,0.038752694,0.0,0.024509683,0.0,0.0170401,0.0,0.034280136
0.0,0.0,1.3237439e-05,0.013036589,0.0,0.010653545,0.0,0.05392173,0.0,0.012383017,0.0,0.11892371,0.0,0.2272439,0.0,0.046499886,0.0,0.16883454,0.0,0.031174002,0.0,0.017780216,0.0,0.012405234,0.0,0.023363657
0.0,0.0,5.6570498e-06,0.009747463,0.0,0.010229888,0.0,0.03500323,0.0,0.017427467,0.0,0.11873236,0.0,0.1414345,0.0,0.045480754,0.0,0.14699845,0.0,0.08158777,0.0,0.024820093,0.0,0.016730536,0.0,0.015697217
0.0,0.0,4.9668597e-06,0.004699667,0.0,0.010261539,0.0,0.04096697,0.0,0.009544108,0.0,0.09296027,0.0,0.060794726,0.0,0.045285676,0.0,0.08985975,0.0,0.050880883,0.0,0.018502891,0.0,0.013058238,0.0,0.07362566
0.0,0.0,1.6414489e-06,0.0025478317,0.0,0.010062682,0.0,0.028188989,0.0,0.014792266,0.0,0.046126075,0.0,0.03257064,0.0,0.044578224,0.0,0.16830912,0.0,0.032096103,0.0,0.02460345,0.0,0.016491184,0.0,0.014388279
0.0,0.0,6.6084465e-07,0.0005343409,0.0,0.008989455,0.0,0.030638041,0.0,0.009782839,0.0,0.052974537,0.0,0.10669068,0.0,0.042238027,0.0,0.12539552,0.0,0.04770576,0.0,0.01536024,0.0,0.010432979,0.0,0.07435823
0.0,0.0,5.6349245e-07,0.00012814609,0.0,0.009242954,0.0,0.026717944,0.0,0.015399165,0.0,0.034355126,0.0,0.08415958,0.0,0.042227004,0.0,0.14050636,0.0,0.029471364,0.0,0.023047162,0.0,0.014885107,0.0,0.013849997
0.0,0.0,2.747399e-07,2.3549874e-05,0.0,0.008542453,0.0,0.024770442,0.0,0.0044063265,0.0,0.010833192,0.0,0.043370083,0.0,0.04048141,0.0,0.10985902,0.0,0.04901121,0.0,0.014571377,0.0,0.009740751,0.0,0.06068886
0.0,0.0,2.7402103e-07,9.656038e-06,0.0,0.008174001,0.0,0.017807083,0.0,0.002894487,0.0,0.08877642,0.0,0.025067857,0.0,0.039519377,0.0,0.07030195,0.0,0.028119285,0.0,0.017899267,0.0,0.011438121,0.0,0.010719905
0.0,0.0,2.3365367e-07,7.931799e-07,0.0,0.007611707,0.0,0.037135996,0.0,0.0048615118,0.0,0.10672796,0.0,0.32083565,0.0,0.037789226,0.0,0.14394562,0.0,0.03587294,0.0,0.0130165825,0.0,0.008614088,0.0,0.05801262
0.0,0.0,7.322756e-08,1.9502895e-07,0.0,0.0066846265,0.0,0.011402471,0.0,0.0027195993,0.0,0.0849449,0.0,0.21594349,0.0,0.03544531,0.0,0.114883974,0.0,0.025691902,0.0,0.014543608,0.0,0.0088436715,0.0,0.03203646
0.0,0.0,6.244005e-08,5.237224e-08,0.0,0.007427669,0.0,0.022690693,0.0,0.00754759,0.0,0.072042495,0.0,0.15538095,0.0,0.036658995,0.0,0.05790112,0.0,0.039954778,0.0,0.01487459,0.0,0.009466603,0.0,0.05040706
0.0,0.0,3.044364e-08,1.32594105e-08,0.0,0.0068553975,0.0,0.026118116,0.0,0.015768213,0.0,0.034517337,0.0,0.06394424,0.0,0.0349449,0.0,0.07236713,0.0,0.030421568,0.0,0.016417617,0.0,0.010144878,0.0,0.019453723
0.0,0.0,2.595884e-08,2.9340248e-09,0.0,0.0064587784,0.0,0.012986667,0.0,0.0067073414,0.0,0.007999434,0.0,0.046540048,0.0,0.033699118,0.0,0.05974669,0.0,0.02239849,0.0,0.011971931,0.0,0.0077905194,0.0,0.07308491
0.0,0.0,2.5890918e-08,4.791432e-10,0.0,0.005860658,0.0,0.018491007,0.0,0.012702673,0.0,0.031321604,0.0,0.034263603,0.0,0.031845436,0.0,0.049061418,0.0,0.07254394,0.0,0.014601457,0.0,0.008882551,0.0,0.012901827
0.0,0.0,2.20768e-08,1.1928873e-10,0.0,0.006267458,0.0,0.027353665,0.0,0.007927743,0.0,0.011519603,0.0,0.05334098,0.0,0.032408763,0.0,0.03067459,0.0,0.041595876,0.0,0.011727689,0.0,0.0076590446,0.0,0.06668211
0.0,0.0,1.3661729e-08,2.685843e-11,0.0,0.0056783822,0.0,0.01311339,0.0,0.012081424,0.0,0.1655859,0.0,0.059804067,0.0,0.030641979,0.0,0.10323162,0.0,0.03279173,0.0,0.013530026,0.0,0.008409042,0.0,0.014355119
0.0,0.0,1.3625982e-08,5.458868e-05,0.0,0.00575308,0.0,0.012682757,0.0,0.014038667,0.0,0.18261941,0.0,0.07584565,0.0,0.030415451,0.0,0.07014545,0.0,0.020912629,0.0,0.0109721925,0.0,0.0069336127,0.0,0.0551503
0.0,0.0,5.186431e-09,0.0020302015,0.0,0.005457953,0.0,0.01701098,0.0,0.015552233,0.0,0.14485009,0.0,0.029703628,0.0,0.029164877,0.0,0.031317078,0.0,0.06829066,0.0,0.01953919,0.0,0.011766348,0.0,0.010581106
0.0,0.0,5.1728604e-09,0.002813153,0.0,0.0053826324,0.0,0.008728755,0.0,0.006423558,0.0,0.11430139,0.0,0.055135723,0.0,0.02874656,0.0,0.02892077,0.0,0.046178795,0.0,0.011329672,0.0,0.0076693203,0.0,0.07672331
0.0,0.0,3.9090824e-09,0.0014158787,0.0,0.0045975177,0.0,0.012735233,0.0,0.006828121,0.0,0.072594635,0.0,0.029568246,0.0,0.026309546,0.0,0.18571584,0.0,0.02171416,0.0,0.012093412,0.0,0.007463777,0.0,0.013382096
0.0,0.0,2.4190472e-09,0.003398387,0.0,0.0041595954,0.0,0.010690182,0.0,0.010350339,0.0,0.049036283,0.0,0.062394574,0.0,0.024891924,0.0,0.08512785,0.0,0.03218257,0.0,0.0126653435,0.0,0.0077456394,0.0,0.04596262
0.0,0.0,2.4127176e-09,0.0010418108,0.0,0.0034690986,0.0,0.0058692596,0.0,0.0062724855,0.0,0.020894125,0.0,0.035201885,0.0,0.02254432,0.0,0.020689905,0.0,0.014758661,0.0,0.008334813,0.0,0.0051011704,0.0,0.019858336
0.0,0.0,9.713527e-10,0.0011637862,0.0,0.0033080592,0.0,0.007463165,0.0,0.0049038543,0.0,0.009625046,0.0,0.07453344,0.0,0.021575486,0.0,0.18270832,0.0,0.069392726,0.0,0.008768145,0.0,0.005143541,0.0,0.020202925
0.0,0.0,3.6972403e-10,0.0004912629,0.0,0.0030166416,0.0,0.0077754944,0.0,0.0022128967,0.0,0.026017193,0.0,0.03592425,0.0,0.02042252,0.0,0.07922553,0.0,0.04305013,0.0,0.007976677,0.0,0.0047273235,0.0,0.019349549
0.0,0.0,3.6875664e-10,0.00084818085,0.0,0.0027419026,0.0,0.010845864,0.0,0.002117233,0.0,0.009593469,0.0,0.020638645,0.0,0.019107636,0.0,0.019826956,0.0,0.017445311,0.0,0.007874462,0.0,0.0044388883,0.0,0.023453595
0.0,0.0,3.144333e-10,0.00091270293,0.0,0.0023255253,0.0,0.0072556445,0.0,0.00078046275,0.0,0.05100848,0.0,0.054396614,0.0,0.017293572,0.0,0.15891053,0.0,0.029351495,0.0,0.0059846723,0.0,0.0033426082,0.0,0.017226746
0.0,0.0,2.681126e-10,0.0010053096,0.0,0.0024282043,0.0,0.003399972,0.0,0.0017602354,0.0,0.030786201,0.0,0.036635794,0.0,0.017556997,0.0,0.05954174,0.0,0.015361937,0.0,0.01258502,0.0,0.006932764,0.0,0.026228143
0.0,0.0,1.079413e-10,0.0019157415,0.0,0.002400772,0.0,0.0011572023,0.0,0.0020532282,0.0,0.008564122,0.0,0.01371771,0.0,0.01737859,0.0,0.052834503,0.0,0.026881501,0.0,0.007934296,0.0,0.004716291,0.0,0.014168138
0.0,0.0,1.0765887e-10,0.00076148025,0.0,0.0021635199,0.0,0.0043682517,0.0,0.002532162,0.0,0.055005863,0.0,0.12609456,0.0,0.016284296,0.0,0.019463638,0.0,0.02617195,0.0,0.006574568,0.0,0.0037632377,0.0,0.01982008
0.0,0.0,1.0737717e-10,0.0005833302,0.0,0.002164863,0.0,0.0062304134,0.0,0.0013242828,0.0,0.040621743,0.0,0.060088992,0.0,0.016175438,0.0,0.15850802,0.0,0.015039504,0.0,0.0046440247,0.0,0.002593609,0.0,0.021346323
0.0,0.0,1.07096214e-10,0.0011383315,0.0,0.0018751114,0.0,0.007418765,0.0,0.0019457459,0.0,0.013846368,0.0,0.023403928,0.0,0.012756174,0.0,0.06780878,0.0,0.015271296,0.0,0.006852258,0.0,0.003500906,0.0,0.021757513
0.0,0.0,5.6184387e-11,0.00041098555,0.0,0.0011795476,0.0,0.0056006066,0.0,0.0007322701,0.0,0.037762236,0.0,0.14072439,0.0,0.007998618,0.0,0.016189793,0.0,0.018699603,0.0,0.003909291,0.0,0.002161246,0.0,0.015226186
0.0,0.0,5.603738e-11,0.0004911842,0.0,0.0006568747,0.0,0.0016015447,0.0,0.00071168225,0.0,0.01881678,0.0,0.08560642,0.0,0.0046585593,0.0,0.115849845,0.0,0.006115437,0.0,0.00310099,0.0,0.0016880096,0.0,0.015618712
0.0,0.0,5.5890754e-11,0.0015783901,0.0,0.00042177876,0.0,0.0022141808,0.0,0.0014846566,0.0,0.004529253,0.0,0.027076367,0.0,0.0028738445,0.0,0.055256296,0.0,0.020529285,0.0,0.002866563,0.0,0.0013891198,0.0,0.012236178
0.0,0.0,5.5744513e-11,0.0005334681,0.0,0.0002283381,0.0,0.0011544435,0.0,0.0008197456,0.0,0.009406287,0.0,0.036935795,0.0,0.0015943769,0.0,0.029105306,0.0,0.0034456428,0.0,0.0017026927,0.0,0.00085444725,0.0,0.009231291
0.0,0.0,5.5598654e-11,0.00031561183,0.0,0.000120460085,0.0,0.0008731912,0.0,0.0006086169,0.0,0.022794727,0.0,0.014934357,0.0,0.000883719,0.0,0.027543843,0.0,0.016626867,0.0,0.0026863369,0.0,0.0012617961,0.0,0.004438328
0.0,0.0,5.545318e-11,0.000347625,0.0,6.629957e-05,0.0,0.0007058693,0.0,0.0009824304,0.0,0.0070027546,0.0,0.051647652,0.0,0.00051349984,0.0,0.06475907,0.0,0.0020195046,0.0,0.0020797316,0.0,0.0010476345,0.0,0.0031402074
0.0,0.0,3.1486667e-11,0.0004731609,0.0,4.1283423e-05,0.0,0.0007828474,0.0,0.00081879226,0.0,0.032454614,0.0,0.0300376,0.0,0.00032089846,0.0,0.016529616,0.0,0.0059217634,0.0,0.0012258377,0.0,0.00064890314,0.0,0.0014952498
0.0,0.0,3.140428e-11,0.000715311,0.0,2.9077157e-05,0.0,0.0014894914,0.0,0.00094072666,0.0,0.014609569,0.0,0.08013669,0.0,0.00021067577,0.0,0.1822438,0.0,0.027753126,0.0,0.0019496237,0.0,0.00096419384,0.0,0.001110665
0.0,0.0,3.1322108e-11,0.0004984254,0.0,1.7662467e-05,0.0,0.0010613058,0.0,0.00045280243,0.0,0.0066076918,0.0,0.021417912,0.0,0.00013905806,0.0,0.051693823,0.0,0.005472181,0.0,0.0024629761,0.0,0.0011525793,0.0,0.0005108085
0.0,0.0,3.1240153e-11,0.00036696077,0.0,1.1636006e-05,0.0,0.00097139226,0.0,0.00053493696,0.0,0.025817752,0.0,0.034352317,0.0,0.000101766615,0.0,0.04208519,0.0,0.027093468,0.0,0.001674768,0.0,0.0008222213,0.0,0.00057206984
0.0,0.0,1.9332261e-11,0.0024973333,0.0,1.2885996e-05,0.0,0.0065383073,0.0,0.0037918997,0.0,0.012278988,0.0,0.0258439,0.0,8.3784886e-05,0.0,0.06707089,0.0,0.003530052,0.0,0.0035130016,0.0,0.0019974217,0.0,0.00235347
0.0,0.0,1.9281677e-11,0.00065441855,0.0,1.1181332e-05,0.0,0.010235326,0.0,0.0025015029,0.0,0.06006516,0.0,0.11936734,0.0,7.06097e-05,0.0,0.031106487,0.0,0.039351817,0.0,0.004248318,0.0,0.002422306,0.0,0.0028389879
0.0,0.0,1.9231226e-11,0.000345501,0.0,8.927637e-06,0.0,0.007020229,0.0,0.0023564645,0.0,0.041444663,0.0,0.09028097,0.0,6.3175605e-05,0.0,0.05073106,0.0,0.010970207,0.0,0.0025567675,0.0,0.0015018306,0.0,0.003818618
0.0,0.0,1.9180907e-11,0.0007672571,0.0,8.902363e-06,0.0,0.0031895754,0.0,0.00090397854,0.0,0.015698966,0.0,0.053425193,0.0,6.0340644e-05,0.0,0.024821477,0.0,0.0022891602,0.0,0.0070378007,0.0,0.0038849085,0.0,0.007124264
0.0,0.0,1.6355273e-11,0.0001569263,0.0,0.0025862346,0.0,0.0048599457,0.0,0.0010287379,0.0,0.011170964,0.0,0.01156964,0.0,0.023696188,0.0,0.11274602,0.0,0.036331657,0.0,0.0062941047,0.0,0.0036525899,0.0,0.011082702
0.0,0.0,8.580238e-12,2.7482633e-05,0.0,0.0040689036,0.0,0.0031880946,0.0,0.00082330604,0.0,0.010586836,0.0,0.09434362,0.0,0.03925264,0.0,0.026677184,0.0,0.025990358,0.0,0.0088632265,0.0,0.0046000993,0.0,0.0049335198
0.0,0.0,8.557788e-12,4.921783e-06,0.0,0.0050409986,0.0,0.004354359,0.0,0.0010531086,0.0,0.04136607,0.0,0.05128899,0.0,0.045561947,0.0,0.078656875,0.0,0.028464384,0.0,0.010586617,0.0,0.0055519617,0.0,0.00561642
0.0,0.0,8.535396e-12,1.2274918e-06,0.0,0.0053849807,0.0,0.0015097527,0.0,0.00060351373,0.0,0.025519853,0.0,0.011700109,0.0,0.045446765,0.0,0.027035095,0.0,0.033867724,0.0,0.010280449,0.0,0.005261071,0.0,0.005339472
0.0,0.0,3.248811e-12,1.5036977e-07,0.0,0.0056502456,0.0,0.0014831875,0.0,0.00126371,0.0,0.010315545,0.0,0.13971922,0.0,0.042650945,0.0,0.07590423,0.0,0.02432491,0.0,0.011216884,0.0,0.0060687154,0.0,0.006987162
0.0,0.0,9.834918e-13,1.4916502e-07,0.0,0.0047658086,0.0,0.0020513549,0.0,0.000626688,0.0,0.040796295,0.0,0.09004586,0.0,0.035669893,0.0,0.030168464,0.0,0.040880118,0.0,0.00861478,0.0,0.004568482,0.0,0.007299442
0.0,0.0,9.809185e-13,7.8333564e-08,0.0,0.003266798,0.0,0.0010970454,0.0,0.00047541357,0.0,0.022272857,0.0,0.033222493,0.0,0.026701942,0.0,0.024504296,0.0,0.017669315,0.0,0.006111844,0.0,0.0031666644,0.0,0.0047777267
0.0,0.0,9.783518e-13,7.930104e-10,0.0,0.0024380402,0.0,0.0026549504,0.0,0.00083130883,0.0,0.015835056,0.0,0.033428915,0.0,0.019852428,0.0,0.10944384,0.0,0.029526992,0.0,0.0043468326,0.0,0.0022442872,0.0,0.0033576179
0.0,0.0,7.847298e-13,1.373179e-10,0.0,0.0015390991,0.0,0.001821841,0.0,0.0004763648,0.0,0.006008306,0.0,0.014418345,0.0,0.013210984,0.0,0.02337185,0.0,0.009460166,0.0,0.004261643,0.0,0.0020342758,0.0,0.0017444445
0.0,0.0,7.1600256e-13,1.3018304e-09,0.0,0.0010957515,0.0,0.0003617889,0.0,0.00027043305,0.0,0.021918032,0.0,0.08133912,0.0,0.009125207,0.0,0.091069184,0.0,0.028907195,0.0,0.0032543587,0.0,0.0016560928,0.0,0.0012593217
0.0,0.0,7.141291e-13,1.2114397e-10,0.0,0.000684532,0.0,0.00047900277,0.0,0.00016207289,0.0,0.008541893,0.0,0.029031679,0.0,0.0057217176,0.0,0.02380453,0.0,0.007005936,0.0,0.001790349,0.0,0.0009150391,0.0,0.000958009
0.0,0.0,7.1226055e-13,7.35032e-13,0.0,0.00042744697,0.0,0.00044559335,0.0,9.2292954e-05,0.0,0.01892984,0.0,0.016753366,0.0,0.0034816996,0.0,0.0705666,0.0,0.017829511,0.0,0.0016343597,0.0,0.0007639527,0.0,0.00059865107
0.0,0.0,7.103969e-13,1.2737607e-13,0.0,0.00021554697,0.0,0.00059416436,0.0,0.000103980325,0.0,0.0074947383,0.0,0.0481439,0.0,0.0019179361,0.0,0.008075276,0.0,0.0027408993,0.0,0.0004790429,0.0,0.0002680677,0.0,0.00041585194
0.0,0.0,6.0574484e-13,2.7123577e-14,0.0,0.00012096724,0.0,0.00023781887,0.0,4.667966e-05,0.0,0.0073629087,0.0,0.017380306,0.0,0.001109992,0.0,0.02477345,0.0,0.0048609753,0.0,0.0005120545,0.0,0.00023153055,0.0,0.00034742974
0.0,0.0,6.041599e-13,5.1977313e-15,0.0,6.421784e-05,0.0,0.00019119907,0.0,2.6089236e-05,0.0,0.0027546752,0.0,0.029186826,0.0,0.00062508247,0.0,0.045272604,0.0,0.008269416,0.0,0.00025443546,0.0,0.000117969445,0.0,0.00021322716
0.0,0.0,2.7515962e-13,7.598943e-12,0.0,4.1787138e-05,0.0,0.00042508135,0.0,3.4564884e-05,0.0,0.0033405386,0.0,0.013618906,0.0,0.00039766394,0.0,0.008901816,0.0,0.008104158,0.0,0.0010392019,0.0,0.0004187256,0.0,0.0002951253
0.0,0.0,2.7443965e-13,2.563383e-12,0.0,2.5654472e-05,0.0,0.00073071197,0.0,2.5206184e-05,0.0,0.013337433,0.0,0.049896836,0.0,0.00025051818,0.0,0.057833083,0.0,0.005222382,0.0,0.00034141858,0.0,0.00017641448,0.0,0.0002828006
0.0,0.0,2.7372156e-13,6.7756174e-12,0.0,1.5294161e-05,0.0,0.00058536994,0.0,5.143603e-05,0.0,0.0035949014,0.0,0.01201753,0.0,0.0001633015,0.0,0.008479497,0.0,0.006758049,0.0,0.00022201841,0.0,9.9029094e-05,0.0,0.00017558644
0.0,0.0,2.7300536e-13,1.3486729e-12,0.0,1.1192397e-05,0.0,0.00069893064,0.0,5.7961395e-05,0.0,0.009138319,0.0,0.057556603,0.0,0.0001210836,0.0,0.061075922,0.0,0.007855902,0.0,0.00073286047,0.0,0.0003022543,0.0,0.00016952162
0.0,0.0,2.7229103e-13,2.6120095e-13,0.0,7.4446634e-06,0.0,0.0005147928,0.0,5.5821478e-05,0.0,0.0062150587,0.0,0.014613631,0.0,9.2388145e-05,0.0,0.009762063,0.0,0.006255995,0.0,0.00020252317,0.0,0.000108313834,0.0,9.184327e-05
0.0,0.0,2.7157855e-13,1.3371008e-19,0.0,6.801319e-06,0.0,0.0005552886,0.0,6.287744e-05,0.0,0.016793886,0.0,0.037092727,0.0,8.158855e-05,0.0,0.06454689,0.0,0.008678788,0.0,0.000570291,0.0,0.0002269608,0.0,3.665163e-05
0.0,0.0,2.7086796e-13,2.2315833999999998e-20,0.0,6.4863752e-06,0.0,0.00034202944,0.0,0.00010942347,0.0,0.005483585,0.0,0.015162582,0.0,7.421048e-05,0.0,0.014155259,0.0,0.002908122,0.0,0.00017906187,0.0,9.522255e-05,0.0,1.1084451e-05
0.0,0.0,1.2336456e-13,5.350545e-21,0.0,5.183385e-06,0.0,0.0003564842,0.0,5.04934e-05,0.0,0.0068662507,0.0,0.027698277,0.0,6.650681e-05,0.0,0.060756873,0.0,0.00772086,0.0,0.00086884125,0.0,0.00031927373,0.0,2.8358086e-06
0.0,0.0,1.2304177e-13,1.0990599e-21,0.0,4.8928646e-06,0.0,0.00022479464,0.0,4.2516596e-05,0.0,0.005129055,0.0,0.012244328,0.0,6.5071385e-05,0.0,0.009090451,0.0,0.006489424,0.0,0.00019326959,0.0,0.00010991322,0.0,9.1870146e-07
0.0,0.0,1.2271983e-13,5.441097500000001e-22,0.0,0.00015783194,0.0,0.00029843347,0.0,2.593501e-05,0.0,0.008721429,0.0,0.033382263,0.0,0.003115928,0.0,0.059828784,0.0,0.0065046395,0.0,0.00057848427,0.0,0.00021522155,0.0,4.4199356e-07
0.0,0.0,1.2239873e-13,6.3672075e-23,0.0,0.0007712965,0.0,0.0005685153,0.0,5.6267658e-05,0.0,0.0030381659,0.0,0.01369344,0.0,0.010863914,0.0,0.025804233,0.0,0.015557494,0.0,0.0010414527,0.0,0.000435581,0.0,8.577744e-07
0.0,0.0,1.2207847e-13,6.0121874e-24,0.0,0.0008592558,0.0,0.0004884941,0.0,6.2329345e-05,0.0,0.00818994,0.0,0.037922237,0.0,0.010365092,0.0,0.031795792,0.0,0.0055658217,0.0,0.002189249,0.0,0.00092759327,0.0,1.6966289e-06
0.0,0.0,7.554549e-14,1.0511475e-24,0.0,0.0006313836,0.0,0.0003149737,0.0,4.3476877e-05,0.0,0.0028819155,0.0,0.008758725,0.0,0.0073981932,0.0,0.01979963,0.0,0.007093234,0.0,0.0013122862,0.0,0.000586756,0.0,1.5717768e-06
0.0,0.0,7.534782e-14,1.9470542e-25,0.0,0.00037152486,0.0,0.00020746002,0.0,2.3960567e-05,0.0,0.0029261508,0.0,0.02083199,0.0,0.004517518,0.0,0.030264085,0.0,0.00816382,0.0,0.00090668496,0.0,0.00038613525,0.0,9.595154e-07
0.0,0.0,7.5150674e-14,3.522391e-26,0.0,0.00023829147,0.0,6.5085645e-05,0.0,2.8072664e-05,0.0,0.0043819714,0.0,0.013788061,0.0,0.0028837076,0.0,0.024824185,0.0,0.011112368,0.0,0.00050303206,0.0,0.00023585754,0.0,6.7512013e-07
0.0,0.0,7.495404e-14,6.2939733e-27,0.0,0.00015926137,0.0,9.6582306e-05,0.0,3.0429763e-05,0.0,0.0056346008,0.0,0.0075551476,0.0,0.0018403673,0.0,0.033864673,0.0,0.0029810702,0.0,0.00043949104,0.0,0.00018504188,0.0,4.6343996e-07
0.0,0.0,7.4757915e-14,1.2318702e-27,0.0,0.00010893076,0.0,0.00012861803,0.0,2.7794595e-05,0.0,0.0034659957,0.0,0.02808054,0.0,0.0011596248,0.0,0.036268108,0.0,0.003976671,0.0,0.00068306556,0.0,0.00026965476,0.0,5.0897955e-07
0.0,0.0,7.456231e-14,6.527212000000001e-27,0.0,7.270318e-05,0.0,0.00036049195,0.0,3.8885737e-05,0.0,0.016242394,0.0,0.00501998,0.0,0.00072385545,0.0,0.010804855,0.0,0.00585325,0.0,0.00022128719,0.0,0.000112517824,0.0,3.4058587e-07
0.0,0.0,7.4367216e-14,3.7806905e-29,0.0,4.236219e-05,0.0,0.00021790403,0.0,4.8169662e-05,0.0,0.004563061,0.0,0.025364185,0.0,0.00042764057,0.0,0.062268443,0.0,0.0072850473,0.0,0.0002864455,0.0,0.00012036534,0.0,2.7426634e-07
0.0,0.0,7.417263e-14,6.645324e-30,0.0,2.7497235e-05,0.0,9.974805e-05,0.0,7.1028015e-05,0.0,0.007355178,0.0,0.004320928,0.0,0.00027826763,0.0,0.014452787,0.0,0.005992171,0.0,0.0003924546,0.0,0.00016457173,0.0,2.9832037e-07
0.0,0.0,6.658843e-14,1.2144912e-30,0.0,1.7830756e-05,0.0,0.00013883496,0.0,0.00010571373,0.0,0.0035156119,0.0,0.011984107,0.0,0.00018743906,0.0,0.096230775,0.0,0.007919097,0.0,0.00013353693,0.0,6.778944e-05,0.0,1.9871028e-07
0.0,0.0,3.6674955e-14,2.1077166e-31,0.0,1.3791023e-05,0.0,0.0001971124,0.0,0.00013878678,0.0,0.010713328,0.0,0.061088428,0.0,0.00013502402,0.0,0.020945936,0.0,0.012076421,0.0,0.0002937084,0.0,0.00013300114,0.0,3.6819026e-07
0.0,0.0,3.6578992e-14,1.7770310000000001e-29,0.0,9.471974e-06,0.0,0.00015804483,0.0,0.00012867719,0.0,0.0024044511,0.0,0.013060025,0.0,0.0001006026,0.0,0.08274103,0.0,0.0017426744,0.0,0.00011338741,0.0,6.036356e-05,0.0,2.928166e-07
0.0,0.0,8.220749e-15,1.16188525e-29,0.0,8.378893e-06,0.0,0.00034439805,0.0,0.0001253218,0.0,0.006141106,0.0,0.05976321,0.0,8.5467145e-05,0.0,0.024317062,0.0,0.004413061,0.0,0.00036936766,0.0,0.00016115683,0.0,4.4447438e-07
0.0,0.0,8.199239e-15,1.9001984e-09,0.0,6.566898e-06,0.0,0.00027434033,0.0,0.00013035836,0.0,0.013328423,0.0,0.012431397,0.0,7.248387e-05,0.0,0.037799038,0.0,0.015323059,0.0,0.00016753281,0.0,8.618651e-05,0.0,3.960425e-07
0.0,0.0,8.1777855e-15,2.217761e-08,0.0,5.797459e-06,0.0,0.0001477305,0.0,0.00015283756,0.0,0.0036553922,0.0,0.06754183,0.0,6.73801e-05,0.0,0.028277896,0.0,0.0018677271,0.0,0.0009162229,0.0,0.00037897378,0.0,8.05554e-07
0.0,0.0,8.156388e-15,2.2946322e-08,0.0,6.0607317e-06,0.0,0.00024332869,0.0,0.00017069669,0.0,0.005492687,0.0,0.016597813,0.0,6.530304e-05,0.0,0.025449825,0.0,0.00404514,0.0,0.00050229183,0.0,0.00024619678,0.0,7.732484e-07
0.0,0.0,8.135046e-15,2.841327e-08,0.0,6.0786415e-06,0.0,0.00022733265,0.0,0.00025486774,0.0,0.021845289,0.0,0.04768822,0.0,6.374133e-05,0.0,0.059175324,0.0,0.011245961,0.0,0.0016038837,0.0,0.00069773546,0.0,1.6014341e-06
0.0,0.0,8.11376e-15,3.436254e-08,0.0,5.8539003e-06,0.0,0.0003378875,0.0,0.0002095161,0.0,0.0069994237,0.0,0.008151685,0.0,6.205309e-05,0.0,0.0073772147,0.0,0.004003697,0.0,0.0008676058,0.0,0.00044202295,0.0,1.9039691e-06
0.0,0.0,8.09253e-15,6.85577e-08,0.0,6.8354657e-06,0.0,0.000800371,0.0,0.00042744877,0.0,0.03533774,0.0,0.13196602,0.0,6.1746265e-05,0.0,0.06472679,0.0,0.018102087,0.0,0.00013474161,0.0,0.000103081635,0.0,1.428224e-06
0.0,0.0,3.45827e-15,3.8797972e-07,0.0,7.0551027e-06,0.0,0.0017642676,0.0,0.0015386496,0.0,0.02255625,0.0,0.07578681,0.0,5.9415586e-05,0.0,0.009868206,0.0,0.004315747,0.0,0.00070153037,0.0,0.000348201,0.0,1.7658042e-06
0.0,0.0,3.4492213e-15,3.6313713e-07,0.0,0.0005675398,0.0,0.00096437306,0.0,0.00081576227,0.0,0.0060394625,0.0,0.019630443,0.0,0.008126315,0.0,0.07908036,0.0,0.020387461,0.0,0.0012632675,0.0,0.00057327107,0.0,1.7500611e-06
0.0,0.0,1.0809927e-15,2.380532e-07,0.0,0.0013183391,0.0,0.0036188306,0.0,0.00074714224,0.0,0.022840003,0.0,0.039947312,0.0,0.014357603,0.0,0.011358059,0.0,0.008181765,0.0,0.003638573,0.0,0.0016690803,0.0,4.76599e-06
0.0,0.0,1.0781641e-15,1.8438163e-07,0.0,0.0014735287,0.0,0.002322186,0.0,0.0010295645,0.0,0.007897386,0.0,0.010164739,0.0,0.013218402,0.0,0.10557934,0.0,0.03605338,0.0,0.0041381097,0.0,0.0020962036,0.0,9.381667e-06
0.0,0.0,3.8925436e-16,7.3915226e-07,0.0,0.0014109006,0.0,0.0017308737,0.0,0.0023938434,0.0,0.04194043,0.0,0.17170744,0.0,0.010452232,0.0,0.015230963,0.0,0.015888184,0.0,0.004618694,0.0,0.002503509,0.0,1.7816537e-05
0.0,0.0,3.3191142000000004e-16,6.863326e-07,0.0,0.0009477082,0.0,0.0031700197,0.0,0.00092092843,0.0,0.020762933,0.0,0.08879444,0.0,0.006789981,0.0,0.12356684,0.0,0.0061827963,0.0,0.003720071,0.0,0.0020483243,0.0,1.7172883e-05
0.0,0.0,2.8301594e-16,5.19121e-07,0.0,0.0007072911,0.0,0.004587844,0.0,0.000495191,0.0,0.0053012134,0.0,0.08061086,0.0,0.0044864547,0.0,0.031076042,0.0,0.031917542,0.0,0.0035410759,0.0,0.001979551,0.0,1.8622544e-05
0.0,0.0,2.822754e-16,6.548059e-07,0.0,0.00048533533,0.0,0.004385961,0.0,0.002197313,0.0,0.015022389,0.0,0.042505294,0.0,0.002800257,0.0,0.055071205,0.0,0.005944943,0.0,0.004038217,0.0,0.002306829,0.0,2.3008874e-05
0.0,0.0,1.2855999e-16,1.3743863e-06,0.0,0.00032349996,0.0,0.0025574435,0.0,0.0021571435,0.0,0.00852602,0.0,0.026428353,0.0,0.001719877,0.0,0.07085841,0.0,0.03566883,0.0,0.0033247778,0.0,0.001935666,0.0,2.1092797e-05
0.0,0.0,1.0962118999999999e-16,2.0684222e-06,0.0,0.00020628898,0.0,0.0017606693,0.0,0.003530041,0.0,0.097861595,0.0,0.07124404,0.0,0.0010325784,0.0,0.035166062,0.0,0.0102226585,0.0,0.003585591,0.0,0.0021279783,0.0,7.3493125e-06
0.0,0.0,1.09334364e-16,7.975058e-06,0.0,0.00012570462,0.0,0.002701867,0.0,0.002251681,0.0,0.09094986,0.0,0.021151697,0.0,0.0006075059,0.0,0.03169759,0.0,0.028262915,0.0,0.0024461031,0.0,0.0015114042,0.0,2.8009358e-06
0.0,0.0,1.09048286e-16,9.110086e-06,0.0,7.406175e-05,0.0,0.0021618274,0.0,0.005652346,0.0,0.080942385,0.0,0.18575673,0.0,0.00036042102,0.0,0.047716543,0.0,0.012241239,0.0,0.004966512,0.0,0.0029487272,0.0,1.927935e-06
0.0,0.0,9.298385e-17,8.379215e-06,0.0,4.33266e-05,0.0,0.004204029,0.0,0.00848209,0.0,0.047182538,0.0,0.131043,0.0,0.0002213475,0.0,0.017135212,0.0,0.0019273494,0.0,0.0012737202,0.0,0.00091250276,0.0,1.1525781e-06
0.0,0.0,7.0267034e-17,5.0194917e-06,0.0,3.0100944e-05,0.0,0.007120342,0.0,0.0052292557,0.0,0.017377527,0.0,0.07351868,0.0,0.00014945885,0.0,0.29710156,0.0,0.019894434,0.0,0.0036776222,0.0,0.0021703928,0.0,1.3824141e-06
0.0,0.0,7.0083175e-17,2.8331315e-06,0.0,2.2491626e-05,0.0,0.006336883,0.0,0.0050477996,0.0,0.14275084,0.0,0.07025376,0.0,0.00010823855,0.0,0.12084464,0.0,0.0022766527,0.0,0.0025719749,0.0,0.001645576,0.0,1.5013354e-06
0.0,0.0,5.2961205e-17,3.391545e-06,0.0,1.6926608e-05,0.0,0.020049995,0.0,0.009940568,0.0,0.16698733,0.0,0.30523288,0.0,8.118322e-05,0.0,0.076023124,0.0,0.03094934,0.0,0.011884467,0.0,0.007448593,0.0,7.2922103e-06
0.0,0.0,3.602163e-17,3.508944e-06,0.0,1.4283473e-05,0.0,0.018590083,0.0,0.021614302,0.0,0.14693244,0.0,0.22916546,0.0,6.7311e-05,0.0,0.049947392,0.0,0.0045209783,0.0,0.0024008132,0.0,0.0019582543,0.0,1.1781214e-05
0.0,0.0,9.048388e-18,2.2637012e-05,0.0,1.2102228e-05,0.0,0.021750305,0.0,0.0050093387,0.0,0.10824839,0.0,0.14728966,0.0,5.9912687e-05,0.0,0.020624923,0.0,0.06247639,0.0,0.0079592625,0.0,0.0047910325,0.0,1.0722854e-05
0.0,0.0,5.136949e-18,5.2066875e-06,0.0,1.1474524e-05,0.0,0.022048175,0.0,0.011536639,0.0,0.086569406,0.0,0.13731402,0.0,5.355366e-05,0.0,0.27878946,0.0,0.0376659,0.0,0.00089094543,0.0,0.00084972975,0.0,1.1591969e-05
0.0,0.0,5.123508000000001e-18,1.2877055e-06,0.0,0.00848457,0.0,0.011536982,0.0,0.01730706,0.0,0.049240813,0.0,0.06938813,0.0,0.051388215,0.0,0.074395835,0.0,0.043437853,0.0,0.019165296,0.0,0.012427318,0.0,0.00023272319
0.0,0.0,5.110102199999999e-18,3.4269618e-07,0.0,0.015247273,0.0,0.041358653,0.0,0.012112093,0.0,0.013354725,0.0,0.044785153,0.0,0.07248797,0.0,0.17716932,0.0,0.04990783,0.0,0.03917074,0.0,0.026935004,0.0,0.0032309606
0.0,0.0,5.0967312e-18,9.964462e-08,0.0,0.018551853,0.0,0.024556762,0.0,0.019609401,0.0,0.2572381,0.0,0.075474896,0.0,0.07892219,0.0,0.12090891,0.0,0.055914614,0.0,0.03399944,0.0,0.023746848,0.0,0.010527989
0.0,0.0,5.0833954e-18,2.8846005e-08,0.0,0.019626416,0.0,0.04337189,0.0,0.023793276,0.0,0.25347778,0.0,0.07305925,0.0,0.07934562,0.0,0.056405943,0.0,0.05490309,0.0,0.04206949,0.0,0.029417759,0.0,0.04683535
0.0,0.0,3.7902505e-15,8.6392e-09,0.0,0.020435963,0.0,0.0341976,0.0,0.019509662,0.0,0.21736482,0.0,0.07250289,0.0,0.0781399,0.0,0.05661896,0.0,0.057979327,0.0,0.03618657,0.0,0.026434654,0.0,0.012784923
0.0,0.0,2.985901e-14,2.5047588e-09,0.0,0.02006771,0.0,0.08713714,0.0,0.018901035,0.0,0.19361803,0.0,0.07684938,0.0,0.07509263,0.0,0.03404671,0.0,0.053701438,0.0,0.05174119,0.0,0.037148066,0.0,0.06122493
0.0,0.0,2.5460018e-14,5.322032e-10,0.0,0.018350573,0.0,0.11667453,0.0,0.010226375,0.0,0.14127682,0.0,0.056180764,0.0,0.07061977,0.0,0.067156024,0.0,0.05422239,0.0,0.0373277,0.0,0.027460536,0.0,0.11383027
0.0,0.0,1.1595411e-14,1.7421001e-10,0.0,0.019000592,0.0,0.09660442,0.0,0.07735781,0.0,0.08863915,0.0,0.08495215,0.0,0.0690333,0.0,0.24841651,0.0,0.05107666,0.0,0.034421824,0.0,0.02586306,0.0,0.060376555
0.0,0.0,2.3296394e-15,4.405581e-11,0.0,0.019609509,0.0,0.14291614,0.0,0.05282507,0.0,0.112186745,0.0,0.089208655,0.0,0.06836832,0.0,0.31734586,0.0,0.05306755,0.0,0.048454434,0.0,0.035203226,0.0,0.09849448
0.0,0.0,4.3651695000000005e-16,1.621602e-11,0.0,0.01934212,0.0,0.08540071,0.0,0.032614432,0.0,0.09935616,0.0,0.19771065,0.0,0.06661103,0.0,0.3106331,0.0,0.047252245,0.0,0.036520395,0.0,0.027647395,0.0,0.099815995
0.0,0.0,8.1931816e-17,4.9966403e-12,0.0,0.018947579,0.0,0.071838334,0.0,0.022631206,0.0,0.05540797,0.0,0.1534475,0.0,0.06467934,0.0,0.2697677,0.0,0.055117033,0.0,0.029786034,0.0,0.022204624,0.0,0.024039928
0.0,0.0,1.0897591e-13,2.3399776e-12,0.0,0.0195164,0.0,0.1248977,0.0,0.070845336,0.0,0.08593534,0.0,0.113353886,0.0,0.06458634,0.0,0.21428354,0.0,0.04820356,0.0,0.05595873,0.0,0.04118272,0.0,0.15206364
0.0,0.0,4.2517487e-13,0.029060418,0.0,0.018554758,0.0,0.10399718,0.0,0.031152504,0.0,0.060591955,0.0,0.11427116,0.0,0.06285872,0.0,0.14545926,0.0,0.050398845,0.0,0.04320718,0.0,0.033000037,0.0,0.09431681
0.0,0.0,1.816901e-13,0.010846133,0.0,0.018489596,0.0,0.07423055,0.0,0.030654116,0.0,0.023271637,0.0,0.08686029,0.0,0.06254382,0.0,0.116634674,0.0,0.045279916,0.0,0.032863293,0.0,0.025105115,0.0,0.124571644
0.0,0.0,1.3729806e-13,0.047917712,0.0,0.01927387,0.0,0.1049349,0.0,0.0429308,0.0,0.37126526,0.0,0.21253207,0.0,0.06338921,0.0,0.12593666,0.0,0.05861046,0.0,0.03429171,0.0,0.025978899,0.0,0.070255846
0.0,0.0,1.0375226e-13,0.00820767,0.0,0.02012053,0.0,0.040999286,0.0,0.021903865,0.0,0.33528942,0.0,0.22558397,0.0,0.06449231,0.0,0.13025658,0.0,0.047749408,0.0,0.035078626,0.0,0.026725939,0.0,0.20959415
0.0,0.0,5.8909705e-14,0.022771884,0.0,0.019156434,0.0,0.058193747,0.0,0.03946966,0.0,0.25604925,0.0,0.1943647,0.0,0.063786544,0.0,0.11896167,0.0,0.050681226,0.0,0.033229224,0.0,0.025571447,0.0,0.14224929
0.0,0.0,1.876483e-14,0.010785449,0.0,0.020260802,0.0,0.086970545,0.0,0.007711361,0.0,0.24599661,0.0,0.1711519,0.0,0.06548095,0.0,0.09340845,0.0,0.049480554,0.0,0.055635788,0.0,0.042215824,0.0,0.15753824
0.0,0.0,7.839246e-15,0.044337016,0.0,0.021837795,0.0,0.039938286,0.0,0.069676146,0.0,0.19765125,0.0,0.19208567,0.0,0.06837899,0.0,0.044128787,0.0,0.05475663,0.0,0.04567325,0.0,0.03590915,0.0,0.083199896
0.0,0.0,2.51738e-15,0.005390732,0.0,0.02371602,0.0,0.014531753,0.0,0.071636446,0.0,0.12969927,0.0,0.17106235,0.0,0.07117741,0.0,0.2078515,0.0,0.052965973,0.0,0.038076855,0.0,0.02997774,0.0,0.019774375
0.0,0.0,5.524596e-16,0.008832116,0.0,0.023007428,0.0,0.17218757,0.0,0.042450204,0.0,0.109232776,0.0,0.13238406,0.0,0.071168505,0.0,0.1901282,0.0,0.053265084,0.0,0.050231576,0.0,0.037992332,0.0,0.122678466
0.0,0.0,3.193036e-16,0.02753629,0.0,0.023207018,0.0,0.2258584,0.0,0.045021057,0.0,0.070502624,0.0,0.109399036,0.0,0.07214465,0.0,0.1464631,0.0,0.053331494,0.0,0.039575078,0.0,0.030826012,0.0,0.054436047
0.0,0.0,2.3058566e-16,0.014736606,0.0,0.023263318,0.0,0.27073157,0.0,0.030110387,0.0,0.04690308,0.0,0.082496084,0.0,0.072754286,0.0,0.09011365,0.0,0.055549126,0.0,0.038315672,0.0,0.0297367,0.0,0.13096014
0.0,0.0,9.9932305e-17,0.030780898,0.0,0.02264896,0.0,0.28457427,0.0,0.03284195,0.0,0.49293542,0.0,0.20577742,0.0,0.072589226,0.0,0.03778149,0.0,0.053315673,0.0,0.056135505,0.0,0.041582253,0.0,0.20931487
0.0,0.0,9.297778e-14,0.016058888,0.0,0.022880325,0.0,0.2926447,0.0,0.03747116,0.0,0.43921748,0.0,0.15663189,0.0,0.07329674,0.0,0.05462596,0.0,0.057770096,0.0,0.046723485,0.0,0.036715277,0.0,0.14358999
0.0,0.0,2.5548547e-13,0.076974474,0.0,0.025183463,0.0,0.18850434,0.0,0.035774395,0.0,0.30716914,0.0,0.12216546,0.0,0.07652448,0.0,0.39542922,0.0,0.058206487,0.0,0.041050524,0.0,0.032321505,0.0,0.08429535
0.0,0.0,8.749116e-14,0.052862164,0.0,0.025652146,0.0,0.20446517,0.0,0.049403053,0.0,0.27364284,0.0,0.6079863,0.0,0.07747917,0.0,0.41412887,0.0,0.058658384,0.0,0.061928865,0.0,0.047139052,0.0,0.25676638
0.0,0.0,4.5443802e-14,0.03253464,0.0,0.024943048,0.0,0.22315277,0.0,0.02956749,0.0,0.22993165,0.0,0.4265557,0.0,0.077291705,0.0,0.3647475,0.0,0.05949697,0.0,0.05118246,0.0,0.04071541,0.0,0.16868982
0.0,0.0,4.6802224e-08,0.028849252,0.0,0.025887052,0.0,0.22050098,0.0,0.030886762,0.0,0.172734,0.0,0.29983956,0.0,0.07903533,0.0,0.30587578,0.0,0.06093053,0.0,0.04364321,0.0,0.03470516,0.0,0.110920265
0.0,0.0,7.584202e-08,0.021921055,0.0,0.025609713,0.0,0.22105178,0.0,0.03126947,0.0,0.16933261,0.0,0.24116603,0.0,0.07964104,0.0,0.23992704,0.0,0.061731704,0.0,0.057476167,0.0,0.044522397,0.0,0.12481405
0.0,0.0,3.697627e-08,0.025774084,0.0,0.02685,0.0,0.08173864,0.0,0.045434836,0.0,0.13664773,0.0,0.15770403,0.0,0.081586786,0.0,0.17071746,0.0,0.0623517,0.0,0.047237396,0.0,0.03752227,0.0,0.052282263
0.0,0.0,3.1527655e-08,0.03672275,0.0,0.02859307,0.0,0.20306972,0.0,0.03963777,0.0,0.07562534,0.0,0.062490113,0.0,0.08407526,0.0,0.10033965,0.0,0.06437632,0.0,0.04626234,0.0,0.036762442,0.0,0.013837097
0.0,0.0,9.8539426e-09,0.030004444,0.0,0.028631512,0.0,0.16669627,0.0,0.047386423,0.0,0.49414438,0.0,0.06806753,0.0,0.084875666,0.0,0.047869276,0.0,0.064775206,0.0,0.069158375,0.0,0.053374812,0.0,0.2662656
0.0,0.0,5.6235843e-09,0.023676125,0.0,0.026889997,0.0,0.1968596,0.0,0.028578997,0.0,0.44177645,0.0,0.09527544,0.0,0.08356924,0.0,0.020143962,0.0,0.064037,0.0,0.058038417,0.0,0.045976244,0.0,0.18725827
0.0,0.0,2.8510518e-09,0.03285201,0.0,0.026482888,0.0,0.23466706,0.0,0.030053424,0.0,0.31737807,0.0,0.13114119,0.0,0.08376815,0.0,0.55275375,0.0,0.06354986,0.0,0.047334727,0.0,0.037344705,0.0,0.111328535
0.0,0.0,6.440952e-10,0.007877024,0.0,0.027536172,0.0,0.21599008,0.0,0.025451541,0.0,0.23447046,0.0,0.07532631,0.0,0.08561755,0.0,0.2395928,0.0,0.064722285,0.0,0.046849728,0.0,0.03651891,0.0,0.08429838
0.0,0.0,1.2707818e-10,0.04418256,0.0,0.029146489,0.0,0.1842845,0.0,0.05577643,0.0,0.14658336,0.0,0.020294024,0.0,0.087931536,0.0,0.122026324,0.0,0.06733745,0.0,0.055619135,0.0,0.043118276,0.0,0.024482029
0.0,0.0,2.3559953e-11,0.017577512,0.0,0.0292881,0.0,0.12481695,0.0,0.022422707,0.0,0.16398036,0.0,0.47937816,0.0,0.08878227,0.0,0.23060411,0.0,0.067769475,0.0,0.049214613,0.0,0.03890659,0.0,0.17915353
0.0,0.0,8.885329e-12,0.038315546,0.0,0.029014455,0.0,0.15073536,0.0,0.04291483,0.0,0.1482288,0.0,0.347873,0.0,0.08912432,0.0,0.19669147,0.0,0.06560978,0.0,0.055117607,0.0,0.04214005,0.0,0.099536225
0.0,0.0,5.49823e-12,0.00736288,0.0,0.028130267,0.0,0.16345488,0.0,0.023356568,0.0,0.1871879,0.0,0.2520629,0.0,0.08821205,0.0,0.11877475,0.0,0.065260366,0.0,0.04583799,0.0,0.035474684,0.0,0.035830785
0.0,0.0,2.3495103e-12,0.012087545,0.0,0.02734919,0.0,0.17597428,0.0,0.030921765,0.0,0.1504132,0.0,0.16820155,0.0,0.08738358,0.0,0.06332382,0.0,0.06503109,0.0,0.054764524,0.0,0.04126152,0.0,0.059400145
0.0,0.0,2.0032997e-12,0.03289406,0.0,0.028274277,0.0,0.18936056,0.0,0.024810888,0.0,0.13347739,0.0,0.17995754,0.0,0.088444404,0.0,0.036169033,0.0,0.06610226,0.0,0.047401972,0.0,0.036746576,0.0,0.1414452
0.0,0.0,9.12344e-13,0.009219029,0.0,0.027512504,0.0,0.16607367,0.0,0.02863126,0.0,0.09324607,0.0,0.15230702,0.0,0.08768865,0.0,0.17930946,0.0,0.064466774,0.0,0.051763404,0.0,0.038425628,0.0,0.08230219
0.0,0.0,7.779061e-13,0.023337558,0.0,0.027157882,0.0,0.115181394,0.0,0.012270101,0.0,0.17153578,0.0,0.097509705,0.0,0.08740506,0.0,0.13777699,0.0,0.06546367,0.0,0.04579482,0.0,0.0353261,0.0,0.081539795
0.0,0.0,3.5427447e-13,0.04881086,0.0,0.027386,0.0,0.05642197,0.0,0.11059688,0.0,0.16265228,0.0,0.10618658,0.0,0.08761371,0.0,0.30414477,0.0,0.06449185,0.0,0.06264951,0.0,0.04688887,0.0,0.02131884
0.0,0.0,3.5333113e-13,0.010308936,0.0,0.026384108,0.0,0.064349875,0.0,0.052797843,0.0,0.122943915,0.0,0.08165855,0.0,0.086841896,0.0,0.27065623,0.0,0.06435745,0.0,0.050206523,0.0,0.038987704,0.0,0.06700449
0.0,0.0,3.0126623e-13,0.035780806,0.0,0.02746904,0.0,0.033470538,0.0,0.025479903,0.0,0.055894323,0.0,0.105732985,0.0,0.0879386,0.0,0.20581646,0.0,0.06504425,0.0,0.044290144,0.0,0.03393745,0.0,0.11002052
0.0,0.0,2.2765354e-13,0.008174896,0.0,0.028218871,0.0,0.03905863,0.0,0.051517155,0.0,0.04669993,0.0,0.14205526,0.0,0.08879267,0.0,0.15431201,0.0,0.06397332,0.0,0.06613051,0.0,0.049036555,0.0,0.08430296
0.0,0.0,7.1700255e-14,0.061428502,0.0,0.028352488,0.0,0.028339788,0.0,0.034034777,0.0,0.022759134,0.0,0.1249005,0.0,0.0890885,0.0,0.10278071,0.0,0.064275905,0.0,0.05451192,0.0,0.042410806,0.0,0.035518646
0.0,0.0,2.2358097e-14,0.019109456,0.0,0.026704289,0.0,0.08748993,0.0,0.027039908,0.0,0.08738172,0.0,0.07352068,0.0,0.08713702,0.0,0.047357086,0.0,0.06276619,0.0,0.0443,0.0,0.03396742,0.0,0.1645128
0.0,0.0,1.6895023e-14,0.03419679,0.0,0.025675302,0.0,0.06862061,0.0,0.032618005,0.0,0.09071169,0.0,0.0813716,0.0,0.08598035,0.0,0.12614152,0.0,0.06333428,0.0,0.048710205,0.0,0.036588464,0.0,0.13083175
0.0,0.0,0.00052549713,0.011709128,0.0,0.025777785,0.0,0.08627937,0.0,0.023183612,0.0,0.056675937,0.0,0.06466064,0.0,0.08595285,0.0,0.09521498,0.0,0.06275359,0.0,0.043158837,0.0,0.032749213,0.0,0.07316822
0.0,0.0,0.00041208885,0.056557037,0.0,0.024520474,0.0,0.025133092,0.0,0.06286945,0.0,0.021139026,0.0,0.119063005,0.0,0.083861314,0.0,0.17638005,0.0,0.059820864,0.0,0.05784987,0.0,0.04185207,0.0,0.058436934
0.0,0.0,0.00035647443,0.010350426,0.0,0.02532819,0.0,0.07544525,0.0,0.019879859,0.0,0.25998777,0.0,0.17720397,0.0,0.084206074,0.0,0.21565533,0.0,0.062224407,0.0,0.04757927,0.0,0.036332868,0.0,0.018415099
0.0,0.0,0.00028933756,0.027322242,0.0,0.024019841,0.0,0.08624277,0.0,0.05324266,0.0,0.2535357,0.0,0.16825826,0.0,0.08244181,0.0,0.21370421,0.0,0.059131768,0.0,0.039334983,0.0,0.029482538,0.0,0.17003386
0.0,0.0,0.00023562986,0.039229512,0.0,0.023579592,0.0,0.13771178,0.0,0.019712789,0.0,0.19662023,0.0,0.1264776,0.0,0.08152724,0.0,0.21311586,0.0,0.05902897,0.0,0.056951102,0.0,0.040706526,0.0,0.10506018
0.0,0.0,0.00054428575,0.019670825,0.0,0.022313656,0.0,0.11272826,0.0,0.081478536,0.0,0.16621651,0.0,0.123774305,0.0,0.0791832,0.0,0.21101315,0.0,0.054827023,0.0,0.04191776,0.0,0.030959861,0.0,0.040346388
0.0,0.0,0.03084753,0.0368166,0.0,0.023081178,0.0,0.10314338,0.0,0.03152958,0.0,0.116946235,0.0,0.091324195,0.0,0.079796284,0.0,0.18903413,0.0,0.06114852,0.0,0.036977746,0.0,0.027288802,0.0,0.07794134
0.0,0.0,0.023916665,0.012506712,0.0,0.022242075,0.0,0.12597585,0.0,0.029353073,0.0,0.06412159,0.0,0.0407826,0.0,0.07896896,0.0,0.1563475,0.0,0.056969367,0.0,0.05687161,0.0,0.040499307,0.0,0.10367708
0.0,0.0,0.007629597,0.07019189,0.0,0.022670627,0.0,0.08951675,0.0,0.026618578,0.0,0.07954372,0.0,0.16357961,0.0,0.07864824,0.0,0.115679555,0.0,0.059666727,0.0,0.045852873,0.0,0.03495651,0.0,0.029581472
0.0,0.0,0.0049567167,0.016735677,0.0,0.022286609,0.0,0.0850232,0.0,0.0331594,0.0,0.055761587,0.0,0.13967384,0.0,0.077754416,0.0,0.059348892,0.0,0.056418672,0.0,0.037681445,0.0,0.028261371,0.0,0.111562885
0.0,0.0,0.009136627,0.06092102,0.0,0.021777648,0.0,0.08034947,0.0,0.014902421,0.0,0.026541485,0.0,0.1377343,0.0,0.077059306,0.0,0.18201824,0.0,0.05714844,0.0,0.054404348,0.0,0.039352007,0.0,0.11141429
0.0,0.0,0.0066635595,0.02381647,0.0,0.019866982,0.0,0.04229911,0.0,0.096000776,0.0,0.2723004,0.0,0.10559267,0.0,0.07427089,0.0,0.17124069,0.0,0.053959657,0.0,0.041018542,0.0,0.03044987,0.0,0.037088547
0.0,0.0,0.0017575064,0.025374385,0.0,0.019978423,0.0,0.011110546,0.0,0.065684505,0.0,0.29329345,0.0,0.12118461,0.0,0.07360129,0.0,0.2577707,0.0,0.0552669,0.0,0.032771356,0.0,0.02388997,0.0,0.011215943
0.0,0.0,0.0041654827,0.013047642,0.0,0.01961604,0.0,0.058864616,0.0,0.032969274,0.0,0.24913242,0.0,0.087503284,0.0,0.072640374,0.0,0.24850796,0.0,0.04905392,0.0,0.043352935,0.0,0.030151868,0.0,0.12778951
0.0,0.0,0.0025788823,0.05119671,0.0,0.01929684,0.0,0.029874116,0.0,0.04204889,0.0,0.22054106,0.0,0.11381951,0.0,0.07170915,0.0,0.21279442,0.0,0.0604674,0.0,0.032994855,0.0,0.02396958,0.0,0.04955678
0.0,0.0,0.001065832,0.018957192,0.0,0.018718112,0.0,0.045924056,0.0,0.02582465,0.0,0.17503397,0.0,0.09916021,0.0,0.07076681,0.0,0.16466816,0.0,0.050698437,0.0,0.03539541,0.0,0.025530798,0.0,0.030469475
0.0,0.0,0.0005096634,0.03168628,0.0,0.019092908,0.0,0.10555844,0.0,0.023983663,0.0,0.1302958,0.0,0.053914186,0.0,0.070695095,0.0,0.11382437,0.0,0.052345734,0.0,0.031025806,0.0,0.02247741,0.0,0.079729415
0.0,0.0,0.00043651438,0.008470706,0.0,0.018710572,0.0,0.08663705,0.0,0.016216174,0.0,0.11532893,0.0,0.034429308,0.0,0.06986826,0.0,0.11962693,0.0,0.04857529,0.0,0.044653755,0.0,0.031631317,0.0,0.13022177
0.0,0.0,0.013081176,0.009324879,0.0,0.017113926,0.0,0.083064444,0.0,0.021757927,0.0,0.09378027,0.0,0.35540235,0.0,0.06722629,0.0,0.06504739,0.0,0.0564711,0.0,0.033225514,0.0,0.024483424,0.0,0.053966865
0.0,0.0,0.013046181,0.019655077,0.0,0.017725628,0.0,0.056639116,0.0,0.017652575,0.0,0.053505577,0.0,0.2365988,0.0,0.06759356,0.0,0.026714114,0.0,0.046826858,0.0,0.02994108,0.0,0.02167412,0.0,0.09732931
0.0,0.0,0.0130112795,0.027398206,0.0,0.01656586,0.0,0.033878926,0.0,0.04060416,0.0,0.07558431,0.0,0.24623239,0.0,0.065470256,0.0,0.30635348,0.0,0.054128952,0.0,0.039447185,0.0,0.027609402,0.0,0.16414681
0.0,0.0,0.008869895,0.011474285,0.0,0.0169777,0.0,0.056928392,0.0,0.018342819,0.0,0.0574318,0.0,0.18038766,0.0,0.065333985,0.0,0.27722415,0.0,0.046112534,0.0,0.03038834,0.0,0.022188263,0.0,0.08478418
0.0,0.0,0.0075540263,0.033804826,0.0,0.016405014,0.0,0.041581087,0.0,0.042350885,0.0,0.025880672,0.0,0.09284383,0.0,0.06428426,0.0,0.24693103,0.0,0.05507718,0.0,0.034644037,0.0,0.02425244,0.0,0.028705625
0.0,0.0,0.0038344006,0.01300123,0.0,0.016458662,0.0,0.05897937,0.0,0.029682862,0.0,0.30575082,0.0,0.07516491,0.0,0.0639962,0.0,0.20774212,0.0,0.043278817,0.0,0.026200162,0.0,0.018602878,0.0,0.06315722
0.0,0.0,0.0027366937,0.02693029,0.0,0.016734103,0.0,0.06894009,0.0,0.026574587,0.0,0.32305112,0.0,0.05411243,0.0,0.064067714,0.0,0.17477554,0.0,0.05951594,0.0,0.0398313,0.0,0.027938211,0.0,0.09360738
0.0,0.0,0.010974398,0.0051451456,0.0,0.016393697,0.0,0.033046566,0.0,0.019827187,0.0,0.24694602,0.0,0.064830445,0.0,0.06334844,0.0,0.13172136,0.0,0.045078296,0.0,0.029542832,0.0,0.021587206,0.0,0.026314592
0.0,0.0,0.010945033,0.016757177,0.0,0.016392598,0.0,0.043923743,0.0,0.030707426,0.0,0.23726273,0.0,0.14722097,0.0,0.06307747,0.0,0.092299126,0.0,0.04881031,0.0,0.030156963,0.0,0.021492632,0.0,0.088956036
0.0,0.0,0.008272798,0.037353024,0.0,0.014877255,0.0,0.034213405,0.0,0.0075194803,0.0,0.2038371,0.0,0.116948456,0.0,0.0604197,0.0,0.034913752,0.0,0.04216141,0.0,0.026381435,0.0,0.018820776,0.0,0.13165723
0.0,0.0,0.0070112897,0.006497958,0.0,0.014165237,0.0,0.12550381,0.0,0.042790852,0.0,0.13356204,0.0,0.10010933,0.0,0.058814228,0.0,0.23646548,0.0,0.06700508,0.0,0.0424095,0.0,0.029806534,0.0,0.05111113
0.0,0.0,0.0043993816,0.008440788,0.0,0.013533212,0.0,0.04490751,0.0,0.025345124,0.0,0.129445,0.0,0.07361187,0.0,0.057280656,0.0,0.28008032,0.0,0.04339517,0.0,0.027643709,0.0,0.019836398,0.0,0.012949963
0.0,0.0,0.0021595675,0.011544246,0.0,0.012698619,0.0,0.015144691,0.0,0.020613758,0.0,0.098652504,0.0,0.04995808,0.0,0.055311393,0.0,0.28341448,0.0,0.040218715,0.0,0.022528483,0.0,0.015793735,0.0,0.10791677
0.0,0.0,0.0018417061,0.01255659,0.0,0.013019189,0.0,0.044315886,0.0,0.022816248,0.0,0.056012005,0.0,0.0329504,0.0,0.055652343,0.0,0.28148445,0.0,0.058994535,0.0,0.036657427,0.0,0.025326565,0.0,0.032202903
0.0,0.0,0.0012537536,0.023204604,0.0,0.01331459,0.0,0.041187324,0.0,0.01710787,0.0,0.0735614,0.0,0.11158999,0.0,0.055807922,0.0,0.25596884,0.0,0.041646685,0.0,0.026518637,0.0,0.019232223,0.0,0.06341206
0.0,0.0,0.0003470252,0.0077809286,0.0,0.01332174,0.0,0.009522083,0.0,0.013605838,0.0,0.052589126,0.0,0.0652942,0.0,0.055849317,0.0,0.19928777,0.0,0.042225976,0.0,0.028551232,0.0,0.01978244,0.0,0.03437268
0.0,0.0,0.00013884592,0.008666546,0.0,0.012310968,0.0,0.072479844,0.0,0.045174062,0.0,0.0310001,0.0,0.092353284,0.0,0.05383658,0.0,0.13891518,0.0,0.038683943,0.0,0.02314052,0.0,0.01634912,0.0,0.018153751
0.0,0.0,6.3182655e-05,0.02146379,0.0,0.012282065,0.0,0.060581718,0.0,0.017243262,0.0,0.1222018,0.0,0.21449459,0.0,0.05334597,0.0,0.10172668,0.0,0.05773763,0.0,0.03172101,0.0,0.021764584,0.0,0.1170592
0.0,0.0,4.9445287e-05,0.015459223,0.0,0.012005176,0.0,0.054421216,0.0,0.03237692,0.0,0.1228193,0.0,0.19532037,0.0,0.052191265,0.0,0.111573674,0.0,0.038878433,0.0,0.022940664,0.0,0.016406719,0.0,0.03809229
0.0,0.0,8.658246e-06,0.029645761,0.0,0.012680383,0.0,0.025460437,0.0,0.014933002,0.0,0.08266524,0.0,0.16034137,0.0,0.052889872,0.0,0.119155556,0.0,0.044905312,0.0,0.03793544,0.0,0.0264177,0.0,0.028011484
0.0,0.0,1.5000386e-06,0.015595914,0.0,0.013514416,0.0,0.039577186,0.0,0.044027865,0.0,0.10033078,0.0,0.22767486,0.0,0.054250356,0.0,0.11018152,0.0,0.038137134,0.0,0.026856191,0.0,0.019617736,0.0,0.026411941
0.0,0.0,2.7627914e-07,0.030069277,0.0,0.013067135,0.0,0.07794158,0.0,0.01107677,0.0,0.0876494,0.0,0.16098519,0.0,0.053514443,0.0,0.07805935,0.0,0.06848889,0.0,0.024220424,0.0,0.017361697,0.0,0.05405295
0.0,0.0,5.1805632e-08,0.017683584,0.0,0.012985824,0.0,0.09774842,0.0,0.043109685,0.0,0.04456636,0.0,0.12574197,0.0,0.05321755,0.0,0.03436774,0.0,0.04348225,0.0,0.038239717,0.0,0.026762871,0.0,0.046753578
0.0,0.0,2.8363692e-08,0.015620163,0.0,0.011821473,0.0,0.09699306,0.0,0.017865026,0.0,0.061173603,0.0,0.09937718,0.0,0.050728768,0.0,0.083671756,0.0,0.035021115,0.0,0.02424362,0.0,0.017359775,0.0,0.050408892
0.0,0.0,2.8287799e-08,0.010626201,0.0,0.011507729,0.0,0.06782962,0.0,0.02706392,0.0,0.03939043,0.0,0.072754204,0.0,0.049959973,0.0,0.1851469,0.0,0.08331144,0.0,0.020690197,0.0,0.014406683,0.0,0.042300448
0.0,0.0,2.4119155e-08,0.025660045,0.0,0.011559237,0.0,0.025704697,0.0,0.0128093995,0.0,0.010937327,0.0,0.037539672,0.0,0.049755633,0.0,0.22895893,0.0,0.052415058,0.0,0.030839905,0.0,0.021265145,0.0,0.062040325
0.0,0.0,4.1763895e-09,0.00953969,0.0,0.011545793,0.0,0.02196936,0.0,0.030134136,0.0,0.25972077,0.0,0.17560196,0.0,0.049439006,0.0,0.23050669,0.0,0.035365157,0.0,0.021341484,0.0,0.015298544,0.0,0.022434115
0.0,0.0,2.1225782e-05,0.015755504,0.0,0.0112333475,0.0,0.03272964,0.0,0.01806739,0.0,0.2768291,0.0,0.09578703,0.0,0.048835132,0.0,0.20023045,0.0,0.05279126,0.0,0.033276126,0.0,0.023048373,0.0,0.11301234
0.0,0.0,1.5746835e-05,0.06411095,0.0,0.011899047,0.0,0.047980227,0.0,0.059878703,0.0,0.22469781,0.0,0.02378256,0.0,0.049434073,0.0,0.227236,0.0,0.03471712,0.0,0.021133203,0.0,0.015064155,0.0,0.050898694
0.0,0.0,1.23415275e-05,0.017448593,0.0,0.012002525,0.0,0.046155076,0.0,0.016028415,0.0,0.24685727,0.0,0.41567662,0.0,0.049523085,0.0,0.21093827,0.0,0.048517205,0.0,0.025338292,0.0,0.017334884,0.0,0.057353456
0.0,0.0,3.183607e-05,0.015180237,0.0,0.010877414,0.0,0.05080868,0.0,0.024744047,0.0,0.21582599,0.0,0.37354168,0.0,0.047247835,0.0,0.158435,0.0,0.031738907,0.0,0.01751873,0.0,0.012141612,0.0,0.08786504
0.0,0.0,1.6959953e-05,0.01700955,0.0,0.010734151,0.0,0.02296813,0.0,0.011868696,0.0,0.17595257,0.0,0.2875596,0.0,0.046828162,0.0,0.0790584,0.0,0.06508977,0.0,0.02498957,0.0,0.016759252,0.0,0.029133197
0.0,0.0,1.691443e-05,0.03178705,0.0,0.010494447,0.0,0.017140146,0.0,0.030170478,0.0,0.16845894,0.0,0.20313065,0.0,0.046143375,0.0,0.092244245,0.0,0.03980796,0.0,0.017584985,0.0,0.012283656,0.0,0.03149817
0.0,0.0,1.3675565e-05,0.013807626,0.0,0.010922438,0.0,0.05427619,0.0,0.007918732,0.0,0.12948327,0.0,0.112132125,0.0,0.046872854,0.0,0.11523158,0.0,0.033438817,0.0,0.02814149,0.0,0.0191247,0.0,0.031843174
0.0,0.0,1.1264831e-05,0.024398008,0.0,0.011061936,0.0,0.04073473,0.0,0.026142936,0.0,0.07503599,0.0,0.060945377,0.0,0.046877168,0.0,0.16030124,0.0,0.047276895,0.0,0.019990994,0.0,0.014244989,0.0,0.04123907
0.0,0.0,1.1234594e-05,0.010102625,0.0,0.011511426,0.0,0.02545524,0.0,0.015243032,0.0,0.07810274,0.0,0.13102956,0.0,0.04756516,0.0,0.16217397,0.0,0.03390477,0.0,0.03170083,0.0,0.021720083,0.0,0.052934997
0.0,0.0,1.0168855e-05,0.036168497,0.0,0.011871795,0.0,0.022557441,0.0,0.06045266,0.0,0.05560906,0.0,0.10592308,0.0,0.048243273,0.0,0.12067173,0.0,0.050998088,0.0,0.021377895,0.0,0.01543461,0.0,0.062630646
0.0,0.0,8.978174e-06,0.017298754,0.0,0.012248895,0.0,0.04860263,0.0,0.01409716,0.0,0.020453695,0.0,0.08638235,0.0,0.04888676,0.0,0.0684246,0.0,0.03637716,0.0,0.030100672,0.0,0.021188214,0.0,0.10547731
0.0,0.0,1.0593548e-05,0.0139874285,0.0,0.011945549,0.0,0.034399197,0.0,0.034223877,0.0,0.13348478,0.0,0.05947205,0.0,0.048470613,0.0,0.06429517,0.0,0.042150144,0.0,0.02090478,0.0,0.015089552,0.0,0.043990016
0.0,0.0,1.0565111e-05,0.01691206,0.0,0.011793361,0.0,0.019506514,0.0,0.013932678,0.0,0.16055067,0.0,0.3562882,0.0,0.047943942,0.0,0.05142812,0.0,0.033241417,0.0,0.032338582,0.0,0.02170717,0.0,0.024028799
0.0,0.0,9.030965e-06,0.018783756,0.0,0.01203497,0.0,0.08571025,0.0,0.02828126,0.0,0.13045087,0.0,0.22974597,0.0,0.048331663,0.0,0.13090006,0.0,0.07737525,0.0,0.022255382,0.0,0.016165005,0.0,0.0724174
0.0,0.0,7.966134e-06,0.018547967,0.0,0.011677434,0.0,0.05729154,0.0,0.008781216,0.0,0.13843726,0.0,0.2362569,0.0,0.04763656,0.0,0.098607905,0.0,0.04811452,0.0,0.02483198,0.0,0.017244622,0.0,0.055139557
0.0,0.0,7.3075867e-06,0.02506673,0.0,0.012042196,0.0,0.053426098,0.0,0.027596021,0.0,0.110911354,0.0,0.17763965,0.0,0.048294544,0.0,0.084837124,0.0,0.034038566,0.0,0.019508973,0.0,0.013870592,0.0,0.02091169
0.0,0.0,8.985817e-06,0.024733594,0.0,0.012192165,0.0,0.02510474,0.0,0.01740174,0.0,0.065806046,0.0,0.09991231,0.0,0.04826091,0.0,0.04512777,0.0,0.05171817,0.0,0.031050794,0.0,0.021569638,0.0,0.105109036
0.0,0.0,8.300172e-06,0.012136771,0.0,0.011875407,0.0,0.032400988,0.0,0.036546938,0.0,0.073517315,0.0,0.047947265,0.0,0.047653537,0.0,0.03830268,0.0,0.035475925,0.0,0.021458164,0.0,0.01562758,0.0,0.044703685
0.0,0.0,9.606172e-06,0.013793416,0.0,0.010891261,0.0,0.031450324,0.0,0.006908577,0.0,0.055273052,0.0,0.03109213,0.0,0.045865867,0.0,0.1363211,0.0,0.038746595,0.0,0.02618369,0.0,0.017701006,0.0,0.021536767
0.0,0.0,8.743408e-06,0.026980298,0.0,0.0116386935,0.0,0.040607926,0.0,0.029188901,0.0,0.040742204,0.0,0.34343725,0.0,0.047204375,0.0,0.16893992,0.0,0.034554258,0.0,0.02002473,0.0,0.014441574,0.0,0.10677222
0.0,0.0,7.757731e-06,0.008524799,0.0,0.011784776,0.0,0.024004905,0.0,0.013005497,0.0,0.09622521,0.0,0.34724137,0.0,0.04774581,0.0,0.17149504,0.0,0.04539505,0.0,0.032912757,0.0,0.022897093,0.0,0.059139498
0.0,0.0,8.91071e-06,0.0392948,0.0,0.011855572,0.0,0.050006386,0.0,0.05828324,0.0,0.08263189,0.0,0.27004164,0.0,0.047713365,0.0,0.17730372,0.0,0.033890605,0.0,0.022215184,0.0,0.016149122,0.0,0.044316016
0.0,0.0,2.2462698e-05,0.006989755,0.0,0.011258891,0.0,0.029090751,0.0,0.03132899,0.0,0.046138268,0.0,0.18365273,0.0,0.046590943,0.0,0.15680467,0.0,0.054701835,0.0,0.02540629,0.0,0.017771343,0.0,0.083869055
0.0,0.0,1.5038511e-05,0.011285787,0.0,0.011842929,0.0,0.0467237,0.0,0.0244145,0.0,0.09243874,0.0,0.117200345,0.0,0.047813695,0.0,0.1155487,0.0,0.036795676,0.0,0.021121362,0.0,0.015346229,0.0,0.08391895
0.0,0.0,1.4150455e-05,0.0251563,0.0,0.012702915,0.0,0.027397979,0.0,0.02789958,0.0,0.072165675,0.0,0.04984008,0.0,0.04961758,0.0,0.0803234,0.0,0.038992163,0.0,0.038886115,0.0,0.027458638,0.0,0.03239931
0.0,0.0,1.2889137e-05,0.014495642,0.0,0.013623731,0.0,0.0762996,0.0,0.028585045,0.0,0.030815467,0.0,0.023986794,0.0,0.051242147,0.0,0.16246124,0.0,0.03768437,0.0,0.026930423,0.0,0.020155277,0.0,0.122306295
0.0,0.0,1.285452e-05,0.03771848,0.0,0.01314879,0.0,0.07341976,0.0,0.029039035,0.0,0.12011484,0.0,0.46929917,0.0,0.0503791,0.0,0.13130102,0.0,0.046357732,0.0,0.021606363,0.0,0.015590179,0.0,0.13621351
0.0,0.0,1.2050776e-05,0.018650603,0.0,0.012270873,0.0,0.10318155,0.0,0.019721635,0.0,0.11840403,0.0,0.36856848,0.0,0.049105767,0.0,0.06839608,0.0,0.034403995,0.0,0.03323067,0.0,0.022896443,0.0,0.053055856
0.0,0.0,1.2018409e-05,0.03453303,0.0,0.013483141,0.0,0.1448843,0.0,0.03774068,0.0,0.09567889,0.0,0.24520382,0.0,0.05117226,0.0,0.026544083,0.0,0.07238384,0.0,0.022749553,0.0,0.016578553,0.0,0.007533993
0.0,0.0,1.4359224e-05,0.00762982,0.0,0.014188551,0.0,0.12261347,0.0,0.01076313,0.0,0.15532652,0.0,0.15300728,0.0,0.052471947,0.0,0.16923603,0.0,0.04656172,0.0,0.032015484,0.0,0.022887971,0.0,0.10173693
0.0,0.0,1.2382631e-05,0.030063981,0.0,0.0130906515,0.0,0.07854818,0.0,0.030656898,0.0,0.12979163,0.0,0.07399587,0.0,0.05100469,0.0,0.072524,0.0,0.035184592,0.0,0.022287406,0.0,0.016297236,0.0,0.038287494
0.0,0.0,1.0543106e-05,0.012524356,0.0,0.011595948,0.0,0.039208386,0.0,0.010130297,0.0,0.08086675,0.0,0.023526167,0.0,0.04837809,0.0,0.1315733,0.0,0.06630871,0.0,0.028285095,0.0,0.019331789,0.0,0.02293532
0.0,0.0,3.6946174e-06,0.0121840155,0.0,0.013354853,0.0,0.050899122,0.0,0.023559244,0.0,0.12883294,0.0,0.30048814,0.0,0.05139025,0.0,0.11179905,0.0,0.043474335,0.0,0.022724975,0.0,0.016601624,0.0,0.087073766
0.0,0.0,6.4278936e-07,0.015532071,0.0,0.013410975,0.0,0.02347659,0.0,0.030826898,0.0,0.11577302,0.0,0.21900932,0.0,0.05187422,0.0,0.06257174,0.0,0.03697274,0.0,0.043901972,0.0,0.03065863,0.0,0.0957147
0.0,0.0,1.1690221e-07,0.036640286,0.0,0.013755517,0.0,0.059493575,0.0,0.026861075,0.0,0.07116607,0.0,0.17932309,0.0,0.052462354,0.0,0.023626454,0.0,0.072006375,0.0,0.029933495,0.0,0.022034496,0.0,0.029301466
0.0,0.0,2.1658128e-08,0.009848763,0.0,0.013923815,0.0,0.024264602,0.0,0.041152928,0.0,0.10184693,0.0,0.15359308,0.0,0.052958924,0.0,0.4052472,0.0,0.046273567,0.0,0.02368575,0.0,0.017434811,0.0,0.08993231
0.0,0.0,8.0315e-09,0.0198769,0.0,0.015057297,0.0,0.10579478,0.0,0.012083781,0.0,0.081109494,0.0,0.111934915,0.0,0.055402096,0.0,0.34689853,0.0,0.04008819,0.0,0.04335322,0.0,0.031325426,0.0,0.11278271
0.0,0.0,1.4311567e-09,0.027970934,0.0,0.015185784,0.0,0.072159395,0.0,0.032522995,0.0,0.034933534,0.0,0.05213556,0.0,0.055752717,0.0,0.32073087,0.0,0.059724085,0.0,0.030976703,0.0,0.023211604,0.0,0.05842586
0.0,0.0,5.761392e-10,0.015412908,0.0,0.014004228,0.0,0.090578675,0.0,0.021459758,0.0,0.10684255,0.0,0.082689494,0.0,0.05430428,0.0,0.2975739,0.0,0.04151287,0.0,0.024318391,0.0,0.017928436,0.0,0.10965413
0.0,0.0,1.637732e-10,0.02065203,0.0,0.013201834,0.0,0.040408403,0.0,0.037203178,0.0,0.09408523,0.0,0.059937302,0.0,0.05303122,0.0,0.2555002,0.0,0.041294165,0.0,0.037208818,0.0,0.025866967,0.0,0.051141728
0.0,0.0,2.8508484e-11,0.029971747,0.0,0.013649461,0.0,0.08722798,0.0,0.012342971,0.0,0.05666439,0.0,0.035419,0.0,0.053854465,0.0,0.19427377,0.0,0.039300375,0.0,0.026033655,0.0,0.01910656,0.0,0.048980005
0.0,0.0,1.03232e-11,0.007321538,0.0,0.014435341,0.0,0.03334704,0.0,0.06733874,0.0,0.09031283,0.0,0.1464875,0.0,0.055241656,0.0,0.19931403,0.0,0.052693125,0.0,0.028853055,0.0,0.020996427,0.0,0.08710048
0.0,0.0,4.4112192e-12,0.055538993,0.0,0.015441919,0.0,0.07043884,0.0,0.045602743,0.0,0.075299285,0.0,0.1289295,0.0,0.056987908,0.0,0.22637552,0.0,0.040732905,0.0,0.025585031,0.0,0.0187529,0.0,0.10818044
0.0,0.0,3.1583354e-06,0.028390747,0.0,0.015045542,0.0,0.024808956,0.0,0.033706944,0.0,0.03367423,0.0,0.095237166,0.0,0.05691141,0.0,0.24497566,0.0,0.054247588,0.0,0.04662269,0.0,0.033046275,0.0,0.045403495
0.0,0.0,4.7085632e-05,0.01782918,0.0,0.01579759,0.0,0.036848456,0.0,0.02600202,0.0,0.07992804,0.0,0.07507951,0.0,0.0579851,0.0,0.24810487,0.0,0.04113457,0.0,0.033971295,0.0,0.025039451,0.0,0.064665556
0.0,0.0,4.1167295e-05,0.02388992,0.0,0.015653344,0.0,0.027892394,0.0,0.031503282,0.0,0.07467301,0.0,0.36607242,0.0,0.058262397,0.0,0.23233584,0.0,0.055674095,0.0,0.027425932,0.0,0.020422166,0.0,0.11442573
0.0,0.0,2.9898658e-05,0.036980357,0.0,0.016193848,0.0,0.071584664,0.0,0.031241957,0.0,0.041852444,0.0,0.24600817,0.0,0.059460353,0.0,0.1919067,0.0,0.04363357,0.0,0.042638898,0.0,0.030845527,0.0,0.10080265
0.0,0.0,2.508011e-05,0.014815239,0.0,0.017002324,0.0,0.10549911,0.0,0.008754052,0.0,0.10058984,0.0,0.20436111,0.0,0.060984734,0.0,0.20295241,0.0,0.052431725,0.0,0.03315113,0.0,0.02520409,0.0,0.04114644
0.0,0.0,2.5012556e-05,0.04322126,0.0,0.01714595,0.0,0.090711884,0.0,0.06689161,0.0,0.078746654,0.0,0.14460954,0.0,0.06144563,0.0,0.19108973,0.0,0.043382037,0.0,0.028112106,0.0,0.020882994,0.0,0.14104624
0.0,0.0,2.162161e-05,0.0071060173,0.0,0.016223501,0.0,0.0988696,0.0,0.04212558,0.0,0.041819453,0.0,0.07442077,0.0,0.060319833,0.0,0.1667321,0.0,0.05627384,0.0,0.038970783,0.0,0.027616812,0.0,0.09172777
0.0,0.0,2.879447e-05,0.010138065,0.0,0.01628569,0.0,0.08569978,0.0,0.03345057,0.0,0.095888406,0.0,0.17038517,0.0,0.060509633,0.0,0.14271674,0.0,0.041881885,0.0,0.028179036,0.0,0.020554207,0.0,0.0931432
0.0,0.0,2.6992231e-05,0.015211263,0.0,0.016561147,0.0,0.15175852,0.0,0.017373672,0.0,0.07705556,0.0,0.129208,0.0,0.06082702,0.0,0.112216786,0.0,0.054654803,0.0,0.030853417,0.0,0.02243593,0.0,0.03906987
0.0,0.0,2.4114606e-05,0.017765885,0.0,0.015594199,0.0,0.14175461,0.0,0.034286976,0.0,0.033829432,0.0,0.12942138,0.0,0.05974733,0.0,0.06826886,0.0,0.042553302,0.0,0.026776245,0.0,0.01965565,0.0,0.10445254
0.0,0.0,2.0401585e-05,0.029328141,0.0,0.015909906,0.0,0.109991744,0.0,0.045738652,0.0,0.07872538,0.0,0.10174926,0.0,0.05998876,0.0,0.029223725,0.0,0.054948512,0.0,0.041470557,0.0,0.029321294,0.0,0.1288752
0.0,0.0,2.1751192e-05,0.019229572,0.0,0.01675136,0.0,0.100944825,0.0,0.04794407,0.0,0.0617057,0.0,0.114670046,0.0,0.061566815,0.0,0.06421513,0.0,0.042598758,0.0,0.030259434,0.0,0.02240326,0.0,0.06540226
0.0,0.0,2.1782938e-05,0.03355158,0.0,0.015265738,0.0,0.05923784,0.0,0.026690435,0.0,0.025340296,0.0,0.08156162,0.0,0.05936493,0.0,0.22149307,0.0,0.05061673,0.0,0.025116106,0.0,0.018103365,0.0,0.07523318
0.0,0.0,2.0162257e-05,0.007649348,0.0,0.015855934,0.0,0.1034136,0.0,0.06861811,0.0,0.13532813,0.0,0.063803114,0.0,0.059996534,0.0,0.3253205,0.0,0.043085437,0.0,0.04013105,0.0,0.028914144,0.0,0.016333874
0.0,0.0,1.9757037e-05,0.029112525,0.0,0.016519316,0.0,0.08781709,0.0,0.025441537,0.0,0.13283284,0.0,0.07868229,0.0,0.061183643,0.0,0.3461638,0.0,0.055245243,0.0,0.029754005,0.0,0.022089025,0.0,0.08896835
0.0,0.0,2.1477223e-05,0.014943673,0.0,0.016953142,0.0,0.07182847,0.0,0.051982965,0.0,0.09055089,0.0,0.05734813,0.0,0.062096864,0.0,0.31122926,0.0,0.043062136,0.0,0.029244758,0.0,0.021480247,0.0,0.02354065
0.0,0.0,2.6902577e-05,0.02226265,0.0,0.016416037,0.0,0.016670484,0.0,0.031745203,0.0,0.09892941,0.0,0.14294899,0.0,0.061587624,0.0,0.25485557,0.0,0.053485934,0.0,0.03234178,0.0,0.023369506,0.0,0.101905875
0.0,0.0,2.2680459e-05,0.023835534,0.0,0.016649744,0.0,0.055775758,0.0,0.037039246,0.0,0.075564116,0.0,0.10409389,0.0,0.061833885,0.0,0.20182832,0.0,0.042628348,0.0,0.02659869,0.0,0.019393012,0.0,0.044569395
0.0,0.0,1.8161509e-05,0.033237558,0.0,0.015443012,0.0,0.011042205,0.0,0.030699162,0.0,0.035794973,0.0,0.15761447,0.0,0.05999497,0.0,0.13819787,0.0,0.053654924,0.0,0.03625222,0.0,0.025077151,0.0,0.08390629
0.0,0.0,1.532673e-05,0.012717059,0.0,0.01575794,0.0,0.038515776,0.0,0.01886596,0.0,0.08138759,0.0,0.10999358,0.0,0.06057462,0.0,0.11179569,0.0,0.042212225,0.0,0.027063284,0.0,0.019763272,0.0,0.07690769
0.0,0.0,1.6123424e-05,0.025214804,0.0,0.017282939,0.0,0.041044272,0.0,0.033143762,0.0,0.062121548,0.0,0.10381433,0.0,0.06276625,0.0,0.109727904,0.0,0.056540452,0.0,0.039881613,0.0,0.028376808,0.0,0.02431097
0.0,0.0,1.5388085e-05,0.011103673,0.0,0.017250322,0.0,0.03590234,0.0,0.009658323,0.0,0.023094151,0.0,0.069819085,0.0,0.06282737,0.0,0.12719117,0.0,0.04409795,0.0,0.029002162,0.0,0.02131954,0.0,0.09681361
0.0,0.0,1.3989456e-05,0.028846355,0.0,0.016569206,0.0,0.054094933,0.0,0.04246757,0.0,0.08198816,0.0,0.055720966,0.0,0.062064618,0.0,0.12414167,0.0,0.05294221,0.0,0.036827747,0.0,0.026530556,0.0,0.098677516
0.0,0.0,1.3951755e-05,0.0139103355,0.0,0.01689916,0.0,0.017271103,0.0,0.012566726,0.0,0.07093814,0.0,0.06606426,0.0,0.062342785,0.0,0.108007506,0.0,0.04332273,0.0,0.027051633,0.0,0.019701168,0.0,0.023118464
0.0,0.0,1.3914157e-05,0.016975176,0.0,0.016257724,0.0,0.03640011,0.0,0.028481018,0.0,0.03205137,0.0,0.042470302,0.0,0.061586645,0.0,0.069624156,0.0,0.058476117,0.0,0.04165815,0.0,0.028996963,0.0,0.14896715
0.0,0.0,1.2277843e-05,0.019407127,0.0,0.01532705,0.0,0.04130009,0.0,0.007633574,0.0,0.07091489,0.0,0.12891546,0.0,0.059953995,0.0,0.02534342,0.0,0.042714693,0.0,0.029251922,0.0,0.021081986,0.0,0.08387342
0.0,0.0,1.2244754e-05,0.03500618,0.0,0.0147889815,0.0,0.06786746,0.0,0.032401428,0.0,0.05045282,0.0,0.103892736,0.0,0.05900383,0.0,0.25864202,0.0,0.048407175,0.0,0.024997395,0.0,0.017778816,0.0,0.097469665
0.0,0.0,1.12879125e-05,0.015987338,0.0,0.0153255025,0.0,0.026670428,0.0,0.007966843,0.0,0.019763166,0.0,0.069917664,0.0,0.06004755,0.0,0.22265425,0.0,0.040503416,0.0,0.03769241,0.0,0.026053434,0.0,0.036144882
0.0,0.0,1.0495075e-05,0.030946502,0.0,0.015484582,0.0,0.02990579,0.0,0.029414145,0.0,0.2839621,0.0,0.54255176,0.0,0.05998164,0.0,0.21359722,0.0,0.067539774,0.0,0.026913803,0.0,0.01948252,0.0,0.10452135
0.0,0.0,1.046679e-05,0.008445072,0.0,0.015313651,0.0,0.02158978,0.0,0.009200707,0.0,0.29328218,0.0,0.37920356,0.0,0.059368845,0.0,0.18580484,0.0,0.045956306,0.0,0.031418145,0.0,0.022479467,0.0,0.09897449
0.0,0.0,9.433595e-06,0.017865796,0.0,0.014237703,0.0,0.05842112,0.0,0.037730657,0.0,0.24262476,0.0,0.25555277,0.0,0.05730826,0.0,0.13752109,0.0,0.04014435,0.0,0.024635103,0.0,0.017564293,0.0,0.021695627
0.0,0.0,1.1579753e-05,0.024363788,0.0,0.012913798,0.0,0.02866189,0.0,0.013547037,0.0,0.24560249,0.0,0.24292152,0.0,0.05486126,0.0,0.06525426,0.0,0.061810177,0.0,0.03346443,0.0,0.02232411,0.0,0.089419544
0.0,0.0,1.1548542e-05,0.0162649,0.0,0.01375091,0.0,0.03536549,0.0,0.046106942,0.0,0.1978472,0.0,0.15921858,0.0,0.05602791,0.0,0.011486346,0.0,0.04182674,0.0,0.024344686,0.0,0.017453965,0.0,0.023111872
0.0,0.0,9.846503e-06,0.030335052,0.0,0.014235077,0.0,0.021825746,0.0,0.0146055035,0.0,0.12384486,0.0,0.06292329,0.0,0.056664355,0.0,0.63941085,0.0,0.041635953,0.0,0.038606446,0.0,0.027342465,0.0,0.0923172
0.0,0.0,6.09285e-06,0.00985215,0.0,0.0130356345,0.0,0.025812661,0.0,0.016913336,0.0,0.12162556,0.0,0.17142233,0.0,0.054447543,0.0,0.4331553,0.0,0.04215172,0.0,0.023795472,0.0,0.016870482,0.0,0.08376418
0.0,0.0,2.7747492e-06,0.008982987,0.0,0.01155657,0.0,0.043109193,0.0,0.016508793,0.0,0.08923682,0.0,0.16296868,0.0,0.051239513,0.0,0.35210523,0.0,0.03261209,0.0,0.02019972,0.0,0.013383353,0.0,0.01712995
0.0,0.0,1.0017088e-06,0.04244597,0.0,0.013217547,0.0,0.019061439,0.0,0.07149518,0.0,0.045219313,0.0,0.12768756,0.0,0.053670656,0.0,0.2830357,0.0,0.10699982,0.0,0.026515214,0.0,0.018236572,0.0,0.124009535
0.0,0.0,9.990089e-07,0.0067788917,0.0,0.0120770335,0.0,0.03548683,0.0,0.047389355,0.0,0.06064301,0.0,0.15771353,0.0,0.05136512,0.0,0.2206581,0.0,0.06750778,0.0,0.020556165,0.0,0.014412198,0.0,0.0503524
0.0,0.0,8.517728e-07,0.02424855,0.0,0.012066073,0.0,0.049464762,0.0,0.039201647,0.0,0.040814154,0.0,0.07959625,0.0,0.051170982,0.0,0.15593566,0.0,0.04177975,0.0,0.029631888,0.0,0.020191975,0.0,0.052104495
0.0,0.0,3.8790287e-07,0.023711823,0.0,0.012946242,0.0,0.02220414,0.0,0.032091282,0.0,0.01333463,0.0,0.09712115,0.0,0.05246803,0.0,0.10983117,0.0,0.03435233,0.0,0.020865165,0.0,0.014578353,0.0,0.088025294
0.0,0.0,7.2074606e-08,0.016310778,0.0,0.012330201,0.0,0.039974254,0.0,0.03405072,0.0,0.22972646,0.0,0.07568131,0.0,0.05152199,0.0,0.060073126,0.0,0.07964941,0.0,0.03483562,0.0,0.02341259,0.0,0.056213677
0.0,0.0,1.9314228e-08,0.014996959,0.0,0.01170796,0.0,0.010172598,0.0,0.02053916,0.0,0.26149487,0.0,0.06064123,0.0,0.05004907,0.0,0.03573697,0.0,0.04917207,0.0,0.021623157,0.0,0.015160245,0.0,0.0125861475
0.0,0.0,9.901971e-09,0.0110624265,0.0,0.011022994,0.0,0.0346175,0.0,0.016115637,0.0,0.22820134,0.0,0.043462414,0.0,0.048211236,0.0,0.065201186,0.0,0.034044426,0.0,0.02252289,0.0,0.015083434,0.0,0.061774872
0.0,0.0,9.875282e-09,0.014516719,0.0,0.010606214,0.0,0.011022036,0.0,0.026129361,0.0,0.22883673,0.0,0.07724734,0.0,0.046953596,0.0,0.15966389,0.0,0.05393422,0.0,0.019090125,0.0,0.0129795205,0.0,0.017447
0.0,0.0,1.7098568e-09,0.014906378,0.0,0.009528249,0.0,0.04343231,0.0,0.005043493,0.0,0.1953588,0.0,0.17920268,0.0,0.044472963,0.0,0.1462456,0.0,0.032600295,0.0,0.026183454,0.0,0.016965281,0.0,0.041965973
0.0,0.0,1.4578544e-09,0.009733783,0.0,0.008416704,0.0,0.027572019,0.0,0.009381738,0.0,0.14224678,0.0,0.18478024,0.0,0.042200882,0.0,0.093747355,0.0,0.03884303,0.0,0.016576238,0.0,0.011262673,0.0,0.008588103
0.0,0.0,4.3925935e-10,0.0101255905,0.0,0.0079467865,0.0,0.026542254,0.0,0.01471271,0.0,0.1255808,0.0,0.1606665,0.0,0.04104819,0.0,0.048935376,0.0,0.028615832,0.0,0.022988863,0.0,0.014572859,0.0,0.03942266
0.0,0.0,7.609338e-11,0.0060762507,0.0,0.0076506753,0.0,0.013791282,0.0,0.014651737,0.0,0.09492585,0.0,0.14046504,0.0,0.03957199,0.0,0.019488458,0.0,0.06666302,0.0,0.015441462,0.0,0.010411167,0.0,0.035774834
0.0,0.0,5.7439047e-11,0.0060079964,0.0,0.008095816,0.0,0.026532099,0.0,0.011970147,0.0,0.056353144,0.0,0.089851014,0.0,0.039899275,0.0,0.27645752,0.0,0.040611714,0.0,0.021241853,0.0,0.013964209,0.0,0.041718416
0.0,0.0,3.554205e-11,0.007117375,0.0,0.008466199,0.0,0.024682797,0.0,0.04210826,0.0,0.05567125,0.0,0.032600604,0.0,0.04027878,0.0,0.12549011,0.0,0.028193403,0.0,0.016329274,0.0,0.011313553,0.0,0.05896999
0.0,0.0,3.544625e-11,0.014094321,0.0,0.0074905874,0.0,0.03042621,0.0,0.0077765747,0.0,0.045856506,0.0,0.24910289,0.0,0.03761812,0.0,0.062352084,0.0,0.07511319,0.0,0.018854355,0.0,0.012274452,0.0,0.017916637
0.0,0.0,3.0222106e-11,0.011425591,0.0,0.006850106,0.0,0.01606972,0.0,0.023466416,0.0,0.022792118,0.0,0.21405774,0.0,0.03540372,0.0,0.03190417,0.0,0.04204585,0.0,0.0117897345,0.0,0.0077164876,0.0,0.064428985
0.0,0.0,2.283676e-11,0.0050304104,0.0,0.0060169427,0.0,0.009662374,0.0,0.008584932,0.0,0.1546436,0.0,0.19230439,0.0,0.03298398,0.0,0.030347515,0.0,0.029923681,0.0,0.0121650165,0.0,0.0073142126,0.0,0.010230701
0.0,0.0,1.9471029e-11,0.0061762985,0.0,0.005981596,0.0,0.027677612,0.0,0.016687058,0.0,0.15868783,0.0,0.11541028,0.0,0.0324844,0.0,0.20778187,0.0,0.021861715,0.0,0.0153048085,0.0,0.009688397,0.0,0.051932078
0.0,0.0,1.6601345e-11,0.0083545605,0.0,0.005929998,0.0,0.021971516,0.0,0.014532682,0.0,0.12664309,0.0,0.036853302,0.0,0.031707477,0.0,0.13932617,0.0,0.06975437,0.0,0.010240576,0.0,0.0065913675,0.0,0.02287014
0.0,0.0,1.65566e-11,0.0052099605,0.0,0.0055505754,0.0,0.018026933,0.0,0.014348826,0.0,0.100308985,0.0,0.05713039,0.0,0.030526157,0.0,0.06466945,0.0,0.042003095,0.0,0.014884756,0.0,0.0093320785,0.0,0.056067623
0.0,0.0,7.539971e-12,0.009299498,0.0,0.0059494283,0.0,0.018747697,0.0,0.017990371,0.0,0.06508308,0.0,0.1975068,0.0,0.03112526,0.0,0.054739233,0.0,0.022020608,0.0,0.012999763,0.0,0.008566327,0.0,0.049331877
0.0,0.0,7.519649e-12,0.009332726,0.0,0.0050822045,0.0,0.02902715,0.0,0.017350975,0.0,0.033823065,0.0,0.17269945,0.0,0.028376445,0.0,0.051594555,0.0,0.0747863,0.0,0.013748851,0.0,0.008479917,0.0,0.056715798
0.0,0.0,3.666035e-12,0.0048934473,0.0,0.004524918,0.0,0.010051208,0.0,0.010453827,0.0,0.012287952,0.0,0.16123493,0.0,0.026585124,0.0,0.039271653,0.0,0.04272762,0.0,0.00921761,0.0,0.00576167,0.0,0.018589735
0.0,0.0,3.4290203e-12,0.0026655481,0.0,0.00429351,0.0,0.014620621,0.0,0.011493006,0.0,0.09725259,0.0,0.09309344,0.0,0.025544278,0.0,0.033712026,0.0,0.020029867,0.0,0.010802141,0.0,0.0066572074,0.0,0.036466055
0.0,0.0,2.6973838e-12,0.0011420154,0.0,0.004065291,0.0,0.005361283,0.0,0.010763329,0.0,0.10073642,0.0,0.024849664,0.0,0.024612041,0.0,0.05844109,0.0,0.059947487,0.0,0.009791323,0.0,0.0059034294,0.0,0.008517532
0.0,0.0,2.6901135e-12,0.0020878494,0.0,0.003821052,0.0,0.0070193904,0.0,0.01680267,0.0,0.06859879,0.0,0.12343648,0.0,0.02357173,0.0,0.024966625,0.0,0.0376944,0.0,0.014598634,0.0,0.008432623,0.0,0.027571937
0.0,0.0,1.8295396e-12,0.00086128886,0.0,0.0036442478,0.0,0.013422937,0.0,0.005574195,0.0,0.038728893,0.0,0.08404387,0.0,0.022642246,0.0,0.09875513,0.0,0.017127605,0.0,0.0088549815,0.0,0.005550349,0.0,0.031315643
0.0,0.0,1.8246084e-12,0.001712006,0.0,0.0042914017,0.0,0.021094764,0.0,0.01013354,0.0,0.022243854,0.0,0.057212964,0.0,0.023911895,0.0,0.12293316,0.0,0.07090378,0.0,0.012621682,0.0,0.007646235,0.0,0.008141356
0.0,0.0,1.8196904e-12,0.0010686094,0.0,0.0040417747,0.0,0.019884674,0.0,0.0073008416,0.0,0.0063090534,0.0,0.022334844,0.0,0.023165373,0.0,0.09086895,0.0,0.037511624,0.0,0.0071688397,0.0,0.004557637,0.0,0.020505434
0.0,0.0,6.0867164e-13,0.0006377186,0.0,0.003052967,0.0,0.0069292635,0.0,0.002247704,0.0,0.048753574,0.0,0.12702034,0.0,0.020010542,0.0,0.03725183,0.0,0.0165886,0.0,0.009845804,0.0,0.005405364,0.0,0.021520505
0.0,0.0,2.1481707e-13,0.0006646532,0.0,0.00271371,0.0,0.0047204,0.0,0.0015911051,0.0,0.033772476,0.0,0.09517662,0.0,0.018713811,0.0,0.020796616,0.0,0.040364478,0.0,0.0067577674,0.0,0.003864573,0.0,0.011410813
0.0,0.0,2.1423808e-13,0.0013889357,0.0,0.0023332608,0.0,0.00905535,0.0,0.0016303961,0.0,0.01091399,0.0,0.06797913,0.0,0.017088896,0.0,0.17212081,0.0,0.019849103,0.0,0.006007664,0.0,0.003237975,0.0,0.015345258
0.0,0.0,2.1366063e-13,0.0005569887,0.0,0.0023037216,0.0,0.026315467,0.0,0.0012122059,0.0,0.057962693,0.0,0.014726999,0.0,0.016732184,0.0,0.05346668,0.0,0.010401021,0.0,0.0065291664,0.0,0.0036157647,0.0,0.029038308
0.0,0.0,1.8217086e-13,0.0007080465,0.0,0.0020958052,0.0,0.008023434,0.0,0.0017056884,0.0,0.055708107,0.0,0.15838161,0.0,0.01570891,0.0,0.02415946,0.0,0.040012334,0.0,0.0109784,0.0,0.0056087226,0.0,0.009629606
0.0,0.0,1.8167985e-13,0.00066189514,0.0,0.0015761892,0.0,0.00568776,0.0,0.0008187972,0.0,0.023452753,0.0,0.08425367,0.0,0.013528508,0.0,0.06487411,0.0,0.0202772,0.0,0.005725054,0.0,0.0031480968,0.0,0.008032276
0.0,0.0,1.8119017e-13,0.0006632746,0.0,0.0017906836,0.0,0.00338744,0.0,0.000886148,0.0,0.020420643,0.0,0.0645689,0.0,0.014359735,0.0,0.05614526,0.0,0.008786822,0.0,0.0058232467,0.0,0.0031294452,0.0,0.011794577
0.0,0.0,1.5448598e-13,0.00023423582,0.0,0.0015602967,0.0,0.0019205317,0.0,0.00031590645,0.0,0.0080709765,0.0,0.02707443,0.0,0.013312109,0.0,0.015469306,0.0,0.02653635,0.0,0.0045716213,0.0,0.0023229083,0.0,0.012586809
0.0,0.0,1.5406959e-13,0.0002558674,0.0,0.0015323625,0.0,0.002442684,0.0,0.00035762982,0.0,0.04008483,0.0,0.03191487,0.0,0.013073902,0.0,0.16281039,0.0,0.01145298,0.0,0.006635764,0.0,0.003216456,0.0,0.014032222
0.0,0.0,1.5365431e-13,0.0007569042,0.0,0.0015924192,0.0,0.0036496674,0.0,0.0010894897,0.0,0.022314154,0.0,0.03753253,0.0,0.013174823,0.0,0.045049507,0.0,0.025916168,0.0,0.004096837,0.0,0.002209073,0.0,0.017325051
0.0,0.0,1.1610598e-13,0.002257589,0.0,0.001569546,0.0,0.0037278952,0.0,0.0026946024,0.0,0.0091176815,0.0,0.01657936,0.0,0.012820891,0.0,0.06299281,0.0,0.01739623,0.0,0.0032008244,0.0,0.0016225207,0.0,0.012541428
0.0,0.0,1.1579304e-13,0.0004985957,0.0,0.0014099367,0.0,0.0033040878,0.0,0.0007311474,0.0,0.030035175,0.0,0.043882065,0.0,0.012030417,0.0,0.023431897,0.0,0.008189844,0.0,0.004682249,0.0,0.0022597616,0.0,0.012142921
0.0,0.0,9.87272e-14,0.00038922805,0.0,0.0013234725,0.0,0.0012885318,0.0,0.0004721912,0.0,0.013199802,0.0,0.024854606,0.0,0.011581395,0.0,0.091585174,0.0,0.028740324,0.0,0.0040951516,0.0,0.002112145,0.0,0.014006101
0.0,0.0,9.8461095e-14,0.0008238806,0.0,0.0012860593,0.0,0.0007986478,0.0,0.0007134254,0.0,0.011548508,0.0,0.023494424,0.0,0.011175358,0.0,0.017307213,0.0,0.0082472935,0.0,0.0028422547,0.0,0.0014637379,0.0,0.011046502
0.0,0.0,7.4400264e-14,0.0002956735,0.0,0.0010951551,0.0,0.00057190564,0.0,0.0003761547,0.0,0.006139905,0.0,0.055870004,0.0,0.010043762,0.0,0.16476026,0.0,0.02139792,0.0,0.0019502499,0.0,0.0009638312,0.0,0.008458223
0.0,0.0,6.343499e-14,0.00018948199,0.0,0.0010819036,0.0,0.0011580387,0.0,0.0003776454,0.0,0.020988962,0.0,0.026730014,0.0,0.0100171985,0.0,0.058554947,0.0,0.006006859,0.0,0.0025413358,0.0,0.001170158,0.0,0.0067003826
0.0,0.0,3.9252205e-14,0.00043316474,0.0,0.0016142273,0.0,0.0016356743,0.0,0.0021967262,0.0,0.006274596,0.0,0.03950529,0.0,0.012140432,0.0,0.01133101,0.0,0.030095134,0.0,0.0032510234,0.0,0.0018108287,0.0,0.017590735
0.0,0.0,1.2128327e-08,0.0008473124,0.0,0.0017817458,0.0,0.005324221,0.0,0.0010228975,0.0,0.07452609,0.0,0.0807231,0.0,0.012691711,0.0,0.25178134,0.0,0.010972538,0.0,0.006217939,0.0,0.0034052692,0.0,0.008952366
0.0,0.0,7.3304403e-07,0.0009809677,0.0,0.0017749008,0.0,0.0049966294,0.0,0.0008544273,0.0,0.06424593,0.0,0.05845935,0.0,0.012551706,0.0,0.09212352,0.0,0.03793914,0.0,0.0052945265,0.0,0.0029426678,0.0,0.014423926
0.0,0.0,4.946066e-07,0.00045781583,0.0,0.0018416806,0.0,0.014100449,0.0,0.0021831738,0.0,0.037512273,0.0,0.012327552,0.0,0.012825185,0.0,0.028244287,0.0,0.0144140255,0.0,0.00639897,0.0,0.0034329456,0.0,0.010460156
0.0,0.0,3.8035256e-07,0.0013447884,0.0,0.001804091,0.0,0.0064453967,0.0,0.0007378211,0.0,0.014154614,0.0,0.1325435,0.0,0.012709423,0.0,0.06541073,0.0,0.027091438,0.0,0.0065804315,0.0,0.0036097972,0.0,0.016039139
0.0,0.0,3.396556e-07,0.00024194607,0.0,0.0015067806,0.0,0.006688748,0.0,0.00034620953,0.0,0.052998718,0.0,0.093038805,0.0,0.011590722,0.0,0.024068888,0.0,0.011770239,0.0,0.004531991,0.0,0.0025418224,0.0,0.0067549595
0.0,0.0,2.9082815e-07,0.00020229624,0.0,0.0014390474,0.0,0.0049765497,0.0,0.00027836143,0.0,0.036990345,0.0,0.02470116,0.0,0.011365236,0.0,0.0914838,0.0,0.023329094,0.0,0.0039003415,0.0,0.0021157481,0.0,0.00950136
0.0,0.0,2.1587549e-07,0.000110910885,0.0,0.0011768539,0.0,0.0013096844,0.0,0.00028696115,0.0,0.015813233,0.0,0.041576285,0.0,0.010152639,0.0,0.02200813,0.0,0.013821736,0.0,0.005618658,0.0,0.0028278958,0.0,0.009778891
0.0,0.0,1.4925594e-07,4.7830097e-05,0.0,0.00084252533,0.0,0.00067255314,0.0,0.00031124378,0.0,0.004275341,0.0,0.01848918,0.0,0.0084229745,0.0,0.073032334,0.0,0.0069454354,0.0,0.0030763054,0.0,0.0015260617,0.0,0.0056534666
0.0,0.0,1.3183654e-07,1.26022105e-05,0.0,0.0009823687,0.0,0.0015965309,0.0,0.0010340484,0.0,0.017826173,0.0,0.10424067,0.0,0.009149893,0.0,0.019918468,0.0,0.029166272,0.0,0.002542826,0.0,0.0012975057,0.0,0.007909507
0.0,0.0,1.3147987e-07,6.688468e-06,0.0,0.0009595449,0.0,0.0011089082,0.0,0.00093442533,0.0,0.005988473,0.0,0.05468308,0.0,0.008872976,0.0,0.09903427,0.0,0.008583516,0.0,0.0021980256,0.0,0.0011474558,0.0,0.010542184
0.0,0.0,9.0762775e-08,1.8723132e-06,0.0,0.00082549173,0.0,0.0006591128,0.0,0.00042896482,0.0,0.023559047,0.0,0.015370722,0.0,0.008093253,0.0,0.021367254,0.0,0.02439875,0.0,0.002566924,0.0,0.0011817125,0.0,0.00752588
0.0,0.0,6.35275e-08,5.3640775e-07,0.0,0.0007527507,0.0,0.0009427666,0.0,0.00069323176,0.0,0.0107196225,0.0,0.09285911,0.0,0.0077032372,0.0,0.09616011,0.0,0.006446746,0.0,0.0020586913,0.0,0.0009718363,0.0,0.007235882
0.0,0.0,5.0625992e-08,2.529396e-07,0.0,0.0008235288,0.0,0.00056830875,0.0,0.0013848109,0.0,0.0175602,0.0,0.034683865,0.0,0.008132046,0.0,0.027364157,0.0,0.026008397,0.0,0.0019210792,0.0,0.0009253908,0.0,0.0057340306
0.0,0.0,5.0489017e-08,6.840647e-08,0.0,0.00061166077,0.0,0.00069404696,0.0,0.00073866604,0.0,0.01001236,0.0,0.009695919,0.0,0.0068387166,0.0,0.02312094,0.0,0.0066480204,0.0,0.0022533066,0.0,0.0010040419,0.0,0.0030894976
0.0,0.0,5.035241e-08,8.072009e-08,0.0,0.0005212159,0.0,0.00042735136,0.0,0.00025881425,0.0,0.0055596028,0.0,0.03414056,0.0,0.006239587,0.0,0.058383387,0.0,0.014620315,0.0,0.001263644,0.0,0.00057860854,0.0,0.0010359737
0.0,0.0,4.018125e-08,4.683386e-08,0.0,0.0004664224,0.0,0.0005982023,0.0,0.00016161778,0.0,0.014574273,0.0,0.006703515,0.0,0.0058806892,0.0,0.009121539,0.0,0.0039254525,0.0,0.00082183775,0.0,0.00037043894,0.0,0.0004202664
0.0,0.0,4.0072532e-08,1.5603453e-08,0.0,0.00045820643,0.0,0.00049509184,0.0,0.00012481822,0.0,0.0046970155,0.0,0.018710624,0.0,0.005752862,0.0,0.06791326,0.0,0.006110928,0.0,0.0015085588,0.0,0.0005898215,0.0,0.00021304007
0.0,0.0,3.996411e-08,1.6112402e-08,0.0,0.00038461786,0.0,0.00054780906,0.0,8.280938e-05,0.0,0.010536006,0.0,0.017345686,0.0,0.005137657,0.0,0.011163389,0.0,0.009940306,0.0,0.0007781226,0.0,0.00033912229,0.0,0.00010804049
0.0,0.0,3.985598e-08,1.1865305e-08,0.0,0.00033606475,0.0,0.00018902001,0.0,5.2169522e-05,0.0,0.0032968018,0.0,0.025000485,0.0,0.0048245755,0.0,0.04520312,0.0,0.0070861424,0.0,0.00077712897,0.0,0.00031067658,0.0,6.6968954e-05
0.0,0.0,2.7975256e-08,1.00355315e-07,0.0,0.00054371817,0.0,0.00049937615,0.0,0.00011101401,0.0,0.008629186,0.0,0.011623049,0.0,0.006137045,0.0,0.032853168,0.0,0.019849453,0.0,0.00078315655,0.0,0.0003458387,0.0,3.906825e-05
0.0,0.0,2.7899556e-08,2.0169868e-07,0.0,0.00054374745,0.0,0.0004132448,0.0,0.00012816413,0.0,0.004448983,0.0,0.06766407,0.0,0.0059810444,0.0,0.017488692,0.0,0.004347843,0.0,0.0011537762,0.0,0.00049181667,0.0,1.472228e-05
0.0,0.0,2.7824061e-08,1.2941733e-07,0.0,0.00045867343,0.0,0.00017107931,0.0,0.0001035938,0.0,0.0042796163,0.0,0.015227544,0.0,0.005503343,0.0,0.08362492,0.0,0.0074902764,0.0,0.00075716764,0.0,0.00031978427,0.0,4.28367e-06
0.0,0.0,1.912319e-08,1.3580707e-07,0.0,0.00039985747,0.0,0.00033897738,0.0,6.312092e-05,0.0,0.015756343,0.0,0.035704084,0.0,0.0051372703,0.0,0.017191565,0.0,0.012083852,0.0,0.00086415425,0.0,0.00035494394,0.0,1.5023625e-06
0.0,0.0,1.9071443e-08,3.0625225e-07,0.0,0.00044779017,0.0,0.00043817147,0.0,9.0843576e-05,0.0,0.005498736,0.0,0.00674531,0.0,0.005492513,0.0,0.13662755,0.0,0.005254241,0.0,0.0007542928,0.0,0.00034118647,0.0,9.621436e-07
0.0,0.0,1.9019835e-08,1.5962198e-07,0.0,0.0003644479,0.0,0.0001611046,0.0,5.5444736e-05,0.0,0.004122635,0.0,0.015613145,0.0,0.0049875053,0.0,0.030979043,0.0,0.007319822,0.0,0.00064268213,0.0,0.0002597598,0.0,5.197197e-07
0.0,0.0,1.8968366e-08,7.029006e-08,0.0,0.00036936149,0.0,0.00015237246,0.0,4.2985306e-05,0.0,0.008427156,0.0,0.022960816,0.0,0.0051155374,0.0,0.030429665,0.0,0.013085975,0.0,0.0009609446,0.0,0.00038159947,0.0,6.2963375e-07
0.0,0.0,1.3526552e-08,8.070218e-08,0.0,0.00041802257,0.0,0.00020507142,0.0,4.9150578e-05,0.0,0.003572068,0.0,0.016322898,0.0,0.0055048326,0.0,0.017578738,0.0,0.0052624564,0.0,0.00088534126,0.0,0.00040216174,0.0,9.570944e-07
0.0,0.0,1.089504e-08,5.3129273e-08,0.0,0.00041901652,0.0,0.00024292494,0.0,4.0325645e-05,0.0,0.010165895,0.0,0.02665308,0.0,0.0053421874,0.0,0.08083382,0.0,0.009934378,0.0,0.0010703133,0.0,0.0004119698,0.0,6.742804e-07
0.0,0.0,1.08655565e-08,8.274272e-08,0.0,0.00042123013,0.0,0.00033084876,0.0,4.467302e-05,0.0,0.0025917424,0.0,0.009306572,0.0,0.0053652185,0.0,0.015529922,0.0,0.007354858,0.0,0.0006975778,0.0,0.00029733128,0.0,6.279184e-07
0.0,0.0,1.08361515e-08,6.103085e-08,0.0,0.00037986148,0.0,0.0003340854,0.0,3.8083628e-05,0.0,0.0028264988,0.0,0.04529035,0.0,0.005010247,0.0,0.06932573,0.0,0.012616375,0.0,0.0010353251,0.0,0.00041480944,0.0,6.541519e-07
0.0,0.0,9.854481e-09,4.8623438e-08,0.0,0.0003792543,0.0,0.00029711478,0.0,3.7651695e-05,0.0,0.0053535653,0.0,0.009632158,0.0,0.005086183,0.0,0.008507927,0.0,0.003709547,0.0,0.00076196465,0.0,0.00035185774,0.0,7.8705807e-07
0.0,0.0,9.827812e-09,7.617638e-08,0.0,0.00044405126,0.0,0.00021423315,0.0,2.9655594e-05,0.0,0.018141953,0.0,0.024412978,0.0,0.0055347267,0.0,0.03811667,0.0,0.007277927,0.0,0.0012130464,0.0,0.0005366836,0.0,1.3757785e-06
0.0,0.0,9.801216e-09,1.1056308e-07,0.0,0.00041199097,0.0,0.0002738537,0.0,4.4659868e-05,0.0,0.006344996,0.0,0.014940947,0.0,0.0052012242,0.0,0.021085296,0.0,0.014350281,0.0,0.0007836425,0.0,0.0003670784,0.0,1.1636636e-06
0.0,0.0,9.774691e-09,1.7462025e-07,0.0,0.00044632188,0.0,0.00036124646,0.0,6.0558323e-05,0.0,0.018706359,0.0,0.018259052,0.0,0.00546844,0.0,0.051486094,0.0,0.003752218,0.0,0.0011634008,0.0,0.0005061699,0.0,1.3074397e-06
0.0,0.0,9.748239e-09,1.05824725e-07,0.0,0.00034313183,0.0,0.000109354034,0.0,6.5110624e-05,0.0,0.00588137,0.0,0.0070602833,0.0,0.0047977907,0.0,0.0073360996,0.0,0.0063988185,0.0,0.0008029964,0.0,0.00037843036,0.0,9.968408e-07
0.0,0.0,7.414067e-09,4.6796725e-08,0.0,0.0002573984,0.0,0.00015138825,0.0,2.756345e-05,0.0,0.0061073545,0.0,0.014708487,0.0,0.004014881,0.0,0.011532967,0.0,0.008233329,0.0,0.0006313918,0.0,0.0002591211,0.0,5.3749034e-07
0.0,0.0,7.3940023e-09,1.8080133e-08,0.0,0.00021751122,0.0,6.603839e-05,0.0,2.6161346e-05,0.0,0.0033564784,0.0,0.021399958,0.0,0.0036618528,0.0,0.022747058,0.0,0.0071140085,0.0,0.0006289634,0.0,0.00023761834,0.0,3.6421142e-07
0.0,0.0,7.3739916e-09,3.202087e-08,0.0,0.0002334837,0.0,9.908043e-05,0.0,2.44195e-05,0.0,0.0072648097,0.0,0.011685491,0.0,0.0039217896,0.0,0.03515058,0.0,0.009399303,0.0,0.0005343491,0.0,0.0002100893,0.0,2.9377603e-07
0.0,0.0,7.354035e-09,2.2634175e-08,0.0,0.0002750696,0.0,0.00017588299,0.0,2.1641159e-05,0.0,0.0028020241,0.0,0.03294615,0.0,0.0042284518,0.0,0.021945026,0.0,0.008093828,0.0,0.001247799,0.0,0.00044818205,0.0,4.9366645e-07
0.0,0.0,7.3341324e-09,3.8393953e-08,0.0,0.0003747091,0.0,0.00061484135,0.0,2.4161605e-05,0.0,0.008626575,0.0,0.005883247,0.0,0.004911897,0.0,0.05281889,0.0,0.00946354,0.0,0.000916911,0.0,0.00039369243,0.0,6.73696e-07
0.0,0.0,5.547582e-09,2.0506059e-08,0.0,0.00043261534,0.0,0.0008414105,0.0,2.391748e-05,0.0,0.006386094,0.0,0.040270906,0.0,0.0053038485,0.0,0.03038848,0.0,0.010198098,0.0,0.0013030649,0.0,0.00058394123,0.0,1.4536564e-06
0.0,0.0,4.1879757e-09,1.4280783e-08,0.0,0.00042408644,0.0,0.00032099805,0.0,2.5959125e-05,0.0,0.008321099,0.0,0.005592508,0.0,0.0052815503,0.0,0.018542828,0.0,0.008643971,0.0,0.0008305849,0.0,0.00039155732,0.0,1.1439927e-06
0.0,0.0,4.1766417e-09,4.3950614e-08,0.0,0.00049371336,0.0,0.0005798521,0.0,3.107914e-05,0.0,0.004209432,0.0,0.042170193,0.0,0.005610214,0.0,0.119110234,0.0,0.01710744,0.0,0.0014660085,0.0,0.00065884436,0.0,1.6945356e-06
0.0,0.0,4.1653383e-09,3.714539e-08,0.0,0.0005098077,0.0,0.00065625156,0.0,2.2351596e-05,0.0,0.0054881857,0.0,0.0062522045,0.0,0.0056119044,0.0,0.024388023,0.0,0.0038604809,0.0,0.00094619585,0.0,0.0004498944,0.0,1.5746276e-06
0.0,0.0,4.1540655e-09,1.6865567e-08,0.0,0.00054611085,0.0,0.0007257696,0.0,2.1053516e-05,0.0,0.021904796,0.0,0.056968886,0.0,0.0058239046,0.0,0.086199574,0.0,0.0082119135,0.0,0.0020076404,0.0,0.0008654769,0.0,2.0535722e-06
0.0,0.0,3.541791e-09,2.1145754e-08,0.0,0.0005947134,0.0,0.00029348925,0.0,1.3557808e-05,0.0,0.007892965,0.0,0.014924573,0.0,0.0061012344,0.0,0.012635088,0.0,0.016342577,0.0,0.0012969022,0.0,0.00061914383,0.0,2.029923e-06
0.0,0.0,3.0197607e-09,4.781064e-08,0.0,0.00058562896,0.0,0.00017987812,0.0,1.830391e-05,0.0,0.017206458,0.0,0.0447971,0.0,0.006050659,0.0,0.104289904,0.0,0.0041196696,0.0,0.0014508825,0.0,0.0006579318,0.0,2.0488133e-06
0.0,0.0,3.0115883e-09,4.319246e-08,0.0,0.00062595506,0.0,0.0002299933,0.0,2.4738873e-05,0.0,0.0052981684,0.0,0.022495952,0.0,0.006286936,0.0,0.019493483,0.0,0.011446763,0.0,0.0012047685,0.0,0.0006012713,0.0,2.699116e-06
0.0,0.0,3.003438e-09,6.011991e-08,0.0,0.00074744597,0.0,0.0032079539,0.0,1.7163362e-05,0.0,0.03490334,0.0,0.014581136,0.0,0.0069204783,0.0,0.14836153,0.0,0.0064007393,0.0,0.0025666165,0.0,0.0011805578,0.0,3.9998713e-06
0.0,0.0,2.5607563e-09,5.1560896e-08,0.0,0.00084399775,0.0,0.0014088241,0.0,2.420187e-05,0.0,0.017791338,0.0,0.088980936,0.0,0.007423828,0.0,0.0462886,0.0,0.0266141,0.0,0.0018470964,0.0,0.000939808,0.0,4.6033188e-06
0.0,0.0,2.553826e-09,9.375856e-08,0.0,0.00084879034,0.0,0.0015390199,0.0,3.5464334e-05,0.0,0.0048465817,0.0,0.037392713,0.0,0.007522386,0.0,0.013752676,0.0,0.0065183663,0.0,0.0018357456,0.0,0.0009283175,0.0,4.7545177e-06
0.0,0.0,2.5469145e-09,7.238107e-08,0.0,0.0008308181,0.0,0.0020329892,0.0,3.020578e-05,0.0,0.0041900896,0.0,0.0065201493,0.0,0.0073858267,0.0,0.16026287,0.0,0.027002249,0.0,0.0043426557,0.0,0.0020684467,0.0,8.12734e-06
0.0,0.0,1.1929344e-09,6.87458e-08,0.0,0.0008757344,0.0,0.0011796519,0.0,4.0603132e-05,0.0,0.037497506,0.0,0.1161406,0.0,0.0076755676,0.0,0.04808408,0.0,0.0066899327,0.0,0.0051835496,0.0,0.002628694,0.0,1.2241533e-05
0.0,0.0,8.6108537e-10,5.321829e-08,0.0,0.0010495336,0.0,0.0016142132,0.0,3.4694396e-05,0.0,0.021855088,0.0,0.059509695,0.0,0.008533524,0.0,0.038962137,0.0,0.03998795,0.0,0.0037179284,0.0,0.0020544066,0.0,1.4491143e-05
0.0,0.0,7.887507e-10,3.2995768e-08,0.0,0.0011872835,0.0,0.005375104,0.0,3.2142227e-05,0.0,0.004676438,0.0,0.022306392,0.0,0.009016531,0.0,0.030587116,0.0,0.013329727,0.0,0.005121131,0.0,0.0026414858,0.0,1.657747e-05
0.0,0.0,6.3055655e-10,7.258501e-08,0.0,0.0011241324,0.0,0.0021432098,0.0,3.110191e-05,0.0,0.01119145,0.0,0.018909676,0.0,0.008821962,0.0,0.053408634,0.0,0.021177135,0.0,0.0037170548,0.0,0.0020615926,0.0,1.6872364e-05
0.0,0.0,4.764628e-10,1.7724037e-07,0.0,0.0011309293,0.0,0.002766393,0.0,4.8945025e-05,0.0,0.015001153,0.0,0.03432946,0.0,0.008897472,0.0,0.016546821,0.0,0.009454146,0.0,0.005645682,0.0,0.002976101,0.0,1.9663448e-05
0.0,0.0,4.7517335e-10,1.1124477e-07,0.0,0.0013133581,0.0,0.0050861146,0.0,4.4969478e-05,0.0,0.005463154,0.0,0.009922417,0.0,0.009682586,0.0,0.21849398,0.0,0.044093136,0.0,0.0058527654,0.0,0.0032603855,0.0,2.7660793e-05
0.0,0.0,4.738874e-10,1.9101974e-06,0.0,0.0017963662,0.0,0.010405518,0.0,6.585541e-05,0.0,0.033767413,0.0,0.19088103,0.0,0.011389298,0.0,0.07109198,0.0,0.037600067,0.0,0.006860023,0.0,0.0039976095,0.0,4.5100638e-05
0.0,0.0,2.9364353e-10,2.5435402e-06,0.0,0.0007576765,0.0,0.011706702,0.0,8.1899e-05,0.0,0.016770698,0.0,0.11855946,0.0,0.0027539914,0.0,0.06557797,0.0,0.022657966,0.0,0.013645223,0.0,0.007970931,0.0,8.834026e-05
0.0,0.0,1.9939238e-10,4.896871e-06,0.0,0.00018153261,0.0,0.008678708,0.0,0.00010306837,0.0,0.021885904,0.0,0.16770193,70208.58,0.0023304883,0.0,0.029037585,0.0,0.0036190304,0.0,0.0028942043,0.0,0.002217329,0.0,9.578165e-05
0.0,0.0,1.506654e-10,6.7374203e-06,0.0,4.1514297e-05,0.0,0.012809272,0.0,9.237476e-05,0.0,0.014793765,0.0,0.12182127,242414.48,0.0028654777,0.0,0.14982566,106890.78,0.019257968,9793.213,0.0055242986,2680.9094,0.0017714136,0.0,7.143489e-05
0.0,0.0,1.2845858e-10,3.9564093e-06,0.0,9.431999e-06,0.0,0.0038749333,0.0,0.00010125287,0.0,0.12519236,0.0,0.09397337,266257.3,0.0029876186,0.0,0.090820625,221165.34,0.00069114415,90784.52,0.0012909876,31329.537,0.0009092572,0.0,5.2778596e-05
0.0,0.0,1.2811092e-10,3.7814266e-06,0.0,2.1482174e-06,0.0,0.012817342,0.0,8.343607e-05,0.0,0.13383299,0.0,0.024236046,258670.84,0.003045822,0.0,0.031730723,259200.16,0.00087203196,182331.97,0.0038443399,116863.016,0.0012199349,0.0,2.1284488e-05
0.0,0.0,1.2776422e-10,2.669174e-06,0.0,4.8736365e-07,0.0,0.0031527283,0.0,8.6453816e-05,0.0,0.15355164,0.0,0.5521611,252730.48,0.0032307736,0.0,0.07940822,260247.45,0.0011948348,212996.38,0.010257298,191457.75,0.0038176514,0.0,8.8370825e-06
0.0,0.0,1.2741845e-10,3.1775257e-06,73934.64,1.0867761e-06,0.0,0.032010943,0.0,8.45448e-05,0.0,0.1560567,0.098461926,0.41020015,242024.52,0.0043765074,0.0,0.15266101,252195.45,0.0017103271,211347.08,0.0017507296,208340.7,0.0014156253,0.0,3.8685566e-06
0.0,0.0,3.077268e-11,9.5330915e-06,228543.17,1.3362906e-06,0.0,0.031305756,0.0,9.093042e-05,0.0,0.13662224,4259.4937,0.04109738,213502.83,0.0060440116,0.0,0.14262092,234023.67,0.002230371,203670.75,0.005315689,207493.06,0.002321358,0.0,1.6747213e-06
0.0,0.0,5.461807e-12,2.9831128e-05,256744.67,1.9118575e-06,0.0,0.036884215,0.0,0.00010746564,8486.431,0.065287195,58818.25,0.08334969,197614.45,0.0068755965,2610.7651,0.09074914,211139.75,0.0026126788,205208.53,0.0020393697,202645.2,0.0012684028,0.0,7.612371e-07
0.0,0.0,3.784874e-12,5.0673756e-05,250876.77,3.058388e-06,0.0,0.03522942,0.0,0.00011846209,48710.574,0.004850381,152194.6,0.045112666,185727.42,0.0076454883,31108.975,0.014123158,195768.97,0.003211328,210372.69,0.0012959567,207035.27,0.00073397375,0.0,3.4270073e-07
0.0,0.0,6.705683e-13,0.0001368258,236666.73,6.466856e-06,0.0,0.022595197,0.0,0.00012623635,110319.74,0.04886951,174053.53,8.675284e-06,180674.05,0.0077322247,71770.05,0.000209989,186313.4,0.0036293522,200611.5,0.0015143229,205177.69,0.0008094549,0.0,1.5562404e-07
0.0,0.0,1.897137e-13,0.00074441754,208146.33,1.1483558e-05,0.0,0.075882934,0.0,0.00017453285,91675.95,0.074543454,201746.31,1.098144e-05,177653.08,0.008467593,109796.28,3.4535038e-05,181832.08,0.003780208,192791.22,0.001696619,196163.25,0.00094441697,0.0,7.495319e-08
0.0,0.0,7.294994e-14,0.01676583,189224.39,1.8766077e-05,55.7343,0.034503575,0.0,0.0010697447,126580.76,0.0050039515,226277.3,1.5463998e-05,169093.97,0.009883254,144532.62,1.344252e-05,175596.84,0.004413233,183655.53,0.0022183019,187186.8,0.0013325574,1917.7142,8.841874e-08
0.0,0.0,1.2749071e-14,0.054478884,177683.88,2.7181051e-05,11350.389,0.005724602,0.0,0.0072998754,167190.81,1.1905316e-05,217287.31,8.059798e-06,149690.95,0.012025262,162427.02,9.386511e-06,161208.4,0.0057183425,171072.72,0.0029271918,175808.64,0.0018013256,26040.377,4.431485e-07
0.0,0.0,4.0126043e-15,0.01145007,172390.0,3.625183e-05,22505.283,0.00914223,0.0,0.0054743807,167719.34,3.867145e-05,203200.9,1.6616055e-05,143601.05,0.012928325,165007.17,8.691651e-06,149415.4,0.0063781585,158078.08,0.003051505,163384.52,0.0017829809,70214.266,7.006283e-07
0.0,0.0,1.5420887e-15,0.012975472,164345.44,4.7322632e-05,90938.016,0.008848659,0.0,0.009482651,178242.38,1.5240846e-05,186354.12,2.0024594e-05,152507.72,0.012627952,160893.89,1.3794334e-05,150422.42,0.006208886,152399.6,0.0031546345,154175.06,0.0019584359,100045.016,1.1010627e-06
0.0,0.0,2.7358926e-16,0.03030262,147385.7,6.2032515e-05,115152.82,0.014358112,0.0,0.013746689,180780.66,1.38358055e-05,177955.81,1.4893193e-05,142097.56,0.015547876,156335.44,1.9796658e-05,147886.84,0.007429592,150166.4,0.0036738212,150496.75,0.0022102166,116580.15,1.4171135e-06
0.0,0.0,6.6142363e-14,0.020215554,136991.89,7.051133e-05,122507.58,0.0037690124,0.0,0.017062558,178618.31,2.0288844e-05,165268.23,2.0360156e-05,138401.8,0.018835047,150366.48,2.167775e-05,140548.72,0.008089934,143119.89,0.0042455634,145454.77,0.0025663867,130200.13,1.1999138e-06
0.0,0.0,1.2365735e-14,0.018172082,142600.28,7.561184e-05,96866.72,1.7709295e-05,0.0,0.013525127,174729.58,2.03206e-05,154290.42,2.0908143e-05,132639.38,0.017768092,141306.2,2.0378044e-05,135606.95,0.008528285,136353.73,0.0044832653,138399.92,0.002802853,138425.33,8.8600075e-07
0.0,0.0,2.1414545e-15,0.041552283,132506.44,0.00014192765,92924.89,1.7361393e-05,0.0,0.061447404,169225.05,2.1112617e-05,148063.0,2.634357e-05,134041.19,0.021464253,135492.2,2.0133513e-05,133406.0,0.009503968,133118.92,0.0048769363,133662.5,0.0031042097,146337.44,2.3571831e-06
0.0,0.0,1.6181144e-15,0.0054368065,126178.266,0.00017096885,121294.63,1.0290884e-05,0.0,0.050914325,156708.31,2.1342128e-05,141913.42,3.532339e-05,128976.055,0.022868613,127931.766,2.4365185e-05,129416.27,0.010016542,130115.0,0.0052540014,130517.5,0.003338376,151171.94,6.7213396e-06
0.0,0.0,1.3796031e-15,0.008909861,121699.33,0.00023181968,117012.805,8.646504e-06,0.0,0.016169563,148207.36,8.089648e-06,136016.69,3.0948122e-05,126917.99,0.024197984,117945.06,3.5406138e-05,126039.67,0.010642686,125289.11,0.005871683,126388.11,0.0037209252,151342.42,6.296231e-06
0.0,0.0,1.0424482e-15,0.03361184,119274.19,0.00032675805,103923.336,1.1324114e-05,0.0,0.09302836,140815.62,8.78631e-06,131418.33,3.0127123e-05,125390.27,0.028031662,110826.77,4.4961213e-05,123263.055,0.011530197,122214.15,0.006207287,122519.69,0.004040879,143539.06,1.436285e-06
0.0,0.0,8.887906e-16,0.009849395,114509.85,0.00038776154,89499.43,1.8477454e-05,0.0,0.03843412,135836.78,4.5837787e-06,126651.56,3.0676445e-05,117840.836,0.028159596,105217.74,4.5183748e-05,117753.055,0.01309835,117973.414,0.007110585,118695.9,0.004636906,142046.69,7.63593e-07
0.0,0.0,6.715831500000001e-16,0.038162634,111445.09,0.00042813612,101702.17,5.329956e-06,0.0,0.017788408,128890.5,4.691818e-06,123007.64,2.7869353e-05,114284.625,0.02689692,100108.71,4.5824934e-05,114372.97,0.013881465,113041.02,0.007767107,113960.29,0.0049860207,143744.53,1.299137e-06
0.0,0.0,2.2828835e-16,0.007161725,107139.375,0.0004378342,100579.47,2.794795e-06,0.00018519335,0.026382288,125462.35,6.2779977e-06,119337.86,3.131442e-05,122003.79,0.031874597,99528.13,3.4123288e-05,116777.75,0.013979109,112152.69,0.008062223,111441.42,0.0053417077,145885.88,1.187673e-06
0.0,0.0,5.6755145e-17,0.025722276,101304.07,0.00050339097,119634.195,5.356059e-06,0.00019663775,0.05752586,119534.83,7.2458765e-06,115214.26,3.2804517e-05,114236.27,0.03634862,100775.03,5.347899e-05,113514.58,0.017886491,111448.945,0.009912917,110658.53,0.006596036,145325.52,1.3689048e-06
0.0,0.0,3.6801097000000004e-17,0.032364547,100939.27,0.0007574172,128375.69,7.367516e-06,0.36976853,0.036710195,114504.4,8.020439e-06,111298.24,4.333876e-05,107118.83,0.038555216,98877.234,3.9610797e-05,105800.26,0.019932285,105413.445,0.011074435,106361.07,0.007364834,139863.53,9.93827e-07
0.0,0.0,2.1678730000000002e-17,0.011345422,98532.484,0.0010094278,133636.8,1.0156463e-05,389.31946,0.006316707,111097.22,6.6209072e-06,108209.6,6.531458e-05,104557.336,0.04077571,96939.945,2.8003285e-05,101795.055,0.022061147,100028.836,0.012865942,100628.695,0.008698076,131877.7,2.6752085e-07
0.0,1.1046981e-05,6.6669624e-18,0.04105301,90523.64,0.0011444838,133396.64,1.145647e-05,6906.5933,1.0376575e-05,108109.31,1.2573181e-05,104994.33,8.237376e-05,103049.65,0.046143886,95744.09,1.735941e-05,98848.055,0.024603095,96943.805,0.014656705,96576.086,0.01008151,126636.805,6.9329093e-07
0.0,0.57171804,4.534086e-18,0.0053802435,84899.96,0.0013180998,122691.93,1.7976496e-05,22085.18,1.5662331e-06,102557.89,1.5951568e-05,100648.66,9.682425e-05,96923.4,0.04691071,94377.305,2.2782326e-05,93319.99,0.025998361,91941.23,0.015221264,92081.72,0.010522032,122734.72,3.5299527e-06
0.0,38.560715,2.5742235e-18,3.4346872e-08,80806.93,0.0016666985,113424.96,1.6659838e-05,52625.67,2.6980238e-06,97990.914,1.6959786e-05,95468.5,2.7953647e-05,97945.33,0.048399847,94784.734,2.8753031e-05,92131.76,0.026513597,88191.58,0.015202575,87897.37,0.0103428215,121463.22,5.6364097e-06
0.0,489.9431,1.750685e-18,1.1938841e-09,76118.77,0.0016996209,116409.984,1.5962572e-05,117905.53,3.0375052e-06,93364.445,2.0517655e-05,91120.31,5.879042e-05,98847.17,0.052890632,94385.69,2.5627025e-05,93250.21,0.029955775,87433.81,0.018191213,86177.45,0.012515498,119510.77,6.2926306e-06
0.0,5095.5747,4.2658032e-19,2.945156e-11,73581.86,0.0018781978,112617.836,1.2506862e-05,144250.2,1.8648458e-06,89588.06,2.0411831e-05,86864.85,9.124479e-05,93784.89,0.056553233,90719.89,4.346439e-05,90469.36,0.03406987,85545.39,0.021574086,84437.49,0.0151915755,116688.84,8.6455375e-06
0.0,20731.549,4.2542132e-19,2.8341638e-11,72367.82,0.0022886402,122278.34,2.8150625e-06,147637.88,1.0141212e-06,86569.91,2.0068479e-05,83285.74,6.0121154e-05,88697.02,0.058163118,87514.52,5.4381362e-05,86443.07,0.037331387,82059.64,0.023546226,81221.57,0.017016158,115412.12,2.9830194e-06
273.6856,42909.902,8.703425e-20,6.2919565e-11,68375.305,0.0025463877,123802.055,1.1572968e-06,131444.8,1.4851552e-06,82346.49,2.2582091e-05,80618.0,5.0621125e-05,88192.9,0.060409047,86103.32,4.652597e-05,82993.664,0.037309777,78839.9,0.022625513,77743.04,0.016138187,112934.8,2.0427537e-06
511.98245,40158.812,3.5323834e-20,1.0614699e-10,63535.242,0.0025834392,106587.7,3.5318217e-06,127740.73,1.2425827e-06,78095.03,2.6549027e-05,78282.7,7.043454e-05,88356.73,0.061178025,86430.57,4.913759e-05,82307.086,0.03679712,76746.625,0.022996832,75392.52,0.016070677,108792.375,8.990939e-06
16677.357,49569.98,6.9969035e-21,1.6537402e-10,60538.88,0.0026488996,105896.914,2.1765427e-06,132198.17,1.1884648e-06,75141.85,2.4704446e-05,74822.46,9.055135e-05,89497.65,0.06319351,86567.76,4.7906302e-05,83415.37,0.038325723,75936.69,0.024091447,74152.24,0.01679618,104161.24,1.1130511e-06
77509.04,69608.77,1.5355931e-21,8.168056e-11,59492.895,0.0026068601,99165.234,2.5927914e-06,122627.375,1.7584916e-06,71042.06,2.4524279e-05,71722.63,0.00010635491,86780.445,0.06364341,85388.375,4.9399016e-05,81483.28,0.038239524,74379.29,0.023788126,72727.734,0.016475499,100991.01,4.450933e-06
140342.38,77188.266,3.885026e-22,2.04328e-12,59171.445,0.0026187792,86530.81,4.1631133e-06,123359.484,1.3208924e-06,68099.81,2.245967e-05,69340.664,3.9483082e-05,87735.734,0.065379545,84757.125,3.6983747e-05,79753.26,0.038018487,72709.11,0.022928268,71160.04,0.015841087,97767.2,5.42801e-06
192257.08,96866.54,1.8009722000000002e-22,5.9917495e-13,58163.062,0.0025803559,91440.39,3.4598572e-06,124954.53,8.7859945e-07,66284.83,2.2129685e-05,68832.414,7.343125e-05,87362.61,0.06684849,84224.15,2.742155e-05,82183.56,0.041629273,73857.26,0.02539631,71600.086,0.017934266,93858.33,3.782648e-06
192257.08,106825.516,3.4288133e-23,6.124328e-12,56926.19,0.002711561,95200.69,2.05515e-06,131709.34,8.7031674e-07,65647.35,2.1496062e-05,67655.04,9.516114e-05,85360.5,0.069639616,84935.336,2.182587e-05,79882.266,0.042443857,72939.9,0.025616102,70952.836,0.017562356,89245.33,3.6388403e-06
192257.08,105150.73,1.1696643e-23,1.7597989e-11,56292.055,0.002690009,89477.64,2.2591296e-06,131190.06,1.0146289e-06,63498.85,2.2188891e-05,66333.82,9.041358e-05,82350.234,0.06885936,84456.4,3.087528e-05,75166.65,0.040490486,69228.56,0.02409695,68222.766,0.016248986,86080.02,3.4598481e-06
230497.28,142805.95,4.4949130000000004e-23,1.9806103e-11,54853.023,0.0023045249,81771.64,3.0015049e-06,128663.78,5.865942e-07,61816.598,2.056947e-05,65913.81,8.695692e-05,80719.67,0.06534989,82746.94,2.5069246e-05,76637.234,0.03976894,67702.82,0.023107411,66016.28,0.015014161,83395.54,3.0894448e-06
241984.94,134796.83,1.2363304e-23,1.6947617e-11,52458.47,0.001977007,81897.65,2.5233921e-06,123548.31,4.871451e-07,61106.004,1.6846734e-05,65033.957,7.3658026e-05,88720.375,0.069565564,82342.46,2.1762124e-05,82788.03,0.042691257,72268.45,0.025488582,68784.06,0.0175634,80835.11,3.2614541e-06
234978.03,143942.98,6.8769984e-23,1.0624103e-11,51340.168,0.0018087779,72969.34,3.877516e-06,118334.27,1.7238959e-07,59652.59,1.6868551e-05,63497.39,6.0003495e-05,80893.86,0.07162857,79065.234,1.9596797e-05,77878.05,0.04437433,70894.64,0.026752843,69122.734,0.01827575,78736.945,2.4100223e-06
168782.86,135321.64,3.911342e-21,3.4549074e-12,52518.45,0.0018186636,69764.36,3.3898316e-06,112583.22,6.4314996e-08,58188.61,1.6063866e-05,61844.598,4.940088e-05,78493.06,0.06982361,76935.414,1.7862247e-05,74360.305,0.04121547,66840.22,0.023572715,65800.73,0.015028545,77150.68,2.3741181e-06
152076.86,132101.67,1.3132733e-20,2.3173171e-12,54073.63,0.0016881033,66578.66,2.5809159e-06,112478.33,2.1830589e-07,57509.348,1.5907754e-05,61921.316,4.9943537e-05,87091.086,0.069343895,76766.95,1.9325627e-05,77114.86,0.037132006,67987.19,0.021667596,65395.02,0.014268073,75390.48,3.1385405e-06
152076.86,133236.75,6.7916714e-21,2.11915e-12,49220.406,0.0021020055,68687.02,1.7777436e-06,108744.85,1.8779998e-07,57314.883,1.6110815e-05,62036.1,5.6421024e-05,88756.38,0.07797905,76030.22,2.0151041e-05,82178.664,0.046791248,72873.7,0.02697106,69406.234,0.018435748,74044.375,4.3442974e-06
148625.11,135421.31,9.095611e-21,2.566867e-12,49944.555,0.0021975222,70158.35,9.584246e-07,104476.33,1.5920041e-07,56508.31,1.6923565e-05,60258.215,4.961746e-05,73448.52,0.07612525,75851.85,1.73117e-05,71038.54,0.04703602,67237.32,0.027089207,66833.85,0.01788077,72594.586,3.954969e-06
142634.36,133072.53,6.154519e-21,6.141902e-12,53202.65,0.0025127695,65194.098,1.2328444e-06,100470.64,1.1189807e-07,54845.285,1.5932977e-05,59781.457,4.494803e-05,80576.3,0.07529868,73795.28,1.576876e-05,71791.516,0.043434896,63872.14,0.025063671,62686.8,0.016199833,71380.62,2.4931699e-06
140494.66,128960.61,4.9730365e-21,7.343715e-12,49688.383,0.0020542375,64514.3,1.1175434e-06,95815.945,2.960668e-07,54824.332,1.7719572e-05,60775.387,5.483152e-05,83579.81,0.07726708,72428.62,1.7847111e-05,74458.516,0.04423106,66523.06,0.025388159,63390.72,0.016890813,70621.07,3.0195067e-06
131286.9,127047.98,2.0287517e-20,3.5861724e-12,43661.09,0.002357881,60218.492,2.3274476e-06,95775.73,1.5259683e-07,55321.33,1.6355452e-05,60237.63,6.0920043e-05,81575.65,0.08244778,72332.52,1.9624655e-05,73507.23,0.04990304,65953.59,0.028145801,64001.418,0.018772973,69701.13,4.7621743e-06
125125.625,125971.4,6.5307286e-20,2.0871638e-12,46962.555,0.002338214,60918.582,1.4549139e-06,93458.17,3.6939667e-08,53698.355,1.634724e-05,57735.4,5.6618745e-05,71795.47,0.078582875,71103.7,1.8510313e-05,68793.75,0.050093208,62092.96,0.027180467,61072.555,0.017622726,68779.38,4.209044e-06
125125.625,126455.82,4.7658683e-20,2.3390571e-12,47349.945,0.0023356876,57791.984,2.0712196e-06,95758.11,1.20097e-07,51799.074,1.6603492e-05,57237.312,5.809223e-05,78638.52,0.07785218,70092.95,1.799404e-05,71117.31,0.045327783,61984.516,0.025418283,59491.727,0.015943239,67706.055,2.3832288e-06
125125.625,127604.21,1.9893824999999998e-20,1.0141049e-12,43722.555,0.0023598736,56465.7,2.3837508e-06,98010.516,1.7617717e-07,51853.44,1.7801276e-05,57064.934,6.236481e-05,83623.27,0.08314049,69011.43,1.9247667e-05,74168.35,0.048371285,64877.992,0.02727941,61664.12,0.018009618,67524.76,2.0578566e-06
125125.625,120884.06,1.0461693e-20,5.1147546e-13,41085.426,0.002155485,55499.06,2.2566533e-06,90394.555,6.154407e-08,51344.695,1.7801975e-05,55333.734,5.8158425e-05,68544.93,0.07959295,66309.46,1.7334345e-05,69632.49,0.05084762,62550.453,0.028109003,61054.54,0.018269649,66806.08,5.2464243e-06
117441.17,112528.13,3.5409529999999997e-20,3.8713523e-13,44489.38,0.00211033,55251.504,1.6571844e-06,82344.78,4.063055e-08,49420.35,1.5359421e-05,53281.95,5.1504616e-05,78011.53,0.07997468,64202.95,1.6222957e-05,69864.805,0.047329694,60886.434,0.026559621,59005.523,0.01681482,65857.66,4.16519e-06
106455.26,105391.24,2.2911365e-19,3.6754535e-13,44528.73,0.0018216325,55595.043,1.0339999e-06,77671.375,2.2565575e-07,48268.383,1.4351955e-05,52733.043,5.160306e-05,82838.88,0.08267548,63406.805,1.7665492e-05,71789.73,0.045273617,62765.39,0.02584415,59685.85,0.016631108,64816.67,9.504215e-07
106040.95,98387.12,1.2130941e-19,3.3893027e-13,38873.926,0.0018760895,53680.445,1.178666e-06,78618.39,1.2250192e-07,48543.766,1.3557863e-05,53779.82,4.892505e-05,77251.79,0.08203935,62812.465,1.6179682e-05,71180.97,0.046785496,63224.81,0.027421184,60902.17,0.01810092,64426.9,1.1068744e-06
106040.95,97455.82,7.940146999999999e-20,3.8115705e-13,42872.473,0.001454399,50803.44,1.9724343e-06,69356.41,8.344809e-08,48417.76,1.3124753e-05,51910.652,4.688876e-05,69493.14,0.07895143,61262.3,1.35388445e-05,69856.24,0.05027593,61875.668,0.028580843,60049.637,0.018637316,63549.684,3.5521525e-06
106040.95,93154.586,4.6776537e-20,3.1716765e-13,44506.414,0.0015593334,52289.54,7.1135514e-07,67759.91,5.255744e-07,46477.18,1.0439013e-05,51235.68,5.0850795e-05,72569.29,0.07788544,59413.45,1.3174641e-05,70677.29,0.048269168,61411.84,0.02707975,59038.92,0.017322715,62405.785,5.061834e-07
100360.56,88227.914,9.394119e-20,1.7816767e-13,42420.824,0.0013700475,50814.176,5.129422e-07,69468.555,2.5211423e-07,45706.336,1.253906e-05,52507.715,5.3657e-05,75675.12,0.07514061,59141.594,1.4068899e-05,72242.12,0.043969877,62164.266,0.023960117,59253.457,0.01485238,62008.227,3.0599614e-07
89580.52,86718.21,2.923311e-19,9.5561823e-14,39813.87,0.0011333064,49352.88,7.117441e-07,66791.45,8.424736e-08,46768.92,1.4519208e-05,52045.434,4.0472558e-05,83874.9,0.077188574,59830.754,1.2730715e-05,75961.25,0.0430065,65513.242,0.02415082,62145.56,0.015720844,61436.043,2.371467e-06
89160.97,84288.37,2.3072321e-19,4.7179484e-14,40437.54,0.001071228,48735.69,7.588464e-07,65087.617,3.0938185e-07,46246.684,1.2542457e-05,51197.625,4.050117e-05,70896.88,0.078673825,59662.113,9.248316e-06,73443.95,0.04663756,65276.207,0.025831835,63104.363,0.01615857,60730.137,2.962861e-06
89160.97,80923.73,1.2487455e-19,2.6658864e-14,43264.953,0.00096566306,48835.895,1.5376944e-06,63277.914,2.0183154e-07,44755.945,1.1736089e-05,50220.008,4.1422496e-05,77034.414,0.074312255,58909.285,8.739743e-06,72667.06,0.04299185,63797.574,0.02496682,62009.496,0.01586881,60094.902,1.5212204e-06
87562.05,82924.984,9.583291e-20,1.7825258e-14,47012.13,0.0010249692,47079.62,3.7610682e-06,62103.19,8.535665e-08,44691.18,1.18680855e-05,51173.562,3.8460323e-05,75690.5,0.07729621,58813.047,8.268961e-06,73492.69,0.043409765,64717.53,0.02198594,61844.203,0.013525594,60104.902,1.4883497e-06
84146.23,77249.8,4.7608015e-20,3.095219e-14,43225.004,0.0009956744,44926.62,6.7931455e-06,61293.93,6.094888e-08,45911.01,1.10158835e-05,52098.82,3.9128525e-05,79243.805,0.071850315,59083.652,8.085063e-06,74886.63,0.03975428,66022.32,0.021884428,63338.473,0.013459491,60264.76,1.3207189e-06
84146.23,83533.17,1.5343856e-20,1.8519184e-14,43233.008,0.0008225792,46988.59,3.3219233e-06,59735.523,8.0362895e-08,47078.105,1.10263445e-05,53224.906,3.273223e-05,80779.164,0.06972774,59505.24,8.55596e-06,77752.945,0.037885927,67752.34,0.020558758,64690.523,0.012296303,59924.805,1.1634525e-06
84146.23,68987.23,9.3617854e-21,1.41270205e-14,44239.562,0.00079006935,45576.19,4.7429417e-06,61790.203,5.9908906e-08,47340.1,1.0378668e-05,53078.91,3.033357e-05,81304.5,0.07093952,59565.273,1.4005133e-05,78066.89,0.035304286,68250.664,0.017246056,65721.164,0.010047506,59520.95,1.4797612e-06
83118.12,68266.63,3.572404e-21,5.741952e-15,45541.633,0.00066159334,47224.254,1.041428e-06,58991.05,8.44358e-08,45779.793,8.196238e-06,52678.16,2.7526508e-05,86133.74,0.0675399,60020.5,2.5707226e-05,79550.14,0.03244964,69669.75,0.016339976,67211.49,0.009714399,59504.652,6.2631227e-07
75992.21,65925.75,7.233347e-21,7.348545e-15,48881.67,0.00060811464,44946.61,4.0750792e-06,59362.91,8.614107e-08,46141.61,8.996731e-06,54095.04,1.7479808e-05,85027.81,0.06920421,60377.81,2.8588309e-05,82169.52,0.032843474,71522.79,0.01613665,68838.12,0.009319314,60114.832,1.7323858e-06
73543.52,64523.137,8.8564096e-21,4.338614e-15,50017.773,0.0006126553,44565.56,5.304987e-06,59486.246,7.358374e-08,47401.805,8.542399e-06,54620.617,1.8965708e-05,84627.26,0.06706684,60961.605,2.7987882e-05,82154.67,0.03316952,73265.57,0.01627841,70584.45,0.009302398,60571.953,2.176679e-06
73229.41,71969.07,4.729888e-21,1.4917503e-15,52347.25,0.00055818533,44962.184,6.477926e-06,60709.38,3.1069174e-08,49326.613,6.3510356e-06,56757.434,2.4176019e-05,84876.82,0.06590571,61929.785,2.976283e-05,83033.11,0.033821188,73853.12,0.017065592,71776.305,0.010037578,60520.17,1.4074873e-06
71375.79,73775.48,5.091403e-21,6.073197e-16,53890.582,0.00059963076,45329.61,6.2908357e-06,59562.117,4.2129013e-08,50711.523,5.4445422e-06,58516.574,2.4748086e-05,84669.164,0.06777326,62842.44,2.8939303e-05,83058.62,0.035184424,74881.4,0.018246284,72675.5,0.011280989,59745.594,1.4074101e-06
70482.695,64771.066,4.88567e-21,3.7774819000000005e-16,53803.465,0.0005673312,45162.96,3.7666093e-06,58213.87,3.1995857e-08,50760.496,1.4398431e-06,60904.695,2.0205393e-05,81807.914,0.06733459,63556.64,2.6405321e-05,82006.15,0.036955655,74730.19,0.01830314,72699.56,0.010756567,60574.664,1.0136877e-07
68506.75,77662.23,3.0555606e-21,2.1525067e-16,54489.137,0.00053816737,44510.617,4.133147e-06,55484.57,9.7362665e-08,52901.086,1.7493248e-06,61263.19,2.162261e-05,84928.91,0.0642709,64542.023,2.767845e-05,81717.52,0.033322,73993.74,0.016863285,72145.92,0.009670353,61819.777,2.0409381e-07
66015.875,79062.805,2.7278993e-21,2.2532146e-16,54297.418,0.00055145886,44668.766,6.3437733e-06,53493.875,1.4669433e-07,54937.805,1.4269755e-06,61863.746,2.167412e-05,88516.9,0.063621804,65750.79,3.0384852e-05,84679.49,0.031236213,75830.555,0.01637291,73030.35,0.009593875,62377.266,5.795746e-07
64722.168,77623.38,2.7616156e-21,1.6017765000000003e-16,52953.26,0.0005634464,44992.125,3.8737853e-06,50002.19,1.7067653e-07,55777.105,1.6527732e-06,62783.008,2.3715635e-05,85707.7,0.06525729,66533.93,2.9407141e-05,86040.54,0.034407314,78070.52,0.018571483,75218.98,0.011032086,63247.355,4.1915982e-07
64722.168,55666.516,2.0822493e-21,1.5794413e-16,54019.664,0.0005352115,46403.41,6.19483e-06,48462.73,7.153475e-08,55976.76,1.4171145e-06,62489.094,2.3862836e-05,82091.0,0.06681401,66952.14,2.820966e-05,83468.086,0.036710385,76399.05,0.019499639,75021.016,0.011754602,64001.254,5.512363e-07
60501.94,55507.973,4.334706e-21,8.603881e-17,56966.652,0.00049710233,49668.613,1.0013533e-05,49025.336,6.278198e-08,57053.383,9.2054296e-07,62687.703,2.2701413e-05,84525.555,0.06280095,67143.27,2.7058313e-05,82633.21,0.03367002,74595.195,0.017263876,73090.94,0.010070697,65235.78,5.389614e-07
54810.87,42076.062,1.951763e-20,2.0612631e-16,57078.184,0.00051333144,49041.176,5.643008e-06,48109.848,1.790375e-07,57160.273,1.2992373e-06,63617.316,2.5053429e-05,88649.44,0.06043027,67361.414,2.8947628e-05,86090.19,0.031602263,76707.84,0.016445039,73741.484,0.009733301,66417.49,1.0582324e-06
51693.715,42414.89,5.2022733e-20,3.535914e-16,54259.89,0.0005562584,48185.895,3.424942e-06,46643.97,2.6992427e-07,58009.906,4.4360386e-06,64202.277,2.308015e-05,86119.984,0.064179845,67997.305,3.1719646e-05,86966.35,0.03308662,79076.75,0.017376503,76166.39,0.010461473,67621.13,8.9368444e-07
50366.293,49702.67,8.810088999999999e-20,3.448638e-16,54549.76,0.0005290839,48498.43,3.697115e-06,45897.402,2.0213878e-07,57962.746,3.0037197e-06,63688.73,2.4135574e-05,85325.68,0.06461454,68392.28,3.2206273e-05,84360.31,0.033820365,77405.71,0.01676751,76100.08,0.009946165,68313.414,3.648529e-07
50326.523,52111.02,4.3990538e-20,2.5859447e-16,58355.223,0.00049533765,49521.78,5.1744973e-06,46593.426,2.9038836e-07,58625.21,1.5261595e-06,63632.37,2.7621354e-05,86439.88,0.06357352,68192.26,3.201221e-05,83469.83,0.031228844,75828.59,0.0149463955,74407.58,0.008075866,69386.516,1.0825773e-07
48498.484,54537.473,7.215864e-20,1.7291524000000003e-16,58249.742,0.0005182139,49478.203,5.421844e-06,45976.26,3.1960818e-07,58612.9,1.1194087e-06,64022.418,2.6962136e-05,91351.13,0.058281653,68223.2,3.0224825e-05,87238.58,0.029470805,78158.75,0.015076399,75415.305,0.009005483,70437.22,4.6756332e-07
45665.914,55614.523,1.2475528e-19,1.462641e-16,56294.938,0.00049649057,51403.47,7.3847286e-06,44148.4,1.7819536e-07,59713.188,3.6845888e-06,65493.68,2.3318857e-05,87818.336,0.05958204,68866.664,2.8643077e-05,89455.67,0.032729674,80751.22,0.014855544,77659.0,0.008573353,71110.23,1.5185318e-06
45751.6,49932.77,7.151476e-20,3.8174764e-16,56194.87,0.0004398221,50386.09,4.952176e-06,42045.79,3.9079925e-08,59770.85,1.8340402e-06,65093.47,2.12281e-05,89309.586,0.058338158,69314.445,2.9931673e-05,88136.58,0.031301096,80571.02,0.015278806,78761.06,0.008670941,71551.79,1.6074918e-07
44250.78,48763.195,4.780063e-20,5.0064594e-15,59190.707,0.00035977075,49600.62,2.757201e-06,44458.195,9.314232e-08,59092.316,2.6776936e-06,64947.754,2.0474372e-05,89996.89,0.057490364,69186.34,2.830806e-05,88994.875,0.029144283,79898.08,0.012888908,78127.625,0.0070165372,71623.87,7.33094e-08
42891.957,47960.68,8.5199564e-20,7.8766636e-15,61738.13,0.00036142106,51833.95,5.857042e-06,44209.547,9.1476664e-08,59286.945,4.7698795e-06,65892.54,2.374343e-05,95617.17,0.05489413,69132.16,2.6325737e-05,92210.586,0.026705327,82226.55,0.013190964,79582.12,0.007709732,71982.01,1.08020565e-07
43094.613,47184.39,3.5937792e-20,3.3167e-14,60947.69,0.0003764429,49810.305,1.7782786e-06,44256.73,1.14387866e-07,59661.703,3.7080463e-06,67744.33,2.3655555e-05,90141.78,0.058717463,69733.04,2.6766513e-05,93107.8,0.030231388,84500.76,0.014739233,81860.25,0.008683526,73090.44,5.156763e-07
43035.676,46606.656,2.0253377e-20,2.1719688e-14,62104.766,0.00037302406,51167.04,4.211868e-06,43419.465,1.2723162e-07,61506.78,3.6903377e-06,67992.11,2.1835609e-05,90633.95,0.05886774,70360.44,2.9053972e-05,89525.36,0.028699128,82897.56,0.013407232,81704.13,0.0076468163,74011.52,6.878133e-07
42895.86,46190.332,1.5729098e-20,2.3864047e-14,65311.645,0.00035771393,52678.645,4.613294e-06,43985.344,8.349994e-08,62547.445,3.898468e-06,68010.32,2.3296927e-05,94351.03,0.055753507,71006.23,2.707125e-05,90315.45,0.027049415,82493.48,0.011687048,80866.65,0.006511908,73653.07,6.476805e-07
42895.86,45537.688,1.15884934e-20,6.3681895e-14,65539.4,0.00036427696,53123.14,3.1103402e-06,43828.684,5.8632107e-08,62591.625,3.7429386e-06,70154.516,2.2821532e-05,92600.766,0.057170834,71694.805,2.4066705e-05,91796.766,0.027226858,83574.6,0.011826631,81360.305,0.006277678,73694.31,5.3132743e-07
41810.44,45140.93,1.0510894e-20,4.5219487e-14,62534.848,0.00030885247,52538.055,2.0527198e-06,43772.766,1.071509e-07,63183.965,3.2579164e-06,72445.71,2.152058e-05,96265.95,0.050546534,72778.67,2.2335913e-05,93638.32,0.025367687,85174.26,0.011022258,82764.84,0.0061479625,74249.734,4.5458435e-07
41365.066,44821.234,6.1490506000000004e-21,2.6607795e-14,63370.836,0.00026425955,53015.36,2.0116754e-06,43954.03,4.0458485e-08,64453.2,3.7537607e-06,71209.47,1.979146e-05,98289.77,0.048885547,73727.695,2.2916722e-05,99151.03,0.025563993,88178.33,0.012324092,85351.88,0.0071082287,75034.945,4.2197908e-07
42030.402,44470.64,4.819576e-21,1.8370937e-14,65939.305,0.00023419902,53553.72,7.648356e-07,43828.64,8.693932e-08,64373.76,3.3335875e-06,71272.84,2.2625934e-05,97252.01,0.051770207,74221.39,2.3373437e-05,99284.766,0.025284978,89670.234,0.011387848,87198.016,0.0064375876,75586.766,3.981044e-07
42308.805,44283.86,1.7017553000000002e-21,9.982371e-15,66513.86,0.00023560048,56271.81,2.6389491e-06,43666.965,9.338837e-08,64466.492,2.977084e-06,73093.96,2.43583e-05,98803.305,0.051587038,74454.45,2.2525672e-05,97837.81,0.023698514,89476.29,0.010641814,87901.46,0.005840719,76926.09,6.07873e-07
42308.805,44034.953,1.4620375e-21,4.1525807e-15,71524.51,0.00023558388,56079.56,1.8621527e-06,43944.17,8.1430294e-08,65356.023,3.4015377e-06,72660.79,2.7332018e-05,98821.55,0.053898674,74677.37,2.2902464e-05,97834.09,0.023552412,89722.445,0.011087167,88109.51,0.0062129204,78533.54,7.287765e-07
42308.805,43729.195,8.360043400000001e-22,3.8470246e-15,72662.5,0.00024322284,55781.445,8.071051e-07,44769.113,7.914969e-08,66798.35,3.1670636e-06,74865.484,2.869777e-05,97736.766,0.05223407,75377.195,2.1649497e-05,97692.75,0.02431184,89852.58,0.011223731,88182.93,0.0061838003,79434.625,4.8545405e-07
42179.098,43573.777,7.157897700000002e-22,5.0309624e-15,71713.734,0.00024075819,58552.695,1.9922625e-06,45795.36,4.6112024e-08,69029.87,3.422766e-06,77108.83,2.532362e-05,100402.76,0.04643898,76844.664,1.9292045e-05,99875.06,0.02329244,91430.48,0.011010227,89093.62,0.0062678163,79528.77,4.72545e-07
41298.76,43518.48,5.161013e-22,2.4889485e-15,71987.31,0.00022120154,57928.152,1.086567e-06,47404.086,7.656059e-08,70183.43,2.7665812e-06,78619.234,2.3951075e-05,101558.9,0.04735768,78403.18,1.8684615e-05,101978.266,0.02205736,92569.945,0.008840255,90173.76,0.0046828417,79652.07,3.6721818e-07
42976.703,43361.63,7.149929300000002e-22,8.742774e-16,71120.82,0.00020632726,57192.125,7.1374444e-07,49553.51,1.381592e-07,71131.8,3.3327956e-06,78634.125,2.4255361e-05,106564.77,0.046185214,79282.57,1.999802e-05,104115.43,0.020031163,94602.72,0.008900002,92248.414,0.0048686448,80169.305,3.46862e-07
44185.297,43631.33,8.340170700000002e-22,3.9623336e-16,72180.41,0.00017475219,59469.21,1.5661841e-06,50160.668,1.1939012e-07,72436.24,3.7722032e-06,79901.74,2.6932072e-05,103886.42,0.046096843,79828.18,1.7725815e-05,105829.336,0.02048525,95699.195,0.00811184,93605.1,0.0041579516,80218.6,3.171405e-07
44127.793,43807.324,5.227936500000002e-22,1.7207034000000002e-16,76144.79,0.00015631925,60243.168,1.3791202e-06,49458.65,5.999349e-08,72849.555,5.051176e-06,79886.94,2.7245778e-05,110175.83,0.041416675,80300.48,1.3843092e-05,107301.99,0.018583125,97736.41,0.008614426,95535.59,0.004819348,81376.25,5.542356e-07
44491.703,43905.293,1.5631992000000001e-21,8.9084685e-17,77830.2,0.00016480035,61608.004,1.2572701e-06,50828.8,6.120243e-08,73061.7,2.5290658e-06,80410.14,2.6450072e-05,107880.484,0.044670552,80948.0,1.2343748e-05,110746.65,0.020316642,100202.8,0.008351838,97521.164,0.004484511,82915.35,4.923191e-07
44491.703,43816.086,1.3270018e-21,6.236885600000001e-17,80702.88,0.00014800591,61113.285,5.818529e-07,50070.89,6.004475e-08,73853.27,7.4631153e-06,82191.19,2.567807e-05,105543.62,0.046079297,81347.72,1.199816e-05,107681.98,0.019675804,100752.85,0.007860004,99035.984,0.0041252105,83906.26,4.6678264e-07
44491.703,43971.477,4.831244e-22,3.1329648e-17,81358.11,0.00015036175,66142.26,1.6250065e-06,49484.69,4.1026997e-08,76613.586,4.7548538e-06,84779.49,2.0012136e-05,109695.3,0.04180605,82192.41,1.3252146e-05,107675.11,0.017932344,99845.83,0.0075022834,98977.15,0.0038567164,84355.66,5.952564e-07
44491.703,44918.418,3.1074188000000003e-22,1.7673146e-17,85655.97,0.00016702419,65822.02,1.2910725e-06,50029.406,2.789372e-08,77877.836,8.788382e-06,86450.44,1.5817863e-05,112768.49,0.041789323,83700.766,1.483674e-05,112456.74,0.018916145,102787.74,0.009076366,100366.555,0.005291714,84624.89,2.610775e-07
44491.703,45041.355,1.7989005e-22,1.0903834499999998e-17,82898.05,0.00018157564,63726.37,5.548463e-07,51147.324,2.6768769e-08,78754.3,1.0449849e-05,87721.945,2.5160018e-05,103789.37,0.045156572,85590.49,1.5052343e-05,109815.445,0.022150422,103807.93,0.009402351,101789.875,0.0051288204,84908.734,2.5812622e-07
44491.703,45752.375,1.3055427e-22,8.218032e-18,82906.164,0.00018939684,67141.484,1.2033815e-06,51012.363,1.8423629e-08,81985.83,9.523859e-06,90301.52,2.8185012e-05,106063.195,0.043979578,87394.52,1.5676243e-05,105549.69,0.019884026,101118.37,0.008821314,100917.266,0.004753674,85658.55,2.4172576e-07
44491.703,46157.594,4.0231272e-23,4.687548e-18,87210.4,0.00019375324,69089.92,1.0724469e-06,52375.33,1.869279e-08,83588.01,1.17246445e-05,89805.26,2.019075e-05,110138.73,0.042353626,88948.54,1.6446607e-05,108132.32,0.01868617,100285.84,0.008995691,99270.75,0.004883882,86931.95,6.3466916e-07
44491.703,46185.32,3.4152376e-23,2.5941408e-18,85654.445,0.00020522038,67435.984,4.350453e-07,52256.867,1.722066e-08,83131.41,9.493221e-06,91239.37,2.005893e-05,108652.5,0.04337113,90022.76,1.610662e-05,109279.87,0.018713659,101849.016,0.007889981,99358.36,0.004028059,88555.19,3.0693957e-07
44491.703,46440.508,1.3246952999999998e-23,2.3728803e-18,81260.93,0.0002117474,68718.01,5.1394983e-07,52979.45,1.2709604e-08,84532.734,9.715024e-06,93466.62,2.6187408e-05,112853.42,0.040507644,91230.66,1.6441114e-05,109553.516,0.016122567,102415.14,0.0062502977,100660.414,0.0032191696,89941.24,9.608581e-07
44491.703,47522.695,7.668728e-24,3.4494863e-18,83922.13,0.00021311523,69071.125,4.72507e-07,53451.902,7.880429e-09,85900.83,7.390292e-06,91305.93,2.9699453e-05,116358.96,0.04228113,91890.64,1.7649058e-05,112927.02,0.015141206,103883.61,0.0063852174,102018.69,0.0033248356,91266.875,1.5947799e-07
44491.703,48331.01,6.509993e-24,3.9322193e-18,85538.43,0.00022196502,68728.75,2.0932102e-07,54032.477,2.1182375e-08,84841.125,5.5290607e-06,89612.27,3.1414133e-05,112205.73,0.043983594,91964.15,1.6884977e-05,113843.84,0.01755246,105529.695,0.008052318,103765.945,0.0045543537,92543.32,1.4596307e-07
44491.703,49624.66,2.3701071e-24,4.3005630000000004e-18,87269.57,0.00021644331,71210.47,5.377629e-07,53234.69,2.9664617e-08,84630.19,4.881769e-06,91315.92,3.0286617e-05,107292.47,0.04248169,92313.2,1.5110716e-05,111074.33,0.02018932,105218.41,0.0096078105,104087.984,0.0054104305,93519.13,4.0750112e-07
46231.92,50612.418,6.2695265e-24,3.0996228000000003e-18,90456.57,0.00022064356,74464.24,9.951711e-07,53850.742,3.2484248e-08,86469.664,5.131161e-06,92096.49,3.4516303e-05,107467.74,0.042661376,92730.836,1.5364012e-05,108758.055,0.019880295,103271.5,0.008941425,102648.016,0.0049955677,94407.92,8.567605e-07
46244.62,51504.984,3.3080856e-24,2.048465e-18,89548.25,0.00022967097,73865.3,7.2410086e-07,55285.97,5.0461054e-08,87594.086,4.8373986e-06,93814.61,3.2930864e-05,107063.086,0.04394452,92874.41,1.5143141e-05,107775.06,0.019598605,101904.13,0.00971501,101129.125,0.0053373016,95239.836,6.0849845e-07
46244.62,52109.645,1.1307768e-24,2.870045e-18,86160.74,0.00021598602,72311.51,2.7274183e-07,55723.5,6.198642e-08,88618.74,4.133829e-06,95675.82,3.0620562e-05,107493.78,0.042645942,93558.055,1.3292006e-05,107260.26,0.01911713,101417.88,0.008508935,99984.55,0.004520284,96522.02,2.3731036e-07
46244.62,52369.902,4.1008084e-25,2.4997872e-18,84314.41,0.00020670211,79239.336,1.697182e-06,56942.906,6.3997206e-08,89957.836,4.210877e-06,94914.125,2.8417764e-05,113559.12,0.03883114,94594.73,1.22633055e-05,109903.49,0.01666043,102261.414,0.007144304,100342.42,0.003826856,97063.43,9.2199895e-07
46244.62,51796.36,3.4674867e-25,1.2900926999999998e-18,83839.06,0.00016638782,75753.84,7.977389e-07,57758.297,6.209371e-08,89127.91,3.782783e-06,93642.97,2.6207772e-05,116251.69,0.03876774,95109.6,1.2217673e-05,113738.89,0.014973079,103779.04,0.0057089278,101578.0,0.002887855,97447.77,9.4195855e-07
47632.01,53419.277,1.5475654e-25,2.5866254e-18,83235.44,0.00013739275,77139.03,1.2650022e-06,58141.816,6.699433e-08,88128.88,6.6663156e-06,93131.984,2.3514582e-05,123033.586,0.03491948,95108.25,1.2909087e-05,118261.586,0.013992831,107948.664,0.0060197506,104764.16,0.0031697361,98193.39,2.1938114e-07
51562.145,53971.1,1.8129584e-25,1.1158478e-17,85523.76,0.00013428571,78758.19,1.2959144e-06,58482.28,4.2738485e-08,87971.836,4.124285e-06,91710.32,2.3023558e-05,119644.45,0.037198085,94684.91,1.4167088e-05,122687.67,0.014874008,111099.94,0.005345841,108207.44,0.0027364218,99245.164,2.8407126e-07
53055.37,54972.973,3.5976603e-25,1.6933484000000002e-17,91362.23,0.00013420936,77583.1,7.833489e-07,59756.285,3.1562212e-08,87943.07,1.2406276e-05,91354.48,2.5798652e-05,19256.75,0.047890585,94235.73,1.5022107e-05,83652.38,0.01641155,100961.375,0.0066038887,105330.74,0.0034376737,100126.92,3.7255037e-07
53274.973,55306.223,1.4945608e-25,1.8247548e-17,96161.49,0.00013845036,81417.78,1.3745978e-06,60808.57,3.388438e-08,88323.58,1.436257e-05,93269.27,2.198194e-05,822.07886,0.06932834,94067.39,1.432485e-05,22198.424,0.021953637,63441.97,0.009547006,81175.086,0.0051417327,100368.234,3.154784e-07
53274.973,56054.97,8.251271e-26,6.224324300000001e-17,99881.72,0.00014859169,84446.305,1.6545874e-06,60441.867,2.8206093e-08,89979.05,1.2889918e-05,96849.48,2.3280512e-05,0.0,0.06494991,94750.54,1.3072991e-05,1962.5409,0.027586427,30515.31,0.012407946,45730.344,0.0068906997,100172.96,2.2788936e-07
53709.0,56271.605,9.797953e-26,7.206974e-17,69671.99,0.0003168409,83806.52,1.2367441e-06,60856.832,2.1970063e-08,92395.266,1.293453e-05,99721.47,2.52997e-05,0.0,0.06025233,96493.84,1.1814824e-05,54.341606,0.036956448,22942.57,0.0152892,26214.213,0.008241642,100002.664,1.5898546e-07
54004.367,55171.93,7.683426e-26,5.880355e-17,15488.938,0.00075147557,80248.41,6.078389e-07,62424.79,2.2569806e-08,94376.914,4.331071e-06,95854.3,2.2481012e-05,0.0,0.057798754,98175.25,1.00909965e-05,0.22742012,0.04513183,21021.537,0.019877274,21374.922,0.011348164,100312.5,9.2442025e-07
54004.367,57788.746,4.374831e-26,5.1356673e-17,1306.8704,0.008351977,80793.805,6.538779e-07,63211.94,2.6708882e-08,88097.3,3.6335605e-06,65939.85,0.00022282713,0.0,0.059181646,95656.83,9.7466445e-06,0.0,0.06645525,10936.819,0.020950228,14889.639,0.012750184,101202.05,1.458609e-06
54004.367,58496.996,3.1227885e-26,5.2443195e-17,45.588783,0.017211061,80582.234,3.049614e-07,66044.68,7.438356e-08,69411.945,2.361255e-05,33846.42,0.013148396,0.0,0.06066492,83035.734,1.160786e-05,0.0,0.047027312,1632.0944,0.026538307,5405.4414,0.016214112,101908.016,1.6370676e-06
53791.516,58145.14,5.502672999999999e-26,3.0698893e-17,0.6009607,0.015771125,81471.22,2.9461916e-07,67005.82,1.16058104e-07,54348.83,4.7083155e-05,28901.52,0.008008096,0.0,0.060253125,66449.336,1.49362695e-05,0.0,0.043555856,93.99212,0.024960281,742.0712,0.015386851,103386.305,1.981089e-06
53765.457,56305.516,3.2663544e-26,2.2305251000000002e-17,0.0,0.015213799,84414.36,9.188114e-07,67072.8,1.3053736e-07,43001.902,3.8865423e-05,8993.999,0.008211501,0.0,0.05979306,52221.42,1.613622e-05,0.0,0.055942558,2.1623168,0.025412548,41.170773,0.015495534,104679.9,2.8819085e-07
54576.758,59749.184,7.403188400000001e-26,4.1001632e-17,0.0,0.016126852,87468.11,3.1622585e-06,68399.36,2.3428953e-07,25823.674,0.007918508,1201.4131,0.6713049,0.0,0.06112318,41103.152,1.7239709e-05,0.0,0.0442913,0.02488547,0.028196791,0.8831324,0.017616997,102066.79,1.3128284e-06
55832.324,58480.168,3.2327515e-25,1.9480870000000002e-17,0.0,0.015688432,80219.195,2.4912413e-06,69527.875,2.2866395e-07,21145.525,0.05251125,150.17209,0.463384,0.0,0.06053777,31224.688,0.0030453093,0.0,0.049994726,0.0,0.03666624,0.010906464,0.02124669,90829.61,3.4743164e-07
57284.637,60235.863,4.3036987e-25,6.571839499999999e-18,0.0,0.014614858,69967.836,2.0886905e-06,70861.05,1.8203646e-07,17268.838,0.08308145,11.980693,0.29920244,0.0,0.05919615,24857.219,0.005726781,0.0,0.040039107,0.0,0.025466168,0.0,0.019153984,75367.08,2.209052e-07
57245.867,62364.9,2.4619683e-25,4.809362e-18,0.0,0.015438826,50013.027,2.5185798e-06,71817.77,2.6383975e-07,9494.755,0.14958753,0.10517317,0.21438989,0.0,0.060476393,22019.861,0.004581685,0.0,0.07600268,0.0,0.038711254,0.0,0.027201746,65667.12,5.275962e-08
59602.01,63722.348,5.2460335e-25,8.833057e-18,0.0,0.015625725,45610.453,3.3831645e-06,74682.78,3.058737e-07,5239.4604,0.19711097,0.0,0.11375211,0.0,0.06084736,19977.018,0.00023767103,0.0,0.050213262,0.0,0.028196922,0.0,0.02057524,58282.125,3.4880435e-07
61314.043,65224.082,1.0254971e-24,2.1542366e-17,0.0,0.016080748,44195.676,1.753003e-05,76426.484,3.771599e-07,2775.0403,0.2242555,0.0,0.08828765,0.0,0.061971515,19693.738,2.9545552e-05,0.0,0.043953266,0.0,0.033873394,0.0,0.024442717,52010.957,3.5534376e-07
61314.043,66812.76,5.2225544999999985e-25,2.1981876e-17,0.0,0.015686272,45443.062,5.014137e-05,77428.35,2.481155e-07,381.22586,0.20631468,0.0,0.09064863,0.0,0.06141452,20106.201,0.016807094,0.0,0.055554483,0.0,0.026730798,0.0,0.019380247,43757.887,2.973926e-07
65845.766,67588.91,6.837595e-24,1.2174009e-17,0.0,0.015493595,50696.465,0.0019126091,77548.19,4.919509e-08,90.23117,0.066883035,0.0,0.080037914,0.0,0.06119069,18159.252,0.11181703,0.0,0.042892683,0.0,0.03762897,0.0,0.026396355,35157.08,4.093358e-07
71753.336,68849.56,2.1340396e-23,8.259248e-18,0.0,0.015782451,42998.06,0.13519815,77465.2,8.865634e-08,2.3004048,0.10323024,0.0,0.13560331,0.0,0.0617251,12897.234,0.13785288,0.0,0.057313632,0.0,0.028380435,0.0,0.020761244,28005.697,2.806929e-07
71745.2,69730.07,1.3612628e-23,7.802607e-18,0.0,0.016240856,35360.816,0.1255792,78088.31,2.24138e-07,3.953175,0.08384501,0.0,0.09365234,0.0,0.06270328,9275.823,0.12850735,0.0,0.044055853,0.0,0.03399637,0.0,0.024063079,25212.639,2.8241268e-06
78442.664,71583.7,3.7238786000000002e-22,2.2919562e-17,0.0,0.01582686,50712.613,0.068527915,79463.13,1.7566923e-07,0.19428425,0.059646882,0.0,0.07870954,0.0,0.062422615,10936.043,0.090855904,0.0,0.054002676,0.0,0.028121725,0.0,0.020487672,22955.678,0.0027639333
84326.98,73471.15,1.9918501e-20,4.13668e-16,0.0,0.016402114,39890.54,0.095946796,80063.484,1.6865945e-07,5.36602e-05,0.08738326,0.0,0.06438695,0.0,0.063481756,11206.56,0.0741822,0.0,0.04662697,0.0,0.048811894,0.0,0.034995988,20482.867,0.004105345
85556.97,75232.35,4.4270438e-18,2.7307617000000004e-16,0.0,0.016805522,25354.24,0.13528912,81384.66,1.8529595e-07,4.1260537e-05,0.056652814,0.0,0.032972556,0.0,0.064418435,9925.242,0.07106515,0.0,0.053689066,0.0,0.037374325,0.0,0.027432552,20157.145,0.05615938
86232.76,75886.445,7.572148e-18,2.2944211e-16,0.0,0.01686119,42475.457,0.07497462,82699.805,2.125195e-07,2.6419455e-05,0.04517117,0.0,0.20406833,0.0,0.06493599,10720.462,0.06324496,0.0,0.046257157,0.0,0.029881679,0.0,0.021830974,17952.465,0.02070055
90693.59,76440.65,1.8381315e-17,3.8516012e-16,0.0,0.016692543,31735.863,0.07100592,82562.04,2.7858442e-07,1.9676283e-05,0.107179925,0.0,0.21086566,0.0,0.06471415,12085.595,0.048931506,0.0,0.05658813,0.0,0.04534869,0.0,0.032227933,16095.376,0.002880813
91729.35,77542.22,6.6480016e-17,5.2061917e-16,0.0,0.018684274,12098.883,0.061115187,81685.414,4.6202223e-07,1.150085e-05,0.09553915,0.0,0.13414405,0.0,0.067757174,13041.641,0.03534026,0.0,0.04864778,0.0,0.03499313,0.0,0.026010541,15544.499,0.02913586
85614.49,78492.836,1.3717201e-16,1.4668006e-15,0.0,0.018574668,16405.12,0.04286005,81451.78,5.5377484e-07,6.947675e-06,0.045845903,0.0,0.060174074,0.0,0.068162315,14557.225,0.01592809,0.0,0.052468937,0.0,0.029559314,0.0,0.021484101,9985.724,0.0076378537
50711.863,79835.14,2.338864e-14,7.0187573e-15,0.0,0.018647067,13083.032,0.049459632,80967.664,5.435785e-07,5.251699e-06,0.07776534,0.0,0.15895897,0.0,0.06870467,14793.426,0.007922779,0.0,0.04796855,0.0,0.04794797,0.0,0.033909425,6806.0796,0.06489664
3943.5266,81284.875,2.8197387e-11,7.167584e-15,0.0,0.019076996,7438.8237,0.061747186,83333.73,6.093317e-07,3.2877701e-06,0.055871304,0.0,0.12504986,0.0,0.069512926,12792.643,0.09904365,0.0,0.0605787,0.0,0.037105255,0.0,0.02754306,6401.8794,0.03938422
15.356705,81922.24,1.8785216e-11,3.2699171e-15,0.0,0.019014867,14099.885,0.03194493,85776.43,5.344231e-07,2.232164e-06,0.019739809,0.0,0.083442464,0.0,0.06986322,9204.435,0.1563399,0.0,0.05044215,0.0,0.031955786,0.0,0.02337847,4761.737,0.011810902
15.356705,81381.555,1.3960791e-11,1.7378509e-15,0.0,0.021962576,8971.144,0.020759221,87107.84,6.151158e-07,1.5722807e-06,0.29371157,0.0,0.23592532,0.0,0.07399812,6941.2397,0.21164554,0.0,0.055436127,0.0,0.05289641,0.0,0.0382096,3392.8628,0.03763928
2.583043,83633.89,3.2502576e-05,4.3701365e-15,0.0,0.021137372,6917.6245,0.0056921807,80818.086,3.8222163e-07,6.8689695e-07,0.3081327,0.0,0.21934503,0.0,0.07331091,6033.701,0.22665635,0.0,0.05117363,0.0,0.04107943,0.0,0.030583536,4212.7334,0.016374366
0.0006914823,84151.01,0.00014416639,2.1364358e-15,0.0,0.020231778,10557.1875,0.079060785,67185.03,1.7956631e-07,3.85513e-07,0.22391444,0.0,0.17012435,0.0,0.072564855,4029.0027,0.23274504,0.0,0.05661085,0.0,0.033271287,0.0,0.024663158,5881.769,0.008403246
0.00068596215,85048.3,0.000109275476,3.1006823e-15,0.0,0.020300254,6850.863,0.086164035,48655.477,1.2661607e-07,2.2332353e-07,0.19693504,0.0,0.12317908,0.0,0.07300445,2175.5557,0.22239429,0.0,0.051270608,0.0,0.046754766,0.0,0.033595897,4961.6143,0.059688523
0.00067689334,81927.41,7.302303e-05,8.186161e-15,0.0,0.02076337,6444.0947,0.058966648,39955.203,2.7537432e-08,1.2819967e-07,0.14699116,0.0,0.107692316,0.0,0.074146524,1415.89,0.19376548,0.0,0.057019252,0.0,0.036688227,0.0,0.027420506,3276.1143,0.034023333
0.00067245914,78131.91,5.8449594e-05,4.3257583e-15,0.0,0.021116221,6594.0234,0.033948887,32980.504,7.780018e-09,9.535085e-08,0.08537667,0.0,0.06641829,0.0,0.07485929,2095.7778,0.1338569,0.0,0.05316586,0.0,0.03545059,0.0,0.02648119,3788.0286,0.009539063
0.0006574376,75404.75,3.8386817e-05,6.691002e-15,0.0,0.02039438,4650.478,0.013565967,30204.035,6.718951e-09,7.730862e-08,0.07998967,0.0,0.08478238,0.0,0.0743514,3785.7651,0.085909136,0.0,0.055440374,0.0,0.052142464,0.0,0.037411813,2071.546,0.052486096
0.00064902694,70835.445,2.9596933e-05,1.3061449e-13,0.0,0.020867249,2805.6733,0.01163668,27279.877,7.0547888e-09,5.851314e-08,0.054485224,0.0,0.06030793,0.0,0.075194016,6040.3022,0.07034817,0.0,0.0542879,0.0,0.040672902,0.0,0.030717429,1463.96,0.029389657
0.0006387567,67369.08,2.3562088e-05,4.768181e-13,0.0,0.01946762,850.1825,0.09378134,26589.95,5.574216e-09,4.672821e-08,0.02102752,0.0,0.025885222,0.0,0.07332408,6953.1074,0.061750136,0.0,0.054334946,0.0,0.033071343,0.0,0.024293648,1272.6041,0.008295784
0.00062283,66044.9,2.2582542e-05,4.1443755e-13,0.0,0.020567559,210.06943,0.13400471,25013.363,4.1874415e-09,3.6927315e-08,0.20189807,0.0,0.23190069,0.0,0.074616306,8383.885,0.04969957,0.0,0.052859362,0.0,0.048065048,0.0,0.034452625,446.1032,0.07525307
0.00060356525,59794.113,2.4702795e-05,1.212176e-11,0.0,0.021652196,42.181805,0.109002985,20563.299,1.4787034e-06,9.214772e-09,0.20462967,0.0,0.17155594,0.0,0.07642778,8380.666,0.029560143,0.0,0.05570964,0.0,0.03752696,0.0,0.02791038,98.179886,0.052569713
0.00056808995,46605.44,3.57834e-05,9.96102e-12,0.0,0.02098621,4.4345694,0.15147324,19156.559,0.0027460062,3.153004e-09,0.16020519,0.0,0.09764832,0.0,0.07604827,6709.0605,0.007269646,0.0,0.053369265,0.0,0.034765936,0.0,0.025454095,17.33,0.018358968
0.0005398465,45589.8,3.304042e-05,6.897982e-12,0.0,0.019516986,0.08905769,0.17699978,21241.447,0.014075484,1.7639789e-09,0.12988654,0.0,0.07975996,0.0,0.073965035,5884.0527,0.11021139,0.0,0.054164585,0.0,0.041950554,0.0,0.02937563,4.0228076,0.0033698943
0.0005312932,43977.81,2.51827e-05,3.8134205e-12,0.0,0.019172812,0.047075618,0.11104681,25263.928,0.023576021,1.0450255e-09,0.081794165,0.0,0.056275234,0.0,0.07334715,4019.3518,0.087796405,0.0,0.050151825,0.0,0.03220402,0.0,0.023066692,0.42626476,0.062495768
0.0005164417,41527.586,2.1923302e-05,2.4148743e-12,0.0,0.019509565,0.0010284274,0.11128446,16328.019,0.0047984202,7.519423e-10,0.034437757,0.0,0.0401926,0.0,0.07348306,3648.2297,0.16988517,0.0,0.056089543,0.0,0.038241804,0.0,0.026832314,0.00051516166,0.11033889
0.00047330192,39359.438,4.6180296e-05,1.3030677e-12,0.0,0.02133142,0.000565789,0.10605547,16607.082,0.0224568,6.0751587e-10,0.08505939,0.0,0.10753901,0.0,0.07552471,2091.332,0.24220534,0.0,0.05167734,0.0,0.03309914,0.0,0.024076978,0.0021629534,0.12644522
0.00039312718,33034.742,8.8161854e-05,7.5249366e-13,0.0,0.019840416,0.00035097238,0.08109902,19818.367,0.004447112,3.9956938e-10,0.06493431,0.0,0.082845,0.0,0.07425821,1008.0684,0.27190807,0.0,0.05628493,0.0,0.04927124,0.0,0.035012085,2.9667975e-05,0.15581128
0.0003379038,29355.209,7.474377e-05,3.3429753e-13,0.0,0.01904845,0.0003063518,0.09550171,19553.701,0.023443185,2.939442e-10,0.030987173,0.0,0.084530436,0.0,0.07290201,697.57385,0.26058593,0.0,0.051708438,0.0,0.0377414,0.0,0.027932437,1.0925135e-05,0.08374677
0.00033770985,25686.455,7.4539435e-05,2.276432e-13,0.0,0.019071827,0.000115830015,0.05251056,15798.6045,0.01297025,2.515896e-10,0.060991075,0.0,0.095578104,0.0,0.07268325,586.98987,0.22427982,0.0,0.054135196,0.0,0.030693423,0.0,0.021798631,7.568805e-06,0.047010113
0.0003251793,20457.22,4.0827723e-05,1.334283e-13,0.0,0.01913217,9.084397e-05,0.019555947,17522.688,0.02443227,1.6724705e-10,0.038302224,0.0,0.060967218,0.0,0.07272977,765.9749,0.16828212,0.0,0.049001835,0.0,0.04558689,0.0,0.03118027,8.649115e-06,0.011985787
0.00031770344,26073.324,2.7767728e-05,3.690933e-14,0.0,0.018436536,8.637304e-05,0.08308675,11398.376,0.016949683,1.3445046e-10,0.0116901295,0.0,0.023232471,0.0,0.07120807,810.0176,0.10979533,0.0,0.05928967,0.0,0.03417528,0.0,0.02493252,9.8427e-06,0.106165946
0.0002936908,17370.154,3.1659878e-05,1.5675476e-14,0.0,0.017863717,8.883049e-05,0.11034681,7817.2217,0.019599635,9.911799e-11,0.30647355,0.0,0.18499416,0.0,0.06996501,749.0347,0.073717564,0.0,0.04923262,0.0,0.030792076,0.0,0.022147866,7.919596e-06,0.04446418
0.00029269382,12851.562,2.7991277e-05,2.4110747e-14,0.0,0.01810043,4.8500755e-05,0.10304128,5108.995,0.0100497315,2.8887623e-11,0.34977627,0.0,0.15343757,0.0,0.07012923,732.73315,0.0508956,0.0,0.055720128,0.0,0.045379348,0.0,0.03191364,8.126811e-06,0.072233774
0.0002898758,23631.578,2.1951062e-05,4.2273107e-14,0.0,0.017478617,4.5389057e-05,0.12846255,2189.3835,0.036467753,1.1937215e-11,0.28257033,0.0,0.10751931,0.0,0.06909054,718.4848,0.030634057,0.0,0.04888261,0.0,0.034120616,0.0,0.024953114,5.1953643e-06,0.066626094
0.00028891172,6220.84,1.963512e-05,4.4917368e-14,0.0,0.017222464,2.9174116e-05,0.098084696,2197.9426,0.0050291284,4.720866e-12,0.25714928,0.0,0.061340835,0.0,0.06863541,672.111,0.014971505,0.0,0.055766653,0.0,0.029890705,0.0,0.02135971,4.8474512e-06,0.023528412
0.0002861454,4419.9043,1.5776253e-05,3.7388363e-14,0.0,0.016238926,1.4296622e-05,0.09779641,1518.7166,0.020202488,3.2618214e-12,0.21992153,0.0,0.01903907,0.0,0.06676329,569.36786,0.005243411,0.0,0.045661416,0.0,0.035824887,0.0,0.024586093,4.905073e-06,0.077161856
0.00028076224,4144.4775,1.34911115e-05,4.3936144e-14,0.0,0.016779136,9.412063e-06,0.042257953,1067.3833,0.0064515243,3.0693835e-12,0.20146517,0.0,0.49434575,0.0,0.066921264,440.4984,0.13206127,0.0,0.064487316,0.0,0.028456688,0.0,0.020237347,2.6348819e-06,0.07465021
0.00027984532,4182.568,1.2299252e-05,7.867115e-14,0.0,0.015958164,1.8901961e-05,0.01324847,730.2717,0.050310213,7.0136914e-13,0.20311902,0.0,0.4157847,0.0,0.06546269,221.01764,0.13597651,0.0,0.047449827,0.0,0.042087067,0.0,0.02858078,2.3517198e-06,0.016554575
0.00027651308,2411.0503,1.0691664e-05,1.5570299e-13,0.0,0.015867867,2.2523269e-05,0.057057552,875.87994,0.013952383,1.5521699e-13,0.18541439,0.0,0.2736368,0.0,0.06513673,172.05951,0.09423631,0.0,0.04730119,0.0,0.029639177,0.0,0.021019084,2.5556362e-06,0.04602082
0.0002702787,1078.5917,1.0977998e-05,3.8728358e-13,0.0,0.016414799,2.148085e-05,0.05347069,1227.4432,0.041905105,5.0692032e-14,0.13455918,0.0,0.16461664,0.0,0.06554711,163.13843,0.07292293,0.0,0.047498606,0.0,0.029282395,0.0,0.02058318,2.1979538e-06,0.015320742
0.00026855062,3515.1243,9.739773e-06,1.7098772e-12,0.0,0.014957547,1.9035573e-05,0.013195201,1072.8466,0.00675054,2.4232152e-14,0.119636856,0.0,0.09322989,0.0,0.062894806,148.34612,0.062703416,0.0,0.04524591,0.0,0.030595167,0.0,0.021160351,2.1991598e-06,0.0796029
0.00026853054,3920.4514,9.713143e-06,5.362985e-12,0.0,0.014336536,1.3853679e-05,0.03333907,1373.6616,0.033841014,1.1231784e-14,0.09257456,0.0,0.052512746,0.0,0.061417762,167.1326,0.053865436,0.0,0.045295037,0.0,0.024852727,0.0,0.017429305,1.6263091e-06,0.015073494
0.0002571049,2544.46,1.2477758e-05,6.218256e-12,0.0,0.01490887,1.15567655e-05,0.034207273,2161.6077,0.009449072,7.107119e-15,0.04407687,0.0,0.06254585,0.0,0.061653562,168.54167,0.044119973,0.0,0.042886402,0.0,0.035627138,0.0,0.024444446,1.652771e-06,0.13087676
0.00025067743,920.0536,1.08468885e-05,5.3582177e-11,0.0,0.014108517,1.0535805e-05,0.03366571,4033.1118,0.043740638,3.7445764e-15,0.2536999,0.0,0.11669176,0.0,0.05999669,119.51694,0.030320581,0.0,0.049780216,0.0,0.025550663,0.0,0.018143112,8.119242e-07,0.048911
0.00023497359,1352.8456,1.5259067e-05,2.246085e-10,0.0,0.013638897,7.100356e-06,0.03421069,3943.22,0.008292042,2.8988010000000004e-17,0.3015235,0.0,0.08270702,0.0,0.058407735,53.76188,0.029768543,0.0,0.03834737,0.0,0.029786676,0.0,0.019915177,7.326685e-07,0.01995192
0.00023055381,4597.189,1.108654e-05,2.0338158e-11,0.0,0.012454096,8.320004e-06,0.028635427,1498.8286,0.03678877,1.6973933e-15,0.23474933,0.0,0.037917394,0.0,0.05582123,20.404852,0.020797797,0.0,0.075882554,0.0,0.022791542,0.0,0.015857378,7.9977724e-07,0.07307679
0.00023053416,5187.1743,1.1056223e-05,4.289398e-12,0.0,0.012121978,1.0698462e-05,0.053343855,796.7049,0.0076895314,2.3160094e-15,0.2283646,0.0,0.46155435,0.0,0.05464159,16.257591,0.07184464,0.0,0.04765565,0.0,0.030991293,0.0,0.021076327,5.3264876e-07,0.028389445
0.00022137031,2888.4214,1.1023215e-05,3.4315553e-10,0.0,0.013182035,6.5010267e-06,0.031775724,2098.7297,0.022926483,8.4734354e-16,0.20908009,0.0,0.3100232,0.0,0.055895537,37.935905,0.105164394,0.0,0.03692556,0.0,0.02206521,0.0,0.015515591,5.486919e-07,0.043050338
0.00021995488,661.3749,9.426852e-06,5.735123e-10,0.0,0.012366413,4.204141e-06,0.026230352,441.35458,0.0077591394,4.010065e-18,0.16478819,0.0,0.20018058,0.0,0.053664606,67.26725,0.11933297,0.0,0.06273982,0.0,0.027197078,0.0,0.017985256,5.701955e-07,0.04078483
0.00021515363,550.2766,7.836135e-06,0.009009764,0.0,0.01108401,2.69257e-06,0.012508501,1600.5101,0.012608078,2.1590808e-18,0.14520103,0.0,0.1537847,0.0,0.050666388,63.14664,0.1200317,0.0,0.038136233,0.0,0.018290805,0.0,0.012438353,4.7566226e-07,0.02411751
0.00020550951,362.19702,7.671642e-06,0.005765238,0.0,0.009726756,4.457601e-06,0.05115186,3697.232,0.011534013,1.3239039e-18,0.10959251,0.0,0.18310343,0.0,0.047605455,44.238045,0.1068134,0.0,0.03208731,0.0,0.025823977,0.0,0.016622344,4.915584e-07,0.03669951
0.0002033938,168.33052,5.9885874e-06,0.007888027,0.0,0.008993751,4.2647666e-06,0.026274594,2229.5366,0.024428027,3.950904e-17,0.058644503,0.0,0.13409165,0.0,0.045633722,33.48096,0.08109465,0.0,0.071366645,0.0,0.016897311,0.0,0.0114204995,4.0337767e-07,0.014647934
0.00020274037,430.1752,5.387273e-06,0.007964526,0.0,0.009335396,3.7995512e-06,0.016088905,418.58954,0.005639963,1.86934e-16,0.056613326,0.0,0.08325507,0.0,0.045508448,41.111233,0.048222296,0.0,0.04289617,0.0,0.022404443,0.0,0.014664187,4.2133493e-07,0.06866999
0.00019770437,3.1731204e-05,4.692941e-06,0.011676072,0.0,0.0089435475,3.7237282e-06,0.01867277,6.596057e-06,0.011682265,1.9529401e-16,0.0320131,0.0,0.042360052,0.0,0.0439449,61.662758,0.024071,0.0,0.028439358,0.0,0.01519237,0.0,0.010138388,3.3699052e-07,0.014815161
0.00019769726,615.3612,4.680106e-06,0.004610998,0.0,0.008800792,2.90702e-06,0.04465794,6.9678704e-06,0.0117780315,4.851591599999999e-19,0.008794852,0.0,0.032476094,0.0,0.043049403,88.81389,0.014399639,0.0,0.08136631,0.0,0.017258106,0.0,0.011086751,3.591132e-07,0.07968133
0.00019706394,2.8248987e-05,4.269968e-06,0.011370196,0.0,0.008933491,3.5378746e-06,0.0267495,6.9457847e-06,0.026971575,2.119413e-16,0.16502061,0.0,0.054125562,0.0,0.042678364,101.22453,0.0108051,0.0,0.04883433,0.0,0.016709752,0.0,0.010708958,2.8074334e-07,0.017976392
0.00016722956,2.6478272e-05,1.4303203e-05,0.010471736,0.0,0.008568128,2.1043334e-06,0.033121202,4.9500427e-06,0.010580531,1.2767501e-17,0.1881484,0.0,0.019775106,0.0,0.04129972,86.47381,0.014827027,0.0,0.030962773,0.0,0.01549841,0.0,0.009950373,2.870674e-07,0.06654273
0.00016413273,2.4904326e-05,8.7555445e-06,0.007819,0.0,0.0073376303,3.7711036e-06,0.03082418,4.8359475e-06,0.018071484,3.3309478000000003e-16,0.15776606,0.0,0.23245412,0.0,0.03816713,59.59478,0.0055671586,0.0,0.024988169,0.0,0.015736025,0.0,0.010078489,2.240425e-07,0.014484301
0.0001641217,2.3422812e-05,8.731595e-06,0.010284437,0.0,0.0071415934,3.2725757e-06,0.029707363,5.4781826e-06,0.02663494,1.9626194000000003e-16,0.15754195,0.0,0.23664942,0.0,0.0371091,38.190178,0.06461442,0.0,0.086244196,0.0,0.014357731,0.0,0.0093113845,2.4472038e-07,0.07187725
0.00016004212,2.2054855e-05,5.5047235e-06,0.007160621,0.0,0.0072214077,1.2910157e-06,0.01882331,3.6654426e-06,0.006443866,5.0612099999999997e-20,0.14547165,0.0,0.16285303,0.0,0.036862694,31.019873,0.073710814,0.0,0.051463503,0.0,0.01941801,0.0,0.012591418,1.9336122e-07,0.016719274
0.0001595285,2.0913129e-05,4.8424263e-06,0.0054237144,0.0,0.0062241443,1.9164067e-06,0.010666107,5.0891063e-06,0.006876074,8.196928000000001e-17,0.08791386,0.0,0.08632659,0.0,0.033905767,28.272491,0.06232014,0.0,0.028725227,0.0,0.011640299,0.0,0.007632926,1.9849139e-07,0.047474716
0.00015366088,1.9624864e-05,3.1279774e-06,0.0021273345,0.0,0.0053649764,2.026917e-06,0.015462257,4.0881864e-06,0.011391251,9.452873e-17,0.045020286,0.0,0.04097275,0.0,0.031166546,25.040684,0.047451966,0.0,0.019590864,0.0,0.011075454,0.0,0.006789462,1.7164729e-07,0.0065474343
0.00015268645,1.8839875e-05,2.5563509e-06,0.003910162,0.0,0.005138796,1.9115728e-06,0.008652969,3.6481595e-06,0.016487345,5.6093235e-17,0.015435534,0.0,0.1285087,0.0,0.030097986,23.583027,0.030941827,0.0,0.085927695,0.0,0.014580549,0.0,0.008754074,1.8646215e-07,0.018281315
0.00014807661,1.8185783e-05,2.0658365e-06,0.0017941114,0.0,0.005352556,1.4237747e-06,0.015416922,3.8839635e-06,0.011764705,3.0820138e-17,0.08395299,0.0,0.12752205,0.0,0.029842827,16.38725,0.013159623,0.0,0.056239296,0.0,0.009566086,0.0,0.006191367,1.9540808e-07,0.06506233
0.0001470385,1.7458591e-05,1.7083781e-06,0.0011637236,0.0,0.0045969095,2.19972e-06,0.0061989916,4.255403e-06,0.007323874,7.243039e-17,0.06777165,0.0,0.060929827,0.0,0.02755426,12.059825,0.0029280474,0.0,0.0270058,0.0,0.010056182,0.0,0.0061234958,1.6016772e-07,0.010570141
0.00014657057,1.683587e-05,1.5256212e-06,0.0016368756,0.0,0.004262662,1.7793852e-06,0.018912356,3.882356e-06,0.01007502,4.8768094e-17,0.04277936,0.0,0.03873835,0.0,0.026159342,9.323834,0.03701883,0.0,0.030429108,0.0,0.011588461,0.0,0.006897654,1.7248946e-07,0.040579576
0.00014610433,1.6528393e-05,1.3609089e-06,0.0009774514,0.0,0.00397905,2.0724303e-06,0.019597616,3.4467846e-06,0.008728763,3.8568854e-17,0.019665733,0.0,0.08735529,0.0,0.02499392,5.781226,0.028891135,0.0,0.021199659,0.0,0.009547142,0.0,0.005953871,1.5317211e-07,0.0073645003
0.00013941797,1.538749e-05,1.1086693e-06,0.0021056233,0.0,0.0032740985,2.0565174e-06,0.013595666,2.7654926e-06,0.008365108,2.5678917e-17,0.01323635,0.0,0.083209835,0.0,0.022569327,4.255764,0.011242755,0.0,0.022225097,0.0,0.007425808,0.0,0.0044483976,1.6511258e-07,0.014430299
0.00013941679,1.4886054e-05,1.1056361e-06,0.0011776399,0.0,0.003358424,1.8858451e-06,0.02380864,2.155585e-06,0.010892395,1.2679957e-17,0.038858987,0.0,0.04382998,0.0,0.022313464,3.6539724,0.0041077537,0.0,0.033006467,0.0,0.0103084445,0.0,0.0057821157,1.7217423e-07,0.028349007
0.00013186755,1.4407434e-05,9.941573e-07,0.0015048586,0.0,0.0031723622,1.1316505e-06,0.008527501,2.9147964e-06,0.0058589526,1.8815472e-18,0.0255766,0.0,0.028559195,0.0,0.02124647,2.6012485,0.023384718,0.0,0.021908,0.0,0.0077901282,0.0,0.0046812585,1.6513484e-07,0.022822084
0.00012663176,1.3553449e-05,7.9191386e-07,0.0009455245,0.0,0.0029705777,1.2629085e-06,0.012193847,2.4296799e-06,0.007764992,4.7536014e-18,0.008913072,0.0,0.13646916,0.0,0.020336417,1.3055441,0.0132255675,0.0,0.014047956,0.0,0.008406066,0.0,0.0049148644,1.6235322e-07,0.023875827
0.00012543434,1.3091109e-05,6.199745e-07,0.0015354197,0.0,0.0025436757,5.912246e-07,0.009073305,2.4494327e-06,0.004666608,4.6287553e-21,0.05340331,0.0,0.11718346,0.0,0.018616244,0.6729188,0.0038606126,0.0,0.035256352,0.0,0.009374818,0.0,0.005036123,1.5860103e-07,0.020507723
0.00012518995,1.401216e-05,5.704482e-07,0.00047096057,0.0,0.0023142202,6.9362505e-07,0.0080305515,2.0785305e-06,0.0022028934,3.4924434e-21,0.040821694,0.0,0.070069045,0.0,0.01753845,0.36389607,0.0148624405,0.0,0.01655345,0.0,0.0060192333,0.0,0.0032988251,1.5732425e-07,0.019785894
0.00012346664,1.346419e-05,4.3114338e-07,0.0011577414,0.0,0.002386353,1.0722117e-06,0.008830028,2.6167443e-06,0.0010509702,2.7267577e-18,0.01327024,0.0,0.026862776,0.0,0.017651321,0.17248775,0.0075771287,0.0,0.017646354,0.0,0.006669166,0.0,0.0036279592,1.6077585e-07,0.022811381
0.00012307485,1.35499595e-05,3.851855e-07,0.00044818418,0.0,0.0021560185,7.2193484e-07,0.006567148,2.252493e-06,0.0016253156,3.747168e-18,0.020493966,0.0,0.033408433,0.0,0.016407082,0.08620349,0.092370085,0.0,0.013538663,0.0,0.0071858387,0.0,0.0038721177,1.6153915e-07,0.016516138
0.00012307448,1.1787355e-05,3.8413157e-07,0.0010049196,0.0,0.0017790138,9.645453e-07,0.004943184,2.316471e-06,0.0013186261,3.6802006e-18,0.006973242,0.0,0.044505816,0.0,0.014702911,0.030523213,0.009858875,0.0,0.024927313,0.0,0.0050973142,0.0,0.002818583,1.6484069e-07,0.024118204
0.00012268397,1.2230832e-05,3.3702963e-07,0.0007954595,0.0,0.0015773233,7.928563e-07,0.0056579923,1.3639444e-06,0.0016605183,2.584116e-18,0.008841441,0.0,0.022087034,0.0,0.013694976,0.0121442685,0.12447021,0.0,0.020759698,0.0,0.0042732004,0.0,0.002278887,1.4828153e-07,0.01132952
0.00012229473,1.2412407e-05,2.963117e-07,0.00069748017,0.0,0.0016690181,1.3603903e-06,0.003307251,1.9923561e-06,0.001184772,3.4758716999999995e-18,0.016876105,0.0,0.09041698,0.0,0.014016404,0.0027194784,0.016065365,0.0,0.011273662,0.0,0.0069697034,0.0,0.0035778598,1.5080009e-07,0.015210965
0.00012229444,1.0276965e-05,2.955009e-07,0.0009012205,0.0,0.0015374272,4.2816413e-07,0.0023674036,1.9845627e-06,0.0010138872,1.2796573000000001e-21,0.005306408,0.0,0.04804176,0.0,0.013225194,0.0020728277,0.18050757,0.0,0.023677457,0.0,0.005447963,0.0,0.002833152,1.539648e-07,0.01819031
0.00012190649,10117.855,2.5905888e-07,0.0006540649,0.0,0.0013819946,1.3050309e-06,0.00052708725,1.9262543e-06,0.001113339,2.6788267e-18,0.0087704575,0.0,0.021244183,0.0,0.012399113,0.00078468997,0.055105526,0.0,0.012133697,0.0,0.003758831,0.0,0.0018653529,1.4700207e-07,0.010559074
0.0001133533,2914.206,2.1441757e-07,0.00043401134,0.0,0.0012779793,7.327108e-07,0.0014639382,2.5120269e-06,0.00041439958,1.4674537e-18,0.012189885,0.0,0.057892032,0.0,0.011823931,0.0006588147,0.045515325,0.0,0.01459364,0.0,0.0027632348,0.0,0.0014071214,1.4430526e-07,0.0077131363
0.00010339816,14958.849,1.7675238e-07,0.00029991288,0.0,0.0009779399,8.9207674e-07,0.0009869873,1.9946103e-06,0.00042013027,1.5063724e-18,0.0060554803,0.0,0.027856655,0.0,0.010138578,0.00044460112,0.01424479,0.0,0.010276836,0.0,0.0026521096,0.0,0.0012486845,1.4465657e-07,0.004108738
0.00010146195,1562.8054,1.07877234e-07,0.0002679941,0.0,0.00076362403,7.268861e-07,0.0004920592,1.9057047e-06,0.00024151847,8.635125599999999e-19,0.0122654475,0.0,0.011025409,0.0,0.008885453,0.00036941568,0.050901607,0.0,0.012128265,0.0,0.0019075198,0.0,0.0009066473,1.4131099e-07,0.0016777586
0.000101140206,19532.322,9.387258e-08,0.00017542823,0.0,0.0007558542,6.795542e-07,0.0003519327,1.7532956e-06,0.00013933558,8.2006086e-19,0.0053489674,0.0,0.04573975,0.0,0.008716417,0.0002622592,0.023573175,0.0,0.009511708,0.0,0.0013384934,0.0,0.0006358817,1.4423723e-07,0.0007279053
0.00010114013,20732.477,9.3615675e-08,0.00045106292,0.0,0.00085277605,9.390558e-07,0.00030176298,1.4492377e-06,0.00015859322,1.3981017999999998e-18,0.0161601,0.0,0.014628924,0.0,0.009265894,0.00019683741,0.06945799,0.0,0.011256882,0.0,0.0024981194,0.0,0.0011171114,1.4635812e-07,0.00068168255
0.00010114006,23453.342,9.335947e-08,9.042299e-05,0.0,0.0003295266,1.1623096e-06,6.659611e-05,6.0173625e-07,6.007385e-05,2.7570307e-14,0.0049563916,0.0,0.0032199698,0.0,0.0052161957,0.00014939242,0.014137785,0.0,0.0031914215,0.0,0.00079173665,0.0,0.0003565572,1.4507454e-07,0.00015821731
0.00010081935,10094.821,8.152733e-08,5.1501567e-05,0.0,0.000775943,5.587592e-07,0.00010715156,1.6355231e-06,4.5397584e-05,5.9094287e-15,0.03249577,0.0,0.012507648,0.0,0.00842712,0.00013526584,0.16566347,0.0,0.006020504,0.0,0.0012832828,0.0,0.0005814149,1.4163494e-07,9.054434e-05
9.7712e-05,7767.5557,9.835669e-08,2.5906545e-05,0.0,0.0013328033,3.1346985e-07,9.886563e-05,1.5237761e-06,5.2183022e-05,3.7467968e-16,0.019162206,0.0,0.13286857,0.0,0.010988099,8.4215615e-05,0.0883707,0.0,0.043924883,0.0,0.0052998913,0.0,0.0027671675,1.421036e-07,7.374989e-05
9.771193e-05,7.945274e-06,9.808751e-08,9.198309e-06,0.0,0.0013568922,2.2880364e-07,0.00014553839,1.8754645e-06,3.9409668e-05,3.0842874e-22,0.008676048,0.0,0.10142152,0.0,0.011058926,5.0261464e-05,0.024415888,0.0,0.020514669,0.0,0.005138223,0.0,0.0027703696,1.4189824e-07,4.7747224e-05
9.7711854e-05,7.732497e-06,9.7819054e-08,2.8153233e-06,0.0,0.0015090804,2.871746e-07,0.00071024435,1.6963802e-06,3.434174e-05,2.5553792e-22,0.06693044,0.0,0.0374355,0.0,0.011764506,4.166617e-05,0.096089184,0.0,0.0072647673,0.0,0.0045642066,0.0,0.0025398675,1.3966658e-07,3.1969066e-05
9.771178e-05,7.5498283e-06,9.755134e-08,7.1532753e-07,0.0,0.001566933,3.7591712e-07,0.000113781025,1.4086495e-06,2.655382e-05,1.7039004e-22,0.063081816,0.0,0.032104265,0.0,0.011926091,3.4922345e-05,0.026054438,0.0,0.026550313,0.0,0.0037665393,0.0,0.0020777073,1.390294e-07,2.1190835e-05
9.771171e-05,7.487796e-06,9.728436e-08,3.2772004e-07,0.0,0.0011055901,5.7002075e-07,9.8405235e-06,1.3697844e-06,2.5753334e-05,2.1595232e-14,0.029675383,0.0,0.026205,0.0,0.009945186,3.3145036e-05,0.050105803,0.0,0.008655236,0.0,0.0042464454,0.0,0.00207337,1.3601894e-07,1.3332918e-05
9.740187e-05,15961.804,8.904879e-08,7.090346e-08,0.0,0.0010323302,4.6111498e-07,2.2842696e-06,1.1760196e-06,2.543713e-05,1.4670458e-14,0.010399558,0.0,0.024463674,0.0,0.009521748,3.148453e-05,0.022871628,0.0,0.027962374,0.0,0.0032847263,0.0,0.001628646,1.3564666e-07,9.7213915e-06
9.4691444e-05,6.98873e-06,1.0596464e-07,5.055046e-08,0.0,0.0012614381,3.8158853e-07,1.6199009e-06,1.3744117e-06,3.5372475e-05,8.044104e-15,0.0661809,0.0,0.02236174,0.0,0.010643194,3.2284523e-05,0.13108467,0.0,0.007963704,0.0,0.0030937232,0.0,0.0016240164,1.3381522e-07,1.074365e-05
9.469137e-05,6.804003e-06,1.05674616e-07,5.683038e-08,0.0,0.0012280695,5.1411905e-07,9.581015e-07,1.5100326e-06,3.5509904e-05,2.3349473e-14,0.054318886,0.0,0.11089731,0.0,0.010414472,2.733535e-05,0.044819057,0.0,0.036591705,0.0,0.0055733453,0.0,0.0027813017,1.3508424e-07,1.3353476e-05
9.363975e-05,6.657147e-06,8.7959414e-08,2.303407e-08,0.0,0.0010487034,3.5663876e-07,9.523235e-07,1.3043566e-06,2.8184973e-05,8.387748e-15,0.03493261,0.0,0.054190304,0.0,0.009504288,2.6027186e-05,0.0065825405,0.0,0.011490897,0.0,0.004033814,0.0,0.0020559637,1.3341966e-07,1.1115656e-05
8.4142404e-05,6.5862428e-06,1.6339781e-07,1.0973508e-08,0.0,0.0009024832,3.0109905e-07,5.925786e-07,1.2740406e-06,2.2270206e-05,2.4603718e-16,0.011100794,0.0,0.009550921,0.0,0.008711188,2.6237562e-05,0.042202275,0.0,0.018066991,0.0,0.0031417238,0.0,0.0015437084,1.3361652e-07,8.3477125e-06
7.595952e-05,17031.451,1.7628162e-07,4.0775813e-08,0.0,0.00095667515,4.777648e-07,2.9348195e-07,1.095967e-06,2.615959e-05,1.844413e-14,0.025665132,0.0,0.11232732,0.0,0.009002558,2.4993968e-05,0.031542778,0.0,0.00585201,0.0,0.0024150708,0.0,0.0012042109,1.3102553e-07,6.9871235e-06
6.7278015e-05,6.2420695e-06,2.1538507e-07,8.66129e-08,0.0,0.00095739675,4.670494e-07,3.1111898e-07,1.159186e-06,2.9380219e-05,1.6159991e-14,0.00958696,0.0,0.057788514,0.0,0.008922423,2.3751361e-05,0.033821184,0.0,0.016569553,0.0,0.0029925536,0.0,0.0014132478,1.2945276e-07,5.8456144e-06
6.0429284e-05,10518.479,1.7659178e-07,5.2645618e-08,0.0,0.0008717784,3.2212208e-07,3.953078e-07,1.1541559e-06,2.3645023e-05,8.860685e-15,0.021152116,0.0,0.01118251,0.0,0.008499106,2.3995335e-05,0.032782942,0.0,0.005232943,0.0,0.0025501573,0.0,0.0012174349,1.258295e-07,4.4514836e-06
6.0429204e-05,6.0156294e-06,1.7610823e-07,4.5081013e-08,0.0,0.00074800814,3.1272182e-07,2.9588617e-07,1.2100382e-06,2.3602237e-05,9.471963e-15,0.008737637,0.0,0.080926314,0.0,0.0077614468,2.3899358e-05,0.019110644,0.0,0.008464332,0.0,0.0013992728,0.0,0.0006680388,1.267743e-07,2.8350394e-06
5.8935042e-05,5.8804885e-06,1.02949436e-07,4.5231996e-08,0.0,0.0007509331,5.5229833e-07,5.281069e-08,1.1158122e-06,2.9663945e-05,2.1665778e-14,0.022225201,0.0,0.024395393,0.0,0.00775711,2.6186384e-05,0.1501014,0.0,0.011696324,0.0,0.0019513159,0.0,0.00088027644,1.2357016e-07,2.7162148e-06
5.874816e-05,5.7786847e-06,9.0148774e-08,3.071323e-08,0.0,0.000712436,3.39783e-07,2.1766944e-07,1.1290193e-06,2.2885828e-05,7.503192e-15,0.011072444,0.0,0.029333813,0.0,0.007517884,1.9208555e-05,0.034187708,0.0,0.0081017725,0.0,0.001365496,0.0,0.0006521635,1.2184782e-07,2.0815803e-06
5.874812e-05,5.729733e-06,8.990191e-08,1.0559295e-08,0.0,0.00070319104,1.8445014e-07,4.4755086e-07,9.0597354e-07,1.878482e-05,3.4202352e-23,0.0068795756,0.0,0.008045765,0.0,0.0073395665,2.3112905e-05,0.048461333,0.0,0.016997108,0.0,0.0022468832,0.0,0.0009621425,1.1986194e-07,2.2586169e-06
5.874808e-05,6035.075,8.965573e-08,2.4477304e-08,0.0,0.0006851507,1.2861007e-07,0.00015533096,1.1112386e-06,1.905051e-05,3.1010214e-23,0.02036419,0.0,0.05649253,0.0,0.0072167474,2.3808372e-05,0.019428356,0.0,0.00802448,0.0,0.0014620188,0.0,0.00069247675,1.1839452e-07,2.306879e-06
5.874804e-05,5.468474e-06,8.941022e-08,3.8350468e-08,0.0,0.00051631907,1.8217159e-07,4.742945e-05,1.2366331e-06,1.8591867e-05,2.7326236e-23,0.006658654,0.0,0.010959679,0.0,0.0061820038,2.4207144e-05,0.048700646,0.0,0.011971399,0.0,0.0008858749,0.0,0.00041192703,1.15167815e-07,1.4050066e-06
5.8748e-05,14613.156,8.916539e-08,3.9160106e-08,0.0,0.00047370902,1.7377923e-07,0.000109557936,7.2811395e-07,2.2003047e-05,2.4993242e-23,0.014664957,0.0,0.03771945,0.0,0.006028418,2.3327711e-05,0.028938614,0.0,0.005649043,0.0,0.0014927033,0.0,0.0006164538,1.1247554e-07,1.3449751e-06
5.8561713e-05,17293.402,7.68603e-08,4.6311662e-08,0.0,0.0004757768,3.0872155e-07,8.141882e-06,9.549577e-07,2.6469432e-05,5.246172e-15,0.006083824,0.0,0.0074470853,0.0,0.0060519245,2.360311e-05,0.024332765,0.0,0.014789921,0.0,0.001224993,0.0,0.00053162745,1.1420986e-07,1.2127083e-06
5.856168e-05,5.160093e-06,7.664983e-08,2.3519382e-08,0.0,0.00042060448,3.9359605e-07,8.0229967e-07,1.0992824e-06,1.9157867e-05,1.2786621e-14,0.009138522,0.0,0.027362155,0.0,0.005681038,2.3691786e-05,0.043892823,0.0,0.0038412192,0.0,0.00084977504,0.0,0.0003837013,1.1161777e-07,9.906961e-07
5.8561644e-05,809.61096,7.643994e-08,2.4456902e-08,0.0,0.00040041795,3.8507113e-07,1.6188689e-07,8.996226e-07,2.941631e-05,9.105514e-15,0.003954423,0.0,0.005510027,0.0,0.005513393,2.2843265e-05,0.012519715,0.0,0.005225337,0.0,0.0013434024,0.0,0.0005407667,1.04456156e-07,1.0399045e-06
5.856161e-05,4.9431237e-06,7.623062e-08,2.0929399e-08,0.0,0.0003371085,3.220112e-07,5.7353635e-08,8.8835844e-07,2.5499123e-05,7.352565e-15,0.0073290556,0.0,0.0105712,0.0,0.0050760806,2.3803437e-05,0.055308886,0.0,0.007911958,0.0,0.0006656109,0.0,0.00028560273,1.0822724e-07,6.5997665e-07
5.8561574e-05,218.83624,7.602188e-08,9.708959e-09,0.0,0.00033568416,2.8355305e-07,3.4072233e-08,7.857549e-07,2.4632674e-05,5.5041755e-15,0.0025066908,0.0,0.039103623,0.0,0.005021615,2.1742111e-05,0.011767756,0.0,0.010478714,0.0,0.001155,0.0,0.0004480188,1.0394461e-07,7.2949e-07
5.856154e-05,4.78502e-06,7.58137e-08,7.073669e-09,0.0,0.00034364976,3.218288e-07,1.7226952e-08,1.1244481e-06,1.6171354e-05,6.4416665e-15,0.0050544897,0.0,0.0106771495,0.0,0.005098381,2.3549768e-05,0.051329922,0.0,0.00630483,0.0,0.0007214934,0.0,0.00031097498,1.0362483e-07,5.8220525e-07
5.8008052e-05,4.6931495e-06,5.2191428e-08,1.7210727e-08,0.0,0.00036340958,3.8221177e-07,4.691755e-09,9.1238275e-07,2.2549706e-05,6.1581324e-15,0.0043251268,0.0,0.01796939,0.0,0.0052959723,2.228554e-05,0.010265004,0.0,0.009536737,0.0,0.0015405715,0.0,0.0005610324,1.0469327e-07,6.349482e-07
5.800803e-05,4.619183e-06,5.204851e-08,1.5090167e-08,0.0,0.00030991453,2.387724e-07,1.9588855e-08,8.483929e-07,2.283464e-05,3.8194833e-15,0.0054365043,0.0,0.011961145,0.0,0.0047955043,2.3768576e-05,0.021690086,0.0,0.006703742,0.0,0.0007779928,0.0,0.00033161408,1.0283252e-07,5.505851e-07
5.8008005e-05,4.612316e-06,5.190598e-08,4.2306287e-09,0.0,0.00029148112,1.2581123e-07,2.4317222e-08,7.5023024e-07,1.5722497e-05,9.22684e-16,0.0034646273,0.0,0.018847933,0.0,0.0045945845,2.4031704e-05,0.0157747,0.0,0.010267355,0.0,0.0007625004,0.0,0.00031151445,1.0315241e-07,5.2559244e-07
5.8007983e-05,16.598951,5.1763845e-08,1.5435191e-09,0.0,0.00032827086,1.9335877e-07,1.6822215e-08,7.401485e-07,2.0025524e-05,1.868007e-15,0.00930192,0.0,0.019075885,0.0,0.004787929,2.4906774e-05,0.048704036,0.0,0.0056319763,0.0,0.00054326386,0.0,0.00023467794,1.0123002e-07,4.729079e-07
5.800796e-05,32.04231,5.1622095e-08,6.39605e-10,0.0,0.00029882047,2.598878e-07,7.962148e-09,7.604247e-07,2.2287928e-05,4.486374e-15,0.0023758595,0.0,0.010240476,0.0,0.004571773,2.3087718e-05,0.013822391,0.0,0.0083409045,0.0,0.0005530726,0.0,0.00021447788,1.0074861e-07,3.2731518e-07
5.8007936e-05,1135.5824,5.1480733e-08,1.5420626e-09,0.0,0.00034241495,1.758148e-07,1.4913168e-08,6.3705664e-07,2.3231261e-05,1.795047e-15,0.0036738825,0.0,0.056962658,0.0,0.0048317113,2.3725246e-05,0.05716731,0.0,0.008434742,0.0,0.00089254463,0.0,0.00033539857,9.857227e-08,4.1558462e-07
5.6509474e-05,1649.3374,2.5523716e-08,5.4086163e-10,0.0,0.0003433129,1.3596754e-07,2.3169871e-08,5.6394737e-07,1.3982583e-05,8.428556e-16,0.008751166,0.0,0.010054092,0.0,0.0048782215,2.1437947e-05,0.010408303,0.0,0.008304817,0.0,0.0005577386,0.0,0.00023718546,9.564965e-08,4.0602336e-07
5.480141e-05,1077.9893,1.5153974e-08,2.3425681e-09,0.0,0.00042450355,3.3259107e-07,4.6599582e-11,7.4400214e-07,1.3155689e-05,2.1758817e-10,0.0021673432,0.0,0.028064247,0.0,0.0054642223,2.311653e-05,0.07476623,0.0,0.013681725,0.0,0.0010152204,0.0,0.00042561404,9.4247184e-08,6.470433e-07
5.390988e-05,1079.4396,1.1481886e-08,6.3171663e-09,0.0,0.00044048464,2.1891812e-07,2.0287242e-08,7.3845786e-07,1.4081558e-05,1.0639801e-10,0.0034441787,0.0,0.0069650398,0.0,0.0055200397,1.9771811e-05,0.012676286,0.0,0.003654282,0.0,0.0007043623,0.0,0.00031634164,9.2306855e-08,6.908155e-07
5.3909876e-05,4.037518e-06,1.14504415e-08,2.4614506e-08,0.0,0.00047680349,9.782929e-08,0.0001706267,8.1199545e-07,1.5325462e-05,6.153473e-24,0.019166537,0.0,0.045323927,0.0,0.0057171904,2.1028369e-05,0.10708092,0.0,0.0058426363,0.0,0.0012886667,0.0,0.0005427663,9.0201006e-08,1.025091e-06
5.3909873e-05,3.9654583e-06,1.1419083e-08,1.1804266e-08,0.0,0.00039742264,1.4748817e-07,1.7205979e-05,7.822049e-07,1.4612394e-05,1.8981552e-11,0.0057248054,0.0,0.0079402495,0.0,0.0051821363,1.6656171e-05,0.016877057,0.0,0.011403857,0.0,0.0007401917,0.0,0.0003342329,8.6881805e-08,7.951911e-07
5.3909866e-05,3.894324e-06,1.1387811e-08,4.0646203e-08,0.0,0.00036575695,1.7632301e-07,2.0746666e-06,7.696517e-07,1.679407e-05,4.8560315e-11,0.008360825,0.0,0.018545484,0.0,0.005049117,1.8534047e-05,0.062292084,0.0,0.005311205,0.0,0.0012115015,0.0,0.0004863591,8.3219646e-08,8.4882043e-07
5.3738953e-05,3.8576236e-06,1.0609648e-08,6.158996e-08,0.0,0.00052030187,1.5133152e-07,3.6117564e-07,7.157812e-07,1.9845644e-05,4.700064e-11,0.0035135343,0.0,0.010630114,0.0,0.0061127837,1.7965274e-05,0.039589487,0.0,0.014008223,0.0,0.0010188232,0.0,0.00047319033,8.3821725e-08,1.204878e-06
5.24056e-05,1221.09,1.2327823e-08,7.618747e-08,0.0,0.00053482933,2.0866783e-07,6.2138554e-08,5.4851427e-07,2.6804082e-05,7.245914e-11,0.0053179003,0.0,0.08324243,0.0,0.006088635,1.7747017e-05,0.018272197,0.0,0.004158276,0.0,0.0020100903,0.0,0.0008383287,8.251044e-08,1.7079235e-06
5.2405594e-05,3.4903105e-06,1.2294061e-08,7.628856e-08,0.0,0.00047200982,1.8317176e-07,4.4798824e-08,6.3281277e-07,2.9227434e-05,4.2996978e-11,0.008137244,0.0,0.022743473,0.0,0.005638578,1.7086366e-05,0.08955418,0.0,0.008472418,0.0,0.0011798647,0.0,0.00053407834,8.0896484e-08,1.3345713e-06
5.240559e-05,3.2968785e-06,1.2260391e-08,3.536884e-08,0.0,0.00047981052,1.8127854e-07,3.1928167e-08,5.5345475e-07,2.4562867e-05,4.179791e-11,0.0063285446,0.0,0.028732745,0.0,0.0056851506,1.40559505e-05,0.01166566,0.0,0.011759284,0.0,0.0007837303,0.0,0.00036500796,7.822331e-08,1.1653867e-06
5.2074356e-05,3.2473085e-06,1.1676368e-08,3.335977e-08,0.0,0.00056206336,1.5235399e-07,5.968989e-08,6.059562e-07,2.192484e-05,1.3131449e-11,0.008989723,0.0,0.0124760205,0.0,0.0062237396,1.56207e-05,0.09032313,0.0,0.008907934,0.0,0.001352138,0.0,0.0006068238,8.0250615e-08,1.6396782e-06
5.2074352e-05,3.3163226e-06,1.164439e-08,2.9963495e-08,0.0,0.0005513068,1.7916292e-07,2.7693003e-08,6.705859e-07,2.1536003e-05,3.5485708e-11,0.003805232,0.0,0.1153243,0.0,0.006088415,1.36556555e-05,0.0127239935,0.0,0.012409103,0.0,0.00092246995,0.0,0.00044229018,7.927623e-08,1.4656141e-06
5.2074345e-05,3.2638113e-06,1.1612499e-08,5.865305e-08,0.0,0.0006355867,1.037981e-07,2.5807947e-07,6.7210806e-07,2.4004115e-05,1.4239859e-11,0.015167781,0.0,0.030228067,0.0,0.0065800766,1.45978565e-05,0.106380925,0.0,0.008583558,0.0,0.0021526145,0.0,0.001036856,7.55878e-08,3.2858616e-06
5.207434e-05,3.256482e-06,1.15806955e-08,5.6418383e-08,0.0,0.0006497227,5.5180234e-08,5.677255e-05,6.619597e-07,1.919293e-05,2.0866773e-24,0.0044162762,0.0,0.021284949,0.0,0.006722234,1.1233996e-05,0.01839088,0.0,0.018182151,0.0,0.0015429159,0.0,0.00078803895,7.4738615e-08,3.2226224e-06
5.2074338e-05,3.2131863e-06,1.1548979e-08,7.8824314e-08,0.0,0.00062661734,7.351859e-08,5.939404e-06,6.737945e-07,1.8374138e-05,1.2877958e-12,0.009743054,0.0,0.014860471,0.0,0.0066250428,1.1998732e-05,0.124451146,0.0,0.008406029,0.0,0.0025058247,0.0,0.0011470994,7.624132e-08,3.4094792e-06
5.0469374e-05,3.0460756e-06,2.0180734e-08,9.2789e-08,0.0,0.0005013294,9.5375235e-08,6.4868203e-07,6.061959e-07,2.6050313e-05,1.3065255e-11,0.0028565973,0.0,0.039799437,0.0,0.005907628,8.897994e-06,0.025255252,0.0,0.01172086,0.0,0.0014236524,0.0,0.0006810836,7.4437814e-08,2.7504652e-06
5.0469367e-05,2.9940238e-06,2.012546e-08,8.0952425e-08,0.0,0.00052686414,9.204482e-08,1.7872046e-07,5.784286e-07,2.516413e-05,1.3401225e-11,0.006549126,0.0,0.0061173127,0.0,0.0060426844,1.0494568e-05,0.061308227,0.0,0.007168577,0.0,0.0010058475,0.0,0.00048008453,7.090126e-08,1.885204e-06
5.0309358e-05,2.9540504e-06,1.9002703e-08,8.6280274e-08,0.0,0.0006594214,9.04889e-08,1.566384e-07,5.963813e-07,2.1099066e-05,7.3022005e-12,0.019131923,0.0,0.047055963,0.0,0.006822352,9.962357e-06,0.01416045,0.0,0.02605063,0.0,0.002238149,0.0,0.0010451482,7.0465845e-08,3.6350946e-06
4.8276994e-05,2.896279e-06,6.512866e-08,1.533402e-07,0.0,0.0010725078,1.291028e-07,7.0688806e-08,5.4989175e-07,2.8676706e-05,1.347712e-11,0.006083795,0.0,0.022180114,0.0,0.0087681245,1.1529635e-05,0.17927115,0.0,0.007879432,0.0,0.0034003467,0.0,0.0018073801,6.883223e-08,1.1067539e-05
3.999994e-05,2.7799138e-06,4.4473444e-07,1.3337717e-07,0.0,0.0012258993,1.226728e-07,9.956639e-08,5.250253e-07,3.2126663e-05,9.882008e-12,0.046417687,0.0,0.07963438,0.0,0.009369885,9.862e-06,0.083360784,0.0,0.04510854,0.0,0.004043532,0.0,0.0021137728,6.697212e-08,1.4366152e-05
3.531682e-05,2.7077747e-06,4.0388775e-07,1.5720367e-07,0.0,0.0011856905,7.884269e-08,1.0079623e-06,5.107563e-07,4.665784e-05,5.9210887e-12,0.037750095,0.0,0.029397087,0.0,0.009178238,8.351693e-06,0.0155850025,0.0,0.018934153,0.0,0.0031546077,0.0,0.0016529195,6.427036e-08,1.200702e-05
3.4540768e-05,2.608511e-06,2.55689e-07,1.08390005e-07,0.0,0.0011851978,5.1248744e-08,1.9463967e-06,4.865625e-07,5.523828e-05,1.620207e-12,0.025436165,0.0,0.01607478,0.0,0.009223292,8.849657e-06,0.24874197,0.0,0.005857457,0.0,0.0050853174,0.0,0.0025665497,6.2868864e-08,1.4138705e-05
3.3482745e-05,2.562508e-06,1.9856235e-07,8.8283755e-08,0.0,0.0012649937,5.640553e-08,1.4995012e-06,4.992404e-07,4.034378e-05,2.4524543e-12,0.0076701855,0.0,0.1124607,0.0,0.009567866,5.576297e-06,0.083946,0.0,0.02462824,0.0,0.0037944529,0.0,0.0020178668,6.04601e-08,1.2612585e-05
3.3482695e-05,2.4926028e-06,1.9801821e-07,5.8990555e-08,0.0,0.0013819387,2.9294307e-08,0.00030509382,4.5735922e-07,3.6238274e-05,4.651421e-25,0.043233067,0.0,0.05735879,0.0,0.010046745,6.0398024e-06,0.029607346,0.0,0.008159646,0.0,0.00402657,0.0,0.0022623756,5.900695e-08,1.5224714e-05
3.3271022e-05,2.4142591e-06,1.744309e-07,8.530063e-08,0.0,0.0013117029,3.41811e-08,3.736992e-05,4.0368536e-07,3.9212387e-05,1.0520604e-14,0.02454388,0.0,0.01713276,0.0,0.009911527,5.578007e-06,0.03957848,0.0,0.058008343,0.0,0.004343381,0.0,0.002514301,5.7281685e-08,1.7731581e-05
3.327098e-05,2.316749e-06,1.739529e-07,2.0475058e-07,0.0,0.0014969877,4.7086132e-08,6.4595297e-06,3.6842934e-07,4.265684e-05,2.51406e-12,0.010412561,0.0,0.123803854,0.0,0.010772718,5.384319e-06,0.06449515,0.0,0.03099712,0.0,0.010781951,0.0,0.0059809308,5.349585e-08,4.079792e-05
3.306065e-05,2.2633137e-06,1.5829366e-07,3.7985984e-07,0.0,0.0014974257,6.7269745e-08,1.2029108e-06,4.2416963e-07,3.686386e-05,3.824892e-12,0.020525884,0.0,0.04841358,0.0,0.010838238,4.365928e-06,0.017254932,0.0,0.009373937,0.0,0.006402583,0.0,0.0037434075,5.320363e-08,4.4311837e-05
3.29558e-05,2.1912463e-06,1.5180665e-07,3.4981858e-07,0.0,0.0016506786,5.370309e-08,1.949329e-06,4.1418315e-07,4.1966763e-05,2.0044185e-12,0.019149728,0.0,0.09056549,0.0,0.011337999,5.046122e-06,0.30441442,0.0,0.051140226,0.0,0.005448628,0.0,0.0030782877,5.1329753e-08,4.2774926e-05
3.1693533e-05,2.094535e-06,3.4413077e-07,3.4726702e-07,0.0,0.0019493548,5.1663196e-08,2.565445e-06,3.8823788e-07,6.344406e-05,1.3852608e-12,0.007695201,0.0,0.06488247,0.0,0.012501311,2.3089856e-06,0.11460426,0.0,0.02361368,0.0,0.00783573,0.0,0.0046600103,4.7896428e-08,6.580851e-05
3.1488722e-05,2.0100067e-06,3.2551398e-07,2.7107745e-07,0.0,0.0022616829,5.2378265e-08,2.4252654e-06,3.3574673e-07,7.407039e-05,1.1158749e-12,0.1068021,0.0,0.059945572,0.0,0.013686338,2.2080787e-06,0.047906373,0.0,0.018218966,0.0,0.011884318,0.0,0.00724414,4.767736e-08,0.00010803838
3.051295e-05,1.9058286e-06,5.8872e-07,2.615992e-07,0.0,0.0025801233,3.289887e-08,1.1775879e-05,2.9004593e-07,9.2755356e-05,4.4439143e-13,0.11715956,0.0,0.016317157,0.0,0.014723991,2.7411231e-06,0.102826044,0.0,0.011160369,0.0,0.008911722,0.0,0.0057965512,4.6435446e-08,0.00015523551
3.0486088e-05,1.7712018e-06,5.7689334e-07,2.6256646e-07,0.0,0.0030690436,2.7633703e-08,1.8689947e-05,3.0378789e-07,0.00010713152,2.6289225e-13,0.13369918,0.0,0.36022177,0.0,0.016098699,1.435348e-06,0.11720295,0.0,0.09737725,0.0,0.007961571,0.0,0.0051977234,4.4900176e-08,0.00027673427
3.0485953e-05,1.7131396e-06,5.753123e-07,2.8244983e-07,0.0,0.0035243803,3.0595494e-08,1.5736621e-05,2.740937e-07,9.910306e-05,1.7517971e-13,0.11392676,0.0,0.21996336,0.0,0.017480206,1.1821912e-06,0.07549178,0.0,0.079239145,0.0,0.009977972,0.0,0.0064197457,4.1127493e-08,0.0010261771
3.0485819e-05,1.6329902e-06,5.737356e-07,2.961835e-07,0.0,0.0035698514,1.456351e-08,0.0007911349,2.2174093e-07,9.1508016e-05,1.0533501e-26,0.08842848,0.0,0.15767866,0.0,0.017830132,1.1150212e-06,0.02424252,0.0,0.052848335,0.0,0.009784796,0.0,0.006422363,3.9256786e-08,0.0053639263
3.0485684e-05,1.5912602e-06,5.721632e-07,3.067962e-07,0.0,0.0042381496,1.4692223e-08,0.0002168232,2.518702e-07,9.171765e-05,3.5798025e-14,0.043270934,0.0,0.15242787,0.0,0.019899806,1.3608932e-06,0.17999753,0.0,0.024230717,0.0,0.010854341,0.0,0.007413943,3.6333276e-08,0.043104284
3.048555e-05,1.4746062e-06,5.7059503e-07,3.6256907e-07,0.0,0.00441746,2.141699e-08,8.516567e-05,2.1161125e-07,0.00012569649,1.5954879e-13,0.18368062,0.0,0.09767786,0.0,0.020594776,1.2616646e-06,0.10859167,0.0,0.052309845,0.0,0.012881307,0.0,0.008851544,3.4110993e-08,0.016103735
3.0485417e-05,1.3400613e-06,5.690313e-07,3.928857e-07,0.0,0.0048559317,1.6226947e-08,0.00014073712,2.1122585e-07,0.0001403097,8.690306e-14,0.18448152,0.0,0.03559801,0.0,0.021790072,9.932472e-07,0.07373063,0.0,0.04293215,0.0,0.011758605,0.0,0.008218249,3.2144584e-08,0.009382584
3.000813e-05,1.3427282e-06,1.6503299e-06,2.8303143e-07,0.0,0.005654786,1.4551318e-08,0.00029187088,2.1545799e-07,0.00012726287,7.0827994e-14,0.17704822,0.0,0.0527231,0.0,0.023723835,8.081714e-07,0.048781652,0.0,0.024291292,0.0,0.016076857,0.0,0.011157787,3.0946172e-08,0.05673122
2.9818133e-05,1.2472417e-06,1.8872071e-06,6.1780145e-07,0.0,0.006186602,1.5279312e-08,0.0033388082,1.8656391e-07,0.00013793797,9.628793e-14,0.12061863,0.0,0.026934389,0.0,0.025256576,8.5169034e-07,0.020456927,0.0,0.018081078,0.0,0.01096676,0.0,0.008095698,2.9720034e-08,0.060850553
2.9590545e-05,1.1355997e-06,2.2830695e-06,8.620173e-06,0.0,0.0067972327,1.27736195e-08,0.03160312,2.0885312e-07,0.00015898157,5.780052e-14,0.09731027,0.0,0.16900276,0.0,0.026926966,1.2291309e-06,0.48155043,0.0,0.16674782,0.0,0.022381343,0.0,0.01585966,1.968664e-08,0.020925716
2.6436992e-05,1.1577295e-06,1.5304127e-05,1.663813e-05,0.0,0.0072618057,1.3080883e-08,0.03301411,1.5985962e-07,0.00027721364,2.9502415e-14,0.06935878,0.0,0.15693547,0.0,0.028384801,1.499461e-06,0.23737663,0.0,0.11601943,0.0,0.014439704,0.0,0.010935815,1.950016e-08,0.13159758
2.3642757e-05,1.1281587e-06,2.0319994e-05,6.118182e-05,0.0,0.00811795,9.815313e-09,0.07470784,1.3062171e-07,0.00050752825,9.327384e-15,0.036803085,0.0,0.13237906,0.0,0.030592998,4.3075258e-07,0.15857916,0.0,0.07221381,0.0,0.036696635,0.0,0.026575586,8.366502e-09,0.05700227
2.1284926e-05,9.3032855e-07,2.2569406e-05,0.0003032834,0.0,0.008511325,8.542744e-09,0.13646795,1.3378362e-07,0.002367733,3.5194443e-15,0.24801132,0.0,0.12571946,0.0,0.03191664,3.5267556e-07,0.10550864,0.0,0.039205175,0.0,0.024585279,0.0,0.018522343,7.843361e-09,0.09291025
1.7211896e-05,8.6719984e-07,4.8534253e-05,0.001461791,0.0,0.009452197,5.8967093e-09,0.11430618,1.0387214e-07,0.030139716,9.647441e-16,0.24034429,0.0,0.08068308,0.0,0.034057725,3.747914e-07,0.064510174,0.0,0.028819045,0.0,0.016830482,0.0,0.01273919,9.456839e-09,0.1805036
1.2928695e-05,8.1916346e-07,7.6168624e-05,0.022203257,0.0,0.010118531,3.33303e-09,0.14282943,9.6013714e-08,0.018396093,9.565932e-17,0.17785807,0.0,0.043662112,0.0,0.035551794,4.0699666e-07,0.054851398,0.0,0.030096954,0.0,0.03605555,0.0,0.026073018,4.70385e-09,0.101642706
1.0659035e-05,6.4933687e-07,6.99346e-05,0.05332773,0.0,0.0114770075,3.734074e-09,0.13495658,1.12069564e-07,0.053147092,6.606512000000001e-17,0.18546207,0.0,0.21226527,0.0,0.03836965,3.6131243e-07,0.05992882,0.0,0.044419475,0.0,0.0256709,0.0,0.019716196,4.709353e-09,0.06434053
9.906699e-06,4.8746153e-07,3.8948063e-05,0.013444598,0.0,0.011399923,2.6365e-09,0.057959054,8.4045446e-08,0.01173204,3.9581922e-17,0.14435385,0.0,0.16477601,0.0,0.039169744,2.2839531e-07,0.042623717,0.0,0.031309675,0.0,0.019008104,0.0,0.0145941265,5.7803415e-09,0.015172479
9.676905e-06,5.672345e-07,2.6438716e-05,0.04213052,0.0,0.01204783,1.975852e-09,0.03339383,6.396224e-08,0.043303017,8.907144499999998e-18,0.11898094,0.0,0.5180036,0.0,0.04055301,1.7066478e-07,0.33702073,0.0,0.039096996,0.0,0.048584837,0.0,0.035765205,7.1044752e-09,0.2731701
8.792666e-06,3.407352e-07,3.8128368e-05,0.013279151,0.0,0.012136568,2.106888e-09,0.01230337,6.3436175e-08,0.016206563,1.4308436e-17,0.15236564,0.0,0.42311803,0.0,0.041398346,1.2405299e-07,0.42911142,0.0,0.034157827,0.0,0.036404204,0.0,0.028275993,3.0966596e-09,0.2212332
7.6074834e-06,3.743015e-07,6.552738e-05,0.06658541,0.0,0.0139927305,2.5071216e-09,0.15824944,4.9862734e-08,0.03096338,1.17961655e-17,0.16748263,0.0,0.3078496,0.0,0.045010284,1.3051528e-07,0.41524303,0.0,0.03720561,0.0,0.026840018,0.0,0.021112503,2.1256197e-09,0.15271704
6.3952402e-06,3.125035e-07,8.955092e-05,0.018864807,0.0,0.014335627,1.6026847e-09,0.13921474,3.5484817e-08,0.02509434,1.1073595e-18,0.12556975,0.0,0.19676013,0.0,0.04628035,1.1964183e-07,0.36570668,0.0,0.03660483,0.0,0.023607947,0.0,0.018244727,2.3752083e-09,0.07073315
5.7050074e-06,3.3546615e-07,6.919981e-05,0.03724619,0.0,0.014126218,1.6960966e-09,0.20231651,2.8385994e-08,0.05798611,1.1888935e-19,0.16901922,0.0,0.12329205,0.0,0.046701375,9.951979e-08,0.29964858,0.0,0.040216085,0.0,0.045152918,0.0,0.033146847,2.5395859e-09,0.03239793
5.1812085e-06,1.4689176e-07,6.271653e-05,0.009117588,0.0,0.015210537,6.8968137e-10,0.15385592,4.016829e-08,0.07722045,7.131022e-21,0.13223632,0.0,0.14081007,0.0,0.048907213,6.938074e-08,0.22271468,0.0,0.036552392,0.0,0.034471106,0.0,0.026689308,3.175024e-09,0.17911285
4.711111e-06,1.3233227e-07,8.021917e-05,0.06311868,0.0,0.018209696,9.40925e-10,0.14674674,2.8464306e-08,0.043381594,1.2531899e-21,0.090495795,0.0,0.10509477,0.0,0.053942166,4.9971835e-08,0.15072508,0.0,0.059142273,0.0,0.029519046,0.0,0.023501325,1.6638588e-09,0.27274188
4.1783155e-06,9.4480136e-08,0.00010566525,0.024498641,0.0,0.018426025,7.144432e-10,0.18604337,2.0348672e-08,0.038154583,1.05773316e-22,0.13620973,0.0,0.11044284,0.0,0.055473447,3.296941e-08,0.17260715,0.0,0.0435117,0.0,0.051043812,0.0,0.039382167,1.2742667e-09,0.23174259
4.174926e-06,8.180821e-08,0.00010537514,0.07536259,0.0,0.018649869,6.7412065e-10,0.18355182,2.3842434e-08,0.021329192,1.2588674e-23,0.117443696,0.0,0.068902954,0.0,0.056904845,2.3410008e-08,0.23094323,0.0,0.045657817,0.0,0.040360007,0.0,0.032226596,1.326309e-09,0.16271143
3.838273e-06,5.4480704e-08,9.420494e-05,0.028498324,0.0,0.019427033,5.337102e-10,0.19999708,2.3770028e-08,0.083969355,1.1686279e-24,0.048503317,0.0,0.019612232,0.0,0.058671918,1.4458881e-08,0.26761016,0.0,0.04360309,0.0,0.030610949,0.0,0.024104524,1.6628366e-09,0.10279317
3.4456905e-06,1.5150002e-07,0.0001171739,0.025582004,0.0,0.020231077,5.006562e-10,0.17596604,1.523218e-08,0.034995157,2.2950007e-25,0.23373824,0.0,0.8338603,0.0,0.060728107,1.1687914e-08,0.26178595,0.0,0.051680647,0.0,0.061612543,0.0,0.047194533,2.08823e-09,0.26772547
3.2970333e-06,4.004437e-08,8.322184e-05,0.019066246,0.0,0.020999802,2.419644e-10,0.14691152,1.6062778e-08,0.007388135,2.9086947e-26,0.26756778,0.0,0.4879857,0.0,0.06272877,6.1654855e-09,0.22523046,0.0,0.046306416,0.0,0.05085197,0.0,0.04042083,1.133627e-09,0.18497801
3.284637e-06,3.601832e-08,7.434967e-05,0.048200186,0.0,0.020829933,1.7397547e-10,0.09428714,2.1441627e-08,0.0625931,1.6963256000000003e-27,0.2240367,0.0,0.29464245,0.0,0.06342885,3.324567e-09,0.16435555,0.0,0.05238619,0.0,0.03874924,0.0,0.030692128,8.2351226e-10,0.11439784
3.116133e-06,2.78856e-08,7.913868e-05,0.035764363,0.0,0.02074864,2.8783276e-10,0.04292454,2.1924835e-08,0.04048744,1.023027e-27,0.23713833,0.0,0.21805462,0.0,0.06438226,3.0287781e-09,0.08665383,0.0,0.04901682,0.0,0.034374204,0.0,0.027131869,7.1887796e-10,0.24410407
2.934059e-06,2.3039922e-08,8.453585e-05,0.025141284,0.0,0.020665163,3.1107006e-10,0.060419008,2.0218627e-08,0.02486267,2.9206723e-28,0.1909121,0.0,0.1466485,0.0,0.0649,3.385693e-09,0.14895512,0.0,0.052513406,0.0,0.06582903,0.0,0.04997727,7.7643214e-10,0.18009278
2.616953e-06,2.001017e-08,0.00014520712,0.051172033,0.0,0.022695351,1.7607661e-10,0.027735952,1.7926201e-08,0.06858494,1.4701841e-28,0.11785936,0.0,0.059641305,0.0,0.06805436,3.794955e-09,0.21690089,0.0,0.053102348,0.0,0.058359075,0.0,0.046990722,1.0902907e-09,0.15513833
2.5270806e-06,1.524913e-08,0.00010234785,0.0069883,0.0,0.024702067,2.0057664e-10,0.16767901,2.1181627e-08,0.050374597,1.17845e-28,0.28012618,0.0,0.08453242,0.0,0.07160376,2.4147102e-09,0.25131896,0.0,0.05601777,0.0,0.048228655,0.0,0.03906076,1.1655806e-09,0.10872876
2.288698e-06,1.4050439e-08,0.00018596428,0.05962475,0.0,0.025419993,1.2130573e-10,0.22246778,1.4505053e-08,0.014758748,1.0201095e-29,0.25810078,0.0,0.17239936,0.0,0.073455624,1.0097647e-09,0.24030796,0.0,0.055260513,0.0,0.04009303,0.0,0.032033328,1.309502e-09,0.23591274
1.8738035e-06,1.0365486e-08,0.00045651017,0.037165433,0.0,0.025444442,8.018063e-11,0.2902226,1.72303e-08,0.09800053,1.5626597999999998e-37,0.16363409,0.0,0.1142223,0.0,0.074493155,5.435894e-10,0.19947554,0.0,0.0575627,0.0,0.05661109,0.0,0.043833498,4.819434e-10,0.15673216
1.847596e-06,8.533615e-09,0.0003359163,0.026620178,0.0,0.026055593,7.196021e-11,0.25416735,1.3637682e-08,0.044917237,9.0392365e-32,0.12905662,0.0,0.082774386,0.0,0.07608997,1.9545313e-08,0.12618737,0.0,0.058935694,0.0,0.04702812,0.0,0.037709806,4.056957e-10,0.08585384
1.8428349e-06,7.433622e-09,0.0003349938,0.033139214,0.0,0.026059533,6.8336385e-11,0.19824132,1.22804495e-08,0.025696417,5.6831038e-31,0.088938475,0.0,0.033611678,0.0,0.07758503,1.6602009e-08,0.057354078,0.0,0.060350213,0.0,0.042450257,0.0,0.033279393,3.2856082e-10,0.080931306
1.8048975e-06,5.318268e-08,0.0083804745,0.011218848,0.0,0.026939096,6.1319956e-11,0.117417134,7.547264e-09,0.046262812,2.5349632e-31,0.060749408,0.0,0.08668459,0.0,0.07981807,1.7974841e-08,0.027353114,0.0,0.061157532,0.0,0.07166985,0.0,0.054820374,4.2705411e-10,0.027059156
1.4390533e-06,2.2270022e-08,0.01842045,0.03409077,0.0,0.026723247,2.7788532e-11,0.16349468,6.2395555e-09,0.02443559,5.126157000000001e-33,0.36554503,0.0,0.12254477,0.0,0.08042463,1.808334e-08,0.12899847,0.0,0.060398616,0.0,0.061771218,0.0,0.04883556,5.488801e-10,0.13324113
1.0748599e-06,6.343899e-08,0.0060068527,0.02147632,0.0,0.024952287,2.7240873e-11,0.16046995,3.912031e-09,0.061079696,2.7564330000000002e-33,0.33295667,0.0,0.08914026,0.0,0.079175115,1.4294675e-08,0.0681138,0.0,0.0586519,0.0,0.047182545,0.0,0.03692226,2.515959e-10,0.14751224
1.0056972e-06,1.3326556e-08,0.0030810162,0.027102584,0.0,0.024093984,2.8852705e-11,0.12599626,3.0576583e-09,0.023253733,1.0895193e-33,0.24855338,0.0,0.035964638,0.0,0.0788528,1.2162714e-08,0.053058013,0.0,0.058985777,0.0,0.039476942,0.0,0.030309102,2.6099292e-10,0.06940956
9.136934e-07,3.6455554e-09,0.010516772,0.034210656,0.0,0.025565134,2.5746096e-11,0.1550793,2.9999048e-09,0.07835025,1.2947958e-34,0.22220303,0.0,0.13963751,0.0,0.08094646,9.389332e-09,0.08774239,0.0,0.061042883,0.0,0.060918197,0.0,0.046239257,3.2444405e-10,0.010433505
7.9069775e-07,8.511334e-09,0.0026616212,0.012631922,0.0,0.028141124,1.6309357e-11,0.10585183,2.3047377e-09,0.019939529,2.792252e-35,0.18943205,0.0,0.5243157,0.0,0.084146656,1.20567885e-08,0.10844691,0.0,0.060977586,0.0,0.050810713,0.0,0.039512932,4.166769e-10,0.21987821
6.9751815e-07,4.6525376e-08,0.027081903,0.052825768,0.0,0.028824938,1.5869939e-11,0.106341556,1.439412e-09,0.06236687,8.13649e-36,0.1365946,0.0,0.29261997,0.0,0.08575898,4.0344137e-09,0.07717207,0.0,0.06306031,0.0,0.044127,0.0,0.034230854,1.781828e-10,0.14304912
5.665185e-07,3.4859927e-08,0.027007528,0.0135274315,0.0,0.029509902,6.9157857e-12,0.06562306,1.152219e-09,0.014980787,2.463155e-36,0.095968686,0.0,0.18752284,0.0,0.087135874,1.8495616e-09,0.04114936,0.0,0.06395582,0.0,0.060582098,0.0,0.046147704,1.627544e-10,0.06853974
4.6587743e-07,3.3923893e-08,0.0058831824,0.04073784,0.0,0.028217334,6.667764e-12,0.060445953,8.51093e-10,0.06166982,1.304463e-36,0.04671369,0.0,0.09779654,0.0,0.08661896,1.1635172e-09,0.12879635,0.0,0.065098286,0.0,0.04964438,0.0,0.039148264,1.9198808e-10,0.12956066
4.190336e-07,1.4306544e-09,0.001347242,0.007592254,0.0,0.028820634,5.7045427e-12,0.057463028,1.0937029e-09,0.04371221,1.3200504e-36,0.33119518,0.0,0.076494515,0.0,0.08792648,1.184327e-09,0.14482164,0.0,0.06495244,0.0,0.045486372,0.0,0.035344277,2.7101446e-10,0.13398647
4.1471966e-07,3.6595495e-08,0.0013435421,0.01611397,0.0,0.02762286,5.8033574e-12,0.050745025,7.749471e-10,0.017714635,8.103397e-37,0.31525663,0.0,0.12682965,0.0,0.08721123,1.0557439e-09,0.12776412,0.0,0.06308504,0.0,0.06489521,0.0,0.04804021,2.3172421e-10,0.0644008
4.0947455e-07,1.4076136e-08,0.0011989551,0.028771544,0.0,0.026535772,3.758725e-12,0.0134959165,7.6059364e-10,0.041188043,8.396872e-37,0.25020084,0.0,0.121913746,0.0,0.086434804,2.794432e-09,0.07890108,0.0,0.06521207,0.0,0.054951362,0.0,0.043028712,2.5945676e-10,0.18342057
3.9908414e-07,1.0228342e-09,0.007683364,0.02590143,0.0,0.027251745,2.7347159e-12,0.12887092,5.0773896e-09,0.0284261,4.0801e-37,0.17688197,0.0,0.085787684,0.0,0.0875329,5.2848885e-09,0.03851065,0.0,0.06567053,0.0,0.045661047,0.0,0.035397656,1.02542946e-10,0.12117827
3.7621305e-07,8.872352e-10,0.0076622632,0.039972465,0.0,0.02856565,2.138084e-12,0.1313756,3.0343248e-09,0.07921745,2.8359588e-37,0.11776653,0.0,0.27116063,0.0,0.08946258,8.956973e-09,0.027127044,0.0,0.066183485,0.0,0.05302301,0.0,0.03975323,7.853136e-11,0.14041336
3.4912472e-07,7.2044976e-10,0.002884357,0.00821553,0.0,0.028856961,1.9668629e-12,0.14081006,2.9310678e-09,0.053401764,2.4226598e-37,0.0828652,0.0,0.17188603,0.0,0.090293445,1.286475e-08,0.2648866,0.0,0.06589354,0.0,0.04497898,0.0,0.034370434,7.725357e-11,0.06936882
3.414749e-07,6.674879e-10,0.0028764356,0.012114597,0.0,0.027786577,1.4800183e-12,0.09090668,4.569072e-09,0.03411725,1.4355534e-37,0.03803128,0.0,0.094357446,0.0,0.09005545,8.843352e-09,0.14843874,0.0,0.06544285,0.0,0.05902807,0.0,0.043765713,1.00753746e-10,0.018555868
2.9900232e-07,1.2973335e-08,0.021646256,0.036132213,0.0,0.026591646,1.3964552e-12,0.094063446,3.135607e-09,0.018185146,8.3631157e-38,0.0271647,0.0,0.11846138,0.0,0.089425735,7.3314914e-09,0.33205053,0.0,0.066112995,0.0,0.048454963,0.0,0.037103824,1.2975855e-10,0.12681453
2.5150504e-07,1.7946485e-08,0.0072114947,0.020247318,0.0,0.026765289,1.14895e-12,0.036214814,2.0900788e-09,0.05567667,5.716317e-38,0.048016373,0.0,0.12664285,0.0,0.090023115,4.6374766e-09,0.40291217,0.0,0.06677346,0.0,0.045284703,0.0,0.03437369,8.6858e-11,0.077868246
2.2178145e-07,4.4258558e-10,0.0026920747,0.036007725,0.0,0.026221476,8.5648936e-13,0.041427776,4.6233297e-09,0.045300815,2.2432796000000003e-38,0.025543507,0.0,0.09993386,0.0,0.08958711,3.6796073e-09,0.36704054,0.0,0.063543804,0.0,0.060821038,0.0,0.04369632,7.6983565e-11,0.023675358
2.1688668e-07,3.7409337e-10,0.0033836514,0.008423847,0.0,0.025403494,6.569004e-13,0.014553329,4.2037946e-09,0.025106834,1.1498687e-38,0.021740444,0.0,0.1372151,0.0,0.08891061,1.0192446e-09,0.3046236,0.0,0.065965205,0.0,0.050201915,0.0,0.03823529,9.4465644e-11,0.12295424
2.0977551e-07,1.5840719e-08,0.0032219768,0.016015906,0.0,0.02620297,6.8303094e-13,0.09678564,2.5929556e-09,0.022531236,7.103773e-39,0.075364895,0.0,0.08187785,0.0,0.08997774,5.690075e-10,0.22351053,0.0,0.064427085,0.0,0.043060914,0.0,0.03210217,9.068877e-11,0.057497054
2.0464763e-07,1.9946436e-09,0.0032131283,0.059948925,0.0,0.02527253,2.928675e-13,0.089472294,2.3192765e-09,0.033105407,2.594312e-39,0.056306634,0.0,0.05890159,0.0,0.089311875,5.6621596e-10,0.14318264,0.0,0.06505299,0.0,0.06443083,0.0,0.046485562,1.1019605e-10,0.13028035
1.9513894e-07,1.07708376e-08,0.0024225179,0.019718856,0.0,0.025741136,2.6919103e-13,0.12523776,1.5688651e-09,0.030986402,1.169287e-39,0.03135653,0.0,0.031057235,0.0,0.09002267,5.058953e-10,0.071400024,0.0,0.068281494,0.0,0.055380058,0.0,0.04222429,4.6774837e-11,0.106377214
1.9032726e-07,1.5121657e-08,0.0016850833,0.026063237,0.0,0.026735205,2.3676647e-13,0.15216118,1.1346907e-09,0.018023193,2.81979e-40,0.2919492,0.0,0.11510587,0.0,0.09149448,4.0922174e-10,0.028839497,0.0,0.06901284,0.0,0.048389688,0.0,0.03691125,4.595249e-11,0.037403528
1.865109e-07,7.837647e-09,0.0015226367,0.009862266,0.0,0.025930997,1.8004168e-13,0.22600484,8.708918e-10,0.051230226,2.8554e-41,0.29743436,0.0,0.37232193,0.0,0.09107075,6.3774747e-10,0.13550808,0.0,0.06773775,0.0,0.056212608,0.0,0.041406535,5.2504546e-11,0.062662154
1.8434227e-07,1.4270221e-08,0.0015184551,0.013084592,0.0,0.025364224,1.186564e-13,0.1989845,1.6359354e-09,0.016310994,8.231000000000001e-42,0.23613635,0.0,0.23476306,0.0,0.09054099,6.071547e-10,0.18800278,0.0,0.06704728,0.0,0.04703473,0.0,0.034826647,6.107491e-11,0.088200815
1.79339e-07,1.5150593e-10,0.00089192414,0.046861704,0.0,0.02753134,1.1694754e-13,0.16159959,1.6471386e-09,0.049852636,6.655e-42,0.20165174,0.0,0.20593862,0.0,0.093210235,9.148264e-10,0.17690487,0.0,0.06959223,0.0,0.057852134,0.0,0.042078555,4.869216e-11,0.026717274
1.7714234e-07,1.1933436e-10,0.0010158991,0.018775221,0.0,0.027172511,1.5867402e-13,0.110499874,1.3647729e-09,0.035531785,5.0290000000000004e-42,0.1504592,0.0,0.16696031,0.0,0.09360628,8.0625295e-10,0.12916583,0.0,0.06868628,0.0,0.046752162,0.0,0.03508572,5.3100066e-11,0.105628334
1.7576544e-07,1.080664e-10,0.0010131091,0.037767276,0.0,0.02641786,1.0666156e-13,0.1969519,9.673798e-10,0.018500738,1.768e-42,0.09072744,0.0,0.12712292,0.0,0.09298108,5.873584e-10,0.068389446,0.0,0.06753561,0.0,0.048921224,0.0,0.0356999,5.7146753e-11,0.15348181
1.739507e-07,2.6182811e-09,0.00086829765,0.009021874,0.0,0.025587142,4.952414e-14,0.20347486,7.241148e-10,0.058750506,6.0100000000000006e-43,0.06352101,0.0,0.17919098,0.0,0.092289515,5.898577e-10,0.0251535,0.0,0.06628549,0.0,0.043128215,0.0,0.031331524,3.684663e-11,0.07463486
1.6885174e-07,6.4724764e-10,0.00046643018,0.023213668,0.0,0.025698295,6.886374e-14,0.14761174,4.8237325e-10,0.029723711,3.78e-43,0.03284032,0.0,0.11534697,0.0,0.092260554,6.3755956e-10,0.30074626,0.0,0.06669371,0.0,0.05972712,0.0,0.042467654,4.299047e-11,0.015495062
1.677592e-07,7.335282e-11,0.00042305604,0.045412995,0.0,0.02633813,5.859859e-14,0.17963053,1.2595816e-09,0.022356076,1.23e-43,0.033984557,0.0,0.06536611,0.0,0.09327465,3.9785972e-10,0.33617648,0.0,0.06679634,0.0,0.049001787,0.0,0.036503986,5.241151e-11,0.17544796
1.5651975e-07,5.8006277e-11,0.010362337,0.022877283,0.0,0.0267951,5.6385977e-14,0.12814732,9.647471e-10,0.06529293,1.12e-43,0.07100482,0.0,0.52333987,0.0,0.094258,1.6869756e-10,0.29242283,0.0,0.06893479,0.0,0.04646932,0.0,0.034866538,2.9404403e-11,0.099572204
1.4493651e-07,5.142953e-11,0.008889125,0.04410533,0.0,0.027378827,4.4772213e-14,0.12046226,7.079886e-10,0.026069745,1.8000000000000002e-44,0.057280548,0.0,0.3043226,0.0,0.0950085,7.736403e-11,0.20799173,0.0,0.0694921,0.0,0.062140264,0.0,0.045883212,3.032598e-11,0.024635063
1.3537077e-07,2.8685474e-09,0.008864713,0.008136926,0.0,0.025346259,4.8953415e-14,0.043676343,7.706715e-10,0.01895025,4e-44,0.037029337,0.0,0.19291672,0.0,0.09285928,6.263999e-11,0.120827705,0.0,0.06672019,0.0,0.048259754,0.0,0.035885915,3.83988e-11,0.10426061
1.2514698e-07,3.8589e-11,0.0044812765,0.025673566,0.0,0.026042914,4.3389486e-14,0.053737912,5.9358e-10,0.08816682,3e-44,0.3502745,0.0,0.23272538,0.0,0.09358349,8.9446145e-10,0.15348172,0.0,0.06670605,0.0,0.043502312,0.0,0.031640444,3.885887e-11,0.044629216
1.2067115e-07,5.092152e-10,0.0034574878,0.031724975,0.0,0.025368037,3.864632e-14,0.01621923,4.4764664e-10,0.04775682,2.5e-44,0.34011653,0.0,0.16687356,0.0,0.093332976,1.2353478e-09,0.1216539,0.0,0.06567993,0.0,0.051586058,0.0,0.03638156,4.509385e-11,0.10846829
1.1750863e-07,2.996849e-11,0.0034479927,0.0117906695,0.0,0.023996757,3.1777603e-14,0.0479877,8.159469e-10,0.010412514,2e-44,0.2683997,0.0,0.11304276,0.0,0.09216972,7.619907e-10,0.07400346,0.0,0.06453878,0.0,0.042322848,0.0,0.030380238,2.1245533e-11,0.12108116
1.1429907e-07,2.8065267e-11,0.003216414,0.015232829,0.0,0.023457607,2.1026846e-14,0.019859822,9.420488e-10,0.02583269,4.000000000000001e-45,0.23939921,0.0,0.069164336,0.0,0.090362,5.0469684e-10,0.17035918,0.0,0.062440798,0.0,0.04385643,0.0,0.03070862,2.0798346e-11,0.042065307
1.11509834e-07,2.610304e-11,0.0032075811,0.031205947,0.0,0.023368392,2.2963544e-14,0.018654624,1.3562615e-09,0.010964347,7e-45,0.1899797,0.0,0.50017464,0.0,0.08971865,4.542215e-10,0.1910315,0.0,0.063545346,0.0,0.04036129,0.0,0.029081423,2.6739805e-11,0.01883333
1.0879605e-07,8.594398e-10,0.0031987722,0.010698553,0.0,0.02531935,1.3020223e-14,0.06075714,1.4688321e-09,0.018054223,0.0,0.15108448,0.0,0.32345125,0.0,0.091955826,3.0665098e-10,0.19970424,0.0,0.06515027,0.0,0.057284515,0.0,0.04113353,3.008781e-11,0.06829654
1.06012195e-07,7.005288e-09,0.0027355948,0.00738276,0.0,0.025943749,1.2910787e-14,0.04432115,2.2484334e-09,0.040226836,1e-45,0.11941322,0.0,0.25896466,0.0,0.09251238,2.077211e-10,0.18750627,0.0,0.064959995,0.0,0.046691187,0.0,0.034562632,2.894047e-11,0.015557472
1.02423996e-07,2.4284552e-09,0.0019985677,0.014267005,0.0,0.023347508,1.7508657e-14,0.038818195,1.2979934e-09,0.017981544,6e-45,0.06658968,0.0,0.16707467,0.0,0.08942913,1.6845175e-10,0.15340021,0.0,0.06286709,0.0,0.038392276,0.0,0.027272232,3.0994263e-11,0.07541324
9.82689e-08,1.8295913e-11,0.0016728619,0.049582798,0.0,0.023045769,1.5071305e-14,0.06328871,1.2893699e-09,0.049594328,3e-45,0.02553613,0.0,0.101251744,0.0,0.0884263,1.7374992e-10,0.11582384,0.0,0.061484862,0.0,0.047574416,0.0,0.03254507,2.5868144e-11,0.022161042
9.4438086e-08,1.4344915e-11,0.0022414844,0.0097097065,0.0,0.022949152,1.16280175e-14,0.03655296,1.0469546e-09,0.014413912,3e-45,0.27727914,0.0,0.11416791,0.0,0.08803122,1.4165076e-10,0.07957001,0.0,0.06037973,0.0,0.03906628,0.0,0.028233351,2.7502221e-11,0.1281672
9.265022e-08,1.344688e-11,0.0019110782,0.013721306,0.0,0.022289092,1.1827441e-14,0.043877196,9.633095e-10,0.026594974,1e-45,0.2880643,0.0,0.060158737,0.0,0.08671,1.0843528e-10,0.026188014,0.0,0.059761535,0.0,0.04039134,0.0,0.028094536,1.3138187e-11,0.06690289
9.1300116e-08,1.2537991e-11,0.00190583,0.03703354,0.0,0.020945195,7.9524535e-15,0.009422202,8.395166e-10,0.015716525,1e-45,0.24812588,0.0,0.41202742,0.0,0.08449346,4.2174622e-10,0.31937385,0.0,0.05971708,0.0,0.035924695,0.0,0.025232347,1.2048406e-11,0.03707145
8.934333e-08,1.0648357e-11,0.0013013371,0.010187586,0.0,0.022060389,5.3952467e-15,0.08503712,8.19227e-10,0.027703809,0.0,0.25471926,0.0,0.32564306,0.0,0.08533102,3.088356e-10,0.3191508,0.0,0.05933972,0.0,0.0507921,0.0,0.03476426,1.5556029e-11,0.016508078
8.845473e-08,1.0135438e-11,0.0012977634,0.011091843,0.0,0.02287404,7.384819e-15,0.041756563,5.8340566e-10,0.020330658,1e-45,0.19210553,0.0,0.21207614,0.0,0.08625684,2.4282856e-10,0.30782506,0.0,0.057669,0.0,0.038685184,0.0,0.027775524,1.8311156e-11,0.08171874
8.5665434e-08,9.801982e-12,0.00061673345,0.02882872,0.0,0.021043036,6.3796595e-15,0.02286555,5.3385524e-10,0.027776113,0.0,0.13233034,0.0,0.13467656,0.0,0.083325446,1.3250107e-10,0.275251,0.0,0.058268014,0.0,0.034779027,0.0,0.024512606,1.4968828e-11,0.017239302
8.526058e-08,9.003591e-12,0.0006150398,0.018136105,0.0,0.020468684,6.8060427e-15,0.033708,2.920548e-10,0.008459502,0.0,0.11139392,0.0,0.14249663,0.0,0.082171336,2.947238e-10,0.22450265,0.0,0.057019565,0.0,0.049814023,0.0,0.034344412,1.7865251e-11,0.127346
8.217442e-08,2.5644702e-09,0.0002619618,0.016863246,0.0,0.01857356,7.674653e-15,0.0671172,2.40904e-10,0.021310974,0.0,0.07425733,0.0,0.10189369,0.0,0.07932746,8.0195645e-10,0.15925813,0.0,0.056596983,0.0,0.03715748,0.0,0.02649927,1.1450661e-11,0.05059279
8.1511665e-08,3.0217517e-09,0.00020075392,0.023268988,0.0,0.018700417,4.336207e-15,0.022113511,2.8751465e-10,0.021553406,0.0,0.02737717,0.0,0.08458811,0.0,0.07848918,1.2018245e-09,0.12867798,0.0,0.05681224,0.0,0.035120368,0.0,0.024835102,1.1813677e-11,0.009635637
8.113736e-08,1.5573771e-09,0.00017197321,0.007561151,0.0,0.018283017,3.734573e-15,0.033949945,3.023373e-10,0.013098876,0.0,0.05665607,0.0,0.058892556,0.0,0.077129915,1.0170815e-09,0.101821296,0.0,0.054445352,0.0,0.04389155,0.0,0.029733753,1.45228135e-11,0.072352506
8.103025e-08,7.2550564e-12,0.00017150093,0.010173305,0.0,0.019277995,1.8824886e-15,0.029171003,5.8008665e-10,0.023173725,0.0,0.036073387,0.0,0.027668146,0.0,0.078253075,7.585945e-10,0.07428488,0.0,0.05465479,0.0,0.033279546,0.0,0.023460984,1.26902525e-11,0.022342628
8.067494e-08,1.0521847e-09,0.00014676954,0.01317311,0.0,0.018212117,2.5154598e-15,0.037362557,4.106318e-10,0.008296266,0.0,0.03347969,0.0,0.27069542,0.0,0.07635762,6.7113437e-10,0.046411987,0.0,0.055002194,0.0,0.041014455,0.0,0.02852631,1.4550338e-11,0.097264364
8.0335305e-08,1.636018e-09,0.0001257419,0.02219021,0.0,0.01877352,1.9349273e-15,0.03873041,2.5953734e-10,0.022009147,0.0,0.31453276,0.0,0.24960102,0.0,0.07624314,6.9884565e-10,0.13222706,0.0,0.055833794,0.0,0.032716397,0.0,0.023194797,1.0558195e-11,0.022708846
8.025775e-08,6.2940386e-12,0.00012539659,0.0076482315,0.0,0.017296564,1.6235077e-15,0.012340648,4.5147044e-10,0.006687265,0.0,0.34309396,0.0,0.17422165,0.0,0.07392997,3.8980516e-10,0.091201,0.0,0.049997523,0.0,0.039232597,0.0,0.026081042,1.1683541e-11,0.055127654
7.749724e-08,6.1126534e-12,5.4817763e-05,0.0053423033,0.0,0.017207807,1.727001e-15,0.065447606,4.560649e-10,0.013716507,0.0,0.2762548,0.0,0.09177058,0.0,0.07302688,4.672295e-10,0.058210462,0.0,0.0578447,0.0,0.028832486,0.0,0.019976104,1.263087e-11,0.043315217
7.746461e-08,8.1474905e-10,5.4667216e-05,0.008959244,0.0,0.016816648,2.7723532e-15,0.083088644,2.913488e-10,0.020436067,0.0,0.24548508,0.0,0.07144732,0.0,0.072117686,3.7281578e-10,0.09405309,0.0,0.049766287,0.0,0.04226568,0.0,0.029059371,1.1917337e-11,0.05950056
7.670996e-08,5.832827e-12,3.9695962e-05,0.023058424,0.0,0.018233823,1.3242212e-15,0.034852877,3.255259e-10,0.023977077,0.0,0.20359221,0.0,0.049430814,0.0,0.07351153,3.3435552e-10,0.14020969,0.0,0.05835593,0.0,0.033117656,0.0,0.023762217,1.3150301e-11,0.09735902
7.6686575e-08,5.403974e-12,3.9586947e-05,0.03319856,0.0,0.019993436,6.588492e-16,0.023160422,4.802139e-10,0.020300783,0.0,0.13989438,0.0,0.06476964,0.0,0.075779684,2.902326e-10,0.19153994,0.0,0.053401418,0.0,0.0393433,0.0,0.028090736,7.778007e-12,0.039910734
7.666326e-08,4.7834644e-12,3.9478233e-05,0.01079289,0.0,0.018954027,7.996406e-16,0.08380519,3.8586362e-10,0.03671506,0.0,0.11416341,0.0,0.12905528,0.0,0.07486807,2.244664e-10,0.24467549,0.0,0.055042528,0.0,0.032215726,0.0,0.02317838,7.710376e-12,0.0473915
7.568199e-08,9.492556e-10,2.8225317e-05,0.018085742,0.0,0.01769659,8.700217e-16,0.05340672,2.4959934e-10,0.018506654,0.0,0.08183157,0.0,0.096128955,0.0,0.07199093,1.2573581e-10,0.26097986,0.0,0.0502062,0.0,0.04310513,0.0,0.02991487,8.930285e-12,0.06084333
6.775735e-08,1.5775041e-10,4.0224782e-05,0.01670789,0.0,0.01810236,6.464524e-16,0.009227053,3.1174652e-10,0.02523637,0.0,0.034251563,0.0,0.08942304,0.0,0.07196797,2.492418e-10,0.24831726,0.0,0.059057213,0.0,0.032612097,0.0,0.023539724,7.439584e-12,0.046951655
6.0029734e-08,4.320705e-10,4.300537e-05,0.026891332,0.0,0.017369723,5.831696e-16,0.07437741,2.4734026e-10,0.0088603385,0.0,0.059134774,0.0,0.07648902,0.0,0.07045748,1.4585862e-10,0.21099025,0.0,0.049011074,0.0,0.033365503,0.0,0.023068536,8.4625215e-12,0.09005351
4.9359777e-08,6.2926675e-10,5.8342248e-05,0.013372589,0.0,0.016601896,5.266589300000002e-16,0.06283273,1.696898e-10,0.0100762965,0.0,0.037212156,0.0,0.04655761,0.0,0.06872707,1.278058e-10,0.14537938,0.0,0.054424495,0.0,0.027622726,0.0,0.019260919,4.984551e-12,0.058261827
4.2708844e-08,3.3923235e-12,4.8687838e-05,0.027277647,0.0,0.016742617,2.898101e-16,0.06167454,1.5159139e-10,0.042424534,0.0,0.011548378,0.0,0.05455209,0.0,0.06811654,1.2797598e-10,0.09234053,0.0,0.046473924,0.0,0.03895753,0.0,0.026681997,5.2619155e-12,0.017681884
4.1767585e-08,3.9890677e-10,2.956567e-05,0.015553574,0.0,0.01659065,2.5612778000000004e-16,0.057646412,1.2054883e-10,0.012992433,0.0,0.2783471,0.0,0.11750992,0.0,0.067597724,1.3526584e-10,0.078627914,0.0,0.060219306,0.0,0.029739244,0.0,0.0214015,6.3947697e-12,0.09633209
4.1365038e-08,2.8755058e-12,2.277853e-05,0.019930301,0.0,0.016992064,2.7161702e-16,0.040402785,2.0664004e-10,0.032482818,0.0,0.29544854,0.0,0.086762026,0.0,0.06753375,1.2277758e-10,0.067770034,0.0,0.045572482,0.0,0.034358807,0.0,0.023719527,4.543308e-12,0.025939088
4.13578e-08,2.7340242e-12,2.2715967e-05,0.03636087,0.0,0.015902095,5.865372300000002e-16,0.03099322,1.4223629e-10,0.016017042,0.0,0.22067551,0.0,0.049748536,0.0,0.065469354,9.164819e-11,0.048498437,0.0,0.053031843,0.0,0.02676669,0.0,0.01885155,5.030532e-12,0.031225022
4.1350585e-08,2.3998514e-12,2.2653578e-05,0.008173694,0.0,0.016813897,3.68658e-16,0.037990578,1.0984973e-10,0.04489904,0.0,0.24773698,0.0,0.3792539,0.0,0.066637196,6.284397e-11,0.029307347,0.0,0.04674823,0.0,0.04394874,0.0,0.031189494,6.0456466e-12,0.07562802
4.1212854e-08,6.1306814e-11,2.0058867e-05,0.011432875,0.0,0.015450138,7.127694e-16,0.033218343,9.8611494e-11,0.018677529,0.0,0.18829338,0.0,0.25501648,0.0,0.06465254,5.3109527e-11,0.056592535,0.0,0.052307677,0.0,0.030914595,0.0,0.021971855,3.8400047e-12,0.054021757
4.107634e-08,2.307906e-12,1.7691818e-05,0.02576026,0.0,0.013799179,4.511337e-16,0.035754062,1.00376665e-10,0.031300794,0.0,0.15062,0.0,0.19897245,0.0,0.061155666,4.2691205e-11,0.11252727,0.0,0.041897405,0.0,0.025154272,0.0,0.017277624,3.975748e-12,0.009753318
4.030315e-08,3.9876363e-10,1.2840836e-05,0.014445686,0.0,0.014348787,2.3731484e-16,0.041432258,6.594227e-11,0.005549397,0.0,0.14674132,0.0,0.20192428,0.0,0.061145578,3.4206426e-11,0.13670285,0.0,0.06721997,0.0,0.036957934,0.0,0.025149116,4.7588253e-12,0.07091203
3.870075e-08,2.319196e-11,1.2854402e-05,0.025199967,0.0,0.014994823,3.480912e-16,0.041498214,5.9572444e-11,0.015460477,0.0,0.11048821,0.0,0.12011971,0.0,0.062051445,2.159835e-11,0.12681381,0.0,0.045837574,0.0,0.027037494,0.0,0.01929406,4.076095e-12,0.020860408
3.7275857e-08,1.3451364e-10,1.3929104e-05,0.019733004,0.0,0.015545975,3.3679512e-16,0.026872957,5.0028374e-11,0.033435166,0.0,0.059336215,0.0,0.035809115,0.0,0.06266514,1.4113231e-11,0.08610552,0.0,0.04385725,0.0,0.03371777,0.0,0.023498835,4.6389923e-12,0.08813873
3.56847e-08,1.7871083e-12,1.5878211e-05,0.0330374,0.0,0.015341666,2.6367604e-16,0.051717877,9.166153e-11,0.032622006,0.0,0.07619282,0.0,0.19956294,0.0,0.062006865,1.0425777e-11,0.036445405,0.0,0.054973662,0.0,0.02697839,0.0,0.019187644,2.6603173e-12,0.0428865
3.5680348e-08,7.846598e-11,1.58346e-05,0.016908126,0.0,0.014540645,2.0584298e-16,0.010646853,6.3753246e-11,0.019865729,0.0,0.05649894,0.0,0.16613351,0.0,0.06057767,8.6866426e-12,0.1494927,0.0,0.04201622,0.0,0.035692472,0.0,0.024426105,2.8393809e-12,0.018926281
3.395034e-08,1.5035717e-12,1.8616929e-05,0.04071777,0.0,0.01622683,1.9744177e-16,0.07031705,6.452376e-11,0.040150434,0.0,0.03344769,0.0,0.11170682,0.0,0.06281659,7.715579e-12,0.1399838,0.0,0.06285274,0.0,0.027841255,0.0,0.020056436,3.318275e-12,0.053174935
3.3945483e-08,1.2728711e-12,1.8565794e-05,0.006924477,0.0,0.015304061,1.5507042000000002e-16,0.01924457,7.755517e-11,0.010541121,0.0,0.11890471,0.0,0.18563494,0.0,0.06134541,7.492007e-12,0.15482408,0.0,0.04485854,0.0,0.039154574,0.0,0.027421348,2.7787473e-12,0.03974462
3.3833402e-08,1.2329598e-12,1.6539987e-05,0.017101277,0.0,0.014054356,1.2243913e-16,0.06663146,9.618046e-11,0.030032858,0.0,0.12097488,0.0,0.13406022,0.0,0.05884727,4.930545e-12,0.13702229,0.0,0.043849055,0.0,0.027023192,0.0,0.019414159,2.9774373e-12,0.085647754
3.3829103e-08,1.1757698e-12,1.6494556e-05,0.029392263,0.0,0.014001584,1.023695e-16,0.022868903,8.635338e-11,0.04683584,0.0,0.08281357,0.0,0.09499613,0.0,0.058525555,3.6252052e-12,0.11540834,0.0,0.04292429,0.0,0.029869866,0.0,0.020951923,1.5968251e-12,0.09266936
3.3717903e-08,1.0639633e-12,1.4679264e-05,0.012787212,0.0,0.013441444,9.436221e-17,0.056897864,7.748737e-11,0.033567093,0.0,0.08066494,0.0,0.07191248,0.0,0.05723533,2.9694823e-12,0.091880016,0.0,0.043300718,0.0,0.02357003,0.0,0.01659788,1.6196691e-12,0.031269487
3.37141e-08,1.0367487e-12,1.4638945e-05,0.05706731,0.0,0.015297286,7.040206000000001e-17,0.016935492,5.585342e-11,0.026560826,0.0,0.076502465,0.0,0.4373407,0.0,0.06001991,2.8899632e-12,0.09051745,0.0,0.042499162,0.0,0.035099987,0.0,0.024375,1.9393961e-12,0.062398717
3.3218793e-08,8.177971e-13,1.2925037e-05,0.01615916,0.0,0.015829204,6.692683e-17,0.066877276,4.524786e-11,0.0131047955,0.0,0.046643455,0.0,0.28782025,0.0,0.06079219,2.4836526e-12,0.06418582,0.0,0.05249003,0.0,0.027486678,0.0,0.020018272,1.5090461e-12,0.061668124
3.1575407e-08,7.640654e-11,1.9022309e-05,0.030788705,0.0,0.015841072,5.4326407e-17,0.028548175,3.8074762e-11,0.04521042,0.0,0.09423275,0.0,0.21213299,0.0,0.061219614,1.4866081e-12,0.041343343,0.0,0.04320143,0.0,0.040593147,0.0,0.028584693,1.5757163e-12,0.033394586
2.8296814e-08,2.2168598e-10,3.2747954e-05,0.010027162,0.0,0.014903338,3.9656862e-17,0.08365166,6.290001e-11,0.020128822,0.0,0.078696124,0.0,0.12719715,0.0,0.05962892,9.829796e-13,0.031265974,0.0,0.05573154,0.0,0.027210396,0.0,0.01959272,1.5699488e-12,0.024237989
2.6241617e-08,6.31358e-13,2.7578279e-05,0.01947904,0.0,0.015256537,3.5368562e-17,0.034476742,4.5837563e-11,0.024084905,0.0,0.048583373,0.0,0.08272888,0.0,0.060130294,8.4307187e-13,0.088855684,0.0,0.043720234,0.0,0.028467508,0.0,0.02048988,1.7392595e-12,0.07793477
2.6236059e-08,1.725606e-10,2.7502525e-05,0.044859793,0.0,0.015160006,3.5635076e-17,0.13079712,4.7286314e-11,0.01570337,0.0,0.09267303,0.0,0.10977156,0.0,0.059707135,4.924278e-13,0.21315783,0.0,0.050092585,0.0,0.031014977,0.0,0.022183396,1.1162317e-12,0.09831312
2.5983542e-08,3.0432218e-10,2.1092035e-05,0.018804694,0.0,0.015095227,1.7447706e-17,0.0803892,3.1614857e-11,0.07526961,0.0,0.06937565,0.0,0.11690972,0.0,0.05948749,3.8039225e-13,0.267147,0.0,0.04239627,0.0,0.026026385,0.0,0.018823395,1.1383481e-12,0.0559447
2.5257746e-08,2.4294716e-10,1.7952398e-05,0.024452448,0.0,0.016647007,1.4751337e-17,0.05344565,2.2235335e-11,0.03653377,0.0,0.028568415,0.0,0.087536626,0.0,0.06204451,6.471566e-13,0.28944817,0.0,0.064221494,0.0,0.03758536,0.0,0.026601555,1.264222e-12,0.09827039
2.5254263e-08,4.7969025e-12,1.7903083e-05,0.013827455,0.0,0.016063409,1.8531216e-17,0.09461514,1.9340087e-11,0.011299884,0.0,0.2669839,0.0,0.0651477,0.0,0.061357353,4.63244e-13,0.2851147,0.0,0.043943785,0.0,0.027005553,0.0,0.019646447,7.7348864e-13,0.0394535
2.5170996e-08,7.671095e-11,1.6357148e-05,0.022083506,0.0,0.016295904,7.600977e-18,0.094627716,1.9619742e-11,0.04105026,0.0,0.28540978,0.0,0.047342397,0.0,0.061450593,2.031945e-11,0.25987467,0.0,0.045384243,0.0,0.036109257,0.0,0.025959568,8.163807e-13,0.06381424
2.500916e-08,8.1133184e-10,1.4352459e-05,0.025268914,0.0,0.015108209,6.803216e-18,0.10385827,1.6668038e-11,0.014211821,0.0,0.22523616,0.0,0.019077547,0.0,0.059778836,2.0522837e-11,0.21540307,0.0,0.04412986,0.0,0.027878268,0.0,0.020320533,9.83655e-13,0.1208052
2.477053e-08,1.5512373e-10,1.26659315e-05,0.018375445,0.0,0.015783772,1.0081588e-17,0.1283999,1.27889045e-11,0.07265999,0.0,0.24586572,0.0,0.41008133,0.0,0.06100661,2.4965793e-11,0.14849304,0.0,0.047321834,0.0,0.043268155,0.0,0.030635716,5.219753e-13,0.061427377
2.4689777e-08,1.6221528e-10,1.1663635e-05,0.02654572,0.0,0.014857751,6.8736554e-18,0.06342643,9.330297e-12,0.024741992,0.0,0.22392516,0.0,0.28273353,0.0,0.059631098,5.094358e-11,0.1057332,0.0,0.04181515,0.0,0.030276306,0.0,0.022299068,4.989942e-13,0.041926865
2.4609463e-08,1.2357486e-10,1.0805684e-05,0.021717042,0.0,0.015131784,4.834037299999999e-18,0.067859285,8.596701e-12,0.023259895,0.0,0.19228418,0.0,0.18746062,0.0,0.059960786,6.143914e-11,0.10530556,0.0,0.066453144,0.0,0.026284,0.0,0.01902742,7.0960517e-13,0.032782376
2.4072099e-08,1.805768e-10,1.214428e-05,0.025727332,0.0,0.01625327,3.9590804e-18,0.0647101,5.2700925e-12,0.06926019,0.0,0.1899419,0.0,0.13435742,0.0,0.061738018,6.78298e-11,0.120572925,0.0,0.04640998,0.0,0.046684187,0.0,0.032737702,7.8382564e-13,0.079734474
2.3889127e-08,8.60633e-11,1.1293544e-05,0.008773042,0.0,0.016658437,6.576985e-18,0.098923825,4.769651e-12,0.024774171,0.0,0.14177994,0.0,0.07448506,0.0,0.062587105,5.544982e-11,0.113760196,0.0,0.043081887,0.0,0.033599023,0.0,0.024522083,8.6608563e-13,0.108546026
2.3178814e-08,4.0483346e-12,1.6295562e-05,0.020280872,0.0,0.017620726,3.8203572e-18,0.07332777,3.7579883e-12,0.02548594,0.0,0.077370726,0.0,0.036620412,0.0,0.064264655,4.7090363e-11,0.11209461,0.0,0.061112538,0.0,0.030366704,0.0,0.022758229,6.4520476e-13,0.031641524
2.2256893e-08,1.404871e-13,2.2268867e-05,0.031384215,0.0,0.017611979,4.510007499999999e-18,0.10864185,2.4975447e-12,0.037741773,0.0,0.1110423,0.0,0.6315909,0.0,0.06474833,3.3850495e-11,0.07272433,0.0,0.048499122,0.0,0.05708794,0.0,0.0409597,7.281343e-13,0.040200364
2.2112914e-08,2.5357487e-11,1.959468e-05,0.017308706,0.0,0.01820589,2.3075068e-18,0.0927381,1.847407e-12,0.03574564,0.0,0.11264635,0.0,0.4684599,0.0,0.06595346,3.1707876e-11,0.275226,0.0,0.0480832,0.0,0.044761192,0.0,0.03327571,6.650737e-13,0.088074386
2.2109587e-08,1.1743731e-13,1.9540852e-05,0.021028943,0.0,0.017558336,2.7687993e-18,0.076680146,3.888538e-12,0.016908132,0.0,0.07837359,0.0,0.31132483,0.0,0.06567731,1.2099745e-10,0.27303022,0.0,0.047735985,0.0,0.032613613,0.0,0.024341006,7.445526e-13,0.15297955
2.1966963e-08,1.1188117e-13,1.7375149e-05,0.043377824,0.0,0.018155992,3.1406985e-18,0.04249869,4.0981684e-12,0.032986104,0.0,0.17301282,0.0,0.31125978,0.0,0.06674727,7.831612e-11,0.22878282,0.0,0.049630977,0.0,0.030010441,0.0,0.021886205,3.3871744e-13,0.07273027
2.1964032e-08,6.122463e-11,1.7327417e-05,0.010988621,0.0,0.017171055,3.1659962e-18,0.05890973,3.4235336e-12,0.014840492,0.0,0.17950873,0.0,0.21109009,0.0,0.06572893,1.384624e-11,0.17875332,0.0,0.046856545,0.0,0.04123931,0.0,0.029176053,2.7322692e-13,0.038831946
2.1317419e-08,1.23007585e-11,1.8897703e-05,0.02231516,0.0,0.01806277,3.1436234e-18,0.061144687,2.723162e-12,0.044332527,0.0,0.13258043,0.0,0.122136675,0.0,0.067098185,4.914387e-12,0.1191953,0.0,0.054470435,0.0,0.030967297,0.0,0.022675378,3.4497028e-13,0.017267823
1.9981313e-08,8.5705775e-14,3.3092372e-05,0.027823545,0.0,0.019077,1.9692647e-18,0.074997485,9.820379e-12,0.007944596,0.0,0.12311352,0.0,0.076596506,0.0,0.068482235,3.7215565e-12,0.059316386,0.0,0.046665076,0.0,0.033996087,0.0,0.024523964,4.1561839e-13,0.1630317
1.9913282e-08,7.9143465e-14,2.9676436e-05,0.013901075,0.0,0.019640224,2.0659723e-18,0.09174606,1.1241541e-11,0.02904299,0.0,0.106900215,0.0,0.6508366,0.0,0.06994678,3.651788e-12,0.030022027,0.0,0.057766072,0.0,0.030311614,0.0,0.022047294,2.2813465e-13,0.09057971
1.9908743e-08,7.810148e-14,2.9594907e-05,0.03613427,0.0,0.019178493,1.5663814e-18,0.048058998,1.3940018e-11,0.016709555,0.0,0.07322366,0.0,0.4736155,0.0,0.069772325,3.6688014e-12,0.204993,0.0,0.04815888,0.0,0.04534368,0.0,0.032127857,2.272543e-13,0.023380967
1.9716863e-08,9.2259256e-11,2.4376171e-05,0.013710762,0.0,0.019256447,1.6452499e-18,0.033566255,8.28721e-12,0.04725266,0.0,0.13787796,0.0,0.35291225,0.0,0.06996147,1.8459182e-12,0.29321215,0.0,0.05467004,0.0,0.034282077,0.0,0.025365395,2.7982914e-13,0.10775988
1.9713172e-08,7.625652e-11,2.4309204e-05,0.0218041,0.0,0.018565051,1.7247362e-18,0.09137352,6.6310755e-12,0.015451597,0.0,0.13195425,0.0,0.23755051,0.0,0.06921645,8.2194874e-13,0.26616347,0.0,0.0481854,0.0,0.03053135,0.0,0.022177355,2.1521062e-13,0.039088726
1.9709491e-08,5.7379354e-14,2.4242418e-05,0.016939413,0.0,0.019282166,7.362601999999999e-19,0.07596755,6.262559e-12,0.05080533,0.0,0.0913647,0.0,0.13327456,0.0,0.07043412,5.824898e-13,0.21383704,0.0,0.05681608,0.0,0.04477037,0.0,0.031581305,2.4163627e-13,0.017146584
1.9705821e-08,5.0262475e-11,2.4175817e-05,0.026032368,0.0,0.019462703,6.6296045e-19,0.096531674,5.9720436e-12,0.01627697,0.0,0.102732666,0.0,0.14780004,0.0,0.07091747,5.6270174e-13,0.19135049,0.0,0.048833013,0.0,0.034073867,0.0,0.025085656,2.8553513e-13,0.14032091
1.9702162e-08,5.5937296e-11,2.4109399e-05,0.018355554,0.0,0.020058,7.5369994e-19,0.058696453,4.726754e-12,0.04934267,0.0,0.07859645,0.0,0.37831202,0.0,0.07218967,3.8502133e-13,0.15582451,0.0,0.05759895,0.0,0.03257906,0.0,0.023898853,1.8891399e-13,0.06420714
1.9636333e-08,4.501069e-14,2.18877e-05,0.039263975,0.0,0.018990772,5.5525336e-19,0.06862037,5.0121734e-12,0.02001114,0.0,0.04651403,0.0,0.36276934,0.0,0.0710565,2.9517139e-13,0.11594984,0.0,0.04951732,0.0,0.04633846,0.0,0.032576084,2.226811e-13,0.013408891
1.9571036e-08,3.5714782e-11,1.9807041e-05,0.0089934,0.0,0.01794773,5.5915993e-19,0.03449589,4.1678826e-12,0.04190978,0.0,0.31426567,0.0,0.29490706,0.0,0.070120305,2.2725927e-13,0.12645665,0.0,0.056379095,0.0,0.034682024,0.0,0.025551394,2.8248598e-13,0.1741442
1.9083435e-08,4.6787896e-11,1.851495e-05,0.014041106,0.0,0.018928275,3.4610098e-19,0.07375617,3.0159807e-12,0.019281957,0.0,0.37996453,0.0,0.2113527,0.0,0.071695894,1.2169866e-13,0.09114834,0.0,0.049645737,0.0,0.030908095,0.0,0.02228008,1.553995e-13,0.105089605
1.7994628e-08,3.3126446e-14,2.835163e-05,0.024065705,0.0,0.019835753,3.6459557e-19,0.049663875,4.5498514e-12,0.019354202,0.0,0.2827187,0.0,0.11626329,0.0,0.07295819,8.759667e-14,0.047762707,0.0,0.05865721,0.0,0.052156307,0.0,0.037116274,1.4656333e-13,0.028871
1.7841508e-08,2.638499e-11,2.3617695e-05,0.02222324,0.0,0.02020596,4.249068e-19,0.07551298,3.1596635e-12,0.02092719,0.0,0.25304353,0.0,0.060089737,0.0,0.073931776,7.751758e-14,0.13377196,0.0,0.053604614,0.0,0.041869465,0.0,0.0316316,1.7760336e-13,0.087377995
1.6754896e-08,2.8511516e-11,3.3277753e-05,0.019111674,0.0,0.019790309,2.5489894e-19,0.03747558,2.3434794e-12,0.036051627,0.0,0.20177267,0.0,0.30949214,0.0,0.073428035,2.7674008e-14,0.107628554,0.0,0.054275237,0.0,0.03383781,0.0,0.024907064,2.1503085e-13,0.15740493
1.6697829e-08,2.0202073e-11,2.975854e-05,0.02086111,0.0,0.019973693,2.7482947e-19,0.03997637,1.4172888e-12,0.0055561853,0.0,0.1379438,0.0,0.28245866,0.0,0.07395951,2.1326624e-14,0.05878583,0.0,0.053657327,0.0,0.05278859,0.0,0.037706867,1.277586e-13,0.08463662
1.6411814e-08,2.1023283e-14,2.4250357e-05,0.028424818,0.0,0.020755341,1.4563963999999998e-19,0.05615817,4.036539e-12,0.024182756,0.0,0.1473814,0.0,0.31827876,0.0,0.07550658,2.4773667e-14,0.1248385,0.0,0.05641656,0.0,0.041448586,0.0,0.030803706,1.1987365e-13,0.02196853
1.6123673e-08,7.374995e-12,2.1753314e-05,0.016374774,0.0,0.021110928,2.316003e-19,0.044030398,3.2319748e-12,0.018607164,0.0,0.10634748,0.0,0.22839038,0.0,0.07646695,3.8168568e-13,0.091155685,0.0,0.05410962,0.0,0.035781745,0.0,0.026482292,1.5663944e-13,0.05092072
1.6120978e-08,3.101506e-11,2.1693542e-05,0.025965346,0.0,0.020585986,2.0717558e-19,0.011772192,2.076506e-12,0.059730444,0.0,0.054253362,0.0,0.1238404,0.0,0.07574033,5.645517e-13,0.12468185,0.0,0.05544255,0.0,0.044852506,0.0,0.03206104,1.883233e-13,0.087538496
1.6067393e-08,6.1869586e-11,2.0011754e-05,0.008971294,0.0,0.02074078,1.2730662e-19,0.043858122,4.429209e-12,0.016554857,0.0,0.06628964,0.0,0.065802336,0.0,0.076051354,4.633638e-13,0.13066259,0.0,0.053717062,0.0,0.035797186,0.0,0.026420856,1.2778445e-13,0.0596968
1.5963694e-08,2.0011805e-11,1.797981e-05,0.01146841,0.0,0.019851921,1.3319957999999998e-19,0.04179278,6.6459884e-12,0.016574705,0.0,0.035456408,0.0,0.026381869,0.0,0.07516698,3.8902608e-13,0.14209796,0.0,0.05633825,0.0,0.0385447,0.0,0.027579436,1.3348597e-13,0.020226978
1.5860882e-08,7.3304425e-11,1.6777467e-05,0.011962208,0.0,0.020905875,1.01636276e-19,0.057396058,8.36264e-12,0.032063376,0.0,0.059428934,0.0,0.6769075,0.0,0.07623983,2.4518011e-12,0.15826187,0.0,0.05410057,0.0,0.03470459,0.0,0.025283016,1.5232924e-13,0.055132266
1.585884e-08,9.920425e-12,1.6731368e-05,0.01725188,0.0,0.01988709,1.438477e-19,0.04955274,6.239691e-12,0.018093131,0.0,0.33238566,0.0,0.5384773,0.0,0.07517852,3.3238744e-12,0.15351807,0.0,0.056315806,0.0,0.049732693,0.0,0.034761805,1.1790094e-13,0.052577753
1.5658026e-08,1.1285659e-14,1.6254671e-05,0.039706502,0.0,0.020664392,1.3860324e-19,0.048135642,5.3178096e-12,0.047485277,0.0,0.3661624,0.0,0.38465655,0.0,0.076180235,3.3903358e-12,0.13825609,0.0,0.052984137,0.0,0.03849733,0.0,0.028432474,1.289762e-13,0.11172878
1.5606581e-08,9.505816e-15,1.5457405e-05,0.0095027825,0.0,0.021555427,8.8167346e-20,0.030258281,5.292549e-12,0.03217746,0.0,0.3253398,0.0,0.23593739,0.0,0.07728103,5.8946194e-12,0.109068416,0.0,0.05894509,0.0,0.03571489,0.0,0.0262021,6.5429304e-14,0.05051433
1.5265412e-08,9.074152e-15,1.9632838e-05,0.020035928,0.0,0.022065451,8.465673399999999e-20,0.02634202,5.4336865e-12,0.018453669,0.0,0.30097446,0.0,0.12635079,0.0,0.07816255,7.403637e-12,0.06515037,0.0,0.055563595,0.0,0.055083863,0.0,0.039759465,6.5858756e-14,0.08129562
1.4931357e-08,2.445378e-12,2.0650108e-05,0.025256334,0.0,0.020581182,7.986008999999999e-20,0.048139673,3.9789266e-12,0.036433738,0.0,0.23020671,0.0,0.062316343,0.0,0.07645815,8.888512e-12,0.119463526,0.0,0.05596927,0.0,0.04170794,0.0,0.030842707,7.152163e-14,0.10673145
1.4741936e-08,7.5817995e-15,1.8916655e-05,0.024829775,0.0,0.020758275,5.689567e-20,0.028034803,3.3157578e-12,0.015831338,0.0,0.15209523,0.0,0.022706807,0.0,0.07648666,4.528527e-12,0.08831324,0.0,0.052007586,0.0,0.032630924,0.0,0.02364231,4.8661094e-14,0.031466324
1.4547686e-08,6.94252e-15,1.8245091e-05,0.034328084,0.0,0.021593139,4.6316295e-20,0.06818931,2.3468304e-12,0.058426037,0.0,0.17341101,0.0,0.21730442,0.0,0.07761237,3.7912043e-12,0.04871197,0.0,0.058560718,0.0,0.045318395,0.0,0.0322064,5.2216566e-14,0.062850855
1.4105053e-08,6.100776e-15,2.2126365e-05,0.014378259,0.0,0.020739524,3.4716437e-20,0.058315024,2.5353164e-12,0.016515316,0.0,0.1545992,0.0,0.26266497,0.0,0.07673995,3.6074301e-12,0.08096528,0.0,0.052791346,0.0,0.035105333,0.0,0.025631381,6.021304e-14,0.05781745
1.3905139e-08,6.3643643e-12,1.9042975e-05,0.0141972955,0.0,0.019614771,3.3897603e-20,0.061072107,2.2002675e-12,0.023393298,0.0,0.10245375,0.0,0.20154598,0.0,0.07525819,1.8449608e-12,0.04478287,0.0,0.05658729,0.0,0.03419651,0.0,0.024077065,5.9438626e-14,0.019583078
1.2769733e-08,5.3984595e-15,3.580678e-05,0.009244473,0.0,0.01956715,2.7473615e-20,0.0825228,2.8794502e-12,0.0093875155,0.0,0.11189796,0.0,0.1621174,0.0,0.074676424,1.2212976e-12,0.06292057,0.0,0.051029846,0.0,0.03357101,0.0,0.023650523,7.024975e-14,0.092702806
1.1261707e-08,5.171654e-15,5.6569163e-05,0.027757023,0.0,0.020408886,2.4414531e-20,0.08755531,2.7654853e-12,0.03923218,0.0,0.08011186,0.0,0.15192023,0.0,0.07569522,8.2490015e-13,0.093572244,0.0,0.057414465,0.0,0.038004804,0.0,0.02682726,4.6962268e-14,0.033571366
1.1029932e-08,5.4634543e-12,3.720419e-05,0.017464336,0.0,0.020451188,2.953719e-20,0.054216646,2.0763096e-12,0.009923924,0.0,0.03621918,0.0,0.12248523,0.0,0.075655,6.1224707e-13,0.10899027,0.0,0.05121926,0.0,0.031668484,0.0,0.022781776,5.0506494e-14,0.05945877
1.0754131e-08,4.381534e-15,2.7703632e-05,0.018567739,0.0,0.019880941,1.8161106999999998e-20,0.03420063,3.0881946e-12,0.024726713,0.0,0.3123513,0.0,0.10510074,0.0,0.07436194,3.457145e-12,0.11581263,0.0,0.055248395,0.0,0.042187188,0.0,0.029078802,5.8920784e-14,0.0834719
1.0751843e-08,4.113163e-15,2.762749e-05,0.0127232075,0.0,0.019938309,1.17525514e-20,0.018255733,2.8345956e-12,0.009787259,0.0,0.32465836,0.0,0.05570269,0.0,0.07435015,1.205219e-11,0.15472348,0.0,0.047985148,0.0,0.031086078,0.0,0.022179013,4.575475e-14,0.025601007
1.0673786e-08,8.276461e-12,2.2964503e-05,0.01514571,0.0,0.018610274,2.6021156999999998e-20,0.03872099,1.8224133e-12,0.02530914,0.0,0.22708288,0.0,0.030149087,0.0,0.07242776,7.0281628e-12,0.1380195,0.0,0.058668982,0.0,0.03486407,0.0,0.02419537,5.1778758e-14,0.049031105
1.0385061e-08,5.494466e-12,1.8368082e-05,0.024234813,0.0,0.017226947,1.6640357e-20,0.012202817,1.6346136e-12,0.011401427,0.0,0.22227061,0.0,0.07566552,0.0,0.07024527,4.1160374e-12,0.093043044,0.0,0.048416965,0.0,0.029311547,0.0,0.020753408,5.921859e-14,0.09313782
1.019442e-08,3.4152377e-15,1.48491e-05,0.009861519,0.0,0.016775582,1.5545737e-20,0.042084824,2.9509479e-12,0.020864146,0.0,0.2019476,0.0,0.17690803,0.0,0.06931627,3.3890297e-12,0.03904154,0.0,0.05262358,0.0,0.038369656,0.0,0.026229288,3.344064e-14,0.09155751
1.0193258e-08,4.095466e-12,1.4808286e-05,0.020173788,0.0,0.017025925,1.2292251e-20,0.021309454,2.0891817e-12,0.019158717,0.0,0.14293313,0.0,0.17058775,0.0,0.06918954,3.5035462e-12,0.075572506,0.0,0.04614705,0.0,0.028513145,0.0,0.020062005,3.5521682e-14,0.023929007
1.0044251e-08,8.499414e-12,1.28593565e-05,0.029387392,0.0,0.017561883,1.2479079e-20,0.04532178,1.2197457e-12,0.07123183,0.0,0.12821367,0.0,0.23051468,0.0,0.069851995,2.855018e-12,0.092770174,0.0,0.061944366,0.0,0.03794322,0.0,0.026441926,4.696984e-14,0.08477598
9.830584e-09,1.9446044e-12,1.2481427e-05,0.011652436,0.0,0.017138585,9.361977999999999e-21,0.06247861,8.0871594e-13,0.029493969,0.0,0.111391015,0.0,0.1830428,0.0,0.06895312,1.6623468e-12,0.08946024,0.0,0.048050005,0.0,0.02947299,0.0,0.021066118,2.89672e-14,0.07277874
8.399685e-09,2.4005698e-12,4.5749242e-05,0.024707602,0.0,0.017301494,6.720639e-21,0.08240323,8.393539e-13,0.00788962,0.0,0.05965736,0.0,0.12116592,0.0,0.068824105,1.1242628e-12,0.07535179,0.0,0.050120804,0.0,0.038879156,0.0,0.026537603,3.1174092e-14,0.01500779
8.396735e-09,5.322791e-12,4.562348e-05,0.01754271,0.0,0.017464885,4.905247700000001e-21,0.08272821,7.0992013e-13,0.045556623,0.0,0.07359018,0.0,0.113179855,0.0,0.06864939,1.0543079e-12,0.05447105,0.0,0.04560795,0.0,0.028551696,0.0,0.020272497,3.5480486e-14,0.092667416
8.393792e-09,4.2663347e-12,4.549806e-05,0.020204341,0.0,0.014968329,6.071847e-21,0.058885377,5.5401164e-13,0.008841469,0.0,0.049310897,0.0,0.084278055,0.0,0.06456288,1.0490569e-12,0.075533025,0.0,0.056002084,0.0,0.031403486,0.0,0.020737147,2.8117816e-14,0.024448458
8.364475e-09,1.9027505e-15,3.932112e-05,0.02210117,0.0,0.013906009,7.787463e-21,0.02487968,7.259426e-13,0.04178667,0.0,0.014416908,0.0,0.0431077,0.0,0.062068194,7.515451e-13,0.034641273,0.0,0.04091535,0.0,0.022857834,0.0,0.015460711,3.3258003e-14,0.07119442
8.293361e-09,1.8048428e-15,2.9268864e-05,0.018039646,0.0,0.014176803,9.126345e-22,0.027407678,1.341155e-12,0.022843467,0.0,0.20196831,0.0,0.06927302,0.0,0.061715003,6.7407907e-13,0.13371992,0.0,0.060649257,0.0,0.032268617,0.0,0.021264823,2.5443847e-14,0.01918637
7.619051e-09,1.7420569e-15,2.2706039e-05,0.020137792,0.0,0.014248752,5.4585220000000005e-22,0.04453807,1.1441681e-12,0.026004352,0.0,0.22002794,0.0,0.036372412,0.0,0.061090365,5.0612227e-13,0.11993866,0.0,0.040284373,0.0,0.022283217,0.0,0.015229075,2.9218662e-14,0.075798735
7.5556175e-09,1.6445782e-15,1.7409373e-05,0.011635935,0.0,0.012703836,1.3935834e-21,0.010052279,1.0900509e-12,0.009202044,0.0,0.18954335,0.0,0.054815672,0.0,0.0583679,3.926715e-13,0.09491492,0.0,0.043556686,0.0,0.027136216,0.0,0.017728945,2.471092e-14,0.013464746
7.506985e-09,1.5894927e-15,1.3985045e-05,0.010771688,0.0,0.01168242,3.0372115e-21,0.026483716,9.149612e-13,0.01425432,0.0,0.16997471,0.0,0.089413814,0.0,0.055899702,3.346239e-13,0.08480005,0.0,0.035669874,0.0,0.019697499,0.0,0.013173984,2.7844885e-14,0.067894936
7.482441e-09,1.5400109e-15,1.22677075e-05,0.01380086,0.0,0.011518899,3.8693316e-21,0.015191827,8.993969e-13,0.021783298,0.0,0.12965934,0.0,0.07188345,0.0,0.05472591,4.659165e-13,0.06387793,0.0,0.0824227,0.0,0.02605039,0.0,0.017007243,2.1694564e-14,0.017177457
7.45807e-09,2.5797287e-12,1.074344e-05,0.010001118,0.0,0.01049693,4.6506412e-21,0.035720076,6.7785344e-13,0.011511026,0.0,0.09151062,0.0,0.05118351,0.0,0.051922485,5.984838e-13,0.029829834,0.0,0.050086353,0.0,0.01713589,0.0,0.011249045,2.4860209e-14,0.053558804
7.272607e-09,1.4291056e-15,6.904677e-06,0.018732134,0.0,0.009653033,3.2236327e-21,0.022351505,6.3075494e-13,0.030902773,0.0,0.08314031,0.0,0.060836986,0.0,0.049367923,5.9283253e-13,0.114445746,0.0,0.03258185,0.0,0.019066812,0.0,0.012013314,2.3916827e-14,0.008507856
6.990703e-09,4.2044922e-12,5.908118e-06,0.010044208,0.0,0.00998614,3.674714e-21,0.039155316,4.1974982e-13,0.0066974903,0.0,0.054803357,0.0,0.027415307,0.0,0.049320057,5.0553106e-13,0.08294392,0.0,0.05901081,0.0,0.01859241,0.0,0.012219041,2.637536e-14,0.038166806
6.6918675e-09,1.2982673e-15,5.3116582e-06,0.0087518785,0.0,0.009174194,2.3960236e-21,0.014398126,6.7507187e-13,0.008854237,0.0,0.038109872,0.0,0.40135804,0.0,0.047102716,4.9012183e-13,0.06976392,0.0,0.035091426,0.0,0.021773053,0.0,0.013831429,2.6087795e-14,0.019265149
6.5962333e-09,2.3791824e-12,4.0563655e-06,0.006025996,0.0,0.008312167,2.6543357000000002e-21,0.023623325,3.3776955e-13,0.018230308,0.0,0.064539135,0.0,0.3200727,0.0,0.044416487,6.803428e-13,0.056168675,0.0,0.031686395,0.0,0.015357388,0.0,0.010023341,3.043139e-14,0.024058381
6.483687e-09,3.057305e-12,3.3350134e-06,0.002301781,0.0,0.008337287,2.7467437000000002e-21,0.026295649,4.0484714e-13,0.008363351,0.0,0.045229506,0.0,0.19704238,0.0,0.043947455,7.777143e-13,0.03158419,0.0,0.05157943,0.0,0.019355673,0.0,0.012419946,3.1905265e-14,0.033756543
6.4629786e-09,2.8157641e-12,3.0406068e-06,0.0020946006,0.0,0.007918459,1.4153678e-21,0.016945316,3.546902e-13,0.013690329,0.0,0.022344658,0.0,0.13202345,0.0,0.042125747,9.528349e-13,0.040933438,0.0,0.03136622,0.0,0.015157119,0.0,0.00974645,3.3823676e-14,0.050344184
6.4628276e-09,2.1309998e-12,3.0322467e-06,0.0008706269,0.0,0.006229003,2.5513184e-21,0.007349277,3.5096698e-13,0.008013021,0.0,0.050125558,0.0,0.062026165,0.0,0.037478138,1.1011612e-12,0.041984063,0.0,0.03025569,0.0,0.013893449,0.0,0.00813501,2.756904e-14,0.022086566
6.4218484e-09,1.248031e-15,2.4903143e-06,0.002475416,0.0,0.005796621,2.0733015e-21,0.014172492,3.6369258e-13,0.009294361,0.0,0.033102177,0.0,0.046663947,0.0,0.035739135,1.3407193e-12,0.051526558,0.0,0.029543584,0.0,0.013283722,0.0,0.00784514,3.0704473e-14,0.028012747
6.421726e-09,2.5399418e-12,2.4834674e-06,0.0011242225,0.0,0.0056841364,3.3035548000000007e-21,0.006265922,2.6487458e-13,0.013985835,0.0,0.0077289324,0.0,0.054840207,0.0,0.03455747,1.0339823e-12,0.027476124,0.0,0.022159547,0.0,0.012515268,0.0,0.0074894694,2.8939118e-14,0.024357848
6.4216032e-09,1.6145167e-12,2.476639e-06,0.0020924464,0.0,0.005917086,2.8227262000000007e-21,0.01722654,2.5272164e-13,0.012054513,0.0,0.094353095,0.0,0.033487674,0.0,0.034451693,9.460502e-13,0.06093073,0.0,0.07604961,0.0,0.016351407,0.0,0.009921651,3.0093244e-14,0.014510908
6.421481e-09,2.5480629e-12,2.4698297e-06,0.00093056343,0.0,0.005065186,2.0678819e-21,0.015541538,1.9969192e-13,0.012529395,0.0,0.09220661,0.0,0.027655568,0.0,0.031325787,1.1968575e-12,0.17147037,0.0,0.04572813,0.0,0.00944191,0.0,0.005791501,3.0733476e-14,0.04379087
6.421359e-09,2.869052e-12,2.463039e-06,0.0012698943,0.0,0.004663911,1.9303675e-21,0.017471913,1.382507e-13,0.0066129835,0.0,0.0659526,0.0,0.061111152,0.0,0.0294379,6.2982074e-13,0.098134674,0.0,0.027237738,0.0,0.009712971,0.0,0.005579894,2.6573168e-14,0.008647935
6.4008896e-09,1.2019843e-15,2.1555027e-06,0.00051852013,0.0,0.004205803,1.0934299e-21,0.010222134,2.057473e-13,0.0025415642,0.0,0.03897235,0.0,0.06768317,0.0,0.027430043,6.123613e-13,0.020214206,0.0,0.016404452,0.0,0.010185375,0.0,0.0057567717,2.814689e-14,0.015865283
6.4007835e-09,1.1949237e-15,2.1495762e-06,0.0006588881,0.0,0.003922271,1.2583506000000001e-21,0.016139792,2.1855305e-13,0.002452801,0.0,0.01128156,0.0,0.05933356,0.0,0.025830867,8.705368e-13,0.22751507,0.0,0.05422152,0.0,0.010142972,0.0,0.00565683,2.9147857e-14,0.023145892
5.9942487e-09,3.9041706e-13,1.5033862e-06,0.0013344996,0.0,0.003822832,1.5088629e-21,0.008718372,1.9877263e-13,0.0014841224,0.0,0.06564405,0.0,0.024140274,0.0,0.024981821,8.0483694e-13,0.084395885,0.0,0.026880749,0.0,0.007966832,0.0,0.004548446,2.7521462e-14,0.016708395
5.962384e-09,1.1754069e-15,1.2472381e-06,0.00059984345,0.0,0.0034791303,1.2296718e-21,0.010563535,2.0344502e-13,0.0009781034,0.0,0.055160455,0.0,0.043717753,0.0,0.023429768,8.8206027e-13,0.019644806,0.0,0.015831094,0.0,0.007608265,0.0,0.00417742,2.8087086e-14,0.022669692
5.962327e-09,7.533647e-13,1.2438087e-06,0.0018680475,0.0,0.003233665,1.6001197000000001e-21,0.009295792,1.4572213e-13,0.0032310553,0.0,0.036407452,0.0,0.06399178,0.0,0.022230374,9.526256e-13,0.21320467,0.0,0.04434299,0.0,0.007917299,0.0,0.0044347057,2.7644753e-14,0.02148747
5.96227e-09,5.685967e-14,1.2403887e-06,0.0006460316,0.0,0.002568986,1.6853221000000001e-21,0.0076129804,1.3643694e-13,0.0017906517,0.0,0.011693492,0.0,0.039742455,0.0,0.019539695,5.636427e-13,0.07542254,0.0,0.029046247,0.0,0.0066384384,0.0,0.0035944527,2.7026295e-14,0.0149341645
5.9622134e-09,6.762035e-13,1.2369782e-06,0.00025497234,0.0,0.002120427,1.0751436e-21,0.004054031,7.725602e-14,0.000711885,0.0,0.03222744,0.0,0.013929646,0.0,0.01757932,6.074501e-13,0.016297586,0.0,0.013908761,0.0,0.0050018067,0.0,0.0026581495,2.6770403e-14,0.010994586
5.9244796e-09,2.8195488e-12,9.645605e-07,0.000111267225,0.0,0.0022213531,9.596773e-22,0.0037893692,1.0399612e-13,0.00021349007,0.0,0.024883773,0.0,0.122293845,0.0,0.017507264,7.5204285e-13,0.22829936,0.0,0.027082307,0.0,0.0075783916,0.0,0.0039409003,2.808544e-14,0.02075004
5.924436e-09,1.0779328e-12,9.619083e-07,5.6264777e-05,0.0,0.0018282784,3.8116575e-22,0.0022854432,1.3037556e-13,0.000107987194,0.0,0.01107446,0.0,0.07603756,0.0,0.015543408,3.998863e-13,0.08429039,0.0,0.019058583,0.0,0.0052278796,0.0,0.0027967775,2.6731489e-14,0.008620627
5.924392e-09,1.5290469e-12,9.592634e-07,2.1642858e-05,0.0,0.0017523263,6.346014e-22,0.0027445895,1.2221829e-13,6.9137175e-05,0.0,0.026865788,0.0,0.027970703,0.0,0.015138265,5.5742e-13,0.036760334,0.0,0.010596295,0.0,0.0047447695,0.0,0.0025464217,2.7372795e-14,0.010356682
5.9243486e-09,1.1171376e-12,9.566259e-07,7.659375e-06,0.0,0.0015362977,1.0270176e-21,0.0013026571,1.0806e-13,4.763554e-05,0.0,0.009044263,0.0,0.024285765,0.0,0.014042069,6.2674193e-13,0.011612519,0.0,0.032817625,0.0,0.0043846653,0.0,0.0023096388,2.7077275e-14,0.013379535
5.924305e-09,1.0578157e-15,9.539955e-07,3.7674056e-06,0.0,0.0017648189,6.14539e-22,0.0037347868,2.0227135e-13,3.9060273e-05,0.0,0.033776287,0.0,0.10873478,0.0,0.014622495,7.379814e-13,0.1778872,0.0,0.01120291,0.0,0.0068187555,0.0,0.0034479513,2.7656605e-14,0.021436913
5.6545435e-09,1.2783099e-12,4.0693473e-07,8.9125393e-07,0.0,0.0013832862,1.2294825000000001e-21,0.000885521,1.4798233e-13,3.3483873e-05,0.0,0.01182316,0.0,0.066419445,0.0,0.0126272,5.028118e-13,0.0517182,0.0,0.027976047,0.0,0.0049114707,0.0,0.0024148456,2.6280119e-14,0.006649146
5.6545257e-09,1.2220939e-12,4.058158e-07,4.067857e-07,0.0,0.0010755225,1.4721925e-21,0.00023970277,9.762673e-14,4.153899e-05,0.0,0.010465755,0.0,0.016286321,0.0,0.010929213,5.9308705e-13,0.04731609,0.0,0.008217005,0.0,0.0032891158,0.0,0.0016250983,2.6368217e-14,0.0032045683
5.6545084e-09,1.0140086e-15,4.046999e-07,2.3564905e-07,0.0,0.0009888312,1.3708817000000001e-21,0.00022391409,1.2865669e-13,2.8709748e-05,4.403846e-34,0.0038566885,0.0,0.047818173,0.0,0.010570129,5.679764e-13,0.009337891,0.0,0.028535914,0.0,0.002302853,0.0,0.0011624249,2.4389768e-14,0.0013271805
5.5652443e-09,6.250794e-12,2.5135148e-07,1.4714763e-07,0.0,0.0012504939,6.260445600000001e-22,0.00085524836,1.559041e-13,2.5785908e-05,0.0,0.022687644,0.0,0.01537722,0.0,0.011566981,6.5707634e-13,0.11786181,0.0,0.009094043,0.0,0.005112966,0.0,0.0024665713,2.4160497e-14,0.0007020763
5.5118035e-09,4.5907944e-13,1.8047265e-07,1.2304099e-07,0.0,0.00094456365,1.0557325e-21,0.000638198,1.8431217e-13,2.1110403e-05,7.815297e-34,0.00753028,0.0,0.05709936,0.0,0.009884589,4.918756e-13,0.021423751,0.0,0.022094788,0.0,0.003224367,0.0,0.0015612504,2.6009222e-14,0.0006023358
5.511796e-09,3.6750786e-13,1.799764e-07,3.2577483e-07,0.0,0.0018345364,1.2025353e-21,0.000989705,1.7173994e-13,3.3193835e-05,1.9334526e-33,0.060809474,0.0,0.056436926,0.0,0.013684014,6.3336836e-13,0.22781269,0.0,0.008949873,0.0,0.006270338,0.0,0.0034548216,2.641044e-14,0.0017047403
5.406881e-09,9.412772e-16,2.0530499e-07,1.2226831e-06,0.0,0.0021673976,9.788048e-22,0.002669451,1.6616321e-13,3.6867368e-05,1.571604e-33,0.0520006,0.0,0.034053434,0.0,0.014949208,3.6548076e-13,0.08457668,0.0,0.05899065,0.0,0.007164062,0.0,0.0040994976,2.6070636e-14,0.0013161856
5.389732e-09,5.7075986e-13,1.9277559e-07,1.6687652e-06,0.0,0.001961599,9.214744e-22,0.0064925994,1.1694137e-13,5.197592e-05,1.8425979e-33,0.029752301,0.0,0.025356892,0.0,0.01412689,4.7792743e-13,0.028063232,0.0,0.037230503,0.0,0.0103687635,0.0,0.005638221,2.5695119e-14,0.0009225263
5.2723506e-09,8.690596e-13,1.9563085e-07,8.8241416e-07,0.0,0.0017144836,7.706758000000002e-22,0.0026406685,1.1248773e-13,3.8434042e-05,1.1397631e-33,0.008304938,0.0,0.09609796,0.0,0.013234055,5.387911e-13,0.04516331,0.0,0.014978398,0.0,0.0070456564,0.0,0.0038824806,2.5502498e-14,0.000560739
5.204603e-09,8.442857e-13,1.7353463e-07,6.373897e-07,0.0,0.0016269458,7.734507e-22,0.0021588162,9.8503e-14,4.363451e-05,1.3236517e-33,0.029757043,0.0,0.047776714,0.0,0.012867589,5.885944e-13,0.056816764,0.0,0.02084758,0.0,0.0062591513,0.0,0.0034737904,2.6149012e-14,0.0011792748
5.1896336e-09,8.426094e-16,1.6169146e-07,8.6564114e-07,0.0,0.0016220221,5.388456700000002e-22,0.0072618495,7.437522e-14,4.5651228e-05,0.0,0.026176043,0.0,0.029931175,0.0,0.01267891,6.400406e-13,0.017863723,0.0,0.008091413,0.0,0.004850944,0.0,0.0026427482,2.6061901e-14,0.00057421566
5.1896274e-09,1.7842673e-12,1.6124683e-07,7.273936e-07,0.0,0.0015907838,2.1362353e-22,0.008292395,6.665267e-14,4.3896303e-05,0.0,0.013961398,0.0,0.14868164,0.0,0.01235083,7.357894e-13,0.1717856,0.0,0.03334987,0.0,0.0050993217,0.0,0.0027260361,2.602802e-14,0.0005580455
5.1568207e-09,5.1915998e-12,1.4448909e-07,4.1199044e-07,0.0,0.0014744909,4.7307506e-22,0.0035235374,8.123156e-14,2.205851e-05,5.715905e-34,0.023779968,0.0,0.084318,0.0,0.011861202,5.1671113e-13,0.04723715,0.0,0.013664038,0.0,0.0045511033,0.0,0.002505876,2.5457408e-14,0.0013409016
5.156815e-09,4.3851985e-13,1.4409176e-07,1.619932e-07,0.0,0.0011722589,1.9355106e-22,0.0027763785,8.236744e-14,1.3971531e-05,0.0,0.007611555,0.0,0.029103914,0.0,0.010406074,5.615764e-13,0.050948095,0.0,0.011666131,0.0,0.0054716514,0.0,0.0028788622,2.5775687e-14,0.00039282843
5.156809e-09,3.896733e-12,1.4369552e-07,1.4893908e-07,0.0,0.0011779013,5.0264223e-22,0.0021976838,6.8332127e-14,1.9217561e-05,0.0,0.05933552,0.0,0.022426203,0.0,0.010429736,5.312723e-13,0.013059218,0.0,0.026149372,0.0,0.004758427,0.0,0.0025345855,2.5093163e-14,0.00019006834
4.924876e-09,2.491677e-11,1.6511063e-07,2.9380934e-07,0.0,0.001317286,2.9960854e-22,0.0045584803,6.773442e-14,2.475382e-05,0.0,0.052196812,0.0,0.1056144,0.0,0.010890342,5.7159523e-13,0.22638737,0.0,0.008972127,0.0,0.004446218,0.0,0.0023091026,2.5123134e-14,0.00011835875
4.92487e-09,5.0298773e-13,1.6465657e-07,4.7437217e-07,0.0,0.0011572705,4.897351500000001e-22,0.00404639,5.696868e-14,2.5710107e-05,7.2260503e-34,0.022645188,0.0,0.07049673,0.0,0.010177074,2.9792146e-13,0.08852747,0.0,0.035390764,0.0,0.0032163095,0.0,0.0017127927,2.5930489e-14,7.508844e-05
4.9248636e-09,2.1621706e-11,1.6420375e-07,2.8136566e-07,0.0,0.00089954224,3.8466650000000003e-22,0.0024958139,5.0298917e-14,2.113575e-05,1.1030724e-34,0.005025607,0.0,0.021212783,0.0,0.008894599,3.29894e-13,0.018484717,0.0,0.01097793,0.0,0.0033040503,0.0,0.001610353,2.5865555e-14,3.144674e-05
4.909245e-09,7.435779e-13,1.4337101e-07,1.6907616e-07,0.0,0.0008340459,1.8054932e-22,0.0027676525,6.5131894e-14,2.0338364e-05,0.0,0.010597315,0.0,0.062131654,0.0,0.008715169,3.618369e-13,0.088690184,0.0,0.02017608,0.0,0.0026313898,0.0,0.0013420079,2.518368e-14,1.5229565e-05
4.878211e-09,3.2599907e-13,1.1522326e-07,1.3057296e-07,0.0,0.0009446603,4.0243917e-22,0.0011007893,6.308744e-14,1.8546503e-05,4.83361e-34,0.0110052,0.0,0.021168351,0.0,0.00935603,3.2493588e-13,0.022766236,0.0,0.006917947,0.0,0.0024273102,0.0,0.0012781363,2.5301064e-14,9.350093e-06
4.8627418e-09,6.866645e-16,1.0124795e-07,7.553553e-08,0.0,0.0008702989,4.2841e-22,0.00040659908,7.34182e-14,1.42556055e-05,3.7020273e-34,0.003919868,0.0,0.06282197,0.0,0.008847022,3.857726e-13,0.08908899,0.0,0.019713584,0.0,0.0029574407,0.0,0.0013991776,2.482062e-14,6.317614e-06
4.862738e-09,6.731983300000001e-16,1.0096951e-07,7.02192e-08,0.0,0.0007437534,3.0290328000000004e-22,0.00073611335,2.1080553e-14,3.1432395e-05,3.8355065e-34,0.010065479,0.0,0.0146814175,0.0,0.007944156,3.457227e-13,0.014640381,0.0,0.005265521,0.0,0.0019593737,0.0,0.0009133746,2.4904424e-14,3.5047183e-06
4.862734e-09,2.0748609e-13,1.00691835e-07,8.3058744e-08,0.0,0.00060442253,4.8817340000000015e-22,0.00032433288,3.82627e-14,2.8590643e-05,8.287026e-34,0.0031546147,0.0,0.048943944,0.0,0.007112294,4.1014327e-13,0.086428925,0.0,0.010802344,0.0,0.001144649,0.0,0.0005425399,2.585088e-14,1.8022321e-06
4.8627307e-09,3.727664e-11,1.0041492e-07,8.672745e-08,0.0,0.00065019476,3.4942274000000004e-22,0.0004925515,7.946755e-14,3.2200875e-05,3.8977983e-34,0.009901431,0.0,0.018015748,0.0,0.0072982577,4.6553896e-13,0.03150902,0.0,0.006922923,0.0,0.00213301,0.0,0.00089381286,2.5257249e-14,1.9093563e-06
4.8627267e-09,1.6147136e-11,1.0013877e-07,5.4998967e-08,0.0,0.00061095285,2.8690619000000003e-22,0.0002862033,1.919873e-13,2.6068748e-05,1.595979e-34,0.0037204113,0.0,0.04557461,0.0,0.006925342,5.896829e-13,0.016591555,0.0,0.013387904,0.0,0.0013189192,0.0,0.00060963916,2.4611023e-14,1.667307e-06
4.862723e-09,6.3523405e-16,9.9863385e-08,2.3769603e-08,0.0,0.00047878307,1.9840721000000001e-22,0.0003109524,2.5429582e-13,1.8187975e-05,0.0,0.009033261,0.0,0.013875812,0.0,0.0060339426,7.21215e-13,0.045454226,0.0,0.005919592,0.0,0.0008691431,0.0,0.0004059194,2.492272e-14,1.2400006e-06
4.8627196e-09,1.4658024e-12,9.958875e-08,1.2912136e-08,0.0,0.00037643066,3.3768742e-22,0.0001416866,1.9079952e-13,1.7022516e-05,2.1799224e-34,0.0031233924,0.0,0.025677798,0.0,0.005329762,7.5260333e-13,0.010501069,0.0,0.011595664,0.0,0.0010172285,0.0,0.00042704586,2.4546866e-14,9.536422e-07
4.8627156e-09,1.2203082e-10,9.9314875e-08,9.4590185e-09,0.0,0.00037151706,3.431146e-22,8.507304e-05,4.5612754e-13,5.579591e-06,2.4725013e-34,0.0074053663,0.0,0.011593666,0.0,0.005353697,8.8548716e-13,0.056092255,0.0,0.008864368,0.0,0.0007911163,0.0,0.00033150543,2.2946641e-14,7.126451e-07
4.862712e-09,6.3157116e-16,9.904175e-08,1.4561848e-08,0.0,0.00030400077,2.6538954000000004e-22,6.8147674e-05,3.201828e-13,1.11274685e-05,6.7518593e-35,0.002763109,0.0,0.0155493645,0.0,0.0047925008,8.6325467e-13,0.008628455,0.0,0.0066430843,0.0,0.0007955159,0.0,0.0002901293,2.2332496e-14,4.758363e-07
4.7568105e-09,6.304806e-16,5.0376777e-08,1.5038971e-08,0.0,0.0003721796,1.8580009e-22,0.0001597426,3.2460926e-13,1.3418587e-05,2.487074e-35,0.005430172,0.0,0.016290974,0.0,0.005396588,9.554468e-13,0.04248161,0.0,0.009693165,0.0,0.00077320146,0.0,0.00032016324,2.4020215e-14,5.969039e-07
4.741729e-09,2.731632e-12,4.3403965e-08,2.3327253e-08,0.0,0.00043861446,2.6522824000000002e-22,0.00014543842,2.2800335e-13,2.33348e-05,2.0785155e-34,0.011913565,0.0,0.03539934,0.0,0.005797239,9.586595e-13,0.019949388,0.0,0.008483347,0.0,0.0015487651,0.0,0.00062746316,2.4439935e-14,1.0011439e-06
4.6240776e-09,1.3851817e-12,2.4105507e-08,3.7627004e-08,0.0,0.00043870058,2.8447892e-22,9.523685e-05,2.6910922e-13,2.3044038e-05,4.2223387e-35,0.0055880463,0.0,0.0053996854,0.0,0.005752591,9.812742e-13,0.046583083,0.0,0.00891815,0.0,0.001005834,0.0,0.00044797824,2.38688e-14,9.463793e-07
4.6240767e-09,1.3018622e-12,2.4039212e-08,3.370904e-08,0.0,0.00038212945,3.0834059e-22,5.0116352e-05,2.778804e-13,2.1158407e-05,5.139061599999998e-35,0.008719144,0.0,0.01692564,0.0,0.005370239,9.31278e-13,0.01603583,0.0,0.00927376,0.0,0.0015697379,0.0,0.00065596256,2.3555419e-14,1.0769581e-06
4.624076e-09,2.4451359e-12,2.3973099e-08,1.6507622e-08,0.0,0.00034034182,2.9780918000000005e-22,6.471967e-05,2.2840538e-13,2.2095215e-05,2.4997473e-34,0.002541669,0.0,0.012332758,0.0,0.0050815376,9.687597e-13,0.037547234,0.0,0.0076805307,0.0,0.00096316036,0.0,0.00040999783,2.2868892e-14,7.249577e-07
4.5948485e-09,2.3188372e-12,1.8996591e-08,2.3360988e-08,0.0,0.0003987628,2.9598076000000004e-22,7.588432e-05,2.1313169e-13,2.2440985e-05,1.9711179999999998e-34,0.006383491,0.0,0.03951062,0.0,0.005530972,9.19795e-13,0.022390414,0.0,0.016652865,0.0,0.0015618287,0.0,0.00068096985,2.3643327e-14,1.4566763e-06
4.580281e-09,1.9530026e-12,1.6622087e-08,1.0629617e-08,0.0,0.00036592263,3.4755588e-22,9.110401e-05,2.118512e-13,1.6255299e-05,1.9779917e-35,0.003931727,0.0,0.0074587436,0.0,0.0052130627,9.0408307e-13,0.03338408,0.0,0.006360439,0.0,0.0009076808,0.0,0.00041186484,2.2867162e-14,1.2013558e-06
4.5802806e-09,1.2437385e-12,1.6576372e-08,4.572095e-09,0.0,0.00040511772,3.003551e-22,0.00014462025,1.9328675e-13,1.3639613e-05,2.2406408e-34,0.011778052,0.0,0.0348158,0.0,0.005510284,8.9769517e-13,0.03191412,0.0,0.012897075,0.0,0.0015401628,0.0,0.00062106707,2.177739e-14,1.2571365e-06
4.5802797e-09,1.9591572e-12,1.6530782e-08,3.6017973e-09,0.0,0.00042877314,3.1140445e-22,0.00013868877,1.1637143e-13,2.2376698e-05,1.7393792e-34,0.00407804,0.0,0.004781512,0.0,0.0056816773,8.2415547e-13,0.013878592,0.0,0.006307331,0.0,0.0011420551,0.0,0.00052641996,2.146957e-14,1.4810159e-06
4.5802793e-09,5.99065e-16,1.648532e-08,2.2809197e-09,0.0,0.00042413242,2.3107016000000003e-22,0.00016903071,1.8095425e-13,1.3324015e-05,0.0,0.0099631995,0.0,0.011562912,0.0,0.005607772,8.023696e-13,0.06181711,0.0,0.012633988,0.0,0.0016846146,0.0,0.0007304712,2.1014848e-14,1.4565004e-06
4.580279e-09,5.998329500000001e-16,1.643998e-08,1.095472e-08,0.0,0.000489798,2.843314e-22,0.00038845238,1.1992576e-13,2.5038267e-05,1.7810151e-34,0.0036531491,0.0,0.038839947,0.0,0.006019053,6.8050773e-13,0.020078827,0.0,0.008049384,0.0,0.0012869432,0.0,0.00060007593,2.1335093e-14,1.8468678e-06
4.580278e-09,9.992955e-13,1.6394766e-08,6.8281174e-08,0.0,0.00060970266,2.5888236000000004e-22,0.00076303945,1.06803225e-13,3.6825804e-05,1.0346249e-34,0.015411363,0.0,0.009869426,0.0,0.006666215,6.6127925e-13,0.06890323,0.0,0.014055533,0.0,0.0015386811,0.0,0.0007260382,2.0565474e-14,2.5451193e-06
4.5802775e-09,1.2382252e-12,1.6349677e-08,4.742905e-08,0.0,0.0006513128,4.6243436e-23,0.0016489477,1.8725722e-13,2.6592097e-05,0.0,0.006533903,0.0,0.06616716,0.0,0.00687812,5.831741e-13,0.035186954,0.0,0.008026519,0.0,0.0012736543,0.0,0.00062497414,1.9104479e-14,2.518123e-06
4.580277e-09,7.9522033e-13,1.630471e-08,4.7314956e-08,0.0,0.00062261557,4.06306e-23,0.0018046348,1.613659e-13,3.3132266e-05,0.0,0.022940919,0.0,0.01839234,0.0,0.006718758,5.831405e-13,0.012519115,0.0,0.012496061,0.0,0.0015550443,0.0,0.0007352333,1.893842e-14,2.622103e-06
4.580276e-09,2.0964595e-12,1.625987e-08,2.318004e-08,0.0,0.00049513293,2.5683187e-23,0.000769847,1.4749882e-13,1.6637552e-05,0.0,0.008757569,0.0,0.03738994,0.0,0.005863778,6.360925e-13,0.07083408,0.0,0.0047645182,0.0,0.0009327387,0.0,0.00042623887,1.8916946e-14,1.4747293e-06
4.5802757e-09,2.2792794e-12,1.621515e-08,2.3905862e-08,0.0,0.00039230037,3.3523577000000003e-22,3.337463e-05,1.2345336e-13,2.0178897e-05,1.2130232e-34,0.008251702,0.0,0.006236024,0.0,0.0052413577,5.9631206e-13,0.011665788,0.0,0.006819602,0.0,0.00094949134,0.0,0.00038627602,1.831535e-14,8.1978936e-07
4.5802753e-09,6.0575387e-16,1.6170555e-08,3.9055656e-08,0.0,0.00040237105,2.4990755000000003e-22,9.703713e-05,1.4808062e-13,2.3909888e-05,7.303796e-35,0.0028965995,0.0,0.024859238,0.0,0.0054994323,6.6320034e-13,0.061830733,0.0,0.017651867,0.0,0.00085365435,0.0,0.00038082627,1.8027506e-14,8.1107453e-07
4.439108e-09,6.1324635e-16,1.561127e-08,2.9681953e-08,0.0,0.0004939165,2.2048651e-23,0.00037084284,1.8035867e-13,3.116791e-05,0.0,0.0047017955,0.0,0.008496954,0.0,0.0060222596,6.442944e-13,0.016849356,0.0,0.0056075784,0.0,0.00127431,0.0,0.0005623442,1.7866408e-14,1.5079379e-06
4.4250346e-09,3.4176684e-13,1.4207032e-08,2.2016819e-08,0.0,0.00046152322,2.9973064000000003e-24,0.00047326842,1.544628e-13,2.7408156e-05,0.0,0.021717407,0.0,0.051085114,0.0,0.0057098125,7.1385e-13,0.08160858,0.0,0.014821288,0.0,0.0010447876,0.0,0.00047893426,1.701783e-14,1.6272262e-06
4.425034e-09,9.686286e-13,1.41679575e-08,2.4284523e-08,0.0,0.00037387182,1.3297475e-22,0.00024584247,1.3578669e-13,1.8459747e-05,2.1609215e-36,0.007253293,0.0,0.009148931,0.0,0.0050816634,6.5380036e-13,0.0128441835,0.0,0.0035477593,0.0,0.0010187909,0.0,0.00042542463,1.6140502e-14,1.0313809e-06
4.4250337e-09,6.2727835e-16,1.4128991e-08,3.836539e-08,0.0,0.00042642409,1.102648e-22,0.00030232331,2.2065086e-13,1.8269853e-05,0.0,0.016429078,0.0,0.05109938,0.0,0.005559971,7.7272634e-13,0.07351908,0.0,0.0056244507,0.0,0.00071687414,0.0,0.00032281427,1.5807415e-14,8.197671e-07
4.4250332e-09,6.316345e-16,1.4090131e-08,6.843553e-08,0.0,0.00059014966,1.1230012000000001e-22,0.00043017606,1.8984094e-13,2.5788568e-05,5.682849e-37,0.005246234,0.0,0.009817509,0.0,0.0064623198,8.016969e-13,0.024144687,0.0,0.020547245,0.0,0.0015691855,0.0,0.0006968191,1.5163045e-14,1.5638255e-06
4.355768e-09,9.720626e-13,1.3783709e-08,3.7895024e-08,0.0,0.0005217295,2.3269726e-24,0.0007228776,1.7572737e-13,2.8896093e-05,0.0,0.016226439,0.0,0.03835857,0.0,0.00615256,8.873669e-13,0.03491669,0.0,0.0047071106,0.0,0.0015053466,0.0,0.0006965183,1.4522456e-14,1.9888478e-06
4.3557677e-09,9.890925e-13,1.3745798e-08,6.016875e-08,0.0,0.0006231214,4.19467e-23,0.0010208967,1.6159091e-13,3.3010754e-05,0.0,0.0044006817,0.0,0.0077493647,0.0,0.0068256264,9.873291e-13,0.04519118,0.0,0.012215798,0.0,0.0010637415,0.0,0.0005193912,1.481675e-14,1.9101967e-06
4.3557673e-09,1.8301732e-12,1.3707992e-08,3.7741636e-08,0.0,0.0005601132,6.6889757e-23,0.0008819543,1.0378738e-13,2.8106759e-05,0.0,0.012907039,0.0,0.046383925,0.0,0.0063690706,9.830182e-13,0.008338137,0.0,0.005964851,0.0,0.0014964431,0.0,0.00068251736,1.5275533e-14,1.8390975e-06
4.274206e-09,6.524230500000001e-16,1.627456e-08,3.0934125e-08,0.0,0.00054713525,4.7553154e-23,0.00087685644,1.2120526e-13,2.4351035e-05,2.880426e-36,0.0032771681,0.0,0.0067722467,0.0,0.006299241,1.1117383e-12,0.05194409,0.0,0.020401519,0.0,0.0011444372,0.0,0.00054891116,1.4519676e-14,1.7285776e-06
4.2073016e-09,1.3955222e-12,1.6017884e-08,3.3967588e-08,0.0,0.00054138916,1.2358253e-22,0.00028135217,1.3444602e-13,1.9815103e-05,1.8291824e-35,0.0058007454,0.0,0.035825614,0.0,0.0063052992,1.0356744e-12,0.00896198,0.0,0.005199409,0.0,0.0026084343,0.0,0.0011788759,1.4254202e-14,2.980939e-06
4.0279677e-09,6.539271700000002e-16,2.863552e-08,7.378236e-08,0.0,0.0006575328,9.100272e-23,0.0010972008,2.0390453e-13,3.0294133e-05,7.986421999999999e-36,0.023575531,0.0,0.007432193,0.0,0.0070243883,1.1033998e-12,0.079567015,0.0,0.019366132,0.0,0.0021307298,0.0,0.0010649817,1.431414e-14,3.4787222e-06
4.027967e-09,6.517831e-16,2.8556755e-08,1.2501636e-07,0.0,0.0009301626,1.2292961000000002e-22,0.0007802144,1.7214921e-13,3.9604372e-05,2.44464e-35,0.012585266,0.0,0.10501889,0.0,0.008465914,9.437032e-13,0.014256871,0.0,0.005853791,0.0,0.0023303325,0.0,0.00123308,1.39544155e-14,5.2748705e-06
4.027966e-09,2.7552922e-13,2.8478205e-08,1.9367893e-07,0.0,0.0010073143,7.9504135e-23,0.0029351756,1.4414353e-13,3.308346e-05,1.2732488e-35,0.027817601,0.0,0.04879367,0.0,0.008847429,9.684165e-13,0.12019397,0.0,0.029678492,0.0,0.005496293,0.0,0.0029147798,1.34325915e-14,1.3298439e-05
4.027965e-09,1.4016431e-12,2.8399871e-08,4.5927592e-07,0.0,0.0010686143,7.057124000000001e-23,0.0049877423,9.892916e-14,4.4277087e-05,4.740606e-36,0.017253611,0.0,0.023328835,0.0,0.009166955,7.750156e-13,0.026805336,0.0,0.0094908485,0.0,0.004319054,0.0,0.0024238292,1.26662275e-14,1.6808015e-05
4.027964e-09,6.339625e-16,2.8321752e-08,1.1434643e-06,0.0,0.0011452137,8.562467000000001e-23,0.006595256,1.6243928e-13,3.2453798e-05,8.908946e-36,0.005700228,0.0,0.097549126,0.0,0.009539943,8.8092375e-13,0.12556551,0.0,0.036778774,0.0,0.0045641786,0.0,0.0024309377,1.2505653e-14,1.615484e-05
4.0279633e-09,1.0477432e-12,2.824385e-08,1.1081108e-06,0.0,0.0014894214,1.0710088e-22,0.006569218,1.148814e-13,4.0304447e-05,1.2988234e-35,0.03930227,0.0,0.05705529,0.0,0.010814871,7.920762e-13,0.031319413,0.0,0.013296656,0.0,0.005350019,0.0,0.002978083,1.25162645e-14,1.995992e-05
4.0279624e-09,6.1433447e-16,2.816616e-08,2.15341e-06,0.0,0.0016190374,1.0278198e-22,0.0028648975,1.1132944e-13,4.271078e-05,8.505478e-36,0.020278687,0.0,0.027362283,0.0,0.011333878,9.680327e-13,0.05393379,0.0,0.020157702,0.0,0.010849279,0.0,0.0058900528,1.1876281e-14,3.577682e-05
4.0279615e-09,4.5763567e-13,2.8088685e-08,6.7277215e-06,0.0,0.0019949267,1.0777606e-22,0.0078149475,8.9657435e-14,6.272868e-05,6.41737e-36,0.025437005,0.0,0.23703216,0.0,0.012677525,1.0725047e-12,0.052888494,0.0,0.010426562,0.0,0.0072348863,0.0,0.0044533927,1.145241e-14,5.498429e-05
4.0279606e-09,5.885546e-16,2.8011423e-08,7.178704e-06,0.0,0.001993014,7.93853e-23,0.004157908,1.331977e-13,4.6210276e-05,2.9807903e-36,0.016386142,0.0,0.2134341,0.0,0.012819751,1.0243981e-12,0.012083424,0.0,0.039989397,0.0,0.0074211922,0.0,0.0043869936,1.10513735e-14,6.405479e-05
4.0279597e-09,5.772636500000002e-16,2.7934371e-08,1.1609747e-05,0.0,0.0022069407,1.0424398e-22,0.0043488475,1.2688392e-13,4.146575e-05,4.030414e-36,0.090588935,0.0,0.14709452,0.0,0.013707134,1.0428956e-12,0.25857857,0.0,0.017486151,0.0,0.0062743747,0.0,0.003850752,1.0687279e-14,7.1054936e-05
3.85627e-09,5.601175300000002e-16,6.6258406e-07,4.847195e-05,0.0,0.0027503895,9.070595e-23,0.0035827425,1.441582e-13,6.4777e-05,2.1854809e-36,0.093394496,0.0,0.06915704,0.0,0.01559174,6.827697e-13,0.14375699,0.0,0.04815029,0.0,0.021005964,0.0,0.012838691,1.0327809e-14,0.0001562226
3.8562504e-09,2.3872137e-13,6.607614e-07,0.000115399314,0.0,0.0027163753,7.346926e-23,0.010213593,1.11363785e-13,5.839909e-05,1.2532042e-36,0.06902668,0.0,0.03211231,0.0,0.015720887,3.561798e-13,0.06259713,0.0,0.041055057,0.0,0.014629199,0.0,0.009347899,1.00978414e-14,0.0002418218
3.725902e-09,5.26319e-16,8.708487e-07,0.0012205667,0.0,0.0029802702,7.020259000000001e-23,0.0062369993,1.0027987e-13,9.171678e-05,1.7579976e-36,0.036830325,0.0,0.040508226,0.0,0.016594136,3.5368036e-13,0.0312516,0.0,0.027518852,0.0,0.008512722,0.0,0.0056706625,9.960368e-15,0.00069282384
3.4413374e-09,4.975956e-13,1.645392e-06,0.0018678698,0.0,0.0028651722,4.6667156e-23,0.0072911712,1.01036035e-13,0.00014172,5.3553053e-37,0.00905511,0.0,0.03889847,0.0,0.016249884,3.3042566e-13,0.054843195,0.0,0.012650529,0.0,0.008907578,0.0,0.0054909117,9.471113e-15,0.0030117498
3.2846268e-09,6.841359e-13,1.6481985e-06,0.0011228689,0.0,0.0033739053,2.1104137e-23,0.040012535,8.855068e-14,0.00015441618,0.0,0.079695806,0.0,0.12819125,0.0,0.017894926,3.1410676e-13,0.039933886,0.0,0.10310076,0.0,0.009573444,0.0,0.0061589964,8.985136e-15,0.008525533
3.193199e-09,4.695754e-16,1.5071238e-06,0.0011323956,0.0,0.0035626641,2.6499020000000004e-23,0.016946996,9.1224405e-14,9.7403325e-05,3.4523645e-37,0.09170383,0.0,0.08815113,0.0,0.018672746,3.0549223e-13,0.039072793,0.0,0.063595064,0.0,0.02312123,0.0,0.014496524,8.614064e-15,0.03222129
3.1931622e-09,3.6387824e-14,1.5029769e-06,0.0021814522,0.0,0.004252445,4.6125985e-23,0.008916345,7.5248205e-14,0.00020106207,8.18788e-37,0.07416099,0.0,0.033706456,0.0,0.020611046,2.592123e-13,0.02892991,0.0,0.03163873,0.0,0.014917783,0.0,0.010082901,8.152174e-15,0.0048058946
3.1931253e-09,4.8514442e-14,1.4988416e-06,0.0012793555,0.0,0.005017508,4.084469000000001e-23,0.02508485,5.6134198e-14,0.00036969833,4.705126599999999e-37,0.048423644,0.0,0.09752169,0.0,0.022787986,2.2979066e-13,0.13208883,0.0,0.07097101,0.0,0.01118653,0.0,0.0078318585,7.61748e-15,0.032149307
3.1729113e-09,1.07667706e-13,1.6515361e-06,0.008961725,0.0,0.0060344585,2.6777893e-23,0.052908637,3.7242924e-14,0.00092073984,5.457478999999999e-38,0.039677955,0.0,0.19081382,0.0,0.02538133,2.412913e-13,0.23691022,0.0,0.07030965,0.0,0.020245478,0.0,0.01390104,7.1707785e-15,0.012878213
3.1134697e-09,2.0465978e-13,2.7838378e-06,0.01374458,0.0,0.006431264,1.7939828e-23,0.06315516,2.8719933e-14,0.0017868404,0.0,0.022435894,0.0,0.17850108,0.0,0.026482226,1.8211937e-13,0.20634718,0.0,0.0514204,0.0,0.011396753,0.0,0.008344728,6.7329535e-15,0.021565523
3.113403e-09,3.4265265e-16,2.776178e-06,0.021536684,0.0,0.0061263205,2.2713853e-23,0.05111553,5.6209178e-14,0.0028264234,1.9307971e-37,0.22318204,0.0,0.16852729,0.0,0.026284331,1.4464235e-13,0.14317314,0.0,0.026734259,0.0,0.021234332,0.0,0.0142670795,6.2412496e-15,0.004461484
3.083924e-09,3.1075519e-16,2.830166e-06,0.026085148,0.0,0.006564302,1.4965714e-23,0.05223506,8.426685e-14,0.0050853062,5.542272999999999e-38,0.24786633,0.0,0.12353525,0.0,0.027920518,2.2851114e-13,0.075111195,0.0,0.019717129,0.0,0.012889294,0.0,0.009333429,5.846868e-15,0.027561845
2.988833e-09,2.7329616e-16,4.7310045e-06,0.025486793,0.0,0.007339131,5.8093589999999996e-24,0.030591551,1.34749e-13,0.015244338,0.0,0.1924121,0.0,0.074373305,0.0,0.030615797,2.8700932e-13,0.032331906,0.0,0.124928266,0.0,0.024048397,0.0,0.016771613,5.7565397e-15,0.06983562
2.9887244e-09,2.4068108e-16,4.717986e-06,0.027577022,0.0,0.0089035,9.525149e-24,0.051980373,1.2406607e-13,0.006061242,0.0,0.1502384,0.0,0.058546145,0.0,0.03423446,3.6985746e-13,0.16873759,0.0,0.08370584,0.0,0.015984055,0.0,0.011749407,3.2600763e-15,0.0689764
2.9886162e-09,2.0770606e-16,4.705004e-06,0.028161388,0.0,0.010259897,1.1823723e-23,0.046922978,9.378304e-14,0.011871513,8.406577e-38,0.09132667,0.0,0.028358908,0.0,0.037470125,1.772926e-13,0.16107756,0.0,0.050405197,0.0,0.033549722,0.0,0.02396204,3.280879e-15,0.03362755
2.9306988e-09,2.9021745e-13,6.7688015e-06,0.02469229,0.0,0.010071323,9.898066500000001e-24,0.062387273,6.973809e-14,0.008460278,5.331475400000001e-38,0.05475935,0.0,0.11739212,0.0,0.038136162,1.2296479e-13,0.22587827,0.0,0.029981345,0.0,0.02124014,0.0,0.01583503,3.0873707e-15,0.018316843
2.9139327e-09,3.123057e-13,6.5942354e-06,0.02243213,0.0,0.010928856,7.502157e-24,0.042409517,5.2629867e-14,0.014880231,2.8833994000000004e-38,0.08108129,0.0,0.27672642,0.0,0.040521704,1.08700185e-13,0.26796758,0.0,0.040906478,0.0,0.019154152,0.0,0.014235043,2.998716e-15,0.14367369
2.798422e-09,1.3563511e-16,1.4475318e-05,0.032509953,0.0,0.012915596,7.428268e-24,0.04124727,5.099013e-14,0.031669453,1.7501676e-38,0.058386948,0.0,0.21364838,0.0,0.04500065,9.255879e-14,0.2780049,0.0,0.033092912,0.0,0.04660685,0.0,0.03357584,1.818635e-15,0.061739586
2.3623343e-09,1.7975797e-13,6.472269e-05,0.012852178,0.0,0.014507333,5.6509057e-24,0.030627303,3.2222712e-14,0.035175867,1.0305728e-38,0.026387546,0.0,0.11305215,0.0,0.048818685,6.36539e-14,0.26034966,0.0,0.073196456,0.0,0.034771185,0.0,0.02650663,1.8351447e-15,0.026075747
2.2887783e-09,1.0416124e-16,3.954555e-05,0.0602023,0.0,0.015640926,3.595668e-24,0.08966295,3.0516917e-14,0.019906227,3.1661480000000005e-39,0.32699114,0.0,0.17193846,0.0,0.052207746,4.2814754e-14,0.21802573,0.0,0.046866924,0.0,0.026791934,0.0,0.020559954,2.0423455e-15,0.070195414
2.2454179e-09,3.4263453e-13,2.8874882e-05,0.008660728,0.0,0.015695333,3.7425084000000005e-24,0.09661435,1.8745713e-14,0.024319965,4.70815e-39,0.3156576,0.0,0.18950264,0.0,0.05399644,3.0739063e-14,0.16387026,0.0,0.040259097,0.0,0.041361988,0.0,0.030813323,1.4786881e-15,0.092511505
1.9088635e-09,3.2695998e-13,8.534894e-05,0.049206197,0.0,0.018042216,3.2558477e-24,0.05730979,1.31004665e-14,0.025343738,4.585103e-39,0.23068856,0.0,0.16507302,0.0,0.05882729,2.2946309e-14,0.10009927,0.0,0.06291478,0.0,0.033626784,0.0,0.026404163,1.7413545e-15,0.10742632
1.5468137e-09,1.0862246e-13,0.00014958688,0.009116009,0.0,0.019993907,2.4152016e-24,0.10532935,8.194637e-15,0.09804835,1.113776e-39,0.23036826,0.0,0.13639764,0.0,0.06298565,2.0676211e-14,0.10494639,0.0,0.048764188,0.0,0.03402962,0.0,0.026297685,1.3998802e-15,0.04577124
1.4750134e-09,6.000157e-14,8.707324e-05,0.06286359,0.0,0.021919336,1.1419415e-24,0.0588005,7.151498e-15,0.053485163,4.48344e-40,0.17026556,0.0,0.06400338,0.0,0.06713833,1.6381502e-14,0.13659886,0.0,0.050824147,0.0,0.043212283,0.0,0.033199295,1.4447366e-15,0.15887243
1.4740272e-09,7.37713e-14,8.68335e-05,0.021827707,0.0,0.02245757,8.8505845e-25,0.02105511,4.134982e-15,0.011847467,0.0,0.09712147,0.0,0.013452079,0.0,0.07013405,1.0147364e-14,0.15594915,0.0,0.054105308,0.0,0.03688243,0.0,0.028705666,5.519841600000001e-16,0.24449302
1.4084548e-09,6.871074e-14,7.5397475e-05,0.03397869,0.0,0.023849487,9.649819e-25,0.16641799,3.074676e-15,0.050551314,6.1646600000000005e-40,0.2022997,0.0,1.0099112,0.0,0.074222885,5.4694645e-15,0.16459294,0.0,0.05612859,0.0,0.059555452,0.0,0.04513512,4.247863e-16,0.1706513
1.2616657e-09,5.6704814e-14,0.00014475365,0.009723751,0.0,0.025851179,6.614081000000001e-25,0.21688528,1.9471706e-15,0.011682815,3.60174e-40,0.24574542,0.0,0.6887246,0.0,0.07850717,3.0567774e-15,0.15429631,0.0,0.05943235,0.0,0.05028089,0.0,0.039762776,5.129139700000002e-16,0.12212738
1.189044e-09,1.3121776e-13,0.00011464094,0.036078595,0.0,0.025556508,8.3626405e-25,0.20138426,1.240913e-15,0.045975752,2.54224e-40,0.21786682,0.0,0.46721798,0.0,0.08000756,1.9973024e-15,0.12263178,0.0,0.0607636,0.0,0.043448,0.0,0.03416613,6.042478e-16,0.07233657
1.1806204e-09,1.7369526e-13,9.4631774e-05,0.017228724,0.0,0.024256185,4.638115e-25,0.22026353,8.955483e-16,0.014309865,2.7154000000000004e-41,0.26953086,0.0,0.33214566,0.0,0.08019144,1.6505315e-15,0.07760974,0.0,0.059194144,0.0,0.051504232,0.0,0.038605947,7.492189e-16,0.13649122
1.1614945e-09,1.5702593e-17,7.515006e-05,0.04396627,0.0,0.026437594,3.357023e-25,0.2098069,8.636934e-15,0.06471043,0.0,0.23636764,0.0,0.2123957,0.0,0.08409712,1.2642004e-15,0.036284253,0.0,0.06427466,0.0,0.04572765,0.0,0.03568387,3.9053055000000006e-16,0.08228455
1.1608242e-09,1.2609668e-17,7.494312e-05,0.0068626413,0.0,0.028907659,4.260132e-25,0.13337113,1.4374388e-14,0.038255513,6.976e-42,0.15972042,0.0,0.09712562,0.0,0.088553034,9.006268e-16,0.15799946,0.0,0.06678809,0.0,0.050985213,0.0,0.039570004,4.0619052000000005e-16,0.045670286
1.1042492e-09,1.1686085000000001e-17,0.000119405595,0.02936963,0.0,0.030174617,3.3976402e-25,0.12448043,1.5242768e-14,0.03190719,3.88e-42,0.35624292,0.0,0.055672746,0.0,0.091839746,3.1275953e-16,0.19575872,0.0,0.07008947,0.0,0.04895787,0.0,0.038269147,4.5226467e-16,0.009149703
1.0998145e-09,8.422101e-14,0.000110234454,0.024720713,0.0,0.02955357,3.2260347999999998e-25,0.14462046,1.0427281e-14,0.02883092,1.3910000000000003e-42,0.333298,0.0,0.15169881,0.0,0.093224876,1.1405259e-16,0.20091806,0.0,0.06930696,0.0,0.069286324,0.0,0.05196725,5.1700996e-16,0.16352257
1.0767585e-09,3.5798523e-14,0.00017436629,0.03560842,0.0,0.033207074,1.6708682e-25,0.22576661,7.0814407e-15,0.033174455,1.3500000000000002e-43,0.2545322,0.0,0.12467611,0.0,0.098330915,7.3960515e-17,0.17506868,0.0,0.0738152,0.0,0.062474545,0.0,0.04947998,2.554029e-16,0.08904595
1.031934e-09,5.0249172e-14,0.0027008925,0.008134187,0.0,0.036748618,1.8151728e-25,0.14966568,3.7378264e-15,0.117581315,5.7e-44,0.18074615,0.0,0.24672177,0.0,0.10341483,6.957193000000001e-17,0.12482882,0.0,0.07734447,0.0,0.05709634,0.0,0.045452658,2.4002584000000004e-16,0.030163255
9.483221e-10,3.8747803e-14,0.0007814344,0.06546225,0.0,0.03853277,1.4167529e-25,0.1801141,2.1692368e-15,0.07180463,6e-45,0.108072184,0.0,0.17660016,0.0,0.107074164,4.4027740000000004e-17,0.059809357,0.0,0.081155576,0.0,0.0612712,0.0,0.048380893,3.0116352e-16,0.110741965
9.426471e-10,4.4751948e-18,0.00077928253,0.03227068,0.0,0.040043276,9.765878e-26,0.10060545,1.8601538e-14,0.0479096,1e-45,0.0548091,0.0,0.108995855,0.0,0.11056701,3.266563e-17,0.020038342,0.0,0.08324231,0.0,0.060596336,0.0,0.047865983,3.9473268e-16,0.23309535
9.370216e-10,9.1984195e-15,0.00077713653,0.02099554,0.0,0.041217655,5.538881e-26,0.18362476,9.734788e-15,0.05910903,0.0,0.27378294,0.0,0.0591043,0.0,0.11366695,2.6498648e-17,0.761782,0.0,0.08471665,0.0,0.07717193,0.0,0.05991657,1.8562871e-16,0.15915118
9.2625746e-10,8.503034e-14,0.00062787504,0.037890323,0.0,0.03964086,5.364465999999999e-26,0.1704618,6.9454372e-15,0.023980014,0.0,0.2428012,0.0,0.2289615,0.0,0.11407907,1.4782901e-16,0.4246577,0.0,0.085826,0.0,0.066316284,0.0,0.052656732,1.7834349000000002e-16,0.08388874
8.579992e-10,6.866997e-14,0.007974863,0.023573888,0.0,0.040220406,5.995978e-26,0.16168776,4.63593e-15,0.09700944,0.0,0.19347055,0.0,0.10904813,0.0,0.11633897,2.5864776e-17,0.29990694,0.0,0.0878277,0.0,0.06374115,0.0,0.05028217,1.7572388000000002e-16,0.1346592
7.446282e-10,2.342927e-18,0.0020974446,0.04104,0.0,0.040412143,4.6061693e-26,0.19744736,1.8211588e-14,0.085625514,0.0,0.12790138,0.0,0.15306453,0.0,0.1183503,6.649773599999999e-18,0.21761474,0.0,0.087729216,0.0,0.07689207,0.0,0.058862135,2.2417e-16,0.083466604
6.8863376e-10,1.7767638e-14,0.012264132,0.01579539,0.0,0.0439759,3.4416907e-26,0.2056981,9.228975e-15,0.03017113,0.0,0.06790163,0.0,0.093348615,0.0,0.12289142,4.3692234e-18,0.14320254,0.0,0.09205305,0.0,0.07104093,0.0,0.056847334,2.7131887000000004e-16,0.21266021
6.277723e-10,1.6919296e-18,0.006008642,0.06707847,0.0,0.043346763,1.9699257e-26,0.19689323,8.3140926e-15,0.03205897,0.0,0.040135935,0.0,0.33806968,0.0,0.12415141,3.5889580000000004e-18,0.070777714,0.0,0.092941575,0.0,0.068050005,0.0,0.053648848,1.3334064000000002e-16,0.1361175
5.9945726e-10,1.2159440000000001e-18,0.005992095,0.01175262,0.0,0.04231648,2.2875583e-26,0.13005506,1.1060184e-14,0.032393172,0.0,0.36882168,0.0,0.15997739,0.0,0.12475878,3.3308495e-18,0.04604867,0.0,0.093342364,0.0,0.07757478,0.0,0.0592065,9.598651e-17,0.13172895
5.5241167e-10,1.1230444e-18,0.0017780634,0.045667045,0.0,0.042972032,9.717436e-27,0.084424265,1.0928022e-14,0.027359942,0.0,0.3308603,0.0,0.07167945,0.0,0.12631956,3.0284027e-18,0.03517903,0.0,0.09432466,0.0,0.07032949,0.0,0.05539825,1.09355553e-16,0.051291984
5.4491844e-10,2.3233045e-14,0.0017731669,0.012438063,0.0,0.0444504,1.99513e-26,0.060494684,6.6447422e-15,0.048052058,0.0,0.22699492,0.0,0.04454324,0.0,0.12853056,2.7663362e-18,0.021907698,0.0,0.09733835,0.0,0.07266388,0.0,0.05709942,1.2618533e-16,0.06431883
5.350705e-10,8.17386e-19,0.0028284495,0.04159881,0.0,0.04563066,1.3533744e-26,0.11547749,1.4620771e-14,0.059032083,0.0,0.17055812,0.0,0.4086939,0.0,0.13097483,3.877955e-18,0.8211679,0.0,0.09766574,0.0,0.07410374,0.0,0.057330444,1.5705426e-16,0.15294893
5.16687e-10,6.607106e-19,0.0023636718,0.042584747,0.0,0.04591723,9.390404e-27,0.18004265,1.9075075e-14,0.038016614,0.0,0.108085684,0.0,0.2195371,0.0,0.13227434,4.5463216e-17,0.40256372,0.0,0.10033921,0.0,0.074756846,0.0,0.05845232,7.674041e-17,0.10772906
5.0534243e-10,2.1312702e-17,0.0017904077,0.030926356,0.0,0.04605596,1.09083925e-26,0.20266013,1.6727491e-14,0.047644258,0.0,0.06463725,0.0,0.107441485,0.0,0.1336125,7.274008e-18,0.21403997,0.0,0.09991593,0.0,0.0753936,0.0,0.058336843,6.469134e-17,0.10210487
4.894992e-10,5.3630826e-14,0.00094166794,0.023103287,0.0,0.043636266,9.546375e-27,0.19320393,8.71506e-15,0.02004897,0.0,0.061670907,0.0,0.046394307,0.0,0.1327101,3.3507378e-18,0.14632429,0.0,0.10083408,0.0,0.07755162,0.0,0.060064696,7.4333375e-17,0.036007326
4.693695e-10,2.321564e-17,0.0009078823,0.024590932,0.0,0.04302461,6.892116e-27,0.24323066,6.7559505e-15,0.03773142,0.0,0.025066623,0.0,0.0488695,0.0,0.13275845,3.8023814e-18,0.10915737,0.0,0.101632185,0.0,0.07651511,0.0,0.059533488,9.772769e-17,0.060515255
4.6487103e-10,6.0248347e-16,0.0020281768,0.02988502,0.0,0.04394527,7.4631326e-27,0.20580588,5.347175e-15,0.025723187,0.0,0.28397647,0.0,0.06730445,0.0,0.13392878,4.0394513e-18,0.06706727,0.0,0.10183662,0.0,0.08056145,0.0,0.062143452,8.224019000000001e-17,0.09823835
4.49708e-10,1.6266456e-14,0.0029711544,0.014903867,0.0,0.046600986,6.3039393e-27,0.13849169,3.8460475e-15,0.05167595,0.0,0.25572672,0.0,0.09881152,0.0,0.13631496,7.207176e-15,0.022658795,0.0,0.10359897,0.0,0.07773412,0.0,0.06104303,9.304247e-17,0.099915706
4.2582196e-10,3.7408858e-14,0.0012047444,0.052440915,0.0,0.04391515,5.2569675000000005e-27,0.13485725,2.5365465e-15,0.018901175,0.0,0.20838474,0.0,0.4358239,0.0,0.13536996,1.1847043e-14,0.40770453,0.0,0.10297483,0.0,0.081897765,0.0,0.062733516,7.738497e-17,0.031295933
4.0779236e-10,2.7386728e-14,0.002002758,0.02332995,0.0,0.043064762,4.9457573e-27,0.09594708,1.8649933e-15,0.07597932,0.0,0.14344758,0.0,0.2284538,0.0,0.13506785,7.08761e-15,0.17875482,0.0,0.102214634,0.0,0.07535545,0.0,0.058530293,8.688532000000001e-17,0.15220425
3.9344944e-10,2.1497718e-14,0.00095494173,0.025029713,0.0,0.043305602,3.880191e-27,0.0376422,1.1162654e-15,0.040921405,0.0,0.0910996,0.0,0.11536012,0.0,0.13577609,2.8671108e-15,0.11080968,0.0,0.10229307,0.0,0.082736515,0.0,0.06345253,3.1907867e-17,0.16018079
3.8954823e-10,5.4967756e-14,0.0008265487,0.021038815,0.0,0.043859977,1.843579e-27,0.099398665,7.500070700000002e-16,0.029665897,0.0,0.030758474,0.0,0.044653337,0.0,0.13640602,1.4875968e-15,0.07363146,0.0,0.102132626,0.0,0.076410316,0.0,0.059388332,2.6238409e-17,0.08182102
3.81593e-10,3.0966535e-14,0.0008930785,0.018482836,0.0,0.043501873,1.0236698e-27,0.12778771,6.1652823e-16,0.029909667,0.0,0.21959177,0.0,0.034696404,0.0,0.13652276,9.871219e-16,0.046658374,0.0,0.103387184,0.0,0.08319447,0.0,0.06415489,2.4927728e-17,0.030225508
3.7898432e-10,4.080144e-14,0.0008906192,0.06287043,0.0,0.04381972,1.1831508e-27,0.15880123,3.9102138e-16,0.048339766,0.0,0.21550429,0.0,0.0957874,0.0,0.1370094,8.858904e-16,0.010653473,0.0,0.102338456,0.0,0.07715754,0.0,0.05983626,3.0393895e-17,0.10375476
3.7110506e-10,1.3784734e-14,0.0005587105,0.03160516,0.0,0.043629613,4.609357e-28,0.13323118,1.3055764e-15,0.043830298,0.0,0.16794482,0.0,0.14881384,0.0,0.13730936,9.191636e-16,0.7623273,0.0,0.10240321,0.0,0.08397071,0.0,0.064404145,3.6319605e-17,0.151229
3.5331113e-10,4.9009593e-15,0.0008579771,0.021319477,0.0,0.044823717,6.149673e-28,0.0794588,8.896577e-16,0.027965566,0.0,0.10122678,0.0,0.098899215,0.0,0.13804564,9.81975e-15,0.4963524,0.0,0.105266936,0.0,0.07847402,0.0,0.061958585,2.4044114e-17,0.068652466
3.509904e-10,1.9121284e-14,0.00085561443,0.03073786,0.0,0.045326862,3.15888e-28,0.062291674,6.45616e-16,0.03123245,0.0,0.07987783,0.0,0.6436288,0.0,0.13833676,6.400876e-15,0.35947463,0.0,0.10401364,0.0,0.078697525,0.0,0.060572635,2.5889547e-17,0.015118464
3.4869124e-10,2.4252486e-14,0.0008532583,0.03175439,0.0,0.04461243,7.8726046e-28,0.081017435,3.8362419e-16,0.044439115,0.0,0.06344643,0.0,0.32303217,0.0,0.1378875,1.4186597e-15,0.2551744,0.0,0.103133485,0.0,0.07771839,0.0,0.05943058,2.978639e-17,0.19947873
3.211875e-10,1.7792323e-14,0.0007686411,0.024614453,0.0,0.042724457,5.23874e-28,0.06618853,2.7599454000000004e-16,0.03673823,0.0,0.33512187,0.0,0.14957099,0.0,0.13647693,7.86672e-16,0.15391472,0.0,0.10181812,0.0,0.08411133,0.0,0.06353863,1.5020531e-17,0.12627609
2.7259345e-10,1.0268759e-14,0.020765876,0.01996273,0.0,0.041759543,2.339487e-28,0.0761693,2.0390923e-16,0.01720084,0.0,0.3394385,0.0,0.12813354,0.0,0.13537902,1.5221697e-15,0.05360911,0.0,0.10030045,0.0,0.07407011,0.0,0.057198405,1.25984355e-17,0.045417584
2.3240403e-10,8.887308e-15,0.020708697,0.03683218,0.0,0.040956687,3.7376994e-28,0.06614299,1.5023262000000002e-16,0.07325305,0.0,0.25014162,0.0,0.15121627,0.0,0.1344665,1.7159904e-15,0.104254544,0.0,0.100445956,0.0,0.07383198,0.0,0.056603458,1.4119842e-17,0.058251463
1.9822691e-10,2.273687e-14,0.020651674,0.008828799,0.0,0.037973113,4.190059e-28,0.019255113,7.522608000000001e-17,0.029131662,0.0,0.16168492,0.0,0.07144374,0.0,0.1317861,9.695618e-16,0.09534715,0.0,0.09614493,0.0,0.07112547,0.0,0.053151887,1.6833165e-17,0.107084185
1.7280677e-10,1.6200743e-14,0.011874151,0.021518527,0.0,0.038017385,2.3779984000000003e-28,0.05878986,7.1246515e-17,0.0133089805,0.0,0.11768501,0.0,0.33497733,0.0,0.1310637,5.786468e-16,0.06898092,0.0,0.09392687,0.0,0.06788642,0.0,0.049872227,9.943127e-18,0.062189974
1.5808728e-10,1.2964807e-17,0.005482895,0.014532957,0.0,0.037113044,1.5919907e-28,0.046546143,1.5851205e-16,0.043339793,0.0,0.061945044,0.0,0.24965987,0.0,0.12963732,4.1450632e-16,0.032986697,0.0,0.091989756,0.0,0.06679059,0.0,0.048070733,1.0613627e-17,0.05291528
1.5134582e-10,1.330926e-14,0.004067078,0.03004966,0.0,0.03837054,2.2379487e-28,0.05589401,1.1491234e-16,0.012702838,0.0,0.03219779,0.0,0.1576638,0.0,0.12980956,3.1664625e-16,0.04965331,0.0,0.0912762,0.0,0.0651555,0.0,0.047688168,1.4529420000000002e-17,0.10090826
1.4587499e-10,5.556396e-15,0.0057272296,0.01371519,0.0,0.034138735,2.2770621e-28,0.032052957,9.1122256e-17,0.03334048,0.0,0.18495841,0.0,0.08543244,0.0,0.12586746,2.1746491e-16,0.13724425,0.0,0.08739972,0.0,0.06518968,0.0,0.046360306,8.32871e-18,0.06282053
1.396089e-10,9.743531000000001e-18,0.005108896,0.021309074,0.0,0.033307787,2.2782863e-28,0.028317785,6.4562556e-16,0.018492471,0.0,0.19296356,0.0,0.07502338,0.0,0.124157734,9.455235e-17,0.117198855,0.0,0.08751679,0.0,0.058306977,0.0,0.04244746,1.0271469000000001e-17,0.023127606
1.3353406e-10,8.980382e-18,0.0030952378,0.034262374,0.0,0.034047503,1.8277923e-28,0.018953428,7.213369600000002e-16,0.06429522,0.0,0.1487461,0.0,0.11995993,0.0,0.12408022,5.864621e-17,0.06469481,0.0,0.0875077,0.0,0.07270485,0.0,0.052515727,1.4129224e-17,0.11351157
1.2869361e-10,6.932549e-15,0.0017706886,0.0061632064,0.0,0.034015153,1.4094548e-28,0.07262902,5.2435183e-16,0.021566927,0.0,0.105741926,0.0,0.08969516,0.0,0.12350505,5.0737164000000004e-17,0.051380012,0.0,0.08669763,0.0,0.06186659,0.0,0.045685984,8.192345e-18,0.067401685
1.2695513e-10,7.437467e-18,0.0017658132,0.018283386,0.0,0.034777712,6.900923e-29,0.034152944,7.060199600000001e-16,0.030811097,0.0,0.048818275,0.0,0.09612038,0.0,0.12349106,9.808879e-16,0.039554402,0.0,0.08812919,0.0,0.060497217,0.0,0.044352073,9.28101e-18,0.06065747
1.2524481e-10,6.897550599999999e-18,0.0017609511,0.031482622,0.0,0.03351499,8.550472000000001e-29,0.017920913,1.4040708e-15,0.026524665,0.0,0.016988693,0.0,0.040785138,0.0,0.12191071,1.0927356e-15,0.16873616,0.0,0.08669075,0.0,0.07078284,0.0,0.05090254,1.2166818e-17,0.05783808
1.2299142e-10,6.0098733e-18,0.0013375866,0.0095447,0.0,0.034540456,1.1250616e-28,0.027092686,2.227328e-15,0.027958825,0.0,0.0868255,0.0,0.021353288,0.0,0.12195723,1.0696308e-15,0.17818397,0.0,0.08703442,0.0,0.06242671,0.0,0.04658418,1.22083884e-17,0.024491206
1.1977622e-10,5.654126499999999e-18,0.00075490493,0.019226877,0.0,0.03442435,1.4106295e-28,0.05077878,2.0572217e-15,0.028007157,0.0,0.073355876,0.0,0.1576669,0.0,0.12167777,1.0506122e-15,0.14272761,0.0,0.085947916,0.0,0.05867452,0.0,0.043217756,1.36906754e-17,0.10741948
1.06806244e-10,5.168806399999999e-18,0.0011650542,0.025885038,0.0,0.032655858,8.461312e-29,0.034148965,2.104504e-15,0.029461164,0.0,0.043569602,0.0,0.24813436,0.0,0.11962299,1.0333663e-15,0.1915754,0.0,0.08412215,0.0,0.06506548,0.0,0.04647122,6.876745e-18,0.0518433
1.00594644e-10,4.5870494e-18,0.011664437,0.016363999,0.0,0.033425223,7.1009073e-29,0.020669576,2.1774657e-15,0.022340218,0.0,0.033493847,0.0,0.19229254,0.0,0.119564384,3.1289895e-16,0.15495236,0.0,0.088347666,0.0,0.0628759,0.0,0.047577284,7.67184e-18,0.08451012
8.93648e-11,4.2062436e-15,0.0061037666,0.038798876,0.0,0.0324872,1.0584096e-28,0.0428793,1.4461924e-15,0.037841484,0.0,0.026911773,0.0,0.104053065,0.0,0.11846301,1.6884638e-16,0.07753642,0.0,0.08767379,0.0,0.06432394,0.0,0.04751852,9.733085e-18,0.11173283
8.527176e-11,3.3912747e-18,0.006086961,0.019137435,0.0,0.03390597,7.123149000000001e-29,0.022174302,1.1385549e-15,0.010946933,0.0,0.024167128,0.0,0.14912151,0.0,0.11976136,3.7265387e-16,0.015640898,0.0,0.086559385,0.0,0.05964455,0.0,0.044116247,7.5012965e-18,0.03591031
8.140032e-11,3.0638398e-18,0.005183097,0.044247765,0.0,0.033678237,6.200992e-29,0.061803322,1.6577323e-15,0.074055105,0.0,0.021896204,0.0,0.12891677,0.0,0.11938664,1.7235775e-15,0.7696403,0.0,0.08665849,0.0,0.069307484,0.0,0.050440907,8.6879185e-18,0.027591772
7.751837e-11,6.295836e-15,0.0026965335,0.0051842034,0.0,0.033061974,4.3039936e-29,0.023405652,8.523482e-16,0.026276706,0.0,0.035058647,0.0,0.092439115,0.0,0.11861501,1.16301164e-14,0.36789688,0.0,0.08516252,0.0,0.06060879,0.0,0.045217082,1.0055864e-17,0.046414904
7.500809e-11,5.1103264e-15,0.0015565385,0.02235853,0.0,0.032049783,4.4195016e-29,0.025478618,6.475935e-16,0.019708417,0.0,0.011156928,0.0,0.037043195,0.0,0.117331624,1.4774644e-15,0.21067156,0.0,0.08259481,0.0,0.057457272,0.0,0.0417959,9.683276000000001e-18,0.028369991
7.229741e-11,1.9864052e-18,0.002335133,0.022802206,0.0,0.031404804,3.6826370000000003e-29,0.04950082,8.666554e-16,0.040313702,0.0,0.28677598,0.0,0.041092835,0.0,0.11594144,8.744703e-16,0.14142226,0.0,0.08178054,0.0,0.05674265,0.0,0.04076722,1.1106945e-17,0.090342686
7.061261e-11,5.590063e-15,0.0016503729,0.01902334,0.0,0.030395692,3.7886533e-29,0.05704991,5.663114e-16,0.022828469,0.0,0.28651354,0.0,0.25148863,0.0,0.11428533,6.4046723e-16,0.077449694,0.0,0.08105527,0.0,0.053273633,0.0,0.038580384,5.942013499999999e-18,0.06900637
6.972314e-11,3.3937042e-15,0.0016458291,0.023675473,0.0,0.029697992,3.0294204e-29,0.06466497,4.734534e-16,0.02983983,0.0,0.24219489,0.0,0.20695657,0.0,0.11282473,5.4643377e-16,0.025163531,0.0,0.07983774,0.0,0.05824638,0.0,0.041095622,6.1870103e-18,0.01463348
6.380626e-11,1.3537368e-18,0.0008641871,0.017485498,0.0,0.028986067,4.1804783e-29,0.0989685,7.917069e-16,0.008615369,0.0,0.17589115,0.0,0.13812405,0.0,0.111243986,5.380186e-16,0.16971758,0.0,0.07797768,0.0,0.051575422,0.0,0.03736348,7.786294e-18,0.13920027
6.3384124e-11,2.7868775e-14,0.0008618078,0.023943072,0.0,0.028340917,2.7991403e-29,0.049488384,9.126988e-16,0.032851998,0.0,0.1269639,0.0,0.13166182,0.0,0.11026906,4.2469335e-16,0.12739316,0.0,0.07685811,0.0,0.06002091,0.0,0.042135835,4.3538507e-18,0.064868785
6.189406e-11,2.5183086e-13,0.00050887035,0.024370894,0.0,0.02766253,1.6024945e-29,0.04326403,8.727366e-16,0.014767975,0.0,0.069307156,0.0,0.07915885,0.0,0.108583614,2.3799823000000004e-16,0.11808007,0.0,0.07452539,0.0,0.049553454,0.0,0.035663113,4.5620702e-18,0.012090051
6.1110284e-11,9.620367e-19,0.00042959212,0.016553719,0.0,0.026471863,1.9538325e-29,0.01742749,1.3168116e-15,0.049687624,0.0,0.021708434,0.0,0.03398022,0.0,0.1068405,1.6193811000000002e-16,0.09591952,0.0,0.07414571,0.0,0.049820494,0.0,0.034675486,5.5667274e-18,0.09467777
5.961573e-11,7.973219e-16,0.0042111077,0.032532513,0.0,0.028060697,2.2803e-29,0.07625739,7.671676e-16,0.010922457,0.0,0.03908466,0.0,0.07758605,0.0,0.10759804,1.5153453000000002e-16,0.0729833,0.0,0.076292366,0.0,0.048872538,0.0,0.03499102,4.2907873e-18,0.03215213
5.6998864e-11,3.4924594e-15,0.0028062519,0.008851804,0.0,0.028401183,1.420918e-29,0.021556482,5.712987400000002e-16,0.032507963,0.0,0.047647774,0.0,0.46959803,0.0,0.10775617,1.5890141000000002e-16,0.1868388,0.0,0.07502395,0.0,0.06295137,0.0,0.044308364,4.965993e-18,0.027814206
5.539425e-11,3.8894099e-16,0.0018980493,0.025604725,0.0,0.028692331,1.4097703e-29,0.033754915,4.041552e-16,0.0068905265,0.0,0.035699084,0.0,0.3177529,0.0,0.107817955,3.408168e-16,0.16147892,0.0,0.07380874,0.0,0.05065617,0.0,0.036590595,5.546772e-18,0.07351251
5.303058e-11,5.97988e-19,0.0055217464,0.021537295,0.0,0.028630039,1.7766723e-29,0.015938515,4.794171e-16,0.026790109,0.0,0.19071797,0.0,0.19924964,0.0,0.107561804,2.4721194e-16,0.13055386,0.0,0.07475798,0.0,0.04878782,0.0,0.034883257,3.9356596e-18,0.08101003
4.9854176e-11,1.5403698e-15,0.0027416053,0.013081564,0.0,0.027666425,1.1244616e-29,0.052142546,3.5884366e-16,0.01298909,0.0,0.21823674,0.0,0.12288979,0.0,0.106630534,2.0920233000000003e-16,0.07524003,0.0,0.07450691,0.0,0.05900375,0.0,0.042047527,4.378344e-18,0.030040128
4.7520845e-11,3.4985387e-15,0.009350329,0.012511135,0.0,0.027108578,1.16215616e-29,0.031917274,2.1562735e-16,0.01604989,0.0,0.16487953,0.0,0.089437194,0.0,0.105160095,5.0687193e-16,0.027546605,0.0,0.07252246,0.0,0.049436223,0.0,0.035824068,5.2208853e-18,0.06888371
4.407285e-11,4.5260475e-19,0.0058779344,0.026934182,0.0,0.025880776,1.0131196e-29,0.06667442,1.7164469e-16,0.029314533,0.0,0.11024449,0.0,0.027580611,0.0,0.103266105,1.1375093e-15,0.11442703,0.0,0.073511295,0.0,0.051423457,0.0,0.03649495,3.5018182999999995e-18,0.056114536
4.2134494e-11,7.632219e-16,0.005006835,0.019734943,0.0,0.027962565,9.129773e-30,0.027189257,1.8069919e-16,0.0059442655,0.0,0.10003981,0.0,0.11738156,0.0,0.10508768,9.844311e-16,0.08799148,0.0,0.07785004,0.0,0.051142734,0.0,0.03767937,3.910005e-18,0.016415684
3.9811453e-11,3.5443542e-19,0.0021264602,0.022583965,0.0,0.028530128,4.8137874e-30,0.030146759,3.928217e-16,0.01171323,0.0,0.069533646,0.0,0.08851452,0.0,0.10571765,1.0476965e-15,0.12808542,0.0,0.07731878,0.0,0.06533574,0.0,0.047243357,4.3952275e-18,0.16883482
3.9166472e-11,3.1724747e-19,0.002120606,0.021844685,0.0,0.027357068,6.872646999999999e-30,0.020540453,3.004357e-16,0.03807045,0.0,0.042880237,0.0,0.31818104,0.0,0.10424228,1.0195283e-15,0.14093612,0.0,0.07372472,0.0,0.052246135,0.0,0.038548566,1.938826e-18,0.09821967
3.7973336e-11,2.3454467e-15,0.0022839112,0.012977165,0.0,0.025243845,5.1389103e-30,0.050621487,2.3850973e-16,0.013766249,0.0,0.121945284,0.0,0.18337813,0.0,0.1015303,9.148434e-16,0.13177311,0.0,0.07322272,0.0,0.04760871,0.0,0.0343595,1.769373e-18,0.030176109
3.648166e-11,7.991476e-16,0.0010223393,0.015075295,0.0,0.025977902,4.520374600000001e-30,0.025261495,2.0767034e-16,0.028959056,9.3842e-41,0.1154774,0.0,0.10876534,0.0,0.10182183,9.047928e-16,0.14668909,0.0,0.07057353,0.0,0.05975513,0.0,0.041269265,2.0708384e-18,0.067531765
3.476175e-11,5.5403933e-16,0.0004866659,0.013929201,0.0,0.026229288,4.3603784e-30,0.05640958,1.7620023000000002e-16,0.01758274,1.43597e-40,0.077127516,0.0,0.12410854,0.0,0.10164324,5.7754534e-16,0.12443842,0.0,0.07297478,0.0,0.050562155,0.0,0.03737867,2.6153532e-18,0.08506102
3.4632047e-11,2.1980797e-19,0.00048532602,0.028555663,0.0,0.026958825,2.2194225000000002e-30,0.023971817,1.4303893000000002e-16,0.038142715,4.7044e-41,0.057919715,0.0,0.081377804,0.0,0.10187794,4.496803e-16,0.09445857,0.0,0.07288064,0.0,0.048572604,0.0,0.035606552,2.2055437e-18,0.018526949
3.3890196e-11,1.9149738e-19,0.006125585,0.018299077,0.0,0.027024325,1.6702311e-30,0.018072343,2.2642874000000004e-16,0.010674513,3.8307e-41,0.024201283,0.0,0.03729638,0.0,0.10194907,3.7380999000000005e-16,0.04918503,0.0,0.07119643,0.0,0.056169596,0.0,0.039695397,2.5708412e-18,0.15652896
3.234265e-11,1.0601678e-15,0.005500196,0.021537961,0.0,0.025096,1.6912877000000002e-30,0.067552045,1.6207131e-16,0.030350352,3.7032e-41,0.015090147,0.0,0.09009005,0.0,0.09925911,3.0555554000000004e-16,0.12963004,0.0,0.0681982,0.0,0.044623487,0.0,0.032193985,1.233295e-18,0.09005163
3.100339e-11,1.5133685e-15,0.004695791,0.010531498,0.0,0.024461865,1.4768226e-30,0.034581173,1.2373211e-16,0.010718282,2.5846e-41,0.21407239,0.0,0.09734551,0.0,0.097716264,9.384653e-17,0.09758842,0.0,0.06906039,0.0,0.04715569,0.0,0.03344942,1.1971293e-18,0.029471103
2.9905065e-11,1.4262191e-19,0.004682862,0.022702398,0.0,0.024783041,1.4420524e-30,0.045711115,1.4153297e-16,0.0196688,1.9774e-41,0.22118174,0.0,0.07119434,0.0,0.09782922,6.223701000000001e-17,0.08418474,0.0,0.06724967,0.0,0.041947894,0.0,0.029910801,1.4661926999999998e-18,0.057309523
2.8848514e-11,6.669893e-16,0.00466997,0.016696969,0.0,0.024726484,9.460438e-31,0.025231082,1.075776e-16,0.016366936,1.1523e-41,0.18405409,0.0,0.17120086,0.0,0.09699145,6.031411e-17,0.02608684,0.0,0.06696503,0.0,0.055663884,0.0,0.038441442,1.8003408e-18,0.05646978
2.7832046e-11,4.031897e-16,0.0046571125,0.019374305,0.0,0.021708783,1.0982356e-30,0.0317694,1.0564012e-16,0.038708292,1.1673000000000002e-41,0.14973325,0.0,0.089096636,0.0,0.09235583,6.856765e-17,0.17203565,0.0,0.06322028,0.0,0.04185942,0.0,0.029598406,1.7473310000000002e-18,0.009907188
2.5520943e-11,1.04432367e-19,0.0011621304,0.027077653,0.0,0.02195363,8.435675e-31,0.032121122,1.3008622e-16,0.016372092,9.415e-42,0.11354482,0.0,0.028398158,0.0,0.091670685,3.4761880000000003e-17,0.068922855,0.0,0.06510348,0.0,0.039564606,0.0,0.027706835,1.859518e-18,0.06745078
2.5294147e-11,9.2331697e-20,0.0011589308,0.008033068,0.0,0.021736095,5.217403e-31,0.046848323,2.3611433e-16,0.011573269,0.0,0.08133119,0.0,0.24630386,0.0,0.090532556,5.8987454e-17,0.028499676,0.0,0.059629835,0.0,0.04582939,0.0,0.03059098,1.6881411e-18,0.016931688
2.4800143e-11,8.6772306e-20,0.0007186614,0.003490488,0.0,0.024209347,4.751082e-31,0.04090748,3.3637807e-16,0.02489258,1.8750000000000002e-42,0.08811389,0.0,0.24352935,0.0,0.09286253,8.48865e-17,0.2908001,0.0,0.06635062,0.0,0.039649155,0.0,0.02812291,1.8627642e-18,0.04132575
2.4309093e-11,1.1624058e-15,0.00041008528,0.007938434,0.0,0.021020794,6.3868384e-31,0.021447314,2.1748773e-16,0.015586857,3.7220000000000004e-42,0.05648101,0.0,0.1896958,0.0,0.08869504,2.1658606000000003e-16,0.2656449,0.0,0.059920613,0.0,0.043203626,0.0,0.02947283,1.6998094e-18,0.009084996
2.4232644e-11,5.619451e-16,0.00040895623,0.014827062,0.0,0.022571256,4.7762654e-31,0.030914944,1.749797e-16,0.042910263,1.445e-42,0.023050446,0.0,0.11909791,0.0,0.08970784,2.403065e-16,0.22296575,0.0,0.064062834,0.0,0.03734561,0.0,0.02645996,1.7842811e-18,0.07398099
2.3508471e-11,5.519188e-16,0.0001805799,0.020493455,0.0,0.022753658,4.645839e-31,0.050219294,1.3147029000000002e-16,0.010659782,1.953e-42,0.20892715,0.0,0.04838176,0.0,0.08980233,2.5472748e-16,0.17155704,0.0,0.060048256,0.0,0.049887616,0.0,0.034507927,1.5382851999999998e-18,0.014250453
2.338241e-11,6.097113e-20,0.00014938276,0.030640211,0.0,0.024387121,4.7994814e-31,0.07292526,1.4193374e-16,0.037536766,1.2640000000000001e-42,0.2129717,0.0,0.094567,0.0,0.09143705,3.326799e-16,0.11139033,0.0,0.063446164,0.0,0.040497597,0.0,0.02936337,1.6807883e-18,0.084630206
2.2115828e-11,5.2487072e-20,6.284012e-05,0.014617499,0.0,0.023571853,2.5971283e-31,0.03417083,1.904347e-16,0.019124016,5.320000000000001e-43,0.17374545,0.0,0.108169824,0.0,0.090456456,3.143169e-16,0.04188101,0.0,0.060220554,0.0,0.03924463,0.0,0.027905634,1.3417421e-18,0.02190221
2.1499491e-11,6.4376214e-16,3.7707734e-05,0.022000948,0.0,0.022842402,2.984616e-31,0.046274424,1.3367832000000002e-16,0.038960457,6.38e-43,0.15259066,0.0,0.12920012,0.0,0.08919319,3.4007465e-16,0.050716173,0.0,0.06299638,0.0,0.04146564,0.0,0.029187912,1.4521231e-18,0.10635714
2.1493266e-11,7.900602e-16,3.7603917e-05,0.023303961,0.0,0.024224492,1.7392827e-31,0.03527388,9.148105e-17,0.010821649,1.88e-43,0.12080663,0.0,0.09919612,0.0,0.09024435,2.7186203e-16,0.20186383,0.0,0.06357016,0.0,0.041803535,0.0,0.030479472,7.851155999999999e-19,0.10554407
2.0591974e-11,6.361941000000001e-17,3.298649e-05,0.01360716,0.0,0.024228413,1.632861e-31,0.03420123,7.348262000000001e-17,0.022455387,2.2e-44,0.06933512,0.0,0.041370567,0.0,0.090154074,1.349181e-16,0.18832628,0.0,0.061803807,0.0,0.049679313,0.0,0.035020553,7.5784184e-19,0.0323546
2.026748e-11,3.340721e-20,2.5826477e-05,0.026758619,0.0,0.023001192,1.2014072e-31,0.011633005,5.737896000000001e-17,0.052229997,8.100000000000002e-44,0.046724472,0.0,0.024980763,0.0,0.08887805,1.0318969e-16,0.13458322,0.0,0.0612178,0.0,0.039675966,0.0,0.02873331,9.596982e-19,0.085624814
1.9729614e-11,2.9381604e-20,2.3205428e-05,0.023377085,0.0,0.02332513,1.0214774e-31,0.086069934,6.371815e-17,0.017011192,9.4e-44,0.034401778,0.0,0.4016768,0.0,0.08922917,7.89086e-17,0.070664525,0.0,0.06331908,0.0,0.046044536,0.0,0.03319823,6.697245e-19,0.06625308
1.9726097e-11,6.3336644e-17,2.3141536e-05,0.02070125,0.0,0.023014242,8.973719e-32,0.06915046,5.414629000000001e-17,0.036674008,1.4e-44,0.037672147,0.0,0.35916784,0.0,0.08887732,6.630334e-17,0.036903832,0.0,0.06393451,0.0,0.041335307,0.0,0.030280197,7.905592999999999e-19,0.01591957
1.9536782e-11,2.3447409999999998e-20,1.9970197e-05,0.030494625,0.0,0.02356298,1.2651214e-31,0.08456917,1.2848706e-16,0.01877669,6.300000000000001e-44,0.105577864,0.0,0.27731138,0.0,0.08923861,5.3968105e-17,0.14358044,0.0,0.063356414,0.0,0.057763603,0.0,0.04106617,9.343744e-19,0.16397853
1.9533784e-11,2.0123996e-20,1.9915213e-05,0.016150273,0.0,0.024100285,6.869739400000001e-32,0.035311658,9.993187e-17,0.031968996,0.0,0.09444734,0.0,0.18697822,0.0,0.089644216,2.7978352e-17,0.18723093,0.0,0.063332245,0.0,0.045452308,0.0,0.033431787,5.415536e-19,0.09548738
1.9317492e-11,7.9448834e-13,1.8862323e-05,0.017337753,0.0,0.024483945,2.1236142e-32,0.013754067,4.2604106e-16,0.016032733,0.0,0.04577185,0.0,0.092637874,0.0,0.09025841,1.7758966e-17,0.1950282,0.0,0.064713545,0.0,0.04130977,0.0,0.030265471,5.810869399999999e-19,0.024211735
1.8162217e-11,6.628523e-15,3.3761025e-05,0.019633554,0.0,0.022438869,6.252278000000001e-32,0.06397704,3.009214e-16,0.038584214,4.3e-44,0.04240892,0.0,0.15934622,0.0,0.08782824,1.258309e-17,0.1817674,0.0,0.064405814,0.0,0.060684916,0.0,0.043363623,7.2726753e-19,0.08367126
1.8012536e-11,5.3658944e-15,2.7289894e-05,0.026933577,0.0,0.021826675,5.587160500000001e-32,0.03740364,2.5692299000000005e-16,0.018458342,1.5e-44,0.021147238,0.0,0.12502648,0.0,0.08669237,1.1531399e-17,0.15647402,0.0,0.063793324,0.0,0.04835271,0.0,0.035484247,6.7504943e-19,0.027577553
1.7508831e-11,1.2449155e-20,2.2603803e-05,0.009953441,0.0,0.021940859,4.7195798000000005e-32,0.012129954,5.663381400000001e-16,0.01842006,0.0,0.10878557,0.0,0.15473767,0.0,0.0865425,1.3678375000000001e-17,0.10914841,0.0,0.061414856,0.0,0.039041355,0.0,0.028072935,7.8969517e-19,0.06895576
1.7505792e-11,7.589666e-16,2.2541564e-05,0.009682271,0.0,0.020812007,5.715094e-32,0.040726762,4.539644500000001e-16,0.023223566,0.0,0.13217813,0.0,0.123228975,0.0,0.084852986,1.4089812e-17,0.100390226,0.0,0.060503367,0.0,0.05194824,0.0,0.03602494,5.6079196e-19,0.06968108
1.6757871e-11,1.199352e-15,2.546328e-05,0.050137907,0.0,0.022887059,6.2587475e-32,0.06613341,3.2148585000000003e-16,0.03814571,1.7e-44,0.11374438,0.0,0.10126522,0.0,0.08727958,8.386012499999999e-18,0.06927683,0.0,0.06286277,0.0,0.0435998,0.0,0.03227102,6.358411e-19,0.052889545
1.6289406e-11,8.127533e-21,2.4564422e-05,0.019538019,0.0,0.02411805,3.5742501000000003e-32,0.098882586,3.990181e-16,0.06229416,0.0,0.071502484,0.0,0.05629024,0.0,0.08912582,5.3492703e-18,0.0310816,0.0,0.06238421,0.0,0.040518556,0.0,0.029463388,6.2687056e-19,0.012873665
1.6183782e-11,7.33939e-21,2.1629085e-05,0.028904244,0.0,0.023569878,6.9119826e-32,0.07914405,3.128834e-16,0.03335835,8.000000000000001e-45,0.0499505,0.0,0.02352552,0.0,0.088724375,4.056334e-18,0.095117755,0.0,0.06430096,0.0,0.055572256,0.0,0.039806653,6.831786e-19,0.10074333
1.30930015e-11,3.705455e-15,0.00010095406,0.01292052,0.0,0.023365684,3.5949756000000003e-32,0.08950137,2.0351254e-16,0.01504068,0.0,0.07246475,0.0,0.42894816,0.0,0.088626355,3.661615e-18,0.27313203,0.0,0.062888004,0.0,0.044657804,0.0,0.03311869,5.339828e-19,0.040097486
1.3063622e-11,4.318375e-15,9.330548e-05,0.024760857,0.0,0.024095997,3.909234e-32,0.0819873,1.5230026e-16,0.032389592,1e-45,0.06900185,0.0,0.3245304,0.0,0.08963783,2.1269407e-18,0.32847196,0.0,0.06452046,0.0,0.04225445,0.0,0.030931246,5.9002235e-19,0.103816904
1.26162865e-11,6.327331e-16,5.1691764e-05,0.011437714,0.0,0.02388179,5.4460195e-32,0.061347872,1.3358209e-16,0.01801169,6e-45,0.2193374,0.0,0.21254462,0.0,0.08980543,1.0432616999999998e-18,0.315377,0.0,0.06343609,0.0,0.056988034,0.0,0.040276993,2.8366973e-19,0.12644097
1.2186768e-11,4.63642e-21,3.847086e-05,0.026455881,0.0,0.02549199,3.5042888000000004e-32,0.059614368,5.175344e-16,0.014341376,3e-45,0.22780569,0.0,0.18595478,0.0,0.09172546,4.423935599999999e-19,0.26867434,0.0,0.06470967,0.0,0.04708078,0.0,0.034783192,2.775992e-19,0.06478127
1.0290096e-11,1.6206215e-15,9.524894e-05,0.018974943,0.0,0.024593504,3.6876674000000005e-32,0.067846745,3.835873e-16,0.048638266,3e-45,0.17986529,0.0,0.14176115,0.0,0.091462664,2.7852466e-19,0.20489559,0.0,0.06359574,0.0,0.04090992,0.0,0.029727956,3.3843154e-19,0.113795996
9.769531e-12,5.3729216e-16,5.5400636e-05,0.02644359,0.0,0.02484197,1.9197003e-32,0.103760965,2.7259177000000003e-16,0.011702914,0.0,0.15360393,0.0,0.089039475,0.0,0.092036836,2.2655446e-19,0.13116029,0.0,0.06693205,0.0,0.064173386,0.0,0.046044283,2.1557301e-19,0.051560193
9.765374e-12,3.5675427e-15,5.5248063e-05,0.014340878,0.0,0.023721283,2.3898032e-32,0.08577172,1.9321716e-16,0.03411205,1e-45,0.096173644,0.0,0.06677398,0.0,0.09101971,2.8439116e-19,0.07105987,0.0,0.06325036,0.0,0.048913397,0.0,0.035891037,2.1943393e-19,0.033028584
8.314293e-12,3.8568514e-15,0.00010074525,0.027251853,0.0,0.026785979,1.3603092e-32,0.11560119,1.2738617e-16,0.008382158,0.0,0.033413857,0.0,0.054926917,0.0,0.09435279,3.1493147e-19,0.15854514,0.0,0.066759765,0.0,0.043692883,0.0,0.03222654,2.9091167e-19,0.105347164
8.079407e-12,1.5839302e-15,5.9853584e-05,0.009479083,0.0,0.026376924,1.672613e-32,0.059985768,1.2300602e-16,0.045414437,0.0,0.047681678,0.0,0.119315356,0.0,0.09486817,1.3527341e-19,0.1067545,0.0,0.067465775,0.0,0.054392755,0.0,0.039212544,1.6522859e-19,0.09057095
7.549256e-12,2.144386e-15,5.212104e-05,0.024430666,0.0,0.024567446,7.2761565e-33,0.04258673,8.8578755e-17,0.019290583,0.0,0.024697356,0.0,0.12844484,0.0,0.09281481,9.842165e-20,0.08366694,0.0,0.066192225,0.0,0.044282768,0.0,0.03264174,1.6946946999999998e-19,0.02508174
7.308691e-12,5.160243300000002e-16,3.9285693e-05,0.014511484,0.0,0.025988102,1.732614e-32,0.025999097,6.5727944e-17,0.05040446,0.0,0.023832189,0.0,0.09246654,0.0,0.094662495,1.04116165e-17,0.16173543,0.0,0.06690535,0.0,0.048506796,0.0,0.03483484,2.087039e-19,0.071619526
6.6569584e-12,2.8280637e-15,6.429576e-05,0.026770517,0.0,0.026754878,1.3548783e-32,0.03138509,5.287558e-17,0.01908966,0.0,0.04453983,0.0,0.10285965,0.0,0.09587405,8.5578e-18,0.17447719,0.0,0.0665934,0.0,0.044200733,0.0,0.03196157,1.9799785e-19,0.016533213
6.6536715e-12,1.5307554e-21,6.411866e-05,0.01017759,0.0,0.025423352,4.2705853e-33,0.04530288,1.1182198e-16,0.03712566,0.0,0.022723425,0.0,0.06908277,0.0,0.09499676,5.676057e-18,0.16065173,0.0,0.06762429,0.0,0.05270593,0.0,0.037406627,2.3157792e-19,0.13237193
6.19339e-12,2.5249707e-15,5.7151705e-05,0.027256796,0.0,0.027127061,1.28414e-32,0.07271439,8.331756000000001e-17,0.03652325,0.0,0.018625598,0.0,0.04013135,0.0,0.09720701,4.6162712e-18,0.13809668,0.0,0.069623016,0.0,0.046646986,0.0,0.034591142,1.3171803e-19,0.068202995
5.683618e-12,1.1795841e-21,7.0606424e-05,0.024379635,0.0,0.028384909,9.728467e-33,0.05407826,7.863709600000001e-17,0.033677015,0.0,0.36547846,0.0,0.16034685,0.0,0.099120766,1.2179713e-17,0.10027553,0.0,0.071425095,0.0,0.056262814,0.0,0.041284587,1.2151379999999998e-19,0.017028905
5.6430563e-12,4.0119903e-16,5.8253165e-05,0.0473504,0.0,0.03053848,6.392509000000001e-33,0.08835829,4.8135334e-17,0.031049943,0.0,0.350135,0.0,0.23306204,0.0,0.10205141,2.4101252000000002e-17,0.060338035,0.0,0.072777145,0.0,0.050474275,0.0,0.037966155,1.4531609e-19,0.21960293
5.5876467e-12,8.3070385e-14,4.668495e-05,0.0082637165,0.0,0.026763165,2.962007e-33,0.074597724,1.8688443e-16,0.01016739,0.0,0.28767356,0.0,0.14804552,0.0,0.09899069,1.9231592e-17,0.020031797,0.0,0.07040284,0.0,0.05495761,0.0,0.03955336,6.4553136e-20,0.1512534
5.537495e-12,7.494137e-22,3.8831156e-05,0.023780623,0.0,0.02818549,6.303131e-33,0.04678807,3.1796222000000004e-16,0.056348212,0.0,0.2105954,0.0,0.08298997,0.0,0.10077308,1.7152434e-17,0.47415274,0.0,0.07244102,0.0,0.04904277,0.0,0.036406107,5.947328e-20,0.076961726
5.479537e-12,3.001847e-16,3.3470722e-05,0.03296323,0.0,0.029102048,4.0024055e-33,0.029073233,2.2788469e-16,0.021363711,0.0,0.19174026,0.0,0.6835838,0.0,0.10226594,1.3010804e-17,0.21005858,0.0,0.07273303,0.0,0.061868016,0.0,0.04482454,5.7345304e-20,0.086843334
5.4781284e-12,5.606350400000001e-22,3.3378525e-05,0.017270166,0.0,0.029677862,3.006729e-33,0.054731585,3.2719874e-16,0.028794868,0.0,0.15809089,0.0,0.4066624,0.0,0.103778884,6.8976700000000014e-18,0.12030721,0.0,0.074450195,0.0,0.053262245,0.0,0.039776932,8.1286664e-20,0.038882323
5.442285e-12,5.0653347000000005e-22,2.9804018e-05,0.051015623,0.0,0.028435571,4.4133290000000004e-33,0.026069418,3.1202563e-16,0.027272208,0.0,0.103328824,0.0,0.254791,0.0,0.103243865,5.5431267e-18,0.06652907,0.0,0.07422955,0.0,0.051170453,0.0,0.037553307,1.02630754e-19,0.10467996
5.360761e-12,3.9151008e-22,2.7114642e-05,0.011226627,0.0,0.027574236,3.0507034e-33,0.034576964,5.092831700000001e-16,0.043517984,0.0,0.0619461,0.0,0.15820578,0.0,0.102163665,4.5219904e-18,0.032867387,0.0,0.07256355,0.0,0.060754452,0.0,0.043357573,5.2568724e-20,0.1084861
5.2833393e-12,1.0702512e-15,2.5080551e-05,0.033911247,0.0,0.028001785,2.5580629e-33,0.0115520675,2.641974e-16,0.047851168,0.0,0.23226558,0.0,0.08584328,0.0,0.102747954,3.5996133e-18,0.04502154,0.0,0.075047575,0.0,0.052496344,0.0,0.038808644,4.9499357e-20,0.03131901
5.237975e-12,1.4749632e-15,2.2717206e-05,0.012546262,0.0,0.027243923,1.4848664e-33,0.08410052,1.8749275e-16,0.015679045,0.0,0.23958655,0.0,0.08677721,0.0,0.102189,2.6524506e-18,0.02425969,0.0,0.07343497,0.0,0.049865812,0.0,0.036300037,6.694537e-20,0.040575996
5.182384e-12,2.752853e-22,2.1590411e-05,0.03474653,0.0,0.028235797,1.2114112e-33,0.06579656,2.8835934000000004e-16,0.04168871,0.0,0.2078956,0.0,0.11181754,0.0,0.10319521,2.2851497e-18,0.2119438,0.0,0.073302284,0.0,0.05702135,0.0,0.04087193,6.938677e-20,0.08258491
5.1815245e-12,3.7430476e-16,2.1530937e-05,0.010123974,0.0,0.027464826,1.6325936e-33,0.058316376,2.2968463e-16,0.03600392,0.0,0.14507872,0.0,0.10411004,0.0,0.10236804,1.0960207e-18,0.058839295,0.0,0.07118862,0.0,0.046025053,0.0,0.033188477,8.389295e-20,0.09880739
5.148031e-12,2.1532646e-22,1.9886507e-05,0.021219594,0.0,0.026836732,2.0131388e-33,0.030637125,2.940144e-16,0.024302177,0.0,0.079934664,0.0,0.06617112,0.0,0.101823516,1.0413047999999998e-18,0.16872594,0.0,0.071704395,0.0,0.0563965,0.0,0.03968003,7.0919764e-20,0.022915628
5.130985e-12,1.9401094e-22,1.8523362e-05,0.033675227,0.0,0.025852427,1.08483325e-33,0.029374516,3.7079098e-16,0.037293173,0.0,0.050803833,0.0,0.028205097,0.0,0.10059817,7.101410999999999e-19,0.18151264,0.0,0.06976224,0.0,0.04601992,0.0,0.03308907,8.172794e-20,0.10134468
5.0187337e-12,1.6587694e-22,1.9278703e-05,0.01252018,0.0,0.025350548,1.2240225e-33,0.013678429,3.303207e-16,0.009599777,0.0,0.04617169,0.0,0.28663668,0.0,0.099782616,5.1160144e-19,0.17277002,0.0,0.07177936,0.0,0.051606745,0.0,0.036930602,5.900316e-20,0.02790175
4.5680374e-12,1.5286453e-22,5.4447726e-05,0.027524425,0.0,0.027806118,1.1543501e-33,0.09217648,2.9843824000000004e-16,0.03751605,0.0,0.04652591,0.0,0.27619085,0.0,0.10293781,3.5592026e-19,0.16227786,0.0,0.073929794,0.0,0.049462844,0.0,0.03666619,6.9530334e-20,0.06567008
4.5517934e-12,7.810935500000001e-16,4.808474e-05,0.014523533,0.0,0.027604362,1.43267075e-33,0.025874976,2.2381932000000003e-16,0.017014898,0.0,0.20015769,0.0,0.21222296,0.0,0.10351297,2.492868e-19,0.13920583,0.0,0.07560915,0.0,0.06321234,0.0,0.045757364,8.327857e-20,0.12921351
4.493295e-12,1.240774e-22,3.597433e-05,0.01132246,0.0,0.02668949,1.210438e-33,0.04028899,1.9514657000000003e-16,0.009142325,0.0,0.20840673,0.0,0.14985143,0.0,0.10289983,1.939543e-19,0.11154689,0.0,0.076077096,0.0,0.05396968,0.0,0.04037147,4.3965654e-20,0.06552868
4.492054e-12,5.877038e-16,3.587523e-05,0.013965279,0.0,0.027320333,5.0402809999999995e-34,0.12317535,1.513572e-16,0.022649199,0.0,0.18229859,0.0,0.09119497,0.0,0.10353788,1.6901184e-19,0.08064672,0.0,0.07471556,0.0,0.049672224,0.0,0.03644453,4.3904236e-20,0.07060866
4.4766708e-12,1.0707368e-22,3.2221633e-05,0.02279031,0.0,0.027511984,3.6300937e-34,0.14091751,1.7626824e-16,0.025067974,0.0,0.14640386,0.0,0.22438248,0.0,0.10397336,1.4571421e-19,0.05086239,0.0,0.073556155,0.0,0.059902523,0.0,0.04216672,5.823081e-20,0.07039227
4.4755627e-12,9.389955e-16,3.213287e-05,0.022055252,0.0,0.028770287,6.10339e-34,0.13086592,1.1510161000000002e-16,0.04569097,0.0,0.09896622,0.0,0.19237714,0.0,0.10589059,9.961341e-20,0.13598216,0.0,0.075791225,0.0,0.05249781,0.0,0.038919386,5.9271905e-20,0.014689812
4.4744586e-12,9.287013e-16,3.204435e-05,0.01388859,0.0,0.029445456,2.9227937e-34,0.15229402,8.552285e-17,0.012215356,0.0,0.04386982,0.0,0.15935704,0.0,0.10683739,5.0171813e-20,0.18110862,0.0,0.07627076,0.0,0.05184064,0.0,0.038341936,7.5042303e-20,0.2428496
4.245598e-12,8.122915000000001e-23,4.1115964e-05,0.017060747,0.0,0.028343879,4.937723e-34,0.11633458,9.1738254e-17,0.03436966,0.0,0.041652612,0.0,0.22641914,0.0,0.105957635,5.93941e-19,0.2003953,0.0,0.074859105,0.0,0.056535497,0.0,0.040994465,2.913231e-20,0.1864044
4.159355e-12,7.676045e-23,3.274527e-05,0.012855999,0.0,0.028242847,3.6030239999999997e-34,0.06342138,1.224244e-16,0.01642526,0.0,0.024516437,0.0,0.15501456,0.0,0.106028706,6.4420335e-19,0.190144,0.0,0.0764483,0.0,0.05122082,0.0,0.037734233,2.2447218e-20,0.114767745
4.132158e-12,1.042982e-16,2.8360488e-05,0.025966363,0.0,0.02748011,3.4110706e-34,0.056020502,9.133008e-17,0.038763534,0.0,0.2501975,0.0,0.077776484,0.0,0.105231635,5.3956883e-19,0.15423118,0.0,0.077225044,0.0,0.06284075,0.0,0.045335326,2.5169754e-20,0.036738712
3.9469556e-12,6.684940499999999e-23,3.644103e-05,0.018940601,0.0,0.028379573,2.1716549e-34,0.01261133,7.0014804e-17,0.010413419,0.0,0.28975496,0.0,0.46611246,0.0,0.10603657,5.360047e-19,0.09743839,0.0,0.07741375,0.0,0.05405745,0.0,0.0400775,3.2968177999999997e-20,0.07255154
3.7862855e-12,6.245515000000001e-23,3.645619e-05,0.045048703,0.0,0.027962811,2.7364136e-34,0.0753234,1.1953586000000002e-16,0.042314038,0.0,0.24079932,0.0,0.30998948,0.0,0.10585185,6.2318086e-19,0.0508995,0.0,0.0783813,0.0,0.053058717,0.0,0.038974002,4.2031125e-20,0.08522435
3.7733037e-12,9.685398e-16,3.2849497e-05,0.010789504,0.0,0.028299645,2.552535e-34,0.040973645,8.941942e-17,0.012400257,0.0,0.17891589,0.0,0.19424242,0.0,0.10664089,6.656596999999999e-19,0.068054914,0.0,0.07920821,0.0,0.056974784,0.0,0.04198708,3.8484679999999997e-20,0.018878564
3.7251573e-12,1.0921201e-15,2.7187963e-05,0.014877622,0.0,0.027636869,1.962006e-34,0.100219235,6.9251356e-17,0.024988784,0.0,0.12788756,0.0,0.12807332,0.0,0.10607508,4.1901167e-19,0.026037779,0.0,0.0773443,0.0,0.051708523,0.0,0.03792629,4.1568042e-20,0.122542895
3.6039173e-12,8.8720523e-16,2.9070323e-05,0.01545582,0.0,0.028012365,1.094514e-34,0.12722833,5.3151493e-17,0.008471183,0.0,0.05647832,0.0,0.05422119,0.0,0.10630401,3.6772808e-19,0.22001356,0.0,0.07561048,0.0,0.063529804,0.0,0.045014694,3.5123032e-20,0.049743466
3.4873241e-12,5.5938755000000005e-16,2.9807976e-05,0.03978638,0.0,0.027763832,1.3260216e-34,0.12032835,5.1400047e-17,0.058340885,0.0,0.039059795,0.0,0.1263698,0.0,0.10607166,3.0033284e-19,0.29127526,0.0,0.07333209,0.0,0.051047035,0.0,0.03694553,3.8606377e-20,0.07207994
3.3645007e-12,3.87824e-16,3.1517055e-05,0.0147348475,0.0,0.028527046,1.5436677e-34,0.10579857,3.572066e-17,0.033709064,0.0,0.031421464,0.0,0.20510009,0.0,0.106887326,2.3389904e-19,0.21787174,0.0,0.07428572,0.0,0.048263974,0.0,0.034679614,2.7308486e-20,0.10667405
3.0037934e-12,6.042696e-16,6.794188e-05,0.03563404,0.0,0.028427063,1.0084069e-34,0.060364176,2.267198e-17,0.017244222,0.0,0.2408007,0.0,0.13252723,0.0,0.10689632,8.8723263e-20,0.10982552,0.0,0.07406121,0.0,0.060238913,0.0,0.04273419,2.8161049999999996e-20,0.0636317
2.7688641e-12,5.822407e-16,5.429765e-05,0.0060778023,0.0,0.026815021,8.96199e-35,0.06806885,1.39049e-17,0.057164434,0.0,0.25759798,0.0,0.07912795,0.0,0.10547344,7.637196999999999e-20,0.096876316,0.0,0.07264648,0.0,0.048943494,0.0,0.03495549,3.1626084e-20,0.09686701
2.5929632e-12,2.5473036e-23,4.3412394e-05,0.010693849,0.0,0.026671423,6.495286e-35,0.023605835,2.6715935e-17,0.010513989,0.0,0.21480145,0.0,0.028153835,0.0,0.105029725,7.672508999999999e-20,0.09963862,0.0,0.07171547,0.0,0.046654604,0.0,0.03290386,2.0358931e-20,0.033855874
2.5839452e-12,2.4487861e-23,3.8507147e-05,0.033453055,0.0,0.027039561,4.8460547e-35,0.034603726,5.2537394e-17,0.067265145,0.0,0.1774021,0.0,0.15519795,0.0,0.1050836,5.78843e-20,0.08477424,0.0,0.07443023,0.0,0.05213371,0.0,0.037467208,2.0278814e-20,0.032867238
2.5669501e-12,3.5353763e-16,3.2124728e-05,0.008833773,0.0,0.026711356,4.221389e-35,0.014838943,4.541928000000001e-17,0.025000269,0.0,0.12442209,0.0,0.2436645,0.0,0.10449266,5.0707674e-20,0.06161964,0.0,0.07177849,0.0,0.04686162,0.0,0.03341304,2.3244074e-20,0.07070833
2.558228e-12,4.7632045e-16,2.8688459e-05,0.010357337,0.0,0.0248588,4.764113e-35,0.032735128,3.7849796e-17,0.008337252,0.0,0.066617854,0.0,0.2655184,0.0,0.10226677,3.9034149999999996e-20,0.026632724,0.0,0.07055461,0.0,0.05808601,0.0,0.039790817,1.7994834e-20,0.0666753
2.4714137e-12,3.2511803e-16,2.3378316e-05,0.01757134,0.0,0.02417728,3.4246625e-35,0.041580502,3.514247e-17,0.027819594,0.0,0.06516958,0.0,0.18968229,0.0,0.100926034,3.1748039999999997e-20,0.13431849,0.0,0.067915,0.0,0.044643696,0.0,0.03134698,2.1262865e-20,0.024124112
2.455408e-12,2.494702e-16,1.975028e-05,0.012560283,0.0,0.023712728,3.2894536e-35,0.06067903,2.875828e-17,0.0076559596,0.0,0.038205817,0.0,0.12709707,0.0,0.100238875,1.5224327e-20,0.121212795,0.0,0.06903074,0.0,0.04319276,0.0,0.030236656,2.6501485e-20,0.05966916
2.44728e-12,2.8640217000000003e-16,1.7700173e-05,0.008543745,0.0,0.021985674,2.5257273e-35,0.048977282,2.3450385e-17,0.008482928,0.0,0.018747274,0.0,0.051751252,0.0,0.09742018,1.07713626e-20,0.08873999,0.0,0.06457966,0.0,0.047062263,0.0,0.03169089,2.2006832e-20,0.030920636
2.3269928e-12,1.6362761e-23,1.8869354e-05,0.005354839,0.0,0.022419795,2.1740003e-35,0.061886135,2.2096213e-17,0.014332062,0.0,0.21933106,0.0,0.020202687,0.0,0.09666795,9.167595e-21,0.075141676,0.0,0.065200254,0.0,0.038472332,0.0,0.02642747,2.6308763999999998e-20,0.063381195
2.3074346e-12,1.2450511000000002e-16,1.5459942e-05,0.0038899998,0.0,0.021788822,1.9827865e-35,0.04801232,1.8172849000000002e-17,0.012529753,0.0,0.27197945,0.0,0.3495204,0.0,0.0954501,1.1073806999999998e-19,0.029392714,0.0,0.061486907,0.0,0.04347214,0.0,0.02838146,2.0560996e-20,0.037967615
2.254989e-12,9.170514e-17,1.2892001e-05,0.0015458801,0.0,0.020484626,1.6006994e-35,0.034099516,1.4553563e-17,0.015893474,0.0,0.25686982,0.0,0.27814296,0.0,0.09296292,1.7762122999999998e-19,0.12705718,0.0,0.06550363,0.0,0.03747649,0.0,0.02552184,2.5012995e-20,0.051890552
2.247634e-12,1.4897252e-23,1.1650632e-05,0.0011481749,0.0,0.01925709,1.6562858999999998e-35,0.01184223,4.3419365e-17,0.0073290505,0.0,0.23034884,0.0,0.19449057,0.0,0.09065392,1.0626297e-19,0.12085166,0.0,0.06278471,0.0,0.043807052,0.0,0.028910415,2.1098821999999998e-20,0.027552275
2.2403227e-12,3.5909027000000003e-16,1.06509e-05,0.004967405,0.0,0.020419983,1.7208871e-35,0.026870085,2.7124076e-17,0.021482818,0.0,0.18110342,0.0,0.11865341,0.0,0.09152204,1.0722063e-19,0.11572366,0.0,0.069327086,0.0,0.04008122,0.0,0.027823254,2.5179803e-20,0.10265044
2.2401395e-12,7.6067046e-17,1.06215475e-05,0.005192908,0.0,0.019144967,1.5555788e-35,0.010458881,2.818652e-17,0.008659321,0.0,0.121248625,0.0,0.06707532,0.0,0.08931672,1.2847534e-19,0.10216529,0.0,0.058757182,0.0,0.039800566,0.0,0.026113542,1.19519714e-20,0.07664921
2.2399567e-12,1.328818e-23,1.0592276e-05,0.0031424575,0.0,0.01692118,1.0630797e-35,0.028890131,3.1071028e-17,0.010665704,0.0,0.09091648,0.0,0.074081466,0.0,0.08481542,1.2892142e-19,0.08916349,0.0,0.061433766,0.0,0.03083945,0.0,0.02020855,1.14460915e-20,0.016261287
2.2397746e-12,1.2752677e-23,1.0563086e-05,0.0030334727,0.0,0.018259095,9.720259e-36,0.017706979,4.0508762e-17,0.02636267,0.0,0.048999432,0.0,0.05629714,0.0,0.08570514,1.5047374e-19,0.13276407,0.0,0.053488437,0.0,0.0353344,0.0,0.022326171,1.4392133e-20,0.038314644
2.0477049e-12,1.22587786e-23,1.5962518e-05,0.0018231787,0.0,0.016276086,9.055808e-36,0.015571101,3.229036e-17,0.0058383974,0.0,0.012253368,0.0,0.03082296,0.0,0.08180872,8.615995999999999e-20,0.10018599,0.0,0.06149094,0.0,0.027348328,0.0,0.017746285,1.5640994999999998e-20,0.016822064
1.9873727e-12,2.442664e-16,1.1210313e-05,0.0050914874,0.0,0.01624232,8.108486999999999e-36,0.01902121,2.4379802e-17,0.007950331,0.0,0.20092475,0.0,0.080255836,0.0,0.08013477,7.757722999999999e-20,0.057591204,0.0,0.05130914,0.0,0.035039853,0.0,0.02278688,1.8925639e-20,0.023595553
1.9872016e-12,3.60936e-14,1.1179416e-05,0.002222958,0.0,0.014939206,2.1718589e-36,0.025115805,2.7996993e-17,0.007958141,0.0,0.2431316,0.0,0.04104867,0.0,0.07638642,7.596619e-20,0.10098819,0.0,0.05466019,0.0,0.02608584,0.0,0.016668716,2.0914107e-20,0.044617455
1.9694728e-12,1.0930872e-23,8.734843e-06,0.0027195446,0.0,0.013981862,8.744069e-36,0.010220537,2.5234468e-17,0.006810909,0.0,0.20420195,0.0,0.2610126,0.0,0.07342613,3.212275e-20,0.058357164,0.0,0.04716764,0.0,0.028950023,0.0,0.017912313,1.869947e-20,0.013197421
1.9504385e-12,1.9807037e-16,6.698384e-06,0.0013063969,0.0,0.012186346,9.610045e-36,0.013789472,2.5377040000000002e-17,0.007010281,0.0,0.18173729,0.0,0.18273257,0.0,0.068944275,2.2435012e-20,0.06960055,0.0,0.062390693,0.0,0.022206966,0.0,0.013835456,1.9675766e-20,0.026395774
1.8337495e-12,3.3574912000000004e-16,6.222278e-06,0.0022129845,0.0,0.011830794,7.9997635e-36,0.011383662,2.4086714e-17,0.008599546,0.0,0.15401843,0.0,0.09203789,0.0,0.06637985,2.2547136e-20,0.0665051,0.0,0.042442966,0.0,0.021826632,0.0,0.0130171,2.0699098e-20,0.03462071
1.833662e-12,2.6062036e-16,6.2051286e-06,0.0017746176,0.0,0.011827381,7.523893e-36,0.021918947,2.4372794e-17,0.010273504,0.0,0.11276184,0.0,0.115574025,0.0,0.064971976,2.2291291e-20,0.060455576,0.0,0.046751253,0.0,0.023291212,0.0,0.013939966,1.8088501e-20,0.013526198
1.8335745e-12,9.3089926e-24,6.188026e-06,0.0023022743,0.0,0.011793671,7.791132e-36,0.044590913,3.2131073e-17,0.02282634,0.0,0.0890444,0.0,0.13104734,0.0,0.06349145,2.0882764e-20,0.046239417,0.0,0.038539086,0.0,0.020206312,0.0,0.012419529,1.968872e-20,0.027862743
1.7880216e-12,8.849596999999999e-24,4.552383e-06,0.0041494984,0.0,0.010781659,4.2187806e-36,0.011916999,3.494958e-17,0.011268434,0.0,0.0646151,0.0,0.0785945,0.0,0.059822872,1.8971518e-20,0.01804262,0.0,0.06440251,0.0,0.02019158,0.0,0.012148543,1.9793123e-20,0.032519907
1.7822953e-12,9.481865e-17,4.0773266e-06,0.0011656241,0.0,0.009910054,1.602092e-36,0.020011472,3.6806086e-17,0.006629471,0.0,0.026648834,0.0,0.03210869,0.0,0.056543738,1.1702372e-19,0.27951765,0.0,0.040498964,0.0,0.019592382,0.0,0.011933926,1.6940514e-20,0.011988224
1.7273285e-12,2.4577722000000003e-16,3.2690205e-06,0.00112201,0.0,0.0087056905,3.099677e-36,0.006636662,3.263106e-17,0.004810171,0.0,0.030328438,0.0,0.03536753,0.0,0.052567497,1.8799732e-19,0.1075307,0.0,0.031894643,0.0,0.018126508,0.0,0.010682329,1.8843413e-20,0.014825034
1.7272851e-12,2.9048804e-16,3.26001e-06,0.00056358095,0.0,0.0074344417,5.395705e-36,0.005955872,2.7418316e-17,0.002553325,0.0,0.014670684,0.0,0.17988999,0.0,0.047841392,2.8109164e-19,0.018822191,0.0,0.06011867,0.0,0.0148437675,0.0,0.008671192,1.9812884e-20,0.021144412
1.7272418e-12,7.624522e-24,3.2510245e-06,0.0020509956,0.0,0.00639484,3.4291765e-36,0.006532298,3.5182463000000003e-17,0.0014955983,0.0,0.015355445,0.0,0.12048435,0.0,0.04370472,3.707105e-19,0.2310187,0.0,0.03314461,0.0,0.013864215,0.0,0.007946613,2.0184239999999998e-20,0.021015225
1.7055111e-12,2.7191597e-16,2.2859765e-06,0.00053024816,0.0,0.005931447,3.118285e-36,0.0048503466,2.8251017e-17,0.0009895712,0.0,0.019442845,0.0,0.05041367,0.0,0.040802836,2.6348706e-19,0.07792059,0.0,0.026702467,0.0,0.013389076,0.0,0.0076597026,1.9712139e-20,0.013690442
1.6478484e-12,7.199474e-24,1.6847674e-06,0.0006669825,0.0,0.0060261698,0.0,0.011723056,3.4412255e-17,0.0006797633,0.0,0.008904409,0.0,0.072263114,0.0,0.039848667,3.6187712e-19,0.07450787,0.0,0.056436446,0.0,0.013623739,0.0,0.007753934,2.0114864e-20,0.022183754
1.6478271e-12,1.285174e-14,1.6801235e-06,0.0013294856,0.0,0.0047380347,1.1227525e-36,0.0144437095,5.227403000000001e-17,0.001031067,0.0,0.05672056,0.0,0.036026645,0.0,0.034777272,3.0455756e-19,0.022163505,0.0,0.029910829,0.0,0.010121502,0.0,0.005692361,1.8049327e-20,0.010869701
1.6478058e-12,2.0963311e-16,1.6754926e-06,0.0006852032,0.0,0.0041709687,3.349537e-36,0.005465422,3.9475924e-17,0.0011617263,0.0,0.041237224,0.0,0.021416152,0.0,0.031876437,3.8222752e-19,0.13329297,0.0,0.020192234,0.0,0.010434942,0.0,0.0059043863,1.9525819999999998e-20,0.012024777
1.6425622e-12,6.646960000000001e-24,1.4658889e-06,0.0011197117,0.0,0.004134186,2.4520747e-36,0.0037798937,4.7014438e-17,0.0012139848,0.0,0.017985178,0.0,0.13968736,0.0,0.030870598,4.0381233e-19,0.052282322,0.0,0.05398948,0.0,0.009639861,0.0,0.00541002,1.9336972e-20,0.025373047
1.5870342e-12,1.0133884e-14,9.578923e-07,0.0003386584,0.0,0.0037844253,6.243644299999999e-37,0.00522856,3.6584478e-17,0.00070916145,0.0,0.01961019,0.0,0.10976895,0.0,0.028633734,4.338578299999999e-19,0.013859547,0.0,0.02754121,0.0,0.009426921,0.0,0.0050462703,1.8653254e-20,0.013645289
1.5870226e-12,5.1057892e-17,9.55252e-07,0.00041297235,0.0,0.0032475078,1.7620353e-36,0.005107992,3.9041323e-17,0.0006104299,0.0,0.0067134816,0.0,0.06171957,0.0,0.025837857,4.804285999999999e-19,0.23452227,0.0,0.01614633,0.0,0.006129814,0.0,0.0032662877,1.8776612e-20,0.009875181
1.5819805e-12,2.0294122000000003e-16,8.349797e-07,0.0008166139,0.0,0.0029100152,2.9369187e-36,0.0019217666,3.0671660000000004e-17,0.0012469954,0.0,0.02853744,0.0,0.01585705,0.0,0.023847211,3.3917996e-19,0.081361584,0.0,0.039077416,0.0,0.007510436,0.0,0.0039945743,1.821532e-20,0.009910562
1.4665733e-12,5.9251575e-24,6.58895e-07,0.00079630094,0.0,0.002774643,1.1486654e-38,0.003912192,3.9498778e-17,0.0007410636,0.0,0.01824358,0.0,0.14348784,0.0,0.022364914,4.2658237e-19,0.025966357,0.0,0.029242327,0.0,0.00827628,0.0,0.004499544,1.7728763e-20,0.010284411
1.3328846e-12,5.793234e-24,6.2018063e-07,0.0006099491,0.0,0.0022423584,0.0,0.0037933032,4.3774352e-17,0.00040824423,0.0,0.016858963,0.0,0.07014557,0.0,0.019437533,4.5846475e-19,0.050808273,0.0,0.015887136,0.0,0.0057005407,0.0,0.003080715,1.778887e-20,0.00789081
1.2114088e-12,5.6544102e-24,5.076646e-07,0.00077132136,0.0,0.0019531809,1.6362913e-36,0.0014051511,4.2966772e-17,0.000513247,0.0,0.0063026757,0.0,0.046745617,0.0,0.01753662,4.741585e-19,0.028904462,0.0,0.02124443,0.0,0.0040193084,0.0,0.0021044253,1.80366e-20,0.0063299816
1.0711066e-12,3.9831648e-16,4.2590193e-07,0.0002542244,0.0,0.001578038,2.211558e-36,0.0008662513,1.7293094e-17,0.0004107967,0.0,0.017711483,0.0,0.016555447,0.0,0.015300171,4.8798445e-19,0.028881779,0.0,0.013958989,0.0,0.0031307428,0.0,0.0015340556,1.8140956e-20,0.0029086713
1.0711031e-12,1.5471183e-15,4.247277e-07,0.00024251798,0.0,0.0013630451,1.3630313e-36,0.0011216087,3.5224927e-17,0.00019304924,0.0,0.008771202,0.0,0.06939682,0.0,0.013722814,5.290245999999999e-19,0.061544985,0.0,0.013492026,0.0,0.0023289106,0.0,0.001131755,1.8688469e-20,0.0011591054
1.0710996e-12,2.4132541e-17,4.2355668e-07,0.000116916905,0.0,0.0012192773,1.7858686e-36,0.00077859516,3.518762e-17,7.991623e-05,0.0,0.019819058,0.0,0.019621244,0.0,0.012762602,5.291734e-19,0.016405882,0.0,0.016102726,0.0,0.0032947904,0.0,0.0015383743,1.8352275e-20,0.0006888939
1.0710961e-12,2.3498573000000003e-16,4.2238892e-07,3.5803467e-05,0.0,0.0009856188,1.6356998e-36,0.00040812226,3.0345852e-17,3.870284e-05,0.0,0.008799888,0.0,0.028918384,0.0,0.01101199,5.965874999999999e-19,0.09716275,0.0,0.006198326,0.0,0.0025719618,0.0,0.0011264065,1.8726603e-20,0.00032858684
1.0609704e-12,2.4855382e-16,3.0455652e-07,1.1744599e-05,0.0,0.0016753708,1.5983647e-36,0.0032804029,2.5592915e-17,2.6112675e-05,0.0,0.011056791,0.0,0.0488764,0.0,0.014172976,5.734546999999999e-19,0.031390686,0.0,0.031376973,0.0,0.0033209047,0.0,0.0017195465,1.9091338e-20,0.0007005889
1.0609679e-12,2.3904422e-13,3.0371683e-07,4.3448813e-06,0.0,0.0021890772,7.435749e-37,0.014349549,4.4525203e-17,3.6789654e-05,0.0,0.02210878,0.0,0.019844403,0.0,0.015747195,6.317994999999999e-19,0.0374152,0.0,0.016515385,0.0,0.008638083,0.0,0.0047301115,1.8931502e-20,0.0018365518
1.0035214e-12,7.444008e-14,4.4326498e-07,2.4461724e-06,0.0,0.002178604,6.405771599999999e-37,0.006374712,2.2916828e-16,3.061165e-05,0.0,0.0066398266,0.0,0.1054158,0.0,0.0154153425,5.617734999999999e-19,0.03900359,0.0,0.013556276,0.0,0.007298109,0.0,0.004262003,1.8728611e-20,0.0012291219
9.798429e-13,4.6851108e-24,3.5937526e-07,1.4306767e-06,0.0,0.0020451061,1.2177609e-36,0.0056841327,4.896703e-16,3.584012e-05,0.0,0.018132899,0.0,0.037572876,0.0,0.014981143,5.091790999999999e-19,0.032200888,0.0,0.050983217,0.0,0.006695951,0.0,0.0037854232,1.9307116e-20,0.0006769118
9.72411e-13,1.7883476e-15,3.0232792e-07,7.678058e-07,0.0,0.0019046573,1.0216541e-36,0.0064791953,3.8452048000000005e-16,3.2549506e-05,0.0,0.006319167,0.0,0.020331541,0.0,0.014437204,4.1731233e-19,0.042790048,0.0,0.02875452,0.0,0.005868024,0.0,0.003309221,1.8577221e-20,0.00057086424
9.632189e-13,4.6428853e-15,2.4610358e-07,4.593897e-07,0.0,0.0015997012,1.256127e-36,0.003054893,2.387813e-16,3.8079976e-05,0.0,0.03266713,0.0,0.08054494,0.0,0.013037477,3.5744622e-19,0.015737884,0.0,0.009948187,0.0,0.008259938,0.0,0.0042263204,1.8839026e-20,0.00076062605
9.601636e-13,2.96376e-15,2.1998105e-07,4.2693608e-07,0.0,0.0013951536,1.4521103e-36,0.003153815,2.8607585e-16,3.4749537e-05,0.0,0.017833067,0.0,0.04280536,0.0,0.012038555,3.4810526e-19,0.14199987,0.0,0.03733328,0.0,0.0048117186,0.0,0.0026658252,1.7929686e-20,0.00092897937
9.60162e-13,1.203134e-16,2.193745e-07,7.8204226e-07,0.0,0.0015326558,8.194022e-37,0.0067481045,3.3306225e-16,2.8176377e-05,0.0,0.0053128577,0.0,0.0061124368,0.0,0.0125203235,2.7029845e-19,0.05611581,0.0,0.014840115,0.0,0.0049746255,0.0,0.0026869026,1.8192071999999998e-20,0.0007921595
9.421819e-13,2.7003796e-20,1.6749381e-07,5.94466e-07,0.0,0.0013989358,1.1070156e-36,0.0039000718,4.16131e-16,2.4692377e-05,0.0,0.007361417,0.0,0.04614081,0.0,0.011775967,2.5910158e-19,0.016424352,0.0,0.011537633,0.0,0.003678472,0.0,0.0019783801,1.6992004e-20,0.001307958
9.421807e-13,1.2913463e-15,1.6703198e-07,6.573483e-07,0.0,0.0012212916,1.3736037e-36,0.002526867,3.448841e-16,3.4386398e-05,0.0,0.02117446,0.0,0.0128010595,0.0,0.010923347,2.5069303e-19,0.13799092,0.0,0.021646008,0.0,0.0056152246,0.0,0.0027589726,1.762759e-20,0.00048035147
9.421795e-13,5.100202e-20,1.6657144e-07,6.1675723e-07,0.0,0.0010743203,1.3497714e-36,0.0019370144,4.3404692e-16,2.98567e-05,0.0,0.0097405985,0.0,0.07807699,0.0,0.010180399,1.7084675e-19,0.03183108,0.0,0.013616125,0.0,0.0041277357,0.0,0.0020726493,1.7492567999999998e-20,0.00017497403
9.303432e-13,6.468454999999999e-20,1.2364173e-07,6.074875e-07,0.0,0.0010796848,1.1136626e-36,0.0021763141,3.911536e-16,2.6779877e-05,0.0,0.014736938,0.0,0.023043329,0.0,0.010090133,1.9618579e-19,0.08135227,0.0,0.009851352,0.0,0.0032363466,0.0,0.0016600251,1.7092516e-20,8.517697e-05
9.303423e-13,3.24443e-16,1.2330081e-07,3.411495e-07,0.0,0.0011117186,8.788233e-37,0.0012122452,3.6298033e-16,2.3098e-05,0.0,0.0078027565,0.0,0.0323536,0.0,0.0101546105,1.6237262e-19,0.02596907,0.0,0.026937619,0.0,0.0025542937,0.0,0.0013154708,1.7457768e-20,4.2222466e-05
9.303414e-13,2.2438381e-13,1.2296083e-07,1.5840328e-07,0.0,0.0011090293,6.8210913e-37,0.003298123,3.2444176000000003e-16,2.4896526e-05,0.0,0.016986497,0.0,0.01778449,0.0,0.01017698,1.8280717e-19,0.067309156,0.0,0.0090490095,0.0,0.003165908,0.0,0.0015541883,1.7455094e-20,2.1025702e-05
9.244604e-13,1.6320245e-14,1.0224959e-07,1.6954736e-07,0.0,0.0010223122,4.859787e-37,0.0020343536,3.5133913e-16,2.4228637e-05,0.0,0.004219049,0.0,0.041555587,0.0,0.009642958,1.72811e-19,0.020443046,0.0,0.023312457,0.0,0.0025501251,0.0,0.0012407671,1.6884748e-20,9.579607e-06
9.244597e-13,1.4649626e-19,1.0196766e-07,5.8545627e-08,0.0,0.00062561606,1.4900000000000001e-43,0.00057738053,3.8482557e-16,1.7960769e-05,0.0,0.0027293875,0.0,0.012296654,0.0,0.0072384505,1.7894123e-19,0.03922696,0.0,0.005605416,0.0,0.0012343599,0.0,0.0006022738,1.605762e-20,3.925093e-06
9.24459e-13,1.7093674e-19,1.016865e-07,3.177026e-08,0.0,0.0005937141,9.36206e-37,0.000109981054,4.3212034000000005e-16,2.468963e-05,3e-45,0.011242998,0.0,0.042392973,0.0,0.007113664,1.8335528e-19,0.030669859,0.0,0.012777416,0.0,0.0016695627,0.0,0.00072230236,1.6860366e-20,2.4169178e-06
9.244582e-13,1.9638333e-19,1.0140612e-07,1.5739165e-08,0.0,0.0004255754,6.010373e-37,0.00014570559,6.219273e-16,2.5891217e-05,1e-45,0.0030886023,0.0,0.013281141,0.0,0.005892747,1.8415222e-19,0.0125642335,0.0,0.0045956387,0.0,0.00088489964,0.0,0.00040813748,1.6649994e-20,1.1315608e-06
9.244576e-13,2.182873e-19,1.0112652e-07,1.5533384e-08,0.0,0.00039864678,5.8725603e-37,0.00014896937,6.019671e-16,1.8443494e-05,0.0,0.004268362,0.0,0.02798772,0.0,0.0056778183,1.965251e-19,0.036749966,0.0,0.0076234774,0.0,0.0013468186,0.0,0.0005488137,1.6535318e-20,9.925249e-07
9.244568e-13,2.1999383e-15,1.0084768e-07,3.0756077e-08,0.0,0.0004935095,1.0076139e-36,7.693081e-05,4.535397e-16,3.1066404e-05,8.000000000000001e-45,0.015931224,0.0,0.010446063,0.0,0.0063478677,1.9578238e-19,0.028386628,0.0,0.014317947,0.0,0.0011331743,0.0,0.0005068811,1.498056e-20,1.3757954e-06
9.0432376e-13,2.748321e-19,5.2790472e-08,3.5720575e-08,0.0,0.00040974485,3.548438e-37,0.00017565693,3.3289178000000005e-16,3.1606385e-05,0.0,0.0056850007,0.0,0.025241762,0.0,0.0056652944,1.9458617e-19,0.019128665,0.0,0.003900034,0.0,0.0012563957,0.0,0.0005170511,1.4118832e-20,1.2448875e-06
8.316364e-13,2.9696627e-19,2.7299135e-08,5.444318e-08,0.0,0.00042728827,8.863614e-37,0.000154552,4.1745121e-16,2.9618164e-05,7e-45,0.008637824,0.0,0.006993434,0.0,0.005829035,2.176689e-19,0.054009788,0.0,0.0077549242,0.0,0.0009042704,0.0,0.00040590193,1.5521007e-20,1.0695861e-06
6.9197117e-13,3.1140972e-19,4.467239e-08,4.7878725e-08,0.0,0.0004316816,4.186909399999999e-37,0.00023772345,5.773381300000002e-16,2.029711e-05,0.0,0.0059159906,0.0,0.03878726,0.0,0.0057519446,2.2478724e-19,0.017422209,0.0,0.0150561575,0.0,0.0015636274,0.0,0.0006814886,1.5722613e-20,1.6060643e-06
6.831715e-13,3.2048402e-19,3.0178462e-08,4.7890786e-08,0.0,0.00041798063,5.864084799999999e-37,0.00012226735,5.2362873e-16,1.601553e-05,4.000000000000001e-45,0.013974472,0.0,0.013260321,0.0,0.0056133457,2.8184003e-19,0.06891152,0.0,0.0057344227,0.0,0.000905375,0.0,0.0004062894,1.535391e-20,1.1563662e-06
6.8317135e-13,3.2637892e-19,3.0095237e-08,4.9962225e-08,0.0,0.0004025723,7.301863599999999e-37,0.00019680934,4.909274e-16,1.3230763e-05,8.000000000000001e-45,0.006274406,0.0,0.024712749,0.0,0.005572615,3.1579696e-19,0.017430661,0.0,0.008612243,0.0,0.0011270742,0.0,0.0004435714,1.5426398e-20,8.449401e-07
6.7885324e-13,3.3342397e-19,2.375169e-08,8.61813e-08,0.0,0.00039549934,1.0448348e-36,6.099148e-05,3.266489e-16,2.4420335e-05,1.1e-44,0.009523595,0.0,0.011815256,0.0,0.0055155107,3.7403083e-19,0.06860238,0.0,0.009864208,0.0,0.00078542664,0.0,0.0003389383,1.5101502e-20,7.4707407e-07
6.579305e-13,1.5044815e-15,1.6236998e-08,8.188297e-08,0.0,0.00047152687,9.91912e-37,0.00010382391,2.939093e-16,3.257449e-05,1.4e-44,0.0056587583,0.0,0.055598617,0.0,0.006074754,3.6160508e-19,0.010993792,0.0,0.011750721,0.0,0.0016714835,0.0,0.00068193563,1.4793091e-20,1.3187968e-06
6.579304e-13,3.494447e-19,1.6192217e-08,3.624791e-08,0.0,0.0003861865,4.90955e-37,0.00026867897,4.0774467e-16,1.9181172e-05,4.000000000000001e-45,0.00669062,0.0,0.01523193,0.0,0.0053894976,4.1529277e-19,0.043739393,0.0,0.0046864096,0.0,0.0010207024,0.0,0.00043545745,1.3985973e-20,1.0256357e-06
6.396223e-13,1.950477e-15,1.316433e-08,1.3660407e-08,0.0,0.00043874286,6.8027413e-37,0.00035218737,4.3038612e-16,2.1072223e-05,7e-45,0.008903024,0.0,0.052031692,0.0,0.0056702364,4.734112e-19,0.017204743,0.0,0.007912168,0.0,0.0006698493,0.0,0.0002915762,1.4472223e-20,7.015114e-07
6.3962225e-13,1.9694475e-15,1.3128023e-08,3.2901738e-08,0.0,0.0004341517,8.434289999999999e-37,0.00013377612,3.6361568e-16,2.7221635e-05,8.000000000000001e-45,0.00404144,0.0,0.014535269,0.0,0.0056326105,5.3437765e-19,0.07374214,0.0,0.013871845,0.0,0.0010237151,0.0,0.00041281703,1.425472e-20,7.363522e-07
6.2764534e-13,2.05953e-15,1.1399273e-08,3.5049418e-08,0.0,0.0004806901,8.436245e-37,0.00010091316,2.9475346000000003e-16,2.5446494e-05,8.000000000000001e-45,0.011589513,0.0,0.062367108,0.0,0.00598857,5.257528999999999e-19,0.010726206,0.0,0.0042349366,0.0,0.0008374817,0.0,0.00037809135,1.3987127e-20,8.8495926e-07
6.19761e-13,2.6706468e-15,9.580524e-09,3.4028158e-08,0.0,0.00040000232,7.482502399999999e-37,0.00013050965,2.839855e-16,2.5883897e-05,7e-45,0.0037163778,0.0,0.013946284,0.0,0.005445505,5.697568e-19,0.039359383,0.0,0.0069265882,0.0,0.0010458122,0.0,0.0004361229,1.4105384e-20,1.0118082e-06
6.19761e-13,2.4900028e-15,9.5541e-09,4.6028614e-08,0.0,0.00049523526,7.061377499999999e-37,0.00029360026,2.6842336e-16,2.9927647e-05,6e-45,0.018757654,0.0,0.06037281,0.0,0.0060926774,5.903744699999999e-19,0.024366982,0.0,0.021831755,0.0,0.0010015406,0.0,0.0004661348,1.3649206e-20,1.4079911e-06
5.9881386e-13,2.431834e-15,1.3802811e-08,1.8389477e-08,0.0,0.00046954752,4.037073e-37,0.00055406784,2.471912e-16,1.9895206e-05,3e-45,0.0067644906,0.0,0.022753084,0.0,0.005901035,6.212249399999999e-19,0.033735696,0.0,0.0049480423,0.0,0.0013664853,0.0,0.00057753077,1.3587324e-20,1.3093859e-06
5.988138e-13,1.5607427e-15,1.3764742e-08,3.9066343e-08,0.0,0.0005011811,2.4e-44,0.0012196349,2.7812584e-16,2.0424086e-05,0.0,0.0192506,0.0,0.01206529,0.0,0.00602467,6.426373e-19,0.031014653,0.0,0.010473722,0.0,0.0008321836,0.0,0.00038275667,1.352449e-20,9.1916405e-07
5.988137e-13,1.468039e-15,1.3726778e-08,3.398639e-08,0.0,0.0004214548,2.3472574e-37,0.00037551593,2.850056e-16,1.8088218e-05,0.0,0.007086306,0.0,0.046758577,0.0,0.0055258977,6.34539e-19,0.012049403,0.0,0.008632022,0.0,0.0012112291,0.0,0.0005091464,1.3242991e-20,9.0123615e-07
5.87601e-13,1.762437e-15,1.1483327e-08,1.7874838e-08,0.0,0.00042533284,6.3081327e-37,5.147011e-05,2.4448166000000003e-16,1.8242967e-05,4.000000000000001e-45,0.010551883,0.0,0.0068537598,0.0,0.0056167613,6.6304265e-19,0.04501468,0.0,0.010640808,0.0,0.00083169923,0.0,0.0003648201,1.3177281e-20,8.346855e-07
5.8573806e-13,3.6647063e-19,1.0455209e-08,9.658943e-09,0.0,0.0003999761,2.0624143e-37,0.00017664133,3.2370722000000005e-16,1.1435034e-05,0.0,0.0044111745,0.0,0.023315098,0.0,0.0053053154,6.2712936e-19,0.02608722,0.0,0.007368782,0.0,0.001171263,0.0,0.00047540804,1.3020262e-20,8.092089e-07
5.85738e-13,3.6892700000000003e-19,1.0426373e-08,8.980927e-09,0.0,0.00037210234,3.6875109e-37,0.00017365569,3.1305867000000005e-16,1.9000434e-05,1e-45,0.004789029,0.0,0.006626305,0.0,0.0051734746,6.0761555e-19,0.025425669,0.0,0.011176958,0.0,0.00074947265,0.0,0.00033559772,1.2653624e-20,7.706316e-07
5.607002e-13,4.644736400000002e-16,1.4328732e-08,3.632654e-08,0.0,0.00045801263,4.86998e-37,8.5632826e-05,2.7210084e-16,2.0911693e-05,1e-45,0.01631917,0.0,0.024230735,0.0,0.005871772,5.9479027e-19,0.041733142,0.0,0.00921309,0.0,0.001798721,0.0,0.00076415983,1.2566728e-20,1.5205665e-06
5.5722793e-13,3.728067e-19,1.2606514e-08,1.718622e-08,0.0,0.00048855547,1.0288304e-37,0.00026577007,2.9902113e-16,1.5221979e-05,0.0,0.0048400005,0.0,0.0068909214,0.0,0.0059827697,5.724995999999999e-19,0.027334834,0.0,0.008492508,0.0,0.0013137335,0.0,0.00056996517,1.26780825e-20,1.2753273e-06
5.4172205e-13,3.8031973e-19,1.4893586e-08,5.0620724e-08,0.0,0.0005349874,2.0859866e-37,0.00046761555,3.1436156e-16,2.424728e-05,0.0,0.016942287,0.0,0.036017757,0.0,0.006280657,5.930827999999999e-19,0.038858097,0.0,0.017163457,0.0,0.0009780928,0.0,0.00044494477,1.24107255e-20,1.2040241e-06
5.4172194e-13,3.8993514e-19,1.4852505e-08,4.845659e-08,0.0,0.00042855373,1.561422e-37,0.00023362294,3.4785338e-16,2.5894298e-05,0.0,0.005134936,0.0,0.0063679134,0.0,0.0055738185,5.749958e-19,0.022570712,0.0,0.0040605725,0.0,0.0012806491,0.0,0.00054578594,1.2064346e-20,1.1882589e-06
5.417219e-13,1.6373745e-15,1.4811538e-08,3.8201e-08,0.0,0.00046501236,7e-45,0.0004675362,2.3176015e-16,2.2886885e-05,0.0,0.011454245,0.0,0.030024994,0.0,0.005818532,5.7741503e-19,0.040910773,0.0,0.007116568,0.0,0.0009158158,0.0,0.00040799362,1.22940276e-20,1.0165745e-06
5.4172183e-13,2.1294753e-15,1.47706825e-08,2.5366347e-08,0.0,0.00047852527,7e-45,0.00045824717,2.2671618e-16,1.644641e-05,0.0,0.004106249,0.0,0.0053497474,0.0,0.0058580544,5.560485e-19,0.014364021,0.0,0.01628194,0.0,0.0015099904,0.0,0.0006577116,1.23987936e-20,1.4121557e-06
5.417218e-13,4.8161894e-14,1.4729941e-08,1.5136221e-08,0.0,0.0005413575,3.204903e-37,0.00013886696,2.745859e-16,1.585431e-05,0.0,0.004740048,0.0,0.033636384,0.0,0.0061810585,5.8035255e-19,0.08937238,0.0,0.0042478787,0.0,0.0010354856,0.0,0.0004822998,1.2044764e-20,1.4536326e-06
5.2828076e-13,6.029655e-14,1.8977257e-08,1.5250155e-08,0.0,0.00061221013,2.6958682e-37,0.0001319926,1.2612956000000001e-22,2.4737374e-05,0.0,0.014148545,0.0,0.0072937664,0.0,0.0065504676,5.113317999999999e-19,0.013629217,0.0,0.012198675,0.0,0.0025039627,0.0,0.0011013225,1.1347976e-20,2.814188e-06
5.151732e-13,8.531165500000002e-16,2.3329033e-08,2.1158371e-08,0.0,0.00062329415,2.9878898e-37,0.0005047681,2.3227925000000004e-16,1.7831073e-05,1e-45,0.0039718146,0.0,0.05299127,0.0,0.006648984,5.4961964e-19,0.10584428,0.0,0.0055646836,0.0,0.0022785068,0.0,0.0011014049,1.1357786e-20,4.1524795e-06
5.1517314e-13,1.3287204e-15,2.3264683e-08,5.065831e-08,0.0,0.0006683204,2.396279e-37,0.0008816715,1.9164915e-16,2.5170879e-05,0.0,0.01066314,0.0,0.011946703,0.0,0.006931172,4.411122999999999e-19,0.014798108,0.0,0.020651132,0.0,0.001784494,0.0,0.0008970945,1.08822314e-20,4.6098335e-06
5.103042e-13,1.2061501e-15,2.6599913e-08,8.511002e-08,0.0,0.0008695946,2.2673484e-37,0.0020312115,1.7365805000000003e-16,2.8829587e-05,0.0,0.016639117,0.0,0.12632968,0.0,0.0079775695,4.764893e-19,0.12250211,0.0,0.0057501653,0.0,0.0043216012,0.0,0.0021409292,1.04194756e-20,9.350124e-06
5.026031e-13,1.0364437e-15,3.815328e-08,1.3530759e-07,0.0,0.00095554354,1.969251e-37,0.0035920562,1.669121e-16,3.428402e-05,0.0,0.008773737,0.0,0.06544746,0.0,0.008340935,4.058963e-19,0.017404476,0.0,0.018227639,0.0,0.0045770593,0.0,0.0023066523,1.0484231e-20,1.0226409e-05
4.9542017e-13,1.0277264e-15,4.3279357e-08,2.2799233e-07,0.0,0.0008999214,1.8737625e-37,0.0044204947,1.5693441e-16,4.3985918e-05,0.0,0.032662444,0.0,0.03218729,0.0,0.00818454,4.511188699999999e-19,0.11507001,0.0,0.0055920463,0.0,0.0030813776,0.0,0.0016515845,1.0376064999999999e-20,9.283253e-06
4.949453e-13,2.380618e-16,4.2708674e-08,5.25129e-07,0.0,0.0010925685,1.802366e-37,0.00959559,1.6850001e-16,3.2889828e-05,0.0,0.01567007,0.0,0.02099753,0.0,0.00908202,3.9730408e-19,0.01785766,0.0,0.025588082,0.0,0.007529714,0.0,0.0038562347,1.0040335e-20,1.7961667e-05
4.938482e-13,1.0070062e-14,4.3721116e-08,3.254535e-07,0.0,0.0012460685,2.0891916e-37,0.0038927523,2.3617221e-16,1.9881767e-05,0.0,0.011485379,0.0,0.17993957,0.0,0.009815066,4.735851e-19,0.20955795,0.0,0.008853976,0.0,0.0055483123,0.0,0.0030351344,9.794458e-21,2.0686859e-05
4.8918074e-13,8.177631e-19,5.761172e-08,4.4764028e-07,0.0,0.0012834668,2.0260827e-37,0.0042688996,2.7556348e-16,1.92536e-05,0.0,0.012994911,0.0,0.1094359,0.0,0.010082219,3.8602151e-19,0.07970954,0.0,0.045519046,0.0,0.0042229206,0.0,0.0022619795,9.613695e-21,1.7442184e-05
4.837214e-13,3.5284192000000003e-16,7.2594304e-08,9.262308e-07,0.0,0.0013384167,1.8819257e-37,0.0058072475,1.8317147e-16,4.3083022e-05,0.0,0.015076277,0.0,0.050109237,0.0,0.0105295675,4.343791e-19,0.022121588,0.0,0.01780314,0.0,0.005159593,0.0,0.0028285861,9.158861e-21,2.0133226e-05
4.75479e-13,8.717485e-16,9.225026e-08,1.1860521e-06,0.0,0.0013300569,2.7053107e-37,0.0019094684,1.687881e-16,4.541076e-05,1e-45,0.00787774,0.0,0.02720757,0.0,0.010506308,4.965341999999999e-19,0.12653798,0.0,0.020137995,0.0,0.009301384,0.0,0.0048811086,8.832814e-21,2.8217364e-05
4.7547865e-13,8.385177e-16,9.199578e-08,2.1681462e-06,0.0,0.001628241,1.3834076e-37,0.0042752656,1.4275828000000002e-16,4.2989806e-05,0.0,0.07665832,0.0,0.1879543,0.0,0.011555265,4.1989133e-19,0.07048948,0.0,0.010277978,0.0,0.006300064,0.0,0.0037292538,8.707921e-21,3.5239893e-05
4.754783e-13,6.2367814e-16,9.1742e-08,3.4140849e-06,0.0,0.0016867223,1.3445819e-37,0.007918811,1.4280765e-16,4.472433e-05,0.0,0.07193861,0.0,0.12430441,0.0,0.011792262,3.3997976e-19,0.03888492,0.0,0.04094989,0.0,0.005968959,0.0,0.0034171932,8.411775e-21,3.6156645e-05
4.651232e-13,5.375936500000002e-16,2.1073372e-07,9.078046e-06,0.0,0.002063886,1.0530547e-37,0.026317023,1.1534626e-16,5.794452e-05,0.0,0.043805506,0.0,0.06468689,0.0,0.013288181,3.4341396e-19,0.023408163,0.0,0.028714353,0.0,0.007570218,0.0,0.0045885597,7.98027e-21,5.7357618e-05
4.279633e-13,2.1150506e-14,9.543786e-07,1.5298376e-05,0.0,0.0024406328,1.5143292e-37,0.008768949,1.2835896000000002e-16,6.103753e-05,0.0,0.013418123,0.0,0.07736911,0.0,0.01458968,4.837751999999999e-19,0.16255948,0.0,0.014293976,0.0,0.011785613,0.0,0.0070677195,7.5593144e-21,9.5624026e-05
3.7875478e-13,3.1037802000000004e-16,1.8557681e-06,3.6500413e-05,0.0,0.0026882796,1.5234750999999998e-37,0.004755364,8.026793000000001e-17,8.810162e-05,0.0,0.11310221,0.0,0.070093766,0.0,0.015460007,3.9340813e-19,0.049145225,0.0,0.031004807,0.0,0.008568486,0.0,0.0055125337,7.303992e-21,0.00013924837
3.627781e-13,1.814334e-14,1.4160905e-06,6.5976434e-05,0.0,0.0030085864,9.386333e-38,0.011162792,8.4452295e-17,7.283476e-05,0.0,0.12606415,0.0,0.024627982,0.0,0.016498312,4.523497699999999e-19,0.030523043,0.0,0.046859004,0.0,0.008585435,0.0,0.005457104,6.811121e-21,0.00020598754
3.4673062e-13,1.0778667e-18,1.4019262e-06,0.0003311763,0.0,0.0031113785,5.7124616e-38,0.023841297,1.0290111999999999e-16,8.185526e-05,0.0,0.11711262,0.0,0.1056983,0.0,0.017039975,4.2970942e-19,0.04578083,0.0,0.042778935,0.0,0.0095381215,0.0,0.006198241,6.383346e-21,0.0004097912
3.2164256e-13,1.0802394999999998e-18,2.3432588e-06,0.0047728783,0.0,0.00366659,8.588700700000001e-38,0.011391686,8.399876000000001e-17,0.00047126456,0.0,0.07138853,0.0,0.07425255,0.0,0.018914983,4.5110445e-19,0.09620055,0.0,0.026481379,0.0,0.020554,0.0,0.013512205,6.0423456e-21,0.0022882866
3.0800053e-13,1.0536455e-18,2.3392595e-06,0.0037683048,0.0,0.004209308,9.63192e-38,0.047070976,1.4300453e-16,0.00067597226,0.0,0.06316485,0.0,0.08493177,0.0,0.020431608,2.6009505e-19,0.14685981,0.0,0.014475313,0.0,0.014446235,0.0,0.009955185,5.661593e-21,0.0057022553
3.003548e-13,4.868987e-14,2.1999222e-06,0.0023766707,0.0,0.004550936,3.4079416000000004e-38,0.03146892,2.0377952e-16,0.0004412469,0.0,0.03150077,0.0,0.07905884,0.0,0.021335071,1.3925075e-19,0.113841265,0.0,0.11792852,0.0,0.009843416,0.0,0.006789395,5.497956e-21,0.035286054
3.0034972e-13,9.211916e-16,2.193851e-06,0.0024769555,0.0,0.0049413764,3.83789e-38,0.017906286,1.6206796e-16,0.00043249497,0.0,0.008457189,0.0,0.084654845,0.0,0.02238818,1.6517499e-19,0.056560855,0.0,0.08553011,0.0,0.019202312,0.0,0.012643178,5.34806e-21,0.009631905
2.9844698e-13,6.441977e-16,2.1053734e-06,0.002352251,0.0,0.005424468,2.40766e-38,0.028827278,1.4209671e-16,0.0008800909,0.0,0.0490535,0.0,0.054141607,0.0,0.023856739,2.3088749e-19,0.17061186,0.0,0.05233694,0.0,0.01172351,0.0,0.008479143,4.9112577e-21,0.03878939
2.9734903e-13,1.2472395e-15,2.0279133e-06,0.0067710653,0.0,0.005515343,4.6076629999999994e-38,0.046836656,1.0609772e-16,0.0016937209,0.0,0.02109,0.0,0.074833415,0.0,0.024616953,1.5471849999999998e-19,0.14494322,0.0,0.02599705,0.0,0.019948266,0.0,0.013465636,4.5031603000000004e-21,0.012991275
2.9375525e-13,1.2989699e-15,2.2059924e-06,0.01007874,0.0,0.0057379184,4.010699e-38,0.029972749,6.722868e-17,0.0010249256,0.0,0.051021773,0.0,0.1121242,0.0,0.02554019,6.765443e-20,0.20574851,0.0,0.055478573,0.0,0.015590425,0.0,0.011008352,4.3313483e-21,0.024303274
2.7373053e-13,8.001398699999999e-19,6.548021e-06,0.017681558,0.0,0.00631535,3.0918465e-38,0.023415362,1.9209688e-16,0.0032616595,0.0,0.022870295,0.0,0.09929678,0.0,0.027340274,5.2234449999999995e-20,0.18979904,0.0,0.046344735,0.0,0.013526887,0.0,0.009641316,4.068579e-21,0.016955338
2.7113218e-13,4.848926e-16,5.375448e-06,0.02189777,0.0,0.0070075816,3.9423817000000005e-38,0.027285531,1.4380927000000002e-16,0.0066184616,0.0,0.06981425,0.0,0.18853493,0.0,0.029257322,6.9331255e-20,0.13919176,0.0,0.028211292,0.0,0.026416905,0.0,0.018190697,3.7683223000000004e-21,0.03747078
2.702623e-13,6.628065e-19,4.998796e-06,0.028694805,0.0,0.008036253,3.2944314000000004e-38,0.06564583,1.3153932e-16,0.0142420335,0.0,0.057104643,0.0,0.15403134,0.0,0.031820256,8.420401999999999e-20,0.11642298,0.0,0.022097692,0.0,0.015883563,0.0,0.011739994,3.325083e-21,0.010520409
2.6532587e-13,5.0627278e-15,5.790757e-06,0.011072558,0.0,0.009043033,2.1436582e-38,0.028678041,1.8713562e-16,0.0062099374,0.0,0.022872292,0.0,0.14894637,0.0,0.034579534,8.197080999999999e-20,0.16808236,0.0,0.14954144,0.0,0.023483267,0.0,0.016533628,3.3127055000000007e-21,0.16428205
2.5860715e-13,5.427875e-19,7.672971e-06,0.044816162,0.0,0.009704384,1.4449245e-38,0.025433432,1.954318e-16,0.027342493,0.0,0.22091722,0.0,0.15095049,0.0,0.036550835,4.4757749999999995e-20,0.1606059,0.0,0.08432641,0.0,0.016823983,0.0,0.012399085,1.0845968e-21,0.09311487
2.5403594e-13,4.555732e-16,7.822215e-06,0.020390952,0.0,0.009888369,1.6359806e-38,0.01828581,1.0988475e-16,0.0134392055,0.0,0.2096149,0.0,0.13748829,0.0,0.038045973,3.2878568e-20,0.13794693,0.0,0.04970451,0.0,0.03976909,0.0,0.02828923,7.911014000000002e-22,0.1156833
2.459261e-13,5.1822513e-16,1.242942e-05,0.048810128,0.0,0.012276722,1.8578401e-38,0.17167278,7.673316e-17,0.106179625,0.0,0.1628624,0.0,0.09215649,0.0,0.043249585,4.6737633999999996e-20,0.12050564,0.0,0.037730005,0.0,0.030533135,0.0,0.023537334,9.704941e-22,0.05347263
2.4435136e-13,2.918711e-19,1.1816504e-05,0.009711042,0.0,0.014136554,8.331822e-39,0.13611062,1.0138007e-16,0.05364268,0.0,0.17804255,0.0,0.061866883,0.0,0.047530852,4.7151088e-20,0.07909306,0.0,0.03541897,0.0,0.023620155,0.0,0.01810385,1.1257393e-21,0.12599532
2.3535595e-13,3.878002e-17,2.0083859e-05,0.03213461,0.0,0.014751168,8.849001e-39,0.07653219,7.485347e-17,0.042919125,0.0,0.14775428,0.0,0.04607914,0.0,0.050155185,4.9945453e-20,0.18857712,0.0,0.068968624,0.0,0.063093394,0.0,0.04640311,5.916202e-22,0.19978796
2.2461959e-13,3.562545e-16,2.794646e-05,0.011315904,0.0,0.015990185,9.626577e-39,0.17844966,4.3083894e-17,0.018709581,0.0,0.109303884,0.0,0.19335645,0.0,0.053833853,2.6526441e-20,0.2510438,0.0,0.047242295,0.0,0.054013245,0.0,0.042035934,5.188973e-22,0.12682067
2.1436535e-13,2.0883609e-19,3.4353703e-05,0.06275636,0.0,0.017987117,3.652776e-39,0.134744,4.4568382e-17,0.07440391,0.0,0.1386732,0.0,0.21321714,0.0,0.058181457,4.0428619999999996e-20,0.29450706,0.0,0.043539234,0.0,0.04285722,0.0,0.03357229,6.721397300000001e-22,0.073773295
2.0519557e-13,1.147031e-16,3.6226364e-05,0.025231494,0.0,0.018113557,3.663118e-39,0.08450702,3.0022146e-17,0.03270186,0.0,0.11480202,0.0,0.17912981,0.0,0.06007014,6.8512895e-20,0.30974844,0.0,0.052795213,0.0,0.031449072,0.0,0.024291176,7.3653825e-22,0.14436571
1.9174958e-13,1.461898e-16,5.581629e-05,0.036847718,0.0,0.0208977,4.83861e-39,0.038213342,1.9586702e-17,0.017756155,0.0,0.06450765,0.0,0.12414931,0.0,0.06544077,3.2190002e-20,0.29013667,0.0,0.048017602,0.0,0.03830048,0.0,0.029074106,3.969562700000001e-22,0.07750153
1.8986971e-13,1.04315605e-19,4.6563946e-05,0.01032601,0.0,0.023273312,3.5308740000000004e-39,0.07551457,2.5323878e-17,0.11253246,0.0,0.07520107,0.0,0.07822742,0.0,0.070487015,1.6602166e-20,0.23462021,0.0,0.054579843,0.0,0.03540068,0.0,0.027355913,4.0099893000000003e-22,0.04191985
1.8861072e-13,9.5294774e-20,4.151999e-05,0.04506864,0.0,0.023408547,1.7528130000000002e-39,0.05476891,7.834275e-17,0.07657398,0.0,0.045756355,0.0,0.095181264,0.0,0.07316511,1.21647645e-20,0.16161785,0.0,0.053383432,0.0,0.0682697,0.0,0.050664496,5.123044500000001e-22,0.05168993
1.7898512e-13,7.440017e-20,7.233905e-05,0.012178166,0.0,0.02580212,1.216729e-39,0.05375576,9.931681e-17,0.0668712,0.0,0.01573527,0.0,0.07728871,0.0,0.07824054,9.677243e-21,0.076054536,0.0,0.060837116,0.0,0.061920606,0.0,0.04923067,5.524390600000001e-22,0.014062107
1.50679e-13,6.727026e-20,0.0002373618,0.100308634,0.0,0.027574306,1.6299399999999994e-39,0.027251106,7.651631000000001e-17,0.025256174,0.0,0.5008676,0.0,0.28981078,0.0,0.08286116,9.269637e-21,0.18277068,0.0,0.06330678,0.0,0.053662807,0.0,0.043246042,6.2082566e-22,0.1702846
1.361892e-13,3.8324767e-20,0.00022303402,0.038788956,0.0,0.03027633,5.2689e-40,0.025121577,7.72761e-17,0.043636348,0.0,0.49254513,0.0,0.2386569,0.0,0.0878245,8.1175234e-20,0.22342682,0.0,0.06555469,0.0,0.047112353,0.0,0.03735855,4.0638527000000003e-22,0.09461698
1.2792558e-13,2.069278e-16,0.00023213707,0.016676832,0.0,0.033219907,4.01713e-40,0.2102679,4.795845e-17,0.05363817,0.0,0.32836294,0.0,0.17013428,0.0,0.09318738,6.287693999999999e-20,0.20462379,0.0,0.06874171,0.0,0.061465397,0.0,0.047383048,4.811004e-22,0.042007763
1.2536513e-13,4.0317675e-16,0.0002583684,0.042774636,0.0,0.034849666,6.3599999999999996e-40,0.21749529,2.8989908e-17,0.035962865,0.0,0.21942526,0.0,0.10503313,0.0,0.09772339,1.0055806e-20,0.14435263,0.0,0.073372446,0.0,0.053702414,0.0,0.042545747,5.1443687e-22,0.18392387
1.1874816e-13,2.5209487000000003e-16,0.0070674075,0.0074830973,0.0,0.036242977,5.10274e-40,0.19374742,2.2340188e-17,0.029525362,0.0,0.13575485,0.0,0.07823126,0.0,0.10168565,2.1863367e-21,0.08019205,0.0,0.07555796,0.0,0.054297905,0.0,0.042617038,2.1664248e-22,0.12730385
1.0808597e-13,1.7931389e-20,0.0025221983,0.103160225,0.0,0.039325166,3.16464e-40,0.23587692,3.6385303000000003e-17,0.0628358,0.0,0.06072926,0.0,0.061179258,0.0,0.10692273,7.5577535e-22,0.044431522,0.0,0.07999513,0.0,0.069565624,0.0,0.05444297,1.7098388000000002e-22,0.19451866
9.477349e-14,9.706642999999999e-21,0.051981684,0.059550237,0.0,0.04062515,2.12634e-40,0.20470157,1.7178978e-17,0.0466756,0.0,0.016714523,0.0,0.04615065,0.0,0.11054668,3.4425696000000004e-22,0.04762879,0.0,0.083113864,0.0,0.0627041,0.0,0.050100714,1.6483973000000001e-22,0.12836613
6.660954e-14,1.483598e-16,0.02201447,0.023165442,0.0,0.040523414,3.0676999999999998e-40,0.166335,7.555344e-18,0.0991026,0.0,0.36140978,0.0,0.019404182,0.0,0.11315073,1.8154748e-22,0.027438963,0.0,0.08530607,0.0,0.06274692,0.0,0.04951359,1.9488227e-22,0.06947291
5.742545e-14,6.105346e-21,0.013772025,0.03458835,0.0,0.039610937,2.01556e-40,0.104831666,6.2829992e-18,0.03305595,0.0,0.3584122,0.0,0.45929885,0.0,0.11486917,1.1242593e-22,0.29201746,0.0,0.086039536,0.0,0.07141097,0.0,0.05580226,2.204073e-22,0.17470594
5.2104578e-14,5.0581174e-21,0.009183517,0.010576824,0.0,0.038974572,1.80838e-40,0.124433614,1.9650051e-17,0.043672998,0.0,0.30588666,0.0,0.25306883,0.0,0.11625974,5.847116e-23,0.17723967,0.0,0.08728559,0.0,0.06434321,0.0,0.050603494,9.832341e-23,0.10814176
4.8280763e-14,5.68236e-17,0.003951579,0.0836561,0.0,0.039996617,1.50452e-40,0.15722649,8.379404e-18,0.123256154,0.0,0.23462017,0.0,0.14840826,0.0,0.11952978,5.057761000000001e-23,0.33862507,0.0,0.09118478,0.0,0.07037164,0.0,0.055065773,9.036111000000001e-23,0.17723274
4.6358198e-14,1.08331524e-16,0.002166163,0.024691466,0.0,0.042481862,1.27653e-40,0.14683437,7.132068e-18,0.06314644,0.0,0.15784115,0.0,0.06991476,0.0,0.123738475,6.337343000000001e-23,0.27138883,0.0,0.093259625,0.0,0.068571895,0.0,0.05411078,9.447406e-23,0.11628953
4.5570176e-14,6.400155000000001e-17,0.0020559884,0.02644587,0.0,0.043128353,1.0557e-40,0.13452177,4.607772e-18,0.0190435,0.0,0.08129082,0.0,0.055562846,0.0,0.12649734,2.8104050000000004e-23,0.19385588,0.0,0.09569058,0.0,0.08316674,0.0,0.06479443,1.116566e-22,0.18007831
4.4856178e-14,2.0050418e-21,0.002050311,0.026445504,0.0,0.04163672,7.2243e-41,0.11882375,7.429895e-18,0.070008755,0.0,0.03577027,0.0,0.019495994,0.0,0.12739,2.0837565e-23,0.11032003,0.0,0.09570513,0.0,0.0724758,0.0,0.057182502,6.070205000000001e-23,0.09954929
4.2781618e-14,1.7184532000000002e-21,0.0037316093,0.045735303,0.0,0.046697713,6.031200000000001e-41,0.11000439,1.3514107000000001e-17,0.06322169,0.0,0.09236083,0.0,0.38374332,0.0,0.13296911,1.9461583e-23,0.08259297,0.0,0.10010312,0.0,0.07377094,0.0,0.057940073,6.81078e-23,0.042353462
4.157279e-14,1.3331154e-21,0.0037213052,0.0071532964,0.0,0.046508055,4.716500000000001e-41,0.19409768,1.4431372e-17,0.027057039,0.0,0.31086755,0.0,0.21146281,0.0,0.13517481,1.9042223e-23,0.048472416,0.0,0.102378234,0.0,0.08599576,0.0,0.06677026,7.679887000000001e-23,0.012313384
4.0401317e-14,7.5085606e-17,0.0037110297,0.022458922,0.0,0.046843,2.2663e-41,0.2580965,1.0205347000000001e-17,0.025253868,0.0,0.3056061,0.0,0.11935883,0.0,0.13750236,1.54306e-23,0.01937253,0.0,0.10456988,0.0,0.07878875,0.0,0.06229008,8.9564086e-23,0.22560172
3.890993e-14,3.669106000000001e-17,0.00589646,0.027164793,0.0,0.04817086,2.6161000000000003e-41,0.23874205,6.584771299999999e-18,0.06307495,0.0,0.22683948,0.0,0.051678684,0.0,0.14021532,1.2928804e-23,0.6374717,0.0,0.10649201,0.0,0.07932533,0.0,0.062411487,4.4582152e-23,0.15880916
3.62415e-14,8.928276e-22,0.004012789,0.019102555,0.0,0.0515217,1.7419999999999998e-41,0.19887073,1.5469526e-17,0.028360687,0.0,0.14836353,0.0,0.10179614,0.0,0.14410454,2.4417782e-23,0.23567179,0.0,0.10952149,0.0,0.08999666,0.0,0.070667036,4.3486342e-23,0.08643175
3.511031e-14,8.0073890000000015e-22,0.0034207476,0.050363276,0.0,0.05545759,1.0999e-41,0.19616742,1.175455e-17,0.09414781,0.0,0.072216555,0.0,0.11143243,0.0,0.14867094,7.084607e-24,0.12227098,0.0,0.114734486,0.0,0.090553194,0.0,0.07341803,4.8391697e-23,0.02607175
3.4199802e-14,6.0527023000000005e-22,0.003411302,0.03151695,0.0,0.057844266,7.214000000000001e-42,0.13016045,1.6479954e-17,0.06058799,0.0,0.02609635,0.0,0.053226892,0.0,0.15216604,8.424277e-24,0.042319078,0.0,0.11821188,0.0,0.095182344,0.0,0.07702348,5.899562499999999e-23,0.17539941
3.3274378e-14,4.972799999999999e-22,0.0034040888,0.051972054,0.0,0.06075624,7.596000000000001e-42,0.12543705,1.3554569e-17,0.012032971,0.0,0.22477058,0.0,0.39390028,0.0,0.15541299,1.5624613e-23,0.35486323,0.0,0.12242171,0.0,0.097958356,0.0,0.08001792,3.3451322e-23,0.25048104
3.1781357e-14,1.8339352e-17,0.0020444095,0.023768123,0.0,0.06058958,3.914000000000001e-42,0.09489051,8.935818e-18,0.07864858,0.0,0.21391375,0.0,0.17778422,0.0,0.15730585,3.3762732000000004e-22,0.31982842,0.0,0.12546663,0.0,0.10490611,0.0,0.086244166,2.1219221e-23,0.1819494
3.057097e-14,1.5323686e-17,0.008011287,0.04338974,0.0,0.060312524,3.187e-42,0.09333792,7.18289e-18,0.047287807,0.0,0.15094754,0.0,0.09810879,0.0,0.15876953,2.8264293000000003e-22,0.22024356,0.0,0.12579188,0.0,0.103202544,0.0,0.08539571,2.3543833e-23,0.10907422
2.8746496e-14,3.1293145e-15,0.007989166,0.008598889,0.0,0.056390945,2.8950000000000005e-42,0.044441797,1.4618677e-17,0.017275095,0.0,0.077841975,0.0,0.05892581,0.0,0.15836976,4.4917958e-23,0.120579965,0.0,0.123848416,0.0,0.10399312,0.0,0.083833046,2.5107059e-23,0.0442365
2.7072494e-14,2.3384059e-22,0.006804787,0.030445889,0.0,0.058440268,3.0670000000000003e-42,0.08032983,2.4936369e-17,0.076406434,0.0,0.026863338,0.0,0.05209047,0.0,0.16045098,7.1776836e-22,0.04547008,0.0,0.1251188,0.0,0.10302662,0.0,0.08355925,3.424824e-23,0.12320107
2.5699896e-14,1.9912996000000005e-22,0.0051723206,0.038854938,0.0,0.058490902,1.0480000000000001e-42,0.10246573,1.5708939e-17,0.023222752,0.0,0.025684208,0.0,0.07171333,0.0,0.16130082,3.072461e-21,0.23548052,0.0,0.125819,0.0,0.106040195,0.0,0.08466302,1.686535e-23,0.16887237
2.4693235e-14,1.6215085e-22,0.0049667032,0.022133145,0.0,0.057548642,7.440000000000001e-43,0.08737731,1.3858541e-17,0.098105,0.0,0.031689066,0.0,0.26233518,0.0,0.16150081,3.852215e-21,0.23567583,0.0,0.12488021,0.0,0.10104448,0.0,0.08172555,1.6465526e-23,0.09302497
2.3653024e-14,1.4398779000000002e-22,0.0034462472,0.03957861,0.0,0.05451505,1.456e-42,0.08617559,1.6796248e-17,0.090586156,0.0,0.19348659,0.0,0.112788625,0.0,0.16071947,2.9927215000000007e-21,0.1816387,0.0,0.123991154,0.0,0.10205425,0.0,0.080746755,2.0606577e-23,0.032502126
2.3035124e-14,1.1761699e-22,0.0034367316,0.006765374,0.0,0.05389542,1.21e-42,0.087678514,2.1104087e-17,0.08657203,0.0,0.18898217,0.0,0.19033717,0.0,0.16086978,1.7194989e-21,0.122446656,0.0,0.12436768,0.0,0.098334745,0.0,0.07788096,2.651297e-23,0.1235915
2.2435006e-14,1.0789141000000002e-22,0.0034272424,0.03261508,0.0,0.054377355,6.91e-43,0.08973927,1.6889625e-17,0.06400484,0.0,0.14719355,0.0,0.11242903,0.0,0.16135576,1.3373434000000001e-21,0.07542876,0.0,0.12521148,0.0,0.104603894,0.0,0.082425386,1.26880625e-23,0.13375784
2.1536607e-14,9.026477e-23,0.0017903465,0.02525444,0.0,0.054274697,7.72e-43,0.07258404,2.3346920000000006e-17,0.09448677,0.0,0.08062971,0.0,0.04547523,0.0,0.16154133,7.7500275e-22,0.03846538,0.0,0.122877814,0.0,0.09637459,0.0,0.076148905,1.1258694e-23,0.053946313
2.083033e-14,7.933668000000001e-23,0.0030318638,0.022468157,0.0,0.054896433,5.03e-43,0.07112178,1.4732982e-17,0.04144874,0.0,0.03502681,0.0,0.12173736,0.0,0.16233629,4.291776400000001e-22,0.21053113,0.0,0.122196436,0.0,0.09976523,0.0,0.0776208,1.3935732999999998e-23,0.03622399
2.0009549e-14,7.058517e-23,0.0015336649,0.027095854,0.0,0.054709334,2.7700000000000003e-43,0.080799855,1.6973809e-17,0.047113873,0.0,0.02026915,0.0,0.1398524,0.0,0.16222072,1.8530415000000001e-22,0.16577514,0.0,0.12266582,0.0,0.09680633,0.0,0.075409785,1.7978946e-23,0.1291625
1.9298641e-14,1.1869550000000003e-17,0.0022545094,0.019454988,0.0,0.052339647,3.9400000000000004e-43,0.09980073,9.583222e-18,0.01916982,0.0,0.22110875,0.0,0.081990145,0.0,0.16111085,1.4438077000000002e-22,0.28208718,0.0,0.12147302,0.0,0.10013408,0.0,0.07714915,8.544725e-24,0.13968508
1.8628723e-14,5.4918906e-23,0.0011097308,0.04675364,0.0,0.05030032,4.47e-43,0.08065565,7.560258e-18,0.034702204,0.0,0.21949409,0.0,0.45127258,0.0,0.15993035,1.2517962e-22,0.22124858,0.0,0.12027841,0.0,0.093082935,0.0,0.07155632,9.021208e-24,0.06014285
1.6565703e-14,4.3300802e-23,0.00069029577,0.017330348,0.0,0.052554607,5.8400000000000015e-43,0.10410835,5.323193e-18,0.019806456,0.0,0.17145477,0.0,0.20666641,0.0,0.16080512,3.6234723e-23,0.12920137,0.0,0.12227395,0.0,0.10664049,0.0,0.08180786,1.1054351e-23,0.017583778
1.5499683e-14,3.4858533e-17,0.0020227213,0.029992383,0.0,0.0540984,2.06e-43,0.060320828,3.3792506e-18,0.039467454,0.0,0.1147346,0.0,0.09705687,0.0,0.16134162,2.3373024e-23,0.042677615,0.0,0.12220078,0.0,0.09784474,0.0,0.077659406,1.4404535e-23,0.209833
1.5076712e-14,2.7071936e-17,0.0017699661,0.008557675,0.0,0.051948484,1.95e-43,0.034966256,2.4344953e-18,0.025282491,0.0,0.04910151,0.0,0.088720754,0.0,0.16020155,2.3125707e-23,0.189222,0.0,0.12034508,0.0,0.09322907,0.0,0.07247901,6.8430205e-24,0.13349411
1.4873128e-14,4.561271e-17,0.0017650794,0.0120101515,0.0,0.05099267,2e-43,0.033189546,1.6485349e-18,0.03435381,0.0,0.016346449,0.0,0.057869993,0.0,0.15962897,1.9751733e-23,0.26393434,0.0,0.11914133,0.0,0.098414615,0.0,0.07507003,6.1910818e-24,0.07050339
1.4641073e-14,4.8594638e-17,0.0015314791,0.029364688,0.0,0.052332245,2.06e-43,0.031167077,1.225185e-18,0.014862913,0.0,0.28126398,0.0,0.085244864,0.0,0.15992467,7.277707e-24,0.21251233,0.0,0.119698405,0.0,0.09360781,0.0,0.07282344,7.10445e-24,0.09948381
1.4436597e-14,2.0886307e-17,0.0021560786,0.010668394,0.0,0.054181878,1.2e-43,0.060853258,1.1005938e-18,0.07804012,0.0,0.26529554,0.0,0.097351864,0.0,0.16074942,3.5919874e-24,0.13519026,0.0,0.121125124,0.0,0.097711794,0.0,0.07609492,1.0265521e-23,0.06998536
1.2439661e-14,1.3803702e-17,0.0090103615,0.023533426,0.0,0.051346824,1.01e-43,0.06378051,8.010135299999999e-19,0.023122292,0.0,0.2025285,0.0,0.043039,0.0,0.159409,2.0786297e-24,0.09774433,0.0,0.12007607,0.0,0.09315421,0.0,0.07242664,1.1996993e-23,0.020866182
1.0827145e-14,2.6297625e-17,0.0017704124,0.029652048,0.0,0.04997496,1.7700000000000002e-43,0.059363946,5.7029657e-19,0.025942372,0.0,0.13063674,0.0,0.076490045,0.0,0.15823722,2.1445154e-24,0.065868616,0.0,0.11867406,0.0,0.09793911,0.0,0.07455869,1.4462678e-23,0.15674433
9.667825e-15,6.692086799999999e-18,0.0010422197,0.012510703,0.0,0.050268047,1.47e-43,0.057910357,4.1726136e-19,0.049075454,0.0,0.076484196,0.0,0.08445865,0.0,0.15798743,2.3561532e-24,0.030687904,0.0,0.12007018,0.0,0.093330175,0.0,0.072950065,5.7425819999999996e-24,0.09827485
8.694719e-15,1.0009530000000001e-17,0.011351631,0.018045919,0.0,0.049337514,1.01e-43,0.025821868,3.0836572e-19,0.02474674,0.0,0.031134358,0.0,0.11658798,0.0,0.15720876,3.1245177e-24,0.15577428,0.0,0.11896263,0.0,0.09337668,0.0,0.07167399,5.299784e-24,0.09766438
7.964764e-15,1.2447614e-23,0.005120635,0.023691341,0.0,0.04593671,5.7e-44,0.014278723,7.536283999999999e-19,0.03238893,0.0,0.0145351235,0.0,0.062807724,0.0,0.15495007,1.9605183e-24,0.22978291,0.0,0.11569676,0.0,0.086980894,0.0,0.066239886,6.2590133e-24,0.023367442
7.464827e-15,1.2860326e-17,0.012597254,0.02166714,0.0,0.04799423,1.05e-43,0.056881428,5.096810999999999e-19,0.015221015,0.0,0.19658636,0.0,0.14971817,0.0,0.15586612,1.2106096e-24,0.19052419,0.0,0.11644419,0.0,0.09742928,0.0,0.07339869,8.3712886e-24,0.114299685
6.7763737e-15,6.302515e-18,0.01256248,0.01890512,0.0,0.049856696,1e-43,0.056911986,4.443429e-19,0.03628151,0.0,0.19201705,0.0,0.10232233,0.0,0.15681647,1.0639199e-24,0.11203573,0.0,0.116916634,0.0,0.089606695,0.0,0.069118716,6.937192e-24,0.041844945
6.153058e-15,5.0716565e-18,0.012527802,0.020509448,0.0,0.045823485,6.9e-44,0.021268157,3.1034547e-19,0.0143662775,0.0,0.14043303,0.0,0.08458824,0.0,0.15433516,9.554989e-25,0.03361092,0.0,0.11566416,0.0,0.08811474,0.0,0.067048624,7.377075e-24,0.059972584
5.433739e-15,1.5662605e-17,0.003130949,0.017709263,0.0,0.044441197,4.999999999999999e-44,0.027311243,2.0446835e-19,0.026573915,0.0,0.094875164,0.0,0.16893081,0.0,0.15283924,1.0594827e-24,0.106791764,0.0,0.11480777,0.0,0.08966832,0.0,0.06710105,5.752308e-24,0.06463994
5.2972564e-15,5.6150046e-18,0.0027531786,0.018301364,0.0,0.0423529,4.3e-44,0.057406034,1.8418608e-19,0.012924183,0.0,0.040275406,0.0,0.11366827,0.0,0.1508067,1.1879080000000001e-23,0.058368143,0.0,0.11134621,0.0,0.081843644,0.0,0.061044242,6.0811583e-24,0.04819657
5.18641e-15,6.5242986e-24,0.0027455788,0.010658201,0.0,0.042325176,6.300000000000001e-44,0.055184018,6.594919699999999e-19,0.022563048,0.0,0.017073153,0.0,0.064866945,0.0,0.15007617,2.1041754e-23,0.01874761,0.0,0.10922371,0.0,0.08738496,0.0,0.06407347,5.4677756e-24,0.020683317
5.0595476e-15,6.0349528e-24,0.002075473,0.015577208,0.0,0.041050956,2.5e-44,0.02632224,1.4831811999999998e-18,0.016811535,0.0,0.25992015,0.0,0.053317927,0.0,0.14855145,2.8349280000000005e-23,0.493162,0.0,0.108017035,0.0,0.07844398,0.0,0.057758756,6.151565e-24,0.09937335
4.933003e-15,5.5267347e-24,0.0013007188,0.030141484,0.0,0.040126204,3.1000000000000003e-44,0.059876308,1.3397143e-18,0.039183423,0.0,0.26208928,0.0,0.039889567,0.0,0.147155,3.3009064e-23,0.27725938,0.0,0.105716065,0.0,0.07939459,0.0,0.05701907,3.6359467e-24,0.05024504
4.7496403e-15,5.315686e-18,0.0006310884,0.017407695,0.0,0.041642226,1.8000000000000002e-44,0.05495799,9.7664e-19,0.021787984,0.0,0.2146089,0.0,0.080833904,0.0,0.1473531,8.4532044e-23,0.18328446,0.0,0.104544125,0.0,0.07500043,0.0,0.05527055,3.1289797e-24,0.026880879
4.713387e-15,4.877768e-18,0.00058496324,0.023911972,0.0,0.040322397,1e-44,0.049711056,6.8531433e-19,0.02764745,0.0,0.16228318,0.0,0.32611516,0.0,0.1459297,4.6389666e-23,0.10604617,0.0,0.10335134,0.0,0.08060798,0.0,0.05789904,3.62369e-24,0.064346425
4.6652525e-15,1.2426732e-17,0.0026531497,0.020041825,0.0,0.04117709,2e-44,0.037132524,4.7124273e-19,0.02153807,0.0,0.10298707,0.0,0.16596735,0.0,0.14605281,3.7614822e-23,0.041806184,0.0,0.106041975,0.0,0.07387489,0.0,0.054533813,2.8646555e-24,0.055004463
4.4791805e-15,4.6502166e-19,0.0037365665,0.0179892,0.0,0.041191567,2.8e-44,0.029998774,3.9053045e-19,0.026519338,0.0,0.03820544,0.0,0.08018971,0.0,0.14563939,4.2343018e-23,0.16522443,0.0,0.10318779,0.0,0.0781188,0.0,0.056173634,3.2314559e-24,0.018204583
4.3083835e-15,3.0520877000000003e-24,0.00213582,0.022133408,0.0,0.038085207,1.4e-44,0.014983238,1.9136536e-18,0.024132326,0.0,0.019125447,0.0,0.17232907,0.0,0.14274117,3.461477e-23,0.16176903,0.0,0.09968943,0.0,0.06742523,0.0,0.048192564,3.5897037e-24,0.10690319
4.0608255e-15,2.6822375e-17,0.004900574,0.020908682,0.0,0.038426798,6e-45,0.08399239,2.390492e-18,0.030663842,0.0,0.23896757,0.0,0.11833834,0.0,0.14190926,2.8717074e-23,0.20231214,0.0,0.10050383,0.0,0.08159477,0.0,0.058410566,2.4256723e-24,0.04305612
3.898428e-15,9.698768e-18,0.0033579087,0.031484142,0.0,0.039365236,1.7e-44,0.044198025,1.7252984e-18,0.018517561,0.0,0.22496171,0.0,0.06459242,0.0,0.14212109,1.13070344e-23,0.1546254,0.0,0.102541365,0.0,0.07495445,0.0,0.05574747,2.5898819999999998e-24,0.013998887
3.7145584e-15,5.670108000000001e-23,0.0024290115,0.010484018,0.0,0.041126482,8.000000000000001e-45,0.027960451,3.0009873000000003e-18,0.032467004,0.0,0.17607789,0.0,0.029994756,0.0,0.1432074,9.599484e-24,0.06511247,0.0,0.10318684,0.0,0.07365824,0.0,0.054994423,3.0574426e-24,0.09628173
3.6393795e-15,4.0598587e-18,0.0020913328,0.012652876,0.0,0.038990792,8.000000000000001e-45,0.020904738,1.9331734e-18,0.010917058,0.0,0.13828568,0.0,0.36265928,0.0,0.14158991,1.1438303e-23,0.13751888,0.0,0.0996099,0.0,0.07576442,0.0,0.054397378,2.6805673e-24,0.027553314
3.4999204e-15,1.5609143e-17,0.0049054,0.02542655,0.0,0.039529484,7e-45,0.042665266,1.2387464999999998e-18,0.041800763,0.0,0.095625594,0.0,0.24752443,0.0,0.14143375,7.532881999999999e-24,0.13182937,0.0,0.10042758,0.0,0.07078229,0.0,0.052186467,3.1033648e-24,0.117715165
3.3705019e-15,2.197807e-18,0.00489186,0.02030035,0.0,0.038387474,1.1e-44,0.04845042,1.3590188e-18,0.011424444,0.0,0.039479975,0.0,0.12135339,0.0,0.14056192,2.9358952e-24,0.087483004,0.0,0.10257209,0.0,0.08019246,0.0,0.058065034,1.3578283e-24,0.10637596
2.95998e-15,7.858508e-23,0.026269887,0.020750022,0.0,0.039315965,6e-45,0.059451833,1.766778e-18,0.033838157,0.0,0.14815651,0.0,0.05484625,0.0,0.14079562,1.9492538e-24,0.038544953,0.0,0.10091079,0.0,0.07195761,0.0,0.05355365,1.2651994e-24,0.0332174
2.4904467e-15,7.471356e-23,0.011056077,0.020035842,0.0,0.03857384,7e-45,0.06881852,1.2231587e-18,0.015432965,0.0,0.1320248,0.0,0.021519465,0.0,0.14016019,1.7740072e-24,0.11930676,0.0,0.10030968,0.0,0.07202327,0.0,0.05288076,1.4036178e-24,0.058562696
2.2876837e-15,1.14213625e-17,0.011025561,0.05932572,0.0,0.039171916,7e-45,0.04610239,7.787558999999999e-19,0.08057596,0.0,0.122668386,0.0,0.5092445,0.0,0.14046535,1.619714e-24,0.12913646,0.0,0.10115045,0.0,0.07178898,0.0,0.052850302,1.6828742e-24,0.06757564
2.107908e-15,5.8110435e-23,0.005824056,0.012772922,0.0,0.037057098,4.000000000000001e-45,0.05194454,7.866224e-19,0.028552366,0.0,0.10063604,0.0,0.2948797,0.0,0.13858451,1.4388634e-24,0.106219344,0.0,0.098303646,0.0,0.0730549,0.0,0.052654166,1.4174964e-24,0.012565902
1.9480964e-15,5.657964e-23,0.0021156252,0.018081712,0.0,0.0358923,4.000000000000001e-45,0.023425747,1.771748e-18,0.02747455,0.0,0.07452446,0.0,0.23521137,0.0,0.13699782,1.2251608e-24,0.074258596,0.0,0.097817495,0.0,0.06741769,0.0,0.04936907,1.6942368e-24,0.119340375
1.6318026e-15,9.405623e-18,0.03021066,0.011035395,0.0,0.035064287,4.000000000000001e-45,0.045443863,1.2096178e-18,0.013458112,0.0,0.15858163,0.0,0.13436171,0.0,0.13561115,7.830699e-25,0.035736103,0.0,0.097278416,0.0,0.07670657,0.0,0.05506909,9.65725e-25,0.055495787
1.3049922e-15,5.083013000000001e-23,0.009390893,0.03137761,0.0,0.03721242,3e-45,0.022907095,1.1718686e-18,0.037668888,0.0,0.15377608,0.0,0.06015379,0.0,0.13690327,7.044333e-25,0.10775881,0.0,0.09690536,0.0,0.06827639,0.0,0.050394334,9.067451e-25,0.06441889
1.2119186e-15,4.4840684e-23,0.004650433,0.013221619,0.0,0.035726182,3e-45,0.03798217,2.598909e-18,0.03499384,0.0,0.10912437,0.0,0.04818146,0.0,0.13561475,6.5465387e-25,0.08198606,0.0,0.096151195,0.0,0.06696735,0.0,0.04855116,1.1681712e-24,0.11096089
1.0645089e-15,4.2392517e-23,0.005168307,0.014183683,0.0,0.035135545,3e-45,0.016520811,1.7568173e-18,0.030369423,0.0,0.05560961,0.0,0.042034302,0.0,0.13433717,6.9369544e-25,0.13536139,0.0,0.096093886,0.0,0.067618616,0.0,0.048336558,7.173421e-25,0.04669127
9.6134e-16,4.0180993e-23,0.0012388659,0.03746978,0.0,0.035352558,1e-45,0.023460954,1.683768e-18,0.01775994,0.0,0.015610487,0.0,0.029683962,0.0,0.13435441,3.3019854e-25,0.09446075,0.0,0.09543307,0.0,0.064938344,0.0,0.046774685,7.6680233e-25,0.06254583
9.231878e-16,1.01346645e-16,0.00060872675,0.008115844,0.0,0.03182491,1e-45,0.022753166,1.7119306e-18,0.012675173,0.0,0.14355022,0.0,0.08904923,0.0,0.130821,2.5027857e-25,0.049250547,0.0,0.09107703,0.0,0.0657532,0.0,0.04593683,9.504767e-25,0.075269334
8.946722e-16,3.2114767e-23,0.0007637156,0.011688611,0.0,0.03021197,1e-45,0.018943293,1.5949282e-18,0.0394135,0.0,0.1416003,0.0,0.024710808,0.0,0.12831901,3.1452572e-25,0.056466315,0.0,0.09048451,0.0,0.058720414,0.0,0.041493736,8.443478e-25,0.016541807
8.870064e-16,6.78596e-18,0.0014797174,0.023916297,0.0,0.032409552,3e-45,0.034025583,1.2663891e-18,0.01934877,0.0,0.13463178,0.0,0.19225945,0.0,0.12926257,3.2398816e-25,0.046339832,0.0,0.09243394,0.0,0.07281136,0.0,0.05126725,1.0380432e-24,0.12484637
8.507908e-16,1.096056e-18,0.002916739,0.01772227,0.0,0.03477734,1e-45,0.038817365,1.1360416e-18,0.03820897,0.0,0.11116404,0.0,0.13414295,0.0,0.13103852,3.1950555e-25,0.031872693,0.0,0.095170245,0.0,0.065982655,0.0,0.048527747,7.176221299999999e-25,0.056339875
7.691948e-16,2.4093527e-23,0.00081560196,0.020082338,0.0,0.032031253,1e-45,0.03491526,1.2666296e-18,0.01403114,0.0,0.054250345,0.0,0.073255196,0.0,0.12886076,2.8549838e-25,0.036501423,0.0,0.0918555,0.0,0.062994435,0.0,0.044937503,7.45853e-25,0.012898997
6.6069645e-16,2.2034242e-23,0.0011302872,0.021453796,0.0,0.030115345,1e-45,0.04045469,1.9266054e-18,0.03750421,0.0,0.022212464,0.0,0.06956243,0.0,0.12679215,5.320293e-24,0.14355525,0.0,0.08820122,0.0,0.062424388,0.0,0.043008484,9.073941e-25,0.08577152
5.732185e-16,1.9931776e-23,0.012333283,0.02356912,0.0,0.032513976,0.0,0.03253173,1.4982425e-18,0.021254173,0.0,0.0128576765,0.0,0.052082635,0.0,0.12813082,1.1266368e-23,0.086492315,0.0,0.089626685,0.0,0.059378378,0.0,0.041997287,8.223129000000001e-25,0.020197231
5.247516e-16,1.7900863e-23,0.008006107,0.015446852,0.0,0.031427607,1e-45,0.023395563,1.286349e-18,0.03823231,0.0,0.12401539,0.0,0.17144543,0.0,0.12719591,1.1102594e-23,0.0551904,0.0,0.08945055,0.0,0.0713464,0.0,0.050472565,9.902368e-25,0.08535185
4.923877e-16,1.6519711e-23,0.005436245,0.038067378,0.0,0.03132477,0.0,0.026904881,7.388775999999999e-19,0.008033293,0.0,0.12437448,0.0,0.14544472,0.0,0.12631848,1.0647208e-23,0.031804536,0.0,0.087008074,0.0,0.059286565,0.0,0.04262601,7.2682907e-25,0.030307457
4.500503e-16,6.384144399999999e-18,0.0014213941,0.0058147013,0.0,0.029868392,0.0,0.0522796,7.965703e-19,0.010236462,0.0,0.09683748,0.0,0.1125998,0.0,0.1243417,9.828240000000001e-24,0.035497244,0.0,0.08819541,0.0,0.05933383,0.0,0.042411078,8.304215e-25,0.051054984
4.4516346e-16,4.498318e-18,0.001417471,0.0050476594,0.0,0.029725784,0.0,0.031072624,7.513033299999999e-19,0.020378914,0.0,0.05118477,0.0,0.037066787,0.0,0.12356137,9.003400999999999e-24,0.14810054,0.0,0.086137764,0.0,0.06104729,0.0,0.042707097,9.498615e-25,0.068012305
4.3816297000000006e-16,1.2144786e-23,0.0011625576,0.018963521,0.0,0.030902682,0.0,0.023281947,7.187792999999999e-19,0.016004793,0.0,0.020523198,0.0,0.069239005,0.0,0.12416984,6.1879409999999996e-24,0.15794325,0.0,0.087525,0.0,0.057329174,0.0,0.040939476,7.072561000000001e-25,0.056136653
3.8493325e-16,1.103939e-23,0.039213452,0.027223349,0.0,0.030833744,0.0,0.041354187,1.1475922e-18,0.04134692,0.0,0.050453495,0.0,0.037237518,0.0,0.12376634,3.7090934e-24,0.15218173,0.0,0.08687987,0.0,0.065359645,0.0,0.04504876,8.229148e-25,0.04706969
2.993243e-16,9.640118e-24,0.024478758,0.017519047,0.0,0.03134604,0.0,0.06135772,9.311675e-19,0.018456036,0.0,0.038681854,0.0,0.059002254,0.0,0.12404227,1.02686166e-23,0.116750926,0.0,0.088600025,0.0,0.06024267,0.0,0.04299031,7.358443e-25,0.032841932
2.5386229000000003e-16,8.811166e-24,0.015840417,0.027502026,0.0,0.031935077,0.0,0.049520202,1.0501500000000001e-18,0.03269062,0.0,0.015500188,0.0,0.08349948,0.0,0.12480377,1.1984113e-23,0.070122264,0.0,0.08825742,0.0,0.06615273,0.0,0.046893872,8.1800345e-25,0.06549154
2.2718977000000004e-16,1.7973345999999998e-18,0.008853964,0.019339854,0.0,0.03175102,0.0,0.031581514,7.133317999999999e-19,0.01172946,0.0,0.19408143,0.0,0.054063637,0.0,0.1246672,1.3817681e-23,0.13126694,0.0,0.088775314,0.0,0.059724424,0.0,0.04324378,6.4720495999999985e-25,0.031287376
2.1225278e-16,2.5829281e-18,0.008829527,0.015582294,0.0,0.03112115,0.0,0.009459259,6.527419e-19,0.023371074,0.0,0.21390124,0.0,0.021547891,0.0,0.123668656,7.128041e-24,0.09092428,0.0,0.088470444,0.0,0.06545175,0.0,0.04650792,7.348169299999998e-25,0.06702427
1.9625736e-16,6.2813523e-24,0.00350277,0.022811888,0.0,0.031425767,0.0,0.043291815,4.3207903e-19,0.018396785,0.0,0.20728374,0.0,0.3293364,0.0,0.12349179,4.9227649999999996e-24,0.100597434,0.0,0.08719693,0.0,0.057865813,0.0,0.04159089,5.38778e-25,0.042506058
1.8485957e-16,5.6424775000000006e-24,0.0025701402,0.019430462,0.0,0.030415824,0.0,0.039357692,5.353482999999999e-19,0.020574637,0.0,0.17233683,0.0,0.21982102,0.0,0.12259855,4.8793544e-24,0.09543199,0.0,0.08411855,0.0,0.061467975,0.0,0.04224133,6.0467717e-25,0.013090064
1.7635743e-16,5.107648e-24,0.0013823273,0.025707487,0.0,0.030344067,0.0,0.046800956,5.807817e-19,0.015623016,0.0,0.122760184,0.0,0.12447543,0.0,0.12193762,3.5945954e-24,0.06546154,0.0,0.08597858,0.0,0.055821165,0.0,0.03958672,7.004474000000001e-25,0.16086884
1.7218422e-16,4.4696224000000005e-24,0.0057507562,0.03093156,0.0,0.03306305,0.0,0.020732788,5.769085e-19,0.0731961,0.0,0.062175453,0.0,0.046748746,0.0,0.1244216,2.7818452e-24,0.03485294,0.0,0.09136985,0.0,0.07285416,0.0,0.053020746,3.011805e-25,0.10301223
1.628301e-16,3.813174e-24,0.004818332,0.017476665,0.0,0.032924604,0.0,0.039101128,6.509910999999999e-19,0.01877753,0.0,0.02319609,0.0,0.14702225,0.0,0.12483432,2.465431e-24,0.025438182,0.0,0.088307425,0.0,0.06162689,0.0,0.04535811,2.6933407e-25,0.038172763
1.5665153e-16,3.457252e-24,0.0036566749,0.04243681,0.0,0.036293373,0.0,0.044355407,5.1132836e-19,0.035687726,0.0,0.3225333,0.0,0.14279923,0.0,0.12820046,2.4023566e-24,0.3820507,0.0,0.091832355,0.0,0.063503414,0.0,0.046975125,3.3605842e-25,0.05921403
1.5158822e-16,2.8214847e-24,0.0028246588,0.005988641,0.0,0.034113556,0.0,0.09529275,6.039002e-19,0.017188413,0.0,0.328777,0.0,0.09502694,0.0,0.1266646,1.2312511e-24,0.2134529,0.0,0.086984366,0.0,0.059795562,0.0,0.042770304,4.0884237e-25,0.09414522
1.4810294000000002e-16,2.6082379999999998e-24,0.0024182396,0.028505787,0.0,0.0344095,0.0,0.08424951,6.5088604e-19,0.052261736,0.0,0.2653987,0.0,0.3209184,0.0,0.1265298,1.0599321e-24,0.12625748,0.0,0.0876417,0.0,0.062285077,0.0,0.04515178,2.7499028e-25,0.049472757
1.4334855000000002e-16,2.2368973e-24,0.0019565201,0.036189567,0.0,0.033913463,0.0,0.07981525,5.059755e-19,0.013277351,0.0,0.21580519,0.0,0.295234,0.0,0.12619375,1.0327789e-24,0.07634445,0.0,0.08766473,0.0,0.05802984,0.0,0.041705534,2.9725386e-25,0.016118513
1.412104e-16,1.8602644e-24,0.00195112,0.013258019,0.0,0.036175106,0.0,0.05200524,5.4911584e-19,0.06642424,0.0,0.1520316,0.0,0.23643148,0.0,0.12847687,9.106999e-25,0.050405547,0.0,0.09092115,0.0,0.072817795,0.0,0.05259393,3.6423604e-25,0.09488394
1.3428784e-16,8.879705e-19,0.0021450794,0.021304403,0.0,0.035193097,0.0,0.075222775,3.31733e-19,0.0287005,0.0,0.091685615,0.0,0.15248142,0.0,0.12797542,6.050419e-25,0.018472321,0.0,0.08894759,0.0,0.06274455,0.0,0.046542395,2.740406e-25,0.032676626
1.3158989e-16,1.5218976e-24,0.0016798789,0.029677834,0.0,0.032245707,0.0,0.05447796,3.6305515e-19,0.01753263,0.0,0.03267447,0.0,0.07042374,0.0,0.12501688,4.841164e-25,0.41402754,0.0,0.087707415,0.0,0.059008468,0.0,0.04271639,3.051605e-25,0.03072893
1.2990287e-16,2.6284799e-17,0.0016752422,0.017668173,0.0,0.0354335,0.0,0.045312423,3.506116e-19,0.039463226,0.0,0.061815906,0.0,0.26210442,0.0,0.12769534,3.5924975e-25,0.17612714,0.0,0.09113245,0.0,0.078583986,0.0,0.05614552,3.1143935e-25,0.07165361
1.2626467e-16,1.1952567e-24,0.00090124767,0.019054096,0.0,0.03616715,0.0,0.032426365,4.915360999999999e-19,0.017935112,0.0,0.03819592,0.0,0.23800687,0.0,0.1285771,2.1874694e-25,0.076948024,0.0,0.09106697,0.0,0.066742994,0.0,0.049691714,3.4108853999999998e-25,0.13630077
1.2506044e-16,1.0799587e-24,0.00077381806,0.031563364,0.0,0.036120825,0.0,0.0119282445,5.003479e-19,0.03976524,0.0,0.022098444,0.0,0.18922204,0.0,0.1289032,1.7946793e-25,0.10847665,0.0,0.08942154,0.0,0.060914196,0.0,0.044735875,1.5325884e-25,0.06940175
1.2145576e-16,9.225061e-25,0.00044084125,0.01128261,0.0,0.034865033,0.0,0.08815897,3.9478242e-19,0.030537667,0.0,0.25785473,0.0,0.11381607,0.0,0.12813045,1.3733297e-25,0.108335026,0.0,0.08958822,0.0,0.075848185,0.0,0.0538834,1.4899497999999998e-25,0.06874334
1.1852367e-16,3.6654449e-19,0.00052894914,0.031185245,0.0,0.036859687,0.0,0.08382256,2.6239162e-19,0.024360806,0.0,0.26126343,0.0,0.06145851,0.0,0.12986407,1.2760581e-25,0.1063219,0.0,0.09514762,0.0,0.07113355,0.0,0.053788424,1.8258419e-25,0.04560542
1.1560642e-16,3.912725e-19,0.00801091,0.017937858,0.0,0.037207138,0.0,0.095620364,2.0641038e-19,0.014814766,0.0,0.19782631,0.0,0.03091913,0.0,0.13087507,1.2315143e-25,0.07051053,0.0,0.09486669,0.0,0.065736495,0.0,0.049077436,1.8970989e-25,0.030424051
1.0885744e-16,6.1795345e-19,0.00711793,0.014265324,0.0,0.03769966,0.0,0.050785337,1.76398e-19,0.01878647,0.0,0.16235885,0.0,0.32661977,0.0,0.13177806,1.4574935999999998e-25,0.3158285,0.0,0.091217294,0.0,0.07136314,0.0,0.05065555,2.0746576e-25,0.060099743
1.031325e-16,3.7550389e-19,0.0055074454,0.01985802,0.0,0.038104206,0.0,0.08266495,1.3982899e-19,0.02382728,0.0,0.11004736,0.0,0.28338233,0.0,0.13295275,1.349183e-24,0.26604283,0.0,0.094109125,0.0,0.06744211,0.0,0.04983834,2.380426e-25,0.12795559
9.667759e-17,1.5448527e-16,0.00443404,0.014941538,0.0,0.03832086,0.0,0.032944,1.04231265e-19,0.014614595,0.0,0.058874894,0.0,0.16717331,0.0,0.13335128,1.0810942e-24,0.32966486,0.0,0.09380158,0.0,0.06940126,0.0,0.050454583,1.1557222999999998e-25,0.08102023
9.2506453e-17,9.428123e-19,0.0023505783,0.032746457,0.0,0.036648534,0.0,0.032578453,7.3992223e-20,0.04063712,0.0,0.026213031,0.0,0.07321058,0.0,0.13225654,1.7008115e-25,0.24492952,0.0,0.092706166,0.0,0.062515564,0.0,0.045536272,1.0370174e-25,0.097343035
9.0684783e-17,9.432177e-19,0.0020176326,0.011857926,0.0,0.0360881,0.0,0.023576325,6.271393e-20,0.010731999,0.0,0.15148212,0.0,0.23668748,0.0,0.13205622,5.3875926e-25,0.13945621,0.0,0.09185065,0.0,0.075467125,0.0,0.053634554,1.260604e-25,0.04340934
8.314252000000001e-17,1.0361515e-18,0.0049511828,0.019783597,0.0,0.0365287,0.0,0.083621345,4.9087757e-20,0.02923047,0.0,0.1515493,0.0,0.1944338,0.0,0.13233857,6.5793627e-25,0.07426143,0.0,0.09462547,0.0,0.06879678,0.0,0.051455077,1.5577767e-25,0.06534408
7.3620147e-17,9.17847e-19,0.0010456679,0.019898348,0.0,0.039769653,0.0,0.08626051,3.4154446e-20,0.008130976,0.0,0.1162609,0.0,0.21155824,0.0,0.1353026,9.426471e-25,0.19329229,0.0,0.09653187,0.0,0.0685032,0.0,0.051020194,1.2877617e-25,0.101594955
6.838557000000001e-17,3.5891672e-19,0.00048090413,0.02110204,0.0,0.041532923,0.0,0.10266804,3.278258e-20,0.032068945,0.0,0.06375458,0.0,0.12565185,0.0,0.13759813,9.825853e-25,0.14339978,0.0,0.099187106,0.0,0.079788074,0.0,0.05853682,1.5979383e-25,0.06838948
6.813343000000001e-17,2.7542535e-19,0.00047957656,0.019625176,0.0,0.04193918,0.0,0.054620896,2.6039062e-20,0.013605113,0.0,0.024626456,0.0,0.057294913,0.0,0.13890256,6.5934345e-25,0.24121924,0.0,0.10003061,0.0,0.072735876,0.0,0.054910466,1.7723432999999999e-25,0.044451863
6.212339e-17,2.2666971e-25,0.029415721,0.044205282,0.0,0.04141147,0.0,0.054098636,3.135997e-20,0.06251801,0.0,0.23025432,0.0,0.08434087,0.0,0.13929765,3.1734156e-25,0.1957553,0.0,0.10032948,0.0,0.07258962,0.0,0.054265425,1.8200636e-25,0.022591146
5.161117000000001e-17,1.8153277e-25,0.014549515,0.0071786456,0.0,0.0412763,0.0,0.0272971,2.79854e-20,0.025385933,0.0,0.21655339,0.0,0.13505015,0.0,0.13978231,2.3634403e-25,0.11819033,0.0,0.10192658,0.0,0.07706413,0.0,0.05726986,1.9809073e-25,0.07928311
4.6572585e-17,6.455466399999999e-19,0.009935269,0.012743417,0.0,0.040412128,0.0,0.053125016,1.9103667e-20,0.021013465,0.0,0.18359423,0.0,0.1975455,0.0,0.13964957,2.1435207e-25,0.064340934,0.0,0.10241265,0.0,0.0724526,0.0,0.054029167,1.2347316e-25,0.08371136
4.3150707e-17,1.5319419e-25,0.009907841,0.03165836,0.0,0.042361535,0.0,0.037894573,1.9327988e-20,0.035616603,0.0,0.123764314,0.0,0.111908056,0.0,0.14134747,2.140706e-25,0.026383746,0.0,0.1032679,0.0,0.086060114,0.0,0.06419128,1.3258794e-25,0.037819177
3.9520427e-17,1.2948517e-25,0.0034519455,0.015556265,0.0,0.041445103,0.0,0.040840812,3.0309937e-20,0.024874961,0.0,0.059691403,0.0,0.055453483,0.0,0.14146307,2.0291032e-25,0.188965,0.0,0.10426259,0.0,0.07734454,0.0,0.05928119,1.5070235e-25,0.12826939
3.7638442e-17,1.1811702e-25,0.0014647923,0.033042695,0.0,0.041807253,0.0,0.012856929,8.8022144e-20,0.049762804,0.0,0.024993349,0.0,0.23972236,0.0,0.14205207,9.137222e-26,0.23997475,0.0,0.10445041,0.0,0.075904734,0.0,0.057406586,6.459630999999999e-26,0.14342973
3.610437000000001e-17,9.994594e-26,0.0008995988,0.023815734,0.0,0.042893134,0.0,0.14762853,9.094875e-20,0.019375848,0.0,0.19715482,0.0,0.13204972,0.0,0.14273334,5.709790000000001e-26,0.17722505,0.0,0.102655135,0.0,0.08135351,0.0,0.059607305,5.9031053e-26,0.064986415
3.5703120000000005e-17,1.49474e-22,0.0020030043,0.024408272,0.0,0.043180063,0.0,0.094856575,1.1069468e-19,0.04265582,0.0,0.18199015,0.0,0.056125313,0.0,0.14342265,5.574772e-26,0.13371412,0.0,0.102714255,0.0,0.07460773,0.0,0.055884507,7.455043e-26,0.012327634
3.3630652e-17,3.0629962000000003e-22,0.0037616668,0.029919654,0.0,0.04483734,0.0,0.07606312,1.8363845e-19,0.04611243,0.0,0.12547015,0.0,0.05665684,0.0,0.14524138,4.675737e-26,0.09024688,0.0,0.10647203,0.0,0.08265659,0.0,0.06239663,1.0349952e-25,0.20590836
3.1724812e-17,3.731552e-22,0.0013644368,0.009936329,0.0,0.042741455,0.0,0.038070653,1.3055495999999998e-19,0.024488468,0.0,0.0810077,0.0,0.26296866,0.0,0.1444746,4.6585034e-26,0.15837556,0.0,0.10487659,0.0,0.075332865,0.0,0.05662748,4.4802339999999996e-26,0.13400674
3.1152423000000003e-17,4.3583144e-22,0.0009724562,0.021694869,0.0,0.0410711,0.0,0.027708996,1.1765799e-19,0.026839126,0.0,0.036517095,0.0,0.13417219,0.0,0.1435094,2.224782e-26,0.12407518,0.0,0.10286344,0.0,0.07911232,0.0,0.057885878,4.603776e-26,0.060735438
2.9778598e-17,4.478371e-22,0.0020427788,0.019651415,0.0,0.040208634,0.0,0.027002253,9.8353746e-20,0.024087517,0.0,0.020237084,0.0,0.16381338,0.0,0.14288986,1.1440946e-26,0.13605873,0.0,0.10384252,0.0,0.074587174,0.0,0.055562705,5.266994999999999e-26,0.06420109
2.9187568000000004e-17,4.518544e-22,0.0015485487,0.015111638,0.0,0.040587246,0.0,0.10007212,1.0969719e-19,0.020377364,0.0,0.23813684,0.0,0.08905527,0.0,0.14303295,9.098798e-27,0.08588251,0.0,0.10242079,0.0,0.07902888,0.0,0.05723907,7.569435999999999e-26,0.093600236
2.7824443e-17,4.634245e-22,0.00064081105,0.041898765,0.0,0.041265998,0.0,0.09187478,1.53297e-19,0.03292549,0.0,0.24281971,0.0,0.06584438,0.0,0.14361249,2.771344e-25,0.031399123,0.0,0.10214901,0.0,0.071805775,0.0,0.052524213,5.6050804e-26,0.030114746
2.6639105e-17,3.9155418e-22,0.00052300526,0.017708179,0.0,0.03902616,0.0,0.04815397,1.1593212e-19,0.016002353,0.0,0.19135909,0.0,0.027854405,0.0,0.14208291,4.978721000000001e-25,0.04381697,0.0,0.09914851,0.0,0.0738563,0.0,0.052525405,6.644086e-26,0.048858225
2.5672462e-17,3.663551300000001e-22,0.0044499654,0.046338744,0.0,0.04061041,0.0,0.036705274,1.0190913e-19,0.063068576,0.0,0.16161463,0.0,0.3697319,0.0,0.1433653,1.0162378e-24,0.09567312,0.0,0.10483175,0.0,0.07354601,0.0,0.054755867,7.413941e-26,0.054842312
2.4716946e-17,2.9791508000000005e-22,0.0031294296,0.0069992105,0.0,0.04268031,0.0,0.015606713,7.0018583e-20,0.014637288,0.0,0.1101636,0.0,0.30095214,0.0,0.14553027,9.661714e-25,0.14575176,0.0,0.10671137,0.0,0.08615065,0.0,0.06362227,7.361964e-26,0.01386936
2.40503e-17,1.3674396999999998e-19,0.0043765972,0.020527001,0.0,0.042270895,0.0,0.07517027,5.664719e-20,0.03826799,0.0,0.06578188,0.0,0.17758694,0.0,0.14615609,7.2128555e-25,0.15784156,0.0,0.106867194,0.0,0.07921564,0.0,0.059781764,8.746289e-26,0.13327378
2.3120668e-17,2.540917e-22,0.0037467515,0.025884131,0.0,0.044316545,0.0,0.06695297,4.8032242e-20,0.033164393,0.0,0.10680509,0.0,0.085145555,0.0,0.14802365,1.251147e-24,0.14512493,0.0,0.10849026,0.0,0.08007489,0.0,0.059706144,6.196674e-26,0.051810406
2.1870583e-17,3.0362979999999995e-19,0.0014938758,0.0088212555,0.0,0.042772174,0.0,0.0630149,3.059884e-20,0.01969506,0.0,0.07135492,0.0,0.11034775,0.0,0.14753342,9.992654e-25,0.10774143,0.0,0.107805595,0.0,0.07834454,0.0,0.05756384,6.418729e-26,0.010265974
2.0026253e-17,2.0943714000000005e-22,0.0025548043,0.019615859,0.0,0.042795062,0.0,0.11407791,3.7080226e-20,0.036134113,0.0,0.03366127,0.0,0.059785374,0.0,0.14832512,8.01248e-25,0.058808204,0.0,0.109994136,0.0,0.08501371,0.0,0.06322699,7.783977999999999e-26,0.13793088
1.9152067e-17,1.9121186e-22,0.0028408102,0.027074292,0.0,0.042968936,0.0,0.05021311,5.3094675e-20,0.022291228,0.0,0.062250026,0.0,0.14005423,0.0,0.14896737,6.932740399999998e-25,0.20736775,0.0,0.110822275,0.0,0.08311294,0.0,0.0625978,4.521675e-26,0.060777534
1.8499628e-17,4.9388247e-20,0.0015282594,0.017310461,0.0,0.041885205,0.0,0.049562406,3.3754517e-20,0.039600547,0.0,0.034842547,0.0,0.08854057,0.0,0.1484687,1.0354624e-24,0.24328049,0.0,0.1098574,0.0,0.09009941,0.0,0.06686932,4.2045125e-26,0.011758028
1.6620623e-17,9.766256e-21,0.0006439846,0.033068452,0.0,0.04312815,0.0,0.036093414,3.1779804e-20,0.019877395,0.0,0.038431864,0.0,0.57220453,0.0,0.14920345,3.8711502e-25,0.19992547,0.0,0.109888166,0.0,0.08175271,0.0,0.06170863,5.265985e-26,0.1203456
1.6184078e-17,1.3023581000000002e-22,0.00064927194,0.010022381,0.0,0.04323775,0.0,0.061419703,3.39739e-20,0.06702738,0.0,0.28770253,0.0,0.29981524,0.0,0.14996055,8.363919e-26,0.12156942,0.0,0.11078185,0.0,0.08115796,0.0,0.060687367,3.250474e-26,0.048205707
1.5085883e-17,1.9371234e-18,0.023474026,0.034494136,0.0,0.044497665,0.0,0.035587344,6.735386e-20,0.030026263,0.0,0.3207867,0.0,0.16453123,0.0,0.15129718,5.527196e-26,0.03785259,0.0,0.11222782,0.0,0.08632363,0.0,0.06508932,3.3606624e-26,0.08427366
1.2851167e-17,3.8283602e-19,0.016987085,0.020279396,0.0,0.04426015,0.0,0.020770894,4.1493902999999997e-20,0.019404382,0.0,0.25086778,0.0,0.13539469,0.0,0.15175815,6.989430999999999e-26,0.18966284,0.0,0.111712664,0.0,0.08074588,0.0,0.06093138,4.0932797e-26,0.14481021
1.1430732e-17,2.4775264e-19,0.010619894,0.039644897,0.0,0.044808388,0.0,0.033860058,3.5326005e-20,0.049565177,0.0,0.16427305,0.0,0.060149863,0.0,0.15262343,9.698305e-26,0.21958652,0.0,0.11246497,0.0,0.09081195,0.0,0.067866296,2.2268893e-26,0.069253884
1.0370544e-17,1.5331328e-18,0.008647055,0.006847439,0.0,0.045885064,0.0,0.073823884,2.6559847e-20,0.01267341,0.0,0.1052248,0.0,0.18156645,0.0,0.153725,4.3740843e-26,0.19575857,0.0,0.11098914,0.0,0.08260665,0.0,0.06250633,2.1760357e-26,0.07584662
9.719259e-18,6.498518e-23,0.0075974097,0.033337794,0.0,0.045410465,0.0,0.097305484,2.9964763e-20,0.060324464,0.0,0.044293694,0.0,0.13037209,0.0,0.15383545,2.5499265e-26,0.13470462,0.0,0.10944453,0.0,0.082259215,0.0,0.06058943,2.6674925000000003e-26,0.033256013
9.148011e-18,1.4681304e-20,0.0075228964,0.016855335,0.0,0.04151457,0.0,0.122982346,2.220033e-20,0.018604118,0.0,0.01895708,0.0,0.13702258,0.0,0.15125844,2.1470768e-26,0.058284495,0.0,0.10768511,0.0,0.07723529,0.0,0.05657448,2.9535236e-26,0.055979963
8.634388e-18,5.0746693e-23,0.00750212,0.022525197,0.0,0.041343756,0.0,0.14816454,1.820314e-20,0.020600334,0.0,0.27710608,0.0,0.062858894,0.0,0.15054065,2.8053567e-26,0.13705064,0.0,0.10683074,0.0,0.08394341,0.0,0.060700357,2.5123815e-26,0.05578557
7.667241e-18,4.5568420000000004e-23,0.0015474635,0.017545326,0.0,0.04041703,0.0,0.110677935,2.9022314e-20,0.02841189,0.0,0.2674013,0.0,0.111534715,0.0,0.14952964,1.9473836e-26,0.13603048,0.0,0.10628322,0.0,0.0770681,0.0,0.05655336,2.7961412000000004e-26,0.065516576
6.695687e-18,4.1801178e-23,0.00052040577,0.012326979,0.0,0.04074099,0.0,0.11232432,3.7542245e-20,0.014930058,0.0,0.21934998,0.0,0.0495446,0.0,0.14897262,1.4431928e-26,0.19077113,0.0,0.104744576,0.0,0.07902122,0.0,0.05694281,2.3424067e-26,0.017548405
6.5760615e-18,4.6289318e-17,0.00035233598,0.01358371,0.0,0.041451667,0.0,0.080940865,1.2447844e-19,0.027319843,0.0,0.16225527,0.0,0.050691977,0.0,0.14921032,7.316236e-27,0.1963663,0.0,0.104784824,0.0,0.07533873,0.0,0.054597687,2.7584087000000003e-26,0.123022266
6.3131400000000004e-18,3.5505326e-23,0.0005504718,0.026761077,0.0,0.039418213,0.0,0.027457694,1.5674699e-19,0.009543736,0.0,0.10903716,0.0,0.48247716,0.0,0.14782596,4.671662e-27,0.1572891,0.0,0.10611168,0.0,0.08523664,0.0,0.061734907,1.9621065e-26,0.05213588
6.268544e-18,1.0617783e-18,0.0011086977,0.010161001,0.0,0.03610595,0.0,0.06234359,1.3805868e-19,0.026219243,0.0,0.066809006,0.0,0.292401,0.0,0.14514036,4.8192788e-27,0.093082756,0.0,0.10592986,0.0,0.07680484,0.0,0.056647345,2.0694852e-26,0.01048647
6.059186e-18,2.9218824e-23,0.0019049008,0.00898904,0.0,0.03420688,0.0,0.04304144,2.5863081e-19,0.009681454,0.0,0.030235844,0.0,0.1765754,0.0,0.14285533,8.386998e-27,0.07596473,0.0,0.101933055,0.0,0.073662214,0.0,0.052466583,2.4328797e-26,0.062024858
5.7664663e-18,2.7273925e-23,0.00070683367,0.01194082,0.0,0.03703825,0.0,0.05826067,4.0707373e-19,0.021131774,0.0,0.2690761,0.0,0.10957604,0.0,0.14437108,8.220516e-27,0.036629807,0.0,0.105498254,0.0,0.07557194,0.0,0.05474449,2.4846636e-26,0.023526274
5.7029128e-18,6.5139465e-19,0.00054419163,0.018014219,0.0,0.03651143,0.0,0.043325406,2.6492113e-19,0.008143856,0.0,0.25517833,0.0,0.11694846,0.0,0.14443901,8.799191e-27,0.17249015,0.0,0.10638253,0.0,0.074599855,0.0,0.054311052,2.5701432e-26,0.08213125
5.6791247e-18,2.2897349e-23,0.0005426884,0.009950983,0.0,0.034358364,0.0,0.022052921,2.7952939999999995e-19,0.016968744,0.0,0.20505063,0.0,0.054981332,0.0,0.14253931,9.818348e-27,0.17908111,0.0,0.1024601,0.0,0.071094744,0.0,0.04967128,1.4758045e-26,0.066287026
5.6059986e-18,4.05293e-19,0.0004027911,0.017088005,0.0,0.03523416,0.0,0.014716828,1.9419555e-19,0.023130368,0.0,0.164259,0.0,0.07747246,0.0,0.14238305,1.28118615e-26,0.21597208,0.0,0.098882936,0.0,0.06708123,0.0,0.046652496,1.5926143e-26,0.01630693
5.588681e-18,9.624409e-19,0.00040167847,0.018488048,0.0,0.034236513,0.0,0.045268673,1.7145338e-19,0.012090711,0.0,0.10590107,0.0,0.044221267,0.0,0.14128082,8.228944e-27,0.18985121,0.0,0.09681916,0.0,0.069565184,0.0,0.047800116,1.7849956e-26,0.0483671
5.571465e-18,6.535466e-19,0.00040056894,0.016680747,0.0,0.032623112,0.0,0.015695184,1.7344118e-19,0.028125267,0.0,0.054313865,0.0,0.041794118,0.0,0.13961118,5.14604e-27,0.12645257,0.0,0.09585709,0.0,0.06472516,0.0,0.045507688,1.6272381e-26,0.008864498
5.554349e-18,1.5748226e-23,0.00039946244,0.015259745,0.0,0.032597307,0.0,0.018409446,1.7001152999999998e-19,0.00892756,0.0,0.012096025,0.0,0.020877028,0.0,0.13870613,5.7810258e-27,0.055880036,0.0,0.09601554,0.0,0.073813245,0.0,0.05079373,1.8196627e-26,0.064905934
5.5373327e-18,1.4498848e-23,0.000398359,0.012653855,0.0,0.030489532,0.0,0.025385931,1.3906191e-19,0.019840067,0.0,0.19379476,0.0,0.261114,0.0,0.1362816,1.27744445e-26,0.022233065,0.0,0.09280286,0.0,0.061468657,0.0,0.043001685,1.530641e-26,0.014294842
5.504167e-18,1.3386539e-23,0.0003652011,0.024972308,0.0,0.032065667,0.0,0.047603834,1.9316609e-19,0.020417662,0.0,0.2344697,0.0,0.1460202,0.0,0.13678575,2.3810481e-26,0.25828782,0.0,0.094682366,0.0,0.06336258,0.0,0.044064637,1.7206394e-26,0.10912463
5.1366113e-18,1.1951519600000001e-23,0.00666587,0.0066573787,0.0,0.029712107,0.0,0.029136784,2.5236066e-19,0.008688232,0.0,0.19345184,0.0,0.075476326,0.0,0.1342734,2.491503e-26,0.10404492,0.0,0.09152517,0.0,0.058570176,0.0,0.039420426,1.0341713e-26,0.039680563
4.8124177e-18,4.0009822e-19,0.0028946006,0.00605313,0.0,0.02908081,0.0,0.029814435,1.8178656e-19,0.015719023,0.0,0.13588698,0.0,0.030017296,0.0,0.1326582,3.172635e-26,0.031954434,0.0,0.08783595,0.0,0.05877679,0.0,0.039015777,1.1110178e-26,0.021172062
4.7066014e-18,2.5229035e-20,0.0028866045,0.0046870536,0.0,0.027699178,0.0,0.029621562,1.5967548e-19,0.015413628,0.0,0.08567874,0.0,0.047905326,0.0,0.13039084,3.9016724e-26,0.040663343,0.0,0.08669993,0.0,0.053706765,0.0,0.035975467,1.2132372e-26,0.01770299
4.596363e-18,9.806625e-24,0.0024776482,0.005685765,0.0,0.026136702,0.0,0.024548318,1.8498575e-19,0.022097778,0.0,0.03984169,0.0,0.021826008,0.0,0.12748711,5.336556999999999e-26,0.11126087,0.0,0.08121505,0.0,0.050847743,0.0,0.032601446,1.3442402e-26,0.025208957
4.2024493e-18,9.248010000000001e-24,0.006558333,0.0022163815,0.0,0.027052479,0.0,0.012007593,2.8049925e-19,0.009281905,0.0,0.028833479,0.0,0.13406865,0.0,0.12662725,2.5563682e-26,0.16105635,0.0,0.080016345,0.0,0.047095772,0.0,0.030265048,1.4287766e-26,0.038509566
3.6208334e-18,8.7973705e-24,0.0014435535,0.0024026483,0.0,0.027342644,0.0,0.025497764,3.1890398e-19,0.016985325,0.0,0.1841034,0.0,0.13181227,0.0,0.12562254,2.6448207e-26,0.12700619,0.0,0.079387605,0.0,0.05217345,0.0,0.033890888,1.4240155000000002e-26,0.014878439
3.5140117e-18,8.315394e-24,0.0009802694,0.0008833644,0.0,0.02560542,0.0,0.020153206,2.2303708e-19,0.01694192,0.0,0.19131936,0.0,0.0893487,0.0,0.12263472,3.8134528e-26,0.060036547,0.0,0.077785,0.0,0.044264082,0.0,0.028708033,1.5220882e-26,0.04788036
3.3989143e-18,1.6168622e-19,0.0047271964,0.00036823677,0.0,0.02202057,0.0,0.014211685,1.7571654e-19,0.0051219636,0.0,0.16437772,0.0,0.044287667,0.0,0.11644334,4.5491202000000005e-26,0.04563826,0.0,0.07594552,0.0,0.047487732,0.0,0.030112641,1.3998523e-26,0.006246624
3.2161037e-18,7.665721e-24,0.0028366065,0.0013177495,0.0,0.021307645,0.0,0.021439278,2.1915907e-19,0.005214525,0.0,0.1488575,0.0,0.048670128,0.0,0.11290821,4.1879337e-26,0.048104834,0.0,0.07324132,0.0,0.04079844,0.0,0.02612361,1.4712906e-26,0.015845077
2.9239546e-18,3.860901e-19,0.0023480225,0.0018075192,0.0,0.020232089,0.0,0.011971586,1.5926428e-19,0.008976366,0.0,0.11586641,0.0,0.11999911,0.0,0.10942997,4.2458762000000005e-26,0.04062598,0.0,0.06848065,0.0,0.039893217,0.0,0.02465086,1.5269865e-26,0.03838662
2.5857596e-18,6.928807999999999e-24,0.013851245,0.0007328249,0.0,0.018391104,0.0,0.013673237,1.2706811e-19,0.007532702,0.0,0.068823546,0.0,0.05142025,0.0,0.10484853,5.0159569999999996e-26,0.06243951,0.0,0.069595836,0.0,0.036786288,0.0,0.02330911,1.4287852e-26,0.011421951
2.3247845e-18,6.661717e-24,0.013812971,0.0023485422,0.0,0.018281091,0.0,0.016781738,1.7191445e-19,0.0023927444,0.0,0.046711296,0.0,0.0486497,0.0,0.10187753,3.9216876e-26,0.03218793,0.0,0.06679443,0.0,0.041966498,0.0,0.026275562,1.491647e-26,0.024714302
2.1005042e-18,7.203445000000001e-18,0.012252429,0.0006751888,0.0,0.016720206,0.0,0.011312472,1.4366731e-19,0.0041917386,0.0,0.020826243,0.0,0.022598408,0.0,0.09731841,4.8913666e-26,0.026515918,0.0,0.064797275,0.0,0.03145658,0.0,0.019269984,1.5488076e-26,0.019499717
1.9118400000000002e-18,1.2095927e-19,0.012218572,0.0009865052,0.0,0.01585673,0.0,0.017452234,1.1829388e-19,0.0038001265,0.0,0.012580457,0.0,0.16699532,0.0,0.09327965,8.310850999999999e-26,0.20974037,0.0,0.058529712,0.0,0.033252507,0.0,0.01944524,1.5193225000000002e-26,0.014502547
1.7280456e-18,3.7868995e-19,0.0044292905,0.0009026736,0.0,0.015731217,0.0,0.022972314,1.04978913e-19,0.0020777753,0.0,0.06803182,0.0,0.10153695,0.0,0.09061634,6.495157e-26,0.09857162,0.0,0.06486862,0.0,0.02902496,0.0,0.01778067,1.5275635e-26,0.033729423
1.6702437e-18,3.9573856e-19,0.0044170516,0.0007331312,0.0,0.01413826,0.0,0.018363817,8.9797693e-20,0.001517389,0.0,0.053828377,0.0,0.032950994,0.0,0.08599724,6.423796e-26,0.060420588,0.0,0.049941376,0.0,0.025222404,0.0,0.014430761,1.4152129999999998e-26,0.00840591
1.5908011999999998e-18,5.8558525e-19,0.0021717108,0.0012136651,0.0,0.013028795,0.0,0.018399116,7.0527384e-20,0.0012316022,0.0,0.023297684,0.0,0.0874235,0.0,0.0815441,7.242237999999999e-26,0.022175249,0.0,0.062793866,0.0,0.023700362,0.0,0.013675019,1.4709014e-26,0.014364502
1.5540644e-18,1.2420046e-19,0.0019602266,0.00096251885,0.0,0.01172671,0.0,0.015397834,7.138834e-20,0.0031047869,0.0,0.021820633,0.0,0.05148715,0.0,0.07698823,9.103279e-26,0.18401846,0.0,0.047374774,0.0,0.023091368,0.0,0.013404538,1.5172854e-26,0.014068204
1.5308408e-18,1.8920106e-19,0.0019548098,0.0041028545,0.0,0.011112898,0.0,0.0092037255,5.6378924e-20,0.004794138,0.0,0.010704929,0.0,0.03714028,0.0,0.073730305,5.716366e-26,0.08761748,0.0,0.057426263,0.0,0.022728702,0.0,0.013224862,1.5181889e-26,0.03721223
1.489661e-18,7.019374999999999e-19,0.0011297694,0.0015236537,0.0,0.009948678,0.0,0.007792803,3.4340177e-20,0.0074363933,0.0,0.024125788,0.0,0.054365445,0.0,0.069081165,4.7442563e-26,0.02776059,0.0,0.04264962,0.0,0.021088716,0.0,0.011795413,1.4245377e-26,0.006934641
1.4767898e-18,6.5097424e-19,0.0011266475,0.00264165,0.0,0.008968783,0.0,0.011012256,3.4998115e-20,0.008446453,0.0,0.020444065,0.0,0.04639596,0.0,0.064732835,5.0260488e-26,0.054377273,0.0,0.05330844,0.0,0.01674862,0.0,0.009152067,1.4805531e-26,0.008531506
1.3699151999999998e-18,4.1246405000000005e-24,0.00033367705,0.0009171052,0.0,0.0071642566,0.0,0.004649548,3.837791e-20,0.0040383195,0.0,0.008552805,0.0,0.014745295,0.0,0.05754585,5.0786172e-26,0.061811283,0.0,0.032866854,0.0,0.012899401,0.0,0.0067921793,1.5164997000000002e-26,0.00806285
1.3623365e-18,1.110336e-19,0.000285452,0.0018412946,0.0,0.0072460533,0.0,0.0071186805,3.3736684e-20,0.0064960727,0.0,0.040116362,0.0,0.16852191,0.0,0.055474978,4.1963098e-26,0.0136582395,0.0,0.05457207,0.0,0.0134297125,0.0,0.007192235,1.5464906e-26,0.00870206
1.3184472e-18,3.762722e-24,0.00011722607,0.00055512734,0.0,0.006252317,0.0,0.0038029458,3.4783522999999997e-20,0.0031354295,0.0,0.02796041,0.0,0.09797055,0.0,0.051385522,4.4931209999999996e-26,0.20787145,0.0,0.032631427,0.0,0.011883884,0.0,0.0061611296,1.5530225e-26,0.007431903
1.2770561e-18,5.6867985e-19,4.7483616e-05,0.00022170933,0.0,0.005187274,0.0,0.0026452052,2.81572e-20,0.0012121456,0.0,0.009388068,0.0,0.05984677,0.0,0.046076793,2.3999241e-26,0.073892444,0.0,0.035330977,0.0,0.0104412455,0.0,0.0053881686,1.5317377e-26,0.00612485
1.2765903999999998e-18,3.504852e-24,4.7352394e-05,0.0003677406,0.0,0.004909564,0.0,0.0027354166,4.1323013e-20,0.0009567759,0.0,0.029020753,0.0,0.02171355,0.0,0.043553747,2.7775792e-26,0.03710119,0.0,0.026885845,0.0,0.010294282,0.0,0.005326076,1.4887737e-26,0.003145021
1.193852e-18,1.476553e-19,1.1622718e-05,0.00033677756,0.0,0.0046681045,0.0,0.0020028092,3.7841645e-20,0.0008134787,0.0,0.014723139,0.0,0.118903674,0.0,0.041180134,2.9116372e-26,0.016378652,0.0,0.03635172,0.0,0.008746492,0.0,0.004486126,1.542429e-26,0.0014999197
1.1655754999999998e-18,5.267226999999999e-19,5.521555e-06,0.0009329057,0.0,0.004638851,0.0,0.0030413498,2.4320661e-20,0.0020729112,0.0,0.008988504,0.0,0.05181822,0.0,0.03985252,3.1848956e-26,0.19791822,0.0,0.024042383,0.0,0.008371967,0.0,0.004312764,1.5550085e-26,0.0012953255
1.1413495e-18,3.8691528e-19,2.8707657e-06,0.00046149295,0.0,0.004341995,0.0,0.0020709997,2.019825e-20,0.0010352053,0.0,0.035006113,0.0,0.047481786,0.0,0.037345048,1.8928849999999998e-26,0.06198318,0.0,0.044630185,0.0,0.008812786,0.0,0.004705604,1.5134323e-26,0.000501703
1.1095729e-18,2.5595357e-19,1.3589388e-06,0.00026732235,0.0,0.0034600636,0.0,0.0010206322,2.5493093e-20,0.00065691175,0.0,0.016155355,0.0,0.02134343,0.0,0.03264627,2.4440016e-26,0.056837376,0.0,0.023094421,0.0,0.00669698,0.0,0.0033780439,1.5520738e-26,0.00022505585
1.0720758e-18,4.427482e-19,6.524327e-07,8.717481e-05,0.0,0.0031906662,0.0,0.00027193478,2.2243676999999998e-20,0.00038184272,0.0,0.0056156535,0.0,0.038929872,0.0,0.030541595,2.8272122e-26,0.009409655,0.0,0.027282678,0.0,0.0064530643,0.0,0.0032870418,1.6025538e-26,0.00027268563
9.96038e-19,4.241464e-19,3.9199548e-07,4.7271285e-05,0.0,0.0026216945,0.0,0.002917594,1.9440707e-20,0.0006332057,0.0,0.016532134,0.0,0.0149184605,0.0,0.02640888,4.626548e-26,0.10917778,0.0,0.014733947,0.0,0.0046690847,0.0,0.0022742215,1.5834713000000002e-26,0.0003061747
9.96035e-19,2.7571568e-24,3.9091205e-07,1.6810322e-05,0.0,0.0018688224,0.0,0.0009797467,2.6973746e-20,0.00033464222,0.0,0.006061097,0.0,0.0462232,0.0,0.021651898,4.9818695000000005e-26,0.01968017,0.0,0.020751929,0.0,0.0040669776,0.0,0.0018420472,1.5732933e-26,0.00037504197
