bulk_species_node [MG] at P @ dist64,bulk_species_node [MG] at P @ dist648,bulk_species_node [MG] at Chlorine @ dist64,bulk_species_node [MG] at Chlorine @ dist648,bulk_species_node [MG] at P @ dist420,bulk_species_node [MG] at Chlorine @ dist420
0.0,0.0,0.0,0.0,0.0,0.0
0.0,0.0,0.0,0.0,0.0,0.0
0.0,0.0,0.0,0.0,0.0,0.0
0.0,0.0,0.0,0.0,0.0,0.0
0.0,0.0,0.0,0.0,0.0,0.0
0.0,0.0,0.0,0.0,0.0,0.0
0.0,0.0,0.0,0.0,0.0,0.0
0.0,0.0,0.0,0.0,0.0,0.0
0.0,0.0,0.0,0.0,0.0,0.0
0.0,0.0,0.0,0.0,0.0,0.0
0.0,0.0,0.0,0.0,0.0,0.0
0.0,0.0,0.0,0.0,0.0,0.0
0.0,0.0,0.0,0.0,0.0,0.0
0.0,0.0,0.0,0.0,0.0,0.0
0.0,0.0,0.0,0.0,0.0,0.0
0.0,0.0,0.0,0.0,0.0,0.0
0.0,0.0,0.0,0.0,0.0,0.0
0.0,0.0,0.0,0.0,0.0,0.0
0.0,0.0,0.0,0.0,0.0,0.0
0.0,0.0,0.0,0.0,0.0,0.0
0.0,0.0,0.0,0.0,0.0,0.0
0.0,0.0,0.0,0.0,0.0,0.0
0.0,0.0,8.496808e-12,0.0,0.0,0.0
0.0,0.0,2.168195e-11,0.0,0.0,0.0
0.0,0.0,2.168195e-11,0.0,0.0,3.7849502e-06
0.0,0.0,2.0794554e-11,0.0,0.0,1.4858387e-05
0.0,0.0,2.2310643e-11,0.0,0.0,1.4245925e-05
0.0,0.0,2.2310643e-11,2.1317497e-17,0.0,3.1348234e-05
0.0,0.0,2.2310643e-11,0.0,0.0,2.5388805e-05
0.0,0.0,2.2310643e-11,0.0,0.0,2.3838209e-05
0.0,0.0,2.3169182e-11,0.0,0.0,1.7924423e-05
0.0,0.0,2.3169182e-11,0.0,0.0,6.852215e-06
0.0,0.0,2.3169182e-11,0.0,0.0,1.1640494e-05
0.0,0.0,2.3169182e-11,0.0,0.0,1.3742739e-05
0.0,0.0,2.1248e-11,1.0055589e-17,0.0,6.6646453e-06
0.0,0.0,1.957205e-11,1.5300819e-16,0.0,5.6279114e-06
0.0,0.0,1.957205e-11,0.0,0.0,1.3500225e-05
0.0,0.0,1.7927331e-11,4.685816e-18,0.0,1.6706324e-05
0.0,0.0,1.7927331e-11,0.0,0.0,1.3259867e-05
0.0,0.0,1.7927331e-11,2.0467203e-18,0.0,1.5844122e-05
0.0,0.0,1.7927331e-11,6.020943999999999e-19,0.0,1.9418858e-05
0.0,0.0,1.7927331e-11,4.1094467e-19,0.0,2.257666e-05
0.0,0.0,1.7927331e-11,9.471841e-20,0.0,2.8082417e-05
0.0,0.0,1.7927331e-11,0.0,0.0,3.6861213e-05
0.0,0.0,1.7927331e-11,0.0,0.0,2.3368153e-05
0.0,0.0,1.7927331e-11,0.0,0.0,1.9070403e-05
0.0,0.0,1.7927331e-11,0.0,0.0,1.4660229e-05
0.0,0.0,1.7927331e-11,0.0,0.0,1.8975757e-05
0.0,0.0,1.7927331e-11,0.0,0.0,2.3162895e-05
0.0,0.0,1.7927331e-11,4.6656712e-17,0.0,3.3346245e-05
0.0,0.0,1.7927331e-11,0.0,0.0,3.183848e-05
0.0,0.0,1.587161e-11,3.430763e-16,0.0,2.30863e-05
0.0,0.0,6.9112697e-12,2.3217758e-16,0.0,2.0563344e-05
0.0,0.0,5.545753e-12,1.4971624e-08,0.0,2.207728e-05
0.0,0.0,5.545753e-12,1.7746055e-08,0.0,2.3252107e-05
0.0,0.0,2.8795568e-12,1.394218e-08,0.0,2.2032662e-05
0.0,0.0,2.1099776e-12,1.0713652e-08,0.0,3.1012765e-05
0.0,0.0,1.0308794e-12,8.3288214e-08,0.0,3.2423948e-05
0.0,0.0,6.977917e-13,8.1548905e-08,0.0,2.7720735e-05
0.0,0.0,6.156183e-13,5.0282093e-08,0.0,2.3770868e-05
0.0,0.0,5.4309904e-13,6.2348676e-08,0.0,3.49334e-05
0.0,0.0,4.791138e-13,3.608628e-08,0.0,4.2489e-05
0.0,0.0,2.6287864e-13,4.0025444e-08,0.0,4.2721145e-05
0.0,0.0,2.6287864e-13,6.6921594e-08,0.0,4.442287e-05
0.0,0.0,2.6287864e-13,7.9025696e-08,0.0,3.29626e-05
0.0,0.0,2.6287864e-13,6.682962e-08,0.0,4.6519548e-05
0.0,0.0,1.260708e-13,8.789344e-08,0.0,6.1690145e-05
0.0,0.0,3.3950554e-14,4.6370403e-08,0.0,5.0509378e-05
0.0,0.0,1.4959896e-14,3.1400646e-08,0.0,4.1910072e-05
0.0,0.0,8.757182e-15,6.2259616e-08,0.0,6.0683076e-05
0.0,0.0,3.9439218e-15,1.9003134e-07,0.0,5.7103025e-05
0.0,0.0,3.4792238e-15,2.9069332e-07,0.0,6.8221234e-05
0.0,0.0,6.689469e-16,3.9592766e-07,0.0,7.168964e-05
0.0,0.0,1.020225e-16,5.163173e-07,0.0,8.5248226e-05
0.0,0.0,2.4734786e-17,6.994459e-07,0.0,0.00011795077
0.0,0.0,1.9765175000000002e-17,6.23141e-07,0.0,0.00012400287
0.0,0.0,1.4248892e-17,4.785057e-07,0.0,0.00011514404
0.0,0.0,5.6557585e-18,5.076015e-07,0.0,0.0001137971
0.0,0.0,2.4898893e-18,4.2898301e-07,0.0,8.869065e-05
0.0,0.0,8.205232999999999e-19,4.5502622e-07,0.0,9.076501e-05
0.0,0.0,3.0423724e-19,7.4853494e-07,0.0,0.00010890406
0.0,0.0,8.042543e-20,5.6963677e-07,0.0,0.00011244293
0.0,0.0,4.1085534e-20,6.292887e-07,0.0,0.000111187495
0.0,0.0,1.2879006e-20,1.1136268e-06,0.0,0.00015306984
0.0,0.0,7.011048e-21,9.967453e-07,0.0,0.00017790071
0.0,0.0,3.6877105e-21,5.08765e-07,0.0,0.00013405782
0.0,0.0,7.1998116e-22,2.8052807e-07,0.0,0.00013540208
0.0,0.0,5.7807005e-22,6.774146e-08,0.0,0.00010132853
0.0,0.0,1.8508510000000001e-22,2.2353529e-08,0.0,0.00011119213
0.0,0.0,1.3036752e-22,6.7177695e-09,0.0,4.714431e-05
0.0,0.0,4.0961200000000004e-23,2.6339055e-09,0.0,1.8443352e-05
0.0,0.0,2.5380934e-23,8.044171e-10,0.0,7.006885e-06
0.0,0.0,4.5534787e-24,2.1995848e-10,0.0,3.2752241e-06
0.0,0.0,1.3428724e-24,6.248154e-11,0.0,1.2366904e-06
0.0,0.0,5.4271417e-25,2.193963e-11,0.0,0.0077015855
0.0,0.0,1.2526628e-25,8.33903e-12,0.0,0.01685545
0.0,0.0,1.1077018e-25,2.9929828e-12,0.0,0.02444226
0.0,0.0,4.746224e-26,8.2453364e-13,0.0,0.13306473
0.0,0.0,3.6715873e-26,3.119468e-13,0.0,0.061370116
0.0,0.0,1.9789758e-26,3.9138115e-12,0.0,0.010768103
0.0,0.0,1.7499642e-26,1.5496031e-12,0.0,0.017566882
0.0,0.0,1.7499637000000002e-26,4.945627e-13,0.0,0.012915488
0.0,0.0,8.263419e-27,1.602179e-13,0.0,0.01956349
0.0,0.0,6.634667e-27,4.4574343e-14,0.0,0.014112131
0.0,0.0,5.4024492e-27,5.657615e-15,0.0,0.023400228
0.0,0.0,2.4090344e-27,1.2736002e-15,0.0,0.011254307
0.0,0.0,1.400644e-27,5.278257e-16,0.0,0.009953256
0.0,0.0,4.339768000000001e-28,5.827549e-17,0.0,0.008440915
0.0,0.0,3.794917e-30,1.2823934e-17,0.0,0.025187572
0.0,0.0,3.5126278e-29,1.4278160000000001e-18,0.0,0.017685598
0.0,0.0,3.5331868e-29,2.1734165e-19,0.0,0.0053155613
0.0,0.0,2.6956945e-28,6.8272896e-20,0.0,0.0051544495
0.0,0.0,1.03570265e-26,1.8455808e-20,0.0,0.00826847
0.0,0.0,8.859772e-25,6.518281e-21,0.0,0.025670625
0.0,0.0,6.1549569999999996e-24,4.5421513e-21,0.0,0.0035098032
0.0,0.0,1.5694913e-23,1.4127181000000001e-21,0.0,0.023463072
0.0,0.0,6.6063397e-24,4.1423972e-22,0.0,0.0046123457
0.0,0.0,3.2506648e-23,8.693988e-22,0.0,0.009862135
0.0,0.0,2.8066712e-22,8.994547e-22,0.0,0.008191957
0.0,0.0,1.048029e-21,1.0672696000000001e-21,0.0,0.004660388
0.0,0.0,4.7771205e-19,2.7074562e-22,0.0,0.008816182
0.0,0.0,1.4289236e-17,7.3736646e-23,0.0,0.02303791
0.0,0.0,6.409109e-18,1.260448e-22,0.0,0.003314942
0.0,0.0,5.7774125e-17,1.6676814000000002e-22,0.0,0.0030359884
0.0,0.0,4.2788845e-17,8.389446e-23,0.0,0.0045436956
0.0,0.0,2.5399158000000002e-17,2.2399218e-23,0.0,0.008386019
0.0,0.0,8.462725e-18,5.8253583000000005e-24,0.0,0.014131324
0.0,0.0,7.896054e-18,1.0128081000000001e-22,0.0,0.01249373
0.0,0.0,7.180512499999999e-18,1.277569e-21,0.0,0.019756323
0.0,0.0,5.7635956e-18,1.6600721e-21,0.0,0.004919579
0.0,0.0,4.129321e-18,1.618957e-21,0.0,0.017290909
0.0,0.0,1.3653332000000001e-17,1.4373051000000001e-21,0.0,0.012633902
0.0,0.0,2.7680633e-17,2.1110613e-21,0.0,0.0073905312
0.0,0.0,1.513134e-17,5.072505e-22,0.0,0.012372326
0.0,0.0,1.2524392e-17,1.2340286e-22,0.0,0.012996752
0.0,0.0,1.1071793e-17,2.3099778e-22,0.0,0.010151274
0.0,0.0,4.3422433e-18,1.4910889e-22,0.0,0.027017988
0.0,0.0,3.1996955e-18,2.829076e-22,0.0,0.0034348627
0.0,0.0,2.357779e-18,2.798514e-22,0.0,0.001988184
0.0,0.0,2.08432e-18,9.32996e-23,0.0,0.0015018051
0.0,0.0,1.8425773e-18,2.2816833e-23,0.0,0.0007681608
0.0,0.0,1.8420363e-18,3.035712e-23,0.0,0.00020740657
0.0,0.0,1.6283939e-18,2.2158527e-23,0.0,6.359396e-05
0.0,0.0,5.4735523e-19,4.578724e-24,0.0,0.0005964851
0.0,0.0,5.4719455e-19,9.656722e-25,0.0,0.018375032
0.0,0.0,5.470339e-19,4.6588990000000003e-23,0.0,0.007125623
0.0,0.0,4.3908257e-19,9.1546046e-23,0.0,0.010379196
0.0,0.0,1.9720482e-19,2.0365997e-23,0.0,0.01525736
0.0,0.0,6.000305e-20,5.568162e-24,0.0,0.014415641
0.0,0.0,4.421481e-20,1.1031329e-23,0.0,0.0100193145
0.0,0.0,3.5489489999999995e-20,1.3421706e-23,0.0,0.018895451
0.0,0.0,3.1373358e-20,3.2784168e-24,0.0,0.003972555
0.0,0.0,6.630612300000001e-21,7.6734433e-25,0.0,0.00047937222
0.0,0.0,3.0126299999999995e-20,1.62682e-25,0.0,0.00018537388
0.0,0.0,2.5150565e-20,3.4177867e-26,0.0,4.5064517e-05
0.0,0.0,2.5142938e-20,2.2887590000000006e-23,0.0,1.2142145e-05
0.0,0.0,1.1207021e-20,9.803137e-24,0.0,0.009254427
0.0,0.0,1.2784651e-20,2.6508022000000003e-24,0.0,0.012166797
0.0,0.0,3.346047e-20,7.427991e-25,0.0,0.022823496
0.0,0.0,1.7827476e-20,1.7108353999999998e-25,0.0,0.004088485
0.0,0.0,7.743338e-20,3.9799074e-26,0.0,0.0037131184
0.0,0.0,3.6329023e-20,9.805969e-27,0.0,0.004452056
0.0,0.0,3.6317048e-20,2.3165719e-27,0.0,0.0059048403
0.0,0.0,8.945305e-21,1.0013083e-27,0.0,0.010584462
0.0,0.0,1.806458e-20,1.2640391e-28,0.0,0.014146738
0.0,0.0,1.2860437999999998e-19,3.032413e-23,0.0,0.009326403
0.0,0.0,1.3497586e-19,8.4200765e-24,0.0,0.010328522
0.0,0.0,1.1931011e-19,2.1556936e-24,0.0,0.013856551
0.0,0.0,5.631714999999999e-20,4.9682864e-25,0.0,0.009895318
0.0,0.0,2.658301e-20,1.177593e-25,0.0,0.017624669
0.0,0.0,2.3497696999999998e-20,1.3469595e-23,0.0,0.007850531
0.0,0.0,1.4908872e-20,3.9649814e-24,0.0,0.013596171
0.0,0.0,1.3178499e-20,1.020771e-24,0.0,0.015645152
0.0,0.0,1.05768855e-20,4.821558e-24,0.0,0.010714
0.0,0.0,2.9468388e-21,5.480797e-24,0.0,0.01617183
0.0,0.0,1.6431253e-21,1.3764244e-24,0.0,0.011276069
0.0,0.0,1.623148e-21,6.938188000000001e-23,0.0,0.019580368
0.0,0.0,5.680768e-20,3.2925303e-23,0.0,0.008108157
0.0,0.0,3.1674982e-20,9.968304e-24,0.0,0.021942541
0.0,0.0,1.0645884999999999e-20,1.2271792e-21,0.0,0.005109975
0.0,0.0,8.544145e-21,2.1822331e-21,0.0,0.0035742559
0.0,0.0,5.0711107e-21,6.898101e-22,0.0,0.0043644807
0.0,0.0,2.5226387000000006e-21,1.5826371e-22,0.0,0.007260372
0.0,0.0,1.4972336e-21,3.5002746e-23,0.0,0.005392396
0.0,0.0,1.103161e-21,2.9364826000000004e-22,0.0,0.0055320193
0.0,0.0,8.128084500000001e-22,2.0221977e-21,0.0,0.0040540127
0.0,0.0,7.1846290000000005e-22,1.692874e-21,0.0,0.0055064955
0.0,0.0,7.1817735000000015e-22,3.807175800000001e-22,0.0,0.011046349
0.0,0.0,7.178919e-22,8.5683806e-23,0.0,0.011316604
0.0,0.0,6.3456365e-22,1.9835863e-23,0.0,0.012974168
0.0,0.0,4.026147400000001e-22,1.8146817e-23,0.0,0.018761821
0.0,0.0,1.935646e-22,2.3710224e-24,0.0,0.0072865416
0.0,0.0,8.431485000000001e-23,7.7126055e-24,0.0,0.008475668
0.0,0.0,1.8118543000000002e-21,3.79865e-24,0.0,0.018468352
0.0,0.0,3.4947763e-21,1.0494741e-24,0.0,0.00073434843
0.0,0.0,1.5707076000000001e-21,2.3206745e-25,0.0,0.0017085124
0.0,0.0,1.2606005000000001e-21,5.2098224e-24,0.0,0.008295775
0.0,0.0,2.9011747000000003e-22,4.849947e-24,0.0,0.028442983
0.0,0.0,6.520014000000001e-23,1.3756076e-24,0.0,0.003605594
0.0,0.0,3.3060410000000002e-22,3.2940955e-25,0.0,0.004914
0.0,0.0,6.913816e-23,3.736571e-24,0.0,0.011667545
0.0,0.0,1.6800685e-23,1.4608869e-24,0.0,0.014223423
0.0,0.0,7.281278e-24,3.3731280000000003e-25,0.0,0.0145464325
0.0,0.0,1.3598893999999998e-23,7.329386e-26,0.0,0.008042367
0.0,0.0,6.880944e-24,2.0818449e-17,0.0,0.01550628
0.0,0.0,5.5201867e-24,5.5691626e-18,0.0,0.0065841037
0.0,0.0,3.996655e-23,1.1791345499999998e-17,0.0,0.014376699
0.0,0.0,1.8549256e-23,2.0572874e-17,0.0,0.013504036
0.0,0.0,5.5577605e-23,5.691434399999999e-18,0.0,0.008509326
0.0,0.0,2.3501003e-23,1.524356e-18,0.0,0.02900441
0.0,0.0,2.229806e-22,4.1047817e-19,0.0,0.0037448101
0.0,0.0,5.830347e-21,9.053149e-20,0.0,0.004668649
0.0,0.0,3.2701422e-21,1.485467e-20,0.0,0.011675454
0.0,0.0,6.059719999999999e-20,3.9001315e-21,0.0,0.018511996
0.0,0.0,2.090915e-20,2.2927086e-21,0.0,0.0072890306
0.0,0.0,2.0898397e-20,1.446572e-21,0.0,0.004161467
0.0,0.0,1.8470489e-20,3.9132022e-22,0.0,0.0084912935
0.0,0.0,1.6324647e-20,8.532716000000001e-23,0.0,0.011758711
0.0,0.0,1.0003687e-20,2.2555092e-23,0.0,0.020938681
0.0,0.0,5.108100800000001e-21,6.686164e-24,0.0,0.0037262081
0.0,0.0,1.9221765e-21,3.778396e-24,0.0,0.009091134
0.0,0.0,1.921188e-21,4.5281692e-23,0.0,0.011373084
0.0,0.0,3.982549e-20,5.125375e-22,0.0,0.018358499
0.0,0.0,1.6990825e-20,1.7839172e-22,0.0,0.005418057
0.0,0.0,1.3634747999999998e-20,3.7976834e-23,0.0,0.009811079
0.0,0.0,1.00448225e-20,1.2450093e-23,0.0,0.033587277
0.0,0.0,8.877776999999999e-21,5.3922698e-24,0.0,0.004381154
0.0,0.0,4.4656036e-21,2.1705296e-23,0.0,0.0034700686
0.0,0.0,9.934555e-22,4.851861e-22,0.0,0.0042493762
0.0,0.0,2.4315758e-22,1.4668136000000002e-22,0.0,0.004203605
0.0,0.0,7.999573e-21,3.3207936e-23,0.0,0.002531468
0.0,0.0,1.4384035999999998e-20,8.503385e-23,0.0,0.0023075861
0.0,0.0,1.05967136e-20,6.429972000000001e-23,0.0,0.0142387785
0.0,0.0,8.503527e-21,9.150788e-22,0.0,0.010520692
0.0,0.0,6.264545e-21,5.192603e-22,0.0,0.00912729
0.0,0.0,3.293306e-21,1.4485786e-22,0.0,0.01616588
0.0,0.0,1.1067244e-21,3.3502626e-23,0.0,0.002925085
0.0,0.0,4.969435e-22,7.270834e-24,0.0,0.00047793522
0.0,0.0,5.416868e-22,1.2099155e-24,0.0,0.00011229948
0.0,0.0,4.207288500000001e-22,2.5064520000000003e-25,0.0,2.7310245e-05
0.0,0.0,2.454738e-22,3.136008e-24,0.0,9.132072e-06
0.0,0.0,1.3429516000000002e-22,9.285786e-25,0.0,1.387985e-05
0.0,0.0,9.153035e-23,2.174193e-25,0.0,9.310411e-06
0.0,0.0,7.9295904000000005e-22,6.0966955e-26,0.0,0.0046293885
0.0,0.0,4.844169e-21,1.2623024e-24,0.0,0.013267644
0.0,0.0,1.5861829e-21,8.447818e-25,0.0,0.012487957
0.0,0.0,1.1685128e-21,1.7770258999999999e-25,0.0,0.008694322
0.0,0.0,7.964011500000002e-22,7.002205e-23,0.0,0.012177699
0.0,0.0,8.013396000000002e-22,1.7443119e-23,0.0,0.005775883
0.0,0.0,1.6700587000000001e-21,4.3414404e-24,0.0,0.005274429
0.0,0.0,1.2302899000000001e-21,8.255764e-25,0.0,0.006086955
0.0,0.0,6.67507e-20,1.8075317e-25,0.0,0.006865832
0.0,0.0,1.8570817e-18,4.9048176000000005e-26,0.0,0.0037912726
0.0,0.0,2.0859042e-18,3.8559133e-23,0.0,0.0015753827
0.0,0.0,1.8519654e-18,1.0251252e-23,0.0,0.0006036929
0.0,0.0,6.0083313e-19,1.9217462e-24,0.0,0.00013503461
0.0,0.0,5.309787e-19,3.4075734e-25,0.0,3.890311e-05
0.0,0.0,4.63219e-19,7.19605e-26,0.0,1.1606872e-05
0.0,0.0,2.306868e-19,1.4772918e-26,0.0,2.560961e-06
0.0,0.0,1.5840673999999998e-19,2.892712e-27,0.0,6.0746453e-07
0.0,0.0,7.475483999999999e-20,5.7029626e-28,0.0,1.519537e-07
0.0,0.0,7.470914e-20,2.6172957e-28,0.0,5.1570197e-07
0.0,0.0,6.6023256e-20,2.4242613e-29,0.0,1.4134417e-07
0.0,0.0,5.834722e-20,9.9993245e-30,0.0,3.5209403e-08
0.0,0.0,1.02326035e-19,4.5774627e-29,0.0,6.636521e-09
0.0,0.0,1.05726096e-19,9.268316e-30,0.0,1.7550886e-09
0.0,0.0,9.343261e-20,1.6175856000000002e-30,0.0,1.1322774e-05
0.0,0.0,8.431593499999999e-20,1.5689947e-28,0.0,6.0942225e-06
0.0,0.0,4.6448356e-20,6.7006834e-29,0.0,1.3838225e-06
0.0,0.0,2.0854365e-20,1.4555028999999998e-29,0.0,3.148119e-07
0.0,0.0,1.7600045e-20,2.801004e-30,0.0,7.525376e-08
0.0,0.0,1.6355157e-20,5.5259007e-31,0.0,5.6241426e-08
0.0,0.0,8.134052e-21,4.6132026e-30,0.0,1.4801961e-08
0.0,0.0,8.1289494e-21,1.9880228e-30,0.0,3.2251393e-09
0.0,0.0,7.183741999999999e-21,3.4209058000000003e-31,0.0,6.688344e-10
0.0,0.0,4.00461e-21,1.4185289e-30,0.0,1.3234194e-10
0.0,0.0,3.6663387e-21,3.4418646e-31,0.0,3.2590455e-07
0.0,0.0,3.4950643e-21,7.317134400000001e-32,0.0,9.718201e-08
0.0,0.0,3.492872e-21,1.5145116e-32,0.0,1.5051649e-08
0.0,0.0,2.2934097000000002e-21,3.0438005e-33,0.0,2.7517744e-09
0.0,0.0,1.2784718000000001e-21,4.5680707e-34,0.0,4.91358e-10
0.0,0.0,1.2776698000000001e-21,4.8183178e-32,0.0,8.634199e-11
0.0,0.0,1.1285797000000001e-21,1.9617841e-32,0.0,1.4235393e-11
0.0,0.0,9.059303e-22,4.3216826e-33,0.0,2.8189157e-12
0.0,0.0,9.05362e-22,7.6187954e-34,0.0,7.8210236e-13
0.0,0.0,6.1700686000000015e-22,1.1256839e-34,0.0,7.857275e-14
0.0,0.0,6.166198300000002e-22,3.6006652e-35,0.0,1.5157875e-14
0.0,0.0,5.449213e-22,4.2929676e-36,0.0,2.7553895e-15
0.0,0.0,5.445795e-22,8.726046e-37,0.0,9.564951e-13
0.0,0.0,5.4423784e-22,1.0241938e-37,0.0,1.9875212e-13
0.0,0.0,5.438965e-22,2.4493461e-36,0.0,4.7106836e-14
0.0,0.0,5.4355530000000005e-22,2.8341453e-36,0.0,1.1115835e-14
0.0,0.0,7.51929e-21,5.3273816e-37,0.0,1.9048513e-15
0.0,0.0,1.0196941e-19,1.0136492e-37,0.0,3.9853374000000006e-16
0.0,0.0,6.4681433e-20,2.2527549999999998e-38,0.0,7.192455e-17
0.0,0.0,1.4869337e-20,4.6582699999999986e-39,0.0,9.870044e-18
0.0,0.0,5.537505e-20,9.62207e-40,0.0,2.1673495e-11
0.0,0.0,3.1772029999999996e-20,1.082949e-39,0.0,8.84864e-12
0.0,0.0,2.8077098e-20,1.5094099999999998e-39,0.0,1.8469317e-12
0.0,0.0,2.8058897e-20,1.29512e-40,0.0,2.3931546e-13
0.0,0.0,1.3240985e-20,7.401100000000001e-41,0.0,4.868171e-14
0.0,0.0,1.3232402e-20,2.6235e-41,0.0,7.9316555e-15
0.0,0.0,5.1877828e-21,6.226000000000001e-42,0.0,1.2896823e-15
0.0,0.0,5.184420300000001e-21,1.019e-42,0.0,2.3985003000000004e-16
0.0,0.0,3.2885597000000002e-21,2.17e-43,0.0,4.156449e-17
0.0,0.0,3.2864284e-21,5.7e-44,0.0,1.0383989e-17
0.0,0.0,1.9500678000000002e-21,5.9e-43,0.0,2.600259e-18
0.0,0.0,1.948804e-21,3.175e-42,0.0,5.857286999999999e-19
0.0,0.0,1.9475408000000002e-21,1e-45,0.0,1.0711618e-19
0.0,0.0,7.971337700000001e-22,0.0,0.0,2.095647e-20
0.0,0.0,3.4133120000000003e-22,0.0,0.0,3.8565575e-21
0.0,0.0,3.4110997000000002e-22,0.0,0.0,5.808664e-22
0.0,0.0,3.0144051000000003e-22,0.0,0.0,8.473522e-23
0.0,0.0,3.0124513e-22,0.0,0.0,1.7155762e-23
0.0,0.0,3.0104987e-22,0.0,0.0,3.5604093e-24
0.0,0.0,3.0085474000000003e-22,0.0,0.0,6.040255e-25
0.0,0.0,3.0065973000000004e-22,0.0,0.0,6.228022e-20
0.0,0.0,2.6569444000000003e-22,0.0,0.0,1.7002457e-20
0.0,0.0,2.5893335999999998e-20,0.0,0.0,3.1590537e-21
0.0,0.0,4.0848402e-20,0.0,0.0,5.6624693000000015e-22
0.0,0.0,3.609746e-20,0.0,0.0,8.612918e-23
0.0,0.0,3.6073595e-20,0.0,0.0,2.5276695e-23
0.0,0.0,2.2881754e-20,0.0,0.0,3.4529676e-24
0.0,0.0,1.685482e-20,0.0,0.0,5.3118495999999985e-25
0.0,0.0,1.6843675e-20,0.0,0.0,1.1475934e-25
0.0,0.0,1.14786254e-20,0.0,0.0,2.1066842e-26
0.0,0.0,1.0143585e-20,0.0,0.0,3.247569e-27
0.0,0.0,1.0136879e-20,0.0,0.0,5.3162480000000005e-28
0.0,0.0,4.340536e-21,0.0,0.0,7.4321030000000005e-22
0.0,0.0,3.835703e-21,0.0,0.0,2.0584023e-22
0.0,0.0,3.077636e-21,0.0,0.0,3.8538400000000003e-23
0.0,0.0,1.0721145e-21,0.0,0.0,6.8079114e-24
0.0,0.0,1.0714058e-21,0.0,0.0,1.2149462e-24
0.0,0.0,9.467941e-22,0.0,0.0,2.0468091e-25
0.0,0.0,9.461682e-22,0.0,0.0,2.444464e-26
0.0,0.0,9.455427e-22,0.0,0.0,6.6782006e-27
0.0,0.0,4.7180557e-22,0.0,0.0,1.1028548e-27
0.0,0.0,2.4713114000000003e-22,0.0,0.0,2.1787309e-28
0.0,0.0,2.4696776e-22,0.0,0.0,3.187523e-29
0.0,0.0,1.7277995000000002e-22,0.0,0.0,8.643874e-25
0.0,0.0,1.00276736e-22,0.0,0.0,1.9212151e-25
0.0,0.0,3.7308725e-23,0.0,0.0,3.069046e-26
0.0,0.0,9.034564e-24,0.0,0.0,5.9190237e-27
0.0,0.0,1.3464693e-23,0.0,0.0,1.4049511e-27
0.0,0.0,2.2290458e-24,0.0,0.0,3.2376305e-28
0.0,0.0,1.4113841999999999e-25,0.0,0.0,5.908060299999998e-29
0.0,0.0,5.887043e-26,0.0,0.0,1.454328e-27
0.0,0.0,2.2194993e-26,1e-45,0.0,6.788108e-28
0.0,0.0,1.5208989000000002e-26,0.0,0.0,1.3200520000000002e-28
0.0,0.0,1.1202555e-26,0.0,0.0,2.9630462e-29
0.0,0.0,8.2515174e-27,0.0,0.0,7.444126e-18
0.0,0.0,2.4706378e-27,0.0,0.0,2.4807666e-18
0.0,0.0,9.044307e-30,0.0,0.0,7.0366497e-19
0.0,0.0,1.6368432e-30,4.9913e-41,0.0,1.7453402e-19
0.0,0.0,8.1398865e-31,1.8222e-41,0.0,4.4294278e-20
0.0,0.0,4.047898e-31,3.503e-42,0.0,1.2005424e-20
0.0,0.0,1.1274293e-31,7.1e-43,0.0,9.304965e-12
0.0,0.0,6.9921384e-32,1.99e-43,0.0,3.6039468e-12
0.0,0.0,1.7589767e-32,4.6e-44,0.0,9.177345e-13
0.0,0.0,3.6386629e-34,1.1e-44,0.0,2.743227e-12
0.0,0.0,1.999433e-35,3e-45,0.0,1.8207055e-12
0.0,0.0,4.5285997e-35,4.7600000000000015e-43,0.0,4.9193863e-13
0.0,0.0,3.1560818e-35,5.41e-43,0.0,2.5669178e-09
0.0,0.0,1.4456718e-35,1.2800000000000002e-43,0.0,2.0773823e-09
0.0,0.0,1.0647735e-35,8.1791875e-24,0.0,5.2035454e-10
0.0,0.0,2.4090184e-35,2.3625077000000003e-24,0.0,1.8048103e-10
0.0,0.0,4.6908934e-35,2.4972514e-23,0.0,0.00928579
0.0,0.0,8.123118e-36,1.3569605000000001e-21,0.0,0.006468623
0.0,0.0,1.3066577e-33,3.2037426e-22,0.0,0.010427261
0.0,0.0,1.6598236e-33,9.639345e-23,0.0,0.025992347
0.0,0.0,2.930494e-31,3.1093372e-23,0.0,0.003943836
0.0,0.0,5.289966e-31,9.659337e-24,0.0,0.020390058
0.0,0.0,7.24922e-30,3.4851386e-23,0.0,0.0035611542
0.0,0.0,3.4495015e-27,6.3535665e-23,0.0,0.0055119353
0.0,0.0,6.5483837e-24,2.2114854e-23,0.0,0.024750812
0.0,0.0,2.4766974e-24,8.523460000000001e-24,0.0,0.016900208
0.0,0.0,9.70812e-25,7.138321999999999e-24,0.0,0.007769755
0.0,0.0,3.2951302e-25,2.755528e-24,0.0,0.03763475
0.0,0.0,1.2158559000000001e-21,4.4370898e-24,0.0,0.0032264804
0.0,0.0,3.5990659999999997e-20,6.1937004000000005e-24,0.0,0.0099993255
0.0,0.0,3.4483476e-20,1.7504088e-24,0.0,0.02976111
0.0,0.0,1.938851e-16,6.3855237000000005e-24,0.0,0.0041451985
0.0,0.0,9.063832e-16,1.8922768e-18,0.0,0.017972019
0.0,0.0,3.0948934e-15,1.438324e-17,0.0,0.009318882
0.0,0.0,1.962652e-15,3.8737406e-18,0.0,0.04824795
0.0,0.0,9.638546e-16,1.3384157e-18,0.0,0.008303921
0.0,0.0,1.7048204e-16,3.568705e-19,0.0,0.011598426
0.0,0.0,9.1038406e-17,3.8582407000000003e-17,0.0,0.010653932
0.0,0.0,5.0736110000000004e-17,1.5391009e-17,0.0,0.016327534
0.0,0.0,9.467353000000001e-18,4.892424e-18,0.0,0.027432803
0.0,0.0,4.5832820000000004e-18,6.090669399999999e-18,0.0,0.0035470647
0.0,0.0,1.2567425e-18,2.9387954000000004e-16,0.0,0.014397457
0.0,0.0,1.5120068000000002e-16,4.2343481e-16,0.0,0.027438246
0.0,0.0,1.9586671e-16,1.2779665e-16,0.0,0.013429181
0.0,0.0,5.6080938e-15,3.3561976e-11,0.0,0.0055467794
0.0,0.0,2.6468565e-14,1.0757367e-09,0.0,0.008541699
0.0,0.0,8.1874465e-13,3.554307e-10,0.0,0.013301682
0.0,0.0,4.0707008e-13,0.013841323,0.0,0.028205171
0.0,0.0,2.4147503e-13,0.017461725,0.0,0.0076581044
0.0,0.0,4.598793e-14,0.012169562,0.0,0.0077801906
0.0,0.0,1.1130815e-14,0.019390197,0.0,0.014263877
0.0,0.0,2.3556181e-15,0.0782927,0.0,0.034491207
0.0,0.0,1.4413129e-13,0.051471375,0.0,0.0060972855
0.0,0.0,8.093941e-14,0.017305957,0.0,0.017445905
0.0,0.0,6.4924594e-14,0.014412096,0.0,0.026955169
0.0,0.0,4.7810243e-14,0.014442849,0.0,0.0064534754
0.0,0.0,3.2572486e-14,0.016124507,0.0,0.014497367
0.0,0.0,1.7116495e-14,0.018554283,0.0,0.025339562
0.0,0.0,1.3729794e-14,0.009498142,0.0,0.0052427985
0.0,0.0,3.8896712e-14,0.014262169,0.0,0.021881405
0.0,0.0,1.5166365e-14,0.01513915,0.0,0.009124805
0.0,0.0,3.630032e-15,0.016243126,0.0,0.023228759
0.0,0.0,3.7826266e-12,0.015589995,0.0,0.0060983244
0.0,0.0,2.0916842e-12,0.008763063,0.0,0.007990993
0.0,0.0,2.683175e-10,0.013316838,0.0,0.037151333
0.0,0.0,6.0176564e-10,0.006465868,0.0,0.004358762
0.0,0.0,2.8388117e-10,1.3302682e-07,0.0,0.009360211
0.0,0.0,1.3946118e-10,0.0035075236,0.0,0.011400135
0.0,0.0,2.5163378e-11,0.006749944,0.0,0.015809806
0.0,0.0,1.029612e-11,0.00074870023,0.0,0.030833809
0.0,0.0,6.080645e-12,2.6732341e-05,0.0,0.0042088777
0.0,0.0,1.0682608e-12,4.861952e-09,0.0,0.0076387194
0.0,0.0,2.108942e-11,1.3127228e-09,0.0,0.027081626
0.0,0.0,7.362617e-12,3.534334e-10,0.0,0.0031726381
0.0,0.0,1.6325298e-12,7.5164324e-05,0.0,0.004325694
0.0,0.0,8.2669316e-11,2.30299e-05,0.0,0.007598309
0.0,0.0,3.9178744e-11,4.4207363e-06,0.0,0.005660602
0.0,0.0,1.364372e-11,1.0549666e-06,0.0,0.010318807
0.0,0.0,1.0046714e-11,2.4013463e-07,0.0,0.018983057
0.0,0.0,2.7229803e-12,6.6088816e-08,0.0,0.0063273637
0.0,0.0,2.0080235e-12,1.7106137e-08,0.0,0.011331018
0.0,0.0,4.9369515e-13,5.865095e-09,0.0,0.016760545
0.0,0.0,3.1305115e-13,7.7719675e-10,0.0,0.012464391
0.0,0.0,1.5945815e-13,1.8142549e-10,0.0,0.011629323
0.0,0.0,8.312089e-14,3.0676016e-08,0.0,0.01081296
0.0,0.0,3.8008686e-11,8.20448e-09,0.0,0.020707818
0.0,0.0,2.6878957e-10,1.8767163e-09,0.0,0.0044028675
0.0,0.0,1.429451e-10,5.3385674e-10,0.0,0.006145484
0.0,0.0,7.0932836e-11,1.2465444e-10,0.0,0.005783171
0.0,0.0,4.8322873e-11,6.311991e-05,0.0,0.0053733215
0.0,0.0,3.2919875e-11,6.830822e-05,0.0,0.008915511
0.0,0.0,1.7964701e-11,2.46029e-10,0.0,0.012599788
0.0,0.0,1.2238421e-11,3.8653143e-12,0.0,0.015173844
0.0,0.0,5.306486e-12,4.1361147e-07,0.0,0.013582577
0.0,0.0,4.153012e-12,3.866903e-07,0.0,0.022686834
0.0,0.0,1.3333703e-12,1.2516703e-07,0.0,0.005436709
0.0,0.0,6.212461e-13,3.1170938e-08,0.0,0.0112191895
0.0,0.0,3.684988e-13,7.828552e-09,0.0,0.014944938
0.0,0.0,2.0705658e-13,1.8333204e-09,0.0,0.010840597
0.0,0.0,8.345937e-14,4.679553e-10,0.0,0.018575046
0.0,0.0,6.6942166e-14,1.07521714e-10,0.0,0.008135125
0.0,0.0,1.6458345e-14,2.2559385e-11,0.0,0.012888419
0.0,0.0,7.0449543e-15,5.9753903e-12,0.0,0.03045922
0.0,0.0,3.5024205e-15,1.4925494e-12,0.0,0.0036282819
0.0,0.0,6.61187e-16,0.0039293803,0.0,0.00343136
0.0,0.0,1.1771666e-16,0.0021082764,0.0,0.0024869964
0.0,0.0,2.0508946e-15,0.00061094254,0.0,0.0027166458
0.0,0.0,1.6574788e-15,0.00015551013,0.0,0.0014446664
0.0,0.0,1.3294372e-15,2.4898936e-05,0.0,0.00036769419
0.0,0.0,9.789266e-16,7.0504298e-06,0.0,0.00067776407
0.0,0.0,8.6476733e-16,1.5085639e-06,0.0,0.00057848933
0.0,0.0,4.0793512e-16,3.49928e-07,0.0,0.00046299896
0.0,0.0,2.3430588e-16,8.386538e-08,0.0,0.0032023177
0.0,0.0,1.5397067000000002e-16,2.4819707e-08,0.0,0.010802724
0.0,0.0,5.5676164e-17,5.999465e-09,0.0,0.023005458
0.0,0.0,2.0940572e-17,1.1689886e-09,0.0,0.0039521786
0.0,0.0,1.0410552e-17,3.5772932e-10,0.0,0.0052884878
0.0,0.0,5.2270184e-18,9.205567e-11,0.0,0.00863571
0.0,0.0,1.4133985e-14,1.9090379e-11,0.0,0.010967301
0.0,0.0,1.9896128e-14,4.829146e-12,0.0,0.014871598
0.0,0.0,1.2615588e-14,1.2076908e-12,0.0,0.008064105
0.0,0.0,1.0033697e-12,7.958768e-08,0.0,0.023219215
0.0,0.0,5.830439e-13,1.3490485e-07,0.0,0.0064765895
0.0,0.0,2.0955118e-13,3.0232297e-08,0.0,0.010398067
0.0,0.0,1.2092278e-13,8.182454e-09,0.0,0.022094024
0.0,0.0,2.2013782e-14,2.6076528e-09,0.0,0.0056028767
0.0,0.0,1.1026328e-14,7.6851886e-10,0.0,0.01894812
0.0,0.0,9.740194e-15,1.8515636e-10,0.0,0.0046538617
0.0,0.0,6.1759336e-15,5.5726136e-11,0.0,0.013160166
0.0,0.0,6.1695076e-15,0.0047549186,0.0,0.015032581
0.0,0.0,4.948321e-15,0.0059508905,0.0,0.015254789
0.0,0.0,2.220779e-15,0.0028598204,0.0,0.014294991
0.0,0.0,1.8575608e-11,0.0013591056,0.0,0.021923596
0.0,0.0,1.2989267e-11,0.00028883488,0.0,0.011199711
0.0,0.0,5.760847e-12,5.8401172e-05,0.0,0.01836452
0.0,0.0,4.3980097e-12,1.43597445e-05,0.0,0.0075573386
0.0,0.0,1.5902642e-12,5.081819e-06,0.0,0.03250571
0.0,0.0,1.4047529e-12,1.4215383e-06,0.0,0.0068769897
0.0,0.0,5.502019e-13,3.3605278e-07,0.0,0.005438885
0.0,0.0,1.5325162e-13,3.2353955e-06,0.0,0.0055381716
0.0,0.0,5.541383e-14,1.223363e-06,0.0,0.009168962
0.0,0.0,1.8271927e-14,2.8946266e-07,0.0,0.033013977
0.0,0.0,7.653754e-15,8.976875e-08,0.0,0.0032807547
0.0,0.0,5.635577e-15,2.2928024e-08,0.0,0.0056596934
0.0,0.0,2.6813623e-13,6.47875e-09,0.0,0.016432121
0.0,0.0,5.220203e-13,1.7741131e-09,0.0,0.015443101
0.0,0.0,3.5560349e-13,4.3624973e-10,0.0,0.011563143
0.0,0.0,2.2547146e-13,1.2002124e-10,0.0,0.024615834
0.0,0.0,1.06355876e-13,2.7872342e-11,0.0,0.014382955
0.0,0.0,5.926277e-14,0.00045411813,0.0,0.026115865
0.0,0.0,2.0636392e-14,0.0009263787,0.0,0.008254401
0.0,0.0,1.3947066e-14,0.00022510206,0.0,0.013016068
0.0,0.0,2.9088674e-15,6.120888e-05,0.0,0.020067096
0.0,0.0,1.1901162e-15,1.5979298e-05,0.0,0.00857003
0.0,0.0,7.0588666e-16,4.0511754e-06,0.0,0.013905539
0.0,0.0,3.167911e-16,1.0495061e-06,0.0,0.018179756
0.0,0.0,7.596574000000001e-17,2.7901962e-07,0.0,0.010352871
0.0,0.0,2.0193383e-17,7.1134735e-08,0.0,0.050123833
0.0,0.0,9.975353e-18,8.0752025e-06,0.0,0.010921388
0.0,0.0,6.494847000000001e-18,6.4776555e-06,0.0,0.017427435
0.0,0.0,2.4060784e-18,1.7338426e-06,0.0,0.029265683
0.0,0.0,5.201177e-17,4.128374e-07,0.0,0.008346049
0.0,0.0,6.489673e-17,1.0672433e-07,0.0,0.0057812054
0.0,0.0,5.1442376e-17,2.872506e-08,0.0,0.013061526
0.0,0.0,2.1114341000000002e-17,5.9934804e-09,0.0,0.018779391
0.0,0.0,1.0967885e-17,1.9044006e-09,0.0,0.011917201
0.0,0.0,3.749353000000001e-17,5.476893e-10,0.0,0.023582827
0.0,0.0,1.9086463e-17,0.00029105414,0.0,0.003794553
0.0,0.0,6.224081e-18,0.00022049612,0.0,0.003593819
0.0,0.0,3.69159e-18,4.190622e-05,0.0,0.0038954767
0.0,0.0,2.5146917e-18,1.4804949e-05,0.0,0.009391498
0.0,0.0,2.5119777e-18,3.4868626e-06,0.0,0.025055692
0.0,0.0,3.6465514e-15,9.128054e-07,0.0,0.0035602744
0.0,0.0,8.2697256e-16,2.2341958e-07,0.0,0.0028619636
0.0,0.0,2.9901245e-16,4.1656627e-08,0.0,0.0125899855
0.0,0.0,1.1563041000000002e-16,6.225124e-05,0.0,0.01197259
0.0,0.0,1.40318555e-14,2.169104e-05,0.0,0.021893848
0.0,0.0,4.6220237e-12,6.4224787e-06,0.0,0.0040426846
0.0,0.0,5.3934574e-12,1.2842693e-06,0.0,0.0021097972
0.0,0.0,2.046809e-12,2.6047599e-07,0.0,0.00074532535
0.0,0.0,3.8388818e-13,7.203813e-08,0.0,0.00032135742
0.0,0.0,8.2234465e-14,1.6289665e-08,0.0,0.00018511844
0.0,0.0,5.9158736e-09,3.5467849e-09,0.0,0.0004826163
0.0,0.0,1.0780148e-09,7.8853724e-10,0.0,0.012078202
0.0,0.0,1.0083552e-10,1.7771634e-10,0.0,0.012241159
0.0,0.0,5.6183128e-11,3.5853955e-11,0.0,0.0075802966
0.0,0.0,2.6500118e-11,2.685944e-07,0.0,0.011009199
0.0,0.0,1.2499415e-11,8.694702e-08,0.0,0.018548513
0.0,0.0,2.9185868e-12,2.2454756e-08,0.0,0.005487477
0.0,0.0,6.211277e-13,4.00246e-09,0.0,0.0031346187
0.0,0.0,4.5731263e-13,7.6150136e-10,0.0,0.0010580975
0.0,0.0,3.3670186e-13,1.6060414e-10,0.0,0.00032478906
0.0,0.0,2.8285385e-13,5.3829646e-11,0.0,0.00011404538
0.0,0.0,1.8506408e-13,8.104713e-12,0.0,0.00593275
0.0,0.0,7.70968e-14,1.7284063e-12,0.0,0.006221933
0.0,0.0,2.072728e-09,4.068196e-13,0.0,0.0038979338
0.0,0.0,8.802579e-10,1.5424605e-13,0.0,0.0020960367
0.0,0.0,6.104557e-10,1.4305387e-14,0.0,0.0006857693
0.0,0.0,2.4714275e-10,2.871618e-15,0.0,0.0001477706
0.0,0.0,2.1829456e-10,7.28914e-16,0.0,1.855963e-05
0.0,0.0,1.7498035e-10,9.0517706e-17,0.0,5.597212e-06
0.0,0.0,6.327916e-11,2.7729756e-09,0.0,1.1805881e-06
0.0,0.0,1.7617687e-11,6.079697e-10,0.0,3.1513113e-07
0.0,0.0,1.4129103e-11,1.09416684e-10,0.0,6.0637475e-08
0.0,0.0,4.59566e-12,2.3043966e-11,0.0,1.6604742e-08
0.0,0.0,2.5827975e-12,5.090586e-12,0.0,1.5359848e-05
0.0,0.0,2.5798628e-12,6.3582315e-13,0.0,3.4200295e-06
0.0,0.0,2.0690088e-12,1.1867491e-13,0.0,5.8824526e-07
0.0,0.0,1.659312e-12,2.1334785e-14,0.0,1.0784609e-07
0.0,0.0,7.1016836e-13,1.2739202e-14,0.0,2.4509989e-08
0.0,0.0,2.0981113e-13,6.8066975e-16,0.0,4.7860755e-09
0.0,0.0,7.6910605e-14,1.179356e-16,0.0,7.4779627e-10
0.0,0.0,3.2916944e-14,1.1977178e-14,0.0,1.7247843e-10
0.0,0.0,1.9522388e-14,2.6784169e-15,0.0,3.103847e-11
0.0,0.0,4.825114e-15,1.3710229e-15,0.0,5.9095628e-12
0.0,0.0,4.2618937e-15,1.9671428e-16,0.0,8.929141e-13
0.0,0.0,4.2570512e-15,1.9047755999999998e-20,0.0,1.5714123e-13
0.0,0.0,3.760139e-15,3.324764e-21,0.0,3.1378366e-14
0.0,0.0,1.0938549e-15,5.845902600000001e-22,0.0,6.1705893e-15
0.0,0.0,5.494116e-16,5.577387e-18,0.0,1.071065e-15
0.0,0.0,4.760113400000001e-16,2.3525642e-23,0.0,7.128738e-07
0.0,0.0,1.7931114000000002e-16,6.247978999999999e-19,0.0,2.3116195e-07
0.0,0.0,6.526473000000001e-17,7.8413947e-25,0.0,3.951699e-08
0.0,0.0,5.764658000000001e-17,2.3488822e-19,0.0,8.744182e-09
0.0,0.0,7.48449e-16,7.2297285e-20,0.0,1.6502236e-09
0.0,0.0,4.83705e-15,4.7474012e-20,0.0,4.2131718e-10
0.0,0.0,4.831508e-15,2.1085368e-27,0.0,9.9864644e-11
0.0,0.0,3.874756e-15,3.0067182e-22,0.0,2.0740031e-11
0.0,0.0,3.4224358e-15,6.831241e-13,0.0,4.4138144e-12
0.0,0.0,3.0229172e-15,2.487578e-13,0.0,9.31116e-13
0.0,0.0,1.5881908e-15,3.0223555e-14,0.0,1.7219846e-13
0.0,0.0,1.5863713e-15,6.888438e-15,0.0,3.3960658e-14
0.0,0.0,1.4011859e-15,1.0674376e-15,0.0,6.6215636e-15
0.0,0.0,1.2376184e-15,1.6645371000000002e-16,0.0,1.1976951e-15
0.0,0.0,1.2362004e-15,3.3896244000000003e-17,0.0,2.6698656e-16
0.0,0.0,1.2347841e-15,4.981675e-18,0.0,4.356937e-17
0.0,0.0,1.2333694e-15,9.320776e-19,0.0,8.2334655e-18
0.0,0.0,1.2319564e-15,1.8775878e-19,0.0,2.0155488e-18
0.0,0.0,1.0881437e-15,6.1362345e-20,0.0,1.3684654e-18
0.0,0.0,4.451595e-16,9.0434485e-21,0.0,3.4506514e-19
0.0,0.0,4.4464947e-16,1.7697646e-21,0.0,1.5875907e-19
0.0,0.0,3.9274326000000005e-16,3.2107474000000003e-22,0.0,1.0203767e-19
0.0,0.0,2.3292607000000004e-16,5.7758004e-23,0.0,3.7121846e-20
0.0,0.0,1.157831e-16,1.018241e-23,0.0,6.8297913e-07
0.0,0.0,1.1565045e-16,1.8153101e-24,0.0,1.7292834e-07
0.0,0.0,9.625276e-17,3.1523367e-25,0.0,3.4801314e-08
0.0,0.0,6.863424000000001e-17,5.8782544e-26,0.0,6.209589e-09
0.0,0.0,6.855560400000001e-17,1.0462455e-26,0.0,1.0948659e-09
0.0,0.0,6.055276e-17,1.9538873e-27,0.0,1.8170335e-10
0.0,0.0,2.5915711e-17,3.6840902e-28,0.0,5.0420036e-11
0.0,0.0,2.2890437e-17,7.725912e-29,0.0,6.383302e-12
0.0,0.0,2.0218317e-17,3.2163033e-25,0.0,1.3379776e-12
0.0,0.0,2.0195155e-17,4.3934705e-30,0.0,2.0853775e-13
0.0,0.0,2.0172017e-17,8.284379e-31,0.0,3.855358e-14
0.0,0.0,7.023691e-18,1.8234024e-31,0.0,7.966629e-15
0.0,0.0,5.1995900000000015e-18,3.5598165000000004e-32,0.0,1.4080882e-15
0.0,0.0,2.3257149e-18,9.182468e-30,0.0,2.4411717000000003e-16
0.0,0.0,2.3230503e-18,1.0937626e-33,0.0,4.680684000000001e-17
0.0,0.0,2.3203889e-18,1.9178219e-34,0.0,6.867697e-18
0.0,0.0,2.3177305e-18,1.9031653e-29,0.0,1.371337e-18
0.0,0.0,2.315075e-18,6.0461283e-30,0.0,2.2707863e-19
0.0,0.0,2.3124227e-18,1.1707123e-36,0.0,3.7578024e-20
0.0,0.0,2.3097734e-18,2.0313485e-37,0.0,6.95884e-21
0.0,0.0,2.307127e-18,3.7265616e-38,0.0,1.2559932e-21
0.0,0.0,1.6986178e-18,6.647485e-39,0.0,2.3411955000000003e-22
0.0,0.0,1.6966717e-18,1.184668e-39,0.0,2.1076273e-08
0.0,0.0,1.2491710999999998e-18,2.4776788000000003e-32,0.0,9.276305e-09
0.0,0.0,1.24774e-18,1.5581609e-30,0.0,1.8411969e-09
0.0,0.0,1.2463105e-18,1.4422883e-30,0.0,2.7044686e-10
0.0,0.0,1.7708034000000002e-16,2.0948294e-31,0.0,4.19541e-11
0.0,0.0,5.277377400000001e-16,4.3052954e-32,0.0,7.1296007e-12
0.0,0.0,5.271285e-16,8.801242000000001e-33,0.0,1.3794099e-12
0.0,0.0,5.2651997e-16,1.5337743e-33,0.0,2.7170006e-13
0.0,0.0,1.90364e-16,2.665291e-34,0.0,4.2537612e-14
0.0,0.0,1.9014423e-16,4.6203638e-35,0.0,7.695619e-15
0.0,0.0,1.8992473e-16,8.032747e-36,0.0,1.3914794e-15
0.0,0.0,1.8970547e-16,1.4052591e-36,0.0,2.2147138000000003e-16
0.0,0.0,8.947666000000001e-17,2.5173139e-37,0.0,4.344173000000001e-17
0.0,0.0,6.693183e-17,4.4322154e-38,0.0,6.950458e-18
0.0,0.0,1.8823583e-17,4.5181862e-36,0.0,1.4402594e-18
0.0,0.0,1.5728125e-17,1.391426e-39,0.0,2.0209811e-19
0.0,0.0,1.5709968e-17,4.650425e-37,0.0,4.8983794e-20
0.0,0.0,7.1014895e-18,4.1973000000000005e-41,0.0,8.675045e-21
0.0,0.0,3.5016590000000004e-18,1.3727964e-37,0.0,6.7657896e-07
0.0,0.0,3.4976166e-18,1.32e-42,0.0,3.131231e-07
0.0,0.0,1.9487343e-18,1.8190302e-38,0.0,7.553545e-08
0.0,0.0,1.9464846e-18,7.788847e-39,0.0,1.8736957e-08
0.0,0.0,1.9442374e-18,1.484952e-39,0.0,4.4165858e-09
0.0,0.0,1.941993e-18,4.4611654e-28,0.0,1.0965477e-09
0.0,0.0,1.4297758999999998e-18,1.7523247e-28,0.0,2.1878548e-10
0.0,0.0,1.1466366e-18,2.6800708e-29,0.0,4.8608756e-11
0.0,0.0,1.0127749e-18,7.2997334e-30,0.0,1.1985752e-11
0.0,0.0,6.006459e-19,1.6485471e-30,0.0,3.121764e-12
0.0,0.0,3.2049925e-19,2.5770052e-31,0.0,8.3619147e-13
0.0,0.0,1.4196212e-19,5.899049e-32,0.0,1.8260798e-13
0.0,0.0,1.2538905e-19,1.2985095e-32,0.0,1.5669184e-09
0.0,0.0,1.0055819e-19,3.167031e-33,0.0,6.475638e-10
0.0,0.0,1.004421e-19,8.031852e-34,0.0,2.2583449e-10
0.0,0.0,8.0551494e-20,2.3129233e-34,0.0,6.383688e-11
0.0,0.0,7.114768e-20,4.5122054e-35,0.0,1.9615556e-11
0.0,0.0,2.8596918e-19,1.1476510000000001e-18,0.0,7.2683686e-12
0.0,0.0,9.542359e-20,1.1206032999999998e-18,0.0,0.0061333645
0.0,0.0,5.3165822e-20,2.4698178e-19,0.0,0.0032521992
0.0,0.0,5.3104003e-20,7.393442e-20,0.0,0.006267445
0.0,0.0,9.196464e-21,2.2161862e-20,0.0,0.026129486
0.0,0.0,3.9358873e-21,5.9997e-21,0.0,0.0032639485
0.0,0.0,3.510768e-21,1.6822316000000004e-21,0.0,0.019448906
0.0,0.0,7.811329e-22,4.580317e-22,0.0,0.005176576
0.0,0.0,2.3233058e-21,1.443189e-19,0.0,0.013509509
0.0,0.0,1.2611799000000001e-21,9.504236e-20,0.0,0.037740137
0.0,0.0,3.3841022000000004e-22,2.3000566e-20,0.0,0.0055776173
0.0,0.0,3.0733712e-23,6.472741200000001e-21,0.0,0.013650907
0.0,0.0,1.2649736e-22,4.326611e-13,0.0,0.03257211
0.0,0.0,3.0367775e-23,2.7416443e-13,0.0,0.0089584645
0.0,0.0,5.6253364e-17,9.877119e-14,0.0,0.05138988
0.0,0.0,1.193414e-16,3.3291187e-14,0.0,0.0063018934
0.0,0.0,4.155012e-17,1.03044506e-14,0.0,0.029942043
0.0,0.0,1.9596147e-17,3.7219424e-15,0.0,0.003829486
0.0,0.0,1.5714369e-17,1.05540495e-13,0.0,0.017480733
0.0,0.0,3.3744834e-14,0.0026784586,0.0,0.013352413
0.0,0.0,4.0130273e-14,0.007181762,0.0,0.035514683
0.0,0.0,1.599928e-14,0.009328358,0.0,0.00790786
0.0,0.0,7.780335e-15,0.016059263,0.0,0.01717672
0.0,0.0,3.6499543e-15,0.049170326,0.0,0.09300939
0.0,0.0,2.7077293e-15,0.0061790645,0.0,0.040563986
0.0,0.0,1.7598937e-14,0.006695,0.0,0.01463511
0.0,0.0,3.3820639e-15,0.00994707,0.0,0.04167997
0.0,0.0,9.628382e-09,0.01223269,0.0,0.0056929267
0.0,0.0,1.3460654e-08,0.028464247,0.0,0.017355911
0.0,0.0,1.3443758e-08,0.011866734,0.0,0.045467734
0.0,0.0,1.1873097e-08,0.013861059,0.0,0.011937404
0.0,0.0,9.11183e-09,0.00015396718,0.0,0.01666313
0.0,0.0,1.7099795e-09,2.6985002e-05,0.0,0.019505417
0.0,0.0,3.6685935e-10,8.074487e-06,0.0,0.025794288
0.0,0.0,6.600585e-11,7.880473e-06,0.0,0.009178856
0.0,0.0,6.5922996e-11,0.001993952,0.0,0.013113374
0.0,0.0,4.4898484e-11,0.017713329,0.0,0.06071943
0.0,0.0,2.5013144e-11,0.029590495,0.0,0.049044743
0.0,0.0,2.4981748e-11,0.007743506,0.0,0.012380076
0.0,0.0,2.495039e-11,0.017618444,0.0,0.047361676
0.0,0.0,1.135639e-11,0.009676035,0.0,0.0069893906
0.0,0.0,4.6232627e-12,0.005528021,0.0,0.01294466
0.0,0.0,1.5228194e-07,0.0068389405,0.0,0.027036125
0.0,0.0,6.9586164e-08,0.006134682,0.0,0.0062242816
0.0,0.0,1.2184627e-08,0.0070412033,0.0,0.010902331
0.0,0.0,2.8156646e-09,0.0029718862,0.0,0.009527804
0.0,0.0,2.4866638e-09,0.0014210264,0.0,0.024888799
0.0,0.0,1.8305703e-09,0.005412062,0.0,0.023720682
0.0,0.0,1.4678889e-09,0.00832792,0.0,0.013480996
0.0,0.0,1.4660222e-09,0.0057277526,0.0,0.021354247
0.0,0.0,1.4641578e-09,0.0046895873,0.0,0.005599402
0.0,0.0,1.4622957e-09,0.0025929,0.0,0.00615907
0.0,0.0,8.965483e-10,0.00092397013,0.0,0.009879867
0.0,0.0,6.617459e-10,0.00022397847,0.0,0.014609754
0.0,0.0,2.5531033e-10,4.0609186e-05,0.0,0.006618762
0.0,0.0,1.8536887e-10,9.389173e-06,0.0,0.01647071
0.0,0.0,1.6370916e-10,2.9689645e-06,0.0,0.0118709225
0.0,0.0,1.6350096e-10,7.3085397e-07,0.0,0.022807812
0.0,0.0,4.7636288e-08,1.9187603e-07,0.0,0.0076305447
0.0,0.0,9.7574135e-09,4.2322107e-08,0.0,0.012041042
0.0,0.0,7.389908e-09,0.0019192662,0.0,0.015765779
0.0,0.0,3.363496e-09,0.004315583,0.0,0.01298525
0.0,0.0,2.2284772e-09,0.001766165,0.0,0.0141370045
0.0,0.0,1.0348699e-05,0.005181717,0.0,0.03327053
0.0,0.0,1.2906958e-05,0.0030896638,0.0,0.010574265
0.0,0.0,3.5447488e-06,0.006328029,0.0,0.013172819
0.0,0.0,6.5955766e-07,0.0032068915,0.0,0.023755848
0.0,0.0,4.118247e-07,0.00767387,0.0,0.01789396
0.0,0.0,4.1129346e-07,0.009670859,0.0,0.034989916
0.0,0.0,2.2912553e-07,0.01907923,0.0,0.010425625
0.0,0.0,2.0234931e-07,0.01111757,0.0,0.013692408
0.0,0.0,4.419522e-08,0.006823872,0.0,0.013134745
0.0,0.0,3.543841e-08,0.0076982602,0.0,0.02045659
0.0,0.0,2.2464711e-08,0.0028236813,0.0,0.0044338396
0.0,0.0,1.8013568e-08,0.000711658,0.0,0.0028001203
0.0,0.0,9.409791e-09,0.000117177486,0.0,0.0015730702
0.0,0.0,2.2202518e-09,3.420569e-05,0.0,0.0016453578
0.0,0.0,2.322775e-06,8.369307e-06,0.0,0.00096434867
0.0,0.0,1.7579687e-05,1.710552e-06,0.0,0.0012005847
0.0,0.0,1.0436679e-05,5.1649226e-07,0.0,0.001534458
0.0,0.0,1.0423114e-05,1.3879031e-07,0.0,0.010955435
0.0,0.0,8.357818e-06,3.6288373e-08,0.0,0.023480238
0.0,0.0,4.6560117e-06,1.0018135e-08,0.0,0.008564874
0.0,0.0,3.4274558e-06,2.510854e-09,0.0,0.02398465
0.0,0.0,2.1726771e-06,6.856973e-10,0.0,0.015644353
0.0,0.0,1.1911475e-06,2.1852137e-10,0.0,0.015074634
0.0,0.0,4.1880085e-07,3.5180085e-11,0.0,0.015061571
0.0,0.0,3.69855e-07,8.301599e-12,0.0,0.020991592
0.0,0.0,1.5381349e-07,2.192436e-12,0.0,0.006533846
0.0,0.0,3.9257728e-08,4.454137e-13,0.0,0.014215822
0.0,0.0,1.2734547e-08,0.003836555,0.0,0.022191545
0.0,0.0,6.36718e-09,0.006315376,0.0,0.010660853
0.0,0.0,3.7488306e-09,0.0039086617,0.0,0.019075809
0.0,0.0,2.2229933e-09,0.0061998903,0.0,0.009577543
0.0,0.0,2.2201039e-09,0.003593252,0.0,0.007947646
0.0,0.0,9.348872e-10,0.003302115,0.0,0.0083736675
0.0,0.0,7.496419e-10,0.0016579367,0.0,0.011340669
0.0,0.0,6.6203015e-10,0.0030780816,0.0,0.0106131425
0.0,0.0,6.611697e-10,0.0021666228,0.0,0.006805416
0.0,0.0,6.6031025e-10,0.0005329752,0.0,0.010728169
0.0,0.0,3.6784537e-10,8.321462e-05,0.0,0.008678347
0.0,0.0,3.2485475e-10,1.4609319e-05,0.0,0.003049144
0.0,0.0,2.868885e-10,2.926298e-06,0.0,0.003708312
0.0,0.0,1.3529444e-10,8.221445e-07,0.0,0.003438176
0.0,0.0,1.194824e-10,1.9007192e-07,0.0,0.0071861716
0.0,0.0,5.155053e-11,4.4193293e-08,0.0,0.0103198355
0.0,0.0,2.8354612e-11,8.567888e-09,0.0,0.00937135
0.0,0.0,2.5040768e-11,2.2492646e-09,0.0,0.01985656
0.0,0.0,1.433246e-11,5.766693e-10,0.0,0.008644677
0.0,0.0,1.0550617e-11,1.5913096e-10,0.0,0.040053315
0.0,0.0,5.2437017e-12,4.143242e-11,0.0,0.010667023
0.0,0.0,1.9716644e-12,9.024136e-12,0.0,0.012842073
0.0,0.0,1.7412331e-12,2.1746958e-12,0.0,0.021934489
0.0,0.0,1.5377327e-12,5.1479545e-13,0.0,0.011428626
0.0,0.0,7.642598e-13,1.0683786e-13,0.0,0.008824327
0.0,0.0,6.7493965e-13,2.9714302e-14,0.0,0.013486118
0.0,0.0,6.7406237e-13,6.1282597e-15,0.0,0.01115943
0.0,0.0,6.731862e-13,1.3747368e-15,0.0,0.013711053
0.0,0.0,4.9764007e-13,0.0035913107,0.0,0.011378484
0.0,0.0,1.249948e-13,0.0016281425,0.0,0.0300919
0.0,0.0,1.2483233e-13,0.00086166133,0.0,0.0049422104
0.0,0.0,7.402346e-14,0.00022330237,0.0,0.0121784145
0.0,0.0,2.9002198e-14,6.0628616e-05,0.0,0.01723892
0.0,0.0,1.4461361e-14,1.3963267e-05,0.0,0.013264957
0.0,0.0,1.05934514e-14,2.8233515e-06,0.0,0.020495199
0.0,0.0,7.798205e-15,6.663599e-07,0.0,0.0068161525
0.0,0.0,6.2530115e-15,2.1733116e-07,0.0,0.014250775
0.0,0.0,4.603057e-15,5.181884e-08,0.0,0.017388461
0.0,0.0,2.4179972e-15,1.5684702e-08,0.0,0.016131563
0.0,0.0,1.9388777e-15,3.4054082e-09,0.0,0.016736772
0.0,0.0,3.5972134e-10,8.671173e-10,0.0,0.014484956
0.0,0.0,3.8324105e-10,2.0701674e-10,0.0,0.015796179
0.0,0.0,2.610016e-10,4.7740298e-11,0.0,0.025083125
0.0,0.0,2.0928284e-10,1.40726415e-11,0.0,0.007146077
0.0,0.0,1.5405882e-10,0.00013587723,0.0,0.025544733
0.0,0.0,6.592419e-11,0.012684545,0.0,0.008230105
0.0,0.0,6.583786e-11,0.01056718,0.0,0.017682837
0.0,0.0,5.1490555e-11,0.015738608,0.0,0.025643604
0.0,0.0,9.713567e-12,0.015366076,0.0,0.008442442
0.0,0.0,1.7316425e-12,0.010525578,0.0,0.019290721
0.0,0.0,5.806289e-13,0.018255739,0.0,0.017214866
0.0,0.0,2.4442622e-13,0.017499734,0.0,0.034666553
0.0,0.0,1.1214546e-11,0.012555769,0.0,0.009761307
0.0,0.0,1.4453704e-11,0.0074963095,0.0,0.014711125
0.0,0.0,9.843429e-12,0.008959372,0.0,0.025393944
0.0,0.0,7.245952e-12,0.006400252,0.0,0.005257631
0.0,0.0,4.9347223e-12,0.0062003806,0.0,0.017741567
0.0,0.0,1.7838656e-12,0.007413135,0.0,0.014188665
0.0,0.0,1.03782686e-11,0.006353291,0.0,0.018451326
0.0,0.0,2.5530321e-11,0.00533626,0.0,0.025414215
0.0,0.0,6.6215813e-12,0.0024618732,0.0,0.008676513
0.0,0.0,1.8357786e-10,0.0073129735,0.0,0.0134015465
0.0,0.0,3.8546293e-08,0.007653107,0.0,0.022700898
0.0,0.0,2.9747525e-07,0.02335403,0.0,0.008940269
0.0,0.0,7.476034e-08,0.018859833,0.0,0.0329497
0.0,0.0,3.2786357e-08,0.010458339,0.0,0.0065289526
0.0,0.0,2.8953318e-08,0.025921866,0.0,0.019998912
0.0,0.0,8.990446e-09,0.0129296,0.0,0.01345723
0.0,0.0,3.1677243e-09,0.010695475,0.0,0.024084466
0.0,0.0,1.4938103e-09,0.012605199,0.0,0.007248103
0.0,0.0,1.0995976e-09,0.0148541955,0.0,0.014618231
0.0,0.0,8.094167e-10,0.0072668577,0.0,0.011528487
0.0,0.0,4.2116338e-10,0.0030090143,0.0,0.011967254
0.0,0.0,1.7542566e-10,0.00089388137,0.0,0.016479818
0.0,0.0,1.5491672e-10,0.00017397251,0.0,0.0043509086
0.0,0.0,1.277556e-10,4.5834393e-05,0.0,0.007094353
0.0,0.0,6.850744e-11,1.11148875e-05,0.0,0.010741728
0.0,0.0,3.9338362e-11,3.0434244e-06,0.0,0.011340076
0.0,0.0,2.1089235e-11,5.4337903e-07,0.0,0.01156618
0.0,0.0,1.3367936e-11,1.07406166e-07,0.0,0.016726345
0.0,0.0,1.33499834e-11,2.6973279e-08,0.0,0.008174041
0.0,0.0,1.1789242e-11,7.305707e-09,0.0,0.025483022
0.0,0.0,9.945015e-06,2.2991689e-09,0.0,0.003742939
0.0,0.0,8.822335e-06,3.4968017e-10,0.0,0.0064110085
0.0,0.0,7.790856e-06,9.519063e-11,0.0,0.010437626
0.0,0.0,4.6196387e-06,2.2161028e-11,0.0,0.01895821
0.0,0.0,3.5541123e-06,0.0026465289,0.0,0.0038315079
0.0,0.0,2.4131355e-06,0.0011291153,0.0,0.0041111475
0.0,0.0,1.9348797e-06,0.002748774,0.0,0.0031479024
0.0,0.0,1.3312355e-06,0.0010338473,0.0,0.0052724914
0.0,0.0,9.692507e-07,0.0002085116,0.0,0.0075218715
0.0,0.0,6.6006874e-07,4.2123334e-05,0.0,0.0058824704
0.0,0.0,5.828953e-07,8.20876e-06,0.0,0.0038970467
0.0,0.0,4.6737202e-07,1.6733841e-06,0.0,0.0027709994
0.0,0.0,4.667403e-07,3.7898488e-07,0.0,0.0023319544
0.0,0.0,3.4356583e-07,6.765988e-08,0.0,0.0006744024
0.0,0.0,2.5289754e-07,1.331296e-08,0.0,0.00016976133
0.0,0.0,2.0277608e-07,2.3901003e-09,0.0,3.8250182e-05
0.0,0.0,2.02502e-07,1.0129864e-08,0.0,8.915358e-06
0.0,0.0,2.0222829e-07,2.9668084e-09,0.0,1.4560442e-06
0.0,0.0,1.7858432e-07,1.5219532e-11,0.0,3.5633587e-07
0.0,0.0,1.7834294e-07,2.82518e-12,0.0,7.237272e-07
0.0,0.0,1.4299737e-07,3.1307468e-10,0.0,7.025236e-05
0.0,0.0,5.3765145e-08,9.580356e-11,0.0,0.00041782355
0.0,0.0,1.4567111e-08,1.861474e-14,0.0,0.00047397343
0.0,0.0,1.4547421e-08,3.5823615e-15,0.0,0.00026453903
0.0,0.0,1.1664285e-08,3.648405e-12,0.0,0.00067142054
0.0,0.0,9.352553e-09,1.119117e-16,0.0,0.0010112764
0.0,0.0,7.498981e-09,7.340145e-13,0.0,0.0009972551
0.0,0.0,3.3197023e-09,3.4594598e-18,0.0,0.0006546113
0.0,0.0,9.869028e-10,1.4847112e-15,0.0,0.000598604
0.0,0.0,8.7151686e-10,7.695644e-14,0.0,0.00079520396
0.0,0.0,8.703389e-10,1.4506918e-14,0.0,0.0006441238
0.0,0.0,7.6858125e-10,7.300502e-15,0.0,0.00040933333
0.0,0.0,3.448278e-10,2.5409523e-15,0.0,0.00043083378
0.0,0.0,3.0451147e-10,6.4502417e-16,0.0,0.00030065252
0.0,0.0,1.0600622e-10,2.5339655e-16,0.0,0.00035592826
0.0,0.0,1.05862936e-10,4.1141607e-06,0.0,0.00018587885
0.0,0.0,4.9921574e-11,3.0405113e-06,0.0,0.0001047835
0.0,0.0,3.2553557e-11,7.8775844e-07,0.0,3.5009285e-05
0.0,0.0,2.3201826e-11,2.1173493e-07,0.0,1.2073639e-05
0.0,0.0,2.3170466e-11,7.0444635e-08,0.0,2.3963798e-06
0.0,0.0,2.3139149e-11,1.0929665e-08,0.0,4.9641284e-07
0.0,0.0,2.3107873e-11,2.8161753e-09,0.0,8.880482e-08
0.0,0.0,1.6455184e-11,9.793255e-10,0.0,1.8215074e-08
0.0,0.0,1.07388855e-11,1.030818e-08,0.0,3.031365e-09
0.0,0.0,1.0724371e-11,6.7913724e-08,0.0,2.0947355e-09
0.0,0.0,9.470507e-12,3.812497e-08,0.0,8.888499e-10
0.0,0.0,2.7169727e-12,2.8551717e-08,0.0,5.931118e-10
0.0,0.0,5.2129015e-13,3.2944797e-08,0.0,5.1061805e-10
0.0,0.0,2.8414703e-13,2.1713557e-08,0.0,5.016023e-10
0.0,0.0,2.1025092e-13,1.46229615e-08,0.0,2.9106503e-10
0.0,0.0,6.2702475e-14,1.4148892e-08,0.0,2.6431385e-10
0.0,0.0,1.2545433e-14,2.9725011e-09,0.0,5.327387e-10
0.0,0.0,4.5417835e-15,5.912159e-10,0.0,2.2036757e-10
0.0,0.0,3.3088785e-15,1.04023144e-10,0.0,1.5633356e-10
0.0,0.0,5.208302e-12,1.880722e-11,0.0,1.6208314e-10
0.0,0.0,5.430153e-12,3.3187626e-12,0.0,9.4033684e-11
0.0,0.0,5.422766e-12,2.4099423e-12,0.0,1.8991617e-06
0.0,0.0,5.415389e-12,8.816647e-13,0.0,2.2710814e-05
0.0,0.0,3.4326194e-12,6.9405966e-13,0.0,1.5584814e-05
0.0,0.0,3.4279498e-12,1.5937779e-13,0.0,1.9023442e-05
0.0,0.0,3.027137e-12,2.4353712e-14,0.0,2.0245077e-05
0.0,0.0,2.6731891e-12,3.2363655e-14,0.0,2.3063645e-05
0.0,0.0,8.97601e-13,3.4051982e-17,0.0,5.6252825e-06
0.0,0.0,8.9638e-13,5.9878894e-14,0.0,1.3530295e-06
0.0,0.0,2.267528e-11,1.3686385e-14,0.0,3.373498e-07
0.0,0.0,5.9810545e-11,2.0041395e-19,0.0,7.694766e-08
0.0,0.0,5.972865e-11,4.3669589999999997e-20,0.0,1.6267068e-08
0.0,0.0,5.964687e-11,8.911176e-21,0.0,4.0376937e-09
0.0,0.0,5.956519e-11,2.7087164e-21,0.0,8.353361e-10
0.0,0.0,5.948363e-11,1.2419521e-21,0.0,2.1180128e-10
0.0,0.0,3.527034e-11,1.1503725e-19,0.0,4.8703503e-11
0.0,0.0,3.5222048e-11,8.186204e-24,0.0,9.06546e-12
0.0,0.0,3.517382e-11,1.8462493e-24,0.0,2.241006e-12
0.0,0.0,3.5125656e-11,3.806264e-25,0.0,6.7735124e-13
0.0,0.0,3.507756e-11,6.7027755e-26,0.0,2.5666185e-13
0.0,0.0,3.502953e-11,1.3907045e-26,0.0,8.814802e-14
0.0,0.0,3.4981566e-11,3.0298154e-27,0.0,3.1289576e-13
0.0,0.0,3.4933667e-11,6.000453e-28,0.0,1.4019536e-13
0.0,0.0,3.4885834e-11,1.1410008e-28,0.0,1.3732054e-08
0.0,0.0,3.4838066e-11,3.603151e-29,0.0,2.7068825e-09
0.0,0.0,3.4790365e-11,5.4166193e-30,0.0,4.7311116e-10
0.0,0.0,3.4742726e-11,5.8478324e-31,0.0,8.672172e-11
0.0,0.0,3.4695153e-11,1.5002546e-31,0.0,1.4651837e-11
0.0,0.0,3.464765e-11,2.8981666e-32,0.0,2.4683892e-12
0.0,0.0,3.4600208e-11,9.563854e-33,0.0,5.085087e-13
0.0,0.0,1.8174311e-11,2.5608637e-33,0.0,8.318996e-14
0.0,0.0,1.8149425e-11,2.3244218e-34,0.0,1.522811e-14
0.0,0.0,1.8124575e-11,2.2943776e-35,0.0,2.5856784e-15
0.0,0.0,1.8099758e-11,3.7378037e-36,0.0,4.5675897e-16
0.0,0.0,8.995032e-12,6.8943176e-37,0.0,7.708820400000001e-17
0.0,0.0,1.0800501e-08,1.2467039e-37,0.0,1.4600621e-17
0.0,0.0,1.8109805e-07,2.8345378000000003e-38,0.0,2.1818706e-18
0.0,0.0,1.3585614e-07,5.910485e-39,0.0,4.331958e-19
0.0,0.0,1.1334426e-07,1.04709e-39,0.0,8.1850943e-20
0.0,0.0,1.0752924e-07,2.30062e-40,0.0,1.407712e-20
0.0,0.0,5.964365e-08,3.1993e-41,0.0,2.1815556e-21
0.0,0.0,4.767585e-08,8.022000000000001e-42,0.0,5.273833e-22
0.0,0.0,4.7610047e-08,1.759e-42,0.0,1.5551594000000002e-22
0.0,0.0,2.6122875e-08,3.8012575e-09,0.0,2.261043e-23
0.0,0.0,2.6086816e-08,3.373494e-09,0.0,4.005074e-06
0.0,0.0,1.3702366e-08,3.7538377e-09,0.0,3.2960008e-05
0.0,0.0,1.3683453e-08,8.510551e-09,0.0,4.8551075e-05
0.0,0.0,1.2493181e-08,7.4524795e-09,0.0,4.812182e-05
0.0,0.0,1.1927339e-08,8.973539e-09,0.0,4.1685285e-05
0.0,0.0,3.717369e-09,1.1536691e-08,0.0,4.500587e-05
0.0,0.0,1.606073e-09,2.8473922e-08,0.0,4.539592e-05
0.0,0.0,7.2055195e-10,7.1146107e-09,0.0,5.1599538e-05
0.0,0.0,3.5808856e-10,1.684622e-09,0.0,5.943281e-05
0.0,0.0,2.8711114e-10,3.8964498e-10,0.0,6.813163e-05
0.0,0.0,1.4268398e-10,8.340029e-11,0.0,6.307116e-05
0.0,0.0,1.4248704e-10,2.257791e-11,0.0,7.2116614e-05
0.0,0.0,1.2582423e-10,4.404115e-12,0.0,6.315702e-05
0.0,0.0,1.2565055e-10,1.5926825e-12,0.0,6.547618e-05
0.0,0.0,9.248824e-11,2.418785e-13,0.0,6.975054e-05
0.0,0.0,6.368022e-11,5.936573e-14,0.0,8.12416e-05
0.0,0.0,4.7070594e-11,1.35478575e-14,0.0,7.7493685e-05
0.0,0.0,2.6494681e-11,4.8491206e-14,0.0,7.41569e-05
0.0,0.0,8.961809e-12,3.9965962e-15,0.0,7.457018e-05
0.0,0.0,7.341041e-12,2.254638e-16,0.0,9.9279925e-05
0.0,0.0,7.330908e-12,2.6826918e-15,0.0,0.00012875118
0.0,0.0,2.0624273e-12,4.2576556e-16,0.0,0.00011968331
0.0,0.0,1.5984935e-12,1.8692064e-16,0.0,0.0001108454
0.0,0.0,7.683336e-13,1.4913016999999998e-18,0.0,7.553209e-05
0.0,0.0,5.091721e-13,0.00020125668,0.0,6.6581146e-05
0.0,0.0,2.836265e-13,0.0017488594,0.0,0.00010423536
0.0,0.0,2.5045848e-13,0.004529712,0.0,0.00035349015
0.0,0.0,1.1340845e-13,0.0037869865,0.0,0.0002833101
0.0,0.0,8.3477137e-14,0.0069862683,0.0,0.00064312556
0.0,0.0,6.531962e-14,0.007443816,0.0,0.0021266798
0.0,0.0,5.5464283e-14,0.009557083,0.0,0.00066047476
0.0,0.0,1.0592585e-14,0.01646033,0.0,0.00020190467
0.0,0.0,3.1408606e-15,0.019829512,0.0,0.011969637
0.0,0.0,8.7665994e-16,0.0258522,0.0,0.009760596
0.0,0.0,5.9699613e-16,0.013614418,0.0,0.040099178
0.0,0.0,3.539801e-16,0.02524807,0.0,0.0489906
0.0,0.0,1.07276643e-16,0.023981925,0.0,0.027762564
0.0,0.0,4.048667e-17,0.01877949,0.0,0.011041598
0.0,0.0,4.0430785e-17,0.032066934,0.0,0.01217767
0.0,0.0,3.5702703000000003e-17,0.006248467,0.0,0.036148183
0.0,0.0,2.2630199e-17,0.006013675,0.0,0.0076560928
0.0,0.0,1.1886742e-17,0.009217304,0.0,0.02280822
0.0,0.0,1.0098815000000001e-17,0.015279076,0.0,0.053115536
0.0,0.0,7.079563e-18,0.028611973,0.0,0.029032005
0.0,0.0,5.67631e-18,0.0050261733,0.0,0.013678154
0.0,0.0,1.9557315e-18,0.004347878,0.0,0.041490804
0.0,0.0,3.8329727e-19,0.009171256,0.0,0.00499479
0.0,0.0,1.7699869999999997e-19,0.028800195,0.0,0.021650173
0.0,0.0,8.873345999999999e-20,0.00992857,0.0,0.014095378
0.0,0.0,1.1408265e-16,0.017999563,0.0,0.05417948
0.0,0.0,4.2114936e-16,0.01889876,0.0,0.014056818
0.0,0.0,3.0999553e-16,0.018712904,0.0,0.029602341
0.0,0.0,2.4854909000000003e-16,0.0320498,0.0,0.014645362
0.0,0.0,1.5754209e-16,0.005017179,0.0,0.024775783
0.0,0.0,8.775583000000001e-17,0.0029662692,0.0,0.005024441
0.0,0.0,7.749293e-17,0.0038992267,0.0,0.012164375
0.0,0.0,6.843025e-17,0.0014374413,0.0,0.018158868
0.0,0.0,2.2037895e-17,0.00045670493,0.0,0.011019092
0.0,0.0,4.883647e-16,0.00014532152,0.0,0.04983279
0.0,0.0,4.3983617e-15,4.0689534e-05,0.0,0.008712562
0.0,0.0,3.6334893e-15,0.0075805807,0.0,0.02050351
0.0,0.0,3.0545232e-15,0.01766147,0.0,0.013920136
0.0,0.0,6.553856e-16,0.032200363,0.0,0.03977427
0.0,0.0,2.5415869e-11,0.007812351,0.0,0.007703976
0.0,0.0,1.010123e-11,0.006832541,0.0,0.015011954
0.0,0.0,7.212934e-12,0.012166817,0.0,0.023722185
0.0,0.0,1.08562e-10,0.015200533,0.0,0.005379972
0.0,0.0,1.1428508e-10,0.009264217,0.0,0.01363317
0.0,0.0,5.837612e-11,0.01954379,0.0,0.023334248
0.0,0.0,3.3031206e-11,0.018511944,0.0,0.009331238
0.0,0.0,2.249306e-11,0.013347643,0.0,0.020100564
0.0,0.0,1.9861918e-11,0.023704063,0.0,0.013878807
0.0,0.0,9.870293e-12,0.008327661,0.0,0.012011549
0.0,0.0,3.974308e-12,0.008939189,0.0,0.02724918
0.0,0.0,0.001836614,0.0076204473,0.0,0.006360196
0.0,0.0,0.0026404336,0.013185835,0.0,0.018002624
0.0,0.0,0.0013495812,0.0043604327,0.0,0.0061813043
0.0,0.0,0.0015824098,0.0052703433,0.0,0.008045167
0.0,0.0,0.0015801482,0.0031494163,0.0,0.018023618
0.0,0.0,0.0027775003,0.005082713,0.0,0.0121019045
0.0,0.0,0.0027735308,0.0032239147,0.0,0.02206842
0.0,0.0,0.0027695666,0.004289797,0.0,0.013713796
0.0,0.0,0.0027656083,0.002958627,0.0,0.024190266
0.0,0.0,0.0027616557,0.0012001136,0.0,0.0056978734
0.0,0.0,0.005532094,0.006139577,0.0,0.0147990715
0.0,0.0,0.0045688855,0.0044763265,0.0,0.01603668
0.0,0.0,0.0024140158,0.0027999708,0.0,0.015908843
0.0,0.0,0.0006413038,0.008087895,0.0,0.024141446
0.0,0.0,0.00027474435,0.006738684,0.0,0.008535451
0.0,0.0,0.00027435165,0.0043159635,0.0,0.01632438
0.0,0.0,0.00020195215,0.012468396,0.0,0.031129599
0.0,0.0,0.00013753472,0.008972022,0.0,0.007079553
0.0,0.0,0.00011027103,0.0029610908,0.0,0.0061241994
0.0,0.0,5.3034393e-05,0.0027641319,0.0,0.016964506
0.0,0.0,1.3505001e-05,0.0015424822,0.0,0.013012262
0.0,0.0,3.4705624e-06,0.0068563516,0.0,0.020264935
0.0,0.0,1.1333162e-06,0.005792848,0.0,0.014015159
0.0,0.0,6.297299e-07,0.009259434,0.0,0.020319493
0.0,0.0,2.5673916e-07,0.005784837,0.0,0.012047337
0.0,0.0,9.869953e-08,0.006840482,0.0,0.020143017
0.0,0.0,9.8558445e-08,0.0024893156,0.0,0.006891851
0.0,0.0,2.9370582e-08,0.0055520516,0.0,0.017187485
0.0,0.0,5.9603416e-09,0.0049429093,0.0,0.019363606
0.0,0.0,3.5339236e-09,0.008447915,0.0,0.016412478
0.0,0.0,3.528872e-09,0.0065167868,0.0,0.015282777
0.0,0.0,3.523828e-09,0.006858234,0.0,0.015061212
0.0,0.0,1.5957858e-09,0.0026579443,0.0,0.015074008
0.0,0.0,9.345447e-10,0.006072274,0.0,0.021065397
0.0,0.0,9.332088e-10,0.0057210447,0.0,0.011355981
0.0,0.0,4.186562e-10,0.004279618,0.0,0.011206835
0.0,0.0,1.974095e-10,0.00274383,0.0,0.0238934
0.0,0.0,1.7431535e-10,0.0066106147,0.0,0.006580187
0.0,0.0,1.1870106e-10,0.0058119427,0.0,0.010716482
0.0,0.0,1.048147e-10,0.003384899,0.0,0.0130631775
0.0,0.0,1.04664874e-10,0.0019165297,0.0,0.029662965
0.0,0.0,1.04515264e-10,0.004981276,0.0,0.005790674
0.0,0.0,6.418918e-11,0.0052904645,0.0,0.011920911
0.0,0.0,2.8065949e-11,0.007209065,0.0,0.025154997
0.0,0.0,2.4782624e-11,0.0048019467,0.0,0.005226054
0.0,0.0,1.2315473e-11,0.004339611,0.0,0.006310906
0.0,0.0,1.0874735e-11,0.001786751,0.0,0.008204296
0.0,0.0,1.085919e-11,0.0053431606,0.0,0.014994812
0.0,0.0,5.70362e-12,0.002774514,0.0,0.013358816
0.0,0.0,2.995737e-12,0.004661641,0.0,0.015247954
0.0,0.0,2.401828e-12,0.0024483523,0.0,0.01583571
0.0,0.0,1.7678389e-12,0.005093967,0.0,0.020228123
0.0,0.0,7.2301816e-13,0.0034558312,0.0,0.014840409
0.0,0.0,1.8286479e-13,0.007909547,0.0,0.028068913
0.0,0.0,1.2224869e-13,0.008162243,0.0,0.011483197
0.0,0.0,1.079473e-13,0.010478819,0.0,0.019757798
0.0,0.0,2.4273362e-14,0.010097672,0.0,0.012271599
0.0,0.0,1.8917532e-06,0.018741863,0.0,0.032534722
0.0,0.0,5.5426614e-07,0.008534551,0.0,0.005895023
0.0,0.0,9.711119e-08,0.0041349824,0.0,0.008056816
0.0,0.0,4.1013173e-08,0.006704101,0.0,0.020528987
0.0,0.0,3.830576e-08,0.007948579,0.0,0.014096865
0.0,0.0,1.9035484e-08,0.0055868872,0.0,0.017029382
0.0,0.0,6.8803674e-09,0.005896963,0.0,0.014488067
0.0,0.0,2.8139358e-09,0.0049775005,0.0,0.02905576
0.0,0.0,2.2560485e-09,0.0042012986,0.0,0.009695169
0.0,0.0,1.8087671e-09,0.0023742472,0.0,0.023205541
0.0,0.0,1.8061651e-09,0.0032352207,0.0,0.019730367
0.0,0.0,1.0708766e-09,0.0013114423,0.0,0.021536931
0.0,0.0,4.8746407e-10,0.002967175,0.0,0.011388682
0.0,0.0,2.2985246e-10,0.0019271554,0.0,0.028311944
0.0,0.0,1.4568374e-10,0.0062929667,0.0,0.007568982
0.0,0.0,1.4547416e-10,0.009140551,0.0,0.020771151
0.0,0.0,1.2845452e-10,0.010533091,0.0,0.0156007195
0.0,0.0,6.383359e-11,0.0069707264,0.0,0.015952757
0.0,0.0,3.172116e-11,0.006900582,0.0,0.022142561
0.0,0.0,2.8009971e-11,0.012977375,0.0,0.010607266
0.0,0.0,2.7969675e-11,0.019193314,0.0,0.031003986
0.0,0.0,1.0709418e-11,0.012287714,0.0,0.00903913
0.0,0.0,3.2099666e-12,0.019629158,0.0,0.024270296
0.0,0.0,2.1540161e-12,0.016061503,0.0,0.010529929
0.0,0.0,1.0819689e-12,0.009576583,0.0,0.020134883
0.0,0.0,5.665095e-13,0.009022582,0.0,0.010343932
0.0,0.0,4.565022e-13,0.0075038685,0.0,0.018145807
0.0,0.0,1.9982041e-13,0.006545604,0.0,0.018699208
0.0,0.0,1.8670335e-13,0.022179324,0.0,0.026135828
0.0,0.0,9.913195e-14,0.018906768,0.0,0.010605678
0.0,0.0,4.9213533e-05,0.013661376,0.0,0.023182359
0.0,0.0,0.00024501243,0.012398575,0.0,0.008230164
0.0,0.0,0.00013215045,0.00968391,0.0,0.011738408
0.0,0.0,6.568228e-05,0.007960727,0.0,0.020196697
0.0,0.0,4.4727378e-05,0.004242441,0.0,0.009993689
0.0,0.0,2.5697944e-05,0.0028677792,0.0,0.012447482
0.0,0.0,2.1576587e-05,0.007939339,0.0,0.03713822
0.0,0.0,1.2018365e-05,0.00644578,0.0,0.0081857145
0.0,0.0,1.0612187e-05,0.0057433764,0.0,0.014208282
0.0,0.0,6.291969e-06,0.0030892862,0.0,0.022281855
0.0,0.0,6.282854e-06,0.007822909,0.0,0.0118935825
0.0,0.0,2.9642322e-06,0.006867429,0.0,0.017332617
0.0,0.0,7.125147e-07,0.00498437,0.0,0.014340026
0.0,0.0,5.7124674e-07,0.010274561,0.0,0.019655224
0.0,0.0,2.0250928e-07,0.008452505,0.0,0.0119312145
0.0,0.0,1.7025104e-07,0.010619115,0.0,0.022188686
0.0,0.0,9.885682e-08,0.011301557,0.0,0.008219655
0.0,0.0,5.6715987e-08,0.006363155,0.0,0.009643385
0.0,0.0,1.6038616e-08,0.0027510456,0.0,0.009615414
0.0,0.0,1.1874026e-08,0.0034069703,0.0,0.014520603
0.0,0.0,1.0484728e-08,0.0016910572,0.0,0.013170934
0.0,0.0,8.405954e-09,0.0031378858,0.0,0.0061593815
0.0,0.0,3.3344423e-09,0.0013453424,0.0,0.009911113
0.0,0.0,1.3461771e-09,0.006647326,0.0,0.015105586
0.0,0.0,5.0609605e-10,0.007104447,0.0,0.018875685
0.0,0.0,2.3863553e-10,0.0062463786,0.0,0.009148815
0.0,0.0,2.1071443e-10,0.004508499,0.0,0.033895303
0.0,0.0,1.217581e-10,0.0027315475,0.0,0.0079283435
0.0,0.0,4.006427e-11,0.0018629835,0.0,0.007274447
0.0,0.0,3.2120855e-11,0.0024138568,0.0,0.016315991
0.0,0.0,2.3641743e-11,0.00090410165,0.0,0.007036516
0.0,0.0,1.6098673e-11,0.00200015,0.0,0.017733641
0.0,0.0,7.590882e-12,0.0006774812,0.0,0.009100458
0.0,0.0,3.247806e-12,0.0014596942,0.0,0.01330754
0.0,0.0,2.0473978e-12,0.00084303407,0.0,0.01635415
0.0,0.0,1.3941608e-12,0.0028199092,0.0,0.0080691185
0.0,0.0,1.3921411e-12,0.0010669287,0.0,0.018814607
0.0,0.0,1.3901242e-12,0.0006657862,0.0,0.0053436537
0.0,0.0,5.307769e-13,0.0013695746,0.0,0.0041714665
0.0,0.0,1.569175e-13,0.0011839165,0.0,0.0053096465
0.0,0.0,9.303556e-14,0.0017827427,0.0,0.0066952156
0.0,0.0,4.1736817e-14,0.0010686908,0.0,0.0049048476
0.0,0.0,2.4745539e-14,0.0022845864,0.0,0.0063348375
0.0,0.0,1.8213328e-14,0.00058205187,0.0,0.0021637175
0.0,0.0,7.802377e-15,0.00052334013,0.0,0.001345592
0.0,0.0,2.6543368e-15,0.0011129093,0.0,0.0011064966
0.0,0.0,2.3437713e-15,0.0003032524,0.0,0.0010092332
0.0,0.0,2.0695427e-15,0.00053942204,0.0,0.0013378704
0.0,0.0,2.0665446e-15,0.00034827334,0.0,0.0009253152
0.0,0.0,2.0635508e-15,0.0011831151,0.0,0.0017493478
0.0,0.0,2.0605614e-15,0.0008260605,0.0,0.0015002404
0.0,0.0,1.4817476e-15,0.0010790161,0.0,0.0016314354
0.0,0.0,7.655894600000001e-16,0.0004625261,0.0,0.0009909336
0.0,0.0,4.0210613000000005e-16,0.00079744426,0.0,0.0018881629
0.0,0.0,4.0152358e-16,0.0004913271,0.0,0.0007427301
0.0,0.0,2.3806123000000004e-16,0.00018602524,0.0,0.00019071966
0.0,0.0,1.6358144e-16,0.000115316165,0.0,7.668866e-05
0.0,0.0,0.00022464842,0.0001420507,0.0,0.00018249228
0.0,0.0,0.00018256961,9.709264e-05,0.0,0.00036707864
0.0,0.0,0.00012643043,3.7000136e-05,0.0,0.0003348828
0.0,0.0,5.5683842e-05,1.13027445e-05,0.0,0.0003361868
0.0,0.0,5.5602482e-05,3.2982143e-06,0.0,0.00036261344
0.0,0.0,5.5521243e-05,9.214028e-07,0.0,0.00015399116
0.0,0.0,4.9024642e-05,2.39487e-07,0.0,0.0001123864
0.0,0.0,4.8953014e-05,7.5034826e-08,0.0,6.223906e-05
0.0,0.0,3.6030775e-05,9.596571e-08,0.0,5.104582e-05
0.0,0.0,1.6563747e-05,1.6841703e-07,0.0,0.00017777456
0.0,0.0,8.460487e-06,1.11698995e-07,0.0,0.00018067316
0.0,0.0,6.818836e-06,6.779524e-08,0.0,7.98984e-05
0.0,0.0,6.553294e-06,8.819626e-08,0.0,6.837896e-05
0.0,0.0,6.5437193e-06,6.231534e-08,0.0,4.6591995e-05
0.0,0.0,6.5341583e-06,1.6182508e-07,0.0,9.719238e-05
0.0,0.0,6.5246118e-06,4.1280362e-07,0.0,0.00043183676
0.0,0.0,3.8683825e-06,4.882846e-07,0.0,0.0004993256
0.0,0.0,1.9223035e-06,8.807862e-07,0.0,0.0012181818
0.0,0.0,1.9194947e-06,8.6682485e-07,0.0,0.00054736336
0.0,0.0,1.6948871e-06,3.819057e-07,0.0,0.00040654073
0.0,0.0,1.1541078e-06,3.781919e-07,0.0,0.00041667314
0.0,0.0,5.1774066e-07,4.1530268e-07,0.0,0.00046981123
0.0,0.0,4.5715777e-07,4.902672e-07,0.0,0.00069685717
0.0,0.0,2.8974665e-07,3.1410684e-07,0.0,0.00054861204
0.0,0.0,2.5584222e-07,3.5802015e-07,0.0,0.0004583852
0.0,0.0,2.259051e-07,2.3827695e-07,0.0,0.00030261837
0.0,0.0,2.2557504e-07,1.815341e-07,0.0,0.00030043162
0.0,0.0,1.6402772e-07,7.148636e-08,0.0,0.0002102453
0.0,0.0,5.3471332e-08,3.563621e-08,0.0,5.8399095e-05
0.0,0.0,4.7214435e-08,2.7069982e-08,0.0,6.599463e-05
0.0,0.0,4.7145452e-08,2.1724182e-08,0.0,3.416245e-05
0.0,0.0,4.707657e-08,2.2892548e-08,0.0,2.359946e-05
0.0,0.0,3.5318852e-08,4.629547e-08,0.0,2.8445798e-05
0.0,0.0,2.203068e-08,2.2252747e-08,0.0,3.2691132e-05
0.0,0.0,2.1998492e-08,7.206765e-09,0.0,3.5034307e-05
0.0,0.0,2.196635e-08,2.0061839e-09,0.0,1.84926e-05
0.0,0.0,2.1934255e-08,5.6214056e-09,0.0,1.9955201e-05
0.0,0.0,1.936764e-08,8.972729e-09,0.0,1.6822652e-05
0.0,0.0,1.31321904e-08,1.0333238e-08,0.0,2.3787608e-05
0.0,0.0,8.9804e-09,1.5245014e-08,0.0,2.377355e-05
0.0,0.0,8.967279e-09,2.0508905e-08,0.0,1.8745044e-05
0.0,0.0,8.954177e-09,2.2878291e-08,0.0,1.3139406e-05
0.0,0.0,3.3662868e-09,2.0595712e-08,0.0,9.537638e-06
0.0,0.0,3.3613683e-09,8.729575e-09,0.0,2.1971773e-05
0.0,0.0,2.4740194e-09,2.6625357e-09,0.0,2.2901348e-05
0.0,0.0,2.3705056e-09,8.102978e-09,0.0,1.8643414e-05
0.0,0.0,9.816327e-10,5.4674825e-09,0.0,1.6662107e-05
0.0,0.0,9.801984e-10,8.037255e-09,0.0,1.686746e-05
0.0,0.0,9.787663e-10,3.4764038e-09,0.0,1.1647666e-05
0.0,0.0,9.773362e-10,1.0924116e-08,0.0,1.2656782e-05
0.0,0.0,9.759082e-10,1.4091284e-08,0.0,1.3467376e-05
0.0,0.0,9.744824e-10,1.04394156e-08,0.0,1.4550803e-05
0.0,0.0,8.6045426e-10,6.7520722e-09,0.0,2.0101974e-05
0.0,0.0,8.591971e-10,8.744521e-09,0.0,1.7607581e-05
0.0,0.0,8.579418e-10,1.2219884e-08,0.0,1.5932366e-05
0.0,0.0,8.566882e-10,1.5514004e-08,0.0,1.3465927e-05
0.0,0.0,7.921531e-10,2.886008e-08,0.0,1.8827432e-05
0.0,0.0,7.4577544e-10,2.6168806e-08,0.0,1.4425254e-05
0.0,0.0,7.446858e-10,1.1643142e-08,0.0,1.3884795e-05
0.0,0.0,7.435978e-10,3.447934e-09,0.0,1.539507e-05
0.0,0.0,7.4251133e-10,1.639666e-08,0.0,1.7680615e-05
0.0,0.0,5.464999e-10,2.1688042e-08,0.0,1.9211408e-05
0.0,0.0,2.8703143e-10,1.8775806e-08,0.0,1.9513438e-05
0.0,0.0,2.8661204e-10,4.5695522e-08,0.0,2.1852677e-05
0.0,0.0,2.861933e-10,5.5587464e-08,0.0,2.0376314e-05
0.0,0.0,2.8577513e-10,5.6903506e-08,0.0,2.8225235e-05
0.0,0.0,2.853576e-10,7.234273e-08,0.0,3.0674928e-05
0.0,0.0,1.7910022e-10,1.0451798e-07,0.0,2.7274049e-05
0.0,0.0,5.004613e-11,9.17755e-08,0.0,2.4258523e-05
0.0,0.0,4.9973012e-11,6.4365906e-08,0.0,2.3322897e-05
0.0,0.0,1.9576151e-11,6.390609e-08,0.0,2.4783367e-05
0.0,0.0,1.954755e-11,9.009314e-08,0.0,2.3858007e-05
0.0,0.0,1.9518989e-11,1.1312487e-07,0.0,2.6410908e-05
0.0,0.0,1.4366279e-11,1.1595761e-07,0.0,3.1652256e-05
0.0,0.0,1.4345289e-11,5.8654723e-07,0.0,3.859124e-05
0.0,0.0,1.2666689e-11,6.551398e-07,0.0,4.174443e-05
0.0,0.0,6.2943834e-12,7.186136e-07,0.0,5.1990693e-05
0.0,0.0,6.2851868e-12,5.178593e-07,0.0,6.420056e-05
0.0,0.0,6.2760036e-12,7.0024106e-07,0.0,5.9540198e-05
0.0,0.0,5.031618e-12,7.3937446e-07,0.0,3.4177127e-05
0.0,0.0,3.1890389e-12,1.3708711e-06,0.0,4.335506e-05
0.0,0.0,3.1843796e-12,1.3441171e-06,0.0,4.808085e-05
0.0,0.0,3.1797269e-12,6.49734e-07,0.0,5.5361044e-05
0.0,0.0,7.791766e-13,5.799254e-07,0.0,5.7903006e-05
0.0,0.0,5.357583e-13,6.6844416e-07,0.0,4.8828308e-05
0.0,0.0,3.648162e-13,1.3785194e-06,0.0,6.300889e-05
0.0,0.0,2.0815089e-13,4.345439e-06,0.0,6.53341e-05
0.0,0.0,5.8925236e-14,1.0224138e-05,0.0,8.1660284e-05
0.0,0.0,2.0072496e-14,2.9801033e-05,0.0,8.5897e-05
0.0,0.0,5.3802025e-15,5.7024852e-05,0.0,7.6598946e-05
0.0,0.0,2.996717e-15,0.00013245044,0.0,0.00010637297
0.0,0.0,2.9923387e-15,0.0010632554,0.0,0.00015029182
0.0,0.0,1.4109367e-15,0.01103758,0.0,0.00094956905
0.0,0.0,1.0384714e-15,0.019755421,0.0,0.0024853179
0.0,0.0,1.036954e-15,0.015238045,0.0,0.0016869006
0.0,0.0,3.4815296e-16,0.020376436,0.0,0.0030032175
0.0,0.0,3.0741417000000004e-16,0.025135105,0.0,0.0030563963
0.0,0.0,3.0696503000000004e-16,0.009884625,0.0,0.0027995876
0.0,0.0,1.5368887000000002e-16,0.009923531,0.0,0.0058825617
0.0,0.0,4.030544e-09,0.029543448,0.0,0.019235836
0.0,0.0,1.1604753e-09,0.015125259,0.0,0.046334166
0.0,0.0,2.4393296e-10,0.020632314,0.0,0.014104385
0.0,0.0,2.4357405e-10,0.037701305,0.0,0.06938346
0.0,0.0,9.647963e-11,0.021379206,0.0,0.04201282
0.0,0.0,7.556843e-11,0.03514004,0.0,0.028961204
0.0,0.0,6.058435e-11,0.01381787,0.0,0.040983196
0.0,0.0,5.3494584e-11,0.05281248,0.0,0.02077141
0.0,0.0,4.2887412e-11,0.0064842524,0.0,0.024591263
0.0,0.0,3.7868597e-11,0.012387668,0.0,0.031159164
0.0,0.0,9.120251e-12,0.032115836,0.0,0.024121307
0.0,0.0,1.978976e-12,0.0048696795,0.0,0.043464772
0.0,0.0,1.4565422e-12,0.00785584,0.0,0.035436492
0.0,0.0,5.0699e-13,0.015151221,0.0,0.054996565
0.0,0.0,9.3718856e-14,0.028087027,0.0,0.017548217
0.0,0.0,7.865524e-06,0.0053780414,0.0,0.03275006
0.0,0.0,1.6475485e-06,0.0080524385,0.0,0.01496008
0.0,0.0,3.7997182e-07,0.01688834,0.0,0.041630656
0.0,0.0,0.018808309,0.031934924,0.0,0.019269044
0.0,0.0,0.013333733,0.007079519,0.0,0.03621076
0.0,0.0,0.012508891,0.019297149,0.0,0.021460794
0.0,0.0,0.01249024,0.012202662,0.0,0.03556486
0.0,0.0,0.007641134,0.01885146,0.0,0.016322985
0.0,0.0,0.0073968293,0.010227449,0.0,0.015288671
0.0,0.0,0.006736725,0.01414302,0.0,0.041198775
0.0,0.0,0.00597791,0.020723464,0.0,0.012472138
0.0,0.0,0.0059689973,0.008014818,0.0,0.019783678
0.0,0.0,0.0052064983,0.013226521,0.0,0.024863435
0.0,0.0,0.0029096217,0.028833669,0.0,0.019070333
0.0,0.0,0.008284919,0.010135,0.0,0.020784896
0.0,0.0,0.006506126,0.015418214,0.0,0.022258494
0.0,0.0,0.0037986294,0.020705853,0.0,0.013454784
0.0,0.0,0.005744473,0.007046869,0.0,0.021686949
0.0,0.0,0.0057359072,0.01691245,0.0,0.034101695
0.0,0.0,0.003780938,0.021136321,0.0,0.022039618
0.0,0.0,0.026415477,0.010916981,0.0,0.019897595
0.0,0.0,0.013458324,0.033352442,0.0,0.022980858
0.0,0.0,0.0041456036,0.012246814,0.0,0.04495175
0.0,0.0,0.018443102,0.03574479,0.0,0.034959663
0.0,0.0,0.013535375,0.005612565,0.0,0.024176512
0.0,0.0,0.007142837,0.02504213,0.0,0.033972472
0.0,0.0,0.006812154,0.019473525,0.0,0.015820337
0.0,0.0,0.0077513843,0.016774133,0.0,0.034128927
0.0,0.0,0.007242972,0.01667601,0.0,0.016537147
0.0,0.0,0.008073887,0.011954559,0.0,0.028055407
0.0,0.0,0.007269869,0.01936459,0.0,0.008892793
0.0,0.0,0.006430019,0.009525026,0.0,0.011886052
0.0,0.0,0.006420423,0.01096368,0.0,0.017744258
0.0,0.0,0.0064108404,0.011332506,0.0,0.017517895
0.0,0.0,0.004344439,0.0111563895,0.0,0.013751771
0.0,0.0,0.004337955,0.020608788,0.0,0.028718099
0.0,0.0,0.0041671055,0.011104792,0.0,0.007300249
0.0,0.0,0.0027467334,0.007048043,0.0,0.007907651
0.0,0.0,0.00324604,0.0062095895,0.0,0.014881641
0.0,0.0,0.0074849874,0.0034178768,0.0,0.011669054
0.0,0.0,0.0021091988,0.0038879057,0.0,0.014067081
0.0,0.0,0.0078006736,0.00232096,0.0,0.014526309
0.0,0.0,0.006598716,0.0044258106,0.0,0.025259495
0.0,0.0,0.006848844,0.0049344823,0.0,0.0079230545
0.0,0.0,0.006838615,0.002746531,0.0,0.00909019
0.0,0.0,0.0044061216,0.0032439434,0.0,0.0122565655
0.0,0.0,0.0050163856,0.0029369735,0.0,0.016558468
0.0,0.0,0.005008893,0.0017319354,0.0,0.016530521
0.0,0.0,0.004853161,0.0030443359,0.0,0.010717701
0.0,0.0,0.003638748,0.0033626102,0.0,0.023520274
0.0,0.0,0.002338545,0.002265104,0.0,0.006965562
0.0,0.0,0.0019676543,0.003421808,0.0,0.011759375
0.0,0.0,0.0012665493,0.0020056877,0.0,0.01431971
0.0,0.0,0.0013229416,0.0037247026,0.0,0.014768149
0.0,0.0,0.0013209655,0.004328782,0.0,0.020444421
0.0,0.0,0.0012827953,0.0020168552,0.0,0.013087485
0.0,0.0,0.000626025,0.0037433377,0.0,0.011640346
0.0,0.0,0.0022524528,0.0038751187,0.0,0.025867702
0.0,0.0,0.0033026787,0.0040876735,0.0,0.011007033
0.0,0.0,0.0015226315,0.001755961,0.0,0.016339704
0.0,0.0,0.0017948194,0.0032754573,0.0,0.014242042
0.0,0.0,0.0017108847,0.0017409844,0.0,0.01735414
0.0,0.0,0.0017083274,0.0047378344,0.0,0.010526785
0.0,0.0,0.001705774,0.0029553282,0.0,0.028631782
0.0,0.0,0.0011807235,0.0037075165,0.0,0.0067730597
0.0,0.0,0.0011789586,0.0047194036,0.0,0.021132672
0.0,0.0,0.0020771099,0.004594628,0.0,0.019037357
0.0,0.0,0.0020740048,0.008785794,0.0,0.01527254
0.0,0.0,0.0019038953,0.010243341,0.0,0.023464369
0.0,0.0,0.0019010492,0.0118967155,0.0,0.008646378
0.0,0.0,0.005670133,0.009543669,0.0,0.019078312
0.0,0.0,0.0028507395,0.01845561,0.0,0.026296837
0.0,0.0,0.0028766945,0.01322854,0.0,0.009170855
0.0,0.0,0.0028723932,0.012977703,0.0,0.026358679
0.0,0.0,0.002249217,0.013370674,0.0,0.008210119
0.0,0.0,0.0022614745,0.009521092,0.0,0.012778952
0.0,0.0,0.0018048402,0.01769026,0.0,0.025509099
0.0,0.0,0.005840916,0.0074510146,0.0,0.006532281
0.0,0.0,0.0058321794,0.007610131,0.0,0.00961447
0.0,0.0,0.0048288307,0.0069771893,0.0,0.017580664
0.0,0.0,0.0020564434,0.006835929,0.0,0.01648636
0.0,0.0,0.0026040103,0.007044207,0.0,0.019360878
0.0,0.0,0.0019403986,0.013426791,0.0,0.011078333
0.0,0.0,0.0015341389,0.010531606,0.0,0.025565825
0.0,0.0,0.002908421,0.011705875,0.0,0.009910642
0.0,0.0,0.001857612,0.0070196707,0.0,0.013536178
0.0,0.0,0.0043416675,0.009133025,0.0,0.023892978
0.0,0.0,0.003930125,0.016582372,0.0,0.013487974
0.0,0.0,0.0031611214,0.010502456,0.0,0.023955122
0.0,0.0,0.003156391,0.010694238,0.0,0.008917884
0.0,0.0,0.012280984,0.01663682,0.0,0.019210298
0.0,0.0,0.0122626,0.010798816,0.0,0.007826769
0.0,0.0,0.010848049,0.0064632157,0.0,0.0108068725
0.0,0.0,0.009158732,0.005400722,0.0,0.024202619
0.0,0.0,0.0028704621,0.005297515,0.0,0.0077193775
0.0,0.0,0.0024439788,0.005017453,0.0,0.018743614
0.0,0.0,0.0018226057,0.010209981,0.0,0.015960963
0.0,0.0,0.0019959898,0.014441551,0.0,0.027512843
0.0,0.0,0.0043184552,0.021977883,0.0,0.0064079803
0.0,0.0,0.004311986,0.008387406,0.0,0.017107183
0.0,0.0,0.0033751167,0.012908689,0.0,0.020296985
0.0,0.0,0.0023295619,0.0147440145,0.0,0.014284688
0.0,0.0,0.0019300298,0.011258532,0.0,0.018826315
0.0,0.0,0.0019271382,0.02540862,0.0,0.030341817
0.0,0.0,0.0020661424,0.010036781,0.0,0.009314795
0.0,0.0,0.0012586858,0.009335473,0.0,0.019304035
0.0,0.0,0.0029416399,0.013129244,0.0,0.016728414
0.0,0.0,0.0022573194,0.016168427,0.0,0.02026805
0.0,0.0,0.0012745492,0.012590906,0.0,0.015534753
0.0,0.0,0.003629784,0.008466003,0.0,0.01447595
0.0,0.0,0.0033096764,0.007758028,0.0,0.018416038
0.0,0.0,0.001652892,0.010262365,0.0,0.023086399
0.0,0.0,0.00057784095,0.017763563,0.0,0.009576902
0.0,0.0,0.00013903607,0.01655559,0.0,0.033406176
0.0,0.0,0.0001388277,0.012113183,0.0,0.012032627
0.0,0.0,3.782412e-05,0.007816966,0.0,0.021275759
0.0,0.0,1.0193641e-05,0.010965252,0.0,0.012258478
0.0,0.0,3.7893976e-06,0.01066284,0.0,0.019649258
0.0,0.0,2.0486777e-06,0.015486141,0.0,0.015979411
0.0,0.0,1.5719947e-06,0.014249319,0.0,0.023281623
0.0,0.0,1.5696387e-06,0.032982614,0.0,0.023481686
0.0,0.0,7.0412466e-07,0.008014851,0.0,0.017459013
0.0,0.0,5.3406677e-07,0.014523455,0.0,0.019028401
0.0,0.0,2.1496416e-07,0.027377054,0.0,0.027105244
0.0,0.0,2.1464197e-07,0.01200579,0.0,0.011724895
0.0,0.0,1.895187e-07,0.011703412,0.0,0.020660866
0.0,0.0,1.6733604e-07,0.010742701,0.0,0.012996478
0.0,0.0,9.3200946e-08,0.018663058,0.0,0.046398595
0.0,0.0,5.9068523e-08,0.016646821,0.0,0.015474499
0.0,0.0,5.8979992e-08,0.015098436,0.0,0.01734835
0.0,0.0,3.097617e-08,0.012601935,0.0,0.012796709
0.0,0.0,1.4605222e-08,0.009401317,0.0,0.020425325
0.0,0.0,1.2895719e-08,0.01039865,0.0,0.0105049815
0.0,0.0,8.780806e-09,0.0061902413,0.0,0.017595394
0.0,0.0,1.7745279e-09,0.004911616,0.0,0.010255165
0.0,0.0,1.7718682e-09,0.0051390617,0.0,0.031795062
0.0,0.0,1.7692127e-09,0.00555675,0.0,0.005983455
0.0,0.0,1.766561e-09,0.0015427974,0.0,0.0067934473
0.0,0.0,8.3293106e-10,0.005619761,0.0,0.015393468
0.0,0.0,7.354387e-10,0.0035092551,0.0,0.007851525
0.0,0.0,3.1497235e-10,0.0010256829,0.0,0.0080654975
0.0,0.0,1.231604e-10,0.00329277,0.0,0.013860628
0.0,0.0,5.0159273e-11,0.0021995625,0.0,0.028736554
0.0,0.0,2.0619794e-11,0.0035547034,0.0,0.0044408417
0.0,0.0,1.775842e-11,0.0015795574,0.0,0.0033554197
0.0,0.0,6.0737587e-12,0.0044826427,0.0,0.0050418577
0.0,0.0,6.0646557e-12,0.0018966855,0.0,0.010067682
0.0,0.0,5.354804e-12,0.0020001074,0.0,0.007763684
0.0,0.0,4.7280383e-12,0.0016776193,0.0,0.012653636
0.0,0.0,3.1149553e-12,0.003830461,0.0,0.011825741
0.0,0.0,2.806179e-12,0.0030756106,0.0,0.024103254
0.0,0.0,1.2444121e-12,0.0020381846,0.0,0.005659675
0.0,0.0,0.00048510366,0.002599851,0.0,0.0062956414
0.0,0.0,0.0022923255,0.0009606615,0.0,0.0075812177
0.0,0.0,0.0022888707,0.002068335,0.0,0.007819645
0.0,0.0,0.0021812334,0.0008020052,0.0,0.013311619
0.0,0.0,0.0010298,0.0015493763,0.0,0.0062106526
0.0,0.0,0.00085218163,0.00034837873,0.0,0.0034481066
0.0,0.0,0.000838079,0.0011131077,0.0,0.0027116067
0.0,0.0,0.0007542957,0.0011220688,0.0,0.0025971176
0.0,0.0,0.00074532325,0.0012466627,0.0,0.0020776554
0.0,0.0,0.0007441999,0.0009195747,0.0,0.0010112579
0.0,0.0,0.002032424,0.0008510384,0.0,0.001728557
0.0,0.0,0.0012464225,0.00089477346,0.0,0.0016763295
0.0,0.0,0.0013648273,0.0029051562,0.0,0.0038197676
0.0,0.0,0.0012134087,0.00071022543,0.0,0.0013595563
0.0,0.0,0.0012115797,0.0003772453,0.0,0.00084781536
0.0,0.0,0.0067922426,0.000859787,0.0,0.0013267949
0.0,0.0,0.0020706248,0.0012818992,0.0,0.0012662951
0.0,0.0,0.0018383549,0.000629258,0.0,0.0014045148
0.0,0.0,0.0018355829,0.00055793166,0.0,0.0012050831
0.0,0.0,0.0033791356,0.0006985454,0.0,0.0009482113
0.0,0.0,0.0020435622,0.0007309136,0.0,0.0011080711
0.0,0.0,0.001820643,0.0010382524,0.0,0.0008867235
0.0,0.0,0.0016970118,0.00031113345,0.0,0.00053597044
0.0,0.0,0.0013462408,0.000118315314,0.0,0.00046055246
0.0,0.0,0.0012248566,6.528573e-05,0.0,0.00049710687
0.0,0.0,0.0012230094,1.644564e-05,0.0,0.00041672352
0.0,0.0,0.001221165,4.6599025e-06,0.0,0.00023295074
0.0,0.0,0.0012193234,1.3351807e-06,0.0,0.00010525883
0.0,0.0,0.0011693347,4.2020375e-07,0.0,8.730285e-05
0.0,0.0,0.0011675712,2.4823944e-07,0.0,0.00011304193
0.0,0.0,0.0010350127,1.9125864e-07,0.0,8.693374e-05
0.0,0.0,0.00051338767,1.437006e-07,0.0,7.38706e-05
0.0,0.0,0.00045356466,1.6615297e-07,0.0,9.579598e-05
0.0,0.0,0.0004528806,1.4349622e-07,0.0,7.336124e-05
0.0,0.0,0.00045219756,6.258814e-08,0.0,4.0512805e-05
0.0,0.0,0.00045151557,2.7668905e-08,0.0,2.206688e-05
0.0,0.0,0.0004508346,1.0807205e-07,0.0,4.371506e-05
0.0,0.0,0.00039720218,1.9582859e-07,0.0,5.8209724e-05
0.0,0.0,0.00034997513,3.4081103e-07,0.0,0.00011566707
0.0,0.0,0.00030838774,4.8198615e-07,0.0,0.0001773814
0.0,0.0,0.00015098543,2.836297e-07,0.0,0.00020114477
0.0,0.0,0.00013309089,1.6677588e-07,0.0,8.60401e-05
0.0,0.0,0.00013289014,9.2477585e-08,0.0,9.039719e-05
0.0,0.0,0.0001326897,5.7665105e-08,0.0,0.000110536894
0.0,0.0,6.5034415e-05,4.5426095e-08,0.0,0.00011811804
0.0,0.0,2.9404324e-05,1.2258796e-07,0.0,0.00013265743
0.0,0.0,6.3168204e-06,1.8715205e-07,0.0,0.00012026906
0.0,0.0,3.2950404e-06,7.127937e-08,0.0,5.035391e-05
0.0,0.0,3.2900682e-06,5.496544e-08,0.0,4.611582e-05
0.0,0.0,1.354829e-06,2.4273255e-08,0.0,2.361291e-05
0.0,0.0,1.0110698e-06,2.6772003e-08,0.0,2.2071312e-05
0.0,0.0,7.02489e-07,1.36270275e-08,0.0,2.1375898e-05
0.0,0.0,4.476128e-07,4.0506166e-08,0.0,2.226883e-05
0.0,0.0,2.390465e-07,4.4891852e-08,0.0,2.9271272e-05
0.0,0.0,2.386857e-07,4.2421085e-08,0.0,2.8472448e-05
0.0,0.0,1.4269003e-07,3.480305e-08,0.0,2.2746452e-05
0.0,0.0,1.1390194e-07,1.46899515e-08,0.0,1.429779e-05
0.0,0.0,1.1373e-07,9.171409e-09,0.0,2.0741873e-05
0.0,0.0,1.1355832e-07,2.204023e-08,0.0,2.331279e-05
0.0,0.0,1.1338691e-07,2.4875428e-08,0.0,2.954111e-05
0.0,0.0,1.1321575e-07,3.9063604e-08,0.0,3.3416032e-05
0.0,0.0,9.5087216e-08,4.292235e-08,0.0,2.874323e-05
0.0,0.0,1.4672683e-07,7.7371055e-08,0.0,3.4481094e-05
0.0,0.0,1.4650534e-07,2.4904198e-08,0.0,2.2983335e-05
0.0,0.0,1.4628417e-07,2.0571452e-08,0.0,2.01793e-05
0.0,0.0,1.4606333e-07,1.229027e-08,0.0,1.7387612e-05
0.0,0.0,1.4584283e-07,1.9770269e-08,0.0,1.7277494e-05
0.0,0.0,1.3139494e-07,1.9725178e-08,0.0,1.9307055e-05
0.0,0.0,1.3119657e-07,6.6435173e-09,0.0,1.6061844e-05
0.0,0.0,1.309985e-07,3.6805823e-09,0.0,1.1415449e-05
0.0,0.0,1.3080073e-07,2.2502429e-09,0.0,1.7315659e-05
0.0,0.0,1.1843705e-07,2.065465e-09,0.0,1.825296e-05
0.0,0.0,1.06926755e-07,1.9049922e-09,0.0,1.1083561e-05
0.0,0.0,1.641673e-07,1.2899322e-09,0.0,1.38357e-05
0.0,0.0,1.5088271e-07,3.7744607e-10,0.0,1.2768934e-05
0.0,0.0,1.2488665e-07,5.245156e-09,0.0,1.8910665e-05
0.0,0.0,1.2469806e-07,6.740896e-09,0.0,1.6538648e-05
0.0,0.0,1.2450977e-07,3.1534468e-09,0.0,1.8668836e-05
0.0,0.0,1.1536863e-07,6.846857e-09,0.0,2.5280178e-05
0.0,0.0,1.151944e-07,1.0896418e-08,0.0,2.0980611e-05
0.0,0.0,1.1502045e-07,2.020693e-08,0.0,2.2571066e-05
0.0,0.0,1.0384456e-07,1.8124247e-08,0.0,2.181364e-05
0.0,0.0,1.0368774e-07,1.3661437e-08,0.0,2.0182302e-05
0.0,0.0,1.0353115e-07,1.0300354e-08,0.0,1.6051576e-05
0.0,0.0,1.033748e-07,1.7169196e-08,0.0,1.6032644e-05
0.0,0.0,1.0321869e-07,8.80778e-09,0.0,1.4303759e-05
0.0,0.0,9.5954974e-08,4.8368225e-09,0.0,1.603328e-05
0.0,0.0,9.2845e-08,7.335174e-09,0.0,2.1412714e-05
0.0,0.0,1.3019115e-07,3.074986e-09,0.0,1.5622036e-05
0.0,0.0,1.1939964e-07,1.0648282e-08,0.0,2.134957e-05
0.0,0.0,1.2552111e-07,1.791151e-08,0.0,2.676878e-05
0.0,0.0,1.2533152e-07,1.915048e-08,0.0,2.2978513e-05
0.0,0.0,1.35973e-07,1.02665085e-08,0.0,2.0213065e-05
0.0,0.0,2.2471633e-07,7.643074e-09,0.0,2.2424336e-05
0.0,0.0,3.6014112e-07,5.5137375e-09,0.0,3.914795e-05
0.0,0.0,6.0206514e-07,2.9626388e-08,0.0,4.089338e-05
0.0,0.0,6.5050807e-07,5.507438e-08,0.0,4.1885065e-05
0.0,0.0,3.3696538e-06,3.956758e-08,0.0,3.217269e-05
0.0,0.0,3.3645633e-06,6.065802e-08,0.0,3.8818536e-05
0.0,0.0,3.388255e-06,4.4380326e-07,0.0,4.9884664e-05
0.0,0.0,3.5113806e-06,2.24051e-06,0.0,4.7750975e-05
0.0,0.0,3.5060762e-06,1.650394e-06,0.0,5.4716176e-05
0.0,0.0,3.9166816e-06,2.7382007e-06,0.0,5.338229e-05
0.0,0.0,1.7057735e-05,3.5372723e-06,0.0,5.6168403e-05
0.0,0.0,1.5515887e-05,3.593377e-06,0.0,4.949715e-05
0.0,0.0,1.5492444e-05,4.1835788e-06,0.0,5.675842e-05
0.0,0.0,1.6136686e-05,3.492525e-06,0.0,6.509722e-05
0.0,0.0,6.407059e-05,1.1903732e-05,0.0,6.312247e-05
0.0,0.0,9.601174e-05,2.11049e-05,0.0,8.361791e-05
0.0,0.0,8.0465645e-05,2.0977737e-05,0.0,0.00011039857
0.0,0.0,6.945268e-05,5.2870168e-05,0.0,0.00013632153
0.0,0.0,6.9347676e-05,4.6811518e-05,0.0,0.00012238653
0.0,0.0,0.0001576905,2.9316934e-05,0.0,0.00010943164
0.0,0.0,0.0007378274,6.848133e-05,0.0,0.00011992354
0.0,0.0,0.0008312715,0.00019408898,0.0,0.00011132097
0.0,0.0,0.000773853,0.0015339265,0.0,0.00022988638
0.0,0.0,0.008777836,0.0072223335,0.0,0.00079944235
0.0,0.0,0.008258565,0.0073749237,0.0,0.0018214207
0.0,0.0,0.0033775154,0.009374803,0.0,0.0025075863
0.0,0.0,0.006578698,0.014019468,0.0,0.0033979276
0.0,0.0,0.0032035518,0.011865942,0.0,0.0054975827
0.0,0.0,0.002208533,0.023144536,0.0,0.0061447453
0.0,0.0,0.0037434911,0.023012951,0.0,0.006782222
0.0,0.0,0.0035224135,0.01317498,0.0,0.011978154
0.0,0.0,0.0026296393,0.023695199,0.0,0.0390444
0.0,0.0,0.026311114,0.032229092,0.0,0.019619096
0.0,0.0,0.00970284,0.012605545,0.0,0.03231248
0.0,0.0,0.029802179,0.016484207,0.0,0.019103846
0.0,0.0,0.029756937,0.03772976,0.0,0.045977294
0.0,0.0,0.022077458,0.013485966,0.0,0.028996982
0.0,0.0,0.034418777,0.028255658,0.0,0.024966355
0.0,0.0,0.01494656,0.014063164,0.0,0.014523564
0.0,0.0,0.0041812067,0.05479561,0.0,0.09658737
0.0,0.0,0.0121805705,0.02238099,0.0,0.064032815
0.0,0.0,0.0063716853,0.019980188,0.0,0.026647115
0.0,0.0,0.0053089582,0.03949107,0.0,0.02035994
0.0,0.0,0.0059803715,0.0075669214,0.0,0.058971297
0.0,0.0,0.0046560527,0.012824883,0.0,0.02712911
0.0,0.0,0.0023900156,0.024781356,0.0,0.025637124
0.0,0.0,0.0026477948,0.007741804,0.0,0.023759333
0.0,0.0,0.0025489808,0.034734987,0.0,0.032157984
0.0,0.0,0.0014495638,0.019253446,0.0,0.018164039
0.0,0.0,0.004339801,0.038846724,0.0,0.034206856
0.0,0.0,0.0037973672,0.007645421,0.0,0.022693235
0.0,0.0,0.0028423131,0.01199219,0.0,0.029879816
0.0,0.0,0.014376787,0.02578171,0.0,0.012077312
0.0,0.0,0.010541231,0.0078039323,0.0,0.021022664
0.0,0.0,0.003963256,0.015041564,0.0,0.020407924
0.0,0.0,0.03666805,0.018670447,0.0,0.016553016
0.0,0.0,0.016992819,0.018364599,0.0,0.025794594
0.0,0.0,0.0054721227,0.030080348,0.0,0.012734567
0.0,0.0,0.02118484,0.0067308047,0.0,0.032937676
0.0,0.0,0.010957907,0.015406866,0.0,0.012701894
0.0,0.0,0.0065615727,0.022947354,0.0,0.034019977
0.0,0.0,0.01048619,0.01633137,0.0,0.009433327
0.0,0.0,0.007361084,0.0075416155,0.0,0.0101435445
0.0,0.0,0.006524715,0.01847934,0.0,0.041733533
0.0,0.0,0.006514787,0.018463196,0.0,0.020551214
0.0,0.0,0.0056508444,0.011207327,0.0,0.018311564
0.0,0.0,0.002378456,0.011806444,0.0,0.020224247
0.0,0.0,0.0027482172,0.015595657,0.0,0.013368767
0.0,0.0,0.003105143,0.0054338574,0.0,0.008490572
0.0,0.0,0.0025420322,0.005054541,0.0,0.018098723
0.0,0.0,0.003150178,0.00254795,0.0,0.0093912
0.0,0.0,0.0029471456,0.007933006,0.0,0.01875051
0.0,0.0,0.0029426608,0.01532962,0.0,0.02056445
0.0,0.0,0.0031209453,0.008444025,0.0,0.010775027
0.0,0.0,0.0033976934,0.010547762,0.0,0.012196593
0.0,0.0,0.0014428108,0.012259391,0.0,0.024572987
0.0,0.0,0.0057500955,0.01442232,0.0,0.007833561
0.0,0.0,0.0045733475,0.005998596,0.0,0.0059901206
0.0,0.0,0.0045663863,0.0031588117,0.0,0.0057623973
0.0,0.0,0.004078587,0.0023316827,0.0,0.013333805
0.0,0.0,0.004072379,0.0025949227,0.0,0.014113656
0.0,0.0,0.0042031147,0.0016956152,0.0,0.01229307
0.0,0.0,0.004196717,0.005388235,0.0,0.016669422
0.0,0.0,0.004190329,0.0037621702,0.0,0.01130887
0.0,0.0,0.0041079223,0.0065222536,0.0,0.018793562
0.0,0.0,0.0037109065,0.006806767,0.0,0.016622286
0.0,0.0,0.002445253,0.0072318455,0.0,0.015411679
0.0,0.0,0.002441531,0.0060973354,0.0,0.022424059
0.0,0.0,0.0018116646,0.0076768454,0.0,0.007186908
0.0,0.0,0.0017684397,0.005998339,0.0,0.015246767
0.0,0.0,0.0010684115,0.0055310805,0.0,0.024515295
0.0,0.0,0.0010667851,0.002090855,0.0,0.005295203
0.0,0.0,0.0009683569,0.004525706,0.0,0.011078665
0.0,0.0,0.0017505656,0.0021582674,0.0,0.013686103
0.0,0.0,0.0033327546,0.0058051734,0.0,0.027937172
0.0,0.0,0.0033276808,0.0035790903,0.0,0.007001498
0.0,0.0,0.0031206112,0.0064824596,0.0,0.009827668
0.0,0.0,0.0031158605,0.0039558746,0.0,0.017571794
0.0,0.0,0.0030195974,0.003939627,0.0,0.012136964
0.0,0.0,0.00209291,0.0024943096,0.0,0.024918009
0.0,0.0,0.0022564828,0.00350281,0.0,0.0070571345
0.0,0.0,0.0020284757,0.0009955901,0.0,0.005221763
0.0,0.0,0.0020253875,0.0026371786,0.0,0.007542743
0.0,0.0,0.00158987,0.0016483725,0.0,0.03254618
0.0,0.0,0.001717865,0.0018790907,0.0,0.0070604743
0.0,0.0,0.0009092205,0.00052657886,0.0,0.00732255
0.0,0.0,0.0011715909,0.001513245,0.0,0.0086575495
0.0,0.0,0.0007419987,0.0008899642,0.0,0.016894054
0.0,0.0,0.0007019327,0.0012912796,0.0,0.0059739775
0.0,0.0,0.006685178,0.0016431045,0.0,0.006955274
0.0,0.0,0.006674997,0.0012753231,0.0,0.011070029
0.0,0.0,0.005353768,0.00365873,0.0,0.01400521
0.0,0.0,0.0047616167,0.0015551202,0.0,0.009326086
0.0,0.0,0.0047543654,0.0071710753,0.0,0.02451993
0.0,0.0,0.0043507605,0.0050562043,0.0,0.00757296
0.0,0.0,0.003501436,0.00275267,0.0,0.009400278
0.0,0.0,0.0031844068,0.0029248996,0.0,0.011455968
0.0,0.0,0.0023315512,0.0011446552,0.0,0.0098556485
0.0,0.0,0.0022855771,0.0042860936,0.0,0.022021217
0.0,0.0,0.0013728718,0.0019086048,0.0,0.004642523
0.0,0.0,0.0019351423,0.0034121019,0.0,0.008009023
0.0,0.0,0.001785541,0.0010284493,0.0,0.0045490176
0.0,0.0,0.0010122984,0.004576196,0.0,0.005744411
0.0,0.0,0.001932406,0.0013813645,0.0,0.004562902
0.0,0.0,0.0056442246,0.0025573592,0.0,0.0053983084
0.0,0.0,0.0050281268,0.0013463409,0.0,0.016816996
0.0,0.0,0.009190719,0.0039368854,0.0,0.0078629
0.0,0.0,0.004669653,0.0016524375,0.0,0.015824722
0.0,0.0,0.0045253388,0.0039011335,0.0,0.012341474
0.0,0.0,0.002226472,0.0040370035,0.0,0.026014157
0.0,0.0,0.0033361195,0.0066164006,0.0,0.0052077537
0.0,0.0,0.003331034,0.004348204,0.0,0.011265942
0.0,0.0,0.0022891823,0.003417427,0.0,0.013316376
0.0,0.0,0.0016995823,0.0010212437,0.0,0.010311205
0.0,0.0,0.0016969914,0.0020533218,0.0,0.015154514
0.0,0.0,0.0016741276,0.00080223737,0.0,0.009299141
0.0,0.0,0.0009004962,0.0015911544,0.0,0.009577066
0.0,0.0,0.00101104,0.0006673216,0.0,0.0056312406
0.0,0.0,0.000826969,0.00425385,0.0,0.015887618
0.0,0.0,0.0010511682,0.0037895706,0.0,0.016090734
0.0,0.0,0.008417272,0.0063717817,0.0,0.011554559
0.0,0.0,0.0057325168,0.0048969085,0.0,0.020986822
0.0,0.0,0.0028121101,0.0023355854,0.0,0.005196319
0.0,0.0,0.00410357,0.0029221866,0.0,0.007000349
0.0,0.0,0.0011412075,0.0015116591,0.0,0.011975886
0.0,0.0,0.002774868,0.0055370973,0.0,0.022945683
0.0,0.0,0.0028972067,0.0042868024,0.0,0.007052122
0.0,0.0,0.0018903761,0.011150814,0.0,0.023474516
0.0,0.0,0.029887008,0.012918639,0.0,0.008503282
0.0,0.0,0.022721859,0.006257858,0.0,0.013930007
0.0,0.0,0.020066865,0.0058098487,0.0,0.016542561
0.0,0.0,0.02003624,0.0026453168,0.0,0.013283988
0.0,0.0,0.00885531,0.005716091,0.0,0.025800174
0.0,0.0,0.009057822,0.0025480818,0.0,0.007522081
0.0,0.0,0.0036626772,0.0024096086,0.0,0.009985396
0.0,0.0,0.0036532404,0.002573496,0.0,0.01297175
0.0,0.0,0.0031250466,0.0016554559,0.0,0.013203459
0.0,0.0,0.0027666215,0.00492608,0.0,0.00928635
0.0,0.0,0.0022829166,0.0042348974,0.0,0.014090645
0.0,0.0,0.0012434537,0.0035856804,0.0,0.02754414
0.0,0.0,0.0012242144,0.009764627,0.0,0.0069101583
0.0,0.0,0.0012223455,0.007526206,0.0,0.01240422
0.0,0.0,0.0012774093,0.0036356132,0.0,0.016361311
0.0,0.0,0.000693092,0.005294364,0.0,0.018089063
0.0,0.0,0.0068997736,0.0036495149,0.0,0.012490354
0.0,0.0,0.0019020375,0.00861415,0.0,0.026844088
0.0,0.0,0.0033330063,0.013124625,0.0,0.0052874465
0.0,0.0,0.0033279152,0.014039416,0.0,0.012443482
0.0,0.0,0.011431688,0.017425396,0.0,0.021974072
0.0,0.0,0.0077311317,0.011772303,0.0,0.009056699
0.0,0.0,0.0031584075,0.012421594,0.0,0.02118135
0.0,0.0,0.013719401,0.01874208,0.0,0.011280347
0.0,0.0,0.005108025,0.005031931,0.0,0.010054054
0.0,0.0,0.005422776,0.010235943,0.0,0.029706184
0.0,0.0,0.0032003603,0.029027196,0.0,0.009635819
0.0,0.0,0.006281254,0.0060619796,0.0,0.015758691
0.0,0.0,0.0062716524,0.0067871967,0.0,0.019459167
0.0,0.0,0.004234038,0.00485594,0.0,0.009768987
0.0,0.0,0.0014033659,0.01289438,0.0,0.041564517
0.0,0.0,0.0013741388,0.00684947,0.0,0.010364947
0.0,0.0,0.0010894596,0.006831706,0.0,0.030646982
0.0,0.0,0.0010877938,0.013977879,0.0,0.008719204
0.0,0.0,0.0010861307,0.010860908,0.0,0.01430613
0.0,0.0,0.0010984605,0.007399987,0.0,0.014200249
0.0,0.0,0.00084598333,0.007895043,0.0,0.01591842
0.0,0.0,0.0008477253,0.0037556584,0.0,0.007730299
0.0,0.0,0.000771839,0.0009040203,0.0,0.005102438
0.0,0.0,0.002735319,0.0009125239,0.0,0.00267806
0.0,0.0,0.001536343,0.0010352363,0.0,0.0026612526
0.0,0.0,0.0012259412,0.0046119792,0.0,0.0031922767
0.0,0.0,0.0028019445,0.0019108002,0.0,0.0033787952
0.0,0.0,0.0016156248,0.0025478234,0.0,0.0031910937
0.0,0.0,0.022705317,0.00083493494,0.0,0.0026858014
0.0,0.0,0.010681938,0.0017269528,0.0,0.004127036
0.0,0.0,0.0049379813,0.0006061698,0.0,0.0029598293
0.0,0.0,0.004473167,0.0007160284,0.0,0.005448431
0.0,0.0,0.002682226,0.0018554704,0.0,0.00443399
0.0,0.0,0.001435148,0.0012058606,0.0,0.008095732
0.0,0.0,0.0050580357,0.0016141852,0.0,0.0050686756
0.0,0.0,0.0042232345,0.00050900376,0.0,0.003356639
0.0,0.0,0.004216774,0.0012938322,0.0,0.002202534
0.0,0.0,0.0024590066,0.0010184012,0.0,0.005108374
0.0,0.0,0.0024552445,0.0016168637,0.0,0.0036059415
0.0,0.0,0.0024514883,0.0004799677,0.0,0.0024086332
0.0,0.0,0.0015359828,0.0010345855,0.0,0.0024353873
0.0,0.0,0.0015336329,0.00080146757,0.0,0.00091774174
0.0,0.0,0.00088970806,0.00070641487,0.0,0.0010479708
0.0,0.0,0.0007948311,0.0027859844,0.0,0.0016197345
0.0,0.0,0.0007067856,0.0007903738,0.0,0.0018775312
0.0,0.0,0.004769323,0.00043877691,0.0,0.00096727454
0.0,0.0,0.004284069,0.001068556,0.0,0.0015898801
0.0,0.0,0.0042775143,0.0015074607,0.0,0.0019743072
0.0,0.0,0.0035642013,0.0007272885,0.0,0.0017641031
0.0,0.0,0.0025530807,0.0005860077,0.0,0.0006261662
0.0,0.0,0.0022803491,0.00082758465,0.0,0.0005550418
0.0,0.0,0.003352785,0.00088748924,0.0,0.0015953652
0.0,0.0,0.0012549814,0.0005006104,0.0,0.0006327476
0.0,0.0,0.0019203691,0.00050661946,0.0,0.000502405
0.0,0.0,0.00191743,0.00035273764,0.0,0.00044316862
0.0,0.0,0.0019144953,0.00031115237,0.0,0.00040274946
0.0,0.0,0.0009456726,0.00021066827,0.0,0.0003450915
0.0,0.0,0.00076591456,0.00020884661,0.0,0.00034350785
0.0,0.0,0.00076474226,9.4970106e-05,0.0,0.00019474278
0.0,0.0,0.00037972446,2.950524e-05,0.0,0.00012610147
0.0,0.0,0.00037914322,6.7993606e-06,0.0,6.726942e-05
0.0,0.0,0.0003785629,1.8685552e-06,0.0,5.8849786e-05
0.0,0.0,0.00033350545,5.6051425e-07,0.0,0.000103839644
0.0,0.0,0.00033299497,1.5691016e-07,0.0,5.0430484e-05
0.0,0.0,0.00019486315,6.649176e-08,0.0,4.884743e-05
0.0,0.0,0.00019456488,3.6589114e-08,0.0,5.931928e-05
0.0,0.0,0.00019426706,3.5581444e-08,0.0,4.2938664e-05
0.0,0.0,0.0001939697,1.9798982e-08,0.0,1.9443269e-05
0.0,0.0,0.000113955364,4.0915424e-08,0.0,2.5151658e-05
0.0,0.0,5.0022947e-05,5.39001e-08,0.0,2.5106043e-05
0.0,0.0,1.0250988e-05,4.6937814e-08,0.0,1.9446117e-05
0.0,0.0,7.3679894e-06,3.5564657e-08,0.0,2.4734647e-05
0.0,0.0,4.846333e-06,2.494588e-08,0.0,1.7928629e-05
0.0,0.0,3.2465096e-06,2.6903304e-08,0.0,2.5214185e-05
0.0,0.0,3.2415364e-06,2.6528737e-08,0.0,2.2363296e-05
0.0,0.0,3.236571e-06,5.0787513e-08,0.0,2.1608894e-05
0.0,0.0,3.2316132e-06,7.589094e-08,0.0,3.1455093e-05
0.0,0.0,2.717803e-06,5.5010485e-08,0.0,2.173112e-05
0.0,0.0,1.7718895e-06,4.8514746e-08,0.0,2.202209e-05
0.0,0.0,1.0915919e-06,3.9660282e-08,0.0,2.1638847e-05
0.0,0.0,9.3995595e-07,2.6213673e-08,0.0,1.7569142e-05
0.0,0.0,8.4838507e-07,1.2049023e-08,0.0,2.0782492e-05
0.0,0.0,8.470852e-07,6.512432e-09,0.0,9.906901e-06
0.0,0.0,7.5720374e-07,1.2168154e-09,0.0,1.5154789e-05
0.0,0.0,7.560436e-07,8.922542e-10,0.0,1.8100436e-05
0.0,0.0,7.548852e-07,6.307183e-09,0.0,1.618525e-05
0.0,0.0,5.766244e-07,1.630418e-08,0.0,1.5911559e-05
0.0,0.0,5.757409e-07,1.1487189e-08,0.0,1.1567969e-05
0.0,0.0,4.704165e-07,1.0685089e-08,0.0,1.4757472e-05
0.0,0.0,2.6942354e-07,4.449132e-09,0.0,1.9661147e-05
0.0,0.0,2.690107e-07,1.0834947e-08,0.0,1.6446134e-05
0.0,0.0,2.6859854e-07,5.6187948e-09,0.0,1.2976679e-05
0.0,0.0,2.4052255e-07,5.1353357e-09,0.0,1.475996e-05
0.0,0.0,1.4884155e-07,9.632648e-09,0.0,1.4231082e-05
0.0,0.0,1.4861348e-07,8.17741e-09,0.0,3.136004e-05
0.0,0.0,1.4838578e-07,3.3737613e-09,0.0,2.5395633e-05
0.0,0.0,1.4815842e-07,1.0352345e-08,0.0,2.3848288e-05
0.0,0.0,9.4694e-08,7.019732e-09,0.0,1.7919123e-05
0.0,0.0,9.45489e-08,1.1608316e-08,0.0,6.8455442e-06
0.0,0.0,9.440403e-08,1.1322146e-08,0.0,1.1639002e-05
0.0,0.0,9.425938e-08,9.176145e-09,0.0,1.3738603e-05
0.0,0.0,8.355305e-08,7.697851e-09,0.0,6.659698e-06
0.0,0.0,7.4055976e-08,1.7502115e-09,0.0,5.6238728e-06
0.0,0.0,7.39425e-08,4.1079664e-09,0.0,1.3499714e-05
0.0,0.0,5.9923934e-08,1.2612214e-08,0.0,1.6710172e-05
0.0,0.0,5.983212e-08,1.3418952e-08,0.0,1.32615705e-05
0.0,0.0,5.974044e-08,1.89733e-08,0.0,1.5848691e-05
0.0,0.0,5.96489e-08,2.5228012e-08,0.0,1.9428784e-05
0.0,0.0,5.95575e-08,2.1492209e-08,0.0,2.2591104e-05
0.0,0.0,5.946624e-08,9.6844825e-09,0.0,2.810039e-05
0.0,0.0,5.937512e-08,3.2714944e-09,0.0,3.6881018e-05
0.0,0.0,5.9284144e-08,3.1393317e-09,0.0,2.3376357e-05
0.0,0.0,5.9193304e-08,2.1930318e-09,0.0,1.9078876e-05
0.0,0.0,5.9102607e-08,8.3178e-10,0.0,1.4666575e-05
0.0,0.0,5.9012045e-08,8.9060925e-10,0.0,1.8986102e-05
0.0,0.0,5.892162e-08,5.673069e-09,0.0,2.317877e-05
0.0,0.0,5.883134e-08,4.190106e-09,0.0,3.337945e-05
0.0,0.0,5.8741193e-08,3.7494843e-09,0.0,3.1881445e-05
0.0,0.0,6.8381524e-08,1.3500487e-09,0.0,2.3110795e-05
0.0,0.0,2.0085888e-07,1.9827334e-08,0.0,2.0579933e-05
0.0,0.0,1.9113982e-07,3.53833e-08,0.0,2.2092854e-05
0.0,0.0,1.9084692e-07,3.0723868e-08,0.0,2.327039e-05
0.0,0.0,3.4145907e-07,1.779382e-08,0.0,2.2049551e-05
0.0,0.0,3.731573e-07,1.3939366e-08,0.0,3.1049844e-05
0.0,0.0,8.9012343e-07,8.454965e-08,0.0,3.2487704e-05
0.0,0.0,1.0000165e-06,8.245419e-08,0.0,2.7776581e-05
0.0,0.0,9.795142e-07,5.1005607e-08,0.0,2.3808732e-05
0.0,0.0,9.737498e-07,6.3313394e-08,0.0,3.500495e-05
0.0,0.0,9.87007e-07,4.556263e-08,0.0,4.259358e-05
0.0,0.0,1.7402762e-06,5.824549e-08,0.0,4.2840245e-05
0.0,0.0,1.7376094e-06,7.9163854e-08,0.0,4.4542157e-05
0.0,0.0,1.7349466e-06,1.1268232e-07,0.0,3.3043565e-05
0.0,0.0,1.732288e-06,6.141258e-07,0.0,4.668481e-05
0.0,0.0,5.630021e-06,5.2883706e-07,0.0,6.1962106e-05
0.0,0.0,1.4743678e-05,4.3187532e-07,0.0,5.0764185e-05
0.0,0.0,1.2606604e-05,9.754068e-07,0.0,4.2187366e-05
0.0,0.0,1.0732339e-05,1.0100042e-06,0.0,6.108658e-05
0.0,0.0,1.1527822e-05,8.301683e-07,0.0,5.752682e-05
0.0,0.0,1.0916048e-05,6.941268e-07,0.0,6.876095e-05
0.0,0.0,3.7535636e-05,1.889122e-06,0.0,7.249404e-05
0.0,0.0,8.149611e-05,4.252443e-06,0.0,8.674831e-05
0.0,0.0,7.3223455e-05,1.0020926e-05,0.0,0.00012121162
0.0,0.0,6.423936e-05,1.840519e-05,0.0,0.00012960755
0.0,0.0,5.7059227e-05,1.6333834e-05,0.0,0.000120423945
0.0,0.0,7.4614916e-05,2.259575e-05,0.0,0.00011991944
0.0,0.0,8.4794534e-05,5.855099e-05,0.0,9.7087606e-05
0.0,0.0,0.000141374,4.9480877e-05,0.0,9.939154e-05
0.0,0.0,0.0002348708,8.7612854e-05,0.0,0.00012325049
0.0,0.0,0.0019516583,0.00023061977,0.0,0.00014017028
0.0,0.0,0.0013936564,0.0016452124,0.0,0.00023235082
0.0,0.0,0.010654256,0.005524064,0.0,0.00047900842
0.0,0.0,0.0067026573,0.010498247,0.0,0.00071533624
0.0,0.0,0.003544832,0.009995702,0.0,0.0019059579
0.0,0.0,0.0014340711,0.010164192,0.0,0.0019340499
0.0,0.0,0.0018652773,0.011114325,0.0,0.0027222254
0.0,0.0,0.0016166037,0.02973453,0.0,0.0045590815
0.0,0.0,0.002542975,0.0131692905,0.0,0.023654822
0.0,0.0,0.002120644,0.042904913,0.0,0.02717071
0.0,0.0,0.0018796899,0.020180218,0.0,0.020415064
0.0,0.0,0.0007999411,0.031662535,0.0,0.045575175
0.0,0.0,0.001470331,0.008637069,0.0,0.009803228
0.0,0.0,0.0045728884,0.018944588,0.0,0.04254206
0.0,0.0,0.0022384145,0.04681836,0.0,0.022788297
0.0,0.0,0.0027734165,0.016682014,0.0,0.052156996
0.0,0.0,0.003794074,0.028980326,0.0,0.03470254
0.0,0.0,0.00297661,0.0153390365,0.0,0.041503157
0.0,0.0,0.0061869067,0.03686615,0.0,0.022608016
0.0,0.0,0.0056228098,0.009037736,0.0,0.026981074
0.0,0.0,0.0056141773,0.017511088,0.0,0.018088723
0.0,0.0,0.0055883713,0.047721777,0.0,0.042256232
0.0,0.0,0.004556473,0.014528738,0.0,0.009775394
0.0,0.0,0.004889614,0.021930384,0.0,0.027337292
0.0,0.0,0.004262972,0.01419379,0.0,0.010433579
0.0,0.0,0.0026054762,0.021901017,0.0,0.029149156
0.0,0.0,0.010048322,0.013959985,0.0,0.015045421
0.0,0.0,0.0060006087,0.016762523,0.0,0.031653423
0.0,0.0,0.0028676158,0.022458263,0.0,0.010794904
0.0,0.0,0.0031021826,0.019758185,0.0,0.040129617
0.0,0.0,0.0024300073,0.010494042,0.0,0.009385978
0.0,0.0,0.012461751,0.011806742,0.0,0.018179582
0.0,0.0,0.0043154764,0.014926459,0.0,0.023237068
0.0,0.0,0.0056231953,0.022299526,0.0,0.009749117
0.0,0.0,0.0048922114,0.022089003,0.0,0.030625023
0.0,0.0,0.0023175005,0.019547092,0.0,0.007516578
0.0,0.0,0.011022349,0.023418749,0.0,0.017596077
0.0,0.0,0.006794053,0.011638295,0.0,0.01134082
0.0,0.0,0.002488876,0.008337954,0.0,0.01987439
0.0,0.0,0.019996455,0.012669309,0.0,0.00943057
0.0,0.0,0.0072154487,0.014618003,0.0,0.02873604
0.0,0.0,0.002615582,0.0067852153,0.0,0.008051019
0.0,0.0,0.018664176,0.011175326,0.0,0.010975977
0.0,0.0,0.012873432,0.013634774,0.0,0.03611121
0.0,0.0,0.0077703414,0.013319736,0.0,0.01068735
0.0,0.0,0.011533616,0.010219766,0.0,0.015454735
0.0,0.0,0.0067997,0.015865214,0.0,0.019143106
0.0,0.0,0.003003484,0.024018316,0.0,0.019500632
0.0,0.0,0.0029455433,0.010454608,0.0,0.0244535
0.0,0.0,0.00223241,0.020176,0.0,0.021044856
0.0,0.0,0.03094957,0.015065089,0.0,0.043825436
0.0,0.0,0.0146144545,0.014949076,0.0,0.015907338
0.0,0.0,0.008173566,0.010402213,0.0,0.018936636
0.0,0.0,0.0074513312,0.013274979,0.0,0.013504482
0.0,0.0,0.006676506,0.010284957,0.0,0.019922739
0.0,0.0,0.002782968,0.013410691,0.0,0.012817988
0.0,0.0,0.0023995352,0.0077155307,0.0,0.014783027
0.0,0.0,0.0017983139,0.005543463,0.0,0.009919527
0.0,0.0,0.0017039148,0.003072139,0.0,0.018927416
0.0,0.0,0.0015172133,0.004569003,0.0,0.011485795
0.0,0.0,0.0015148799,0.0018697281,0.0,0.009768185
0.0,0.0,0.0013516018,0.0060320175,0.0,0.019083617
0.0,0.0,0.0031335747,0.0021810755,0.0,0.0060292115
0.0,0.0,0.0031287554,0.0035591885,0.0,0.013512736
0.0,0.0,0.0031239435,0.002393769,0.0,0.01728225
0.0,0.0,0.0025294258,0.0062674033,0.0,0.009066589
0.0,0.0,0.003398509,0.0037529063,0.0,0.01909766
0.0,0.0,0.0014889695,0.0021461328,0.0,0.011266812
0.0,0.0,0.0022510928,0.0027122535,0.0,0.0114172865
0.0,0.0,0.0019811026,0.0011085934,0.0,0.024263432
0.0,0.0,0.0017631372,0.0018717453,0.0,0.0053041843
0.0,0.0,0.0071666106,0.000694056,0.0,0.004324496
0.0,0.0,0.002219662,0.0040283864,0.0,0.014332073
0.0,0.0,0.0023817546,0.001326509,0.0,0.008802644
0.0,0.0,0.002378091,0.0027236042,0.0,0.013828672
0.0,0.0,0.0066544157,0.0011971137,0.0,0.010061729
0.0,0.0,0.010351456,0.0039948006,0.0,0.014181312
0.0,0.0,0.005204565,0.0039640456,0.0,0.017159555
0.0,0.0,0.0037751081,0.0017828014,0.0,0.013091339
0.0,0.0,0.0011960666,0.005174051,0.0,0.011636174
0.0,0.0,0.0033107593,0.0030762812,0.0,0.019587591
0.0,0.0,0.003305666,0.0058137793,0.0,0.009684457
0.0,0.0,0.013078967,0.0032199405,0.0,0.023391016
0.0,0.0,0.0071823373,0.0055177244,0.0,0.0070951097
0.0,0.0,0.0017460819,0.0035197418,0.0,0.012845266
0.0,0.0,0.0019593919,0.0044535147,0.0,0.020349378
0.0,0.0,0.0018803065,0.0024299622,0.0,0.010642651
0.0,0.0,0.0010067604,0.0032257051,0.0,0.015364667
0.0,0.0,0.0015724064,0.0018661077,0.0,0.0169962
0.0,0.0,0.0013966134,0.004881059,0.0,0.008271588
0.0,0.0,0.001143145,0.002817051,0.0,0.01659666
0.0,0.0,0.0014031009,0.0074180253,0.0,0.014909116
0.0,0.0,0.0012990491,0.007834577,0.0,0.021233978
0.0,0.0,0.00076731323,0.014439752,0.0,0.013740723
0.0,0.0,0.0018263906,0.011575434,0.0,0.019542146
0.0,0.0,0.0010038548,0.011205714,0.0,0.010950371
0.0,0.0,0.0010023102,0.015460023,0.0,0.026521964
0.0,0.0,0.0006634166,0.023612639,0.0,0.0069033927
0.0,0.0,0.0027382108,0.00913863,0.0,0.009881167
0.0,0.0,0.0022000186,0.007857354,0.0,0.01814882
0.0,0.0,0.0013680989,0.007481346,0.0,0.015366169
0.0,0.0,0.0014255907,0.010172067,0.0,0.01726644
0.0,7.0521238e-09,0.0009359736,0.0063276053,4.1404752e-10,0.014026263
0.0,4.8640615e-08,0.001175046,0.005970529,2.0018027e-09,0.014094218
0.0,1.13786214e-07,0.0008813707,0.0021599962,1.1761836e-08,0.009656283
0.0,2.2900502e-07,0.0007906926,0.0019535238,1.9484068e-08,0.014523923
0.0,3.4292106e-07,0.000789476,0.0015274663,2.861463e-08,0.009654748
0.0,5.218336e-07,0.0007882612,0.005667904,6.14976e-08,0.016896885
0.0,7.452507e-07,0.0006973476,0.0033828274,1.2594404e-07,0.011673736
0.0,7.744113e-07,0.00044465106,0.007166089,1.4612198e-07,0.023714932
0.0,9.0211404e-07,0.00021375829,0.006075727,1.6711334e-07,0.012193454
4.486423e-05,1.159105e-06,9.201802e-05,0.0035544157,5.169463e-07,0.01478246
4.4842847e-05,1.7411627e-06,3.9374172e-05,0.008069467,1.3477108e-06,0.018080534
4.4829278e-05,2.1611988e-06,3.9313567e-05,0.009691163,2.886531e-06,0.020918738
4.4819953e-05,2.135237e-06,1.7650582e-05,0.0053167325,4.604e-06,0.008627507
4.4814497e-05,3.048831e-06,1.41498185e-05,0.0060441145,6.927743e-06,0.014649065
4.4811983e-05,4.1646726e-06,3.2533007e-06,0.0055273566,9.404327e-06,0.026022766
4.4811415e-05,5.505513e-06,7.304362e-07,0.0072082123,1.1225391e-05,0.013651871
4.4811302e-05,6.669065e-06,1.3245435e-07,0.003959749,1.2352574e-05,0.020686857
4.481128e-05,8.333034e-06,2.5919586e-08,0.0033185468,1.2957243e-05,0.027757904
4.4811273e-05,1.0023709e-05,6.2921526e-09,0.0025793398,2.0839268e-05,0.008726304
4.4811273e-05,1.161108e-05,1.5157446e-09,0.0026842875,3.4764955e-05,0.014941817
4.4811273e-05,1.0275013e-05,6.587974e-10,0.0019203486,3.9197475e-05,0.0101947645
4.4811273e-05,1.43315865e-05,3.3297584e-10,0.0011197084,4.173045e-05,0.019408626
4.4811273e-05,1.5534259e-05,8.702548e-11,0.0033340766,4.3725067e-05,0.006608917
4.4811273e-05,1.2276735e-05,1.9192776e-11,0.0014365539,5.039054e-05,0.015013633
4.4811273e-05,1.3052619e-05,8.608384e-12,0.00056082086,4.9842092e-05,0.014445731
4.4811273e-05,1.5401298e-05,3.5014758e-12,7.3354844e-05,4.446187e-05,0.009787407
4.4811273e-05,1.4170083e-05,1.4060262e-12,0.00013462458,5.0065693e-05,0.030734
4.4811273e-05,1.4560601e-05,4.5598405e-13,8.051801e-05,4.5313125e-05,0.0049349577
4.4811273e-05,1.3973242e-05,1.04753974e-13,0.00014046651,4.166307e-05,0.0064351037
0.0047694333,1.4934742e-05,2.6895253e-14,4.2343727e-05,4.0147606e-05,0.01594698
0.004176833,1.5397995e-05,1.0205938e-15,1.0335207e-07,3.7473543e-05,0.025358807
0.0011782855,1.539799e-05,3.8147e-16,2.4845066e-08,3.528143e-05,0.012216453
0.0010916889,1.539799e-05,4.329067e-15,5.9425256e-09,0.00020394336,0.016033817
0.0010916889,1.457423e-05,3.7749586e-15,6.583141e-07,0.0011553878,0.022211753
0.0010916889,1.539799e-05,3.2917746e-15,3.5156414e-10,0.0015795738,0.017420966
0.0010916889,1.539799e-05,1.9902134e-15,9.3083374e-11,0.0012970542,0.029236434
0.0010916889,1.5321539e-05,1.0026656e-15,1.8092903e-08,0.00023972732,0.012257661
0.0010916889,1.4777862e-05,3.722978e-16,5.7129878e-08,0.00026020303,0.028363883
0.0010916889,1.539799e-05,3.6712973e-16,1.6333355e-12,0.00014599327,0.0065627145
0.0010916889,2.7187123e-05,1.2643658e-16,9.260954e-12,0.0001587511,0.008191085
0.0010916889,3.3132488e-05,4.6860443e-17,1.2442612e-07,0.00019500453,0.024195872
0.0010916889,5.9546208e-05,3.71018e-17,3.8031104e-08,0.00019950308,0.0038451336
0.0010916889,7.5767646e-05,2.6967837e-17,1.481577e-08,0.00022425057,0.008723666
0.0010916889,0.00013529394,2.351603e-17,1.2740936e-09,0.00028237022,0.035465684
0.0010916889,0.00034531226,1.1670815e-17,7.823949e-10,0.00028008196,0.004821425
0.0009613842,0.00035777607,5.576829e-17,2.5026675e-10,0.0003079554,0.0064121145
0.0010168115,0.0005322171,1.07254065e-14,2.3812341e-11,0.00040343092,0.008829723
0.0011116753,0.00062549004,6.5452104e-15,7.374273e-14,0.00050220586,0.0071643153
0.0011116753,0.00061531813,3.3970466e-15,2.3505596e-12,0.000549662,0.0058519435
0.0011116753,0.00088224537,2.4707223e-15,4.2803305e-10,0.00050571724,0.020915544
0.0011116753,0.0012401023,1.957419e-15,1.7573247e-10,0.00059802376,0.003155703
0.0011116753,0.0011933,1.4236598e-15,3.9127e-12,0.00045291553,0.0022870484
0.0011116753,0.0012208747,7.388974e-16,1.62455e-13,0.00048347487,0.0015538748
0.0011116753,0.00097345136,2.4519814e-16,7.332135e-16,0.00039749645,0.00095291686
0.0011116753,0.0009139124,1.087e-16,2.4137691e-14,0.00036962362,0.00026569795
0.0011116753,0.00089386955,2.3992986e-17,1.6184172e-11,0.0003556035,6.350428e-05
0.0011116753,0.00078327674,1.0064808e-17,7.093154e-11,0.0003660407,1.5819423e-05
0.0011116753,0.0006718755,5.7975617e-18,1.15407184e-10,0.00034392878,5.4040006e-06
0.0011116753,0.0004754682,3.1314012e-18,4.8726627e-11,0.00033535852,9.8750446e-05
0.0011116753,0.00051845453,2.1070726e-18,1.2497168e-11,0.00031623838,7.717901e-05
0.0010192412,0.00048585047,2.5269572e-17,1.9605496e-12,0.00034140598,3.448437e-05
0.0009391146,0.0006350798,8.857696e-18,1.1831897e-13,0.00034930554,1.01228825e-05
0.00084034394,0.0010320669,2.1643482e-17,1.2921191e-17,0.0002546861,2.9304595e-06
0.00076618,0.00085498893,8.0440496e-17,4.4133457e-15,0.00022364543,0.0008501092
0.00074972946,0.0004102883,7.453745e-17,1.7651316e-11,0.0002740075,0.0019806074
0.00074972946,0.00028115424,1.624186e-17,4.437936e-12,0.00029567615,0.004811658
0.00074972946,0.0002907043,1.4172274e-17,1.1071828e-12,0.00028109673,0.005375043
0.00074972946,0.00028115424,1.0308051e-17,2.1608691e-13,0.00030947206,0.0061733965
0.0006590516,0.00031791543,1.0131272e-13,0.0009654471,0.00030704227,0.007611605
0.0003645415,0.00037431822,7.353307e-12,0.0016223969,0.00029795227,0.0060905316
0.0003645415,0.0003793566,2.5615423e-12,0.0005420702,0.00028146748,0.00340926
0.0003645415,0.00038311337,1.6414225e-12,0.00096783205,0.00027145084,0.0017138494
0.0003645415,0.00038619607,5.262113e-13,0.0019230952,0.00026803324,0.0024572664
0.0003645415,0.0003875472,4.594013e-13,0.0007245883,0.00024938802,0.0017337716
0.0003645415,0.00039216326,3.9592266e-13,0.002412033,0.00024380702,0.00280186
0.0003645415,0.0003929187,1.9478736e-13,0.0007450391,0.0002633182,0.0011548669
0.0003645415,0.00039582714,1.3213585e-13,0.0008153391,0.00026950942,0.00032068524
0.0003645415,0.0003990186,6.1603215e-14,0.0020525586,0.0002526948,8.262227e-05
0.0003645415,0.00039759735,6.0820035e-14,0.0006237671,0.00022862993,2.8357194e-05
0.0003645415,0.0004025778,5.309807e-14,0.00084872363,0.0002646869,6.1310307e-06
0.0003645415,0.0004051637,4.6356517e-14,0.0022011222,0.00027850806,1.550972e-06
0.0003645415,0.00040349277,3.3734642e-14,0.0005388392,0.0002752397,2.9567468e-07
0.0003645415,0.00040530207,2.9451552e-14,0.00097602094,0.00027440363,7.960524e-08
0.0003645415,0.00040593368,2.5712261e-14,0.001331844,0.00028883616,1.5085202e-08
0.0003645415,0.00040305982,2.2922777e-14,0.000352684,0.00029282985,3.3246865e-09
0.0003645415,0.00040451443,1.2475148e-14,0.00040525623,0.00030103413,7.669149e-10
0.0003645415,0.0004082189,5.5335057e-15,0.0015927823,0.00031445097,0.00014838224
0.0003645415,0.0004077228,4.613526e-15,0.00061464164,0.00033282023,0.0012736148
0.0003645415,0.00040925745,4.2353536e-15,0.0016704035,0.00030615294,0.0031812876
0.0003645415,0.00040686378,2.0809562e-15,0.00049806066,0.00030397723,0.0020782123
0.0003645415,0.0004056133,2.0545004e-15,0.00023413854,0.00031360093,0.00092222344
0.0003645415,0.00040646511,1.7936524e-15,0.00014306388,0.00031442527,0.0008337587
0.0003645415,0.00040468352,9.877917e-16,5.6748733e-05,0.00029921005,0.0008379542
0.0003645415,0.00040636334,8.934155e-16,2.3270088e-05,0.00029748076,0.0008270252
0.0003645415,0.00041049343,8.413794e-16,8.561662e-06,0.00029529844,0.00084612006
0.0003645415,0.00041548783,8.3068267e-16,2.8427987e-06,0.0003172184,0.00012694138
0.0003645415,0.00041603707,5.388281e-16,6.673849e-07,0.00032954826,2.3084505e-05
0.0003645415,0.00041889123,2.9674081e-16,1.6983849e-07,0.00033154202,4.1421176e-06
0.0003645415,0.00041848377,2.9296826e-16,4.046257e-08,0.00037570373,7.36003e-07
0.0003645415,0.00042218962,2.5565244000000003e-16,9.947349e-09,0.00041179275,1.2163599e-07
0.0003645415,0.00041998696,2.027348e-16,2.5997544e-09,0.00039760006,2.4172474e-08
0.0003645415,0.00041947403,2.0015735e-16,4.2861212e-10,0.00025951854,6.732879e-09
0.0003645415,0.00042652196,1.347582e-16,1.0465635e-10,0.0004325506,6.763706e-10
0.0003645415,0.00042244693,1.3304497e-16,3.7987252e-11,0.0003973792,1.313315e-10
0.0003645415,0.0004298121,1.1615303000000002e-16,5.6810173e-12,0.000378629,2.4149346e-11
0.0003645415,0.00042824936,1.1467634e-16,1.0640641e-12,0.00036378865,4.9392183e-12
0.0003645415,0.00043422094,1.1321842e-16,2.936897e-13,0.0003351804,5.010266e-12
0.0003645415,0.00043380496,1.1177903000000002e-16,4.1978446e-13,0.00031426855,2.0103042e-12
0.0003645415,0.00043936432,1.1035795e-16,2.7099542e-14,0.0003005416,4.0158626e-13
0.00036597718,0.00043676695,2.397937e-13,1.2945173e-13,0.00031292342,1.2426556e-13
0.00038454952,0.00043288062,3.2983729e-12,6.030871e-14,0.0003006312,2.4639399e-14
0.00038454952,0.000431268,2.0666765e-12,1.8405087e-14,0.000295968,6.5927937e-15
0.00038454952,0.00043611566,4.7010215e-13,3.1420097000000003e-16,0.00032177687,2.5441558e-15
0.00038454952,0.0004369525,9.9251316e-14,1.5423078e-15,0.00037182306,1.371106e-13
0.00038454952,0.00043899906,2.957709e-14,4.623432e-16,0.00042821938,5.646642e-14
0.00038454952,0.00042942472,2.5818408e-14,4.4849055e-16,0.0004316042,1.18143884e-14
0.00038454952,0.00043769303,2.5486762e-14,4.3209686e-18,0.00042633907,1.5380494e-15
0.00038454952,0.00044142728,1.1880628e-14,8.045589e-21,0.0004288533,3.1410682e-16
0.00038454952,0.00044142728,1.1728017e-14,1.5254362000000001e-21,0.00042754988,5.149441000000001e-17
0.00038454952,0.00043964246,4.542214e-15,6.376922299999999e-18,0.00042645694,8.434264e-18
0.00038454952,0.00044142728,4.4838676e-15,5.8328703e-23,0.00042617068,1.6265277e-18
0.00038454952,0.00044142728,2.8094776e-15,1.2278087e-23,0.00042444837,3.9007465e-19
0.00038454952,0.00044142728,2.773389e-15,3.2567578e-24,0.00042534692,1.3913168e-19
0.00038454952,0.00043157605,1.625564e-15,3.1013084e-18,0.00043076224,3.3215504999999997e-20
0.00038454952,0.00043354658,1.6046831e-15,1.1634364e-18,0.00042760128,1.4075813e-20
0.00038454952,0.00043798305,1.5840704e-15,3.3429944e-19,0.00042621465,3.6891375e-21
0.00038454952,0.00043705865,6.404872e-16,2.2396802e-19,0.000426807,8.140607300000002e-22
0.00038454952,0.00044142728,2.7091912000000003e-16,2.185799e-27,0.0004272666,3.7916295e-22
0.00038454952,0.00044065868,2.6743909000000003e-16,2.7976958e-20,0.0004249009,9.760391e-23
0.00038454952,0.00044142728,2.3345268000000004e-16,7.647344e-29,0.00046718377,3.107781e-21
0.00038454952,0.00044142728,2.304539e-16,1.70255e-29,0.0005136677,1.0253354e-21
0.00038454952,0.00043718482,2.2749365e-16,4.688659e-21,0.0005926537,2.6575508e-18
0.00038454952,0.0004392773,2.245714e-16,1.3603907e-21,0.0006289093,7.628265999999999e-19
0.00038454952,0.00044142728,2.2168672e-16,1.2126949e-31,0.0005925099,1.1101445e-19
0.00038454952,0.00044142728,1.9351458000000003e-16,2.7150176e-32,0.0006235832,2.3511155e-20
0.00038454952,0.00044142728,9.5066816e-17,5.547884e-33,0.00062958227,4.3459835e-21
0.00038454952,0.00044043316,9.384565e-17,2.3003545e-23,0.00063263805,7.760917e-22
0.00038454952,0.00044142728,8.191966000000001e-17,1.9691264e-34,0.00060298736,1.1953985000000002e-22
0.00038454952,0.0004368034,8.0867374e-17,1.1655863e-23,0.000710393,3.4683948e-23
0.00038454952,0.00043815302,5.066944e-17,2.7309586e-24,0.00064675533,4.7956744e-24
0.00038454952,0.00044114218,3.686832e-17,2.0014099e-25,0.00061279867,7.468175e-25
0.00038454952,0.00044038403,3.6394733e-17,4.678918000000001e-25,0.000663185,1.6033069e-25
0.00038454952,0.0004404995,2.4499890000000002e-17,2.8530957e-25,0.0006759307,2.9515718000000004e-26
0.00038454952,0.000441166,2.1386422e-17,6.9899313e-26,0.00064663944,4.615633e-27
0.00038454952,0.00043906187,2.1111706000000002e-17,2.769703e-25,0.0006334024,7.6121856e-28
0.00038454952,0.00043749882,8.930023e-18,1.2675085e-25,0.00068919366,1.6320518e-28
0.00038454952,0.00043886446,7.795188e-18,3.339965e-26,0.0006292839,2.3270312e-29
0.00038454952,0.0004379162,6.178332299999999e-18,1.3677565000000002e-26,0.0006468789,4.3449153000000004e-30
0.00038454952,0.00043753625,2.1263722e-18,4.2157697e-27,0.0006516533,7.7758063e-31
0.00038454952,0.00043784172,2.0990583e-18,1.2752849e-27,0.00065197004,1.4265654e-31
0.00038454952,0.0004404236,1.8323080000000002e-18,2.5989998e-28,0.0006274955,2.5531773000000003e-32
0.00038454952,0.00044068036,1.8087714e-18,5.2682862e-30,0.00054354913,3.7292525e-33
0.00038454952,0.0004407007,1.7855372e-18,2.2922623e-29,0.0006211241,6.2424516e-32
0.00038454952,0.00044142728,8.800928e-19,0.0,0.00061913277,4.6981515e-32
0.00038454952,0.00043960114,4.553744e-19,1.4201517e-29,0.00066956034,4.7043707e-31
0.00038454952,0.00044142728,4.4952494e-19,0.0,0.0006353502,9.2036876e-32
0.00038454952,0.00044142728,3.1065577e-19,0.0,0.00069462735,5.950383e-32
0.00038454952,0.00044059526,1.7809836e-19,5.0767626e-31,0.00072526623,1.2728724e-32
0.00038454952,0.00044142728,6.546203999999999e-20,0.0,0.00072592986,2.0431304e-33
0.00038979723,0.00044142728,1.6881246e-20,0.0,0.00071238325,3.9967625e-34
0.00051328127,0.00044142728,3.1331333e-20,0.0,0.0007996584,1.4600269e-33
0.00061936537,0.00047992755,6.479490300000001e-21,4.0776145e-32,0.001004116,2.1888377e-28
0.0007949192,0.0005185948,4.2672670000000005e-22,6.404053599999999e-33,0.0010146805,1.0720372e-28
0.0007920802,0.0005172543,1.1148512e-22,4.1247895e-33,0.0010635541,2.3169030000000002e-29
0.00087844604,0.00051092,3.3640235e-23,2.7203454e-33,0.001104511,5.2334897000000006e-30
0.0009073949,0.00052479154,2.5690387e-23,0.0,0.0010377145,6.0185985e-29
0.0009073949,0.00052479154,1.8662979e-23,0.0,0.0010536276,1.1164564e-28
0.0009073949,0.00053731835,1.3557864e-23,0.0,0.0011391116,1.4388624e-27
0.0013786914,0.000548347,2.0229034e-24,0.0,0.0010776992,1.7529112e-22
0.0014744579,0.0005478582,4.282423e-26,0.0,0.0011137951,5.327603000000001e-23
0.0015009595,0.00060682575,2.1509997e-27,0.0,0.0011074315,3.2672179999999996e-20
0.0015009595,0.0006609069,1.0530229e-27,0.0,0.0011081657,2.6692088e-20
0.0015941827,0.00065892655,9.070467e-28,0.0,0.0012731544,8.329797999999999e-19
0.0016297221,0.0006460697,2.8980737e-28,0.0,0.0014409112,7.64227e-17
0.0019174153,0.00067619944,8.531429e-29,0.0,0.0014654149,1.01214e-16
0.0042730556,0.0006832604,1.6942633e-30,0.0,0.0016138911,6.934854e-15
0.017579027,0.0007209376,1.750884e-34,1e-45,0.002099572,1.9099687e-10
0.02816408,0.0007693872,5.905838e-35,1e-45,0.0025113276,1.3739383e-10
0.03586289,0.00077327393,1.6270715999999998e-35,0.0,0.0025592598,3.8179914e-11
0.23049176,0.00078634924,1.365695e-34,4.000000000000001e-45,0.002978894,1.6052248e-11
0.3007133,0.0008001124,1.6381651e-34,1.7e-44,0.0032909494,0.01044278
0.3007133,0.0011375677,1.1705081e-34,9.110678e-39,0.0055341357,0.0024972125
0.29195133,0.0013335475,4.2287973e-34,4.6578740000000005e-39,0.0053517222,0.017889332
0.27074897,0.0014640618,8.626547e-34,2.8351490000000003e-25,0.0065041953,0.0077310265
0.142805,0.0018090543,1.7765538e-15,3.975675000000001e-23,0.006988289,0.0045592817
0.0013342593,0.002337497,0.00035016795,2.5788964e-23,0.015166394,0.0012407688
6.394084e-10,0.0035848126,0.0021348323,4.8495530000000003e-23,0.05184149,0.0001216857
6.089993e-10,0.0036918663,0.0037169708,1.3479293e-22,0.12690806,1.2365465e-05
5.41814e-10,0.005712556,0.0010929848,6.3629274e-23,0.07707755,0.0017258793
4.5891438e-10,0.013324425,0.0045490228,3.58431e-24,0.01339846,0.01662947
3.8210432e-10,0.024035383,0.012976151,2.7586454000000004e-26,0.008491704,0.015488551
3.3745864e-10,0.025028037,0.0032160813,2.6138418e-25,0.008233717,0.021563752
3.2027392e-10,0.025119536,0.0028661054,8.91079e-25,0.0058163414,0.007407689
3.05868e-10,0.011107071,0.0012412186,1.1166809999999998e-19,0.011731532,0.04332545
2.9213026e-10,0.02490213,0.001423405,8.760518e-19,0.014036102,0.0069882018
2.7935979e-10,0.04791425,0.005251904,2.6416647e-15,0.008235977,0.03951337
2.6215916e-10,0.032586895,0.002440339,1.9322585e-14,0.0051466334,0.021643836
2.5017666e-10,0.01805503,0.01084842,1.2953107e-11,0.0035328502,0.024130432
2.0152592e-10,0.012765131,0.015692214,3.3104308e-10,0.0033413332,0.024143854
1.7127212e-10,0.009372525,0.003490395,0.016922845,0.0043464703,0.02450065
1.6592805e-10,0.008709479,0.00389809,0.016586967,0.0033675204,0.014555676
1.6007977e-10,0.009052428,0.002830835,0.029139848,0.0021240527,0.038510095
1.5422744e-10,0.005910703,0.0019385836,0.009761983,0.0021554865,0.008365832
1.3526105e-10,0.0039138915,0.011873544,0.0053323456,0.0023248824,0.032880098
1.2405313e-10,0.005957369,0.0065654186,0.008350057,0.0019298465,0.02209622
1.1743115e-10,0.0074480954,0.009141461,0.0066226157,0.001685252,0.021402994
1.0216308e-10,0.0065658125,0.0116823865,0.020077953,0.0010616699,0.03137661
9.3666255e-11,0.0026658587,0.005962057,0.01838845,0.0011649474,0.008756762
8.624052e-11,0.0014140819,0.019907763,0.025373714,0.0020301072,0.043444045
7.2305634e-11,0.0010695449,0.013523906,0.021058293,0.0019367187,0.03411401
6.549803e-11,0.00044731054,0.0063132043,0.018501084,0.001886888,0.024345165
6.12422e-11,0.00038020563,0.013556039,0.025397247,0.0013088253,0.024039665
5.4347478e-11,0.00019379317,0.009386366,0.009699668,0.0015371707,0.016625045
5.0473577e-11,4.9982395e-05,0.0048723025,0.016118163,0.0013671976,0.029839901
4.8094875e-11,1.128257e-05,0.009110858,0.01806257,0.0005730007,0.00845488
4.488797e-11,1.08449985e-05,0.0067956876,0.01755483,2.957354e-05,0.021373475
3.9543212e-11,1.693016e-05,0.0027031465,0.01749551,2.2143736e-06,0.018862009
3.6523423e-11,1.7676724e-05,0.023427969,0.021252152,4.731662e-06,0.015952865
3.054907e-11,2.6437157e-05,0.013750473,0.018412266,7.843473e-06,0.019468455
2.5899914e-11,0.00087254145,0.00421218,0.026734969,1.1144281e-06,0.022318508
2.4601638e-11,0.0012283191,0.009710359,0.011842437,1.2227321e-06,0.02592604
2.289647e-11,0.002701944,0.008179756,0.015200828,9.781685e-07,0.024226824
2.153306e-11,0.009970364,0.0060956096,0.014005409,7.962321e-07,0.00899979
2.0513967e-11,0.008369695,0.0067796875,0.02336665,7.2608475e-07,0.038277064
1.9367407e-11,0.00502155,0.0052425605,0.013041256,6.371452e-07,0.018732844
1.8590246e-11,6.928592e-05,0.0042530033,0.009825818,6.1155794e-07,0.01908816
1.7643992e-11,5.640982e-06,0.011870771,0.025021596,4.5588587e-07,0.017567292
1.5856878e-11,2.8534528e-06,0.009098151,0.016719088,4.325696e-07,0.017529408
1.4249805e-11,2.613828e-06,0.0032863237,0.016931599,3.853521e-07,0.022315979
1.3579721e-11,2.3753817e-06,0.009273856,0.019747667,4.0023662e-07,0.009416735
1.1091635e-11,2.1596295e-06,0.013748939,0.009336803,3.7367533e-07,0.02160264
9.483579e-12,1.9988092e-06,0.0035952555,0.028587012,3.0513925e-07,0.019979078
9.0838665e-12,1.739722e-06,0.008325426,0.017261941,3.2131942e-07,0.023185026
8.479159e-12,1.5855984e-06,0.0060495506,0.022501975,2.8556462e-07,0.02029675
8.023772e-12,1.4482977e-06,0.003245893,0.013226917,2.0132848e-07,0.016213069
6.6034e-12,1.317225e-06,0.04729097,0.010722046,1.6635047e-07,0.019178862
4.9615425e-12,1.2141356e-06,0.023836035,0.023014575,1.8436592e-07,0.024014235
4.2340367e-12,1.1423035e-06,0.014385662,0.008611997,1.5466875e-07,0.0074297357
3.5466896e-12,1.0132604e-06,0.031930428,0.013655393,1.3106431e-07,0.01717469
2.907112e-12,9.3458135e-07,0.015689468,0.015834281,6.5195496e-07,0.018853458
2.5793725e-12,8.5723684e-07,0.005461399,0.018496247,8.893282e-07,0.026418075
2.3346524e-12,7.8702044e-07,0.016494371,0.013297465,7.000325e-07,0.013688266
1.9975582e-12,7.242943e-07,0.008429658,0.007816234,5.1831705e-07,0.017692797
1.8215065e-12,6.840181e-07,0.0027170016,0.0033831322,4.5278344e-07,0.0052116625
1.7280343e-12,7.537895e-07,0.0050454256,0.0013942472,3.9305394e-07,0.013110605
1.6593104e-12,7.1092387e-07,0.0038025726,0.0034187008,3.429328e-07,0.019047726
1.5406175e-12,5.679258e-07,0.0131966015,0.0017613502,2.6342866e-07,0.007992548
1.4013118e-12,5.337328e-07,0.01018467,0.005540348,2.1610127e-07,0.020092461
1.2563722e-12,6.8278075e-07,0.0029406755,0.0022186127,9.823088e-08,0.01161543
1.219195e-12,5.873671e-07,0.0030970632,0.005306558,2.1248407e-07,0.013259916
1.1742562e-12,5.358724e-07,0.001844347,0.003098006,1.9146592e-07,0.012207572
1.139932e-12,4.196701e-07,0.0050055096,0.0046678125,1.9136608e-07,0.017035259
1.048042e-12,4.848399e-07,0.0051640035,0.0027465464,1.4406578e-07,0.01316023
1.0031191e-12,5.2216876e-07,0.0033336848,0.0064068832,1.0639483e-07,0.016846655
9.662401e-13,4.357789e-07,0.0032028856,0.007684501,1.0003253e-07,0.014719438
9.292213e-13,3.2141674e-07,0.0017502591,0.005109908,9.180182e-08,0.010201277
9.102041e-13,3.0069685e-07,0.0023286017,0.0044613113,7.5999736e-08,0.009594916
8.882858e-13,2.4991184e-07,0.0017519736,0.0023962162,5.593103e-08,0.022171367
8.6419646e-13,2.619394e-07,0.0043080584,0.0042938353,5.6066252e-08,0.008529771
8.3277395e-13,2.513483e-07,0.003450942,0.0030505452,5.4214652e-08,0.014781747
7.9563846e-13,2.281772e-07,0.0016197086,0.0042627705,3.6755075e-08,0.024000878
7.8264646e-13,8.762966e-05,0.001464942,0.0036572393,2.7542542e-08,0.0069696014
7.4316286e-13,6.616007e-05,0.0008076133,0.0025537913,2.8191796e-08,0.01633054
7.2229326e-13,5.388886e-05,0.0029093893,0.007234529,2.5693348e-08,0.019181497
6.997837e-13,1.8088662e-07,0.00189713,0.0053753243,2.3751161e-08,0.008926281
6.8091285e-13,1.7002924e-07,0.0046284823,0.0037328491,2.785455e-08,0.016134974
6.445945e-13,1.6097829e-07,0.003967825,0.0021139644,2.3173586e-08,0.013147254
6.242e-13,2.474142e-05,0.0031977275,0.0042859656,1.9010658e-08,0.022254147
5.7621356e-13,0.0001170453,0.00412151,0.0029641574,1.6256338e-08,0.0076891333
5.482974e-13,0.00017629974,0.0018666672,0.005872103,1.2774581e-08,0.023870116
5.312532e-13,5.1860196e-05,0.0014175213,0.0036807605,1.2293749e-08,0.0074199834
4.761311e-13,3.248005e-05,0.011028084,0.0033407982,1.0207677e-08,0.009007987
4.059696e-13,2.6352504e-06,0.0031651878,0.0019845923,8.630786e-09,0.015111074
3.564544e-13,1.5538225e-07,0.02496348,0.0044601234,7.896652e-09,0.019916119
3.0311165e-13,9.6919464e-08,0.011716584,0.0028442559,7.622072e-09,0.009525102
2.7821555e-13,1.8221827e-07,0.009393309,0.0014944153,4.1240926e-09,0.010480684
2.595469e-13,1.7264563e-07,0.007082762,0.0043623303,5.7379976e-09,0.017109565
2.4599737e-13,1.512511e-07,0.0063752076,0.0029973187,4.5263318e-09,0.009808919
2.3208548e-13,1.17659e-07,0.0030658667,0.0023468633,4.7989244e-09,0.008821319
2.2443336e-13,1.038546e-07,0.0019714837,0.0021076994,4.1937684e-09,0.01190779
2.1932003e-13,7.402346e-08,0.0036785565,0.0019839809,3.6454746e-09,0.02709366
2.0752853e-13,9.2540155e-08,0.0037386245,0.00760644,2.8770617e-09,0.0063408087
1.9670631e-13,1.1430644e-07,0.0015454922,0.004527688,1.9351822e-09,0.005176695
1.9093136e-13,8.4285205e-08,0.0013260616,0.0038451422,1.9377124e-09,0.009150748
1.856247e-13,7.490497e-08,0.0018850834,0.0051735714,1.3910113e-09,0.019653808
1.520386e-13,9.111318e-08,0.0010172041,0.0022745251,1.7628182e-09,0.009799239
1.4686065e-13,7.870067e-08,0.00091728236,0.00395888,1.4979501e-09,0.021049881
1.4430957e-13,4.3764018e-08,0.0031970283,0.0015698236,2.6513853e-09,0.007413519
1.1967471e-13,4.1088498e-08,0.011060624,0.0051888363,3.7325973e-09,0.0191791
1.0193959e-13,5.2905104e-08,0.0022005758,0.0028846296,3.1668252e-09,0.012854578
9.7121015e-14,7.91293e-08,0.0015890679,0.0057620374,3.09691e-09,0.02056439
9.4757806e-14,6.751325e-08,0.0028412982,0.0056008543,2.648323e-09,0.017166805
8.371268e-14,3.1357594e-08,0.0024147986,0.009723785,2.9824647e-09,0.016326796
8.0886707e-14,2.9013746e-08,0.006284258,0.0148869185,3.6921715e-09,0.02926165
7.710825e-14,2.6755611e-08,0.005723187,0.0148578,4.146614e-09,0.006931975
7.3547654e-14,4.756026e-08,0.0036707951,0.016798709,3.0245968e-09,0.018418515
7.150167e-14,2.2352047e-08,0.003665131,0.012742205,3.6954724e-09,0.012357501
6.9384304e-14,2.0692688e-08,0.0029453442,0.01132699,4.2321413e-09,0.01735824
6.656266e-14,3.3712315e-08,0.0017158645,0.012477343,3.839801e-09,0.01627623
6.491476e-14,1.8073587e-08,0.005220569,0.017281685,3.7769308e-09,0.020161914
6.1202996e-14,4.340469e-08,0.004810008,0.0072756093,2.9253233e-09,0.01110975
5.810817e-14,5.0700077e-08,0.0023025223,0.005514134,2.2970723e-09,0.019857384
5.686531e-14,3.6310354e-08,0.002329248,0.0072039748,2.019061e-09,0.011000304
5.4161743e-14,1.317006e-08,0.0011590775,0.014453511,1.9954454e-09,0.03580259
5.3581807e-14,1.21088215e-08,0.0013339465,0.018380102,3.2863203e-09,0.018102478
5.1504546e-14,1.1050933e-08,0.0011571129,0.01474533,3.135094e-09,0.014581751
4.8474354e-14,3.9986315e-08,0.0121654,0.012737147,2.2345734e-09,0.021204975
4.399165e-14,9.31076e-09,0.0067547695,0.013995691,2.4738982e-09,0.011662679
4.0819084e-14,2.94704e-08,0.0024072246,0.020658446,1.7232225e-09,0.03564089
3.9151892e-14,8.4534095e-09,0.002105947,0.012106464,1.7970683e-09,0.007946299
3.8334976e-14,1.138252e-08,0.001587192,0.011895271,1.2748202e-09,0.017029518
3.5552436e-14,6.488168e-09,0.004773794,0.019840311,1.6466903e-09,0.023041481
3.339183e-14,5.868505e-09,0.0018377117,0.0176891,2.5479707e-09,0.015498364
3.2690163e-14,5.363275e-09,0.0016357349,0.011908397,4.0260684e-09,0.032122225
3.197996e-14,4.9605373e-09,0.0010921903,0.021834763,4.405426e-09,0.012902348
3.1050957e-14,4.836338e-09,0.0013765119,0.010114977,5.7160454e-09,0.017337903
3.0297037e-14,4.1583887e-09,0.0008955584,0.009892638,4.681064e-09,0.026726687
2.8992874e-14,3.864895e-09,0.005117022,0.011872937,3.428645e-09,0.010304711
2.7790689e-14,1.3267828e-08,0.003610514,0.0107251555,2.7669584e-09,0.020987118
2.5141967e-14,3.321893e-09,0.020341083,0.014223246,3.4927259e-09,0.010947551
2.1937615e-14,1.201418e-08,0.0105944155,0.015190072,2.3811566e-09,0.026839513
2.0291897e-14,2.797409e-09,0.0063501676,0.011907563,2.2815836e-09,0.008514342
1.911632e-14,1.0024464e-08,0.0046033235,0.013895667,2.0633502e-09,0.020465272
1.7503887e-14,2.378894e-09,0.0014818227,0.019491015,1.5814302e-09,0.013435917
1.6388122e-14,1.4695734e-08,0.0041041914,0.024867732,1.3072572e-09,0.047827024
1.5679168e-14,9.2237045e-09,0.0021322833,0.007913476,1.0483984e-09,0.009379871
1.530268e-14,1.7159701e-09,0.0020393413,0.01011081,1.6594043e-09,0.024411283
1.4615016e-14,1.5932815e-09,0.0009537047,0.010836892,1.2964471e-09,0.008037721
1.4169666e-14,1.4836368e-09,0.001889417,0.012119676,1.94187e-09,0.017493194
1.384523e-14,1.2448789e-08,0.0012725106,0.010118283,1.1876201e-09,0.01991524
1.3655433e-14,7.856446e-09,0.0012821631,0.021202229,1.0203918e-09,0.023555018
1.3160735e-14,1.1316692e-08,0.0006868549,0.011300337,6.877067e-10,0.00830631
1.28582625e-14,3.7322496e-09,0.0011359855,0.0109323915,8.708243e-10,0.017728973
1.2671172e-14,9.55509e-10,0.0008783678,0.014892706,1.0331764e-09,0.016997112
1.2285853e-14,9.089638e-09,0.0021169314,0.011769635,7.103822e-10,0.015805764
1.164263e-14,1.1391895e-09,0.00095053617,0.013081734,7.151529e-10,0.01503521
1.1413158e-14,6.9182975e-09,0.0013433765,0.007938311,5.620063e-10,0.016646931
1.1208688e-14,2.8017335e-09,0.00096739014,0.018762143,4.7366333e-10,0.02605729
1.1125659e-14,6.216206e-09,0.000965897,0.013442611,3.4836733e-10,0.015021701
1.081773e-14,2.7551161e-09,0.0006098797,0.010499941,2.9297587e-10,0.014426138
9.112772e-15,6.369137e-10,0.012298468,0.006430688,2.7860553e-10,0.010904317
8.264578e-15,4.9660356e-09,0.004740986,0.0046911407,2.0739359e-10,0.015592749
7.804927e-15,3.6128698e-09,0.0055782585,0.002107088,1.7254354e-10,0.010669234
6.914645e-15,5.114704e-09,0.002463497,0.0035585712,1.443496e-10,0.023595827
6.086167e-15,4.160882e-10,0.027605288,0.0019238103,1.6016116e-10,0.004078169
5.0470683e-15,3.9705145e-10,0.019698326,0.0016258913,2.7963648e-10,0.004559448
4.41392e-15,3.7878792e-10,0.007888485,0.0009554027,4.4209766e-10,0.0035687734
3.8607855e-15,3.5406425e-10,0.012598558,0.010098581,7.531786e-10,0.015681244
3.383518e-15,3.1262766e-09,0.00373298,0.0061490494,1.0492861e-09,0.0123209385
3.0390375e-15,3.1108158e-10,0.021518761,0.0040871133,9.006469e-10,0.015469801
2.5447227e-15,2.9373665e-10,0.010710401,0.0025223207,1.0199624e-09,0.012040627
2.3356222e-15,2.7784558e-10,0.004542439,0.0029142685,1.2371109e-09,0.013824269
2.2371576e-15,2.6442432e-10,0.0034233767,0.0008495624,1.1742779e-09,0.008998046
2.1448685e-15,2.5164276e-10,0.0016964329,0.0013861984,9.943941e-10,0.01145998
2.0757548e-15,2.370868e-10,0.0012616663,0.003274808,9.0376945e-10,0.025023151
1.9213325e-15,1.0924239e-09,0.010234669,0.0021373222,7.4170026e-10,0.007374661
1.69858e-15,2.1335893e-10,0.004263135,0.0019240355,6.6867867e-10,0.0049381405
1.6395156e-15,2.0429759e-10,0.0034858626,0.00084869465,8.941211e-10,0.004041588
1.5906852e-15,1.9473186e-10,0.0025790732,0.0038202936,7.2060474e-10,0.0037330682
1.5564151e-15,3.026609e-09,0.002204636,0.0018607435,5.951023e-10,0.0040449295
1.5185554e-15,1.7393034e-10,0.0033040566,0.0017758339,6.128916e-10,0.0043570995
1.4494581e-15,1.6533284e-10,0.0027001533,0.0033834928,6.8390577e-10,0.006890118
1.3935338e-15,3.0189692e-10,0.0012965308,0.0009896911,5.461605e-10,0.0044686594
1.3021526e-15,3.65266e-10,0.00083253946,0.0019615982,4.434709e-10,0.0045726965
1.2836709e-15,1.4315717e-10,0.0011966167,0.0007521503,5.604373e-10,0.0032565692
1.2368602e-15,1.3694691e-10,0.00062674447,0.001979435,6.3382494e-10,0.0034786507
1.2283366e-15,5.6863954e-09,0.00059458264,0.0003799781,1.1794992e-09,0.0009740541
1.2174834e-15,1.2752312e-10,0.0010510529,0.00057952903,8.3563767e-10,0.0010174295
1.1668103e-15,1.2303528e-10,0.0010807598,0.0017435555,7.6012724e-10,0.0015377447
1.0984932e-15,1.7235927e-10,0.0067555616,0.0010273104,8.3174995e-10,0.0013883702
1.0434491e-15,1.1328108e-10,0.0054856255,0.002751152,1.0293443e-09,0.0022229133
9.732712e-16,1.3060109e-09,0.005819551,0.0010236454,7.3176326e-10,0.0013089636
9.254828e-16,9.0038615e-10,0.0034043225,0.00066677545,5.45428e-10,0.0010251644
9.015819e-16,1.02010005e-10,0.0033990662,0.0007939375,2.9688657e-10,0.0010386527
8.7649233e-16,9.809897e-11,0.0027301142,0.0009609195,5.3550486e-10,0.001795957
8.560459e-16,9.460817e-11,0.0021999949,0.001283508,6.186302e-10,0.0006796238
8.227741e-16,2.4913802e-10,0.0011538742,0.0004860165,4.9814264e-10,0.00061477144
7.778780500000001e-16,8.821055e-11,0.0029928326,0.00044417,4.7967996e-10,0.00072289695
7.390541400000001e-16,8.570305e-11,0.0011661286,0.0009957402,5.603512e-10,0.0011818783
7.141572500000002e-16,1.7353547e-09,0.0005549327,0.00026848947,3.7010425e-10,0.00050078554
7.0174345e-16,1.0405542e-09,0.0003526853,0.00035902808,3.8387973e-10,0.00054976105
6.557481300000001e-16,2.1819908e-09,0.00015353427,0.00016380739,3.0412967e-10,0.00040559613
6.534616700000002e-16,5.7932165e-10,0.00013627329,0.00022841069,3.6964656e-10,0.0005016372
6.527776400000002e-16,7.4315755e-11,0.00013606287,0.0003758992,3.9915357e-10,0.00091637
6.505837e-16,7.2472923e-11,0.00012002498,0.00031836034,3.2724262e-10,0.0004984432
6.171816600000001e-16,7.0757185e-11,3.56254e-05,0.0002520593,2.5956054e-10,0.0003179693
6.043627e-16,7.7543516e-10,1.8188282e-05,9.559392e-05,2.6391944e-10,0.00012985099
6.025762e-16,6.839268e-11,1.5766007e-05,3.805408e-05,2.969685e-10,6.775602e-05
5.817729e-16,1.215732e-09,6.2422964e-06,8.577198e-06,3.3073339e-10,5.5260527e-05
5.605923e-16,6.565794e-11,2.6416383e-06,2.644693e-06,3.224636e-10,4.080277e-05
5.592476e-16,1.4324257e-09,2.351537e-06,6.139848e-07,1.8405194e-10,5.258147e-05
5.484706700000001e-16,9.0514884e-10,1.3764592e-06,1.8400925e-07,2.7220473e-10,4.1105253e-05
5.347331e-16,1.2304955e-09,8.0556936e-07,8.428027e-08,1.3628255e-10,4.1193864e-05
5.347298e-16,6.218142e-11,8.0432534e-07,5.1268273e-08,3.414772e-10,2.7929182e-05
5.3218794000000015e-16,2.5602962e-09,7.463937e-07,1.8723378e-07,3.101908e-10,9.162254e-05
5.3091866e-16,3.2057473e-10,7.386029e-07,2.754241e-07,2.5723781e-10,7.5737866e-05
5.296524e-16,8.7866453e-10,7.2494123e-07,2.2240427e-07,2.7035005e-10,8.68145e-05
5.197324e-16,1.2602187e-09,9.502027e-07,2.5889798e-07,2.5196395e-10,0.00013126303
5.1972856e-16,4.9401766e-10,9.487354e-07,3.1880896e-07,2.2330915e-10,0.00010186447
5.184882400000001e-16,8.650225e-10,8.945555e-07,3.51502e-07,2.4132488e-10,0.00012571346
5.172511e-16,1.1980233e-09,8.393963e-07,3.028447e-07,1.6351227e-10,0.000117890486
5.172477600000001e-16,7.4163375e-10,8.381001e-07,2.7736917e-07,2.1100771e-10,8.799192e-05
5.172444300000001e-16,1.1720418e-09,8.368059e-07,5.0792e-07,1.7422296e-10,0.0001953632
5.172411e-16,9.479469e-10,8.355137e-07,3.3733033e-07,1.2128437e-10,0.00011668858
5.1723776e-16,5.578655e-10,8.3422344e-07,1.855445e-07,1.5322729e-10,7.3827374e-05
5.160038e-16,9.47984e-10,7.6891325e-07,7.809791e-08,2.3630684e-10,2.9977491e-05
5.004835e-16,4.6816148e-11,5.8833064e-07,3.5927716e-08,1.9402013e-10,2.977084e-05
5.004812e-16,4.6025538e-11,5.874221e-07,2.554687e-08,2.1421905e-10,2.5914274e-05
4.992881e-16,4.50965e-11,5.363628e-07,1.9239456e-08,2.1690945e-10,3.1657146e-05
4.922416e-16,4.4162042e-11,4.3411447e-07,1.2894323e-08,1.8621678e-10,3.5605328e-05
4.818963700000002e-16,4.317459e-11,3.423644e-07,2.0424816e-08,2.0040719e-10,4.015265e-05
4.818951e-16,4.2252014e-11,3.418357e-07,3.8423817e-08,2.0473985e-10,3.9109385e-05
4.800628e-16,4.106959e-11,2.99401e-07,6.551322e-08,2.2472982e-10,6.3864965e-05
4.761988e-16,4.0298976e-11,2.3766269e-07,3.852377e-08,2.2181099e-10,3.347609e-05
4.7619795e-16,3.9432593e-11,2.3729568e-07,6.1495385e-08,2.0866497e-10,3.1614116e-05
4.750639300000002e-16,3.8695335e-11,2.1511777e-07,5.223092e-08,2.0463145e-10,2.4321844e-05
4.618448e-16,3.7987984e-11,1.5783053e-07,3.636475e-08,5.676544e-11,3.1414496e-05
4.6074527e-16,3.7423478e-11,1.4339929e-07,3.3516574e-08,1.7402968e-10,1.725576e-05
4.596484e-16,7.7408224e-10,1.299964e-07,2.1133625e-08,1.5658139e-10,1.4257923e-05
4.596479300000002e-16,3.6525293e-11,1.2979564e-07,1.2504822e-08,2.0289072e-10,1.1287234e-05
4.5964746e-16,3.5857654e-11,1.295952e-07,1.2004971e-08,1.9132787e-10,1.7184995e-05
4.4173573e-16,3.5366283e-11,9.715258e-08,1.2670854e-08,1.6617556e-10,1.547408e-05
4.3866666000000005e-16,3.476615e-11,7.952335e-08,2.8983878e-08,1.6325202e-10,1.7339155e-05
4.2738514e-16,4.714385e-10,6.4595156e-08,3.3658388e-08,1.6913225e-10,2.0639694e-05
4.2738493000000005e-16,3.3166657e-11,6.44954e-08,2.4442071e-08,1.6191792e-10,2.77819e-05
4.2738471e-16,3.2404864e-11,6.43958e-08,2.0187903e-08,2.471734e-10,2.3593642e-05
4.273845e-16,4.7937365e-10,6.429635e-08,1.8594635e-08,1.9941256e-10,2.216802e-05
4.273843e-16,2.5921884e-10,6.419705e-08,1.5657141e-08,1.9798606e-10,1.754333e-05
4.2738408000000006e-16,3.0506445e-11,6.409791e-08,9.435558e-09,1.9600185e-10,1.9722673e-05
4.2738387000000005e-16,2.9747805e-11,6.3998925e-08,6.437171e-09,2.2948396e-10,2.5062767e-05
4.2738366e-16,2.9165836e-11,6.390009e-08,2.2234135e-09,2.343689e-10,1.9149806e-05
4.2434686000000006e-16,2.8543863e-11,5.6708295e-08,7.19845e-10,2.1130468e-10,1.8942535e-05
4.2434667e-16,2.7933086e-11,5.6620717e-08,2.8877725e-09,2.1291603e-10,2.0750185e-05
4.2133147e-16,5.960643e-10,4.943362e-08,8.103499e-09,1.2897383e-10,2.3528484e-05
4.2133131000000005e-16,5.281331e-10,4.9357276e-08,5.910215e-09,8.552025e-11,2.383346e-05
4.2133116e-16,2.6188473e-11,4.9281052e-08,2.474329e-09,1.348072e-10,1.4538823e-05
4.1055962e-16,4.1551425e-09,5.8209253e-08,1.2823989e-09,1.7513273e-10,1.6824588e-05
4.1055944e-16,2.5441054e-09,5.8119355e-08,8.3603297e-10,1.9003539e-10,1.7062875e-05
4.1055925000000005e-16,2.4652379e-11,5.80296e-08,4.850267e-10,1.6037284e-10,1.855495e-05
4.1055907e-16,2.4063895e-11,5.793998e-08,3.2552112e-08,1.2886052e-10,2.2793138e-05
3.9546692000000006e-16,2.3475338e-11,9.252694e-08,7.540106e-08,1.6134119e-10,2.191647e-05
3.9546663e-16,2.2883449e-11,9.238404e-08,6.887614e-08,1.6016406e-10,2.5440371e-05
3.9546637000000006e-16,2.2235517e-11,9.2241365e-08,5.366159e-08,1.6956567e-10,2.8571369e-05
3.9546608e-16,2.1718093e-11,9.2098915e-08,3.3521065e-08,1.9285723e-10,1.8415067e-05
3.862535e-16,2.1261728e-11,9.09954e-08,2.2715893e-08,1.5783536e-10,1.45642525e-05
3.8368493000000005e-16,2.0783444e-11,8.3700996e-08,2.9009085e-08,1.6425987e-10,1.6343918e-05
3.6320818e-16,4.261748e-10,1.8197575e-07,4.760028e-08,1.2230954e-10,2.2347163e-05
3.6186317000000005e-16,1.986396e-11,1.6309211e-07,7.302722e-08,1.580922e-10,1.533973e-05
3.6186272e-16,3.7554898e-10,1.6284024e-07,8.904106e-08,1.085964e-10,2.7967842e-05
3.5273435e-16,1.8765527e-11,1.4892758e-07,1.1009726e-07,1.1132175e-10,2.6568883e-05
3.4520068000000004e-16,4.3934514e-10,1.2924797e-07,8.0707224e-08,9.095823e-11,2.8988843e-05
3.4520034e-16,1.7619246e-11,1.2904835e-07,9.205616e-08,9.106093e-11,3.3167667e-05
3.3953083e-16,2.2085556e-10,9.449393e-08,1.1381742e-07,7.723007e-11,4.12142e-05
3.395306e-16,3.9291365e-10,9.4347996e-08,1.11187184e-07,5.637438e-11,4.4210065e-05
3.3953032e-16,2.5398797e-10,9.4202285e-08,1.854301e-07,5.2579358e-11,4.5815457e-05
3.3953009e-16,1.5036417e-11,9.40568e-08,3.0214918e-07,4.182214e-11,4.770857e-05
3.3711747e-16,7.830258e-11,9.600676e-08,2.6619682e-07,4.3395502e-11,4.1166113e-05
3.355166e-16,2.9335104e-10,1.7172583e-07,3.5384923e-07,3.6894165e-11,4.3492248e-05
3.3471777e-16,1.3374075e-11,2.5200643e-07,1.7515847e-06,4.5634333e-11,5.4592914e-05
3.299944e-16,1.59336e-10,1.0391793e-06,1.1853551e-06,3.946887e-11,5.2416155e-05
3.2401792e-16,2.3486793e-10,2.21029e-06,5.792457e-07,2.754834e-11,5.1119863e-05
3.1553274e-16,4.3499582e-11,4.5379047e-06,5.3394353e-07,3.113785e-11,4.865958e-05
3.1477155e-16,1.1215429e-11,4.5192455e-06,8.818105e-07,5.1556474e-11,6.0031547e-05
3.1326725e-16,1.0603612e-11,5.2222645e-06,3.5741414e-06,6.8189676e-11,7.395075e-05
3.1325467e-16,3.069036e-11,5.2141995e-06,4.6907853e-06,5.0708254e-11,8.326588e-05
3.1175611e-16,7.356935e-11,6.597223e-06,3.7942636e-06,4.4304758e-11,7.117783e-05
3.109994e-16,8.971963e-12,7.405598e-06,7.74464e-06,3.975719e-11,7.293772e-05
2.9021392e-16,8.451776e-12,6.0116607e-05,2.5047044e-05,3.3033572e-11,8.5350366e-05
2.7568016000000005e-16,7.915998e-12,7.162645e-05,1.9702555e-05,3.215227e-11,9.7868506e-05
2.7103958000000004e-16,1.1025658e-10,6.172675e-05,1.6602628e-05,2.8643e-11,7.978929e-05
2.7091105e-16,7.0174695e-12,6.163143e-05,4.1900093e-05,3.1186262e-11,9.0754e-05
2.3403028000000003e-16,1.0341939e-10,0.00042687208,0.00016031797,2.389683e-11,0.0001184385
2.2701558e-16,1.1506983e-10,0.00038253947,0.00084878964,1.976738e-11,0.0001791166
2.1197063e-16,1.5055412e-10,0.006393733,0.008321177,1.5011142e-11,0.00079824595
1.8955954000000003e-16,1.9624748e-10,0.0018888746,0.015418406,1.0696649e-11,0.0014932468
1.7026866000000002e-16,1.8015942e-10,0.012610577,0.014897408,6.5746375e-12,0.00078118546
1.5550415e-16,7.026454e-11,0.007113567,0.027659582,8.238084e-12,0.0028339243
1.4222023e-16,1.3215237e-10,0.019406583,0.008687498,6.090994e-12,0.0014790018
1.180662e-16,1.29736e-10,0.0123339705,0.012170767,5.296133e-12,0.0018810687
1.0803947e-16,9.513344e-11,0.007082472,0.03569465,4.33235e-12,0.005278197
9.7933936e-17,7.412014e-11,0.0071191574,0.009999207,3.3904231e-12,0.01156965
8.3435935e-17,3.763853e-11,0.0019064016,0.024869975,2.38617e-12,0.018710766
8.065552e-17,1.9491472e-12,0.003181164,0.034446258,2.095268e-12,0.049715754
7.634704e-17,4.789174e-11,0.0014669627,0.02208501,1.3598404e-12,0.023090767
7.397886e-17,2.6773153e-11,0.00564198,0.030719597,1.0447842e-12,0.04624569
7.081461000000001e-17,1.7284247e-11,0.004754748,0.008962872,9.294507e-13,0.026194816
6.321328000000001e-17,4.520011e-11,0.0014368825,0.027659988,6.4144176e-13,0.029137349
6.251902500000001e-17,9.49041e-13,0.001434663,0.019617792,3.846633e-12,0.019846411
6.01203e-17,8.56316e-13,0.0008510069,0.02664475,5.6688473e-12,0.045539584
5.852693000000001e-17,5.7920686e-11,0.004791999,0.014720958,4.183612e-12,0.014832964
5.568592e-17,3.248159e-11,0.0033695644,0.060639534,3.3593013e-12,0.0856652
5.0281835e-17,3.6815502e-11,0.0013603097,0.013134896,2.4765147e-12,0.041228235
4.569257e-17,4.33069e-13,0.016388426,0.016855665,9.005644e-12,0.030502621
3.8887825e-17,3.9371864e-13,0.0071300464,0.05138177,1.0808229e-11,0.03884771
3.6425007e-17,2.4449187e-11,0.0033115821,0.018255766,7.981763e-12,0.025726862
3.5432758000000003e-17,2.7430627e-13,0.003995446,0.034365304,6.2519477e-12,0.036246847
3.4361228000000003e-17,2.312622e-13,0.0039892728,0.008741743,7.45158e-12,0.019117193
3.3304492e-17,7.366157e-12,0.0035492454,0.028325405,5.865857e-12,0.04306061
3.2322135e-17,1.276933e-11,0.004718078,0.013321317,4.7851523e-12,0.011120241
2.859619e-17,3.4221855e-13,0.010861821,0.016396938,3.8860555e-12,0.025329076
2.524127e-17,1.545214e-13,0.0035381746,0.02731047,3.782648e-12,0.021423468
2.2162088e-17,2.6926449e-11,0.03720595,0.02122033,2.5782462e-12,0.05435582
1.6650309000000002e-17,1.3806706e-11,0.037148457,0.017570045,2.017945e-12,0.016664578
1.2974507e-17,1.6369192e-11,0.025793953,0.02705535,1.6040234e-12,0.05556922
1.0956242e-17,6.7077433e-12,0.019714694,0.014171786,1.2168377e-12,0.04073917
9.415786e-18,1.1324817e-11,0.01968423,0.019871702,7.2798847e-13,0.021731956
8.093815e-18,6.108458e-13,0.019653814,0.029541893,6.190953e-13,0.031345144
7.0945304e-18,6.404802e-14,0.016417107,0.01278591,1.3364389e-12,0.015635936
6.320019299999999e-18,2.391215e-11,0.009640666,0.008611398,1.0454848e-12,0.018397743
5.423815e-18,4.6115876e-12,0.0032294071,0.015804008,7.6676014e-13,0.020455873
4.7667817e-18,5.0212615e-14,0.037266187,0.017004794,2.7277987e-12,0.013401645
3.62548e-18,4.5707544e-14,0.019309003,0.035942778,2.6960853e-12,0.053178042
3.1104535e-18,3.8742094e-14,0.0056713116,0.008740504,2.9404621e-12,0.016265351
2.9783330000000002e-18,3.5928722e-14,0.00577138,0.0110744,3.402948e-12,0.023034114
2.8461386e-18,1.2391133e-11,0.0049822056,0.033461418,2.3215256e-12,0.010131096
2.7368478e-18,2.750798e-14,0.0040669986,0.011082728,2.7124707e-12,0.021446459
2.652623e-18,2.556569e-14,0.0040607136,0.009818175,3.4726137e-12,0.01806056
2.5711145e-18,1.3717523e-11,0.004054438,0.017458996,2.093818e-12,0.02763682
2.4922309e-18,9.746059e-12,0.004048172,0.011147141,2.3459982e-12,0.0096494565
2.400082e-18,5.458421e-12,0.0056272196,0.008950911,1.8507906e-12,0.019528499
2.2958195e-18,2.0272891e-12,0.0046550785,0.009625855,1.620432e-12,0.0071963514
2.1688545e-18,5.027649e-12,0.0021584635,0.0031985997,1.3734348e-12,0.012171673
2.1221976e-18,9.0932056e-10,0.0034276852,0.0058655688,2.5175203e-12,0.02637907
2.0653052e-18,1.2760249e-11,0.003208385,0.0071458337,1.8616382e-12,0.006008188
2.015e-18,1.499773e-11,0.0032034267,0.0064780493,1.6087546e-12,0.013273422
1.8575019e-18,1.31538855e-14,0.016932135,0.0124402745,2.8944859e-12,0.018583542
1.4281427e-18,1.2232677e-14,0.018559018,0.0084198285,2.6684488e-12,0.009427239
1.2524289e-18,1.2160796e-11,0.014107467,0.004391618,2.0570787e-12,0.013275198
1.1317929e-18,3.0510017e-12,0.010795606,0.003553553,1.9508217e-12,0.019450948
1.0461724999999998e-18,1.0146168e-14,0.0075842626,0.0030836875,2.566853e-12,0.008150943
8.732261e-19,9.473637e-15,0.0022529052,0.0018040776,2.3747547e-12,0.024798682
8.582362e-19,1.4704803e-11,0.0022494234,0.0042756298,1.876026e-12,0.007286418
8.030517499999999e-19,8.343933e-15,0.0013006133,0.0025450094,1.8202133e-12,0.012721357
7.175718e-19,7.897946e-15,0.023635602,0.0058449963,2.8063754e-12,0.020390619
6.1223587e-19,6.5478924e-12,0.015730882,0.0051718787,2.0055108e-12,0.018461876
5.425143e-19,3.2905133e-12,0.01570657,0.009750459,1.5040373e-12,0.032168932
4.865697999999999e-19,6.3324645e-15,0.010864518,0.0148494905,1.8920607e-12,0.012888302
4.4871963e-19,8.117847e-12,0.009627253,0.014468995,1.5371537e-12,0.012052446
3.988227e-19,1.8803388e-11,0.015098447,0.0068157422,1.0701209e-12,0.015215794
3.5759842e-19,6.296897e-12,0.012272473,0.011343936,1.2150642e-12,0.018087706
3.2747535e-19,4.642363e-15,0.0078460835,0.0050377985,1.3013859e-12,0.008760804
3.0873058e-19,5.837232e-12,0.0066257482,0.004674084,1.0028704e-12,0.008421034
2.9169113e-19,1.1243366e-11,0.0035742798,0.0019928175,8.48931e-13,0.013255619
2.677878e-19,6.1309907e-12,0.006328437,0.0054217726,8.118569e-13,0.02204497
2.446773e-19,3.647192e-15,0.002051909,0.002507291,7.3949245e-13,0.0054731835
2.2626169e-19,6.9477796e-12,0.0067664334,0.0044524632,6.304173e-13,0.008881184
2.1418674e-19,3.213756e-15,0.0041316315,0.004664046,6.7362874e-13,0.021653559
2.0749218e-19,2.9989907e-15,0.0041252463,0.0033881068,1.059836e-12,0.016482007
2.0070898e-19,2.8065691e-15,0.00349186,0.0069997446,1.0750922e-12,0.019830821
1.9343231e-19,1.00576145e-11,0.0020129257,0.0031914434,7.401634e-13,0.010014121
1.8951311e-19,9.687724e-13,0.0017425091,0.009540204,6.7991885e-13,0.027653642
1.8527352e-19,2.269885e-15,0.0011951283,0.015789337,6.5261506e-13,0.010092786
1.8086228e-19,4.938591e-12,0.0026320212,0.00856908,5.42094e-13,0.012128216
1.7174677e-19,5.1871758e-12,0.0015296798,0.0055117775,3.7708462e-13,0.01832614
1.6945297999999998e-19,5.4474376e-12,0.0018409725,0.0087907715,3.608215e-13,0.018088568
1.6295335e-19,1.6984141e-15,0.0025681353,0.0051294086,5.118743e-13,0.010038295
1.5133798e-19,6.4486146e-12,0.0009450372,0.0060643735,3.875021e-13,0.014236319
1.441477e-19,1.4863325e-15,0.0016049179,0.008169287,4.4535938e-13,0.027135914
1.3990261e-19,5.71313e-12,0.0014892224,0.0051479074,3.3787374e-13,0.005125178
1.366712e-19,7.415726e-12,0.0010859419,0.0039834157,2.481908e-13,0.013748432
1.3386874999999998e-19,4.8824547e-12,0.0034798493,0.0021450373,2.5358e-13,0.016459353
1.3033586e-19,1.162575e-15,0.0034744719,0.0033387227,2.9447197e-13,0.006725788
1.2435533e-19,1.1031287e-15,0.0015682402,0.0011603882,3.6625125e-13,0.00764551
1.2243253e-19,1.7781843e-12,0.0013628184,0.004137832,3.1569612e-13,0.013553832
1.2094323e-19,4.7851896e-12,0.0014562658,0.0017353522,2.3624034e-13,0.011259492
1.1959713e-19,9.429316e-16,0.0014540154,0.0039632297,3.5398374e-13,0.007863467
1.1826805e-19,2.674404e-12,0.0014517686,0.0015321467,2.8908294e-13,0.0132169165
1.1534586e-19,3.5972802e-12,0.0018629256,0.0025371115,2.193592e-13,0.008139147
1.1353137e-19,4.5245127e-12,0.001652506,0.00089066935,2.2666133e-13,0.0054429006
1.1191561e-19,5.3138344e-12,0.0015027322,0.0034552414,1.6408278e-13,0.0056246677
1.0842314e-19,1.520023e-12,0.0048253373,0.0020915705,1.868098e-13,0.007096378
1.04455056e-19,6.932561e-16,0.004357038,0.0035262727,2.1231446e-13,0.0078081316
9.9305075e-20,1.0648077e-12,0.0019453855,0.0012519462,1.7710338e-13,0.013392618
9.653127e-20,5.9002153e-14,0.0012285532,0.0021772063,1.4085268e-13,0.007351258
9.544969e-20,5.8594145e-16,0.0014359322,0.0014559544,1.9342577e-13,0.019910295
9.31868e-20,5.504254600000001e-16,0.0012501695,0.007738932,7.179471e-13,0.0074390415
9.1761446e-20,5.117394e-16,0.0013065278,0.010681002,1.1174409e-12,0.036149327
8.918556e-20,1.3543008e-12,0.0007298204,0.00913291,7.9570844e-13,0.01023346
8.579726999999999e-20,4.442915400000001e-16,0.0008898198,0.008665043,7.647186e-13,0.014313907
8.504405e-20,4.1509474e-16,0.0013331723,0.0060874573,7.8846527e-13,0.019653983
8.4027566e-20,6.1082055e-12,0.0013331992,0.008386422,1.0036328e-12,0.019698797
8.165671e-20,3.6615776e-16,0.0007561156,0.0056763194,6.8644477e-13,0.0148869585
8.101815e-20,1.0322922e-13,0.0007229583,0.0051089227,4.7293533e-13,0.024517925
8.056922e-20,3.2260303e-16,0.00072184106,0.0023059489,5.125528e-13,0.005829935
8.0123474e-20,3.0535869000000003e-16,0.0007207256,0.0055386727,5.858687e-13,0.010172599
7.918413e-20,1.0773761e-12,0.001833212,0.0029093828,4.0485654e-13,0.015706755
7.365829e-20,1.840302e-12,0.003402138,0.005160153,3.455984e-13,0.025482608
7.175724e-20,2.4870616e-16,0.0033968803,0.0064707967,3.042614e-13,0.01035552
6.931771999999999e-20,2.3250694e-16,0.002166454,0.010469154,3.1905904e-13,0.021604368
6.635517e-20,2.3909648e-13,0.008417726,0.010458078,2.135529e-13,0.02018087
6.199145e-20,1.7779766e-12,0.0056278915,0.010735235,1.587518e-13,0.013975046
5.9292965e-20,1.7730222e-12,0.004141758,0.008780536,1.4322164e-13,0.019651884
5.727729e-20,1.7215053e-12,0.003332239,0.010497263,1.02746696e-13,0.013556363
5.570905e-20,7.073617e-13,0.0026824714,0.013655884,8.01347e-14,0.025553092
5.4338574e-20,6.5586723e-13,0.002121546,0.010208865,1.0544388e-13,0.011627237
5.268259999999999e-20,1.3546159000000002e-16,0.00432202,0.012165784,8.908767e-14,0.028214669
5.0891127e-20,1.609445e-10,0.0036365904,0.014875921,2.518225e-13,0.0060851453
4.7970275e-20,4.452915e-12,0.0014377317,0.009218498,2.6677158e-13,0.010913983
4.5687105e-20,3.3507763e-12,0.0025596132,0.0071152537,2.549169e-13,0.017859114
4.4521119999999996e-20,4.0583635e-12,0.0017724292,0.012243995,1.9278908e-13,0.023703674
4.377099e-20,2.5239004e-12,0.0015155057,0.014138779,1.6277434e-13,0.009419194
4.3025754e-20,3.8091782e-12,0.0023414404,0.0124579845,1.0685248e-13,0.02650588
4.1323047999999997e-20,2.7115738e-12,0.0020754845,0.0128406165,1.278876e-13,0.007961074
4.066911e-20,2.9339844e-12,0.002072277,0.012246071,1.149311e-13,0.018632157
3.9881373e-20,6.390445e-17,0.0019263963,0.016407218,1.1769683e-13,0.018288152
3.5675019999999996e-20,8.9851943e-13,0.0008445534,0.021102037,1.2511854e-13,0.018190375
2.9742025e-20,1.7685938e-12,0.005719007,0.0104210805,1.01119905e-13,0.016806956
2.7757932e-20,4.83535e-17,0.0025711758,0.018947868,1.1746237e-13,0.025863944
2.6608014e-20,1.8128615e-12,0.008859889,0.017489772,8.8257445e-14,0.010381723
2.4312533e-20,1.8450209e-12,0.0070891255,0.01611199,8.5686354e-14,0.026138071
2.3042247999999998e-20,2.6208014e-12,0.0062702075,0.008320004,5.6547794e-14,0.007301859
2.1927164e-20,3.3224220000000005e-17,0.0058897873,0.014858276,1.2869046e-13,0.015164646
2.0937457e-20,8.5318265e-13,0.004609746,0.011871288,1.3583904e-13,0.01808084
2.0137239e-20,1.4476588e-12,0.0031739243,0.017007632,1.0376757e-13,0.020621605
1.9101387e-20,4.4396455e-13,0.0030604075,0.024314264,9.2299696e-14,0.015674999
1.7758109e-20,2.133094e-13,0.0011157813,0.01242487,7.3224264e-14,0.026846135
1.6321383e-20,2.0687228e-17,0.004132483,0.01516489,6.505296e-14,0.00934111
1.5079354e-20,1.2061301e-12,0.0013862303,0.013861452,5.4033577e-14,0.018834438
1.3972624999999998e-20,1.7440743e-17,0.004181954,0.011982204,6.0607694e-14,0.011823307
1.1717986e-20,1.3863902e-12,0.0015484416,0.009335388,4.3158893e-14,0.025087949
1.0226796e-20,1.4903088000000002e-17,0.007746403,0.027816085,9.493135e-14,0.006894127
9.280984e-21,8.529593e-13,0.0022916037,0.013204625,9.2411125e-14,0.01849736
8.925753e-21,9.103675e-13,0.0027973703,0.012634501,6.079306e-14,0.011923285
8.726164e-21,1.0891955e-17,0.0024811593,0.018708648,7.595161e-14,0.0351597
8.229583e-21,7.173503e-13,0.0039648884,0.020114172,6.3083985e-14,0.0076224906
7.765833e-21,2.5943174e-13,0.0016175472,0.010496589,6.425349e-14,0.013144455
7.518809999999999e-21,5.556987e-13,0.0023480954,0.013952048,5.2032956e-14,0.03702771
7.3501185e-21,7.479435e-18,0.0017675306,0.015039091,8.667451e-14,0.0135783255
7.212919e-21,6.905363e-18,0.0017770233,0.010710962,6.644786e-14,0.014757058
7.004375e-21,6.444240000000001e-18,0.0010367924,0.0057126908,8.139725e-14,0.011672067
6.764107e-21,6.354698e-13,0.0021560756,0.00808628,8.402088e-14,0.021701127
6.6435999999999984e-21,5.658188e-13,0.0019127685,0.003089362,8.295747e-14,0.0048743216
6.5289035000000004e-21,2.4035944e-13,0.0017196328,0.0028373958,4.8495662e-14,0.009892236
6.3491658e-21,5.012771e-18,0.0010792548,0.0017752567,7.197686e-14,0.016556932
6.2124124e-21,3.2774356e-13,0.0030807348,0.0048245606,5.3534966e-14,0.011375445
5.9943226e-21,4.4801095e-18,0.0022771722,0.0029588991,4.5000306e-14,0.012177941
5.8408766e-21,9.4382314e-12,0.0015491173,0.0024283046,1.1949979e-13,0.019874688
5.771747e-21,4.0078832e-18,0.0015467224,0.0017456547,1.154577e-13,0.0061156056
5.6939595e-21,3.748192e-18,0.001431301,0.0060535073,1.3591985e-13,0.02257653
5.506495700000001e-21,6.724949e-13,0.0016956462,0.0027225225,1.0693559e-13,0.007567046
5.2380703e-21,5.6877285e-12,0.0007690985,0.002945627,1.5898329e-13,0.010482951
5.19662e-21,7.991357e-13,0.0007418595,0.001433769,1.3386815e-13,0.02031622
5.100572600000001e-21,6.318712e-13,0.00130792,0.0036311084,1.2414034e-13,0.009317978
5.0260164e-21,5.489683e-12,0.0010301413,0.0014513606,1.895315e-13,0.008542683
4.945437400000001e-21,2.6952425e-18,0.00090892985,0.0036652351,1.9818935e-13,0.00627187
4.891178700000001e-21,2.5560427e-18,0.001271724,0.0015840569,2.0441141e-13,0.008704542
4.807116e-21,2.3950350000000002e-18,0.0010093669,0.0070866435,1.6939473e-13,0.022084218
4.7397906e-21,7.169581e-11,0.0019950955,0.0025911485,1.4338476e-13,0.008453329
4.6355266000000004e-21,6.497359e-13,0.0017450895,0.0025547578,1.4974546e-13,0.007055287
4.566496e-21,2.047921e-18,0.0015464468,0.0009649543,1.6609884e-13,0.0066390648
4.4965643e-21,1.9559775e-18,0.0012864167,0.0027439708,1.7919441e-13,0.0059917867
4.452326e-21,1.8489207e-18,0.0012844278,0.0013949182,1.5620164e-13,0.010597616
4.3832293e-21,1.7822868e-18,0.0011310846,0.000802178,1.6852406e-13,0.004247003
4.3195925e-21,1.7071800999999998e-18,0.0011033744,0.0021143886,1.8192954e-13,0.0045034727
4.266470400000001e-21,1.641546e-18,0.00090204773,0.00059728976,1.6529534e-13,0.0022954545
4.2369936e-21,9.266959e-13,0.00090065313,0.00034843874,1.167132e-13,0.0015528819
4.2077656e-21,7.882928e-13,0.00089926075,0.0003686366,1.4049039e-13,0.0008048815
4.170540400000001e-21,1.471738e-18,0.00082865247,0.0022557692,1.430564e-13,0.0028194368
4.1440638000000004e-21,1.4106721e-18,0.0008273714,0.0007366402,1.1293164e-13,0.0018641232
4.1009046e-21,7.248157e-13,0.0008206844,0.0013398473,9.936228e-14,0.0031673291
3.9433457e-21,6.3655055e-13,0.00064486073,0.00040685112,8.604133e-14,0.0011784163
3.7112104e-21,1.252674e-18,0.0049795564,0.00037389153,1.0094332e-13,0.00071186706
3.571861e-21,1.2291269e-18,0.004971858,0.00024782924,1.104716e-13,0.00036869524
3.434948e-21,1.256928e-10,0.0041360506,0.00050945167,7.857827e-14,0.001219712
3.3224067e-21,1.1503621e-18,0.0033385393,0.000668703,1.05046736e-13,0.000799287
3.2312999000000007e-21,4.4239883e-13,0.0028242562,0.00072284933,8.4337316e-14,0.0013654986
3.1001558e-21,1.0787391e-18,0.0015049096,0.0005081262,8.648427e-14,0.0005548863
2.9277914e-21,1.0253471e-10,0.0037891483,0.00034003062,8.3623104e-14,0.00047825775
2.8418622000000002e-21,2.1836992e-12,0.003350858,0.00028585014,9.190299e-14,0.0006374824
2.7696079000000002e-21,9.420934e-13,0.0033456776,0.00031854707,1.01855454e-13,0.00064758887
2.696959e-21,1.3162428e-12,0.0030475704,0.00016565842,7.6490734e-14,0.00048543338
2.585876e-21,1.8847408e-12,0.0014143572,7.701733e-05,6.838513e-14,0.00060788397
2.553469e-21,1.2375462e-12,0.0012518134,3.1336374e-05,8.3066075e-14,0.0005229723
2.4394156e-21,2.0557037e-12,0.0004896132,7.945144e-06,3.966037e-14,0.00067803
2.4302534e-21,3.0186034e-13,0.0004888562,3.2780536e-06,6.5961674e-14,0.0004509081
2.367374e-21,8.4410674e-19,0.00023186713,1.2071031e-06,1.2805174e-13,0.000506658
2.3383077e-21,1.200234e-12,0.00015041463,2.8665625e-07,1.0148116e-13,0.00029244495
2.3171979e-21,3.3389805e-11,0.00010655962,8.9872756e-08,1.3828795e-13,0.00017627169
2.315301e-21,2.1058502e-11,0.000106394866,4.2765453e-08,1.3296069e-13,0.00023360178
2.3134085e-21,1.575588e-12,0.00010623036,1.68364e-08,9.6911005e-14,0.00018324018
2.3115205000000007e-21,9.124992e-13,0.000106066116,1.2220705e-08,8.716884e-14,0.00011180501
