bulk_species_node [MG] at P @ dist64,bulk_species_node [MG] at P @ dist648,bulk_species_node [MG] at Chlorine @ dist64,bulk_species_node [MG] at Chlorine @ dist648,bulk_species_node [MG] at P @ dist420,bulk_species_node [MG] at Chlorine @ dist420
0.0,0.0,0.0,0.0,0.0,0.0
0.0,0.0,0.0,0.0,0.0,0.0
0.0,0.0,0.0,0.0,0.0,0.0
0.0,0.0,0.0,0.0,0.0,0.0
0.0,0.0,0.0,0.0,0.0,0.0
0.0,0.0,0.0,0.0,0.0,0.0
0.0,0.0,0.0,0.0,0.0,0.0
0.0,0.0,0.0,0.0,0.0,0.0
0.0,0.0,0.0,0.0,0.0,0.0
0.0,0.0,0.0,0.0,0.0,0.0
0.0,0.0,0.0,0.0,0.0,0.0
0.0,0.0,0.0,0.0,0.0,0.0
0.0,0.0,0.0,0.0,0.0,0.0
0.0,0.0,0.0,0.0,0.0,0.0
0.0,0.0,0.0,0.0,0.0,0.0
0.0,0.0,0.0,0.0,0.0,0.0
0.0,0.0,0.0,0.0,0.0,0.0
0.0,0.0,0.0,0.0,0.0,0.0
0.0,0.0,0.0,0.0,0.0,0.0
0.0,0.0,0.0,0.0,0.0,0.0
0.0,0.0,0.0,0.0,0.0,0.0
0.0,0.0,0.0,0.0,0.0,0.0
0.0,0.0,8.496808e-12,0.0,0.0,0.0
0.0,0.0,2.168195e-11,0.0,0.0,0.0
0.0,0.0,2.168195e-11,0.0,0.0,3.7849502e-06
0.0,0.0,2.0794554e-11,0.0,0.0,1.4858387e-05
0.0,0.0,2.2310643e-11,0.0,0.0,1.4245925e-05
0.0,0.0,2.2310643e-11,2.1317497e-17,0.0,3.1348234e-05
0.0,0.0,2.2310643e-11,0.0,0.0,2.5388805e-05
0.0,0.0,2.2310643e-11,0.0,0.0,2.3838209e-05
0.0,0.0,2.3169182e-11,0.0,0.0,1.7924423e-05
0.0,0.0,2.3169182e-11,0.0,0.0,6.852215e-06
0.0,0.0,2.3169182e-11,0.0,0.0,1.1640494e-05
0.0,0.0,2.3169182e-11,0.0,0.0,1.3742739e-05
0.0,0.0,2.1248e-11,1.0055589e-17,0.0,6.6646453e-06
0.0,0.0,1.957205e-11,1.5300819e-16,0.0,5.6279114e-06
0.0,0.0,1.957205e-11,0.0,0.0,1.3500225e-05
0.0,0.0,1.7927331e-11,4.685816e-18,0.0,1.6706324e-05
0.0,0.0,1.7927331e-11,0.0,0.0,1.3259867e-05
0.0,0.0,1.7927331e-11,2.0467203e-18,0.0,1.5844122e-05
0.0,0.0,1.7927331e-11,6.020943999999999e-19,0.0,1.9418858e-05
0.0,0.0,1.7927331e-11,4.1094467e-19,0.0,2.257666e-05
0.0,0.0,1.7927331e-11,9.471841e-20,0.0,2.8082417e-05
0.0,0.0,1.7927331e-11,0.0,0.0,3.6861213e-05
0.0,0.0,1.7927331e-11,0.0,0.0,2.3368153e-05
0.0,0.0,1.7927331e-11,0.0,0.0,1.9070403e-05
0.0,0.0,1.7927331e-11,0.0,0.0,1.4660229e-05
0.0,0.0,1.7927331e-11,0.0,0.0,1.8975757e-05
0.0,0.0,1.7927331e-11,0.0,0.0,2.3162895e-05
0.0,0.0,1.7927331e-11,4.6656712e-17,0.0,3.3346245e-05
0.0,0.0,1.7927331e-11,0.0,0.0,3.183848e-05
0.0,0.0,1.587161e-11,3.430763e-16,0.0,2.30863e-05
0.0,0.0,6.9112697e-12,2.3217758e-16,0.0,2.0563344e-05
0.0,0.0,5.545753e-12,1.4971624e-08,0.0,2.207728e-05
0.0,0.0,5.545753e-12,1.7746055e-08,0.0,2.3252107e-05
0.0,0.0,2.8795568e-12,1.394218e-08,0.0,2.2032662e-05
0.0,0.0,2.1099776e-12,1.0713652e-08,0.0,3.1012765e-05
0.0,0.0,1.0308794e-12,8.3288214e-08,0.0,3.2423948e-05
0.0,0.0,6.977917e-13,8.1548905e-08,0.0,2.7720735e-05
0.0,0.0,6.156183e-13,5.0282093e-08,0.0,2.3770868e-05
0.0,0.0,5.4309904e-13,6.2348676e-08,0.0,3.49334e-05
0.0,0.0,4.791138e-13,3.608628e-08,0.0,4.2489e-05
0.0,0.0,2.6287864e-13,4.0025444e-08,0.0,4.2721145e-05
0.0,0.0,2.6287864e-13,6.6921594e-08,0.0,4.442287e-05
0.0,0.0,2.6287864e-13,7.9025696e-08,0.0,3.29626e-05
0.0,0.0,2.6287864e-13,6.682962e-08,0.0,4.6519548e-05
0.0,0.0,1.260708e-13,8.789344e-08,0.0,6.1690145e-05
0.0,0.0,3.3950554e-14,4.6370403e-08,0.0,5.0509378e-05
0.0,0.0,1.4959896e-14,3.1400646e-08,0.0,4.1910072e-05
0.0,0.0,8.757182e-15,6.2259616e-08,0.0,6.0683076e-05
0.0,0.0,3.9439218e-15,1.9003134e-07,0.0,5.7103025e-05
0.0,0.0,3.4792238e-15,2.9069332e-07,0.0,6.8221234e-05
0.0,0.0,6.689469e-16,3.9592766e-07,0.0,7.168964e-05
0.0,0.0,1.020225e-16,5.163173e-07,0.0,8.5248226e-05
0.0,0.0,2.4734786e-17,6.994459e-07,0.0,0.00011795077
0.0,0.0,1.9765175000000002e-17,6.23141e-07,0.0,0.00012400287
0.0,0.0,1.4248892e-17,4.785057e-07,0.0,0.00011514404
0.0,0.0,5.6557585e-18,5.076015e-07,0.0,0.0001137971
0.0,0.0,2.4898893e-18,4.2898301e-07,0.0,8.869065e-05
0.0,0.0,8.205232999999999e-19,4.5502622e-07,0.0,9.076501e-05
0.0,0.0,3.0423724e-19,7.4853494e-07,0.0,0.00010890406
0.0,0.0,8.042543e-20,5.6963677e-07,0.0,0.00011244293
0.0,0.0,4.1085534e-20,6.292887e-07,0.0,0.000111187495
0.0,0.0,1.2879006e-20,1.1136268e-06,0.0,0.00015306984
0.0,0.0,7.011048e-21,9.967453e-07,0.0,0.00017790071
0.0,0.0,3.6877105e-21,5.08765e-07,0.0,0.00013405782
0.0,0.0,7.1998116e-22,2.8052807e-07,0.0,0.00013540208
0.0,0.0,5.7807005e-22,6.774146e-08,0.0,0.00010132853
0.0,0.0,1.8508510000000001e-22,2.2353529e-08,0.0,0.00011119213
0.0,0.0,1.3036752e-22,6.7177695e-09,0.0,4.714431e-05
0.0,0.0,4.0961200000000004e-23,2.6339055e-09,0.0,1.8443352e-05
0.0,0.0,2.5380934e-23,8.044171e-10,0.0,7.006885e-06
0.0,0.0,4.5534787e-24,2.1995848e-10,0.0,3.2752241e-06
0.0,0.0,1.3428724e-24,6.248154e-11,0.0,1.2366904e-06
0.0,0.0,5.4271417e-25,2.193963e-11,0.0,0.0077015855
0.0,0.0,1.2526628e-25,8.33903e-12,0.0,0.01685545
0.0,0.0,1.1077018e-25,2.9929828e-12,0.0,0.02444226
0.0,0.0,4.746224e-26,8.2453364e-13,0.0,0.13306473
0.0,0.0,3.6715873e-26,3.119468e-13,0.0,0.061370116
0.0,0.0,1.9789758e-26,3.9138115e-12,0.0,0.010768103
0.0,0.0,1.7499642e-26,1.5496031e-12,0.0,0.017566882
0.0,0.0,1.7499637000000002e-26,4.945627e-13,0.0,0.012915488
0.0,0.0,8.263419e-27,1.602179e-13,0.0,0.01956349
0.0,0.0,6.634667e-27,4.4574343e-14,0.0,0.014112131
0.0,0.0,5.4024492e-27,5.657615e-15,0.0,0.023400228
0.0,0.0,2.4090344e-27,1.2736002e-15,0.0,0.011254307
0.0,0.0,1.400644e-27,5.278257e-16,0.0,0.009953256
0.0,0.0,4.339768000000001e-28,5.827549e-17,0.0,0.008440915
0.0,0.0,3.794917e-30,1.2823934e-17,0.0,0.025187572
0.0,0.0,3.5126278e-29,1.4278160000000001e-18,0.0,0.017685598
0.0,0.0,3.5331868e-29,2.1734165e-19,0.0,0.0053155613
0.0,0.0,2.6956945e-28,6.8272896e-20,0.0,0.0051544495
0.0,0.0,1.03570265e-26,1.8455808e-20,0.0,0.00826847
0.0,0.0,8.859772e-25,6.518281e-21,0.0,0.025670625
0.0,0.0,6.1549569999999996e-24,4.5421513e-21,0.0,0.0035098032
0.0,0.0,1.5694913e-23,1.4127181000000001e-21,0.0,0.023463072
0.0,0.0,6.6063397e-24,4.1423972e-22,0.0,0.0046123457
0.0,0.0,3.2506648e-23,8.693988e-22,0.0,0.009862135
0.0,0.0,2.8066712e-22,8.994547e-22,0.0,0.008191957
0.0,0.0,1.048029e-21,1.0672696000000001e-21,0.0,0.004660388
0.0,0.0,4.7771205e-19,2.7074562e-22,0.0,0.008816182
0.0,0.0,1.4289236e-17,7.3736646e-23,0.0,0.02303791
0.0,0.0,6.409109e-18,1.260448e-22,0.0,0.003314942
0.0,0.0,5.7774125e-17,1.6676814000000002e-22,0.0,0.0030359884
0.0,0.0,4.2788845e-17,8.389446e-23,0.0,0.0045436956
0.0,0.0,2.5399158000000002e-17,2.2399218e-23,0.0,0.008386019
0.0,0.0,8.462725e-18,5.8253583000000005e-24,0.0,0.014131324
0.0,0.0,7.896054e-18,1.0128081000000001e-22,0.0,0.01249373
0.0,0.0,7.180512499999999e-18,1.277569e-21,0.0,0.019756323
0.0,0.0,5.7635956e-18,1.6600721e-21,0.0,0.004919579
0.0,0.0,4.129321e-18,1.618957e-21,0.0,0.017290909
0.0,0.0,1.3653332000000001e-17,1.4373051000000001e-21,0.0,0.012633902
0.0,0.0,2.7680633e-17,2.1110613e-21,0.0,0.0073905312
0.0,0.0,1.513134e-17,5.072505e-22,0.0,0.012372326
0.0,0.0,1.2524392e-17,1.2340286e-22,0.0,0.012996752
0.0,0.0,1.1071793e-17,2.3099778e-22,0.0,0.010151274
0.0,0.0,4.3422433e-18,1.4910889e-22,0.0,0.027017988
0.0,0.0,3.1996955e-18,2.829076e-22,0.0,0.0034348627
0.0,0.0,2.357779e-18,2.798514e-22,0.0,0.001988184
0.0,0.0,2.08432e-18,9.32996e-23,0.0,0.0015018051
0.0,0.0,1.8425773e-18,2.2816833e-23,0.0,0.0007681608
0.0,0.0,1.8420363e-18,3.035712e-23,0.0,0.00020740657
0.0,0.0,1.6283939e-18,2.2158527e-23,0.0,6.359396e-05
0.0,0.0,5.4735523e-19,4.578724e-24,0.0,0.0005964851
0.0,0.0,5.4719455e-19,9.656722e-25,0.0,0.018375032
0.0,0.0,5.470339e-19,4.6588990000000003e-23,0.0,0.007125623
0.0,0.0,4.3908257e-19,9.1546046e-23,0.0,0.010379196
0.0,0.0,1.9720482e-19,2.0365997e-23,0.0,0.01525736
0.0,0.0,6.000305e-20,5.568162e-24,0.0,0.014415641
0.0,0.0,4.421481e-20,1.1031329e-23,0.0,0.0100193145
0.0,0.0,3.5489489999999995e-20,1.3421706e-23,0.0,0.018895451
0.0,0.0,3.1373358e-20,3.2784168e-24,0.0,0.003972555
0.0,0.0,6.630612300000001e-21,7.6734433e-25,0.0,0.00047937222
0.0,0.0,3.0126299999999995e-20,1.62682e-25,0.0,0.00018537388
0.0,0.0,2.5150565e-20,3.4177867e-26,0.0,4.5064517e-05
0.0,0.0,2.5142938e-20,2.2887590000000006e-23,0.0,1.2142145e-05
0.0,0.0,1.1207021e-20,9.803137e-24,0.0,0.009254427
0.0,0.0,1.2784651e-20,2.6508022000000003e-24,0.0,0.012166797
0.0,0.0,3.346047e-20,7.427991e-25,0.0,0.022823496
0.0,0.0,1.7827476e-20,1.7108353999999998e-25,0.0,0.004088485
0.0,0.0,7.743338e-20,3.9799074e-26,0.0,0.0037131184
0.0,0.0,3.6329023e-20,9.805969e-27,0.0,0.004452056
0.0,0.0,3.6317048e-20,2.3165719e-27,0.0,0.0059048403
0.0,0.0,8.945305e-21,1.0013083e-27,0.0,0.010584462
0.0,0.0,1.806458e-20,1.2640391e-28,0.0,0.014146738
0.0,0.0,1.2860437999999998e-19,3.032413e-23,0.0,0.009326403
0.0,0.0,1.3497586e-19,8.4200765e-24,0.0,0.010328522
0.0,0.0,1.1931011e-19,2.1556936e-24,0.0,0.013856551
0.0,0.0,5.631714999999999e-20,4.9682864e-25,0.0,0.009895318
0.0,0.0,2.658301e-20,1.177593e-25,0.0,0.017624669
0.0,0.0,2.3497696999999998e-20,1.3469595e-23,0.0,0.007850531
0.0,0.0,1.4908872e-20,3.9649814e-24,0.0,0.013596171
0.0,0.0,1.3178499e-20,1.020771e-24,0.0,0.015645152
0.0,0.0,1.05768855e-20,4.821558e-24,0.0,0.010714
0.0,0.0,2.9468388e-21,5.480797e-24,0.0,0.01617183
0.0,0.0,1.6431253e-21,1.3764244e-24,0.0,0.011276069
0.0,0.0,1.623148e-21,6.938188000000001e-23,0.0,0.019580368
0.0,0.0,5.680768e-20,3.2925303e-23,0.0,0.008108157
0.0,0.0,3.1674982e-20,9.968304e-24,0.0,0.021942541
0.0,0.0,1.0645884999999999e-20,1.2271792e-21,0.0,0.005109975
0.0,0.0,8.544145e-21,2.1822331e-21,0.0,0.0035742559
0.0,0.0,5.0711107e-21,6.898101e-22,0.0,0.0043644807
0.0,0.0,2.5226387000000006e-21,1.5826371e-22,0.0,0.007260372
0.0,0.0,1.4972336e-21,3.5002746e-23,0.0,0.005392396
0.0,0.0,1.103161e-21,2.9364826000000004e-22,0.0,0.0055320193
0.0,0.0,8.128084500000001e-22,2.0221977e-21,0.0,0.0040540127
0.0,0.0,7.1846290000000005e-22,1.692874e-21,0.0,0.0055064955
0.0,0.0,7.1817735000000015e-22,3.807175800000001e-22,0.0,0.011046349
0.0,0.0,7.178919e-22,8.5683806e-23,0.0,0.011316604
0.0,0.0,6.3456365e-22,1.9835863e-23,0.0,0.012974168
0.0,0.0,4.026147400000001e-22,1.8146817e-23,0.0,0.018761821
0.0,0.0,1.935646e-22,2.3710224e-24,0.0,0.0072865416
0.0,0.0,8.431485000000001e-23,7.7126055e-24,0.0,0.008475668
0.0,0.0,1.8118543000000002e-21,3.79865e-24,0.0,0.018468352
0.0,0.0,3.4947763e-21,1.0494741e-24,0.0,0.00073434843
0.0,0.0,1.5707076000000001e-21,2.3206745e-25,0.0,0.0017085124
0.0,0.0,1.2606005000000001e-21,5.2098224e-24,0.0,0.008295775
0.0,0.0,2.9011747000000003e-22,4.849947e-24,0.0,0.028442983
0.0,0.0,6.520014000000001e-23,1.3756076e-24,0.0,0.003605594
0.0,0.0,3.3060410000000002e-22,3.2940955e-25,0.0,0.004914
0.0,0.0,6.913816e-23,3.736571e-24,0.0,0.011667545
0.0,0.0,1.6800685e-23,1.4608869e-24,0.0,0.014223423
0.0,0.0,7.281278e-24,3.3731280000000003e-25,0.0,0.0145464325
0.0,0.0,1.3598893999999998e-23,7.329386e-26,0.0,0.008042367
0.0,0.0,6.880944e-24,2.0818449e-17,0.0,0.01550628
0.0,0.0,5.5201867e-24,5.5691626e-18,0.0,0.0065841037
0.0,0.0,3.996655e-23,1.1791345499999998e-17,0.0,0.014376699
0.0,0.0,1.8549256e-23,2.0572874e-17,0.0,0.013504036
0.0,0.0,5.5577605e-23,5.691434399999999e-18,0.0,0.008509326
0.0,0.0,2.3501003e-23,1.524356e-18,0.0,0.02900441
0.0,0.0,2.229806e-22,4.1047817e-19,0.0,0.0037448101
0.0,0.0,5.830347e-21,9.053149e-20,0.0,0.004668649
0.0,0.0,3.2701422e-21,1.485467e-20,0.0,0.011675454
0.0,0.0,6.059719999999999e-20,3.9001315e-21,0.0,0.018511996
0.0,0.0,2.090915e-20,2.2927086e-21,0.0,0.0072890306
0.0,0.0,2.0898397e-20,1.446572e-21,0.0,0.004161467
0.0,0.0,1.8470489e-20,3.9132022e-22,0.0,0.0084912935
0.0,0.0,1.6324647e-20,8.532716000000001e-23,0.0,0.011758711
0.0,0.0,1.0003687e-20,2.2555092e-23,0.0,0.020938681
0.0,0.0,5.108100800000001e-21,6.686164e-24,0.0,0.0037262081
0.0,0.0,1.9221765e-21,3.778396e-24,0.0,0.009091134
0.0,0.0,1.921188e-21,4.5281692e-23,0.0,0.011373084
0.0,0.0,3.982549e-20,5.125375e-22,0.0,0.018358499
0.0,0.0,1.6990825e-20,1.7839172e-22,0.0,0.005418057
0.0,0.0,1.3634747999999998e-20,3.7976834e-23,0.0,0.009811079
0.0,0.0,1.00448225e-20,1.2450093e-23,0.0,0.033587277
0.0,0.0,8.877776999999999e-21,5.3922698e-24,0.0,0.004381154
0.0,0.0,4.4656036e-21,2.1705296e-23,0.0,0.0034700686
0.0,0.0,9.934555e-22,4.851861e-22,0.0,0.0042493762
0.0,0.0,2.4315758e-22,1.4668136000000002e-22,0.0,0.004203605
0.0,0.0,7.999573e-21,3.3207936e-23,0.0,0.002531468
0.0,0.0,1.4384035999999998e-20,8.503385e-23,0.0,0.0023075861
0.0,0.0,1.05967136e-20,6.429972000000001e-23,0.0,0.0142387785
0.0,0.0,8.503527e-21,9.150788e-22,0.0,0.010520692
0.0,0.0,6.264545e-21,5.192603e-22,0.0,0.00912729
0.0,0.0,3.293306e-21,1.4485786e-22,0.0,0.01616588
0.0,0.0,1.1067244e-21,3.3502626e-23,0.0,0.002925085
0.0,0.0,4.969435e-22,7.270834e-24,0.0,0.00047793522
0.0,0.0,5.416868e-22,1.2099155e-24,0.0,0.00011229948
0.0,0.0,4.207288500000001e-22,2.5064520000000003e-25,0.0,2.7310245e-05
0.0,0.0,2.454738e-22,3.136008e-24,0.0,9.132072e-06
0.0,0.0,1.3429516000000002e-22,9.285786e-25,0.0,1.387985e-05
0.0,0.0,9.153035e-23,2.174193e-25,0.0,9.310411e-06
0.0,0.0,7.9295904000000005e-22,6.0966955e-26,0.0,0.0046293885
0.0,0.0,4.844169e-21,1.2623024e-24,0.0,0.013267644
0.0,0.0,1.5861829e-21,8.447818e-25,0.0,0.012487957
0.0,0.0,1.1685128e-21,1.7770258999999999e-25,0.0,0.008694322
0.0,0.0,7.964011500000002e-22,7.002205e-23,0.0,0.012177699
0.0,0.0,8.013396000000002e-22,1.7443119e-23,0.0,0.005775883
0.0,0.0,1.6700587000000001e-21,4.3414404e-24,0.0,0.005274429
0.0,0.0,1.2302899000000001e-21,8.255764e-25,0.0,0.006086955
0.0,0.0,6.67507e-20,1.8075317e-25,0.0,0.006865832
0.0,0.0,1.8570817e-18,4.9048176000000005e-26,0.0,0.0037912726
0.0,0.0,2.0859042e-18,3.8559133e-23,0.0,0.0015753827
0.0,0.0,1.8519654e-18,1.0251252e-23,0.0,0.0006036929
0.0,0.0,6.0083313e-19,1.9217462e-24,0.0,0.00013503461
0.0,0.0,5.309787e-19,3.4075734e-25,0.0,3.890311e-05
0.0,0.0,4.63219e-19,7.19605e-26,0.0,1.1606872e-05
0.0,0.0,2.306868e-19,1.4772918e-26,0.0,2.560961e-06
0.0,0.0,1.5840673999999998e-19,2.892712e-27,0.0,6.0746453e-07
0.0,0.0,7.475483999999999e-20,5.7029626e-28,0.0,1.519537e-07
0.0,0.0,7.470914e-20,2.6172957e-28,0.0,5.1570197e-07
0.0,0.0,6.6023256e-20,2.4242613e-29,0.0,1.4134417e-07
0.0,0.0,5.834722e-20,9.9993245e-30,0.0,3.5209403e-08
0.0,0.0,1.02326035e-19,4.5774627e-29,0.0,6.636521e-09
0.0,0.0,1.05726096e-19,9.268316e-30,0.0,1.7550886e-09
0.0,0.0,9.343261e-20,1.6175856000000002e-30,0.0,1.1322774e-05
0.0,0.0,8.431593499999999e-20,1.5689947e-28,0.0,6.0942225e-06
0.0,0.0,4.6448356e-20,6.7006834e-29,0.0,1.3838225e-06
0.0,0.0,2.0854365e-20,1.4555028999999998e-29,0.0,3.148119e-07
0.0,0.0,1.7600045e-20,2.801004e-30,0.0,7.525376e-08
0.0,0.0,1.6355157e-20,5.5259007e-31,0.0,5.6241426e-08
0.0,0.0,8.134052e-21,4.6132026e-30,0.0,1.4801961e-08
0.0,0.0,8.1289494e-21,1.9880228e-30,0.0,3.2251393e-09
0.0,0.0,7.183741999999999e-21,3.4209058000000003e-31,0.0,6.688344e-10
0.0,0.0,4.00461e-21,1.4185289e-30,0.0,1.3234194e-10
0.0,0.0,3.6663387e-21,3.4418646e-31,0.0,3.2590455e-07
0.0,0.0,3.4950643e-21,7.317134400000001e-32,0.0,9.718201e-08
0.0,0.0,3.492872e-21,1.5145116e-32,0.0,1.5051649e-08
0.0,0.0,2.2934097000000002e-21,3.0438005e-33,0.0,2.7517744e-09
0.0,0.0,1.2784718000000001e-21,4.5680707e-34,0.0,4.91358e-10
0.0,0.0,1.2776698000000001e-21,4.8183178e-32,0.0,8.634199e-11
0.0,0.0,1.1285797000000001e-21,1.9617841e-32,0.0,1.4235393e-11
0.0,0.0,9.059303e-22,4.3216826e-33,0.0,2.8189157e-12
0.0,0.0,9.05362e-22,7.6187954e-34,0.0,7.8210236e-13
0.0,0.0,6.1700686000000015e-22,1.1256839e-34,0.0,7.857275e-14
0.0,0.0,6.166198300000002e-22,3.6006652e-35,0.0,1.5157875e-14
0.0,0.0,5.449213e-22,4.2929676e-36,0.0,2.7553895e-15
0.0,0.0,5.445795e-22,8.726046e-37,0.0,9.564951e-13
0.0,0.0,5.4423784e-22,1.0241938e-37,0.0,1.9875212e-13
0.0,0.0,5.438965e-22,2.4493461e-36,0.0,4.7106836e-14
0.0,0.0,5.4355530000000005e-22,2.8341453e-36,0.0,1.1115835e-14
0.0,0.0,7.51929e-21,5.3273816e-37,0.0,1.9048513e-15
0.0,0.0,1.0196941e-19,1.0136492e-37,0.0,3.9853374000000006e-16
0.0,0.0,6.4681433e-20,2.2527549999999998e-38,0.0,7.192455e-17
0.0,0.0,1.4869337e-20,4.6582699999999986e-39,0.0,9.870044e-18
0.0,0.0,5.537505e-20,9.62207e-40,0.0,2.1673495e-11
0.0,0.0,3.1772029999999996e-20,1.082949e-39,0.0,8.84864e-12
0.0,0.0,2.8077098e-20,1.5094099999999998e-39,0.0,1.8469317e-12
0.0,0.0,2.8058897e-20,1.29512e-40,0.0,2.3931546e-13
0.0,0.0,1.3240985e-20,7.401100000000001e-41,0.0,4.868171e-14
0.0,0.0,1.3232402e-20,2.6235e-41,0.0,7.9316555e-15
0.0,0.0,5.1877828e-21,6.226000000000001e-42,0.0,1.2896823e-15
0.0,0.0,5.184420300000001e-21,1.019e-42,0.0,2.3985003000000004e-16
0.0,0.0,3.2885597000000002e-21,2.17e-43,0.0,4.156449e-17
0.0,0.0,3.2864284e-21,5.7e-44,0.0,1.0383989e-17
0.0,0.0,1.9500678000000002e-21,5.9e-43,0.0,2.600259e-18
0.0,0.0,1.948804e-21,3.175e-42,0.0,5.857286999999999e-19
0.0,0.0,1.9475408000000002e-21,1e-45,0.0,1.0711618e-19
0.0,0.0,7.971337700000001e-22,0.0,0.0,2.095647e-20
0.0,0.0,3.4133120000000003e-22,0.0,0.0,3.8565575e-21
0.0,0.0,3.4110997000000002e-22,0.0,0.0,5.808664e-22
0.0,0.0,3.0144051000000003e-22,0.0,0.0,8.473522e-23
0.0,0.0,3.0124513e-22,0.0,0.0,1.7155762e-23
0.0,0.0,3.0104987e-22,0.0,0.0,3.5604093e-24
0.0,0.0,3.0085474000000003e-22,0.0,0.0,6.040255e-25
0.0,0.0,3.0065973000000004e-22,0.0,0.0,6.228022e-20
0.0,0.0,2.6569444000000003e-22,0.0,0.0,1.7002457e-20
0.0,0.0,2.5893335999999998e-20,0.0,0.0,3.1590537e-21
0.0,0.0,4.0848402e-20,0.0,0.0,5.6624693000000015e-22
0.0,0.0,3.609746e-20,0.0,0.0,8.612918e-23
0.0,0.0,3.6073595e-20,0.0,0.0,2.5276695e-23
0.0,0.0,2.2881754e-20,0.0,0.0,3.4529676e-24
0.0,0.0,1.685482e-20,0.0,0.0,5.3118495999999985e-25
0.0,0.0,1.6843675e-20,0.0,0.0,1.1475934e-25
0.0,0.0,1.14786254e-20,0.0,0.0,2.1066842e-26
0.0,0.0,1.0143585e-20,0.0,0.0,3.247569e-27
0.0,0.0,1.0136879e-20,0.0,0.0,5.3162480000000005e-28
0.0,0.0,4.340536e-21,0.0,0.0,7.4321030000000005e-22
0.0,0.0,3.835703e-21,0.0,0.0,2.0584023e-22
0.0,0.0,3.077636e-21,0.0,0.0,3.8538400000000003e-23
0.0,0.0,1.0721145e-21,0.0,0.0,6.8079114e-24
0.0,0.0,1.0714058e-21,0.0,0.0,1.2149462e-24
0.0,0.0,9.467941e-22,0.0,0.0,2.0468091e-25
0.0,0.0,9.461682e-22,0.0,0.0,2.444464e-26
0.0,0.0,9.455427e-22,0.0,0.0,6.6782006e-27
0.0,0.0,4.7180557e-22,0.0,0.0,1.1028548e-27
0.0,0.0,2.4713114000000003e-22,0.0,0.0,2.1787309e-28
0.0,0.0,2.4696776e-22,0.0,0.0,3.187523e-29
0.0,0.0,1.7277995000000002e-22,0.0,0.0,8.643874e-25
0.0,0.0,1.00276736e-22,0.0,0.0,1.9212151e-25
0.0,0.0,3.7308725e-23,0.0,0.0,3.069046e-26
0.0,0.0,9.034564e-24,0.0,0.0,5.9190237e-27
0.0,0.0,1.3464693e-23,0.0,0.0,1.4049511e-27
0.0,0.0,2.2290458e-24,0.0,0.0,3.2376305e-28
0.0,0.0,1.4113841999999999e-25,0.0,0.0,5.908060299999998e-29
0.0,0.0,5.887043e-26,0.0,0.0,1.454328e-27
0.0,0.0,2.2194993e-26,1e-45,0.0,6.788108e-28
0.0,0.0,1.5208989000000002e-26,0.0,0.0,1.3200520000000002e-28
0.0,0.0,1.1202555e-26,0.0,0.0,2.9630462e-29
0.0,0.0,8.2515174e-27,0.0,0.0,7.444126e-18
0.0,0.0,2.4706378e-27,0.0,0.0,2.4807666e-18
0.0,0.0,9.044307e-30,0.0,0.0,7.0366497e-19
0.0,0.0,1.6368432e-30,4.9913e-41,0.0,1.7453402e-19
0.0,0.0,8.1398865e-31,1.8222e-41,0.0,4.4294278e-20
0.0,0.0,4.047898e-31,3.503e-42,0.0,1.2005424e-20
0.0,0.0,1.1274293e-31,7.1e-43,0.0,9.304965e-12
0.0,0.0,6.9921384e-32,1.99e-43,0.0,3.6039468e-12
0.0,0.0,1.7589767e-32,4.6e-44,0.0,9.177345e-13
0.0,0.0,3.6386629e-34,1.1e-44,0.0,2.743227e-12
0.0,0.0,1.999433e-35,3e-45,0.0,1.8207055e-12
0.0,0.0,4.5285997e-35,4.7600000000000015e-43,0.0,4.9193863e-13
0.0,0.0,3.1560818e-35,5.41e-43,0.0,2.5669178e-09
0.0,0.0,1.4456718e-35,1.2800000000000002e-43,0.0,2.0773823e-09
0.0,0.0,1.0647735e-35,8.1791875e-24,0.0,5.2035454e-10
0.0,0.0,2.4090184e-35,2.3625077000000003e-24,0.0,1.8048103e-10
0.0,0.0,4.6908934e-35,2.4972514e-23,0.0,0.00928579
0.0,0.0,8.123118e-36,1.3569605000000001e-21,0.0,0.006468623
0.0,0.0,1.3066577e-33,3.2037426e-22,0.0,0.010427261
0.0,0.0,1.6598236e-33,9.639345e-23,0.0,0.025992347
0.0,0.0,2.930494e-31,3.1093372e-23,0.0,0.003943836
0.0,0.0,5.289966e-31,9.659337e-24,0.0,0.020390058
0.0,0.0,7.24922e-30,3.4851386e-23,0.0,0.0035611542
0.0,0.0,3.4495015e-27,6.3535665e-23,0.0,0.0055119353
0.0,0.0,6.5483837e-24,2.2114854e-23,0.0,0.024750812
0.0,0.0,2.4766974e-24,8.523460000000001e-24,0.0,0.016900208
0.0,0.0,9.70812e-25,7.138321999999999e-24,0.0,0.007769755
0.0,0.0,3.2951302e-25,2.755528e-24,0.0,0.03763475
0.0,0.0,1.2158559000000001e-21,4.4370898e-24,0.0,0.0032264804
0.0,0.0,3.5990659999999997e-20,6.1937004000000005e-24,0.0,0.0099993255
0.0,0.0,3.4483476e-20,1.7504088e-24,0.0,0.02976111
0.0,0.0,1.938851e-16,6.3855237000000005e-24,0.0,0.0041451985
0.0,0.0,9.063832e-16,1.8922768e-18,0.0,0.017972019
0.0,0.0,3.0948934e-15,1.438324e-17,0.0,0.009318882
0.0,0.0,1.962652e-15,3.8737406e-18,0.0,0.04824795
0.0,0.0,9.638546e-16,1.3384157e-18,0.0,0.008303921
0.0,0.0,1.7048204e-16,3.568705e-19,0.0,0.011598426
0.0,0.0,9.1038406e-17,3.8582407000000003e-17,0.0,0.010653932
0.0,0.0,5.0736110000000004e-17,1.5391009e-17,0.0,0.016327534
0.0,0.0,9.467353000000001e-18,4.892424e-18,0.0,0.027432803
0.0,0.0,4.5832820000000004e-18,6.090669399999999e-18,0.0,0.0035470647
0.0,0.0,1.2567425e-18,2.9387954000000004e-16,0.0,0.014397457
0.0,0.0,1.5120068000000002e-16,4.2343481e-16,0.0,0.027438246
0.0,0.0,1.9586671e-16,1.2779665e-16,0.0,0.013429181
0.0,0.0,5.6080938e-15,3.3561976e-11,0.0,0.0055467794
0.0,0.0,2.6468565e-14,1.0757367e-09,0.0,0.008541699
0.0,0.0,8.1874465e-13,3.554307e-10,0.0,0.013301682
0.0,0.0,4.0707008e-13,0.013841323,0.0,0.028205171
0.0,0.0,2.4147503e-13,0.017461725,0.0,0.0076581044
0.0,0.0,4.598793e-14,0.012169562,0.0,0.0077801906
0.0,0.0,1.1130815e-14,0.019390197,0.0,0.014263877
0.0,0.0,2.3556181e-15,0.0782927,0.0,0.034491207
0.0,0.0,1.4413129e-13,0.051471375,0.0,0.0060972855
0.0,0.0,8.093941e-14,0.017305957,0.0,0.017445905
0.0,0.0,6.4924594e-14,0.014412096,0.0,0.026955169
0.0,0.0,4.7810243e-14,0.014442849,0.0,0.0064534754
0.0,0.0,3.2572486e-14,0.016124507,0.0,0.014497367
0.0,0.0,1.7116495e-14,0.018554283,0.0,0.025339562
0.0,0.0,1.3729794e-14,0.009498142,0.0,0.0052427985
0.0,0.0,3.8896712e-14,0.014262169,0.0,0.021881405
0.0,0.0,1.5166365e-14,0.01513915,0.0,0.009124805
0.0,0.0,3.630032e-15,0.016243126,0.0,0.023228759
0.0,0.0,3.7826266e-12,0.015589995,0.0,0.0060983244
0.0,0.0,2.0916842e-12,0.008763063,0.0,0.007990993
0.0,0.0,2.683175e-10,0.013316838,0.0,0.037151333
0.0,0.0,6.0176564e-10,0.006465868,0.0,0.004358762
0.0,0.0,2.8388117e-10,1.3302682e-07,0.0,0.009360211
0.0,0.0,1.3946118e-10,0.0035075236,0.0,0.011400135
0.0,0.0,2.5163378e-11,0.006749944,0.0,0.015809806
0.0,0.0,1.029612e-11,0.00074870023,0.0,0.030833809
0.0,0.0,6.080645e-12,2.6732341e-05,0.0,0.0042088777
0.0,0.0,1.0682608e-12,4.861952e-09,0.0,0.0076387194
0.0,0.0,2.108942e-11,1.3127228e-09,0.0,0.027081626
0.0,0.0,7.362617e-12,3.534334e-10,0.0,0.0031726381
0.0,0.0,1.6325298e-12,7.5164324e-05,0.0,0.004325694
0.0,0.0,8.2669316e-11,2.30299e-05,0.0,0.007598309
0.0,0.0,3.9178744e-11,4.4207363e-06,0.0,0.005660602
0.0,0.0,1.364372e-11,1.0549666e-06,0.0,0.010318807
0.0,0.0,1.0046714e-11,2.4013463e-07,0.0,0.018983057
0.0,0.0,2.7229803e-12,6.6088816e-08,0.0,0.0063273637
0.0,0.0,2.0080235e-12,1.7106137e-08,0.0,0.011331018
0.0,0.0,4.9369515e-13,5.865095e-09,0.0,0.016760545
0.0,0.0,3.1305115e-13,7.7719675e-10,0.0,0.012464391
0.0,0.0,1.5945815e-13,1.8142549e-10,0.0,0.011629323
0.0,0.0,8.312089e-14,3.0676016e-08,0.0,0.01081296
0.0,0.0,3.8008686e-11,8.20448e-09,0.0,0.020707818
0.0,0.0,2.6878957e-10,1.8767163e-09,0.0,0.0044028675
0.0,0.0,1.429451e-10,5.3385674e-10,0.0,0.006145484
0.0,0.0,7.0932836e-11,1.2465444e-10,0.0,0.005783171
0.0,0.0,4.8322873e-11,6.311991e-05,0.0,0.0053733215
0.0,0.0,3.2919875e-11,6.830822e-05,0.0,0.008915511
0.0,0.0,1.7964701e-11,2.46029e-10,0.0,0.012599788
0.0,0.0,1.2238421e-11,3.8653143e-12,0.0,0.015173844
0.0,0.0,5.306486e-12,4.1361147e-07,0.0,0.013582577
0.0,0.0,4.153012e-12,3.866903e-07,0.0,0.022686834
0.0,0.0,1.3333703e-12,1.2516703e-07,0.0,0.005436709
0.0,0.0,6.212461e-13,3.1170938e-08,0.0,0.0112191895
0.0,0.0,3.684988e-13,7.828552e-09,0.0,0.014944938
0.0,0.0,2.0705658e-13,1.8333204e-09,0.0,0.010840597
0.0,0.0,8.345937e-14,4.679553e-10,0.0,0.018575046
0.0,0.0,6.6942166e-14,1.07521714e-10,0.0,0.008135125
0.0,0.0,1.6458345e-14,2.2559385e-11,0.0,0.012888419
0.0,0.0,7.0449543e-15,5.9753903e-12,0.0,0.03045922
0.0,0.0,3.5024205e-15,1.4925494e-12,0.0,0.0036282819
0.0,0.0,6.61187e-16,0.0039293803,0.0,0.00343136
0.0,0.0,1.1771666e-16,0.0021082764,0.0,0.0024869964
0.0,0.0,2.0508946e-15,0.00061094254,0.0,0.0027166458
0.0,0.0,1.6574788e-15,0.00015551013,0.0,0.0014446664
0.0,0.0,1.3294372e-15,2.4898936e-05,0.0,0.00036769419
0.0,0.0,9.789266e-16,7.0504298e-06,0.0,0.00067776407
0.0,0.0,8.6476733e-16,1.5085639e-06,0.0,0.00057848933
0.0,0.0,4.0793512e-16,3.49928e-07,0.0,0.00046299896
0.0,0.0,2.3430588e-16,8.386538e-08,0.0,0.0032023177
0.0,0.0,1.5397067000000002e-16,2.4819707e-08,0.0,0.010802724
0.0,0.0,5.5676164e-17,5.999465e-09,0.0,0.023005458
0.0,0.0,2.0940572e-17,1.1689886e-09,0.0,0.0039521786
0.0,0.0,1.0410552e-17,3.5772932e-10,0.0,0.0052884878
0.0,0.0,5.2270184e-18,9.205567e-11,0.0,0.00863571
0.0,0.0,1.4133985e-14,1.9090379e-11,0.0,0.010967301
0.0,0.0,1.9896128e-14,4.829146e-12,0.0,0.014871598
0.0,0.0,1.2615588e-14,1.2076908e-12,0.0,0.008064105
0.0,0.0,1.0033697e-12,7.958768e-08,0.0,0.023219215
0.0,0.0,5.830439e-13,1.3490485e-07,0.0,0.0064765895
0.0,0.0,2.0955118e-13,3.0232297e-08,0.0,0.010398067
0.0,0.0,1.2092278e-13,8.182454e-09,0.0,0.022094024
0.0,0.0,2.2013782e-14,2.6076528e-09,0.0,0.0056028767
0.0,0.0,1.1026328e-14,7.6851886e-10,0.0,0.01894812
0.0,0.0,9.740194e-15,1.8515636e-10,0.0,0.0046538617
0.0,0.0,6.1759336e-15,5.5726136e-11,0.0,0.013160166
0.0,0.0,6.1695076e-15,0.0047549186,0.0,0.015032581
0.0,0.0,4.948321e-15,0.0059508905,0.0,0.015254789
0.0,0.0,2.220779e-15,0.0028598204,0.0,0.014294991
0.0,0.0,1.8575608e-11,0.0013591056,0.0,0.021923596
0.0,0.0,1.2989267e-11,0.00028883488,0.0,0.011199711
0.0,0.0,5.760847e-12,5.8401172e-05,0.0,0.01836452
0.0,0.0,4.3980097e-12,1.43597445e-05,0.0,0.0075573386
0.0,0.0,1.5902642e-12,5.081819e-06,0.0,0.03250571
0.0,0.0,1.4047529e-12,1.4215383e-06,0.0,0.0068769897
0.0,0.0,5.502019e-13,3.3605278e-07,0.0,0.005438885
0.0,0.0,1.5325162e-13,3.2353955e-06,0.0,0.0055381716
0.0,0.0,5.541383e-14,1.223363e-06,0.0,0.009168962
0.0,0.0,1.8271927e-14,2.8946266e-07,0.0,0.033013977
0.0,0.0,7.653754e-15,8.976875e-08,0.0,0.0032807547
0.0,0.0,5.635577e-15,2.2928024e-08,0.0,0.0056596934
0.0,0.0,2.6813623e-13,6.47875e-09,0.0,0.016432121
0.0,0.0,5.220203e-13,1.7741131e-09,0.0,0.015443101
0.0,0.0,3.5560349e-13,4.3624973e-10,0.0,0.011563143
0.0,0.0,2.2547146e-13,1.2002124e-10,0.0,0.024615834
0.0,0.0,1.06355876e-13,2.7872342e-11,0.0,0.014382955
0.0,0.0,5.926277e-14,0.00045411813,0.0,0.026115865
0.0,0.0,2.0636392e-14,0.0009263787,0.0,0.008254401
0.0,0.0,1.3947066e-14,0.00022510206,0.0,0.013016068
0.0,0.0,2.9088674e-15,6.120888e-05,0.0,0.020067096
0.0,0.0,1.1901162e-15,1.5979298e-05,0.0,0.00857003
0.0,0.0,7.0588666e-16,4.0511754e-06,0.0,0.013905539
0.0,0.0,3.167911e-16,1.0495061e-06,0.0,0.018179756
0.0,0.0,7.596574000000001e-17,2.7901962e-07,0.0,0.010352871
0.0,0.0,2.0193383e-17,7.1134735e-08,0.0,0.050123833
0.0,0.0,9.975353e-18,8.0752025e-06,0.0,0.010921388
0.0,0.0,6.494847000000001e-18,6.4776555e-06,0.0,0.017427435
0.0,0.0,2.4060784e-18,1.7338426e-06,0.0,0.029265683
0.0,0.0,5.201177e-17,4.128374e-07,0.0,0.008346049
0.0,0.0,6.489673e-17,1.0672433e-07,0.0,0.0057812054
0.0,0.0,5.1442376e-17,2.872506e-08,0.0,0.013061526
0.0,0.0,2.1114341000000002e-17,5.9934804e-09,0.0,0.018779391
0.0,0.0,1.0967885e-17,1.9044006e-09,0.0,0.011917201
0.0,0.0,3.749353000000001e-17,5.476893e-10,0.0,0.023582827
0.0,0.0,1.9086463e-17,0.00029105414,0.0,0.003794553
0.0,0.0,6.224081e-18,0.00022049612,0.0,0.003593819
0.0,0.0,3.69159e-18,4.190622e-05,0.0,0.0038954767
0.0,0.0,2.5146917e-18,1.4804949e-05,0.0,0.009391498
0.0,0.0,2.5119777e-18,3.4868626e-06,0.0,0.025055692
0.0,0.0,3.6465514e-15,9.128054e-07,0.0,0.0035602744
0.0,0.0,8.2697256e-16,2.2341958e-07,0.0,0.0028619636
0.0,0.0,2.9901245e-16,4.1656627e-08,0.0,0.0125899855
0.0,0.0,1.1563041000000002e-16,6.225124e-05,0.0,0.01197259
0.0,0.0,1.40318555e-14,2.169104e-05,0.0,0.021893848
0.0,0.0,4.6220237e-12,6.4224787e-06,0.0,0.0040426846
0.0,0.0,5.3934574e-12,1.2842693e-06,0.0,0.0021097972
0.0,0.0,2.046809e-12,2.6047599e-07,0.0,0.00074532535
0.0,0.0,3.8388818e-13,7.203813e-08,0.0,0.00032135742
0.0,0.0,8.2234465e-14,1.6289665e-08,0.0,0.00018511844
0.0,0.0,5.9158736e-09,3.5467849e-09,0.0,0.0004826163
0.0,0.0,1.0780148e-09,7.8853724e-10,0.0,0.012078202
0.0,0.0,1.0083552e-10,1.7771634e-10,0.0,0.012241159
0.0,0.0,5.6183128e-11,3.5853955e-11,0.0,0.0075802966
0.0,0.0,2.6500118e-11,2.685944e-07,0.0,0.011009199
0.0,0.0,1.2499415e-11,8.694702e-08,0.0,0.018548513
0.0,0.0,2.9185868e-12,2.2454756e-08,0.0,0.005487477
0.0,0.0,6.211277e-13,4.00246e-09,0.0,0.0031346187
0.0,0.0,4.5731263e-13,7.6150136e-10,0.0,0.0010580975
0.0,0.0,3.3670186e-13,1.6060414e-10,0.0,0.00032478906
0.0,0.0,2.8285385e-13,5.3829646e-11,0.0,0.00011404538
0.0,0.0,1.8506408e-13,8.104713e-12,0.0,0.00593275
0.0,0.0,7.70968e-14,1.7284063e-12,0.0,0.006221933
0.0,0.0,2.072728e-09,4.068196e-13,0.0,0.0038979338
0.0,0.0,8.802579e-10,1.5424605e-13,0.0,0.0020960367
0.0,0.0,6.104557e-10,1.4305387e-14,0.0,0.0006857693
0.0,0.0,2.4714275e-10,2.871618e-15,0.0,0.0001477706
0.0,0.0,2.1829456e-10,7.28914e-16,0.0,1.855963e-05
0.0,0.0,1.7498035e-10,9.0517706e-17,0.0,5.597212e-06
0.0,0.0,6.327916e-11,2.7729756e-09,0.0,1.1805881e-06
0.0,0.0,1.7617687e-11,6.079697e-10,0.0,3.1513113e-07
0.0,0.0,1.4129103e-11,1.09416684e-10,0.0,6.0637475e-08
0.0,0.0,4.59566e-12,2.3043966e-11,0.0,1.6604742e-08
0.0,0.0,2.5827975e-12,5.090586e-12,0.0,1.5359848e-05
0.0,0.0,2.5798628e-12,6.3582315e-13,0.0,3.4200295e-06
0.0,0.0,2.0690088e-12,1.1867491e-13,0.0,5.8824526e-07
0.0,0.0,1.659312e-12,2.1334785e-14,0.0,1.0784609e-07
0.0,0.0,7.1016836e-13,1.2739202e-14,0.0,2.4509989e-08
0.0,0.0,2.0981113e-13,6.8066975e-16,0.0,4.7860755e-09
0.0,0.0,7.6910605e-14,1.179356e-16,0.0,7.4779627e-10
0.0,0.0,3.2916944e-14,1.1977178e-14,0.0,1.7247843e-10
0.0,0.0,1.9522388e-14,2.6784169e-15,0.0,3.103847e-11
0.0,0.0,4.825114e-15,1.3710229e-15,0.0,5.9095628e-12
0.0,0.0,4.2618937e-15,1.9671428e-16,0.0,8.929141e-13
0.0,0.0,4.2570512e-15,1.9047755999999998e-20,0.0,1.5714123e-13
0.0,0.0,3.760139e-15,3.324764e-21,0.0,3.1378366e-14
0.0,0.0,1.0938549e-15,5.845902600000001e-22,0.0,6.1705893e-15
0.0,0.0,5.494116e-16,5.577387e-18,0.0,1.071065e-15
0.0,0.0,4.760113400000001e-16,2.3525642e-23,0.0,7.128738e-07
0.0,0.0,1.7931114000000002e-16,6.247978999999999e-19,0.0,2.3116195e-07
0.0,0.0,6.526473000000001e-17,7.8413947e-25,0.0,3.951699e-08
0.0,0.0,5.764658000000001e-17,2.3488822e-19,0.0,8.744182e-09
0.0,0.0,7.48449e-16,7.2297285e-20,0.0,1.6502236e-09
0.0,0.0,4.83705e-15,4.7474012e-20,0.0,4.2131718e-10
0.0,0.0,4.831508e-15,2.1085368e-27,0.0,9.9864644e-11
0.0,0.0,3.874756e-15,3.0067182e-22,0.0,2.0740031e-11
0.0,0.0,3.4224358e-15,6.831241e-13,0.0,4.4138144e-12
0.0,0.0,3.0229172e-15,2.487578e-13,0.0,9.31116e-13
0.0,0.0,1.5881908e-15,3.0223555e-14,0.0,1.7219846e-13
0.0,0.0,1.5863713e-15,6.888438e-15,0.0,3.3960658e-14
0.0,0.0,1.4011859e-15,1.0674376e-15,0.0,6.6215636e-15
0.0,0.0,1.2376184e-15,1.6645371000000002e-16,0.0,1.1976951e-15
0.0,0.0,1.2362004e-15,3.3896244000000003e-17,0.0,2.6698656e-16
0.0,0.0,1.2347841e-15,4.981675e-18,0.0,4.356937e-17
0.0,0.0,1.2333694e-15,9.320776e-19,0.0,8.2334655e-18
0.0,0.0,1.2319564e-15,1.8775878e-19,0.0,2.0155488e-18
0.0,0.0,1.0881437e-15,6.1362345e-20,0.0,1.3684654e-18
0.0,0.0,4.451595e-16,9.0434485e-21,0.0,3.4506514e-19
0.0,0.0,4.4464947e-16,1.7697646e-21,0.0,1.5875907e-19
0.0,0.0,3.9274326000000005e-16,3.2107474000000003e-22,0.0,1.0203767e-19
0.0,0.0,2.3292607000000004e-16,5.7758004e-23,0.0,3.7121846e-20
0.0,0.0,1.157831e-16,1.018241e-23,0.0,6.8297913e-07
0.0,0.0,1.1565045e-16,1.8153101e-24,0.0,1.7292834e-07
0.0,0.0,9.625276e-17,3.1523367e-25,0.0,3.4801314e-08
0.0,0.0,6.863424000000001e-17,5.8782544e-26,0.0,6.209589e-09
0.0,0.0,6.855560400000001e-17,1.0462455e-26,0.0,1.0948659e-09
0.0,0.0,6.055276e-17,1.9538873e-27,0.0,1.8170335e-10
0.0,0.0,2.5915711e-17,3.6840902e-28,0.0,5.0420036e-11
0.0,0.0,2.2890437e-17,7.725912e-29,0.0,6.383302e-12
0.0,0.0,2.0218317e-17,3.2163033e-25,0.0,1.3379776e-12
0.0,0.0,2.0195155e-17,4.3934705e-30,0.0,2.0853775e-13
0.0,0.0,2.0172017e-17,8.284379e-31,0.0,3.855358e-14
0.0,0.0,7.023691e-18,1.8234024e-31,0.0,7.966629e-15
0.0,0.0,5.1995900000000015e-18,3.5598165000000004e-32,0.0,1.4080882e-15
0.0,0.0,2.3257149e-18,9.182468e-30,0.0,2.4411717000000003e-16
0.0,0.0,2.3230503e-18,1.0937626e-33,0.0,4.680684000000001e-17
0.0,0.0,2.3203889e-18,1.9178219e-34,0.0,6.867697e-18
0.0,0.0,2.3177305e-18,1.9031653e-29,0.0,1.371337e-18
0.0,0.0,2.315075e-18,6.0461283e-30,0.0,2.2707863e-19
0.0,0.0,2.3124227e-18,1.1707123e-36,0.0,3.7578024e-20
0.0,0.0,2.3097734e-18,2.0313485e-37,0.0,6.95884e-21
0.0,0.0,2.307127e-18,3.7265616e-38,0.0,1.2559932e-21
0.0,0.0,1.6986178e-18,6.647485e-39,0.0,2.3411955000000003e-22
0.0,0.0,1.6966717e-18,1.184668e-39,0.0,2.1076273e-08
0.0,0.0,1.2491710999999998e-18,2.4776788000000003e-32,0.0,9.276305e-09
0.0,0.0,1.24774e-18,1.5581609e-30,0.0,1.8411969e-09
0.0,0.0,1.2463105e-18,1.4422883e-30,0.0,2.7044686e-10
0.0,0.0,1.7708034000000002e-16,2.0948294e-31,0.0,4.19541e-11
0.0,0.0,5.277377400000001e-16,4.3052954e-32,0.0,7.1296007e-12
0.0,0.0,5.271285e-16,8.801242000000001e-33,0.0,1.3794099e-12
0.0,0.0,5.2651997e-16,1.5337743e-33,0.0,2.7170006e-13
0.0,0.0,1.90364e-16,2.665291e-34,0.0,4.2537612e-14
0.0,0.0,1.9014423e-16,4.6203638e-35,0.0,7.695619e-15
0.0,0.0,1.8992473e-16,8.032747e-36,0.0,1.3914794e-15
0.0,0.0,1.8970547e-16,1.4052591e-36,0.0,2.2147138000000003e-16
0.0,0.0,8.947666000000001e-17,2.5173139e-37,0.0,4.344173000000001e-17
0.0,0.0,6.693183e-17,4.4322154e-38,0.0,6.950458e-18
0.0,0.0,1.8823583e-17,4.5181862e-36,0.0,1.4402594e-18
0.0,0.0,1.5728125e-17,1.391426e-39,0.0,2.0209811e-19
0.0,0.0,1.5709968e-17,4.650425e-37,0.0,4.8983794e-20
0.0,0.0,7.1014895e-18,4.1973000000000005e-41,0.0,8.675045e-21
0.0,0.0,3.5016590000000004e-18,1.3727964e-37,0.0,6.7657896e-07
0.0,0.0,3.4976166e-18,1.32e-42,0.0,3.131231e-07
0.0,0.0,1.9487343e-18,1.8190302e-38,0.0,7.553545e-08
0.0,0.0,1.9464846e-18,7.788847e-39,0.0,1.8736957e-08
0.0,0.0,1.9442374e-18,1.484952e-39,0.0,4.4165858e-09
0.0,0.0,1.941993e-18,4.4611654e-28,0.0,1.0965477e-09
0.0,0.0,1.4297758999999998e-18,1.7523247e-28,0.0,2.1878548e-10
0.0,0.0,1.1466366e-18,2.6800708e-29,0.0,4.8608756e-11
0.0,0.0,1.0127749e-18,7.2997334e-30,0.0,1.1985752e-11
0.0,0.0,6.006459e-19,1.6485471e-30,0.0,3.121764e-12
0.0,0.0,3.2049925e-19,2.5770052e-31,0.0,8.3619147e-13
0.0,0.0,1.4196212e-19,5.899049e-32,0.0,1.8260798e-13
0.0,0.0,1.2538905e-19,1.2985095e-32,0.0,1.5669184e-09
0.0,0.0,1.0055819e-19,3.167031e-33,0.0,6.475638e-10
0.0,0.0,1.004421e-19,8.031852e-34,0.0,2.2583449e-10
0.0,0.0,8.0551494e-20,2.3129233e-34,0.0,6.383688e-11
0.0,0.0,7.114768e-20,4.5122054e-35,0.0,1.9615556e-11
0.0,0.0,2.8596918e-19,1.1476510000000001e-18,0.0,7.2683686e-12
0.0,0.0,9.542359e-20,1.1206032999999998e-18,0.0,0.0061333645
0.0,0.0,5.3165822e-20,2.4698178e-19,0.0,0.0032521992
0.0,0.0,5.3104003e-20,7.393442e-20,0.0,0.006267445
0.0,0.0,9.196464e-21,2.2161862e-20,0.0,0.026129486
0.0,0.0,3.9358873e-21,5.9997e-21,0.0,0.0032639485
0.0,0.0,3.510768e-21,1.6822316000000004e-21,0.0,0.019448906
0.0,0.0,7.811329e-22,4.580317e-22,0.0,0.005176576
0.0,0.0,2.3233058e-21,1.443189e-19,0.0,0.013509509
0.0,0.0,1.2611799000000001e-21,9.504236e-20,0.0,0.037740137
0.0,0.0,3.3841022000000004e-22,2.3000566e-20,0.0,0.0055776173
0.0,0.0,3.0733712e-23,6.472741200000001e-21,0.0,0.013650907
0.0,0.0,1.2649736e-22,4.326611e-13,0.0,0.03257211
0.0,0.0,3.0367775e-23,2.7416443e-13,0.0,0.0089584645
0.0,0.0,5.6253364e-17,9.877119e-14,0.0,0.05138988
0.0,0.0,1.193414e-16,3.3291187e-14,0.0,0.0063018934
0.0,0.0,4.155012e-17,1.03044506e-14,0.0,0.029942043
0.0,0.0,1.9596147e-17,3.7219424e-15,0.0,0.003829486
0.0,0.0,1.5714369e-17,1.05540495e-13,0.0,0.017480733
0.0,0.0,3.3744834e-14,0.0026784586,0.0,0.013352413
0.0,0.0,4.0130273e-14,0.007181762,0.0,0.035514683
0.0,0.0,1.599928e-14,0.009328358,0.0,0.00790786
0.0,0.0,7.780335e-15,0.016059263,0.0,0.01717672
0.0,0.0,3.6499543e-15,0.049170326,0.0,0.09300939
0.0,0.0,2.7077293e-15,0.0061790645,0.0,0.040563986
0.0,0.0,1.7598937e-14,0.006695,0.0,0.01463511
0.0,0.0,3.3820639e-15,0.00994707,0.0,0.04167997
0.0,0.0,9.628382e-09,0.01223269,0.0,0.0056929267
0.0,0.0,1.3460654e-08,0.028464247,0.0,0.017355911
0.0,0.0,1.3443758e-08,0.011866734,0.0,0.045467734
0.0,0.0,1.1873097e-08,0.013861059,0.0,0.011937404
0.0,0.0,9.11183e-09,0.00015396718,0.0,0.01666313
0.0,0.0,1.7099795e-09,2.6985002e-05,0.0,0.019505417
0.0,0.0,3.6685935e-10,8.074487e-06,0.0,0.025794288
0.0,0.0,6.600585e-11,7.880473e-06,0.0,0.009178856
0.0,0.0,6.5922996e-11,0.001993952,0.0,0.013113374
0.0,0.0,4.4898484e-11,0.017713329,0.0,0.06071943
0.0,0.0,2.5013144e-11,0.029590495,0.0,0.049044743
0.0,0.0,2.4981748e-11,0.007743506,0.0,0.012380076
0.0,0.0,2.495039e-11,0.017618444,0.0,0.047361676
0.0,0.0,1.135639e-11,0.009676035,0.0,0.0069893906
0.0,0.0,4.6232627e-12,0.005528021,0.0,0.01294466
0.0,0.0,1.5228194e-07,0.0068389405,0.0,0.027036125
0.0,0.0,6.9586164e-08,0.006134682,0.0,0.0062242816
0.0,0.0,1.2184627e-08,0.0070412033,0.0,0.010902331
0.0,0.0,2.8156646e-09,0.0029718862,0.0,0.009527804
0.0,0.0,2.4866638e-09,0.0014210264,0.0,0.024888799
0.0,0.0,1.8305703e-09,0.005412062,0.0,0.023720682
0.0,0.0,1.4678889e-09,0.00832792,0.0,0.013480996
0.0,0.0,1.4660222e-09,0.0057277526,0.0,0.021354247
0.0,0.0,1.4641578e-09,0.0046895873,0.0,0.005599402
0.0,0.0,1.4622957e-09,0.0025929,0.0,0.00615907
0.0,0.0,8.965483e-10,0.00092397013,0.0,0.009879867
0.0,0.0,6.617459e-10,0.00022397847,0.0,0.014609754
0.0,0.0,2.5531033e-10,4.0609186e-05,0.0,0.006618762
0.0,0.0,1.8536887e-10,9.389173e-06,0.0,0.01647071
0.0,0.0,1.6370916e-10,2.9689645e-06,0.0,0.0118709225
0.0,0.0,1.6350096e-10,7.3085397e-07,0.0,0.022807812
0.0,0.0,4.7636288e-08,1.9187603e-07,0.0,0.0076305447
0.0,0.0,9.7574135e-09,4.2322107e-08,0.0,0.012041042
0.0,0.0,7.389908e-09,0.0019192662,0.0,0.015765779
0.0,0.0,3.363496e-09,0.004315583,0.0,0.01298525
0.0,0.0,2.2284772e-09,0.001766165,0.0,0.0141370045
0.0,0.0,1.0348699e-05,0.005181717,0.0,0.03327053
0.0,0.0,1.2906958e-05,0.0030896638,0.0,0.010574265
0.0,0.0,3.5447488e-06,0.006328029,0.0,0.013172819
0.0,0.0,6.5955766e-07,0.0032068915,0.0,0.023755848
0.0,0.0,4.118247e-07,0.00767387,0.0,0.01789396
0.0,0.0,4.1129346e-07,0.009670859,0.0,0.034989916
0.0,0.0,2.2912553e-07,0.01907923,0.0,0.010425625
0.0,0.0,2.0234931e-07,0.01111757,0.0,0.013692408
0.0,0.0,4.419522e-08,0.006823872,0.0,0.013134745
0.0,0.0,3.543841e-08,0.0076982602,0.0,0.02045659
0.0,0.0,2.2464711e-08,0.0028236813,0.0,0.0044338396
0.0,0.0,1.8013568e-08,0.000711658,0.0,0.0028001203
0.0,0.0,9.409791e-09,0.000117177486,0.0,0.0015730702
0.0,0.0,2.2202518e-09,3.420569e-05,0.0,0.0016453578
0.0,0.0,2.322775e-06,8.369307e-06,0.0,0.00096434867
0.0,0.0,1.7579687e-05,1.710552e-06,0.0,0.0012005847
0.0,0.0,1.0436679e-05,5.1649226e-07,0.0,0.001534458
0.0,0.0,1.0423114e-05,1.3879031e-07,0.0,0.010955435
0.0,0.0,8.357818e-06,3.6288373e-08,0.0,0.023480238
0.0,0.0,4.6560117e-06,1.0018135e-08,0.0,0.008564874
0.0,0.0,3.4274558e-06,2.510854e-09,0.0,0.02398465
0.0,0.0,2.1726771e-06,6.856973e-10,0.0,0.015644353
0.0,0.0,1.1911475e-06,2.1852137e-10,0.0,0.015074634
0.0,0.0,4.1880085e-07,3.5180085e-11,0.0,0.015061571
0.0,0.0,3.69855e-07,8.301599e-12,0.0,0.020991592
0.0,0.0,1.5381349e-07,2.192436e-12,0.0,0.006533846
0.0,0.0,3.9257728e-08,4.454137e-13,0.0,0.014215822
0.0,0.0,1.2734547e-08,0.003836555,0.0,0.022191545
0.0,0.0,6.36718e-09,0.006315376,0.0,0.010660853
0.0,0.0,3.7488306e-09,0.0039086617,0.0,0.019075809
0.0,0.0,2.2229933e-09,0.0061998903,0.0,0.009577543
0.0,0.0,2.2201039e-09,0.003593252,0.0,0.007947646
0.0,0.0,9.348872e-10,0.003302115,0.0,0.0083736675
0.0,0.0,7.496419e-10,0.0016579367,0.0,0.011340669
0.0,0.0,6.6203015e-10,0.0030780816,0.0,0.0106131425
0.0,0.0,6.611697e-10,0.0021666228,0.0,0.006805416
0.0,0.0,6.6031025e-10,0.0005329752,0.0,0.010728169
0.0,0.0,3.6784537e-10,8.321462e-05,0.0,0.008678347
0.0,0.0,3.2485475e-10,1.4609319e-05,0.0,0.003049144
0.0,0.0,2.868885e-10,2.926298e-06,0.0,0.003708312
0.0,0.0,1.3529444e-10,8.221445e-07,0.0,0.003438176
0.0,0.0,1.194824e-10,1.9007192e-07,0.0,0.0071861716
0.0,0.0,5.155053e-11,4.4193293e-08,0.0,0.0103198355
0.0,0.0,2.8354612e-11,8.567888e-09,0.0,0.00937135
0.0,0.0,2.5040768e-11,2.2492646e-09,0.0,0.01985656
0.0,0.0,1.433246e-11,5.766693e-10,0.0,0.008644677
0.0,0.0,1.0550617e-11,1.5913096e-10,0.0,0.040053315
0.0,0.0,5.2437017e-12,4.143242e-11,0.0,0.010667023
0.0,0.0,1.9716644e-12,9.024136e-12,0.0,0.012842073
0.0,0.0,1.7412331e-12,2.1746958e-12,0.0,0.021934489
0.0,0.0,1.5377327e-12,5.1479545e-13,0.0,0.011428626
0.0,0.0,7.642598e-13,1.0683786e-13,0.0,0.008824327
0.0,0.0,6.7493965e-13,2.9714302e-14,0.0,0.013486118
0.0,0.0,6.7406237e-13,6.1282597e-15,0.0,0.01115943
0.0,0.0,6.731862e-13,1.3747368e-15,0.0,0.013711053
0.0,0.0,4.9764007e-13,0.0035913107,0.0,0.011378484
0.0,0.0,1.249948e-13,0.0016281425,0.0,0.0300919
0.0,0.0,1.2483233e-13,0.00086166133,0.0,0.0049422104
0.0,0.0,7.402346e-14,0.00022330237,0.0,0.0121784145
0.0,0.0,2.9002198e-14,6.0628616e-05,0.0,0.01723892
0.0,0.0,1.4461361e-14,1.3963267e-05,0.0,0.013264957
0.0,0.0,1.05934514e-14,2.8233515e-06,0.0,0.020495199
0.0,0.0,7.798205e-15,6.663599e-07,0.0,0.0068161525
0.0,0.0,6.2530115e-15,2.1733116e-07,0.0,0.014250775
0.0,0.0,4.603057e-15,5.181884e-08,0.0,0.017388461
0.0,0.0,2.4179972e-15,1.5684702e-08,0.0,0.016131563
0.0,0.0,1.9388777e-15,3.4054082e-09,0.0,0.016736772
0.0,0.0,3.5972134e-10,8.671173e-10,0.0,0.014484956
0.0,0.0,3.8324105e-10,2.0701674e-10,0.0,0.015796179
0.0,0.0,2.610016e-10,4.7740298e-11,0.0,0.025083125
0.0,0.0,2.0928284e-10,1.40726415e-11,0.0,0.007146077
0.0,0.0,1.5405882e-10,0.00013587723,0.0,0.025544733
0.0,0.0,6.592419e-11,0.012684545,0.0,0.008230105
0.0,0.0,6.583786e-11,0.01056718,0.0,0.017682837
0.0,0.0,5.1490555e-11,0.015738608,0.0,0.025643604
0.0,0.0,9.713567e-12,0.015366076,0.0,0.008442442
0.0,0.0,1.7316425e-12,0.010525578,0.0,0.019290721
0.0,0.0,5.806289e-13,0.018255739,0.0,0.017214866
0.0,0.0,2.4442622e-13,0.017499734,0.0,0.034666553
0.0,0.0,1.1214546e-11,0.012555769,0.0,0.009761307
0.0,0.0,1.4453704e-11,0.0074963095,0.0,0.014711125
0.0,0.0,9.843429e-12,0.008959372,0.0,0.025393944
0.0,0.0,7.245952e-12,0.006400252,0.0,0.005257631
0.0,0.0,4.9347223e-12,0.0062003806,0.0,0.017741567
0.0,0.0,1.7838656e-12,0.007413135,0.0,0.014188665
0.0,0.0,1.03782686e-11,0.006353291,0.0,0.018451326
0.0,0.0,2.5530321e-11,0.00533626,0.0,0.025414215
0.0,0.0,6.6215813e-12,0.0024618732,0.0,0.008676513
0.0,0.0,1.8357786e-10,0.0073129735,0.0,0.0134015465
0.0,0.0,3.8546293e-08,0.007653107,0.0,0.022700898
0.0,0.0,2.9747525e-07,0.02335403,0.0,0.008940269
0.0,0.0,7.476034e-08,0.018859833,0.0,0.0329497
0.0,0.0,3.2786357e-08,0.010458339,0.0,0.0065289526
0.0,0.0,2.8953318e-08,0.025921866,0.0,0.019998912
0.0,0.0,8.990446e-09,0.0129296,0.0,0.01345723
0.0,0.0,3.1677243e-09,0.010695475,0.0,0.024084466
0.0,0.0,1.4938103e-09,0.012605199,0.0,0.007248103
0.0,0.0,1.0995976e-09,0.0148541955,0.0,0.014618231
0.0,0.0,8.094167e-10,0.0072668577,0.0,0.011528487
0.0,0.0,4.2116338e-10,0.0030090143,0.0,0.011967254
0.0,0.0,1.7542566e-10,0.00089388137,0.0,0.016479818
0.0,0.0,1.5491672e-10,0.00017397251,0.0,0.0043509086
0.0,0.0,1.277556e-10,4.5834393e-05,0.0,0.007094353
0.0,0.0,6.850744e-11,1.11148875e-05,0.0,0.010741728
0.0,0.0,3.9338362e-11,3.0434244e-06,0.0,0.011340076
0.0,0.0,2.1089235e-11,5.4337903e-07,0.0,0.01156618
0.0,0.0,1.3367936e-11,1.07406166e-07,0.0,0.016726345
0.0,0.0,1.33499834e-11,2.6973279e-08,0.0,0.008174041
0.0,0.0,1.1789242e-11,7.305707e-09,0.0,0.025483022
0.0,0.0,9.945015e-06,2.2991689e-09,0.0,0.003742939
0.0,0.0,8.822335e-06,3.4968017e-10,0.0,0.0064110085
0.0,0.0,7.790856e-06,9.519063e-11,0.0,0.010437626
0.0,0.0,4.6196387e-06,2.2161028e-11,0.0,0.01895821
0.0,0.0,3.5541123e-06,0.0026465289,0.0,0.0038315079
0.0,0.0,2.4131355e-06,0.0011291153,0.0,0.0041111475
0.0,0.0,1.9348797e-06,0.002748774,0.0,0.0031479024
0.0,0.0,1.3312355e-06,0.0010338473,0.0,0.0052724914
0.0,0.0,9.692507e-07,0.0002085116,0.0,0.0075218715
0.0,0.0,6.6006874e-07,4.2123334e-05,0.0,0.0058824704
0.0,0.0,5.828953e-07,8.20876e-06,0.0,0.0038970467
0.0,0.0,4.6737202e-07,1.6733841e-06,0.0,0.0027709994
0.0,0.0,4.667403e-07,3.7898488e-07,0.0,0.0023319544
0.0,0.0,3.4356583e-07,6.765988e-08,0.0,0.0006744024
0.0,0.0,2.5289754e-07,1.331296e-08,0.0,0.00016976133
0.0,0.0,2.0277608e-07,2.3901003e-09,0.0,3.8250182e-05
0.0,0.0,2.02502e-07,1.0129864e-08,0.0,8.915358e-06
0.0,0.0,2.0222829e-07,2.9668084e-09,0.0,1.4560442e-06
0.0,0.0,1.7858432e-07,1.5219532e-11,0.0,3.5633587e-07
0.0,0.0,1.7834294e-07,2.82518e-12,0.0,7.237272e-07
0.0,0.0,1.4299737e-07,3.1307468e-10,0.0,7.025236e-05
0.0,0.0,5.3765145e-08,9.580356e-11,0.0,0.00041782355
0.0,0.0,1.4567111e-08,1.861474e-14,0.0,0.00047397343
0.0,0.0,1.4547421e-08,3.5823615e-15,0.0,0.00026453903
0.0,0.0,1.1664285e-08,3.648405e-12,0.0,0.00067142054
0.0,0.0,9.352553e-09,1.119117e-16,0.0,0.0010112764
0.0,0.0,7.498981e-09,7.340145e-13,0.0,0.0009972551
0.0,0.0,3.3197023e-09,3.4594598e-18,0.0,0.0006546113
0.0,0.0,9.869028e-10,1.4847112e-15,0.0,0.000598604
0.0,0.0,8.7151686e-10,7.695644e-14,0.0,0.00079520396
0.0,0.0,8.703389e-10,1.4506918e-14,0.0,0.0006441238
0.0,0.0,7.6858125e-10,7.300502e-15,0.0,0.00040933333
0.0,0.0,3.448278e-10,2.5409523e-15,0.0,0.00043083378
0.0,0.0,3.0451147e-10,6.4502417e-16,0.0,0.00030065252
0.0,0.0,1.0600622e-10,2.5339655e-16,0.0,0.00035592826
0.0,0.0,1.05862936e-10,4.1141607e-06,0.0,0.00018587885
0.0,0.0,4.9921574e-11,3.0405113e-06,0.0,0.0001047835
0.0,0.0,3.2553557e-11,7.8775844e-07,0.0,3.5009285e-05
0.0,0.0,2.3201826e-11,2.1173493e-07,0.0,1.2073639e-05
0.0,0.0,2.3170466e-11,7.0444635e-08,0.0,2.3963798e-06
0.0,0.0,2.3139149e-11,1.0929665e-08,0.0,4.9641284e-07
0.0,0.0,2.3107873e-11,2.8161753e-09,0.0,8.880482e-08
0.0,0.0,1.6455184e-11,9.793255e-10,0.0,1.8215074e-08
0.0,0.0,1.07388855e-11,1.030818e-08,0.0,3.031365e-09
0.0,0.0,1.0724371e-11,6.7913724e-08,0.0,2.0947355e-09
0.0,0.0,9.470507e-12,3.812497e-08,0.0,8.888499e-10
0.0,0.0,2.7169727e-12,2.8551717e-08,0.0,5.931118e-10
0.0,0.0,5.2129015e-13,3.2944797e-08,0.0,5.1061805e-10
0.0,0.0,2.8414703e-13,2.1713557e-08,0.0,5.016023e-10
0.0,0.0,2.1025092e-13,1.46229615e-08,0.0,2.9106503e-10
0.0,0.0,6.2702475e-14,1.4148892e-08,0.0,2.6431385e-10
0.0,0.0,1.2545433e-14,2.9725011e-09,0.0,5.327387e-10
0.0,0.0,4.5417835e-15,5.912159e-10,0.0,2.2036757e-10
0.0,0.0,3.3088785e-15,1.04023144e-10,0.0,1.5633356e-10
0.0,0.0,5.208302e-12,1.880722e-11,0.0,1.6208314e-10
0.0,0.0,5.430153e-12,3.3187626e-12,0.0,9.4033684e-11
0.0,0.0,5.422766e-12,2.4099423e-12,0.0,1.8991617e-06
0.0,0.0,5.415389e-12,8.816647e-13,0.0,2.2710814e-05
0.0,0.0,3.4326194e-12,6.9405966e-13,0.0,1.5584814e-05
0.0,0.0,3.4279498e-12,1.5937779e-13,0.0,1.9023442e-05
0.0,0.0,3.027137e-12,2.4353712e-14,0.0,2.0245077e-05
0.0,0.0,2.6731891e-12,3.2363655e-14,0.0,2.3063645e-05
0.0,0.0,8.97601e-13,3.4051982e-17,0.0,5.6252825e-06
0.0,0.0,8.9638e-13,5.9878894e-14,0.0,1.3530295e-06
0.0,0.0,2.267528e-11,1.3686385e-14,0.0,3.373498e-07
0.0,0.0,5.9810545e-11,2.0041395e-19,0.0,7.694766e-08
0.0,0.0,5.972865e-11,4.3669589999999997e-20,0.0,1.6267068e-08
0.0,0.0,5.964687e-11,8.911176e-21,0.0,4.0376937e-09
0.0,0.0,5.956519e-11,2.7087164e-21,0.0,8.353361e-10
0.0,0.0,5.948363e-11,1.2419521e-21,0.0,2.1180128e-10
0.0,0.0,3.527034e-11,1.1503725e-19,0.0,4.8703503e-11
0.0,0.0,3.5222048e-11,8.186204e-24,0.0,9.06546e-12
0.0,0.0,3.517382e-11,1.8462493e-24,0.0,2.241006e-12
0.0,0.0,3.5125656e-11,3.806264e-25,0.0,6.7735124e-13
0.0,0.0,3.507756e-11,6.7027755e-26,0.0,2.5666185e-13
0.0,0.0,3.502953e-11,1.3907045e-26,0.0,8.814802e-14
0.0,0.0,3.4981566e-11,3.0298154e-27,0.0,3.1289576e-13
0.0,0.0,3.4933667e-11,6.000453e-28,0.0,1.4019536e-13
0.0,0.0,3.4885834e-11,1.1410008e-28,0.0,1.3732054e-08
0.0,0.0,3.4838066e-11,3.603151e-29,0.0,2.7068825e-09
0.0,0.0,3.4790365e-11,5.4166193e-30,0.0,4.7311116e-10
0.0,0.0,3.4742726e-11,5.8478324e-31,0.0,8.672172e-11
0.0,0.0,3.4695153e-11,1.5002546e-31,0.0,1.4651837e-11
0.0,0.0,3.464765e-11,2.8981666e-32,0.0,2.4683892e-12
0.0,0.0,3.4600208e-11,9.563854e-33,0.0,5.085087e-13
0.0,0.0,1.8174311e-11,2.5608637e-33,0.0,8.318996e-14
0.0,0.0,1.8149425e-11,2.3244218e-34,0.0,1.522811e-14
0.0,0.0,1.8124575e-11,2.2943776e-35,0.0,2.5856784e-15
0.0,0.0,1.8099758e-11,3.7378037e-36,0.0,4.5675897e-16
0.0,0.0,8.995032e-12,6.8943176e-37,0.0,7.708820400000001e-17
0.0,0.0,1.0800501e-08,1.2467039e-37,0.0,1.4600621e-17
0.0,0.0,1.8109805e-07,2.8345378000000003e-38,0.0,2.1818706e-18
0.0,0.0,1.3585614e-07,5.910485e-39,0.0,4.331958e-19
0.0,0.0,1.1334426e-07,1.04709e-39,0.0,8.1850943e-20
0.0,0.0,1.0752924e-07,2.30062e-40,0.0,1.407712e-20
0.0,0.0,5.964365e-08,3.1993e-41,0.0,2.1815556e-21
0.0,0.0,4.767585e-08,8.022000000000001e-42,0.0,5.273833e-22
0.0,0.0,4.7610047e-08,1.759e-42,0.0,1.5551594000000002e-22
0.0,0.0,2.6122875e-08,3.8012575e-09,0.0,2.261043e-23
0.0,0.0,2.6086816e-08,3.373494e-09,0.0,4.005074e-06
0.0,0.0,1.3702366e-08,3.7538377e-09,0.0,3.2960008e-05
0.0,0.0,1.3683453e-08,8.510551e-09,0.0,4.8551075e-05
0.0,0.0,1.2493181e-08,7.4524795e-09,0.0,4.812182e-05
0.0,0.0,1.1927339e-08,8.973539e-09,0.0,4.1685285e-05
0.0,0.0,3.717369e-09,1.1536691e-08,0.0,4.500587e-05
0.0,0.0,1.606073e-09,2.8473922e-08,0.0,4.539592e-05
0.0,0.0,7.2055195e-10,7.1146107e-09,0.0,5.1599538e-05
0.0,0.0,3.5808856e-10,1.684622e-09,0.0,5.943281e-05
0.0,0.0,2.8711114e-10,3.8964498e-10,0.0,6.813163e-05
0.0,0.0,1.4268398e-10,8.340029e-11,0.0,6.307116e-05
0.0,0.0,1.4248704e-10,2.257791e-11,0.0,7.2116614e-05
0.0,0.0,1.2582423e-10,4.404115e-12,0.0,6.315702e-05
0.0,0.0,1.2565055e-10,1.5926825e-12,0.0,6.547618e-05
0.0,0.0,9.248824e-11,2.418785e-13,0.0,6.975054e-05
0.0,0.0,6.368022e-11,5.936573e-14,0.0,8.12416e-05
0.0,0.0,4.7070594e-11,1.35478575e-14,0.0,7.7493685e-05
0.0,0.0,2.6494681e-11,4.8491206e-14,0.0,7.41569e-05
0.0,0.0,8.961809e-12,3.9965962e-15,0.0,7.457018e-05
0.0,0.0,7.341041e-12,2.254638e-16,0.0,9.9279925e-05
0.0,0.0,7.330908e-12,2.6826918e-15,0.0,0.00012875118
0.0,0.0,2.0624273e-12,4.2576556e-16,0.0,0.00011968331
0.0,0.0,1.5984935e-12,1.8692064e-16,0.0,0.0001108454
0.0,0.0,7.683336e-13,1.4913016999999998e-18,0.0,7.553209e-05
0.0,0.0,5.091721e-13,0.00020125668,0.0,6.6581146e-05
0.0,0.0,2.836265e-13,0.0017488594,0.0,0.00010423536
0.0,0.0,2.5045848e-13,0.004529712,0.0,0.00035349015
0.0,0.0,1.1340845e-13,0.0037869865,0.0,0.0002833101
0.0,0.0,8.3477137e-14,0.0069862683,0.0,0.00064312556
0.0,0.0,6.531962e-14,0.007443816,0.0,0.0021266798
0.0,0.0,5.5464283e-14,0.009557083,0.0,0.00066047476
0.0,0.0,1.0592585e-14,0.01646033,0.0,0.00020190467
0.0,0.0,3.1408606e-15,0.019829512,0.0,0.011969637
0.0,0.0,8.7665994e-16,0.0258522,0.0,0.009760596
0.0,0.0,5.9699613e-16,0.013614418,0.0,0.040099178
0.0,0.0,3.539801e-16,0.02524807,0.0,0.0489906
0.0,0.0,1.07276643e-16,0.023981925,0.0,0.027762564
0.0,0.0,4.048667e-17,0.01877949,0.0,0.011041598
0.0,0.0,4.0430785e-17,0.032066934,0.0,0.01217767
0.0,0.0,3.5702703000000003e-17,0.006248467,0.0,0.036148183
0.0,0.0,2.2630199e-17,0.006013675,0.0,0.0076560928
0.0,0.0,1.1886742e-17,0.009217304,0.0,0.02280822
0.0,0.0,1.0098815000000001e-17,0.015279076,0.0,0.053115536
0.0,0.0,7.079563e-18,0.028611973,0.0,0.029032005
0.0,0.0,5.67631e-18,0.0050261733,0.0,0.013678154
0.0,0.0,1.9557315e-18,0.004347878,0.0,0.041490804
0.0,0.0,3.8329727e-19,0.009171256,0.0,0.00499479
0.0,0.0,1.7699869999999997e-19,0.028800195,0.0,0.021650173
0.0,0.0,8.873345999999999e-20,0.00992857,0.0,0.014095378
0.0,0.0,1.1408265e-16,0.017999563,0.0,0.05417948
0.0,0.0,4.2114936e-16,0.01889876,0.0,0.014056818
0.0,0.0,3.0999553e-16,0.018712904,0.0,0.029602341
0.0,0.0,2.4854909000000003e-16,0.0320498,0.0,0.014645362
0.0,0.0,1.5754209e-16,0.005017179,0.0,0.024775783
0.0,0.0,8.775583000000001e-17,0.0029662692,0.0,0.005024441
0.0,0.0,7.749293e-17,0.0038992267,0.0,0.012164375
0.0,0.0,6.843025e-17,0.0014374413,0.0,0.018158868
0.0,0.0,2.2037895e-17,0.00045670493,0.0,0.011019092
0.0,0.0,4.883647e-16,0.00014532152,0.0,0.04983279
0.0,0.0,4.3983617e-15,4.0689534e-05,0.0,0.008712562
0.0,0.0,3.6334893e-15,0.0075805807,0.0,0.02050351
0.0,0.0,3.0545232e-15,0.01766147,0.0,0.013920136
0.0,0.0,6.553856e-16,0.032200363,0.0,0.03977427
0.0,0.0,2.5415869e-11,0.007812351,0.0,0.007703976
0.0,0.0,1.010123e-11,0.006832541,0.0,0.015011954
0.0,0.0,7.212934e-12,0.012166817,0.0,0.023722185
0.0,0.0,1.08562e-10,0.015200533,0.0,0.005379972
0.0,0.0,1.1428508e-10,0.009264217,0.0,0.01363317
0.0,0.0,5.837612e-11,0.01954379,0.0,0.023334248
0.0,0.0,3.3031206e-11,0.018511944,0.0,0.009331238
0.0,0.0,2.249306e-11,0.013347643,0.0,0.020100564
0.0,0.0,1.9861918e-11,0.023704063,0.0,0.013878807
0.0,0.0,9.870293e-12,0.008327661,0.0,0.012011549
0.0,0.0,3.974308e-12,0.008939189,0.0,0.02724918
0.0,0.0,0.001836614,0.0076204473,0.0,0.006360196
0.0,0.0,0.0026404336,0.013185835,0.0,0.018002624
0.0,0.0,0.0013495812,0.0043604327,0.0,0.0061813043
0.0,0.0,0.0015824098,0.0052703433,0.0,0.008045167
0.0,0.0,0.0015801482,0.0031494163,0.0,0.018023618
0.0,0.0,0.0027775003,0.005082713,0.0,0.0121019045
0.0,0.0,0.0027735308,0.0032239147,0.0,0.02206842
0.0,0.0,0.0027695666,0.004289797,0.0,0.013713796
0.0,0.0,0.0027656083,0.002958627,0.0,0.024190266
0.0,0.0,0.0027616557,0.0012001136,0.0,0.0056978734
0.0,0.0,0.005532094,0.006139577,0.0,0.0147990715
0.0,0.0,0.0045688855,0.0044763265,0.0,0.01603668
0.0,0.0,0.0024140158,0.0027999708,0.0,0.015908843
0.0,0.0,0.0006413038,0.008087895,0.0,0.024141446
0.0,0.0,0.00027474435,0.006738684,0.0,0.008535451
0.0,0.0,0.00027435165,0.0043159635,0.0,0.01632438
0.0,0.0,0.00020195215,0.012468396,0.0,0.031129599
0.0,0.0,0.00013753472,0.008972022,0.0,0.007079553
0.0,0.0,0.00011027103,0.0029610908,0.0,0.0061241994
0.0,0.0,5.3034393e-05,0.0027641319,0.0,0.016964506
0.0,0.0,1.3505001e-05,0.0015424822,0.0,0.013012262
0.0,0.0,3.4705624e-06,0.0068563516,0.0,0.020264935
0.0,0.0,1.1333162e-06,0.005792848,0.0,0.014015159
0.0,0.0,6.297299e-07,0.009259434,0.0,0.020319493
0.0,0.0,2.5673916e-07,0.005784837,0.0,0.012047337
0.0,0.0,9.869953e-08,0.006840482,0.0,0.020143017
0.0,0.0,9.8558445e-08,0.0024893156,0.0,0.006891851
0.0,0.0,2.9370582e-08,0.0055520516,0.0,0.017187485
0.0,0.0,5.9603416e-09,0.0049429093,0.0,0.019363606
0.0,0.0,3.5339236e-09,0.008447915,0.0,0.016412478
0.0,0.0,3.528872e-09,0.0065167868,0.0,0.015282777
0.0,0.0,3.523828e-09,0.006858234,0.0,0.015061212
0.0,0.0,1.5957858e-09,0.0026579443,0.0,0.015074008
0.0,0.0,9.345447e-10,0.006072274,0.0,0.021065397
0.0,0.0,9.332088e-10,0.0057210447,0.0,0.011355981
0.0,0.0,4.186562e-10,0.004279618,0.0,0.011206835
0.0,0.0,1.974095e-10,0.00274383,0.0,0.0238934
0.0,0.0,1.7431535e-10,0.0066106147,0.0,0.006580187
0.0,0.0,1.1870106e-10,0.0058119427,0.0,0.010716482
0.0,0.0,1.048147e-10,0.003384899,0.0,0.0130631775
0.0,0.0,1.04664874e-10,0.0019165297,0.0,0.029662965
0.0,0.0,1.04515264e-10,0.004981276,0.0,0.005790674
0.0,0.0,6.418918e-11,0.0052904645,0.0,0.011920911
0.0,0.0,2.8065949e-11,0.007209065,0.0,0.025154997
0.0,0.0,2.4782624e-11,0.0048019467,0.0,0.005226054
0.0,0.0,1.2315473e-11,0.004339611,0.0,0.006310906
0.0,0.0,1.0874735e-11,0.001786751,0.0,0.008204296
0.0,0.0,1.085919e-11,0.0053431606,0.0,0.014994812
0.0,0.0,5.70362e-12,0.002774514,0.0,0.013358816
0.0,0.0,2.995737e-12,0.004661641,0.0,0.015247954
0.0,0.0,2.401828e-12,0.0024483523,0.0,0.01583571
0.0,0.0,1.7678389e-12,0.005093967,0.0,0.020228123
0.0,0.0,7.2301816e-13,0.0034558312,0.0,0.014840409
0.0,0.0,1.8286479e-13,0.007909547,0.0,0.028068913
0.0,0.0,1.2224869e-13,0.008162243,0.0,0.011483197
0.0,0.0,1.079473e-13,0.010478819,0.0,0.019757798
0.0,0.0,2.4273362e-14,0.010097672,0.0,0.012271599
0.0,0.0,1.8917532e-06,0.018741863,0.0,0.032534722
0.0,0.0,5.5426614e-07,0.008534551,0.0,0.005895023
0.0,0.0,9.711119e-08,0.0041349824,0.0,0.008056816
0.0,0.0,4.1013173e-08,0.006704101,0.0,0.020528987
0.0,0.0,3.830576e-08,0.007948579,0.0,0.014096865
0.0,0.0,1.9035484e-08,0.0055868872,0.0,0.017029382
0.0,0.0,6.8803674e-09,0.005896963,0.0,0.014488067
0.0,0.0,2.8139358e-09,0.0049775005,0.0,0.02905576
0.0,0.0,2.2560485e-09,0.0042012986,0.0,0.009695169
0.0,0.0,1.8087671e-09,0.0023742472,0.0,0.023205541
0.0,0.0,1.8061651e-09,0.0032352207,0.0,0.019730367
0.0,0.0,1.0708766e-09,0.0013114423,0.0,0.021536931
0.0,0.0,4.8746407e-10,0.002967175,0.0,0.011388682
0.0,0.0,2.2985246e-10,0.0019271554,0.0,0.028311944
0.0,0.0,1.4568374e-10,0.0062929667,0.0,0.007568982
0.0,0.0,1.4547416e-10,0.009140551,0.0,0.020771151
0.0,0.0,1.2845452e-10,0.010533091,0.0,0.0156007195
0.0,0.0,6.383359e-11,0.0069707264,0.0,0.015952757
0.0,0.0,3.172116e-11,0.006900582,0.0,0.022142561
0.0,0.0,2.8009971e-11,0.012977375,0.0,0.010607266
0.0,0.0,2.7969675e-11,0.019193314,0.0,0.031003986
0.0,0.0,1.0709418e-11,0.012287714,0.0,0.00903913
0.0,0.0,3.2099666e-12,0.019629158,0.0,0.024270296
0.0,0.0,2.1540161e-12,0.016061503,0.0,0.010529929
0.0,0.0,1.0819689e-12,0.009576583,0.0,0.020134883
0.0,0.0,5.665095e-13,0.009022582,0.0,0.010343932
0.0,0.0,4.565022e-13,0.0075038685,0.0,0.018145807
0.0,0.0,1.9982041e-13,0.006545604,0.0,0.018699208
0.0,0.0,1.8670335e-13,0.022179324,0.0,0.026135828
0.0,0.0,9.913195e-14,0.018906768,0.0,0.010605678
0.0,0.0,4.9213533e-05,0.013661376,0.0,0.023182359
0.0,0.0,0.00024501243,0.012398575,0.0,0.008230164
0.0,0.0,0.00013215045,0.00968391,0.0,0.011738408
0.0,0.0,6.568228e-05,0.007960727,0.0,0.020196697
0.0,0.0,4.4727378e-05,0.004242441,0.0,0.009993689
0.0,0.0,2.5697944e-05,0.0028677792,0.0,0.012447482
0.0,0.0,2.1576587e-05,0.007939339,0.0,0.03713822
0.0,0.0,1.2018365e-05,0.00644578,0.0,0.0081857145
0.0,0.0,1.0612187e-05,0.0057433764,0.0,0.014208282
0.0,0.0,6.291969e-06,0.0030892862,0.0,0.022281855
0.0,0.0,6.282854e-06,0.007822909,0.0,0.0118935825
0.0,0.0,2.9642322e-06,0.006867429,0.0,0.017332617
0.0,0.0,7.125147e-07,0.00498437,0.0,0.014340026
0.0,0.0,5.7124674e-07,0.010274561,0.0,0.019655224
0.0,0.0,2.0250928e-07,0.008452505,0.0,0.0119312145
0.0,0.0,1.7025104e-07,0.010619115,0.0,0.022188686
0.0,0.0,9.885682e-08,0.011301557,0.0,0.008219655
0.0,0.0,5.6715987e-08,0.006363155,0.0,0.009643385
0.0,0.0,1.6038616e-08,0.0027510456,0.0,0.009615414
0.0,0.0,1.1874026e-08,0.0034069703,0.0,0.014520603
0.0,0.0,1.0484728e-08,0.0016910572,0.0,0.013170934
0.0,0.0,8.405954e-09,0.0031378858,0.0,0.0061593815
0.0,0.0,3.3344423e-09,0.0013453424,0.0,0.009911113
0.0,0.0,1.3461771e-09,0.006647326,0.0,0.015105586
0.0,0.0,5.0609605e-10,0.007104447,0.0,0.018875685
0.0,0.0,2.3863553e-10,0.0062463786,0.0,0.009148815
0.0,0.0,2.1071443e-10,0.004508499,0.0,0.033895303
0.0,0.0,1.217581e-10,0.0027315475,0.0,0.0079283435
0.0,0.0,4.006427e-11,0.0018629835,0.0,0.007274447
0.0,0.0,3.2120855e-11,0.0024138568,0.0,0.016315991
0.0,0.0,2.3641743e-11,0.00090410165,0.0,0.007036516
0.0,0.0,1.6098673e-11,0.00200015,0.0,0.017733641
0.0,0.0,7.590882e-12,0.0006774812,0.0,0.009100458
0.0,0.0,3.247806e-12,0.0014596942,0.0,0.01330754
0.0,0.0,2.0473978e-12,0.00084303407,0.0,0.01635415
0.0,0.0,1.3941608e-12,0.0028199092,0.0,0.0080691185
0.0,0.0,1.3921411e-12,0.0010669287,0.0,0.018814607
0.0,0.0,1.3901242e-12,0.0006657862,0.0,0.0053436537
0.0,0.0,5.307769e-13,0.0013695746,0.0,0.0041714665
0.0,0.0,1.569175e-13,0.0011839165,0.0,0.0053096465
0.0,0.0,9.303556e-14,0.0017827427,0.0,0.0066952156
0.0,0.0,4.1736817e-14,0.0010686908,0.0,0.0049048476
0.0,0.0,2.4745539e-14,0.0022845864,0.0,0.0063348375
0.0,0.0,1.8213328e-14,0.00058205187,0.0,0.0021637175
0.0,0.0,7.802377e-15,0.00052334013,0.0,0.001345592
0.0,0.0,2.6543368e-15,0.0011129093,0.0,0.0011064966
0.0,0.0,2.3437713e-15,0.0003032524,0.0,0.0010092332
0.0,0.0,2.0695427e-15,0.00053942204,0.0,0.0013378704
0.0,0.0,2.0665446e-15,0.00034827334,0.0,0.0009253152
0.0,0.0,2.0635508e-15,0.0011831151,0.0,0.0017493478
0.0,0.0,2.0605614e-15,0.0008260605,0.0,0.0015002404
0.0,0.0,1.4817476e-15,0.0010790161,0.0,0.0016314354
0.0,0.0,7.655894600000001e-16,0.0004625261,0.0,0.0009909336
0.0,0.0,4.0210613000000005e-16,0.00079744426,0.0,0.0018881629
0.0,0.0,4.0152358e-16,0.0004913271,0.0,0.0007427301
0.0,0.0,2.3806123000000004e-16,0.00018602524,0.0,0.00019071966
0.0,0.0,1.6358144e-16,0.000115316165,0.0,7.668866e-05
0.0,0.0,0.00022464842,0.0001420507,0.0,0.00018249228
0.0,0.0,0.00018256961,9.709264e-05,0.0,0.00036707864
0.0,0.0,0.00012643043,3.7000136e-05,0.0,0.0003348828
0.0,0.0,5.5683842e-05,1.13027445e-05,0.0,0.0003361868
0.0,0.0,5.5602482e-05,3.2982143e-06,0.0,0.00036261344
0.0,0.0,5.5521243e-05,9.214028e-07,0.0,0.00015399116
0.0,0.0,4.9024642e-05,2.39487e-07,0.0,0.0001123864
0.0,0.0,4.8953014e-05,7.5034826e-08,0.0,6.223906e-05
0.0,0.0,3.6030775e-05,9.596571e-08,0.0,5.104582e-05
0.0,0.0,1.6563747e-05,1.6841703e-07,0.0,0.00017777456
0.0,0.0,8.460487e-06,1.11698995e-07,0.0,0.00018067316
0.0,0.0,6.818836e-06,6.779524e-08,0.0,7.98984e-05
0.0,0.0,6.553294e-06,8.819626e-08,0.0,6.837896e-05
0.0,0.0,6.5437193e-06,6.231534e-08,0.0,4.6591995e-05
0.0,0.0,6.5341583e-06,1.6182508e-07,0.0,9.719238e-05
0.0,0.0,6.5246118e-06,4.1280362e-07,0.0,0.00043183676
0.0,0.0,3.8683825e-06,4.882846e-07,0.0,0.0004993256
0.0,0.0,1.9223035e-06,8.807862e-07,0.0,0.0012181818
0.0,0.0,1.9194947e-06,8.6682485e-07,0.0,0.00054736336
0.0,0.0,1.6948871e-06,3.819057e-07,0.0,0.00040654073
0.0,0.0,1.1541078e-06,3.781919e-07,0.0,0.00041667314
0.0,0.0,5.1774066e-07,4.1530268e-07,0.0,0.00046981123
0.0,0.0,4.5715777e-07,4.902672e-07,0.0,0.00069685717
0.0,0.0,2.8974665e-07,3.1410684e-07,0.0,0.00054861204
0.0,0.0,2.5584222e-07,3.5802015e-07,0.0,0.0004583852
0.0,0.0,2.259051e-07,2.3827695e-07,0.0,0.00030261837
0.0,0.0,2.2557504e-07,1.815341e-07,0.0,0.00030043162
0.0,0.0,1.6402772e-07,7.148636e-08,0.0,0.0002102453
0.0,0.0,5.3471332e-08,3.563621e-08,0.0,5.8399095e-05
0.0,0.0,4.7214435e-08,2.7069982e-08,0.0,6.599463e-05
0.0,0.0,4.7145452e-08,2.1724182e-08,0.0,3.416245e-05
0.0,0.0,4.707657e-08,2.2892548e-08,0.0,2.359946e-05
0.0,0.0,3.5318852e-08,4.629547e-08,0.0,2.8445798e-05
0.0,0.0,2.203068e-08,2.2252747e-08,0.0,3.2691132e-05
0.0,0.0,2.1998492e-08,7.206765e-09,0.0,3.5034307e-05
0.0,0.0,2.196635e-08,2.0061839e-09,0.0,1.84926e-05
0.0,0.0,2.1934255e-08,5.6214056e-09,0.0,1.9955201e-05
0.0,0.0,1.936764e-08,8.972729e-09,0.0,1.6822652e-05
0.0,0.0,1.31321904e-08,1.0333238e-08,0.0,2.3787608e-05
0.0,0.0,8.9804e-09,1.5245014e-08,0.0,2.377355e-05
0.0,0.0,8.967279e-09,2.0508905e-08,0.0,1.8745044e-05
0.0,0.0,8.954177e-09,2.2878291e-08,0.0,1.3139406e-05
0.0,0.0,3.3662868e-09,2.0595712e-08,0.0,9.537638e-06
0.0,0.0,3.3613683e-09,8.729575e-09,0.0,2.1971773e-05
0.0,0.0,2.4740194e-09,2.6625357e-09,0.0,2.2901348e-05
0.0,0.0,2.3705056e-09,8.102978e-09,0.0,1.8643414e-05
0.0,0.0,9.816327e-10,5.4674825e-09,0.0,1.6662107e-05
0.0,0.0,9.801984e-10,8.037255e-09,0.0,1.686746e-05
0.0,0.0,9.787663e-10,3.4764038e-09,0.0,1.1647666e-05
0.0,0.0,9.773362e-10,1.0924116e-08,0.0,1.2656782e-05
0.0,0.0,9.759082e-10,1.4091284e-08,0.0,1.3467376e-05
0.0,0.0,9.744824e-10,1.04394156e-08,0.0,1.4550803e-05
0.0,0.0,8.6045426e-10,6.7520722e-09,0.0,2.0101974e-05
0.0,0.0,8.591971e-10,8.744521e-09,0.0,1.7607581e-05
0.0,0.0,8.579418e-10,1.2219884e-08,0.0,1.5932366e-05
0.0,0.0,8.566882e-10,1.5514004e-08,0.0,1.3465927e-05
0.0,0.0,7.921531e-10,2.886008e-08,0.0,1.8827432e-05
0.0,0.0,7.4577544e-10,2.6168806e-08,0.0,1.4425254e-05
0.0,0.0,7.446858e-10,1.1643142e-08,0.0,1.3884795e-05
0.0,0.0,7.435978e-10,3.447934e-09,0.0,1.539507e-05
0.0,0.0,7.4251133e-10,1.639666e-08,0.0,1.7680615e-05
0.0,0.0,5.464999e-10,2.1688042e-08,0.0,1.9211408e-05
0.0,0.0,2.8703143e-10,1.8775806e-08,0.0,1.9513438e-05
0.0,0.0,2.8661204e-10,4.5695522e-08,0.0,2.1852677e-05
0.0,0.0,2.861933e-10,5.5587464e-08,0.0,2.0376314e-05
0.0,0.0,2.8577513e-10,5.6903506e-08,0.0,2.8225235e-05
0.0,0.0,2.853576e-10,7.234273e-08,0.0,3.0674928e-05
0.0,0.0,1.7910022e-10,1.0451798e-07,0.0,2.7274049e-05
0.0,0.0,5.004613e-11,9.17755e-08,0.0,2.4258523e-05
0.0,0.0,4.9973012e-11,6.4365906e-08,0.0,2.3322897e-05
0.0,0.0,1.9576151e-11,6.390609e-08,0.0,2.4783367e-05
0.0,0.0,1.954755e-11,9.009314e-08,0.0,2.3858007e-05
0.0,0.0,1.9518989e-11,1.1312487e-07,0.0,2.6410908e-05
0.0,0.0,1.4366279e-11,1.1595761e-07,0.0,3.1652256e-05
0.0,0.0,1.4345289e-11,5.8654723e-07,0.0,3.859124e-05
0.0,0.0,1.2666689e-11,6.551398e-07,0.0,4.174443e-05
0.0,0.0,6.2943834e-12,7.186136e-07,0.0,5.1990693e-05
0.0,0.0,6.2851868e-12,5.178593e-07,0.0,6.420056e-05
0.0,0.0,6.2760036e-12,7.0024106e-07,0.0,5.9540198e-05
0.0,0.0,5.031618e-12,7.3937446e-07,0.0,3.4177127e-05
0.0,0.0,3.1890389e-12,1.3708711e-06,0.0,4.335506e-05
0.0,0.0,3.1843796e-12,1.3441171e-06,0.0,4.808085e-05
0.0,0.0,3.1797269e-12,6.49734e-07,0.0,5.5361044e-05
0.0,0.0,7.791766e-13,5.799254e-07,0.0,5.7903006e-05
0.0,0.0,5.357583e-13,6.6844416e-07,0.0,4.8828308e-05
0.0,0.0,3.648162e-13,1.3785194e-06,0.0,6.300889e-05
0.0,0.0,2.0815089e-13,4.345439e-06,0.0,6.53341e-05
0.0,0.0,5.8925236e-14,1.0224138e-05,0.0,8.1660284e-05
0.0,0.0,2.0072496e-14,2.9801033e-05,0.0,8.5897e-05
0.0,0.0,5.3802025e-15,5.7024852e-05,0.0,7.6598946e-05
0.0,0.0,2.996717e-15,0.00013245044,0.0,0.00010637297
0.0,0.0,2.9923387e-15,0.0010632554,0.0,0.00015029182
0.0,0.0,1.4109367e-15,0.01103758,0.0,0.00094956905
0.0,0.0,1.0384714e-15,0.019755421,0.0,0.0024853179
0.0,0.0,1.036954e-15,0.015238045,0.0,0.0016869006
0.0,0.0,3.4815296e-16,0.020376436,0.0,0.0030032175
0.0,0.0,3.0741417000000004e-16,0.025135105,0.0,0.0030563963
0.0,0.0,3.0696503000000004e-16,0.009884625,0.0,0.0027995876
0.0,0.0,1.5368887000000002e-16,0.009923531,0.0,0.0058825617
0.0,0.0,4.030544e-09,0.029543448,0.0,0.019235836
0.0,0.0,1.1604753e-09,0.015125259,0.0,0.046334166
0.0,0.0,2.4393296e-10,0.020632314,0.0,0.014104385
0.0,0.0,2.4357405e-10,0.037701305,0.0,0.06938346
0.0,0.0,9.647963e-11,0.021379206,0.0,0.04201282
0.0,0.0,7.556843e-11,0.03514004,0.0,0.028961204
0.0,0.0,6.058435e-11,0.01381787,0.0,0.040983196
0.0,0.0,5.3494584e-11,0.05281248,0.0,0.02077141
0.0,0.0,4.2887412e-11,0.0064842524,0.0,0.024591263
0.0,0.0,3.7868597e-11,0.012387668,0.0,0.031159164
0.0,0.0,9.120251e-12,0.032115836,0.0,0.024121307
0.0,0.0,1.978976e-12,0.0048696795,0.0,0.043464772
0.0,0.0,1.4565422e-12,0.00785584,0.0,0.035436492
0.0,0.0,5.0699e-13,0.015151221,0.0,0.054996565
0.0,0.0,9.3718856e-14,0.028087027,0.0,0.017548217
0.0,0.0,7.865524e-06,0.0053780414,0.0,0.03275006
0.0,0.0,1.6475485e-06,0.0080524385,0.0,0.01496008
0.0,0.0,3.7997182e-07,0.01688834,0.0,0.041630656
0.0,0.0,0.018808309,0.031934924,0.0,0.019269044
0.0,0.0,0.013333733,0.007079519,0.0,0.03621076
0.0,0.0,0.012508891,0.019297149,0.0,0.021460794
0.0,0.0,0.01249024,0.012202662,0.0,0.03556486
0.0,0.0,0.007641134,0.01885146,0.0,0.016322985
0.0,0.0,0.0073968293,0.010227449,0.0,0.015288671
0.0,0.0,0.006736725,0.01414302,0.0,0.041198775
0.0,0.0,0.00597791,0.020723464,0.0,0.012472138
0.0,0.0,0.0059689973,0.008014818,0.0,0.019783678
0.0,0.0,0.0052064983,0.013226521,0.0,0.024863435
0.0,0.0,0.0029096217,0.028833669,0.0,0.019070333
0.0,0.0,0.008284919,0.010135,0.0,0.020784896
0.0,0.0,0.006506126,0.015418214,0.0,0.022258494
0.0,0.0,0.0037986294,0.020705853,0.0,0.013454784
0.0,0.0,0.005744473,0.007046869,0.0,0.021686949
0.0,0.0,0.0057359072,0.01691245,0.0,0.034101695
0.0,0.0,0.003780938,0.021136321,0.0,0.022039618
0.0,0.0,0.026415477,0.010916981,0.0,0.019897595
0.0,0.0,0.013458324,0.033352442,0.0,0.022980858
0.0,0.0,0.0041456036,0.012246814,0.0,0.04495175
0.0,0.0,0.018443102,0.03574479,0.0,0.034959663
0.0,0.0,0.013535375,0.005612565,0.0,0.024176512
0.0,0.0,0.007142837,0.02504213,0.0,0.033972472
0.0,0.0,0.006812154,0.019473525,0.0,0.015820337
0.0,0.0,0.0077513843,0.016774133,0.0,0.034128927
0.0,0.0,0.007242972,0.01667601,0.0,0.016537147
0.0,0.0,0.008073887,0.011954559,0.0,0.028055407
0.0,0.0,0.007269869,0.01936459,0.0,0.008892793
0.0,0.0,0.006430019,0.009525026,0.0,0.011886052
0.0,0.0,0.006420423,0.01096368,0.0,0.017744258
0.0,0.0,0.0064108404,0.011332506,0.0,0.017517895
0.0,0.0,0.004344439,0.0111563895,0.0,0.013751771
0.0,0.0,0.004337955,0.020608788,0.0,0.028718099
0.0,0.0,0.0041671055,0.011104792,0.0,0.007300249
0.0,0.0,0.0027467334,0.007048043,0.0,0.007907651
0.0,0.0,0.00324604,0.0062095895,0.0,0.014881641
0.0,0.0,0.0074849874,0.0034178768,0.0,0.011669054
0.0,0.0,0.0021091988,0.0038879057,0.0,0.014067081
0.0,0.0,0.0078006736,0.00232096,0.0,0.014526309
0.0,0.0,0.006598716,0.0044258106,0.0,0.025259495
0.0,0.0,0.006848844,0.0049344823,0.0,0.0079230545
0.0,0.0,0.006838615,0.002746531,0.0,0.00909019
0.0,0.0,0.0044061216,0.0032439434,0.0,0.0122565655
0.0,0.0,0.0050163856,0.0029369735,0.0,0.016558468
0.0,0.0,0.005008893,0.0017319354,0.0,0.016530521
0.0,0.0,0.004853161,0.0030443359,0.0,0.010717701
0.0,0.0,0.003638748,0.0033626102,0.0,0.023520274
0.0,0.0,0.002338545,0.002265104,0.0,0.006965562
0.0,0.0,0.0019676543,0.003421808,0.0,0.011759375
0.0,0.0,0.0012665493,0.0020056877,0.0,0.01431971
0.0,0.0,0.0013229416,0.0037247026,0.0,0.014768149
0.0,0.0,0.0013209655,0.004328782,0.0,0.020444421
0.0,0.0,0.0012827953,0.0020168552,0.0,0.013087485
0.0,0.0,0.000626025,0.0037433377,0.0,0.011640346
0.0,0.0,0.0022524528,0.0038751187,0.0,0.025867702
0.0,0.0,0.0033026787,0.0040876735,0.0,0.011007033
0.0,0.0,0.0015226315,0.001755961,0.0,0.016339704
0.0,0.0,0.0017948194,0.0032754573,0.0,0.014242042
0.0,0.0,0.0017108847,0.0017409844,0.0,0.01735414
0.0,0.0,0.0017083274,0.0047378344,0.0,0.010526785
0.0,0.0,0.001705774,0.0029553282,0.0,0.028631782
0.0,0.0,0.0011807235,0.0037075165,0.0,0.0067730597
0.0,0.0,0.0011789586,0.0047194036,0.0,0.021132672
0.0,0.0,0.0020771099,0.004594628,0.0,0.019037357
0.0,0.0,0.0020740048,0.008785794,0.0,0.01527254
0.0,0.0,0.0019038953,0.010243341,0.0,0.023464369
0.0,0.0,0.0019010492,0.0118967155,0.0,0.008646378
0.0,0.0,0.005670133,0.009543669,0.0,0.019078312
0.0,0.0,0.0028507395,0.01845561,0.0,0.026296837
0.0,0.0,0.0028766945,0.01322854,0.0,0.009170855
0.0,0.0,0.0028723932,0.012977703,0.0,0.026358679
0.0,0.0,0.002249217,0.013370674,0.0,0.008210119
0.0,0.0,0.0022614745,0.009521092,0.0,0.012778952
0.0,0.0,0.0018048402,0.01769026,0.0,0.025509099
0.0,0.0,0.005840916,0.0074510146,0.0,0.006532281
0.0,0.0,0.0058321794,0.007610131,0.0,0.00961447
0.0,0.0,0.0048288307,0.0069771893,0.0,0.017580664
0.0,0.0,0.0020564434,0.006835929,0.0,0.01648636
0.0,0.0,0.0026040103,0.007044207,0.0,0.019360878
0.0,0.0,0.0019403986,0.013426791,0.0,0.011078333
0.0,0.0,0.0015341389,0.010531606,0.0,0.025565825
0.0,0.0,0.002908421,0.011705875,0.0,0.009910642
0.0,0.0,0.001857612,0.0070196707,0.0,0.013536178
0.0,0.0,0.0043416675,0.009133025,0.0,0.023892978
0.0,0.0,0.003930125,0.016582372,0.0,0.013487974
0.0,0.0,0.0031611214,0.010502456,0.0,0.023955122
0.0,0.0,0.003156391,0.010694238,0.0,0.008917884
0.0,0.0,0.012280984,0.01663682,0.0,0.019210298
0.0,0.0,0.0122626,0.010798816,0.0,0.007826769
0.0,0.0,0.010848049,0.0064632157,0.0,0.0108068725
0.0,0.0,0.009158732,0.005400722,0.0,0.024202619
0.0,0.0,0.0028704621,0.005297515,0.0,0.0077193775
0.0,0.0,0.0024439788,0.005017453,0.0,0.018743614
0.0,0.0,0.0018226057,0.010209981,0.0,0.015960963
0.0,0.0,0.0019959898,0.014441551,0.0,0.027512843
0.0,0.0,0.0043184552,0.021977883,0.0,0.0064079803
0.0,0.0,0.004311986,0.008387406,0.0,0.017107183
0.0,0.0,0.0033751167,0.012908689,0.0,0.020296985
0.0,0.0,0.0023295619,0.0147440145,0.0,0.014284688
0.0,0.0,0.0019300298,0.011258532,0.0,0.018826315
0.0,0.0,0.0019271382,0.02540862,0.0,0.030341817
0.0,0.0,0.0020661424,0.010036781,0.0,0.009314795
0.0,0.0,0.0012586858,0.009335473,0.0,0.019304035
0.0,0.0,0.0029416399,0.013129244,0.0,0.016728414
0.0,0.0,0.0022573194,0.016168427,0.0,0.02026805
0.0,0.0,0.0012745492,0.012590906,0.0,0.015534753
0.0,0.0,0.003629784,0.008466003,0.0,0.01447595
0.0,0.0,0.0033096764,0.007758028,0.0,0.018416038
0.0,0.0,0.001652892,0.010262365,0.0,0.023086399
0.0,0.0,0.00057784095,0.017763563,0.0,0.009576902
0.0,0.0,0.00013903607,0.01655559,0.0,0.033406176
0.0,0.0,0.0001388277,0.012113183,0.0,0.012032627
0.0,0.0,3.782412e-05,0.007816966,0.0,0.021275759
0.0,0.0,1.0193641e-05,0.010965252,0.0,0.012258478
0.0,0.0,3.7893976e-06,0.01066284,0.0,0.019649258
0.0,0.0,2.0486777e-06,0.015486141,0.0,0.015979411
0.0,0.0,1.5719947e-06,0.014249319,0.0,0.023281623
0.0,0.0,1.5696387e-06,0.032982614,0.0,0.023481686
0.0,0.0,7.0412466e-07,0.008014851,0.0,0.017459013
0.0,0.0,5.3406677e-07,0.014523455,0.0,0.019028401
0.0,0.0,2.1496416e-07,0.027377054,0.0,0.027105244
0.0,0.0,2.1464197e-07,0.01200579,0.0,0.011724895
0.0,0.0,1.895187e-07,0.011703412,0.0,0.020660866
0.0,0.0,1.6733604e-07,0.010742701,0.0,0.012996478
0.0,0.0,9.3200946e-08,0.018663058,0.0,0.046398595
0.0,0.0,5.9068523e-08,0.016646821,0.0,0.015474499
0.0,0.0,5.8979992e-08,0.015098436,0.0,0.01734835
0.0,0.0,3.097617e-08,0.012601935,0.0,0.012796709
0.0,0.0,1.4605222e-08,0.009401317,0.0,0.020425325
0.0,0.0,1.2895719e-08,0.01039865,0.0,0.0105049815
0.0,0.0,8.780806e-09,0.0061902413,0.0,0.017595394
0.0,0.0,1.7745279e-09,0.004911616,0.0,0.010255165
0.0,0.0,1.7718682e-09,0.0051390617,0.0,0.031795062
0.0,0.0,1.7692127e-09,0.00555675,0.0,0.005983455
0.0,0.0,1.766561e-09,0.0015427974,0.0,0.0067934473
0.0,0.0,8.3293106e-10,0.005619761,0.0,0.015393468
0.0,0.0,7.354387e-10,0.0035092551,0.0,0.007851525
0.0,0.0,3.1497235e-10,0.0010256829,0.0,0.0080654975
0.0,0.0,1.231604e-10,0.00329277,0.0,0.013860628
0.0,0.0,5.0159273e-11,0.0021995625,0.0,0.028736554
0.0,0.0,2.0619794e-11,0.0035547034,0.0,0.0044408417
0.0,0.0,1.775842e-11,0.0015795574,0.0,0.0033554197
0.0,0.0,6.0737587e-12,0.0044826427,0.0,0.0050418577
0.0,0.0,6.0646557e-12,0.0018966855,0.0,0.010067682
0.0,0.0,5.354804e-12,0.0020001074,0.0,0.007763684
0.0,0.0,4.7280383e-12,0.0016776193,0.0,0.012653636
0.0,0.0,3.1149553e-12,0.003830461,0.0,0.011825741
0.0,0.0,2.806179e-12,0.0030756106,0.0,0.024103254
0.0,0.0,1.2444121e-12,0.0020381846,0.0,0.005659675
0.0,0.0,0.00048510366,0.002599851,0.0,0.0062956414
0.0,0.0,0.0022923255,0.0009606615,0.0,0.0075812177
0.0,0.0,0.0022888707,0.002068335,0.0,0.007819645
0.0,0.0,0.0021812334,0.0008020052,0.0,0.013311619
0.0,0.0,0.0010298,0.0015493763,0.0,0.0062106526
0.0,0.0,0.00085218163,0.00034837873,0.0,0.0034481066
0.0,0.0,0.000838079,0.0011131077,0.0,0.0027116067
0.0,0.0,0.0007542957,0.0011220688,0.0,0.0025971176
0.0,0.0,0.00074532325,0.0012466627,0.0,0.0020776554
0.0,0.0,0.0007441999,0.0009195747,0.0,0.0010112579
0.0,0.0,0.002032424,0.0008510384,0.0,0.001728557
0.0,0.0,0.0012464225,0.00089477346,0.0,0.0016763295
0.0,0.0,0.0013648273,0.0029051562,0.0,0.0038197676
0.0,0.0,0.0012134087,0.00071022543,0.0,0.0013595563
0.0,0.0,0.0012115797,0.0003772453,0.0,0.00084781536
0.0,0.0,0.0067922426,0.000859787,0.0,0.0013267949
0.0,0.0,0.0020706248,0.0012818992,0.0,0.0012662951
0.0,0.0,0.0018383549,0.000629258,0.0,0.0014045148
0.0,0.0,0.0018355829,0.00055793166,0.0,0.0012050831
0.0,0.0,0.0033791356,0.0006985454,0.0,0.0009482113
0.0,0.0,0.0020435622,0.0007309136,0.0,0.0011080711
0.0,0.0,0.001820643,0.0010382524,0.0,0.0008867235
0.0,0.0,0.0016970118,0.00031113345,0.0,0.00053597044
0.0,0.0,0.0013462408,0.000118315314,0.0,0.00046055246
0.0,0.0,0.0012248566,6.528573e-05,0.0,0.00049710687
0.0,0.0,0.0012230094,1.644564e-05,0.0,0.00041672352
0.0,0.0,0.001221165,4.6599025e-06,0.0,0.00023295074
0.0,0.0,0.0012193234,1.3351807e-06,0.0,0.00010525883
0.0,0.0,0.0011693347,4.2020375e-07,0.0,8.730285e-05
0.0,0.0,0.0011675712,2.4823944e-07,0.0,0.00011304193
0.0,0.0,0.0010350127,1.9125864e-07,0.0,8.693374e-05
0.0,0.0,0.00051338767,1.437006e-07,0.0,7.38706e-05
0.0,0.0,0.00045356466,1.6615297e-07,0.0,9.579598e-05
0.0,0.0,0.0004528806,1.4349622e-07,0.0,7.336124e-05
0.0,0.0,0.00045219756,6.258814e-08,0.0,4.0512805e-05
0.0,0.0,0.00045151557,2.7668905e-08,0.0,2.206688e-05
0.0,0.0,0.0004508346,1.0807205e-07,0.0,4.371506e-05
0.0,0.0,0.00039720218,1.9582859e-07,0.0,5.8209724e-05
0.0,0.0,0.00034997513,3.4081103e-07,0.0,0.00011566707
0.0,0.0,0.00030838774,4.8198615e-07,0.0,0.0001773814
0.0,0.0,0.00015098543,2.836297e-07,0.0,0.00020114477
0.0,0.0,0.00013309089,1.6677588e-07,0.0,8.60401e-05
0.0,0.0,0.00013289014,9.2477585e-08,0.0,9.039719e-05
0.0,0.0,0.0001326897,5.7665105e-08,0.0,0.000110536894
0.0,0.0,6.5034415e-05,4.5426095e-08,0.0,0.00011811804
0.0,0.0,2.9404324e-05,1.2258796e-07,0.0,0.00013265743
0.0,0.0,6.3168204e-06,1.8715205e-07,0.0,0.00012026906
0.0,0.0,3.2950404e-06,7.127937e-08,0.0,5.035391e-05
0.0,0.0,3.2900682e-06,5.496544e-08,0.0,4.611582e-05
0.0,0.0,1.354829e-06,2.4273255e-08,0.0,2.361291e-05
0.0,0.0,1.0110698e-06,2.6772003e-08,0.0,2.2071312e-05
0.0,0.0,7.02489e-07,1.36270275e-08,0.0,2.1375898e-05
0.0,0.0,4.476128e-07,4.0506166e-08,0.0,2.226883e-05
0.0,0.0,2.390465e-07,4.4891852e-08,0.0,2.9271272e-05
0.0,0.0,2.386857e-07,4.2421085e-08,0.0,2.8472448e-05
0.0,0.0,1.4269003e-07,3.480305e-08,0.0,2.2746452e-05
0.0,0.0,1.1390194e-07,1.46899515e-08,0.0,1.429779e-05
0.0,0.0,1.1373e-07,9.171409e-09,0.0,2.0741873e-05
0.0,0.0,1.1355832e-07,2.204023e-08,0.0,2.331279e-05
0.0,0.0,1.1338691e-07,2.4875428e-08,0.0,2.954111e-05
0.0,0.0,1.1321575e-07,3.9063604e-08,0.0,3.3416032e-05
0.0,0.0,9.5087216e-08,4.292235e-08,0.0,2.874323e-05
0.0,0.0,1.4672683e-07,7.7371055e-08,0.0,3.4481094e-05
0.0,0.0,1.4650534e-07,2.4904198e-08,0.0,2.2983335e-05
0.0,0.0,1.4628417e-07,2.0571452e-08,0.0,2.01793e-05
0.0,0.0,1.4606333e-07,1.229027e-08,0.0,1.7387612e-05
0.0,0.0,1.4584283e-07,1.9770269e-08,0.0,1.7277494e-05
0.0,0.0,1.3139494e-07,1.9725178e-08,0.0,1.9307055e-05
0.0,0.0,1.3119657e-07,6.6435173e-09,0.0,1.6061844e-05
0.0,0.0,1.309985e-07,3.6805823e-09,0.0,1.1415449e-05
0.0,0.0,1.3080073e-07,2.2502429e-09,0.0,1.7315659e-05
0.0,0.0,1.1843705e-07,2.065465e-09,0.0,1.825296e-05
0.0,0.0,1.06926755e-07,1.9049922e-09,0.0,1.1083561e-05
0.0,0.0,1.641673e-07,1.2899322e-09,0.0,1.38357e-05
0.0,0.0,1.5088271e-07,3.7744607e-10,0.0,1.2768934e-05
0.0,0.0,1.2488665e-07,5.245156e-09,0.0,1.8910665e-05
0.0,0.0,1.2469806e-07,6.740896e-09,0.0,1.6538648e-05
0.0,0.0,1.2450977e-07,3.1534468e-09,0.0,1.8668836e-05
0.0,0.0,1.1536863e-07,6.846857e-09,0.0,2.5280178e-05
0.0,0.0,1.151944e-07,1.0896418e-08,0.0,2.0980611e-05
0.0,0.0,1.1502045e-07,2.020693e-08,0.0,2.2571066e-05
0.0,0.0,1.0384456e-07,1.8124247e-08,0.0,2.181364e-05
0.0,0.0,1.0368774e-07,1.3661437e-08,0.0,2.0182302e-05
0.0,0.0,1.0353115e-07,1.0300354e-08,0.0,1.6051576e-05
0.0,0.0,1.033748e-07,1.7169196e-08,0.0,1.6032644e-05
0.0,0.0,1.0321869e-07,8.80778e-09,0.0,1.4303759e-05
0.0,0.0,9.5954974e-08,4.8368225e-09,0.0,1.603328e-05
0.0,0.0,9.2845e-08,7.335174e-09,0.0,2.1412714e-05
0.0,0.0,1.3019115e-07,3.074986e-09,0.0,1.5622036e-05
0.0,0.0,1.1939964e-07,1.0648282e-08,0.0,2.134957e-05
0.0,0.0,1.2552111e-07,1.791151e-08,0.0,2.676878e-05
0.0,0.0,1.2533152e-07,1.915048e-08,0.0,2.2978513e-05
0.0,0.0,1.35973e-07,1.02665085e-08,0.0,2.0213065e-05
0.0,0.0,2.2471633e-07,7.643074e-09,0.0,2.2424336e-05
0.0,0.0,3.6014112e-07,5.5137375e-09,0.0,3.914795e-05
0.0,0.0,6.0206514e-07,2.9626388e-08,0.0,4.089338e-05
0.0,0.0,6.5050807e-07,5.507438e-08,0.0,4.1885065e-05
0.0,0.0,3.3696538e-06,3.956758e-08,0.0,3.217269e-05
0.0,0.0,3.3645633e-06,6.065802e-08,0.0,3.8818536e-05
0.0,0.0,3.388255e-06,4.4380326e-07,0.0,4.9884664e-05
0.0,0.0,3.5113806e-06,2.24051e-06,0.0,4.7750975e-05
0.0,0.0,3.5060762e-06,1.650394e-06,0.0,5.4716176e-05
0.0,0.0,3.9166816e-06,2.7382007e-06,0.0,5.338229e-05
0.0,0.0,1.7057735e-05,3.5372723e-06,0.0,5.6168403e-05
0.0,0.0,1.5515887e-05,3.593377e-06,0.0,4.949715e-05
0.0,0.0,1.5492444e-05,4.1835788e-06,0.0,5.675842e-05
0.0,0.0,1.6136686e-05,3.492525e-06,0.0,6.509722e-05
0.0,0.0,6.407059e-05,1.1903732e-05,0.0,6.312247e-05
0.0,0.0,9.601174e-05,2.11049e-05,0.0,8.361791e-05
0.0,0.0,8.0465645e-05,2.0977737e-05,0.0,0.00011039857
0.0,0.0,6.945268e-05,5.2870168e-05,0.0,0.00013632153
0.0,0.0,6.9347676e-05,4.6811518e-05,0.0,0.00012238653
0.0,0.0,0.0001576905,2.9316934e-05,0.0,0.00010943164
0.0,0.0,0.0007378274,6.848133e-05,0.0,0.00011992354
0.0,0.0,0.0008312715,0.00019408898,0.0,0.00011132097
0.0,0.0,0.000773853,0.0015339265,0.0,0.00022988638
0.0,0.0,0.008777836,0.0072223335,0.0,0.00079944235
0.0,0.0,0.008258565,0.0073749237,0.0,0.0018214207
0.0,0.0,0.0033775154,0.009374803,0.0,0.0025075863
0.0,0.0,0.006578698,0.014019468,0.0,0.0033979276
0.0,0.0,0.0032035518,0.011865942,0.0,0.0054975827
0.0,0.0,0.002208533,0.023144536,0.0,0.0061447453
0.0,0.0,0.0037434911,0.023012951,0.0,0.006782222
0.0,0.0,0.0035224135,0.01317498,0.0,0.011978154
0.0,0.0,0.0026296393,0.023695199,0.0,0.0390444
0.0,0.0,0.026311114,0.032229092,0.0,0.019619096
0.0,0.0,0.00970284,0.012605545,0.0,0.03231248
0.0,0.0,0.029802179,0.016484207,0.0,0.019103846
0.0,0.0,0.029756937,0.03772976,0.0,0.045977294
0.0,0.0,0.022077458,0.013485966,0.0,0.028996982
0.0,0.0,0.034418777,0.028255658,0.0,0.024966355
0.0,0.0,0.01494656,0.014063164,0.0,0.014523564
0.0,0.0,0.0041812067,0.05479561,0.0,0.09658737
0.0,0.0,0.0121805705,0.02238099,0.0,0.064032815
0.0,0.0,0.0063716853,0.019980188,0.0,0.026647115
0.0,0.0,0.0053089582,0.03949107,0.0,0.02035994
0.0,0.0,0.0059803715,0.0075669214,0.0,0.058971297
0.0,0.0,0.0046560527,0.012824883,0.0,0.02712911
0.0,0.0,0.0023900156,0.024781356,0.0,0.025637124
0.0,0.0,0.0026477948,0.007741804,0.0,0.023759333
0.0,0.0,0.0025489808,0.034734987,0.0,0.032157984
0.0,0.0,0.0014495638,0.019253446,0.0,0.018164039
0.0,0.0,0.004339801,0.038846724,0.0,0.034206856
0.0,0.0,0.0037973672,0.007645421,0.0,0.022693235
0.0,0.0,0.0028423131,0.01199219,0.0,0.029879816
0.0,0.0,0.014376787,0.02578171,0.0,0.012077312
0.0,0.0,0.010541231,0.0078039323,0.0,0.021022664
0.0,0.0,0.003963256,0.015041564,0.0,0.020407924
0.0,0.0,0.03666805,0.018670447,0.0,0.016553016
0.0,0.0,0.016992819,0.018364599,0.0,0.025794594
0.0,0.0,0.0054721227,0.030080348,0.0,0.012734567
0.0,0.0,0.02118484,0.0067308047,0.0,0.032937676
0.0,0.0,0.010957907,0.015406866,0.0,0.012701894
0.0,0.0,0.0065615727,0.022947354,0.0,0.034019977
0.0,0.0,0.01048619,0.01633137,0.0,0.009433327
0.0,0.0,0.007361084,0.0075416155,0.0,0.0101435445
0.0,0.0,0.006524715,0.01847934,0.0,0.041733533
0.0,0.0,0.006514787,0.018463196,0.0,0.020551214
0.0,0.0,0.0056508444,0.011207327,0.0,0.018311564
0.0,0.0,0.002378456,0.011806444,0.0,0.020224247
0.0,0.0,0.0027482172,0.015595657,0.0,0.013368767
0.0,0.0,0.003105143,0.0054338574,0.0,0.008490572
0.0,0.0,0.0025420322,0.005054541,0.0,0.018098723
0.0,0.0,0.003150178,0.00254795,0.0,0.0093912
0.0,0.0,0.0029471456,0.007933006,0.0,0.01875051
0.0,0.0,0.0029426608,0.01532962,0.0,0.02056445
0.0,0.0,0.0031209453,0.008444025,0.0,0.010775027
0.0,0.0,0.0033976934,0.010547762,0.0,0.012196593
0.0,0.0,0.0014428108,0.012259391,0.0,0.024572987
0.0,0.0,0.0057500955,0.01442232,0.0,0.007833561
0.0,0.0,0.0045733475,0.005998596,0.0,0.0059901206
0.0,0.0,0.0045663863,0.0031588117,0.0,0.0057623973
0.0,0.0,0.004078587,0.0023316827,0.0,0.013333805
0.0,0.0,0.004072379,0.0025949227,0.0,0.014113656
0.0,0.0,0.0042031147,0.0016956152,0.0,0.01229307
0.0,0.0,0.004196717,0.005388235,0.0,0.016669422
0.0,0.0,0.004190329,0.0037621702,0.0,0.01130887
0.0,0.0,0.0041079223,0.0065222536,0.0,0.018793562
0.0,0.0,0.0037109065,0.006806767,0.0,0.016622286
0.0,0.0,0.002445253,0.0072318455,0.0,0.015411679
0.0,0.0,0.002441531,0.0060973354,0.0,0.022424059
0.0,0.0,0.0018116646,0.0076768454,0.0,0.007186908
0.0,0.0,0.0017684397,0.005998339,0.0,0.015246767
0.0,0.0,0.0010684115,0.0055310805,0.0,0.024515295
0.0,0.0,0.0010667851,0.002090855,0.0,0.005295203
0.0,0.0,0.0009683569,0.004525706,0.0,0.011078665
0.0,0.0,0.0017505656,0.0021582674,0.0,0.013686103
0.0,0.0,0.0033327546,0.0058051734,0.0,0.027937172
0.0,0.0,0.0033276808,0.0035790903,0.0,0.007001498
0.0,0.0,0.0031206112,0.0064824596,0.0,0.009827668
0.0,0.0,0.0031158605,0.0039558746,0.0,0.017571794
0.0,0.0,0.0030195974,0.003939627,0.0,0.012136964
0.0,0.0,0.00209291,0.0024943096,0.0,0.024918009
0.0,0.0,0.0022564828,0.00350281,0.0,0.0070571345
0.0,0.0,0.0020284757,0.0009955901,0.0,0.005221763
0.0,0.0,0.0020253875,0.0026371786,0.0,0.007542743
0.0,0.0,0.00158987,0.0016483725,0.0,0.03254618
0.0,0.0,0.001717865,0.0018790907,0.0,0.0070604743
0.0,0.0,0.0009092205,0.00052657886,0.0,0.00732255
0.0,0.0,0.0011715909,0.001513245,0.0,0.0086575495
0.0,0.0,0.0007419987,0.0008899642,0.0,0.016894054
0.0,0.0,0.0007019327,0.0012912796,0.0,0.0059739775
0.0,0.0,0.006685178,0.0016431045,0.0,0.006955274
0.0,0.0,0.006674997,0.0012753231,0.0,0.011070029
0.0,0.0,0.005353768,0.00365873,0.0,0.01400521
0.0,0.0,0.0047616167,0.0015551202,0.0,0.009326086
0.0,0.0,0.0047543654,0.0071710753,0.0,0.02451993
0.0,0.0,0.0043507605,0.0050562043,0.0,0.00757296
0.0,0.0,0.003501436,0.00275267,0.0,0.009400278
0.0,0.0,0.0031844068,0.0029248996,0.0,0.011455968
0.0,0.0,0.0023315512,0.0011446552,0.0,0.0098556485
0.0,0.0,0.0022855771,0.0042860936,0.0,0.022021217
0.0,0.0,0.0013728718,0.0019086048,0.0,0.004642523
0.0,0.0,0.0019351423,0.0034121019,0.0,0.008009023
0.0,0.0,0.001785541,0.0010284493,0.0,0.0045490176
0.0,0.0,0.0010122984,0.004576196,0.0,0.005744411
0.0,0.0,0.001932406,0.0013813645,0.0,0.004562902
0.0,0.0,0.0056442246,0.0025573592,0.0,0.0053983084
0.0,0.0,0.0050281268,0.0013463409,0.0,0.016816996
0.0,0.0,0.009190719,0.0039368854,0.0,0.0078629
0.0,0.0,0.004669653,0.0016524375,0.0,0.015824722
0.0,0.0,0.0045253388,0.0039011335,0.0,0.012341474
0.0,0.0,0.002226472,0.0040370035,0.0,0.026014157
0.0,0.0,0.0033361195,0.0066164006,0.0,0.0052077537
0.0,0.0,0.003331034,0.004348204,0.0,0.011265942
0.0,0.0,0.0022891823,0.003417427,0.0,0.013316376
0.0,0.0,0.0016995823,0.0010212437,0.0,0.010311205
0.0,0.0,0.0016969914,0.0020533218,0.0,0.015154514
0.0,0.0,0.0016741276,0.00080223737,0.0,0.009299141
0.0,0.0,0.0009004962,0.0015911544,0.0,0.009577066
0.0,0.0,0.00101104,0.0006673216,0.0,0.0056312406
0.0,0.0,0.000826969,0.00425385,0.0,0.015887618
0.0,0.0,0.0010511682,0.0037895706,0.0,0.016090734
0.0,0.0,0.008417272,0.0063717817,0.0,0.011554559
0.0,0.0,0.0057325168,0.0048969085,0.0,0.020986822
0.0,0.0,0.0028121101,0.0023355854,0.0,0.005196319
0.0,0.0,0.00410357,0.0029221866,0.0,0.007000349
0.0,0.0,0.0011412075,0.0015116591,0.0,0.011975886
0.0,0.0,0.002774868,0.0055370973,0.0,0.022945683
0.0,0.0,0.0028972067,0.0042868024,0.0,0.007052122
0.0,0.0,0.0018903761,0.011150814,0.0,0.023474516
0.0,0.0,0.029887008,0.012918639,0.0,0.008503282
0.0,0.0,0.022721859,0.006257858,0.0,0.013930007
0.0,0.0,0.020066865,0.0058098487,0.0,0.016542561
0.0,0.0,0.02003624,0.0026453168,0.0,0.013283988
0.0,0.0,0.00885531,0.005716091,0.0,0.025800174
0.0,0.0,0.009057822,0.0025480818,0.0,0.007522081
0.0,0.0,0.0036626772,0.0024096086,0.0,0.009985396
0.0,0.0,0.0036532404,0.002573496,0.0,0.01297175
0.0,0.0,0.0031250466,0.0016554559,0.0,0.013203459
0.0,0.0,0.0027666215,0.00492608,0.0,0.00928635
0.0,0.0,0.0022829166,0.0042348974,0.0,0.014090645
0.0,0.0,0.0012434537,0.0035856804,0.0,0.02754414
0.0,0.0,0.0012242144,0.009764627,0.0,0.0069101583
0.0,0.0,0.0012223455,0.007526206,0.0,0.01240422
0.0,0.0,0.0012774093,0.0036356132,0.0,0.016361311
0.0,0.0,0.000693092,0.005294364,0.0,0.018089063
0.0,0.0,0.0068997736,0.0036495149,0.0,0.012490354
0.0,0.0,0.0019020375,0.00861415,0.0,0.026844088
0.0,0.0,0.0033330063,0.013124625,0.0,0.0052874465
0.0,0.0,0.0033279152,0.014039416,0.0,0.012443482
0.0,0.0,0.011431688,0.017425396,0.0,0.021974072
0.0,0.0,0.0077311317,0.011772303,0.0,0.009056699
0.0,0.0,0.0031584075,0.012421594,0.0,0.02118135
0.0,0.0,0.013719401,0.01874208,0.0,0.011280347
0.0,0.0,0.005108025,0.005031931,0.0,0.010054054
0.0,0.0,0.005422776,0.010235943,0.0,0.029706184
0.0,0.0,0.0032003603,0.029027196,0.0,0.009635819
0.0,0.0,0.006281254,0.0060619796,0.0,0.015758691
0.0,0.0,0.0062716524,0.0067871967,0.0,0.019459167
0.0,0.0,0.004234038,0.00485594,0.0,0.009768987
0.0,0.0,0.0014033659,0.01289438,0.0,0.041564517
0.0,0.0,0.0013741388,0.00684947,0.0,0.010364947
0.0,0.0,0.0010894596,0.006831706,0.0,0.030646982
0.0,0.0,0.0010877938,0.013977879,0.0,0.008719204
0.0,0.0,0.0010861307,0.010860908,0.0,0.01430613
0.0,0.0,0.0010984605,0.007399987,0.0,0.014200249
0.0,0.0,0.00084598333,0.007895043,0.0,0.01591842
0.0,0.0,0.0008477253,0.0037556584,0.0,0.007730299
0.0,0.0,0.000771839,0.0009040203,0.0,0.005102438
0.0,0.0,0.002735319,0.0009125239,0.0,0.00267806
0.0,0.0,0.001536343,0.0010352363,0.0,0.0026612526
0.0,0.0,0.0012259412,0.0046119792,0.0,0.0031922767
0.0,0.0,0.0028019445,0.0019108002,0.0,0.0033787952
0.0,0.0,0.0016156248,0.0025478234,0.0,0.0031910937
0.0,0.0,0.022705317,0.00083493494,0.0,0.0026858014
0.0,0.0,0.010681938,0.0017269528,0.0,0.004127036
0.0,0.0,0.0049379813,0.0006061698,0.0,0.0029598293
0.0,0.0,0.004473167,0.0007160284,0.0,0.005448431
0.0,0.0,0.002682226,0.0018554704,0.0,0.00443399
0.0,0.0,0.001435148,0.0012058606,0.0,0.008095732
0.0,0.0,0.0050580357,0.0016141852,0.0,0.0050686756
0.0,0.0,0.0042232345,0.00050900376,0.0,0.003356639
0.0,0.0,0.004216774,0.0012938322,0.0,0.002202534
0.0,0.0,0.0024590066,0.0010184012,0.0,0.005108374
0.0,0.0,0.0024552445,0.0016168637,0.0,0.0036059415
0.0,0.0,0.0024514883,0.0004799677,0.0,0.0024086332
0.0,0.0,0.0015359828,0.0010345855,0.0,0.0024353873
0.0,0.0,0.0015336329,0.00080146757,0.0,0.00091774174
0.0,0.0,0.00088970806,0.00070641487,0.0,0.0010479708
0.0,0.0,0.0007948311,0.0027859844,0.0,0.0016197345
0.0,0.0,0.0007067856,0.0007903738,0.0,0.0018775312
0.0,0.0,0.004769323,0.00043877691,0.0,0.00096727454
0.0,0.0,0.004284069,0.001068556,0.0,0.0015898801
0.0,0.0,0.0042775143,0.0015074607,0.0,0.0019743072
0.0,0.0,0.0035642013,0.0007272885,0.0,0.0017641031
0.0,0.0,0.0025530807,0.0005860077,0.0,0.0006261662
0.0,0.0,0.0022803491,0.00082758465,0.0,0.0005550418
0.0,0.0,0.003352785,0.00088748924,0.0,0.0015953652
0.0,0.0,0.0012549814,0.0005006104,0.0,0.0006327476
0.0,0.0,0.0019203691,0.00050661946,0.0,0.000502405
0.0,0.0,0.00191743,0.00035273764,0.0,0.00044316862
0.0,0.0,0.0019144953,0.00031115237,0.0,0.00040274946
0.0,0.0,0.0009456726,0.00021066827,0.0,0.0003450915
0.0,0.0,0.00076591456,0.00020884661,0.0,0.00034350785
0.0,0.0,0.00076474226,9.4970106e-05,0.0,0.00019474278
0.0,0.0,0.00037972446,2.950524e-05,0.0,0.00012610147
0.0,0.0,0.00037914322,6.7993606e-06,0.0,6.726942e-05
0.0,0.0,0.0003785629,1.8685552e-06,0.0,5.8849786e-05
0.0,0.0,0.00033350545,5.6051425e-07,0.0,0.000103839644
0.0,0.0,0.00033299497,1.5691016e-07,0.0,5.0430484e-05
0.0,0.0,0.00019486315,6.649176e-08,0.0,4.884743e-05
0.0,0.0,0.00019456488,3.6589114e-08,0.0,5.931928e-05
0.0,0.0,0.00019426706,3.5581444e-08,0.0,4.2938664e-05
0.0,0.0,0.0001939697,1.9798982e-08,0.0,1.9443269e-05
0.0,0.0,0.000113955364,4.0915424e-08,0.0,2.5151658e-05
0.0,0.0,5.0022947e-05,5.39001e-08,0.0,2.5106043e-05
0.0,0.0,1.0250988e-05,4.6937814e-08,0.0,1.9446117e-05
0.0,0.0,7.3679894e-06,3.5564657e-08,0.0,2.4734647e-05
0.0,0.0,4.846333e-06,2.494588e-08,0.0,1.7928629e-05
0.0,0.0,3.2465096e-06,2.6903304e-08,0.0,2.5214185e-05
0.0,0.0,3.2415364e-06,2.6528737e-08,0.0,2.2363296e-05
0.0,0.0,3.236571e-06,5.0787513e-08,0.0,2.1608894e-05
0.0,0.0,3.2316132e-06,7.589094e-08,0.0,3.1455093e-05
0.0,0.0,2.717803e-06,5.5010485e-08,0.0,2.173112e-05
0.0,0.0,1.7718895e-06,4.8514746e-08,0.0,2.202209e-05
0.0,0.0,1.0915919e-06,3.9660282e-08,0.0,2.1638847e-05
0.0,0.0,9.3995595e-07,2.6213673e-08,0.0,1.7569142e-05
0.0,0.0,8.4838507e-07,1.2049023e-08,0.0,2.0782492e-05
0.0,0.0,8.470852e-07,6.512432e-09,0.0,9.906901e-06
0.0,0.0,7.5720374e-07,1.2168154e-09,0.0,1.5154789e-05
0.0,0.0,7.560436e-07,8.922542e-10,0.0,1.8100436e-05
0.0,0.0,7.548852e-07,6.307183e-09,0.0,1.618525e-05
0.0,0.0,5.766244e-07,1.630418e-08,0.0,1.5911559e-05
0.0,0.0,5.757409e-07,1.1487189e-08,0.0,1.1567969e-05
0.0,0.0,4.704165e-07,1.0685089e-08,0.0,1.4757472e-05
0.0,0.0,2.6942354e-07,4.449132e-09,0.0,1.9661147e-05
0.0,0.0,2.690107e-07,1.0834947e-08,0.0,1.6446134e-05
0.0,0.0,2.6859854e-07,5.6187948e-09,0.0,1.2976679e-05
0.0,0.0,2.4052255e-07,5.1353357e-09,0.0,1.475996e-05
0.0,0.0,1.4884155e-07,9.632648e-09,0.0,1.4231082e-05
0.0,0.0,1.4861348e-07,8.17741e-09,0.0,3.136004e-05
0.0,0.0,1.4838578e-07,3.3737613e-09,0.0,2.5395633e-05
0.0,0.0,1.4815842e-07,1.0352345e-08,0.0,2.3848288e-05
0.0,0.0,9.4694e-08,7.019732e-09,0.0,1.7919123e-05
0.0,0.0,9.45489e-08,1.1608316e-08,0.0,6.8455442e-06
0.0,0.0,9.440403e-08,1.1322146e-08,0.0,1.1639002e-05
0.0,0.0,9.425938e-08,9.176145e-09,0.0,1.3738603e-05
0.0,0.0,8.355305e-08,7.697851e-09,0.0,6.659698e-06
0.0,0.0,7.4055976e-08,1.7502115e-09,0.0,5.6238728e-06
0.0,0.0,7.39425e-08,4.1079664e-09,0.0,1.3499714e-05
0.0,0.0,5.9923934e-08,1.2612214e-08,0.0,1.6710172e-05
0.0,0.0,5.983212e-08,1.3418952e-08,0.0,1.32615705e-05
0.0,0.0,5.974044e-08,1.89733e-08,0.0,1.5848691e-05
0.0,0.0,5.96489e-08,2.5228012e-08,0.0,1.9428784e-05
0.0,0.0,5.95575e-08,2.1492209e-08,0.0,2.2591104e-05
0.0,0.0,5.946624e-08,9.6844825e-09,0.0,2.810039e-05
0.0,0.0,5.937512e-08,3.2714944e-09,0.0,3.6881018e-05
0.0,0.0,5.9284144e-08,3.1393317e-09,0.0,2.3376357e-05
0.0,0.0,5.9193304e-08,2.1930318e-09,0.0,1.9078876e-05
0.0,0.0,5.9102607e-08,8.3178e-10,0.0,1.4666575e-05
0.0,0.0,5.9012045e-08,8.9060925e-10,0.0,1.8986102e-05
0.0,0.0,5.892162e-08,5.673069e-09,0.0,2.317877e-05
0.0,0.0,5.883134e-08,4.190106e-09,0.0,3.337945e-05
0.0,0.0,5.8741193e-08,3.7494843e-09,0.0,3.1881445e-05
0.0,0.0,6.8381524e-08,1.3500487e-09,0.0,2.3110795e-05
0.0,0.0,2.0085888e-07,1.9827334e-08,0.0,2.0579933e-05
0.0,0.0,1.9113982e-07,3.53833e-08,0.0,2.2092854e-05
0.0,0.0,1.9084692e-07,3.0723868e-08,0.0,2.327039e-05
0.0,0.0,3.4145907e-07,1.779382e-08,0.0,2.2049551e-05
0.0,0.0,3.731573e-07,1.3939366e-08,0.0,3.1049844e-05
0.0,0.0,8.9012343e-07,8.454965e-08,0.0,3.2487704e-05
0.0,0.0,1.0000165e-06,8.245419e-08,0.0,2.7776581e-05
0.0,0.0,9.795142e-07,5.1005607e-08,0.0,2.3808732e-05
0.0,0.0,9.737498e-07,6.3313394e-08,0.0,3.500495e-05
0.0,0.0,9.87007e-07,4.556263e-08,0.0,4.259358e-05
0.0,0.0,1.7402762e-06,5.824549e-08,0.0,4.2840245e-05
0.0,0.0,1.7376094e-06,7.9163854e-08,0.0,4.4542157e-05
0.0,0.0,1.7349466e-06,1.1268232e-07,0.0,3.3043565e-05
0.0,0.0,1.732288e-06,6.141258e-07,0.0,4.668481e-05
0.0,0.0,5.630021e-06,5.2883706e-07,0.0,6.1962106e-05
0.0,0.0,1.4743678e-05,4.3187532e-07,0.0,5.0764185e-05
0.0,0.0,1.2606604e-05,9.754068e-07,0.0,4.2187366e-05
0.0,0.0,1.0732339e-05,1.0100042e-06,0.0,6.108658e-05
0.0,0.0,1.1527822e-05,8.301683e-07,0.0,5.752682e-05
0.0,0.0,1.0916048e-05,6.941268e-07,0.0,6.876095e-05
0.0,0.0,3.7535636e-05,1.889122e-06,0.0,7.249404e-05
0.0,0.0,8.149611e-05,4.252443e-06,0.0,8.674831e-05
0.0,0.0,7.3223455e-05,1.0020926e-05,0.0,0.00012121162
0.0,0.0,6.423936e-05,1.840519e-05,0.0,0.00012960755
0.0,0.0,5.7059227e-05,1.6333834e-05,0.0,0.000120423945
0.0,0.0,7.4614916e-05,2.259575e-05,0.0,0.00011991944
0.0,0.0,8.4794534e-05,5.855099e-05,0.0,9.7087606e-05
0.0,0.0,0.000141374,4.9480877e-05,0.0,9.939154e-05
0.0,0.0,0.0002348708,8.7612854e-05,0.0,0.00012325049
0.0,0.0,0.0019516583,0.00023061977,0.0,0.00014017028
0.0,0.0,0.0013936564,0.0016452124,0.0,0.00023235082
0.0,0.0,0.010654256,0.005524064,0.0,0.00047900842
0.0,0.0,0.0067026573,0.010498247,0.0,0.00071533624
0.0,0.0,0.003544832,0.009995702,0.0,0.0019059579
0.0,0.0,0.0014340711,0.010164192,0.0,0.0019340499
0.0,0.0,0.0018652773,0.011114325,0.0,0.0027222254
0.0,0.0,0.0016166037,0.02973453,0.0,0.0045590815
0.0,0.0,0.002542975,0.0131692905,0.0,0.023654822
0.0,0.0,0.002120644,0.042904913,0.0,0.02717071
0.0,0.0,0.0018796899,0.020180218,0.0,0.020415064
0.0,0.0,0.0007999411,0.031662535,0.0,0.045575175
0.0,0.0,0.001470331,0.008637069,0.0,0.009803228
0.0,0.0,0.0045728884,0.018944588,0.0,0.04254206
0.0,0.0,0.0022384145,0.04681836,0.0,0.022788297
0.0,0.0,0.0027734165,0.016682014,0.0,0.052156996
0.0,0.0,0.003794074,0.028980326,0.0,0.03470254
0.0,0.0,0.00297661,0.0153390365,0.0,0.041503157
0.0,0.0,0.0061869067,0.03686615,0.0,0.022608016
0.0,0.0,0.0056228098,0.009037736,0.0,0.026981074
0.0,0.0,0.0056141773,0.017511088,0.0,0.018088723
0.0,0.0,0.0055883713,0.047721777,0.0,0.042256232
0.0,0.0,0.004556473,0.014528738,0.0,0.009775394
0.0,0.0,0.004889614,0.021930384,0.0,0.027337292
0.0,0.0,0.004262972,0.01419379,0.0,0.010433579
0.0,0.0,0.0026054762,0.021901017,0.0,0.029149156
0.0,0.0,0.010048322,0.013959985,0.0,0.015045421
0.0,0.0,0.0060006087,0.016762523,0.0,0.031653423
0.0,0.0,0.0028676158,0.022458263,0.0,0.010794904
0.0,0.0,0.0031021826,0.019758185,0.0,0.040129617
0.0,0.0,0.0024300073,0.010494042,0.0,0.009385978
0.0,0.0,0.012461751,0.011806742,0.0,0.018179582
0.0,0.0,0.0043154764,0.014926459,0.0,0.023237068
0.0,0.0,0.0056231953,0.022299526,0.0,0.009749117
0.0,0.0,0.0048922114,0.022089003,0.0,0.030625023
0.0,0.0,0.0023175005,0.019547092,0.0,0.007516578
0.0,0.0,0.011022349,0.023418749,0.0,0.017596077
0.0,0.0,0.006794053,0.011638295,0.0,0.01134082
0.0,0.0,0.002488876,0.008337954,0.0,0.01987439
0.0,0.0,0.019996455,0.012669309,0.0,0.00943057
0.0,0.0,0.0072154487,0.014618003,0.0,0.02873604
0.0,0.0,0.002615582,0.0067852153,0.0,0.008051019
0.0,0.0,0.018664176,0.011175326,0.0,0.010975977
0.0,0.0,0.012873432,0.013634774,0.0,0.03611121
0.0,0.0,0.0077703414,0.013319736,0.0,0.01068735
0.0,0.0,0.011533616,0.010219766,0.0,0.015454735
0.0,0.0,0.0067997,0.015865214,0.0,0.019143106
0.0,0.0,0.003003484,0.024018316,0.0,0.019500632
0.0,0.0,0.0029455433,0.010454608,0.0,0.0244535
0.0,0.0,0.00223241,0.020176,0.0,0.021044856
0.0,0.0,0.03094957,0.015065089,0.0,0.043825436
0.0,0.0,0.0146144545,0.014949076,0.0,0.015907338
0.0,0.0,0.008173566,0.010402213,0.0,0.018936636
0.0,0.0,0.0074513312,0.013274979,0.0,0.013504482
0.0,0.0,0.006676506,0.010284957,0.0,0.019922739
0.0,0.0,0.002782968,0.013410691,0.0,0.012817988
0.0,0.0,0.0023995352,0.0077155307,0.0,0.014783027
0.0,0.0,0.0017983139,0.005543463,0.0,0.009919527
0.0,0.0,0.0017039148,0.003072139,0.0,0.018927416
0.0,0.0,0.0015172133,0.004569003,0.0,0.011485795
0.0,0.0,0.0015148799,0.0018697281,0.0,0.009768185
0.0,0.0,0.0013516018,0.0060320175,0.0,0.019083617
0.0,0.0,0.0031335747,0.0021810755,0.0,0.0060292115
0.0,0.0,0.0031287554,0.0035591885,0.0,0.013512736
0.0,0.0,0.0031239435,0.002393769,0.0,0.01728225
0.0,0.0,0.0025294258,0.0062674033,0.0,0.009066589
0.0,0.0,0.003398509,0.0037529063,0.0,0.01909766
0.0,0.0,0.0014889695,0.0021461328,0.0,0.011266812
0.0,0.0,0.0022510928,0.0027122535,0.0,0.0114172865
0.0,0.0,0.0019811026,0.0011085934,0.0,0.024263432
0.0,0.0,0.0017631372,0.0018717453,0.0,0.0053041843
0.0,0.0,0.0071666106,0.000694056,0.0,0.004324496
0.0,0.0,0.002219662,0.0040283864,0.0,0.014332073
0.0,0.0,0.0023817546,0.001326509,0.0,0.008802644
0.0,0.0,0.002378091,0.0027236042,0.0,0.013828672
0.0,0.0,0.0066544157,0.0011971137,0.0,0.010061729
0.0,0.0,0.010351456,0.0039948006,0.0,0.014181312
0.0,0.0,0.005204565,0.0039640456,0.0,0.017159555
0.0,0.0,0.0037751081,0.0017828014,0.0,0.013091339
0.0,0.0,0.0011960666,0.005174051,0.0,0.011636174
0.0,0.0,0.0033107593,0.0030762812,0.0,0.019587591
0.0,0.0,0.003305666,0.0058137793,0.0,0.009684457
0.0,0.0,0.013078967,0.0032199405,0.0,0.023391016
0.0,0.0,0.0071823373,0.0055177244,0.0,0.0070951097
0.0,0.0,0.0017460819,0.0035197418,0.0,0.012845266
0.0,0.0,0.0019593919,0.0044535147,0.0,0.020349378
0.0,0.0,0.0018803065,0.0024299622,0.0,0.010642651
0.0,0.0,0.0010067604,0.0032257051,0.0,0.015364667
0.0,0.0,0.0015724064,0.0018661077,0.0,0.0169962
0.0,0.0,0.0013966134,0.004881059,0.0,0.008271588
0.0,0.0,0.001143145,0.002817051,0.0,0.01659666
0.0,0.0,0.0014031009,0.0074180253,0.0,0.014909116
0.0,0.0,0.0012990491,0.007834577,0.0,0.021233978
0.0,0.0,0.000767497,0.014439752,0.0,0.013740724
0.0,0.0,0.0018288157,0.011575437,0.0,0.019542156
0.0,0.0,0.0010103746,0.011205732,0.0,0.0109504
0.0,0.0,0.00100882,0.015460107,0.0,0.026522031
0.0,0.0,0.0006968563,0.02361325,0.0,0.0069029476
0.0,0.0,0.004830809,0.009138896,0.0,0.0098757595
0.0,0.0,0.00392442,0.007854017,0.0,0.018132979
0.0,0.0,0.005847631,0.007466296,0.0,0.015481015
0.0,0.0,0.004522009,0.009990739,0.0,0.017073765
0.0,0.0,0.0027534245,0.0061367764,0.0,0.014305401
0.0,0.0,0.0024955897,0.0065154294,0.0,0.01404207
0.0,0.0,0.0018640875,0.0025506672,0.0,0.009772534
0.0,0.0,0.0017219224,0.0034506975,0.0,0.014698775
0.0,0.0,0.0017192729,0.0012665937,0.0,0.01129535
0.0,0.0,0.0017166274,0.002769975,0.0,0.012542648
0.0,0.0,0.0016791151,0.0010302702,0.0,0.014238199
0.0,0.0,0.0011187018,0.002607447,0.0,0.01853736
0.0,0.0,0.0013415352,0.001382679,0.0,0.012044343
0.0,0.0,0.00081998424,0.001869626,0.0,0.013180119
0.0,0.0,0.004756144,0.0012774209,0.0,0.02644473
0.0,0.0,0.004748825,0.008319802,0.0,0.009988435
0.0,0.0,0.0025258216,0.004637953,0.0,0.011070403
0.0,0.0,0.0030229366,0.003895792,0.0,0.016458252
0.0,0.0,0.005083995,0.0046692295,0.0,0.018544553
0.0,0.0,0.0014107984,0.0062384782,0.0,0.019257113
0.0,0.0,0.0028089257,0.0039026595,0.0,0.019161014
0.0,0.0,0.012848449,0.007448439,0.0,0.02400513
0.0,0.0,0.00447002,0.006553711,0.0,0.012481932
0.0,0.0,0.011132107,0.0033633732,0.0,0.01714956
0.0,0.0,0.0056903833,0.0028817665,0.0,0.008295462
0.0,0.0,0.0032833647,0.0018192163,0.0,0.021657225
0.0,0.0,0.0109545635,0.0045635137,0.0,0.006716019
0.0,0.0,0.005316598,0.0026792088,0.0,0.014749968
0.0,0.0,0.002492757,0.0061861486,0.0,0.016614888
0.0,0.0,0.0021336426,0.004082081,0.0,0.00948542
0.0,0.0,0.0010744497,0.004762107,0.0,0.029035727
0.0,0.0,0.0039925533,0.0039874446,0.0,0.008032727
0.0,0.0,0.0014023593,0.0071718507,0.0,0.018040434
0.0,0.0,0.0036990098,0.008873753,0.0,0.020794353
0.0,0.0,0.0015066005,0.012745556,0.0,0.014745076
0.0,0.0,0.007928468,0.010289366,0.0,0.030565938
0.0,0.0,0.007916262,0.0067355516,0.0,0.011635609
0.0,0.0,0.0070171584,0.008334365,0.0,0.025240421
0.0,0.0,0.006687952,0.0047145104,0.0,0.016932342
0.0,0.0,0.0048146555,0.010179365,0.0,0.032062132
0.0,0.0,0.0025275447,0.012836957,0.0,0.014240956
0.0,0.0,0.0019283238,0.01696201,0.0,0.02879262
0.0,0.0,0.0019253552,0.010957866,0.0,0.009053938
0.0,0.0,0.0008571144,0.009617212,0.0,0.016384022
0.0,0.0,0.0015906949,0.012064676,0.0,0.019113585
0.0,0.0,0.001315352,0.010126174,0.0,0.012682843
0.0,0.0,0.0021964873,0.021420155,0.0,0.04718666
0.0,0.0,0.0020325796,0.0151226865,0.0,0.016796445
0.0,0.0,0.0011238288,0.01411986,0.0,0.010132189
0.0,0.0,0.0039605373,0.011665659,0.0,0.020801215
0.0,0.0,0.0012681468,0.008158835,0.0,0.009835161
0.0,0.0,0.002234262,0.008113489,0.0,0.009026184
0.0,0.0,0.0013190507,0.0034017118,0.0,0.007136025
0.0,0.0,0.0017902794,0.009297125,0.0,0.026532378
0.0,0.0,0.0015036314,0.006918474,0.0,0.00711618
0.0,0.0,0.002648004,0.003291738,0.0,0.006817649
0.0,0.0,0.002517933,0.0030118255,0.0,0.0210666
0.0,0.0,0.0010776232,0.002693381,0.0,0.0107035525
0.0,0.0,0.001784646,0.0008899747,0.0,0.006988913
0.0,0.0,0.0007387801,0.002516836,0.0,0.0053468007
0.0,0.0,0.0010628665,0.0009342408,0.0,0.005349169
0.0,0.0,0.0016231218,0.0032461989,0.0,0.011428226
0.0,0.0,0.000978253,0.0016801427,0.0,0.0075872783
0.0,0.0,0.0011252032,0.005005373,0.0,0.016137648
0.0,0.0,0.0005475913,0.0057236003,0.0,0.016614158
0.0,0.0,0.0020644835,0.0025215477,0.0,0.011625213
0.0,0.0,0.0067733033,0.0031793485,0.0,0.014308194
0.0,0.0,0.0051537147,0.0010042869,0.0,0.009525454
0.0,0.0,0.00408807,0.0021947466,0.0,0.011808875
0.0,0.0,0.0012021349,0.0006067368,0.0,0.006542651
0.0,0.0,0.0011074927,0.000638308,0.0,0.0068766037
0.0,0.0,0.0017505029,0.005019417,0.0,0.010720032
0.0,0.0,0.003256663,0.0023206905,0.0,0.009857953
0.0,0.0,0.011226875,0.0019608203,0.0,0.0055930107
0.0,0.0,0.0045821285,0.0007365005,0.0,0.004469108
0.0,0.0,0.0048859813,0.0018158675,0.0,0.0022611243
0.0,0.0,0.003508334,0.0006068788,0.0,0.0019185669
0.0,0.0,0.0030981952,0.0017398414,0.0,0.0017702341
0.0,0.0,0.0027102714,0.0011037267,0.0,0.0040819584
0.0,0.0,0.002079285,0.002935929,0.0,0.002556206
0.0,0.0,0.0014839461,0.0010611516,0.0,0.0026340308
0.0,0.0,0.0019478236,0.0015746029,0.0,0.0015495424
0.0,0.0,0.001944823,0.0014953277,0.0,0.0035101727
0.0,0.0,0.00172344,0.0010330804,0.0,0.0018045967
0.0,0.0,0.0015423506,0.002038701,0.0,0.002314893
0.0,0.0,0.0017058959,0.00053685886,0.0,0.0007914682
0.0,0.0,0.0015182843,0.0014858777,0.0,0.0021232965
0.0,0.0,0.0014006095,0.0005199781,0.0,0.00083896134
0.0,0.0,0.0013460745,0.0005110595,0.0,0.0009958111
0.0,0.0,0.0007713818,0.0011504267,0.0,0.0012554649
0.0,0.0,0.000393823,0.00091361074,0.0,0.0019024825
0.0,0.0,0.00033651898,0.0013444811,0.0,0.0010586241
0.0,0.0,0.00031326743,0.0010261377,0.0,0.0022957975
0.0,0.0,0.00016177395,0.0012875076,0.0,0.0013397371
0.0,0.0,0.00016152472,0.00046072653,0.0,0.0007350924
0.0,0.0,0.0001425075,0.00039686527,0.0,0.00081961433
0.0,0.0,7.919753e-05,0.00031251917,0.0,0.00085057534
0.0,0.0,7.240628e-05,0.0003401907,0.0,0.0007710173
0.0,0.0,6.8941e-05,0.0004271323,0.0,0.0008062428
0.0,0.0,6.883479e-05,0.00073882804,0.0,0.0008785358
0.0,0.0,4.504445e-05,0.00037427997,0.0,0.00042901235
0.0,0.0,2.515587e-05,0.0003519945,0.0,0.00034552574
0.0,0.0,2.5117115e-05,0.00045388378,0.0,0.000352708
0.0,0.0,2.2155682e-05,0.0003268809,0.0,0.00017809308
0.0,0.0,1.7762894e-05,0.00015854988,0.0,0.00013005127
0.0,0.0,1.7735527e-05,6.259764e-05,0.0,0.00013100449
0.0,0.0,1.2058494e-05,2.3239409e-05,0.0,4.612114e-05
0.0,0.0,1.2039915e-05,4.4782873e-06,0.0,5.0363662e-05
0.0,0.0,1.0633116e-05,1.4377521e-06,0.0,8.3637315e-05
0.0,0.0,1.06167345e-05,3.410778e-07,0.0,7.7692624e-05
0.0,0.0,1.0600378e-05,2.408656e-07,0.0,0.000223846
0.0,0.0,1.0584046e-05,1.692621e-07,0.0,0.00028461602
0.0,0.0,1.0567741e-05,1.6428235e-07,0.0,0.00043852857
0.0,0.0,5.424639e-06,2.5522257e-07,0.0,0.00033384678
0.0,0.0,5.416281e-06,2.8579063e-07,0.0,0.00036283766
0.0,0.0,3.7897028e-06,1.4024347e-07,0.0,0.00017297505
0.0,0.0,2.8605216e-06,8.52726e-08,0.0,6.560104e-05
0.0,0.0,2.4923927e-06,1.5763521e-07,0.0,0.00012991019
0.0,0.0,1.7863308e-06,1.0296208e-07,0.0,0.00017815438
0.0,0.0,1.6134935e-06,6.4699464e-08,0.0,0.0001237387
0.0,0.0,1.6110073e-06,6.295434e-08,0.0,5.3148182e-05
0.0,0.0,1.0988505e-06,7.574331e-08,0.0,4.7620266e-05
0.0,0.0,1.0971572e-06,1.3733512e-07,0.0,4.4441458e-05
0.0,0.0,8.2429733e-07,1.5575706e-07,0.0,4.0632156e-05
0.0,0.0,8.2302716e-07,9.796484e-08,0.0,2.210637e-05
0.0,0.0,5.940619e-07,6.020479e-08,0.0,1.4438672e-05
0.0,0.0,5.931464e-07,3.1170117e-08,0.0,9.862655e-06
0.0,0.0,4.0020274e-07,2.842166e-08,0.0,1.787722e-05
0.0,0.0,3.99586e-07,2.2229381e-08,0.0,1.1172608e-05
0.0,0.0,3.9897026e-07,2.3737213e-08,0.0,1.31999395e-05
0.0,0.0,2.3725643e-07,3.1465753e-08,0.0,1.529887e-05
0.0,0.0,1.538717e-07,3.7994873e-08,0.0,1.7516291e-05
0.0,0.0,1.5363457e-07,4.8693323e-08,0.0,2.5441623e-05
0.0,0.0,1.4077041e-07,3.056548e-08,0.0,1.8294022e-05
0.0,0.0,1.4055348e-07,1.3030147e-08,0.0,1.45385175e-05
0.0,0.0,1.4033688e-07,3.8180867e-09,0.0,1.4256005e-05
0.0,0.0,1.4012062e-07,3.0684355e-09,0.0,1.5448466e-05
0.0,0.0,1.3990469e-07,2.357351e-09,0.0,1.6195003e-05
0.0,0.0,1.262832e-07,9.7253325e-09,0.0,1.4624656e-05
0.0,0.0,8.877106e-08,5.481012e-09,0.0,1.3045496e-05
0.0,0.0,8.863426e-08,1.8147593e-09,0.0,1.2689114e-05
0.0,0.0,8.218477e-08,3.010287e-09,0.0,1.75492e-05
0.0,0.0,8.2058115e-08,4.6661772e-09,0.0,1.917709e-05
0.0,0.0,6.385093e-08,1.4857079e-08,0.0,1.8524617e-05
0.0,0.0,5.35626e-08,1.4714503e-08,0.0,2.1896816e-05
0.0,0.0,5.3480058e-08,2.3733952e-08,0.0,2.1883454e-05
0.0,0.0,4.573127e-08,1.0059824e-08,0.0,1.9306963e-05
0.0,0.0,4.2245507e-08,1.7492246e-08,0.0,1.829922e-05
0.0,0.0,4.2180403e-08,1.6007982e-08,0.0,1.8023615e-05
0.0,0.0,4.528897e-08,7.0049135e-09,0.0,1.9246732e-05
0.0,0.0,4.225728e-08,1.4524218e-08,0.0,1.5443748e-05
0.0,0.0,3.796391e-08,1.9036454e-08,0.0,1.7181672e-05
0.0,0.0,5.9705414e-08,2.7974929e-08,0.0,1.8437084e-05
0.0,0.0,5.96134e-08,1.3537695e-08,0.0,1.4071586e-05
0.0,0.0,5.506915e-08,1.7748139e-08,0.0,1.2429036e-05
0.0,0.0,5.4984284e-08,8.296128e-09,0.0,5.847376e-06
0.0,0.0,5.4899544e-08,3.5338723e-09,0.0,1.449966e-05
0.0,0.0,5.078102e-08,9.112013e-09,0.0,1.5940737e-05
0.0,0.0,4.828577e-08,5.0373306e-09,0.0,2.140763e-05
0.0,0.0,4.8211355e-08,5.684552e-09,0.0,1.7967981e-05
0.0,0.0,4.024927e-08,1.8960185e-08,0.0,2.2078362e-05
0.0,0.0,3.152283e-08,2.0985857e-08,0.0,2.4693323e-05
0.0,0.0,2.847521e-08,1.0611695e-08,0.0,1.96321e-05
0.0,0.0,4.4407912e-08,4.842812e-09,0.0,2.7595415e-05
0.0,0.0,2.9615848e-08,3.3170384e-09,0.0,3.6034548e-05
0.0,0.0,2.5824685e-08,2.0495833e-08,0.0,3.9644256e-05
0.0,0.0,4.3396668e-08,1.4956278e-08,0.0,3.1472657e-05
0.0,0.0,1.9495646e-07,4.6473755e-08,0.0,2.7765733e-05
0.0,0.0,2.1351187e-07,6.730968e-08,0.0,3.1252566e-05
0.0,0.0,2.1318279e-07,5.2565344e-08,0.0,3.1545675e-05
0.0,0.0,4.3457254e-07,2.449336e-08,0.0,3.3865264e-05
0.0,0.0,7.1073515e-07,1.0056337e-08,0.0,3.7395817e-05
0.0,0.0,3.0197607e-06,1.0796342e-08,0.0,4.3602595e-05
0.0,0.0,9.405994e-06,3.275387e-08,0.0,4.8649403e-05
0.0,0.0,8.125034e-06,8.3537934e-08,0.0,4.718171e-05
0.0,0.0,7.925321e-06,1.2550153e-07,0.0,4.832732e-05
0.0,0.0,8.861188e-06,1.9139738e-07,0.0,5.0936902e-05
0.0,0.0,1.8141485e-05,3.3995204e-07,0.0,5.8029967e-05
0.0,0.0,3.7844307e-05,1.5476222e-06,0.0,7.2877076e-05
0.0,0.0,5.4419448e-05,4.524557e-06,0.0,6.62865e-05
0.0,0.0,4.723222e-05,9.313331e-06,0.0,6.628341e-05
0.0,0.0,3.8059097e-05,1.734829e-05,0.0,7.4094576e-05
0.0,0.0,3.9530452e-05,3.595456e-05,0.0,6.8582995e-05
0.0,0.0,0.000109267654,2.5155594e-05,0.0,0.0001005427
0.0,0.0,7.24759e-05,2.0631254e-05,0.0,9.1446054e-05
0.0,0.0,6.13029e-05,7.621212e-05,0.0,8.182722e-05
0.0,0.0,6.065279e-05,0.00015073032,0.0,0.00010676593
0.0,0.0,6.189533e-05,0.00051966915,0.0,0.000149391
0.0,0.0,0.00053307984,0.0037420182,0.0,0.00033492665
0.0,0.0,0.0005474398,0.0016144251,0.0,0.00033635247
0.0,0.0,0.0021008456,0.007452128,0.0,0.0008200211
0.0,0.0,0.003705623,0.009505027,0.0,0.0014998242
0.0,0.0,0.001091189,0.032536563,0.0,0.0031725792
0.0,0.0,0.0045482945,0.011198805,0.0,0.0024791842
0.0,0.0,0.012984642,0.010991174,0.0,0.0021738643
0.0,0.0,0.0032183803,0.025966456,0.0,0.0039783115
0.0,0.0,0.0028715646,0.01889722,0.0,0.022837201
0.0,0.0,0.0012431942,0.025272034,0.0,0.0305959
0.0,0.0,0.0014216807,0.018925237,0.0,0.020924248
0.0,0.0,0.005305019,0.022575568,0.0,0.042128228
0.0,0.0,0.0024755308,0.024603028,0.0,0.023346912
0.0,0.0,0.01072797,0.014397654,0.0,0.030868374
0.0,0.0,0.015439885,0.046411365,0.0,0.013253038
0.0,0.0,0.0034303393,0.02150123,0.0,0.054735743
0.0,0.0,0.0037964918,0.019950286,0.0,0.025102641
0.0,0.0,0.0027355216,0.025405774,0.0,0.02496115
0.0,0.0,0.0023448213,0.015616332,0.0,0.021241054
0.0,0.0,0.0013753304,0.016356494,0.0,0.02291458
0.0,0.0,0.0037334135,0.029551173,0.0,0.030639613
0.0,0.0,0.0026409882,0.00875437,0.0,0.017783282
0.0,0.0,0.0020870988,0.013692035,0.0,0.04133284
0.0,0.0,0.008302484,0.044267666,0.0,0.017131751
0.0,0.0,0.0077947127,0.021407723,0.0,0.04348536
0.0,0.0,0.0027609433,0.033534497,0.0,0.012642709
0.0,0.0,0.009506878,0.009912617,0.0,0.034791436
0.0,0.0,0.0069089164,0.01835198,0.0,0.014069925
0.0,0.0,0.0026052087,0.01896279,0.0,0.037630048
0.0,0.0,0.0082262885,0.03592535,0.0,0.016957434
0.0,0.0,0.006156585,0.011946723,0.0,0.03892676
0.0,0.0,0.0038418507,0.015836867,0.0,0.008405986
0.0,0.0,0.03226357,0.0126210945,0.0,0.019786857
0.0,0.0,0.014901804,0.029153014,0.0,0.023385737
0.0,0.0,0.0043316474,0.01464964,0.0,0.017772455
0.0,0.0,0.036005408,0.022365617,0.0,0.058670808
0.0,0.0,0.018842924,0.024638137,0.0,0.02974526
0.0,0.0,0.015173126,0.012709784,0.0,0.01660894
0.0,0.0,0.013241345,0.014812784,0.0,0.028552052
0.0,0.0,0.009912746,0.016408399,0.0,0.012671668
0.0,0.0,0.0054512178,0.026421184,0.0,0.035480026
0.0,0.0,0.0057808487,0.008369043,0.0,0.00822295
0.0,0.0,0.0050482713,0.012312665,0.0,0.021714399
0.0,0.0,0.002137915,0.01883906,0.0,0.012211685
0.0,0.0,0.018973405,0.017319812,0.0,0.027357034
0.0,0.0,0.010522958,0.015015596,0.0,0.006361112
0.0,0.0,0.0037962017,0.014593438,0.0,0.011574054
0.0,0.0,0.034073543,0.027616166,0.0,0.041473884
0.0,0.0,0.019213563,0.011468714,0.0,0.007928937
0.0,0.0,0.009568905,0.027782302,0.0,0.034855552
0.0,0.0,0.010578697,0.012254791,0.0,0.015430854
0.0,0.0,0.01693318,0.010041392,0.0,0.020729749
0.0,0.0,0.0073859775,0.022109088,0.0,0.021152638
0.0,0.0,0.007653595,0.009950898,0.0,0.011314654
0.0,0.0,0.009956881,0.010956858,0.0,0.024459772
0.0,0.0,0.004202855,0.017859042,0.0,0.0064811683
0.0,0.0,0.010428938,0.017063025,0.0,0.015273504
0.0,0.0,0.0065828264,0.013820801,0.0,0.021388488
0.0,0.0,0.0019256014,0.008358563,0.0,0.008397415
0.0,0.0,0.0060186703,0.0025734522,0.0,0.0055142143
0.0,0.0,0.002606878,0.0067806696,0.0,0.012355684
0.0,0.0,0.0036023206,0.0066612693,0.0,0.019415362
0.0,0.0,0.005474506,0.0038893244,0.0,0.009758183
0.0,0.0,0.004082219,0.0040108133,0.0,0.019944828
0.0,0.0,0.010528704,0.0014540283,0.0,0.012811001
0.0,0.0,0.007001314,0.0018956981,0.0,0.013795819
0.0,0.0,0.004201131,0.0009146288,0.0,0.012645225
0.0,0.0,0.0024886052,0.0045832507,0.0,0.012267761
0.0,0.0,0.014372911,0.0028301904,0.0,0.025996137
0.0,0.0,0.009889883,0.0065804096,0.0,0.006398502
0.0,0.0,0.0053637377,0.0077069756,0.0,0.011189566
0.0,0.0,0.004399068,0.004854013,0.0,0.011386993
0.0,0.0,0.0030636399,0.0059705186,0.0,0.009575851
0.0,0.0,0.0032370633,0.004090808,0.0,0.021322554
0.0,0.0,0.0020732784,0.0040768743,0.0,0.007438558
0.0,0.0,0.0031098023,0.002479351,0.0,0.01791379
0.0,0.0,0.0025995143,0.0076831356,0.0,0.014850574
0.0,0.0,0.0020514189,0.008231881,0.0,0.021992255
0.0,0.0,0.0018375681,0.0067838607,0.0,0.010755746
0.0,0.0,0.0024618632,0.0075537656,0.0,0.022952465
0.0,0.0,0.0015350652,0.004465077,0.0,0.008134293
0.0,0.0,0.00176064,0.004837641,0.0,0.012789628
0.0,0.0,0.0008542778,0.0023016448,0.0,0.02204763
0.0,0.0,0.0008327141,0.003459167,0.0,0.007573691
0.0,0.0,0.0018275792,0.0020660304,0.0,0.017774628
0.0,0.0,0.0036082903,0.0035651783,0.0,0.014352391
0.0,0.0,0.0020121404,0.0015894336,0.0,0.016079089
0.0,0.0,0.018872833,0.002067494,0.0,0.008848166
0.0,0.0,0.00864206,0.0011582319,0.0,0.015493881
0.0,0.0,0.0017707142,0.0044117225,0.0,0.02016288
0.0,0.0,0.0012194245,0.0021452466,0.0,0.007837249
0.0,0.0,0.0019511987,0.0033770793,0.0,0.0074942373
0.0,0.0,0.0018348661,0.0022875916,0.0,0.012413325
0.0,0.0,0.0016270212,0.004444755,0.0,0.014423828
0.0,0.0,0.001151828,0.0025836525,0.0,0.010020806
0.0,0.0,0.0037431023,0.0012014956,0.0,0.012694779
0.0,0.0,0.0030433282,0.006605473,0.0,0.025508111
0.0,0.0,0.0012292421,0.005664208,0.0,0.0060154554
0.0,0.0,0.0011021201,0.0037982059,0.0,0.0070108017
0.0,0.0,0.004844896,0.0028083916,0.0,0.01479519
0.0,0.0,0.003636402,0.0038419736,0.0,0.023505852
0.0,0.0,0.001277615,0.0015602863,0.0,0.008166626
0.0,0.0,0.001030889,0.0037945157,0.0,0.014073428
0.0,0.0,0.0032398696,0.0016885888,0.0,0.013124953
0.0,0.0,0.010874548,0.008546346,0.0,0.020847507
0.0,0.0,0.0021593864,0.0077907336,0.0,0.014182516
0.0,0.0,0.0015253129,0.005860374,0.0,0.021443421
0.0,0.0,0.003119355,0.009346057,0.0,0.010026079
0.0,0.0,0.0034239306,0.010408109,0.0,0.02226872
0.0,0.0,0.0031427727,0.026142694,0.0,0.010492331
0.0,0.0,0.0027811686,0.011563112,0.0,0.020278169
0.0,0.0,0.0020942495,0.013142154,0.0,0.013545223
0.0,0.0,0.002091018,0.0121021075,0.0,0.016338075
0.0,0.0,0.0017041626,0.010412809,0.0,0.014726295
0.0,0.0,0.0031554198,0.009604434,0.0,0.01566047
0.0,0.0,0.0019453313,0.012288564,0.0,0.024754444
0.0,0.0,0.005301932,0.006868518,0.0,0.006652723
0.0,0.0,0.0029357253,0.0048881005,0.0,0.013340125
0.0,0.0,0.002974892,0.006151957,0.0,0.018276367
0.0,0.0,0.0016513412,0.008848301,0.0,0.019042576
0.0,0.0,0.0019995673,0.02134899,0.0,0.02085015
0.0,0.0,0.0029664722,0.013680469,0.0,0.011918201
0.0,0.0,0.0010898436,0.010701848,0.0,0.021699058
0.0,0.0,0.0017405248,0.018782387,0.0,0.01652935
0.0,0.0,0.0009266004,0.017307784,0.0,0.030692123
0.0,0.0,0.0044205007,0.012598696,0.0,0.010859642
0.0,0.0,0.0034044583,0.018835308,0.0,0.02891333
0.0,0.0,0.009792121,0.017120631,0.0,0.010381287
0.0,0.0,0.0041911285,0.017609807,0.0,0.028823735
0.0,0.0,0.0045416113,0.016571695,0.0,0.017322272
0.0,0.0,0.0033589958,0.020350164,0.0,0.032972362
0.0,0.0,0.0016733326,0.009117416,0.0,0.014557527
0.0,0.0,0.0013976307,0.0138425855,0.0,0.026489187
0.0,0.0,0.002280694,0.016517315,0.0,0.00856753
0.0,0.0,0.0015760312,0.013375185,0.0,0.020684322
0.0,0.0,0.0026772628,0.014621563,0.0,0.0113599105
0.0,0.0,0.0026214535,0.014539463,0.0,0.02762669
0.0,0.0,0.0016128641,0.011413791,0.0,0.00808947
0.0,0.0,0.0016646625,0.013521795,0.0,0.018989375
0.0,0.0,0.0009672049,0.017750053,0.0,0.015156881
0.0,0.0,0.008129968,0.025455166,0.0,0.041229058
0.0,0.0,0.0044633634,0.010612792,0.0,0.010360578
0.0,0.0,0.004623533,0.011927317,0.0,0.021829845
0.0,0.0,0.0028480531,0.013182877,0.0,0.01205042
0.0,0.0,0.0017659491,0.013371762,0.0,0.019568097
0.0,0.0,0.003447482,0.010205007,0.0,0.015793934
0.0,0.0,0.0030120995,0.021002926,0.0,0.044900913
0.0,0.0,0.0013875706,0.010691547,0.0,0.008652891
0.0,0.0,0.0015644127,0.010023855,0.0,0.018625798
0.0,0.0,0.0011856084,0.019723937,0.0,0.013623912
0.0,0.0,0.0017095022,0.013594856,0.0,0.023352806
0.0,0.0,0.00076925947,0.011041914,0.0,0.008941302
0.0,0.0,0.0009087194,0.0091534555,0.0,0.017119016
0.0,0.0,0.0008398219,0.017750533,0.0,0.026244326
0.0,0.0,0.0008385256,0.018713322,0.0,0.007952064
0.0,0.0,0.0009414831,0.0077907476,0.0,0.00998681
0.0,0.0,0.020432286,0.0045114565,0.0,0.013545982
0.0,0.0,0.008311752,0.004464755,0.0,0.0150078535
0.0,0.0,0.009072837,0.0022189235,0.0,0.012256987
0.0,0.0,0.005684339,0.0072258743,0.0,0.026501155
0.0,0.0,0.0015602886,0.0065915426,0.0,0.004803468
0.0,0.0,0.0014824555,0.0022867543,0.0,0.004931963
0.0,0.0,0.0007176746,0.0025653709,0.0,0.0037058135
0.0,0.0,0.0031136507,0.0022582775,0.0,0.01599041
0.0,0.0,0.0037621807,0.0048515634,0.0,0.011571417
0.0,0.0,0.0012972485,0.0032690077,0.0,0.0145335
0.0,0.0,0.0063036247,0.0021260704,0.0,0.014736655
0.0,0.0,0.0027133517,0.0027610601,0.0,0.011236716
0.0,0.0,0.0021937753,0.00080349576,0.0,0.008727223
0.0,0.0,0.0011222984,0.0012522154,0.0,0.013419525
0.0,0.0,0.00096818607,0.004441555,0.0,0.0139695
0.0,0.0,0.011218257,0.0026589602,0.0,0.014922847
0.0,0.0,0.0051211836,0.002197156,0.0,0.0056374376
0.0,0.0,0.0038175036,0.00090253947,0.0,0.00390898
0.0,0.0,0.003613098,0.003831615,0.0,0.0027241434
0.0,0.0,0.0030802637,0.0018752941,0.0,0.0034416795
0.0,0.0,0.004040504,0.0017792436,0.0,0.0042748684
0.0,0.0,0.0032796378,0.0033473254,0.0,0.0054278704
0.0,0.0,0.0015692412,0.00097158813,0.0,0.0033384063
0.0,0.0,0.001079094,0.001865091,0.0,0.0033500018
0.0,0.0,0.0018019277,0.0007275981,0.0,0.002463916
0.0,0.0,0.0012372816,0.0019441505,0.0,0.0028146852
0.0,0.0,0.0014040335,0.00038984977,0.0,0.0006282277
0.0,0.0,0.0012359517,0.0006479085,0.0,0.0015503119
0.0,0.0,0.0026898307,0.0017803819,0.0,0.00095475686
0.0,0.0,0.00091677066,0.00087134435,0.0,0.0045962143
0.0,0.0,0.0007653456,0.0026703076,0.0,0.0023442
0.0,0.0,0.0016433884,0.0009877563,0.0,0.0021952875
0.0,0.0,0.0011106087,0.00066870125,0.0,0.0008817771
0.0,0.0,0.0011088938,0.0007896802,0.0,0.0008452468
0.0,0.0,0.00091120857,0.0009854914,0.0,0.0023371298
0.0,0.0,0.00079368934,0.0012210576,0.0,0.0007733629
0.0,0.0,0.00279855,0.0005171279,0.0,0.0005985861
0.0,0.0,0.001192495,0.0005262952,0.0,0.00066622294
0.0,0.0,0.0020616953,0.0011313949,0.0,0.0011537406
0.0,0.0,0.0009361624,0.00025887988,0.0,0.00046356744
0.0,0.0,0.00058195886,0.0002652917,0.0,0.00049858977
0.0,0.0,0.00024203755,0.00011024298,0.0,0.00036071613
0.0,0.0,0.00021515283,0.0001090235,0.0,0.00042293782
0.0,0.0,0.00021482061,8.5354324e-05,0.0,0.00087902526
0.0,0.0,0.00018948813,3.2439362e-05,0.0,0.0005288372
0.0,0.0,5.5299603e-05,9.568757e-06,0.0,0.00033753764
0.0,0.0,2.7910042e-05,2.2687882e-06,0.0,0.00013290827
0.0,0.0,2.4163173e-05,6.1403e-07,0.0,6.3027575e-05
0.0,0.0,9.299435e-06,1.644524e-07,0.0,4.815758e-05
0.0,0.0,3.7144127e-06,1.095859e-07,0.0,3.5595614e-05
0.0,0.0,3.2964626e-06,6.663608e-08,0.0,4.6591278e-05
0.0,0.0,1.8568318e-06,3.545653e-08,0.0,3.6377536e-05
0.0,0.0,1.0180535e-06,3.3357455e-08,0.0,3.755082e-05
0.0,0.0,1.0164814e-06,3.8587846e-08,0.0,2.6278765e-05
0.0,0.0,9.1566255e-07,1.7435956e-07,0.0,8.58293e-05
0.0,0.0,8.876969e-07,2.702587e-07,0.0,7.5668315e-05
0.0,0.0,8.562649e-07,2.2593507e-07,0.0,9.299049e-05
0.0,0.0,1.0178792e-06,2.524834e-07,0.0,0.00012708311
0.0,0.0,1.0163074e-06,3.2364315e-07,0.0,0.00010433005
0.0,0.0,9.540736e-07,3.6277527e-07,0.0,0.00012970774
0.0,0.0,8.9182055e-07,2.7166482e-07,0.0,0.00010494998
0.0,0.0,8.9044335e-07,2.6387144e-07,0.0,9.293834e-05
0.0,0.0,8.8906825e-07,5.5905025e-07,0.0,0.00022011346
0.0,0.0,8.876953e-07,3.7560977e-07,0.0,0.00013281147
0.0,0.0,8.8632453e-07,2.0591249e-07,0.0,8.267159e-05
0.0,0.0,8.148045e-07,8.5124185e-08,0.0,3.1882824e-05
0.0,0.0,6.065329e-07,3.8231697e-08,0.0,3.0928004e-05
0.0,0.0,6.055963e-07,2.6712845e-08,0.0,2.701403e-05
0.0,0.0,5.523708e-07,1.9110027e-08,0.0,3.1564377e-05
0.0,0.0,4.4347073e-07,1.2901043e-08,0.0,3.734554e-05
0.0,0.0,3.4691564e-07,1.9735001e-08,0.0,3.9300496e-05
0.0,0.0,3.4637992e-07,3.7099483e-08,0.0,3.7938495e-05
0.0,0.0,3.0316716e-07,6.351526e-08,0.0,6.198901e-05
0.0,0.0,2.4032553e-07,3.7497767e-08,0.0,3.26998e-05
0.0,0.0,2.399544e-07,6.039481e-08,0.0,3.1093245e-05
0.0,0.0,2.1745959e-07,5.1570023e-08,0.0,2.409673e-05
0.0,0.0,1.5880451e-07,3.606122e-08,0.0,3.128567e-05
0.0,0.0,1.442572e-07,3.3390588e-08,0.0,1.7229373e-05
0.0,0.0,1.3075204e-07,2.1094005e-08,0.0,1.4250317e-05
0.0,0.0,1.3055012e-07,1.248801e-08,0.0,1.1285403e-05
0.0,0.0,1.3034851e-07,1.19981225e-08,0.0,1.7183604e-05
0.0,0.0,9.740455e-08,1.2667772e-08,0.0,1.5473419e-05
0.0,0.0,7.9708514e-08,2.8981365e-08,0.0,1.7338794e-05
0.0,0.0,6.467582e-08,3.36552e-08,0.0,2.0639498e-05
0.0,0.0,6.4575936e-08,2.4445717e-08,0.0,2.77818e-05
0.0,0.0,6.4476204e-08,2.0187146e-08,0.0,2.359361e-05
0.0,0.0,6.4376636e-08,1.8594097e-08,0.0,2.216801e-05
0.0,0.0,6.427721e-08,1.5691473e-08,0.0,1.7543327e-05
0.0,0.0,6.417795e-08,9.166302e-09,0.0,1.9722667e-05
0.0,0.0,6.407883e-08,6.1089698e-09,0.0,2.5062755e-05
0.0,0.0,6.3979876e-08,2.137618e-09,0.0,1.9149802e-05
0.0,0.0,5.676659e-08,7.173905e-10,0.0,1.8942535e-05
0.0,0.0,5.6678925e-08,2.9374894e-09,0.0,2.0750185e-05
0.0,0.0,4.947615e-08,8.128011e-09,0.0,2.3528484e-05
0.0,0.0,4.939974e-08,5.9731615e-09,0.0,2.383346e-05
0.0,0.0,4.932345e-08,2.5277822e-09,0.0,1.4538824e-05
0.0,0.0,5.8227783e-08,1.2863048e-09,0.0,1.6824588e-05
0.0,0.0,5.813786e-08,7.840206e-10,0.0,1.7062875e-05
0.0,0.0,5.8048073e-08,3.989992e-10,0.0,1.855495e-05
0.0,0.0,5.7958427e-08,3.2513558e-08,0.0,2.2793138e-05
0.0,0.0,9.2533355e-08,7.5384584e-08,0.0,2.191647e-05
0.0,0.0,9.239045e-08,6.8782995e-08,0.0,2.544037e-05
0.0,0.0,9.224777e-08,5.2396103e-08,0.0,2.857134e-05
0.0,0.0,9.21053e-08,3.352653e-08,0.0,1.8415056e-05
0.0,0.0,9.099834e-08,2.2875152e-08,0.0,1.45642525e-05
0.0,0.0,8.370318e-08,2.875284e-08,0.0,1.6343913e-05
0.0,0.0,1.8197633e-07,4.753297e-08,0.0,2.2347162e-05
0.0,0.0,1.630926e-07,7.414126e-08,0.0,1.5339758e-05
0.0,0.0,1.628407e-07,9.036213e-08,0.0,2.796786e-05
0.0,0.0,1.489278e-07,1.1222463e-07,0.0,2.6568929e-05
0.0,0.0,1.2924806e-07,8.154038e-08,0.0,2.8988865e-05
0.0,0.0,1.2904844e-07,9.028031e-08,0.0,3.316763e-05
0.0,0.0,9.4493984e-08,1.1949275e-07,0.0,4.121441e-05
0.0,0.0,9.4348046e-08,1.129241e-07,0.0,4.4210137e-05
0.0,0.0,9.4202335e-08,1.8619839e-07,0.0,4.5815494e-05
0.0,0.0,9.4056844e-08,2.8548226e-07,0.0,4.7708392e-05
0.0,0.0,9.600679e-08,2.6817267e-07,0.0,4.116608e-05
0.0,0.0,1.7172586e-07,3.726636e-07,0.0,4.3492506e-05
0.0,0.0,2.5200646e-07,1.577803e-06,0.0,5.4587268e-05
0.0,0.0,1.0391793e-06,1.1578072e-06,0.0,5.2413372e-05
0.0,0.0,2.21029e-06,5.7651994e-07,0.0,5.111935e-05
0.0,0.0,4.5379047e-06,5.3606965e-07,0.0,4.8659476e-05
0.0,0.0,4.5192455e-06,8.964872e-07,0.0,6.0032293e-05
0.0,0.0,5.2222645e-06,4.5717043e-06,0.0,7.401954e-05
0.0,0.0,5.214199e-06,4.6207983e-06,0.0,8.3284314e-05
0.0,0.0,6.597223e-06,3.0090735e-06,0.0,7.11438e-05
0.0,0.0,7.4055974e-06,4.436589e-06,0.0,7.269215e-05
0.0,0.0,6.0116607e-05,7.34216e-06,0.0,8.487943e-05
0.0,0.0,7.162645e-05,9.557729e-06,0.0,9.727591e-05
0.0,0.0,6.172675e-05,1.37833385e-05,0.0,7.947731e-05
0.0,0.0,6.163143e-05,6.671774e-05,0.0,9.199398e-05
0.0,0.0,0.00042687208,0.00017274557,0.0,0.00011982219
0.0,0.0,0.00038253947,0.0013118378,0.0,0.00021106531
0.0,0.0,0.006393733,0.006772311,0.0,0.00072084705
0.0,0.0,0.0018888746,0.012346317,0.0,0.0012551557
0.0,0.0,0.012610577,0.016835008,0.0,0.00089586835
0.0,0.0,0.007113567,0.029327434,0.0,0.0021817202
0.0,0.0,0.019406583,0.009930608,0.0,0.002116291
0.0,0.0,0.0123339705,0.015701948,0.0,0.0018976812
0.0,0.0,0.007082472,0.023665776,0.0,0.005224054
0.0,0.0,0.0071191574,0.02263344,0.0,0.011968147
0.0,0.0,0.0019064016,0.018896943,0.0,0.018420737
0.0,0.0,0.003181164,0.029913735,0.0,0.049345054
0.0,0.0,0.0014669627,0.01814002,0.0,0.02130581
0.0,0.0,0.00564198,0.033913177,0.0,0.04618785
0.0,0.0,0.004754748,0.010888664,0.0,0.025265673
0.0,0.0,0.0014368825,0.022674823,0.0,0.030007383
0.0,0.0,0.001434663,0.018828267,0.0,0.01877883
0.0,0.0,0.0008510069,0.024318805,0.0,0.046561584
0.0,0.0,0.004791999,0.03126804,0.0,0.014664389
0.0,0.0,0.0033695644,0.014905108,0.0,0.08588182
0.0,0.0,0.0013603097,0.030733451,0.0,0.040906966
0.0,0.0,0.016388426,0.012601789,0.0,0.03170231
0.0,0.0,0.0071300464,0.028459309,0.0,0.03866775
0.0,0.0,0.0033115821,0.009708188,0.0,0.02461127
0.0,0.0,0.003995446,0.030970288,0.0,0.033607114
0.0,0.0,0.0039892728,0.012091287,0.0,0.022428257
0.0,0.0,0.0035492454,0.031269852,0.0,0.044284735
0.0,0.0,0.004718078,0.0106863305,0.0,0.012012985
0.0,0.0,0.010861821,0.013732342,0.0,0.025078336
0.0,0.0,0.0035381746,0.025611436,0.0,0.02097291
0.0,0.0,0.03720595,0.022257766,0.0,0.054213483
0.0,0.0,0.037148457,0.015254679,0.0,0.016486416
0.0,0.0,0.025793953,0.028572429,0.0,0.056705754
0.0,0.0,0.019714694,0.0130531,0.0,0.033722922
0.0,0.0,0.01968423,0.020030532,0.0,0.014925129
0.0,0.0,0.019653814,0.0272782,0.0,0.046960007
0.0,0.0,0.016417107,0.023033928,0.0,0.014206268
0.0,0.0,0.009640666,0.012486841,0.0,0.018042007
0.0,0.0,0.0032294071,0.02070615,0.0,0.022198526
0.0,0.0,0.037266187,0.015481862,0.0,0.014283347
0.0,0.0,0.019309003,0.031793308,0.0,0.04008457
0.0,0.0,0.0056713116,0.006575009,0.0,0.00753196
0.0,0.0,0.00577138,0.013474303,0.0,0.022909094
0.0,0.0,0.0049822056,0.026190126,0.0,0.008756577
0.0,0.0,0.0040669986,0.00863718,0.0,0.013396311
0.0,0.0,0.004060713,0.00649552,0.0,0.022896415
0.0,0.0,0.004054438,0.016497014,0.0,0.011573385
0.0,0.0,0.004048172,0.013532072,0.0,0.017214602
0.0,0.0,0.0056272196,0.011392584,0.0,0.012883425
0.0,0.0,0.0046550785,0.0068520945,0.0,0.016665062
0.0,0.0,0.0021584635,0.006014358,0.0,0.0068808314
0.0,0.0,0.0034276852,0.0048201014,0.0,0.021386024
0.0,0.0,0.003208385,0.0042942795,0.0,0.0075338413
0.0,0.0,0.0032034267,0.0052042073,0.0,0.01768634
0.0,0.0,0.016932135,0.0035487064,0.0,0.013295149
0.0,0.0,0.018559018,0.005506912,0.0,0.0141396215
0.0,0.0,0.014107467,0.0032173246,0.0,0.012792432
0.0,0.0,0.010795606,0.0018018172,0.0,0.020140497
0.0,0.0,0.0075842626,0.0027336467,0.0,0.008681354
0.0,0.0,0.0022529052,0.0014376671,0.0,0.025327954
0.0,0.0,0.0022494234,0.0025205892,0.0,0.010151693
0.0,0.0,0.0013006133,0.0011286401,0.0,0.014867756
0.0,0.0,0.023635602,0.0020864436,0.0,0.01796775
0.0,0.0,0.015730882,0.0011616398,0.0,0.02431417
0.0,0.0,0.01570657,0.0043338207,0.0,0.016977342
0.0,0.0,0.010864518,0.0036453696,0.0,0.044999093
0.0,0.0,0.009627253,0.0046137585,0.0,0.009725847
0.0,0.0,0.015098447,0.0019332867,0.0,0.010594921
0.0,0.0,0.012272473,0.004748386,0.0,0.026728805
0.0,0.0,0.0078460835,0.0018849613,0.0,0.0072850245
0.0,0.0,0.0066257482,0.0035884173,0.0,0.007059238
0.0,0.0,0.0035742798,0.0015143566,0.0,0.0119726695
0.0,0.0,0.006328437,0.0059238696,0.0,0.02106761
0.0,0.0,0.002051909,0.0032801998,0.0,0.0077529396
0.0,0.0,0.0067664334,0.0029346119,0.0,0.012185319
0.0,0.0,0.0041316315,0.0017559362,0.0,0.029128527
0.0,0.0,0.0041252463,0.0052786637,0.0,0.008310633
0.0,0.0,0.00349186,0.0038898503,0.0,0.017165886
0.0,0.0,0.0020129257,0.0033066187,0.0,0.012605245
0.0,0.0,0.0017425091,0.004138772,0.0,0.030052379
0.0,0.0,0.0011951283,0.0040952517,0.0,0.015584224
0.0,0.0,0.0026320212,0.005295532,0.0,0.01628982
0.0,0.0,0.0015296798,0.002972777,0.0,0.011802741
0.0,0.0,0.0018409725,0.007484883,0.0,0.029558921
0.0,0.0,0.0025681353,0.005055086,0.0,0.0061808354
0.0,0.0,0.0009450372,0.0021364612,0.0,0.0087266965
0.0,0.0,0.0016049179,0.01020692,0.0,0.022882475
0.0,0.0,0.0014892224,0.0074327854,0.0,0.005186298
0.0,0.0,0.0010859419,0.0064273644,0.0,0.007737986
0.0,0.0,0.0034798493,0.0046044323,0.0,0.011182246
0.0,0.0,0.0034744719,0.0047025937,0.0,0.012332805
0.0,0.0,0.0015682402,0.0020060437,0.0,0.0102602085
0.0,0.0,0.0013628184,0.004484977,0.0,0.013004704
0.0,0.0,0.0014562658,0.0024974083,0.0,0.012392189
0.0,0.0,0.0014540154,0.0011456913,0.0,0.007872513
0.0,0.0,0.0014517686,0.0033966096,0.0,0.013429939
0.0,0.0,0.0018629256,0.0010026119,0.0,0.008342801
0.0,0.0,0.001652506,0.00276385,0.0,0.006438694
0.0,0.0,0.0015027322,0.0012551381,0.0,0.007011995
0.0,0.0,0.0048253373,0.004490821,0.0,0.007959003
0.0,0.0,0.004357038,0.0022376166,0.0,0.011398093
0.0,0.0,0.0019453855,0.0038004916,0.0,0.011016829
0.0,0.0,0.0012285532,0.0013670989,0.0,0.009858501
0.0,0.0,0.0014359322,0.0051270872,0.0,0.021497894
0.0,0.0,0.0012501695,0.003195806,0.0,0.010519417
0.0,0.0,0.0013065278,0.009717184,0.0,0.033718035
0.0,0.0,0.0007298204,0.009411382,0.0,0.013907316
0.0,0.0,0.0008898198,0.0053558485,0.0,0.014937499
0.0,0.0,0.0013331723,0.0062351064,0.0,0.017071784
0.0,0.0,0.0013331992,0.0030163361,0.0,0.019206617
0.0,0.0,0.0007561156,0.0046382467,0.0,0.010024555
0.0,0.0,0.0007229583,0.0036533521,0.0,0.023147786
0.0,0.0,0.00072184106,0.0026605201,0.0,0.0071467473
0.0,0.0,0.0007207256,0.0015896212,0.0,0.010344648
0.0,0.0,0.001833212,0.0031917666,0.0,0.019857734
0.0,0.0,0.003402138,0.0029592866,0.0,0.011059674
0.0,0.0,0.0033968803,0.0041297437,0.0,0.043905012
0.0,0.0,0.002166454,0.0045362823,0.0,0.01783836
0.0,0.0,0.008417726,0.0029191603,0.0,0.02296072
0.0,0.0,0.0056278915,0.0063048624,0.0,0.013855652
0.0,0.0,0.004141758,0.006265278,0.0,0.019821076
0.0,0.0,0.003332239,0.0039460836,0.0,0.013567061
0.0,0.0,0.0026824714,0.008696998,0.0,0.029651739
0.0,0.0,0.002121546,0.0070620687,0.0,0.0075844545
0.0,0.0,0.00432202,0.0072889496,0.0,0.022372762
0.0,0.0,0.0036365904,0.010539789,0.0,0.009610891
0.0,0.0,0.0014377317,0.00825387,0.0,0.015157645
0.0,0.0,0.0025596132,0.0067364024,0.0,0.018826956
0.0,0.0,0.0017724292,0.0086730365,0.0,0.016416559
0.0,0.0,0.0015155057,0.010411266,0.0,0.019992396
0.0,0.0,0.0023414404,0.011997639,0.0,0.022238174
0.0,0.0,0.0020754845,0.008557402,0.0,0.011759616
0.0,0.0,0.002072277,0.010355217,0.0,0.02190528
0.0,0.0,0.0019263963,0.014915724,0.0,0.018268194
0.0,0.0,0.0008445534,0.021710623,0.0,0.018560028
0.0,0.0,0.005719007,0.010533042,0.0,0.01769713
0.0,0.0,0.0025711758,0.021128796,0.0,0.022481035
0.0,0.0,0.008859889,0.016647652,0.0,0.011496363
0.0,0.0,0.0070891255,0.013748901,0.0,0.024688032
0.0,0.0,0.0062702075,0.010891054,0.0,0.008547094
0.0,0.0,0.0058897873,0.012318789,0.0,0.018792132
0.0,0.0,0.004609746,0.014762938,0.0,0.012587613
0.0,0.0,0.0031739243,0.019055778,0.0,0.03869215
0.0,0.0,0.0030604075,0.017890606,0.0,0.010325731
0.0,0.0,0.0011157813,0.014073161,0.0,0.022317508
0.0,0.0,0.004132483,0.025420474,0.0,0.012417177
0.0,0.0,0.0013862303,0.011233103,0.0,0.021462746
0.0,0.0,0.004181954,0.010159983,0.0,0.013140326
0.0,0.0,0.0015484416,0.011655699,0.0,0.025695166
0.0,0.0,0.007746403,0.024921998,0.0,0.009800667
0.0,0.0,0.0022916037,0.014899947,0.0,0.036660127
0.0,0.0,0.0027973703,0.016867148,0.0,0.008059336
0.0,0.0,0.0024811593,0.018789927,0.0,0.022241535
0.0,0.0,0.0039648884,0.0152621735,0.0,0.01090014
0.0,0.0,0.0016175472,0.012351175,0.0,0.022101017
0.0,0.0,0.0023480954,0.015966566,0.0,0.0076487763
0.0,0.0,0.0017675306,0.015016221,0.0,0.022051772
0.0,0.0,0.0017770233,0.0106746275,0.0,0.007651854
0.0,0.0,0.0010367924,0.005664766,0.0,0.009706684
0.0,0.0,0.0021560756,0.008154274,0.0,0.017174644
0.0,0.0,0.0019127685,0.003144762,0.0,0.005738974
0.0,0.0,0.0017196328,0.0032419472,0.0,0.013447085
0.0,0.0,0.0010792548,0.001749982,0.0,0.017062906
0.0,0.0,0.0030807348,0.0040764823,0.0,0.008591781
0.0,0.0,0.0022771722,0.0020714316,0.0,0.01045296
0.0,0.0,0.0015491173,0.005221309,0.0,0.02017602
0.0,0.0,0.0015467224,0.0040436042,0.0,0.0060826046
0.0,0.0,0.001431301,0.004501682,0.0,0.024143562
0.0,0.0,0.0016956462,0.0016114973,0.0,0.008672347
0.0,0.0,0.0007690985,0.0046644746,0.0,0.01274304
0.0,0.0,0.0007418595,0.002500143,0.0,0.019242633
0.0,0.0,0.00130792,0.004303163,0.0,0.0109215295
0.0,0.0,0.0010301413,0.0016348377,0.0,0.008179268
0.0,0.0,0.00090892985,0.0038220559,0.0,0.0058533284
0.0,0.0,0.001271724,0.0017239961,0.0,0.0071200104
0.0,0.0,0.0010093669,0.006323911,0.0,0.019303786
0.0,0.0,0.0019950955,0.0021910355,0.0,0.008196912
0.0,0.0,0.0017450895,0.003150206,0.0,0.006940971
0.0,0.0,0.0015464468,0.001042725,0.0,0.0062625194
0.0,0.0,0.0012864167,0.0023782114,0.0,0.0056294394
0.0,0.0,0.0012844278,0.0010023561,0.0,0.010387337
0.0,0.0,0.0011310846,0.0006146191,0.0,0.0044370713
0.0,0.0,0.0011033744,0.0020533511,0.0,0.004873551
0.0,0.0,0.00090204773,0.00055975775,0.0,0.0021274188
0.0,0.0,0.00090065313,0.000285773,0.0,0.0008597529
0.0,0.0,0.00089926075,0.00030031096,0.0,0.0005683487
0.0,0.0,0.00082865247,0.0020387645,0.0,0.0026882573
0.0,0.0,0.0008273714,0.00056698406,0.0,0.0012310278
0.0,0.0,0.0008206844,0.00070139254,0.0,0.001706929
0.0,0.0,0.00064486073,0.00068222353,0.0,0.0009515614
0.0,0.0,0.0049795564,0.0009610694,0.0,0.001074607
0.0,0.0,0.004971858,0.00044050146,0.0,0.00053175824
0.0,0.0,0.0041360506,0.00077962835,0.0,0.0013492805
0.0,0.0,0.0033385393,0.0004451086,0.0,0.0008116149
0.0,0.0,0.0028242562,0.0004751869,0.0,0.0012172407
0.0,0.0,0.0015049096,0.0005600969,0.0,0.00064855313
0.0,0.0,0.0037891483,0.00039376307,0.0,0.0006348969
0.0,0.0,0.003350858,0.0003536344,0.0,0.0008288058
0.0,0.0,0.0033456776,0.000413756,0.0,0.0006828566
0.0,0.0,0.0030475704,0.00022117328,0.0,0.00051652716
0.0,0.0,0.0014143572,0.00012431863,0.0,0.00062856334
0.0,0.0,0.0012518134,6.775068e-05,0.0,0.0004937637
0.0,0.0,0.0004896132,2.1071863e-05,0.0,0.00071631465
0.0,0.0,0.0004888562,9.389848e-06,0.0,0.00046239386
0.0,0.0,0.00023186713,3.2759401e-06,0.0,0.0005440851
0.0,0.0,0.00015041463,6.8605317e-07,0.0,0.00030040444
0.0,0.0,0.00010655962,2.0045886e-07,0.0,0.00017035182
0.0,0.0,0.000106394866,7.095797e-08,0.0,0.00019721095
0.0,0.0,0.00010623036,2.0943924e-08,0.0,0.00013960214
0.0,0.0,0.000106066116,8.346619e-09,0.0,7.012568e-05
