bulk_species_node [MG] at P @ dist64,bulk_species_node [MG] at P @ dist648,bulk_species_node [MG] at Chlorine @ dist64,bulk_species_node [MG] at Chlorine @ dist648,bulk_species_node [MG] at P @ dist356,bulk_species_node [MG] at Chlorine @ dist356,bulk_species_node [MG] at P @ dist399,bulk_species_node [MG] at Chlorine @ dist399,bulk_species_node [MG] at P @ dist420,bulk_species_node [MG] at Chlorine @ dist420,bulk_species_node [MG] at P @ dist485,bulk_species_node [MG] at Chlorine @ dist485,bulk_species_node [MG] at P @ dist606,bulk_species_node [MG] at Chlorine @ dist606,bulk_species_node [MG] at P @ dist1028,bulk_species_node [MG] at Chlorine @ dist1028,bulk_species_node [MG] at P @ dist1332,bulk_species_node [MG] at Chlorine @ dist1332,bulk_species_node [MG] at P @ dist1363,bulk_species_node [MG] at Chlorine @ dist1363,bulk_species_node [MG] at P @ dist1459,bulk_species_node [MG] at Chlorine @ dist1459,bulk_species_node [MG] at P @ dist1464,bulk_species_node [MG] at Chlorine @ dist1464,bulk_species_node [MG] at P @ dist1915,bulk_species_node [MG] at Chlorine @ dist1915
0.0,0.0,0.0,0.0,0.0,0.0,0.0,0.0,0.0,0.0,0.0,0.0,0.0,0.0,0.0,0.0,0.0,0.0,0.0,0.0,0.0,0.0,0.0,0.0,0.0,0.0
0.0,0.0,0.0,0.0,0.0,0.0,0.0,0.0,0.0,0.0,0.0,0.0,0.0,0.0,0.0,0.0,0.0,0.0,0.0,0.0,0.0,0.0,0.0,0.0,0.0,0.0
0.0,0.0,0.0,0.0,0.0,0.0,0.0,0.0,0.0,0.0,0.0,0.0,0.0,0.0,0.0,0.0,0.0,0.0,0.0,0.0,0.0,0.0,0.0,0.0,0.0,0.0
0.0,0.0,0.0,0.0,0.0,0.0,0.0,0.0,0.0,0.0,0.0,0.0,0.0,0.0,0.0,0.0,0.0,0.0,0.0,0.0,0.0,0.0,0.0,0.0,0.0,0.0
0.0,0.0,0.0,0.0,0.0,0.0,0.0,0.0,0.0,0.0,0.0,0.0,0.0,0.0,0.0,5.982824e-05,0.0,0.0,0.0,1.8944378e-05,0.0,4.9996497e-06,0.0,2.2717122e-06,0.0,0.0
0.0,0.0,0.0,0.0,0.0,0.0,0.0,0.0,0.0,0.0,0.0,0.0,0.0,0.0,0.0,5.882326e-05,0.0,0.0,0.0,3.0989784e-05,0.0,9.255102e-06,0.0,4.3025675e-06,0.0,0.0
0.0,0.0,0.0,0.0,0.0,0.0,0.0,0.0,0.0,0.0,0.0,0.0,0.0,0.0,0.0,5.9159043e-05,0.0,2.336991e-09,0.0,3.0701078e-05,0.0,9.354097e-06,0.0,4.523259e-06,0.0,0.0
0.0,0.0,0.0,0.0,0.0,0.0,0.0,0.0,0.0,0.0,0.0,0.0,0.0,0.0,0.0,6.0335813e-05,0.0,1.9759565e-08,0.0,2.8202157e-05,0.0,7.941198e-06,0.0,3.6797596e-06,0.0,0.0
0.0,0.0,0.0,0.0,0.0,0.0,0.0,0.0,0.0,0.0,0.0,0.0,0.0,1.7167533e-08,0.0,6.189732e-05,0.0,2.788345e-08,0.0,2.7139677e-05,0.0,7.136471e-06,0.0,3.1451732e-06,0.0,0.0
0.0,0.0,0.0,0.0,0.0,0.0,0.0,0.0,0.0,0.0,0.0,0.0,0.0,2.7555097e-07,0.0,6.471657e-05,0.0,5.1255526e-08,0.0,2.6436948e-05,0.0,7.1537443e-06,0.0,3.1980999e-06,0.0,0.0
0.0,0.0,0.0,0.0,0.0,0.0,0.0,0.0,0.0,0.0,0.0,0.0,0.0,4.0315794e-07,0.0,6.385641e-05,0.0,4.9819263e-08,0.0,2.5723915e-05,0.0,6.689962e-06,0.0,2.9297726e-06,0.0,0.0
0.0,0.0,0.0,0.0,0.0,4.1731287e-06,0.0,1.2902328e-10,0.0,0.0,0.0,7.386871e-08,0.0,4.1616357e-07,0.0,6.334759e-05,0.0,3.9834283e-08,0.0,2.5450017e-05,0.0,6.589237e-06,0.0,2.8581876e-06,0.0,0.0
0.0,0.0,0.0,0.0,0.0,4.7131275e-06,0.0,3.111798e-10,0.0,0.0,0.0,1.1724713e-07,0.0,3.788791e-07,0.0,6.240253e-05,0.0,3.0725936e-08,0.0,2.4911988e-05,0.0,6.5261397e-06,0.0,2.6991793e-06,0.0,0.0
0.0,0.0,0.0,0.0,0.0,4.5612e-06,0.0,3.977821e-10,0.0,0.0,0.0,1.4388904e-07,0.0,3.6836792e-07,0.0,6.0202354e-05,0.0,2.9906495e-08,0.0,2.7184458e-05,0.0,7.464197e-06,0.0,3.1897364e-06,0.0,5.4347752e-11
0.0,0.0,0.0,0.0,0.0,4.2434344e-06,0.0,2.1724532e-10,0.0,0.0,0.0,1.3763339e-07,0.0,3.1273703e-07,0.0,6.1037856e-05,0.0,2.8196766e-08,0.0,2.5388405e-05,0.0,6.4675364e-06,0.0,2.6539783e-06,0.0,5.2622066e-11
0.0,0.0,0.0,0.0,0.0,4.2807887e-06,0.0,3.180597e-10,0.0,0.0,0.0,1.4435393e-07,0.0,2.4288522e-07,0.0,6.312283e-05,0.0,2.246492e-08,0.0,2.3120701e-05,0.0,5.2022488e-06,0.0,2.0214468e-06,0.0,3.1599324e-11
0.0,0.0,0.0,0.0,0.0,3.89521e-06,0.0,1.5919405e-10,0.0,0.0,0.0,1.024343e-07,0.0,1.5981597e-07,0.0,6.3282154e-05,0.0,1.5967727e-08,0.0,2.1759508e-05,0.0,4.65695e-06,0.0,1.7181125e-06,0.0,2.4732475e-11
0.0,0.0,0.0,0.0,0.0,3.5619514e-06,0.0,9.2447335e-11,0.0,0.0,0.0,8.787862e-08,0.0,1.4642391e-07,0.0,6.331604e-05,0.0,1.1431128e-08,0.0,2.063366e-05,0.0,4.1522894e-06,0.0,1.5142285e-06,0.0,1.7376163e-11
0.0,0.0,0.0,0.0,0.0,3.7089605e-06,0.0,2.435563e-10,0.0,0.0,0.0,1.0198e-07,0.0,1.5866004e-07,0.0,6.3485175e-05,0.0,9.730972e-09,0.0,2.163721e-05,0.0,4.803573e-06,0.0,1.806848e-06,0.0,6.0690177e-12
0.0,0.0,0.0,0.0,0.0,4.069596e-06,0.0,1.7283885e-10,0.0,0.0,0.0,1.0151568e-07,0.0,1.7436052e-07,0.0,6.541073e-05,0.0,1.0577783e-08,0.0,2.048576e-05,0.0,4.701876e-06,0.0,1.7243216e-06,0.0,1.6443526e-12
0.0,0.0,0.0,0.0,0.0,3.5176702e-06,0.0,1.4872459e-10,0.0,0.0,0.0,7.286966e-08,0.0,1.2895516e-07,0.0,6.3629675e-05,0.0,7.582566e-09,0.0,1.9880072e-05,0.0,4.2258075e-06,0.0,1.4737836e-06,0.0,5.5681267e-12
0.0,0.0,0.0,0.0,0.0,3.5179276e-06,0.0,1.8686014e-10,0.0,0.0,0.0,7.494158e-08,0.0,1.2142262e-07,0.0,6.5165106e-05,0.0,7.2397746e-09,0.0,1.918887e-05,0.0,3.977196e-06,0.0,1.3935405e-06,0.0,6.5621506e-12
0.0,0.0,8.495682e-12,0.0,0.0,3.6922934e-06,0.0,9.211586e-10,0.0,0.0,0.0,7.673174e-08,0.0,1.2732282e-07,0.0,6.346807e-05,0.0,8.038597e-09,0.0,2.2820515e-05,0.0,5.383082e-06,0.0,2.01368e-06,0.0,8.4240176e-12
0.0,0.0,2.1679077e-11,0.0,0.0,4.591173e-06,0.0,4.865446e-10,0.0,0.0,0.0,1.1565075e-07,0.0,2.1699768e-07,0.0,6.6052955e-05,0.0,1.4949684e-08,0.0,2.3709226e-05,0.0,5.3379613e-06,0.0,2.0517698e-06,0.0,1.1550086e-11
0.0,0.0,2.1679077e-11,0.0,0.0,3.6813053e-06,0.0,3.551543e-10,0.0,3.7849502e-06,0.0,8.5494065e-08,0.0,1.6322821e-07,0.0,6.347157e-05,0.0,1.08193845e-08,0.0,2.1051537e-05,0.0,4.313071e-06,0.0,1.5453024e-06,0.0,5.8073277e-12
0.0,0.0,2.0791313e-11,0.0,0.0,3.2315775e-06,0.0,1.6042814e-10,0.0,1.4858387e-05,0.0,6.4322904e-08,0.0,1.1075909e-07,0.0,6.314459e-05,0.0,6.9955526e-09,0.0,1.9596644e-05,0.0,3.9936986e-06,0.0,1.3648453e-06,0.0,3.9601313e-12
0.0,0.0,2.2304873e-11,0.0,0.0,3.289796e-06,0.0,1.00350436e-10,0.0,1.4245925e-05,0.0,5.428741e-08,0.0,1.044515e-07,0.0,6.3252715e-05,0.0,5.578856e-09,0.0,2.0526273e-05,0.0,4.262385e-06,0.0,1.3745806e-06,0.0,5.6972357e-12
0.0,0.0,2.2304873e-11,2.1311604e-17,0.0,3.6925821e-06,0.0,1.04163504e-10,0.0,3.1348234e-05,0.0,6.575708e-08,0.0,1.4208729e-07,0.0,6.257212e-05,0.0,7.3754833e-09,0.0,2.365824e-05,0.0,5.9280933e-06,0.0,2.1547048e-06,0.0,1.4813443e-09
0.0,0.0,2.2304873e-11,0.0,0.0,3.4205632e-06,0.0,1.2755699e-10,0.0,2.5388805e-05,0.0,6.885428e-08,0.0,1.1809781e-07,0.0,6.211277e-05,0.0,7.198551e-09,0.0,2.1742455e-05,0.0,4.9091914e-06,0.0,1.7983755e-06,0.0,1.5924592e-09
0.0,0.0,2.2304873e-11,0.0,0.0,3.5005673e-06,0.0,6.604466e-11,0.0,2.3838209e-05,0.0,7.31185e-08,0.0,1.2569282e-07,0.0,6.268795e-05,0.0,8.0964355e-09,0.0,2.1378662e-05,0.0,4.9005057e-06,0.0,1.8174619e-06,0.0,1.5271535e-09
0.0,0.0,2.316527e-11,0.0,0.0,3.4290633e-06,0.0,4.5689976e-13,0.0,1.7924423e-05,0.0,4.7574797e-08,0.0,1.0965107e-07,0.0,6.438392e-05,0.0,7.88164e-09,0.0,2.0060774e-05,0.0,4.3040795e-06,0.0,1.5572333e-06,0.0,1.4122571e-09
0.0,0.0,2.316527e-11,0.0,0.0,3.248298e-06,0.0,1.16861356e-11,0.0,6.852215e-06,0.0,4.5419302e-08,0.0,8.725601e-08,0.0,6.571748e-05,0.0,6.016198e-09,0.0,1.8166484e-05,0.0,3.6248023e-06,0.0,1.2341769e-06,0.0,1.0597003e-09
0.0,0.0,2.316527e-11,0.0,0.0,2.8171141e-06,0.0,2.0271583e-13,0.0,1.1640494e-05,0.0,3.531459e-08,0.0,6.800186e-08,0.0,6.184037e-05,0.0,4.5414636e-09,0.0,1.9872705e-05,0.0,4.3803548e-06,0.0,1.4995865e-06,0.0,1.057327e-09
0.0,0.0,2.316527e-11,0.0,0.0,2.6315977e-06,0.0,1.2378661e-13,0.0,1.3742739e-05,0.0,2.9093995e-08,0.0,6.180389e-08,0.0,6.16002e-05,0.0,3.5103955e-09,0.0,1.9246452e-05,0.0,4.0107757e-06,0.0,1.33655e-06,0.0,7.8819534e-10
0.0,0.0,2.124454e-11,1.0055542e-17,0.0,2.9917032e-06,0.0,8.044651e-12,0.0,6.6646453e-06,0.0,3.6627245e-08,0.0,7.158019e-08,0.0,6.29633e-05,0.0,3.721419e-09,0.0,2.0076206e-05,0.0,4.2992265e-06,0.0,1.4560161e-06,0.0,1.1024325e-09
0.0,0.0,1.9568994e-11,1.5300704e-16,0.0,2.916493e-06,0.0,8.679723e-11,0.0,5.6279114e-06,0.0,5.1648357e-08,0.0,7.852343e-08,0.0,6.2025094e-05,0.0,3.2074576e-09,0.0,1.9633746e-05,0.0,4.284163e-06,0.0,1.4240165e-06,0.0,1.0324461e-09
0.0,0.0,1.9568994e-11,0.0,0.0,3.06201e-06,0.0,3.8053016e-11,0.0,1.3500225e-05,0.0,5.4206325e-08,0.0,9.04492e-08,0.0,6.1866835e-05,0.0,3.0262186e-09,0.0,2.0881667e-05,0.0,4.7403146e-06,0.0,1.6963515e-06,0.0,1.1796999e-09
0.0,0.0,1.7924886e-11,4.685781e-18,0.0,3.3422052e-06,0.0,4.5629535e-11,0.0,1.6706324e-05,0.0,5.857062e-08,0.0,1.0410935e-07,0.0,6.3358806e-05,0.0,5.308465e-09,0.0,2.113264e-05,0.0,4.6958876e-06,0.0,1.7132941e-06,0.0,1.5051084e-09
0.0,0.0,1.7924886e-11,0.0,0.0,3.1089314e-06,0.0,5.377756e-11,0.0,1.3259867e-05,0.0,5.194068e-08,0.0,8.180686e-08,0.0,6.3043335e-05,0.0,5.1314504e-09,0.0,1.9721285e-05,0.0,4.0545137e-06,0.0,1.4215876e-06,0.0,1.1893967e-09
0.0,0.0,1.7924886e-11,2.046705e-18,0.0,3.7109605e-06,0.0,1.8543844e-10,0.0,1.5844122e-05,0.0,8.6978744e-08,0.0,1.2362419e-07,0.0,6.5092674e-05,0.0,7.6057844e-09,0.0,2.0796726e-05,0.0,4.76649e-06,0.0,1.703906e-06,0.0,1.6562123e-09
0.0,0.0,1.7924886e-11,6.020898999999999e-19,0.0,4.103482e-06,0.0,2.9898073e-10,0.0,1.9418858e-05,0.0,1.1033127e-07,0.0,1.8164174e-07,0.0,6.484952e-05,0.0,1.0078398e-08,0.0,2.1534273e-05,0.0,4.9778773e-06,0.0,1.8094695e-06,0.0,1.8781472e-09
0.0,0.0,1.7924886e-11,4.109416e-19,0.0,4.3281702e-06,0.0,4.0348577e-10,0.0,2.257666e-05,0.0,1.2073676e-07,0.0,2.3334206e-07,0.0,6.302242e-05,0.0,1.5483371e-08,0.0,2.405358e-05,0.0,5.963887e-06,0.0,2.2956879e-06,0.0,2.993571e-09
0.0,0.0,1.7924886e-11,9.4717705e-20,0.0,3.833194e-06,0.0,3.9818135e-10,0.0,2.8082417e-05,0.0,1.1596361e-07,0.0,2.0020973e-07,0.0,6.0380797e-05,0.0,1.5663696e-08,0.0,2.4856254e-05,0.0,6.4569213e-06,0.0,2.5602149e-06,0.0,3.7000851e-09
0.0,0.0,1.7924886e-11,0.0,0.0,3.1356021e-06,0.0,2.8764593e-10,0.0,3.6861213e-05,0.0,8.706327e-08,0.0,1.4861246e-07,0.0,5.234518e-05,0.0,1.1108828e-08,0.0,2.0887712e-05,0.0,5.1710417e-06,0.0,2.0284774e-06,0.0,2.8941467e-09
0.0,0.0,1.7924886e-11,0.0,0.0,1.3910575e-06,0.0,1.3034114e-10,0.0,2.3368153e-05,0.0,4.7370825e-08,0.0,8.559453e-08,0.0,1.36229e-05,0.0,6.1162417e-09,0.0,1.4993794e-05,0.0,3.7540938e-06,0.0,1.5033943e-06,0.0,2.418973e-09
0.0,0.0,1.7924886e-11,0.0,0.0,5.349922e-07,0.0,6.440887e-11,0.0,1.9070403e-05,0.0,2.6915465e-08,0.0,5.7615903e-08,0.0,3.4809073e-06,0.0,4.625233e-09,0.0,4.774797e-06,0.0,1.5159942e-06,0.0,7.0296085e-07,0.0,1.6159986e-09
0.0,0.0,1.7924886e-11,0.0,0.0,1.8216137e-07,0.0,7.579766e-11,0.0,1.4660229e-05,0.0,1.5385039e-08,0.0,3.0265376e-08,0.0,8.8513167e-07,0.0,3.7818833e-09,0.0,1.3475764e-06,0.0,4.756185e-07,0.0,2.3942889e-07,0.0,7.208149e-10
0.0,0.0,1.7924886e-11,0.0,0.0,5.8511425e-08,0.0,3.614365e-11,0.0,1.8975757e-05,0.0,7.4007156e-09,0.0,1.6925142e-08,0.0,2.173972e-07,0.0,2.9052263e-09,0.0,3.7684666e-07,0.0,2.9905627e-07,0.0,1.3586433e-07,0.0,4.2009704e-10
0.0,0.0,1.7924886e-11,0.0,0.0,1.0787107e-07,0.0,1.6013725e-11,0.0,2.3162895e-05,0.0,4.3083483e-09,0.0,1.2290227e-08,0.0,1.902864e-06,0.0,1.5522905e-09,0.0,1.1244635e-07,0.0,6.2094855e-08,0.0,3.8474926e-08,0.0,2.0616829e-10
0.0,0.0,1.7924886e-11,4.6656696e-17,0.0,3.303753e-08,0.0,2.3114675e-11,0.0,3.3346245e-05,0.0,3.283109e-09,0.0,9.654552e-09,0.0,1.7091601e-06,0.0,1.221454e-09,0.0,3.4114802e-07,0.0,1.0256088e-07,0.0,4.5341228e-08,0.0,1.515854e-10
0.0,0.0,1.7924886e-11,0.0,0.0,8.466135e-09,0.0,2.7525222e-11,0.0,3.183848e-05,0.0,2.268595e-09,0.0,6.9604313e-09,0.0,2.3801194e-06,0.0,1.0238533e-09,0.0,4.199124e-07,0.0,7.102899e-08,0.0,3.3077487e-08,0.0,1.1408372e-10
0.0,0.0,1.5869453e-11,3.430759e-16,0.0,2.11825e-09,0.0,8.670513e-12,0.0,2.30863e-05,0.0,9.791402e-10,0.0,3.755965e-09,0.0,2.0339462e-06,0.0,6.2289984e-10,0.0,3.3429052e-07,0.0,1.299821e-08,0.0,8.5798355e-09,0.0,4.887161e-11
0.0,0.0,6.9103707e-12,2.321773e-16,0.0,5.3720406e-10,0.0,1.2723217e-11,0.0,2.0563344e-05,0.0,4.1181514e-10,0.0,1.9208177e-09,0.0,3.503693e-06,0.0,3.416711e-10,0.0,5.280596e-07,0.0,7.801095e-09,0.0,3.8624353e-09,0.0,2.0444691e-11
0.0,0.0,5.5450345e-12,1.4971624e-08,0.0,1.3615581e-10,0.0,8.537428e-12,0.0,2.207728e-05,0.0,1.6918095e-10,0.0,8.8439556e-10,0.0,1.9591143e-06,0.0,1.8354554e-10,0.0,2.2959321e-07,0.0,1.1861107e-08,0.0,6.962224e-10,0.0,7.930273e-12
0.0,0.0,5.5450345e-12,1.7746055e-08,0.0,3.4081956e-11,0.0,2.8069858e-12,0.0,2.3252107e-05,0.0,7.4570065e-11,0.0,3.9262563e-10,0.0,3.1416928e-06,0.0,1.5223034e-10,0.0,5.034535e-07,0.0,1.5413036e-08,0.0,4.073617e-09,0.0,9.383646e-12
0.0,0.0,2.879186e-12,1.394218e-08,0.0,8.3615155e-12,0.0,3.5871127e-13,0.0,2.2032662e-05,0.0,2.8505543e-11,0.0,1.5222422e-10,0.0,2.117544e-06,0.0,1.924766e-10,0.0,4.069803e-07,0.0,1.9752207e-08,0.0,1.6210338e-09,0.0,5.1538504e-12
0.0,0.0,2.109706e-12,1.0713652e-08,0.0,2.0385648e-12,0.0,1.0996218e-13,0.0,3.1012765e-05,0.0,1.1440824e-11,0.0,6.5435546e-11,0.0,6.220539e-06,0.0,2.6293456e-10,0.0,1.1061833e-06,0.0,1.2222034e-07,0.0,4.7787328e-08,0.0,2.3438515e-12
0.0,0.0,1.0307471e-12,8.3288214e-08,0.0,4.8974247e-13,0.0,8.23816e-14,0.0,3.2423948e-05,0.0,5.360008e-12,0.0,2.7660384e-11,0.0,8.568933e-06,0.0,4.8673227e-10,0.0,1.9824527e-06,0.0,3.8322796e-08,0.0,1.1747366e-08,0.0,1.116794e-12
0.0,0.0,6.9770226e-13,8.1548905e-08,0.0,3.6197469e-12,0.0,3.980948e-14,0.0,2.7720735e-05,0.0,2.3866846e-12,0.0,1.2361902e-11,0.0,6.302065e-06,0.0,8.284741e-10,0.0,9.887661e-07,0.0,2.7099148e-07,0.0,6.194867e-09,0.0,4.4254804e-13
0.0,0.0,6.1553936e-13,5.0282093e-08,0.0,3.687311e-12,0.0,1.4877819e-14,0.0,2.3770868e-05,0.0,1.1176163e-12,0.0,5.218876e-12,0.0,5.2671853e-06,0.0,7.5395545e-10,0.0,3.6490537e-06,0.0,6.8594595e-08,0.0,4.4793346e-08,0.0,5.0469286e-13
0.0,0.0,5.430294e-13,6.2348676e-08,0.0,1.2285304e-11,0.0,9.310935e-15,0.0,3.49334e-05,0.0,5.2570486e-13,0.0,2.5433195e-12,0.0,1.2196268e-05,0.0,7.012553e-10,0.0,1.2339433e-06,0.0,1.2892792e-07,0.0,1.0166311e-08,0.0,1.3395602e-13
0.0,0.0,4.790524e-13,3.608628e-08,0.0,2.7914617e-11,0.0,5.9347664e-15,0.0,4.2489e-05,0.0,2.9745003e-13,0.0,1.281661e-12,0.0,5.9504237e-06,0.0,5.118046e-10,0.0,3.958749e-06,0.0,5.464466e-07,0.0,1.8546146e-08,0.0,3.7902617e-14
0.0,0.0,2.6284495e-13,4.0025444e-08,0.0,1.7976691e-11,0.0,3.9271344e-15,0.0,4.2721145e-05,0.0,3.1321592e-13,0.0,6.8950626e-12,0.0,5.605695e-06,0.0,5.9520167e-10,0.0,3.5535757e-06,0.0,1.4267177e-07,0.0,1.1196806e-07,0.0,1.1014439e-14
0.0,0.0,2.6284495e-13,6.6921594e-08,0.0,1.9017489e-10,0.0,9.235918e-16,0.0,4.442287e-05,0.0,1.0769274e-13,0.0,9.0053756e-11,0.0,1.5180767e-05,0.0,7.5608575e-10,0.0,4.161324e-06,0.0,7.223501e-07,0.0,5.8127267e-08,0.0,3.1708615e-15
0.0,0.0,2.6284495e-13,7.9025696e-08,0.0,1.8966703e-10,0.0,8.087962e-16,0.0,3.29626e-05,0.0,2.7856694e-14,0.0,1.7315836e-10,0.0,5.0898466e-06,0.0,1.0054788e-09,0.0,7.493208e-06,0.0,1.3495675e-07,0.0,1.3040324e-07,0.0,9.754172e-16
0.0,0.0,2.6284495e-13,6.682962e-08,0.0,3.1171435e-10,0.0,4.452824700000002e-16,0.0,4.6519548e-05,0.0,8.524107e-13,0.0,5.0775345e-10,0.0,7.6252104e-06,0.0,1.3233238e-09,0.0,7.200537e-06,0.0,7.3730354e-07,0.0,1.8492922e-07,0.0,3.3135823e-16
0.0,0.0,1.2605463e-13,8.789344e-08,0.0,7.250254e-10,0.0,2.0809418e-16,0.0,6.1690145e-05,0.0,8.123286e-13,0.0,3.6971284e-09,0.0,1.2247522e-05,0.0,1.6556748e-09,0.0,6.392346e-06,0.0,1.3302307e-06,0.0,4.0397873e-07,0.0,1.1414656000000002e-16
0.0,0.0,3.39462e-14,4.6370403e-08,0.0,6.064064e-10,0.0,9.024652e-17,0.0,5.0509378e-05,0.0,9.551491e-12,0.0,4.501332e-09,0.0,1.1771291e-05,0.0,2.8341525e-09,0.0,7.80791e-06,0.0,3.7046036e-07,0.0,3.09456e-07,0.0,4.3375485e-17
0.0,0.0,1.4957978e-14,3.1400646e-08,0.0,6.2718103e-10,0.0,6.710492000000001e-17,0.0,4.1910072e-05,0.0,1.7588601e-12,0.0,6.063104e-09,0.0,1.0882797e-05,0.0,3.7579424e-09,0.0,7.382339e-06,0.0,4.9277315e-07,0.0,1.270685e-07,0.0,1.5587856e-17
0.0,0.0,8.75606e-15,6.2259616e-08,0.0,2.287135e-09,0.0,2.4084316e-17,0.0,6.0683076e-05,0.0,2.5647168e-11,0.0,1.2485451e-08,0.0,1.037357e-05,0.0,2.501882e-09,0.0,6.932488e-06,0.0,5.0623333e-07,0.0,1.7460748e-07,0.0,5.5753173e-18
0.0,0.0,3.943416e-15,1.9003134e-07,0.0,1.8830713e-09,0.0,7.939765e-18,0.0,5.7103025e-05,0.0,1.2801549e-11,0.0,1.4047511e-08,0.0,1.2135955e-05,0.0,2.2284787e-09,0.0,7.4131062e-06,0.0,6.2757334e-07,0.0,2.2737252e-07,0.0,6.4495123e-18
0.0,0.0,3.4787779e-15,2.9069332e-07,0.0,3.271084e-09,0.0,1.12278436e-17,0.0,6.8221234e-05,0.0,1.6195082e-11,0.0,2.9960404e-08,0.0,1.3689977e-05,0.0,4.643768e-09,0.0,9.071919e-06,0.0,7.71105e-07,0.0,3.007707e-07,0.0,2.590901e-18
0.0,0.0,6.688611500000002e-16,3.9592766e-07,0.0,9.097427e-09,0.0,2.8623555e-18,0.0,7.168964e-05,0.0,5.5395244e-11,0.0,3.7467892e-08,0.0,3.4272056e-05,0.0,6.8715815e-09,0.0,1.1656454e-05,0.0,1.4592131e-06,0.0,6.265722e-07,0.0,8.8991505e-17
0.0,0.0,1.0200939e-16,5.163173e-07,0.0,3.786441e-09,0.0,3.0236466e-17,0.0,8.5248226e-05,0.0,1.6649583e-10,0.0,8.060961e-08,0.0,1.5619726e-05,0.0,1.2229111e-08,0.0,1.5525837e-05,0.0,2.4752082e-06,0.0,1.1853132e-06,0.0,2.2605644e-16
0.0,0.0,2.4731605e-17,6.994459e-07,0.0,1.25694175e-08,0.0,2.7155336e-15,0.0,0.000117950774,0.0,4.9632265e-10,0.0,2.509655e-07,0.0,4.3652664e-05,0.0,1.3751234e-08,0.0,2.7946546e-05,0.0,5.9605145e-06,0.0,2.7971532e-06,0.0,1.4095815e-15
0.0,0.0,1.9762632e-17,6.23141e-07,0.0,2.141137e-08,0.0,6.892235e-15,0.0,0.00012400287,0.0,5.936304e-10,0.0,2.3404301e-07,0.0,1.3851775e-05,0.0,2.8020688e-08,0.0,2.064482e-05,0.0,4.6711575e-06,0.0,2.6913713e-06,0.0,2.2799416e-13
0.0,0.0,1.424706e-17,4.7850574e-07,0.0,1.0249964e-07,0.0,6.093377e-14,0.0,0.00011514405,0.0,1.0196588e-09,0.0,5.296779e-07,0.0,1.8199737e-05,0.0,4.118511e-08,0.0,1.5844038e-05,0.0,4.5910942e-06,0.0,2.403403e-06,0.0,4.3140076e-13
0.0,0.0,5.6550306e-18,5.076015e-07,0.0,2.823149e-08,0.0,2.9390983e-14,0.0,0.00011379711,0.0,1.3887137e-09,0.0,8.4575737e-07,0.0,5.3144242e-05,0.0,6.084043e-08,0.0,2.7380698e-05,0.0,5.1659304e-06,0.0,3.519986e-06,0.0,5.5877416e-13
0.0,0.0,2.4895688e-18,4.2898304e-07,0.0,1.15777674e-07,0.0,1.3070294e-13,0.0,8.869066e-05,0.0,5.18896e-09,0.0,1.3290914e-06,0.0,1.7099888e-05,0.0,9.865569e-08,0.0,2.3278213e-05,0.0,4.5269785e-06,0.0,2.1058147e-06,0.0,1.0755045e-12
0.0,0.0,8.204177e-19,4.5502625e-07,0.0,2.8846445e-08,0.0,1.062078e-13,0.0,9.076502e-05,0.0,5.253102e-09,0.0,1.0791683e-06,0.0,6.3584164e-05,0.0,1.758716e-07,0.0,3.2027852e-05,0.0,1.4019002e-05,0.0,6.636909e-06,0.0,1.7611877e-12
0.0,0.0,3.0419805e-19,7.48535e-07,0.0,3.4963513e-08,0.0,3.0957038e-13,0.0,0.000108904074,0.0,8.807433e-09,0.0,1.4145726e-06,0.0,2.0237685e-05,0.0,2.68321e-07,0.0,3.107255e-05,0.0,5.9068484e-06,0.0,4.725338e-06,0.0,2.7596115e-12
0.0,0.0,8.041507e-20,5.6963677e-07,0.0,1.3077478e-07,0.0,3.165626e-12,0.0,0.00011244295,0.0,1.1113861e-08,0.0,9.4212226e-07,0.0,0.000111605295,0.0,3.0310542e-07,0.0,6.728073e-05,0.0,1.897821e-05,0.0,9.529092e-06,0.0,8.72113e-12
0.0,0.0,4.1080241999999997e-20,6.292887e-07,0.0,9.316824e-08,0.0,1.6222261e-12,0.0,0.00011118752,0.0,4.9591673e-09,0.0,1.3289076e-06,0.0,3.2004707e-05,0.0,2.8428883e-07,0.0,5.277418e-05,0.0,1.534397e-05,0.0,8.938851e-06,0.0,2.3848042e-11
0.0,0.0,1.28773474e-20,1.1136269e-06,0.0,1.7081194e-07,0.0,2.9684775e-12,0.0,0.00015306988,0.0,1.5074827e-08,0.0,2.8824466e-06,0.0,0.00023980485,0.0,3.637947e-07,0.0,0.00015477023,0.0,4.8707883e-05,0.0,3.3630058e-05,0.0,6.62725e-11
0.0,0.0,7.010144999999999e-21,9.967454e-07,0.0,3.7847445e-07,0.0,3.553419e-11,0.0,0.00017790079,0.0,1.8935111e-08,0.0,2.0409857e-06,0.0,6.448076e-05,0.0,7.0203254e-07,0.0,0.0001222536,0.0,3.432894e-05,0.0,2.0959416e-05,0.0,1.6595768e-10
0.0,0.0,3.687235e-21,5.0876514e-07,0.0,2.8353014e-07,0.0,9.180772e-11,0.0,0.00013405792,0.0,5.251148e-08,0.0,5.046232e-06,0.0,0.0002984754,0.0,8.5330794e-07,0.0,0.00021787625,0.0,6.028445e-05,0.0,4.251197e-05,0.0,2.3023142e-10
0.0,0.0,7.198883600000001e-22,2.805282e-07,0.0,1.200725e-06,0.0,3.352463e-11,0.0,0.00013540228,0.0,4.9811455e-08,0.0,3.8112798e-06,0.0,7.024516e-05,0.0,1.2351923e-06,0.0,0.0001809757,0.0,3.7636866e-05,0.0,2.2525293e-05,0.0,5.782076e-10
0.0,0.0,5.779956000000002e-22,1.3258011e-07,0.0,5.959966e-07,0.0,1.2436221e-10,0.0,0.000101328966,0.0,4.3923826e-08,0.0,1.3238834e-05,0.0,0.0004947957,0.0,1.2243247e-06,0.0,0.00038601996,0.0,9.4445524e-05,0.0,6.588987e-05,0.0,5.0951326e-10
0.0,0.0,1.8506124e-22,4.6217444e-08,0.0,1.4836991e-06,0.0,6.1304967e-10,0.0,0.00011119267,0.0,2.1682713e-07,0.0,1.37335255e-05,0.0,0.00012720324,0.0,3.191087e-06,0.0,0.0005731136,0.0,6.632339e-05,0.0,4.1050644e-05,0.0,2.2445676e-09
0.0,0.0,1.3035071000000002e-22,1.2716477e-08,0.0,6.8683534e-07,0.0,6.9971373e-10,0.0,4.7132184e-05,0.0,2.2179104e-07,0.0,2.4627812e-05,0.0,0.0010128261,0.0,5.0292097e-06,0.0,0.0015768765,0.0,0.00021811649,0.0,0.00015342,0.0,4.1998542e-09
0.0,0.0,4.0955916e-23,5.445795e-09,0.0,3.5335681e-06,0.0,1.0193076e-09,0.0,1.8420887e-05,0.0,2.4924145e-07,0.0,2.330118e-05,0.0,0.0010305806,0.0,5.8689207e-06,0.0,0.0048791673,0.0,0.00042503906,0.0,0.0002536858,0.0,3.4328849e-09
0.0,0.0,2.5377662e-23,1.6631929e-09,0.0,1.2022278e-06,0.0,8.130841e-10,0.0,6.995214e-06,0.0,2.759954e-07,0.0,6.491672e-05,0.0,0.00022269685,0.0,8.632459e-06,0.0,0.23480552,0.0,0.00011845303,0.0,0.00010451955,0.0,1.8418094e-08
0.0,0.0,4.5528914e-24,4.5478094e-10,0.0,2.7901513e-05,0.0,3.1215552e-09,0.0,3.2723092e-06,0.0,5.8309723e-07,0.0,0.00017825273,0.0,0.001239696,0.0,1.1179822e-05,0.0,0.17608753,0.0,0.00034427943,0.0,0.00024358061,0.0,2.526161e-08
0.0,0.0,1.3426992e-24,1.2918541e-10,0.0,7.859607e-06,0.0,5.594067e-09,0.0,1.2354767e-06,0.0,1.0332082e-06,0.0,0.008054745,0.0,0.0018570281,0.0,1.691519e-05,0.0,0.06924238,0.0,0.0007691648,0.0,0.00045621212,0.0,4.4679563e-08
0.0,0.0,5.4264414999999985e-25,4.5361905e-11,0.0,1.7504804e-06,0.0,2.9739573e-09,0.0,0.0076990263,0.0,2.2119245e-06,0.0,0.67413086,0.0,0.0004020425,0.0,5.515309e-05,0.0,0.04686904,0.0,0.056524664,0.0,0.039285533,0.0,4.452623e-08
0.0,0.0,1.2525012e-25,1.7241606e-11,0.0,4.058581e-05,0.0,3.4036043e-09,0.0,0.016728712,0.0,2.3769774e-06,0.0,0.25952774,0.0,0.0013673428,0.0,8.132513e-05,0.0,0.022183197,0.0,0.06527033,0.0,0.047249638,0.0,2.4264563e-07
0.0,0.0,1.1075588999999998e-25,6.188232e-12,0.0,1.3420735e-05,0.0,1.0298157e-08,0.0,0.024230892,0.0,0.041297235,0.0,0.2317645,0.0,0.00033269083,0.0,0.0020029824,0.0,0.15615168,0.0,0.061745808,0.0,0.038445078,0.0,2.072163e-07
0.0,0.0,4.7456116e-26,1.7047902e-12,0.0,3.0133172e-06,0.0,2.298034e-08,0.0,0.13307813,0.0,0.07507456,0.0,0.03762102,0.0,0.0024244078,0.0,0.1400157,0.0,0.11846554,0.0,0.030927714,0.0,0.026581395,0.0,3.547787e-07
0.0,0.0,3.6711137e-26,6.4497566e-13,0.0,1.085402e-05,0.0,3.426292e-08,0.0,0.06138778,0.0,0.10235272,0.0,0.050772298,0.0,0.0013513229,0.0,0.17896283,0.0,0.09178217,0.0,0.005027684,0.0,0.0048969667,0.0,3.0180266e-07
0.0,0.0,1.9787203e-26,8.1488456e-13,0.0,3.2477171e-06,0.0,6.096619e-08,0.0,0.010738182,0.0,0.084165744,0.0,0.01686817,0.0,0.00032931392,0.0,0.13014609,0.0,0.1916879,0.0,0.0038692735,0.0,0.002957421,0.0,0.01977207
0.0,0.0,1.7497383e-26,1.7308569e-12,0.0,3.9076258e-05,0.0,7.03601e-08,0.0,0.017528955,0.0,0.028303444,0.0,0.21924824,0.0,0.0027077908,0.0,0.10983043,0.0,0.1562842,0.0,0.028264537,0.0,0.019446943,0.0,0.009349567
0.0,0.0,1.7497379e-26,5.5241234e-13,0.0,1.1723578e-05,0.0,3.455692e-08,0.0,0.013067638,0.0,0.0016086244,0.0,0.25431094,0.0,0.0014338649,0.0,0.16516097,0.0,0.0027267844,0.0,0.046321746,0.0,0.024312794,0.0,0.038872533
0.0,0.0,8.262352e-27,1.7866516e-13,0.0,2.6325395e-06,0.0,2.288201e-08,0.0,0.016300844,0.0,0.0060479846,0.0,0.16815762,0.0,0.0003104252,0.0,0.14217387,0.0,0.061755918,0.0,0.040587705,0.0,0.030818328,0.0,0.06810565
0.0,0.0,6.633809999999999e-27,4.5526774e-14,0.0,2.8569966e-05,0.0,3.888604e-08,0.0,0.01421368,0.0,0.07251135,0.0,0.12801048,0.0,0.0029617546,0.0,0.05064262,0.0,0.041571144,0.0,0.04354117,0.0,0.031807955,0.0,0.04926875
0.0,0.0,5.4017516e-27,5.657906e-15,0.0,1.1605072e-05,0.0,1.7169368e-08,0.0,0.025312139,0.0,0.08787859,0.0,0.11138162,0.0,0.0016073731,0.0,0.06327631,0.0,0.003020706,0.0,0.07339457,0.0,0.04050539,0.0,0.04327482
0.0,0.0,2.4087232e-27,1.3524087e-15,0.0,2.654859e-06,0.0,2.2296678e-08,0.0,0.018207554,0.0,0.06019399,0.0,0.25632623,0.0,0.0003500183,0.0,0.10769277,0.0,0.03963085,0.0,0.06976927,0.0,0.054787204,0.0,0.03357701
0.0,0.0,1.4004631e-27,6.0696766e-16,0.0,2.9552342e-05,0.0,2.6243594e-08,0.0,0.004429912,0.0,0.01949326,0.0,0.29154876,0.0,0.003107912,0.0,0.14603612,0.0,0.019746637,0.0,0.06923279,0.0,0.051401448,0.0,0.019932266
0.0,0.0,4.3392064e-28,5.827978000000001e-17,0.0,1.2964121e-05,0.0,1.8966833e-08,0.0,0.008630748,0.0,0.0016589059,0.0,0.3155915,0.0,0.0017465523,0.0,0.09940867,0.0,0.0060439873,0.0,0.069215156,0.0,0.040974315,0.0,0.008019846
0.0,0.0,3.7925435e-30,1.2825036e-17,0.0,3.0051049e-06,0.0,4.53018e-09,0.0,0.02516054,0.0,0.00022023571,0.0,0.35293052,0.0,0.0003819463,0.0,0.08844442,0.0,0.21420775,0.0,0.072134085,0.0,0.05480606,0.0,0.051958956
0.0,0.0,3.5123437e-29,1.4280966e-18,0.0,2.0049101e-05,0.0,2.6843965e-08,0.0,0.020256583,0.0,0.023887672,0.0,0.38809785,0.0,0.0032390351,0.0,0.07896111,0.0,0.18950559,0.0,0.017638734,0.0,0.016353184,0.0,0.0058109583
0.0,0.0,3.532924e-29,2.174493e-19,0.0,1.3645293e-05,0.0,2.0197103e-08,0.0,0.039438143,0.0,0.038413696,0.0,0.40008014,0.0,0.0019685738,0.0,0.0719702,0.0,0.037251174,0.0,0.01653469,0.0,0.012146444,0.0,0.029905718
0.0,0.0,2.5897893000000003e-28,6.827543e-20,0.0,3.2249097e-06,0.0,2.2206766e-08,0.0,0.0055509093,0.0,0.028111625,0.0,0.4032146,0.0,0.00042881476,0.0,0.101546235,0.0,0.009513646,0.0,0.0044804392,0.0,0.0036683152,0.0,0.020790532
0.0,0.0,8.297692000000001e-27,1.8274748e-20,0.0,1.9821759e-05,0.0,4.2144595e-08,0.0,0.017971551,0.0,0.0140495235,0.0,0.3872557,0.0,0.003557709,0.0,0.16198218,0.0,0.02627888,0.0,0.004476295,0.0,0.0031485555,0.0,0.08818734
0.0,0.0,3.3158844e-25,5.954937e-21,0.0,1.5429492e-05,0.0,1.2684866e-08,0.0,0.015012165,0.0,0.05080508,0.0,0.38770485,0.0,0.0021017955,0.0,0.23935612,0.0,0.02229661,0.0,0.008531799,0.0,0.005876769,0.0,0.0153126465
0.0,0.0,3.7495884000000005e-24,3.3485455e-21,0.0,3.6525287e-06,0.0,2.6892822e-08,0.0,0.019502213,0.0,0.08765966,0.0,0.37842298,0.0,0.0004573759,0.0,0.28415632,0.0,0.014666428,0.0,0.0023642685,0.0,0.0019158842,0.0,0.08159087
0.0,0.0,9.399089e-24,1.0117328e-21,0.0,2.4143119e-05,0.0,3.819127e-08,0.0,0.022081524,0.0,0.06974895,0.0,0.44629136,0.0,0.0039967475,0.0,0.19388324,0.0,0.011926913,0.0,0.003737659,0.0,0.0020947398,0.0,0.034669936
0.0,0.0,3.9562447e-24,2.9666562000000003e-22,0.0,1.6696415e-05,0.0,3.6347984e-08,0.0,0.00408262,0.0,0.116173185,0.0,0.39355922,0.0,0.0023012867,0.0,0.08707888,0.0,0.016008642,0.0,0.011496389,0.0,0.007687596,0.0,0.014117664
0.0,0.0,9.791703e-24,2.0537291e-22,0.0,3.9629276e-06,0.0,2.4738423e-08,0.0,0.0072317654,0.0,0.11824423,0.0,0.39233992,0.0,0.0005048749,0.0,0.07958208,0.0,0.0017944044,0.0,0.0021064556,0.0,0.0018257493,0.0,0.055741783
0.0,0.0,2.3197946e-22,1.4726459e-22,0.0,1.5091405e-05,0.0,4.6339967e-09,0.0,0.011160179,0.0,0.085068576,0.0,0.25210825,0.0,0.0035398325,0.0,0.14914411,0.0,0.023143688,0.0,0.005021072,0.0,0.0033169705,0.0,0.029760431
0.0,0.0,5.95411e-22,1.4640227e-22,0.0,1.792194e-05,0.0,2.7255137e-08,0.0,0.016108299,0.0,0.11788438,0.0,0.20671129,0.0,0.0024251575,0.0,0.0740834,0.0,0.0091910735,0.0,0.0078055873,0.0,0.0051611657,0.0,0.05015191
0.0,0.0,4.171844e-19,1.7264886000000002e-22,0.0,4.341065e-06,0.0,1.508328e-08,0.0,0.007844192,0.0,0.11588424,0.0,0.18499403,0.0,0.0005342755,0.0,0.103105076,0.0,0.07509102,0.0,0.0010716285,0.0,0.0009452848,0.0,0.043937698
0.0,0.0,2.0468977e-18,4.9088785e-23,0.0,9.678193e-07,0.0,4.4965773e-09,0.0,0.017632553,0.0,0.11945315,0.0,0.08240738,0.0,0.0037737545,0.0,0.19867033,0.0,0.06676957,0.0,0.005605465,0.0,0.0037006414,0.0,0.0322487
0.0,0.0,7.485801999999999e-19,1.1629574e-22,0.0,1.8069897e-05,0.0,3.9770306e-08,0.0,0.0067411517,0.0,0.07591497,0.0,0.039166737,0.0,0.0026937001,0.0,0.25458586,0.0,0.022464534,0.0,0.0014325649,0.0,0.0011157074,0.0,0.054475233
0.0,0.0,8.0874335e-17,1.6876703e-22,0.0,4.534892e-06,0.0,9.729282e-09,0.0,0.012219205,0.0,0.029943129,0.0,0.00530392,0.0,0.0038254007,0.0,0.24556804,0.0,0.021321619,0.0,0.0034598392,0.0,0.0015792066,0.0,0.049802832
0.0,0.0,5.4344456e-17,8.60032e-23,0.0,1.0155583e-06,0.0,2.1484958e-08,0.0,0.021349529,0.0,0.019570593,0.0,0.23624016,0.0,0.00084763434,0.0,0.20485123,0.0,0.007531046,0.0,0.008500508,0.0,0.005642269,0.0,0.019624352
0.0,0.0,3.2257774e-17,2.2984538e-23,0.0,8.672276e-05,0.0,1.4412467e-08,0.0,0.0033970054,0.0,0.002867321,0.0,0.18051201,0.0,0.002642672,0.0,0.15743907,0.0,0.07723918,0.0,0.011308545,0.0,0.007593077,0.0,0.02329336
0.0,0.0,1.0747707e-17,6.0627917e-24,0.0,2.2399821e-05,0.0,7.966034e-09,0.0,0.0032560986,0.0,0.00015952402,0.0,0.16756515,0.0,0.003171546,0.0,0.11250936,0.0,0.004384621,0.0,0.0020816652,0.0,0.0017695286,0.0,0.037254505
0.0,0.0,2.701339e-18,6.77319e-22,0.0,5.05187e-06,0.0,4.2842636e-09,0.0,0.0033509,0.0,0.0003992056,0.0,0.19251332,0.0,0.000702609,0.0,0.0556046,0.0,0.11336521,0.0,0.006447673,0.0,0.0027240352,0.0,0.0029054382
0.0,0.0,1.1060548e-18,1.1326343e-21,0.0,1.1320654e-06,0.0,2.034735e-09,0.0,0.008868777,0.0,0.0039060924,0.0,0.14371304,0.0,0.002587646,0.0,0.13012637,0.0,0.10839313,0.0,0.0027926532,0.0,0.0021695553,0.0,0.018918669
0.0,0.0,8.877858e-19,7.864868e-22,0.0,1.8472587e-05,0.0,1.0554716e-09,0.0,0.019783443,0.0,0.0019898382,0.0,0.09840867,0.0,0.0023372606,0.0,0.09531435,0.0,0.033052962,0.0,0.0025560579,0.0,0.0016746275,0.0,0.011584154
0.0,0.0,6.360433999999999e-19,4.374038600000001e-21,0.0,5.4476836e-06,0.0,1.7101634e-10,0.0,0.008285482,0.0,0.00045215432,0.0,0.045882046,0.0,0.00051811466,0.0,0.03552895,0.0,0.08185912,0.0,0.00797358,0.0,0.004959822,0.0,0.047959637
0.0,0.0,2.4689002e-18,5.6583237e-21,0.0,1.2408401e-06,0.0,2.1182434e-09,0.0,0.014195633,0.0,0.0012321369,0.0,0.12731555,0.0,0.0027163848,0.0,0.06042162,0.0,0.075513884,0.0,0.001489818,0.0,0.0012390319,0.0,0.009553915
0.0,0.0,2.9280063e-17,1.4715552e-21,0.0,1.1102822e-05,0.0,1.1732737e-09,0.0,0.006977054,0.0,0.00048564284,0.0,0.119202726,0.0,0.0023105985,0.0,0.09370973,0.0,0.039408375,0.0,0.0028820967,0.0,0.0019026746,0.0,0.067261636
0.0,0.0,2.4526944000000002e-17,3.5359563e-22,0.0,4.084273e-06,0.0,3.4222747e-10,0.0,0.0031968937,0.0,8.3903775e-05,0.0,0.08567006,0.0,0.00051425793,0.0,0.08124128,0.0,0.06648988,0.0,0.0067369808,0.0,0.0026194877,0.0,0.024981974
0.0,0.0,2.0300768e-17,8.602376000000001e-23,0.0,9.580715e-07,0.0,8.5483814e-11,0.0,0.003161354,0.0,1.44553915e-05,0.0,0.03232267,0.0,0.0023890052,0.0,0.051933717,0.0,0.06561353,0.0,0.0012884616,0.0,0.0012170904,0.0,0.00026401796
0.0,0.0,1.7945829000000002e-17,2.2180174000000004e-22,0.0,8.740774e-06,0.0,3.21566e-09,0.0,0.003643089,0.0,0.00018593065,0.0,0.031522702,0.0,0.00221774,0.0,0.041328143,0.0,0.05555066,0.0,0.0014407159,0.0,0.00096348143,0.0,0.017227579
0.0,0.0,7.038006e-18,1.3542465e-22,0.0,4.0246277e-06,0.0,8.731221e-10,0.0,0.0139679555,0.0,0.00011330207,0.0,0.011043584,0.0,0.0004934076,0.0,0.08987089,0.0,0.10639985,0.0,0.001690973,0.0,0.0006897429,0.0,0.0036363623
0.0,0.0,5.1860163e-18,1.0879052e-22,0.0,9.604313e-07,0.0,9.926263e-10,0.0,0.0034392856,0.0,2.5382802e-05,0.0,0.40866226,0.0,0.0022459324,0.0,0.12619042,0.0,0.09099023,0.0,0.004813246,0.0,0.0029096482,0.0,0.010921375
0.0,0.0,3.8213614e-18,2.4377705e-23,0.0,2.7102778e-05,0.0,5.3252097e-10,0.0,0.001993084,0.0,6.2965582e-06,0.0,0.16104877,0.0,0.002377133,0.0,0.1793208,0.0,0.085985295,0.0,0.0068975957,0.0,0.0043682065,0.0,0.018829593
0.0,0.0,3.378074e-18,2.3557228e-23,0.0,2.6753029e-05,0.0,4.866515e-10,0.0,0.0015091407,0.0,1.596385e-05,0.0,0.02149394,0.0,0.00052568567,0.0,0.1762366,0.0,0.13382387,0.0,0.0014217043,0.0,0.0009698497,0.0,0.0013767675
0.0,0.0,2.9862093e-18,2.409654e-22,0.0,6.5424233e-06,0.0,1.2993897e-09,0.0,0.0044141593,0.0,0.00096421945,0.0,0.046198957,0.0,0.0032577012,0.0,0.08178571,0.0,0.100375205,0.0,0.0066404934,0.0,0.004229364,0.0,4.4423837e-07
0.0,0.0,2.9852624e-18,7.722293e-23,0.0,1.4765566e-06,0.0,6.443116e-10,0.0,0.0078032236,0.0,0.00084664545,0.0,0.00582867,0.0,0.0025542623,0.0,0.08498812,0.0,0.09657652,0.0,0.0019798079,0.0,0.0014490646,0.0,1.6131048e-07
0.0,0.0,2.6389646e-18,2.1322203e-23,0.0,2.341898e-05,0.0,5.178594e-09,0.0,0.013852203,0.0,0.0001722622,0.0,0.14711697,0.0,0.0005654001,0.0,0.116370246,0.0,0.099718615,0.0,0.006861622,0.0,0.00284798,0.0,6.343864e-08
0.0,0.0,8.870198e-19,4.407435e-24,0.0,1.264091e-05,0.0,1.051157e-09,0.0,0.0072926264,0.0,3.1526142e-05,0.0,0.06145638,0.0,0.002946024,0.0,0.19185372,0.0,0.07598875,0.0,0.0013016845,0.0,0.0012264577,0.0,2.3721961e-08
0.0,0.0,8.867385e-19,9.304618e-25,0.0,3.091094e-06,0.0,7.975484e-10,0.0,0.017311491,0.0,0.00056885224,0.0,0.014546133,0.0,0.0027111417,0.0,0.20599137,0.0,0.072866045,0.0,0.0029719656,0.0,0.0018138817,0.0,1.220821e-08
0.0,0.0,8.864574e-19,2.5878939e-23,0.0,8.270434e-06,0.0,1.8212162e-10,0.0,0.008570513,0.0,0.00020157431,0.0,0.06915447,0.0,0.00060388574,0.0,0.20371437,0.0,0.098571874,0.0,0.00781382,0.0,0.0031310257,0.0,5.700889e-09
0.0,0.0,7.115077e-19,1.5026257000000002e-22,0.0,1.0470208e-05,0.0,9.614888e-09,0.0,0.010124553,0.0,4.4179767e-05,0.0,0.2586136,0.0,0.0033380566,0.0,0.23393609,0.0,0.09599209,0.0,0.0015213016,0.0,0.0014344745,0.0,1.0893026e-07
0.0,0.0,3.195514e-19,3.404639000000001e-23,0.0,2.5790005e-06,0.0,2.7981633e-09,0.0,0.015213952,0.0,1.3028226e-05,0.0,0.2765234,0.0,0.0032001731,0.0,0.2399865,0.0,0.072686434,0.0,0.00202728,0.0,0.0013267697,0.0,4.1463892e-08
0.0,0.0,9.722693e-20,9.318314e-24,0.0,1.661612e-05,0.0,3.4247236e-09,0.0,0.014932155,0.0,6.050407e-06,0.0,0.17334199,0.0,0.00071333884,0.0,0.12897636,0.0,0.0636685,0.0,0.006694517,0.0,0.002431833,0.0,1.4623317e-08
0.0,0.0,7.164251399999999e-20,2.4119389e-24,0.0,1.3168396e-05,0.0,1.0953117e-09,0.0,0.0077911983,0.0,1.4527653e-06,0.0,0.075339,0.0,0.003431247,0.0,0.12452034,0.0,0.042786658,0.0,0.0013925972,0.0,0.0012722416,0.0,5.2066844e-09
0.0,0.0,5.7503276e-20,5.8928845999999985e-25,0.0,3.2391047e-06,0.0,2.7625586e-09,0.0,0.016396407,0.0,1.256564e-06,0.0,0.028151302,0.0,0.0034559972,0.0,0.099890664,0.0,0.021882772,0.0,0.001729725,0.0,0.0011149276,0.0,3.0314872e-08
0.0,0.0,5.0832753e-20,2.0710453e-25,0.0,1.4767882e-05,0.0,7.4744844e-10,0.0,0.0069699218,0.0,0.034945805,0.0,0.051993344,0.0,0.0040928866,0.0,0.043152846,0.0,0.00456714,0.0,0.016354788,0.0,0.0055523645,0.0,1.1759603e-08
0.0,0.0,1.0743065e-20,8.17159e-25,0.0,1.2695759e-05,0.0,3.1168077e-09,0.0,0.0061310157,0.0,0.023154251,0.0,0.0900387,0.0,0.0009178875,0.0,0.098590076,0.0,0.08174128,0.0,0.018264046,0.0,0.012314842,0.0,4.5419024e-09
0.0,0.0,1.1561046e-20,2.2944217e-25,0.0,3.1313377e-06,0.0,3.233001e-09,0.0,0.012408847,0.0,0.04358594,0.0,0.038814563,0.0,0.0026984531,0.0,0.10528381,0.0,0.068447925,0.0,0.0065568807,0.0,0.0047962605,0.0,2.8785724e-08
0.0,0.0,4.8028064e-20,4.8204763e-26,0.0,3.2294014e-05,0.0,1.7228967e-09,0.0,0.0042616217,0.0,0.00514832,0.0,0.15261069,0.0,0.0047102957,0.0,0.10124211,0.0,0.05934851,0.0,0.001373945,0.0,0.001122096,0.0,1.4958202e-08
0.0,0.0,4.8012337999999997e-20,3.2623232e-24,0.0,3.6871257e-05,0.0,5.026324e-10,0.0,0.004006403,0.0,0.0006577179,0.0,0.25274754,0.0,0.001056571,0.0,0.06819298,0.0,0.0088527985,0.0,0.0038843688,0.0,0.0015611829,0.0,5.9356027e-09
0.0,0.0,2.1400136999999998e-20,1.3978824e-24,0.0,9.090091e-06,0.0,1.6728732e-10,0.0,0.003794064,0.0,2.3871806e-05,0.0,0.25591043,0.0,0.003016355,0.0,0.09486789,0.0,0.09171287,0.0,0.0076880935,0.0,0.004867242,0.0,4.5550546e-08
0.0,0.0,1.4539058e-20,3.771453e-25,0.0,2.0681116e-06,0.0,2.8776013e-09,0.0,0.003456064,0.0,7.9879086e-05,0.0,0.17101322,0.0,0.0044420986,0.0,0.040188026,0.0,0.090893224,0.0,0.0020976332,0.0,0.0015395682,0.0,1.6005625e-08
0.0,0.0,1.4518736e-20,1.056852e-25,0.0,1.0036283e-05,0.0,5.616899e-10,0.0,0.018790064,0.0,2.162746e-05,0.0,0.08637438,0.0,0.0009924849,0.0,0.10303135,0.0,0.015389541,0.0,0.008192251,0.0,0.003264988,0.0,6.2581273e-09
0.0,0.0,7.735318e-21,2.4414043e-26,0.0,1.193602e-05,0.0,6.58866e-11,0.0,0.0041286796,0.0,7.2584726e-06,0.0,0.047639966,0.0,0.0036166185,0.0,0.07200959,0.0,0.022317493,0.0,0.0015697402,0.0,0.0014846462,0.0,1.940318e-08
0.0,0.0,1.8118113e-19,5.662935e-27,0.0,2.9566904e-06,0.0,2.2423228e-09,0.0,0.003786935,0.0,0.006392788,0.0,0.0070928247,0.0,0.0052146763,0.0,0.04361,0.0,0.00569646,0.0,0.0020458705,0.0,0.0013246922,0.0,9.601535e-09
0.0,0.0,7.657389e-20,1.3953071e-27,0.0,1.1091006e-05,0.0,2.8030693e-09,0.0,0.00058986375,0.0,0.0015648402,0.0,0.14223279,0.0,0.0011894142,0.0,0.06077459,0.0,0.008955894,0.0,0.002191358,0.0,0.0007953752,0.0,3.2770526e-09
0.0,0.0,7.654675e-20,3.2963914e-28,0.0,1.4322038e-05,0.0,6.3424905e-09,0.0,8.2460065e-06,0.0,0.00048132124,0.0,0.13664064,0.0,0.0028063683,0.0,0.041741412,0.0,0.061286792,0.0,0.004851116,0.0,0.003010247,0.0,0.014282139
0.0,0.0,1.8853918e-20,1.4247608e-28,0.0,3.555872e-06,0.0,3.8798964e-09,0.0,0.003723858,0.0,0.0006809664,0.0,0.109842345,0.0,0.0048048827,0.0,0.022277396,0.0,0.049975976,0.0,0.0055976193,0.0,0.0036427365,0.0,0.0026375025
0.0,0.0,5.060690600000001e-21,1.7987748e-29,0.0,1.0806084e-05,0.0,2.5243416e-09,0.0,0.012860186,0.0,0.00046783115,0.0,0.15899408,0.0,0.0010824467,0.0,0.32901317,0.0,0.003063134,0.0,0.0015039128,0.0,0.0008802132,0.0,0.005998469
0.0,0.0,5.44434e-19,2.4087981e-23,0.0,1.1700344e-05,0.0,4.68542e-09,0.0,0.011880236,0.0,8.838057e-05,0.0,0.14206587,0.0,0.0036252474,0.0,0.2012849,0.0,0.030914417,0.0,0.0026742835,0.0,0.0016940319,0.0,0.0037312268
0.0,0.0,7.511872699999999e-19,6.6886775e-24,0.0,2.9058513e-06,0.0,4.1861234e-09,0.0,0.014261055,0.0,0.00033599895,0.0,0.112716764,0.0,0.0044229687,0.0,0.104955584,0.0,0.008417295,0.0,0.004189399,0.0,0.0024819125,0.0,1.9109166e-07
0.0,0.0,6.6398413e-19,1.7124762e-24,0.0,1.6156933e-05,0.0,9.940789e-10,0.0,0.011559947,0.0,9.212629e-05,0.0,0.024602808,0.0,0.0009932116,0.0,0.108154766,0.0,0.025641952,0.0,0.007670637,0.0,0.004751048,0.0,7.389239e-08
0.0,0.0,3.134076e-19,3.94687e-25,0.0,1.3965733e-05,0.0,1.5301146e-09,0.0,0.012671584,0.0,3.916274e-05,0.0,0.187318,0.0,0.0041210684,0.0,0.16444772,0.0,0.05381204,0.0,0.0015543263,0.0,0.0012377144,0.0,2.8020624e-08
0.0,0.0,1.4793173e-19,9.3553005e-26,0.0,3.4439195e-06,0.0,2.8569496e-09,0.0,0.016419733,0.0,0.00011930975,0.0,0.17116337,0.0,0.004167045,0.0,0.34258392,0.0,0.035352305,0.0,0.0023973137,0.0,0.0015068466,0.0,4.6710007e-08
0.0,0.0,1.3075877e-19,7.0849554e-24,0.0,1.658961e-05,0.0,2.9859275e-09,0.0,0.0067377705,0.0,6.366874e-05,0.0,0.068780385,0.0,0.0009397683,0.0,0.2984272,0.0,0.012576195,0.0,0.0038005249,0.0,0.0011170432,0.0,1.8066686e-08
0.0,0.0,8.29619e-20,2.0852885e-24,0.0,1.5730242e-05,0.0,7.980519e-10,0.0,0.0107827755,0.0,1.5058774e-05,0.0,0.007874759,0.0,0.0037172392,0.0,0.13711964,0.0,0.007991952,0.0,0.0034892168,0.0,0.0022789657,0.0,6.5582393e-09
0.0,0.0,7.333109999999999e-20,3.5324677e-23,0.0,3.8867242e-06,0.0,4.9945688e-09,0.0,0.015329457,0.0,0.014373016,0.0,0.48554897,0.0,0.0043855514,0.0,0.1276619,0.0,0.039075553,0.0,0.008739728,0.0,0.00560165,0.0,3.377254e-08
0.0,0.0,5.885297e-20,5.5745165e-23,0.0,2.3256587e-05,0.0,2.9666374e-09,0.0,0.015240583,0.0,0.011094403,0.0,0.31713334,0.0,0.0009864748,0.0,0.06957255,0.0,0.0040261587,0.0,0.0022325674,0.0,0.0013383195,0.0,1.4167512e-08
0.0,0.0,1.6396678e-20,2.127911e-23,0.0,1.3953318e-05,0.0,1.5398227e-09,0.0,0.02259787,0.0,0.011434392,0.0,0.2557321,0.0,0.004521387,0.0,0.018149408,0.0,0.0874336,0.0,0.0066059884,0.0,0.004055125,0.0,5.486534e-09
0.0,0.0,9.1423644e-21,5.3441145000000005e-24,0.0,3.3703718e-06,0.0,8.161001e-10,0.0,0.007255479,0.0,0.03090578,0.0,0.24843973,0.0,0.004513619,0.0,0.28450817,0.0,0.08045663,0.0,0.0014732388,0.0,0.0011321445,0.0,1.6063636e-08
0.0,0.0,6.447833e-21,3.1375813e-23,0.0,2.1397143e-05,0.0,2.8305183e-09,0.0,0.0193297,0.0,0.058504574,0.0,0.09093847,0.0,0.0010200639,0.0,0.11558598,0.0,0.018815577,0.0,0.0034418455,0.0,0.0011469399,0.0,7.419794e-09
0.0,0.0,1.2217991e-20,1.4674283e-23,0.0,1.6265796e-05,0.0,1.3195951e-09,0.0,0.009667421,0.0,0.070167966,0.0,0.035361886,0.0,0.004304891,0.0,0.036048803,0.0,0.04197515,0.0,0.007826804,0.0,0.0048880023,0.0,2.7851759e-09
0.0,0.0,6.812354e-21,8.469703400000002e-22,0.0,4.029039e-06,0.0,9.058687e-10,0.0,0.007953964,0.0,0.06438891,0.0,0.0035202247,0.0,0.0050456407,0.0,0.05763488,0.0,0.021547467,0.0,0.0014269996,0.0,0.0011735134,0.0,2.4545358e-07
0.0,0.0,2.2895541e-21,1.3183225e-21,0.0,6.0945895e-06,0.0,3.4085001e-09,0.0,0.0042431178,0.0,0.025747363,0.0,0.19762969,0.0,0.0011372234,0.0,0.060074247,0.0,0.012320393,0.0,0.0025080391,0.0,0.0010635924,0.0,1.2239364e-07
0.0,0.0,1.8374937e-21,2.6358357000000004e-22,0.0,1.5875166e-05,0.0,5.4478955e-09,0.0,0.005870006,0.0,0.0109101,0.0,0.24427979,0.0,0.005720861,0.0,0.1882345,0.0,0.021052284,0.0,0.0065109544,0.0,0.004117436,0.0,4.876859e-08
0.0,0.0,1.0905572e-21,8.1364906e-23,0.0,3.996105e-06,0.0,7.179703e-09,0.0,0.011281266,0.0,0.0024148158,0.0,0.22544537,0.0,0.0057695224,0.0,0.15225703,0.0,0.009192049,0.0,0.002135059,0.0,0.001617651,0.0,2.0821659e-08
0.0,0.0,5.42486e-22,1.1536241000000001e-21,0.0,2.9116718e-05,0.0,1.32045646e-08,0.0,0.0029444378,0.0,0.00040675286,0.0,0.052156866,0.0,0.0013054718,0.0,0.115470015,0.0,0.015447699,0.0,0.00461257,0.0,0.0029207948,0.0,2.2802632e-07
0.0,0.0,3.2196683e-22,8.178489e-22,0.0,2.1329337e-05,0.0,5.3795186e-09,0.0,0.0019438774,0.0,8.0271166e-05,0.0,0.010669013,0.0,0.006534868,0.0,0.04561094,0.0,0.019389424,0.0,0.0019358252,0.0,0.0013577641,0.0,2.2936688e-07
0.0,0.0,2.372185e-22,2.0658344000000001e-22,0.0,5.21922e-06,0.0,2.5796174e-09,0.0,0.0010365822,0.0,0.0024163662,0.0,0.4592444,0.0,0.0061488096,0.0,0.05149899,0.0,0.0051837587,0.0,0.0028167134,0.0,0.001817773,0.0,3.1108993e-08
0.0,0.0,1.7477769e-22,4.7285793e-23,0.0,3.5135894e-05,0.0,1.9187811e-09,0.0,0.004443308,0.0,0.0010757768,0.0,0.2170701,0.0,0.001402039,0.0,0.15691444,0.0,0.015394486,0.0,0.014491265,0.0,0.005648952,0.0,1.1418927e-08
0.0,0.0,1.5448639e-22,1.8700637e-23,0.0,2.4106326e-05,0.0,5.2117746e-09,0.0,0.011086314,0.0,0.0009938255,0.0,0.15589105,0.0,0.00677534,0.0,0.24449249,0.0,0.022254547,0.0,0.0079041915,0.0,0.005797742,0.0,4.0278845e-08
0.0,0.0,1.5442076000000002e-22,2.1229247e-23,0.0,5.8505834e-06,0.0,1.5891971e-09,0.0,0.0110487705,0.0,0.00018508449,0.0,0.12347548,0.0,0.00709359,0.0,0.3250499,0.0,0.0061173923,0.0,0.0019048526,0.0,0.0015394988,0.0,3.354232e-08
0.0,0.0,1.5435515e-22,1.0321377e-23,0.0,4.1296476e-05,0.0,4.3650297e-09,0.0,0.0113188205,0.0,0.02601697,0.0,0.22685629,0.0,0.0016308429,0.0,0.33140367,0.0,0.013831855,0.0,0.03029551,0.0,0.010547973,0.0,1.30931515e-08
0.0,0.0,1.3643487000000001e-22,2.3894964e-24,0.0,2.6503314e-05,0.0,1.3124519e-09,0.0,0.012975498,0.0,0.019882906,0.0,0.26608077,0.0,0.0068418537,0.0,0.29915693,0.0,0.015865128,0.0,0.025269859,0.0,0.017426882,0.0,5.2298027e-08
0.0,0.0,8.6562136e-23,7.556835e-25,0.0,6.4143787e-06,0.0,1.3867478e-09,0.0,0.01876316,0.0,0.050962005,0.0,0.26014102,0.0,0.007685866,0.0,0.2780365,0.0,0.0051959953,0.0,0.015061807,0.0,0.010265663,0.0,4.327892e-08
0.0,0.0,4.1615234e-23,5.9844295e-25,0.0,3.2836288e-05,0.0,2.6693412e-08,0.0,0.007285043,0.0,0.03442084,0.0,0.272617,0.0,0.0017723088,0.0,0.30111825,0.0,0.006255828,0.0,0.0038830857,0.0,0.002526653,0.0,1.6908293e-08
0.0,0.0,1.8126694e-23,1.3474843e-24,0.0,2.4765824e-05,0.0,4.515083e-09,0.0,0.008478822,0.0,0.0063912403,0.0,0.27535093,0.0,0.008597297,0.0,0.2997923,0.0,0.11970305,0.0,0.06373002,0.0,0.038681176,0.0,3.4641906e-07
0.0,0.0,2.3079526e-22,6.5289057e-25,0.0,6.051032e-06,0.0,1.3972519e-08,0.0,0.018485108,0.0,3.519449e-05,0.0,0.29323432,0.0,0.008610347,0.0,0.2726549,0.0,0.114429496,0.0,0.07269176,0.0,0.04851239,0.0,5.996967e-07
0.0,0.0,4.4215495e-22,1.8038527e-25,0.0,5.628313e-05,0.0,7.624904e-09,0.0,0.0057743327,0.0,0.014267604,0.0,0.111217484,0.0,0.002007372,0.0,0.14905168,0.0,0.0030269641,0.0,0.059670176,0.0,0.030097643,0.0,2.3800058e-07
0.0,0.0,1.9871838e-22,3.9888718e-26,0.0,3.299883e-05,0.0,1.7168423e-08,0.0,0.0060103796,0.0,0.005816667,0.0,0.022593677,0.0,0.008748529,0.0,0.099571966,0.0,0.036233976,0.0,0.057129793,0.0,0.040886175,0.0,9.238609e-08
0.0,0.0,1.5948056e-22,2.0377182e-25,0.0,7.938451e-06,0.0,2.2270474e-09,0.0,0.008761192,0.0,0.0033609166,0.0,0.014631325,0.0,0.009254421,0.0,0.0347235,0.0,0.014331243,0.0,0.05337822,0.0,0.035330668,0.0,3.3203705e-08
0.0,0.0,3.6702310000000003e-23,1.8511848e-25,0.0,4.6786314e-05,0.0,4.839934e-09,0.0,0.029237425,0.0,0.012874277,0.0,0.06973938,0.0,0.0021636304,0.0,0.021965092,0.0,0.011483093,0.0,0.029819231,0.0,0.021101393,0.0,0.0058298074
0.0,0.0,8.248169e-24,6.1921483000000005e-24,0.0,3.2689542e-05,0.0,1.6267215e-08,0.0,0.0032279151,0.0,0.0053717475,0.0,0.32076618,0.0,0.010394212,0.0,0.28817958,0.0,0.013479355,0.0,0.011839584,0.0,0.008636557,0.0,0.0025707781
0.0,0.0,8.974724000000001e-22,2.5179342e-24,0.0,7.8982075e-06,0.0,3.6833028e-09,0.0,0.0037316675,0.0,0.004203744,0.0,0.3556647,0.0,0.010362003,0.0,0.1250419,0.0,0.009857473,0.0,0.0032512434,0.0,0.0026114308,0.0,0.008738256
0.0,0.0,1.8810363e-22,6.4393196999999985e-25,0.0,7.0737085e-05,0.0,1.0463662e-08,0.0,0.0064249146,0.0,0.00066577375,0.0,0.12239095,0.0,0.0024382486,0.0,0.06527967,0.0,0.08688959,0.0,0.0063825627,0.0,0.0030480728,0.0,0.03579499
0.0,0.0,4.5708216e-23,1.5936092e-25,0.0,4.0588297e-05,0.0,4.5800345e-08,0.0,0.01182846,0.0,0.000110057976,0.0,0.024530573,0.0,0.01659051,0.0,0.14842092,0.0,0.08555708,0.0,0.0043687113,0.0,0.0030551644,0.0,0.008696085
0.0,0.0,1.1021608e-23,3.6796947e-26,0.0,9.6965705e-06,0.0,2.2580965e-08,0.0,0.013994655,0.0,1.9137668e-05,0.0,0.0059211124,0.0,0.014482788,0.0,0.18079412,0.0,0.03112053,0.0,0.0033183335,0.0,0.0022284568,0.0,0.021429723
0.0,0.0,4.7956053e-24,1.8008213e-17,0.0,1.2042682e-05,0.0,7.1849766e-09,0.0,0.008386655,0.0,0.018694662,0.0,0.086092,0.0,0.008132876,0.0,0.18653409,0.0,0.006951091,0.0,0.0044403225,0.0,0.0018414609,0.0,0.002650561
0.0,0.0,2.4264862e-24,6.580927e-18,0.0,5.951293e-06,0.0,2.2145837e-08,0.0,0.0017202739,0.0,0.012163666,0.0,0.07349596,0.0,0.0018763893,0.0,0.17615601,0.0,0.0950886,0.0,0.005573762,0.0,0.0037130758,0.0,0.006236436
0.0,0.0,1.18844735e-23,4.134179e-18,0.0,7.9170495e-05,0.0,4.8236806e-09,0.0,0.00050205097,0.0,0.009684885,0.0,0.07939642,0.0,0.019224472,0.0,0.103547044,0.0,0.09645697,0.0,0.005800574,0.0,0.0038724048,0.0,0.026198832
0.0,0.0,3.3124885e-23,4.3514898e-17,0.0,5.333993e-05,0.0,1.0415776e-08,0.0,0.00018652175,0.0,0.0018969376,0.0,0.031958424,0.0,0.017080002,0.0,0.12335824,0.0,0.054807965,0.0,0.07329538,0.0,0.046027068,0.0,0.0033599539
0.0,0.0,1.5829696e-23,1.15809786e-17,0.0,1.3009698e-05,0.0,2.3118725e-08,0.0,0.001823064,0.0,0.00013720494,0.0,0.12417492,0.0,0.016627904,0.0,0.20235822,0.0,0.035115663,0.0,0.09469302,0.0,0.046857346,0.0,0.018752236
0.0,0.0,3.3637676e-23,3.2039495e-18,0.0,2.9221978e-06,0.0,1.3855029e-08,0.0,0.0032161064,0.0,1.6328142e-05,0.0,0.16186784,0.0,0.0041989796,0.0,0.22402431,0.0,0.006877117,0.0,0.03903845,0.0,0.039389793,0.0,0.0031819202
0.0,0.0,1.4177986999999998e-23,8.5815723e-19,0.0,0.00026135248,0.0,1.790454e-08,0.0,0.006434719,0.0,2.5851386e-05,0.0,0.14657219,0.0,0.020815525,0.0,0.20011477,0.0,0.15730268,0.0,0.008056186,0.0,0.008106437,0.0,0.012155218
0.0,0.0,2.4538547e-23,3.1173377e-19,0.0,0.000111241345,0.0,7.4269404e-09,0.0,0.019908823,0.0,2.0584128e-05,0.0,0.120352015,0.0,0.0189806,0.0,0.16699645,0.0,0.06592486,0.0,0.008155586,0.0,0.005546642,0.0,0.014181501
0.0,0.0,2.85472e-22,1.4059863e-19,0.0,2.613957e-05,0.0,1.3904005e-09,0.0,0.0061139357,0.0,0.009698851,0.0,0.12013222,0.0,0.018352218,0.0,0.106142476,0.0,0.045123253,0.0,0.0078630755,0.0,0.0036565121,0.0,0.008273264
0.0,0.0,1.3018570000000002e-22,4.3139559999999996e-20,0.0,5.886548e-06,0.0,1.7197318e-09,0.0,0.018843733,0.0,0.01182444,0.0,0.11216948,0.0,0.00470952,0.0,0.066232,0.0,0.011999995,0.0,0.010268765,0.0,0.0069785276,0.0,0.03993452
0.0,0.0,1.4108901e-20,1.13268685e-20,0.0,0.00028094466,0.0,3.878073e-10,0.0,0.0073504983,0.0,0.008412478,0.0,0.07614589,0.0,0.025077064,0.0,0.16811107,0.0,0.021125196,0.0,0.006121081,0.0,0.0042179544,0.0,0.0017771579
0.0,0.0,4.874244e-21,2.637028e-21,0.0,0.00012454273,0.0,3.4542783e-08,0.0,0.003692965,0.0,0.001674505,0.0,0.02810609,0.0,0.021810045,0.0,0.19553594,0.0,0.04541357,0.0,0.0055783116,0.0,0.0037366832,0.0,9.2540716e-07
0.0,0.0,4.871551e-21,5.7555220000000005e-22,0.0,2.9349314e-05,0.0,2.2181002e-08,0.0,0.0052446015,0.0,0.00015348053,0.0,0.019372532,0.0,0.021975184,0.0,0.18200597,0.0,0.025800323,0.0,0.016419016,0.0,0.007269156,0.0,4.17822e-07
0.0,0.0,4.3054246e-21,1.5570177000000002e-22,0.0,6.577966e-06,0.0,1.5090444e-08,0.0,0.010924894,0.0,7.988445e-05,0.0,0.01908992,0.0,0.005883564,0.0,0.22416353,0.0,0.0047784126,0.0,0.009906921,0.0,0.0071926014,0.0,0.0027531267
0.0,0.0,3.8050886000000004e-21,3.3952394e-23,0.0,0.00041808427,0.0,1.9525315e-08,0.0,0.011919607,0.0,7.003347e-05,0.0,0.17645127,0.0,0.025857462,0.0,0.26574397,0.0,0.02839689,0.0,0.0046000727,0.0,0.003199002,0.0,0.0061807823
0.0,0.0,2.3316557e-21,8.9752965e-24,0.0,0.00015762236,0.0,2.7752345e-09,0.0,0.021341452,0.0,3.148761e-05,0.0,0.15935019,0.0,0.024159221,0.0,0.2637498,0.0,0.017195696,0.0,0.0069596577,0.0,0.0046601114,0.0,0.035801403
0.0,0.0,1.1905487000000001e-21,2.6606643e-24,0.0,3.649199e-05,0.0,1.4382634e-08,0.0,0.0031734635,0.0,0.03619166,0.0,0.053349428,0.0,0.026248632,0.0,0.23423634,0.0,0.033553783,0.0,0.015665634,0.0,0.0060852184,0.0,0.0072471644
0.0,0.0,4.47986e-22,1.5033652e-24,0.0,8.237967e-06,0.0,7.452517e-09,0.0,0.0063696667,0.0,0.034622587,0.0,0.009083168,0.0,0.0074125268,0.0,0.2613119,0.0,0.006160253,0.0,0.0046757204,0.0,0.0038888769,0.0,0.026257277
0.0,0.0,4.477384e-22,1.5676636999999998e-25,0.0,0.00041782195,0.0,5.1452393e-08,0.0,0.0077255284,0.0,0.08566119,0.0,0.3197066,0.0,0.025304824,0.0,0.23995079,0.0,0.05615053,0.0,0.01236967,0.0,0.007596664,0.0,0.0033160902
0.0,0.0,1.5625381000000001e-22,1.9848947e-23,0.0,0.00018679138,0.0,2.3229548e-08,0.0,0.0080285715,0.0,0.06090377,0.0,0.25382635,0.0,0.02732612,0.0,0.21914968,0.0,0.043178573,0.0,0.005084428,0.0,0.0036542919,0.0,0.013769333
0.0,0.0,5.868764000000001e-23,1.6270842000000002e-22,0.0,4.361376e-05,0.0,3.8112e-08,0.0,0.015549475,0.0,0.03683405,0.0,0.24883193,0.0,0.027697196,0.0,0.21768674,0.0,0.019587105,0.0,0.010658382,0.0,0.0042358907,0.0,0.004108856
0.0,0.0,4.7094053e-23,5.5475734e-23,0.0,9.810083e-06,0.0,1.8897875e-08,0.0,0.011408822,0.0,0.011382585,0.0,0.12226939,0.0,0.007924992,0.0,0.20469014,0.0,0.068577886,0.0,0.005505831,0.0,0.0040542493,0.0,0.0066501056
0.0,0.0,3.4693494e-23,1.8175985e-23,0.0,0.00059666036,0.0,1.9095168e-08,0.0,0.032488488,0.0,0.0039599817,0.0,0.05566686,0.0,0.032253705,0.0,0.22101295,0.0,0.043442406,0.0,0.012726037,0.0,0.008206842,0.0,0.041244466
0.0,0.0,3.066174e-23,2.0886118e-23,0.0,0.00020499798,0.0,2.4135554e-09,0.0,0.004032382,0.0,0.0004598598,0.0,0.008706458,0.0,0.030373141,0.0,0.20024677,0.0,0.027186658,0.0,0.0058268057,0.0,0.0041504386,0.0,0.009112696
0.0,0.0,1.542267e-23,2.0664201000000001e-22,0.0,4.739947e-05,0.0,5.358276e-08,0.0,0.0029027204,0.0,0.0012305019,0.0,0.076170765,0.0,0.027117029,0.0,0.17011762,0.0,0.019065017,0.0,0.010441845,0.0,0.004226932,0.0,0.03201153
0.0,0.0,2.8095967e-22,5.177291000000002e-22,0.0,1.0674285e-05,0.0,4.7743214e-08,0.0,0.0022389458,0.0,0.00058552384,0.0,0.010173222,0.0,0.0077016433,0.0,0.2207428,0.0,0.09319769,0.0,0.004275609,0.0,0.0033028235,0.0,0.013181985
0.0,0.0,8.500174000000001e-23,1.5313778000000002e-22,0.0,0.0005931097,0.0,5.9582987e-08,0.0,0.0012387952,0.0,0.00024841964,0.0,0.47169212,0.0,0.034816507,0.0,0.30399242,0.0,0.063804455,0.0,0.007580732,0.0,0.0047943117,0.0,0.0044571026
0.0,0.0,2.5078715e-23,3.4670992e-23,0.0,0.00020203917,0.0,1.16926856e-07,0.0,0.0006381805,0.0,7.075658e-05,0.0,0.43973008,0.0,0.033429388,0.0,0.32353625,0.0,0.054428656,0.0,0.012139103,0.0,0.007755739,0.0,0.020178875
0.0,0.0,1.3183632e-23,3.7937583e-23,0.0,4.6579982e-05,0.0,6.613169e-08,0.0,0.0001999719,0.0,0.010470451,0.0,0.3098197,0.0,0.030997345,0.0,0.27648965,0.0,0.02532629,0.0,0.0110167395,0.0,0.0049704844,0.0,0.002408163
0.0,0.0,9.712090000000001e-24,2.6645916e-23,0.0,1.05047375e-05,0.0,1.7984437e-08,0.0,0.0045217443,0.0,0.03091594,0.0,0.29822737,0.0,0.009222916,0.0,0.2555332,0.0,0.013138518,0.0,0.0047433083,0.0,0.0036692696,0.0,0.030978436
0.0,0.0,7.793416e-24,6.122166000000001e-23,0.0,0.0005961691,0.0,1.0196098e-07,0.0,0.010450683,0.0,0.07665015,0.0,0.26538768,0.0,0.03355643,0.0,0.17109263,0.0,0.056447454,0.0,0.010793677,0.0,0.00676307,0.0,0.004784907
0.0,0.0,5.7412374e-24,3.264324e-23,0.0,0.00023829543,0.0,1.7539291e-08,0.0,0.009146803,0.0,0.047796324,0.0,0.23949796,0.0,0.036401115,0.0,0.08413619,0.0,0.043021914,0.0,0.0071572573,0.0,0.004765643,0.0,0.020556454
0.0,0.0,2.4040677e-23,9.091775e-24,0.0,5.5805867e-05,0.0,4.0462325e-08,0.0,0.016188025,0.0,0.045129996,0.0,0.10132857,0.0,0.03388041,0.0,0.13905336,0.0,0.044236787,0.0,0.019248744,0.0,0.0076570925,0.0,0.0039381403
0.0,0.0,1.1729848000000002e-22,2.1022522e-24,0.0,1.2540003e-05,0.0,1.7550958e-08,0.0,0.006856786,0.0,0.033449642,0.0,0.4175639,0.0,0.010360956,0.0,0.13586137,0.0,0.010549651,0.0,0.0046112523,0.0,0.004083209,0.0,0.004302593
0.0,0.0,5.2667393e-23,4.5624396999999995e-25,0.0,0.00058207253,0.0,4.159741e-08,0.0,0.005258285,0.0,0.07084918,0.0,0.33019468,0.0,0.037838846,0.0,0.042440455,0.0,0.09430003,0.0,0.006319169,0.0,0.0039899293,0.0,0.014482326
0.0,0.0,1.1749969e-23,4.4976766e-24,0.0,0.00028121992,0.0,5.1659434e-08,0.0,0.002462805,0.0,0.06107077,0.0,0.33007345,0.0,0.03872667,0.0,0.05049355,0.0,0.095886506,0.0,0.0058196764,0.0,0.0036745789,0.0,0.0071967784
0.0,0.0,4.9921575e-24,1.9474784e-23,0.0,6.733101e-05,0.0,3.0053496e-08,0.0,0.0010740396,0.0,0.045310598,0.0,0.17418437,0.0,0.031873647,0.0,0.019544,0.0,0.053823862,0.0,0.018007267,0.0,0.006255099,0.0,0.027408319
0.0,0.0,7.242331e-24,3.7202897000000005e-24,0.0,1.530042e-05,0.0,9.083885e-09,0.0,0.00047650433,0.0,0.04250706,0.0,0.067573205,0.0,0.009586213,0.0,0.27008414,0.0,0.012696362,0.0,0.004384901,0.0,0.003850322,0.0,0.020278493
0.0,0.0,2.7127870000000003e-23,9.626798e-25,0.0,0.00049066823,0.0,1.4903165e-07,0.0,0.00010903157,0.0,0.023272881,0.0,0.038204763,0.0,0.032460634,0.0,0.12095872,0.0,0.037077717,0.0,0.0063007944,0.0,0.003995259,0.0,0.0034252948
0.0,0.0,1.8488541e-23,2.2706067e-25,0.0,0.0015107992,0.0,7.5226734e-07,0.0,3.0701118e-05,0.0,0.031388883,0.0,0.031988062,0.0,0.0427578,0.0,0.18476531,0.0,0.03153991,0.0,0.014906399,0.0,0.0092880735,0.0,0.015788324
0.0,0.0,9.675913e-23,2.2266713e-24,0.0,0.00037847905,0.0,6.368434e-07,0.0,1.2241586e-05,0.0,0.011393402,0.0,0.0032058985,0.0,0.031913754,0.0,0.18503189,0.0,0.049866594,0.0,0.012517754,0.0,0.005226828,0.0,0.0048513347
0.0,0.0,3.3731648e-23,8.561564e-25,0.0,8.601105e-05,0.0,3.0305839e-07,0.0,3.5205665e-06,0.0,0.0016828477,0.0,0.14455636,0.0,0.009617895,0.0,0.17857853,0.0,0.013325411,0.0,0.0064852834,0.0,0.0048129912,0.0,0.014818134
0.0,0.0,7.134713e-22,1.9674476e-25,0.0,1.96019e-05,0.0,8.907471e-08,0.0,0.00134397,0.0,0.0013860705,0.0,0.16582285,0.0,0.029822389,0.0,0.19451606,0.0,0.042430375,0.0,0.009110719,0.0,0.005666224,0.0,0.023676915
0.0,0.0,7.468536e-22,4.1387507e-26,0.0,6.963074e-05,0.0,4.9682164e-08,0.0,0.0016674248,0.0,0.009179234,0.0,0.14517196,0.0,0.045511283,0.0,0.23552191,0.0,0.033970144,0.0,0.008532159,0.0,0.0054736882,0.0,0.0028959387
0.0,0.0,5.0899643e-22,4.146598e-24,0.0,0.00038449507,0.0,2.6170847e-08,0.0,0.00081900315,0.0,0.036856208,0.0,0.13688901,0.0,0.031258415,0.0,0.24389102,0.0,0.039966892,0.0,0.015344778,0.0,0.005748823,0.0,0.0058962316
0.0,0.0,1.1208026e-22,1.0326008e-24,0.0,9.8609795e-05,0.0,5.550161e-09,0.0,0.00021926554,0.0,0.013521882,0.0,0.10596594,0.0,0.009450699,0.0,0.24923387,0.0,0.009481081,0.0,0.004955206,0.0,0.0039820066,0.0,0.023408942
0.0,0.0,9.905057e-23,2.5702772e-25,0.0,2.2706008e-05,0.0,7.647399e-08,0.0,6.0644245e-05,0.0,0.010127231,0.0,0.14526404,0.0,0.016468788,0.0,0.2448847,0.0,0.07490822,0.0,0.0020315784,0.0,0.00142543,0.0,0.0026979689
0.0,0.0,7.2965576e-23,4.8877033e-26,0.0,5.2218084e-06,0.0,2.3458174e-08,0.0,1.6550124e-05,0.0,0.0014791249,0.0,0.19631402,0.0,0.048580587,0.0,0.21138728,0.0,0.091990106,0.0,0.0034044685,0.0,0.0020244345,0.0,0.004375517
0.0,0.0,3.512115e-21,1.0701718e-26,0.0,0.00014096263,0.0,9.240973e-09,0.0,6.727364e-06,0.0,0.00010599321,0.0,0.18053788,0.0,0.03273341,0.0,0.18951887,0.0,0.05257332,0.0,0.015026748,0.0,0.004586946,0.0,0.014841247
0.0,0.0,1.3854933e-20,2.9039744e-27,0.0,5.9966856e-05,0.0,2.9409462e-09,0.0,1.7909722e-06,0.0,2.7477205e-05,0.0,0.15446065,0.0,0.010061211,0.0,0.15711066,0.0,0.024122385,0.0,0.010960289,0.0,0.007148831,0.0,0.005021352
0.0,0.0,5.327128e-21,5.342022e-26,0.0,1.4523801e-05,0.0,1.147431e-08,0.0,4.0487964e-07,0.0,9.871252e-06,0.0,0.13283092,0.0,0.015018176,0.0,0.15893763,0.0,0.023079745,0.0,0.0064118267,0.0,0.0040754965,0.0,0.008546668
0.0,0.0,3.455306e-21,1.4174114e-26,0.0,3.3490448e-06,0.0,1.6784819e-08,0.0,8.7379966e-08,0.0,0.000756181,0.0,0.0797524,0.0,0.050009694,0.0,0.17425393,0.0,0.02416952,0.0,0.005513701,0.0,0.003356476,0.0,0.0151691325
0.0,0.0,2.7498729e-21,2.6573244e-27,0.0,0.00010041079,0.0,9.273167e-09,0.0,1.799257e-05,0.0,0.00017744712,0.0,0.01858251,0.0,0.034882694,0.0,0.17742509,0.0,0.02211938,0.0,0.011459015,0.0,0.006975244,0.0,0.0047879186
0.0,0.0,6.1319499999999986e-21,4.711729e-28,0.0,5.646593e-05,0.0,1.5691821e-09,0.0,2.4357896e-05,0.0,9.160469e-05,0.0,0.040636085,0.0,0.034629777,0.0,0.13842364,0.0,0.058992416,0.0,0.00578285,0.0,0.0036769006,0.0,0.009893653
0.0,0.0,5.349189e-21,9.950527e-29,0.0,1.4304568e-05,0.0,9.011156e-10,0.0,7.270682e-06,0.0,2.284607e-05,0.0,0.004586792,0.0,0.010850783,0.0,0.14160304,0.0,0.016053913,0.0,0.006928065,0.0,0.0021545233,0.0,0.016434949
0.0,0.0,2.6638164e-21,7.4615485e-28,0.0,3.2909436e-06,0.0,1.71279e-10,0.0,1.6044701e-06,0.0,5.8177025e-06,0.0,0.043199766,0.0,0.01542306,0.0,0.12667842,0.0,0.0074494984,0.0,0.004047574,0.0,0.0027077121,0.0,0.012998597
0.0,0.0,1.8290906000000002e-21,4.980484e-28,0.0,0.00019086734,0.0,8.562562e-09,0.0,3.8062564e-07,0.0,1.7853716e-05,0.0,0.16679534,0.0,0.042977475,0.0,0.04741703,0.0,0.069179624,0.0,0.0097664,0.0,0.0053519746,0.0,0.0031506207
0.0,0.0,8.631393e-22,9.819371e-29,0.0,0.00019450151,0.0,5.5029457e-09,0.0,9.521853e-08,0.0,0.00023217063,0.0,0.114037596,0.0,0.033166435,0.0,0.028443491,0.0,0.05196553,0.0,0.0037864768,0.0,0.0024101639,0.0,0.005093653
0.0,0.0,8.62572e-22,2.4030725e-29,0.0,5.048637e-05,0.0,1.5768301e-09,0.0,3.1886735e-08,0.0,5.0378385e-05,0.0,0.08638181,0.0,0.010292551,0.0,0.056346443,0.0,0.017545624,0.0,0.0050358064,0.0,0.0009015022,0.0,0.008797249
0.0,0.0,7.622519999999999e-22,1.2584123e-29,0.0,1.1781168e-05,0.0,5.30667e-10,0.0,6.7937713e-09,0.0,1.3162971e-05,0.0,0.094299585,0.0,0.0025138867,0.0,0.05186861,0.0,0.0030370269,0.0,0.003655141,0.0,0.0022379633,0.0,0.011956754
0.0,0.0,6.735995700000002e-22,6.0288853e-27,0.0,2.7575393e-06,0.0,2.2610275e-10,0.0,7.491377e-08,0.0,5.713138e-06,0.0,0.13846336,0.0,0.042927098,0.0,0.016156645,0.0,0.023584422,0.0,0.007252889,0.0,0.00378842,0.0,0.006046938
0.0,0.0,1.9100432000000002e-21,5.1033094e-26,0.0,6.4666375e-07,0.0,2.4799478e-09,0.0,2.7987674e-08,0.0,3.4252016e-06,0.0,0.08901636,0.0,0.028180592,0.0,0.22665477,0.0,0.021227803,0.0,0.0070720064,0.0,0.003876285,0.0,0.00878619
0.0,0.0,1.206036e-20,1.0333502e-26,0.0,1.0624803e-05,0.0,2.5941183e-10,0.0,7.402107e-09,0.0,5.6043376e-07,0.0,0.023610927,0.0,0.029161187,0.0,0.06395125,0.0,0.017717814,0.0,0.0014765307,0.0,0.0010646044,0.0,0.013260607
0.0,0.0,1.0657632e-20,1.803509e-27,0.0,5.6187882e-06,0.0,1.8446977e-10,0.0,1.3861281e-09,0.0,3.2960215e-05,0.0,0.04380329,0.0,0.008790781,0.0,0.09627217,0.0,0.038983893,0.0,0.003152766,0.0,0.0003256357,0.0,0.0042403657
0.0,0.0,4.3635629999999997e-20,4.8986996e-28,0.0,1.4299338e-06,0.0,5.2429094e-10,0.0,2.1193205e-06,0.0,8.190286e-06,0.0,0.005282092,0.0,0.0021177237,0.0,0.026722606,0.0,0.012843094,0.0,0.00085935957,0.0,0.00068992685,0.0,0.0039641866
0.0,0.0,1.2525455999999998e-19,1.1811163e-28,0.0,3.396778e-07,0.0,1.7478567e-10,0.0,1.6681572e-06,0.0,2.2892382e-06,0.0,0.07546721,0.0,0.027701633,0.0,0.06661877,0.0,0.008652505,0.0,0.002826522,0.0,0.0014154194,0.0,3.0759695e-09
0.0,0.0,5.6234155e-20,1.1375396e-29,0.0,8.04972e-08,0.0,2.2290223e-11,0.0,3.7951608e-07,0.0,5.123591e-07,0.0,0.11654175,0.0,0.021172527,0.0,0.062192407,0.0,0.021077983,0.0,0.0026835604,0.0,0.0013781774,0.0,7.926686e-10
0.0,0.0,4.7456635e-20,2.1891775e-30,0.0,1.2724058e-05,0.0,3.5008086e-12,0.0,9.0726616e-08,0.0,9.117257e-08,0.0,0.06600101,0.0,0.01958143,0.0,0.018345738,0.0,0.013592291,0.0,0.00045086548,0.0,0.00033178128,0.0,1.9274064e-10
0.0,0.0,4.409789e-20,4.3190234e-31,0.0,4.0990567e-06,0.0,1.0622697e-12,0.0,2.2992582e-08,0.0,4.9257187e-06,0.0,0.013116964,0.0,0.0053326814,0.0,0.1805794,0.0,0.046121523,0.0,0.001001077,0.0,0.0005239882,0.0,5.4125468e-11
0.0,0.0,2.1930574e-20,7.015339e-30,0.0,9.857806e-07,0.0,4.529836e-11,0.0,6.015277e-09,0.0,1.7515205e-05,0.0,0.16631025,0.0,0.0012596333,0.0,0.061459173,0.0,0.025493586,0.0,0.00036726493,0.0,0.00022248931,0.0,1.714239e-11
0.0,0.0,2.1915806e-20,3.256278e-30,0.0,2.3490676e-07,0.0,1.1705921e-11,0.0,8.8566225e-08,0.0,5.6120516e-06,0.0,0.14283764,0.0,0.01624271,0.0,0.03103378,0.0,0.0074268533,0.0,0.0006143591,0.0,0.0002984354,0.0,4.5452847e-12
0.0,0.0,1.9366613e-20,6.958723000000001e-31,0.0,5.6414354e-08,0.0,1.868917e-11,0.0,1.8829e-08,0.0,1.4276458e-06,0.0,0.053304892,0.0,0.014953733,0.0,0.031102825,0.0,0.034249548,0.0,0.0014985254,0.0,0.00069176796,0.0,1.1480334e-12
0.0,0.0,1.0795509e-20,7.790644e-30,0.0,1.36551535e-08,0.0,3.2100466e-12,0.0,3.72575e-09,0.0,3.6858796e-07,0.0,0.02574013,0.0,0.013577165,0.0,0.048907056,0.0,0.012382181,0.0,0.00025593516,0.0,0.00018074442,0.0,2.781045e-13
0.0,0.0,9.883150999999999e-21,1.8789538e-30,0.0,2.080606e-06,0.0,4.0012205e-13,0.0,7.0205813e-10,0.0,6.255082e-08,0.0,0.0070921076,0.0,0.0035686947,0.0,0.010378805,0.0,0.008488937,0.0,0.0016591902,0.0,0.0007698769,0.0,1.166804e-11
0.0,0.0,9.421021e-21,3.993579e-31,0.0,6.46113e-07,0.0,4.103586e-12,0.0,1.416289e-10,0.0,3.488088e-08,0.0,0.09151151,0.0,0.0008544648,0.0,0.13241771,0.0,0.020898776,0.0,0.0009228877,0.0,0.0001316642,0.0,2.966501e-12
0.0,0.0,9.4146765e-21,8.266618e-32,0.0,1.5803475e-07,0.0,8.391095e-12,0.0,2.1936388e-11,0.0,2.0942108e-08,0.0,0.03724213,0.0,0.0007056612,0.0,0.048943706,0.0,0.00418027,0.0,0.0002511493,0.0,0.00016700322,0.0,6.4929925e-13
0.0,0.0,6.181365e-21,1.6613661e-32,0.0,3.8761403e-08,0.0,2.550252e-12,0.0,4.0105055e-12,0.0,6.4100977e-06,0.0,0.0042192377,0.0,0.010881039,0.0,0.010538211,0.0,0.02063112,0.0,6.312291e-05,0.0,4.7625068e-05,0.0,1.3063276e-13
0.0,0.0,3.445671e-21,2.4933515e-33,0.0,9.615522e-09,0.0,5.078621e-13,0.0,7.161327e-13,0.0,2.27606e-06,0.0,0.012857792,0.0,0.0074142087,0.0,0.121523745,0.0,0.004931831,0.0,0.0004994128,0.0,0.00020886747,0.0,2.3588367e-14
0.0,0.0,3.4433505e-21,6.3994463e-34,0.0,2.4020443e-09,0.0,1.0820956e-13,0.0,4.64266e-08,0.0,6.267042e-07,0.0,0.023288481,0.0,0.0018844644,0.0,0.021600122,0.0,0.015283355,0.0,0.00056225207,0.0,0.0002527457,0.0,4.6231524e-15
0.0,0.0,3.0414088e-21,7.716739e-35,0.0,2.4384366e-07,0.0,1.9276755e-14,0.0,3.1279768e-08,0.0,1.800301e-07,0.0,0.005402156,0.0,0.00045940152,0.0,0.061946135,0.0,0.0030677845,0.0,9.936826e-05,0.0,6.611693e-05,0.0,8.893882e-16
0.0,0.0,2.4412784000000006e-21,1.3927211e-34,0.0,1.7055294e-07,0.0,2.707652e-15,0.0,6.1941465e-09,0.0,4.7833346e-08,0.0,0.028922109,0.0,0.000111340465,0.0,0.015328309,0.0,0.0054413937,0.0,3.451596e-05,0.0,2.050168e-05,0.0,1.7077022000000002e-16
0.0,0.0,2.4396343000000002e-21,2.7332947e-35,0.0,5.2290744e-08,0.0,8.214501e-16,0.0,1.7185806e-09,0.0,1.594655e-08,0.0,0.0038257907,0.0,0.0021185542,0.0,0.07417244,0.0,0.0061915824,0.0,4.8671285e-05,0.0,3.723813e-06,0.0,5.5700476e-15
0.0,0.0,1.6625411e-21,4.1744983e-36,0.0,1.3382649e-08,0.0,6.896958e-17,0.0,1.7265445e-10,0.0,4.038506e-09,0.0,0.00973848,0.0,0.0037457321,0.0,0.0117834015,0.0,0.005491508,0.0,1.12224625e-05,0.0,3.182264e-06,0.0,2.949374e-15
0.0,0.0,1.6614215000000001e-21,1.0413687e-34,0.0,3.466635e-09,0.0,6.284969e-16,0.0,3.330859e-11,0.0,6.352206e-06,0.0,0.052203145,0.0,0.0055327164,0.0,0.06615155,0.0,0.0096798865,0.0,0.00023056532,0.0,8.306067e-05,0.0,5.4895237e-16
0.0,0.0,1.4681691e-21,2.9849148e-35,0.0,8.834858e-10,0.0,1.94473e-15,0.0,6.055121e-12,0.0,5.576037e-06,0.0,0.0072914856,0.0,0.0013740717,0.0,0.023415748,0.0,0.0068553407,0.0,0.0002472306,0.0,0.000104169296,0.0,1.176967e-16
0.0,0.0,1.4671804e-21,5.481447e-36,0.0,2.2417969e-10,0.0,3.0734006e-16,0.0,1.2292477e-12,0.0,1.4790152e-06,0.0,0.016138088,0.0,0.0003444304,0.0,0.02885215,0.0,0.008797801,0.0,4.5981542e-05,0.0,2.8758204e-05,0.0,2.1642861e-17
0.0,0.0,1.4661924e-21,9.126162e-37,0.0,5.7018282e-11,0.0,1.1393434000000002e-16,0.0,2.2229668e-13,0.0,4.3682354e-07,0.0,0.055702496,0.0,8.0409634e-05,0.0,0.06486442,0.0,0.006364299,0.0,5.3307205e-05,0.0,2.8259868e-05,0.0,5.127183e-18
0.0,0.0,1.4652051e-21,2.1894468e-37,0.0,4.1715186e-08,0.0,1.164353e-14,0.0,5.2689505e-14,0.0,1.00976564e-07,0.0,0.00886008,0.0,0.0027481522,0.0,0.02283966,0.0,0.02919931,0.0,3.183635e-05,0.0,4.9240757e-06,0.0,1.2410613e-18
0.0,0.0,1.4642183e-21,2.9337764000000003e-38,0.0,1.7714147e-08,0.0,1.6290975e-15,0.0,1.2433739e-14,0.0,2.2023576e-08,0.0,0.10542258,0.0,0.0039967266,0.0,0.09149919,0.0,0.00981617,0.0,0.00029638535,0.0,0.00013514615,0.0,3.1580309999999995e-19
0.0,0.0,5.740345000000002e-22,4.9306704e-38,0.0,4.515219e-09,0.0,4.917515e-16,0.0,2.1307673e-15,0.0,5.8657403e-09,0.0,0.055593748,0.0,0.0009554275,0.0,0.014408348,0.0,0.0060337363,0.0,5.1882278e-05,0.0,3.7190846e-05,0.0,5.8196526e-16
0.0,0.0,5.7364794000000015e-22,1.3190962e-38,0.0,1.1045109e-09,0.0,8.739759e-15,0.0,4.458129e-16,0.0,2.6438283e-06,0.0,0.010447406,0.0,0.00022742212,0.0,0.11552673,0.0,0.018223159,0.0,0.00016076665,0.0,7.214869e-05,0.0,6.030326e-16
0.0,0.0,3.6386478000000003e-22,1.499174e-39,0.0,2.7120528e-10,0.0,3.3971093e-15,0.0,8.045735e-17,0.0,1.7416643e-05,0.0,0.07796644,0.0,5.4076067e-05,0.0,0.06593002,0.0,0.007063199,0.0,8.4800835e-05,0.0,4.1426458e-05,0.0,1.3634104000000002e-16
0.0,0.0,2.1651193e-22,3.68585e-40,0.0,9.170268e-09,0.0,4.599587e-16,0.0,1.1040830000000001e-17,0.0,4.83304e-06,0.0,0.019059008,0.0,0.0022480628,0.0,0.01590774,0.0,0.008597582,0.0,1.998278e-05,0.0,1.2318919e-05,0.0,2.9448943e-17
0.0,0.0,2.9791036e-20,6.6469e-41,0.0,3.3493917e-09,0.0,7.46365e-17,0.0,6.8063527e-15,0.0,1.5351962e-06,0.0,0.021422938,0.0,0.0014109593,0.0,0.07317606,0.0,0.0061052535,0.0,6.819766e-05,0.0,2.9243247e-05,0.0,6.162413699999999e-18
0.0,0.0,1.7569294e-20,3.5939e-41,0.0,8.594563e-10,0.0,3.3053644e-17,0.0,2.778466e-15,0.0,4.993882e-07,0.0,0.01246053,0.0,0.0003401864,0.0,0.009642326,0.0,0.018700114,0.0,0.00015709325,0.0,6.790452e-05,0.0,1.3987405999999998e-18
0.0,0.0,1.552537e-20,3.5701e-41,0.0,2.1587877e-10,0.0,7.6631335e-17,0.0,5.799399e-16,0.0,1.143309e-07,0.0,0.049974676,0.0,8.2995e-05,0.0,0.043436117,0.0,0.0063150697,0.0,2.8634027e-05,0.0,1.843898e-05,0.0,2.7671963e-19
0.0,0.0,1.5514611e-20,3.1670000000000003e-42,0.0,4.456141e-09,0.0,1.1627838e-14,0.0,7.514574e-17,0.0,3.280616e-08,0.0,0.0085404115,0.0,1.9972274e-05,0.0,0.023045393,0.0,0.008208472,0.0,1.2337556e-05,0.0,6.8338913e-06,0.0,5.7850886e-20
0.0,0.0,7.321011e-21,1.7084060000000002e-39,0.0,8.1312646e-09,0.0,1.594343e-15,0.0,1.5286352e-17,0.0,8.0072775e-09,0.0,0.055027958,0.0,0.000718802,0.0,0.029470224,0.0,0.009421554,0.0,1.2016488e-05,0.0,1.2208229e-06,0.0,1.19266455e-20
0.0,0.0,7.3159375e-21,6.076760000000001e-40,0.0,2.5860465e-09,0.0,6.3185143e-16,0.0,2.4905608e-18,0.0,1.119209e-07,0.0,0.0440469,0.0,0.00085441023,0.0,0.033640143,0.0,0.0028018397,0.0,5.436573e-06,0.0,1.9943468e-06,0.0,6.0851865e-21
0.0,0.0,2.8680961000000006e-21,1.44096e-40,0.0,6.4770206e-10,0.0,1.6497734e-16,0.0,4.0496462e-19,0.0,1.9444164e-08,0.0,0.0057369443,0.0,0.0020632015,0.0,0.021879094,0.0,0.006671938,0.0,4.6674737e-05,0.0,1.8099377e-05,0.0,1.4179652e-21
0.0,0.0,2.8661083e-21,2.3608e-41,0.0,1.650037e-10,0.0,5.820127500000001e-17,0.0,1.6597637e-17,0.0,4.5229895e-09,0.0,0.023440696,0.0,0.00051826675,0.0,0.028758338,0.0,0.007221399,0.0,8.693062e-06,0.0,5.187905e-06,0.0,1.462993e-16
0.0,0.0,1.8179362e-21,5.018000000000001e-42,0.0,4.2875762e-11,0.0,5.8030864e-18,0.0,4.1716687e-18,0.0,7.5356596e-08,0.0,0.0051123383,0.0,0.00013044428,0.0,0.02719342,0.0,0.00415372,0.0,1.6300232e-06,0.0,1.1850775e-06,0.0,3.5979005e-17
0.0,0.0,1.8166762e-21,1.3470000000000003e-42,0.0,1.14206075e-11,0.0,2.5882887e-18,0.0,1.0421516e-18,0.0,3.0361086e-08,0.0,0.0055006593,0.0,3.3545402e-05,0.0,0.012938025,0.0,0.0030845564,0.0,1.2215781e-05,0.0,4.0341656e-06,0.0,6.314258e-18
0.0,0.0,3.3194047e-20,1.2177e-41,0.0,3.0765234e-12,0.0,1.058701e-18,0.0,2.6095832e-19,0.0,8.80855e-09,0.0,0.003970587,0.0,8.405844e-06,0.0,0.0049897595,0.0,0.0053290734,0.0,4.6491887e-06,0.0,7.461436e-07,0.0,1.1580251e-18
0.0,0.0,3.7733863e-20,1.2999999999999998e-43,0.0,4.776616e-09,0.0,4.647702e-19,0.0,5.877992e-20,0.0,2.6532474e-09,0.0,0.006431886,0.0,0.00036941614,0.0,0.00023253987,0.0,0.0043527903,0.0,1.14453e-06,0.0,1.4143585e-07,0.0,2.010401e-19
0.0,0.0,3.770726e-20,1.8000000000000002e-44,0.0,2.1515776e-09,0.0,3.508536e-20,0.0,1.0749076e-20,0.0,7.206406e-10,0.0,0.0106744,0.0,0.0003053331,0.0,5.0084385e-05,0.0,0.0033932095,0.0,2.8835882e-07,0.0,1.9513845e-07,0.0,3.4674694e-20
0.0,0.0,1.543281e-20,4.000000000000001e-45,0.0,6.007015e-10,0.0,1.4393687e-19,0.0,2.1029088e-21,0.0,1.3841114e-10,0.0,0.013058653,0.0,7.7553705e-05,0.0,1.0089334e-05,0.0,0.0037716592,0.0,2.6085308e-06,0.0,8.3946037e-07,0.0,6.220598e-21
0.0,0.0,6.6079263e-21,1e-45,0.0,1.6200422e-10,0.0,2.6907268e-20,0.0,3.869839e-22,0.0,2.9631547e-11,0.0,0.008644312,0.0,1.992393e-05,0.0,1.7560291e-06,0.0,0.004351521,0.0,8.329668e-07,0.0,3.7027843e-07,0.0,1.0648251000000001e-21
0.0,0.0,6.6032673e-21,0.0,0.0,4.3477985e-11,0.0,5.044015e-21,0.0,5.8287184e-23,0.0,1.7729399e-09,0.0,0.020351384,0.0,4.95745e-06,0.0,3.1572634e-07,0.0,0.0070645623,0.0,1.5987206e-07,0.0,9.902271e-08,0.0,2.00466e-22
0.0,0.0,5.835007e-21,0.0,0.0,1.1474161e-11,0.0,4.1170996e-21,0.0,8.502776e-24,0.0,1.3274074e-09,0.0,0.0055295248,0.0,2.8142482e-05,0.0,5.4915876e-08,0.0,0.0017831837,0.0,3.136553e-08,0.0,2.2630877e-08,0.0,3.5648893e-23
0.0,0.0,5.830893e-21,0.0,0.0,3.0907835e-12,0.0,1.2189018000000001e-21,0.0,1.7214562000000002e-24,0.0,2.5947205e-10,0.0,0.003037393,0.0,0.00020254072,0.0,9.0765715e-09,0.0,4.6736105e-07,0.0,6.123469e-08,0.0,1.9825173e-08,0.0,6.240662e-24
0.0,0.0,5.8267822e-21,0.0,0.0,8.654556e-13,0.0,6.329404e-22,0.0,3.572575e-25,0.0,6.3339396e-11,0.0,0.002428463,0.0,0.00019247527,0.0,1.5775987e-09,0.0,1.1993428e-07,0.0,4.249444e-08,0.0,3.874716e-09,0.0,1.0694535e-24
0.0,0.0,5.822674e-21,0.0,0.0,2.3892734e-13,0.0,1.5362422e-22,0.0,6.0609977e-26,0.0,1.471196e-11,0.0,0.0008283751,0.0,0.00037577783,0.0,2.757344e-10,0.0,7.740208e-05,0.0,9.024621e-09,0.0,7.363855e-10,0.0,1.8773502e-25
0.0,0.0,5.818569e-21,0.0,0.0,1.7744156e-10,0.0,2.88913e-23,0.0,8.811493e-27,0.0,1.9737016e-11,0.0,2.978314e-10,0.0,9.752758e-05,0.0,4.856491e-11,0.0,4.8069716e-05,0.0,1.859389e-09,0.0,9.476457e-10,0.0,3.2210158e-26
0.0,0.0,5.141605e-21,0.0,0.0,8.4551297e-11,0.0,7.089358e-24,0.0,1.8766957e-27,0.0,8.177347e-12,0.0,1.06820115e-10,0.0,2.4760811e-05,0.0,8.674272e-12,0.0,1.4100686e-05,0.0,3.5521266e-10,0.0,3.382738e-10,0.0,2.9716059e-24
0.0,0.0,2.55692e-21,0.0,0.0,2.3232435e-11,0.0,8.387256e-25,0.0,3.4872014e-28,0.0,2.448911e-12,0.0,3.7023187e-11,0.0,6.3137672e-06,0.0,1.5391107e-12,0.0,5.0685126e-06,0.0,3.228014e-07,0.0,9.862888e-08,0.0,5.790626e-25
0.0,0.0,2.5551173000000007e-21,0.0,0.0,6.217424e-12,0.0,7.607071e-22,0.0,6.251471000000001e-29,0.0,7.365406e-13,0.0,1.1652102e-11,0.0,1.584523e-06,0.0,3.7399923e-13,0.0,1.3711912e-06,0.0,5.4164866e-07,0.0,1.8694703e-08,0.0,1.0252210999999999e-25
0.0,0.0,2.257841e-21,0.0,0.0,1.6289782e-12,0.0,1.0076164000000001e-22,0.0,9.5128345e-30,0.0,1.4177614e-13,0.0,4.8895046e-12,0.0,2.0788453e-05,0.0,1.0227946e-13,0.0,3.768839e-07,0.0,1.3390613e-07,0.0,3.42731e-09,0.0,1.9372748e-26
0.0,0.0,2.2562492e-21,0.0,0.0,4.261262e-13,0.0,2.3493488e-23,0.0,2.789267e-30,0.0,3.0614224e-14,0.0,1.4743904e-12,0.0,0.00016717456,0.0,2.7160337e-14,0.0,1.1614795e-06,0.0,3.3345508e-08,0.0,2.445994e-08,0.0,3.459849e-27
0.0,0.0,1.4310931e-21,0.0,0.0,1.13459365e-13,0.0,7.650262e-24,0.0,3.8192536e-31,0.0,9.5389145e-09,0.0,4.1511502e-13,0.0,0.00021290155,0.0,6.9924526e-15,0.0,2.1928676e-05,0.0,4.363226e-06,0.0,1.3122738e-06,0.0,6.0261680000000005e-28
0.0,0.0,1.0541043e-21,0.0,0.0,3.3639817e-13,0.0,3.859886e-24,0.0,1.0438082e-24,0.0,5.0330407e-09,0.0,5.898621e-14,0.0,5.376042e-05,0.0,1.7664724e-15,0.0,3.920399e-05,0.0,2.070224e-06,0.0,8.355327e-07,0.0,1.1054978e-28
0.0,0.0,1.0533611000000001e-21,0.0,0.0,5.9829057e-13,0.0,3.3560652e-22,0.0,3.3510607e-25,0.0,1.322347e-09,0.0,3.3015203e-14,0.0,1.32379255e-05,0.0,4.69769e-16,0.0,1.4163128e-05,0.0,3.9275253e-07,0.0,2.368256e-07,0.0,1.9723384e-29
0.0,0.0,7.178128000000002e-22,0.0,0.0,2.0440564e-13,0.0,1.089543e-22,0.0,6.151606e-26,0.0,3.597765e-10,0.0,1.0014297e-14,0.0,3.3924641e-06,0.0,1.1359846000000002e-16,0.0,5.385616e-06,0.0,7.49234e-08,0.0,5.4116267e-08,0.0,5.68317e-26
0.0,0.0,6.342985400000002e-22,0.0,0.0,5.490219e-14,0.0,1.7184155e-23,0.0,9.483026e-27,0.0,1.06827165e-10,0.0,3.6150274e-15,0.0,8.557645e-07,0.0,3.8503405e-17,0.0,1.6387145e-06,0.0,3.902379e-07,0.0,1.022749e-08,0.0,1.332984e-26
0.0,0.0,6.3385133e-22,0.0,0.0,1.4750503e-14,0.0,5.8594584e-24,0.0,1.5523565e-27,0.0,3.242084e-11,0.0,2.0713443e-15,0.0,4.0028986e-05,0.0,3.3516556e-18,0.0,4.4101358e-07,0.0,1.4649594e-07,0.0,1.8820752e-09,0.0,2.4104433e-27
0.0,0.0,2.7139857000000004e-22,0.0,0.0,2.4021722e-11,0.0,1.6698925e-24,0.0,3.3565586e-28,0.0,9.836745e-12,0.0,7.3982573e-16,0.0,0.00013865164,0.0,1.4201235e-12,0.0,2.8554277e-06,0.0,3.4389714e-08,0.0,2.386701e-08,0.0,4.5211307e-28
0.0,0.0,2.3982258000000003e-22,0.0,0.0,1.5090127e-11,0.0,2.5141281e-24,0.0,4.5649472e-29,0.0,3.2386726e-12,0.0,2.6277204e-16,0.0,3.4544904e-05,0.0,1.0430647e-12,0.0,2.3262159e-05,0.0,1.0395544e-07,0.0,3.816239e-08,0.0,3.9286772999999994e-28
0.0,0.0,1.9241691e-22,0.0,0.0,4.8749776e-12,0.0,3.8439129e-25,0.0,8.5467414e-30,0.0,9.294704e-13,0.0,9.253458e-17,0.0,8.664873e-06,0.0,3.9566131e-13,0.0,1.0395283e-05,0.0,1.970767e-08,0.0,1.1384099e-08,0.0,1.6964899e-28
0.0,0.0,6.702678e-23,0.0,0.0,1.2580485e-12,0.0,2.5546462e-25,0.0,1.5098035e-30,0.0,4.7058454e-11,0.0,5.3065707e-12,0.0,2.1158316e-06,0.0,1.3153899e-13,0.0,2.7245123e-06,0.0,3.5959222e-09,0.0,2.629951e-09,0.0,3.7775232e-29
0.0,0.0,6.697952000000001e-23,0.0,0.0,3.1978052e-13,0.0,3.1426283000000003e-26,0.0,2.6943647e-31,0.0,3.098037e-11,0.0,5.281891e-12,0.0,5.1775356e-07,0.0,4.2064246e-14,0.0,1.3446194e-06,0.0,3.7968474e-07,0.0,4.854137e-10,0.0,7.806776e-30
0.0,0.0,5.918676e-23,0.0,0.0,8.244278e-14,0.0,1.3053893e-26,0.0,4.5390565e-32,0.0,7.539818e-12,0.0,1.501769e-12,0.0,7.7494275e-05,0.0,1.2388502e-14,0.0,3.6649703e-07,0.0,1.0387796e-07,0.0,9.107209e-11,0.0,1.4567559e-30
0.0,0.0,5.914503000000001e-23,0.0,0.0,2.1381146e-14,0.0,4.7509175e-27,0.0,5.4207455e-33,0.0,1.5152078e-12,0.0,9.971005e-13,0.0,0.00014222146,0.0,1.4420508e-13,0.0,2.8534535e-06,0.0,2.5167967e-08,0.0,1.8201009e-08,0.0,2.6549713e-31
0.0,0.0,5.9103333e-23,0.0,0.0,6.665291e-11,0.0,4.418738e-27,0.0,1.9378729e-28,0.0,5.7266106e-13,0.0,3.3183793e-11,0.0,3.537844e-05,0.0,1.4642753e-13,0.0,2.4070057e-05,0.0,1.4907582e-06,0.0,5.078524e-07,0.0,4.9955665e-32
0.0,0.0,2.9490006e-23,0.0,0.0,2.712258e-11,0.0,3.7589476e-27,0.0,1.4750942e-28,0.0,7.681744e-14,0.0,3.3874053e-11,0.0,8.581896e-06,0.0,8.7016975e-14,0.0,1.0499802e-05,0.0,2.8048137e-07,0.0,1.5913518e-07,0.0,1.0422684e-32
0.0,0.0,1.5446149e-23,0.0,0.0,7.046053e-12,0.0,1.0177676e-27,0.0,2.9141433e-29,0.0,3.3191792e-14,0.0,2.486989e-11,0.0,2.1014184e-06,0.0,3.34137e-14,0.0,2.865412e-06,0.0,5.167108e-08,0.0,3.7420055e-08,0.0,2.2360312e-33
0.0,0.0,1.5435258e-23,0.0,0.0,1.7946485e-12,0.0,1.5518497e-28,0.0,4.2634778e-30,0.0,1.6157862e-14,0.0,1.0565162e-11,0.0,6.7852043e-06,0.0,1.0981416e-14,0.0,1.3256575e-06,0.0,4.3718646e-07,0.0,6.6894756e-09,0.0,1.4046995e-30
0.0,0.0,1.0798114e-23,0.0,0.0,4.5354657e-13,0.0,1.7166936e-21,0.0,8.347407000000001e-31,0.0,6.5449812e-15,0.0,4.3688573e-12,0.0,0.00018759898,0.0,2.0639865e-13,0.0,4.0457608e-06,0.0,1.0323686e-07,0.0,3.9447382e-08,0.0,6.8535303e-31
0.0,0.0,6.2666534000000006e-24,0.0,0.0,2.4011773e-12,0.0,2.2459824000000003e-22,0.0,1.5927041e-31,0.0,2.275859e-15,0.0,1.783356e-12,0.0,4.591458e-05,0.0,1.6722863e-13,0.0,2.28791e-05,0.0,1.0309789e-06,0.0,3.7847366e-07,0.0,1.4667394e-31
0.0,0.0,2.3314547e-24,0.0,0.0,1.9304645e-12,0.0,6.445839e-23,0.0,2.544305e-32,0.0,1.0242736e-15,0.0,3.3487798e-12,0.0,1.1064333e-05,0.0,7.5072733e-14,0.0,1.2938454e-05,0.0,1.8759475e-07,0.0,1.1559708e-07,0.0,3.5664187e-32
0.0,0.0,4.844265e-25,0.0,0.0,5.7968436e-13,0.0,9.566448e-23,0.0,4.9072294e-33,0.0,2.9495005e-14,0.0,1.662292e-12,0.0,2.6413115e-06,0.0,2.8423658e-14,0.0,5.402828e-06,0.0,7.0893475e-07,0.0,3.0729484e-07,0.0,9.267993e-33
0.0,0.0,4.066252e-24,0.0,0.0,1.4287665e-13,0.0,1.77395e-23,0.0,1.1648465e-33,0.0,4.938423e-15,0.0,1.1888992e-12,0.0,0.000102024984,0.0,1.0019751e-14,0.0,2.6470334e-06,0.0,5.6565983e-07,0.0,5.439902e-08,0.0,2.180813e-33
0.0,0.0,4.9533432e-24,0.0,0.0,1.1426525e-10,0.0,5.9721677e-24,0.0,1.397673e-17,0.0,8.455467e-15,0.0,5.5660945e-13,0.0,4.7794907e-05,0.0,3.439423e-13,0.0,4.5410026e-05,0.0,1.579824e-05,0.0,5.2179807e-06,0.0,8.0491215e-29
0.0,0.0,1.01121744e-25,0.0,0.0,7.330903e-11,0.0,4.1151402000000005e-24,0.0,6.730577599999999e-18,0.0,6.7889013e-15,0.0,2.7675074e-13,0.0,1.13131955e-05,0.0,3.0498856e-13,0.0,2.5848718e-05,0.0,7.827731e-06,0.0,4.133084e-06,0.0,2.4939979e-29
0.0,0.0,4.217702e-26,0.0,0.0,2.0610342e-11,0.0,1.7219402e-24,0.0,1.4342091e-18,0.0,3.4171677e-15,0.0,2.7918579e-10,0.0,3.6157977e-05,0.0,1.6785903e-13,0.0,1.6829139e-05,0.0,1.3933254e-06,0.0,1.0240386e-06,0.0,5.7455365000000005e-30
0.0,0.0,1.7626653000000002e-26,0.0,0.0,4.9465163e-12,0.0,2.9896973e-23,0.0,3.1898424e-19,0.0,6.341494e-16,0.0,1.8308587e-10,0.0,0.00014283985,0.0,6.204422e-12,0.0,1.0680863e-05,0.0,8.1804035e-07,0.0,4.6179719e-07,0.0,3.666627e-27
0.0,0.0,1.3188382000000002e-26,0.0,0.0,5.0792837e-09,0.0,3.0555918e-23,0.0,6.2035e-20,0.0,9.077151e-13,0.0,1.895498e-10,0.0,3.286459e-05,0.0,9.162128e-12,0.0,0.00016066602,0.0,4.6897927e-05,0.0,8.038968e-08,0.0,1.4302788e-27
0.0,0.0,9.71376e-27,0.0,0.0,3.6598566e-09,0.0,8.101925e-24,0.0,4.210732e-15,0.0,5.594093e-13,0.0,4.461657e-09,0.0,7.5003804e-06,0.0,5.5237668e-12,0.0,8.45383e-05,0.0,8.268215e-06,0.0,8.122828e-06,0.0,3.1954475e-26
0.0,0.0,7.154564e-27,0.0,0.0,9.65234e-10,0.0,8.163726000000001e-17,0.0,1.396537e-15,0.0,9.124671e-14,0.0,2.2021436e-09,0.0,0.00029944084,0.0,2.5752124e-12,0.0,5.0459697e-05,0.0,9.9085755e-06,0.0,1.98912e-06,0.0,2.3767339e-26
0.0,0.0,1.6822353000000003e-27,0.0,0.0,1.7870265e-09,0.0,3.901159e-17,0.0,3.3711925000000003e-16,0.0,6.529488e-11,0.0,7.096515e-09,0.0,0.0012988541,0.0,5.3254925e-09,0.0,0.00031373647,0.0,0.00012520017,0.0,6.4481086e-05,0.0,1.1565243e-25
0.0,0.0,2.2025993e-29,0.0,0.0,2.1491138e-09,0.0,7.884295e-17,0.0,9.563012e-17,0.0,6.4378905e-11,0.0,2.0859353e-08,0.0,0.00029455364,0.0,4.027248e-09,0.0,0.0002734436,0.0,6.5560125e-05,0.0,3.961033e-05,0.0,3.7851149999999996e-26
0.0,0.0,1.2500606e-30,6.46e-43,0.0,1.5510464e-09,0.0,6.888741000000001e-17,0.0,2.3721356e-17,0.0,1.9145116e-11,0.0,1.4865585e-08,0.0,0.00018278568,0.0,2.20968e-09,0.0,0.00038051856,0.0,2.394466e-05,0.0,1.627358e-05,0.0,3.5727546e-24
0.0,0.0,6.2161434e-31,9.540000000000001e-43,0.0,4.415011e-09,0.0,1.7812401e-17,0.0,6.0205745e-18,0.0,8.0294764e-11,0.0,9.116255e-09,0.0,0.00224487,0.0,4.1200703e-08,0.0,0.0011825555,0.0,2.7286522e-05,0.0,1.6518425e-05,0.0,6.1497833e-24
0.0,0.0,3.2210334e-31,1.84e-43,0.0,1.1497876e-09,0.0,1.0394173e-14,0.0,1.6270476000000002e-16,0.0,3.9932724e-11,0.0,1.6038686e-07,0.0,0.00050462777,0.0,3.599911e-08,0.0,0.0014992148,0.0,0.00019416203,0.0,4.378111e-05,0.0,3.3451083e-19
0.0,0.0,9.108773e-32,3.8e-44,0.0,7.2581366e-07,0.0,3.942975e-15,0.0,8.155275000000001e-17,0.0,1.0834939e-10,0.0,1.5009396e-05,0.0,0.0016635363,0.0,2.5502056e-08,0.0,0.015361254,0.0,4.9126153e-05,0.0,4.2385596e-05,0.0,1.0362172e-18
0.0,0.0,1.7648195e-32,1e-44,0.0,2.2107572e-07,0.0,7.685395e-16,0.0,2.4800243e-17,0.0,8.449929e-11,0.0,3.573768e-05,0.0,0.00666627,0.0,2.0930575e-07,0.0,0.00460252,0.0,0.00024181436,0.0,0.0001425907,0.0,3.8690634e-19
0.0,0.0,2.87854e-33,3e-45,0.0,5.1191723e-08,0.0,3.3212453e-14,0.0,9.080294e-12,0.0,5.7894467e-09,0.0,2.2455624e-05,0.0,0.0015355049,0.0,5.7167097e-07,0.0,0.07926752,0.0,0.0006251519,0.0,0.00017312859,0.0,3.2727246e-14
0.0,0.0,5.5038964e-35,0.0,0.0,4.3333284e-06,0.0,1.378639e-14,0.0,3.2400471e-12,0.0,2.0452838e-08,0.0,4.503922e-05,0.0,0.010121624,0.0,4.568024e-07,0.0,0.08458554,0.0,0.0013523324,0.0,0.0008515131,0.0,1.9735102e-14
0.0,0.0,4.364698e-36,1.0836004e-38,0.0,1.589528e-06,0.0,2.5305675e-14,0.0,1.0361988e-12,0.0,2.702099e-08,0.0,0.00041396817,0.0,0.012025389,0.0,1.3629782e-06,0.0,0.077656776,0.0,0.001581598,0.0,0.0009876809,0.0,3.8129147e-14
0.0,0.0,2.0861289e-36,3.926728e-39,0.0,2.343605e-05,0.0,4.814655e-14,0.0,2.7999356e-13,0.0,4.5656842e-07,0.0,0.00037692284,0.0,0.00290433,0.0,0.002796999,0.0,0.087018296,0.0,0.0019399099,0.0,0.000724792,0.0,3.0155298e-14
0.0,0.0,6.8454e-36,1.520762e-39,0.0,4.0302104e-05,0.0,4.3051205e-12,0.0,1.0485393e-07,0.0,9.846805e-07,0.0,0.046706926,0.0,0.032164156,0.0,0.10430759,0.0,0.080780804,0.0,0.008483475,0.0,0.0055867946,0.0,1.0164285e-12
0.0,0.0,4.2270476e-36,7.376601e-38,0.0,9.90707e-06,0.0,6.1225954e-13,0.0,8.486939e-08,0.0,1.1704794e-06,0.0,0.1002713,0.0,0.042583305,0.0,0.11361293,0.0,0.07635265,0.0,0.012118621,0.0,0.008135152,0.0,1.1581065e-09
0.0,0.0,3.113142e-36,2.3051396e-38,0.0,0.00031497527,0.0,1.9076454e-09,0.0,2.126041e-08,0.0,4.1953583e-05,0.0,0.05550677,0.0,0.04758533,0.0,0.13949986,0.0,0.04506348,0.0,0.029614031,0.0,0.012310543,0.0,5.173836e-09
0.0,0.0,1.6361114e-36,6.173626e-39,0.0,0.00013653771,0.0,3.4031256e-09,0.0,0.0031349289,0.0,4.50502e-05,0.0,0.37633732,0.0,0.01683528,0.0,0.15100722,0.0,0.010778579,0.0,0.009153987,0.0,0.0078052585,0.0,2.2625668e-09
0.0,0.0,1.1147896e-36,1.0528047000000001e-21,0.0,0.00010538875,0.0,1.7883089e-08,0.0,0.025724977,0.0,0.0019140755,0.0,0.22557694,0.0,0.084059045,0.0,0.1276661,0.0,0.1259785,0.0,0.02609572,0.0,0.01700307,0.0,9.548982e-10
0.0,0.0,8.715153e-37,2.9654266e-22,0.0,0.00057890045,0.0,3.4930387e-08,0.0,0.003469532,0.0,0.0018568238,0.0,0.17962503,0.0,0.08268582,0.0,0.16829045,0.0,0.0649716,0.0,0.015316379,0.0,0.010728789,0.0,1.0349937e-08
0.0,0.0,1.2494723e-35,6.948110000000001e-23,0.0,0.00014131675,0.0,1.174596e-08,0.0,0.0033719926,0.0,0.0007512267,0.0,0.16341408,0.0,0.04172361,0.0,0.17510107,0.0,0.022007974,0.0,0.022205995,0.0,0.010780501,0.0,4.221371e-08
0.0,0.0,1.9454444e-33,7.447356000000002e-22,0.0,0.00084367796,0.0,1.2074632e-07,0.0,0.02300799,0.0,0.0064151837,0.0,0.022499457,0.0,0.113113225,0.0,0.22491148,0.0,0.095291264,0.0,0.031136904,0.0,0.02154943,0.0,1.8674172e-08
0.0,0.0,6.6540515e-34,3.3724155000000005e-22,0.0,0.0019727394,0.0,3.8984194e-07,0.0,0.00366088,0.0,0.016083954,0.0,0.50323284,0.0,0.12963629,0.0,0.11837985,0.0,0.09050917,0.0,0.03371401,0.0,0.02329131,0.0,1.6517621e-06
0.0,0.0,1.7426826000000002e-32,1.04105475e-22,0.0,0.0004753176,0.0,2.4674358e-07,0.0,0.010627563,0.0,0.013383924,0.0,0.49877283,0.0,0.12024583,0.0,0.055365328,0.0,0.08312563,0.0,0.06595256,0.0,0.045052268,0.0,1.5037837e-06
0.0,0.0,1.143527e-30,2.9401108e-23,0.0,0.01199614,0.0,6.7234424e-07,0.0,0.012105612,0.0,0.018861039,0.0,0.29667953,0.0,0.08058648,0.0,0.034196395,0.0,0.044986766,0.0,0.03814874,0.0,0.02888799,0.0,0.0033783836
0.0,0.0,7.3828984e-28,6.402324e-24,0.0,0.017038278,0.0,1.1847785e-07,0.0,0.015567603,0.0,0.09533965,0.0,0.28107503,0.0,0.16323899,0.0,0.30143905,0.0,0.17402434,0.0,0.07094665,0.0,0.049506754,0.0,0.031183995
0.0,0.0,7.619474399999998e-25,2.2254459999999998e-24,0.0,0.0046781683,0.0,1.6153654e-06,0.0,0.009478915,0.0,0.15768243,0.0,0.34770787,0.0,0.16495438,0.0,0.41063747,0.0,0.14583194,0.0,0.06781636,0.0,0.050752085,0.0,0.018086579
0.0,0.0,2.8816115e-25,8.635836e-25,0.0,0.001058998,0.0,0.02773739,0.0,0.032113668,0.0,0.23634538,0.0,0.23829113,0.0,0.15263782,0.0,0.44381902,0.0,0.12491797,0.0,0.10808531,0.0,0.066533886,0.0,0.0098626
0.0,0.0,1.1294623e-25,7.462334e-25,0.0,0.059352927,0.0,0.00959836,0.0,0.0077130185,0.0,0.30366313,0.0,0.19991097,0.0,0.11970929,0.0,0.3761176,0.0,0.08179917,0.0,0.07478627,0.0,0.06766227,0.0,0.12208251
0.0,0.0,3.833395e-26,2.8808692e-25,0.0,0.05211736,0.0,0.035648726,0.0,0.037625466,0.0,0.2836693,0.0,0.14287403,0.0,0.19284739,0.0,0.31687936,0.0,0.25200906,0.0,0.09191984,0.0,0.069284685,0.0,0.06912409
0.0,0.0,1.218224e-24,9.607374500000001e-24,0.0,0.020764958,0.0,0.1137103,0.0,0.0030470032,0.0,0.27013257,0.0,0.1178462,0.0,0.18783066,0.0,0.2531962,0.0,0.16464798,0.0,0.1091035,0.0,0.081796445,0.0,0.10948515
0.0,0.0,6.880185300000002e-22,1.8474608e-23,0.0,0.0055981562,0.0,0.19355613,0.0,0.00809724,0.0,0.21165943,0.0,0.11611996,0.0,0.17704506,0.0,0.110178195,0.0,0.14839157,0.0,0.119883,0.0,0.09176328,0.0,0.03119367
0.0,0.0,7.704262e-22,5.2215985e-24,0.0,0.07172651,0.0,0.25037986,0.0,0.029608097,0.0,0.20074423,0.0,0.43444863,0.0,0.16850059,0.0,0.16644454,0.0,0.13423441,0.0,0.10614242,0.0,0.08377603,0.0,0.027565567
0.0,0.0,3.410385e-18,1.589496e-24,0.0,0.10257673,0.0,0.16795339,0.0,0.0041303113,0.0,0.17590772,0.0,0.32790506,0.0,0.13936925,0.0,0.15328258,0.0,0.09789231,0.0,0.099455416,0.0,0.07769678,0.0,0.04564676
0.0,0.0,2.0333791e-18,1.2915259e-20,0.0,0.06797219,0.0,0.0053791935,0.0,0.016985692,0.0,0.12929887,0.0,0.2989215,0.0,0.2007375,0.0,0.17496319,0.0,0.20086695,0.0,0.10325259,0.0,0.079704106,0.0,0.17451856
0.0,0.0,1.3853029e-18,9.805192e-20,0.0,0.03029849,0.0,0.04531906,0.0,0.0040674657,0.0,0.099242315,0.0,0.066816695,0.0,0.1996197,0.0,0.12691563,0.0,0.17605984,0.0,0.11927847,0.0,0.09086789,0.0,0.1502999
0.0,0.0,8.784522e-19,2.6410093e-20,0.0,0.008960934,0.0,0.016042322,0.0,0.01698114,0.0,0.053941827,0.0,0.51167566,0.0,0.18981126,0.0,0.0927246,0.0,0.16141534,0.0,0.12916405,0.0,0.09981172,0.0,0.021676054
0.0,0.0,4.3138198e-19,9.125789999999999e-21,0.0,0.10740879,0.0,0.009756397,0.0,0.0087245945,0.0,0.027777346,0.0,0.40978387,0.0,0.17905198,0.0,0.08706898,0.0,0.147784,0.0,0.11999334,0.0,0.09540183,0.0,0.024170607
0.0,0.0,4.1794438e-18,2.4334753e-21,0.0,0.12705079,0.0,0.06330954,0.0,0.015305942,0.0,0.07102164,0.0,0.27561375,0.0,0.17738564,0.0,0.0913561,0.0,0.14053339,0.0,0.122495815,0.0,0.09650271,0.0,0.09599531
0.0,0.0,3.5500445e-17,6.913701e-18,0.0,0.10589398,0.0,0.013422799,0.0,0.039924383,0.0,0.0681998,0.0,0.23400731,0.0,0.15034032,0.0,0.050653238,0.0,0.10580513,0.0,0.10034531,0.0,0.08129397,0.0,0.076285124
0.0,0.0,1.9783297000000002e-17,2.7591422e-18,0.0,0.06631233,0.0,0.02608809,0.0,0.010611496,0.0,0.09174795,0.0,0.349184,0.0,0.20694026,0.0,0.007908805,0.0,0.16120934,0.0,0.10998355,0.0,0.08332133,0.0,0.015349366
0.0,0.0,3.6914304e-18,1.1100823e-17,0.0,0.028925862,0.0,0.04872277,0.0,0.014856948,0.0,0.09852189,0.0,0.2030275,0.0,0.20242602,0.0,0.4158699,0.0,0.18116026,0.0,0.12416363,0.0,0.094683334,0.0,0.09073827
0.0,0.0,1.786961e-18,6.2686810000000004e-18,0.0,0.008444264,0.0,0.19614209,0.0,0.03230057,0.0,0.08676946,0.0,0.13322224,0.0,0.19247931,0.0,0.23129638,0.0,0.16666107,0.0,0.13041565,0.0,0.10107526,0.0,0.059754826
0.0,0.0,1.745797e-18,2.9304735000000003e-16,0.0,0.082579546,0.0,0.17917524,0.0,0.0120920595,0.0,0.12226978,0.0,0.055168673,0.0,0.18204059,0.0,0.32060432,0.0,0.15177947,0.0,0.13802536,0.0,0.10847139,0.0,0.077809915
0.0,0.0,3.1185222e-17,4.1011e-16,0.0,0.1232457,0.0,0.22475284,0.0,0.005955188,0.0,0.090355866,0.0,0.06261167,0.0,0.1560769,0.0,0.26902345,0.0,0.14641115,0.0,0.12167836,0.0,0.098519124,0.0,0.029817382
0.0,0.0,5.1478067e-17,1.2364389e-16,0.0,0.094151184,0.0,0.2747184,0.0,0.025090747,0.0,0.39066243,0.0,0.046171203,0.0,0.20128128,0.0,0.21705697,0.0,0.1122598,0.0,0.11113569,0.0,0.088934556,0.0,0.042258173
0.0,0.0,1.6202476e-15,8.958426e-14,0.0,0.053459197,0.0,0.20484607,0.0,0.024278244,0.0,0.1879672,0.0,0.5828858,0.0,0.20826265,0.0,0.100342184,0.0,0.14181529,0.0,0.11478291,0.0,0.08770138,0.0,0.098567985
0.0,0.0,9.085419e-16,1.936103e-10,0.0,0.020434754,0.0,0.1000715,0.0,0.00574409,0.0,0.29312083,0.0,0.48699465,0.0,0.20058475,0.0,0.11145236,0.0,0.18436283,0.0,0.12193376,0.0,0.09224953,0.0,0.06951949
0.0,0.0,4.4271103000000006e-16,6.402767e-11,0.0,0.059851054,0.0,0.12243504,0.0,0.02252839,0.0,0.306395,0.0,0.38025376,0.0,0.19236776,0.0,0.075313285,0.0,0.17043416,0.0,0.13052131,0.0,0.10050997,0.0,0.040214956
0.0,0.0,4.0333896e-15,1.7209947e-11,0.0,0.1316674,0.0,0.11683445,0.0,0.005299236,0.0,0.32585186,0.0,0.28279114,0.0,0.18316571,0.0,0.0817641,0.0,0.15340757,0.0,0.13592564,0.0,0.10508338,0.0,0.026557006
0.0,0.0,5.7199076e-15,1.1516108e-11,0.0,0.116205126,0.0,0.09751492,0.0,0.020592378,0.0,0.40656763,0.0,0.24280576,0.0,0.1574561,0.0,0.063407406,0.0,0.12029535,0.0,0.111908026,0.0,0.09171477,0.0,0.02330262
0.0,0.0,1.0892868e-15,3.937881e-12,0.0,0.078426965,0.0,0.037215214,0.0,0.005508542,0.0,0.3042494,0.0,0.37352774,0.0,0.20590922,0.0,0.119841285,0.0,0.13705382,0.0,0.119853854,0.0,0.09209774,0.0,0.08169439
0.0,0.0,2.6363218e-16,1.2284264e-12,0.0,0.038546294,0.0,0.099246755,0.0,0.011494672,0.0,0.15304823,0.0,0.2630271,0.0,0.21265364,0.0,0.11155419,0.0,0.18732244,0.0,0.12955116,0.0,0.09979847,0.0,0.09751184
0.0,0.0,5.5789514e-17,1.2142497e-12,0.0,0.012524008,0.0,0.14637691,0.0,0.030318152,0.0,0.3506143,0.0,0.17927428,0.0,0.2043917,0.0,0.12203839,0.0,0.17585169,0.0,0.14669149,0.0,0.112614706,0.0,0.050469138
0.0,0.0,5.6792007e-14,0.008494252,0.0,0.066569306,0.0,0.11888998,0.0,0.01561452,0.0,0.35841453,0.0,0.09774267,0.0,0.19568253,0.0,0.115302026,0.0,0.16186883,0.0,0.13475184,0.0,0.1086793,0.0,0.12486519
0.0,0.0,3.5595557e-14,0.017552545,0.0,0.13704824,0.0,0.08896877,0.0,0.05490656,0.0,0.3809406,0.0,0.2977638,0.0,0.18601206,0.0,0.068626754,0.0,0.14945239,0.0,0.13320903,0.0,0.10601021,0.0,0.13505536
0.0,0.0,2.8550574e-14,0.014391106,0.0,0.12234871,0.0,0.11756494,0.0,0.013838462,0.0,0.36314434,0.0,0.26955277,0.0,0.16094562,0.0,0.0847562,0.0,0.14459859,0.0,0.120658986,0.0,0.096299104,0.0,0.06721345
0.0,0.0,2.1023083e-14,0.014452274,0.0,0.08565247,0.0,0.10237732,0.0,0.031201934,0.0,0.24845657,0.0,0.3307753,0.0,0.20082475,0.0,0.025247665,0.0,0.11226777,0.0,0.108893424,0.0,0.08560816,0.0,0.04792875
0.0,0.0,1.4321753e-14,0.013796493,0.0,0.04478659,0.0,0.14717838,0.0,0.004668065,0.0,0.037166234,0.0,0.28079203,0.0,0.21089074,0.0,0.269429,0.0,0.16281095,0.0,0.10506506,0.0,0.07927745,0.0,0.060897753
0.0,0.0,7.5254075e-15,4.4925505e-06,0.0,0.01568451,0.0,0.1200795,0.0,0.00644205,0.0,0.18540141,0.0,0.17013045,0.0,0.20365024,0.0,0.19947663,0.0,0.18427481,0.0,0.12941608,0.0,0.09476045,0.0,0.06176297
0.0,0.0,6.035998e-15,1.0304789e-06,0.0,0.012429592,0.0,0.11191234,0.0,0.011290893,0.0,0.23947968,0.0,0.08209793,0.0,0.19557002,0.0,0.11643451,0.0,0.17180829,0.0,0.12795606,0.0,0.09790088,0.0,0.05094053
0.0,0.0,1.2565055e-13,3.5053347e-07,0.0,0.13308151,0.0,0.105594546,0.0,0.031891894,0.0,0.29021165,0.0,0.07682933,0.0,0.18778998,0.0,0.04010535,0.0,0.16034918,0.0,0.13430887,0.0,0.104659505,0.0,0.071450844
0.0,0.0,5.0935618e-14,0.012734109,0.0,0.12472107,0.0,0.044184852,0.0,0.0068922914,0.0,0.30535465,0.0,0.0116935205,0.0,0.18696149,0.0,0.077099666,0.0,0.15037858,0.0,0.12143985,0.0,0.09569575,0.0,0.0119063025
0.0,0.0,1.2190549e-14,0.01613526,0.0,0.10028637,0.0,0.02610061,0.0,0.016879234,0.0,0.20402971,0.0,0.32817915,0.0,0.16211997,0.0,0.080678806,0.0,0.118141375,0.0,0.109971456,0.0,0.085529655,0.0,0.087519996
0.0,0.0,4.893643e-15,0.01559899,0.0,0.060710676,0.0,0.07617358,0.0,0.017716583,0.0,0.01539326,0.0,0.22068973,0.0,0.18753906,0.0,0.043980706,0.0,0.14095503,0.0,0.106334545,0.0,0.07812155,0.0,0.045821223
0.0,0.0,6.509282e-13,0.008768656,0.0,0.025322698,0.0,0.039452694,0.0,0.0071722646,0.0,0.1191244,0.0,0.14087051,0.0,0.21168055,0.0,0.017500713,0.0,0.17177239,0.0,0.11656651,0.0,0.08563869,0.0,0.026893618
0.0,0.0,1.6160189e-13,0.01333622,0.0,0.007173306,0.0,0.020988833,0.0,0.033019006,0.0,0.14877555,0.0,0.09272437,0.0,0.20284928,0.0,0.62297165,0.0,0.16691768,0.0,0.12849717,0.0,0.09565455,0.0,0.022125205
0.0,0.0,3.4005567e-12,0.017293243,0.0,0.019407071,0.0,0.007855879,0.0,0.0035853786,0.0,0.14229289,0.0,0.029541194,0.0,0.19299695,0.0,0.34500158,0.0,0.15584338,0.0,0.1299861,0.0,0.09884507,0.0,0.032042775
0.0,0.0,9.712364e-12,0.021901736,0.0,0.12817343,0.0,0.021990115,0.0,0.010621567,0.0,0.14692335,0.0,0.4110875,0.0,0.18730591,0.0,0.28277948,0.0,0.14618565,0.0,0.120700575,0.0,0.093056984,0.0,0.074406154
0.0,0.0,4.7710178e-12,0.009677474,0.0,0.116283275,0.0,0.010074126,0.0,0.015418513,0.0,0.13061313,0.0,0.37085807,0.0,0.16252683,0.0,0.26141092,0.0,0.11494597,0.0,0.113377586,0.0,0.0869163,0.0,0.047395702
0.0,0.0,8.6087897e-13,0.0067543546,0.0,0.07785628,0.0,0.033051077,0.0,0.014307055,0.0,0.09651239,0.0,0.26646253,0.0,0.20113152,0.0,0.2387916,0.0,0.14125043,0.0,0.099988885,0.0,0.07443662,0.0,0.006570869
0.0,0.0,3.5222175e-13,0.010341089,0.0,0.038189437,0.0,0.0065210927,0.0,0.03631982,0.0,0.14154677,0.0,0.16615173,0.0,0.21317802,0.0,0.17323181,0.0,0.16924791,0.0,0.122290336,0.0,0.086151876,0.0,0.02845018
0.0,0.0,2.0799916e-13,0.0067241658,0.0,0.012466651,0.0,0.02982082,0.0,0.0057113213,0.0,0.10084049,0.0,0.15489753,0.0,0.2033917,0.0,0.11981144,0.0,0.1634171,0.0,0.119659625,0.0,0.08738291,0.0,0.02970033
0.0,0.0,7.0406334e-14,0.0050763343,0.0,0.0031995075,0.0,0.022795552,0.0,0.013111426,0.0,0.0551474,0.0,0.080821075,0.0,0.19380805,0.0,0.063866116,0.0,0.15516435,0.0,0.12847286,0.0,0.09292643,0.0,0.05488666
0.0,0.0,1.3808405e-12,0.0031928392,0.0,0.09443606,0.0,0.00998045,0.0,0.024489133,0.0,0.10723562,0.0,0.10309818,0.0,0.1837986,0.0,0.02356187,0.0,0.14141108,0.0,0.11473944,0.0,0.08569184,0.0,0.019093238
0.0,0.0,6.2101214e-12,0.0013753006,0.0,0.112995364,0.0,0.028282583,0.0,0.0036880344,0.0,0.094050184,0.0,0.04127827,0.0,0.15823847,0.0,0.2442846,0.0,0.109429725,0.0,0.108329445,0.0,0.08057914,0.0,0.07085611
0.0,0.0,1.0097768e-11,0.00027395392,0.0,0.07914295,0.0,0.03820696,0.0,0.0060127336,0.0,0.053833157,0.0,0.28581405,0.0,0.19513519,0.0,0.16985354,0.0,0.15999416,0.0,0.09417852,0.0,0.0693037,0.0,0.016857669
0.0,0.0,2.0182384e-12,0.00022625792,0.0,0.03967723,0.0,0.010570872,0.0,0.011777277,0.0,0.015569039,0.0,0.26106334,0.0,0.21716726,0.0,0.11724852,0.0,0.17503726,0.0,0.11133918,0.0,0.07715704,0.0,0.071668394
0.0,0.0,5.6408654e-13,6.949344e-05,0.0,0.013270332,0.0,0.06768552,0.0,0.0053230426,0.0,0.07196024,0.0,0.15329649,0.0,0.20812066,0.0,0.042076007,0.0,0.18022579,0.0,0.12194523,0.0,0.08360938,0.0,0.010702693
0.0,0.0,1.9642586e-13,1.83877e-05,0.0,0.003445579,0.0,0.018785566,0.0,0.009078974,0.0,0.23035532,0.0,0.06989765,0.0,0.19942786,0.0,0.033781115,0.0,0.16635558,0.0,0.1275863,0.0,0.09165508,0.0,0.055542774
0.0,0.0,1.4463059e-13,4.926996e-06,0.0,0.06408452,0.0,0.018601777,0.0,0.017973054,0.0,0.16189855,0.0,0.1015017,0.0,0.19018789,0.0,0.02405237,0.0,0.15070152,0.0,0.12318546,0.0,0.089509964,0.0,0.010200943
0.0,0.0,3.919697e-14,1.0377934e-06,0.0,0.112947054,0.0,0.011511006,0.0,0.0072678165,0.0,0.12276213,0.0,0.112171456,0.0,0.17950092,0.0,0.34313017,0.0,0.13353354,0.0,0.11319958,0.0,0.08135734,0.0,0.054528378
0.0,0.0,2.8903278e-14,2.6864151e-07,0.0,0.0948412,0.0,0.015512316,0.0,0.0140240295,0.0,0.08668038,0.0,0.0411372,0.0,0.15298042,0.0,0.19570103,0.0,0.1304419,0.0,0.10806286,0.0,0.07759218,0.0,0.015808163
0.0,0.0,7.105755e-15,9.691137e-08,0.0,0.07403553,0.0,0.026864022,0.0,0.016109716,0.0,0.03977076,0.0,0.052447945,0.0,0.17188297,0.0,0.084032014,0.0,0.09910846,0.0,0.09098037,0.0,0.06678004,0.0,0.07337466
0.0,0.0,4.5054364e-15,2.1902247e-08,0.0,0.03690704,0.0,0.037851132,0.0,0.012728058,0.0,0.085393466,0.0,0.38571396,0.0,0.21301712,0.0,0.05146281,0.0,0.19714142,0.0,0.08685097,0.0,0.060344666,0.0,0.010199129
0.0,0.0,2.2947668e-15,5.3160125e-09,0.0,0.012013985,0.0,0.009865438,0.0,0.011441056,0.0,0.06727371,0.0,0.26642027,0.0,0.20564438,0.0,0.12023366,0.0,0.23449855,0.0,0.08973047,0.0,0.059395228,0.0,0.027080717
0.0,0.0,1.1961133e-15,7.4690587e-10,0.0,0.0031121008,0.0,0.1065568,0.0,0.0111230435,0.0,0.035784416,0.0,0.16760428,0.0,0.19794512,0.0,0.10351525,0.0,0.18578078,0.0,0.111604065,0.0,0.0722069,0.0,0.029209744
0.0,0.0,4.0803553e-13,3.9916304e-10,0.0,0.00070425967,0.0,0.06775105,0.0,0.020167742,0.0,0.012712122,0.0,0.12806693,0.0,0.18972223,0.0,0.052341178,0.0,0.16024609,0.0,0.11825499,0.0,0.080417655,0.0,0.020954235
0.0,0.0,3.259462e-13,1.3763203e-10,0.0,0.03762435,0.0,0.024332529,0.0,0.0046755993,0.0,0.12221224,0.0,0.090859085,0.0,0.18074793,0.0,0.01211963,0.0,0.14253692,0.0,0.110667706,0.0,0.078251794,0.0,0.018222544
0.0,0.0,1.7332959e-13,9.685601e-09,0.0,0.10706124,0.0,0.01826204,0.0,0.00693134,0.0,0.1406231,0.0,0.041549683,0.0,0.17524904,0.0,0.47772223,0.0,0.12923321,0.0,0.10637411,0.0,0.07418378,0.0,0.06522611
0.0,0.0,8.6004425e-14,4.1586894e-09,0.0,0.090817906,0.0,0.011844794,0.0,0.006774327,0.0,0.15336157,0.0,0.08104168,0.0,0.14774747,0.0,0.25864202,0.0,0.09848938,0.0,0.088533506,0.0,0.06378754,0.0,0.025210606
0.0,0.0,5.8586315e-14,6.1688195e-05,0.0,0.051323276,0.0,0.0146569535,0.0,0.006681358,0.0,0.09836416,0.0,0.31549966,0.0,0.17171432,0.0,0.122138835,0.0,0.19649579,0.0,0.07987517,0.0,0.056963854,0.0,0.04289287
0.0,0.0,3.9909065e-14,6.6945904e-05,0.0,0.019437773,0.0,0.0210548,0.0,0.012595464,0.0,0.026466649,0.0,0.29853734,0.0,0.21586014,0.0,0.051757514,0.0,0.23907007,0.0,0.09641502,0.0,0.064725175,0.0,0.012401956
0.0,0.0,2.1777265e-14,4.8704423e-09,0.0,0.0053361277,0.0,0.022378873,0.0,0.011721393,0.0,0.0792414,0.0,0.20370223,0.0,0.20609204,0.0,0.019232173,0.0,0.18515475,0.0,0.11422338,0.0,0.07687605,0.0,0.05383214
0.0,0.0,1.4834698e-14,8.152078e-11,0.0,0.0012706617,0.0,0.021284496,0.0,0.015707118,0.0,0.07079197,0.0,0.13660645,0.0,0.19625267,0.0,0.23106933,0.0,0.16174737,0.0,0.117395066,0.0,0.08162497,0.0,0.006545245
0.0,0.0,6.4317685e-15,2.4915017e-09,0.0,0.014817964,0.0,0.016756365,0.0,0.011240019,0.0,0.050916728,0.0,0.0858753,0.0,0.18636778,0.0,0.09549283,0.0,0.14459394,0.0,0.117790066,0.0,0.08438028,0.0,0.020125372
0.0,0.0,5.033343e-15,3.571086e-10,0.0,0.096594915,0.0,0.019080186,0.0,0.024745714,0.0,0.028203273,0.0,0.05596387,0.0,0.18054487,0.0,0.048718058,0.0,0.13410212,0.0,0.111676775,0.0,0.081206694,0.0,0.067094095
0.0,0.0,1.6159008e-15,3.165833e-07,0.0,0.080232754,0.0,0.009530142,0.0,0.0076820604,0.0,0.074893825,0.0,0.014077263,0.0,0.15427192,0.0,0.03146374,0.0,0.1034965,0.0,0.091670774,0.0,0.06632867,0.0,0.009885915
0.0,0.0,7.5283124e-16,1.2496587e-07,0.0,0.06161081,0.0,0.014070338,0.0,0.013132611,0.0,0.10923046,0.0,0.5526139,0.0,0.16926397,0.0,0.053759795,0.0,0.17013323,0.0,0.07605346,0.0,0.053266246,0.0,0.02788642
0.0,0.0,4.465190300000001e-16,3.1387966e-08,0.0,0.027426014,0.0,0.00751256,0.0,0.0129360035,0.0,0.090348,0.0,0.1195027,0.0,0.21887523,0.0,0.038758703,0.0,0.21511675,0.0,0.08737389,0.0,0.056495473,0.0,0.021378642
0.0,0.0,2.5087822e-16,7.351263e-09,0.0,0.008122097,0.0,0.023445547,0.0,0.013272112,0.0,0.06194942,0.0,0.0699386,0.0,0.20968905,0.0,0.07977593,0.0,0.18714169,0.0,0.106615394,0.0,0.069189884,0.0,0.002498502
0.0,0.0,1.01115815e-16,1.8765363e-09,0.0,0.0020168615,0.0,0.009877133,0.0,0.016527884,0.0,0.020231681,0.0,0.03772882,0.0,0.20032214,0.0,0.03867409,0.0,0.16522227,0.0,0.11693602,0.0,0.077616416,0.0,0.007909102
0.0,0.0,8.109867000000001e-17,4.311969e-10,0.0,0.00045215993,0.0,0.008118427,0.0,0.014148011,0.0,0.004739676,0.0,0.040324736,0.0,0.19025123,0.0,0.028062271,0.0,0.14775896,0.0,0.11602449,0.0,0.08072463,0.0,0.041671693
0.0,0.0,1.9937604e-17,9.0487326e-11,0.0,0.019581867,0.0,0.020881113,0.0,0.019796597,0.0,0.060888197,0.0,0.046100743,0.0,0.18342414,0.0,0.12252951,0.0,0.13681582,0.0,0.110332,0.0,0.077646315,0.0,0.005510727
0.0,0.0,8.533654e-18,2.3970374e-11,0.0,0.10888989,0.0,0.00789135,0.0,0.007966485,0.0,0.0546384,0.0,0.03607596,0.0,0.157791,0.0,0.03840003,0.0,0.105885684,0.0,0.09880331,0.0,0.069485374,0.0,0.01242463
0.0,0.0,6.6554208e-15,5.9879593e-12,0.0,0.09563373,0.0,0.011394209,0.0,0.011742921,0.0,0.033288196,0.0,0.19412388,0.0,0.17356825,0.0,0.024636813,0.0,0.15850574,0.0,0.075758465,0.0,0.053576153,0.0,0.042123325
0.0,0.0,4.2383377e-15,1.4055324e-12,0.0,0.056753717,0.0,0.0059838016,0.0,0.010829216,0.0,0.026582465,0.0,0.08067464,0.0,0.22030862,0.0,0.13364902,0.0,0.20330468,0.0,0.09302638,0.0,0.060454763,0.0,0.009951293
0.0,0.0,7.5456527e-16,3.5355855e-13,0.0,0.022894071,0.0,0.025055405,0.0,0.013342714,0.0,0.049535,0.0,0.08319265,0.0,0.21140984,0.0,0.044920273,0.0,0.18870094,0.0,0.11300266,0.0,0.07438408,0.0,0.04651659
0.0,0.0,1.3531406e-16,3.9076396e-05,0.0,0.0064655836,0.0,0.016889608,0.0,0.022264235,0.0,0.060293466,0.0,0.0139862755,0.0,0.20200591,0.0,0.03247945,0.0,0.16762894,0.0,0.12294225,0.0,0.0825939,0.0,0.005455898
0.0,0.0,4.8926648e-17,1.3840755e-05,0.0,0.0015787516,0.0,0.017699558,0.0,0.0036429658,0.0,0.039938238,0.0,0.3884147,0.0,0.19224972,0.0,0.029915104,0.0,0.15116256,0.0,0.119618066,0.0,0.08389764,0.0,0.010944885
0.0,0.0,3.9240650000000004e-17,2.2283325e-06,0.0,0.0003560035,0.0,0.012933002,0.0,0.0026436115,0.0,0.010899832,0.0,0.25692046,0.0,0.18381527,0.0,0.17199554,0.0,0.13706379,0.0,0.11173797,0.0,0.07915239,0.0,0.0588309
0.0,0.0,2.8892787e-17,6.3155755e-07,0.0,0.10490006,0.0,0.0074215485,0.0,0.0013524918,0.0,0.20004523,0.0,0.2123485,0.0,0.15826437,0.0,0.1428235,0.0,0.10593126,0.0,0.10745802,0.0,0.077980384,0.0,0.009791319
0.0,0.0,6.728535e-17,1.3519204e-07,0.0,0.099137776,0.0,0.011536734,0.0,0.0005755665,0.0,0.28881085,0.0,0.16544895,0.0,0.18087403,0.0,0.08191201,0.0,0.18763973,0.0,0.087689646,0.0,0.06343992,0.0,0.034537867
0.0,0.0,4.1653798e-17,3.1364674e-08,0.0,0.061188754,0.0,0.0032979546,0.0,0.00012974252,0.0,0.27932194,0.0,0.036461174,0.0,0.22291116,0.0,0.017573442,0.0,0.2232396,0.0,0.10221848,0.0,0.06846387,0.0,0.014195964
0.0,0.0,2.3922899e-17,7.5178175e-09,0.0,0.02588463,0.0,0.007680423,0.0,3.7524176e-05,0.0,0.259606,0.0,0.18017468,0.0,0.21412967,0.0,0.33870563,0.0,0.19138099,0.0,0.1193394,0.0,0.08164481,0.0,0.014277957
0.0,0.0,1.5719391e-17,2.2251199e-09,0.0,0.0075282245,0.0,0.006022409,0.0,1.2429094e-05,0.0,0.18395828,0.0,0.12544064,0.0,0.20556922,0.0,0.14861736,0.0,0.17454584,0.0,0.12833853,0.0,0.08889973,0.0,0.00860756
0.0,0.0,5.6837437e-18,5.379187e-10,0.0,0.001849637,0.0,0.019022478,0.0,0.0030279441,0.0,0.14125803,0.0,0.04792804,0.0,0.19710581,0.0,0.051134124,0.0,0.16045943,0.0,0.12429938,0.0,0.0904335,0.0,0.03495813
0.0,0.0,2.1375735e-18,1.0482212e-10,0.0,0.026467169,0.0,0.004510302,0.0,0.00262062,0.0,0.09036388,0.0,0.08032034,0.0,0.18939856,0.0,0.11461833,0.0,0.14681333,0.0,0.12090496,0.0,0.0881204,0.0,0.006220467
0.0,0.0,1.0626087999999998e-18,3.2080786e-11,0.0,0.11729947,0.0,0.012355581,0.0,0.0022152173,0.0,0.036243115,0.0,0.05194949,0.0,0.16509408,0.0,0.11715619,0.0,0.11507033,0.0,0.111762434,0.0,0.08175003,0.0,0.022393314
0.0,0.0,5.334833e-19,8.256305e-12,0.0,0.10815203,0.0,0.0024391527,0.0,0.0015458929,0.0,0.006603965,0.0,0.036035914,0.0,0.1831102,0.0,0.1321633,0.0,0.14983673,0.0,0.092785336,0.0,0.06729615,0.0,0.0038775888
0.0,0.0,9.528795e-16,8.9766036e-05,0.0,0.06979553,0.0,0.002060671,0.0,0.0031099007,0.0,0.035856027,0.0,0.11298952,0.0,0.2255783,0.0,0.08359391,0.0,0.17222227,0.0,0.10106304,0.0,0.06844673,0.0,0.0029678752
0.0,0.0,1.3237062e-15,5.4110555e-05,0.0,0.0320553,0.0,0.022404157,0.0,0.015536914,0.0,0.023091124,0.0,0.1831659,0.0,0.21767324,0.0,0.102838814,0.0,0.19130792,0.0,0.13070537,0.0,0.08999821,0.0,0.008564662
0.0,0.0,8.392627400000002e-16,1.34917045e-05,0.0,0.009850719,0.0,0.0037189175,0.0,0.008815338,0.0,0.013195853,0.0,0.12890281,0.0,0.20943838,0.0,0.023036933,0.0,0.17880023,0.0,0.13093153,0.0,0.09603135,0.0,0.028661875
0.0,0.0,5.1940628e-15,3.4832728e-06,0.0,0.0024804063,0.0,0.015214379,0.0,0.022966316,0.0,0.0137618175,0.0,0.13062723,0.0,0.20059805,0.0,0.31915554,0.0,0.16340032,0.0,0.131951,0.0,0.096879765,0.0,0.0040003373
0.0,0.0,2.9624376e-15,9.0952545e-07,0.0,0.05057015,0.0,0.0042667007,0.0,0.006646504,0.0,0.016936673,0.0,0.045061376,0.0,0.1912771,0.0,0.17935894,0.0,0.14894454,0.0,0.12773243,0.0,0.09252722,0.0,0.016267397
0.0,0.0,1.0646475e-15,2.3180867e-07,0.0,0.122711666,0.0,0.010698167,0.0,0.010891054,0.0,0.0033909818,0.0,0.020081984,0.0,0.16738254,0.0,0.07857801,0.0,0.1182807,0.0,0.10483796,0.0,0.077538945,0.0,0.0037892312
0.0,0.0,6.143152e-16,4.9467115e-08,0.0,0.1109306,0.0,0.028957967,0.0,0.023821255,0.0,0.03629878,0.0,0.2556213,0.0,0.18091476,0.0,0.078110136,0.0,0.14354257,0.0,0.09236032,0.0,0.06586932,0.0,0.010515944
0.0,0.0,1.1183106000000002e-16,1.5766222e-08,0.0,0.073983684,0.0,0.0038711436,0.0,0.0054809824,0.0,0.021493375,0.0,0.08217867,0.0,0.22768453,0.0,0.057499725,0.0,0.1669408,0.0,0.106101505,0.0,0.07168749,0.0,0.026485655
0.0,0.0,5.601008000000001e-17,4.647105e-09,0.0,0.0352678,0.0,0.018923687,0.0,0.015717484,0.0,0.050161242,0.0,0.14656983,0.0,0.22003254,0.0,0.14553785,0.0,0.19197609,0.0,0.124084696,0.0,0.08497977,0.0,0.0033959486
0.0,0.0,4.9473232e-17,1.1197182e-09,0.0,0.011222407,0.0,0.035029802,0.0,0.0050411876,0.0,0.02428059,0.0,0.07678124,0.0,0.21158452,0.0,0.111481905,0.0,0.18061025,0.0,0.13634066,0.0,0.096862,0.0,0.008770365
0.0,0.0,3.1366983000000003e-17,3.3701403e-10,0.0,0.002870867,0.0,0.00738587,0.0,0.01212896,0.0,0.0035592176,0.0,0.012562082,0.0,0.20288543,0.0,0.13384856,0.0,0.16332492,0.0,0.13195199,0.0,0.09616423,0.0,0.026319878
0.0,0.0,3.1331997e-17,0.004879454,0.0,0.053911004,0.0,0.020004908,0.0,0.014929301,0.0,0.021536782,0.0,0.31042486,0.0,0.19385363,0.0,0.13955331,0.0,0.15041104,0.0,0.12860647,0.0,0.092651024,0.0,0.0034344571
0.0,0.0,2.5128286e-17,0.006212441,0.0,0.12811273,0.0,0.0037196055,0.0,0.015528189,0.0,0.009958554,0.0,0.22831741,0.0,0.1704981,0.0,0.1380568,0.0,0.13741496,0.0,0.118969336,0.0,0.08780394,0.0,0.012536913
0.0,0.0,1.6141699000000002e-16,0.0030796598,0.0,0.104951225,0.0,0.032395292,0.0,0.01415041,0.0,0.08376793,0.0,0.23303035,0.0,0.20231867,0.0,0.12390202,0.0,0.15620996,0.0,0.108302645,0.0,0.07997619,0.0,0.011547737
0.0,0.0,3.8079887e-15,0.0015465586,0.0,0.0655553,0.0,0.008520495,0.0,0.02191085,0.0,0.0504052,0.0,0.049135864,0.0,0.22895601,0.0,0.23041984,0.0,0.13844551,0.0,0.107244276,0.0,0.07787595,0.0,0.02386878
0.0,0.0,1.4977926e-15,0.00032593383,0.0,0.02854373,0.0,0.03510471,0.0,0.013398555,0.0,0.09919934,0.0,0.2688104,0.0,0.2220875,0.0,0.17104918,0.0,0.20066251,0.0,0.1206266,0.0,0.08452261,0.0,0.06522611
0.0,0.0,6.642351e-16,6.658138e-05,0.0,0.008404457,0.0,0.0036455034,0.0,0.015563552,0.0,0.08427451,0.0,0.27990288,0.0,0.21467972,0.0,0.22048981,0.0,0.1903081,0.0,0.14026362,0.0,0.10029119,0.0,0.025045067
0.0,0.0,5.070606600000001e-16,1.6486045e-05,0.0,0.11674424,0.0,0.016046846,0.0,0.011613774,0.0,0.06542298,0.0,0.2351011,0.0,0.20622917,0.0,0.2177926,0.0,0.17408612,0.0,0.13310461,0.0,0.09873122,0.0,0.035458036
0.0,0.0,1.8333341e-16,5.835228e-06,0.0,0.14167236,0.0,0.00930185,0.0,0.034161717,0.0,0.041815747,0.0,0.23701783,0.0,0.20025803,0.0,0.18770188,0.0,0.16118902,0.0,0.13468471,0.0,0.10052249,0.0,0.0686903
0.0,0.0,1.6193496000000002e-16,1.6324764e-06,0.0,0.12432852,0.0,0.037455488,0.0,0.0040472844,0.0,0.026624642,0.0,0.19756953,0.0,0.17824921,0.0,0.14410517,0.0,0.13281569,0.0,0.1278844,0.0,0.09625109,0.0,0.030642502
0.0,0.0,6.342073000000001e-17,8.148142e-09,0.0,0.08806635,0.0,0.06341333,0.0,0.0044336542,0.0,0.101560056,0.0,0.046225794,0.0,0.20460543,0.0,0.12258504,0.0,0.14659119,0.0,0.11946839,0.0,0.089489065,0.0,0.028526671
0.0,0.0,2.0957738e-13,4.9966435e-08,0.0,0.04731939,0.0,0.04496551,0.0,0.008696454,0.0,0.037333596,0.0,0.024727259,0.0,0.23350155,0.0,0.124508,0.0,0.16411477,0.0,0.13436532,0.0,0.09796445,0.0,0.04045468
0.0,0.0,1.1774224e-13,9.923586e-11,0.0,0.017064173,0.0,0.053759255,0.0,0.019994969,0.0,0.006841284,0.0,0.32565436,0.0,0.22596817,0.0,0.05290771,0.0,0.20611192,0.0,0.14340799,0.0,0.10616952,0.0,0.030827165
0.0,0.0,3.882067e-14,2.3482842e-11,0.0,0.0045142807,0.0,0.036957186,0.0,0.011061505,0.0,0.12608224,0.0,0.30754268,0.0,0.21838458,0.0,0.12739459,0.0,0.19148315,0.0,0.14706798,0.0,0.10982783,0.0,0.027187523
0.0,0.0,1.6259877e-14,7.283428e-12,0.0,0.11539527,0.0,0.029071193,0.0,0.007185222,0.0,0.13953131,0.0,0.25975388,0.0,0.21051918,0.0,0.13393642,0.0,0.17792167,0.0,0.15522374,0.0,0.11836016,0.0,0.014602917
0.0,0.0,1.1971403e-14,1.860485e-12,0.0,0.14821859,0.0,0.008048561,0.0,0.022850953,0.0,0.14117832,0.0,0.20608474,0.0,0.20830551,0.0,0.10655082,0.0,0.16796327,0.0,0.14001109,0.0,0.11130257,0.0,0.022535756
0.0,0.0,2.884396e-15,5.2577506e-13,0.0,0.134605,0.0,0.016915439,0.0,0.0040411986,0.0,0.19239728,0.0,0.18468688,0.0,0.18790415,0.0,0.12750022,0.0,0.13858256,0.0,0.13235144,0.0,0.103771515,0.0,0.0038669524
0.0,0.0,1.0011858e-15,1.4399246e-13,0.0,0.10046885,0.0,0.037348222,0.0,0.009004794,0.0,0.16559437,0.0,0.056659542,0.0,0.21785809,0.0,0.12614986,0.0,0.15298367,0.0,0.12979485,0.0,0.099743515,0.0,0.009933204
0.0,0.0,6.8196285e-16,3.541104e-14,0.0,0.059454765,0.0,0.0188325,0.0,0.020790864,0.0,0.101455495,0.0,0.2379708,0.0,0.23881546,0.0,0.09813103,0.0,0.16877341,0.0,0.1445682,0.0,0.1079896,0.0,0.051128887
0.0,0.0,4.3236813000000005e-16,9.743421e-15,0.0,0.024393318,0.0,0.012021301,0.0,0.012261978,0.0,0.19563007,0.0,0.26666245,0.0,0.23182195,0.0,0.07529784,0.0,0.21478112,0.0,0.15812004,0.0,0.120937765,0.0,0.13022287
0.0,0.0,2.0393467e-16,2.4391699e-15,0.0,0.006873365,0.0,0.029269662,0.0,0.0075977445,0.0,0.21546137,0.0,0.19824219,0.0,0.22404936,0.0,0.0948687,0.0,0.20115629,0.0,0.16048378,0.0,0.12487353,0.0,0.06490268
0.0,0.0,1.1362632e-16,6.1561917e-10,0.0,0.11832702,0.0,0.011054935,0.0,0.019161718,0.0,0.18472414,0.0,0.11741777,0.0,0.21644129,0.0,0.04223217,0.0,0.18715097,0.0,0.15902196,0.0,0.12677282,0.0,0.024907473
0.0,0.0,3.9563857e-17,1.6765496e-10,0.0,0.15968326,0.0,0.029148528,0.0,0.0063157235,0.0,0.16030627,0.0,0.041039735,0.0,0.20880756,0.0,0.10589087,0.0,0.17408614,0.0,0.15851414,0.0,0.1282349,0.0,0.07552611
0.0,0.0,2.6737148e-17,4.6244866e-11,0.0,0.14920749,0.0,0.024452318,0.0,0.014839992,0.0,0.12917332,0.0,0.057665415,0.0,0.20780468,0.0,0.2012827,0.0,0.16679059,0.0,0.1448891,0.0,0.119208105,0.0,0.017529294
0.0,0.0,5.576106e-18,1.0649234e-11,0.0,0.12912177,0.0,0.01882684,0.0,0.013659604,0.0,0.07628195,0.0,0.22975081,0.0,0.18730912,0.0,0.20432208,0.0,0.13795824,0.0,0.1348578,0.0,0.10924802,0.0,0.08061943
0.0,0.0,2.2812034e-18,2.7798926e-12,0.0,0.0933618,0.0,0.08133036,0.0,0.014200688,0.0,0.022003789,0.0,0.15451221,0.0,0.21215297,0.0,0.15355147,0.0,0.13831654,0.0,0.12784344,0.0,0.10076033,0.0,0.03115683
0.0,0.0,1.3529353e-18,7.055241e-13,0.0,0.05239783,0.0,0.08850605,0.0,0.014439891,0.0,0.05656723,0.0,0.083580874,0.0,0.24105632,0.0,0.06326483,0.0,0.20920521,0.0,0.13009772,0.0,0.099686675,0.0,0.050736062
0.0,0.0,6.0713113e-19,1.8280303e-13,0.0,0.01987057,0.0,0.073769815,0.0,0.016851936,0.0,0.04636866,0.0,0.03928712,0.0,0.23364608,0.0,0.00870222,0.0,0.20483577,0.0,0.17604193,0.0,0.12823188,0.0,0.022900915
0.0,0.0,1.4557884e-19,4.8607538e-14,0.0,0.005389214,0.0,0.055779275,0.0,0.013213462,0.0,0.059688006,0.0,0.027014596,0.0,0.22617923,0.0,0.2871204,0.0,0.19514695,0.0,0.17957585,0.0,0.1412079,0.0,0.069485635
0.0,0.0,9.324575e-20,0.0006321215,0.0,0.1257126,0.0,0.07580279,0.0,0.044362135,0.0,0.059696205,0.0,0.4095695,0.0,0.21868166,0.0,0.13580061,0.0,0.1850016,0.0,0.16298838,0.0,0.13718098,0.0,0.020760247
0.0,0.0,6.18742e-20,0.0014761719,0.0,0.16036862,0.0,0.032490153,0.0,0.008815157,0.0,0.028990272,0.0,0.2573022,0.0,0.21096642,0.0,0.16886893,0.0,0.17402466,0.0,0.16775438,0.0,0.13866226,0.0,0.020184645
0.0,0.0,4.028225e-20,0.00049170665,0.0,0.15007962,0.0,0.100297906,0.0,0.0138346655,0.0,0.099423885,0.0,0.14701226,0.0,0.21125197,0.0,0.13873607,0.0,0.16833542,0.0,0.15197656,0.0,0.12851511,0.0,0.087333225
0.0,0.0,1.4921703e-20,0.00013322999,0.0,0.13172661,0.0,0.085136466,0.0,0.023993975,0.0,0.07654387,0.0,0.14200774,0.0,0.19141454,0.0,0.11457351,0.0,0.14306177,0.0,0.14043947,0.0,0.11637643,0.0,0.020489449
0.0,0.0,6.69607e-21,3.161139e-05,0.0,0.09661309,0.0,0.031655125,0.0,0.008820826,0.0,0.032990523,0.0,0.13632199,0.0,0.22568338,0.0,0.10174946,0.0,0.14200696,0.0,0.13426657,0.0,0.1076856,0.0,0.025629297
0.0,0.0,4.300891e-21,8.151836e-06,0.0,0.055302765,0.0,0.006033766,0.0,0.007853547,0.0,0.03221925,0.0,0.09278523,0.0,0.24347676,0.0,0.0631731,0.0,0.21019326,0.0,0.14775713,0.0,0.11126217,0.0,0.055872265
0.0,0.0,3.4089805000000004e-21,2.1983537e-06,0.0,0.021682315,0.0,0.022221398,0.0,0.031048318,0.0,0.016246459,0.0,0.038165595,0.0,0.2363139,0.0,0.078142844,0.0,0.20628682,0.0,0.15707724,0.0,0.11900945,0.0,0.041257285
0.0,0.0,4.2685435e-18,4.589e-07,0.0,0.0059814574,0.0,0.010983061,0.0,0.0043891734,0.0,0.1607295,0.0,0.048346024,0.0,0.22865197,0.0,0.037272763,0.0,0.19604823,0.0,0.16046362,0.0,0.122712746,0.0,0.059687965
0.0,0.0,2.6997215e-18,1.4582706e-07,0.0,0.12317742,0.0,0.03216909,0.0,0.004324696,0.0,0.19290853,0.0,0.036554612,0.0,0.22132568,0.0,0.08349702,0.0,0.18692619,0.0,0.16104929,0.0,0.12668973,0.0,0.05019384
0.0,0.0,1.9876428e-18,4.194344e-08,0.0,0.16573384,0.0,0.036105502,0.0,0.00839792,0.0,0.19738682,0.0,0.0247627,0.0,0.21403846,0.0,0.062008917,0.0,0.17600182,0.0,0.15237613,0.0,0.123238,0.0,0.053458538
0.0,0.0,8.854889e-19,5.598337e-09,0.0,0.15673232,0.0,0.027768008,0.0,0.020705827,0.0,0.19777745,0.0,0.24766989,0.0,0.2147331,0.0,0.07646009,0.0,0.17142953,0.0,0.15920326,0.0,0.12660053,0.0,0.097002864
0.0,0.0,2.887353e-19,0.0018238708,0.0,0.13847543,0.0,0.0585903,0.0,0.006560387,0.0,0.14399418,0.0,0.1738949,0.0,0.19555332,0.0,0.046362292,0.0,0.1489059,0.0,0.14263715,0.0,0.11601992,0.0,0.021579685
0.0,0.0,1.7123972999999998e-19,0.0009420086,0.0,0.10465419,0.0,0.05943595,0.0,0.011525505,0.0,0.0700376,0.0,0.14291082,0.0,0.21996774,0.0,0.06207941,0.0,0.15521006,0.0,0.13311248,0.0,0.10535571,0.0,0.06192567
0.0,0.0,1.1663856999999998e-19,0.00038456707,0.0,0.0639771,0.0,0.062368277,0.0,0.030979834,0.0,0.050837934,0.0,0.054814097,0.0,0.24587335,0.0,0.028324198,0.0,0.17316914,0.0,0.14956634,0.0,0.11295316,0.0,0.008941674
0.0,0.0,1.1650366e-19,9.173328e-05,0.0,0.027280044,0.0,0.021565272,0.0,0.02386734,0.0,0.014394878,0.0,0.19591428,0.0,0.23872367,0.0,0.17457497,0.0,0.22209457,0.0,0.15951137,0.0,0.12106473,0.0,0.05120049
0.0,0.0,4.973255000000001e-17,2.3913792e-05,0.0,0.007927035,0.0,0.02121562,0.0,0.0039601703,0.0,0.11276809,0.0,0.16859947,0.0,0.23141576,0.0,0.19301698,0.0,0.20967983,0.0,0.16578008,0.0,0.1277219,0.0,0.031486552
0.0,0.0,1.12766936e-17,5.847551e-06,0.0,0.13942567,0.0,0.009696934,0.0,0.0033166278,0.0,0.123486176,0.0,0.12141223,0.0,0.22413255,0.0,0.14939676,0.0,0.19633059,0.0,0.16805772,0.0,0.13117091,0.0,0.007814563
0.0,0.0,3.0928995e-15,1.090132e-06,0.0,0.17109834,0.0,0.014992874,0.0,0.0028563996,0.0,0.11837991,0.0,0.08554289,0.0,0.21672855,0.0,0.066337116,0.0,0.1835181,0.0,0.15396202,0.0,0.12554765,0.0,0.047119033
0.0,0.0,1.4674229e-15,2.6187215e-07,0.0,0.16073588,0.0,0.03791543,0.0,0.001996653,0.0,0.11021619,0.0,0.018501561,0.0,0.21761766,0.0,0.01833412,0.0,0.17612395,0.0,0.15495461,0.0,0.12341906,0.0,0.013738854
0.0,0.0,2.812978e-16,6.367959e-08,0.0,0.14405017,0.0,0.03703915,0.0,0.0014820831,0.0,0.102887526,0.0,0.46295774,0.0,0.1989617,0.0,0.4540677,0.0,0.14906102,0.0,0.14572923,0.0,0.11863638,0.0,0.07917605
0.0,0.0,1.2254301e-14,2.4265673e-05,0.0,0.111029334,0.0,0.047192883,0.0,0.0006341911,0.0,0.0608822,0.0,0.16617389,0.0,0.22805908,0.0,0.20452261,0.0,0.16147877,0.0,0.13449082,0.0,0.106775925,0.0,0.014837581
0.0,0.0,8.5097334e-15,8.7023e-06,0.0,0.07063098,0.0,0.013223316,0.0,0.00015862072,0.0,0.04007397,0.0,0.075492024,0.0,0.24694411,0.0,0.089461654,0.0,0.19807212,0.0,0.14220016,0.0,0.10342512,0.0,0.037777986
0.0,0.0,3.2291789e-15,1.7644436e-06,0.0,0.03244878,0.0,0.017613668,0.0,3.8129085e-05,0.0,0.024073577,0.0,0.021718739,0.0,0.23937163,0.0,0.11522217,0.0,0.19695453,0.0,0.15454362,0.0,0.11043944,0.0,0.027993415
0.0,0.0,6.056198e-16,4.880429e-07,0.0,0.010099159,0.0,0.028030332,0.0,0.015314433,0.0,0.1661154,0.0,0.14442395,0.0,0.23257576,0.0,0.15535668,0.0,0.19201271,0.0,0.16499509,0.0,0.12256465,0.0,0.020912511
0.0,0.0,1.0403857e-13,1.11679874e-07,0.0,0.044727616,0.0,0.016272778,0.0,0.0061499206,0.0,0.18584515,0.0,0.1014047,0.0,0.22540332,0.0,0.14682615,0.0,0.18339562,0.0,0.15639716,0.0,0.12032671,0.0,0.012680925
0.0,0.0,4.3165138e-13,2.403305e-08,0.0,0.15918621,0.0,0.033001732,0.0,0.010161541,0.0,0.19004889,0.0,0.047851115,0.0,0.21783392,0.0,0.11092991,0.0,0.17389275,0.0,0.15338375,0.0,0.11782439,0.0,0.038192198
0.0,0.0,1.0516493e-12,5.3436784e-09,0.0,0.1626854,0.0,0.020434339,0.0,0.011924261,0.0,0.19875011,0.0,0.038144927,0.0,0.21096927,0.0,0.098324,0.0,0.16509654,0.0,0.15038674,0.0,0.11655292,0.0,0.0108035365
0.0,0.0,4.2815512e-13,1.2044558e-09,0.0,0.14199008,0.0,0.0072488934,0.0,0.012345373,0.0,0.1521999,0.0,0.15272006,0.0,0.19108705,0.0,0.06348016,0.0,0.13795829,0.0,0.1340168,0.0,0.102806516,0.0,0.036967464
0.0,0.0,3.3852157e-11,2.4301672e-10,0.0,0.11994623,0.0,0.016444372,0.0,0.00752346,0.0,0.1061844,0.0,0.15839434,0.0,0.19553326,0.0,0.02154804,0.0,0.116790295,0.0,0.11466103,0.0,0.084825985,0.0,0.019922351
0.0,0.0,1.5186866e-10,5.2480277e-11,0.0,0.082993984,0.0,0.004921639,0.0,0.010764756,0.0,0.026057653,0.0,0.06905501,0.0,0.24616979,0.0,0.26859772,0.0,0.17021665,0.0,0.113412514,0.0,0.07734072,0.0,0.011520691
0.0,0.0,7.162622e-11,1.29285116e-11,0.0,0.042941034,0.0,0.021415815,0.0,0.018496817,0.0,0.008574432,0.0,0.049856532,0.0,0.23922755,0.0,0.164345,0.0,0.2010975,0.0,0.08423238,0.0,0.059669364,0.0,0.037698805
0.0,0.0,1.6723286e-11,4.2542406e-12,0.0,0.015004718,0.0,0.017316595,0.0,0.0069276327,0.0,0.1078741,0.0,0.08329398,0.0,0.23205379,0.0,0.0741232,0.0,0.2024288,0.0,0.17869411,0.0,0.109815784,0.0,0.013708626
0.0,0.0,3.5587679e-12,5.9523556e-13,0.0,0.004003544,0.0,0.017741658,0.0,0.004267779,0.0,0.13223208,0.0,0.0634594,0.0,0.22478984,0.0,0.012696806,0.0,0.18815674,0.0,0.16952771,0.0,0.120678104,0.0,0.018155625
0.0,0.0,2.6199553e-12,1.13254756e-13,0.0,0.0009339436,0.0,0.026610449,0.0,0.0017716639,0.0,0.115676895,0.0,0.054316748,0.0,0.21762362,0.0,0.40458655,0.0,0.17422774,0.0,0.15821666,0.0,0.11956977,0.0,0.023919351
0.0,0.0,1.9288041e-12,2.3887811e-14,0.0,0.10318609,0.0,0.009163348,0.0,0.00065442914,0.0,0.080532566,0.0,0.03341391,0.0,0.20992354,0.0,0.17466731,0.0,0.16215353,0.0,0.14997561,0.0,0.11480808,0.0,0.03314681
0.0,0.0,1.6201925e-12,2.844897e-14,0.0,0.14404748,0.0,0.0013251854,0.0,0.00018487261,0.0,0.048481647,0.0,0.026259288,0.0,0.18984093,0.0,0.08215878,0.0,0.15467562,0.0,0.13516945,0.0,0.10270562,0.0,0.040661335
0.0,0.0,1.0599579e-12,5.8030314e-10,0.0,0.13325578,0.0,0.004568061,0.0,5.1348678e-05,0.0,0.0181324,0.0,0.1279015,0.0,0.19483238,0.0,0.027846206,0.0,0.1301314,0.0,0.12320778,0.0,0.090833716,0.0,0.023486804
0.0,0.0,4.4153475e-13,3.3755487e-10,0.0,0.10013493,0.0,0.023696953,0.0,1.3498147e-05,0.0,0.032701593,0.0,0.105993405,0.0,0.2438801,0.0,0.07051484,0.0,0.13969451,0.0,0.10506446,0.0,0.07526543,0.0,0.020950235
0.0,0.0,2.0233885e-13,6.8815835e-11,0.0,0.059389193,0.0,0.010230541,0.0,3.4047682e-06,0.0,0.01179198,0.0,0.08389215,0.0,0.23799306,0.0,0.022713983,0.0,0.17195173,0.0,0.11029209,0.0,0.07387495,0.0,0.00852458
0.0,0.0,5.2115708e-14,1.7736874e-11,0.0,0.02463605,0.0,0.009967497,0.0,8.7068906e-07,0.0,0.025380507,0.0,0.018057222,0.0,0.23181427,0.0,0.14491464,0.0,0.20771392,0.0,0.08377118,0.0,0.058516786,0.0,0.02623845
0.0,0.0,3.6139227e-14,2.7945274e-12,0.0,0.0071484814,0.0,0.0049112393,0.0,0.0035140493,0.0,0.02326885,0.0,0.21903785,0.0,0.22482008,0.0,0.043367725,0.0,0.20543656,0.0,0.1769484,0.0,0.10442248,0.0,0.020116698
0.0,0.0,1.462981e-14,5.6101114e-13,0.0,0.0017898364,0.0,0.004936361,0.0,0.0027032732,0.0,0.009045743,0.0,0.16015077,0.0,0.21758246,0.0,0.080335885,0.0,0.18901502,0.0,0.166899,0.0,0.114148855,0.0,0.017485322
0.0,0.0,1.2921108e-14,1.375704e-13,0.0,0.044804122,0.0,0.019001858,0.0,0.0003404725,0.0,0.048728004,0.0,0.10269138,0.0,0.20940584,0.0,0.053804524,0.0,0.16927905,0.0,0.15425937,0.0,0.11209477,0.0,0.022602133
0.0,0.0,1.03564796e-14,1.7685111e-14,0.0,0.12802814,0.0,0.0027236557,0.0,0.00010039338,0.0,0.029096682,0.0,0.04069322,0.0,0.20100738,0.0,0.015095573,0.0,0.15229109,0.0,0.13794704,0.0,0.09789125,0.0,0.018690348
0.0,0.0,3.7449834e-15,3.2005502e-15,0.0,0.12654768,0.0,0.0022392692,0.0,2.0951853e-05,0.0,0.007376382,0.0,0.007847197,0.0,0.17918265,0.0,0.2579345,0.0,0.14789538,0.0,0.12414037,0.0,0.08575527,0.0,0.023446761
0.0,0.0,1.0425711e-15,6.4572614e-16,0.0,0.09796837,0.0,0.0064299144,0.0,5.594831e-06,0.0,0.0590672,0.0,0.08988275,0.0,0.15261672,0.0,0.10487055,0.0,0.118741035,0.0,0.10625931,0.0,0.07117379,0.0,0.021193724
0.0,0.0,8.3605995e-16,1.1414863000000002e-16,0.0,0.05861568,0.0,0.004055772,0.0,1.0737922e-06,0.0,0.053743698,0.0,0.13052,0.0,0.23253699,0.0,0.013666769,0.0,0.13582858,0.0,0.0837992,0.0,0.055065077,0.0,0.025969673
0.0,0.0,2.7191761e-16,1.285492e-16,0.0,0.024422107,0.0,0.00028419515,0.0,2.951383e-07,0.0,0.034474727,0.0,0.08540739,0.0,0.23451768,0.0,0.17361759,0.0,0.13400874,0.0,0.073076546,0.0,0.044097777,0.0,0.010809601
0.0,0.0,8.77168e-14,3.945615e-17,0.0,0.0072789704,0.0,9.916586e-05,0.0,6.463978e-08,0.0,0.037571386,0.0,0.02550494,0.0,0.22584258,0.0,0.041507613,0.0,0.16919233,0.0,0.0862503,0.0,0.04873185,0.0,0.012978415
0.0,0.0,1.2911586e-13,6.6335900000000015e-19,0.0,0.0018838213,0.0,0.0031001575,0.0,1.3696013e-08,0.0,0.017206931,0.0,0.04818489,0.0,0.21668804,0.0,0.03988282,0.0,0.18695368,0.0,0.092678174,0.0,0.051164977,0.0,0.008673559
0.0,0.0,1.03539776e-13,4.003169e-14,0.0,0.00045227713,0.0,0.004788644,0.0,2.356532e-09,0.0,0.0029563627,0.0,0.009891923,0.0,0.2076053,0.0,0.01943357,0.0,0.16490997,0.0,0.095740564,0.0,0.05284475,0.0,0.0046026646
0.0,0.0,8.3029964e-14,1.4035666e-14,0.0,0.000108717424,0.0,0.00520619,0.0,4.321113e-10,0.0,0.005394438,0.0,0.066358164,0.0,0.19774891,0.0,0.13912393,0.0,0.14592697,0.0,0.09134981,0.0,0.05039686,0.0,0.0029208045
0.0,0.0,3.553286e-14,2.7179689e-15,0.0,2.615077e-05,0.0,0.0024310565,0.0,9.820979e-11,0.0,0.03456159,0.0,0.023133367,0.0,0.18723704,0.0,0.034866545,0.0,0.13364503,0.0,0.08293422,0.0,0.045037143,0.0,0.002008572
0.0,0.0,1.0496889e-14,4.4782796e-16,0.0,0.032290082,0.0,0.0027236613,0.0,1.9178329e-11,0.0,0.030213347,0.0,0.105496176,0.0,0.1769088,0.0,0.06548581,0.0,0.12633376,0.0,0.07359953,0.0,0.040749215,0.0,0.0011150488
0.0,0.0,3.847517e-15,7.7592897e-17,0.0,0.06679946,0.0,0.0031119797,0.0,2.9966806e-12,0.0,0.015988015,0.0,0.040275555,0.0,0.14985704,0.0,0.044097606,0.0,0.11278476,0.0,0.06457005,0.0,0.035090845,0.0,0.00042233788
0.0,0.0,1.6465535e-15,5.4271873e-17,0.0,0.04549052,0.0,0.0018380975,0.0,8.350428e-07,0.0,0.0034305989,0.0,0.03985344,0.0,0.11661555,0.0,0.012218449,0.0,0.09248894,0.0,0.048576884,0.0,0.025674067,0.0,0.00011207851
0.0,0.0,9.764527e-16,1.0274442000000001e-17,0.0,0.027631383,0.0,0.002678776,0.0,5.5726605e-07,0.0,0.007827966,0.0,0.022053441,0.0,0.13914809,0.0,0.1673619,0.0,0.0675992,0.0,0.032623816,0.0,0.017531883,0.0,2.9317702e-05
0.0,0.0,2.4131887e-16,3.377283e-19,0.0,0.009248075,0.0,0.0008924673,0.0,1.0609738e-07,0.0,0.009959002,0.0,0.055374004,0.0,0.21649349,0.0,0.041671943,0.0,0.03232558,0.0,0.014627879,0.0,0.007880814,0.0,7.038336e-06
0.0,0.0,2.1313178e-16,7.6390065e-20,0.0,0.0025290071,0.0,0.0010274551,0.0,1.603133e-08,0.0,0.0044127516,0.0,0.014364524,0.0,0.20729782,0.0,0.055642053,0.0,0.11162197,0.0,0.030722711,0.0,0.014047443,0.0,1.7431655e-06
0.0,0.0,2.1287093000000003e-16,1.2532185e-20,0.0,0.0006152434,0.0,0.00054484437,0.0,2.8214726e-09,0.0,0.018429985,0.0,0.079281956,0.0,0.19727863,0.0,0.030886782,0.0,0.1285876,0.0,0.047072466,0.0,0.02165997,0.0,7.817956e-05
0.0,0.0,1.880067e-16,2.187441e-21,0.0,0.00014964178,0.0,0.0002339357,0.0,5.8064176e-10,0.0,0.010803659,0.0,0.023321852,0.0,0.18674517,0.0,0.027864916,0.0,0.14221966,0.0,0.053596653,0.0,0.025420157,0.0,0.00037069866
0.0,0.0,5.4688054e-17,3.846068e-22,0.0,3.6580695e-05,0.0,8.7389766e-05,0.0,1.1650211e-10,0.0,0.004585824,0.0,0.032284968,0.0,0.17397875,0.0,0.056988016,0.0,0.118828826,0.0,0.053198844,0.0,0.024205593,0.0,7.858216e-05
0.0,0.0,2.7465820000000006e-17,1.4724178000000002e-22,0.0,9.060622e-06,0.0,0.0001310003,0.0,2.0807236e-11,0.0,0.012700987,0.0,0.019116307,0.0,0.15917456,0.0,0.013224721,0.0,0.10876155,0.0,0.042587247,0.0,0.019085566,0.0,1.6058946e-05
0.0,0.0,2.3794353e-17,1.5475873e-23,0.0,2.2765548e-06,0.0,2.434781e-05,0.0,1.736299e-10,0.0,0.0035399236,0.0,0.023191605,0.0,0.14153455,0.0,0.057231374,0.0,0.091493346,0.0,0.036331937,0.0,0.01613788,0.0,3.2246257e-06
0.0,0.0,8.9624374e-18,8.8884185e-24,0.0,5.808148e-07,0.0,2.9004304e-06,0.0,5.3209034e-11,0.0,0.004997514,0.0,0.016094353,0.0,0.12776898,0.0,0.008913777,0.0,0.0846594,0.0,0.027184704,0.0,0.012156565,0.0,6.221409e-07
0.0,0.0,3.2618174e-18,5.157906399999998e-25,0.0,1.4761699e-07,0.0,2.11666e-07,0.0,1.0750472e-11,0.0,0.004456202,0.0,0.0201002,0.0,0.09019527,0.0,0.03665616,0.0,0.06481554,0.0,0.02308236,0.0,0.010313525,0.0,1.3351459e-07
0.0,0.0,2.8808232e-18,2.5939488e-24,0.0,3.7567737e-08,0.0,5.300564e-07,0.0,2.073235e-12,0.0,0.0051368778,0.0,0.013471931,0.0,0.049961958,0.0,0.014103897,0.0,0.044291444,0.0,0.0136236735,0.0,0.0062971124,0.0,2.6783063e-08
0.0,0.0,1.4936767999999998e-18,6.448249e-15,0.0,0.0021692538,0.0,0.00010247039,0.0,7.5344716e-13,0.0,0.0027085103,0.0,0.031454165,0.0,0.0194546,0.0,0.06622284,0.0,0.017243529,0.0,0.0054962877,0.0,0.0026737717,0.0,7.565944e-09
0.0,0.0,6.7786174e-19,4.776965e-15,0.0,0.0020738705,0.0,2.9044068e-05,0.0,1.7955362e-13,0.0,0.0050767707,0.0,0.015034255,0.0,0.021679763,0.0,0.009431104,0.0,0.0131252175,0.0,0.0018081813,0.0,0.000934971,0.0,2.2625994e-09
0.0,0.0,6.7703213e-19,1.817654e-15,0.0,0.00061503524,0.0,1.1302339e-05,0.0,1.0335624e-13,0.0,0.0028240264,0.0,0.03267739,0.0,0.1836932,0.0,0.04337211,0.0,0.005542365,0.0,0.00051781116,0.0,0.0002890713,0.0,7.190475e-10
0.0,0.0,5.4292134e-19,5.670421e-16,0.0,0.00016028862,0.0,1.0002795e-05,0.0,2.1740713e-14,0.0,0.03906702,0.0,0.0055290926,0.0,0.17167448,0.0,0.03745245,0.0,0.08617595,0.0,0.019773323,0.0,0.008700777,0.0,3.0417574e-10
0.0,0.0,4.795057999999999e-19,8.8526484e-17,0.0,3.9015504e-05,0.0,1.7231241e-06,0.0,4.8377046e-15,0.0,0.025855143,0.0,0.019767862,0.0,0.1586053,0.0,0.019746188,0.0,0.09767964,0.0,0.03324612,0.0,0.015594192,0.0,4.699922e-07
0.0,0.0,4.2349747e-19,3.082212e-17,0.0,9.524821e-06,0.0,6.4189885e-07,0.0,1.1049129e-15,0.0,0.0093043335,0.0,0.047245644,0.0,0.14231199,0.0,0.0890185,0.0,0.0888346,0.0,0.035174385,0.0,0.016722336,0.0,1.8779086e-07
0.0,0.0,2.2248119e-19,9.797411e-18,0.0,2.344101e-06,0.0,1.1328301e-07,0.0,6.689389e-16,0.0,0.02001933,0.0,0.010079426,0.0,0.12591822,0.0,0.016434282,0.0,0.09334598,0.0,0.03382438,0.0,0.017194254,0.0,8.769549e-08
0.0,0.0,2.222089e-19,2.1483746e-18,0.0,5.740558e-07,0.0,3.3189412e-08,0.0,4.761855e-16,0.0,0.0040931646,0.0,0.064649135,0.0,0.10807874,0.0,0.08666982,0.0,0.06602401,0.0,0.027203217,0.0,0.013842774,0.0,5.0830547e-08
0.0,0.0,1.9625394e-19,5.5000516e-19,0.0,1.4165099e-07,0.0,8.639404e-09,0.0,8.1639934e-17,0.0,0.0014859377,0.0,0.013930658,0.0,0.096819915,0.0,0.017538482,0.0,0.065824665,0.0,0.0218164,0.0,0.011200112,0.0,1.3980527e-07
0.0,0.0,1.7333064e-19,8.306037999999999e-21,0.0,3.5174274e-08,0.0,2.8361276e-09,0.0,1.6529027e-17,0.0,0.0024168752,0.0,0.0688472,0.0,0.056143425,0.0,0.11804932,0.0,0.048838392,0.0,0.017095037,0.0,0.008095007,0.0,1.0248804e-07
0.0,0.0,1.7311851e-19,1.6913859e-21,0.0,8.666859e-09,0.0,4.5751236e-10,0.0,2.6012822e-18,0.0,0.01138707,0.0,0.017825015,0.0,0.022799084,0.0,0.025701461,0.0,0.034820452,0.0,0.0091841435,0.0,0.0046899654,0.0,2.3438284e-08
0.0,0.0,1.7290664e-19,2.4858264000000004e-22,0.0,0.00024566703,0.0,1.3769931e-10,0.0,5.169736999999999e-19,0.0,0.0021798369,0.0,0.049369536,0.0,0.0065562874,0.0,0.08755285,0.0,0.009571564,0.0,0.0033884672,0.0,0.0019470148,0.0,6.3711942e-09
0.0,0.0,1.7269501999999998e-19,4.6509582e-23,0.0,0.00040661526,0.0,1.521813e-08,0.0,1.03066394e-19,0.0,0.0022428837,0.0,0.0073566097,0.0,0.14537491,0.0,0.020969085,0.0,0.014117892,0.0,0.0009543941,0.0,0.00058336026,0.0,1.4431645e-09
0.0,0.0,1.7248366e-19,9.3687235e-24,0.0,0.0001283063,0.0,9.215015e-09,0.0,2.3828675999999998e-20,0.0,0.010318369,0.0,0.042027034,0.0,0.16081525,0.0,0.067859545,0.0,0.030096313,0.0,0.007109929,0.0,0.0028751981,0.0,3.4207312e-10
0.0,0.0,1.5233682999999998e-19,7.823104e-24,0.0,3.254846e-05,0.0,5.274505e-09,0.0,4.3987522000000004e-21,0.0,0.0028285563,0.0,0.00592942,0.0,0.14111249,0.0,0.013543304,0.0,0.079451464,0.0,0.018850226,0.0,0.0070973802,0.0,7.208484e-11
0.0,0.0,6.231612e-20,4.5119787e-25,0.0,8.3326395e-06,0.0,9.19473e-10,0.0,7.808714e-22,0.0,0.001894401,0.0,0.010476592,0.0,0.11828019,0.0,0.055057958,0.0,0.067656636,0.0,0.017892407,0.0,0.006947271,0.0,7.329408e-10
0.0,0.0,6.2239855e-20,8.8292745e-26,0.0,2.177293e-06,0.0,2.5125865e-10,0.0,1.4189985000000002e-22,0.0,0.0051153908,0.0,0.020485092,0.0,0.094865985,0.0,0.011406296,0.0,0.055656694,0.0,0.01428619,0.0,0.0056887227,0.0,1.4032238e-10
0.0,0.0,5.496997e-20,1.6017682000000002e-26,0.0,5.6242465e-07,0.0,8.65213e-11,0.0,2.4749489e-23,0.0,0.007480044,0.0,0.007414276,0.0,0.073794276,0.0,0.056836527,0.0,0.04062235,0.0,0.011727885,0.0,0.0050922036,0.0,2.7449975e-11
0.0,0.0,3.2598745e-20,2.8813172e-27,0.0,1.4358172e-07,0.0,3.4017456e-11,0.0,4.368035e-24,0.0,0.0057223896,0.0,0.02598231,0.0,0.055692658,0.0,0.01187831,0.0,0.03365701,0.0,0.008255452,0.0,0.0035752237,0.0,5.2325175e-12
0.0,0.0,1.6202948e-20,5.0794775e-28,0.0,3.6686377e-08,0.0,3.781035e-12,0.0,7.867362e-25,0.0,0.0063786833,0.0,0.015053394,0.0,0.049894832,0.0,0.04715748,0.0,0.025087439,0.0,0.006498889,0.0,0.0027585577,0.0,9.553733e-13
0.0,0.0,1.6183117e-20,9.055372e-29,0.0,9.541332e-09,0.0,9.631576e-13,0.0,1.3869638e-25,0.0,0.0012474122,0.0,0.028838046,0.0,0.019601429,0.0,0.009724305,0.0,0.026708877,0.0,0.0054495707,0.0,0.0022282994,0.0,1.6509781e-13
0.0,0.0,1.3467719e-20,1.572507e-29,0.0,2.4846556e-09,0.0,2.2292275e-13,0.0,2.6374695e-26,0.0,0.0007916936,0.0,0.009283889,0.0,0.005716623,0.0,0.053900898,0.0,0.010103307,0.0,0.0022884696,0.0,0.0010446582,0.0,3.0255092e-14
0.0,0.0,4.506057e-16,2.9321693e-30,0.0,6.507053e-10,0.0,1.2803385e-13,0.0,4.6746973e-27,0.0,0.00041420228,0.0,0.017408388,0.0,0.0015249809,0.0,0.0069319694,0.0,0.007404963,0.0,0.0010721325,0.0,0.00048005543,0.0,5.307097e-15
0.0,0.0,8.0351536e-16,5.2186913e-31,0.0,1.7376532e-10,0.0,1.8720158e-14,0.0,8.17974e-28,0.0,0.0004407639,0.0,0.018901484,0.0,0.00038465473,0.0,0.017721085,0.0,0.0089143235,0.0,0.00027325065,0.0,0.00015020878,0.0,9.413691e-16
0.0,0.0,7.0965426e-16,9.7455864e-32,0.0,4.5943985e-11,0.0,7.121933e-15,0.0,3.4429963e-12,0.0,0.00026074544,0.0,0.010612751,0.0,0.042927906,0.0,0.037664518,0.0,0.0030036564,0.0,6.807068e-05,0.0,4.0499683e-05,0.0,4.4580296e-14
0.0,0.0,3.0369511000000003e-16,1.8374615e-32,0.0,0.00031708865,0.0,1.594654e-15,0.0,1.5225563e-12,0.0,0.000411177,0.0,0.016063148,0.0,0.109691545,0.0,0.01374985,0.0,0.003492567,0.0,1.7361583e-05,0.0,1.0586006e-05,0.0,2.1325184e-14
0.0,0.0,2.6821952000000004e-16,3.8531026e-33,0.0,0.00015337713,0.0,3.560274e-16,0.0,1.9837357e-13,0.0,0.0001950629,0.0,0.009388076,0.0,0.0819449,0.0,0.01786833,0.0,0.017491436,0.0,0.002882727,0.0,0.00081310753,0.0,5.2156295e-15
0.0,0.0,2.3688798e-16,3.8019140000000003e-29,0.0,4.6779667e-05,0.0,7.214863000000001e-17,0.0,4.2250505e-14,0.0,9.06913e-05,0.0,0.010597918,0.0,0.057566617,0.0,0.025558695,0.0,0.024081064,0.0,0.0009362755,0.0,0.00036942202,0.0,1.4522844e-15
0.0,0.0,2.3659568000000003e-16,2.1908186e-34,0.0,1.2998155e-05,0.0,4.078179000000001e-17,0.0,6.6753354e-15,0.0,0.00024913435,0.0,0.014285861,0.0,0.04004855,0.0,0.024735482,0.0,0.016417313,0.0,0.0028307687,0.0,0.00087403733,0.0,4.881137e-16
0.0,0.0,2.3630377000000003e-16,4.1308384e-35,0.0,3.5028384e-06,0.0,7.677058e-18,0.0,1.564292e-07,0.0,0.00017831716,0.0,0.015413215,0.0,0.030083617,0.0,0.029072119,0.0,0.012776763,0.0,0.00052941684,0.0,0.00028025065,0.0,9.699968e-17
0.0,0.0,8.22714e-17,9.0914214e-36,0.0,9.40312e-07,0.0,3.0124438000000004e-16,0.0,3.2322628e-08,0.0,0.0002717525,0.0,0.010966848,0.0,0.022029946,0.0,0.018263137,0.0,0.010882256,0.0,0.00010677311,0.0,6.9024514e-05,0.0,1.717019e-17
0.0,0.0,6.089957e-17,1.7748171e-36,0.0,2.5484061e-07,0.0,2.7012665e-17,0.0,5.712873e-09,0.0,7.695649e-05,0.0,0.01997255,0.0,0.018080682,0.0,0.031150984,0.0,0.010634077,0.0,0.00068191014,0.0,0.00023258534,0.0,3.1147627e-18
0.0,0.0,2.7237258e-17,1.1745084e-33,0.0,6.888358e-08,0.0,1.8743238e-17,0.0,9.904553e-10,0.0,3.962536e-05,0.0,0.009717944,0.0,0.024441237,0.0,0.018876292,0.0,0.0125325015,0.0,0.0021558888,0.0,0.00074162945,0.0,6.145487e-19
0.0,0.0,2.7203651e-17,5.452969700000001e-38,0.0,1.8372328e-08,0.0,4.325457e-18,0.0,1.8991894e-10,0.0,1.562255e-05,0.0,0.029332476,0.0,0.007651892,0.0,0.03935203,0.0,0.013312387,0.0,0.001910046,0.0,0.00071716524,0.0,1.1508636e-19
0.0,0.0,2.7170086e-17,2.9620000000000003e-25,0.0,4.8763655e-09,0.0,5.1448814e-19,0.0,2.7867486e-11,0.0,3.9315373e-06,0.0,0.00017645824,0.0,0.002025056,0.0,0.022149945,0.0,0.007459865,0.0,0.0008239129,0.0,0.00035249646,0.0,2.2139954e-20
0.0,0.0,2.7136562e-17,3.3794592e-24,0.0,1.2901668e-09,0.0,1.2098549e-19,0.0,5.5646716e-12,0.0,1.1488715e-06,0.0,2.2018958e-06,0.0,0.00052289735,0.0,0.019991966,0.0,0.005432271,0.0,0.00026872146,0.0,0.00012950417,0.0,4.083053e-21
0.0,0.0,2.7103079e-17,7.182712e-25,0.0,3.4209868e-10,0.0,3.649367e-20,0.0,9.214484e-13,0.0,3.7827002e-07,0.0,8.19142e-07,0.0,0.0001303266,0.0,0.040574938,0.0,0.0065772226,0.0,7.927919e-05,0.0,4.2234387e-05,0.0,2.124472e-16
0.0,0.0,2.7069636e-17,1.4415892e-25,0.0,8.9100935e-11,0.0,9.593831999999999e-21,0.0,1.5248931e-13,0.0,1.00757575e-07,0.0,2.4630347e-07,0.0,0.020826163,0.0,0.008874333,0.0,0.0050117434,0.0,2.1576832e-05,0.0,1.227152e-05,0.0,4.5858248e-17
0.0,0.0,2.7036236000000002e-17,2.5013328e-26,0.0,2.3217041e-11,0.0,2.3262575e-21,0.0,2.8240876e-14,0.0,2.5974654e-08,0.0,7.375007e-08,0.0,0.05310604,0.0,0.058543004,0.0,0.0066966414,0.0,5.8343385e-06,0.0,3.4532459e-06,0.0,8.168599e-18
0.0,0.0,2.7002878e-17,4.588548e-27,0.0,6.0062237e-12,0.0,2.4317664000000004e-22,0.0,5.097328e-15,0.0,6.669009e-09,0.0,2.2177241e-08,0.0,0.033634186,0.0,0.0060272864,0.0,0.011189431,0.0,0.0013347811,0.0,0.00043687123,0.0,1.4560113e-18
0.0,0.0,1.9879061e-17,8.184823000000001e-28,0.0,1.32062305e-05,0.0,4.1631762e-23,0.0,9.501796e-16,0.0,1.5866318e-07,0.0,5.4640434e-05,0.0,0.02264716,0.0,0.010334912,0.0,0.016251275,0.0,0.0004337208,0.0,0.00020330116,0.0,2.5758846e-19
0.0,0.0,1.9854533e-17,1.458591e-28,0.0,6.697522e-06,0.0,9.676772e-24,0.0,1.65361e-16,0.0,1.4804132e-07,0.0,3.7122878e-05,0.0,0.015925802,0.0,0.018367635,0.0,0.01096816,0.0,7.984458e-05,0.0,5.1957126e-05,0.0,4.832866e-20
0.0,0.0,1.4616570000000002e-17,9.997842e-29,0.0,1.963163e-06,0.0,7.111368e-16,0.0,3.859096e-17,0.0,6.0409754e-08,0.0,1.7846707e-05,0.0,0.011708113,0.0,0.039220173,0.0,0.009969532,0.0,1.5506137e-05,0.0,1.1578927e-05,0.0,8.914695e-21
0.0,0.0,1.4598535e-17,2.468435e-29,0.0,5.2144884e-07,0.0,1.6290879e-16,0.0,7.659827e-18,0.0,2.4404534e-08,0.0,7.6932465e-06,0.0,0.018760322,0.0,0.0054623927,0.0,0.012925261,0.0,0.0010512896,0.0,0.00035985667,0.0,1.6942598e-21
0.0,0.0,1.4580522e-17,8.378274000000001e-31,0.0,1.3467117e-07,0.0,2.3012927e-17,0.0,1.125106e-18,0.0,8.677724e-09,0.0,2.847308e-06,0.0,0.0054383506,0.0,0.0128788445,0.0,0.007933753,0.0,0.0011357567,0.0,0.00041627928,0.0,3.0906288000000003e-22
0.0,0.0,6.542393e-18,4.230618e-30,0.0,3.487894e-08,0.0,4.524403299999999e-18,0.0,1.7453931e-19,0.0,9.2783564e-05,0.0,9.313519e-07,0.0,0.001397387,0.0,0.04357342,0.0,0.0068625384,0.0,0.00045579704,0.0,0.00020475606,0.0,3.3901441e-15
0.0,0.0,6.534321e-18,1.204132e-30,0.0,9.102283e-09,0.0,2.7663223e-12,0.0,2.9660897e-20,0.0,0.00014466688,0.0,0.002170687,0.0,0.0003509578,0.0,0.004285258,0.0,0.007733696,0.0,0.00014923979,0.0,7.64629e-05,0.0,1.0981142e-15
0.0,0.0,6.5262586e-18,5.1120655e-33,0.0,2.394475e-09,0.0,9.340454e-13,0.0,5.738609500000001e-21,0.0,0.00015544852,0.0,0.0039385385,0.0,8.888635e-05,0.0,0.0042522107,0.0,0.0055836192,0.0,4.3367363e-05,0.0,2.4345265e-05,0.0,8.464936e-11
0.0,0.0,6.518206e-18,8.908556999999999e-34,0.0,6.2585975e-10,0.0,1.7745056e-13,0.0,1.1303625e-21,0.0,0.00060604396,0.0,0.007077908,0.0,0.029073188,0.0,0.0055013043,0.0,0.012086965,0.0,1.16303745e-05,0.0,7.1378204e-06,0.0,2.0070357e-11
0.0,0.0,2.3564806e-18,1.5480524e-34,0.0,1.5821189e-10,0.0,4.540788e-13,0.0,1.7697693000000002e-22,0.0,0.00045031973,0.0,0.02476724,0.0,0.03179699,0.0,0.016350612,0.0,0.004312677,0.0,0.00035800456,0.0,0.00013309141,0.0,4.6065708e-12
0.0,0.0,2.353573e-18,2.6835787e-35,0.0,3.9769178e-11,0.0,2.4508623e-13,0.0,3.2018924e-23,0.0,0.00065134926,0.0,0.00773256,0.0,0.022147628,0.0,0.08846505,0.0,0.017072115,0.0,0.0009935602,0.0,0.00040535844,0.0,9.349712e-13
0.0,0.0,2.350669e-18,4.6656023e-36,0.0,2.5934942e-05,0.0,6.0407666e-14,0.0,3.1547477e-16,0.0,0.00049562124,0.0,0.05092637,0.0,0.015758863,0.0,0.027161974,0.0,0.01199966,0.0,0.00017233548,0.0,0.000111461726,0.0,2.0596228e-13
0.0,0.0,2.3477687e-18,8.161912e-37,0.0,1.0854531e-05,0.0,1.3254941e-14,0.0,8.426486e-17,0.0,0.0005050577,0.0,0.023358632,0.0,0.018148836,0.0,0.023812348,0.0,0.016605372,0.0,0.0008433682,0.0,0.00035107223,0.0,4.1291223e-14
0.0,0.0,1.1072628999999998e-18,1.4620384e-37,0.0,2.9125745e-06,0.0,2.6647714e-15,0.0,1.6528625000000002e-17,0.0,0.00030307603,0.0,0.011730474,0.0,0.005070964,0.0,0.052875437,0.0,0.02284581,0.0,0.0036606404,0.0,6.198376e-05,0.0,9.227447e-15
0.0,0.0,8.282074499999999e-19,2.5741393e-38,0.0,7.3252966e-07,0.0,1.0835668e-15,0.0,2.6445589e-18,0.0,0.0024484275,0.0,0.073953636,0.0,0.0012404593,0.0,0.021327946,0.0,0.0055458653,0.0,0.0016326695,0.0,0.0006604084,0.0,1.8413993e-13
0.0,0.0,4.316874e-19,1.0529267e-34,0.0,1.806032e-07,0.0,1.2769584e-11,0.0,5.480153999999999e-19,0.0,0.0008215863,0.0,0.021671312,0.0,0.00029392686,0.0,0.08706179,0.0,0.011506839,0.0,0.0004890915,0.0,0.000320212,0.0,5.1623192e-14
0.0,0.0,2.7254627e-18,8.08073e-40,0.0,4.3987438e-08,0.0,4.065031e-12,0.0,7.6899266e-20,0.0,0.00022247365,0.0,0.016496982,0.0,0.065605536,0.0,0.03826882,0.0,0.0027663745,0.0,0.00012754023,0.0,8.707486e-05,0.0,1.2629951e-14
0.0,0.0,2.7220736e-18,1.1015767e-35,0.0,1.0647387e-08,0.0,3.4874063e-12,0.0,1.8639949999999998e-20,0.0,5.4259617e-05,0.0,0.0033422455,0.0,0.060198955,0.0,0.011819915,0.0,0.041510995,0.0,0.008337283,0.0,0.0040384894,0.0,3.4517677e-15
0.0,0.0,1.2303689e-18,2.4377e-41,0.0,2.5070355e-08,0.0,7.070385e-11,0.0,3.3013824e-21,0.0,1.2905158e-05,0.0,0.017382156,0.0,0.046320625,0.0,0.12854931,0.0,0.028696612,0.0,0.010619672,0.0,0.0055108382,0.0,9.391518e-16
0.0,0.0,6.0662603e-19,3.2537546e-36,0.0,4.966756e-07,0.0,2.6495002e-11,0.0,6.8007413e-22,0.0,2.9030953e-06,0.0,0.017893717,0.0,0.035661187,0.0,0.028819794,0.0,0.026709361,0.0,0.008085575,0.0,0.004255613,0.0,8.959179e-11
0.0,0.0,6.058716999999999e-19,7.67e-43,0.0,1.4222456e-07,0.0,4.2121337e-12,0.0,1.3537527000000002e-22,0.0,6.577282e-07,0.0,0.061650462,0.0,0.03024062,0.0,0.07068189,0.0,0.024092995,0.0,0.006026938,0.0,0.003221873,0.0,1.2410218e-09
0.0,0.0,3.3753777e-19,8.6706203e-32,0.0,3.4137756e-08,0.0,1.6582942e-12,0.0,3.266109e-23,0.0,1.7283283e-07,0.0,0.027663352,0.0,0.009278386,0.0,0.01162557,0.0,0.025359577,0.0,0.008248268,0.0,0.0043310914,0.0,3.5960476e-10
0.0,0.0,3.3711803e-19,1.9111475e-32,0.0,8.116568e-09,0.0,2.872591e-13,0.0,8.102578e-24,0.0,3.4158493e-08,0.0,0.0071371947,0.0,0.0022643826,0.0,0.17135204,0.0,0.0316827,0.0,0.0037094306,0.0,0.0022264097,0.0,1.0107969e-10
0.0,0.0,3.3669883e-19,4.2677795e-33,0.0,1.9194721e-09,0.0,5.3585158e-14,0.0,1.9101166e-24,0.0,8.95396e-09,0.0,0.114851624,0.0,0.077544875,0.0,0.03523958,0.0,0.018588834,0.0,0.0010345946,0.0,0.00069654756,0.0,3.170524e-11
0.0,0.0,3.3628012e-19,1.0042256e-33,0.0,0.0021002148,0.0,1.0059838e-14,0.0,4.7429285999999995e-25,0.0,1.5746321e-09,0.0,0.0649614,0.0,0.11633678,0.0,0.054371398,0.0,0.033379056,0.0,0.013314585,0.0,0.00680635,0.0,9.7963564e-12
0.0,0.0,2.4756133e-19,1.9124804e-34,0.0,0.00060148444,0.0,5.1098843e-12,0.0,5.4296113e-11,0.0,0.00086822413,0.0,0.014733796,0.0,0.09776579,0.0,0.017905597,0.0,0.07289295,0.0,0.026681308,0.0,0.014148248,0.0,4.4828893e-10
0.0,0.0,1.9851891e-19,2.5999203e-35,0.0,0.00014196704,0.0,2.5017707e-12,0.0,1.7275686e-11,0.0,0.00025484784,0.0,0.09155369,0.0,0.08165022,0.0,0.1948516,0.0,0.061230235,0.0,0.027877832,0.0,0.0163482,0.0,1.4981126e-10
0.0,0.0,1.7532761e-19,7.216915e-36,0.0,3.3118573e-05,0.0,9.461988e-13,0.0,4.260372e-12,0.0,6.560569e-05,0.0,0.07074799,0.0,0.07473207,0.0,0.066058084,0.0,0.047024686,0.0,0.021355093,0.0,0.012457656,0.0,4.850475e-11
0.0,0.0,1.03972176e-19,1.6299281e-36,0.0,7.715735e-06,0.0,2.7725795e-13,0.0,1.1097874e-12,0.0,0.015500917,0.0,0.02393091,0.0,0.035470918,0.0,0.012559338,0.0,0.075515695,0.0,0.023657218,0.0,0.013525877,0.0,4.0794833e-11
0.0,0.0,5.547367e-20,2.3835905e-37,0.0,1.7935722e-06,0.0,5.207122e-09,0.0,2.966579e-13,0.0,0.017039172,0.0,0.006281748,0.0,0.011277321,0.0,0.2249634,0.0,0.02597836,0.0,0.013670167,0.0,0.008515799,0.0,1.0474058e-06
0.0,0.0,2.4569355e-20,5.6541345e-38,0.0,0.00056866504,0.0,9.2606284e-10,0.0,6.476635e-14,0.0,0.0031088116,0.0,0.1916755,0.0,0.18021728,0.0,0.087084964,0.0,0.047711607,0.0,0.0077725663,0.0,0.004985336,0.0,3.736289e-07
0.0,0.0,2.1699122e-20,1.2842043e-38,0.0,0.00028394198,0.0,2.4683067e-09,0.0,1.7851397e-14,0.0,0.035788342,0.0,0.16808261,0.0,0.17127346,0.0,0.022063185,0.0,0.11604561,0.0,0.047495645,0.0,0.027685681,0.0,1.5341213e-07
0.0,0.0,1.7400481e-20,3.132498e-39,0.0,6.829889e-05,0.0,1.6575814e-08,0.0,5.7562665e-15,0.0,0.020712234,0.0,0.15084115,0.0,0.16012542,0.0,0.3121652,0.0,0.13102399,0.0,0.07533545,0.0,0.046222135,0.0,6.391216e-08
0.0,0.0,1.7378843e-20,7.94508e-40,0.0,1.555923e-05,0.0,2.0801323e-08,0.0,2.0077493e-15,0.0,0.027994595,0.0,0.11575088,0.0,0.14755474,0.0,0.13393119,0.0,0.1131101,0.0,0.0733759,0.0,0.047473975,0.0,0.0024518154
0.0,0.0,1.3936059999999998e-20,1.3667681e-24,0.0,3.5223054e-06,0.0,2.4103901e-08,0.0,3.5546822e-05,0.0,0.02279791,0.0,0.019330552,0.0,0.14835963,0.0,0.09610671,0.0,0.106461816,0.0,0.07326082,0.0,0.04892859,0.0,0.012973912
0.0,0.0,1.2308026e-20,6.0829055e-25,0.0,0.05195612,0.0,5.4716196e-09,0.0,1.8901455e-05,0.0,0.043611035,0.0,0.40779564,0.0,0.11446113,0.0,0.20761044,0.0,0.0728726,0.0,0.0649255,0.0,0.045148082,0.0,0.014030195
0.0,0.0,2.9588792e-21,1.5581598e-25,0.0,0.025527522,0.0,2.7043745e-07,0.0,7.0155347e-06,0.0,0.009329247,0.0,0.3128699,0.0,0.16861075,0.0,0.25179136,0.0,0.17648502,0.0,0.05574838,0.0,0.038503412,0.0,0.009125303
0.0,0.0,8.727869e-22,4.2947269999999996e-26,0.0,0.007384705,0.0,1.049892e-07,0.0,2.3912405e-06,0.0,0.20462516,0.0,0.28217307,0.0,0.22593956,0.0,0.23508541,0.0,0.23494929,0.0,0.08935028,0.0,0.058620002,0.0,0.037100617
0.0,0.0,4.862391000000002e-22,1.3128129999999998e-26,0.0,0.0017885871,0.0,7.831297e-08,0.0,7.105941e-07,0.0,0.24857251,0.0,0.16889,0.0,0.21823275,0.0,0.2018201,0.0,0.19228217,0.0,0.11982504,0.0,0.08195619,0.0,0.010233605
0.0,0.0,4.856345e-22,2.8342228e-27,0.0,0.00039304033,0.0,7.446369e-08,0.0,0.0016124905,0.0,0.29534298,0.0,0.09141619,0.0,0.21058989,0.0,0.20513824,0.0,0.17931324,0.0,0.13404913,0.0,0.0968937,0.0,0.0025490234
0.0,0.0,2.3749502e-20,9.317395e-28,0.0,0.12853758,0.0,0.015498278,0.0,0.030070074,0.0,0.23649043,0.0,0.107455775,0.0,0.20283233,0.0,0.39984107,0.0,0.16668907,0.0,0.13208292,0.0,0.10105979,0.0,0.011488263
0.0,0.0,1.34742794e-20,2.7006719e-28,0.0,0.13135652,0.0,0.0017063839,0.0,0.0033966606,0.0,0.19305423,0.0,0.054473195,0.0,0.2050581,0.0,0.3723117,0.0,0.16195232,0.0,0.1362419,0.0,0.10538815,0.0,0.0317678
0.0,0.0,3.3077899e-21,6.3492536e-29,0.0,0.11490404,0.0,0.034231424,0.0,0.008327796,0.0,0.10617059,0.0,0.05254078,0.0,0.18396872,0.0,0.3203062,0.0,0.13292615,0.0,0.13324702,0.0,0.10543677,0.0,0.01233553
0.0,0.0,4.9463043e-22,3.3967355e-16,0.0,0.07709772,0.0,0.09114476,0.0,0.028758038,0.0,0.038348366,0.0,0.061516806,0.0,0.25363794,0.0,0.24761577,0.0,0.17451358,0.0,0.13997696,0.0,0.11052156,0.0,0.15770636
0.0,0.0,4.5770652000000005e-24,1.4243067e-16,0.0,0.037203677,0.0,0.14249283,0.0,0.008982307,0.0,0.040221892,0.0,0.064343855,0.0,0.26126567,0.0,0.09769333,0.0,0.24366401,0.0,0.15674058,0.0,0.12240548,0.0,0.115991876
0.0,0.0,7.4311874e-26,5.358358e-17,0.0,0.01193807,0.0,0.19048308,0.0,0.031309597,0.0,0.042343594,0.0,0.05648648,0.0,0.25589025,0.0,0.14014795,0.0,0.23865761,0.0,0.20346576,0.0,0.15919022,0.0,0.01815915
0.0,0.0,1.9938268e-26,1.2969269e-17,0.0,0.09896328,0.0,0.1359015,0.0,0.0040610433,0.0,0.08118515,0.0,0.034183405,0.0,0.25048956,0.0,0.17044659,0.0,0.23172615,0.0,0.21119662,0.0,0.17925748,0.0,0.14071111
0.0,0.0,2.6376966e-26,3.6503e-18,0.0,0.20639925,0.0,0.15672903,0.0,0.0071871732,0.0,0.03818651,0.0,0.056553226,0.0,0.24508287,0.0,0.183581,0.0,0.22470547,0.0,0.19394912,0.0,0.17706303,0.0,0.063352816
0.0,0.0,1.7533643e-26,1.2601537e-18,0.0,0.2123489,0.0,0.12547733,0.0,0.03447921,0.0,0.40104762,0.0,0.019460116,0.0,0.23938864,0.0,0.15592068,0.0,0.21819112,0.0,0.20682916,0.0,0.18588294,0.0,0.029385822
0.0,0.0,3.2489523e-26,4.4257973e-19,0.0,0.20154546,0.0,0.08158277,0.0,0.019967757,0.0,0.27104044,0.0,0.07391997,0.0,0.23298796,0.0,0.11483457,0.0,0.20961179,0.0,0.19129847,0.0,0.1777476,0.0,0.10405604
0.0,0.0,5.2016463999999997e-20,1.5946671e-19,0.0,0.18786822,0.0,0.07047804,0.0,0.011691346,0.0,0.07378181,0.0,0.027345385,0.0,0.2169231,0.0,0.09962946,0.0,0.21222968,0.0,0.18905698,0.0,0.17346577,0.0,0.087873526
0.0,0.0,1.0692673e-19,5.375596e-20,0.0,0.16419908,0.0,0.018928679,0.0,0.044336677,0.0,0.047784604,0.0,0.13156985,0.0,0.2634037,0.0,0.111138366,0.0,0.19313219,0.0,0.18065189,0.0,0.16560932,0.0,0.059109803
0.0,0.0,3.7224498e-20,4.9566406e-17,0.0,0.13415666,0.0,0.015462492,0.0,0.007850437,0.0,0.0323236,0.0,0.05466652,0.0,0.272156,0.0,0.112396,0.0,0.21238276,0.0,0.18921855,0.0,0.16910385,0.0,0.12009091
0.0,0.0,1.755449e-20,7.7771144e-17,0.0,0.09710037,0.0,0.040825147,0.0,0.015028279,0.0,0.019749347,0.0,0.049597867,0.0,0.2716711,0.0,0.079672955,0.0,0.2652001,0.0,0.20945449,0.0,0.18388574,0.0,0.07322652
0.0,0.0,1.4075876e-20,2.4940088e-17,0.0,0.15621668,0.0,0.010296302,0.0,0.030244593,0.0,0.043086823,0.0,0.20856266,0.0,0.2707356,0.0,0.18877645,0.0,0.2614693,0.0,0.2227361,0.0,0.19958445,0.0,0.056881867
0.0,0.0,7.900923e-13,7.024056e-18,0.0,0.23334582,0.0,0.030946303,0.0,0.0038153585,0.0,0.019361941,0.0,0.12965053,0.0,0.2687216,0.0,0.29126483,0.0,0.25771984,0.0,0.21680388,0.0,0.2022209,0.0,0.006522458
0.0,0.0,9.395229e-13,2.5207204e-18,0.0,0.23637614,0.0,0.044222195,0.0,0.009809794,0.0,0.35502636,0.0,0.1595525,0.0,0.2652898,0.0,0.28056625,0.0,0.25241837,0.0,0.21926919,0.0,0.2040038,0.0,0.082839996
0.0,0.0,3.7453653e-13,7.6174944e-19,0.0,0.23059341,0.0,0.07555963,0.0,0.019042546,0.0,0.19416769,0.0,0.13804163,0.0,0.26113966,0.0,0.2719506,0.0,0.24718158,0.0,0.2278688,0.0,0.21115221,0.0,0.06836859
0.0,0.0,1.8211695e-13,2.2240746e-19,0.0,0.22370735,0.0,0.03842204,0.0,0.045774177,0.0,0.10328709,0.0,0.08536018,0.0,0.25656658,0.0,0.23038454,0.0,0.24150969,0.0,0.22488728,0.0,0.21196404,0.0,0.024966279
0.0,0.0,8.542753e-14,2.4687507e-12,0.0,0.21653923,0.0,0.02289333,0.0,0.0063602636,0.0,0.057964697,0.0,0.04983315,0.0,0.2516936,0.0,0.14541265,0.0,0.23481289,0.0,0.21402554,0.0,0.20450708,0.0,0.08515085
0.0,0.0,1.7467256e-14,5.5700466e-12,0.0,0.2089345,0.0,0.01875354,0.0,0.0351928,0.0,0.042996004,0.0,0.037881736,0.0,0.2463632,0.0,0.09223092,0.0,0.22777133,0.0,0.20429525,0.0,0.19487263,0.0,0.016234167
0.0,0.0,3.5457877e-15,1.8025432e-12,0.0,0.20121618,0.0,0.07276015,0.0,0.0042901956,0.0,0.041375324,0.0,0.045866992,0.0,0.24100076,0.0,0.122588314,0.0,0.2213529,0.0,0.19855055,0.0,0.18765284,0.0,0.21060331
0.0,0.0,1.9934692e-15,5.7529513e-13,0.0,0.19075455,0.0,0.023751542,0.0,0.027185172,0.0,0.031696472,0.0,0.030295875,0.0,0.22680125,0.0,0.05837517,0.0,0.22408673,0.0,0.19595456,0.0,0.18267597,0.0,0.14458662
0.0,0.0,1.1034407e-14,2.7128026e-12,0.0,0.16790536,0.0,0.058411688,0.0,0.009307197,0.0,0.03798331,0.0,0.12121881,0.0,0.27716398,0.0,0.016771283,0.0,0.20702139,0.0,0.19252904,0.0,0.17851889,0.0,0.080900796
0.0,0.0,8.847597e-15,1.0595448e-12,0.0,0.13879213,0.0,0.031719487,0.0,0.04708537,0.0,0.030748563,0.0,0.04350478,0.0,0.27666375,0.0,0.7137946,0.0,0.22841474,0.0,0.2003355,0.0,0.18233368,0.0,0.2407596
0.0,0.0,8.835727e-15,3.1557336e-13,0.0,0.10268425,0.0,0.036146913,0.0,0.013642188,0.0,0.022407403,0.0,0.15422931,0.0,0.27572492,0.0,0.32002813,0.0,0.26938993,0.0,0.21166795,0.0,0.19113345,0.0,0.17730187
0.0,0.0,7.802755e-15,4.489001e-05,0.0,0.20196094,0.0,0.011152725,0.0,0.06520281,0.0,0.038302306,0.0,0.13017204,0.0,0.27418888,0.0,0.15700795,0.0,0.26541007,0.0,0.22792658,0.0,0.20592573,0.0,0.10354343
0.0,0.0,5.9875887e-15,2.0994637e-05,0.0,0.24684711,0.0,0.032898363,0.0,0.01768462,0.0,0.012429863,0.0,0.1337597,0.0,0.27287576,0.0,0.060934257,0.0,0.26139206,0.0,0.21637629,0.0,0.20362964,0.0,0.03034907
0.0,0.0,2.0578404e-11,6.0786538e-06,0.0,0.24546142,0.0,0.06696099,0.0,0.02663157,0.0,0.25248262,0.0,0.09804414,0.0,0.27158433,0.0,0.027246535,0.0,0.2583192,0.0,0.23590422,0.0,0.21594557,0.0,0.045836084
0.0,0.0,6.1093114e-12,1.8771376e-06,0.0,0.23948354,0.0,0.08069761,0.0,0.017312666,0.0,0.16586596,0.0,0.15048206,0.0,0.268698,0.0,0.20073706,0.0,0.2540054,0.0,0.2359231,0.0,0.22059338,0.0,0.029914346
0.0,0.0,1.0991518e-12,0.00593612,0.0,0.2332127,0.0,0.076579675,0.0,0.036909644,0.0,0.12774175,0.0,0.113620736,0.0,0.26509833,0.0,0.11626215,0.0,0.2497181,0.0,0.22919436,0.0,0.21807574,0.0,0.07690114
0.0,0.0,1.0976674e-12,0.017710453,0.0,0.22616665,0.0,0.1257188,0.0,0.006714967,0.0,0.088146634,0.0,0.056622628,0.0,0.2606581,0.0,0.15049244,0.0,0.24393617,0.0,0.21947856,0.0,0.21028855,0.0,0.038346447
0.0,0.0,7.4752227e-13,0.026774414,0.0,0.21856366,0.0,0.12745114,0.0,0.015865622,0.0,0.06783961,0.0,0.03313937,0.0,0.25576505,0.0,0.13424079,0.0,0.23848915,0.0,0.21113235,0.0,0.20167808,0.0,0.042915616
0.0,0.0,4.1640825e-13,0.010936704,0.0,0.21069832,0.0,0.1361659,0.0,0.039656553,0.0,0.062645234,0.0,0.09111918,0.0,0.25068617,0.0,0.09929456,0.0,0.23177382,0.0,0.20589483,0.0,0.1944645,0.0,0.064677164
0.0,0.0,4.158459e-13,0.0012193325,0.0,0.20257702,0.0,0.18353617,0.0,0.0068743224,0.0,0.041616276,0.0,0.040365182,0.0,0.2453852,0.0,0.17203367,0.0,0.2240124,0.0,0.20142853,0.0,0.18831325,0.0,0.076883286
0.0,0.0,4.1528432e-13,0.00010883925,0.0,0.19451459,0.0,0.13163912,0.0,0.013334645,0.0,0.03341625,0.0,0.031574663,0.0,0.23999472,0.0,0.11557357,0.0,0.2173289,0.0,0.19799663,0.0,0.18380047,0.0,0.07359973
0.0,0.0,1.8900231e-13,8.416928e-05,0.0,0.18212686,0.0,0.028510122,0.0,0.033803746,0.0,0.032793052,0.0,0.07465615,0.0,0.22501649,0.0,0.15624997,0.0,0.21942836,0.0,0.19458802,0.0,0.17884521,0.0,0.020341722
0.0,0.0,1.667973e-11,0.003009938,0.0,0.15766922,0.0,0.027806532,0.0,0.0062499256,0.0,0.024848402,0.0,0.027930504,0.0,0.26210445,0.0,0.123283915,0.0,0.1990219,0.0,0.18594824,0.0,0.17073703,0.0,0.08308857
0.0,0.0,6.062872e-12,0.0022374324,0.0,0.12618905,0.0,0.01753847,0.0,0.007846571,0.0,0.02096313,0.0,0.12803896,0.0,0.2754265,0.0,0.076628044,0.0,0.22130737,0.0,0.18612684,0.0,0.16721453,0.0,0.08005925
0.0,0.0,2.5305853e-08,0.0008538871,0.0,0.087738894,0.0,0.042465314,0.0,0.019891467,0.0,0.018443573,0.0,0.11525801,0.0,0.27420923,0.0,0.08108343,0.0,0.24642265,0.0,0.20548059,0.0,0.17941245,0.0,0.020918733
0.0,0.0,1.3085943e-08,0.0002840053,0.0,0.09439787,0.0,0.032284606,0.0,0.007671188,0.0,0.036251727,0.0,0.12236032,0.0,0.27259117,0.0,0.03531759,0.0,0.24985527,0.0,0.2219583,0.0,0.1947665,0.0,0.0676821
0.0,0.0,3.0236857e-09,6.364909e-05,0.0,0.22157738,0.0,0.025626704,0.0,0.009454149,0.0,0.027736468,0.0,0.06909503,0.0,0.27045888,0.0,0.14000526,0.0,0.2481709,0.0,0.21113235,0.0,0.19321927,0.0,0.04297682
0.0,0.0,2.6701155e-09,1.8192715e-05,0.0,0.23769085,0.0,0.02499918,0.0,0.029029638,0.0,0.006336814,0.0,0.026670441,0.0,0.26819283,0.0,0.2401258,0.0,0.24675244,0.0,0.22006103,0.0,0.19967233,0.0,0.03578708
0.0,0.0,1.9654258e-09,0.0009299949,0.0,0.2318512,0.0,0.033848416,0.0,0.004987601,0.0,0.09042928,0.0,0.07778668,0.0,0.2648686,0.0,0.19400565,0.0,0.24425854,0.0,0.21385515,0.0,0.19858083,0.0,0.05899831
0.0,0.0,1.5758712e-09,0.0010230123,0.0,0.22450735,0.0,0.034733437,0.0,0.00907271,0.0,0.09180051,0.0,0.09944495,0.0,0.26055667,0.0,0.10368083,0.0,0.23898214,0.0,0.21674024,0.0,0.19840522,0.0,0.067659505
0.0,0.0,1.5737122e-09,0.00026285418,0.0,0.21652782,0.0,0.040934097,0.0,0.027106747,0.0,0.07191093,0.0,0.06231664,0.0,0.25578043,0.0,0.07712345,0.0,0.23243256,0.0,0.20766953,0.0,0.19272967,0.0,0.016277643
0.0,0.0,1.5715562e-09,7.194111e-05,0.0,0.20883285,0.0,0.029563058,0.0,0.007509823,0.0,0.06418932,0.0,0.14882538,0.0,0.2509409,0.0,0.051924456,0.0,0.22659853,0.0,0.20433022,0.0,0.18887788,0.0,0.11759531
0.0,0.0,1.5694032e-09,1.7096136e-05,0.0,0.19996288,0.0,0.030891195,0.0,0.009952259,0.0,0.041733917,0.0,0.07563355,0.0,0.24543607,0.0,0.14619914,0.0,0.21919776,0.0,0.19822237,0.0,0.18237211,0.0,0.04654367
0.0,0.0,9.621223e-10,4.412839e-06,0.0,0.18901788,0.0,0.012276338,0.0,0.017541705,0.0,0.026832726,0.0,0.03085913,0.0,0.23909457,0.0,0.10876302,0.0,0.20930757,0.0,0.19327964,0.0,0.17544411,0.0,0.031951267
0.0,0.0,7.100764e-10,1.0690505e-06,0.0,0.17825893,0.0,0.021704154,0.0,0.011127095,0.0,0.031478345,0.0,0.070273004,0.0,0.2371789,0.0,0.20254794,0.0,0.20279445,0.0,0.18491103,0.0,0.16735837,0.0,0.03661169
0.0,0.0,2.739301e-10,1.9622269e-07,0.0,0.16643569,0.0,0.03501523,0.0,0.006927087,0.0,0.026600605,0.0,0.028235,0.0,0.22176747,0.0,0.15615268,0.0,0.18206921,0.0,0.17598043,0.0,0.15847094,0.0,0.05491875
0.0,0.0,1.9886826e-10,4.9577746e-08,0.0,0.13872458,0.0,0.044466898,0.0,0.022767207,0.0,0.026464619,0.0,0.10667442,0.0,0.26733097,0.0,0.08566902,0.0,0.20218217,0.0,0.17538516,0.0,0.15327674,0.0,0.07720615
0.0,0.0,1.7561388e-10,1.4508183e-08,0.0,0.10293263,0.0,0.010157221,0.0,0.007830852,0.0,0.014295466,0.0,0.030533534,0.0,0.2764713,0.0,0.022751765,0.0,0.23350224,0.0,0.19328599,0.0,0.16248642,0.0,0.043511506
0.0,0.0,1.753733e-10,3.5623815e-09,0.0,0.061657555,0.0,0.026243955,0.0,0.017968616,0.0,0.03222752,0.0,0.190729,0.0,0.27333793,0.0,0.2866396,0.0,0.2372133,0.0,0.1995999,0.0,0.16901338,0.0,0.00801399
0.0,0.0,6.180823e-06,9.280725e-10,0.0,0.025805691,0.0,0.025869168,0.0,0.0087506715,0.0,0.018412925,0.0,0.177725,0.0,0.27064657,0.0,0.14660333,0.0,0.23918284,0.0,0.20469828,0.0,0.17525275,0.0,0.033593778
0.0,0.0,2.4954452e-06,2.0473007e-10,0.0,0.17152883,0.0,0.030190263,0.0,0.014307762,0.0,0.18969262,0.0,0.17278199,0.0,0.2673125,0.0,0.04843147,0.0,0.23594144,0.0,0.21317731,0.0,0.18432733,0.0,0.03162821
0.0,0.0,1.8897695e-06,0.0022958291,0.0,0.2266317,0.0,0.020136034,0.0,0.011948634,0.0,0.24779074,0.0,0.13801892,0.0,0.26304656,0.0,0.030613625,0.0,0.23306309,0.0,0.20288976,0.0,0.18217815,0.0,0.009877205
0.0,0.0,8.600396e-07,0.0020717797,0.0,0.22600183,0.0,0.01635925,0.0,0.021086868,0.0,0.29916912,0.0,0.09101322,0.0,0.25893795,0.0,0.11272243,0.0,0.22901927,0.0,0.20365465,0.0,0.1815281,0.0,0.06911753
0.0,0.0,5.6976023e-07,0.00052033307,0.0,0.2174054,0.0,0.017630287,0.0,0.0064563877,0.0,0.24128252,0.0,0.05178308,0.0,0.25396314,0.0,0.12891039,0.0,0.2232034,0.0,0.20249426,0.0,0.18043423,0.0,0.011374215
0.0,0.0,9.900193e-08,0.00014355259,0.0,0.20784496,0.0,0.03215696,0.0,0.013235817,0.0,0.13070208,0.0,0.05333657,0.0,0.24882387,0.0,0.12020875,0.0,0.21565068,0.0,0.19907193,0.0,0.17789492,0.0,0.05553032
0.0,0.0,9.8865165e-08,3.741598e-05,0.0,0.19671513,0.0,0.015866272,0.0,0.026518844,0.0,0.057343908,0.0,0.1827096,0.0,0.24303044,0.0,0.0769515,0.0,0.2083749,0.0,0.19124052,0.0,0.1710111,0.0,0.008476122
0.0,0.0,2.7148925e-08,8.862287e-06,0.0,0.18591113,0.0,0.013460906,0.0,0.010390623,0.0,0.033494446,0.0,0.099424295,0.0,0.23748796,0.0,0.06291381,0.0,0.2021139,0.0,0.1856943,0.0,0.16569199,0.0,0.050835002
0.0,0.0,5.0514695e-09,1.9741333e-06,0.0,0.17244333,0.0,0.02070651,0.0,0.017113384,0.0,0.021328894,0.0,0.045428295,0.0,0.23080346,0.0,0.02631631,0.0,0.19231568,0.0,0.17816262,0.0,0.15674944,0.0,0.0069678407
0.0,0.0,1.960017e-07,5.595665e-07,0.0,0.15964971,0.0,0.013297547,0.0,0.027242811,0.0,0.017864855,0.0,0.044804722,0.0,0.23461516,0.0,0.19703159,0.0,0.18879728,0.0,0.1736356,0.0,0.1501666,0.0,0.028840095
0.0,0.0,1.9982103e-07,1.6164631e-07,0.0,0.14556131,0.0,0.021824645,0.0,0.010821722,0.0,0.017605275,0.0,0.04888418,0.0,0.21880654,0.0,0.16209571,0.0,0.1689412,0.0,0.16501029,0.0,0.14216508,0.0,0.03554523
0.0,0.0,1.1130632e-07,4.386528e-08,0.0,0.11361047,0.0,0.02164786,0.0,0.027784808,0.0,0.017647358,0.0,0.14319931,0.0,0.24940428,0.0,0.10015633,0.0,0.18702999,0.0,0.16174565,0.0,0.13691877,0.0,0.03737098
0.0,0.0,9.828903e-08,1.1394432e-08,0.0,0.07362394,0.0,0.020503158,0.0,0.0068867593,0.0,0.02060032,0.0,0.10051352,0.0,0.27484882,0.0,0.032896247,0.0,0.22649072,0.0,0.17788269,0.0,0.1417613,0.0,0.027454028
0.0,0.0,2.1465617e-08,2.136176e-09,0.0,0.03466324,0.0,0.008690795,0.0,0.009485904,0.0,0.008148637,0.0,0.06890104,0.0,0.27127934,0.0,0.044724494,0.0,0.23029718,0.0,0.19256653,0.0,0.15136088,0.0,0.028295737
0.0,0.0,1.721073e-08,5.7333305e-10,0.0,0.010969351,0.0,0.027595123,0.0,0.016382331,0.0,0.12355469,0.0,0.0133117745,0.0,0.26785567,0.0,0.103975914,0.0,0.2314516,0.0,0.19482079,0.0,0.16048045,0.0,0.035576563
0.0,0.0,1.0908948e-08,1.3406311e-10,0.0,0.09721586,0.0,0.018816536,0.0,0.007457952,0.0,0.15324007,0.0,0.28896895,0.0,0.26343435,0.0,0.07450691,0.0,0.22940235,0.0,0.19879596,0.0,0.16597897,0.0,0.024135154
0.0,0.0,8.746591e-09,3.1239258e-11,0.0,0.20451283,0.0,0.014813135,0.0,0.008513844,0.0,0.15371494,0.0,0.23664494,0.0,0.25864306,0.0,0.043388806,0.0,0.22497816,0.0,0.20366774,0.0,0.17156251,0.0,0.022929572
0.0,0.0,4.568526e-09,5.109244e-12,0.0,0.2144659,0.0,0.012199441,0.0,0.009424353,0.0,0.14518411,0.0,0.20473126,0.0,0.25377566,0.0,0.012854234,0.0,0.22051655,0.0,0.19533518,0.0,0.17068498,0.0,0.021361386
0.0,0.0,1.0778551e-09,1.4926602e-12,0.0,0.20595685,0.0,0.015328038,0.0,0.020023858,0.0,0.11756727,0.0,0.19766343,0.0,0.24812542,0.0,0.35810187,0.0,0.213356,0.0,0.1953851,0.0,0.16948415,0.0,0.03091149
0.0,0.0,2.7348807e-10,0.002556687,0.0,0.1943541,0.0,0.023891801,0.0,0.0041695507,0.0,0.065717146,0.0,0.1093548,0.0,0.24221382,0.0,0.1610178,0.0,0.20404261,0.0,0.1883655,0.0,0.16382213,0.0,0.029274534
0.0,0.0,4.391074e-06,0.0012225416,0.0,0.18128854,0.0,0.013616125,0.0,0.0045880135,0.0,0.032523416,0.0,0.22017938,0.0,0.23585898,0.0,0.046429086,0.0,0.19642013,0.0,0.18533956,0.0,0.15902692,0.0,0.015387292
0.0,0.0,2.6177893e-06,0.004114937,0.0,0.16751838,0.0,0.027409915,0.0,0.009012828,0.0,0.02472333,0.0,0.14407109,0.0,0.22959709,0.0,0.02256188,0.0,0.1879198,0.0,0.17946371,0.0,0.154603,0.0,0.03539137
0.0,0.0,2.614129e-06,0.0021309415,0.0,0.15388697,0.0,0.023571322,0.0,0.025608826,0.0,0.021249315,0.0,0.08767778,0.0,0.22722097,0.0,0.23566677,0.0,0.182139,0.0,0.16974247,0.0,0.1462821,0.0,0.039479665
0.0,0.0,2.0959408e-06,0.0006919194,0.0,0.13648108,0.0,0.012889495,0.0,0.0037051353,0.0,0.016147016,0.0,0.07447735,0.0,0.21021034,0.0,0.09360139,0.0,0.17680165,0.0,0.16814612,0.0,0.13978317,0.0,0.02620781
0.0,0.0,1.1674933e-06,0.00016734285,0.0,0.12037895,0.0,0.008431105,0.0,0.0033288898,0.0,0.01470822,0.0,0.024782551,0.0,0.23016088,0.0,0.049138106,0.0,0.16836491,0.0,0.15934335,0.0,0.13057123,0.0,0.025845371
0.0,0.0,8.5934767e-07,4.628687e-05,0.0,0.08467621,0.0,0.02172955,0.0,0.0147928335,0.0,0.031370312,0.0,0.2649202,0.0,0.27413937,0.0,0.09566941,0.0,0.1525054,0.0,0.15119596,0.0,0.12332989,0.0,0.030622715
0.0,0.0,5.4468904e-07,1.3052764e-05,0.0,0.044361144,0.0,0.015187657,0.0,0.008050911,0.0,0.060431857,0.0,0.23409697,0.0,0.2714525,0.0,0.08147113,0.0,0.2572488,0.0,0.17792797,0.0,0.13743415,0.0,0.010786228
0.0,0.0,2.985901e-07,3.7657235e-06,0.0,0.015520826,0.0,0.014510533,0.0,0.0126264,0.0,0.030074527,0.0,0.1482791,0.0,0.26787114,0.0,0.045819845,0.0,0.25351802,0.0,0.19272196,0.0,0.15116222,0.0,0.054986514
0.0,0.0,1.04972145e-07,6.509081e-07,0.0,0.0041084173,0.0,0.00788941,0.0,0.014658136,0.0,0.10215726,0.0,0.077445224,0.0,0.2635911,0.0,0.033809144,0.0,0.24571157,0.0,0.20327738,0.0,0.16546495,0.0,0.009333568
0.0,0.0,9.269476e-08,1.5799694e-07,0.0,0.06903026,0.0,0.026205556,0.0,0.024316877,0.0,0.08899383,0.0,0.05497566,0.0,0.25886217,0.0,0.04086845,0.0,0.23773298,0.0,0.19749007,0.0,0.1674716,0.0,0.040461287
0.0,0.0,3.8545636e-08,4.1731283e-08,0.0,0.20074515,0.0,0.024901573,0.0,0.008002986,0.0,0.07657154,0.0,0.03737235,0.0,0.25364447,0.0,0.0351036,0.0,0.22852571,0.0,0.19563903,0.0,0.16738135,0.0,0.017637173
0.0,0.0,9.837084e-09,8.479015e-09,0.0,0.21760662,0.0,0.021530947,0.0,0.010689669,0.0,0.05682541,0.0,0.031077554,0.0,0.24812663,0.0,0.05786203,0.0,0.21952587,0.0,0.19567193,0.0,0.16716702,0.0,0.03506054
0.0,0.0,3.190676e-09,2.639641e-09,0.0,0.20711558,0.0,0.01691985,0.0,0.02612129,0.0,0.032448236,0.0,0.032371193,0.0,0.24254927,0.0,0.046545792,0.0,0.20858979,0.0,0.18826184,0.0,0.16227627,0.0,0.010422129
0.0,0.0,1.5951575e-09,5.041686e-10,0.0,0.19478148,0.0,0.020438278,0.0,0.004527423,0.0,0.034419302,0.0,0.1318167,0.0,0.23678613,0.0,0.008605559,0.0,0.19955306,0.0,0.18609208,0.0,0.15911585,0.0,0.046408493
0.0,0.0,9.390948e-10,1.06969086e-10,0.0,0.18142287,0.0,0.036352687,0.0,0.0047530066,0.0,0.030066177,0.0,0.07144644,0.0,0.23062392,0.0,0.26979432,0.0,0.19228145,0.0,0.17845967,0.0,0.15365314,0.0,0.008007783
0.0,0.0,5.568125e-10,2.8538836e-11,0.0,0.16611657,0.0,0.022661027,0.0,0.004722957,0.0,0.018627295,0.0,0.05844661,0.0,0.22369154,0.0,0.1453872,0.0,0.18021491,0.0,0.1722282,0.0,0.1459512,0.0,0.02398726
0.0,0.0,5.560339e-10,7.651299e-12,0.0,0.14787781,0.0,0.013938233,0.0,0.0029990915,0.0,0.015672999,0.0,0.024417764,0.0,0.20608011,0.0,0.078537725,0.0,0.18020125,0.0,0.16808079,0.0,0.13965985,0.0,0.044681095
0.0,0.0,2.3412325e-10,1.5992953e-12,0.0,0.13266817,0.0,0.022003252,0.0,0.0014813399,0.0,0.041438725,0.0,0.29387248,0.0,0.22576287,0.0,0.052282352,0.0,0.16037919,0.0,0.15718366,0.0,0.13023315,0.0,0.034349237
0.0,0.0,1.8771386e-10,3.8606664e-13,0.0,0.09848572,0.0,0.012293476,0.0,0.00062896,0.0,0.032786824,0.0,0.17970759,0.0,0.2735198,0.0,0.029401198,0.0,0.17166997,0.0,0.1525585,0.0,0.1240754,0.0,0.03147166
0.0,0.0,1.6575913e-10,0.0018730562,0.0,0.05740878,0.0,0.017255787,0.0,0.00018185988,0.0,0.031656206,0.0,0.1591547,0.0,0.27009457,0.0,0.037501045,0.0,0.22362313,0.0,0.16658348,0.0,0.12747626,0.0,0.018504726
0.0,0.0,1.6552736e-10,0.0020833437,0.0,0.023307214,0.0,0.02484097,0.0,5.292358e-05,0.0,0.01757159,0.0,0.1519092,0.0,0.26641154,0.0,0.20506544,0.0,0.22912309,0.0,0.1847261,0.0,0.13935119,0.0,0.014697262
0.0,0.0,1.652959e-10,0.0021763162,0.0,0.0066321297,0.0,0.0118991425,0.0,1.5668224e-05,0.0,0.08301753,0.0,0.088986635,0.0,0.2627001,0.0,0.13444917,0.0,0.22811861,0.0,0.19482385,0.0,0.151088,0.0,0.069697715
0.0,0.0,9.207389e-11,0.0013325099,0.0,0.0016148486,0.0,0.02893772,0.0,3.169744e-05,0.0,0.07871599,0.0,0.031178128,0.0,0.25854352,0.0,0.06346181,0.0,0.22335713,0.0,0.20048404,0.0,0.16188514,0.0,0.010727924
0.0,0.0,8.130507e-11,0.000823222,0.0,0.18858023,0.0,0.00801029,0.0,6.3011344e-06,0.0,0.055110108,0.0,0.040929183,0.0,0.2535394,0.0,0.042292017,0.0,0.21865076,0.0,0.1935481,0.0,0.16263106,0.0,0.045666523
0.0,0.0,7.179575e-11,0.00016400265,0.0,0.21525726,0.0,0.015698941,0.0,0.0031355394,0.0,0.035557307,0.0,0.29964986,0.0,0.24821088,0.0,0.019943897,0.0,0.21047968,0.0,0.18685341,0.0,0.15698808,0.0,0.023668468
0.0,0.0,3.3855e-11,4.5617227e-05,0.0,0.20646611,0.0,0.0143730035,0.0,0.0030883953,0.0,0.013633612,0.0,0.15931436,0.0,0.24302995,0.0,0.34991202,0.0,0.20198317,0.0,0.18647923,0.0,0.1554206,0.0,0.03260357
0.0,0.0,2.989537e-11,1.0521396e-05,0.0,0.19434354,0.0,0.019113403,0.0,0.0065525207,0.0,0.06883629,0.0,0.21372563,0.0,0.2373459,0.0,0.2056269,0.0,0.19517803,0.0,0.18502408,0.0,0.15581031,0.0,0.009786742
0.0,0.0,1.2897052e-11,2.4455185e-06,0.0,0.1807683,0.0,0.011468867,0.0,0.009311459,0.0,0.048624486,0.0,0.12829693,0.0,0.2309134,0.0,0.11674788,0.0,0.18739006,0.0,0.176351,0.0,0.14954259,0.0,0.033437986
0.0,0.0,7.093135e-12,4.7409608e-07,0.0,0.16537313,0.0,0.025955297,0.0,0.009854839,0.0,0.02565568,0.0,0.086993285,0.0,0.22388443,0.0,0.043604698,0.0,0.17973581,0.0,0.16566864,0.0,0.13969705,0.0,0.046060383
0.0,0.0,6.2635327e-12,1.244784e-07,0.0,0.15149783,0.0,0.027889514,0.0,0.020215476,0.0,0.019964151,0.0,0.05827505,0.0,0.23053932,0.0,0.09683798,0.0,0.17811781,0.0,0.16634212,0.0,0.13549738,0.0,0.015161469
0.0,0.0,3.5846738e-12,3.1918475e-08,0.0,0.13481739,0.0,0.02267801,0.0,0.006784354,0.0,0.015160852,0.0,0.0432893,0.0,0.21407367,0.0,0.09034299,0.0,0.15751621,0.0,0.15795456,0.0,0.12964675,0.0,0.057690784
0.0,0.0,2.6385415e-12,8.809205e-09,0.0,0.12580284,0.0,0.019242745,0.0,0.03232425,0.0,0.032912295,0.0,0.36367896,0.0,0.24340092,0.0,0.059072733,0.0,0.17403439,0.0,0.14823902,0.0,0.12120772,0.0,0.024388487
0.0,0.0,1.3112374e-12,2.2938897e-09,0.0,0.091007866,0.0,0.02832526,0.0,0.005490698,0.0,0.024782628,0.0,0.23871513,0.0,0.27549934,0.0,0.126722,0.0,0.22512594,0.0,0.16969815,0.0,0.12927045,0.0,0.041106187
0.0,0.0,4.929851e-13,4.9969096e-10,0.0,0.05009336,0.0,0.013365594,0.0,0.007002682,0.0,0.060781445,0.0,0.15964986,0.0,0.2718598,0.0,0.094678715,0.0,0.22972278,0.0,0.1885651,0.0,0.14447868,0.0,0.024016581
0.0,0.0,4.3532634e-13,1.2043515e-10,0.0,0.01865035,0.0,0.01863471,0.0,0.016342005,0.0,0.03716699,0.0,0.13871977,0.0,0.26794854,0.0,0.052158713,0.0,0.22914988,0.0,0.19748725,0.0,0.1565596,0.0,0.041507393
0.0,0.0,3.8441123e-13,2.8510926e-11,0.0,0.005022957,0.0,0.034074176,0.0,0.0065136845,0.0,0.049682125,0.0,0.067777894,0.0,0.26365003,0.0,0.032422014,0.0,0.22750056,0.0,0.19939268,0.0,0.16480717,0.0,0.02485289
0.0,0.0,1.9103522e-13,5.9181262e-12,0.0,0.118720055,0.0,0.017088003,0.0,0.010652553,0.0,0.03310558,0.0,0.033506192,0.0,0.25891697,0.0,0.11738238,0.0,0.22094649,0.0,0.19863768,0.0,0.1661432,0.0,0.039076958
0.0,0.0,1.6869202e-13,1.646076e-12,0.0,0.21087849,0.0,0.020553432,0.0,0.01750265,0.0,0.011810358,0.0,0.055196587,0.0,0.2535487,0.0,0.073982686,0.0,0.21581241,0.0,0.1918235,0.0,0.16469796,0.0,0.018328846
0.0,0.0,1.6845615e-13,3.3955643e-13,0.0,0.21769899,0.0,0.02140976,0.0,0.010478959,0.0,0.18293583,0.0,0.030477336,0.0,0.24810678,0.0,0.06973368,0.0,0.20938739,0.0,0.19140619,0.0,0.16352503,0.0,0.033746146
0.0,0.0,1.682206e-13,7.618116e-14,0.0,0.20833556,0.0,0.023307577,0.0,0.01779934,0.0,0.20253134,0.0,0.08802443,0.0,0.24232087,0.0,0.042323068,0.0,0.20065074,0.0,0.18411463,0.0,0.15732065,0.0,0.023110757
0.0,0.0,1.243416e-13,5.3321632e-14,0.0,0.19596326,0.0,0.020404,0.0,0.006706649,0.0,0.1068955,0.0,0.04010825,0.0,0.23612973,0.0,0.08232756,0.0,0.19265929,0.0,0.18008189,0.0,0.152295,0.0,0.008904567
0.0,0.0,3.12287e-14,1.6711869e-14,0.0,0.18327427,0.0,0.041360565,0.0,0.02133428,0.0,0.049452066,0.0,0.022606274,0.0,0.23020893,0.0,0.042246226,0.0,0.18718252,0.0,0.17499971,0.0,0.14857104,0.0,0.059970826
0.0,0.0,3.1185032e-14,0.010359295,0.0,0.16944109,0.0,0.02106342,0.0,0.0059577967,0.0,0.029363222,0.0,0.22001761,0.0,0.22378886,0.0,0.109083086,0.0,0.18124008,0.0,0.16890168,0.0,0.14317249,0.0,0.040010534
0.0,0.0,1.8490375e-14,0.010944353,0.0,0.15302612,0.0,0.03085303,0.0,0.015780138,0.0,0.02507949,0.0,0.11477052,0.0,0.20618126,0.0,0.095734,0.0,0.1852501,0.0,0.16815196,0.0,0.14101075,0.0,0.05860481
0.0,0.0,7.24377e-15,0.0101116095,0.0,0.14253183,0.0,0.010818764,0.0,0.014818728,0.0,0.0188076,0.0,0.07728054,0.0,0.24571423,0.0,0.063206196,0.0,0.16481574,0.0,0.157759,0.0,0.13269982,0.0,0.02907568
0.0,0.0,3.611604e-15,0.007531134,0.0,0.11083765,0.0,0.029719565,0.0,0.020518241,0.0,0.01646126,0.0,0.025616787,0.0,0.27412695,0.0,0.11079675,0.0,0.18048505,0.0,0.15537538,0.0,0.12656474,0.0,0.045273952
0.0,0.0,2.6453652e-15,0.00580451,0.0,0.07065472,0.0,0.018877573,0.0,0.01052561,0.0,0.031248098,0.0,0.19729029,0.0,0.2723927,0.0,0.07728864,0.0,0.2305972,0.0,0.18293431,0.0,0.1422925,0.0,0.020251459
0.0,0.0,1.9471524e-15,0.003336893,0.0,0.03221871,0.0,0.0393469,0.0,0.012714024,0.0,0.030587327,0.0,0.10169721,0.0,0.2704584,0.0,0.051719077,0.0,0.23558843,0.0,0.19238774,0.0,0.15550105,0.0,0.052513395
0.0,0.0,1.5611756e-15,0.0022687411,0.0,0.009888809,0.0,0.035499446,0.0,0.026770929,0.0,0.1709076,0.0,0.069694236,0.0,0.2686831,0.0,0.023778856,0.0,0.23860265,0.0,0.20785183,0.0,0.17174706,0.0,0.041158576
0.0,0.0,1.1491218e-15,0.0006465922,0.0,0.15473653,0.0,0.019328421,0.0,0.005570931,0.0,0.19634072,0.0,0.11080457,0.0,0.26571015,0.0,0.20457622,0.0,0.23785621,0.0,0.21025757,0.0,0.18066113,0.0,0.054801516
0.0,0.0,6.035770400000001e-16,0.00020155017,0.0,0.22627705,0.0,0.060767233,0.0,0.011605837,0.0,0.20432802,0.0,0.09821414,0.0,0.26269984,0.0,0.105197966,0.0,0.23627661,0.0,0.2040776,0.0,0.18247496,0.0,0.05218723
0.0,0.0,4.839322e-16,4.2758325e-05,0.0,0.22639884,0.0,0.020017987,0.0,0.02779572,0.0,0.21875256,0.0,0.10728606,0.0,0.25841495,0.0,0.044568516,0.0,0.23095322,0.0,0.20539826,0.0,0.18282415,0.0,0.06976538
0.0,0.0,1.1117137e-12,1.1068656e-05,0.0,0.21748902,0.0,0.016267141,0.0,0.011186558,0.0,0.15679777,0.0,0.0461038,0.0,0.25324968,0.0,0.034264226,0.0,0.22440729,0.0,0.20774187,0.0,0.18396957,0.0,0.03790663
0.0,0.0,1.1841685e-12,2.6443834e-06,0.0,0.20794655,0.0,0.023899464,0.0,0.017996563,0.0,0.092581056,0.0,0.018506972,0.0,0.2482149,0.0,0.078804664,0.0,0.21778068,0.0,0.19948548,0.0,0.18030623,0.0,0.017143145
0.0,0.0,8.0638355e-13,6.1140065e-07,0.0,0.1976994,0.0,0.042115062,0.0,0.024432011,0.0,0.06030581,0.0,0.14942913,0.0,0.24291961,0.0,0.10256497,0.0,0.21133514,0.0,0.19174178,0.0,0.1736881,0.0,0.034386337
0.0,0.0,6.4653057e-13,1.8025047e-07,0.0,0.18634625,0.0,0.008279823,0.0,0.0068663745,0.0,0.037281975,0.0,0.07205485,0.0,0.23713522,0.0,0.062297206,0.0,0.20339383,0.0,0.18688984,0.0,0.16722195,0.0,0.026922451
0.0,0.0,4.7588165e-13,4.248094e-08,0.0,0.1737928,0.0,0.032801695,0.0,0.017182589,0.0,0.025542324,0.0,0.04083305,0.0,0.23098294,0.0,0.035263676,0.0,0.19374737,0.0,0.17939322,0.0,0.1594912,0.0,0.039037637
0.0,0.0,2.0361713e-13,1.132169e-08,0.0,0.16170514,0.0,0.014741226,0.0,0.014980354,0.0,0.01926931,0.0,0.045111235,0.0,0.23439622,0.0,0.06295477,0.0,0.19079034,0.0,0.17607163,0.0,0.1529562,0.0,0.025445286
0.0,0.0,2.0333035e-13,0.0068748645,0.0,0.14759809,0.0,0.04999566,0.0,0.019530598,0.0,0.02169393,0.0,0.06871758,0.0,0.21854196,0.0,0.041298617,0.0,0.17073186,0.0,0.16791783,0.0,0.14547794,0.0,0.04841175
0.0,0.0,1.5900509e-13,0.011021294,0.0,0.11618044,0.0,0.02332071,0.0,0.013586598,0.0,0.014824595,0.0,0.02657752,0.0,0.25488266,0.0,0.04497906,0.0,0.18800047,0.0,0.16638926,0.0,0.14125241,0.0,0.073121294
0.0,0.0,2.9994175e-14,0.0113740675,0.0,0.07641053,0.0,0.028437024,0.0,0.024917899,0.0,0.031810086,0.0,0.2180541,0.0,0.2781689,0.0,0.026333371,0.0,0.2317099,0.0,0.18281026,0.0,0.14935115,0.0,0.050612867
0.0,0.0,5.347301e-15,0.008510341,0.0,0.03684202,0.0,0.014133758,0.0,0.0037047684,0.0,0.022127982,0.0,0.18063262,0.0,0.27526337,0.0,0.21131632,0.0,0.23832019,0.0,0.19958118,0.0,0.16357477,0.0,0.013375756
0.0,0.0,1.7928037e-15,0.014077613,0.0,0.011837152,0.0,0.0647855,0.0,0.012606074,0.0,0.23075095,0.0,0.10213819,0.0,0.2733316,0.0,0.20240074,0.0,0.24198835,0.0,0.21119772,0.0,0.17925283,0.0,0.120745145
0.0,0.0,7.729018e-15,0.01662693,0.0,0.20769438,0.0,0.038228437,0.0,0.0064586205,0.0,0.30389664,0.0,0.037895355,0.0,0.27155071,0.0,0.1332328,0.0,0.244489,0.0,0.20957352,0.0,0.18530385,0.0,0.039249904
0.0,0.0,1.27831485e-14,0.013087397,0.0,0.2337091,0.0,0.08805471,0.0,0.01894016,0.0,0.34242374,0.0,0.04934784,0.0,0.26802692,0.0,0.04750353,0.0,0.24191971,0.0,0.20864472,0.0,0.1852195,0.0,0.008757801
0.0,0.0,1.1287841e-14,0.0076046153,0.0,0.22874545,0.0,0.08953312,0.0,0.00768987,0.0,0.24826631,0.0,0.034664497,0.0,0.2644553,0.0,0.0237812,0.0,0.2391624,0.0,0.21618877,0.0,0.19160907,0.0,0.04403803
0.0,0.0,7.68662e-15,0.0091276355,0.0,0.22177401,0.0,0.1341965,0.0,0.018520888,0.0,0.14240928,0.0,0.14555407,0.0,0.26044288,0.0,0.20754574,0.0,0.23449825,0.0,0.20950444,0.0,0.19090305,0.0,0.067066856
0.0,0.0,5.6577227e-15,0.006586896,0.0,0.21315041,0.0,0.09869417,0.0,0.010138997,0.0,0.06938603,0.0,0.0777222,0.0,0.25543013,0.0,0.14221172,0.0,0.22833358,0.0,0.2058457,0.0,0.18742666,0.0,0.052775327
0.0,0.0,3.852708e-15,0.0065589673,0.0,0.20378886,0.0,0.0649629,0.0,0.032681763,0.0,0.039427254,0.0,0.031274095,0.0,0.25016636,0.0,0.092179395,0.0,0.22081168,0.0,0.19762996,0.0,0.17980613,0.0,0.020454774
0.0,0.0,1.3925897e-15,0.008195152,0.0,0.19424722,0.0,0.036931757,0.0,0.004192551,0.0,0.034682527,0.0,0.07856598,0.0,0.24481308,0.0,0.03739679,0.0,0.2138925,0.0,0.19331403,0.0,0.17445014,0.0,0.06581231
0.0,0.0,4.7503885e-13,0.0075110486,0.0,0.1835173,0.0,0.0126025025,0.0,0.013825345,0.0,0.025896415,0.0,0.02766923,0.0,0.2390119,0.0,0.014284728,0.0,0.20497009,0.0,0.18996817,0.0,0.16961204,0.0,0.0101539325
0.0,0.0,1.266182e-13,0.007239089,0.0,0.17204651,0.0,0.0268332,0.0,0.020163016,0.0,0.025097985,0.0,0.112622134,0.0,0.23286134,0.0,0.5709788,0.0,0.1979464,0.0,0.18285896,0.0,0.16290478,0.0,0.057594128
0.0,0.0,4.6288337e-06,0.008293553,0.0,0.1616519,0.0,0.016363414,0.0,0.017438365,0.0,0.021229574,0.0,0.037906725,0.0,0.2376746,0.0,0.3100593,0.0,0.19400842,0.0,0.17848337,0.0,0.15689853,0.0,0.021932598
0.0,0.0,1.6932053e-06,0.009730703,0.0,0.14839147,0.0,0.022290846,0.0,0.013065995,0.0,0.018917099,0.0,0.047867123,0.0,0.22232802,0.0,0.18522803,0.0,0.17350939,0.0,0.16998757,0.0,0.14812045,0.0,0.08346924
0.0,0.0,2.9550333e-07,0.0065133986,0.0,0.117122665,0.0,0.026506722,0.0,0.032016814,0.0,0.0135530885,0.0,0.030718401,0.0,0.2576562,0.0,0.07781062,0.0,0.18681858,0.0,0.16597328,0.0,0.1411025,0.0,0.017802361
0.0,0.0,5.177108e-08,0.012439433,0.0,0.077576436,0.0,0.026726067,0.0,0.011471567,0.0,0.029939039,0.0,0.07393949,0.0,0.27870214,0.0,0.042704206,0.0,0.22978772,0.0,0.17722215,0.0,0.14414163,0.0,0.08607313
0.0,0.0,1.3009758e-08,0.019776154,0.0,0.03779451,0.0,0.021001605,0.0,0.03822569,0.0,0.01349123,0.0,0.02516616,0.0,0.2757019,0.0,0.024745075,0.0,0.23856519,0.0,0.19945624,0.0,0.16063388,0.0,0.0174416
0.0,0.0,5.704918e-09,0.009446595,0.0,0.01230553,0.0,0.021429384,0.0,0.006453039,0.0,0.144984,0.0,0.28768042,0.0,0.2729765,0.0,0.14332154,0.0,0.23929429,0.0,0.20084602,0.0,0.16832009,0.0,0.07833359
0.0,0.0,5.0374735e-09,0.015387933,0.0,0.14295101,0.0,0.023965804,0.0,0.0150724845,0.0,0.15896538,0.0,0.15759297,0.0,0.270553,0.0,0.08157033,0.0,0.23783673,0.0,0.2090554,0.0,0.17709912,0.0,0.015324507
0.0,0.0,1.5640654e-09,0.014754931,0.0,0.21952227,0.0,0.02053572,0.0,0.026884668,0.0,0.16475566,0.0,0.092969745,0.0,0.26823282,0.0,0.13691518,0.0,0.2366362,0.0,0.21306208,0.0,0.18467613,0.0,0.0794612
0.0,0.0,5.510357e-10,0.011164216,0.0,0.22537169,0.0,0.026250325,0.0,0.005281126,0.0,0.16060871,0.0,0.03976596,0.0,0.26520443,0.0,0.09706882,0.0,0.2335245,0.0,0.20373303,0.0,0.18189073,0.0,0.016628373
0.0,0.0,2.598281e-10,0.013254346,0.0,0.2195024,0.0,0.0152485175,0.0,0.00875555,0.0,0.1375226,0.0,0.038458474,0.0,0.2619554,0.0,0.099674985,0.0,0.23308913,0.0,0.2059806,0.0,0.18382815,0.0,0.0679862
0.0,0.0,1.9124173e-10,0.015206364,0.0,0.21157268,0.0,0.032426976,0.0,0.017815694,0.0,0.069579065,0.0,0.036280096,0.0,0.25801986,0.0,0.09324287,0.0,0.22587623,0.0,0.20505528,0.0,0.18331546,0.0,0.010531463
0.0,0.0,1.4076e-10,0.0073721292,0.0,0.20187227,0.0,0.01376351,0.0,0.008698877,0.0,0.040527314,0.0,0.22987044,0.0,0.2529935,0.0,0.04836584,0.0,0.22073969,0.0,0.19919302,0.0,0.17856449,0.0,0.058589894
0.0,0.0,7.3234536e-11,0.0030790376,0.0,0.19213001,0.0,0.018655844,0.0,0.009584865,0.0,0.030989237,0.0,0.14589787,0.0,0.24794838,0.0,0.01801962,0.0,0.21607372,0.0,0.19795732,0.0,0.17589213,0.0,0.008805541
0.0,0.0,1.5977103e-05,0.000924847,0.0,0.18107706,0.0,0.021878289,0.0,0.014730281,0.0,0.024382694,0.0,0.06479988,0.0,0.24230708,0.0,0.33112502,0.0,0.20808284,0.0,0.19288026,0.0,0.17179902,0.0,0.06530681
0.0,0.0,2.0476728e-05,0.00017981959,0.0,0.16811357,0.0,0.019443989,0.0,0.0072535127,0.0,0.018294636,0.0,0.055709463,0.0,0.2360265,0.0,0.13845076,0.0,0.19697347,0.0,0.18342456,0.0,0.16234265,0.0,0.046684004
0.0,0.0,1.6884816e-05,4.740531e-05,0.0,0.1541247,0.0,0.03242079,0.0,0.014098057,0.0,0.018529903,0.0,0.020032173,0.0,0.2296826,0.0,0.11698749,0.0,0.18669806,0.0,0.17472759,0.0,0.15188366,0.0,0.016056169
0.0,0.0,9.053488e-06,1.1510896e-05,0.0,0.1402099,0.0,0.01861558,0.0,0.017721847,0.0,0.039029222,0.0,0.2647054,0.0,0.22769238,0.0,0.078555785,0.0,0.18154663,0.0,0.169918,0.0,0.14460166,0.0,0.056855414
0.0,0.0,5.1981788e-06,0.002276054,0.0,0.1239919,0.0,0.028424757,0.0,0.0140246255,0.0,0.039478704,0.0,0.14884794,0.0,0.21074535,0.0,0.13050151,0.0,0.17535414,0.0,0.1696663,0.0,0.14171891,0.0,0.011360468
0.0,0.0,2.786451e-06,0.0010827857,0.0,0.11047538,0.0,0.02914519,0.0,0.013310636,0.0,0.029781282,0.0,0.13195877,0.0,0.24094042,0.0,0.113841794,0.0,0.17101595,0.0,0.16115662,0.0,0.13311778,0.0,0.054411974
0.0,0.0,1.7660731e-06,0.00022204332,0.0,0.07384156,0.0,0.010860381,0.0,0.0155689735,0.0,0.017951263,0.0,0.044827625,0.0,0.2776208,0.0,0.0772592,0.0,0.18439095,0.0,0.15353972,0.0,0.12501246,0.0,0.016704299
0.0,0.0,1.76351e-06,5.3191226e-05,0.0,0.035148337,0.0,0.024254795,0.0,0.01005368,0.0,0.026640845,0.0,0.040935293,0.0,0.2746048,0.0,0.124347396,0.0,0.23201542,0.0,0.1704682,0.0,0.13163924,0.0,0.031615395
0.0,0.0,1.5571701e-06,1.4406711e-05,0.0,0.011215854,0.0,0.03728582,0.0,0.03520533,0.0,0.016206978,0.0,0.035431936,0.0,0.27227792,0.0,0.078704126,0.0,0.23344651,0.0,0.19142117,0.0,0.14518555,0.0,0.017410407
0.0,0.0,6.9856446e-07,3.8852886e-06,0.0,0.0028631096,0.0,0.010471132,0.0,0.0058625275,0.0,0.052873366,0.0,0.18024874,0.0,0.26954553,0.0,0.077196814,0.0,0.23142998,0.0,0.19506831,0.0,0.15315323,0.0,0.020090096
0.0,0.0,2.3454278e-07,7.091193e-07,0.0,0.05082009,0.0,0.016178073,0.0,0.0068580285,0.0,0.037012156,0.0,0.2283174,0.0,0.26638067,0.0,0.049284562,0.0,0.22932146,0.0,0.2003514,0.0,0.16173786,0.0,0.05966773
0.0,0.0,2.0710002e-07,1.7080667e-07,0.0,0.20482954,0.0,0.025825517,0.0,0.011296155,0.0,0.029661408,0.0,0.20297354,0.0,0.2624758,0.0,0.10049174,0.0,0.22443318,0.0,0.20308855,0.0,0.16733187,0.0,0.009126433
0.0,0.0,1.2278822e-07,4.068042e-08,0.0,0.22628258,0.0,0.013602427,0.0,0.01945385,0.0,0.010216524,0.0,0.20574525,0.0,0.25806925,0.0,0.08295833,0.0,0.21970151,0.0,0.1962651,0.0,0.16736104,0.0,0.0372392
0.0,0.0,9.4457405e-08,8.966625e-09,0.0,0.21730101,0.0,0.021535369,0.0,0.0041023847,0.0,0.021687623,0.0,0.09455656,0.0,0.2532914,0.0,0.051115762,0.0,0.21192026,0.0,0.1917662,0.0,0.16331464,0.0,0.008288371
0.0,0.0,6.412723e-08,1.5620817e-09,0.0,0.20583174,0.0,0.010761315,0.0,0.002075114,0.0,0.009756295,0.0,0.07939966,0.0,0.2477769,0.0,0.03763787,0.0,0.20395565,0.0,0.19030009,0.0,0.1603447,0.0,0.019514307
0.0,0.0,5.1412794e-08,3.2610636e-10,0.0,0.193893,0.0,0.017338315,0.0,0.0008389367,0.0,0.03617561,0.0,0.035412546,0.0,0.24223743,0.0,0.020484388,0.0,0.19764099,0.0,0.18790138,0.0,0.15816224,0.0,0.038667385
0.0,0.0,3.5369453e-08,8.634507e-11,0.0,0.18096721,0.0,0.008354168,0.0,0.00038352585,0.0,0.028537793,0.0,0.038193572,0.0,0.23660137,0.0,0.30816883,0.0,0.18956539,0.0,0.17889233,0.0,0.1507141,0.0,0.013898561
0.0,0.0,2.5749335e-08,3.6978098e-11,0.0,0.16563298,0.0,0.016162265,0.0,0.00018762735,0.0,0.018951628,0.0,0.14629306,0.0,0.22989309,0.0,0.12203377,0.0,0.17900524,0.0,0.16859221,0.0,0.13968512,0.0,0.017363224
0.0,0.0,1.7533779e-08,6.869475e-12,0.0,0.14903988,0.0,0.011308465,0.0,0.0012903429,0.0,0.017234402,0.0,0.10427198,0.0,0.22284949,0.0,0.1119381,0.0,0.16913855,0.0,0.16053703,0.0,0.12876883,0.0,0.019429326
0.0,0.0,1.5482232e-08,7.0972525e-13,0.0,0.13064192,0.0,0.008540293,0.0,0.00234432,0.0,0.0121027045,0.0,0.043859873,0.0,0.2249341,0.0,0.06916268,0.0,0.16745582,0.0,0.151753,0.0,0.11757704,0.0,0.03895141
0.0,0.0,1.2412587e-08,1.4475766e-13,0.0,0.11055881,0.0,0.010873776,0.0,0.0039622495,0.0,0.016055614,0.0,0.035573225,0.0,0.20752878,0.0,0.02667712,0.0,0.15180025,0.0,0.1397033,0.0,0.10499163,0.0,0.006724984
0.0,0.0,1.2394573e-08,3.279071e-14,0.0,0.09095065,0.0,0.023435839,0.0,0.0047073103,0.0,0.013963946,0.0,0.17992519,0.0,0.21111019,0.0,0.12351919,0.0,0.13541625,0.0,0.12429379,0.0,0.09097866,0.0,0.014406975
0.0,0.0,9.122688e-09,5.854459e-15,0.0,0.052638,0.0,0.00809223,0.0,0.0022751612,0.0,0.042611547,0.0,0.14599328,0.0,0.27468917,0.0,0.054466818,0.0,0.17573138,0.0,0.12395616,0.0,0.082102016,0.0,0.021946847
0.0,0.0,6.7145063e-09,1.1520437e-15,0.0,0.0208182,0.0,0.01323611,0.0,0.0028982174,0.0,0.024621256,0.0,0.06732142,0.0,0.27018845,0.0,0.027681777,0.0,0.19737509,0.0,0.13608861,0.0,0.08633061,0.0,0.031593714
0.0,0.0,5.3832285e-09,2.068381e-16,0.0,0.0059541715,0.0,0.009720049,0.0,0.001062737,0.0,0.019804038,0.0,0.08137158,0.0,0.26605254,0.0,0.068113446,0.0,0.19752909,0.0,0.15265661,0.0,0.09568139,0.0,0.009515266
0.0,0.0,5.375416e-09,8.1805925e-15,0.0,0.0014888865,0.0,0.005307121,0.0,0.00044135883,0.0,0.008353789,0.0,0.035372257,0.0,0.26180756,0.0,0.015760556,0.0,0.19255002,0.0,0.16321328,0.0,0.106110744,0.0,0.018417517
0.0,0.0,5.367615e-09,0.0002351834,0.0,0.0003506686,0.0,0.0061479663,0.0,0.00019838552,0.0,0.038423132,0.0,0.020797614,0.0,0.2565425,0.0,0.1593171,0.0,0.18943515,0.0,0.16610852,0.0,0.10974699,0.0,0.026425134
0.0,0.0,4.739575e-09,0.0019516358,0.0,8.3162995e-05,0.0,0.009268463,0.0,0.00038641543,0.0,0.018223472,0.0,0.11754556,0.0,0.25188532,0.0,0.043076225,0.0,0.18431598,0.0,0.16762437,0.0,0.11280352,0.0,0.017280744
0.0,0.0,4.7326965e-09,0.00055190665,0.0,0.014620848,0.0,0.0059223995,0.0,0.00039879384,0.0,0.01896988,0.0,0.094502516,0.0,0.24680702,0.0,0.0665175,0.0,0.18189229,0.0,0.17035922,0.0,0.11786144,0.0,0.012450341
0.0,0.0,3.79435e-09,0.00071180443,0.0,0.16641326,0.0,0.003579625,0.0,0.0009954489,0.0,0.016355693,0.0,0.03201331,0.0,0.24116509,0.0,0.021650165,0.0,0.17723803,0.0,0.16854908,0.0,0.11867639,0.0,0.02281828
0.0,0.0,1.4264844e-09,0.00067991635,0.0,0.18411829,0.0,0.00273996,0.0,0.00084451085,0.0,0.005804321,0.0,0.022321425,0.0,0.23398958,0.0,0.08917939,0.0,0.16917163,0.0,0.16106454,0.0,0.11319353,0.0,0.010644477
0.0,0.0,3.8645476e-10,0.0009599004,0.0,0.16887732,0.0,0.004543732,0.0,0.00020504871,0.0,0.012426189,0.0,0.13343471,0.0,0.22735953,0.0,0.031675696,0.0,0.16562678,0.0,0.15488948,0.0,0.10829878,0.0,0.014533186
0.0,0.0,3.858939e-10,0.00044082283,0.0,0.14901797,0.0,0.005877961,0.0,4.2796433e-05,0.0,0.008492247,0.0,0.084321655,0.0,0.21988289,0.0,0.045333833,0.0,0.15868303,0.0,0.14421797,0.0,0.09792577,0.0,0.015042735
0.0,0.0,3.0938316e-10,0.0007988426,0.0,0.12531257,0.0,0.0019554084,0.0,1.8584396e-05,0.0,0.038380284,0.0,0.027352693,0.0,0.21156715,0.0,0.020823205,0.0,0.15131184,0.0,0.13286172,0.0,0.085081704,0.0,0.010944396
0.0,0.0,2.480421e-10,0.00044613748,0.0,0.098539,0.0,0.0011227779,0.0,1.5186349e-05,0.0,0.01952466,0.0,0.012071537,0.0,0.20230503,0.0,0.095683165,0.0,0.14407338,0.0,0.12217546,0.0,0.07557452,0.0,0.011865651
0.0,0.0,1.9886306e-10,8.0803795e-05,0.0,0.071879506,0.0,0.0014360768,0.0,8.461038e-06,0.0,0.011147163,0.0,0.12996778,0.0,0.192783,0.0,0.026724866,0.0,0.13539499,0.0,0.107167386,0.0,0.06436,0.0,0.01041974
0.0,0.0,8.802535e-11,1.3469121e-05,0.0,0.04890009,0.0,0.00072520715,0.0,6.934555e-06,0.0,0.015033616,0.0,0.06745054,0.0,0.1828238,0.0,0.066580914,0.0,0.12536028,0.0,0.08996314,0.0,0.052028686,0.0,0.012338154
0.0,0.0,2.6166227e-11,2.2503696e-06,0.0,0.03309382,0.0,0.00053170585,0.0,3.268561e-06,0.0,0.0044505764,0.0,0.039277144,0.0,0.17846711,0.0,0.017354947,0.0,0.11839903,0.0,0.07494436,0.0,0.041846436,0.0,0.0072466047
0.0,0.0,2.3104638e-11,5.29301e-07,0.0,0.021428147,0.0,0.0005983187,0.0,5.4640022e-06,0.0,0.016507026,0.0,0.0149180135,0.0,0.1518161,0.0,0.09943504,0.0,0.11395971,0.0,0.06368629,0.0,0.033814035,0.0,0.00648305
0.0,0.0,2.3071108e-11,6.086388e-08,0.0,0.01452918,0.0,0.0007613059,0.0,7.6007595e-06,0.0,0.005560979,0.0,0.063580595,0.0,0.11905978,0.0,0.023671795,0.0,0.08616685,0.0,0.047248892,0.0,0.024700802,0.0,0.0044204243
0.0,0.0,2.0371663e-11,9.781784e-09,0.0,0.0097885495,0.0,0.0017749564,0.0,2.9554276e-06,0.0,0.02200747,0.0,0.015560401,0.0,0.0799249,0.0,0.07007255,0.0,0.078598626,0.0,0.030108606,0.0,0.0154373385,0.0,0.0031092237
0.0,0.0,9.138938e-12,1.4728208e-09,0.0,0.0028972563,0.0,0.0010450381,0.0,1.3808603e-06,0.0,0.012139021,0.0,0.11441031,0.0,0.2146527,0.0,0.024752073,0.0,0.03346549,0.0,0.016267627,0.0,0.008839528,0.0,0.0014576213
0.0,0.0,8.069633e-12,2.9948385e-10,0.0,0.00072611554,0.0,0.00094234565,0.0,1.0141766e-06,0.0,0.008469179,0.0,0.053496096,0.0,0.2474453,0.0,0.061795212,0.0,0.112629704,0.0,0.033578813,0.0,0.01463959,0.0,0.00041936728
0.0,0.0,2.8089154e-12,4.2266354e-11,0.0,0.00017789574,0.0,0.0003999494,0.0,1.9182026e-07,0.0,0.010260137,0.0,0.014042029,0.0,0.24013741,0.0,0.026597096,0.0,0.15301165,0.0,0.056466337,0.0,0.025322696,0.0,0.00011860322
0.0,0.0,2.8048388e-12,1.0992473e-11,0.0,4.3405187e-05,0.0,0.001390406,0.0,1.3102778e-07,0.0,0.0070109856,0.0,0.10765075,0.0,0.23278032,0.0,0.057132106,0.0,0.19437662,0.0,0.06812532,0.0,0.030711235,0.0,3.2933083e-05
0.0,0.0,1.3225404e-12,2.0577166e-12,0.0,1.0698074e-05,0.0,0.00044042928,0.0,1.6079599e-07,0.0,0.013322053,0.0,0.041782107,0.0,0.22394724,0.0,0.009770209,0.0,0.17816685,0.0,0.066933066,0.0,0.028079176,0.0,0.000120191
0.0,0.0,8.623345e-13,4.322463e-13,0.0,2.679299e-06,0.0,5.942001e-05,0.0,3.7184282e-08,0.0,0.0038505695,0.0,0.0197735,0.0,0.21439412,0.0,0.065591276,0.0,0.15280195,0.0,0.06406417,0.0,0.027295709,0.0,0.00019019852
0.0,0.0,6.145485e-13,1.08677505e-13,0.0,6.746687e-07,0.0,1.2076005e-05,0.0,1.1029968e-08,0.0,0.005912111,0.0,0.026906362,0.0,0.20384128,0.0,0.010171461,0.0,0.14559355,0.0,0.06288851,0.0,0.02728655,0.0,0.00017702831
0.0,0.0,6.1365664e-13,3.137973e-14,0.0,1.7092344e-07,0.0,2.2047907e-06,0.0,1.9077315e-05,0.0,0.0043387115,0.0,0.010328492,0.0,0.1928188,0.0,0.045310795,0.0,0.13934426,0.0,0.0599864,0.0,0.026503803,0.0,0.00017205071
0.0,0.0,6.12766e-13,2.4090716e-15,0.0,4.3596657e-08,0.0,9.119141e-05,0.0,3.050429e-05,0.0,0.0059915306,0.0,0.016144145,0.0,0.18092217,0.0,0.011155558,0.0,0.118858375,0.0,0.04899096,0.0,0.020583706,0.0,0.00013355527
0.0,0.0,6.1187676e-13,2.9789937000000003e-16,0.0,1.11978045e-08,0.0,9.697878e-05,0.0,2.4367602e-05,0.0,0.0033644894,0.0,0.020046202,0.0,0.16680461,0.0,0.045964625,0.0,0.11198166,0.0,0.04202481,0.0,0.017673045,0.0,0.00011433608
0.0,0.0,4.3567575e-13,6.8627304e-17,0.0,2.9287524e-09,0.0,9.90753e-05,0.0,2.3331357e-05,0.0,0.00441626,0.0,0.010414982,0.0,0.14892142,0.0,0.0068013,0.0,0.088428386,0.0,0.031409424,0.0,0.0124711245,0.0,5.9257047e-05
0.0,0.0,2.8429976e-13,1.2138671e-17,0.0,0.019030629,0.0,0.00068950997,0.0,3.0619805e-05,0.0,0.020682441,0.0,0.09654288,0.0,0.13876754,0.0,0.05210561,0.0,0.09911564,0.0,0.03341057,0.0,0.01601025,0.0,8.9883186e-05
0.0,0.0,2.8388717e-13,2.4395188e-18,0.0,0.017721808,0.0,0.0015806368,0.0,4.3545548e-05,0.0,0.016491327,0.0,0.03773257,0.0,0.12866043,0.0,0.024549633,0.0,0.07565772,0.0,0.03252071,0.0,0.0166274,0.0,0.00014196787
0.0,0.0,2.5067085e-13,4.233464e-19,0.0,0.01390492,0.0,0.0016369326,0.0,1.215047e-05,0.0,0.007883718,0.0,0.030883864,0.0,0.11565239,0.0,0.05650091,0.0,0.06815105,0.0,0.02713571,0.0,0.013684148,0.0,0.00015232319
0.0,0.0,7.190752e-14,1.7900072e-19,0.0,0.011038988,0.0,0.0005229975,0.0,3.3768804e-06,0.0,0.018218148,0.0,0.016272364,0.0,0.10169676,0.0,0.05143936,0.0,0.05531863,0.0,0.02073759,0.0,0.010128182,0.0,0.00012849295
0.0,0.0,1.3795622e-14,9.907331e-20,0.0,0.008090273,0.0,0.0016019823,0.0,1.2003857e-06,0.0,0.016673453,0.0,0.07411878,0.0,0.06079342,0.0,0.012750448,0.0,0.06398614,0.0,0.019656543,0.0,0.009790507,0.0,0.00015127032
0.0,0.0,7.519026e-15,9.045109e-21,0.0,0.003957892,0.0,0.0010906291,0.0,2.5420502e-07,0.0,0.008123281,0.0,0.020747267,0.0,0.02573288,0.0,0.12874953,0.0,0.024752475,0.0,0.009748826,0.0,0.0049555115,0.0,0.00010491123
0.0,0.0,5.563051e-15,4.319858e-22,0.0,0.0014786272,0.0,0.0006353815,0.0,5.645491e-08,0.0,0.01802945,0.0,0.04249982,0.0,0.0077798567,0.0,0.024947882,0.0,0.015620637,0.0,0.0051918095,0.0,0.0026020247,0.0,5.8770223e-05
0.0,0.0,1.658891e-15,7.020518e-23,0.0,0.00039247374,0.0,0.00042720113,0.0,1.6028745e-08,0.0,0.004758279,0.0,0.011027134,0.0,0.21119973,0.0,0.08098742,0.0,0.012100135,0.0,0.0015785996,0.0,0.0009156344,0.0,2.4613959e-05
0.0,0.0,1.7037826e-11,1.3181399e-23,0.0,9.784602e-05,0.0,0.0014127343,0.0,4.709743e-09,0.0,0.034331474,0.0,0.08971274,0.0,0.22022489,0.0,0.021419752,0.0,0.05986787,0.0,0.015749743,0.0,0.007100003,0.0,2.4690577e-05
0.0,0.0,7.696149e-12,1.597142e-22,0.0,2.4085752e-05,0.0,0.001363156,0.0,9.075337e-10,0.0,0.021089341,0.0,0.02951905,0.0,0.21088548,0.0,0.075025715,0.0,0.14063269,0.0,0.020559575,0.0,0.009096839,0.0,2.406035e-05
0.0,0.0,5.606354e-12,4.6125066999999995e-25,0.0,6.0749912e-06,0.0,0.00023597281,0.0,2.379956e-10,0.0,0.0043961685,0.0,0.0058010407,0.0,0.19919284,0.0,0.010401429,0.0,0.14187361,0.0,0.004249905,0.0,0.0025901168,0.0,1.3813532e-05
0.0,0.0,1.0742224e-12,8.339759e-26,0.0,1.5658533e-06,0.0,0.0003154558,0.0,7.531647e-11,0.0,0.0058838935,0.0,0.010635179,0.0,0.18755108,0.0,0.0605134,0.0,0.13069138,0.0,0.018765302,0.0,0.007316549,0.0,1.2301795e-05
0.0,0.0,8.612296e-13,1.471608e-26,0.0,3.9805806e-07,0.0,0.00041046174,0.0,1.5579125e-11,0.0,0.012719356,0.0,0.03985509,0.0,0.17582977,0.0,0.019495603,0.0,0.12358089,0.0,0.12069214,0.0,0.045397986,0.0,5.3976815e-05
0.0,0.0,8.5997176e-13,2.5110638e-25,0.0,1.0100248e-07,0.0,0.00011109623,0.0,1.4908596e-05,0.0,0.0050068395,0.0,0.0060935067,0.0,0.16109608,0.0,0.05209846,0.0,0.11043953,0.0,0.079047866,0.0,0.036399633,0.0,7.170782e-05
0.0,0.0,8.587157e-13,1.02763684e-25,0.0,2.604832e-08,0.0,5.8233734e-05,0.0,2.5957977e-06,0.0,0.006847079,0.0,0.013281854,0.0,0.14466356,0.0,0.015183011,0.0,0.10012254,0.0,0.051717214,0.0,0.02407432,0.0,5.6793328e-05
0.0,0.0,5.4425426e-13,8.7736235e-26,0.0,6.848123e-09,0.0,4.2132084e-05,0.0,5.3944035e-07,0.0,0.0027112067,0.0,0.018170971,0.0,0.12391291,0.0,0.027187854,0.0,0.07601113,0.0,0.028140863,0.0,0.012051709,0.0,2.497363e-05
0.0,0.0,5.434594e-13,2.0160399e-26,0.0,1.8425076e-09,0.0,1.2573698e-05,0.0,8.90429e-08,0.0,0.0043404354,0.0,0.01604202,0.0,0.10381915,0.0,0.030146912,0.0,0.06063086,0.0,0.017867953,0.0,0.0073707183,0.0,1.3275765e-05
0.0,0.0,4.7986723e-13,3.0540255e-27,0.0,4.895367e-10,0.0,4.5424727e-06,0.0,1.7312328e-08,0.0,0.00460886,0.0,0.012092753,0.0,0.08384436,0.0,0.015356033,0.0,0.04625891,0.0,0.011457826,0.0,0.0046520904,0.0,7.2011517e-06
0.0,0.0,4.237163e-13,4.1639834000000006e-27,0.0,1.3026193e-10,0.0,4.6681375e-06,0.0,3.2734913e-09,0.0,0.0044471733,0.0,0.026156688,0.0,0.0673762,0.0,0.04971183,0.0,0.036007725,0.0,0.008504636,0.0,0.0034618536,0.0,1.3461428e-06
0.0,0.0,1.4226103e-13,1.5093733e-31,0.0,0.00030255126,0.0,3.7706384e-06,0.0,5.7003796e-10,0.0,0.00296364,0.0,0.004052869,0.0,0.05036485,0.0,0.0069924765,0.0,0.024727393,0.0,0.004927688,0.0,0.0018661865,0.0,2.4279603e-07
0.0,0.0,1.4205325e-13,7.733337e-27,0.0,0.0019443639,0.0,1.2431976e-06,0.0,9.844701e-11,0.0,0.0028910816,0.0,0.004585276,0.0,0.038407914,0.0,0.011936141,0.0,0.0191314,0.0,0.0033831159,0.0,0.0011984389,0.0,4.783688e-08
0.0,0.0,1.9331902e-14,1.7674396e-27,0.0,0.0019627404,0.0,3.2216053e-07,0.0,1.7065526e-11,0.0,0.004720864,0.0,0.009725084,0.0,0.03309533,0.0,0.03170806,0.0,0.019283645,0.0,0.003338518,0.0,0.0011996123,0.0,1.2636424e-08
0.0,0.0,3.3789735e-12,6.326001e-33,0.0,0.0016414662,0.0,2.2114106e-07,0.0,2.987113e-12,0.0,0.0030542037,0.0,0.01711546,0.0,0.028291192,0.0,0.020373845,0.0,0.017082982,0.0,0.002984054,0.0,0.0010783158,0.0,5.5154836e-09
0.0,0.0,1.9162e-11,1.07496396e-13,0.0,0.0014130285,0.0,1.2744457e-07,0.0,4.65578e-13,0.0,0.004739837,0.0,0.015705299,0.0,0.02430463,0.0,0.036536388,0.0,0.015591136,0.0,0.0024839689,0.0,0.00093639456,0.0,1.0218833e-08
0.0,0.0,1.913368e-11,1.1187603e-13,0.0,0.0013541447,0.0,4.2562842e-08,0.0,9.399063e-14,0.0,0.003957875,0.0,0.013695719,0.0,0.024350831,0.0,0.021245789,0.0,0.012011999,0.0,0.0018431669,0.0,0.00066254806,0.0,6.6503616e-09
0.0,0.0,1.9105405e-11,7.6628625e-14,0.0,0.0016541607,0.0,5.055265e-08,0.0,1.5209844e-14,0.0,0.0050544776,0.0,0.01859689,0.0,0.032049876,0.0,0.027044993,0.0,0.016911605,0.0,0.0024958723,0.0,0.0009126626,0.0,7.663414e-09
0.0,0.0,1.9077172e-11,4.043505e-14,0.0,0.0009726238,0.0,2.6562399e-08,0.0,3.0169996e-15,0.0,0.003954406,0.0,0.017166346,0.0,0.010664064,0.0,0.019157054,0.0,0.02232397,0.0,0.0041818693,0.0,0.0015342403,0.0,1.5637236e-09
0.0,0.0,1.1310425e-11,1.0733753e-14,0.0,0.00038861376,0.0,1.4814389e-08,0.0,5.867711e-16,0.0,0.0043910327,0.0,0.013257062,0.0,0.002935006,0.0,0.038866498,0.0,0.02234134,0.0,0.0041230456,0.0,0.0014293296,0.0,2.822473e-10
0.0,0.0,1.129371e-11,5.4281945e-15,0.0,0.00013653039,0.0,1.4435212e-08,0.0,8.988703000000001e-17,0.0,0.0037335255,0.0,0.023256106,0.0,0.00076143845,0.0,0.0074345255,0.0,0.028496092,0.0,0.005227708,0.0,0.0018631987,0.0,5.3761273e-11
0.0,0.0,1.127702e-11,1.8989333e-15,0.0,4.401915e-05,0.0,1.2443459e-08,0.0,1.8309377e-17,0.0,0.0047589233,0.0,0.0045383275,0.0,0.00019788904,0.0,0.010653041,0.0,0.02682793,0.0,0.0051862733,0.0,0.0018384759,0.0,1.0492737e-11
0.0,0.0,1.1260355e-11,1.0399103e-15,0.0,1.37699135e-05,0.0,3.030351e-09,0.0,7.976216399999999e-18,0.0,0.0037457524,0.0,0.005468602,0.0,5.1060542e-05,0.0,0.021358497,0.0,0.02865476,0.0,0.0052541536,0.0,0.0018224342,0.0,1.893978e-12
0.0,0.0,1.1243714e-11,3.832689e-16,0.0,3.8776775e-06,0.0,2.64938e-09,0.0,4.991476e-18,0.0,0.0038902191,0.0,0.0067872633,0.0,0.13041256,0.0,0.019792996,0.0,0.026133044,0.0,0.0049266913,0.0,0.0016298179,0.0,3.4463087e-13
0.0,0.0,1.1227098e-11,1.4763239e-16,0.0,1.0715768e-06,0.0,8.683748e-06,0.0,1.2188887999999998e-18,0.0,0.004346917,0.0,0.00966189,0.0,0.12583049,0.0,0.025923086,0.0,0.023818912,0.0,0.0044589024,0.0,0.0014905133,0.0,6.0807824e-14
0.0,0.0,1.12105065e-11,5.813175e-17,0.0,2.9136828e-07,0.0,8.496253e-07,0.0,4.999104e-19,0.0,0.003224645,0.0,0.008281192,0.0,0.10093954,0.0,0.014237373,0.0,0.021599347,0.0,0.0039898627,0.0,0.0013645878,0.0,1.036287e-14
0.0,0.0,1.119394e-11,3.2498656e-17,0.0,7.91386e-08,0.0,9.28578e-08,0.0,8.796676e-20,0.0,0.0045435247,0.0,0.016261602,0.0,0.077285625,0.0,0.032362074,0.0,0.021305148,0.0,0.0040634978,0.0,0.0014360205,0.0,2.0057952e-15
0.0,0.0,1.1177397e-11,1.6459184e-17,0.0,2.106975e-08,0.0,1.7436479e-08,0.0,1.5706959999999998e-20,0.0,0.004306297,0.0,0.014088508,0.0,0.05724638,0.0,0.0073057213,0.0,0.022299305,0.0,0.004049166,0.0,0.0014025158,0.0,3.569403e-16
0.0,0.0,1.1160879e-11,7.085746e-18,0.0,5.5941918e-09,0.0,1.7129794e-09,0.0,3.0195097000000007e-21,0.0,0.0062406203,0.0,0.020465882,0.0,0.04324316,0.0,0.011132623,0.0,0.022017457,0.0,0.004462649,0.0,0.0016732969,0.0,6.8366855e-17
0.0,0.0,1.1144385e-11,4.3205327e-18,0.0,1.4746299e-09,0.0,2.3905491e-10,0.0,5.4979894e-22,0.0,0.0023686027,0.0,0.006389614,0.0,0.03460882,0.0,0.029515713,0.0,0.0191953,0.0,0.0038033905,0.0,0.0014319774,0.0,1.4397375000000002e-17
0.0,0.0,1.1127915e-11,1.8860152e-18,0.0,3.9279088e-10,0.0,9.1804814e-11,0.0,1.0108312e-22,0.0,0.001624888,0.0,0.0063985744,0.0,0.025647609,0.0,0.007138716,0.0,0.015058419,0.0,0.002668095,0.0,0.0009519559,0.0,2.5306942e-18
0.0,0.0,1.1111471e-11,1.5311686999999998e-18,0.0,1.06843846e-10,0.0,1.8453264e-07,0.0,1.7476299e-05,0.0,0.0024896986,0.0,0.012391617,0.0,0.021597428,0.0,0.010292113,0.0,0.014065268,0.0,0.0023974744,0.0,0.0008782898,0.0,4.77375e-19
0.0,0.0,1.109505e-11,6.301186e-19,0.0,2.8663558e-11,0.0,2.737726e-08,0.0,1.7590619e-05,0.0,0.0029533145,0.0,0.016314896,0.0,0.017258251,0.0,0.0156057365,0.0,0.012903553,0.0,0.0020122642,0.0,0.0007665308,0.0,8.767691e-20
0.0,0.0,1.1078654e-11,2.8760248e-19,0.0,7.6740125e-12,0.0,3.2827208e-09,0.0,1.9872812e-05,0.0,0.0043139122,0.0,0.017018678,0.0,0.014071429,0.0,0.03606577,0.0,0.012210698,0.0,0.0017373286,0.0,0.0006818698,0.0,1.781009e-20
0.0,0.0,5.8186073e-12,1.2220582e-19,0.0,2.0239821e-12,0.0,6.0431593e-10,0.0,1.9086114e-05,0.0,0.005550057,0.0,0.009595078,0.0,0.011702519,0.0,0.0051946486,0.0,0.0114041595,0.0,0.0014450286,0.0,0.00061876856,0.0,3.905065500000001e-21
0.0,0.0,5.8100087e-12,5.764811e-20,0.0,5.2163184e-13,0.0,6.118616e-11,0.0,7.3030633e-06,0.0,0.0056873276,0.0,0.020659806,0.0,0.008195413,0.0,0.008928127,0.0,0.010837663,0.0,0.0016826343,0.0,0.0006378929,0.0,6.389564e-09
0.0,0.0,5.8014227e-12,2.466586e-20,0.0,1.3599942e-13,0.0,9.75402e-12,0.0,1.8966757e-06,0.0,0.003123771,0.0,0.004381755,0.0,0.01394623,0.0,0.020251092,0.0,0.008395598,0.0,0.0012348089,0.0,0.00046631118,0.0,4.560695e-09
0.0,0.0,5.7928493e-12,8.489835e-21,0.0,3.5912645e-14,0.0,1.5290372e-12,0.0,4.4839268e-07,0.0,0.0039357524,0.0,0.00557446,0.0,0.026261015,0.0,0.03607419,0.0,0.013325075,0.0,0.0020970292,0.0,0.0007352374,0.0,2.499743e-09
0.0,0.0,2.8785583e-12,1.5286436e-15,0.0,0.000535468,0.0,1.6863975e-08,0.0,9.736827e-08,0.0,0.0074966643,0.0,0.009725891,0.0,0.008068406,0.0,0.005762246,0.0,0.02202967,0.0,0.004134996,0.0,0.0015603104,0.0,2.8209495e-09
0.0,0.0,5.3399093e-13,2.7640999000000004e-16,0.0,0.0003365997,0.0,4.1534307e-08,0.0,2.2651394e-08,0.0,0.0031168791,0.0,0.03130091,0.0,0.002077346,0.0,0.013929059,0.0,0.011303642,0.0,0.0017494621,0.0,0.00079601444,0.0,1.5777603e-09
0.0,0.0,9.94696e-14,6.2841666e-17,0.0,0.00011691494,0.0,2.9584132e-08,0.0,4.210465e-09,0.0,0.0038212817,0.0,0.0036207626,0.0,0.00051434716,0.0,0.050099626,0.0,0.008309949,0.0,0.00057693676,0.0,0.00029448332,0.0,8.9753993e-10
0.0,0.0,7.2315485e-14,1.3103827e-17,0.0,0.0022501838,0.0,1.6291717e-07,0.0,1.1472343e-09,0.0,0.016110208,0.0,0.009492536,0.0,0.0345902,0.0,0.01709429,0.0,0.008533466,0.0,0.00016422357,0.0,9.411468e-05,0.0,4.322248e-07
0.0,0.0,5.9943424e-14,2.3214086e-18,0.0,0.00066714635,0.0,7.690971e-08,0.0,2.8448988e-10,0.0,0.003927939,0.0,0.036472604,0.0,0.12721756,0.0,0.07255707,0.0,0.005606483,0.0,4.3960423e-05,0.0,2.7118826e-05,0.0,2.2951284e-07
0.0,0.0,5.6857276e-14,5.100214e-19,0.0,0.00017272301,0.0,3.2873086e-08,0.0,6.220391e-11,0.0,0.0081154425,0.0,0.0060638012,0.0,0.10303071,0.0,0.0077160746,0.0,0.045534093,0.0,0.009444403,0.0,0.0038164465,0.0,5.24828e-06
0.0,0.0,3.1668383e-14,7.092674e-20,0.0,4.3765114e-05,0.0,2.562614e-08,0.0,1.261653e-11,0.0,0.002656258,0.0,0.044320557,0.0,0.07971436,0.0,0.02723836,0.0,0.037330594,0.0,0.011561894,0.0,0.0050458023,0.0,1.10752235e-05
0.0,0.0,2.5388854e-14,1.7783459e-20,0.0,1.0926475e-05,0.0,4.190528e-08,0.0,4.0110896e-12,0.0,0.0062729195,0.0,0.008380482,0.0,0.060601745,0.0,0.06475757,0.0,0.043213148,0.0,0.01000529,0.0,0.0047252364,0.0,1.5163646e-05
0.0,0.0,2.5351334e-14,3.8977562e-21,0.0,2.6746093e-06,0.0,3.9912855e-08,0.0,1.7451756e-12,0.0,0.025301047,0.0,0.092550084,0.0,0.04809323,0.0,0.009598345,0.0,0.024912832,0.0,0.0079493895,0.0,0.003870362,0.0,1.4776397e-05
0.0,0.0,1.4120193e-14,7.929541e-22,0.0,6.488097e-07,0.0,2.2033774e-08,0.0,1.2014442e-05,0.0,0.008354499,0.0,0.039526314,0.0,0.03806343,0.0,0.11074195,0.0,0.03616923,0.0,0.0065676807,0.0,0.003205687,0.0,1.2394714e-05
0.0,0.0,1.4099327e-14,6.750456000000001e-23,0.0,1.564435e-07,0.0,9.629836e-09,0.0,2.2395245e-06,0.0,0.029202905,0.0,0.00493119,0.0,0.030932473,0.0,0.019220455,0.0,0.018422982,0.0,0.00579931,0.0,0.002895466,0.0,3.1352959e-06
0.0,0.0,7.4050915e-15,1.7043633e-23,0.0,3.758734e-08,0.0,3.357446e-09,0.0,5.069232e-07,0.0,0.010355435,0.0,0.042409834,0.0,0.024030127,0.0,0.15338589,0.0,0.03752496,0.0,0.004681959,0.0,0.002453106,0.0,8.0776664e-07
0.0,0.0,7.394149e-15,2.5361373e-24,0.0,9.002766e-09,0.0,3.0070824e-09,0.0,1.2456233e-07,0.0,0.014948986,0.0,0.007089755,0.0,0.018892445,0.0,0.037174463,0.0,0.014023382,0.0,0.0039842585,0.0,0.0021160843,0.0,2.8535973e-07
0.0,0.0,6.7503007e-15,1.7603747e-24,0.0,0.0035677382,0.0,1.1358262e-06,0.0,2.92614e-08,0.0,0.0056471606,0.0,0.12013364,0.0,0.039657146,0.0,0.066578925,0.0,0.055207524,0.0,0.006347433,0.0,0.0032596276,0.0,3.4607453e-07
0.0,0.0,6.4439366e-15,1.02439345e-25,0.0,0.0025075728,0.0,2.5293475e-06,0.0,6.6721753e-09,0.0,0.009557849,0.0,0.08683592,0.0,0.013274362,0.0,0.024013095,0.0,0.021155627,0.0,0.0026314736,0.0,0.0016100699,0.0,4.1735973e-07
0.0,0.0,2.008177e-15,1.9405575e-26,0.0,0.00090571184,0.0,3.6276135e-06,0.0,1.5971937e-09,0.0,0.021638997,0.0,0.028790955,0.0,0.0033688918,0.0,0.07545782,0.0,0.002948565,0.0,0.0017626894,0.0,0.0010210006,0.0,3.497955e-07
0.0,0.0,8.6753967000000015e-16,2.1997079999999998e-26,0.0,0.00022468434,0.0,1.1371048e-06,0.0,4.016239e-10,0.0,0.007205425,0.0,0.0062867543,0.0,0.1434326,0.0,0.073000096,0.0,0.046555266,0.0,0.014520746,0.0,0.007163987,0.0,4.5075137e-07
0.0,0.0,3.8917688e-16,3.8706816e-27,0.0,5.3474756e-05,0.0,1.098927e-06,0.0,1.0379764e-10,0.0,0.03545481,0.0,0.123416804,0.0,0.18287244,0.0,0.010497308,0.0,0.08811892,0.0,0.04085687,0.0,0.021021368,0.0,1.474087e-06
0.0,0.0,1.9338814e-16,1.7800812e-28,0.0,1.25354e-05,0.0,1.2131753e-06,0.0,2.9555348e-11,0.0,0.016799029,0.0,0.06955866,0.0,0.1728388,0.0,0.20706378,0.0,0.103461914,0.0,0.05101285,0.0,0.029121513,0.0,4.244831e-06
0.0,0.0,1.5504118e-16,4.1177634e-29,0.0,2.897518e-06,0.0,4.4845567e-07,0.0,9.361032e-12,0.0,0.004638543,0.0,0.021106336,0.0,0.16304655,0.0,0.12747766,0.0,0.09824684,0.0,0.05643713,0.0,0.034575112,0.0,4.5803285e-05
0.0,0.0,7.704240400000001e-17,8.814708e-30,0.0,6.6320746e-07,0.0,1.5768316e-07,0.0,4.725226e-06,0.0,0.067637235,0.0,0.030125065,0.0,0.15303826,0.0,0.04690115,0.0,0.09301046,0.0,0.05361997,0.0,0.033474557,0.0,4.841356e-05
0.0,0.0,7.692855e-17,1.0414927e-28,0.0,1.519132e-07,0.0,1.1110344e-07,0.0,7.500985e-05,0.0,0.05190969,0.0,0.08566719,0.0,0.14049016,0.0,0.038611863,0.0,0.083884306,0.0,0.04902363,0.0,0.03007635,0.0,2.591135e-05
0.0,0.0,6.792569e-17,4.6559446e-31,0.0,0.032842614,0.0,2.0626056e-05,0.0,6.380717e-05,0.0,0.019183211,0.0,0.049427208,0.0,0.12768786,0.0,0.018295769,0.0,0.080006205,0.0,0.044532925,0.0,0.028165428,0.0,1.20622535e-05
0.0,0.0,6.782531e-17,8.361448e-30,0.0,0.028556794,0.0,6.54536e-05,0.0,6.569493e-05,0.0,0.0054640165,0.0,0.04474245,0.0,0.11438077,0.0,0.3324567,0.0,0.07021484,0.0,0.04419574,0.0,0.02828734,0.0,0.0058510816
0.0,0.0,4.9919645e-17,2.5577508e-32,0.0,0.021350235,0.0,7.7474426e-05,0.0,6.983679e-05,0.0,0.13222006,0.0,0.06318179,0.0,0.09995045,0.0,0.116825044,0.0,0.06651277,0.0,0.034924332,0.0,0.02250201,0.0,0.0027975019
0.0,0.0,3.4367442e-17,6.278501e-33,0.0,0.021109004,0.0,0.0033657877,0.0,8.127333e-05,0.0,0.15268591,0.0,0.03328202,0.0,0.10447335,0.0,0.06614272,0.0,0.06407122,0.0,0.036510516,0.0,0.023263616,0.0,0.0060162414
0.0,0.0,2.5400945e-17,1.5502896e-07,0.0,0.014508559,0.0,0.012516251,0.0,7.751298e-05,0.0,0.20809865,0.0,0.2161879,0.0,0.06316598,0.0,0.104609914,0.0,0.03309629,0.0,0.02461982,0.0,0.016011238,0.0,0.022934476
0.0,0.0,1.3202839e-10,2.1256531e-07,0.0,0.027147923,0.0,0.009404126,0.0,7.413767e-05,0.0,0.20435344,0.0,0.18588638,0.0,0.14385246,0.0,0.09449716,0.0,0.13651732,0.0,0.027748875,0.0,0.018392561,0.0,0.0026774064
0.0,0.0,9.7913615e-11,6.246144e-08,0.0,0.008542414,0.0,0.038660027,0.0,5.4822885e-05,0.0,0.16501592,0.0,0.110508375,0.0,0.25654727,0.0,0.06337622,0.0,0.2476387,0.0,0.066339925,0.0,0.043361794,0.0,0.008799859
0.0,0.0,8.019704e-11,1.7923671e-08,0.0,0.0021116363,0.0,0.0038776018,0.0,4.521268e-05,0.0,0.14572898,0.0,0.110465355,0.0,0.2540503,0.0,0.12057108,0.0,0.22686477,0.0,0.16560604,0.0,0.108734585,0.0,0.036809523
0.0,0.0,8.0077736e-11,4.732891e-09,0.0,0.0004652852,0.0,0.02193154,0.0,3.4049535e-05,0.0,0.1182727,0.0,0.052925352,0.0,0.25041527,0.0,0.09674363,0.0,0.22258915,0.0,0.18371455,0.0,0.13667548,0.0,0.006278506
0.0,0.0,2.252621e-11,1.4405089e-09,0.0,0.00010370991,0.0,0.007891765,0.0,1.7039589e-05,0.0,0.07380281,0.0,0.3754931,0.0,0.24602044,0.0,0.042935647,0.0,0.2171593,0.0,0.1825532,0.0,0.1501693,0.0,0.04918162
0.0,0.0,1.7457162e-11,4.454446e-10,0.0,0.18236822,0.0,0.0027945563,0.0,6.017884e-06,0.0,0.03702832,0.0,0.28163275,0.0,0.24114318,0.0,0.04518299,0.0,0.2103982,0.0,0.18689401,0.0,0.15727137,0.0,0.055335257
0.0,0.0,8.390078e-12,1.1863592e-10,0.0,0.20409873,0.0,0.0017993959,0.0,2.090486e-06,0.0,0.08268892,0.0,0.2513933,0.0,0.23541076,0.0,0.14788574,0.0,0.20283264,0.0,0.17617129,0.0,0.1539272,0.0,0.008287722
0.0,0.0,5.5594782e-12,3.6870795e-11,0.0,0.19410163,0.0,0.016034143,0.0,9.3045264e-07,0.0,0.055138763,0.0,0.07659965,0.0,0.22914521,0.0,0.1448198,0.0,0.19683062,0.0,0.18180798,0.0,0.15741688,0.0,0.068915896
0.0,0.0,3.0964894e-12,1.1052917e-11,0.0,0.182125,0.0,0.031058848,0.0,3.542964e-07,0.0,0.038686834,0.0,0.04126381,0.0,0.2230366,0.0,0.10360215,0.0,0.19127025,0.0,0.17371711,0.0,0.15461792,0.0,0.010290309
0.0,0.0,2.7340838e-12,3.2376215e-12,0.0,0.1688829,0.0,0.043092262,0.0,1.5988128e-07,0.0,0.032478854,0.0,0.034203783,0.0,0.21621843,0.0,0.04433253,0.0,0.18264668,0.0,0.1660765,0.0,0.14679255,0.0,0.09956381
0.0,0.0,1.2378697e-12,8.8194724e-13,0.0,0.15365037,0.0,0.05588348,0.0,5.8737022e-08,0.0,0.022083985,0.0,0.16632226,0.0,0.20837545,0.0,0.11370583,0.0,0.1712083,0.0,0.15792298,0.0,0.1364478,0.0,0.09075157
0.0,0.0,9.110671e-13,2.3798365e-13,0.0,0.13994084,0.0,0.04540248,0.0,0.009365923,0.0,0.024782002,0.0,0.09480711,0.0,0.20911765,0.0,0.2801989,0.0,0.16849075,0.0,0.15528086,0.0,0.13103084,0.0,0.019326637
0.0,0.0,7.128199e-13,6.867251e-14,0.0,0.12229739,0.0,0.049669355,0.0,0.019804334,0.0,0.02130862,0.0,0.074234314,0.0,0.18879177,0.0,0.24151975,0.0,0.17942534,0.0,0.15626249,0.0,0.12954412,0.0,0.110419855
0.0,0.0,6.052055e-13,2.0514015e-14,0.0,0.08541379,0.0,0.05275542,0.0,0.021143975,0.0,0.018501628,0.0,0.07262918,0.0,0.26568094,0.0,0.15191764,0.0,0.2022602,0.0,0.1746532,0.0,0.1447077,0.0,0.07863593
0.0,0.0,1.1557464e-13,6.305557e-15,0.0,0.044452712,0.0,0.007665505,0.0,0.017774032,0.0,0.019118775,0.0,0.02639821,0.0,0.2796053,0.0,0.06738873,0.0,0.21879931,0.0,0.18988958,0.0,0.16087341,0.0,0.016880356
0.0,0.0,3.426606e-14,0.00033066425,0.0,0.015356238,0.0,0.07299063,0.0,0.015706789,0.0,0.023275362,0.0,0.11057917,0.0,0.2778234,0.0,0.13823333,0.0,0.22709219,0.0,0.20183815,0.0,0.17560937,0.0,0.08634331
0.0,0.0,9.563177e-15,0.00011016313,0.0,0.1503725,0.0,0.06338167,0.0,0.03219334,0.0,0.26122397,0.0,0.16128322,0.0,0.27646625,0.0,0.09942073,0.0,0.23497894,0.0,0.21093412,0.0,0.18760681,0.0,0.022532867
0.0,0.0,6.5117225e-15,3.1739582e-05,0.0,0.23758139,0.0,0.08775313,0.0,0.0037033828,0.0,0.34845698,0.0,0.15932038,0.0,0.27497497,0.0,0.190079,0.0,0.23994742,0.0,0.21444952,0.0,0.1948286,0.0,0.10355286
0.0,0.0,3.8606152e-15,9.755176e-06,0.0,0.24353287,0.0,0.045829695,0.0,0.011949343,0.0,0.36190248,0.0,0.15187421,0.0,0.273666,0.0,0.13979824,0.0,0.24241579,0.0,0.21932377,0.0,0.20060815,0.0,0.03331719
0.0,0.0,1.1698699e-15,3.2976823e-06,0.0,0.24019215,0.0,0.092081115,0.0,0.05403542,0.0,0.21803755,0.0,0.1350233,0.0,0.27297503,0.0,0.07169911,0.0,0.2453378,0.0,0.22145584,0.0,0.20550929,0.0,0.14918898
0.0,0.0,4.4146685e-16,9.990878e-07,0.0,0.23601483,0.0,0.027784677,0.0,0.011549161,0.0,0.1715903,0.0,0.11476598,0.0,0.27211985,0.0,0.11183531,0.0,0.24761222,0.0,0.22417031,0.0,0.20925638,0.0,0.19840619
0.0,0.0,4.4081008e-16,3.2249454e-07,0.0,0.23246379,0.0,0.023211129,0.0,0.015332674,0.0,0.13057044,0.0,0.09259031,0.0,0.27155986,0.0,0.069976725,0.0,0.25023636,0.0,0.22248082,0.0,0.21018794,0.0,0.10282757
0.0,0.0,3.8921876e-16,8.22692e-08,0.0,0.2287321,0.0,0.064684816,0.0,0.027209712,0.0,0.10035036,0.0,0.07296554,0.0,0.2707404,0.0,0.24142995,0.0,0.25112966,0.0,0.22169796,0.0,0.20936878,0.0,0.030186709
0.0,0.0,2.4668024e-16,2.3732069e-08,0.0,0.22550677,0.0,0.023482032,0.0,0.009026696,0.0,0.07777178,0.0,0.0584249,0.0,0.270243,0.0,0.21458188,0.0,0.25183672,0.0,0.22191256,0.0,0.20944346,0.0,0.07076434
0.0,0.0,1.2955738e-16,7.886453e-09,0.0,0.22267637,0.0,0.05425005,0.0,0.034704074,0.0,0.06501984,0.0,0.04440139,0.0,0.26980945,0.0,0.24489416,0.0,0.25184387,0.0,0.22095548,0.0,0.20893133,0.0,0.053408835
0.0,0.0,1.1005836e-16,2.1542286e-09,0.0,0.21886021,0.0,0.028659318,0.0,0.009643528,0.0,0.048043862,0.0,0.0420666,0.0,0.2688278,0.0,0.17640896,0.0,0.250836,0.0,0.21892527,0.0,0.20659925,0.0,0.040475074
0.0,0.0,7.714583e-17,6.79762e-10,0.0,0.2158724,0.0,0.044134516,0.0,0.014860691,0.0,0.04752597,0.0,0.037038095,0.0,0.26840875,0.0,0.08046124,0.0,0.24997607,0.0,0.21894817,0.0,0.20608424,0.0,0.04191756
0.0,0.0,6.184796000000001e-17,2.982312e-10,0.0,0.21317749,0.0,0.037023198,0.0,0.061386485,0.0,0.043060474,0.0,0.06462882,0.0,0.26808843,0.0,0.0321638,0.0,0.2499444,0.0,0.2185599,0.0,0.2057694,0.0,0.13879175
0.0,0.0,2.1307006e-17,0.0018906294,0.0,0.20967948,0.0,0.023109451,0.0,0.035958834,0.0,0.034615923,0.0,0.032628,0.0,0.26743588,0.0,0.07990989,0.0,0.24856272,0.0,0.21640998,0.0,0.20345941,0.0,0.11914728
0.0,0.0,4.1755866e-18,0.005587405,0.0,0.20648287,0.0,0.054652635,0.0,0.023779234,0.0,0.039742347,0.0,0.07740432,0.0,0.26690063,0.0,0.07461133,0.0,0.24805713,0.0,0.21681984,0.0,0.20308049,0.0,0.05376361
0.0,0.0,1.9279922e-18,0.013656212,0.0,0.20313701,0.0,0.02825771,0.0,0.008161583,0.0,0.033274297,0.0,0.03512686,0.0,0.26651725,0.0,0.06853426,0.0,0.24733783,0.0,0.21609814,0.0,0.2022075,0.0,0.06482475
0.0,0.0,9.664423e-19,0.017720586,0.0,0.19938308,0.0,0.023687238,0.0,0.021252379,0.0,0.03000889,0.0,0.04420137,0.0,0.26603076,0.0,0.14452234,0.0,0.24586721,0.0,0.21787892,0.0,0.20244463,0.0,0.1010722
0.0,0.0,4.405604299999999e-19,0.027689878,0.0,0.19587989,0.0,0.030087875,0.0,0.011535213,0.0,0.030994162,0.0,0.027377741,0.0,0.26563248,0.0,0.10228644,0.0,0.24490918,0.0,0.215573,0.0,0.20138486,0.0,0.041345913
0.0,0.0,4.3990504e-19,0.0062714266,0.0,0.1937087,0.0,0.045513757,0.0,0.0431237,0.0,0.043272316,0.0,0.19470866,0.0,0.26557773,0.0,0.061951455,0.0,0.24528226,0.0,0.21631804,0.0,0.20212215,0.0,0.082147844
0.0,0.0,3.2376831e-19,0.0122067025,0.0,0.19218695,0.0,0.034325723,0.0,0.013656193,0.0,0.042800236,0.0,0.10340974,0.0,0.2656969,0.0,0.031781945,0.0,0.24508883,0.0,0.21605761,0.0,0.20214456,0.0,0.15020831
0.0,0.0,2.5956568e-19,0.026567375,0.0,0.18867241,0.0,0.037605036,0.0,0.032880608,0.0,0.032263495,0.0,0.049826276,0.0,0.2650652,0.0,0.052759178,0.0,0.24421151,0.0,0.21925935,0.0,0.20362565,0.0,0.08053081
0.0,0.0,1.6450832e-19,0.0076711695,0.0,0.18476665,0.0,0.02293537,0.0,0.016869903,0.0,0.027106002,0.0,0.024968484,0.0,0.2645164,0.0,0.07601764,0.0,0.24328256,0.0,0.21431018,0.0,0.2012117,0.0,0.03819814
0.0,0.0,9.162699e-20,0.0057887784,0.0,0.18221126,0.0,0.039373193,0.0,0.012672486,0.0,0.048563503,0.0,0.2591272,0.0,0.2643531,0.0,0.13461716,0.0,0.24313183,0.0,0.21720564,0.0,0.2025751,0.0,0.017715175
0.0,0.0,8.090319e-20,0.014927116,0.0,0.18055238,0.0,0.015528815,0.0,0.042691756,0.0,0.052991897,0.0,0.13771358,0.0,0.26450107,0.0,0.08865,0.0,0.24307519,0.0,0.2159391,0.0,0.20246461,0.0,0.107876316
0.0,0.0,7.143447999999999e-20,0.010137806,0.0,0.17692599,0.0,0.03051374,0.0,0.0070393104,0.0,0.039167296,0.0,0.075045615,0.0,0.26377714,0.0,0.1816751,0.0,0.24196501,0.0,0.2147255,0.0,0.20089252,0.0,0.04042595
0.0,0.0,1.8584887e-17,0.012038604,0.0,0.17367779,0.0,0.032607943,0.0,0.025798105,0.0,0.029590657,0.0,0.029543372,0.0,0.263286,0.0,0.16224715,0.0,0.24148512,0.0,0.21369351,0.0,0.19984023,0.0,0.046000354
0.0,0.0,6.631376e-18,0.025528578,0.0,0.1709659,0.0,0.021242123,0.0,0.012716114,0.0,0.028557686,0.0,0.07886715,0.0,0.26315472,0.0,0.13599816,0.0,0.2401454,0.0,0.2117379,0.0,0.19758987,0.0,0.047474273
0.0,0.0,4.2668606e-18,0.010211171,0.0,0.16638726,0.0,0.026570434,0.0,0.047071733,0.0,0.027872618,0.0,0.028404593,0.0,0.2623395,0.0,0.06515281,0.0,0.23779461,0.0,0.21063426,0.0,0.19479492,0.0,0.023517407
0.0,0.0,3.5244966e-18,0.008851634,0.0,0.16304938,0.0,0.024243338,0.0,0.01193516,0.0,0.029448507,0.0,0.182534,0.0,0.26188436,0.0,0.059675932,0.0,0.2367492,0.0,0.20915626,0.0,0.1933258,0.0,0.0560591
0.0,0.0,2.9625953e-18,0.013286484,0.0,0.15634222,0.0,0.03739124,0.0,0.028225191,0.0,0.025850708,0.0,0.110385545,0.0,0.2605499,0.0,0.05744531,0.0,0.23428091,0.0,0.20653303,0.0,0.18988301,0.0,0.0506181
0.0,0.0,1.7926118e-15,0.022895357,0.0,0.15211184,0.0,0.02986205,0.0,0.008583427,0.0,0.023139672,0.0,0.043148544,0.0,0.26035663,0.0,0.02344023,0.0,0.2327407,0.0,0.20410284,0.0,0.18662265,0.0,0.078197226
0.0,0.0,2.1131844e-12,0.009036797,0.0,0.14620732,0.0,0.016473195,0.0,0.010805664,0.0,0.019103322,0.0,0.06241593,0.0,0.25972328,0.0,0.24992853,0.0,0.23031822,0.0,0.2051593,0.0,0.18576539,0.0,0.047873832
0.0,0.0,1.9102588e-12,0.008431274,0.0,0.14044903,0.0,0.03407813,0.0,0.018047351,0.0,0.025425734,0.0,0.24055251,0.0,0.25913474,0.0,0.21132997,0.0,0.22784649,0.0,0.20374687,0.0,0.18432704,0.0,0.011820239
0.0,0.0,1.3638968e-12,0.013694147,0.0,0.13692959,0.0,0.018106444,0.0,0.020936115,0.0,0.02513102,0.0,0.13560867,0.0,0.25925618,0.0,0.1758721,0.0,0.22727305,0.0,0.20480815,0.0,0.18497626,0.0,0.09668692
0.0,0.0,3.3928033e-13,0.015629793,0.0,0.1314705,0.0,0.021367576,0.0,0.020526502,0.0,0.020271542,0.0,0.10010648,0.0,0.25874153,0.0,0.11645973,0.0,0.2267453,0.0,0.20303708,0.0,0.18379734,0.0,0.024863547
0.0,0.0,0.0006607793,0.012946005,0.0,0.12553841,0.0,0.020240292,0.0,0.020845894,0.0,0.017447948,0.0,0.03295553,0.0,0.25815406,0.0,0.06851404,0.0,0.22566675,0.0,0.20212433,0.0,0.18277083,0.0,0.07011757
0.0,0.0,0.0017080712,0.014134812,0.0,0.120214984,0.0,0.04086982,0.0,0.014705662,0.0,0.022970658,0.0,0.09792675,0.0,0.25773033,0.0,0.020630931,0.0,0.22382236,0.0,0.20266984,0.0,0.1825223,0.0,0.034206513
0.0,0.0,0.0010315743,0.026012972,0.0,0.11710408,0.0,0.046268336,0.0,0.025752163,0.0,0.02558152,0.0,0.07851221,0.0,0.2578068,0.0,0.356215,0.0,0.22471377,0.0,0.2026416,0.0,0.18333481,0.0,0.034224898
0.0,0.0,0.00096285477,0.014992918,0.0,0.11307587,0.0,0.016225118,0.0,0.009267054,0.0,0.016903765,0.0,0.03994036,0.0,0.25765222,0.0,0.15302822,0.0,0.22330818,0.0,0.2003039,0.0,0.18169214,0.0,0.050733153
0.0,0.0,0.000977226,0.017750476,0.0,0.10739117,0.0,0.04005337,0.0,0.02218344,0.0,0.028135465,0.0,0.2069144,0.0,0.25696474,0.0,0.07344882,0.0,0.22151734,0.0,0.19975159,0.0,0.17938438,0.0,0.05002039
0.0,0.0,0.0005367252,0.007830879,0.0,0.099021286,0.0,0.014964885,0.0,0.009225991,0.0,0.01870618,0.0,0.16524358,0.0,0.25558776,0.0,0.031085193,0.0,0.21826957,0.0,0.19749464,0.0,0.17602386,0.0,0.0185482
0.0,0.0,0.00038902616,0.0073048053,0.0,0.092241935,0.0,0.04341908,0.0,0.02007645,0.0,0.059272952,0.0,0.07453529,0.0,0.25458384,0.0,0.04202822,0.0,0.21609503,0.0,0.19744417,0.0,0.1752139,0.0,0.05675827
0.0,0.0,0.0005673608,0.0067027966,0.0,0.086533986,0.0,0.016232552,0.0,0.010066626,0.0,0.038177628,0.0,0.01859306,0.0,0.25391158,0.0,0.12928365,0.0,0.21321052,0.0,0.19522408,0.0,0.17312585,0.0,0.014550657
0.0,0.0,0.0004711112,0.0070412075,0.0,0.082365386,0.0,0.047202375,0.0,0.028228113,0.0,0.048387945,0.0,0.24063222,0.0,0.25336924,0.0,0.0872228,0.0,0.21094306,0.0,0.19428335,0.0,0.17074454,0.0,0.08905166
0.0,0.0,0.00020174043,0.003852945,0.0,0.07534103,0.0,0.028207535,0.0,0.005430356,0.0,0.04996395,0.0,0.13224661,0.0,0.25208154,0.0,0.059258137,0.0,0.20602918,0.0,0.19079551,0.0,0.16626678,0.0,0.020163288
0.0,0.0,0.00016173355,0.0012779969,0.0,0.070069425,0.0,0.017685536,0.0,0.0050022667,0.0,0.025671486,0.0,0.06142831,0.0,0.25122735,0.0,0.022070885,0.0,0.20747912,0.0,0.18804793,0.0,0.16287829,0.0,0.044452626
0.0,0.0,0.00016148487,0.002041244,0.0,0.06751002,0.0,0.012561398,0.0,0.013504556,0.0,0.12227649,0.0,0.05858777,0.0,0.25051528,0.0,0.2028017,0.0,0.20362978,0.0,0.18581666,0.0,0.15912522,0.0,0.008072504
0.0,0.0,0.000118852746,0.0011948295,0.0,0.06533136,0.0,0.022327863,0.0,0.021364564,0.0,0.1073331,0.0,0.13019246,0.0,0.25005966,0.0,0.06822514,0.0,0.19999115,0.0,0.18737948,0.0,0.15766864,0.0,0.02808045
0.0,0.0,0.00011867,0.0028906867,0.0,0.06460061,0.0,0.028183136,0.0,0.0077443277,0.0,0.08283451,0.0,0.05258032,0.0,0.24971734,0.0,0.105717845,0.0,0.19832279,0.0,0.18645513,0.0,0.15727971,0.0,0.028266964
0.0,0.0,0.000118487544,0.0012694278,0.0,0.06352789,0.0,0.02116447,0.0,0.01613238,0.0,0.046873346,0.0,0.0752519,0.0,0.24934739,0.0,0.07204121,0.0,0.19850382,0.0,0.18605202,0.0,0.15654123,0.0,0.029006189
0.0,0.0,0.00011830536,0.003474563,0.0,0.06449729,0.0,0.026204366,0.0,0.015620231,0.0,0.015450304,0.0,0.025105705,0.0,0.24925886,0.0,0.025442064,0.0,0.1980113,0.0,0.18712305,0.0,0.15705717,0.0,0.03293391
0.0,0.0,0.00011812346,0.0012815816,0.0,0.062452853,0.0,0.021256752,0.0,0.019071074,0.0,0.05445435,0.0,0.13110481,0.0,0.24842444,0.0,0.16532338,0.0,0.19561571,0.0,0.18499997,0.0,0.15548204,0.0,0.020655772
0.0,0.0,4.8317765e-05,0.0067458474,0.0,0.061048478,0.0,0.021369165,0.0,0.010399189,0.0,0.03639919,0.0,0.070807695,0.0,0.2478209,0.0,0.061621644,0.0,0.1946145,0.0,0.18361637,0.0,0.15391079,0.0,0.017301142
0.0,0.0,3.8734852e-05,0.0050116065,0.0,0.06253443,0.0,0.031730615,0.0,0.01731085,0.0,0.01659078,0.0,0.077133186,0.0,0.2478437,0.0,0.017247777,0.0,0.19440734,0.0,0.18090123,0.0,0.15168983,0.0,0.05519597
0.0,0.0,2.0343678e-05,0.0038176253,0.0,0.0650153,0.0,0.034165636,0.0,0.01599402,0.0,0.17546932,0.0,0.052202422,0.0,0.24811912,0.0,0.426158,0.0,0.19446693,0.0,0.18018007,0.0,0.15121663,0.0,0.010018084
0.0,0.0,5.3703966e-06,0.004136835,0.0,0.06427944,0.0,0.020339526,0.0,0.016485915,0.0,0.17532937,0.0,0.031805996,0.0,0.24773447,0.0,0.1768984,0.0,0.19813265,0.0,0.18199277,0.0,0.15199547,0.0,0.053739153
0.0,0.0,2.2975785e-06,0.0030221897,0.0,0.060340237,0.0,0.0151910065,0.0,0.01836823,0.0,0.14169453,0.0,0.05585463,0.0,0.24649116,0.0,0.054215647,0.0,0.19602044,0.0,0.18138038,0.0,0.15075715,0.0,0.008648335
0.0,0.0,2.2940458e-06,0.0024665738,0.0,0.060544487,0.0,0.06371388,0.0,0.013568843,0.0,0.12327708,0.0,0.2551891,0.0,0.24618185,0.0,0.06591414,0.0,0.19427684,0.0,0.1785381,0.0,0.1481558,0.0,0.039700408
0.0,0.0,1.6883254e-06,0.0044950475,0.0,0.0613993,0.0,0.03849204,0.0,0.042337433,0.0,0.07788059,0.0,0.137542,0.0,0.24610296,0.0,0.14553076,0.0,0.19238913,0.0,0.18139772,0.0,0.14975749,0.0,0.009946526
0.0,0.0,1.1495517e-06,0.0020060327,0.0,0.05891812,0.0,0.029606882,0.0,0.01444441,0.0,0.031228457,0.0,0.0964323,0.0,0.24527489,0.0,0.118238404,0.0,0.19032292,0.0,0.17935719,0.0,0.1470582,0.0,0.022508714
0.0,0.0,9.2155193e-07,0.0042814785,0.0,0.056930583,0.0,0.015162867,0.0,0.0116612995,0.0,0.010767845,0.0,0.03608716,0.0,0.2444464,0.0,0.049658235,0.0,0.19255686,0.0,0.17988144,0.0,0.14741667,0.0,0.022495076
0.0,0.0,4.4309198e-07,0.0035179309,0.0,0.059292004,0.0,0.021322131,0.0,0.018609233,0.0,0.14454637,0.0,0.071580365,0.0,0.24477017,0.0,0.02113208,0.0,0.19326296,0.0,0.17925069,0.0,0.14960997,0.0,0.028552761
0.0,0.0,1.1280819e-07,0.001958404,0.0,0.060824864,0.0,0.046931885,0.0,0.012003664,0.0,0.18102999,0.0,0.32945985,0.0,0.24485846,0.0,0.2691407,0.0,0.19290522,0.0,0.18015577,0.0,0.14960077,0.0,0.041633427
0.0,0.0,2.8986108e-08,0.007229471,0.0,0.05864456,0.0,0.02546546,0.0,0.024590997,0.0,0.14166732,0.0,0.17838444,0.0,0.2439638,0.0,0.15267971,0.0,0.18988852,0.0,0.1809277,0.0,0.14845178,0.0,0.017129168
0.0,0.0,9.464352e-09,0.0065627825,0.0,0.05938024,0.0,0.038030416,0.0,0.0075483904,0.0,0.104558416,0.0,0.16390152,0.0,0.24386452,0.0,0.05387411,0.0,0.18973836,0.0,0.17797284,0.0,0.14770988,0.0,0.047604386
0.0,0.0,5.2583142e-09,0.0062661953,0.0,0.05817619,0.0,0.023228468,0.0,0.017846098,0.0,0.05799056,0.0,0.076909065,0.0,0.24334367,0.0,0.031627435,0.0,0.18899065,0.0,0.17534244,0.0,0.14526735,0.0,0.009427848
0.0,0.0,2.1435662e-09,0.0033811105,0.0,0.05613472,0.0,0.021015003,0.0,0.011198847,0.0,0.018566819,0.0,0.046833646,0.0,0.24255617,0.0,0.10360957,0.0,0.18716335,0.0,0.17762758,0.0,0.1457027,0.0,0.030244756
0.0,0.0,8.2397283e-10,0.006177065,0.0,0.05772005,0.0,0.011237666,0.0,0.022535091,0.0,0.059698813,0.0,0.13464259,0.0,0.24268971,0.0,0.06649828,0.0,0.18790224,0.0,0.1777034,0.0,0.14658684,0.0,0.03723585
0.0,0.0,8.2270596e-10,0.003373223,0.0,0.058140527,0.0,0.025385601,0.0,0.0051737507,0.0,0.05286406,0.0,0.11844155,0.0,0.24261118,0.0,0.055358943,0.0,0.18702745,0.0,0.17689466,0.0,0.14607441,0.0,0.019900765
0.0,0.0,2.4514202e-10,0.0021013475,0.0,0.056976285,0.0,0.02531233,0.0,0.011923941,0.0,0.020719841,0.0,0.035516918,0.0,0.24211542,0.0,0.02928254,0.0,0.18484668,0.0,0.17654341,0.0,0.14443094,0.0,0.025560755
0.0,0.0,4.9744143e-11,0.0061463322,0.0,0.057309665,0.0,0.025194207,0.0,0.03500468,0.0,0.01832446,0.0,0.09651267,0.0,0.24189429,0.0,0.14151318,0.0,0.18640907,0.0,0.1805585,0.0,0.14682382,0.0,0.02809196
0.0,0.0,2.9490417e-11,0.0044211536,0.0,0.056831867,0.0,0.017159775,0.0,0.012202975,0.0,0.015028768,0.0,0.08732484,0.0,0.24153663,0.0,0.09391691,0.0,0.18457459,0.0,0.17530668,0.0,0.14423819,0.0,0.031079913
0.0,0.0,2.9445075e-11,0.008361337,0.0,0.057352174,0.0,0.031011729,0.0,0.018362934,0.0,0.022810223,0.0,0.037208367,0.0,0.24169861,0.0,0.053389013,0.0,0.18442896,0.0,0.17415246,0.0,0.14359857,0.0,0.016625592
0.0,0.0,2.9399802e-11,0.0066112895,0.0,0.055468168,0.0,0.027587483,0.0,0.012452382,0.0,0.015034066,0.0,0.2004785,0.0,0.24098346,0.0,0.021405227,0.0,0.18511619,0.0,0.17600094,0.0,0.14360014,0.0,0.015336206
0.0,0.0,1.3312432e-11,0.0033114227,0.0,0.054760274,0.0,0.011047134,0.0,0.013508925,0.0,0.12387267,0.0,0.16806799,0.0,0.2405101,0.0,0.2084914,0.0,0.18656322,0.0,0.17629445,0.0,0.14376844,0.0,0.06775532
0.0,0.0,7.795354e-12,0.004035788,0.0,0.05723191,0.0,0.031112283,0.0,0.028810922,0.0,0.13223453,0.0,0.07297952,0.0,0.24112296,0.0,0.1258661,0.0,0.18763874,0.0,0.17933796,0.0,0.14773372,0.0,0.011429035
0.0,0.0,7.783369e-12,0.0040083514,0.0,0.056521814,0.0,0.015067301,0.0,0.007626436,0.0,0.10786591,0.0,0.064587615,0.0,0.24070421,0.0,0.089907624,0.0,0.1864758,0.0,0.17759988,0.0,0.14742266,0.0,0.046575304
0.0,0.0,3.4913981e-12,0.0014050982,0.0,0.05420331,0.0,0.014304206,0.0,0.00753595,0.0,0.07336442,0.0,0.06908211,0.0,0.2397579,0.0,0.051682714,0.0,0.18503797,0.0,0.17352979,0.0,0.1423916,0.0,0.008305493
0.0,0.0,1.6461255e-12,0.0058430275,0.0,0.05438822,0.0,0.022191612,0.0,0.019012164,0.0,0.031447005,0.0,0.024872594,0.0,0.23945281,0.0,0.017490886,0.0,0.18372096,0.0,0.17373535,0.0,0.14083478,0.0,0.027193308
0.0,0.0,1.4533944e-12,0.0049937456,0.0,0.054462988,0.0,0.038017195,0.0,0.013014292,0.0,0.026340108,0.0,0.19640611,0.0,0.23931797,0.0,0.31743285,0.0,0.1846983,0.0,0.17453559,0.0,0.14284593,0.0,0.036295723
0.0,0.0,9.895904e-13,0.0061137113,0.0,0.05229098,0.0,0.011565322,0.0,0.015411673,0.0,0.12985511,0.0,0.14653231,0.0,0.23843542,0.0,0.13400914,0.0,0.18326527,0.0,0.17336006,0.0,0.14098506,0.0,0.018180892
0.0,0.0,8.7372747e-13,0.0024691662,0.0,0.054376423,0.0,0.014346693,0.0,0.013899043,0.0,0.12427214,0.0,0.09665949,0.0,0.23889334,0.0,0.040123146,0.0,0.1836833,0.0,0.17403504,0.0,0.14177236,0.0,0.019259315
0.0,0.0,8.723841e-13,0.0040863724,0.0,0.05599412,0.0,0.055027712,0.0,0.026357645,0.0,0.10514771,0.0,0.102907665,0.0,0.23914096,0.0,0.053558085,0.0,0.18291257,0.0,0.17303543,0.0,0.14123774,0.0,0.055461377
0.0,0.0,8.7104277e-13,0.0035830603,0.0,0.054709524,0.0,0.026206546,0.0,0.007981421,0.0,0.06387144,0.0,0.039730478,0.0,0.23866224,0.0,0.07032981,0.0,0.18157077,0.0,0.17133386,0.0,0.13960223,0.0,0.0079567535
0.0,0.0,5.349024e-13,0.008638443,0.0,0.054071803,0.0,0.028318735,0.0,0.012357619,0.0,0.028684547,0.0,0.2835792,0.0,0.2382991,0.0,0.057352025,0.0,0.18005358,0.0,0.16715662,0.0,0.13539976,0.0,0.02276041
0.0,0.0,2.338544e-13,0.007340158,0.0,0.05509412,0.0,0.01687695,0.0,0.024500076,0.0,0.020117702,0.0,0.19039983,0.0,0.23839584,0.0,0.028809872,0.0,0.18136404,0.0,0.16833518,0.0,0.13473833,0.0,0.050773513
0.0,0.0,2.0647435e-13,0.006309409,0.0,0.055195153,0.0,0.013674415,0.0,0.0065088826,0.0,0.07706268,0.0,0.098381296,0.0,0.23813938,0.0,0.08272534,0.0,0.18293013,0.0,0.1714741,0.0,0.13720189,0.0,0.020952417
0.0,0.0,1.0259423e-13,0.0025675937,0.0,0.05551168,0.0,0.030962478,0.0,0.006873464,0.0,0.055517178,0.0,0.09328393,0.0,0.2381309,0.0,0.08105555,0.0,0.18079679,0.0,0.16903254,0.0,0.13529219,0.0,0.031332266
0.0,0.0,9.058233e-14,0.0014697876,0.0,0.05578874,0.0,0.016884407,0.0,0.009049881,0.0,0.022695526,0.0,0.032071084,0.0,0.23809755,0.0,0.044769302,0.0,0.17774604,0.0,0.1660739,0.0,0.13222441,0.0,0.02312697
0.0,0.0,9.0443054e-14,0.0038299349,0.0,0.058045983,0.0,0.017774161,0.0,0.014913684,0.0,0.021162977,0.0,0.28390348,0.0,0.23861234,0.0,0.10345743,0.0,0.17899463,0.0,0.16783577,0.0,0.1332866,0.0,0.010938102
0.0,0.0,4.7498657e-14,0.002440568,0.0,0.05808393,0.0,0.034523718,0.0,0.012353332,0.0,0.17928617,0.0,0.20708556,0.0,0.23876292,0.0,0.11941399,0.0,0.18204562,0.0,0.1720563,0.0,0.13833638,0.0,0.067655146
0.0,0.0,2.4945227e-14,0.0017973869,0.0,0.05720025,0.0,0.021017453,0.0,0.015413424,0.0,0.17153096,0.0,0.10680912,0.0,0.23854946,0.0,0.08267964,0.0,0.18319102,0.0,0.17158759,0.0,0.1391866,0.0,0.013702255
0.0,0.0,1.9997636e-14,0.005291065,0.0,0.057637475,0.0,0.017756041,0.0,0.017429,0.0,0.15671404,0.0,0.040570833,0.0,0.23849691,0.0,0.0272572,0.0,0.18201146,0.0,0.17092027,0.0,0.13801365,0.0,0.05953363
0.0,0.0,1.4717445e-14,0.0043400144,0.0,0.05802692,0.0,0.01998802,0.0,0.015674688,0.0,0.11636702,0.0,0.053002976,0.0,0.2383133,0.0,0.11814943,0.0,0.18319027,0.0,0.17276414,0.0,0.13929974,0.0,0.014205632
0.0,0.0,6.0185532e-15,0.009401985,0.0,0.060383797,0.0,0.023931066,0.0,0.028041914,0.0,0.07026879,0.0,0.23309776,0.0,0.23892379,0.0,0.100724295,0.0,0.18401821,0.0,0.17376257,0.0,0.14177234,0.0,0.06767798
0.0,0.0,1.5220531e-15,0.017021399,0.0,0.06064241,0.0,0.04137363,0.0,0.006036643,0.0,0.028215133,0.0,0.12872443,0.0,0.23903257,0.0,0.06795011,0.0,0.18328808,0.0,0.17226179,0.0,0.14176564,0.0,0.012254177
0.0,0.0,1.0174121e-15,0.011640084,0.0,0.060673956,0.0,0.042854313,0.0,0.0113315005,0.0,0.021005426,0.0,0.103355035,0.0,0.23929836,0.0,0.031352196,0.0,0.18572438,0.0,0.17045356,0.0,0.1393584,0.0,0.059515268
0.0,0.0,8.982919e-16,0.009919943,0.0,0.061336983,0.0,0.03636488,0.0,0.018331898,0.0,0.01173266,0.0,0.09557527,0.0,0.23936005,0.0,0.033402443,0.0,0.18375549,0.0,0.17392188,0.0,0.14228666,0.0,0.010001884
0.0,0.0,3.2427883e-07,0.010356354,0.0,0.06399615,0.0,0.02734334,0.0,0.020159464,0.0,0.1771943,0.0,0.06332433,0.0,0.24020281,0.0,0.24496211,0.0,0.18539307,0.0,0.17443796,0.0,0.14393246,0.0,0.06625896
0.0,0.0,9.655478e-08,0.013931393,0.0,0.06426597,0.0,0.019107634,0.0,0.014540286,0.0,0.17021711,0.0,0.022173533,0.0,0.24039769,0.0,0.16830246,0.0,0.18447582,0.0,0.17367926,0.0,0.14299132,0.0,0.011864408
0.0,0.0,2.2463125e-08,0.012484862,0.0,0.06028057,0.0,0.015954409,0.0,0.015071889,0.0,0.17475082,0.0,0.14213155,0.0,0.23929329,0.0,0.08587985,0.0,0.18254027,0.0,0.17040187,0.0,0.13930114,0.0,0.045138896
0.0,0.0,3.935641e-09,0.0069826553,0.0,0.058413144,0.0,0.027089441,0.0,0.014626592,0.0,0.13810626,0.0,0.09138535,0.0,0.23859249,0.0,0.023563445,0.0,0.18366025,0.0,0.16943501,0.0,0.13650575,0.0,0.018625109
0.0,0.0,1.6619647e-09,0.005599163,0.0,0.06073393,0.0,0.0165389,0.0,0.022388186,0.0,0.07754628,0.0,0.051286213,0.0,0.23926456,0.0,0.2654809,0.0,0.18740316,0.0,0.17103422,0.0,0.13823284,0.0,0.034097187
0.0,0.0,1.5520817e-09,0.012120537,0.0,0.05958904,0.0,0.023728972,0.0,0.0100847045,0.0,0.026703585,0.0,0.012122505,0.0,0.2391071,0.0,0.16197123,0.0,0.18606286,0.0,0.16952753,0.0,0.13706844,0.0,0.033501085
0.0,0.0,7.7119916e-10,0.008642834,0.0,0.060356237,0.0,0.010069529,0.0,0.016923841,0.0,0.035651572,0.0,0.27395493,0.0,0.23935679,0.0,0.17164183,0.0,0.18469377,0.0,0.16896017,0.0,0.136176,0.0,0.014777636
0.0,0.0,2.7871916e-10,0.011078378,0.0,0.062932014,0.0,0.024420464,0.0,0.021590674,0.0,0.09846593,0.0,0.15956861,0.0,0.24017556,0.0,0.13216789,0.0,0.18938486,0.0,0.17365173,0.0,0.14181982,0.0,0.0920687
0.0,0.0,1.1397817e-10,0.010484378,0.0,0.063656315,0.0,0.024260528,0.0,0.010598845,0.0,0.08384137,0.0,0.089046,0.0,0.24066688,0.0,0.052851465,0.0,0.19127406,0.0,0.17409623,0.0,0.1423438,0.0,0.021662323
0.0,0.0,9.1370925e-11,0.010244845,0.0,0.059114814,0.0,0.023803284,0.0,0.016305968,0.0,0.04103372,0.0,0.051944107,0.0,0.23936437,0.0,0.021245833,0.0,0.18663341,0.0,0.17298326,0.0,0.14106306,0.0,0.038577035
0.0,0.0,7.324776e-11,0.011004037,0.0,0.060181174,0.0,0.021769702,0.0,0.023539178,0.0,0.012393142,0.0,0.016559925,0.0,0.23952712,0.0,0.2918708,0.0,0.1840253,0.0,0.17075792,0.0,0.1386283,0.0,0.021060497
0.0,0.0,7.3134325e-11,0.013414861,0.0,0.06292172,0.0,0.04983747,0.0,0.018825168,0.0,0.15932201,0.0,0.33619568,0.0,0.24024896,0.0,0.16606764,0.0,0.18585823,0.0,0.17514385,0.0,0.14187592,0.0,0.029694228
0.0,0.0,4.3356613e-11,0.010805976,0.0,0.06377369,0.0,0.01200794,0.0,0.02192982,0.0,0.17459972,0.0,0.19254619,0.0,0.24057631,0.0,0.0791439,0.0,0.18850781,0.0,0.17585875,0.0,0.14513744,0.0,0.04966542
0.0,0.0,1.97338e-11,0.008548275,0.0,0.06428713,0.0,0.026402129,0.0,0.008750661,0.0,0.17176914,0.0,0.103203245,0.0,0.24079682,0.0,0.018906115,0.0,0.18834233,0.0,0.17388208,0.0,0.1437868,0.0,0.030167587
0.0,0.0,9.303994e-12,0.014931297,0.0,0.064942464,0.0,0.02309808,0.0,0.028522694,0.0,0.11920853,0.0,0.085861444,0.0,0.24101771,0.0,0.4014808,0.0,0.18806225,0.0,0.17424218,0.0,0.14384939,0.0,0.06754988
0.0,0.0,5.8963533e-12,0.022225978,0.0,0.06552454,0.0,0.0666593,0.0,0.005773472,0.0,0.061377034,0.0,0.04003664,0.0,0.2412456,0.0,0.23446666,0.0,0.18878305,0.0,0.1751576,0.0,0.14487574,0.0,0.040793538
0.0,0.0,5.8872213e-12,0.011837689,0.0,0.064105146,0.0,0.018830795,0.0,0.020852383,0.0,0.019944495,0.0,0.035359718,0.0,0.24094798,0.0,0.13250212,0.0,0.19061665,0.0,0.1760187,0.0,0.14507355,0.0,0.01474761
0.0,0.0,5.1978773e-12,0.012784512,0.0,0.06404841,0.0,0.029499475,0.0,0.013342427,0.0,0.059598535,0.0,0.08801057,0.0,0.24105565,0.0,0.03653786,0.0,0.1899063,0.0,0.17379351,0.0,0.14375694,0.0,0.06402258
0.0,0.0,2.5827242e-12,0.0075795907,0.0,0.06388403,0.0,0.013888731,0.0,0.016304912,0.0,0.037412994,0.0,0.03664045,0.0,0.24113822,0.0,0.11522041,0.0,0.18857652,0.0,0.17301002,0.0,0.14196779,0.0,0.012623551
0.0,0.0,1.2833054e-12,0.013046351,0.0,0.0637985,0.0,0.03401114,0.0,0.024323884,0.0,0.022816828,0.0,0.15067062,0.0,0.24119252,0.0,0.077499226,0.0,0.18910082,0.0,0.17851567,0.0,0.14614962,0.0,0.09108379
0.0,0.0,1.1330411e-12,0.013322474,0.0,0.06425151,0.0,0.016374128,0.0,0.009114589,0.0,0.06312351,0.0,0.1533532,0.0,0.24136606,0.0,0.028103385,0.0,0.18872948,0.0,0.17379972,0.0,0.14345446,0.0,0.025669113
0.0,0.0,1.1312864e-12,0.020545535,0.0,0.06517075,0.0,0.035053212,0.0,0.02710243,0.0,0.04259061,0.0,0.06867009,0.0,0.24202281,0.0,0.15018135,0.0,0.18960673,0.0,0.17542604,0.0,0.14493796,0.0,0.02711915
0.0,0.0,4.331152e-13,0.0122796865,0.0,0.066090636,0.0,0.015583141,0.0,0.011543569,0.0,0.015194412,0.0,0.017796572,0.0,0.24239655,0.0,0.09678121,0.0,0.1917383,0.0,0.18071903,0.0,0.14928769,0.0,0.030067472
0.0,0.0,1.2980509e-13,0.027126301,0.0,0.06834358,0.0,0.038585365,0.0,0.030099481,0.0,0.059519578,0.0,0.3411267,0.0,0.24336164,0.0,0.053114526,0.0,0.1932821,0.0,0.18339145,0.0,0.15506083,0.0,0.035886824
0.0,0.0,8.709481e-14,0.01281528,0.0,0.06634943,0.0,0.011243424,0.0,0.014668642,0.0,0.03978675,0.0,0.19703718,0.0,0.24310192,0.0,0.027398188,0.0,0.19432439,0.0,0.1808013,0.0,0.15453953,0.0,0.02456866
0.0,0.0,4.3743167e-14,0.0077190367,0.0,0.06774963,0.0,0.06396661,0.0,0.016859928,0.0,0.032169394,0.0,0.095045,0.0,0.24366388,0.0,0.076037504,0.0,0.19415657,0.0,0.18237264,0.0,0.15497304,0.0,0.0473768
0.0,0.0,2.2901016e-14,0.012445356,0.0,0.06872958,0.0,0.034621805,0.0,0.01605477,0.0,0.10362968,0.0,0.061925467,0.0,0.24410337,0.0,0.14536607,0.0,0.19536422,0.0,0.18149716,0.0,0.15453869,0.0,0.06786579
0.0,0.0,1.845196e-14,0.008121307,0.0,0.06791755,0.0,0.05428257,0.0,0.016890796,0.0,0.09191046,0.0,0.01620904,0.0,0.24406782,0.0,0.1122963,0.0,0.1924502,0.0,0.17941797,0.0,0.15225305,0.0,0.04525515
0.0,0.0,6.686468e-06,0.006983074,0.0,0.06388528,0.0,0.026923414,0.0,0.014935987,0.0,0.07937091,0.0,0.24786632,0.0,0.24302882,0.0,0.057210375,0.0,0.19188187,0.0,0.17865968,0.0,0.149557,0.0,0.023214223
0.0,0.0,1.6006194e-05,0.01474295,0.0,0.06562372,0.0,0.029835887,0.0,0.043514166,0.0,0.045173008,0.0,0.124161966,0.0,0.24344328,0.0,0.03629057,0.0,0.1938598,0.0,0.17992261,0.0,0.15120453,0.0,0.039501905
0.0,0.0,8.497785e-06,0.015340284,0.0,0.06468223,0.0,0.011415604,0.0,0.014008855,0.0,0.023164857,0.0,0.09470877,0.0,0.2431563,0.0,0.02224317,0.0,0.1924804,0.0,0.17685002,0.0,0.14919293,0.0,0.057289824
0.0,0.0,3.603974e-06,0.01924755,0.0,0.06442473,0.0,0.03927879,0.0,0.021174526,0.0,0.15029986,0.0,0.02373626,0.0,0.24311428,0.0,0.31514186,0.0,0.19217293,0.0,0.1782874,0.0,0.14895213,0.0,0.037548054
0.0,0.0,3.5983542e-06,0.011557979,0.0,0.06348802,0.0,0.025802456,0.0,0.016377041,0.0,0.16451931,0.0,0.18290244,0.0,0.24298853,0.0,0.13000827,0.0,0.19253063,0.0,0.18180487,0.0,0.15153003,0.0,0.04814145
0.0,0.0,1.9400447e-06,0.008140135,0.0,0.065816455,0.0,0.025926355,0.0,0.01656374,0.0,0.13451369,0.0,0.08887494,0.0,0.24362898,0.0,0.02907128,0.0,0.19396576,0.0,0.18276289,0.0,0.15402088,0.0,0.035001703
0.0,0.0,9.63963e-07,0.0070885886,0.0,0.06551059,0.0,0.01251474,0.0,0.01509598,0.0,0.09236426,0.0,0.02965775,0.0,0.2435664,0.0,0.16581333,0.0,0.19314532,0.0,0.1779211,0.0,0.15035611,0.0,0.050221507
0.0,0.0,6.5633117e-07,0.0031577707,0.0,0.060940903,0.0,0.024458151,0.0,0.010535832,0.0,0.04742792,0.0,0.056945458,0.0,0.24251267,0.0,0.11133709,0.0,0.18917632,0.0,0.17709546,0.0,0.14759572,0.0,0.028801557
0.0,0.0,3.7703444e-07,0.0016623498,0.0,0.060614824,0.0,0.009291282,0.0,0.013280186,0.0,0.015603794,0.0,0.027270937,0.0,0.24230231,0.0,0.051124934,0.0,0.19211902,0.0,0.17981938,0.0,0.1483487,0.0,0.039150737
0.0,0.0,3.1653082e-07,0.0049120267,0.0,0.061915893,0.0,0.048415095,0.0,0.031346697,0.0,0.084695116,0.0,0.12040344,0.0,0.24274631,0.0,0.08380273,0.0,0.1913349,0.0,0.17924842,0.0,0.14957608,0.0,0.022236962
0.0,0.0,1.762871e-07,0.0026438746,0.0,0.06472124,0.0,0.034740493,0.0,0.006169125,0.0,0.07497995,0.0,0.042107802,0.0,0.24354866,0.0,0.07838302,0.0,0.19303188,0.0,0.18122429,0.0,0.15207215,0.0,0.03411073
0.0,0.0,1.5564372e-07,0.0038674911,0.0,0.06599898,0.0,0.012849137,0.0,0.012957995,0.0,0.040960137,0.0,0.017775206,0.0,0.24403396,0.0,0.04085835,0.0,0.19256376,0.0,0.18095808,0.0,0.15238555,0.0,0.03212052
0.0,0.0,9.2270135e-08,0.0015423743,0.0,0.060934775,0.0,0.01860912,0.0,0.019383632,0.0,0.021920701,0.0,0.23140568,0.0,0.24273299,0.0,0.027091231,0.0,0.18923336,0.0,0.17550822,0.0,0.14624149,0.0,0.017949572
0.0,0.0,9.212626e-08,0.0030826118,0.0,0.060342416,0.0,0.029088864,0.0,0.017334498,0.0,0.08982466,0.0,0.1297275,0.0,0.24263105,0.0,0.1115395,0.0,0.18954182,0.0,0.17700057,0.0,0.1460004,0.0,0.0698761
0.0,0.0,4.3459643e-08,0.0013874848,0.0,0.06105846,0.0,0.015912648,0.0,0.012537747,0.0,0.07717004,0.0,0.07530389,0.0,0.24293648,0.0,0.05011248,0.0,0.19018553,0.0,0.17664523,0.0,0.1456318,0.0,0.011863352
0.0,0.0,1.0445356e-08,0.0015744845,0.0,0.060583588,0.0,0.017338974,0.0,0.028184488,0.0,0.04317273,0.0,0.054851644,0.0,0.24298008,0.0,0.030165765,0.0,0.19001094,0.0,0.17888077,0.0,0.14776298,0.0,0.065360956
0.0,0.0,8.37346e-09,0.0036166415,0.0,0.063756615,0.0,0.037336197,0.0,0.0062329383,0.0,0.02955629,0.0,0.075652435,0.0,0.24403453,0.0,0.057845384,0.0,0.19339184,0.0,0.1808217,0.0,0.15156074,0.0,0.011393631
0.0,0.0,2.968096e-09,0.0021015392,0.0,0.06417757,0.0,0.011793013,0.0,0.008381299,0.0,0.051412206,0.0,0.054156296,0.0,0.2444896,0.0,0.049201928,0.0,0.19394644,0.0,0.18110128,0.0,0.15297143,0.0,0.06542976
0.0,0.0,2.4950235e-09,0.0035149865,0.0,0.062300898,0.0,0.023175908,0.0,0.021226976,0.0,0.028154388,0.0,0.01872645,0.0,0.24403223,0.0,0.022897333,0.0,0.19466846,0.0,0.18138684,0.0,0.15322316,0.0,0.011223248
0.0,0.0,1.4485829e-09,0.0023248433,0.0,0.064376704,0.0,0.03640713,0.0,0.010077266,0.0,0.031801794,0.0,0.28551224,0.0,0.2444821,0.0,0.20292953,0.0,0.19672598,0.0,0.18330133,0.0,0.15555102,0.0,0.08628794
0.0,0.0,8.309866e-10,0.0016292032,0.0,0.06789964,0.0,0.024699662,0.0,0.010580425,0.0,0.16225219,0.0,0.16893616,0.0,0.24540064,0.0,0.1348363,0.0,0.19560608,0.0,0.18334386,0.0,0.15627106,0.0,0.018015346
0.0,0.0,2.3496835e-10,0.0016428635,0.0,0.065593116,0.0,0.013527761,0.0,0.011107667,0.0,0.16177143,0.0,0.07620632,0.0,0.24496916,0.0,0.08010469,0.0,0.19688289,0.0,0.18379655,0.0,0.1565365,0.0,0.10156984
0.0,0.0,1.7393716e-10,0.0015624482,0.0,0.06553052,0.0,0.045379862,0.0,0.01337631,0.0,0.1444721,0.0,0.080558956,0.0,0.24469723,0.0,0.13093185,0.0,0.19556579,0.0,0.18208432,0.0,0.15530632,0.0,0.02612607
0.0,0.0,1.5356895e-10,0.005649232,0.0,0.064440764,0.0,0.017959122,0.0,0.021165961,0.0,0.097199745,0.0,0.026417762,0.0,0.24436672,0.0,0.10170788,0.0,0.19466537,0.0,0.18237352,0.0,0.15502647,0.0,0.04145878
0.0,0.0,1.2310768e-10,0.0017655254,0.0,0.06281168,0.0,0.03814664,0.0,0.0057607032,0.0,0.05876296,0.0,0.0541992,0.0,0.24376921,0.0,0.047091328,0.0,0.19458885,0.0,0.18168275,0.0,0.15367265,0.0,0.031527095
0.0,0.0,4.8828507e-11,0.004033468,0.0,0.06514059,0.0,0.013466803,0.0,0.0060330806,0.0,0.024170084,0.0,0.05526659,0.0,0.2441124,0.0,0.040611602,0.0,0.1938442,0.0,0.18100695,0.0,0.15388244,0.0,0.036272842
0.0,0.0,1.9710815e-11,0.0028292942,0.0,0.06308706,0.0,0.023707062,0.0,0.010735445,0.0,0.04053956,0.0,0.054242264,0.0,0.24345778,0.0,0.07494884,0.0,0.19111887,0.0,0.17799966,0.0,0.1502159,0.0,0.01537761
0.0,0.0,7.4094775e-12,0.010021515,0.0,0.061653778,0.0,0.014258858,0.0,0.027874695,0.0,0.021895036,0.0,0.049208134,0.0,0.24302107,0.0,0.06264176,0.0,0.18708816,0.0,0.17717141,0.0,0.14633197,0.0,0.053602625
0.0,0.0,3.4933465e-12,0.00904728,0.0,0.058680546,0.0,0.033633772,0.0,0.0076455534,0.0,0.010549697,0.0,0.04513624,0.0,0.24194174,0.0,0.051828157,0.0,0.18598928,0.0,0.17696889,0.0,0.14491664,0.0,0.007867528
0.0,0.0,3.0842724e-12,0.00896615,0.0,0.05850443,0.0,0.016425813,0.0,0.019892996,0.0,0.1421821,0.0,0.03975447,0.0,0.24170879,0.0,0.044737004,0.0,0.18647233,0.0,0.17843953,0.0,0.14716408,0.0,0.02959325
0.0,0.0,1.7820021e-12,0.0065879547,0.0,0.05678124,0.0,0.041078206,0.0,0.010148499,0.0,0.14823869,0.0,0.14059891,0.0,0.24101622,0.0,0.024885055,0.0,0.18473619,0.0,0.17193994,0.0,0.14159311,0.0,0.020300167
0.0,0.0,5.863006e-13,0.0036052563,0.0,0.055034,0.0,0.024344644,0.0,0.009387298,0.0,0.13798128,0.0,0.13997707,0.0,0.2403901,0.0,0.1404552,0.0,0.1854141,0.0,0.17348556,0.0,0.14139988,0.0,0.041904822
0.0,0.0,4.7000457e-13,0.0035872175,0.0,0.0550703,0.0,0.047362335,0.0,0.021595083,0.0,0.099986464,0.0,0.060048122,0.0,0.24012767,0.0,0.08679946,0.0,0.18281315,0.0,0.17071235,0.0,0.13877754,0.0,0.010072233
0.0,0.0,3.4589662e-13,0.0017428948,0.0,0.05264479,0.0,0.0113865025,0.0,0.005236915,0.0,0.054733388,0.0,0.024255067,0.0,0.23914944,0.0,0.052382402,0.0,0.1794251,0.0,0.17165014,0.0,0.13581714,0.0,0.025963526
0.0,0.0,2.3550972e-13,0.003467478,0.0,0.052495226,0.0,0.014889152,0.0,0.010484137,0.0,0.03486138,0.0,0.26223284,0.0,0.23874895,0.0,0.032943133,0.0,0.17776163,0.0,0.17068207,0.0,0.13384293,0.0,0.04406537
0.0,0.0,1.11035774e-13,0.0018982082,0.0,0.05395876,0.0,0.029571831,0.0,0.012213774,0.0,0.06276962,0.0,0.19722036,0.0,0.23892953,0.0,0.03477192,0.0,0.17956784,0.0,0.17055683,0.0,0.1344637,0.0,0.01840776
0.0,0.0,4.75021e-14,0.0018989431,0.0,0.053435136,0.0,0.02933057,0.0,0.01860666,0.0,0.037285894,0.0,0.10336453,0.0,0.2385559,0.0,0.04364519,0.0,0.17891935,0.0,0.16360803,0.0,0.13014996,0.0,0.03505815
0.0,0.0,2.9941727e-14,0.0016329959,0.0,0.051370293,0.0,0.016299536,0.0,0.010372604,0.0,0.015652291,0.0,0.08190208,0.0,0.23771234,0.0,0.028452892,0.0,0.17972521,0.0,0.163227,0.0,0.12644723,0.0,0.018168695
0.0,0.0,2.0386343e-14,0.0022193128,0.0,0.04742803,0.0,0.017314682,0.0,0.012699182,0.0,0.093197554,0.0,0.017752413,0.0,0.23615849,0.0,0.051945228,0.0,0.1744688,0.0,0.16330141,0.0,0.1235715,0.0,0.0077245054
0.0,0.0,2.0354554e-14,0.0014254523,0.0,0.04570955,0.0,0.014112665,0.0,0.019344205,0.0,0.0982681,0.0,0.19880083,0.0,0.23500252,0.0,0.087339744,0.0,0.17294161,0.0,0.1587091,0.0,0.11858076,0.0,0.016593084
0.0,0.0,2.0322814e-14,0.0010429346,0.0,0.04302937,0.0,0.018079385,0.0,0.0047448534,0.0,0.07990698,0.0,0.113537565,0.0,0.23313896,0.0,0.048421144,0.0,0.17016493,0.0,0.15478428,0.0,0.113000445,0.0,0.02293632
0.0,0.0,7.758798e-15,0.0008869571,0.0,0.040632427,0.0,0.010601882,0.0,0.003127953,0.0,0.045992084,0.0,0.052961722,0.0,0.23113978,0.0,0.018126367,0.0,0.16825409,0.0,0.15003636,0.0,0.10676856,0.0,0.024991553
0.0,0.0,2.2935456e-15,0.0027224075,0.0,0.03975202,0.0,0.0131031405,0.0,0.0045209927,0.0,0.014015592,0.0,0.018915592,0.0,0.22974123,0.0,0.19718912,0.0,0.16506843,0.0,0.14967811,0.0,0.105111346,0.0,0.026424587
0.0,0.0,1.3596805e-15,0.0008702975,0.0,0.03775871,0.0,0.0072458284,0.0,0.0036679744,0.0,0.0537998,0.0,0.13614714,0.0,0.22785749,0.0,0.059886694,0.0,0.16259536,0.0,0.14366733,0.0,0.099645436,0.0,0.0128708845
0.0,0.0,6.099008e-16,0.0019915574,0.0,0.037922725,0.0,0.017463068,0.0,0.0029712438,0.0,0.038487487,0.0,0.11168854,0.0,0.22669606,0.0,0.06636785,0.0,0.16171752,0.0,0.14155911,0.0,0.097356334,0.0,0.027968537
0.0,0.0,3.615669e-16,0.00060592836,0.0,0.03787373,0.0,0.010867114,0.0,0.0028628106,0.0,0.015692309,0.0,0.08848672,0.0,0.22567566,0.0,0.03148743,0.0,0.16140436,0.0,0.13814802,0.0,0.09367599,0.0,0.020047097
0.0,0.0,2.6609267e-16,0.00049051316,0.0,0.03679576,0.0,0.0069731856,0.0,0.0009911539,0.0,0.037584156,0.0,0.028045045,0.0,0.22435325,0.0,0.025872651,0.0,0.15905444,0.0,0.13550963,0.0,0.090657845,0.0,0.018636514
0.0,0.0,6.826548e-06,0.0007836007,0.0,0.034317777,0.0,0.004390553,0.0,0.0010671552,0.0,0.020606808,0.0,0.017903702,0.0,0.22203183,0.0,0.15078199,0.0,0.15731323,0.0,0.12883142,0.0,0.08430431,0.0,0.019756468
0.0,0.0,3.07176e-06,0.00054672925,0.0,0.03641624,0.0,0.015721893,0.0,0.001265116,0.0,0.008800308,0.0,0.15309758,0.0,0.22145522,0.0,0.048303768,0.0,0.15875164,0.0,0.12304574,0.0,0.07854378,0.0,0.022050828
0.0,0.0,2.7120223e-06,0.000357312,0.0,0.036738824,0.0,0.0060510174,0.0,0.0008711645,0.0,0.060793474,0.0,0.13081118,0.0,0.22063556,0.0,0.05915131,0.0,0.15483151,0.0,0.120436884,0.0,0.07622007,0.0,0.024310583
0.0,0.0,2.3944137e-06,0.00086091406,0.0,0.03546317,0.0,0.0068511567,0.0,0.0018932723,0.0,0.04732123,0.0,0.054256275,0.0,0.21927491,0.0,0.023642365,0.0,0.15478158,0.0,0.11864062,0.0,0.07508114,0.0,0.02264974
0.0,0.0,2.3906516e-06,0.000289498,0.0,0.030704746,0.0,0.007194811,0.0,0.00064639124,0.0,0.020391755,0.0,0.022425516,0.0,0.2160136,0.0,0.08609518,0.0,0.14962949,0.0,0.11071669,0.0,0.0671053,0.0,0.022080835
0.0,0.0,2.3868952e-06,0.00050026405,0.0,0.028544363,0.0,0.007188688,0.0,0.00096300966,0.0,0.010136053,0.0,0.099340566,0.0,0.2126123,0.0,0.029192826,0.0,0.14707108,0.0,0.10288799,0.0,0.059522137,0.0,0.008604842
0.0,0.0,2.3831449e-06,0.0011232604,0.0,0.029491628,0.0,0.005922442,0.0,0.0025504706,0.0,0.042289723,0.0,0.05695823,0.0,0.2104397,0.0,0.041399132,0.0,0.13958511,0.0,0.096187286,0.0,0.054249674,0.0,0.008699889
0.0,0.0,1.7135084e-06,0.0005935154,0.0,0.027691416,0.0,0.008291898,0.0,0.0010984837,0.0,0.023979764,0.0,0.012433183,0.0,0.20737934,0.0,0.05248725,0.0,0.13707978,0.0,0.09327861,0.0,0.052590307,0.0,0.011704771
0.0,0.0,8.852291e-07,0.0005708138,0.0,0.026755188,0.0,0.0068872585,0.0,0.000756127,0.0,0.008083605,0.0,0.082086846,0.0,0.20453697,0.0,0.022036493,0.0,0.13592668,0.0,0.08851509,0.0,0.049694337,0.0,0.01743609
0.0,0.0,4.6488725e-07,0.0009198245,0.0,0.026639836,0.0,0.008560335,0.0,0.001572536,0.0,0.044126004,0.0,0.03662393,0.0,0.2010647,0.0,0.10765118,0.0,0.13321206,0.0,0.08262074,0.0,0.045821425,0.0,0.017189113
0.0,0.0,4.641568e-07,0.00051187625,0.0,0.024671176,0.0,0.005906935,0.0,0.0008740674,0.0,0.033412807,0.0,0.014483487,0.0,0.19563141,0.0,0.025513368,0.0,0.12490574,0.0,0.072701834,0.0,0.038431752,0.0,0.011051209
0.0,0.0,2.7516248e-07,0.00019641905,0.0,0.02056536,0.0,0.0020063124,0.0,0.00026140836,0.0,0.014502904,0.0,0.042765584,0.0,0.18694538,0.0,0.044106938,0.0,0.120081544,0.0,0.062610045,0.0,0.032105453,0.0,0.005500117
0.0,0.0,1.8905203e-07,0.00013404846,0.0,0.019327061,0.0,0.0011448566,0.0,0.000107777916,0.0,0.014093915,0.0,0.018094372,0.0,0.17812791,0.0,0.019435814,0.0,0.111230336,0.0,0.05320878,0.0,0.026771763,0.0,0.0035039156
0.0,0.0,1.0048247e-07,0.00021561915,0.0,0.020591637,0.0,0.0033462637,0.0,0.00031952132,0.0,0.006725139,0.0,0.12324281,0.0,0.17016819,0.0,0.13725518,0.0,0.11011485,0.0,0.051408786,0.0,0.026447415,0.0,0.002070394
0.0,0.0,7.266686e-08,0.00022063433,0.0,0.01910413,0.0,0.0031780496,0.0,0.00070495275,0.0,0.031938635,0.0,0.06616746,0.0,0.1601313,0.0,0.02428479,0.0,0.0944151,0.0,0.04403645,0.0,0.022423888,0.0,0.00117448
0.0,0.0,5.0312302e-08,0.0001526273,0.0,0.017090682,0.0,0.0021015736,0.0,0.0005110852,0.0,0.023596775,0.0,0.020664338,0.0,0.14849038,0.0,0.0622121,0.0,0.09377007,0.0,0.03908275,0.0,0.020133909,0.0,0.0007253855
0.0,0.0,2.2151328e-08,9.139103e-05,0.0,0.015187884,0.0,0.0019007898,0.0,0.00055119256,0.0,0.012558483,0.0,0.08823025,0.0,0.13515411,0.0,0.01619743,0.0,0.07351348,0.0,0.031086177,0.0,0.015433734,0.0,0.00052053307
0.0,0.0,2.2116524e-08,4.1773845e-05,0.0,0.012991299,0.0,0.0013820427,0.0,0.00055588654,0.0,0.018433528,0.0,0.035296205,0.0,0.120153986,0.0,0.11448305,0.0,0.07842071,0.0,0.026721017,0.0,0.013403843,0.0,0.0006404847
0.0,0.0,2.2081773e-08,1.2436631e-05,0.0,0.011107231,0.0,0.0007671083,0.0,0.00023697353,0.0,0.010715478,0.0,0.020520564,0.0,0.10410107,0.0,0.025230812,0.0,0.054719843,0.0,0.021035708,0.0,0.010519098,0.0,0.00064771075
0.0,0.0,1.9495744e-08,2.8092534e-06,0.0,0.008829072,0.0,0.0006373162,0.0,0.00018860337,0.0,0.0066217654,0.0,0.04443648,0.0,0.08705266,0.0,0.04616108,0.0,0.05398409,0.0,0.01614076,0.0,0.00795726,0.0,0.0006455279
0.0,0.0,1.9465112e-08,6.693896e-07,0.0,0.0066111297,0.0,0.0004201979,0.0,8.736983e-05,0.0,0.013808517,0.0,0.016198298,0.0,0.069802284,0.0,0.008380204,0.0,0.035485156,0.0,0.011686912,0.0,0.005399427,0.0,0.00042699967
0.0,0.0,1.4325044e-08,2.3714777e-07,0.0,0.0054956507,0.0,0.00042721527,0.0,5.4939446e-05,0.0,0.004656852,0.0,0.04977268,0.0,0.056970518,0.0,0.077422194,0.0,0.037689246,0.0,0.008623837,0.0,0.0038578203,0.0,0.0002949703
0.0,0.0,6.5842434e-09,1.945333e-07,0.0,0.0049021407,0.0,0.0007153099,0.0,0.0001683103,0.0,0.019690223,0.0,0.027846506,0.0,0.048765212,0.0,0.020074982,0.0,0.026117964,0.0,0.008527294,0.0,0.003963568,0.0,0.00043309125
0.0,0.0,3.3626752e-09,1.2034424e-07,0.0,0.0040243147,0.0,0.00083316426,0.0,0.00016654917,0.0,0.008553988,0.0,0.015060834,0.0,0.041603886,0.0,0.09909417,0.0,0.03181778,0.0,0.0067456574,0.0,0.0031439853,0.0,0.00040253013
0.0,0.0,2.7098874e-09,6.918218e-08,0.0,0.0041118194,0.0,0.0003429915,0.0,7.393381e-05,0.0,0.007957532,0.0,0.04445825,0.0,0.05387748,0.0,0.016408306,0.0,0.02564362,0.0,0.0071882126,0.0,0.0031629808,0.0,0.00029765556
0.0,0.0,2.6040705e-09,8.809081e-08,0.0,0.0024196468,0.0,0.0001037642,0.0,6.534133e-05,0.0,0.0065716407,0.0,0.017540133,0.0,0.021560311,0.0,0.099769175,0.0,0.042054247,0.0,0.0101128295,0.0,0.0040288973,0.0,0.00018323764
0.0,0.0,2.599979e-09,6.077287e-08,0.0,0.00095997384,0.0,0.000332547,0.0,4.539027e-05,0.0,0.00542768,0.0,0.023630327,0.0,0.0063718464,0.0,0.019304559,0.0,0.038202755,0.0,0.0113745835,0.0,0.0043793367,0.0,8.745223e-05
0.0,0.0,2.5958937e-09,1.619886e-07,0.0,0.00036675943,0.0,0.0005629893,0.0,9.613744e-05,0.0,0.025080834,0.0,0.040828396,0.0,0.0015368358,0.0,0.1639473,0.0,0.077611245,0.0,0.02084747,0.0,0.009756256,0.0,9.105204e-05
0.0,0.0,2.5918148e-09,4.444156e-07,0.0,0.018421877,0.0,0.004463133,0.0,0.00043253796,0.0,0.011534075,0.0,0.02168361,0.0,0.19215356,0.0,0.041411597,0.0,0.07573406,0.0,0.03019522,0.0,0.0153124435,0.0,0.00011548978
0.0,0.0,1.5364848e-09,5.1392004e-07,0.0,0.0059337774,0.0,0.0020034297,0.0,0.0005019455,0.0,0.008962261,0.0,0.05257183,0.0,0.24735281,0.0,0.079553284,0.0,0.076511964,0.0,0.03020014,0.0,0.015077553,0.0,0.00013276847
0.0,0.0,7.634322e-10,9.1730243e-07,0.0,0.0015311755,0.0,0.0024786023,0.0,0.0012191397,0.0,0.0147538725,0.0,0.03687654,0.0,0.24158876,0.0,0.020301478,0.0,0.08569606,0.0,0.033979084,0.0,0.01711068,0.0,0.00019195209
0.0,0.0,7.6223267e-10,9.149738e-07,0.0,0.00036706138,0.0,0.0052638017,0.0,0.0005504606,0.0,0.0038177904,0.0,0.012782421,0.0,0.23577678,0.0,0.1254869,0.0,0.0833897,0.0,0.034832604,0.0,0.017468024,0.0,0.00027148615
0.0,0.0,6.729665e-10,4.0724896e-07,0.0,8.911559e-05,0.0,0.0037053302,0.0,0.0004153904,0.0,0.01290519,0.0,0.07255247,0.0,0.22941579,0.0,0.025453765,0.0,0.08810077,0.0,0.03587541,0.0,0.01763309,0.0,0.00043002074
0.0,0.0,4.5819545e-10,3.9276463e-07,0.0,2.1775335e-05,0.0,0.0013465793,0.0,0.00042100597,0.0,0.0042197295,0.0,0.021035386,0.0,0.22282222,0.0,0.0899617,0.0,0.08617135,0.0,0.035146214,0.0,0.017650396,0.0,0.0009556585
0.0,0.0,2.0552655e-10,4.1206636e-07,0.0,5.330521e-06,0.0,0.0015179736,0.0,0.00046916545,0.0,0.010529592,0.0,0.0647903,0.0,0.21513808,0.0,0.017644318,0.0,0.08377763,0.0,0.030322379,0.0,0.014430172,0.0,0.00036095682
0.0,0.0,1.8145704e-10,4.8324057e-07,0.0,1.3123727e-06,0.0,0.0014088113,0.0,0.00069398363,0.0,0.0036033376,0.0,0.01837978,0.0,0.20652057,0.0,0.10661136,0.0,0.077100456,0.0,0.028796954,0.0,0.01362099,0.0,0.00022376963
0.0,0.0,1.14994764e-10,3.0743902e-07,0.0,3.2601892e-07,0.0,0.0008270447,0.0,0.00054839544,0.0,0.011291747,0.0,0.04259703,0.0,0.19708113,0.0,0.020148337,0.0,0.07580104,0.0,0.025753034,0.0,0.011871704,0.0,0.0002025342
0.0,0.0,1.0152756e-10,3.6298619e-07,0.0,8.1712315e-08,0.0,0.0006408443,0.0,0.00045960475,0.0,0.0062424773,0.0,0.016819216,0.0,0.18579243,0.0,0.09156196,0.0,0.061334204,0.0,0.019762358,0.0,0.008546904,0.0,0.00014563928
0.0,0.0,8.963752e-11,2.42374e-07,0.0,0.028812539,0.0,0.00090857135,0.0,0.0003040392,0.0,0.012945025,0.0,0.043491837,0.0,0.17380771,0.0,0.020624619,0.0,0.05884151,0.0,0.01599086,0.0,0.0066975723,0.0,9.571383e-05
0.0,0.0,8.949668e-11,1.8580722e-07,0.0,0.040225606,0.0,0.0006834051,0.0,0.0003025632,0.0,0.004783448,0.0,0.020057699,0.0,0.16128545,0.0,0.0996876,0.0,0.04807753,0.0,0.014154232,0.0,0.0059012626,0.0,5.4184507e-05
0.0,0.0,6.507066e-11,7.200196e-08,0.0,0.025109852,0.0,0.00034412043,0.0,0.00021249216,0.0,0.010973039,0.0,0.030781727,0.0,0.14685333,0.0,0.018458506,0.0,0.051801004,0.0,0.013042616,0.0,0.005572139,0.0,3.0795418e-05
0.0,0.0,2.1210053e-11,3.634552e-08,0.0,0.013511716,0.0,0.00013868783,0.0,5.896306e-05,0.0,0.003497392,0.0,0.007824635,0.0,0.12780276,0.0,0.05429274,0.0,0.03436882,0.0,0.008559465,0.0,0.0033166914,0.0,1.0147087e-05
0.0,0.0,1.8726113e-11,2.3155232e-08,0.0,0.009424517,0.0,0.000100710604,0.0,6.555953e-05,0.0,0.006796553,0.0,0.024416862,0.0,0.10882869,0.0,0.013407627,0.0,0.032923155,0.0,0.007350706,0.0,0.002823471,0.0,5.6502713e-06
0.0,0.0,1.8696688e-11,1.9562009e-08,0.0,0.006967419,0.0,3.6006084e-05,0.0,3.2973137e-05,0.0,0.004539687,0.0,0.010946842,0.0,0.08955809,0.0,0.058016703,0.0,0.030115657,0.0,0.006541931,0.0,0.0025062175,0.0,3.945098e-06
0.0,0.0,1.8667312e-11,2.0104444e-08,0.0,0.0057318094,0.0,3.0050494e-05,0.0,2.1180427e-05,0.0,0.009717838,0.0,0.034857515,0.0,0.07296607,0.0,0.01110678,0.0,0.028173245,0.0,0.005987704,0.0,0.0023285542,0.0,3.9599645e-06
0.0,0.0,1.40034685e-11,4.1741327e-08,0.0,0.0037753487,0.0,2.8136528e-05,0.0,2.7077556e-05,0.0,0.0024486594,0.0,0.0055580866,0.0,0.055637993,0.0,0.04652069,0.0,0.023330731,0.0,0.004757763,0.0,0.0017712635,0.0,2.6559032e-06
0.0,0.0,8.733916e-12,2.0392667e-08,0.0,0.002556797,0.0,5.80836e-05,0.0,3.2686356e-05,0.0,0.00249903,0.0,0.008196674,0.0,0.042064615,0.0,0.0075554396,0.0,0.019740744,0.0,0.0038259188,0.0,0.0013972509,0.0,2.0119887e-06
0.0,0.0,8.720193e-12,6.735957e-09,0.0,0.0022180972,0.0,7.6632e-05,0.0,3.609525e-05,0.0,0.0051595257,0.0,0.022586677,0.0,0.035244565,0.0,0.018030085,0.0,0.02038408,0.0,0.0038521392,0.0,0.0014431175,0.0,1.8730329e-06
0.0,0.0,8.706491e-12,1.9118593e-09,0.0,0.0018463845,0.0,5.6496658e-05,0.0,1.8992108e-05,0.0,0.0039435322,0.0,0.006696396,0.0,0.02999122,0.0,0.046207715,0.0,0.016089998,0.0,0.0029679083,0.0,0.0010851064,0.0,1.1744233e-06
0.0,0.0,8.692811e-12,5.6356595e-09,0.0,0.0014819046,0.0,3.2075754e-05,0.0,2.0333984e-05,0.0,0.005134184,0.0,0.01056519,0.0,0.025301812,0.0,0.009281753,0.0,0.016979877,0.0,0.002939478,0.0,0.0011004047,0.0,1.11579e-06
0.0,0.0,7.6747836e-12,9.061289e-09,0.0,0.0012185174,0.0,7.663607e-06,0.0,1.706688e-05,0.0,0.0027378446,0.0,0.007077504,0.0,0.021090778,0.0,0.03141242,0.0,0.012270568,0.0,0.002072909,0.0,0.00078690285,0.0,8.556155e-07
0.0,0.0,5.203298e-12,1.04636655e-08,0.0,0.0009467428,0.0,2.664091e-05,0.0,2.4084879e-05,0.0,0.00388833,0.0,0.016734434,0.0,0.016447872,0.0,0.013245507,0.0,0.009729303,0.0,0.0015755289,0.0,0.0005612612,0.0,5.3326335e-07
0.0,0.0,3.5578634e-12,1.5514537e-08,0.0,0.00076797017,0.0,1.1650608e-05,0.0,2.4174098e-05,0.0,0.004288881,0.0,0.016219301,0.0,0.012832327,0.0,0.023985544,0.0,0.009484444,0.0,0.0012580898,0.0,0.00047789037,0.0,6.030989e-07
0.0,0.0,3.5522733e-12,2.1018018e-08,0.0,0.00066685525,0.0,1.151003e-05,0.0,1.9165329e-05,0.0,0.005019832,0.0,0.016722953,0.0,0.010196606,0.0,0.026371459,0.0,0.0115299355,0.0,0.0015908045,0.0,0.0006178102,0.0,8.1581726e-07
0.0,0.0,3.5466918e-12,2.3431753e-08,0.0,0.00046541583,0.0,3.0304465e-05,0.0,1.3422014e-05,0.0,0.002851042,0.0,0.018695477,0.0,0.006951341,0.0,0.025559664,0.0,0.0050564418,0.0,0.00076161296,0.0,0.0003111115,0.0,4.518801e-07
0.0,0.0,1.3332185e-12,2.1099453e-08,0.0,0.00032259247,0.0,5.200527e-05,0.0,9.680094e-06,0.0,0.0033212972,0.0,0.012299871,0.0,0.0046825362,0.0,0.023242043,0.0,0.004546274,0.0,0.0006881073,0.0,0.0002495302,0.0,3.0957807e-07
0.0,0.0,1.3311237e-12,1.0436802e-08,0.0,0.0002186322,0.0,8.025424e-05,0.0,2.2161548e-05,0.0,0.0076753176,0.0,0.029035563,0.0,0.0030146942,0.0,0.028204381,0.0,0.0045780777,0.0,0.00037239946,0.0,0.00015212163,0.0,2.2773729e-07
0.0,0.0,9.796196e-13,2.7335167e-09,0.0,0.0010543914,0.0,6.446287e-05,0.0,2.2994267e-05,0.0,0.0022421123,0.0,0.004316677,0.0,0.024142433,0.0,0.019744016,0.0,0.014613753,0.0,0.0018766812,0.0,0.00066691346,0.0,6.071538e-07
0.0,0.0,9.385284e-13,8.2017815e-09,0.0,0.00058977364,0.0,2.5699403e-05,0.0,1.867125e-05,0.0,0.0012725482,0.0,0.0017442664,0.0,0.0075535052,0.0,0.029214026,0.0,0.015949367,0.0,0.0028233666,0.0,0.0009781028,0.0,7.376128e-07
0.0,0.0,3.8860438e-13,6.1069265e-09,0.0,0.0002427284,0.0,1.2856872e-05,0.0,1.6669597e-05,0.0,0.0015130707,0.0,0.0015913881,0.0,0.0020741543,0.0,0.018516276,0.0,0.019632095,0.0,0.00327987,0.0,0.0010834456,0.0,7.625728e-07
0.0,0.0,3.8799378e-13,8.056711e-09,0.0,8.797019e-05,0.0,9.088982e-06,0.0,1.6869912e-05,0.0,0.00221009,0.0,0.0012199287,0.0,0.0005390166,0.0,0.032362916,0.0,0.025196772,0.0,0.0043175677,0.0,0.0014698401,0.0,1.1815375e-06
0.0,0.0,3.8738416e-13,3.4827938e-09,0.0,2.959102e-05,0.0,6.334586e-05,0.0,1.1648037e-05,0.0,0.0038847246,0.0,0.0014287771,0.0,0.00013708817,0.0,0.014260556,0.0,0.028011909,0.0,0.0050717113,0.0,0.001744726,0.0,1.4326818e-06
0.0,0.0,3.867755e-13,1.0931587e-08,0.0,9.244965e-06,0.0,1.5637539e-05,0.0,1.26568775e-05,0.0,0.0028146522,0.0,0.0013725959,0.0,3.499263e-05,0.0,0.03441631,0.0,0.027706562,0.0,0.0050931964,0.0,0.0017580215,0.0,1.3471174e-06
0.0,0.0,3.8616777e-13,1.4094525e-08,0.0,0.005442601,0.0,1.1402392e-05,0.0,1.346744e-05,0.0,0.003126368,0.0,0.0014993198,0.0,0.1397711,0.0,0.017169459,0.0,0.026757814,0.0,0.004990191,0.0,0.0016842048,0.0,1.2103737e-06
0.0,0.0,3.8556102e-13,1.0441978e-08,0.0,0.00824532,0.0,1.933596e-05,0.0,1.4551012e-05,0.0,0.005728937,0.0,0.001975404,0.0,0.15629148,0.0,0.04547267,0.0,0.02823041,0.0,0.005425344,0.0,0.0018650645,0.0,1.4234142e-06
0.0,0.0,3.404074e-13,7.046542e-09,0.0,0.0075894864,0.0,4.0135146e-05,0.0,2.0102536e-05,0.0,0.0028210802,0.0,0.0027306913,0.0,0.135564,0.0,0.014582947,0.0,0.028340332,0.0,0.005742636,0.0,0.0020153853,0.0,1.6319041e-06
0.0,0.0,3.3987255e-13,8.739862e-09,0.0,0.0066234404,0.0,1.2839218e-05,0.0,1.7608088e-05,0.0,0.0041375263,0.0,0.003481274,0.0,0.113331765,0.0,0.037562996,0.0,0.027432071,0.0,0.0055953036,0.0,0.0020535826,0.0,2.008184e-06
0.0,0.0,3.3933853e-13,1.22197115e-08,0.0,0.0053806836,0.0,5.000858e-05,0.0,1.5932845e-05,0.0,0.0029230898,0.0,0.0033949434,0.0,0.09018336,0.0,0.014265936,0.0,0.024938943,0.0,0.0048491484,0.0,0.001761292,0.0,1.8459207e-06
0.0,0.0,3.3880535e-13,1.551357e-08,0.0,0.0044693537,0.0,4.3488144e-05,0.0,1.34663005e-05,0.0,0.006121015,0.0,0.0057253856,0.0,0.06894375,0.0,0.05007042,0.0,0.022599338,0.0,0.004453981,0.0,0.0015834082,0.0,1.462712e-06
0.0,0.0,3.1324826e-13,2.8859386e-08,0.0,0.0036852045,0.0,5.8966503e-05,0.0,1.8828196e-05,0.0,0.0028824077,0.0,0.020341605,0.0,0.05308798,0.0,0.015016417,0.0,0.025357436,0.0,0.0050473367,0.0,0.0019754944,0.0,2.180814e-06
0.0,0.0,2.9487616e-13,2.6168465e-08,0.0,0.0032910139,0.0,6.838418e-05,0.0,1.44257365e-05,0.0,0.005769228,0.0,0.01150975,0.0,0.043618158,0.0,0.054241017,0.0,0.022479584,0.0,0.005095418,0.0,0.0020729627,0.0,2.9466416e-06
0.0,0.0,2.9441285e-13,1.1643416e-08,0.0,0.0023759392,0.0,4.8593516e-05,0.0,1.3885138e-05,0.0,0.004926788,0.0,0.013443198,0.0,0.034680683,0.0,0.011011008,0.0,0.020425292,0.0,0.003917999,0.0,0.0015497432,0.0,2.3484808e-06
0.0,0.0,2.9395025e-13,3.689972e-09,0.0,0.0017341673,0.0,2.361971e-05,0.0,1.5395346e-05,0.0,0.0038608634,0.0,0.020849723,0.0,0.027666314,0.0,0.029276334,0.0,0.016567767,0.0,0.0030515587,0.0,0.0011593712,0.0,1.5246546e-06
0.0,0.0,2.9348838e-13,1.658628e-08,0.0,0.0017495276,0.0,0.00013031313,0.0,1.7681128e-05,0.0,0.010884554,0.0,0.012323502,0.0,0.02474572,0.0,0.031415325,0.0,0.019377986,0.0,0.0031237875,0.0,0.001259409,0.0,1.8918573e-06
0.0,0.0,2.1598818e-13,2.1853438e-08,0.0,0.0018487188,0.0,0.0001626885,0.0,1.9212122e-05,0.0,0.00563468,0.0,0.043253392,0.0,0.022610972,0.0,0.016349636,0.0,0.012695499,0.0,0.0030083994,0.0,0.0012721639,0.0,2.4784008e-06
0.0,0.0,1.1342831e-13,1.8863052e-08,0.0,0.001506589,0.0,0.0002665839,0.0,1.951372e-05,0.0,0.01060881,0.0,0.007347478,0.0,0.017964095,0.0,0.07368038,0.0,0.017464453,0.0,0.002395047,0.0,0.0010287617,0.0,1.9933123e-06
0.0,0.0,1.1325009e-13,4.5711058e-08,0.0,0.0011985976,0.0,0.000248752,0.0,2.1853255e-05,0.0,0.005626138,0.0,0.04100173,0.0,0.013630307,0.0,0.02864894,0.0,0.0076867826,0.0,0.002179551,0.0,0.00093311904,0.0,1.9257159e-06
0.0,0.0,1.1307214e-13,5.5600236e-08,0.0,0.0008585631,0.0,0.00031535106,0.0,2.037715e-05,0.0,0.013706201,0.0,0.005606242,0.0,0.009745221,0.0,0.021217164,0.0,0.010506718,0.0,0.0014384091,0.0,0.0006511898,0.0,1.8353111e-06
0.0,0.0,1.1289448e-13,5.7004808e-08,0.0,0.0006152553,0.0,0.00050893344,0.0,2.8226732e-05,0.0,0.0041792863,0.0,0.026298987,0.0,0.006633248,0.0,0.06981634,0.0,0.0078205345,0.0,0.0016452849,0.0,0.0006859967,0.0,1.4466773e-06
0.0,0.0,1.12717093e-13,7.2375734e-08,0.0,0.00044430487,0.0,0.00057422556,0.0,3.067695e-05,0.0,0.016378732,0.0,0.006518215,0.0,0.0044628154,0.0,0.01652325,0.0,0.013926333,0.0,0.0008735808,0.0,0.00042162125,0.0,1.2288217e-06
0.0,0.0,7.0737314e-14,1.04546324e-07,0.0,0.00032630636,0.0,0.001300971,0.0,2.7275948e-05,0.0,0.0056421766,0.0,0.036797963,0.0,0.0029469146,0.0,0.11089898,0.0,0.008062777,0.0,0.0025312,0.0,0.0011267945,0.0,2.4917692e-06
0.0,0.0,1.9764111e-14,9.147014e-08,0.0,0.0002183329,0.0,0.002028512,0.0,2.4260264e-05,0.0,0.027981563,0.0,0.006079743,0.0,0.001823404,0.0,0.01834059,0.0,0.014809004,0.0,0.0024368458,0.0,0.0012138205,0.0,4.4895773e-06
0.0,0.0,1.9733057e-14,6.418398e-08,0.0,0.00013097888,0.0,0.0007237601,0.0,2.3324536e-05,0.0,0.010606501,0.0,0.016723784,0.0,0.0010889368,0.0,0.11296835,0.0,0.003658444,0.0,0.0012547986,0.0,0.0006805218,0.0,4.085639e-06
0.0,0.0,7.729271e-15,6.382934e-08,0.0,0.0026407382,0.0,0.0023581448,0.0,2.478559e-05,0.0,0.007558325,0.0,0.046494126,0.0,0.032607958,0.0,0.021666018,0.0,0.03457847,0.0,0.006638988,0.0,0.0032053997,0.0,1.0845929e-05
0.0,0.0,7.717127e-15,9.007553e-08,0.0,0.001539739,0.0,0.0021965075,0.0,2.3860375e-05,0.0,0.0395889,0.0,0.0421794,0.0,0.010281771,0.0,0.11622864,0.0,0.03451891,0.0,0.012987519,0.0,0.0064730905,0.0,2.5370127e-05
0.0,0.0,7.705001e-15,1.1313942e-07,0.0,0.0005933108,0.0,0.0071092327,0.0,2.6413754e-05,0.0,0.0374873,0.0,0.022473441,0.0,0.0025540383,0.0,0.024636855,0.0,0.055897463,0.0,0.02052049,0.0,0.010823931,0.0,5.7355122e-05
0.0,0.0,5.670375e-15,1.16911174e-07,0.0,0.008278697,0.0,0.002558041,0.0,3.1656124e-05,0.0,0.016798198,0.0,0.07481307,0.0,0.09210672,0.0,0.09346375,0.0,0.060757846,0.0,0.024593668,0.0,0.013095227,0.0,9.315929e-05
0.0,0.0,5.6614653e-15,5.031379e-07,0.0,0.002437005,0.0,0.004981363,0.0,3.8593236e-05,0.0,0.015719298,0.0,0.06613197,0.0,0.20626904,0.0,0.023311289,0.0,0.07236867,0.0,0.029066695,0.0,0.015432416,0.0,0.00014866442
0.0,0.0,4.998443e-15,6.9896146e-07,0.0,0.0005851905,0.0,0.0071699386,0.0,4.175329e-05,0.0,0.004988691,0.0,0.035739083,0.0,0.19952932,0.0,0.121478416,0.0,0.0732434,0.0,0.032039024,0.0,0.017555382,0.0,0.00029474185
0.0,0.0,2.483573e-15,8.1039605e-07,0.0,0.00013855737,0.0,0.0029752322,0.0,5.2005733e-05,0.0,0.019500198,0.0,0.030518385,0.0,0.1918069,0.0,0.023583658,0.0,0.0787851,0.0,0.033056673,0.0,0.018322539,0.0,0.0012051939
0.0,0.0,2.4796707e-15,5.896448e-07,0.0,3.272215e-05,0.0,0.004885834,0.0,6.421383e-05,0.0,0.010071286,0.0,0.12361274,0.0,0.1834436,0.0,0.13141787,0.0,0.07928825,0.0,0.037853304,0.0,0.021819133,0.0,0.00071899657
0.0,0.0,2.4757746e-15,5.603979e-07,0.0,7.670442e-06,0.0,0.0047181607,0.0,5.9524988e-05,0.0,0.08092534,0.0,0.096234195,0.0,0.17499489,0.0,0.07468555,0.0,0.08370982,0.0,0.04048156,0.0,0.0237967,0.0,0.0014088262
0.0,0.0,1.984667e-15,5.6296255e-07,0.0,1.7852309e-06,0.0,0.005859735,0.0,3.413988e-05,0.0,0.07930774,0.0,0.028260563,0.0,0.16543667,0.0,0.03273447,0.0,0.080205634,0.0,0.039229024,0.0,0.023153417,0.0,0.001012109
0.0,0.0,1.257743e-15,1.4492416e-06,0.0,0.015135248,0.0,0.015696982,0.0,4.324992e-05,0.0,0.059520803,0.0,0.047605082,0.0,0.1561125,0.0,0.049808174,0.0,0.08202664,0.0,0.039108757,0.0,0.023219932,0.0,0.0016756607
0.0,0.0,1.2557668e-15,1.62125e-06,0.0,0.051168416,0.0,0.0047762566,0.0,4.7911213e-05,0.0,0.051093705,0.0,0.062059015,0.0,0.14532629,0.0,0.02185015,0.0,0.074314274,0.0,0.03778176,0.0,0.022494657,0.0,0.0014257875
0.0,0.0,1.2537936e-15,7.6146245e-07,0.0,0.03638034,0.0,0.001697348,0.0,5.5084416e-05,0.0,0.03329372,0.0,0.038746357,0.0,0.13358161,0.0,0.15112472,0.0,0.07834946,0.0,0.038400847,0.0,0.023492971,0.0,0.002479643
0.0,0.0,3.072054e-16,7.1707575e-07,0.0,0.027796278,0.0,0.0029264803,0.0,5.750101e-05,0.0,0.016728321,0.0,0.08765048,0.0,0.12216741,0.0,0.09405358,0.0,0.06971925,0.0,0.038005386,0.0,0.023585191,0.0,0.0029200371
0.0,0.0,2.1120973e-16,6.3130017e-07,0.0,0.023612935,0.0,0.007979765,0.0,4.841982e-05,0.0,0.105376326,0.0,0.14852782,0.0,0.110475436,0.0,0.06058014,0.0,0.06997337,0.0,0.041749958,0.0,0.02626686,0.0,0.008272941
0.0,0.0,1.4380409000000002e-16,1.0545879e-06,0.0,0.020338595,0.0,0.007226527,0.0,6.237831e-05,0.0,0.112395786,0.0,0.113669135,0.0,0.097446755,0.0,0.037470415,0.0,0.05990381,0.0,0.034974363,0.0,0.02297303,0.0,0.024777252
0.0,0.0,8.204034000000001e-17,3.0604758e-06,0.0,0.01858308,0.0,0.017852094,0.0,6.453163e-05,0.0,0.09345498,0.0,0.10198541,0.0,0.0850226,0.0,0.09083019,0.0,0.06228202,0.0,0.039076686,0.0,0.026044773,0.0,0.0053163166
0.0,0.0,4.926443e-12,5.7366956e-06,0.0,0.015728358,0.0,0.020085813,0.0,8.040749e-05,0.0,0.0855195,0.0,0.06812126,0.0,0.071919605,0.0,0.06768432,0.0,0.04743175,0.0,0.028076142,0.0,0.019324295,0.0,0.025846466
0.0,0.0,3.0893912e-12,2.1772841e-05,0.0,0.013690408,0.0,0.024744907,0.0,8.415194e-05,0.0,0.060074765,0.0,0.060897764,0.0,0.05969314,0.0,0.08259774,0.0,0.061376452,0.0,0.028489972,0.0,0.018704206,0.0,0.0054319566
0.0,0.0,8.2798194e-13,0.00014746543,0.0,0.018459944,0.0,0.020586066,0.0,8.3356535e-05,0.0,0.0286705,0.0,0.027065037,0.0,0.09395262,0.0,0.05188602,0.0,0.058997385,0.0,0.029740186,0.0,0.01934234,0.0,0.023850944
0.0,0.0,4.611217e-13,0.00055855524,0.0,0.02841359,0.0,0.0318372,0.0,0.00012421347,0.0,0.05660491,0.0,0.12235284,0.0,0.14387026,0.0,0.036654357,0.0,0.08937214,0.0,0.0572852,0.0,0.037101254,0.0,0.005073438
0.0,0.0,4.603924e-13,0.0095599275,0.0,0.04103509,0.0,0.022933643,0.0,0.0004485194,0.0,0.03984374,0.0,0.12128102,0.0,0.18442295,0.0,0.03479798,0.0,0.12295323,0.0,0.07380764,0.0,0.050369453,0.0,0.038360056
0.0,0.0,2.1705641e-13,0.012332921,0.0,0.051858004,0.0,0.021307644,0.0,0.0010582615,0.0,0.01898072,0.0,0.08957732,0.0,0.21216364,0.0,0.04179292,0.0,0.15243626,0.0,0.09948859,0.0,0.07037017,0.0,0.019893093
0.0,0.0,1.597376e-13,0.015517612,0.0,0.06251922,0.0,0.06200529,0.0,0.002004567,0.0,0.19852215,0.0,0.13332643,0.0,0.2313064,0.0,0.026680335,0.0,0.17340624,0.0,0.1223991,0.0,0.088323034,0.0,0.010316201
0.0,0.0,1.5948497e-13,0.021751635,0.0,0.069709875,0.0,0.030369433,0.0,0.0022136827,0.0,0.19843866,0.0,0.08253915,0.0,0.24255124,0.0,0.19458799,0.0,0.18719605,0.0,0.14152871,0.0,0.105023816,0.0,0.060052495
0.0,0.0,5.3540048e-14,0.017908882,0.0,0.07794942,0.0,0.021685561,0.0,0.003097972,0.0,0.16849518,0.0,0.2315813,0.0,0.24994048,0.0,0.2620151,0.0,0.19867271,0.0,0.16135825,0.0,0.124686986,0.0,0.09742052
0.0,0.0,4.7269405e-14,0.029436553,0.0,0.084241904,0.0,0.026490644,0.0,0.0040828283,0.0,0.13095318,0.0,0.1161078,0.0,0.25399536,0.0,0.22677325,0.0,0.20762058,0.0,0.17693259,0.0,0.14271832,0.0,0.04099495
0.0,0.0,4.7194646e-14,0.009828517,0.0,0.08725903,0.0,0.06025527,0.0,0.0030918436,0.0,0.073594205,0.0,0.07737283,0.0,0.2555795,0.0,0.15318094,0.0,0.21267313,0.0,0.18719377,0.0,0.15572038,0.0,0.057382684
0.0,0.0,2.36262e-14,0.00899028,0.0,0.092714205,0.0,0.048841674,0.0,0.0050572124,0.0,0.027858749,0.0,0.025794879,0.0,0.25699303,0.0,0.056011897,0.0,0.21665794,0.0,0.194018,0.0,0.16648299,0.0,0.06558912
0.0,0.0,5.117738e-15,0.017930465,0.0,0.097887285,0.0,0.08819892,0.0,0.010257893,0.0,0.038926456,0.0,0.15719162,0.0,0.25788352,0.0,0.030443672,0.0,0.22071417,0.0,0.1976911,0.0,0.17438754,0.0,0.01627669
0.0,0.0,8.861205e-16,0.02112776,0.0,0.102201484,0.0,0.07568073,0.0,0.010967948,0.0,0.046615936,0.0,0.07208323,0.0,0.25842762,0.0,0.11586345,0.0,0.22485642,0.0,0.20205018,0.0,0.18138416,0.0,0.18049979
0.0,0.0,1.8624729e-16,0.017219532,0.0,0.10472816,0.0,0.08780536,0.0,0.018218478,0.0,0.026520524,0.0,0.029431937,0.0,0.25850648,0.0,0.059786983,0.0,0.22636124,0.0,0.20144995,0.0,0.18237418,0.0,0.106624804
0.0,0.0,1.8595272e-16,0.045030236,0.0,0.10938673,0.0,0.07690627,0.0,0.06470148,0.0,0.031515915,0.0,0.13999249,0.0,0.2590851,0.0,0.03981298,0.0,0.22763593,0.0,0.20476156,0.0,0.18602322,0.0,0.034755014
0.0,0.0,7.364774000000001e-17,0.005621974,0.0,0.11073641,0.0,0.051931914,0.0,0.028834369,0.0,0.023492444,0.0,0.08423167,0.0,0.2589021,0.0,0.028835436,0.0,0.22939527,0.0,0.20653534,0.0,0.18903616,0.0,0.06217978
0.0,0.0,5.767881e-17,0.006631559,0.0,0.111801185,0.0,0.033731498,0.0,0.017928807,0.0,0.021468101,0.0,0.028741859,0.0,0.25887406,0.0,0.0882338,0.0,0.2310466,0.0,0.20740278,0.0,0.19094387,0.0,0.05856874
0.0,0.0,4.623686000000001e-17,0.022420896,0.0,0.11375533,0.0,0.06938468,0.0,0.106140494,0.0,0.039594278,0.0,0.12313732,0.0,0.25898233,0.0,0.038979776,0.0,0.23188446,0.0,0.21063995,0.0,0.1938889,0.0,0.012022711
0.0,0.0,4.0821572e-17,0.03033906,0.0,0.117545396,0.0,0.054710515,0.0,0.055577114,0.0,0.035578515,0.0,0.08864721,0.0,0.25959507,0.0,0.030884024,0.0,0.23290135,0.0,0.2094175,0.0,0.19423927,0.0,0.12716287
0.0,0.0,3.2723652e-17,0.009583378,0.0,0.12114317,0.0,0.052246794,0.0,0.022803927,0.0,0.03186524,0.0,0.12950909,0.0,0.25988266,0.0,0.054579742,0.0,0.23494625,0.0,0.20907483,0.0,0.19469401,0.0,0.057221297
0.0,0.0,2.8891040000000003e-17,0.024604373,0.0,0.12304599,0.0,0.042686567,0.0,0.03737506,0.0,0.02404804,0.0,0.0503433,0.0,0.25975254,0.0,0.048480347,0.0,0.23477092,0.0,0.20869757,0.0,0.19408506,0.0,0.093028925
0.0,0.0,6.9574145e-18,0.009721534,0.0,0.12599817,0.0,0.035324257,0.0,0.025431218,0.0,0.02052745,0.0,0.02725254,0.0,0.25992277,0.0,0.15195502,0.0,0.23587172,0.0,0.20848298,0.0,0.19383134,0.0,0.047421698
0.0,0.0,3.5239258e-09,0.037148193,0.0,0.12899043,0.0,0.02101131,0.0,0.030572468,0.0,0.0426629,0.0,0.13905028,0.0,0.26024607,0.0,0.10830266,0.0,0.23800375,0.0,0.21105504,0.0,0.19636807,0.0,0.023716902
0.0,0.0,3.1591711e-09,0.019161487,0.0,0.13041042,0.0,0.078255914,0.0,0.02623178,0.0,0.039139748,0.0,0.071762025,0.0,0.26022133,0.0,0.16743028,0.0,0.23888147,0.0,0.21166538,0.0,0.19742155,0.0,0.12518129
0.0,0.0,1.0995058e-09,0.037167642,0.0,0.13076489,0.0,0.01982867,0.0,0.052471418,0.0,0.025933363,0.0,0.040531,0.0,0.26005027,0.0,0.16653357,0.0,0.23725292,0.0,0.2090685,0.0,0.19493158,0.0,0.12261385
0.0,0.0,2.0323447e-10,0.0055639674,0.0,0.12977059,0.0,0.072715364,0.0,0.025020352,0.0,0.029556118,0.0,0.08138468,0.0,0.25971726,0.0,0.12621582,0.0,0.2375081,0.0,0.21040745,0.0,0.19510043,0.0,0.046516925
0.0,0.0,6.895248e-11,0.017913753,0.0,0.13189074,0.0,0.025343241,0.0,0.021363055,0.0,0.026489658,0.0,0.120713316,0.0,0.26007327,0.0,0.21182974,0.0,0.23838738,0.0,0.2113653,0.0,0.19697052,0.0,0.018051207
0.0,0.0,1.2530119e-11,0.027022013,0.0,0.13274479,0.0,0.02559286,0.0,0.040712316,0.0,0.023086749,0.0,0.08521064,0.0,0.26023376,0.0,0.17016703,0.0,0.23767407,0.0,0.20899057,0.0,0.19517162,0.0,0.1443294
0.0,0.0,0.005071581,0.010240375,0.0,0.1326966,0.0,0.0497513,0.0,0.024605442,0.0,0.024880046,0.0,0.111671716,0.0,0.2602819,0.0,0.10365623,0.0,0.23683256,0.0,0.20809713,0.0,0.19325015,0.0,0.073027186
0.0,0.0,0.027931513,0.027377483,0.0,0.1327116,0.0,0.040143143,0.0,0.02638894,0.0,0.021367274,0.0,0.04082906,0.0,0.2603487,0.0,0.04552644,0.0,0.2376552,0.0,0.20742036,0.0,0.19240975,0.0,0.042590413
0.0,0.0,0.006249398,0.011597607,0.0,0.13413757,0.0,0.013472703,0.0,0.01376399,0.0,0.020673119,0.0,0.029109549,0.0,0.26069528,0.0,0.05483278,0.0,0.23751897,0.0,0.20906967,0.0,0.19333002,0.0,0.019859355
0.0,0.0,0.0102041345,0.038801055,0.0,0.1334205,0.0,0.0839742,0.0,0.06130393,0.0,0.026518626,0.0,0.10085285,0.0,0.26057675,0.0,0.077513464,0.0,0.2362557,0.0,0.20770967,0.0,0.1919466,0.0,0.122289844
0.0,0.0,0.010187749,0.006977575,0.0,0.13236032,0.0,0.043126225,0.0,0.02553872,0.0,0.021685727,0.0,0.057204578,0.0,0.26032045,0.0,0.14743786,0.0,0.23556,0.0,0.20604894,0.0,0.18952157,0.0,0.043481424
0.0,0.0,0.0061113867,0.011827289,0.0,0.1312939,0.0,0.045385297,0.0,0.026998622,0.0,0.02385448,0.0,0.1677282,0.0,0.2600965,0.0,0.11573721,0.0,0.23414925,0.0,0.20538507,0.0,0.18836293,0.0,0.022281187
0.0,0.0,0.005583616,0.0072518946,0.0,0.12816972,0.0,0.017425213,0.0,0.016611885,0.0,0.021032175,0.0,0.088353164,0.0,0.25942525,0.0,0.11857899,0.0,0.2329212,0.0,0.2045073,0.0,0.18720052,0.0,0.07384792
0.0,0.0,0.004934681,0.018725865,0.0,0.12467815,0.0,0.052578166,0.0,0.03425983,0.0,0.022105461,0.0,0.0976775,0.0,0.2588073,0.0,0.057574566,0.0,0.2322159,0.0,0.20348299,0.0,0.18590279,0.0,0.02077439
0.0,0.0,0.0044890475,0.018563256,0.0,0.121504635,0.0,0.026598934,0.0,0.01247646,0.0,0.018879335,0.0,0.06363647,0.0,0.25840873,0.0,0.018206151,0.0,0.22941934,0.0,0.20304127,0.0,0.18463382,0.0,0.05221653
0.0,0.0,0.004481839,0.0103916805,0.0,0.11885171,0.0,0.046722144,0.0,0.022550488,0.0,0.024189511,0.0,0.19382131,0.0,0.2581057,0.0,0.48410982,0.0,0.2280848,0.0,0.20288502,0.0,0.18409757,0.0,0.06580764
0.0,0.0,0.0036492695,0.017426804,0.0,0.119428664,0.0,0.028680699,0.0,0.011191025,0.0,0.024673745,0.0,0.09919195,0.0,0.25858623,0.0,0.2424071,0.0,0.22754277,0.0,0.20220788,0.0,0.18354946,0.0,0.12495362
0.0,0.0,0.00771876,0.025598256,0.0,0.11474244,0.0,0.040042184,0.0,0.034382764,0.0,0.019685315,0.0,0.08941665,0.0,0.2576089,0.0,0.15641534,0.0,0.2258729,0.0,0.19949234,0.0,0.1807734,0.0,0.0676421
0.0,0.0,0.005638477,0.010888946,0.0,0.11160998,0.0,0.021701436,0.0,0.008603939,0.0,0.02301494,0.0,0.046129286,0.0,0.25729755,0.0,0.19964276,0.0,0.22496487,0.0,0.20106901,0.0,0.1809176,0.0,0.0646723
0.0,0.0,0.003953848,0.017174121,0.0,0.11062813,0.0,0.03722812,0.0,0.029289268,0.0,0.02351653,0.0,0.19290054,0.0,0.257517,0.0,0.15074767,0.0,0.22475989,0.0,0.20078224,0.0,0.18140152,0.0,0.030437617
0.0,0.0,0.0031451662,0.016794292,0.0,0.10790349,0.0,0.015310975,0.0,0.0067880745,0.0,0.025367295,0.0,0.114052385,0.0,0.25738218,0.0,0.06441674,0.0,0.22435863,0.0,0.20113918,0.0,0.18094847,0.0,0.03129155
0.0,0.0,0.0018928408,0.009145958,0.0,0.1024048,0.0,0.06427616,0.0,0.013607818,0.0,0.017845111,0.0,0.0439522,0.0,0.2563408,0.0,0.10829426,0.0,0.22210999,0.0,0.20090516,0.0,0.18005233,0.0,0.031782407
0.0,0.0,0.0018898008,0.022361722,0.0,0.102174886,0.0,0.047344852,0.0,0.04954369,0.0,0.052417997,0.0,0.07297208,0.0,0.25661296,0.0,0.08655757,0.0,0.2224655,0.0,0.2006436,0.0,0.18141107,0.0,0.077457845
0.0,0.0,0.0039424035,0.012126951,0.0,0.10430839,0.0,0.05476936,0.0,0.015258659,0.0,0.03502936,0.0,0.165548,0.0,0.25726607,0.0,0.06847258,0.0,0.22386357,0.0,0.2021359,0.0,0.18334834,0.0,0.08969758
0.0,0.0,0.006143328,0.019148352,0.0,0.102404006,0.0,0.025396418,0.0,0.03000596,0.0,0.018386675,0.0,0.069176376,0.0,0.25689286,0.0,0.022652281,0.0,0.22288772,0.0,0.20016001,0.0,0.1816232,0.0,0.03485925
0.0,0.0,0.0015380933,0.025055101,0.0,0.10150863,0.0,0.03219147,0.0,0.01142446,0.0,0.031133072,0.0,0.029531341,0.0,0.2566289,0.0,0.2744127,0.0,0.2224316,0.0,0.19982353,0.0,0.18088955,0.0,0.03912244
0.0,0.0,0.0012822555,0.023395622,0.0,0.102929585,0.0,0.050606,0.0,0.042049248,0.0,0.041766442,0.0,0.08345726,0.0,0.25679654,0.0,0.07697435,0.0,0.22255443,0.0,0.19995576,0.0,0.18093999,0.0,0.066520594
0.0,0.0,0.016256955,0.034805503,0.0,0.10653274,0.0,0.10797992,0.0,0.01070463,0.0,0.033113874,0.0,0.028148837,0.0,0.25749105,0.0,0.26946497,0.0,0.22516024,0.0,0.20319897,0.0,0.18438554,0.0,0.08945679
0.0,0.0,0.0113404635,0.0077540292,0.0,0.10333749,0.0,0.111769065,0.0,0.039935436,0.0,0.02614653,0.0,0.09862497,0.0,0.25653568,0.0,0.28617024,0.0,0.22341886,0.0,0.20122471,0.0,0.18284284,0.0,0.024677275
0.0,0.0,0.0057574124,0.015022562,0.0,0.10137156,0.0,0.12214309,0.0,0.019615714,0.0,0.03432104,0.0,0.05150983,0.0,0.25589806,0.0,0.21549073,0.0,0.22169791,0.0,0.2007556,0.0,0.18117519,0.0,0.053405043
0.0,0.0,0.0050277514,0.029078772,0.0,0.09980093,0.0,0.105299614,0.0,0.032402016,0.0,0.024299968,0.0,0.16856755,0.0,0.2555835,0.0,0.13484897,0.0,0.2213072,0.0,0.19871846,0.0,0.17967212,0.0,0.09861724
0.0,0.0,0.0012892107,0.0076125725,0.0,0.09672699,0.0,0.07893062,0.0,0.010989388,0.0,0.031641457,0.0,0.089887954,0.0,0.25494915,0.0,0.15623829,0.0,0.2217465,0.0,0.20034483,0.0,0.18068363,0.0,0.065907344
0.0,0.0,0.0012224874,0.011316029,0.0,0.0929344,0.0,0.02095966,0.0,0.029392477,0.0,0.015994178,0.0,0.037896957,0.0,0.25422037,0.0,0.100766525,0.0,0.22057149,0.0,0.2012562,0.0,0.181023,0.0,0.014777663
0.0,0.0,0.0055735596,0.012195391,0.0,0.08764466,0.0,0.021005599,0.0,0.010698749,0.0,0.045745168,0.0,0.020735024,0.0,0.25324357,0.0,0.104092225,0.0,0.21770322,0.0,0.19652632,0.0,0.17678301,0.0,0.06778557
0.0,0.0,0.0050728037,0.015093954,0.0,0.08328192,0.0,0.03527701,0.0,0.02028723,0.0,0.034313638,0.0,0.22800954,0.0,0.25241852,0.0,0.07767561,0.0,0.21564552,0.0,0.1960889,0.0,0.17483297,0.0,0.012824493
0.0,0.0,0.004477851,0.012155978,0.0,0.07961344,0.0,0.0526424,0.0,0.011911195,0.0,0.018117692,0.0,0.123693906,0.0,0.25180423,0.0,0.035620846,0.0,0.21518944,0.0,0.19489118,0.0,0.17399295,0.0,0.096500166
0.0,0.0,0.00447065,0.008843673,0.0,0.07298178,0.0,0.034369975,0.0,0.01854258,0.0,0.075808614,0.0,0.050964877,0.0,0.2504527,0.0,0.040014554,0.0,0.21375106,0.0,0.19457689,0.0,0.17228328,0.0,0.025215393
0.0,0.0,0.004463461,0.010001565,0.0,0.071400285,0.0,0.037530497,0.0,0.012793452,0.0,0.0646262,0.0,0.041589938,0.0,0.25004044,0.0,0.13811757,0.0,0.21300328,0.0,0.19376542,0.0,0.17139821,0.0,0.04493165
0.0,0.0,0.0029512288,0.010335239,0.0,0.066833876,0.0,0.01595297,0.0,0.021685272,0.0,0.039606567,0.0,0.2147254,0.0,0.24893354,0.0,0.1141315,0.0,0.21007983,0.0,0.19312757,0.0,0.16980948,0.0,0.04711846
0.0,0.0,0.0029464827,0.02052798,0.0,0.06563326,0.0,0.024704853,0.0,0.0088167945,0.0,0.019952781,0.0,0.15266953,0.0,0.24840173,0.0,0.12957524,0.0,0.20931295,0.0,0.18955663,0.0,0.16699202,0.0,0.042769846
0.0,0.0,0.0018792212,0.012156357,0.0,0.065665364,0.0,0.019134702,0.0,0.01820311,0.0,0.09375267,0.0,0.07388444,0.0,0.24828847,0.0,0.08480491,0.0,0.20723662,0.0,0.1890645,0.0,0.16600278,0.0,0.060195576
0.0,0.0,0.0038017144,0.0071673705,0.0,0.0642505,0.0,0.01934979,0.0,0.010656122,0.0,0.083671845,0.0,0.044273105,0.0,0.24763861,0.0,0.049113113,0.0,0.20693462,0.0,0.18611933,0.0,0.16155393,0.0,0.037453167
0.0,0.0,0.0033200928,0.0062446413,0.0,0.06385676,0.0,0.025018781,0.0,0.01765421,0.0,0.06393064,0.0,0.11339685,0.0,0.24715142,0.0,0.025756385,0.0,0.20623639,0.0,0.187078,0.0,0.16123092,0.0,0.048536964
0.0,0.0,0.00079209986,0.0031606695,0.0,0.06438554,0.0,0.030241128,0.0,0.009708133,0.0,0.029474476,0.0,0.08740906,0.0,0.24708065,0.0,0.16806947,0.0,0.20478782,0.0,0.1849871,0.0,0.15942818,0.0,0.03933451
0.0,0.0,0.00052807515,0.003974683,0.0,0.0642167,0.0,0.034266055,0.0,0.010734596,0.0,0.01280683,0.0,0.036526304,0.0,0.24670963,0.0,0.09482021,0.0,0.20317861,0.0,0.18504165,0.0,0.15904811,0.0,0.05942033
0.0,0.0,0.000677918,0.0019141202,0.0,0.06338298,0.0,0.040106274,0.0,0.015144273,0.0,0.13460873,0.0,0.05021846,0.0,0.24623832,0.0,0.03499802,0.0,0.20335226,0.0,0.18508947,0.0,0.15793347,0.0,0.04272505
0.0,0.0,0.0009167578,0.0075900373,0.0,0.061971158,0.0,0.029956043,0.0,0.022273403,0.0,0.12938876,0.0,0.077913925,0.0,0.24565467,0.0,0.07313998,0.0,0.20244427,0.0,0.18549332,0.0,0.15837026,0.0,0.03445487
0.0,0.0,0.00067186024,0.007611236,0.0,0.062087975,0.0,0.053848825,0.0,0.01733253,0.0,0.103250325,0.0,0.029859366,0.0,0.24547112,0.0,0.102687456,0.0,0.20289262,0.0,0.18467112,0.0,0.1579232,0.0,0.03007438
0.0,0.0,0.0006707789,0.004997766,0.0,0.06042377,0.0,0.012948103,0.0,0.012435713,0.0,0.08007663,0.0,0.18366413,0.0,0.24495623,0.0,0.058258444,0.0,0.20213035,0.0,0.18377058,0.0,0.15680765,0.0,0.019167027
0.0,0.0,0.00050379016,0.0041357316,0.0,0.062086742,0.0,0.013530232,0.0,0.012618865,0.0,0.044583652,0.0,0.16307977,0.0,0.24525267,0.0,0.11993484,0.0,0.20043348,0.0,0.1824066,0.0,0.15487784,0.0,0.042049848
0.0,0.0,0.0020471152,0.002180107,0.0,0.0617006,0.0,0.053502526,0.0,0.017504048,0.0,0.01879449,0.0,0.07850144,0.0,0.24485534,0.0,0.10929168,0.0,0.20060201,0.0,0.18344985,0.0,0.15443268,0.0,0.007931513
0.0,0.0,0.0020438202,0.0026886086,0.0,0.058888037,0.0,0.035986032,0.0,0.010259723,0.0,0.11542506,0.0,0.056151584,0.0,0.24366048,0.0,0.061252788,0.0,0.19729841,0.0,0.18080968,0.0,0.15289405,0.0,0.025172332
0.0,0.0,0.0018177489,0.0010174786,0.0,0.055139195,0.0,0.0196495,0.0,0.015145222,0.0,0.12064165,0.0,0.10139708,0.0,0.24226896,0.0,0.020101042,0.0,0.19687489,0.0,0.1781601,0.0,0.1485762,0.0,0.035800748
0.0,0.0,0.0019614787,0.0019362066,0.0,0.056018647,0.0,0.03373039,0.0,0.015892806,0.0,0.09170415,0.0,0.054256752,0.0,0.24236304,0.0,0.2810329,0.0,0.19589005,0.0,0.17824301,0.0,0.14728706,0.0,0.025375884
0.0,0.0,0.0012608112,0.0018996554,0.0,0.059058,0.0,0.012055866,0.0,0.019535523,0.0,0.06503847,0.0,0.015487042,0.0,0.24295387,0.0,0.18040386,0.0,0.19521639,0.0,0.17793128,0.0,0.14759707,0.0,0.016504508
0.0,0.0,0.0007722841,0.0025989765,0.0,0.05353458,0.0,0.0137722995,0.0,0.007552382,0.0,0.03606346,0.0,0.25259867,0.0,0.24106626,0.0,0.10948788,0.0,0.19052243,0.0,0.17528783,0.0,0.14343621,0.0,0.03434979
0.0,0.0,0.001432389,0.0021548234,0.0,0.05502317,0.0,0.019182876,0.0,0.013040452,0.0,0.019217549,0.0,0.13654472,0.0,0.24112864,0.0,0.035863042,0.0,0.1900592,0.0,0.17618094,0.0,0.14292526,0.0,0.01761037
0.0,0.0,0.0011384691,0.0017715595,0.0,0.054079734,0.0,0.012234783,0.0,0.011560753,0.0,0.13741091,0.0,0.091395795,0.0,0.24054936,0.0,0.057554826,0.0,0.19002062,0.0,0.17088456,0.0,0.13889529,0.0,0.011695469
0.0,0.0,0.0011366362,0.0045395903,0.0,0.05795392,0.0,0.029062988,0.0,0.031373743,0.0,0.144445,0.0,0.028057799,0.0,0.24142303,0.0,0.08446241,0.0,0.19133656,0.0,0.17752945,0.0,0.14497526,0.0,0.06333268
0.0,0.0,0.0014075745,0.0021138918,0.0,0.056244202,0.0,0.013801013,0.0,0.008183618,0.0,0.12390105,0.0,0.057211142,0.0,0.24073227,0.0,0.04423976,0.0,0.19082727,0.0,0.17394686,0.0,0.1426823,0.0,0.009855504
0.0,0.0,0.0023713827,0.0038382232,0.0,0.055678055,0.0,0.020024719,0.0,0.0076001664,0.0,0.09025648,0.0,0.078485936,0.0,0.24024455,0.0,0.0772071,0.0,0.18891701,0.0,0.17692125,0.0,0.14385602,0.0,0.034922067
0.0,0.0,0.00090239395,0.00463952,0.0,0.05676323,0.0,0.013692917,0.0,0.025212191,0.0,0.03865814,0.0,0.039446607,0.0,0.24023119,0.0,0.10220564,0.0,0.18904382,0.0,0.17558993,0.0,0.1439212,0.0,0.022200793
0.0,0.0,0.0027015288,0.0028039424,0.0,0.058489244,0.0,0.012747028,0.0,0.0076449,0.0,0.014491042,0.0,0.046039905,0.0,0.24042027,0.0,0.06498216,0.0,0.18799722,0.0,0.17627445,0.0,0.14510487,0.0,0.018569255
0.0,0.0,0.0019631807,0.0042298757,0.0,0.05877416,0.0,0.039963998,0.0,0.0097561935,0.0,0.117644325,0.0,0.24054076,0.0,0.24035852,0.0,0.024266496,0.0,0.1886431,0.0,0.17483187,0.0,0.14213538,0.0,0.033047765
0.0,0.0,0.002007495,0.0026631958,0.0,0.05830075,0.0,0.020009933,0.0,0.021587858,0.0,0.108975686,0.0,0.14400445,0.0,0.240202,0.0,0.23039746,0.0,0.18655768,0.0,0.17189145,0.0,0.13914022,0.0,0.0224524
0.0,0.0,0.0018018864,0.0037699197,0.0,0.05654297,0.0,0.017146718,0.0,0.006915296,0.0,0.08142212,0.0,0.07978033,0.0,0.23936282,0.0,0.17656605,0.0,0.18179792,0.0,0.1682544,0.0,0.13484786,0.0,0.010317151
0.0,0.0,0.0017989834,0.0017645215,0.0,0.058515083,0.0,0.016963346,0.0,0.016100088,0.0,0.041732833,0.0,0.050848458,0.0,0.23947567,0.0,0.10074252,0.0,0.18414581,0.0,0.1716836,0.0,0.1371407,0.0,0.051161066
0.0,0.0,0.0017960852,0.0049561593,0.0,0.061413832,0.0,0.02503992,0.0,0.016187616,0.0,0.01518944,0.0,0.050840292,0.0,0.24016082,0.0,0.03165087,0.0,0.18551584,0.0,0.16929245,0.0,0.1366067,0.0,0.015948297
0.0,0.0,0.0011060089,0.0036783672,0.0,0.05924338,0.0,0.023336427,0.0,0.0142646395,0.0,0.06613754,0.0,0.035459068,0.0,0.239533,0.0,0.07594771,0.0,0.1869609,0.0,0.16971819,0.0,0.13535145,0.0,0.0441293
0.0,0.0,0.0011042269,0.0037598964,0.0,0.06110191,0.0,0.035965256,0.0,0.030178946,0.0,0.06243087,0.0,0.3130958,0.0,0.23982947,0.0,0.08884137,0.0,0.18469001,0.0,0.16940166,0.0,0.13595712,0.0,0.007559523
0.0,0.0,0.0012307132,0.010909757,0.0,0.06087043,0.0,0.020762408,0.0,0.012884869,0.0,0.03555238,0.0,0.22414576,0.0,0.23958726,0.0,0.07678828,0.0,0.18348545,0.0,0.1703828,0.0,0.13674018,0.0,0.025416363
0.0,0.0,0.0012287302,0.010347962,0.0,0.05902914,0.0,0.037382208,0.0,0.02608727,0.0,0.018436907,0.0,0.12078958,0.0,0.23901545,0.0,0.033726826,0.0,0.18640245,0.0,0.1691745,0.0,0.13572803,0.0,0.05497532
0.0,0.0,0.0010882432,0.012092649,0.0,0.059342794,0.0,0.017970128,0.0,0.0086358115,0.0,0.14210215,0.0,0.06997149,0.0,0.23908919,0.0,0.051279277,0.0,0.18776502,0.0,0.16937262,0.0,0.13586119,0.0,0.03508711
0.0,0.0,0.0010864898,0.013253384,0.0,0.058208447,0.0,0.036789555,0.0,0.023159951,0.0,0.13410808,0.0,0.06747833,0.0,0.2385476,0.0,0.044365577,0.0,0.1898624,0.0,0.17132057,0.0,0.13821253,0.0,0.05998671
0.0,0.0,0.000666947,0.016974721,0.0,0.055410624,0.0,0.014230022,0.0,0.01192507,0.0,0.114142366,0.0,0.03470632,0.0,0.23736131,0.0,0.021835314,0.0,0.18554237,0.0,0.17098828,0.0,0.13725409,0.0,0.028450068
0.0,0.0,0.003708349,0.018660605,0.0,0.059606813,0.0,0.017656462,0.0,0.027892007,0.0,0.088225864,0.0,0.164755,0.0,0.2382751,0.0,0.22949532,0.0,0.18652654,0.0,0.17376985,0.0,0.14121611,0.0,0.04328352
0.0,0.0,0.0032873265,0.012266848,0.0,0.059892755,0.0,0.022874327,0.0,0.009755705,0.0,0.04784677,0.0,0.12329747,0.0,0.23851138,0.0,0.05419581,0.0,0.18489851,0.0,0.168848,0.0,0.1387629,0.0,0.033575814
0.0,0.0,0.0032820285,0.013202983,0.0,0.061099663,0.0,0.030297142,0.0,0.019431973,0.0,0.017354965,0.0,0.055164922,0.0,0.23878787,0.0,0.22930662,0.0,0.18786287,0.0,0.17245829,0.0,0.1400425,0.0,0.030541746
0.0,0.0,0.0024828522,0.014182541,0.0,0.056738455,0.0,0.028930942,0.0,0.01946201,0.0,0.090352796,0.0,0.038014766,0.0,0.23742221,0.0,0.17027484,0.0,0.1857575,0.0,0.17075844,0.0,0.13800949,0.0,0.024621189
0.0,0.0,0.0024880678,0.009759995,0.0,0.053021222,0.0,0.025573984,0.0,0.013005554,0.0,0.08504432,0.0,0.25935054,0.0,0.2358827,0.0,0.087890476,0.0,0.18153855,0.0,0.1694396,0.0,0.13512042,0.0,0.00968233
0.0,0.0,0.0019354471,0.018403674,0.0,0.05486581,0.0,0.018731771,0.0,0.022823041,0.0,0.06700166,0.0,0.21998544,0.0,0.23630211,0.0,0.022690222,0.0,0.18385355,0.0,0.16781926,0.0,0.13461818,0.0,0.04888215
0.0,0.0,0.004558744,0.0076438976,0.0,0.05461471,0.0,0.019995388,0.0,0.006563612,0.0,0.031653136,0.0,0.12152925,0.0,0.23589541,0.0,0.2295477,0.0,0.18085405,0.0,0.16524477,0.0,0.13243458,0.0,0.011529765
0.0,0.0,0.004551394,0.007647642,0.0,0.05454757,0.0,0.024006434,0.0,0.013685435,0.0,0.012336505,0.0,0.07187228,0.0,0.23553866,0.0,0.070816465,0.0,0.18091266,0.0,0.16793792,0.0,0.13332543,0.0,0.06047975
0.0,0.0,0.0023693284,0.007853817,0.0,0.05576513,0.0,0.015737964,0.0,0.019269345,0.0,0.14885041,0.0,0.07965026,0.0,0.23567662,0.0,0.09343917,0.0,0.18061277,0.0,0.16938724,0.0,0.13560683,0.0,0.01231645
0.0,0.0,0.002902838,0.0059881634,0.0,0.05820176,0.0,0.020278623,0.0,0.009490895,0.0,0.16145897,0.0,0.042361796,0.0,0.23629208,0.0,0.065419264,0.0,0.18109016,0.0,0.16877288,0.0,0.13621454,0.0,0.04515634
0.0,0.0,0.0021403409,0.005694875,0.0,0.06049117,0.0,0.04603889,0.0,0.024916297,0.0,0.14215066,0.0,0.106733985,0.0,0.23688303,0.0,0.022574656,0.0,0.18227561,0.0,0.17222998,0.0,0.13992855,0.0,0.038975686
0.0,0.0,0.0011171977,0.011395883,0.0,0.061197605,0.0,0.028855683,0.0,0.0073971734,0.0,0.10225355,0.0,0.06283257,0.0,0.23698854,0.0,0.24860962,0.0,0.18248902,0.0,0.17063771,0.0,0.14012554,0.0,0.037429437
0.0,0.0,0.0008275403,0.009252114,0.0,0.061622992,0.0,0.047064316,0.0,0.012928341,0.0,0.052853506,0.0,0.026812157,0.0,0.2370432,0.0,0.11873171,0.0,0.18232132,0.0,0.1686733,0.0,0.13843623,0.0,0.02903983
0.0,0.0,0.0024995273,0.0096839,0.0,0.062005185,0.0,0.028019594,0.0,0.0230118,0.0,0.032904923,0.0,0.08932668,0.0,0.23720361,0.0,0.0372763,0.0,0.17999613,0.0,0.16963123,0.0,0.13806091,0.0,0.029563323
0.0,0.0,0.001584639,0.005991007,0.0,0.05798697,0.0,0.029286202,0.0,0.009856646,0.0,0.05396704,0.0,0.052393917,0.0,0.23597534,0.0,0.0579186,0.0,0.18128614,0.0,0.16840972,0.0,0.13618208,0.0,0.015523806
0.0,0.0,0.0038905554,0.008902869,0.0,0.05376648,0.0,0.02176466,0.0,0.018680098,0.0,0.029609688,0.0,0.014577615,0.0,0.23445646,0.0,0.09582035,0.0,0.1798742,0.0,0.1645327,0.0,0.13205096,0.0,0.0463578
0.0,0.0,0.0035060104,0.013780968,0.0,0.05909561,0.0,0.052583966,0.0,0.028339451,0.0,0.018681813,0.0,0.36228678,0.0,0.23609911,0.0,0.06542486,0.0,0.18405809,0.0,0.1716999,0.0,0.13970897,0.0,0.012789218
0.0,0.0,0.0028777532,0.014953317,0.0,0.06149812,0.0,0.031850122,0.0,0.011263113,0.0,0.17065951,0.0,0.21650498,0.0,0.23702936,0.0,0.08908637,0.0,0.18474747,0.0,0.17086154,0.0,0.14166442,0.0,0.06857213
0.0,0.0,0.002873111,0.011515121,0.0,0.061591458,0.0,0.06779598,0.0,0.019169655,0.0,0.18416402,0.0,0.10944847,0.0,0.23715658,0.0,0.04482858,0.0,0.18598351,0.0,0.17165749,0.0,0.14198492,0.0,0.011917164
0.0,0.0,0.00050688226,0.012034301,0.0,0.061730083,0.0,0.024494698,0.0,0.011400754,0.0,0.15287416,0.0,0.038398407,0.0,0.23723406,0.0,0.09190161,0.0,0.18387814,0.0,0.1717126,0.0,0.14198299,0.0,0.05007637
0.0,0.0,0.0005060646,0.011754779,0.0,0.06227675,0.0,0.03051616,0.0,0.0156118795,0.0,0.11259212,0.0,0.08767419,0.0,0.23755258,0.0,0.06831546,0.0,0.18524575,0.0,0.174545,0.0,0.14458627,0.0,0.013631137
0.0,0.0,0.00040569936,0.0055307727,0.0,0.060703732,0.0,0.02417162,0.0,0.010913361,0.0,0.06010219,0.0,0.15834342,0.0,0.23721898,0.0,0.08127042,0.0,0.18601999,0.0,0.17275058,0.0,0.14337179,0.0,0.102583565
0.0,0.0,0.0003331709,0.00799085,0.0,0.061137542,0.0,0.023516862,0.0,0.029499637,0.0,0.02390582,0.0,0.11780293,0.0,0.23741154,0.0,0.03881923,0.0,0.18562315,0.0,0.17358725,0.0,0.14402747,0.0,0.02712197
0.0,0.0,9.551182e-05,0.00892865,0.0,0.062145155,0.0,0.028423185,0.0,0.008670693,0.0,0.03918055,0.0,0.06473484,0.0,0.23757741,0.0,0.06561157,0.0,0.18523829,0.0,0.17150974,0.0,0.14246124,0.0,0.040937405
0.0,0.0,4.5035646e-05,0.010267035,0.0,0.06227382,0.0,0.03392021,0.0,0.02139422,0.0,0.015672777,0.0,0.021051262,0.0,0.23772106,0.0,0.02675635,0.0,0.18678856,0.0,0.17470017,0.0,0.14439616,0.0,0.07065331
0.0,0.0,3.314239e-05,0.01887936,0.0,0.06334297,0.0,0.037590098,0.0,0.012019338,0.0,0.047558583,0.0,0.28031895,0.0,0.23817104,0.0,0.11674043,0.0,0.19023748,0.0,0.17615849,0.0,0.14759769,0.0,0.06957484
0.0,0.0,9.019052e-06,0.021035217,0.0,0.06380545,0.0,0.022218708,0.0,0.03730501,0.0,0.030090837,0.0,0.15749387,0.0,0.238424,0.0,0.084025934,0.0,0.18996988,0.0,0.1764847,0.0,0.14873947,0.0,0.020284005
0.0,0.0,2.4430708e-06,0.011647076,0.0,0.06287871,0.0,0.023189368,0.0,0.007061185,0.0,0.12437277,0.0,0.07647662,0.0,0.23823504,0.0,0.055038102,0.0,0.18918063,0.0,0.17853013,0.0,0.1500191,0.0,0.041234575
0.0,0.0,2.43913e-06,0.014021792,0.0,0.062190503,0.0,0.0126960175,0.0,0.012152165,0.0,0.12429129,0.0,0.102297746,0.0,0.23834969,0.0,0.122439355,0.0,0.18874109,0.0,0.17787959,0.0,0.14976422,0.0,0.037605286
0.0,0.0,1.6606366e-06,0.017861672,0.0,0.06414051,0.0,0.07218213,0.0,0.024558248,0.0,0.098960705,0.0,0.04627656,0.0,0.23921733,0.0,0.08282243,0.0,0.19114661,0.0,0.1779343,0.0,0.15096897,0.0,0.036255617
0.0,0.0,1.1306133e-06,0.0147377625,0.0,0.06616098,0.0,0.02339902,0.0,0.011966333,0.0,0.062227346,0.0,0.16936857,0.0,0.24010105,0.0,0.10709511,0.0,0.19347927,0.0,0.17781094,0.0,0.15176105,0.0,0.04291066
0.0,0.0,8.320226e-07,0.015465094,0.0,0.06738834,0.0,0.047178976,0.0,0.022171725,0.0,0.027214821,0.0,0.16346683,0.0,0.24058956,0.0,0.0723667,0.0,0.19090734,0.0,0.17811523,0.0,0.15084077,0.0,0.026793057
0.0,0.0,8.3068045e-07,0.019897776,0.0,0.065100215,0.0,0.018943038,0.0,0.013255822,0.0,0.01906569,0.0,0.07113401,0.0,0.22564499,0.0,0.06116293,0.0,0.16909307,0.0,0.16742027,0.0,0.14434022,0.0,0.043440998
0.0,0.0,6.1130083e-07,0.013075476,0.0,0.030702101,0.0,0.027716452,0.0,0.02247687,0.0,0.011039284,0.0,0.034547005,63572.03,0.21588702,0.0,0.03431296,20966.049,0.15077002,5312.3364,0.15427111,2167.2966,0.11958761,0.0,0.071345605
0.0,0.0,3.210174e-07,0.011483579,0.0,0.009330617,0.0,0.024569437,0.0,0.011808106,0.0,0.13853282,0.0,0.06077253,75631.43,0.19858056,0.0,0.030943494,33764.42,0.15493755,9409.265,0.14275053,4610.933,0.120334,0.0,0.05048217
0.0,0.0,1.9565526e-07,0.017204035,0.0,0.0023298746,0.0,0.017897554,0.0,0.026536452,0.0,0.1346444,0.0,0.04225272,74730.4,0.18997662,0.0,0.1153654,37735.496,0.1412563,13348.035,0.121283375,7503.135,0.10176874,0.0,0.010224359
0.0,0.0,1.2046647e-07,0.016554235,0.0,0.00051655265,0.0,0.04525336,0.0,0.007678168,0.0,0.15473612,0.0,0.21471882,78683.78,0.18976074,0.0,0.19150887,43476.086,0.13063192,17515.84,0.10467718,11176.109,0.07868926,0.0,0.072038636
0.0,0.0,5.4033766e-08,0.012621419,575.25854,0.031202147,0.0,0.023058586,0.0,0.012459798,0.0,0.16724533,0.0,0.16700397,82150.945,0.19634351,0.0,0.19534974,45640.96,0.13054574,19573.256,0.08431531,13833.604,0.0590464,0.0,0.0113422945
0.0,0.0,3.009167e-08,0.008275248,2205.7966,0.014912227,0.0,0.01570338,0.0,0.014259209,0.0,0.14772208,16.45548,0.23739427,75721.734,0.19539851,31.075344,0.06746875,43104.383,0.13319993,19485.24,0.0867408,15362.03,0.048773218,0.0,0.05031922
0.0,0.0,2.6566477e-08,0.00987253,3648.184,0.007252357,0.0,0.03707535,0.0,0.022189677,8.674334,0.11268629,906.8874,0.13466111,68141.9,0.18667915,242.30005,0.060047287,38025.89,0.12971754,18179.652,0.081402004,14464.012,0.045396168,0.00010407723,0.025656078
0.0,0.0,1.32011095e-08,0.0141094,4475.494,0.006321142,0.0,0.017514242,0.0,0.010462404,146.53535,0.029682426,4431.2593,0.071405284,74963.93,0.18350711,731.3697,0.005913837,39561.637,0.12270618,18787.041,0.080711946,14792.366,0.04627829,0.00010766603,0.046460867
0.0,0.0,4.5939896e-09,0.018659292,4338.671,0.007102529,0.0,0.021534802,0.0,0.04067604,760.99695,0.0008716763,7729.838,0.0029367483,80407.34,0.18876417,1915.4813,0.00010552724,48257.133,0.12579852,23850.53,0.07890903,17435.258,0.047097925,7.662151e-05,0.015880946
0.0,0.0,1.1043859e-09,0.01408129,3814.7014,0.0074579543,0.0,0.03223555,0.0,0.011836483,1685.2183,0.0013149272,9293.78,4.9800943e-05,77631.22,0.19631316,3750.7156,3.7616686e-05,49867.414,0.13426408,27507.857,0.08051463,21099.482,0.0469612,7.8348814e-05,0.11775488
0.0,0.0,1.1026045e-09,0.014311274,3995.9517,0.0061397427,0.0,0.031167595,0.0,0.021266717,2150.9626,0.0039332965,9509.252,4.131436e-05,71634.54,0.19542392,5466.421,1.4272615e-05,44878.2,0.1403713,26253.805,0.08508701,21720.867,0.04760575,0.08495891,0.036943655
0.0,0.0,3.0026853e-10,0.009117898,4978.9653,0.0051405746,0.0,0.006773731,0.0,0.0072382246,2047.8224,0.010990297,8557.118,2.9951783e-05,67549.34,0.18818569,7011.88,1.0524464e-05,45857.062,0.14171845,25341.812,0.090958714,20721.887,0.05329878,241.49294,0.0042521
0.0,0.0,8.090627e-11,0.01070414,5290.132,0.005897277,0.8680844,0.033744868,0.0,0.02041061,2318.951,0.0007207549,9810.653,3.758746e-05,75606.375,0.19285785,8244.63,2.5312796e-05,50376.664,0.14298685,27479.92,0.09581141,21278.895,0.059971925,678.67993,1.3842312e-06
0.0,0.0,3.0072025e-11,0.00989855,4392.7056,0.00800062,58.4529,0.0038665,0.0,0.01284065,3271.9585,2.8721952e-05,10652.495,3.0748088e-05,73037.97,0.19716862,9118.456,2.3000628e-05,48053.98,0.1438374,26885.855,0.09481145,20855.758,0.057934705,1526.4413,3.8814335e-07
0.0,0.0,1.625603e-11,0.013306719,3584.3806,0.007956178,361.54108,0.016425185,0.0,0.029308463,4648.884,1.0383096e-05,10982.219,3.0932566e-05,72421.5,0.19516392,10518.658,2.0501418e-05,44222.816,0.14585961,26420.58,0.097107254,20723.725,0.05959386,2996.578,4.48068e-08
0.0,0.0,1.2472169e-11,0.013091131,3796.6785,0.006992759,1003.0047,0.007546276,0.0,0.0080580935,5875.035,8.579629e-06,10097.034,4.5263136e-05,71924.6,0.19283518,11849.443,2.142914e-05,46905.9,0.14395434,25789.926,0.095716186,20105.582,0.0598763,4924.887,6.931878e-08
0.0,0.0,1.2452051e-11,0.04081125,4058.0913,0.007752965,1579.705,0.016462471,0.0,0.036148414,5902.141,8.671423e-06,10062.504,5.525389e-05,72683.914,0.19459789,12297.298,2.904585e-05,48279.2,0.14500004,26313.889,0.09689194,20410.27,0.061151925,6340.1914,6.832688e-08
0.0,0.0,5.5852146e-12,0.011031382,3603.2815,0.009473183,1782.5532,0.004307599,0.0,0.00625072,5773.187,9.338211e-06,10095.597,4.7792968e-05,74399.875,0.1972851,12084.412,2.7963013e-05,46101.63,0.14423284,25462.354,0.097130075,19892.586,0.060095116,6596.2896,2.1064814e-07
0.0,4.8096364e-08,4.2358057e-12,0.013080614,3436.9634,0.009552735,1814.8518,0.0076592946,1.5599458e-09,0.022363622,6157.217,8.778763e-06,9736.695,4.545676e-05,77017.14,0.19895299,12115.853,3.672679e-05,44386.066,0.14392725,25613.633,0.09749517,19898.82,0.061950095,7591.9917,2.8259237e-07
0.0,1.905091e-06,1.7047337e-12,0.036727205,3711.0205,0.009117011,2019.0431,0.010494449,1.4596557e-07,0.016989974,6475.2686,8.262959e-06,8999.6455,4.3032363e-05,74923.97,0.19849311,12360.079,3.5698726e-05,45406.895,0.14264812,25101.572,0.09526148,19472.508,0.05971518,9140.983,2.81628e-07
0.0,3.8454505e-06,1.7019837e-12,0.008453134,3682.9802,0.009801757,1655.0544,0.0014632468,4.6604634e-07,0.029761555,5975.749,7.3347583e-06,8835.891,4.119705e-05,71841.695,0.19697335,12411.868,3.630458e-05,44085.758,0.14230461,24595.121,0.0969161,18902.059,0.05728548,10051.458,1.2997722e-07
0.0,5.9955987e-06,1.5025989e-12,0.007319208,3461.343,0.010490562,2316.2378,2.638551e-05,7.6663576e-07,0.013768563,5854.9023,7.464025e-06,9652.415,4.394908e-05,73680.5,0.1954506,12176.83,3.2568194e-05,40741.88,0.1394053,22738.156,0.092814766,17917.084,0.05667554,10881.251,4.262724e-08
0.0,7.6222373e-06,1.3265719e-12,0.009895397,3333.4697,0.010594593,1698.0889,2.9021528e-05,1.0277354e-06,0.026648106,6048.294,6.788994e-06,9624.027,5.207714e-05,76604.97,0.19486706,12062.562,2.963766e-05,40772.883,0.13541064,22531.78,0.09211416,17560.326,0.055760607,11412.8,1.7005078e-07
0.0,3.6575544e-05,7.3877433e-13,0.017449021,3269.5833,0.010567167,2223.2595,3.6455388e-06,2.364965e-06,0.007359029,6057.9736,8.648494e-06,8970.124,5.7563717e-05,78487.63,0.19632058,12150.183,3.479435e-05,45699.26,0.13783161,25418.834,0.09197047,19351.29,0.05893864,12221.02,3.0926847e-07
0.0,6.963468e-05,4.681638e-13,0.016903302,3270.379,0.010788189,1644.1788,4.7825365e-06,7.075061e-06,0.025006795,5565.399,7.581775e-06,8356.935,5.298004e-05,76495.73,0.2020549,11874.791,4.816063e-05,47318.434,0.14371303,27018.594,0.09632569,20860.447,0.059519432,12325.982,1.5725422e-07
0.0,6.748386e-05,4.674086e-13,0.010819306,3519.9175,0.010295982,989.5009,6.0765924e-06,1.1302028e-05,0.010351377,5029.0615,4.631437e-06,8478.252,4.892422e-05,71980.06,0.19989274,11507.191,4.158165e-05,41069.145,0.14504948,23049.18,0.09234757,19041.465,0.056383844,12604.973,1.5498047e-07
0.0,6.6411536e-05,2.454539e-13,0.0076739723,3809.7815,0.009443748,1251.459,5.884406e-06,1.4268993e-05,0.016498664,4891.778,6.0690163e-06,8441.83,3.6627545e-05,73094.836,0.19422472,11459.104,3.0317764e-05,39117.47,0.14103137,22483.031,0.09615263,17707.31,0.05727458,12444.063,1.3363612e-07
0.0,5.7463494e-05,1.1571795e-13,0.004707611,3840.2075,0.009154613,1804.9967,2.5864804e-06,1.203278e-05,0.01821742,5251.138,6.8983877e-06,8669.482,3.6259502e-05,70314.45,0.190831,11615.911,2.4233615e-05,41714.83,0.13425688,21726.79,0.091181755,16638.816,0.054754294,12773.6455,1.9661776e-08
0.0,6.481599e-05,1.0216177e-13,0.0023496184,3366.4038,0.009592904,1947.6461,1.132459e-06,1.5895122e-05,0.0135363415,5559.3306,7.361318e-06,9068.8545,4.1401432e-05,72198.016,0.18929996,11574.698,2.4164478e-05,43248.844,0.13422644,24393.568,0.09153119,18322.027,0.056548823,13301.996,2.0884928e-08
0.0,5.646231e-05,6.955487e-14,0.0007163826,2919.3755,0.008532007,1961.2225,3.8783526e-07,1.4962614e-05,0.016562682,5517.1978,6.1123296e-06,8742.74,4.400685e-05,73042.77,0.1920526,11628.489,3.0969408e-05,43559.63,0.13247429,23164.635,0.08422228,18191.818,0.049656644,13748.345,9.264592e-08
0.0,4.859573e-05,2.6698976e-06,0.0005875813,3146.48,0.0066284984,2197.1167,2.4164123e-07,1.1765465e-05,0.010800303,5524.9614,6.9560942e-06,8499.258,4.6718116e-05,70155.68,0.18864702,11876.448,2.7133678e-05,38902.5,0.12923048,22293.715,0.080606505,17939.71,0.04581944,14059.202,1.1209593e-08
0.0,5.8138256e-05,3.772135e-06,0.00025725891,3723.3696,0.005292269,1916.3705,3.1456924e-08,1.6070375e-05,0.030165767,4970.477,6.419568e-06,7996.8315,3.6804184e-05,74829.38,0.18823881,11796.456,2.015161e-05,43383.246,0.12958649,23365.213,0.08422224,18661.65,0.049176663,14711.887,6.565987e-08
0.0,6.479518e-05,3.7660207e-06,1.0351229e-05,4089.4644,0.0046027396,2536.6099,1.2835086e-08,1.8673403e-05,0.004847333,4589.592,5.0130234e-06,8323.218,3.4509732e-05,67302.1,0.1866923,11425.459,2.1723776e-05,45490.17,0.13061936,23167.07,0.07994366,18333.441,0.045525454,15284.538,1.0799149e-07
0.0,6.208897e-05,3.7599164e-06,3.7530644e-05,4263.095,0.0032211859,2867.3662,1.8909253e-08,1.818202e-05,0.0017646773,4507.1587,5.0449466e-06,8560.779,2.8627983e-05,61804.105,0.1821835,11302.175,2.3269129e-05,38919.38,0.1275863,21866.783,0.0753605,17698.637,0.039232276,15136.018,5.1289998e-08
0.0,8.643162e-05,1.7725898e-06,3.9560644e-05,4069.707,0.0034412267,2905.2207,8.9410875e-08,0.00017082358,0.0008864753,5054.886,6.1302976e-06,9751.522,3.5626177e-05,69801.555,0.17966093,11709.216,2.0312322e-05,40324.895,0.120453775,21988.625,0.07792651,17869.85,0.041955795,14983.997,1.7099469e-08
0.0,6.479302e-05,1.5649216e-06,1.0878261e-07,4314.822,0.0031355147,3114.3264,1.9782803e-07,0.00019061261,0.00023104064,5658.929,3.631851e-06,9927.718,4.7107987e-05,73334.16,0.18288676,12205.173,1.8264162e-05,45397.473,0.120036885,23915.994,0.07609255,18268.121,0.040834643,15179.968,5.774451e-08
0.0,6.4793e-05,6.701422e-07,2.1473092e-08,4646.991,0.0024655233,3351.2793,1.9314109e-07,0.00019481324,5.516404e-05,5913.0835,3.0056615e-06,9891.68,4.194148e-05,68762.21,0.1838124,12362.643,1.1498644e-05,41130.363,0.11869598,23057.22,0.069412775,18719.752,0.03588357,15361.041,3.4313192e-08
0.0,6.664921e-05,2.6200735e-07,1.8926595e-07,4434.088,0.0025814527,3320.0378,7.40257e-08,0.00016489226,1.6884305e-05,5442.503,3.2852163e-06,10439.064,3.3975954e-05,66475.66,0.17882314,12302.052,5.1052484e-06,36999.484,0.11563178,21214.596,0.066368446,18292.191,0.033451125,15362.78,4.037141e-08
0.0,9.097384e-05,1.0669424e-07,4.5139515e-07,4896.526,0.002880123,3283.8696,5.0830142e-08,0.796527,1.4586797e-06,5302.8926,4.0713117e-06,10832.476,3.0365387e-05,75822.46,0.17931041,12556.11,2.132116e-06,43503.457,0.11587154,22939.537,0.069315754,18631.783,0.0371277,15214.12,7.6893855e-08
0.0,9.021939e-05,4.3855216e-08,8.401236e-08,5673.7812,0.0023943635,3041.2554,2.7266013e-08,12.542772,4.568222e-08,5330.072,2.3951436e-06,10576.665,2.5574906e-05,70900.62,0.1816494,13116.715,1.7116627e-06,44625.246,0.115494475,23285.223,0.0642527,18849.166,0.03235804,15173.264,4.6773906e-08
0.0,6.4793e-05,3.7764877e-08,6.087614e-11,5587.1553,0.0014450282,3033.9211,1.7100835e-07,78.159035,2.4712302e-08,6085.427,2.945154e-06,10567.091,2.1749229e-05,55779.668,0.17321068,13510.919,2.9986077e-06,37477.945,0.11359847,21974.635,0.061958198,18859.705,0.028950404,15265.43,3.5440344e-08
0.0,6.4793e-05,1.291484e-08,1.465073e-11,5001.1577,0.0015741094,3003.3333,1.2569956e-07,217.34612,4.646279e-09,6308.4175,3.253399e-06,11316.052,2.1127436e-05,61569.824,0.16753782,13401.404,5.112891e-06,38070.707,0.10834976,20076.379,0.059514284,17786.396,0.027878243,15410.58,3.8354187e-08
0.0,8.497181e-05,1.2893906e-08,8.963044e-09,5473.2314,0.0012646683,3281.1938,1.7293424e-07,574.89075,2.1916241e-10,6771.277,2.974578e-06,11916.88,2.0023439e-05,69908.83,0.16909221,13884.178,5.9168165e-06,40630.555,0.10408538,21599.947,0.055896975,17349.686,0.026006382,15791.905,6.2419856e-09
0.0,0.014239037,1.13833165e-08,2.3416094e-09,6299.4316,0.0011344453,3472.096,8.325151e-08,1252.1442,6.733802e-11,7175.098,3.054466e-06,12074.598,1.6696386e-05,61310.293,0.16585064,14563.159,5.480434e-06,38548.1,0.100374706,21463.713,0.046723086,18031.723,0.01967378,16329.335,1.3051964e-08
0.0,1.6825385,1.00497e-08,3.389438e-13,5924.552,0.0009996349,3275.083,1.29387425e-08,1657.1292,9.249201e-11,6783.6885,4.259842e-06,12175.843,1.4149587e-05,53545.96,0.16040543,14517.855,5.2320224e-06,34623.484,0.097891465,20616.133,0.043573618,18540.477,0.018001974,16434.236,8.2791916e-09
0.0,7.5141044,6.620195e-09,8.117463e-16,5470.441,0.000820258,3464.188,1.6513967e-08,2111.9224,1.4546718e-10,7055.5107,6.1406195e-06,13478.8125,1.7099532e-05,70348.91,0.16205671,14213.05,5.245096e-06,40148.6,0.0949574,20383.066,0.042869247,18271.7,0.018386079,16294.553,6.9672237e-09
0.0,16.08957,5.963225e-09,8.83231e-15,6604.916,0.000654218,3311.1174,1.1927095e-08,2350.9368,2.100997e-10,7197.128,4.7018884e-06,13300.421,9.771573e-06,73419.164,0.16663057,14751.489,6.2687413e-06,44744.656,0.09475692,23886.965,0.043695424,19245.846,0.018644169,16201.685,1.3645036e-08
0.0,37.45099,2.6440952e-09,5.778405e-18,7723.896,0.0006560818,3585.3623,4.323336e-08,2291.4536,1.8613573e-10,7700.602,4.4853173e-06,12425.384,1.4168466e-05,68781.86,0.16797026,15141.955,6.7487927e-06,39696.73,0.094109215,23726.416,0.038882323,20982.213,0.015440032,16393.096,3.0030451e-09
0.0,78.64846,9.424275e-10,2.0097097e-18,7732.437,0.00057136395,3568.7478,5.7479106e-08,2727.6824,1.5196949e-10,7886.0986,2.7121266e-06,12816.75,1.3939412e-05,60297.81,0.16174076,14839.661,6.288252e-06,34999.02,0.0908274,20865.889,0.032812346,20485.54,0.010211018,16761.777,1.3950755e-09
0.0,172.30812,2.876365e-10,1.1081467e-18,7576.97,0.00049170107,3649.4443,3.9228365e-08,3161.5952,2.0425617e-10,7782.5425,1.5675608e-06,13034.052,1.032387e-05,54495.33,0.15137129,14597.194,5.84688e-06,32937.195,0.0808674,18979.986,0.029544236,18523.402,0.008438547,16675.615,3.0916578e-09
0.0,456.9125,2.871703e-10,1.9468603e-19,8842.598,0.00043525477,4320.1074,1.2203057e-07,3267.2563,1.0505137e-10,8416.82,2.3811937e-07,14150.885,7.745102e-06,65212.863,0.14621109,14929.794,6.451264e-06,34011.92,0.07212377,19230.104,0.026119262,17403.338,0.008337478,16607.19,3.5546404e-09
0.0,529.87683,1.3858065e-10,4.9028006e-20,9386.424,0.0004515158,4083.531,3.7314095e-08,3126.358,8.733138e-11,8821.092,1.312109e-07,14544.305,3.2946568e-06,73552.695,0.14861442,15208.822,5.933145e-06,40179.023,0.07015645,22626.678,0.025515735,18952.562,0.009997129,16726.281,3.2836889e-09
0.0,592.53973,6.136097e-11,1.2271077e-20,8803.207,0.00040315525,4348.586,2.605983e-08,2964.0803,8.3647735e-11,9399.006,5.9220206e-08,15049.9795,3.4407253e-06,62171.71,0.1474108,15063.439,4.489641e-06,46136.12,0.07346722,25003.682,0.0193935,21564.84,0.007073692,17115.479,3.0075802e-09
0.0,560.73566,4.9186644e-11,3.5865574e-21,8179.3965,0.00026683795,5005.7085,5.783545e-08,2586.9177,3.8666542e-11,9876.9375,1.3540404e-06,15526.2,4.6231767e-06,44086.254,0.1427814,15157.106,3.4186905e-06,44037.387,0.078308545,27067.793,0.019257033,23850.066,0.004833118,17310.035,7.6476825e-09
0.0,801.0383,4.3424167e-11,1.8950015e-21,8376.796,0.00018264842,4241.5093,9.90189e-09,2708.042,2.107579e-11,9670.912,9.811262e-07,16205.948,5.2180335e-06,48450.453,0.13952506,16088.07,2.9600556e-06,41010.223,0.075523205,25759.078,0.023395054,25409.156,0.006505288,17226.719,5.6369496e-09
0.0,916.8396,3.8336792e-11,5.4372333000000015e-22,9769.322,0.00011514939,3921.47,8.2479223e-10,2787.0354,1.4393497e-11,9251.328,7.943551e-07,15694.971,3.7655157e-06,57217.145,0.13426894,16837.01,2.4617018e-06,41583.082,0.06679388,24211.879,0.022957416,23792.223,0.0064550787,17080.193,3.8121653e-09
0.0,1096.9053,3.3845433e-11,1.7051772000000005e-22,12690.546,6.845557e-05,4545.924,2.1669653e-09,2706.3655,7.4160365e-12,9540.977,8.0557436e-07,15974.957,4.401104e-06,47308.19,0.12982607,16774.385,2.0732125e-06,45087.367,0.063219965,25249.69,0.017348707,22359.496,0.0036509552,17212.406,2.0238626e-09
0.0,1205.3436,3.379057e-11,4.493158000000001e-23,14059.978,6.213285e-05,5007.0176,1.506108e-08,2772.1484,1.9239554e-12,10150.462,8.804536e-07,16582.969,4.566256e-06,46007.047,0.12507509,16330.437,1.8593317e-06,45276.473,0.05917478,26998.025,0.013354778,23883.387,0.002765258,17879.242,9.696296e-10
0.0,1291.7533,1.814552e-11,1.3279732e-23,13200.48,5.426342e-05,4597.4307,6.6236585e-09,2812.8916,1.8183422e-12,9852.621,1.5056141e-06,18384.69,2.2513216e-06,50262.64,0.112893455,16234.103,1.4732858e-06,45133.402,0.052329596,28596.395,0.0107011255,26006.262,0.002390282,18163.646,7.103628e-10
0.0,1416.6301,9.889482e-12,2.7069508000000003e-24,11163.328,4.412717e-05,4491.1313,1.6203204e-09,2838.6636,1.0363887e-12,10015.571,9.5157463e-07,20378.96,1.2629482e-06,54630.44,0.1067104,16490.55,1.0392457e-06,50135.215,0.047864906,31302.033,0.008783699,28192.33,0.0025297329,18244.652,5.594537e-10
0.0,1706.7594,7.537065e-12,7.2177307e-25,10208.95,3.620003e-05,4627.1704,1.1264831e-09,2551.8145,7.2377943e-13,10576.439,2.711598e-07,20611.594,3.2454009e-06,56545.734,0.10450472,17296.125,7.67887e-07,58187.258,0.047741216,35856.582,0.008246143,31097.783,0.0019844717,18104.926,4.2430806e-10
0.0,1929.736,6.654057e-12,2.0289055e-25,11666.5625,2.3142133e-05,4640.1665,4.5440324e-10,2868.7188,5.7259145e-13,12521.02,1.3436907e-06,18940.303,4.908202e-06,53426.38,0.11231398,18280.455,6.4188583e-07,60001.75,0.05039716,40295.574,0.007333962,34944.133,0.0010797562,18031.287,2.336249e-10
0.0,1960.2036,6.643272e-12,5.852204e-26,14090.726,1.1320154e-05,4639.0493,2.7832547e-10,2969.6387,2.455651e-13,13135.428,2.3754453e-06,17375.764,4.398366e-06,50589.773,0.10713089,19133.357,5.2114535e-07,56608.992,0.044490654,39809.777,0.0066415328,39345.62,0.0009043313,18516.467,1.3238943e-10
0.0,1945.2843,1.440839e-12,1.0354089e-26,13382.602,9.165093e-06,6675.0903,3.1922431e-09,2686.0408,1.1105732e-13,14139.494,2.1847766e-06,17150.465,2.3664047e-06,51344.44,0.09136171,19621.975,4.2665994e-07,53713.832,0.038436864,37964.203,0.005490058,38888.062,0.00117053,19470.58,6.700016e-11
0.0,1926.4386,3.7046725e-13,1.656361e-27,13678.77,8.049717e-06,6543.5835,2.6615594e-09,2710.0657,5.1607295e-14,13067.771,1.7484783e-06,18439.52,2.6553087e-06,63741.387,0.08450882,19271.078,4.0615618e-07,59456.492,0.033451844,37491.934,0.00511494,37310.117,0.00088596763,19622.691,3.805071e-11
180.6008,2158.2207,2.1789841e-14,6.923851e-27,17627.271,5.356756e-06,5736.1,5.736867e-10,2827.0632,4.2673425e-14,12214.01,1.3589618e-06,20111.273,2.2844304e-06,68425.98,0.09462199,19206.275,4.7263148e-07,68659.484,0.030693768,41931.81,0.0040580947,36907.312,0.0006384217,19263.406,3.9240708e-11
791.9805,2232.7168,1.2761191e-21,7.179836e-27,21337.762,3.9913007e-06,5065.009,6.97116e-11,2917.3623,2.7260785e-14,12122.913,7.923899e-07,20474.02,1.7583434e-06,64370.15,0.10118687,19995.223,5.658285e-07,71150.086,0.02749662,48704.848,0.0032566497,41388.25,0.0004952522,18993.23,2.6021754e-11
2062.7039,2299.3228,1.0139012000000001e-22,6.316646e-26,23112.346,3.1706745e-06,5697.3223,5.708006e-11,2796.1296,9.439314e-15,13197.695,4.051965e-07,18575.193,1.1833397e-06,60005.457,0.08843837,21043.635,5.0058685e-07,68898.336,0.02564714,51536.395,0.0023255683,47507.715,0.00035666992,19054.658,1.627749e-11
3955.9795,2476.7437,7.159625e-24,7.070716e-26,21834.219,3.293148e-06,4760.488,7.910957e-12,2789.4065,5.6480297e-15,14407.995,2.3832833e-07,19519.81,1.1072714e-06,64066.938,0.0747343,21770.738,2.7233935e-07,67060.984,0.023709582,51089.51,0.002152672,50850.973,0.00024936357,19256.836,9.294576e-12
4105.031,2577.5254,7.210556999999999e-24,7.353447e-26,20395.406,2.7410572e-06,6575.2466,1.5125783e-11,2809.7097,4.03897e-15,15540.9375,2.065847e-07,21356.713,1.0339464e-06,70516.23,0.06943067,22474.951,1.4833563e-07,72309.83,0.01993668,50926.254,0.0019436493,50763.32,0.00024112096,19683.934,4.6180624e-12
4225.96,2605.8074,6.615076e-24,1.8306274e-26,21729.16,1.6336254e-06,6761.8496,1.7858038e-11,2845.4963,2.4106731e-15,16681.092,1.3668615e-07,25974.98,1.1061676e-06,67830.79,0.06274275,23353.223,1.3220608e-07,77287.43,0.013905209,54683.105,0.0013792271,50619.457,0.0002169342,20407.533,2.0385126e-12
4225.96,2667.5425,4.543514e-24,1.469015e-26,24784.367,6.5223463e-07,6163.613,5.2293577e-12,2938.1091,1.2966441e-15,16818.496,6.3439984e-08,26563.574,4.9660224e-07,60971.652,0.048113927,24335.867,9.4945335e-08,83553.38,0.012250986,59984.55,0.000688464,53507.184,0.00013689644,21449.625,1.2662296e-12
4225.96,2714.6194,3.59409e-24,3.2112854e-27,32195.389,4.089416e-07,6994.4746,1.353114e-12,2781.8032,5.682473e-16,17958.807,4.6161382e-08,26036.707,2.4343615e-07,66622.375,0.037991732,26175.809,6.78302e-08,87602.58,0.009614242,64117.438,0.00054468616,58387.047,7.218563e-05,22036.654,4.000085e-12
4225.96,2589.197,3.1377688000000003e-24,9.10627e-28,33486.63,3.7128635e-07,8030.189,1.1174064e-12,2825.8767,6.415409500000001e-16,19338.963,4.6493227e-08,25420.209,2.973065e-07,83856.984,0.02704387,27395.16,4.874885e-08,96403.99,0.006104812,66557.54,0.0004039791,62598.12,5.024941e-05,22209.209,2.120414e-12
4225.96,2658.3247,2.739384e-24,2.0568585e-28,32434.16,2.2030706e-07,9381.075,1.0788006e-12,2721.108,1.4367424e-16,19603.557,3.036044e-08,26064.363,3.0246017e-07,95586.53,0.023628008,27733.756,2.5305528e-08,110972.96,0.0043969457,69389.29,0.0002120029,65293.74,3.172693e-05,22307.02,8.2226326e-13
4225.96,2789.0522,2.3915800000000003e-24,5.930230000000001e-29,29297.055,1.5804434e-07,12875.403,1.5483542e-12,2772.507,5.2907544e-17,20227.861,1.984766e-08,29915.248,2.7506246e-07,93328.414,0.02229114,27867.975,8.668167e-09,127771.52,0.0030148248,77873.84,0.00012862212,68076.96,1.8425342e-05,22062.432,3.2268196e-13
4485.819,2824.579,3.6598567e-24,1.4364857e-29,29741.434,9.966543e-08,10934.333,3.8452209e-13,3066.4932,1.0369393e-17,20031.209,1.4544615e-08,33415.047,1.5843032e-07,105468.69,0.015854735,28084.553,6.3378245e-09,141924.45,0.0019263679,91080.14,8.905396e-05,73540.6,1.3368815e-05,22301.314,1.07725643e-13
4696.65,2834.5593,4.460817e-24,3.7465254e-30,33360.496,5.291244e-08,7087.3853,2.5709957e-14,3311.7297,4.6343485e-18,19520.771,7.088795e-09,35720.957,7.973858e-08,123322.1,0.012044071,28362.0,1.1711203e-08,154696.4,0.0015285693,107553.945,6.6180495e-05,85115.57,1.0385384e-05,23148.72,7.2112374e-14
4696.65,2858.113,3.4292225e-24,4.1729575000000005e-31,37390.535,2.1748724e-08,6971.3223,1.25142985e-14,3430.5095,2.5836641e-18,20167.023,3.113865e-09,36575.383,4.815188e-08,138235.17,0.010455449,28907.506,1.32243105e-08,168268.7,0.00081384904,117648.086,4.56724e-05,99465.414,7.2103226e-06,23647.215,3.0262237e-14
4544.9023,2942.1157,2.3775424e-24,6.120241e-32,42301.37,1.23438415e-08,7134.1147,3.1260573e-15,3389.4578,1.1233434e-18,22327.191,1.2274556e-09,35431.58,3.699999e-08,148168.19,0.0085885795,30174.115,9.206897e-09,187786.25,0.0006083594,123295.04,1.812633e-05,109963.31,3.4358752e-06,24394.115,1.3950244e-14
4269.356,3021.0024,3.1902703e-24,8.7804704e-33,44529.875,8.04178e-09,6827.388,8.807366e-16,3362.0874,2.5580514e-19,23345.115,6.588627e-10,34055.023,2.291089e-08,152617.12,0.007322247,32833.93,4.8618625e-09,202952.7,0.0004255348,132895.75,7.945815e-06,118775.484,1.7455335e-06,24687.959,4.6071884e-15
4269.356,3121.1611,2.781748e-24,9.094241e-34,45204.105,3.9357113e-09,8870.989,1.2938986e-15,3311.11,2.0213974e-19,27511.5,6.705149e-10,35200.89,1.734051e-08,159554.73,0.004757126,34877.254,2.3556985e-09,216860.95,0.00032411187,146537.95,3.5662924e-06,125375.805,7.3419966e-07,24891.547,1.3416911e-15
4269.356,3199.1003,2.425538e-24,3.4267075e-34,45608.332,1.5314401e-09,9033.982,8.7501685e-16,3272.5503,5.787978599999999e-20,27943.406,4.0925882e-10,36117.25,1.0610399e-08,187831.19,0.0021333096,36137.4,1.3443769e-09,224975.42,0.00015325654,162597.25,2.6924818e-06,133981.17,2.710181e-07,25895.662,4.607990500000001e-16
4269.356,3183.4854,2.1149416e-24,2.5965825e-34,50564.047,8.631842e-10,13034.09,1.3809624e-15,3150.798,6.340311e-20,27396.547,1.837352e-10,39343.062,4.4513024e-09,242455.22,0.0014838349,36833.38,8.1146156e-10,234686.4,8.738505e-05,174706.0,2.2588642e-06,146974.38,1.1807286e-07,25786.596,1.0519864e-16
4269.356,3377.3364,1.8441178e-24,2.3898477e-35,62572.027,4.3111648e-10,10017.719,8.557788300000001e-16,3161.9004,2.609593e-20,26242.963,1.23082e-10,43300.207,2.509306e-09,258443.0,0.001986664,36984.094,1.2181911e-09,274428.28,0.000121595425,185792.66,2.636955e-06,168321.16,2.444452e-07,26231.055,4.4576856e-17
4269.356,3506.6003,1.4218959e-24,1.2163083e-38,78023.74,3.3007247e-10,9186.363,2.7847574e-16,3209.0767,1.9640394e-20,28861.531,1.3269315e-10,46767.074,2.2753182e-09,317892.9,0.002901068,37045.39,1.7497027e-09,323036.22,0.0002706084,214598.73,1.1163081e-05,184218.98,4.364983e-07,27521.11,2.1071058e-17
4269.356,3497.114,1.0963443e-24,5.274539e-39,84493.93,4.753756e-10,10834.768,2.173862e-16,3281.7937,7.35715e-21,31297.695,8.686526e-11,46445.99,1.7964112e-09,334641.25,0.017033895,37908.14,2.389545e-09,386837.1,0.00041177525,254628.17,1.2593976e-05,211644.56,1.8666393e-06,29321.42,1.0941197e-17
4269.356,3463.7275,8.453297000000001e-25,1.323992e-39,99782.88,3.9184586e-10,11960.335,2.3717036e-16,3366.3284,3.59956e-21,33877.055,6.2057116e-11,47908.113,2.9423664e-09,170588.36,0.027961051,40636.69,4.336463e-09,375374.1,0.0014614196,296973.56,1.3737745e-05,244392.78,1.8762564e-06,30847.57,9.31252e-18
3878.9473,3428.4336,1.2461922e-24,6.230830000000001e-40,118680.93,3.407911e-10,12863.09,1.6424575e-16,3477.1223,2.6351278000000006e-21,36030.453,4.383675e-11,55707.11,6.3266876e-09,135846.92,0.027202731,43947.09,5.8401106e-09,306491.97,0.0032428766,331767.44,5.232006e-05,288046.8,2.1608448e-06,30719.068,7.219456e-18
3697.3708,3392.3882,3.0218447e-24,1.787e-40,134887.81,3.1922143e-10,19157.541,4.6418136e-16,3503.1233,6.914545300000001e-22,42077.75,2.437418e-11,62863.195,8.847788e-09,153487.11,0.02276465,46990.535,5.2386038e-09,244676.66,0.0032458156,308814.06,0.00010657877,322079.84,7.336772e-06,31206.559,3.605646e-18
3697.3708,3367.1501,2.6474115e-24,7.021900000000001e-41,144986.27,3.5955747e-10,16194.313,1.9876649e-16,3556.2158,4.237444700000002e-22,47720.88,1.3857556e-11,69976.66,1.150131e-08,149063.27,0.016049586,50251.285,4.0262e-09,210121.61,0.0030249672,243705.23,0.00011461945,316467.72,1.3693939e-05,31524.348,1.6295215e-18
3697.3708,3342.568,2.3193737e-24,7.345804e-38,159377.39,2.8093458e-10,16259.046,6.634621e-17,3669.2834,3.1840367e-22,53089.9,7.9491535e-12,78082.22,1.4949185e-08,167398.23,0.0136549985,54850.992,5.9294623e-09,211712.22,0.0020863293,191379.95,9.127573e-05,270648.1,1.3540332e-05,32132.54,7.9206897e-19
3697.3708,3149.5933,1.0114465e-24,2.0124762e-37,199845.3,1.730556e-10,10273.487,6.8468812e-18,3665.0122,1.3346847000000001e-22,49782.74,4.7147065e-12,87132.95,2.0710564e-08,187810.52,0.011094876,61189.04,9.690391e-09,224017.4,0.0012571926,184419.33,6.267129e-05,216269.06,1.0129882e-05,33720.254,4.2548943e-19
3697.3708,2896.6025,4.0577405e-25,6.117431e-38,239204.47,2.3445546e-10,9856.661,1.6648612e-18,3688.0315,6.447648e-23,56297.363,3.617751e-12,100309.29,3.6996106e-08,219843.14,0.0076274327,67591.28,1.0668793e-08,239344.92,0.0005854962,193059.02,3.4221666e-05,188407.84,6.2350805e-06,35832.016,2.264885e-19
3697.3708,3229.4136,7.2703566e-26,1.729e-40,269807.8,2.0778482e-10,12551.002,5.6991995e-19,3623.5442,3.0808603e-23,68868.1,3.923398e-12,110822.46,6.571297e-08,244467.12,0.0055173216,72813.37,8.126304e-09,263134.47,0.00043262704,203478.16,1.1159458e-05,187514.03,3.3876568e-06,36718.8,1.0073679e-19
3697.3708,3111.276,3.2009822000000004e-26,3.442661e-39,301269.3,8.8063265e-11,14177.781,3.9725452e-19,3786.4758,2.0754143e-23,71790.21,1.7440827e-12,115838.85,9.405367e-08,267022.56,0.003499183,77910.72,6.0935608e-09,292743.03,0.00029194137,217117.05,6.6533935e-06,196299.78,1.3294001e-06,37713.523,3.867443e-20
3697.3708,2876.2156,2.804352e-26,6.818302e-39,310359.47,4.3860673e-10,11762.2295,1.4853656e-19,3932.1353,1.4037176e-23,71496.664,1.1077602e-12,124997.195,1.0915907e-07,306481.3,0.0022926445,84589.2,8.275695e-09,324653.4,0.00018940038,236286.34,4.411326e-06,208931.88,6.809852e-07,38374.11,1.9859164e-20
3697.3708,3359.3015,8.439774000000001e-27,2.1e-43,255218.03,1.0673782e-09,15782.643,1.4243215e-19,3942.6057,5.4206467e-24,86059.46,9.22223e-13,145813.62,1.1102938e-07,362649.94,0.0015321809,90919.695,1.0337184e-08,359871.1,0.00013807685,265312.84,4.0410205e-06,225692.94,4.6007867e-07,38274.68,8.232012e-21
3697.3708,3463.7673,5.3565917000000005e-27,4.3e-44,180558.75,4.794646e-10,10291.0,2.4876045e-20,3919.4126,2.6347858e-24,88237.05,8.360723e-13,163946.36,8.831394e-08,403869.66,0.0008086365,95483.32,1.0597825e-08,397205.03,9.1330905e-05,297069.3,2.9125404e-06,240931.92,2.259153e-07,38811.637,3.435839e-21
3697.3708,3489.3499,3.1024675000000003e-27,7e-45,134131.67,5.045761e-10,21055.451,4.8889592e-20,3837.3796,1.4050506e-24,104193.41,5.6391697e-13,189375.62,6.467695e-08,459031.5,0.00064782,101543.61,1.0675789e-08,438289.38,5.1510782e-05,318465.9,1.0902638e-06,266534.84,1.3782653e-07,39695.082,1.1431099000000001e-21
3697.3708,3516.4934,1.593798e-27,1e-45,123636.36,2.381969e-10,19556.385,3.0705769999999997e-20,3771.5872,1.2700307e-24,111878.92,4.0398801e-13,204447.4,3.2199623e-08,431546.2,0.0006764001,108582.31,8.990027e-09,478200.38,2.8644812e-05,346735.34,4.8677623e-07,297066.25,8.861512e-08,41659.582,4.661237e-22
3494.0647,3515.0093,1.4573797e-27,0.0,131339.12,1.00948326e-10,16751.312,1.19566744e-20,3947.2327,1.1192107e-24,105345.03,2.2040334e-13,247301.64,1.755901e-08,472379.0,0.00040357,116674.68,7.452311e-09,517814.28,2.4386542e-05,383682.06,3.182201e-07,317453.4,3.249127e-08,43431.625,2.8710030000000003e-22
3267.4465,3493.7515,4.4514573000000006e-27,0.0,136490.48,5.3925277e-11,20626.697,4.3378115e-21,4128.5933,6.977060599999998e-25,124666.16,1.6978567e-13,251624.77,2.987443e-08,573746.44,0.0002393545,128521.26,7.5593e-09,537184.06,1.8085997e-05,426680.66,2.7598637e-07,350879.4,2.0595705e-08,44684.98,1.6666687000000005e-22
3267.4465,3416.7532,1.888377e-27,3.0770000000000005e-42,140838.95,2.550907e-11,22274.777,1.1978299e-21,4270.6724,3.3994008e-25,142113.72,1.8911828e-13,229828.95,1.3979526e-08,679865.8,0.00017180204,145148.38,6.955025e-09,570666.56,1.2812383e-05,473436.16,1.7447606e-07,385666.56,1.1725038e-08,46307.848,8.094059e-23
3238.3977,2633.3792,1.8650392e-27,1.1324e-41,149885.3,1.09264394e-11,26586.83,6.3045127e-22,4248.7515,1.0033923e-25,161280.25,2.0187079e-13,183412.11,2.564051e-09,736185.3,8.831189e-05,158605.4,3.7347556e-09,626704.5,7.267343e-06,499252.75,1.807962e-07,426680.25,8.44548e-09,47883.91,2.8762244e-23
3166.909,2972.3972,2.9013576e-27,2.238e-42,162342.94,5.7201904e-12,20367.666,2.1051109000000001e-22,4342.7886,1.0501713e-25,157324.05,9.571647e-14,159852.61,4.5606913e-10,813965.06,5.4523443e-05,169191.27,1.686303e-09,688669.06,4.540387e-06,500623.2,7.6608664e-08,460867.0,4.3239075e-09,49319.676,1.0323591e-23
3166.909,2887.8555,2.5488443e-27,1.0330000000000001e-42,172991.14,2.0227205e-12,18318.72,3.97896e-23,4406.5396,2.526387e-26,177318.69,7.0868855e-14,149399.83,1.3296218e-10,874295.5,4.2469994e-05,174262.72,7.8526785e-10,761768.1,4.1773387e-06,503475.0,4.2404274e-08,492389.1,4.3874273e-09,52377.582,2.9488739e-24
3166.909,2652.931,2.239161e-27,4.5400000000000015e-43,197954.42,1.0556491e-12,27266.102,2.9001780000000004e-23,4582.252,3.9739663e-26,190365.9,1.302984e-13,144274.84,4.5849397e-11,837926.6,4.387322e-05,177225.34,4.8652216e-10,849102.5,4.8045817e-06,549990.56,3.026064e-08,500517.97,2.3817381e-09,54492.945,1.7512487e-24
3166.909,2628.3262,1.9671044e-27,1.2600000000000002e-43,220988.48,5.637898e-13,21972.535,4.7920432e-24,4557.893,2.1486223e-26,175267.23,1.5346546e-13,150860.0,1.6938293e-11,942405.94,3.1172644e-05,183104.0,2.1038729e-10,895044.44,3.917825e-06,627478.06,2.3630935e-08,505790.38,1.5431247e-09,57543.12,1.2292678e-24
3166.909,2583.9587,1.1526938e-27,5.7e-44,241395.4,2.897734e-13,24547.74,2.0759946e-24,4777.3037,1.3756478000000002e-26,153057.39,8.488688e-14,162781.4,8.624822e-12,1210245.5,2.6730275e-05,184590.97,5.5096185e-11,937452.25,3.5295664e-06,710153.06,2.4393417e-08,549990.5,9.589736e-10,62793.234,8.311492000000001e-25
3164.6304,3516.1958,5.4689164e-28,0.0,267766.56,1.5801767e-13,26540.057,1.3993236e-24,4570.974,1.252137e-26,112741.48,2.481552e-14,178021.55,5.2819238e-12,1323784.9,4.3043932e-05,171806.58,8.799158e-12,1062794.0,3.197843e-06,777009.2,2.3421599e-08,628100.9,8.3488383e-10,69752.05,1.0086362e-24
3139.269,2754.5266,1.1149332e-27,2.4e-44,299797.25,7.0934354e-14,18773.654,5.521813e-25,4693.1855,7.948358e-27,93693.03,1.1467072e-14,200278.95,2.9647643e-12,1310881.4,6.166522e-05,157159.36,4.5428756e-12,1187576.4,2.3425878e-06,815783.75,1.929155e-08,710153.0,8.035576e-10,74156.68,3.4093935e-25
3139.269,2708.5757,9.795986e-28,1e-44,342217.6,3.1201326e-14,22488.885,2.9553927e-25,4639.6978,3.2141862e-27,99604.56,5.216659e-15,211163.98,3.5213974e-12,1329592.8,5.6426987e-05,150868.22,5.341645e-12,1275732.6,2.1060564e-06,835273.94,1.4236622e-08,776369.06,7.581018e-10,80544.79,1.7998315999999998e-25
3139.269,2580.7761,8.606914e-28,1.4712836e-37,382422.97,1.3041987e-14,41018.293,3.8047427e-25,4609.333,2.1298553e-27,116832.93,2.4783271e-15,230997.95,2.6485238e-12,1405968.5,4.2584757e-05,159783.45,3.0570485e-12,1331566.9,1.9125166e-06,937108.7,1.0859846e-08,810113.5,5.4339466e-10,84062.92,9.0170327e-26
3139.269,2974.4036,7.5621764e-28,5.554703999999999e-38,426584.34,7.686528e-15,36953.59,4.117821e-25,4629.16,1.6544214e-27,123042.26,1.3641511e-15,240186.27,1.9880352e-12,1449608.0,3.2251606e-05,172063.14,1.2145211e-12,1372173.5,1.793824e-06,1090262.2,1.0672709e-08,829486.7,3.5108702e-10,89768.5,6.668716400000001e-26
3139.269,3148.7415,3.138486e-28,2.1437973e-38,441288.1,7.596692e-15,52705.703,7.09383e-25,4641.812,9.529874e-28,135874.08,9.122741e-16,228202.44,2.501621e-12,1427787.2,1.4245963e-05,178982.61,3.8008995e-13,1414001.0,1.5001723e-06,1179697.1,1.0438118e-08,910480.4,2.8593794e-10,102338.69,1.7071436e-25
3139.269,2514.7275,2.7575253e-28,2.8462419999999997e-38,448431.0,4.5789983e-15,77452.125,1.0791372e-24,4841.397,4.0351475e-28,146931.02,5.183453e-16,229888.55,2.8789124e-12,1498505.5,1.2660018e-05,182309.38,1.7824072e-13,1443230.2,1.388359e-06,1205936.5,8.551294e-09,1068071.2,3.2364392e-10,107283.38,2.2355472e-25
3139.269,2552.56,2.4228070000000003e-28,1.2869976000000002e-38,486448.56,2.0225226e-15,33824.793,1.2654394e-25,4832.218,4.1559604000000005e-28,139997.16,1.6224764e-16,242448.31,3.0026357e-12,1640387.6,7.631673e-06,184804.4,1.2450987e-13,1467689.8,1.6041056e-06,1218374.6,7.312517e-09,1170068.0,3.2726705e-10,111918.97,9.856001999999999e-26
3139.269,2819.482,2.128718e-28,4.292955e-39,568721.9,9.537287e-16,63830.38,1.183222e-25,4794.5483,1.0005203e-28,159893.4,6.534428000000001e-17,254253.86,5.090076e-12,1849038.2,4.3068117e-06,198860.22,3.8828565e-13,1541742.9,1.972201e-06,1247741.2,6.607675e-09,1202154.2,2.6043337e-10,121144.81,9.058468e-26
3174.648,3523.098,1.946718e-28,0.0,657768.8,4.852357e-16,117362.94,1.1722047999999998e-25,4884.4805,1.1041055e-28,194694.33,4.8333e-17,301220.28,1.2930399e-11,2052182.5,4.0327886e-06,209616.23,6.1028385e-13,1672771.1,1.5212759e-06,1296700.5,5.3832028e-09,1217078.2,2.2772909e-10,131387.12,7.9079244e-26
3196.3652,3555.0337,1.2827098e-28,0.0,738907.94,2.8659677e-16,38177.312,1.3012063e-26,4801.547,2.4900837e-29,210254.86,2.6887845e-17,303649.84,1.2831976e-11,2068417.4,4.231439e-06,217841.97,6.0222183e-13,1819811.1,1.1717385e-06,1325203.8,4.265444e-09,1245753.5,2.0766767e-10,136996.17,2.8670808000000004e-26
3450.0361,3558.527,6.011279e-29,0.0,814524.75,2.0721874e-16,100073.52,2.8459048e-26,5072.4014,1.2460266400000001e-29,216865.78,8.751392e-18,326121.34,1.1419138e-11,2146273.0,4.6115724e-06,223076.98,4.993701e-13,1948332.4,1.0420509e-06,1373749.5,2.5342644e-09,1290460.6,1.5871326e-10,150038.94,1.451308e-26
3289.522,3568.023,3.6111584e-29,0.0,845942.2,2.5713334000000004e-16,106548.88,1.05867406e-26,4976.693,2.009758e-30,238099.06,4.311854699999999e-18,328275.84,6.3612392e-12,2224805.0,5.807168e-06,229508.89,3.0506972e-13,2039747.1,1.0308734e-06,1497118.0,1.9558763e-09,1319789.4,1.172214e-10,163036.81,7.9903405e-27
3561.2588,3584.4026,2.7588248e-29,0.0,875353.3,1.7493996000000002e-16,111485.945,3.0982566e-27,5272.3735,8.969714000000001e-31,276802.97,4.0533227e-18,333018.25,2.5162806e-12,2064012.2,4.6282325e-06,247900.89,2.5039755e-13,2126092.0,1.2079861e-06,1644362.8,1.4034391e-09,1360796.2,6.613405e-11,167977.5,6.235355e-27
3561.2588,3632.8813,2.4137656e-29,0.0,1011434.9,1.05419054e-16,91294.875,9.858059e-28,5000.39,4.974614e-31,278427.34,2.5729682e-18,353534.03,2.9224232e-12,2099183.0,6.0289753e-06,269418.88,3.416935e-13,2165938.8,9.841247e-07,1752519.4,9.413994e-10,1461605.8,4.894e-11,177586.81,6.738621000000001e-27
3561.2588,3692.7517,2.1118646e-29,0.0,1199735.2,1.3742073e-16,159199.88,9.438034e-28,5144.617,2.0863466e-31,287762.47,1.6351882e-18,430239.06,1.3168728e-11,2271008.8,7.3162773e-06,281773.53,5.0239814e-13,2130436.2,7.5165644e-07,1832599.2,6.4101235e-10,1593606.1,3.4270437e-11,182602.83,7.580449000000001e-27
3561.2588,3780.4436,1.6339016e-29,0.0,1291121.9,1.6800255e-16,66010.23,1.2591606e-28,5250.711,9.975363e-32,292378.5,1.3428451e-18,503126.25,2.6011207e-11,2333586.8,6.5336894e-06,289261.22,4.582908e-13,2137519.0,8.03852e-07,1903978.8,7.3242545e-10,1719731.9,2.4996278e-11,186341.38,3.6492575e-27
3561.2588,3838.5303,1.4295418e-29,0.0,1315768.1,2.0897281e-16,124604.484,2.218184e-28,5182.517,7.152894e-32,305196.78,1.2167338e-18,539830.94,9.801938e-11,2340051.2,7.44604e-06,295218.84,3.1699204e-13,2210934.8,7.968851e-07,1945199.4,8.7140106e-10,1822168.5,2.713363e-11,177283.7,1.218099e-27
3561.2588,3921.0447,1.2507423e-29,0.0,1342764.6,1.7676508e-16,91028.664,4.3130404e-29,5429.681,4.7096986e-32,297358.5,6.5884057e-19,569643.5,1.2979273e-10,2284372.8,9.453939e-06,300915.78,1.4756497e-13,2260685.2,9.4116695e-07,1927802.1,8.1492485e-10,1911798.5,5.447454e-11,162416.44,2.2575293e-28
3727.3687,4022.0369,8.02077e-30,0.0,1401948.4,1.6853579000000002e-16,109514.31,1.8911774e-29,5497.9756,3.2542965000000003e-32,346438.4,4.953147999999999e-19,647618.8,1.2081518e-10,2204071.0,8.5430565e-06,320259.34,2.1242854e-13,2299948.0,1.0716366e-06,1936626.8,1.3371966e-09,1942886.5,4.9335452e-11,146716.55,3.9596503e-29
3849.3594,3988.8235,8.451214e-30,0.0,1429012.0,1.1418929000000002e-16,95219.05,3.0268318e-29,5602.9614,1.5821172e-32,373379.97,2.9636072e-19,736362.06,2.6167915e-10,2199616.0,7.1643385e-06,349014.72,4.2861287e-13,2274285.2,1.5746856e-06,2028223.6,1.6741236e-09,1928868.9,5.6823227e-11,135223.06,9.522861e-30
3849.3594,3978.4849,7.3757625e-30,0.0,1465751.8,9.7736776e-17,109046.59,1.2257577e-29,5767.773,1.0399736e-32,464366.03,2.9388600000000003e-19,852861.75,1.2629838e-09,2190130.5,1.0435151e-05,379097.2,7.6381376e-13,2249879.0,2.3621064e-06,2136513.0,1.8246861e-09,1936626.8,4.610943e-11,130986.22,3.2601514e-30
3849.3594,3964.0593,6.437167e-30,0.0,1579031.8,6.135981000000001e-17,181661.88,2.3823712e-28,6011.544,5.6457822e-33,598822.6,3.0167445e-19,990080.44,2.132827e-09,2022657.5,9.167407e-06,415710.12,9.483802e-13,2240904.0,2.8910408e-06,2177662.2,1.8891158e-09,2018756.0,5.1863517e-11,133483.22,1.2479638e-30
3849.3594,3946.8533,5.618012e-30,0.0,1794321.8,4.0729320000000004e-17,165401.03,7.217004000000001e-28,6193.6025,2.7086196e-33,642463.9,4.4055174e-19,1071040.0,1.3528694e-09,1938398.6,1.0233007e-05,455487.62,1.0388442e-12,2140652.8,3.007035e-06,2147639.5,3.2316556e-09,2112771.8,5.4425887e-11,141276.83,5.6107126e-31
3849.3594,3978.1792,4.335702e-30,0.0,1999849.6,6.341451e-17,140209.05,3.0059096e-28,6041.535,1.7729618e-33,641112.56,1.0888605e-18,1089605.4,1.6476684e-09,2002625.6,1.2127784e-05,493593.72,1.5851765e-12,2048287.2,3.4241602e-06,2090140.0,7.8725115e-09,2167083.2,2.6411529e-10,155444.56,3.6706732e-31
3849.3594,4106.9766,3.5524004e-30,0.0,2107967.8,1.5952555e-16,84364.42,3.019843e-29,6147.01,1.5840255e-33,713429.8,3.4020441e-18,1136017.0,1.3695086e-09,2106497.8,1.8244722e-05,553389.75,6.8765458e-12,2007942.4,3.863156e-06,2044350.9,2.7698196e-08,2117307.0,9.1038754e-10,183415.28,6.4920945e-31
3883.067,4068.4395,1.5834817e-30,0.0,2149620.0,4.4002472e-16,103272.766,7.406382500000002e-30,6231.779,1.2080336e-33,809810.7,5.0440163e-18,1266336.4,1.3334835e-09,2134724.0,4.8808997e-05,631738.2,2.1428175e-11,2064507.2,4.0761206e-06,1950055.5,4.4634852e-08,2066274.2,3.0122447e-09,197192.38,1.7326096e-30
4037.1475,4141.749,1.964153e-30,0.0,2113494.5,1.0573485e-15,68603.21,3.4442158e-30,6492.4385,1.2797933e-33,766607.56,3.786896e-18,1449627.4,3.7354444e-09,1830455.6,8.684459e-05,704325.1,3.264524e-11,2092110.9,1.0232574e-05,1920582.2,6.717307e-08,1994283.2,5.2742766e-09,221849.86,2.7620215e-30
4037.1475,4174.136,1.0387134e-30,0.0,2239795.8,2.3801024e-15,80312.984,4.798776e-30,6975.333,2.5161407e-33,858100.1,4.05724e-18,1594993.9,9.664905e-09,1595773.6,0.00011071004,770992.0,3.3913948e-11,1945551.8,1.982518e-05,2017374.1,2.5891964e-07,1929901.8,9.788668e-09,252744.0,8.84938e-30
4037.1475,4201.71,9.05058e-31,0.0,2318913.8,7.933252e-15,153608.58,1.5388135e-28,7120.7983,1.9608915e-33,1020256.56,5.2172945e-18,1714153.9,1.7556596e-08,1525301.1,0.00012513861,841666.06,4.0067734e-11,1743653.8,2.8503799e-05,2070468.8,7.4075473e-07,1992336.0,4.041567e-08,273663.84,1.9048231e-29
4037.1475,4164.942,6.1258796e-31,0.0,2263652.8,2.4971334e-14,194289.27,1.11611415e-27,7321.4805,2.5271026e-33,1180141.0,6.981059399999999e-18,1842207.0,2.7886765e-08,1454037.5,0.00020678302,918891.3,6.330017e-11,1581393.4,3.7234615e-05,1917565.9,1.538349e-06,2060663.9,1.307751e-07,309682.28,8.722345e-29
4067.8901,4340.7583,2.7971055000000003e-31,0.0,2207924.0,1.1495397e-13,283048.78,5.9838120000000005e-27,7013.5874,7.2080535e-33,1324256.5,1.49586e-17,1857212.6,4.9294155e-08,1337851.4,0.00042414936,1039213.2,2.1118016e-10,1478898.1,5.0188675e-05,1716512.8,2.7931596e-06,1933105.9,2.8276622e-07,330329.28,1.5140557000000002e-28
4196.255,4589.9136,2.1625158e-31,0.0,2050924.9,8.0099073e-13,229434.61,6.8178806e-27,6841.55,3.75312e-31,1415419.6,6.553283000000001e-17,1961065.9,2.3958572e-07,1225636.4,0.00063124317,1154299.5,7.2611694e-10,1375409.2,9.818576e-05,1631949.4,3.6700399e-06,1748067.0,4.7584376e-07,342318.34,3.7039899e-28
4263.9277,5028.4087,1.6708505e-31,0.0,2008019.0,3.1273979e-12,237730.03,1.2782995e-26,6696.8564,9.1502e-30,1499113.0,3.1652462e-16,2020896.0,7.624814e-07,1171323.2,0.0007998825,1258130.6,1.4750129e-09,1278163.0,0.00012730909,1555649.8,8.834919e-06,1637981.8,6.6629474e-07,400103.25,6.374022e-27
4337.3135,5049.2397,1.6842169e-31,0.0,2096024.5,1.833183e-11,239608.33,1.6299079000000002e-26,7479.3975,7.953145000000001e-29,1541602.4,1.1236766e-15,2081450.5,1.3813801e-06,1078890.5,0.000993031,1356066.6,6.621017e-09,1200574.4,0.00020747916,1429329.8,1.2177563e-05,1560875.6,1.7498337e-06,466616.8,1.3674157e-25
4405.369,4800.5273,5.8463623e-32,0.0,1916563.1,1.3012393e-10,205934.45,4.13307e-27,7914.947,3.6676184e-28,1457691.5,5.2732337e-15,2094057.1,2.272746e-06,1040016.4,0.0010458746,1436583.9,4.1985285e-08,1124396.4,0.00023812178,1349911.0,1.4617278e-05,1425495.2,2.919626e-06,539125.9,1.8879043e-24
5024.1284,4874.7915,2.6075990000000003e-32,0.0,1623124.8,4.1003398e-10,308151.28,5.965931999999999e-26,8942.356,1.7899057000000003e-27,1685062.4,4.4991917e-14,2062735.4,7.403577e-06,996110.0,0.0012821982,1460581.2,1.3555182e-07,1066958.4,0.0003205524,1260507.6,1.7120454e-05,1339236.6,4.4993667e-06,642714.8,3.7993554e-23
5081.431,4837.109,1.9216838e-32,0.0,1490761.6,9.445129e-10,661168.06,7.114221000000001e-23,9521.154,6.761592999999999e-26,1764302.9,5.657961e-13,2108636.8,2.2862921e-05,940092.5,0.001469646,1475301.0,3.974463e-07,1016064.25,0.00040536406,1198856.0,2.9044688e-05,1250182.8,7.553508e-06,713209.6,1.3549976e-22
5389.6167,5114.699,1.1588526599999999e-32,0.0,1333949.1,8.065371e-09,925441.8,7.458567e-22,8774.086,4.0759855e-24,1876014.6,1.5591497e-11,2003282.9,2.4152048e-05,899091.44,0.002323017,1519467.0,2.7835206e-06,964041.56,0.00052256166,1161093.1,4.918921e-05,1191273.4,1.4181379e-05,803870.9,6.391461600000002e-22
5389.6167,5380.2397,1.00089156e-32,0.0,1216283.9,1.6246476e-08,897438.0,1.2336116000000001e-21,8717.142,3.1236663000000005e-22,1840443.0,5.4473374e-11,1765444.0,7.077669e-06,817220.6,0.0032195293,1541220.4,8.368029e-06,899996.4,0.00069573673,1057518.1,7.938262e-05,1137195.4,2.5382482e-05,943273.3,1.4222912e-20
5389.6167,5430.405,7.6442464e-33,0.0,1115554.6,2.926229e-08,1121084.2,3.9186418e-20,8611.491,5.112748e-20,1763739.8,1.782018e-10,1607723.4,3.7630755e-06,765455.2,0.004238012,1494311.6,1.2892462e-05,833823.6,0.0008017844,984802.7,0.00010548312,1040030.9,3.6361787e-05,1127776.5,1.6794875e-18
5417.8345,5565.3687,3.1438857e-33,0.0,1041120.7,7.542521e-08,1380142.9,5.066891e-19,9521.492,2.9630815e-18,1711600.4,4.791554e-10,1494681.2,3.935787e-06,741053.44,0.005015088,1409390.4,1.4898201e-05,785078.5,0.0008774232,899737.44,0.00011506773,966005.25,4.0245875e-05,1229294.6,1.8233704e-17
5948.5205,5907.5337,2.4887087e-33,0.0,978421.8,1.5689643e-07,1227314.0,3.870177e-18,10364.71,9.3092336e-17,1630180.8,1.9255122e-09,1400029.8,5.025344e-06,720013.5,0.005496487,1338620.1,1.2571774e-05,753905.1,0.00091045,850942.9,0.00013968893,887304.0,5.0688122e-05,1344107.2,3.0420926e-15
5948.5205,6178.1445,2.1430759e-33,0.0,916390.75,3.3930775e-07,858698.56,8.232986499999999e-18,11471.938,3.1601027e-15,1508202.2,6.4712187e-09,1264571.6,6.097745e-06,707322.94,0.007128114,1249872.2,1.0544617e-05,736589.6,0.0014598239,800472.94,0.00031924277,833909.0,0.00012004826,1426927.8,1.1754126e-13
5948.5205,6623.0596,1.3602698e-33,0.0,833500.5,6.455413e-07,1021412.3,8.313323e-17,13871.175,1.8459827e-13,1504400.9,1.8529345e-08,1137623.8,7.754826e-06,647992.8,0.0086215995,1154591.9,7.3189995e-06,705858.75,0.002261662,768495.25,0.00055815023,788941.9,0.00021512434,1455699.8,1.2981194e-12
5923.318,6935.526,4.2969425e-34,0.0,756431.7,1.7823099e-06,1325273.9,2.3887781e-14,14930.285,1.5726141e-12,1418871.8,4.909954e-08,1036581.7,1.0188371e-05,603930.9,0.009281239,1071169.0,3.6984466e-06,652041.7,0.0029259878,720682.0,0.0008770064,749998.3,0.00036489914,1509553.8,3.4726316e-11
6096.725,7476.328,2.2823747e-34,0.0,721084.7,3.0296744e-06,1023310.4,6.831393e-14,16322.008,1.7285501e-11,1381763.6,7.646539e-08,943675.8,9.210576e-06,575023.75,0.010375061,991633.56,1.964322e-06,609500.5,0.003535338,663553.5,0.0011232343,697867.25,0.00048715228,1528776.1,9.5470624e-11
7454.877,7950.124,3.9480439e-35,0.0,695714.0,5.3025883e-06,892535.0,4.1077937e-13,20244.803,1.5324504e-10,1282016.6,1.9295021e-07,844635.44,6.0451534e-06,557884.94,0.011450285,902024.75,3.1762193e-06,581776.0,0.004198929,620926.3,0.0015764749,643714.4,0.0007568643,1424892.5,1.6620806e-10
8482.123,7605.764,7.855867999999999e-37,0.0,648745.9,8.010273e-06,935202.4,9.318134e-12,21756.605,4.2933643e-10,1114646.0,4.8609655e-07,791853.56,6.2393783e-06,510736.34,0.014831602,820911.6,5.9383424e-06,552654.25,0.005443129,586437.3,0.0020770067,603951.06,0.00101873,1379607.4,4.3870857e-10
8482.123,8630.615,6.6875285e-37,0.0,591493.5,1.0737914e-05,857741.0,6.254076e-11,25047.021,1.2068851e-09,990332.4,9.2245745e-07,755262.75,3.947727e-06,475475.3,0.016896607,759332.94,8.652849e-06,508594.34,0.0065590087,550850.4,0.002683958,567626.3,0.0013906701,1383297.9,1.5032718e-09
10370.665,9345.902,7.4308094e-38,3e-45,550583.8,1.9197212e-05,826326.5,1.3357382e-10,31499.154,2.9006135e-09,917720.9,1.2765151e-06,695398.94,4.8147854e-06,446025.7,0.019273309,713698.0,9.691461e-06,475035.53,0.0073070056,517800.9,0.002645746,534051.06,0.0013079642,1349352.0,5.616566e-09
13565.887,10252.305,2.63758e-40,1.317e-42,525941.75,2.3417586e-05,841738.25,3.9059034e-10,40472.95,1.3583758e-08,842900.9,2.1323135e-06,644870.75,4.1977332e-06,457031.53,0.018157532,668072.5,7.24779e-06,461201.8,0.007448302,481776.3,0.0033288146,497905.28,0.001789498,1285952.6,1.7116498e-08
13991.948,10753.924,2.99317e-40,4.9029e-41,477220.12,2.9947545e-05,825653.1,2.832996e-10,53292.25,3.3831277e-08,784355.0,2.8368672e-06,603215.0,4.453318e-06,440639.53,0.0209221,626043.0,5.3728727e-06,460269.94,0.009132622,466388.47,0.0038257546,471744.9,0.0020433639,1198634.5,2.8788483e-08
13991.948,12295.203,1.334e-40,2.7615e-41,438517.03,3.359214e-05,873205.6,1.9365245e-09,78261.26,1.8062197e-07,686355.5,4.8394018e-06,565820.1,9.948879e-06,417962.78,0.023380263,585858.94,5.798136e-06,440488.56,0.010115508,452156.8,0.004275508,456513.53,0.0023384118,1129688.8,6.36643e-08
13991.948,14547.801,4.6192e-41,1.898546e-39,408940.4,5.354391e-05,830475.06,7.703794e-09,116363.266,2.8653037e-07,616933.94,7.1180534e-06,513471.25,1.17962245e-05,405415.5,0.025583116,542556.1,7.892012e-06,421645.97,0.011232646,429976.0,0.0044723903,438477.88,0.002373586,1046248.94,1.1815051e-07
16381.45,16368.504,5.573000000000001e-42,1.0424293999999999e-38,409844.5,6.898954e-05,815493.2,1.1011563e-08,146594.22,3.3248924e-07,562343.44,8.746899e-06,481940.88,1.3090395e-05,381525.25,0.029713688,508053.66,9.082167e-06,401998.16,0.012512392,406315.12,0.004913403,415676.06,0.0025784548,971415.44,3.1487343e-07
21612.578,28326.525,5.699999999999999e-43,1.4851330000000002e-39,387237.72,0.000101175836,918491.94,1.2704899e-08,172991.53,3.6061937e-07,515072.94,1.2744655e-05,454151.34,1.4770472e-05,373744.22,0.03233751,495273.44,9.435723e-06,383957.12,0.0135140475,387383.03,0.006018283,393510.62,0.0033770148,920227.25,6.36207e-07
26220.174,54312.11,9.4e-44,1.9803653e-38,363746.16,0.00013311891,852905.75,1.8915703e-08,125208.266,1.0589525e-07,479918.78,1.5141996e-05,432817.94,1.43638745e-05,341421.53,0.03772087,488145.66,9.251008e-06,363028.53,0.01691555,370021.44,0.007605465,374809.6,0.004291326,937582.4,4.8534264e-07
207089.5,64694.582,3e-45,4.505913e-37,340963.44,0.00016409562,904612.75,3.1376125e-08,114543.46,6.9625074e-08,507055.2,1.24504995e-05,408128.03,1.4909623e-05,325610.12,0.040520456,482846.16,8.690701e-06,338363.94,0.019409768,345769.03,0.008612422,353284.1,0.0048208414,906698.7,5.1145776e-07
944420.6,65918.34,1.11e-43,7.416741e-36,319603.22,0.00019150792,939861.4,4.6379313e-08,157415.12,1.507958e-07,488793.56,3.3879653e-06,389932.94,2.0354393e-05,317193.16,0.04315435,479932.28,8.800432e-06,326335.1,0.02085993,327329.7,0.0101507725,331470.25,0.0059056147,783731.06,2.8360455e-07
1313268.1,52431.99,2.61884e-40,6.759633e-37,297247.72,0.00021571286,944676.7,6.09694e-08,230324.45,3.9572026e-07,433228.62,7.4704576e-06,370445.16,1.8071927e-05,299881.0,0.047438055,473677.56,9.155381e-06,312988.12,0.023622202,311076.0,0.011303917,313753.72,0.0064118514,732979.9,4.908846e-07
1799646.4,63965.633,1.0989419e-37,1.3524374e-37,269212.34,0.00023157235,851526.6,1.8298383e-07,311337.78,6.395477e-07,393116.66,7.271313e-06,347786.2,1.7706832e-05,292483.72,0.04953902,469814.75,8.448322e-06,300636.8,0.026001612,294752.28,0.012978502,297010.56,0.0076562604,667323.0,6.0253495e-07
1868492.1,83482.07,6.3554933e-38,1.6068407e-35,252155.62,0.0002665278,770556.3,3.5275548e-07,433385.5,4.5688853e-07,370536.22,4.6907444e-06,326228.7,2.1170401e-05,275483.53,0.05542053,453200.4,8.446298e-06,288267.88,0.029834803,280696.0,0.015049904,281395.75,0.0090355985,610758.25,4.866121e-07
2025581.4,116448.86,1.3164539e-24,4.7886816e-34,235309.86,0.00033839926,777717.6,4.5059656e-07,718280.06,2.2427405e-07,341461.6,3.6253412e-06,301566.38,2.2906801e-05,256519.83,0.0639343,435499.66,1.0101461e-05,266992.25,0.033979505,262342.03,0.017825915,264329.1,0.01073846,583784.44,8.460281e-07
1066848.8,164850.02,8.641358e-17,6.434411e-33,218980.67,0.00042974172,815507.5,2.728515e-07,981895.75,3.6574017e-06,324460.1,2.955152e-06,286120.38,2.2713397e-05,238115.03,0.07287934,421822.6,1.3080835e-05,244203.89,0.037932165,241198.48,0.019371724,243787.7,0.01147993,558274.6,1.4737331e-07
727918.94,164348.22,3.2909292e-16,1.3594579000000002e-32,199793.64,0.00059063366,690865.6,6.2943695e-07,1266785.8,5.4224884e-06,297196.2,3.9300294e-06,266652.12,2.5250894e-05,229828.06,0.079971224,419417.62,1.7014605e-05,224779.12,0.040931065,220934.45,0.021485237,223025.72,0.012945118,525749.9,4.0812583e-07
725024.7,172646.95,2.8702537000000005e-16,7.479487e-32,173218.67,0.0008464809,663934.06,7.8377815e-07,1392078.4,7.784394e-06,275991.56,5.7964653e-06,247540.64,2.296566e-05,218013.9,0.08544977,416915.9,2.0829151e-05,213054.16,0.04623381,207990.7,0.02472468,206656.22,0.015342159,522934.3,2.5373024e-07
725024.7,204252.64,1.7715964000000002e-16,8.642924e-31,147264.56,0.0011423269,704332.3,4.877386e-07,1412779.1,7.556793e-06,260654.52,3.3453193e-06,229100.36,2.28727e-05,199470.05,0.09342441,409452.9,2.4548848e-05,197410.34,0.052841328,191332.42,0.026502531,190843.19,0.0152252875,527764.44,2.434313e-07
725024.7,251203.53,3.0798495e-17,3.9654314e-29,129382.516,0.0013611749,642921.8,1.0455932e-06,1371736.0,4.6611426e-06,240592.8,7.396557e-06,209583.2,2.4136933e-05,195007.19,0.0981456,399893.47,2.8815064e-05,182144.52,0.055137984,174556.78,0.028126894,174196.66,0.016331619,521581.7,2.8300119e-07
725024.7,518881.72,8.336321e-18,1.4253377e-21,115025.09,0.0015692707,564273.94,1.8116175e-06,1342965.6,3.1196694e-06,214227.45,1.2161769e-05,187220.86,3.090711e-05,186739.47,0.10243033,398980.12,2.750908e-05,175336.78,0.06103001,163787.05,0.03258549,160885.05,0.019513901,484301.47,4.220479e-08
702529.56,606327.4,7.516745e-18,6.812536999999999e-20,96914.77,0.0021227263,662585.2,1.322954e-06,1193679.1,1.5592275e-06,196063.61,1.4721392e-05,167273.95,3.802879e-05,177374.5,0.11607464,397959.06,2.426037e-05,165520.03,0.07097521,152733.7,0.040641394,149476.78,0.02568812,422783.7,7.974989e-08
516425.72,643816.3,3.0101677000000005e-16,5.4644143e-18,84796.59,0.0026672594,468658.7,5.0468234e-06,989611.7,7.0640743e-07,167604.25,1.8081444e-05,146774.17,4.7218717e-05,179605.9,0.12874049,389064.44,2.6357886e-05,146801.89,0.081537224,136171.14,0.04950776,133775.73,0.03209016,381180.72,7.075351e-08
486688.3,845261.0,9.2728264e-17,7.7426144e-17,75543.516,0.0034881,397176.34,6.252764e-06,924116.56,4.7134216e-07,147378.06,1.7318083e-05,130256.375,5.019659e-05,141796.66,0.13245194,366706.6,2.014855e-05,128987.28,0.087688334,119078.984,0.054492652,115613.375,0.03505479,354937.75,3.8743622e-07
486688.3,944900.6,6.740665000000001e-17,6.293717e-16,58267.36,0.0055812453,436411.34,4.648906e-06,920652.94,4.7558825e-07,134839.78,1.8084022e-05,117273.84,6.737135e-05,147305.89,0.13740087,354206.97,1.4091559e-05,121657.0,0.0919953,110161.6,0.058911692,103569.57,0.03894026,332081.75,1.1542651e-06
486688.3,991025.2,3.7430412e-17,2.100509e-15,46182.17,0.008405666,388975.97,3.845148e-06,881221.6,4.4036366e-07,124103.805,2.0142308e-05,104852.59,8.32873e-05,135079.03,0.14471431,356007.8,1.4832878e-05,114418.516,0.09638375,100009.84,0.06008925,93208.07,0.038501255,316313.66,1.1977777e-06
486688.3,937323.06,2.2403196e-17,1.8562524e-15,36288.15,0.007800657,331363.53,2.465874e-06,832224.4,3.3365984e-07,109649.055,1.8114151e-05,94111.86,5.130183e-05,132842.25,0.1440889,343266.03,1.2524576e-05,103808.79,0.09398098,88492.266,0.058466587,82482.6,0.035396013,309447.44,1.0500548e-06
486688.3,793053.8,9.237415e-18,1.8434569e-15,31372.186,0.007663819,349533.7,1.0597838e-06,707549.06,3.0903e-07,92538.305,1.6803964e-05,81362.336,7.238447e-05,134327.38,0.14477381,319870.0,1.0882092e-05,101837.11,0.09477416,83704.516,0.05875951,76611.98,0.03724548,300970.03,6.261016e-07
486688.3,1075986.8,7.146012e-18,4.7191174e-15,27123.451,0.0083962055,294459.53,7.8073333e-07,748672.4,2.3514825e-07,77198.78,2.1615264e-05,68231.75,6.240759e-05,126155.31,0.15562451,309247.7,1.0347199e-05,102087.266,0.10333709,82102.164,0.063083164,74381.52,0.040710814,284605.16,1.9757297e-07
486688.3,1251527.1,3.2622887e-18,1.0262031e-14,23932.363,0.008504724,251827.56,9.983324e-07,795512.56,1.887328e-07,68568.22,2.5743047e-05,58826.12,5.582501e-05,7569.745,0.17701901,285361.1,1.047596e-05,30458.096,0.12317414,51847.72,0.074458785,56553.777,0.04759064,260465.84,5.5181687e-07
486688.3,1171679.1,1.3579648e-18,8.810905e-15,24280.762,0.0091424035,276082.78,4.406796e-07,753081.8,5.2685404e-08,60837.504,2.7737322e-05,51352.66,7.1713686e-05,49.894012,0.20454806,257743.61,1.1339662e-05,1703.456,0.14699417,23054.756,0.09560722,29317.049,0.061136596,234466.52,1.0858282e-06
486688.3,1129635.0,7.540678e-19,4.267902e-15,20578.316,0.012554246,264133.7,4.8815025e-07,636335.7,1.9378273e-08,52884.16,2.6360465e-05,47019.062,7.241106e-05,0.0,0.20462482,249653.25,1.2309152e-05,44.448097,0.16514856,17072.887,0.12040296,15692.866,0.084224656,221740.38,1.2936797e-06
486688.3,1149787.6,4.8095564e-19,1.8354209e-15,7474.5894,0.040061787,205391.38,1.7337156e-06,646067.7,7.227405e-08,45040.547,3.06923e-05,42066.85,3.4504737e-05,0.0,0.20444848,227256.89,1.2842062e-05,0.29015884,0.18528837,16192.611,0.136797,12488.848,0.102130294,219563.64,6.62253e-07
456713.22,1179659.6,4.3435295e-19,5.8618708e-15,672.4353,0.07746347,192655.67,1.1813332e-06,640688.9,8.319665e-08,39797.848,5.7152705e-05,31568.99,5.539567e-05,0.0,0.20544516,216074.77,1.4467142e-05,0.00046091928,0.1888622,8812.129,0.14917028,7840.6445,0.1162314,205823.64,6.7889516e-07
445418.7,1043334.6,1.5544873e-19,8.888425e-15,17.810987,0.11697427,224886.8,2.597583e-07,587803.4,3.834724e-08,33774.164,0.000117122094,17757.002,3.8588805e-05,0.0,0.20772831,213577.19,1.713379e-05,7.105976e-06,0.18044746,3341.3066,0.15801801,3347.1208,0.12858367,188374.67,1.0388687e-06
445418.7,950631.56,9.2452226e-20,3.3230753e-14,0.111378595,0.14607707,165345.9,8.0125506e-07,656416.3,6.213391e-08,23394.244,0.00038654526,7310.319,0.0003527564,0.0,0.21121392,194926.81,1.0537914e-05,1.06527835e-07,0.17506815,207.34807,0.1514291,664.7662,0.13281944,172148.72,2.4888718e-07
445418.7,1010471.2,2.5837484e-20,6.521318e-14,9.072208e-05,0.13941658,108252.06,2.7884798e-06,690085.8,7.994369e-08,18836.104,0.0014571288,2923.2622,0.0021550343,0.0,0.21482064,178851.94,1.51785935e-05,1.6332163e-09,0.17491503,3.202344,0.15034454,39.798218,0.12753698,155154.25,7.694059e-07
442342.6,992942.3,8.375566e-21,2.4848125e-14,2.2688357e-06,0.12723842,144195.89,8.05408e-07,620557.7,5.1126676e-08,16772.227,0.0017004046,583.6179,0.06154772,0.0,0.21775383,154640.88,4.1322575e-05,2.3252546e-11,0.1778346,0.023200668,0.1523211,0.6022575,0.12816648,135757.58,5.4045034e-07
418778.16,954902.2,8.664487e-21,5.7127307e-15,6.236645e-08,0.116693765,134573.4,1.2397488e-06,573741.06,3.0835864e-08,12466.621,0.009795521,83.06333,0.017103245,0.0,0.22085086,131928.3,4.1673466e-05,3.1965741e-13,0.18067116,3.4168997e-06,0.15647605,0.0027994756,0.13990203,123351.38,9.062835e-07
370085.2,738444.9,3.9529646e-20,1.2373316e-15,1.8665824e-09,0.108558975,127616.73,4.0309735e-07,485616.88,2.1919073e-08,9163.647,0.009937494,2.2523522,0.14708441,0.0,0.22437951,112526.555,3.834733e-05,3.968225e-15,0.18496332,2.4259698e-06,0.16242565,0.00035316925,0.14020036,99312.39,8.6041945e-07
358014.0,701714.9,1.1089605e-20,8.622559300000002e-16,6.004225e-11,0.1011672,69093.37,1.2263289e-06,455249.78,1.0972291e-08,3583.827,0.012862874,0.008892993,0.099167705,0.0,0.22718945,98024.305,3.80081e-05,5.5335480000000003e-17,0.18549217,1.7342807e-06,0.16460198,4.972216e-05,0.13961321,86877.19,7.842901e-07
338726.2,687954.56,1.1539254e-20,5.513565600000001e-16,2.1313446e-12,0.09474062,92404.93,2.5744288e-07,426571.4,7.6284055e-09,3075.1921,0.008695078,2.452533e-05,0.03785764,0.0,0.22962297,96378.53,3.2085733e-05,7.6589335e-19,0.18678609,1.3776967e-06,0.1665535,7.814243e-06,0.14055313,79104.03,7.160151e-07
318588.78,642669.7,3.447665e-20,2.8277737e-16,7.810472e-14,0.09083057,72590.5,0.00011717059,396242.72,2.5361672e-08,884.40295,0.019986715,1.3541889e-05,0.023838691,0.0,0.23225516,98753.414,3.0045876e-05,1.0703531e-20,0.18957777,1.0325138e-06,0.16889633,1.7574381e-06,0.14259508,66897.195,9.1270476e-07
305638.28,601764.0,2.3994561e-20,1.7630219000000003e-16,3.0325073e-15,0.086891726,72513.29,0.001702182,350825.66,2.9262516e-08,83.199554,0.013709502,8.405965e-06,0.26447773,0.0,0.23396553,97165.23,2.5879e-05,1.4625284000000002e-22,0.19076802,7.9335183e-07,0.17054546,7.6253616e-07,0.14389695,61847.28,1.0068634e-06
305638.28,570242.94,1.1494872e-20,1.0097948e-16,1.2659672e-16,0.0825033,50191.133,0.025327902,333976.28,1.229443e-08,28.6008,0.012908736,3.0645413e-06,0.13554528,0.0,0.23527513,89850.15,6.76357e-05,2.1295014e-24,0.19150905,6.0444904e-07,0.17062898,4.954389e-07,0.14340112,55305.094,4.5532215e-07
305638.28,534946.1,9.069578e-21,6.3139404e-17,5.635441e-18,0.078462824,55377.52,0.038426362,317095.6,6.444855e-09,7.8184447,0.013043507,1.3041987e-06,0.15351306,0.0,0.23607472,84913.14,0.00044761653,3.0897143e-26,0.190303,4.756817e-07,0.17191622,3.7380545e-07,0.14359356,48993.473,4.4238556e-07
305638.28,507482.5,8.092473e-21,3.5912668e-17,2.539782e-19,0.07670621,63622.17,0.013132595,302066.38,1.1442046e-08,0.00779943,0.10202972,2.9762498e-07,0.076202765,0.0,0.23758289,81919.54,0.095962994,4.356492e-28,0.19142704,3.646582e-07,0.1734008,2.8976865e-07,0.14612131,42189.188,1.0351751e-05
305638.28,470063.56,5.797425e-21,3.2588355000000003e-17,1.1080602e-20,0.077413626,44518.043,0.0036928223,283466.8,1.2083206e-08,0.00012393632,0.08243863,1.18143355e-07,0.040898886,0.0,0.2393436,67072.49,0.0864641,5.9347174000000006e-30,0.19412875,2.700696e-07,0.17703076,2.1593088e-07,0.14984055,37971.137,0.003975442
282486.22,461748.78,9.873859e-21,1.3078399e-17,4.932646e-22,0.076918356,33463.938,0.012684145,271010.78,8.654596e-09,6.2143576e-05,0.05914544,6.85688e-08,0.0265636,0.0,0.24032569,63273.246,0.049427077,9.286134e-32,0.1927501,2.270495e-07,0.17426546,1.7150342e-07,0.14708932,32855.355,0.009389436
276242.44,406044.4,9.5858165e-21,5.8213113e-18,2.3769009e-23,0.07409428,34481.25,0.008230443,223085.61,6.5764025e-09,3.9592527e-05,0.024626402,4.934478e-08,0.078778796,0.0,0.24070719,64280.85,0.018222876,1.3961493e-33,0.1930135,1.7968902e-07,0.17542137,1.3795791e-07,0.1474514,30233.965,0.029042562
270297.0,376647.8,1.3458267e-20,8.488377999999999e-19,1.165671e-24,0.073372625,37142.03,0.010071367,246711.6,2.2183533e-09,3.177616e-05,0.01304854,1.8774829e-08,0.02941497,0.0,0.24155205,62436.598,0.004371198,2.012991e-35,0.19642872,1.366675e-07,0.17683467,1.0642498e-07,0.14896998,26819.908,0.005823692
252866.58,368317.16,2.8560992e-20,2.0046088e-19,5.720979e-26,0.0727713,31816.527,0.012624678,224009.0,6.3105166e-10,2.4554896e-05,0.12264852,1.1830774e-08,0.33809173,0.0,0.24218947,55986.8,0.07713227,2.9428117e-37,0.19625044,1.0519303e-07,0.17812309,8.123149e-08,0.14990589,22549.191,0.024104444
252866.58,364211.94,2.0557115e-20,6.213019e-20,2.8880872e-27,0.07068623,16563.53,0.025329739,204145.39,1.1649097e-09,1.0253636e-05,0.13837175,1.0548715e-08,0.21337442,0.0,0.24227546,45072.086,0.06044346,4.468811e-39,0.19402169,8.46834e-08,0.17734921,6.393119e-08,0.14885946,26405.87,0.0044731256
252866.58,404112.4,1.6295967e-20,2.7684378e-20,1.4046852e-28,0.07115448,6319.8516,0.016435528,166498.14,6.5673134e-10,5.1621287e-06,0.11037694,4.5901274e-09,0.119724154,0.0,0.24310924,46680.836,0.027192343,6.3561e-41,0.1948493,7.0150065e-08,0.1778448,5.3064085e-08,0.14946213,23053.861,0.025543107
252866.58,376482.62,1.4608622e-20,1.9028355e-20,6.651621e-30,0.07303022,24798.023,0.018209774,159382.38,3.416359e-10,6.726347e-06,0.058171585,3.3348708e-09,0.08604109,0.0,0.24422689,52737.418,0.016194964,8.62e-43,0.20019412,4.3666066e-08,0.18471539,3.5317495e-08,0.15563348,16765.78,0.0053004804
252866.58,232088.34,1.1580497e-20,1.0241996999999999e-20,3.3404324e-31,0.07152971,20284.096,0.003328709,150245.89,7.097583e-10,4.227711e-06,0.019716866,1.3993351e-09,0.029365623,0.0,0.24439016,53218.406,0.0058250506,1.3000000000000002e-44,0.1998288,3.9246906e-08,0.18285748,2.9363779e-08,0.15600087,9712.962,0.034065537
252866.58,238761.5,3.981425e-21,6.147117e-21,1.5843976e-32,0.07226339,8199.006,0.03296328,143502.14,6.344456e-10,2.9102785e-06,0.037649643,1.0447296e-09,0.14416918,0.0,0.24512538,47837.812,0.07346531,0.0,0.19984308,3.222492e-08,0.18164133,2.4260776e-08,0.15578404,9736.314,0.0073856227
217618.38,274599.97,9.714212e-21,3.512518e-21,7.591054e-34,0.072837286,9247.978,0.0296108,133584.94,5.0935073e-10,2.9224273e-06,0.023862079,7.98611e-10,0.12911883,0.0,0.24568269,34982.23,0.06188884,0.0,0.20300396,2.4303962e-08,0.18348816,1.8666217e-08,0.1572529,8549.212,0.036105067
140676.6,216236.34,3.0608707e-20,1.7202863e-21,3.532216e-35,0.07453569,10949.37,0.020836877,124074.9,5.337771e-10,2.1047235e-06,0.08857437,3.2449118e-10,0.045851804,0.0,0.24652402,35208.996,0.033301175,0.0,0.20226751,1.9362782e-08,0.18358234,1.4707276e-08,0.15774992,4854.7944,0.00802998
119702.734,243625.64,4.493111e-20,7.370132e-22,1.7135639999999998e-36,0.07342094,8192.715,0.018764257,127523.305,4.1333578e-10,1.1159133e-06,0.07353583,2.019963e-10,0.019239545,0.0,0.24666588,37066.027,0.0077561303,0.0,0.20228302,1.4420573e-08,0.18440586,1.1048408e-08,0.15851475,3748.5361,0.041037865
119702.734,255010.67,4.0523989999999996e-20,3.8181943e-22,9.0399916e-38,0.07020501,6090.853,0.007754699,117119.24,2.1044985e-10,8.274591e-07,0.056807492,1.6299338e-10,0.18225662,0.0,0.24611641,35227.727,0.05259894,0.0,0.20115091,1.095751e-08,0.18492565,8.3191125e-09,0.15872024,5414.3057,0.0096777165
119702.734,189543.3,2.6940159999999998e-20,1.3957534000000001e-22,4.5341860000000006e-39,0.0713967,5319.5483,0.014221496,96170.36,2.9010497e-10,6.679287e-07,0.03329726,6.409316e-11,0.106607474,0.0,0.24647096,28566.826,0.033892434,0.0,0.20146169,9.043285e-09,0.18506104,6.8343233e-09,0.15973924,5665.959,0.039799917
119702.734,209537.38,2.4297702e-20,1.6338086e-22,2.2593e-40,0.070832305,3472.7903,0.006158136,97032.85,2.4935642e-10,3.4319652e-07,0.049326614,4.7942237e-11,0.035323966,0.0,0.24629365,28413.654,0.008409872,0.0,0.2022855,7.2705624e-09,0.18123311,5.3437295e-09,0.15565653,4704.6494,0.009462317
119702.734,197394.12,1.9378452e-20,4.6275954e-22,1.2329999999999998e-41,0.06792086,7068.3057,0.013395938,90614.44,1.9191912e-10,3.8059238e-07,0.027161805,4.8666383e-11,0.07282773,0.0,0.24571913,29100.9,0.057396356,0.0,0.19884673,5.34024e-09,0.18361372,4.051491e-09,0.15617117,4587.354,0.028669698
119702.734,185782.66,1.7477695e-20,7.7946485e-22,6.36e-43,0.068716764,3942.0244,0.025087,76494.25,2.5546684e-10,1.9296535e-07,0.016214043,1.3899146e-11,0.21343559,0.0,0.24597324,26496.576,0.044447973,0.0,0.19899674,4.141924e-09,0.1837264,3.1361893e-09,0.1567288,4310.094,0.005792272
119702.734,167050.5,1.5763374e-20,8.916396e-22,3.2000000000000004e-44,0.06962002,2576.1301,0.02386308,48836.55,3.229163e-10,1.3184281e-07,0.12612145,7.9683395e-12,0.12749258,0.0,0.24618499,24472.709,0.017003523,0.0,0.19786566,3.2058916e-09,0.18467191,2.4269369e-09,0.15764801,3766.4133,0.041162625
113689.914,154119.67,1.6200996e-20,5.852878400000001e-22,1e-45,0.064927556,2057.7166,0.020582607,37283.855,1.7289294e-10,9.071249e-08,0.12339214,6.757974e-12,0.088924,0.0,0.24512097,22819.93,0.003369029,0.0,0.19836819,2.9700717e-09,0.17890288,2.1298676e-09,0.15284975,2518.1987,0.010044383
103529.875,139585.47,1.9374783e-20,5.3962685000000005e-22,0.0,0.06157539,3215.905,0.0043729274,52286.613,4.5739475e-11,1.0544351e-07,0.09323434,4.007422e-12,0.043369617,0.0,0.24440217,22338.227,0.043718655,0.0,0.19671878,2.2230953e-09,0.17952979,1.668172e-09,0.15159056,2279.4553,0.026590882
99235.22,131457.06,1.3554715e-20,4.7654474e-22,0.0,0.06456518,2678.299,0.0019269959,29029.672,4.6640938e-11,6.128184e-08,0.058347292,2.3266068e-12,0.018105447,0.0,0.2449247,18289.125,0.03367094,0.0,0.19719493,1.5640701e-09,0.1836411,1.2124708e-09,0.15449342,2575.0264,0.0054341466
91214.17,121906.86,1.6365530999999998e-20,4.0118838e-22,0.0,0.06481164,1303.4551,0.015796177,44854.832,3.705421e-11,4.2368548e-08,0.029869888,1.879268e-12,0.2608638,0.0,0.24484016,17553.967,0.012415443,0.0,0.19667429,1.3344094e-09,0.18126453,9.896999e-10,0.15349974,2604.3599,0.026959654
83427.46,101219.125,4.1481924999999997e-20,3.750942500000001e-22,0.0,0.061887696,976.4086,0.008557204,44189.734,2.7601411e-08,3.6572093e-08,0.014617556,1.1423913e-12,0.13756596,0.0,0.24410781,18923.658,0.005863641,0.0,0.19458133,1.1385379e-09,0.17866708,8.320491e-10,0.15073496,1814.5795,0.0050764033
81075.38,90435.38,3.71571e-20,5.962215e-21,0.0,0.06340035,644.44635,0.01077632,26726.33,7.919632e-08,2.6283786e-08,0.15710467,8.629046e-13,0.09087912,0.0,0.24447148,19579.605,0.063641414,0.0,0.19687828,8.819612e-10,0.1800002,6.696084e-10,0.151782,1422.6337,0.03734745
81075.38,79579.195,1.7610391e-20,1.1599096e-20,0.0,0.06456993,391.45026,0.003770331,21189.791,0.014380081,2.1809475e-08,0.15360552,4.7766527e-13,0.042089164,0.0,0.24469692,16343.71,0.055845622,0.0,0.19630913,6.3709565e-10,0.18212278,4.8926035e-10,0.15303057,1619.5701,0.008432128
81075.38,65166.17,1.586644e-20,8.4506174e-20,0.0,0.06309924,37.527542,0.013533036,20024.521,0.0048020403,6.481198e-09,0.15160899,3.9266534e-13,0.04122344,0.0,0.24420479,14984.776,0.027511645,0.0,0.19347577,4.5771395e-10,0.18411067,3.470541e-10,0.15357095,1214.2993,0.02424488
81075.38,54034.3,1.2640925e-20,7.6864037e-19,0.0,0.05886484,11.044597,0.018839948,25447.947,0.011158619,9.003395e-09,0.104345284,2.4317728e-13,0.19396089,0.0,0.24293011,14005.874,0.005635896,0.0,0.19257036,4.446027e-10,0.17897183,3.1276673e-10,0.14953478,622.79956,0.0044211755
81075.38,47121.35,9.144271e-21,1.4969021e-18,0.0,0.061521806,2.1199718,0.012231728,29102.08,0.012899774,5.456777e-09,0.0619182,1.798268e-13,0.14972158,0.0,0.24326904,12901.017,0.09947699,0.0,0.19169298,3.5167697e-10,0.17917077,2.61568e-10,0.1496223,166.4558,0.020682398
81075.38,45041.67,2.5974895000000002e-21,2.5160539e-18,0.0,0.060483173,1.6284217,0.004170209,30348.479,0.022132423,8.875766e-09,0.020808922,8.238947e-14,0.07368522,0.0,0.24302326,9231.577,0.10534378,0.0,0.19286539,2.7829966e-10,0.18078057,2.0868038e-10,0.15051799,129.55191,0.0040269597
81075.38,40565.0,2.3402612000000006e-21,3.486047e-18,0.0,0.06215778,0.08592376,0.0523463,29586.336,0.012359824,6.7235e-09,0.052244216,6.045819e-14,0.023312198,0.0,0.2434355,8577.971,0.0835468,0.0,0.19224778,2.330969e-10,0.18011269,1.7358863e-10,0.15083282,87.02613,0.018090628
81075.38,33819.137,1.8645055e-21,1.7255105e-18,0.0,0.059761576,0.00040196144,0.01886285,24821.633,0.013844317,3.5445185e-09,0.033678904,4.3742245e-14,0.13242976,0.0,0.24260284,8073.046,0.048250843,0.0,0.19145927,1.759782e-10,0.17883779,1.3040721e-10,0.14831305,68.60532,0.0042214305
81075.38,31648.32,1.6798642000000001e-21,1.3862989e-18,0.0,0.058376282,0.00035848725,0.02662233,15674.358,0.01396566,2.4259081e-09,0.017592488,2.2911643e-14,0.046162907,0.0,0.24202451,8633.159,0.016808424,0.0,0.18893237,1.3401089e-10,0.18089534,1.0051556e-10,0.14914231,32.951035,0.01733895
81075.38,25884.246,1.3383617000000001e-21,2.8214057000000003e-18,0.0,0.05819207,0.00040881892,0.01223546,26264.408,0.011032732,2.1290025e-09,0.13692088,1.8886261e-14,0.027803216,0.0,0.24186705,9620.002,0.023530882,0.0,0.18709046,1.343215e-10,0.17542747,9.485191e-11,0.14536104,5.444122,0.004298276
81075.38,20678.715,7.653811000000002e-22,3.5548073999999995e-18,0.0,0.056429684,0.00033932633,0.023426604,18103.025,0.025728606,1.1165929e-09,0.14656243,1.1959562e-14,0.059860617,0.0,0.24096349,9608.893,0.017377192,0.0,0.18664263,1.0473345e-10,0.17448379,7.7088e-11,0.14288034,0.7934578,0.011697167
81075.38,17648.123,6.097855e-22,2.7482077e-18,0.0,0.05261574,0.00026991856,0.011582244,11904.158,0.0036581908,7.4087025e-10,0.13042846,4.738057e-15,0.17027129,0.0,0.23949002,9672.011,0.008466572,0.0,0.18182884,8.598485e-11,0.17224413,6.2612984e-11,0.13910775,0.71341586,0.011269512
81075.38,16042.188,2.8900428000000003e-22,9.332071e-19,0.0,0.050993927,0.0002712786,0.019898986,9666.217,0.003561193,5.5292615e-10,0.10050444,3.161081e-15,0.09283264,0.0,0.23847426,8460.569,0.01256105,0.0,0.18017916,7.567727e-11,0.1689912,5.4611447e-11,0.13524336,0.3551014,0.012854991
81075.38,14802.946,2.6038430000000003e-22,2.9729517e-19,0.0,0.052986905,0.00024085047,0.021588234,7246.18,0.0030515548,5.3355914e-10,0.05258377,2.7792307e-15,0.090411276,0.0,0.23871084,6378.728,0.009100416,0.0,0.178756,5.79223e-11,0.16778123,4.3254463e-11,0.13239492,0.110057056,0.009685641
81075.38,11169.508,1.0056877e-22,2.232547e-19,0.0,0.058294225,0.00022953982,0.02578429,8269.499,0.016532848,4.3542736e-10,0.029665409,1.5685682e-15,0.031528156,0.0,0.24003236,4635.0874,0.022988306,0.0,0.17787012,5.1286288e-11,0.168888,3.847472e-11,0.13393503,0.038535774,0.026134748
81075.38,9102.6455,6.178978000000001e-23,1.3818971e-19,0.0,0.058190785,0.00021254877,0.032671634,8747.979,0.007424526,3.1464223e-10,0.023419231,1.2395916e-15,0.04507447,0.0,0.23982911,3560.7651,0.011615262,0.0,0.17985043,4.027835e-11,0.16602372,3.0662434e-11,0.13211288,0.0036668812,0.009601561
80897.3,10165.122,2.5764385e-23,7.514905e-20,0.0,0.05532084,0.00018958333,0.0094055245,5743.81,0.0064071347,2.2692835e-10,0.014776958,7.266900500000002e-16,0.21578996,0.0,0.2388766,3254.4287,0.006389734,0.0,0.18024492,3.3563805e-11,0.16540977,2.5066825e-11,0.12949246,5.0084294e-05,0.03158836
71291.445,10924.053,5.0565886e-23,4.262161e-20,0.0,0.05245339,0.00016587181,0.020722914,6681.291,0.0070784693,1.8252024e-10,0.11069247,5.7309e-16,0.14475344,0.0,0.23785262,3121.788,0.04062683,0.0,0.17630833,2.5808636e-11,0.1647805,1.9628986e-11,0.12760428,4.2308337e-05,0.016188411
71291.445,11311.648,2.6634970000000005e-23,3.862325e-20,0.0,0.052468862,0.000113355956,0.022204984,31532.406,0.013930257,1.2421672e-10,0.12075765,4.614590500000001e-16,0.0942429,0.0,0.2375627,2615.7983,0.017799301,0.0,0.17901011,2.2865883e-11,0.16471918,1.7217389e-11,0.12821381,4.0296523e-05,0.027145742
71291.445,9805.934,2.1198800000000002e-23,4.4294797999999997e-20,0.0,0.054020304,9.039807e-05,0.023250043,69837.3,0.006896647,7.9360775e-11,0.105025865,2.760331e-16,0.033787996,0.0,0.23753385,2420.8909,0.021529395,0.0,0.17526586,1.6915183e-11,0.16328786,1.30984295e-11,0.12652491,3.716753e-05,0.029528515
61183.434,8314.876,2.77023e-23,2.4559231e-20,0.0,0.057425186,6.1340346e-05,0.015436339,60568.348,0.008427184,7.513829e-11,0.07128305,2.0624168e-16,0.04568973,0.0,0.23808694,2146.28,0.015121903,0.0,0.17637154,1.3782407e-11,0.16566019,1.0611524e-11,0.12797037,3.191837e-05,0.030286465
46614.41,6321.216,6.730739000000001e-23,1.9858918e-20,0.0,0.05664358,9.04614e-05,0.012477845,11665.297,0.0120349275,6.33914e-11,0.029922899,1.0499648e-16,0.27425614,0.0,0.23781422,2060.4575,0.0059862807,0.0,0.17765893,1.1088857e-11,0.16659416,8.667356e-12,0.13123703,3.0185318e-05,0.013941483
46614.41,4607.1504,4.901236e-23,2.3399618e-20,0.0,0.054133296,8.4598556e-05,0.018197015,6836.303,0.010974684,5.25651e-11,0.014470164,6.785812600000001e-17,0.17549808,0.0,0.23680729,2070.8308,0.04098185,0.0,0.17968866,9.852443e-12,0.1650787,7.383435e-12,0.12988448,2.8123051e-05,0.05515531
46614.41,4233.634,3.9307702e-23,1.0636113e-19,0.0,0.05331747,7.315745e-05,0.02935876,1336.6609,0.013963376,5.054961e-11,0.12482843,6.6587033e-17,0.1345898,0.0,0.2361431,1605.8044,0.042022444,0.0,0.17791873,8.50604e-12,0.1617266,6.318557e-12,0.12638414,2.176956e-05,0.008757197
46614.41,3565.151,3.5650107e-23,2.4831357e-19,0.0,0.056552097,4.6965506e-05,0.025992727,724.0212,0.011339785,2.9963688e-11,0.13665588,4.755162e-17,0.06937303,0.0,0.23676516,1185.7485,0.033962026,0.0,0.17953907,7.040608e-12,0.16364111,5.4133265e-12,0.12801717,2.0758831e-05,0.031631917
46614.41,2875.4438,2.8591232e-23,5.231349e-19,0.0,0.055797767,3.4725977e-05,0.028626967,394.9528,0.015222896,2.3120372e-11,0.11547006,3.8444443e-17,0.04745665,0.0,0.23639727,980.365,0.016620204,0.0,0.18067813,5.835586e-12,0.16200857,4.4990925e-12,0.12765242,1.8629056e-05,0.015189124
46614.41,2216.105,2.081976e-23,6.91833e-19,0.0,0.054785997,3.976813e-05,0.021664115,352.71185,0.010560443,2.0144386e-11,0.076825894,1.8895685e-17,0.27842286,0.0,0.2359207,854.88025,0.0052734856,0.0,0.17807133,4.614548e-12,0.16270454,3.5651868e-12,0.12674804,1.8841074e-05,0.033623785
46614.41,1854.957,1.6775828e-23,3.4935156e-19,0.0,0.05532767,2.2672131e-05,0.021771153,551.7654,0.013281087,1.875249e-11,0.03991838,1.506353e-17,0.17756227,0.0,0.2358654,642.9812,0.05981814,0.0,0.17992511,3.7976016e-12,0.1608043,2.9251642e-12,0.12563623,1.7029035e-05,0.012461402
46614.41,1431.886,1.0915276e-23,1.848995e-19,0.0,0.05723876,1.9072895e-05,0.0153851835,1003.8434,0.0086293155,1.5194545e-11,0.01580014,1.273511e-17,0.13597175,0.0,0.2362789,466.61182,0.065472506,0.0,0.17897202,2.7785471e-12,0.16381624,2.2119505e-12,0.12737292,1.680525e-05,0.07198978
46614.41,1346.6404,8.7540045e-24,3.928922e-19,0.0,0.056114282,3.0707153e-05,0.023868242,1016.9338,0.017078595,1.192297e-11,0.13818574,5.8928037e-18,0.043311473,0.0,0.23594652,412.5036,0.050814208,0.0,0.18265638,2.2006633e-12,0.16629462,1.7388488e-12,0.1306291,1.1675531e-05,0.012316213
42560.594,2219.0186,1.4765865e-23,3.4577176e-19,0.0,0.05538882,2.8576182e-05,0.013739758,1042.1427,0.007455404,6.9152774e-12,0.13980156,4.3587046e-18,0.10916689,0.0,0.23563336,344.4587,0.03145909,0.0,0.17927617,1.7939178e-12,0.16570553,1.3828218e-12,0.13058473,1.2003599e-05,0.06480262
37527.375,3739.8115,2.0363054e-23,1.5908366e-19,0.0,0.05851354,1.5674119e-05,0.03176676,1270.1754,0.0044109845,5.1243025e-12,0.12717867,3.165038e-18,0.07702427,0.0,0.23645335,227.94969,0.010341257,0.0,0.18607838,1.6079762e-12,0.16512659,1.2219e-12,0.13139391,8.454979e-06,0.012008013
37527.375,3214.7576,1.0320773e-23,8.328583999999999e-20,0.0,0.05896406,5.3221074e-06,0.015018296,800.4813,0.0013767467,3.9560755e-12,0.09550942,3.0891800000000002e-18,0.063740395,0.0,0.23690753,146.93224,0.016062845,0.0,0.18171704,1.2133121e-12,0.16426869,9.399025e-13,0.12984365,8.766258e-06,0.06167147
37527.375,2953.714,4.9327508e-24,3.5255717e-20,0.0,0.059313416,9.6988915e-06,0.032038864,19889.69,0.0027721778,3.6163334e-12,0.04590429,1.4086813999999998e-18,0.026211534,0.0,0.23698857,95.49682,0.03359545,0.0,0.18084617,1.0005937e-12,0.16425236,7.603459e-13,0.12834886,6.686663e-06,0.011793907
36602.34,2887.9727,1.5415507e-24,2.303507e-19,0.0,0.056550074,1.82813e-05,0.0049663745,20793.12,0.0013933313,3.207555e-12,0.027072515,9.680311e-19,0.2460057,0.0,0.2359622,60.615566,0.026131257,0.0,0.17933437,7.588038e-13,0.16277884,5.862454e-13,0.12652539,7.1000877e-06,0.045738745
31297.607,2775.3918,1.4900744e-24,9.357279e-20,0.0,0.059787113,2.1728372e-05,0.011224446,46598.008,0.0008437961,2.1692743e-12,0.11092137,8.5107000000000005e-19,0.21058169,0.0,0.23665354,32.77117,0.01949667,0.0,0.18100424,6.5031644e-13,0.1666638,5.0048556e-13,0.12994501,6.0185503e-06,0.01630293
31297.607,1396.9897,1.1965659e-24,5.2876416e-18,0.0,0.06347473,1.9303927e-05,0.043860596,92288.46,0.009403241,9.624187e-13,0.109107845,2.6366328e-19,0.10845481,0.0,0.23786226,18.720747,0.008199047,0.0,0.1845568,4.9200796e-13,0.1668832,3.9252043e-13,0.13371989,6.421099e-06,0.03449957
28023.033,874.6554,9.621576e-25,2.8308077e-18,0.0,0.06128295,8.318566e-06,0.019720545,138361.75,0.014182265,6.4607315e-13,0.07475432,1.4443543e-19,0.03032753,0.0,0.23735493,15.840434,0.056261256,0.0,0.18027404,3.835518e-13,0.1656795,2.974464e-13,0.13208248,5.9794797e-06,0.011209528
22722.238,1537.513,1.04949405e-22,1.0070815999999998e-18,0.0,0.060124937,8.998156e-06,0.01977929,40642.4,0.008644258,5.110333e-13,0.0316687,1.1224147e-19,0.07156693,0.0,0.23696247,10.568345,0.05934037,0.0,0.18015964,3.1695265e-13,0.16536057,2.4254367e-13,0.13138473,6.209351e-06,0.05560033
10876.986,1419.6477,1.1363771e-21,1.9756738e-19,0.0,0.05972101,6.9123785e-06,0.024610184,1807.346,0.0165394,4.76994e-13,0.0106902355,3.8947915e-20,0.035521902,0.0,0.23669328,6.4373407,0.04679411,0.0,0.1787749,2.471025e-13,0.16337703,1.8974449e-13,0.12898882,4.990738e-06,0.007989397
2664.996,768.4994,2.4392774e-15,1.7687522e-19,0.0,0.059390858,8.182281e-06,0.029837482,5904.653,0.023596676,3.5840187e-13,0.13723719,2.7349556999999997e-20,0.15623757,0.0,0.23658323,7.0462747,0.024511756,0.0,0.17914414,2.0091261e-13,0.16586053,1.569928e-13,0.1317883,5.2205914e-06,0.042240314
0.03631071,522.5115,4.953915e-15,1.3852327e-18,0.0,0.05493113,4.0239765e-06,0.023873625,10679.471,0.0058002756,2.1741983e-13,0.15860018,2.2862932999999998e-20,0.124480315,0.0,0.23517512,8.000871,0.0063482197,0.0,0.17649022,1.5396804e-13,0.16254854,1.1942303e-13,0.12892355,4.5863026e-06,0.007955894
0.03631071,477.11447,4.9455463e-15,5.258237e-18,0.0,0.056226257,4.2299134e-06,0.02089414,7576.1772,0.010029555,1.4643168e-13,0.13369974,1.2200994e-20,0.046499748,0.0,0.23526907,6.259071,0.06461393,0.0,0.17576459,1.3144207e-13,0.16201933,9.9430894e-14,0.12670837,4.7177605e-06,0.0343678
0.03631071,133.43997,3.3668223e-15,5.996766e-18,0.0,0.055644114,4.441059e-06,0.022102486,4674.8594,0.011079422,1.0717329e-13,0.09354162,9.286658999999999e-21,0.015028625,0.0,0.23488684,3.7283723,0.05557454,0.0,0.17572582,1.0234256e-13,0.15981576,7.890478e-14,0.124206915,4.7987e-06,0.042234324
0.03631071,39.803764,2.2920608e-15,8.506873e-18,0.0,0.05784019,2.3165142e-06,0.027364893,2674.4185,0.010567465,1.1317638e-13,0.08019665,7.607828e-21,0.32644525,0.0,0.23542,3.4127123,0.031267725,0.0,0.1767358,8.293812e-14,0.16333356,6.535165e-14,0.12779178,3.8139876e-06,0.024884922
0.03631071,11.659993,2.2881886e-15,5.96705e-17,0.0,0.05627541,3.4303266e-06,0.01796748,8482.056,0.017919963,6.1487016e-14,0.042237796,2.7348356e-21,0.18185341,0.0,0.2348385,3.2162924,0.008940715,0.0,0.17495164,6.3644775e-14,0.16051163,5.0058644e-14,0.12622206,3.8203516e-06,0.026499867
0.03631071,0.6239343,2.0199766e-15,1.7413083e-15,0.0,0.057861287,1.6352695e-06,0.016651157,10320.23,0.0061986595,3.5190177e-14,0.09766818,1.9456587e-21,0.123461835,0.0,0.23531404,2.8395474,0.07274702,0.0,0.1758415,5.2300547e-14,0.16223526,4.0545217e-14,0.12635149,3.343349e-06,0.014790774
0.0074899984,0.09202307,0.0009865154,0.00031501846,0.0,0.0577145,1.3552971e-06,0.026945183,2790.4822,0.008044566,1.6165292e-14,0.07967449,1.5312235e-21,0.09632815,0.0,0.2351948,1.8827333,0.057581358,0.0,0.17510904,3.9467588e-14,0.16185232,3.130698e-14,0.12703036,3.3684778e-06,0.022546537
1.9204028e-07,0.0075956597,0.0020575,0.0022969185,0.0,0.055958148,1.8501771e-06,0.016296363,6295.067,0.0047876695,1.0820612e-14,0.03666573,8.3587565e-22,0.023112621,0.0,0.23479916,1.2647947,0.024498105,0.0,0.17591333,3.5026083e-14,0.16186288,2.6765674e-14,0.1267895,3.4050336e-06,0.0585148
1.8844915e-07,0.014071819,0.0018037015,0.0012500476,0.0,0.056551624,2.4965689e-06,0.017312596,9977.936,0.009299106,9.479476e-15,0.01961727,6.9069854000000015e-22,0.21259041,0.0,0.23506507,0.7277578,0.022885408,0.0,0.17604679,2.7674684e-14,0.15953997,2.1560812e-14,0.12544523,2.304656e-06,0.04486009
1.7931019e-07,0.00015909693,0.0011270384,0.006764729,0.0,0.05966494,1.8930926e-06,0.033323694,8089.791,0.02381701,6.4673795e-15,0.17464745,4.0030384e-22,0.11774208,0.0,0.23612495,0.26527688,0.0226143,0.0,0.18099318,2.2435263e-14,0.16435212,1.7775291e-14,0.12970473,2.2680883e-06,0.059778247
1.7227228e-07,0.00014964373,0.009005319,0.0042276047,0.0,0.06325412,1.8216124e-06,0.01412821,4053.7087,0.0063890563,3.4992091e-15,0.17896412,2.863739e-22,0.099552974,0.0,0.23730604,0.066011935,0.015483767,0.0,0.18187974,1.5637077e-14,0.16568619,1.2764888e-14,0.13255632,1.5974358e-06,0.044610925
1.606183e-07,0.00014059861,0.00613635,0.0026402369,0.0,0.06381999,9.51724e-07,0.027448218,667.9538,0.014699287,2.0825285e-15,0.15686142,8.9647845e-23,0.06562848,0.0,0.2377723,0.060234588,0.47653222,0.0,0.18420707,1.3186963e-14,0.16735576,1.028604e-14,0.13432844,1.6496735e-06,0.049902864
1.5177828e-07,0.00013386742,0.0029641504,0.004359583,0.0,0.060239058,1.3542636e-06,0.017149527,3.6866734,0.0062432494,1.9835026e-15,0.1039049,5.317994e-23,0.018907996,0.0,0.23693621,0.06051035,0.12275694,0.0,0.1846157,9.960192e-15,0.16741264,7.815187e-15,0.13467894,1.2311439e-06,0.04000127
1.3971635e-07,0.00012653565,0.0020462044,0.0018998095,0.0,0.06050161,1.064697e-06,0.033104066,4.046707e-05,0.011522839,1.4588532e-15,0.07643411,4.8678357e-23,0.26533443,0.0,0.23707584,0.088287495,0.031367745,0.0,0.18365794,7.874318e-15,0.17050761,6.1668784e-15,0.1375973,1.3458892e-06,0.06533713
1.2477345e-07,0.00011931944,0.020837698,0.006292924,0.0,0.061752692,9.866851e-07,0.011457623,49.81586,0.014601114,1.1007315e-15,0.04046255,1.3932404e-23,0.15036212,0.0,0.23755917,0.11360515,0.014888074,0.0,0.18488918,6.333727e-15,0.16938443,4.9170373e-15,0.13831276,9.1498595e-07,0.05246387
1.0327835e-07,0.00011182063,0.0089739105,0.0045136204,0.0,0.061619334,8.6688533e-07,0.030407852,168.45769,0.019810982,6.960814e-16,0.03191298,7.9331994e-24,0.062046807,0.0,0.2377378,0.11653404,0.050967664,0.0,0.1860081,4.9859447e-15,0.17224984,3.905475e-15,0.14127567,9.773721e-07,0.03483108
9.6625655e-08,0.000106809115,0.006593167,0.008749611,0.0,0.06141564,8.350899e-07,0.019399572,240.95328,0.008096875,4.805379400000001e-16,0.02329024,8.009485e-24,0.10013577,0.0,0.23803294,0.08026135,0.038088933,0.0,0.18894264,3.6673422e-15,0.17303891,2.8943904e-15,0.14289469,8.8519624e-07,0.030863298
8.700716e-08,9.707134e-05,0.0015621308,0.012562599,0.0,0.06319979,4.4336505e-07,0.034438103,58.298927,0.028393937,2.804773e-16,0.16889945,2.6041066000000003e-24,0.04244624,0.0,0.23874785,0.050872825,0.025326949,0.0,0.18650351,3.2042719e-15,0.17266609,2.4381329e-15,0.14317349,9.720836e-07,0.020090273
7.758512e-08,8.986042e-05,0.00087966037,0.012542365,0.0,0.06589495,5.004228e-07,0.030917209,63.689365,0.0031698723,1.6805337e-16,0.16912515,1.6052202e-24,0.024917176,0.0,0.23978959,0.057702526,0.009324241,0.0,0.1900899,2.4640193e-15,0.17331374,1.9299618e-15,0.14497733,9.611708e-07,0.056324232
7.65918e-08,8.551764e-05,0.0009775524,0.010102631,0.0,0.06645482,4.9568774e-07,0.013478247,39.583073,0.0048327167,1.1574838e-16,0.1419929,1.4436451e-24,0.109717384,0.0,0.24039094,0.062468756,0.3404237,0.0,0.19134724,1.7685207e-15,0.17720029,1.4011658e-15,0.14788593,8.388219e-07,0.009957885
7.587291e-08,7.790811e-05,0.00086602906,0.0077927653,0.0,0.06802789,4.3913616e-07,0.06025981,15.955568,0.007004526,8.3638594e-17,0.11640809,4.8121477e-25,0.040053677,0.0,0.24139124,0.021869801,0.1331552,0.0,0.19250955,1.3955658e-15,0.17957845,1.0910996e-15,0.15148595,8.133051e-07,0.05311503
7.5369606e-08,7.444265e-05,0.00086460274,0.0042496016,0.0,0.06622171,2.8119706e-07,0.034913756,4.1245456,0.0167537,6.313504000000001e-17,0.06780518,2.901932e-25,0.12926003,0.0,0.2410674,0.009746118,0.08650326,0.0,0.1926162,1.1538927e-15,0.17724147,8.7522877e-16,0.150396,8.073567e-07,0.029257922
7.265541e-08,7.058994e-05,0.00048720665,0.008328758,0.0,0.06631231,2.7086693e-07,0.034877487,27.066563,0.0139281675,5.0986986e-17,0.027820628,2.4134844e-25,0.114043824,0.0,0.2412601,0.0010484444,0.06298165,0.0,0.19379888,7.698412e-16,0.18198103,6.057613300000002e-16,0.1529136,7.099462e-07,0.038685758
6.686281e-08,6.433666e-05,0.0020804428,0.004050579,0.0,0.06687609,2.4821418e-07,0.03190901,39.786243,0.015984073,4.4659880000000004e-17,0.027183643,7.300506500000001e-26,0.043508504,0.0,0.24168943,0.00028899018,0.11525627,0.0,0.19318609,6.11181e-16,0.1833594,4.6917695e-16,0.15548207,7.1365827e-07,0.027246354
6.385736e-08,6.954587e-05,0.004403913,0.0026681148,0.0,0.066254914,2.1456982e-07,0.023878919,42.148228,0.009549488,3.7612974e-17,0.014053149,4.0368623e-26,0.14800127,0.0,0.24176177,0.34860438,0.08711717,0.0,0.19343859,5.045006e-16,0.1810665,3.7742457e-16,0.1543591,6.491311e-07,0.031333502
6.1708924e-08,6.580439e-05,0.0039003065,0.0011541812,0.0,0.06614048,1.9213911e-07,0.017229157,29.860743,0.014083393,3.144495e-17,0.12683202,3.2458172e-26,0.11229857,0.0,0.24190557,3.9990015,0.046184167,0.0,0.19417404,4.1892484e-16,0.1803619,3.135446e-16,0.15367886,6.282279e-07,0.031368453
5.9785776e-08,5.4312197e-05,0.003690407,0.0041876654,0.0,0.066013895,1.5202826e-07,0.03410847,48.608276,0.010137939,1.8941695e-17,0.13106884,1.3014153e-26,0.057824973,0.0,0.24209853,25.831194,0.01875949,0.0,0.19424595,3.136693e-16,0.18087272,2.402894e-16,0.15406257,5.5260443e-07,0.027023723
5.8073113e-08,5.1528736e-05,0.0032849472,0.0015139102,0.0,0.06545215,1.1908558e-07,0.028975233,22.564444,0.0073197535,1.3758196e-17,0.10722066,7.867967e-27,0.01682209,0.0,0.24209082,61.273693,0.0051888903,0.0,0.19420214,2.6251126e-16,0.17939088,1.9614622e-16,0.15255575,5.363222e-07,0.016459448
5.633108e-08,4.870057e-05,0.004831414,0.007530504,0.0,0.06584478,1.2348318e-07,0.0338827,6.3246746,0.012031147,1.0783788000000001e-17,0.08991798,7.532449999999999e-27,0.27493006,0.0,0.24223362,91.06629,0.0803725,0.0,0.19329727,1.960736e-16,0.17935543,1.483734e-16,0.15133743,5.083891e-07,0.07323011
5.369041e-08,4.5242108e-05,0.0040746913,0.010670057,0.0,0.06836758,6.965963e-08,0.031113708,44.33274,0.028110715,7.1150064e-18,0.058783695,3.0709007000000003e-27,0.14028047,0.0,0.24291304,84.12351,0.06292579,0.0,0.19559278,1.3290482000000002e-16,0.18575394,1.0547089e-16,0.15722315,3.488237e-07,0.014454649
5.200746e-08,4.2169268e-05,0.0036013608,0.00674504,0.0,0.07020694,5.8423602e-08,0.030572478,6.3302905e-06,0.0058271647,4.4185370000000004e-18,0.028189715,2.3020086000000003e-27,0.07680379,0.0,0.24366291,107.047935,0.034693867,0.0,0.19772644,1.1187267000000002e-16,0.18614036,8.577659000000001e-17,0.16043535,3.4728865e-07,0.094079286
5.0587754e-08,3.977801e-05,0.0035954283,0.00580502,0.0,0.07042964,2.9953164e-08,0.015999638,1.032875,0.00799153,3.0367124e-18,0.13058893,1.7545089e-27,0.066841625,0.0,0.24395575,147.16176,0.009971183,0.0,0.19751199,8.8139575e-17,0.18593305,6.637449e-17,0.16034828,2.2005835e-07,0.023499567
4.9113915e-08,3.753261e-05,0.003182003,0.0025336384,0.0,0.06860025,1.8749494e-08,0.038673464,27.593685,0.010903452,1.5912305999999998e-18,0.122988604,6.237374500000001e-28,0.08043017,0.0,0.24383344,171.28528,0.024659691,0.0,0.19392784,7.8877687e-17,0.18242314,5.6544895e-17,0.15631257,2.1490709e-07,0.04216098
4.6549463e-08,4.499728e-05,0.0012205241,0.0067020697,0.0,0.06684689,6.902984e-08,0.016613666,40.66081,0.031613234,1.1243337e-18,0.087120675,4.142242000000001e-28,0.018668372,0.0,0.24354139,149.81389,0.019618763,0.0,0.19527353,6.315702000000001e-17,0.18211147,4.70254e-17,0.15563045,2.1682503e-07,0.036082465
4.1722387e-08,3.270855e-05,0.0009511524,0.0061948183,0.0,0.06621191,2.4597469e-08,0.032626115,41.917225,0.0041510127,9.500923999999998e-19,0.08452626,3.248818e-28,0.27119932,0.0,0.24322806,138.52263,0.00915924,0.0,0.19644237,5.2800308e-17,0.18140619,3.952546e-17,0.15525277,1.8722643e-07,0.037276193
3.692406e-08,3.0516418e-05,0.01107354,0.005472298,0.0,0.068824135,1.5546616e-09,0.02514436,57.721645,0.007429902,4.657346e-19,0.056922108,1.4598573e-28,0.14093336,0.0,0.2438956,176.7481,0.027075045,0.0,0.19635364,4.074571000000001e-17,0.18304859,3.112945e-17,0.15660685,1.9932374e-07,0.03468909
3.391409e-08,2.8641005e-05,0.005138121,0.011067255,0.0,0.06822298,2.5442281e-08,0.020443063,59.474434,0.025027428,2.5591714e-19,0.046084415,1.0983058e-28,0.061540212,0.0,0.24388121,180.01108,0.011829559,0.0,0.19657092,3.21708e-17,0.18245861,2.4219883e-17,0.15588768,1.7296178e-07,0.04799027
3.2600983e-08,3.4311743e-05,0.005129654,0.011869043,0.0,0.06597118,2.7146346e-08,0.013735125,31.722021,0.0115488935,1.40572e-19,0.020737732,8.9796255e-29,0.07962046,0.0,0.2434099,139.47224,0.0082388045,0.0,0.19588284,2.6837584e-17,0.18109962,1.9923272e-17,0.15441808,1.7465926e-07,0.028423963
3.0404646e-08,2.7247783e-05,0.0017918191,0.01736585,0.0,0.06628309,1.1295942e-08,0.06971834,14.54345,0.019603489,7.296349e-20,0.1483689,2.857694e-29,0.037661634,0.0,0.24351211,89.357155,0.045807615,0.0,0.19567853,2.0249178e-17,0.18098566,1.5212076e-17,0.15318504,1.646943e-07,0.031594433
2.7929271e-08,2.816221e-05,0.0022499764,0.010707038,0.0,0.065843634,2.1599677e-08,0.03950688,1.5713828,0.0117602125,9.7559316e-20,0.14793208,1.7933343e-29,0.24385476,0.0,0.24349439,55.500496,0.022309337,0.0,0.19454494,1.5526726e-17,0.18352379,1.1820439e-17,0.15518661,1.5930098e-07,0.038990587
2.6691016e-08,2.7104126e-05,0.0038409992,0.013753345,0.0,0.06169053,2.4523597e-08,0.03405949,48.24823,0.021451073,8.683963999999999e-20,0.12574205,1.4924932e-29,0.19123039,0.0,0.24236885,36.057102,0.0041752956,0.0,0.19454841,1.29887275e-17,0.18115185,9.701977e-18,0.15439051,1.3099195e-07,0.027112968
2.2315641e-08,2.6453119e-05,0.0014828156,0.014835555,0.0,0.06273357,1.5002042e-08,0.030671308,10.538898,0.0092639085,2.6540334e-20,0.09051534,4.45531e-30,0.13047378,0.0,0.24230637,14.642612,0.072197355,0.0,0.19436797,1.10404665e-17,0.17922266,8.150155e-18,0.15224604,1.3896566e-07,0.03277806
2.1284274e-08,2.654285e-05,0.0022276358,0.0052370527,0.0,0.06072426,1.2215275e-08,0.024364522,5.7708488,0.006885916,1.24657936e-20,0.04106709,3.1766544000000004e-30,0.05386475,0.0,0.24155997,3.036214,0.064235024,0.0,0.19322936,8.143302e-18,0.17900689,6.1262853e-18,0.15041369,1.18383866e-07,0.023643952
2.062357e-08,3.071801e-05,0.0011951458,0.005197356,0.0,0.06335548,1.6297971e-08,0.025170498,8.0239613e-07,0.019247921,4.2981299999999997e-20,0.016033964,2.8853541e-30,0.07979077,0.0,0.2422188,0.64795417,0.04226793,0.0,0.19327568,6.147934e-18,0.18251413,4.7277694e-18,0.15345795,1.2008715e-07,0.020596474
2.000878e-08,1.679577e-05,0.0006258306,0.017040534,0.0,0.06421042,1.4577582e-08,0.04496315,7.378002e-07,0.031342074,3.1219958e-20,0.14051676,6.701996e-31,0.29052728,0.0,0.24253684,5.8127737,0.012572476,0.0,0.1960841,5.6852820000000004e-18,0.17782883,4.187732e-18,0.15130782,1.1321004e-07,0.030399747
1.7306919e-08,2.6984695e-05,0.001129003,0.012628327,0.0,0.06470077,9.0343395e-09,0.022068057,6.4369254e-07,0.008097295,1.4066563e-20,0.14926459,2.8977144e-31,0.15652558,0.0,0.242664,23.475111,0.016268505,0.0,0.19599198,4.1761963e-18,0.18043257,3.200787e-18,0.15229645,1.11054e-07,0.044489853
1.71574e-08,2.2155453e-05,0.0011271413,0.009786957,0.0,0.06568672,9.404747e-09,0.037909135,5.84919e-07,0.011918823,1.116269e-20,0.11979542,2.3745905e-31,0.10329144,0.0,0.24296705,55.68805,0.0052375505,0.0,0.19580677,3.2661353e-18,0.18160716,2.4856968e-18,0.15339305,8.714786e-08,0.029118547
1.672025e-08,0.025395997,0.000695642,0.011195463,0.0,0.06280358,7.461154e-09,0.01215276,5.67229e-07,0.019593628,7.1407336e-21,0.07643514,1.5330081e-31,0.0340097,0.0,0.24202657,63.878544,0.059132457,0.0,0.1955853,2.5778066e-18,0.18056488,1.9360969e-18,0.15255302,9.086521e-08,0.042297997
1.4427103e-08,0.05850321,0.007048183,0.01882321,0.0,0.062864974,7.844121e-09,0.025382334,5.5091334e-07,0.02372996,5.669797e-21,0.036070753,1.316692e-31,0.059175607,0.0,0.2419108,41.008648,0.03729699,0.0,0.19705382,2.2223545e-18,0.18035835,1.6752231e-18,0.15359008,7.228038e-08,0.030462917
1.3660317e-08,0.047248106,0.0047777896,0.006717933,0.0,0.06035341,4.668135e-09,0.013646555,5.11597e-07,0.006893224,3.1348033e-21,0.010728176,6.611897700000001e-32,0.024730682,0.0,0.24095738,22.059557,0.020122608,0.0,0.19133003,1.6696768e-18,0.17693031,1.2379122e-18,0.14882381,7.646935e-08,0.03687442
1.31489335e-08,0.05856504,0.0036917892,0.008688187,0.0,0.061778497,5.1484603e-09,0.018983847,3.3926537e-07,0.017043702,2.7921086e-21,0.1687041,4.4320157e-32,0.23267372,0.0,0.24104172,6.586439,0.009932942,0.0,0.19124803,1.3427211999999998e-18,0.17874463,1.011073e-18,0.14942889,6.3087334e-08,0.02109659
1.2781107e-08,0.40123188,0.0036857007,0.011887823,0.0,0.060836088,4.797162e-09,0.022168493,2.7729274e-07,0.024608895,1.7938231000000002e-21,0.17549354,3.3915595e-32,0.12989789,0.0,0.2407415,1.0634612,0.09425209,0.0,0.1918912,1.0081474e-18,0.17799726,7.677848999999999e-19,0.1489898,6.2938604e-08,0.021898381
1.24241515e-08,2.3962977,0.0036796222,0.012521635,0.0,0.06151805,3.7660035e-09,0.02655085,3.308462e-07,0.013097288,1.1934997000000001e-21,0.14929578,3.0744305e-32,0.097858004,0.0,0.24075757,0.032443456,0.1185826,0.0,0.19009323,8.109367499999999e-19,0.17746563,6.063891499999999e-19,0.14771874,6.039249e-08,0.039408512
1.2069095e-08,6.8042912,0.0035642073,0.0074304393,0.0,0.059226535,2.5979543e-09,0.017771155,2.8561138e-07,0.013902983,6.463917e-22,0.11452065,1.3917354e-32,0.039187666,0.0,0.23997377,3.779376e-05,0.08007126,0.0,0.18647283,6.890297e-19,0.17401332,5.0628866e-19,0.14447652,5.914015e-08,0.043419953
1.170359e-08,0.11017019,0.002760333,0.011728499,0.0,0.056486513,2.02653e-09,0.025382686,2.618346e-07,0.020637697,5.9463603e-22,0.06014038,8.5492404e-33,0.017215312,0.0,0.23887715,7.1404456e-06,0.025497966,0.0,0.18639408,5.463729e-19,0.1730353,4.0596318e-19,0.14184937,4.68932e-08,0.022426244
1.1440499e-08,0.007898918,0.002786182,0.0044170497,0.0,0.054916296,1.4874617e-09,0.018111369,2.562923e-07,0.005061298,4.1900805e-22,0.034798093,6.862546000000001e-33,0.2731882,0.0,0.2378981,1.7055132e-06,0.13617967,0.0,0.18563953,4.462175999999999e-19,0.16948679,3.2712786e-19,0.1371098,4.6324907e-08,0.027382826
1.0208595e-08,0.009853886,0.0027176663,0.0023005921,0.0,0.05519232,2.2611053e-09,0.012148687,2.4682683e-07,0.0027183876,4.58689e-22,0.05288721,6.365887e-33,0.15411815,0.0,0.23764965,0.0151456855,0.06962493,0.0,0.18265979,3.668361e-19,0.16797546,2.7037331e-19,0.13376942,4.1048906e-08,0.016834725
9.538046e-09,3.7365723,0.0072555076,0.0008407528,0.0,0.053904306,2.5519273e-09,0.01259995,2.2128893e-07,0.0022756394,4.3589283000000015e-22,0.02784729,4.9497176e-33,0.10648704,0.0,0.23677583,0.3368535,0.037136722,0.0,0.18227383,2.8612513e-19,0.16695963,2.1651135e-19,0.13216583,4.1273587e-08,0.018765135
8.985513e-09,5.2845244e-06,0.004157025,0.0025267773,0.0,0.052662287,2.2679827e-09,0.014533745,2.7122314e-07,0.0012430231,3.2577802e-22,0.012028692,2.5856769e-33,0.086240895,0.0,0.23572442,4.229725,0.020308627,0.0,0.18058337,2.385341e-19,0.1652583,1.7922215e-19,0.13021141,4.0901554e-08,0.05609993
8.655174e-09,5.023947e-06,0.0049671535,0.0012418474,0.0,0.05389287,1.6452673e-09,0.0253996,2.4408737e-07,0.0013031765,2.0898575000000001e-22,0.13145693,2.60082e-33,0.05589185,0.0,0.23567852,19.375301,0.007535935,0.0,0.17893256,1.8595997e-19,0.1652439,1.4381441e-19,0.13053443,3.2995242e-08,0.008697248
8.259418e-09,4.8083316e-06,0.0037182812,0.0029795843,0.0,0.052355934,1.7172938e-09,0.020384695,2.0364045e-07,0.004281058,1.2538721e-22,0.14095041,1.6910146e-33,0.016378108,0.0,0.23492953,51.667828,0.030753566,0.0,0.17670093,1.481972e-19,0.16556618,1.1249518e-19,0.12864791,3.415832e-08,0.02806775
7.85831e-09,4.604554e-06,0.0015611913,0.0010220563,0.0,0.051691774,7.7830775e-10,0.023312017,1.7197648e-07,0.0025469747,4.0668443e-23,0.14372164,1.3415491e-33,0.2728181,0.0,0.23414782,84.80287,0.031862393,0.0,0.17611164,1.2254133999999998e-19,0.1632644,9.28928e-20,0.12721759,3.221796e-08,0.021283453
7.056808e-09,4.431393e-06,0.00070995314,0.0024246061,0.0,0.05324841,1.1776622e-09,0.011204643,1.5519419e-07,0.003313014,5.2494197e-23,0.10799366,7.383287e-34,0.15728313,0.0,0.23416935,89.70861,0.024682717,0.0,0.17768158,9.8715495e-20,0.1633838,7.6105663e-20,0.12755129,3.4094562e-08,0.032127272
6.674533e-09,4.2689585e-06,0.001057983,0.0007692443,0.0,0.051323704,8.992733e-10,0.01517385,1.2347851e-07,0.0016864294,3.659248000000001e-23,0.059524253,5.818559e-34,0.0782682,0.0,0.23313637,97.26469,0.012037004,0.0,0.17867723,7.318592999999999e-20,0.16353326,5.700608e-20,0.12620625,2.9694965e-08,0.018917345
6.467601e-09,4.0140653e-06,0.005373692,0.0019779885,0.0,0.050130595,1.4199069e-09,0.010016596,1.4208169e-07,0.0011959409,8.4232895e-23,0.017856855,5.0681673e-34,0.11508024,0.0,0.2322969,83.78237,0.004910902,0.0,0.17430386,7.231789399999999e-20,0.16116987,5.349825e-20,0.12515843,2.937683e-08,0.010189281
6.2062444e-09,8.455775,0.0048614694,0.0005926404,0.0,0.048985608,1.5971062e-09,0.022195004,1.04435316e-07,0.0037510283,7.42605e-23,0.09916754,2.735403e-34,0.057905566,0.0,0.23140983,53.147694,0.040104453,0.0,0.17246474,5.5976953e-20,0.15755314,4.3204526e-20,0.12232753,3.042437e-08,0.046859745
5.9427103e-09,22.390223,0.0028898388,0.0010349945,0.0,0.048404854,1.082332e-09,0.014880708,9.148894e-08,0.0021108168,3.3062025e-23,0.10144137,2.089121e-34,0.03028002,0.0,0.23063327,46.808075,0.027534613,0.0,0.17149894,4.5397044999999997e-20,0.15775976,3.4953208e-20,0.12019371,2.6220851e-08,0.0066461135
5.644831e-09,19.227837,0.0011411087,0.0016575969,0.0,0.047208894,9.0965524e-10,0.010109352,5.137418e-08,0.0018937425,1.7486512e-23,0.091383226,1.5028597999999999e-34,0.06595767,0.0,0.22951175,80.80334,0.011219291,0.0,0.17130017,3.0520008e-20,0.159821,2.5006929999999998e-20,0.12162239,2.620334e-08,0.016661434
5.4553992e-09,104.18179,0.0006679303,0.0007744606,0.0,0.04363556,8.372942e-10,0.012548483,8.375926e-08,0.0028196047,1.5768330999999998e-23,0.059558745,1.3471802e-34,0.091922306,0.0,0.22744639,138.62917,0.00332885,0.0,0.16884619,3.0388955e-20,0.1544806,2.2239189e-20,0.11612281,2.67145e-08,0.031823058
5.404531e-09,196.06512,0.0007453452,0.0009535562,0.0,0.0425403,6.1667843e-10,0.008203289,8.515448e-08,0.0009556401,2.0612583e-15,0.023286551,9.092397e-35,0.053946655,0.0,0.2258291,151.54877,0.031278625,0.0,0.16611607,2.5333471e-20,0.1489053,1.8985537e-20,0.10980845,2.4285772e-08,0.014487123
5.3736615e-09,2.8126965e-06,0.00074411527,0.0009807192,0.0,0.04268582,5.578346e-10,0.0076777334,7.102039e-08,0.00067162444,8.296966700000002e-16,0.0084788455,8.1832366e-35,0.042647824,0.0,0.2246848,174.83917,0.012827326,0.0,0.16036578,2.1767751999999998e-20,0.1450262,1.6363741e-20,0.10349282,2.5156849e-08,0.0179836
5.180758e-09,2.8281129e-06,0.00035850762,0.0031394751,0.0,0.042575933,5.040823e-10,0.024419975,8.0537376e-08,0.0020019277,6.196858e-16,0.10195665,5.222136e-35,0.03267542,0.0,0.22361375,232.63454,0.0059137167,0.0,0.1609608,1.6821697e-20,0.14313994,1.3384801e-20,0.10087696,2.5266429e-08,0.03756833
5.1665037e-09,2.1203955e-06,0.00035791603,0.0009419396,0.0,0.040358137,7.403231e-10,0.009202277,6.7320975e-08,0.0013672238,6.3597262e-15,0.087719895,4.921593e-35,0.08232765,0.0,0.22178248,232.67216,0.020536315,0.0,0.16073437,1.6265549999999998e-20,0.1387955,1.2426583999999999e-20,0.09756286,2.2806224e-08,0.008865629
5.1523115e-09,2.1255653e-06,0.0003573254,0.0007051898,0.0,0.03800734,7.582023e-10,0.0129591655,6.2041345e-08,0.0015722843,8.331702e-15,0.065324396,3.208864e-35,0.038301516,0.0,0.21973498,184.87189,0.015020295,0.0,0.15944907,1.34332015e-20,0.1320926,1.0572443999999999e-20,0.09081316,2.3105915e-08,0.016308775
5.068756e-09,2.4727642e-06,0.00024179505,0.002280754,0.0,0.036496274,5.084344e-10,0.010103342,5.8256823e-08,0.0017038085,3.6136497e-15,0.04494459,2.6063648e-35,0.029516317,0.0,0.2175103,170.96625,0.00920351,0.0,0.15905258,1.0908019e-20,0.12987915,8.8090446e-21,0.085741065,2.3274069e-08,0.011303388
5.0593454e-09,1.9482225e-06,0.00024139603,0.00043331078,0.0,0.03762692,1.4349374e-10,0.020014672,6.8945695e-08,0.00090025086,4.597929e-25,0.02068948,2.1724616e-35,0.10126074,0.0,0.21645981,157.08609,0.005617378,0.0,0.15837884,9.441725e-21,0.12460323,7.6760576e-21,0.08222238,2.3315634e-08,0.030682476
4.9692708e-09,2.3063897e-06,0.00017805451,0.0005576296,0.0,0.037346013,3.071249e-10,0.011900394,7.207333e-08,0.0010665124,1.2564416e-15,0.008800035,1.7435794e-35,0.10037691,0.0,0.21509537,125.96984,0.017441588,0.0,0.15172909,8.2762134e-21,0.120968565,6.782821e-21,0.07929045,2.2163402e-08,0.01448126
4.9510667e-09,2.2079732e-06,0.00016549598,0.002788778,0.0,0.03659843,3.8591758e-10,0.015061396,6.817099e-08,0.0009707941,2.9503013e-15,0.082305096,1.3227727e-35,0.04774495,0.0,0.21379967,110.92856,0.01749542,0.0,0.1531244,7.282331e-21,0.114934914,5.9968765e-21,0.07439049,2.1315616e-08,0.022116506
4.921936e-09,2.0357002e-06,0.00016745274,0.0008006172,0.0,0.037235953,3.5253903e-10,0.010863393,5.4404357e-08,0.0026624708,1.7885757e-15,0.07781735,1.00570085e-35,0.032331645,0.0,0.21264374,142.51947,0.012458382,0.0,0.14644192,6.0002874e-21,0.11201768,5.127628e-21,0.07105927,2.0357202e-08,0.020190151
4.769859e-09,1.6467071e-06,0.00159974,0.00046017792,0.0,0.037481073,3.8255507e-10,0.0077247256,3.717509e-08,0.000945915,1.2724174e-15,0.057909247,7.61357e-36,0.055997387,0.0,0.21161367,172.34421,0.0057945666,0.0,0.14300433,4.720012e-21,0.10782782,4.195629e-21,0.0672244,1.9604023e-08,0.021189164
4.7037734e-09,1.7374351e-06,0.0014150097,0.0011109553,0.0,0.03432553,2.8410221e-10,0.009811653,4.3138165e-08,0.0006402036,3.6799751e-16,0.028685972,6.550115e-36,0.07042046,0.0,0.20889719,158.2222,0.01965636,0.0,0.14528781,3.9062708e-21,0.105860755,3.501223e-21,0.06595691,1.817313e-08,0.016182827
4.652898e-09,1.7172339e-06,0.0014126746,0.0013602522,0.0,0.034093544,3.4531486e-10,0.00801846,3.4803186e-08,0.0028385504,3.2809726e-15,0.012175226,4.891788e-36,0.045823976,0.0,0.20707856,92.66878,0.018175857,0.0,0.14329927,3.7121043e-21,0.10292209,3.182305e-21,0.06475768,1.8293306e-08,0.03537568
4.562576e-09,1.7078709e-06,0.0009477572,0.00088362483,0.0,0.03120605,3.2922207e-10,0.0032557265,4.0579497e-08,0.00074428716,2.6625634e-15,0.02579422,4.4779124e-36,0.023911888,0.0,0.20389943,43.258976,0.010343072,0.0,0.13833319,3.0061044e-21,0.09567958,2.6759436000000007e-21,0.057851348,1.6193724e-08,0.006696215
4.497257e-09,1.7251283e-06,0.0006945839,0.00059614034,0.0,0.028797008,2.2562063e-10,0.0023939407,3.951301e-08,0.000324427,3.3477773e-16,0.012544555,3.5276633e-36,0.09994514,0.0,0.20023155,17.099878,0.004814733,0.0,0.13452041,2.8588135000000007e-21,0.08805802,2.4475913e-21,0.051332697,1.6426716e-08,0.007163972
4.4640753e-09,1.677187e-06,0.00062185945,0.00087131833,0.0,0.02628538,2.5258595e-10,0.0014326533,5.556592e-08,0.00021048996,9.217936e-16,0.011495856,2.937474e-36,0.077481754,0.0,0.19580589,4.987361,0.009871087,0.0,0.12873377,2.5026594e-21,0.08059297,2.2154025e-21,0.04561483,1.6404526e-08,0.004652459
4.312348e-09,1.616438e-06,0.00047487547,0.0007829927,0.0,0.02484363,2.5697147e-10,0.0020109592,5.7885924e-08,0.00026456363,1.6775754e-15,0.0101442095,2.1529908e-36,0.033802554,0.0,0.19138056,0.80000436,0.027858052,0.0,0.12567931,2.2547764e-21,0.071692735,2.021812e-21,0.039203227,1.6451331e-08,0.0025242658
3.8258783e-09,1.56721e-06,0.0037580768,0.0005185533,0.0,0.022469088,2.3247074e-10,0.0016167576,4.916241e-08,0.00015518437,5.8119954e-16,0.00760859,1.9682734e-36,0.014299509,0.0,0.1859001,0.074529104,0.015387605,0.0,0.1178072,2.126683e-21,0.06440933,1.90826e-21,0.034686707,1.6773818e-08,0.0015047966
3.494101e-09,1.5218559e-06,0.0015446896,0.0005397857,0.0,0.021047048,2.2966598e-10,0.0009934809,4.5545544e-08,9.081112e-05,9.519639e-16,0.029610073,1.621779e-36,0.099988714,0.0,0.18030256,0.0029209086,0.042022076,0.0,0.11384073,1.8241162e-21,0.057060108,1.7322618e-21,0.029681884,1.6820415e-08,0.0007380622
3.4528664e-09,1.4859497e-06,0.0015421396,0.00036346703,0.0,0.019223565,2.4136593e-10,0.0007749363,2.9184767e-08,4.876696e-05,1.439105e-15,0.01885138,1.738758e-36,0.04589726,0.0,0.17432924,0.0009486411,0.024127806,0.0,0.10684967,1.707059e-21,0.050556507,1.615658e-21,0.025951413,1.666843e-08,0.00085568463
3.4121852e-09,1.3528127e-06,0.0015395937,0.00031753516,0.0,0.017370291,2.4114946e-10,0.00043214168,4.887641e-08,3.6121382e-05,1.1715876e-15,0.006862941,1.4208385e-36,0.00933054,0.0,0.16730805,0.0003634829,0.041919064,0.0,0.104059294,1.4870313e-21,0.044686172,1.4730878e-21,0.022320665,1.6565691e-08,0.0005574322
3.3048637e-09,1.3192935e-06,0.00077107706,0.00021499101,0.0,0.017188532,1.359421e-10,0.0019817122,4.8231705e-08,2.5479836e-05,6.034356400000001e-16,0.02606636,1.2631439e-36,0.051969733,0.0,0.16157717,0.00010981021,0.057062324,0.0,0.09363699,1.4369672000000001e-21,0.040422738,1.3912891e-21,0.020137304,1.6706329e-08,0.00081852096
3.2718974e-09,1.2833106e-06,0.00062574167,0.00021568808,0.0,0.015817117,1.4894445e-10,0.0009183263,4.8023857e-08,3.25372e-05,6.312048e-16,0.016207837,1.1089321e-36,0.018693708,0.0,0.15475586,3.0505269e-05,0.008065528,0.0,0.09078011,1.3433896000000001e-21,0.034183178,1.3133497e-21,0.016543327,1.68763e-08,0.00045030948
3.2562004e-09,1.3336639e-06,0.0006247086,9.9282384e-05,0.0,0.014395168,1.9238248e-10,0.0003658615,3.9842266e-08,2.6995436e-05,7.1746163e-16,0.0054681343,9.03742e-37,0.046597343,0.0,0.14710368,1.0127888e-05,0.074137546,0.0,0.072444454,1.1215791e-21,0.026752237,1.1920051e-21,0.012219041,1.672824e-08,0.0003315222
3.1767728e-09,1.2693507e-06,0.000310342,3.134033e-05,0.0,0.013558349,9.4790835e-11,0.0008429065,4.498954e-08,2.432647e-05,2.6873838e-16,0.01879806,7.760568e-37,0.011761816,0.0,0.13936608,2.7105168e-06,0.013710722,0.0,0.07397112,1.1671474e-21,0.022162886,1.1518574e-21,0.010036908,1.664012e-08,0.00041204
3.1692051e-09,1.1905958e-06,0.00030982963,7.241796e-06,0.0,0.011443686,9.629555e-11,0.0006675427,3.863034e-08,1.7064765e-05,2.938477e-16,0.0091999415,5.216796499999999e-37,0.050654683,0.0,0.12912033,1.0812261e-06,0.088077016,0.0,0.057721883,1.0927233000000001e-21,0.018465338,1.1047792e-21,0.008211386,1.6636449e-08,0.00043409062
3.1616678e-09,1.2155929e-06,0.00030931813,1.9684096e-06,0.0,0.010351699,1.5837053e-10,0.0004448034,3.5010952e-08,1.5099174e-05,4.798206e-16,0.004770532,5.120795699999999e-37,0.008417495,0.0,0.119289204,2.896565e-07,0.015643135,0.0,0.057987463,9.846443e-22,0.015804444,1.0399386e-21,0.0068948255,1.6211505e-08,0.00040569704
3.1470966e-09,1.2172e-06,0.00027245365,5.216328e-07,0.0,0.009445386,1.0015222e-10,0.00041622872,3.2136974e-08,2.5983289e-05,6.103022600000001e-17,0.017415825,5.303984e-37,0.04272794,0.0,0.10958007,1.2706535e-07,0.07685663,0.0,0.048544906,8.926869000000001e-22,0.015294737,9.671996e-22,0.006750879,1.6488416e-08,0.00042328276
3.1405138e-09,1.1567746e-06,0.00027200385,1.3607045e-07,0.0,0.007888988,4.9903515e-11,0.0002814394,3.6904147e-08,1.7942622e-05,2.7260602000000003e-26,0.0054252306,4.8230173e-37,0.006872501,0.0,0.09840901,4.562318e-08,0.013753206,0.0,0.050930534,8.607439999999999e-22,0.013174244,9.132773000000001e-22,0.0056883325,1.6315084e-08,0.00036327456
3.091161e-09,1.1624269e-06,0.00015906969,3.7638664e-08,0.0,0.0069772257,8.9686716e-11,0.0003285296,3.2549252e-08,2.046588e-05,2.7866635e-16,0.0112337535,4.443505e-37,0.031483397,0.0,0.0888607,2.7425981e-08,0.07461911,0.0,0.042101957,8.830623000000001e-22,0.012335774,8.909792e-22,0.005191052,1.6240218e-08,0.00032168475
3.0873843e-09,1.1348839e-06,0.00015880707,1.5813109e-08,0.0,0.0060919556,1.0505032e-10,0.00027873495,3.438866e-08,2.3807801e-05,3.0770761e-16,0.0029917627,3.990083e-37,0.004689655,0.0,0.08035538,1.6500762e-08,0.013324691,0.0,0.04413442,7.9862915e-22,0.011054123,8.486962000000001e-22,0.0044085947,1.5664044e-08,0.0002464688
3.0836187e-09,1.0380919e-06,0.00015854488,1.7162717e-08,0.0,0.004896311,1.6399371e-10,0.00010269019,3.4547746e-08,1.7644385e-05,4.592456e-16,0.0036371334,4.064759699999999e-37,0.009650451,0.0,0.07103589,1.4855822e-08,0.061623935,0.0,0.03582186,7.527494500000001e-22,0.009635785,8.0659334e-22,0.003892636,1.5794967e-08,0.00018217045
3.0798637e-09,1.0260977e-06,0.00015828312,1.1188455e-08,0.0,0.002105664,9.248179e-11,8.76223e-05,3.0248835e-08,9.3998e-06,3.4689054e-16,0.0012978793,4.07144e-37,0.0022654058,0.0,0.049756367,1.1937166e-08,0.007980344,0.0,0.022045592,7.105026e-22,0.0041217916,7.79993e-22,0.001475253,1.6036905e-08,4.5230296e-05
3.033964e-09,1.0811997e-06,9.292325e-05,2.9859013e-08,0.0,0.0046531977,1.071521e-10,0.00010313547,3.5697987e-08,2.0012665e-05,1.2375501e-16,0.0028883275,3.0145073e-37,0.006149328,0.0,0.06020129,1.3237156e-08,0.031656347,0.0,0.038859807,6.222961e-22,0.010095687,7.120543e-22,0.00435395,1.5336273e-08,2.468307e-05
2.9545273e-09,1.0405437e-06,4.0585044e-05,4.5683755e-08,0.0,0.0061993133,1.3366219e-10,0.00035233048,3.1385575e-08,2.2294626e-05,2.980876e-16,0.024337992,3.528365e-37,0.045297362,0.0,0.068285406,1.4263087e-08,0.02435927,0.0,0.041339025,6.182307700000002e-22,0.012759276,6.656276000000002e-22,0.0059406483,1.534702e-08,2.3129254e-05
2.594894e-09,1.0322967e-06,6.923989e-06,4.242994e-08,0.0,0.0069790315,1.0616394e-10,0.00052581495,3.3431352e-08,1.8461147e-05,1.3262635e-16,0.010130712,3.1711082e-37,0.011014169,0.0,0.07280282,1.5359793e-08,0.08231897,0.0,0.04566199,5.459567e-22,0.014022766,6.0610770000000015e-22,0.006673376,1.504523e-08,2.4244948e-05
2.0859037e-09,1.0054627e-06,2.6490661e-06,3.500831e-08,0.0,0.0075492845,8.0741566e-11,0.001036275,3.267917e-08,2.4302659e-05,1.117658e-16,0.020206816,2.3293686e-37,0.07661164,0.0,0.07509164,1.40755505e-08,0.017391156,0.0,0.045394037,4.293438e-22,0.016761074,5.1863910000000005e-22,0.00821321,1.5096848e-08,3.2820088e-05
1.785595e-09,9.864065e-07,1.4136356e-06,2.5371053e-08,0.0,0.0065635326,1.0323934e-10,0.00039834352,3.841921e-08,1.7799397e-05,6.538038000000001e-17,0.0076006404,1.9904557e-37,0.020025076,0.0,0.07104597,1.5575884e-08,0.05136431,0.0,0.05255623,3.9085084e-22,0.016207827,4.544953e-22,0.0079072835,1.4654732e-08,3.186674e-05
1.6085264e-09,9.025483e-07,8.923777e-07,2.7845054e-08,0.0,0.0064370083,7.142485e-11,0.0006456632,2.8292009e-08,2.5153568e-05,5.832916000000001e-17,0.017910805,1.8408305e-37,0.049124647,0.0,0.06917887,1.5509947e-08,0.019929351,0.0,0.042673986,4.093964e-22,0.01540597,4.281065e-22,0.0074867425,1.507234e-08,2.870758e-05
1.6085154e-09,9.102039e-07,8.9090344e-07,2.825098e-08,0.0,0.0054812995,9.82596e-11,0.00028003976,3.099966e-08,2.2345479e-05,2.0315508e-16,0.0055908677,1.8448366e-37,0.009202877,0.0,0.06446124,1.6129436e-08,0.05713211,0.0,0.048209637,3.903212e-22,0.012640551,4.0648516e-22,0.0058461567,1.4873438e-08,1.9222905e-05
1.6085044e-09,9.1758983e-07,8.894316e-07,5.266867e-08,0.0,0.0050840313,1.249278e-10,9.3529256e-05,2.9066346e-08,2.1604066e-05,2.3129513e-16,0.011416772,1.6030796999999998e-37,0.041645873,0.0,0.061370857,1.596025e-08,0.028502392,0.0,0.035129875,4.0838246e-22,0.0107760215,4.02279e-22,0.004746487,1.4802735e-08,1.544169e-05
1.6084934e-09,8.5941963e-07,8.879622e-07,8.196272e-08,0.0,0.005938288,9.9656006e-11,0.00035449033,2.5507802e-08,3.1454518e-05,1.1357792000000002e-16,0.0052571404,1.5056827999999998e-37,0.010154367,0.0,0.06329967,1.742011e-08,0.053960133,0.0,0.043661628,3.531994e-22,0.01036732,3.7883595e-22,0.004624766,1.4779178e-08,1.30837625e-05
1.4181121e-09,8.6982e-07,6.7992227e-07,5.8629066e-08,0.0,0.0053990507,6.970378e-11,0.00040050023,2.5184477e-08,2.1731483e-05,6.290854e-17,0.012243339,1.2532173999999998e-37,0.043470144,0.0,0.060387142,1.528533e-08,0.008082843,0.0,0.031277735,3.5722035e-22,0.00927833,3.668939e-22,0.0040558963,1.4743572e-08,1.1018143e-05
1.312892e-09,8.4102015e-07,4.287192e-07,5.0494684e-08,0.0,0.004794796,7.208215e-11,0.00027438614,2.4685407e-08,2.2022947e-05,4.8716723e-17,0.0063159964,1.18591e-37,0.007430433,0.0,0.056555767,1.5662845e-08,0.04378577,0.0,0.036725976,3.3593252e-22,0.00856407,3.5191163000000005e-22,0.0037178602,1.4461012e-08,9.129344e-06
1.2633772e-09,8.2680805e-07,2.58513e-07,4.0519332e-08,0.0,0.0040612826,6.438614e-11,0.00030188868,1.8822877e-08,2.1639558e-05,1.2586865e-17,0.008347461,9.567642e-38,0.02354333,0.0,0.051724404,1.4505198e-08,0.012070291,0.0,0.026693923,2.933873e-22,0.0077915005,3.278383e-22,0.0032375413,1.411561e-08,6.691882e-06
1.2583231e-09,8.1461883e-07,2.218627e-07,2.7202974e-08,0.0,0.0037453894,6.436606e-11,0.00020168933,2.5942207e-08,1.7569842e-05,5.9769345e-17,0.004869619,9.410382999999998e-38,0.0114628095,0.0,0.048391566,1.4913335e-08,0.061758526,0.0,0.035684448,2.8438560000000003e-22,0.008282618,3.0881754000000003e-22,0.0035477036,1.3603905e-08,7.693003e-06
1.2553268e-09,7.777481e-07,1.9967597e-07,1.3056804e-08,0.0,0.0031973615,8.0583124e-11,8.152868e-05,2.168182e-08,2.0783542e-05,8.5665776e-17,0.0102478685,9.720657e-38,0.04165512,0.0,0.044002548,1.3304992e-08,0.011171706,0.0,0.024052814,2.6328544e-22,0.006781845,2.903631e-22,0.002788726,1.3526273e-08,5.895816e-06
1.2553248e-09,7.8532133e-07,1.9934603e-07,6.8789854e-09,0.0,0.0029228618,4.7289367e-11,0.000110682224,3.5533215e-08,9.907198e-06,3.3952377000000005e-27,0.004552291,9.603914e-38,0.0060960646,0.0,0.041270778,1.4219754e-08,0.05677934,0.0,0.024615139,2.6698784e-22,0.0051462646,2.8087328e-22,0.0020089443,1.3571479e-08,3.662397e-06
1.2523359e-09,8.358973e-07,1.7766381e-07,1.2767815e-09,0.0,0.0024108083,6.249849e-11,4.861191e-05,6.253792e-09,1.5154799e-05,1.05099385e-16,0.0048986804,9.858218e-38,0.0072106784,0.0,0.03728861,1.3205932e-08,0.009794362,0.0,0.020460555,2.50154e-22,0.0041917167,2.6990084000000004e-22,0.0015646187,1.3020512e-08,2.126052e-06
1.2523341e-09,7.6220437e-07,1.7737024e-07,9.745312e-10,0.0,0.001955549,6.295587e-11,3.513219e-05,1.2142576e-08,1.8100598e-05,1.3828271e-16,0.0039933384,8.106295999999999e-38,0.016589807,0.0,0.03270084,1.39058995e-08,0.034600068,0.0,0.018330554,2.361606e-22,0.0033259715,2.5838577e-22,0.0012332031,1.2926626e-08,1.5517666e-06
1.2523325e-09,7.481855e-07,1.7707715e-07,6.5462777e-09,0.0,0.0018706059,2.6222942e-11,6.9309535e-05,2.7237926e-08,1.6185546e-05,2.5700256e-27,0.007828582,7.0019897e-38,0.015813997,0.0,0.030948976,1.3068789e-08,0.0121613545,0.0,0.018641653,1.9797133e-22,0.0033911846,2.3725988000000003e-22,0.0012924362,1.3326974e-08,1.4891378e-06
1.2434331e-09,7.3727176e-07,1.3337218e-07,1.6520923e-08,0.0,0.0019220528,4.4497565e-11,6.9451635e-05,2.4916048e-08,1.5911855e-05,6.813872e-18,0.0025247757,6.323106500000001e-38,0.021598196,0.0,0.030160626,1.3626551e-08,0.05918288,0.0,0.015744533,2.0896587000000005e-22,0.002857568,2.2754063e-22,0.0010696945,1.3340817e-08,1.0294502e-06
1.2434318e-09,7.2583913e-07,1.331518e-07,1.1626186e-08,0.0,0.0015226718,5.063053e-11,4.4936263e-05,3.3759473e-08,1.1567996e-05,1.5310124e-16,0.0016476568,6.264699999999999e-38,0.005866189,0.0,0.026294071,1.2428534e-08,0.006762157,0.0,0.0134032415,2.253513e-22,0.0024252408,2.2628327e-22,0.00085475453,1.2743226e-08,8.0164125e-07
1.237527e-09,7.824282e-07,1.0786772e-07,1.07734905e-08,0.0,0.0013566692,3.558446e-11,4.7543195e-05,2.3172406e-08,1.4757528e-05,3.0686813000000004e-17,0.0021159106,5.8907746e-38,0.01019755,0.0,0.023857465,1.3318752e-08,0.014852638,0.0,0.011759188,2.0278735000000002e-22,0.0019208294,2.187289e-22,0.0006906827,1.2822874e-08,6.9110524e-07
1.2087741e-09,8.3335897e-07,5.73273e-08,4.513486e-09,0.0,0.001348867,5.812352e-12,9.93796e-05,1.1551941e-08,1.9661213e-05,2.1643493e-27,0.0043353033,5.090984e-38,0.023101944,0.0,0.022736823,1.3689455e-08,0.04239669,0.0,0.01569199,1.7792760000000002e-22,0.00270287,2.0440027000000002e-22,0.0010088148,1.2708054e-08,9.85351e-07
1.2087735e-09,6.7513025e-07,5.723257e-08,1.196692e-08,0.0,0.0016562263,2.1644046e-11,0.00022498863,2.47061e-08,1.6446586e-05,1.98391e-27,0.0072108377,4.6654475e-38,0.011889815,0.0,0.023764685,1.3292601e-08,0.031044845,0.0,0.012620747,1.9136222e-22,0.002320655,1.995164e-22,0.0009060138,1.2649977e-08,1.143829e-06
1.208773e-09,6.7601417e-07,5.7137996e-08,7.1810504e-09,0.0,0.001197664,5.270204e-12,0.00013038014,3.573577e-08,1.2976971e-05,6.621919e-18,0.0023972187,4.2655245e-38,0.018504446,0.0,0.019422002,1.2838887e-08,0.010046891,0.0,0.01147497,1.9537377e-22,0.001712867,1.978427e-22,0.00062459573,1.2601496e-08,6.0833594e-07
1.205896e-09,6.610006e-07,5.0900777e-08,5.771951e-09,0.0,0.0009044915,3.3855262e-11,3.3619603e-05,3.0078436e-08,1.476011e-05,7.284541e-17,0.0013377173,4.4627259999999995e-38,0.009390854,0.0,0.016249195,1.3111241e-08,0.016978584,0.0,0.009488172,1.7613353000000002e-22,0.001330331,1.9126041e-22,0.00046898698,1.2410682e-08,3.6821814e-07
1.1833152e-09,6.526171e-07,2.9870048e-08,9.908562e-09,0.0,0.0008057745,3.6709937e-11,1.12428625e-05,3.030751e-08,1.42312065e-05,1.3666515000000002e-16,0.0010344975,3.6665086e-38,0.019331016,0.0,0.014621695,1.3287232e-08,0.023764163,0.0,0.010018959,1.8526607e-22,0.001422249,1.893634e-22,0.00046018226,1.2022679e-08,3.2629055e-07
1.1833149e-09,6.6933774e-07,2.982069e-08,8.326219e-09,0.0,0.00085833005,4.860667e-11,3.5361143e-06,1.7724677e-08,3.1361214e-05,2.1001482000000003e-16,0.0014417812,3.2597952000000003e-38,0.02089435,0.0,0.014310817,1.3268053e-08,0.019535795,0.0,0.013750809,1.5191607e-22,0.0015065265,1.7661965000000002e-22,0.0005606899,1.195904e-08,5.757409e-07
1.1833147e-09,6.2191407e-07,2.9771412e-08,3.4495338e-09,0.0,0.00071008,3.054487e-11,1.916128e-06,1.8146912e-08,2.539636e-05,7.473635000000001e-17,0.0024960123,3.6582242e-38,0.009290465,0.0,0.012194905,1.3253331e-08,0.024097905,0.0,0.0067935693,1.3113925e-22,0.0013474331,1.6232443e-22,0.0004889165,1.2120597e-08,4.3447204e-07
1.1833143e-09,6.090846e-07,2.9722216e-08,1.03765725e-08,0.0,0.0006441616,5.0201614e-11,3.6454216e-07,2.0354403e-08,2.3849063e-05,2.1233859e-16,0.005613727,3.6822483e-38,0.020283857,0.0,0.010969102,1.3321333e-08,0.024022728,0.0,0.0075718374,1.2498667000000001e-22,0.0010129791,1.5001553000000001e-22,0.0003898814,1.1712663e-08,3.6530176e-07
1.1643763e-09,5.950238e-07,1.8636324e-08,7.0236e-09,0.0,0.00054940884,6.9891384e-11,5.199232e-09,1.6894147e-08,1.7919374e-05,5.246980500000001e-16,0.001831226,3.9384642e-38,0.0052525103,0.0,0.009685107,1.3628335e-08,0.023880215,0.0,0.0071156938,1.3197488e-22,0.00097193,1.4434596000000002e-22,0.00034860327,1.17130625e-08,3.2182928e-07
1.164376e-09,5.916212e-07,1.8605528e-08,1.160938e-08,0.0,0.00044324526,6.172117e-11,5.1172012e-08,3.7852033e-08,6.8453937e-06,4.3657126e-16,0.0015137203,3.4935315e-38,0.004051954,0.0,0.008279058,1.3924723e-08,0.017975371,0.0,0.005365762,1.1131008e-22,0.00057662604,1.349551e-22,0.00021021761,1.1795442e-08,2.1298625e-07
1.1643759e-09,5.842764e-07,1.8574783e-08,1.1321899e-08,0.0,0.00034009467,6.429556e-11,7.4397016e-10,2.5855186e-08,1.1639009e-05,7.360693e-15,0.0014421594,3.6846947e-38,0.0027451897,0.0,0.0069726664,1.4279127e-08,0.020788964,0.0,0.005582169,9.596329e-23,0.00063894124,1.2298482000000001e-22,0.00022259977,1.1810311e-08,1.7575893e-07
1.1643757e-09,5.7073055e-07,1.8544087e-08,9.175594e-09,0.0,0.00027636922,6.2143034e-11,2.9839364e-10,1.190388e-08,1.3738404e-05,3.0643003e-14,0.0014843937,2.7563712e-38,0.0028548392,0.0,0.006003881,1.4355364e-08,0.015245933,0.0,0.004788192,1.02782776e-22,0.00049695134,1.1723796000000002e-22,0.00017063474,1.2163717e-08,1.1391516e-07
1.1616048e-09,6.098917e-07,1.6432423e-08,7.697125e-09,0.0,0.00028802332,5.0909856e-11,1.5284918e-08,3.1966803e-08,6.659385e-06,1.6822947e-14,0.0027894105,2.7748585000000004e-38,0.0033355716,0.0,0.005874566,1.4438e-08,0.01962369,0.0,0.0052850265,1.2604548000000002e-22,0.0007776726,1.1980231e-22,0.00025373005,1.1553412e-08,1.7661085e-07
1.1588405e-09,8.209284e-07,1.4562214e-08,1.7516453e-09,0.0,0.00025799952,1.9516971e-11,2.2087688e-06,3.851796e-08,5.623676e-06,8.550558e-28,0.0032709297,2.3168322000000003e-38,0.00459748,0.0,0.005274256,1.42749235e-08,0.015420482,0.0,0.0050733434,1.125478e-22,0.00046153122,1.1765374e-22,0.00016666122,1.1749385e-08,1.4198505e-07
1.1588404e-09,5.6055467e-07,1.453815e-08,4.1069814e-09,0.0,0.00025770348,3.7160355e-11,2.4760334e-07,3.004426e-08,1.349972e-05,9.316918e-15,0.0043573407,2.2274159999999998e-38,0.009067136,0.0,0.005109614,1.4418357e-08,0.020712985,0.0,0.005588562,9.5343004e-23,0.000530111,1.104772e-22,0.00019056661,1.1430343e-08,1.4185066e-07
1.1533381e-09,5.5229486e-07,1.180275e-08,1.2610899e-08,0.0,0.00027815375,3.866537e-11,4.6552792e-08,3.1840305e-08,1.6710543e-05,9.874497e-15,0.0036696787,2.2706359e-38,0.018393891,0.0,0.005259411,1.4299672e-08,0.02858085,0.0,0.006449753,9.373261000000001e-23,0.00056793983,1.05090175e-22,0.00020524245,1.1418983e-08,1.7887584e-07
1.153338e-09,5.4272573e-07,1.17832455e-08,1.3417742e-08,0.0,0.00024506717,3.5226256e-11,1.3374419e-08,3.3508716e-08,1.32617115e-05,8.837473e-15,0.0038348262,2.1906869e-38,0.0069996193,0.0,0.0048393095,1.3901234e-08,0.010448727,0.0,0.005049306,9.6669016e-23,0.00040146033,1.0256563000000001e-22,0.00014548274,1.1229258e-08,1.3185858e-07
1.1533379e-09,5.375345e-07,1.1763774e-08,1.8972463e-08,0.0,0.00030085712,1.9498292e-11,1.7051601e-08,2.8414977e-08,1.5849027e-05,2.2700144e-15,0.006139632,2.1571529999999998e-38,0.015497105,0.0,0.005337654,1.4406875e-08,0.030034753,0.0,0.006466638,7.864066599999999e-23,0.000645029,9.4887206e-23,0.00022453773,1.0787971e-08,2.0522931e-07
1.1533378e-09,5.244503e-07,1.1744334e-08,2.5227417e-08,0.0,0.00034816485,1.5161112e-11,2.4980695e-08,2.7477041e-08,1.942944e-05,8.3003305e-16,0.0045234724,1.7629349e-38,0.014660282,0.0,0.0055929064,1.4188822e-08,0.012889818,0.0,0.008571409,8.602431000000001e-23,0.00049448945,9.2001004e-23,0.0001866509,1.090705e-08,2.1148806e-07
1.1533376e-09,5.1447705e-07,1.1724927e-08,2.1491688e-08,0.0,0.00039280797,1.665957e-11,3.4731137e-08,2.4208896e-08,2.2592021e-05,8.392505e-16,0.009329335,1.3755429000000002e-38,0.030401299,0.0,0.005859438,1.409329e-08,0.046211265,0.0,0.009120773,8.682222000000001e-23,0.00087958836,9.015653e-23,0.00032889142,1.08534515e-08,3.981042e-07
1.1533375e-09,5.0582486e-07,1.1705551e-08,9.684502e-09,0.0,0.00035169802,1.5215303e-11,3.5190645e-08,1.6401064e-08,2.8101673e-05,1.7662757e-15,0.0026147116,1.4378275e-38,0.007988721,0.0,0.0055670813,1.2746893e-08,0.0039503104,0.0,0.008206022,8.069908e-23,0.00066583784,8.673721000000001e-23,0.00027456382,1.0926439e-08,4.356444e-07
1.1533374e-09,4.919154e-07,1.16862084e-08,3.2708969e-09,0.0,0.00030243504,2.0886643e-11,2.6134977e-08,1.4538752e-10,3.688259e-05,3.7817116e-15,0.0028709052,1.3899735000000002e-38,0.015378907,0.0,0.005189192,1.28977105e-08,0.003068846,0.0,0.008360932,7.3954e-23,0.00066685444,8.245363e-23,0.00025447327,1.079626e-08,3.4719687e-07
1.1533373e-09,4.7661217e-07,1.1666897e-08,3.1382343e-09,0.0,0.00024754534,2.3989566e-11,1.2851067e-08,1.2775453e-08,2.3376992e-05,5.3983625e-15,0.003079617,1.2277111000000002e-38,0.011914587,0.0,0.0047200434,1.2678569e-08,0.0011815599,0.0,0.007714496,7.097001000000001e-23,0.00059408374,7.8572137e-23,0.00022951326,1.0622679e-08,3.2933585e-07
1.1533372e-09,4.6736005e-07,1.1647617e-08,2.191881e-09,0.0,0.00026741598,2.3681177e-11,8.39389e-09,2.212597e-08,1.9079467e-05,3.6953337e-15,0.004001152,9.287817e-39,0.026567107,0.0,0.004871568,1.2249329e-08,0.00067448604,0.0,0.0071422276,6.944547000000001e-23,0.0009822357,7.539138000000001e-23,0.00036544816,1.0288009e-08,4.3967535e-07
1.1533371e-09,4.6015947e-07,1.1628369e-08,8.2845597e-10,0.0,0.00028096768,1.35255175e-11,2.0033799e-08,3.171037e-08,1.4667179e-05,1.7077964e-15,0.005202902,1.0998916e-38,0.009321644,0.0,0.004893209,1.20497585e-08,0.0008915854,0.0,0.0046838177,7.056761e-23,0.0005317731,7.382225000000001e-23,0.0002127455,1.0094802e-08,3.056297e-07
1.1533371e-09,4.5204845e-07,1.1609154e-08,8.8609403e-10,0.0,0.0003806945,2.0544889e-11,2.4159824e-08,2.3419137e-08,1.8986977e-05,3.5320533e-15,0.0059248633,1.0561029e-38,0.028694991,0.0,0.00582648,1.2023886e-08,0.001657205,0.0,0.007383765,6.575839e-23,0.00114509,7.087489000000001e-23,0.00043822936,9.9693445e-09,5.5864865e-07
1.153337e-09,4.4346933e-07,1.158997e-08,5.6683964e-09,0.0,0.00039413,2.4162528e-11,2.1225963e-08,2.192913e-08,2.3179975e-05,3.6524463e-15,0.004407264,7.445497000000001e-39,0.0057649356,0.0,0.005849749,1.19532055e-08,0.0016350059,0.0,0.007342085,5.694973000000001e-23,0.0007566218,6.565704000000001e-23,0.000329329,9.575082e-09,6.3235024e-07
1.1533369e-09,1.972664e-06,1.1570817e-08,4.1814787e-09,0.0,0.0005472302,1.7415546e-11,8.452444e-08,1.6917896e-08,3.3381955e-05,1.9881615e-15,0.0137591,7.441242000000001e-39,0.038235307,0.0,0.00693984,1.1922259e-08,0.0033126664,0.0,0.01475366,5.497493e-23,0.0017936539,6.131867000000001e-23,0.00075594446,9.812705e-09,1.44096e-06
1.1533368e-09,4.192089e-07,1.15516965e-08,3.2916816e-09,0.0,0.00066685304,1.1656172e-11,8.111278e-06,2.6368896e-08,3.188454e-05,2.9164656e-28,0.004010421,7.789032e-39,0.007038349,0.0,0.0075385133,1.1978196e-08,0.011200359,0.0,0.00471897,5.051485000000001e-23,0.0013085207,5.693731e-23,0.00059912575,9.755243e-09,1.6203901e-06
1.1505921e-09,4.1107316e-07,1.1154011e-08,1.1317989e-09,0.0,0.0005513011,1.5248813e-11,8.6261076e-07,3.3145742e-08,2.31126e-05,6.573719e-16,0.0066685616,7.484198e-39,0.032267608,0.0,0.006822549,1.1996146e-08,0.07436419,0.0,0.008045894,4.878292e-23,0.0009313129,5.38529e-23,0.00041134778,9.589486e-09,1.0160186e-06
1.118577e-09,4.0200712e-07,1.4369536e-08,1.989095e-08,0.0,0.00051745836,7.612409e-12,0.00023735133,3.5052015e-08,2.0581025e-05,2.3540167e-28,0.01073573,6.050577e-39,0.0048585697,0.0,0.0066957087,1.01467155e-08,0.008366334,0.0,0.011860914,4.5943095e-23,0.0017276087,5.0882633e-23,0.00068481383,9.131527e-09,1.0867519e-06
1.1132659e-09,3.922075e-07,1.3123952e-08,3.5125357e-08,0.0,0.0005413446,3.0550245e-12,0.00016633561,3.3957413e-08,2.2093865e-05,2.0400232e-28,0.0035665832,5.600434e-39,0.02551209,0.0,0.0068942513,1.0563605e-08,0.028610006,0.0,0.008221204,4.53461e-23,0.0012522856,4.870968000000001e-23,0.0005501899,9.1701216e-09,1.0762818e-06
1.1132658e-09,3.819183e-07,1.3102263e-08,2.8766678e-08,0.0,0.0007489318,7.28367e-12,0.00014486334,3.1744552e-08,2.3271494e-05,1.77213e-28,0.008844208,5.590695e-39,0.010423606,0.0,0.008185881,1.08537e-08,0.062299773,0.0,0.015597036,4.2284040000000003e-23,0.0014371305,4.6031624e-23,0.00064406527,9.056518e-09,1.5833116e-06
1.0924196e-09,3.918151e-07,1.9869347e-08,1.7123194e-08,0.0,0.00079519395,1.5062037e-11,1.1109196e-05,2.6314442e-08,2.2050499e-05,1.2567862e-15,0.0044666403,5.777226e-39,0.07066209,0.0,0.00855023,1.0241894e-08,0.0056843976,0.0,0.008309891,3.3883020000000005e-23,0.0013840207,4.0776738e-23,0.0006560629,8.966434e-09,2.0291097e-06
1.0846577e-09,3.7855173e-07,2.1319874e-08,1.3340693e-08,0.0,0.0009764423,1.777509e-11,1.2308844e-06,2.4655588e-08,3.1051564e-05,1.7749251e-15,0.029093051,4.93228e-39,0.025224084,0.0,0.009611935,1.1331773e-08,0.026013825,0.0,0.02914111,3.0822282e-23,0.003573212,3.6105955e-23,0.0017199317,8.663945e-09,5.44036e-06
1.0618644e-09,3.4795937e-07,5.1197237e-08,8.3858836e-08,0.0,0.0013102914,1.4897247e-11,8.0585914e-07,2.9948993e-08,3.248941e-05,1.1558463e-15,0.015037609,4.4395620000000005e-39,0.033989526,0.0,0.011132732,1.1513172e-08,0.11040789,0.0,0.01567254,3.0286607e-23,0.0042760433,3.3235593e-23,0.0021818124,8.511499e-09,9.633735e-06
1.0518728e-09,3.380827e-07,5.7451242e-08,8.179334e-08,0.0,0.0013180702,1.4146984e-11,7.9279107e-07,3.7982733e-08,2.7777454e-05,8.930457e-16,0.010851079,3.158033e-39,0.032808263,0.0,0.011145579,9.615352e-09,0.025994843,0.0,0.0071093463,2.6888327e-23,0.0028045154,3.0245167e-23,0.0014631186,8.292193e-09,8.362632e-06
1.0493693e-09,3.2887195e-07,5.608746e-08,5.0437023e-08,0.0,0.0012091461,1.4397411e-11,6.0031664e-07,3.5158834e-08,2.3809043e-05,5.715937700000001e-16,0.006180088,2.7729760000000003e-39,0.014395232,0.0,0.010812808,1.0682301e-08,0.07471672,0.0,0.017918915,2.4331869e-23,0.0036032386,2.757966e-23,0.0017137573,8.164942e-09,7.2650423e-06
1.0468717e-09,3.1761644e-07,5.538408e-08,6.247239e-08,0.0,0.001337094,1.2760227e-11,9.776231e-07,3.0911625e-08,3.500541e-05,6.1684306e-16,0.032890063,2.293788e-39,0.06507784,0.0,0.011502354,1.026528e-08,0.012480306,0.0,0.007943991,2.0898229e-23,0.0031324641,2.4476047e-23,0.0015726777,7.9524725e-09,7.8335825e-06
1.0443801e-09,3.3494626e-07,5.5615576e-08,4.4595566e-08,0.0,0.0014097561,9.450297e-12,1.5067521e-06,2.0373134e-08,4.2593627e-05,2.673315e-16,0.018768437,1.9913030000000003e-39,0.032455068,0.0,0.011864175,1.0716054e-08,0.15731482,0.0,0.030517003,2.110732e-23,0.0031340895,2.2800019e-23,0.0016355745,7.697192e-09,9.484854e-06
1.0272279e-09,2.9460213e-07,9.488102e-08,4.0284185e-08,0.0,0.0016715617,6.8102776e-12,2.866928e-06,2.3088667e-08,4.283704e-05,2.7615517000000002e-17,0.011520857,1.6190630000000003e-39,0.025961094,0.0,0.0132223135,7.974735e-09,0.0405878,0.0,0.0107891,1.8117342e-23,0.0076611503,2.0299964e-23,0.0041266684,7.356825e-09,2.3082423e-05
1.0272271e-09,3.11206e-07,9.47242e-08,7.315299e-08,0.0,0.0017715987,1.0488279e-11,1.6325159e-06,1.5803215e-08,4.4536766e-05,3.0824622e-16,0.04605386,1.240116e-39,0.07343133,0.0,0.013616689,8.849345e-09,0.051807746,0.0,0.05346865,1.6136025e-23,0.0065136966,1.8033845e-23,0.0036673623,7.23204e-09,2.7795819e-05
1.0272263e-09,2.7612077e-07,9.4567646e-08,7.9792834e-08,0.0,0.0019457878,5.527275e-12,8.59995e-05,1.7491297e-08,3.30371e-05,3.1359225e-29,0.033236194,1.046743e-39,0.04479299,0.0,0.014352955,8.9367544e-09,0.012573261,0.0,0.031104313,1.3058620400000001e-23,0.0058441865,1.5328367e-23,0.0033424257,7.0492328e-09,3.2624695e-05
1.0272256e-09,9.786053e-07,9.441135e-08,7.3062886e-08,0.0,0.0026162202,7.1228297e-12,1.5133393e-05,1.9203297e-08,4.6646306e-05,9.699708e-17,0.008285202,8.86707e-40,0.045082655,0.0,0.016751815,9.719547e-09,0.3516817,0.0,0.012181249,1.2287536e-23,0.008026089,1.354477e-23,0.004759799,6.895e-09,5.316917e-05
1.0049765e-09,9.980555e-07,3.3919244e-07,9.736252e-08,0.0,0.002875478,7.823255e-12,9.114155e-06,1.3214759e-08,6.1890576e-05,2.4736075e-16,0.08320126,5.26546e-40,0.12992664,0.0,0.017956099,4.8721227e-09,0.13241798,0.0,0.08378528,9.304738e-24,0.0073267655,1.10639596e-23,0.0044702976,6.774904e-09,6.600227e-05
9.520731e-10,1.3387429e-06,9.125554e-07,6.251861e-08,0.0,0.0030662639,7.417305e-12,8.45557e-06,1.5951043e-08,5.068354e-05,2.1146184000000003e-16,0.09112873,3.56232e-40,0.1630487,0.0,0.01873389,5.6861524e-09,0.024430953,0.0,0.062439926,9.024243e-24,0.008017062,9.846713e-24,0.0048369346,6.662179e-09,6.981141e-05
9.2800406e-10,2.3406794e-07,7.7732903e-07,3.300583e-08,0.0,0.0029557343,6.8657523e-12,7.908145e-06,2.8130689e-08,4.2060314e-05,1.2663325e-16,0.079427145,2.56344e-40,0.11177526,0.0,0.018731711,7.412053e-09,0.16950215,0.0,0.033358384,7.949563e-24,0.007395769,8.744905999999999e-24,0.0043871608,6.5789734e-09,7.155659e-05
9.1490565e-10,2.2289987e-07,6.6112597e-07,6.38596e-08,0.0,0.003073712,6.759273e-12,7.28041e-06,2.157772e-08,6.09177e-05,1.0865217e-16,0.049686752,1.87931e-40,0.06322933,0.0,0.019353693,5.842697e-09,0.08974427,0.0,0.014256743,6.901869e-24,0.010294563,7.662326e-24,0.006066662,6.547661e-09,9.172253e-05
8.9265356e-10,2.2148383e-07,7.2134344e-07,1.9111019e-07,0.0,0.003419874,6.543171e-12,7.493081e-06,1.9994285e-08,5.7351728e-05,1.00557614e-16,0.019414812,1.80005e-40,0.05784092,0.0,0.020582434,5.3837828e-09,0.03761123,0.0,0.08057157,5.5181373e-24,0.0071392846,6.3706285000000005e-24,0.00451802,6.3148295e-09,0.00012401442
8.905247e-10,2.506675e-07,6.85131e-07,3.0688054e-07,0.0,0.0037591709,6.394277e-12,7.866684e-06,1.4209267e-08,6.855006e-05,8.855441000000001e-17,0.0037691533,9.2071e-41,0.03599405,0.0,0.021751173,5.742099e-09,0.10266381,0.0,0.052818906,5.3809808e-24,0.011756201,5.7557295e-24,0.0071751145,6.0058865e-09,0.00017894374
8.1715823e-10,2.2810042e-07,2.601731e-06,4.1099977e-07,0.0,0.0045026843,5.1641495e-12,1.6585427e-05,1.3777076e-08,7.208347e-05,4.8827502e-17,0.019466469,6.862999999999998e-41,0.08170832,0.0,0.024066195,2.5926177e-09,0.06113674,0.0,0.02496361,4.136391e-24,0.015934525,4.713255e-24,0.0102448575,5.5272142e-09,0.00041097502
7.142691e-10,1.8306032e-07,5.993972e-06,5.3190166e-07,0.0,0.005369624,4.2387374e-12,3.821088e-05,1.147198e-08,8.584729e-05,2.9661264000000003e-17,0.0315449,4.1691e-41,0.073723346,0.0,0.026600644,2.2279127e-09,0.10825884,0.0,0.048170995,2.8375096e-24,0.013554728,3.472388e-24,0.009218406,5.188671e-09,0.0027165746
6.7108125e-10,1.6697031e-07,5.6375416e-06,7.312549e-07,0.0,0.0066431714,3.7032014e-12,7.720881e-05,9.289926e-09,0.00011904159,2.0333259e-17,0.013940454,3.2823e-41,0.05530242,0.0,0.030230597,1.774156e-09,0.07292197,0.0,0.039237354,2.3161654e-24,0.013874247,2.7017074000000003e-24,0.009396612,5.1522067e-09,0.0076957108
6.67869e-10,1.9511018e-07,4.9430787e-06,6.83037e-07,0.0,0.0075382884,3.4522556e-12,0.00013721614,7.543835e-09,0.00012553338,1.437886e-17,0.036725223,2.1801e-41,0.04231582,0.0,0.032853644,1.837495e-09,0.021328611,0.0,0.026168473,1.9153482e-24,0.017337583,2.1656036e-24,0.011793833,4.862665e-09,0.054049276
6.626681e-10,1.8348534e-07,4.2424786e-06,5.2791466e-07,0.0,0.0071630985,2.5358277e-12,0.0004679469,5.0460573e-09,0.00011676743,4.596313e-18,0.026935605,1.5524e-41,0.02110322,0.0,0.03291049,2.3054803e-09,0.36418134,0.0,0.029344935,1.461995e-24,0.012514059,1.690949e-24,0.008667266,4.6069015e-09,0.022156343
6.416514e-10,1.3786972e-07,4.3958994e-06,8.2561473e-07,0.0,0.0072349696,2.7728256e-12,0.009639348,5.7458807e-09,0.00011555448,7.443944e-18,0.012847092,1.2599e-41,0.33976987,0.0,0.033959404,1.4050641e-09,0.223014,0.0,0.03698127,1.3303167e-24,0.018288134,1.4494646e-24,0.011950415,4.4302078e-09,0.003741005
6.246201e-10,1.4000628e-07,4.1416424e-06,2.7168962e-06,0.0,0.0074329283,2.0692653e-12,0.013904251,6.1644085e-09,9.026251e-05,4.416279e-19,0.18473919,9.121e-42,0.31075272,0.0,0.034904,9.0497565e-10,0.15634742,0.0,0.0264846,9.700998e-25,0.013022058,1.1326203e-24,0.008824432,4.31267e-09,0.017138736
5.9810823e-10,1.459194e-07,5.1769207e-06,2.6686398e-06,0.0,0.007985696,2.2703478e-12,0.009117714,5.0369513e-09,9.2402384e-05,4.287903699999999e-18,0.18277834,3.653000000000001e-42,0.22235283,0.0,0.03675471,1.1145691e-09,0.09614855,0.0,0.031305272,8.221273e-25,0.02242046,9.225733e-25,0.014929467,4.192363e-09,0.005191814
5.7692534e-10,1.3206382e-07,5.730253e-06,6.3555412e-06,0.0,0.008830726,1.9824541e-12,0.007165538,4.2867043e-09,0.000111230445,1.982247e-18,0.15590756,2.1220000000000002e-42,0.15563752,0.0,0.03916307,1.5311564e-09,0.056801185,0.0,0.034819387,5.308482e-25,0.0164111,6.492349000000001e-25,0.011700052,4.0263894e-09,0.03635366
5.4322435e-10,1.1855971e-07,8.649598e-06,5.6024277e-05,0.0,0.00944124,1.4475262e-12,0.038759794,3.2812764e-09,0.00011881084,1.5186365e-18,0.14097126,1.917e-42,0.18390568,0.0,0.041549694,1.8818251e-09,0.15691236,0.0,0.029174268,4.75283e-25,0.027109047,5.2686964999999985e-25,0.018523032,3.8329193e-09,0.008891319
5.3237903e-10,1.1538433e-07,7.058582e-06,9.159097e-05,0.0,0.010065823,1.564362e-12,0.032828398,2.603282e-09,0.0001207752,1.2325443999999998e-18,0.09886776,2.7e-43,0.106975526,0.0,0.043742187,9.572602e-10,0.13271998,0.0,0.0844564,3.0249956e-25,0.018772582,3.6923488e-25,0.013344235,3.6601464e-09,0.070109285
5.0803967e-10,9.267961e-08,9.230627e-06,0.00019391254,0.0,0.010973056,1.2473897e-12,0.026326705,2.4873037e-09,0.00016760657,8.35523e-19,0.045604218,4.9e-44,0.054907605,0.0,0.046497405,7.0365186e-10,0.087923214,0.0,0.05372945,2.6759175e-25,0.037815265,2.9588225e-25,0.026189158,3.5126206e-09,0.06636663
4.9919213e-10,8.599417e-08,8.448275e-06,0.00090289133,0.0,0.012662772,8.615482e-13,0.049015544,3.4034833e-09,0.00021161734,4.1413454e-19,0.07312225,2.2e-44,0.236339,0.0,0.05073994,9.0906155e-10,0.048727196,0.0,0.037453867,1.1140811e-25,0.026402779,1.617154e-25,0.019417344,2.5151956e-09,0.011497615
4.8982113e-10,8.0993175e-08,8.800776e-06,0.010137907,0.0,0.013441284,5.0055603e-13,0.08030245,7.77918e-09,0.00048545722,2.1026105999999998e-20,0.05033036,1.3000000000000002e-44,0.1530346,0.0,0.053324085,1.0801248e-09,0.044461995,0.0,0.044819407,8.023436e-26,0.02227647,1.0350319e-25,0.016060125,2.6528333e-09,0.09797525
4.4424345e-10,7.526873e-08,2.2558477e-05,0.01395323,0.0,0.013337515,6.294808e-13,0.059107684,6.4453394e-09,0.0006175169,1.4725734e-19,0.01882175,7e-45,0.089832395,0.0,0.054809608,8.921533e-10,0.02622035,0.0,0.037937503,7.2946165e-26,0.032663044,8.13545e-26,0.022698617,1.3754454e-09,0.047075305
4.4206536e-10,9.506714e-08,1.9104446e-05,0.010380975,0.0,0.014089041,3.9033062e-13,0.07140086,6.0293175e-09,0.00090014865,2.3782776999999998e-20,0.30753884,6e-45,0.14778842,0.0,0.057370875,7.819989e-10,0.112286136,0.0,0.070759445,4.7386289999999997e-26,0.025027364,5.638547e-26,0.018146677,1.4292469e-09,0.059535157
4.2245188e-10,6.3913006e-08,1.89494e-05,0.03706773,0.0,0.016065376,3.420611e-13,0.05953068,4.226777e-09,0.0019567779,2.3734762e-20,0.32041162,1e-45,0.11370059,0.0,0.061939117,6.923624e-10,0.09925318,0.0,0.049037624,4.059223e-26,0.043613143,4.4523529999999997e-26,0.03083414,1.7889409e-09,0.087607294
4.1883003e-10,9.74411e-08,1.6207516e-05,0.010326285,0.0,0.017614374,3.289894e-13,0.05709462,3.4299155e-09,0.0025054812,4.6736945e-20,0.23913842,0.0,0.07310021,0.0,0.06616376,6.189646e-10,0.13480811,0.0,0.04566173,1.731975e-26,0.03345356,2.429971e-26,0.024729252,1.3027136e-09,0.02417991
3.9973053e-10,5.1640896e-08,2.4748946e-05,0.04048123,0.0,0.019759538,2.2018983e-13,0.012388557,3.2708538e-09,0.019324683,2.2630954e-20,0.23145133,0.0,0.09858331,0.0,0.07158746,5.7632893e-10,0.20039372,0.0,0.061390404,1.2233224e-26,0.032469355,1.5241295e-26,0.023971776,1.487829e-09,0.03991953
3.9463144e-10,3.9119627e-08,2.103288e-05,0.021665003,0.0,0.020728264,3.110877e-13,0.12963144,5.9640457e-09,0.0490084,4.5139117e-20,0.18157294,0.0,0.07480075,0.0,0.07541304,3.0628264e-10,0.19964105,0.0,0.05423475,1.0810537e-26,0.053935688,1.1769767e-26,0.03891251,1.6934527e-09,0.12675758
3.5017275e-10,7.04554e-08,5.6903944e-05,0.028805241,0.0,0.02116591,1.5111943e-13,0.072288066,3.702481e-09,0.03069228,1.2572799e-20,0.12095808,0.0,0.07551218,0.0,0.07833826,1.7929137e-10,0.15306059,0.0,0.05655923,3.894827e-27,0.043237474,5.8002910000000006e-27,0.03230256,7.130619e-10,0.15165918
3.3260564e-10,6.154859e-08,4.00261e-05,0.0076484513,0.0,0.021364698,1.270954e-13,0.028835379,3.1967877e-09,0.020509508,8.046284e-21,0.10321172,0.0,0.18030666,0.0,0.08113959,1.5963433e-10,0.08809961,0.0,0.059247658,2.5261075e-27,0.038468532,3.3080998e-27,0.02868195,6.7104156e-10,0.08104722
3.2231046e-10,4.7421096e-08,3.1663058e-05,0.015604046,0.0,0.02325154,1.4647052e-13,0.027520383,2.6784663e-09,0.032516014,7.420423e-21,0.066930465,0.0,0.12462332,0.0,0.08586611,2.3233054e-10,0.22293028,0.0,0.06110591,2.1351878e-27,0.052619595,2.39138e-27,0.038081653,8.0606605e-10,0.021688685
2.993828e-10,3.4912162e-08,4.5957895e-05,0.047783233,0.0,0.024297599,1.2245272e-13,0.028333822,1.9889614e-09,0.015376129,4.8580604e-21,0.02446959,0.0,0.07394801,0.0,0.08958559,2.7249514e-10,0.17548692,0.0,0.06297946,1.0916927e-27,0.042994928,1.3942261000000002e-27,0.031859316,1.0092781e-09,0.13275123
2.985711e-10,1.840166e-08,4.1957734e-05,0.012687377,0.0,0.026371693,6.34689e-14,0.04372503,1.6286373e-09,0.017229697,2.5055040000000006e-33,0.09963503,0.0,0.51719743,0.0,0.094763726,1.675622e-10,0.111801445,0.0,0.065405786,7.848808000000001e-28,0.04249093,9.256505e-28,0.031016568,4.870803e-10,0.10274554
2.902003e-10,3.40963e-08,3.5543442e-05,0.024490934,0.0,0.026894698,6.9144194e-14,0.035163175,1.1350876e-09,0.068953976,1.6534138e-21,0.08651991,0.0,0.3596149,0.0,0.098408006,1.4186273e-10,0.090888605,0.0,0.06892366,6.7986954e-28,0.05788021,7.24109e-28,0.041716475,4.390606e-10,0.04324497
2.8846375e-10,1.4603038e-08,3.1310552e-05,0.031291652,0.0,0.028945569,8.129473e-14,0.017632706,8.197267e-10,0.022821967,2.3890903e-21,0.050447956,0.0,0.24537262,0.0,0.10360222,1.2606345e-10,0.049345635,0.0,0.07179231,3.4967124e-28,0.049712073,4.319085e-28,0.036786564,5.5736693e-10,0.07806208
2.8329208e-10,1.2434674e-08,3.030759e-05,0.018143248,0.0,0.030899933,8.3745084e-14,0.10661949,1.3717633e-09,0.021441318,1.4395369000000001e-21,0.111587934,0.0,0.15736248,0.0,0.109119944,1.2595504e-10,0.09505515,0.0,0.07719555,2.3764668e-28,0.051484603,2.7812629e-28,0.038271517,7.188892e-10,0.16948475
2.82556e-10,1.1228304e-08,2.851852e-05,0.043593936,0.0,0.030823149,5.4046198e-14,0.056509625,2.735966e-09,0.07130368,9.386474e-22,0.080622084,0.0,0.10041249,0.0,0.11247876,1.1803876e-10,0.07450542,0.0,0.07860853,2.0239684e-28,0.06259967,2.1389429e-28,0.045162335,3.799754e-10,0.102365136
2.8249408e-10,8.999211e-09,2.8471251e-05,0.008929362,0.0,0.02997344,5.356499e-14,0.06208725,2.605449e-09,0.035946395,5.1357864e-22,0.03311735,0.0,0.027974434,0.0,0.11491516,9.397224e-11,0.042809475,0.0,0.07833165,1.2683528e-28,0.052701488,1.4381855e-28,0.038239356,3.4778944e-10,0.093135476
2.758709e-10,8.288702e-09,2.9795177e-05,0.018151004,0.0,0.033045482,4.5375548e-14,0.020702723,1.9983133e-09,0.011737932,2.49513e-22,0.029787635,0.0,0.32816085,0.0,0.12121753,7.9161656e-11,0.03363311,0.0,0.08243644,9.5029025e-29,0.056574557,1.041915e-28,0.04077657,4.4330362e-10,0.032088093
2.7450464e-10,1.1636036e-08,2.7317532e-05,0.041963138,0.0,0.034192607,3.935795e-14,0.029841173,1.843979e-09,0.03739805,1.6059643000000002e-22,0.034925625,0.0,0.291094,0.0,0.1264392,6.448734e-11,0.044100504,0.0,0.08889081,6.908525599999998e-29,0.061184254,7.501923e-29,0.04486543,5.677389e-10,0.11159443
2.732497e-10,6.0584626e-09,2.5511816e-05,0.012069044,0.0,0.035616722,3.1541355e-14,0.051870413,2.3057434e-09,0.010883043,7.000617399999999e-23,0.03410522,0.0,0.22767629,0.0,0.1311798,6.43116e-11,0.121823914,0.0,0.0910584,6.278184299999998e-29,0.06595001,6.2591724e-29,0.047562875,3.416914e-10,0.12421306
2.6613262e-10,1.9172516e-08,3.093615e-05,0.017886408,0.0,0.035978362,3.5974475e-14,0.099688925,1.9689435e-09,0.03003536,8.1540166e-23,0.06275343,0.0,0.13567248,0.0,0.13532048,3.4628567e-11,0.093771145,0.0,0.094988324,4.2714135e-29,0.06471928,4.5448122e-29,0.047245875,3.6014824e-10,0.052082352
2.6212638e-10,1.6266572e-08,2.9774605e-05,0.016202731,0.0,0.03843131,3.0238375e-14,0.052250806,1.4680962e-09,0.008549396,3.7145535e-23,0.04686383,0.0,0.05804091,0.0,0.14129189,3.3434935e-11,0.050853692,0.0,0.09964579,3.552947e-29,0.07550975,3.6068830000000004e-29,0.05468998,4.6154922e-10,0.014906984
2.5091682e-10,4.5907713e-09,4.1315176e-05,0.015056347,0.0,0.03735404,3.1299074e-14,0.114694975,1.4066773e-09,0.023290405,1.08125946e-23,0.039573222,0.0,0.1292879,0.0,0.14440332,3.7018725e-11,0.033107605,0.0,0.10174194,2.2632811e-29,0.070947155,2.4519121e-29,0.0519464,5.4686006e-10,0.13287945
2.3728847e-10,4.2162416e-09,4.8845555e-05,0.024111984,0.0,0.037946165,2.0603683e-14,0.056880943,1.1457766e-09,0.013534371,2.5395844e-24,0.1849318,0.0,0.07811844,0.0,0.14792547,3.815655e-11,0.044933796,0.0,0.1042769,1.9617852e-29,0.07504268,1.9595681e-29,0.053835724,3.4417846e-10,0.057424847
2.3116242e-10,1.0986971e-08,3.949974e-05,0.016926449,0.0,0.040218797,1.9023308e-14,0.08409397,1.045034e-09,0.026831541,6.246077e-25,0.18733105,0.0,0.094187655,0.0,0.15347353,3.5250497e-11,0.13462695,0.0,0.10918884,1.4388893e-29,0.0766036,1.4740752e-29,0.0558616,3.5706485e-10,0.011919748
2.2939571e-10,3.8119827e-09,3.3916567e-05,0.027280198,0.0,0.04147003,1.2762678e-14,0.041570786,1.1104722e-09,0.013073277,2.086644e-25,0.15073769,0.0,0.03964969,0.0,0.15838805,2.6249494e-11,0.1043606,0.0,0.11438411,1.282543e-29,0.091151975,1.2401856600000001e-29,0.06655926,4.293735e-10,0.112432085
2.1304924e-10,3.1520837e-09,6.143274e-05,0.0077509936,0.0,0.043723583,1.2074947e-14,0.018417941,3.88323e-09,0.0241682,1.2092535e-25,0.10399678,0.0,0.020250158,0.0,0.1636382,2.5619694e-11,0.101144,0.0,0.11672293,7.4448086e-30,0.084550455,7.994973e-30,0.06238196,2.8241573e-10,0.03983549
1.9276682e-10,2.7902705e-09,8.347552e-05,0.011641505,0.0,0.043437213,1.1023695e-14,0.04416554,2.4179883e-09,0.009791374,6.996238999999999e-26,0.056515124,0.0,0.2891472,0.0,0.16675222,2.442418e-11,0.1068766,0.0,0.11899197,5.547136e-30,0.08580431,5.6999495e-30,0.06240934,2.7542246e-10,0.01007378
1.69133e-10,2.5809483e-09,0.000109652516,0.016177595,0.0,0.04549836,1.2627947e-14,0.025210002,2.8656952e-09,0.02576362,1.1589427e-25,0.024214499,0.0,0.20362157,0.0,0.17143053,2.2259784e-11,0.10693361,0.0,0.12418584,4.500652e-30,0.094273485,4.4256956e-30,0.06880463,3.307532e-10,0.07718301
1.6702643e-10,1.0577453e-08,7.914521e-05,0.013978725,0.0,0.048897155,1.0103032e-14,0.050677843,2.379333e-09,0.010101659,4.4450426e-26,0.23767208,0.0,0.109611645,0.0,0.17726387,1.6461684e-11,0.071882196,0.0,0.1297836,3.3400417e-30,0.09640069,3.2906973e-30,0.071909234,3.3165234e-10,0.02390642
1.6625155e-10,2.1627828e-09,6.9089554e-05,0.028659608,0.0,0.05160641,9.985763e-15,0.015198899,1.8379879e-09,0.031914312,7.528645999999999e-26,0.21925224,0.0,0.082412206,0.0,0.18245494,1.28699724e-11,0.026325176,0.0,0.13431245,2.7191253e-30,0.10593828,2.5905418e-30,0.07892187,3.731784e-10,0.080380246
1.6142401e-10,1.8771336e-09,6.022611e-05,0.0148649085,0.0,0.051829383,7.407171e-15,0.04183114,1.6961282e-09,0.010570578,3.4546265e-26,0.17997403,0.0,0.07497968,0.0,0.18625134,1.5271938e-11,0.15844895,0.0,0.13574609,1.8712653e-30,0.10426648,1.8260272e-30,0.077348284,2.2377529e-10,0.071383886
1.5361241e-10,1.7258835e-09,7.1519564e-05,0.016815173,0.0,0.05070726,4.460641e-15,0.025640382,2.4202902e-09,0.025053691,9.905356e-27,0.1343892,0.0,0.035695855,0.0,0.18912615,1.6504404e-11,0.17990439,0.0,0.13844879,1.585804e-30,0.11030708,1.4661455e-30,0.081078336,2.380465e-10,0.015737683
1.4321133e-10,1.5822559e-09,8.8557106e-05,0.012120693,0.0,0.050215732,5.31012e-15,0.040224444,2.7668132e-09,0.009302835,2.4325957e-26,0.077399224,0.0,0.056120407,0.0,0.19151273,2.0910926e-11,0.1749479,0.0,0.13851425,1.1690147e-30,0.10756846,1.0975146e-30,0.079180546,2.7632924e-10,0.05076174
1.2045849e-10,1.4688186e-09,0.00018252729,0.01008631,0.0,0.05102836,4.5832377e-15,0.031436644,3.3785923e-09,0.015553223,1.6277043000000002e-26,0.03331635,0.0,0.16831662,0.0,0.19449176,2.4404676e-11,0.12889591,0.0,0.14101934,9.526407e-31,0.11224048,8.740345e-31,0.08144398,2.7282238e-10,0.014012415
1.06102065e-10,1.3666157e-09,0.00014712573,0.009029464,0.0,0.05087851,3.8999337e-15,0.0538621,3.3568752e-09,0.019026795,1.0182322e-26,0.018759383,0.0,0.16118556,0.0,0.19689558,2.3741582e-11,0.057283804,0.0,0.1437571,6.5447143e-31,0.113775305,6.2718985e-31,0.08383295,3.094105e-10,0.09232156
9.495743e-11,7.649407e-09,0.00013214609,0.015575621,0.0,0.05383416,3.3372886e-15,0.028683657,2.552168e-09,0.013038795,7.469526e-27,0.16000764,0.0,0.16075568,0.0,0.20073022,3.4813423e-11,0.043650247,0.0,0.14726423,5.6566636e-31,0.12149008,5.100821e-31,0.08967379,2.3940125e-10,0.019904375
8.956437e-11,1.1631611e-09,9.021724e-05,0.008513319,0.0,0.053041838,1.7056066e-15,0.027866961,3.1430154e-09,0.013738809,1.8951551e-27,0.17411359,0.0,0.07312796,0.0,0.20319732,2.8038778e-11,0.056037817,0.0,0.1472613,4.0415734e-31,0.118614726,3.7136399e-31,0.08732524,2.7187738e-10,0.08904313
8.279986e-11,1.0867065e-09,8.870592e-05,0.00541487,0.0,0.053223826,2.7168645e-15,0.013301985,2.6132077e-09,0.01418866,4.409675e-27,0.13576478,0.0,0.016532442,0.0,0.20559058,3.1162475e-11,0.059568226,0.0,0.14978024,3.1854634e-31,0.12451583,2.8807737e-31,0.09135728,2.0869635e-10,0.019207155
8.181538e-11,1.5667312e-09,6.654787e-05,0.006448638,0.0,0.054886803,1.3363688e-15,0.06358162,2.8469094e-09,0.028850954,9.223172e-28,0.13556172,0.0,0.44474977,0.0,0.20818329,3.478285e-11,0.04288665,0.0,0.15228777,2.5795814e-31,0.12421168,2.288095e-31,0.09279686,2.353944e-10,0.09007372
8.0628816e-11,9.455153e-10,5.304964e-05,0.0051426166,0.0,0.058082707,1.3115833e-15,0.037939023,2.2766304e-09,0.0069782366,5.7121074e-28,0.106247015,0.0,0.25905347,0.0,0.21164575,4.5713357e-11,0.18744221,0.0,0.15701863,2.1332256e-31,0.13057443,1.8673113e-31,0.09748334,2.0116271e-10,0.019816227
7.7246265e-11,2.2183124e-09,5.862515e-05,0.007910085,0.0,0.056357685,1.2949475e-15,0.02805443,2.0281183e-09,0.011070982,1.2073357e-27,0.06227881,0.0,0.144184,0.0,0.21311854,3.393095e-11,0.15878728,0.0,0.15723184,1.5492615e-31,0.12918936,1.375666e-31,0.09611718,2.3593988e-10,0.07851953
7.2382766e-11,8.2715296e-10,7.406799e-05,0.007101247,0.0,0.056106716,5.0172393e-27,0.024848828,2.1965376e-09,0.017050995,7.88152e-40,0.14241606,0.0,0.09416024,0.0,0.21478377,1.8656113e-11,0.15663965,0.0,0.15806538,1.2874876e-31,0.13348447,1.1092538e-31,0.09868952,1.6953884e-10,0.016976994
7.017951e-11,7.6700435e-10,5.6913457e-05,0.0133724315,0.0,0.056654427,7.764006e-16,0.019076196,1.779185e-09,0.025609003,2.2503200000000003e-40,0.1294104,0.0,0.09125629,0.0,0.21683447,2.2271091e-11,0.12406165,0.0,0.16190189,1.001078e-31,0.1350163,8.721652e-32,0.10194979,1.9050483e-10,0.053839173
6.9818866e-11,7.090691e-10,4.9186525e-05,0.011892259,0.0,0.05462401,6.99714e-16,0.019086672,1.9683006e-09,0.011408893,1.01471e-40,0.08832094,0.0,0.078146204,0.0,0.21776488,3.3623517e-11,0.07569767,0.0,0.16229147,8.191975500000001e-32,0.13658878,6.889071000000001e-32,0.10069006,1.6987646e-10,0.008622217
6.924285e-11,6.2645635e-09,4.050805e-05,0.022583976,0.0,0.053928286,1.7189931e-15,0.031652376,1.5467971e-09,0.042088646,1.0688229e-27,0.03815435,0.0,0.023902839,0.0,0.2188983,4.8580966e-11,0.060307503,0.0,0.16072872,6.4703776e-32,0.13702191,5.477694e-32,0.10118608,1.9812947e-10,0.046531472
6.1405825e-11,5.754597e-10,9.300542e-05,0.013389713,0.0,0.057772174,5.666608e-16,0.02256975,2.5076778e-09,0.027967408,5.7425e-41,0.03986588,0.0,0.14289437,0.0,0.22169316,5.2770795e-11,0.017760448,0.0,0.1651382,5.032421e-32,0.1435952,4.3329668e-32,0.10786889,1.7883701e-10,0.012989721
5.531375e-11,5.3157484e-10,9.2883645e-05,0.0124954935,0.0,0.057155747,1.092872e-15,0.012074315,1.965307e-09,0.024862181,2.9891083000000003e-28,0.15372616,0.0,0.10616234,0.0,0.22295503,6.042216e-11,0.39590502,0.0,0.16885307,3.593199e-32,0.14756098,3.133761e-32,0.1127798,1.9822535e-10,0.06504346
5.433378e-11,4.931654e-10,6.182895e-05,0.011522825,0.0,0.05425959,1.1133529e-15,0.01187912,2.1285607e-09,0.008976134,2.1667627e-28,0.15445553,0.0,0.04843067,0.0,0.22320992,2.4642656e-11,0.1905673,0.0,0.16739704,3.237022e-32,0.14774822,2.6066114000000003e-32,0.11261621,1.8534792e-10,0.01040728
5.409525e-11,4.5830995e-10,5.3361495e-05,0.008345492,0.0,0.053634364,1.0174755e-15,0.023106733,1.9201372e-09,0.013727965,5.675538e-28,0.117794596,0.0,0.06975844,0.0,0.22414804,1.9479815e-11,0.077848196,0.0,0.16906354,2.659278e-32,0.14648105,2.1477324e-32,0.11171767,2.0123385e-10,0.0453921
5.39457e-11,2.3158377e-09,4.844385e-05,0.0090810545,0.0,0.055193745,1.1542753e-15,0.017757205,1.3713973e-09,0.016731177,2.299818e-28,0.07916127,0.0,0.19336739,0.0,0.22558394,2.9709155e-11,0.045874417,0.0,0.17011364,2.1187201e-32,0.15155773,1.7352871e-32,0.11503087,1.9391742e-10,0.02540668
5.2189943e-11,5.0222813e-09,3.716562e-05,0.009877842,0.0,0.054136317,1.2513071e-15,0.02287839,1.0006406e-09,0.024040613,5.4243456e-28,0.032230515,0.0,0.15715642,0.0,0.22600831,2.5673555e-11,0.030095737,0.0,0.17072216,1.558172e-32,0.1512757,1.2906603e-32,0.115286544,1.842675e-10,0.026312273
5.180637e-11,2.4868994e-09,3.073847e-05,0.010159662,0.0,0.051648777,9.305868e-16,0.011680901,9.288442e-10,0.0056669316,2.7046434e-28,0.012108013,0.0,0.12370413,0.0,0.22585487,2.050365e-11,0.08088544,0.0,0.1694964,1.4222034e-32,0.15083027,1.0999671e-32,0.113007635,1.9517143e-10,0.024969643
5.1427806e-11,1.0644293e-09,2.5869582e-05,0.0041684643,0.0,0.05221122,6.292428e-16,0.021792697,8.317964e-10,0.0063077696,1.0625445e-28,0.14594711,0.0,0.042595223,0.0,0.22682928,1.8333127e-11,0.059897974,0.0,0.17158265,1.1302017e-32,0.14974886,9.0926016e-33,0.11368034,1.7463371e-10,0.01739465
5.129583e-11,3.3845478e-09,2.409426e-05,0.0075444677,0.0,0.055286463,7.920057700000001e-16,0.01497874,6.164349e-10,0.011834305,2.0193119e-28,0.14491433,0.0,0.053448524,0.0,0.22863418,1.939404e-11,0.06430488,0.0,0.17121272,8.1602656e-33,0.15516025,6.8167784e-33,0.11801013,1.8909273e-10,0.0302727
5.1164847e-11,2.706833e-09,2.272079e-05,0.006162436,0.0,0.05798352,8.834598e-16,0.048473608,4.93758e-10,0.018385986,2.0264327e-28,0.12488292,0.0,0.3476186,0.0,0.23034291,1.4385258e-11,0.041383736,0.0,0.17660087,7.611639000000001e-33,0.1547371,6.0189164e-33,0.120399855,1.7806447e-10,0.03375816
5.1155913e-11,2.9444578e-09,2.268307e-05,0.0024770324,0.0,0.055796586,4.3349794e-16,0.009267439,4.906387e-10,0.009236677,5.207827e-29,0.09817732,0.0,0.20542514,0.0,0.23036487,1.2302822e-11,0.016222637,0.0,0.17547423,6.000949e-33,0.1537586,4.7475403e-33,0.11818003,1.7765941e-10,0.036596157
5.1025812e-11,2.6875746e-10,2.1511798e-05,0.005318654,0.0,0.057717092,2.2657724000000003e-16,0.045232475,4.63908e-10,0.01491692,2.1462577e-29,0.052670345,0.0,0.14743944,0.0,0.23165393,1.5031733e-11,0.4083795,0.0,0.17592657,4.4298045e-33,0.15915845,3.6449718e-33,0.12313459,1.4668794e-10,0.02686895
4.8920375e-11,2.5373226e-09,3.0989984e-05,0.0018546575,0.0,0.054782826,3.641521e-16,0.014543899,4.0479306e-10,0.007948055,4.8084855e-29,0.015864477,0.0,0.060995597,0.0,0.23131754,1.3962148e-11,0.19072655,0.0,0.17576341,3.5232185e-33,0.1569259,2.7777350000000006e-33,0.1206426,1.5319505e-10,0.021496808
4.8908724e-11,3.423701e-09,3.0938536e-05,0.004159429,0.0,0.05309501,4.44774e-16,0.008638961,3.1719039e-10,0.018336015,5.967954e-29,0.110482454,0.0,0.048358664,0.0,0.23096636,9.607196e-12,0.085828364,0.0,0.17306863,3.1484525e-33,0.15558045,2.3946752e-33,0.11842018,1.4608144e-10,0.017756458
4.8897095e-11,1.0795909e-09,3.0887175e-05,0.0028271808,0.0,0.053741835,3.8834425e-16,0.022035813,2.6343608e-10,0.011445878,4.2803248e-29,0.11997479,0.0,0.12464024,0.0,0.23157854,9.709599e-12,0.022648228,0.0,0.17616297,2.366874e-33,0.15705538,1.9124064e-33,0.12133702,1.525664e-10,0.06600762
4.8654563e-11,2.1055732e-10,2.7471971e-05,0.0070437854,0.0,0.056828585,2.558565e-16,0.019888284,2.797778e-10,0.01961956,1.10803534e-29,0.10666076,0.0,0.057744518,0.0,0.23306249,1.3710877e-11,0.27145597,0.0,0.17722501,1.9177187e-33,0.15969685,1.5300867e-33,0.123772,1.1664747e-10,0.011923757
4.740381e-11,5.556609e-09,2.8453507e-05,0.0040360284,0.0,0.057382155,3.2721145000000003e-16,0.019077865,2.067127e-10,0.008913995,2.2058347e-29,0.06123773,0.0,0.07348174,0.0,0.2337335,8.771905e-12,0.21162507,0.0,0.18028317,1.4168814e-33,0.16156769,1.1453753e-33,0.12587361,1.222123e-10,0.062464267
4.5136898e-11,2.8020744e-09,3.832616e-05,0.004450376,0.0,0.0569761,3.411812e-16,0.028399056,1.9815166e-10,0.01733655,1.6668863e-29,0.025128303,0.0,0.08329181,0.0,0.23401076,8.309175e-12,0.14100373,0.0,0.18004261,1.2087688e-33,0.16292039,9.396282e-34,0.12711902,9.584491e-11,0.013500743
4.480482e-11,1.7475085e-10,3.230929e-05,0.0019542545,0.0,0.056409784,2.412825e-16,0.015013627,3.18346e-10,0.008630882,8.575947999999999e-30,0.012502665,0.0,0.03161798,0.0,0.23414727,1.2146465e-11,0.08622114,0.0,0.1761781,9.570048e-34,0.16104108,7.4446734e-34,0.12599202,1.0021742e-10,0.05283998
4.4582144e-11,1.6460555e-10,2.8532702e-05,0.0058899117,0.0,0.056757405,2.5862417000000004e-16,0.019385852,4.897863e-10,0.018424675,7.723375e-30,0.04296375,0.0,0.06521924,0.0,0.23442684,1.1382588e-11,0.035760384,0.0,0.17569615,7.777342999999999e-34,0.16154036,6.026292e-34,0.12570852,8.555551e-11,0.009037487
4.4466878e-11,1.8224025e-09,2.6391843e-05,0.0031399273,0.0,0.054911584,2.9076264000000003e-16,0.0369564,4.1569595e-10,0.007963858,4.6550742e-30,0.025680281,0.0,0.2253177,0.0,0.23394585,1.3184213e-11,0.03872078,0.0,0.17544127,5.596449e-34,0.16271599,4.4748485e-34,0.12660094,9.5153274e-11,0.036689937
4.0851128e-11,1.5148663e-09,4.8552796e-05,0.0025877156,0.0,0.05569828,1.8933414e-16,0.0111080585,3.498812e-10,0.009225956,2.2548363e-30,0.019691912,0.0,0.12801294,0.0,0.23415722,1.6924845e-11,0.10046167,0.0,0.17781569,5.1010196e-34,0.16478088,3.9337569999999995e-34,0.12974699,9.296342e-11,0.009540152
3.5180404e-11,1.3780438e-10,8.856387e-05,0.0013459236,0.0,0.057178102,1.033993e-16,0.018695341,3.3731942e-10,0.018503921,9.728287e-31,0.019319601,0.0,0.10633827,0.0,0.23479733,1.093075e-11,0.061825253,0.0,0.17742047,3.8697724e-34,0.16249694,3.0398927e-34,0.1289731,9.99075e-11,0.03841153
3.4909957e-11,1.3125745e-10,6.847126e-05,0.0013281007,0.0,0.054392263,1.4272712e-16,0.014804142,3.6537537e-10,0.0066260654,1.0338113e-30,0.009047993,0.0,0.029293621,0.0,0.23416705,1.1300025e-11,0.021450477,0.0,0.17492634,3.3858868e-34,0.15998872,2.5474705e-34,0.12526569,1.0536562e-10,0.034745406
3.489159e-11,2.375013e-10,6.835758e-05,0.0033436432,0.0,0.05725874,1.5204423e-16,0.011191242,3.5743433e-10,0.013700174,8.829242e-31,0.14972495,0.0,0.21588989,0.0,0.23486999,1.6389265e-11,0.2688037,0.0,0.17775281,2.686144e-34,0.16008607,2.107738e-34,0.12608616,8.960365e-11,0.022515273
3.3974948e-11,2.1959858e-09,4.388938e-05,0.0016568555,0.0,0.05646755,1.03117487e-16,0.013250815,2.9758715e-10,0.01196885,4.0017220000000014e-31,0.16850956,0.0,0.17343022,0.0,0.23465095,7.2086677e-12,0.10765222,0.0,0.17726211,2.0285391e-34,0.16150834,1.6079507e-34,0.12617677,8.837509e-11,0.011976441
2.9232672e-11,1.108319e-10,7.570803e-05,0.004063295,0.0,0.053003497,5.063436000000001e-17,0.01894254,3.4966946e-10,0.015830504,9.1368884e-33,0.15024568,0.0,0.08772561,0.0,0.23346706,6.067995e-12,0.052451663,0.0,0.17335609,1.579386e-34,0.16053776,1.2250451e-34,0.12355146,9.232174e-11,0.033154383
2.8593433e-11,7.85683e-10,4.857689e-05,0.0035979087,0.0,0.056917332,1.1673247e-16,0.032657858,2.5852337e-10,0.016498772,5.0953434e-31,0.09806513,0.0,0.068819545,0.0,0.23456115,7.69881e-12,0.043924887,0.0,0.17587592,1.2882914e-34,0.16279653,1.0167668e-34,0.12722915,8.590524e-11,0.035191014
2.806532e-11,1.6843763e-09,3.5904508e-05,0.0020206429,0.0,0.05753623,1.316877e-16,0.025847828,2.203139e-10,0.014221819,4.1333297e-31,0.052231703,0.0,0.032079305,0.0,0.23473611,9.652306e-12,0.09922641,0.0,0.17639832,1.1187778e-34,0.15835908,8.551736e-35,0.12446624,8.7160786e-11,0.011128785
2.582722e-11,9.194663e-11,5.5763838e-05,0.00651185,0.0,0.057530027,7.417025000000001e-17,0.015713116,3.1816944e-10,0.017193262,1.1963039e-31,0.026374618,0.0,0.10454709,0.0,0.23461337,7.940978e-12,0.08143866,0.0,0.17688066,8.8947385e-35,0.1602167,6.941788e-35,0.12457053,8.893327e-11,0.050782245
2.3364808e-11,3.057385e-10,5.836282e-05,0.00438122,0.0,0.05327394,1.0134437e-16,0.026066924,2.305569e-10,0.010991984,2.3771905000000003e-31,0.041560322,0.0,0.11535915,0.0,0.23333398,5.0581947e-12,0.05516026,0.0,0.17559674,6.7420806e-35,0.15870988,5.2962185e-35,0.12248368,8.18486e-11,0.0070568533
2.3354332e-11,8.094124e-11,5.8265923e-05,0.004133924,0.0,0.054661334,5.1091102e-17,0.018448928,2.8343453e-10,0.021810578,2.2232103e-32,0.020272098,0.0,0.05221061,0.0,0.23340017,4.71424e-12,0.05246057,0.0,0.17272022,5.5297085e-35,0.15915307,4.3003946e-35,0.1221702,8.136481e-11,0.02687566
2.1840914e-11,1.3135807e-09,4.9094986e-05,0.0016741578,0.0,0.056210782,5.9505825e-17,0.027758716,2.1743464e-10,0.0059571355,8.012786600000001e-32,0.015105169,0.0,0.033544894,0.0,0.23362027,6.300773e-12,0.020218676,0.0,0.17375293,4.3583252e-35,0.1595749,3.4791665e-35,0.12469624,8.255043e-11,0.049323108
1.9706342e-11,7.204956e-11,6.834046e-05,0.0016135959,0.0,0.056771144,1.6209585e-17,0.015522224,4.0878176e-10,0.00861478,3e-45,0.03269108,0.0,0.25476292,0.0,0.23361264,9.525764e-12,0.31498402,0.0,0.17261955,3.7189467e-35,0.15934107,2.875736e-35,0.12385399,6.082609e-11,0.020804698
1.6805836e-11,4.0023596e-10,0.00010249325,0.0031732132,0.0,0.056373212,2.9570483e-17,0.028261507,3.0770683e-10,0.018382689,3.7171225e-33,0.022475457,0.0,0.18192475,0.0,0.23325509,8.865254e-12,0.22424695,0.0,0.17331326,2.8098984e-35,0.1595435,2.2229892e-35,0.12355224,6.298632e-11,0.0553499
1.5872205e-11,7.347078e-10,5.77735e-05,0.001682735,0.0,0.053953685,2.255195e-17,0.009447189,2.5326038e-10,0.010012272,1e-45,0.13954023,0.0,0.099948026,0.0,0.23233646,6.7714822e-12,0.15832174,0.0,0.17320257,2.2040284e-35,0.15762492,1.7005163999999998e-35,0.11946763,4.757265e-11,0.023040244
1.5827822e-11,6.042095e-11,5.229622e-05,0.0050580357,0.0,0.055803206,3.6201063e-17,0.033109948,2.7006675e-10,0.02099033,4.2761555e-32,0.12636986,0.0,0.03486156,0.0,0.23250988,7.8205446e-12,0.072294585,0.0,0.17271642,1.949946e-35,0.15819736,1.501206e-35,0.12088765,5.2139064e-11,0.056400068
1.5454742e-11,1.3234087e-09,3.746868e-05,0.002669761,0.0,0.05541318,2.7008893e-17,0.017654432,2.0044429e-10,0.0064638793,3.4991934000000003e-32,0.100646205,0.0,0.043410443,0.0,0.23231027,1.0760634e-11,0.020089872,0.0,0.17353587,1.5502872e-35,0.15642272,1.2205938999999998e-35,0.12061642,4.114331e-11,0.035919826
1.5091667e-11,5.3575276e-11,3.2015738e-05,0.0036165055,0.0,0.05733411,1.8953993e-17,0.016214874,1.701958e-10,0.0096299,6.705740000000001e-33,0.07699919,0.0,0.3188037,0.0,0.23264082,1.4376156e-11,0.38313225,0.0,0.17526652,1.2606847e-35,0.15765509,9.890576e-36,0.12069767,4.5784876e-11,0.052451488
1.5052268e-11,5.0661492e-11,2.961923e-05,0.0014816059,0.0,0.05512119,1.5851292e-17,0.024229575,1.521199e-10,0.014141447,7.7031115e-33,0.037412398,0.0,0.18707493,0.0,0.23166002,6.108024e-12,0.16307439,0.0,0.17032476,8.8597075e-36,0.15588878,7.10763e-36,0.11757042,3.596601e-11,0.023138179
1.487214e-11,2.2483175e-10,2.4857574e-05,0.004657096,0.0,0.05381192,2.2531144000000002e-17,0.01882739,1.7475002e-10,0.0144387325,1.9212792e-32,0.016750243,0.0,0.17896155,0.0,0.23092884,4.9325826e-12,0.045989476,0.0,0.17116918,7.709076999999999e-36,0.15620159,5.9559527e-36,0.11716141,3.9427163e-11,0.036768463
1.4834084e-11,1.5974546e-09,2.3481614e-05,0.003955189,0.0,0.0594523,1.1060579e-17,0.021746513,1.2141135e-10,0.025547735,0.0,0.2118838,0.0,0.091972485,0.0,0.23241049,6.641922e-12,0.10312721,0.0,0.17409566,6.300982e-36,0.1573437,5.05384e-36,0.12180455,4.0927057e-11,0.034012955
1.4761258e-11,2.190106e-09,2.1884935e-05,0.0037386059,0.0,0.057544194,1.6929628e-17,0.02255107,8.790998e-11,0.0068870047,6.772646e-33,0.21774407,0.0,0.05244688,0.0,0.23184912,7.0535223e-12,0.13143241,0.0,0.17232363,5.0563304e-36,0.1572891,3.996601e-36,0.12132041,4.5465937e-11,0.015227759
1.3960684e-11,3.8754812e-11,3.8946473e-05,0.005346545,0.0,0.05560317,2.6413776e-17,0.009793822,9.2765934e-11,0.017496562,1.7792238000000002e-32,0.16891278,0.0,0.06819656,0.0,0.2310286,5.413307e-12,0.117023334,0.0,0.17249358,4.347069e-36,0.15445559,3.35801e-36,0.118916705,4.9397247e-11,0.074002214
1.3728294e-11,3.6289544e-11,3.0277966e-05,0.003033184,0.0,0.053616762,1.7612847e-17,0.014419349,1.2165596e-10,0.014329348,5.6111047e-33,0.14111659,0.0,0.046083704,0.0,0.23017722,4.222646e-12,0.074322075,0.0,0.17401123,3.5122407e-36,0.15321593,2.7433108e-36,0.116652906,3.880323e-11,0.013364808
1.3375185e-11,1.4208345e-09,2.6113119e-05,0.003478805,0.0,0.052847862,1.6467110000000002e-17,0.017835898,9.6836685e-11,0.020129384,7.0664226e-33,0.094310805,0.0,0.022544958,0.0,0.2295265,4.0918076e-12,0.023988385,0.0,0.17434034,2.8664687e-36,0.15189421,2.249469e-36,0.114781454,4.5445456e-11,0.06294935
1.3372501e-11,6.858645e-10,2.6069763e-05,0.00266199,0.0,0.051592954,1.2077842e-17,0.021884974,8.899708e-11,0.01060951,2.2318239e-33,0.049851645,0.0,0.18993925,0.0,0.22898285,5.0865852e-12,0.2041322,0.0,0.17141458,2.263793e-36,0.15239124,1.8119832e-36,0.11508828,3.910678e-11,0.01179749
1.3150887e-11,2.9583655e-11,2.1646894e-05,0.0062023844,0.0,0.051577277,1.3334727e-17,0.015114301,6.813905e-11,0.024724485,3.4854130000000005e-33,0.01579805,0.0,0.10127936,0.0,0.22874996,2.6670448e-12,0.084942505,0.0,0.17221633,1.779091e-36,0.1537236,1.4393844e-36,0.116782665,4.3851933e-11,0.06811714
1.2608244e-11,2.7777447e-11,2.8196417e-05,0.0033140096,0.0,0.053984165,1.16053845e-17,0.011395763,7.474436e-11,0.008114383,1.3085776e-33,0.13995863,0.0,0.08005321,0.0,0.22914073,4.016496e-12,0.0649553,0.0,0.17329197,1.3320621e-36,0.15685117,1.0971609e-36,0.12045886,3.6174293e-11,0.012429057
1.2545939e-11,1.4329736e-09,2.4902529e-05,0.005990537,0.0,0.053562794,1.1802729000000001e-17,0.043959524,6.1254876e-11,0.01419183,4.9023467e-33,0.13570601,0.0,0.09667947,0.0,0.22888225,4.9649026e-12,0.039192513,0.0,0.17436361,1.1121579e-36,0.15654011,8.850389999999999e-37,0.12120266,4.1847584e-11,0.07726824
1.2367071e-11,9.2565865e-11,2.2582339e-05,0.005703329,0.0,0.055832196,1.0658789e-17,0.021540437,5.2387865e-11,0.018830994,4.326207e-33,0.10787123,0.0,0.049677636,0.0,0.22934783,6.1541514e-12,0.079051904,0.0,0.17779833,8.79551e-37,0.16200979,7.205443e-37,0.1286276,3.020571e-11,0.017202873
1.2105674e-11,6.7632844e-10,2.344697e-05,0.008003786,0.0,0.05613383,8.994464e-18,0.022953618,4.372618e-11,0.013441212,2.0596821e-33,0.073456734,0.0,0.07294206,0.0,0.22961257,5.238718e-12,0.06139704,0.0,0.17509346,7.517840299999999e-37,0.15870166,5.861957e-37,0.12653442,3.4232735e-11,0.049508344
1.1933187e-11,8.1341994e-10,2.1867638e-05,0.0047289813,0.0,0.05539146,6.450798e-18,0.019202083,3.3669866e-11,0.011594792,5.6590602999999995e-34,0.034285985,0.0,0.19040772,0.0,0.22923765,4.178442e-12,0.0980674,0.0,0.17377736,6.2768885e-37,0.15888259,4.869967e-37,0.12528937,3.3281662e-11,0.007290205
1.1846684e-11,5.052144e-10,2.0058496e-05,0.00640761,0.0,0.05490281,7.1480374e-18,0.02422247,2.3138165e-11,0.013439141,1.5413545e-33,0.014535627,0.0,0.13186193,0.0,0.22883442,3.9854075e-12,0.059760522,0.0,0.17600013,4.782852e-37,0.15865864,3.8146855e-37,0.12528339,3.839414e-11,0.031251747
1.1760949e-11,1.8878385e-11,1.8565888e-05,0.0027199937,0.0,0.054023188,6.703027e-18,0.0134646455,9.4745344e-11,0.01419317,1.64013e-33,0.1398361,0.0,0.10425413,0.0,0.22845304,5.227977e-12,0.059208937,0.0,0.17364082,3.9060623e-37,0.16007319,3.088847e-37,0.12625448,3.940906e-11,0.020974193
1.1731387e-11,1.7855144e-11,1.7699207e-05,0.0050522904,0.0,0.05531151,5.692572e-18,0.018422829,1.0326456e-10,0.009698285,1.08969245e-33,0.14867201,0.0,0.032120116,0.0,0.22860706,5.9048218e-12,0.07264307,0.0,0.17211394,3.1302497e-37,0.15777612,2.4714293e-37,0.12504077,3.948317e-11,0.0332029
1.1729791e-11,1.6823716e-11,1.7669821e-05,0.0023513488,0.0,0.057462703,6.665026e-18,0.029651262,9.2318826e-11,0.013504637,1.1138071e-33,0.12717104,0.0,0.0785406,0.0,0.22939779,4.973683e-12,0.055296328,0.0,0.17401166,2.5550592e-37,0.15923128,2.0218858e-37,0.12591347,4.1217148e-11,0.039265066
1.1728198e-11,1.5920291e-11,1.7640483e-05,0.0068458226,0.0,0.055570435,6.738921e-18,0.014536805,1.0061135e-10,0.011291934,1.0753506e-33,0.087997,0.0,0.06014292,0.0,0.2288863,4.7218865e-12,0.023944577,0.0,0.1742355,1.9749286e-37,0.1562309,1.5630668e-37,0.12312815,3.370726e-11,0.020080535
1.16987964e-11,1.494045e-11,1.6727083e-05,0.0046800915,0.0,0.053273443,5.566434e-18,0.017336873,9.5232364e-11,0.014585417,2.2948384000000003e-27,0.044146717,0.0,0.018522065,0.0,0.22808002,5.6642104e-12,0.16303498,0.0,0.17085415,1.5595043e-37,0.15704778,1.2322951e-37,0.1220262,3.5440192e-11,0.029929912
1.1559719e-11,1.4570075e-09,1.6268968e-05,0.0041455873,0.0,0.054201927,7.559674e-18,0.05346248,6.378228e-11,0.025573146,1.0422658e-26,0.035738606,0.0,0.25153133,0.0,0.2282594,4.0703755e-12,0.120591365,0.0,0.16934372,1.2792728e-37,0.15427485,1.0063422e-37,0.12018004,3.4111942e-11,0.026895516
1.1298809e-11,1.3733517e-09,1.9264335e-05,0.0023540698,0.0,0.054255676,3.9853326e-18,0.016261963,5.1517183e-11,0.005738785,4.8924668000000006e-27,0.13841254,0.0,0.17741427,0.0,0.22823952,4.259511e-12,0.09605084,0.0,0.17105125,1.0258241e-37,0.15630421,8.182351600000001e-38,0.1213464,3.7440946e-11,0.014742116
1.0992537e-11,8.527208e-10,2.2323238e-05,0.0040407768,0.0,0.054600555,4.261957499999999e-18,0.022584314,5.0782836e-11,0.0087518925,6.345657e-27,0.13980629,0.0,0.1138344,0.0,0.22840358,5.5108986e-12,0.16117708,0.0,0.1691467,8.184255999999999e-38,0.15387066,6.499963999999999e-38,0.11954739,3.8318897e-11,0.06457022
1.0685435e-11,1.1562125e-11,2.708989e-05,0.0036596262,0.0,0.0577715,3.0007228e-18,0.026193328,7.8771926e-11,0.018227488,2.9843877000000003e-27,0.11578693,0.0,0.05765569,0.0,0.22913875,2.6526192e-12,0.14889613,0.0,0.17225663,6.3955133e-38,0.1576375,5.194603300000001e-38,0.12311905,2.8181875e-11,0.013150828
1.068321e-11,1.0780439e-11,2.7044913e-05,0.008196077,0.0,0.055977065,2.5894256e-18,0.022525817,7.879179e-11,0.016335314,1.7351656000000002e-27,0.069707744,0.0,0.062044967,0.0,0.22857997,1.9561028e-12,0.08004429,0.0,0.17280479,4.989071999999999e-38,0.15628694,4.0306394e-38,0.12328774,2.9847482e-11,0.07437567
1.0409009e-11,9.009949e-10,2.6762624e-05,0.0043615806,0.0,0.054831162,2.0135204e-18,0.027343307,5.529956e-11,0.013070272,1.38368e-27,0.02579245,0.0,0.06501763,0.0,0.228134,2.7580113e-12,0.01845089,0.0,0.17121051,4.162869e-38,0.15581557,3.2670214e-38,0.12156694,2.2538811e-11,0.014789122
1.0357674e-11,3.1841352e-10,2.3808721e-05,0.004361561,0.0,0.05319469,2.9562087e-18,0.017053943,5.1499822e-11,0.020637,2.9734484e-27,0.009937151,0.0,0.017231831,0.0,0.22752813,3.8479966e-12,0.38711706,0.0,0.17149805,3.1143138e-38,0.15418498,2.4898249999999997e-38,0.119200446,2.4422485e-11,0.047155093
9.618385e-12,8.8299324e-12,4.2516927e-05,0.0041051246,0.0,0.05418348,2.5680862e-18,0.027545188,9.2645086e-11,0.009172245,2.1662708e-27,0.15933366,0.0,0.25093445,0.0,0.22789057,3.1649722e-12,0.16555353,0.0,0.17296699,2.6759678000000003e-38,0.15653571,2.1209103e-38,0.12154733,2.1111465e-11,0.020386213
8.906495e-12,8.216406e-12,4.8397607e-05,0.0078284405,0.0,0.05469752,2.4799193e-18,0.028582435,8.065407e-11,0.037589926,1.6505659e-27,0.16359924,0.0,0.14118993,0.0,0.22801556,3.9608755e-12,0.1680315,0.0,0.17393404,2.0168183e-38,0.15451199,1.6290437e-38,0.120702885,2.3425959e-11,0.026301675
7.934345e-12,7.6902425e-12,7.193797e-05,0.005966377,0.0,0.05652104,1.9955788e-18,0.024381576,6.6463404e-11,0.010357059,9.721936e-28,0.14643101,0.0,0.07981601,0.0,0.22860678,1.7208508e-12,0.120256685,0.0,0.17821166,1.592398e-38,0.15990148,1.3048014e-38,0.12643915,2.2985074e-11,0.041536853
7.1989402e-12,7.191403e-12,7.8479155e-05,0.004446301,0.0,0.05915491,1.5373206e-18,0.039394386,8.428134e-11,0.023063295,4.0499827000000005e-28,0.10263516,0.0,0.069049075,0.0,0.22959942,1.4489101e-12,0.10701691,0.0,0.17849071,1.1621044e-38,0.16097233,9.612282e-39,0.12950754,2.4883009e-11,0.033447053
6.7227842e-12,6.747993e-12,6.525061e-05,0.008460162,0.0,0.058428407,1.0143958e-18,0.030429266,9.5800506e-11,0.011875197,1.9293502e-28,0.051518504,0.0,0.06809899,0.0,0.22980583,2.1524473e-12,0.063719966,0.0,0.17553838,9.682848e-39,0.15966961,7.563392000000001e-39,0.12705776,2.2837343e-11,0.0251959
6.273503e-12,6.318439e-12,6.0372233e-05,0.005830945,0.0,0.05676752,7.6911155e-19,0.022379551,9.183331e-11,0.016144345,1.940906e-28,0.014151479,0.0,0.015430394,0.0,0.22937548,2.3271849e-12,0.022513721,0.0,0.1738765,7.791881000000001e-39,0.15879604,6.127494000000001e-39,0.12617809,2.4038598e-11,0.01244312
6.101824e-12,7.2790274e-10,4.045239e-05,0.0024625864,0.0,0.05239938,1.3221709e-18,0.015163247,8.1413744e-11,0.008266947,3.162599e-28,0.0992916,0.0,0.26042947,0.0,0.22798122,2.700284e-12,0.18026379,0.0,0.17492472,6.046622000000001e-39,0.15974869,4.79612e-39,0.12602252,2.4090218e-11,0.040931713
5.976628e-12,5.6057364e-12,3.1949156e-05,0.0026061968,0.0,0.055359486,8.853300999999998e-19,0.024402369,8.03642e-11,0.017141756,3.340816e-29,0.11310574,0.0,0.13738504,0.0,0.22883505,1.8483713e-12,0.14284,0.0,0.17435633,5.085903e-39,0.15917753,3.988811e-39,0.12612693,2.122522e-11,0.025699994
5.6218944e-12,5.295133e-12,4.6304616e-05,0.002551547,0.0,0.058283612,8.503347e-19,0.021181688,6.7694975e-11,0.008452594,3.2480772e-29,0.07919185,0.0,0.09252675,0.0,0.2301486,1.8276884e-12,0.10540537,0.0,0.17548859,3.827424e-39,0.16165352,3.09317e-39,0.1287858,2.2302086e-11,0.018858884
5.194332e-12,6.9760664e-10,5.7309968e-05,0.0014951214,0.0,0.056571748,8.041452999999999e-19,0.018080885,5.1384567e-11,0.01702878,1.5076407e-28,0.029317284,0.0,0.049349923,0.0,0.23010401,1.7397496e-12,0.058854982,0.0,0.17638159,3.145699e-39,0.16196126,2.489935e-39,0.12975635,2.1845964e-11,0.03793045
5.0599776e-12,5.2311105e-10,4.2709846e-05,0.0043834504,0.0,0.058608387,6.538720599999999e-19,0.025666859,4.5644905e-11,0.018434064,8.342764399999998e-29,0.012311871,0.0,0.07561781,0.0,0.2308198,1.7721013e-12,0.06613013,0.0,0.17644408,2.582006e-39,0.16313797,2.0514320000000003e-39,0.13205422,2.0213397e-11,0.009878209
4.9053556e-12,4.4192367e-12,3.8959937e-05,0.0023700148,0.0,0.059595186,5.6384875e-19,0.013587898,5.737999e-11,0.007724529,3.3274764e-29,0.16190444,0.0,0.09764999,0.0,0.23140374,1.3866031e-12,0.033681776,0.0,0.17719507,2.032502e-39,0.16245224,1.597602e-39,0.13082385,2.129725e-11,0.05973507
4.7523045e-12,2.7198663e-10,3.9041945e-05,0.009260777,0.0,0.059440054,4.1234426e-19,0.084395625,3.801041e-11,0.028949983,0.0,0.17188844,0.0,0.061065085,0.0,0.23148042,1.5865227e-12,0.026613537,0.0,0.17836227,1.668211e-39,0.16385923,1.304155e-39,0.1315024,1.7243061e-11,0.009200928
4.545457e-12,1.8530731e-10,4.4436092e-05,0.013737864,0.0,0.058472954,5.08408e-19,0.042222776,2.9601575e-11,0.0051707067,5.792318e-29,0.12881565,0.0,0.07227423,0.0,0.2315804,1.6852291e-12,0.23426315,0.0,0.18005587,1.33958e-39,0.16197065,1.046567e-39,0.13033438,1.7735263e-11,0.045584984
4.220289e-12,3.1088432e-10,6.073489e-05,0.012787784,0.0,0.057906564,5.702216999999999e-19,0.040295478,3.011781e-11,0.014481128,3.1663703e-29,0.090533026,0.0,0.046810936,0.0,0.23165883,9.294074e-13,0.123232834,0.0,0.18004613,1.13001e-39,0.16303606,8.801540000000001e-40,0.1310146,1.5330332e-11,0.008787886
4.0812614e-12,1.0225105e-10,4.861144e-05,0.01649584,0.0,0.06130364,5.424205999999999e-19,0.028890455,2.5254578e-11,0.026876848,1.3621832e-29,0.048435513,0.0,0.06321716,0.0,0.23292162,1.255164e-12,0.0638462,0.0,0.18019089,8.535620000000001e-40,0.16291332,6.832299999999999e-40,0.13200085,1.575741e-11,0.04870861
3.8256555e-12,2.9547614e-12,5.9043414e-05,0.01764399,0.0,0.05974259,5.192805e-19,0.0498998,3.9866246e-11,0.017750623,2.4417235e-29,0.020285573,0.0,0.059861157,0.0,0.23289177,1.5234481e-12,0.035084005,0.0,0.18091662,6.53804e-40,0.16445372,5.1839900000000005e-40,0.13214694,1.473866e-11,0.010269462
3.644671e-12,2.7028247e-12,5.4931883e-05,0.012763522,0.0,0.06126884,3.3460803e-19,0.011629254,4.946735e-11,0.026795752,1.0881017e-29,0.077787355,0.0,0.023594247,0.0,0.23354074,1.6090459e-12,0.024895905,0.0,0.18077978,5.01219e-40,0.16537967,3.984e-40,0.13339597,1.568711e-11,0.063776076
3.6431327e-12,2.506816e-12,5.4840653e-05,0.008962839,0.0,0.062442183,3.103844e-19,0.04757666,6.099882e-11,0.012340709,7.4923565e-30,0.08860594,0.0,0.21137446,0.0,0.23399673,1.6454341e-12,0.25436705,0.0,0.18322971,3.99224e-40,0.16770378,3.1632999999999996e-40,0.13621263,1.3606659e-11,0.010629511
3.633022e-12,1.7157886e-10,5.0526352e-05,0.013555494,0.0,0.06381722,1.641688e-19,0.029251477,4.6616412e-11,0.017896367,0.0,0.0652804,0.0,0.10570601,0.0,0.23459369,1.5522641e-12,0.13714327,0.0,0.18149978,3.22943e-40,0.1660784,2.5099e-40,0.13533098,1.4583211e-11,0.06950358
3.6230528e-12,2.1558328e-12,4.6537203e-05,0.009587661,0.0,0.060893156,1.7068388999999998e-19,0.013871793,4.027491e-11,0.021456417,1.101439e-30,0.026715048,0.0,0.07622477,0.0,0.23398714,1.6103968e-12,0.054818816,0.0,0.17871347,2.46769e-40,0.16527782,1.89551e-40,0.13212149,1.1978934e-11,0.012417904
3.5750352e-12,2.0046792e-12,3.9938343e-05,0.009066845,0.0,0.063304976,2.6547946e-19,0.0258434,3.885152e-11,0.016546326,4.2157647e-30,0.12925893,0.0,0.02245422,0.0,0.23490503,2.0970552e-12,0.021018399,0.0,0.18349513,2.09737e-40,0.16817598,1.64625e-40,0.13678119,1.3245621e-11,0.06934135
3.5030564e-12,1.7329678e-11,3.7964834e-05,0.012264282,0.0,0.062328447,2.187175e-19,0.025980715,2.9547816e-11,0.038078025,2.1938138000000003e-30,0.14099142,0.0,0.26580104,0.0,0.234897,2.6138568e-12,0.2978383,0.0,0.1815294,1.6025999999999996e-40,0.16536961,1.24718e-40,0.13436645,1.1754119e-11,0.012044051
3.3814264e-12,1.2431975e-10,4.396785e-05,0.016346397,0.0,0.06105708,1.7958527e-19,0.023180883,2.1101e-11,0.010572263,1.4107397e-30,0.117494375,0.0,0.15120457,0.0,0.23467158,1.4844591e-12,0.16734044,0.0,0.18201296,1.3773600000000002e-40,0.16642761,1.0505e-40,0.13400474,1.2152452e-11,0.04059841
3.3802841e-12,1.5765855e-12,4.389483e-05,0.011541981,0.0,0.059980623,9.033399e-20,0.038380854,1.9387438e-11,0.0123067405,2.2567672e-31,0.08169128,0.0,0.13844973,0.0,0.23445769,9.599579e-13,0.075828984,0.0,0.17875119,1.0458e-40,0.16296214,8.051900000000001e-41,0.1303462,1.2251575e-11,0.021070201
3.2482268e-12,1.4634525e-12,5.1242652e-05,0.01013285,0.0,0.06309126,1.2118893999999998e-19,0.026321907,1.8199314e-11,0.02157657,9.140105e-31,0.03192216,0.0,0.05367011,0.0,0.23533005,1.1828616e-12,0.024431948,0.0,0.1811062,8.4147e-41,0.1664932,6.6075e-41,0.13335669,1.1939726e-11,0.036509033
3.13491e-12,1.5034467e-10,5.3790394e-05,0.012941752,0.0,0.06374853,8.6541006e-20,0.021716278,1.3761988e-11,0.010904974,6.050796e-31,0.011297366,0.0,0.018019624,0.0,0.23572698,1.3514752e-12,0.22912891,0.0,0.18091834,6.3887e-41,0.16400912,5.0186e-41,0.13200559,1.2050382e-11,0.033488546
3.1188676e-12,3.4522188e-10,4.789792e-05,0.010850648,0.0,0.063947484,9.458106e-21,0.024151059,1.0777752e-11,0.01782399,0.0,0.18663056,0.0,0.26888725,0.0,0.23594967,1.0570033e-12,0.1361411,0.0,0.18072848,5.2134e-41,0.16445322,4.0345e-41,0.13141389,1.08627005e-11,0.023787744
3.0957253e-12,2.0773926e-10,4.2969677e-05,0.021042556,0.0,0.06543518,1.2955517e-19,0.021945652,8.8211e-12,0.03083864,4.627204e-31,0.1800688,0.0,0.15392224,0.0,0.23667781,1.1143853e-12,0.073397346,0.0,0.18199399,4.0334e-41,0.16558273,3.1909e-41,0.1333089,1.2038157e-11,0.025031367
3.087399e-12,1.4864425e-10,4.048692e-05,0.0152453,0.0,0.06487156,1.386119e-19,0.041448865,6.6573717e-12,0.00875971,4.521798e-31,0.14615935,0.0,0.076047964,0.0,0.23681661,1.3199822e-12,0.026954282,0.0,0.18176122,3.0995e-41,0.1682021,2.4544e-41,0.13562441,1.1526993e-11,0.022016995
3.023302e-12,4.3139072e-11,4.09962e-05,0.0151093565,0.0,0.06302782,8.467581e-20,0.021406194,1.5068438e-11,0.0073341453,1.8942217e-31,0.104526035,0.0,0.050137013,0.0,0.23651409,1.6154629e-12,0.14002149,0.0,0.18054935,2.48e-41,0.16700795,1.9223e-41,0.13499446,1.20841765e-11,0.025222415
2.7961457e-12,2.259237e-10,8.703994e-05,0.011454215,0.0,0.06434611,5.533065e-20,0.026736924,1.4416177e-11,0.010703159,4.7551923e-32,0.05182493,0.0,0.019997848,0.0,0.23673996,1.3009476e-12,0.045707583,0.0,0.18069164,2.1186e-41,0.16635342,1.6164000000000002e-41,0.13436402,1.12810455e-11,0.028992051
2.6130378e-12,6.006032e-11,9.071189e-05,0.009176044,0.0,0.06500889,6.9165915e-20,0.019787854,1.2098975e-11,0.016408116,7.953557600000001e-32,0.038256396,0.0,0.27068096,0.0,0.23683178,1.5678899e-12,0.036817838,0.0,0.1803498,1.6317000000000002e-41,0.1648824,1.2619e-41,0.13256761,1.1580942e-11,0.032073155
2.4817609e-12,7.442931e-13,8.039593e-05,0.0042910893,0.0,0.06480772,1.9893981e-20,0.025150849,1.2023893e-11,0.0064889607,0.0,0.13758443,0.0,0.1447265,0.0,0.23675798,1.9041637e-12,0.12548678,0.0,0.18321665,1.2212e-41,0.16798055,9.631e-42,0.1343666,1.01917546e-11,0.022975367
2.4341794e-12,1.4375207e-10,6.1451814e-05,0.0055322484,0.0,0.063439116,3.790531e-20,0.013513696,1.0195733e-11,0.008624966,0.0,0.13196445,0.0,0.063095465,0.0,0.23647617,8.8083837e-13,0.089792356,0.0,0.18157019,1.0347e-41,0.16573906,7.969000000000001e-42,0.13403513,1.0926357e-11,0.020857235
2.4159006e-12,1.0801072e-10,5.202991e-05,0.0056225304,0.0,0.062393196,5.460602e-20,0.035872813,6.986633e-12,0.024049615,4.8951088e-32,0.08382827,0.0,0.07406004,0.0,0.23604482,7.537265e-13,0.10130661,0.0,0.18039444,7.999000000000001e-42,0.16755384,6.292000000000001e-42,0.13572668,1.0600116e-11,0.038866512
2.4035667e-12,6.169032e-13,4.5842764e-05,0.00642331,0.0,0.060871683,3.2863353e-20,0.023938049,1.16187945e-11,0.008807814,1.076028e-32,0.03893244,0.0,0.02365933,0.0,0.23586267,9.584304e-13,0.07277975,0.0,0.17897327,6.588e-42,0.16524391,5.043e-42,0.13347375,1.0381596e-11,0.028299905
2.3857643e-12,1.8936698e-10,3.903965e-05,0.0023987242,0.0,0.058496263,5.1823466e-20,0.03980583,9.061723e-12,0.008458246,3.0020254000000003e-32,0.020040417,0.0,0.17251207,0.0,0.23521857,1.3049419e-12,0.106347136,0.0,0.1780797,4.88e-42,0.16686593,3.814000000000001e-42,0.13329573,9.421697e-12,0.020978235
2.3405722e-12,4.91694e-11,3.5240708e-05,0.0094411075,0.0,0.061567523,3.837611e-20,0.014270609,3.301467e-11,0.021261958,1.921526e-32,0.20124069,0.0,0.13450503,0.0,0.23577781,7.795684e-13,0.06729265,0.0,0.17944792,3.91e-42,0.16770026,3.042e-42,0.13455623,9.410789e-12,0.017762605
2.2438512e-12,5.095921e-13,4.81251e-05,0.0102873305,0.0,0.06370304,3.2796548e-20,0.019200338,3.2862393e-11,0.006977704,9.3055035e-33,0.22024076,0.0,0.063793235,0.0,0.2362737,7.913613e-13,0.017597578,0.0,0.1796255,3.299e-42,0.1657157,2.5150000000000006e-42,0.13331531,9.145857e-12,0.05449965
2.18593e-12,8.234835e-11,4.150519e-05,0.003518819,0.0,0.058873266,2.1315373e-20,0.02832912,2.6127987e-11,0.0050421245,6.515711999999999e-34,0.19399488,0.0,0.016896918,0.0,0.23488115,1.0754074e-12,0.33026537,0.0,0.17730159,2.458e-42,0.16557103,1.897e-42,0.13115709,7.610553e-12,0.008114727
2.022395e-12,4.5649785e-13,6.044404e-05,0.0011157779,0.0,0.056179397,1.6907265e-20,0.016493654,2.5048684e-11,0.0021041906,5.633428e-34,0.164436,0.0,0.2788469,0.0,0.233749,8.7476635e-13,0.12263127,0.0,0.1779322,2.3010000000000002e-42,0.1620776,1.697e-42,0.12777188,7.767705e-12,0.034562353
1.9647279e-12,4.3549165e-13,4.291962e-05,0.0036155106,0.0,0.055451132,2.1293093e-20,0.011611426,3.0000905e-11,0.0014452217,5.1267522e-33,0.113271885,0.0,0.15628403,0.0,0.2332136,1.1744039e-12,0.07893256,0.0,0.17525478,1.74e-42,0.16080728,1.351e-42,0.12624933,7.2739714e-12,0.011583455
1.9353037e-12,2.3786434e-10,3.3586202e-05,0.0013929881,0.0,0.05604096,2.2745777e-20,0.021582833,2.1971843e-11,0.00584185,6.292716e-33,0.054015107,0.0,0.079747945,0.0,0.2332199,7.605209e-13,0.121729404,0.0,0.17549166,1.376e-42,0.16177344,1.075e-42,0.12622668,7.298909e-12,0.052864037
1.901747e-12,1.1069453e-11,2.7252478e-05,0.0025578106,0.0,0.05399883,1.8362385e-20,0.020907907,2.2180235e-11,0.004388527,4.1468267e-33,0.016871525,0.0,0.06745191,0.0,0.23229049,6.1071525e-13,0.09045518,0.0,0.1788631,1.1460000000000001e-42,0.15882683,8.830000000000001e-43,0.12410065,6.2778836e-12,0.007593936
1.8834457e-12,3.6841298e-13,2.361429e-05,0.0009740497,0.0,0.05532485,5.8836452e-21,0.024950689,2.4778759e-11,0.008951063,0.0,0.17456706,0.0,0.021169746,0.0,0.23229165,8.412507e-13,0.08462903,0.0,0.1771588,9.68e-43,0.16101184,7.510000000000001e-43,0.1254098,6.353217e-12,0.03933312
1.7719677e-12,3.441704e-13,3.6730497e-05,0.0022971863,0.0,0.054108344,1.4419005e-20,0.015944336,2.1963556e-11,0.026826845,2.940518e-33,0.18811347,0.0,0.16588902,0.0,0.2316952,6.598795e-13,0.038255222,0.0,0.17458898,6.8100000000000014e-43,0.1608574,5.4800000000000015e-43,0.1254354,5.9494232e-12,0.025537
1.6002741e-12,3.2579796e-13,5.6675206e-05,0.0016325066,0.0,0.054533016,1.4138034e-20,0.011473701,2.3048686e-11,0.0059892847,2.4272862e-33,0.17042103,0.0,0.14594755,0.0,0.23165013,6.188651e-13,0.012650743,0.0,0.1753307,5.27e-43,0.16443741,4.23e-43,0.12901698,5.3815407e-12,0.023321627
1.5313835e-12,3.0844085e-13,3.6429068e-05,0.0029112438,0.0,0.051104307,1.5400769e-20,0.013419034,2.3867557e-11,0.00733288,3.2515217e-33,0.12894852,0.0,0.09412051,0.0,0.23028134,7.0123676e-13,0.30655712,0.0,0.17551973,4.5400000000000015e-43,0.15945089,3.4600000000000003e-43,0.12521833,5.444117e-12,0.020010166
1.5201359e-12,2.9291652e-13,2.9458362e-05,0.00094443164,0.0,0.050548002,1.074694e-20,0.026752548,3.0602285e-11,0.007019128,1.7559254e-33,0.08335161,0.0,0.06918058,0.0,0.22973818,5.296668e-13,0.15854333,0.0,0.17392665,3.76e-43,0.1608918,2.9e-43,0.1251738,5.0278093e-12,0.02433143
1.5054857e-12,2.787165e-13,2.3677809e-05,0.0024307442,0.0,0.050489154,5.0330968e-21,0.022058554,4.3373555e-11,0.014144474,0.0,0.03027701,0.0,0.014499989,0.0,0.22941859,5.89914e-13,0.05279288,0.0,0.17219742,2.89e-43,0.15839994,2.2700000000000003e-43,0.123892635,4.845938e-12,0.038233563
1.3907027e-12,2.665089e-13,3.168324e-05,0.00071116374,0.0,0.047337882,6.6791785e-21,0.014792711,4.1272864e-11,0.005109849,9.098002e-34,0.023821734,0.0,0.26884833,0.0,0.22793074,6.737177e-13,0.009996078,0.0,0.17097063,2.4e-43,0.15714566,1.85e-43,0.121391736,4.077812e-12,0.022770138
1.3870754e-12,5.954888e-11,2.864384e-05,0.0011220217,0.0,0.04577,7.345715999999999e-21,0.013382768,3.222427e-11,0.0061757187,2.8784615e-34,0.12643263,0.0,0.17023438,0.0,0.22661015,8.4827365e-13,0.28513014,0.0,0.16827574,2e-43,0.15162565,1.5100000000000001e-43,0.11516176,4.064057e-12,0.012137869
1.3769588e-12,2.4117297e-13,2.280338e-05,0.0027414244,0.0,0.04375144,7.612064e-21,0.0165332,3.6561983e-11,0.00746675,9.794598e-34,0.120860845,0.0,0.12668331,0.0,0.22522536,4.7651287e-13,0.13736899,0.0,0.16507725,1.5700000000000002e-43,0.15135017,1.2200000000000001e-43,0.1118585,4.1201717e-12,0.041720197
1.1815665e-12,2.2850734e-13,4.412239e-05,0.0015263965,0.0,0.04557547,5.5383345e-21,0.016467746,3.7013184e-11,0.008630033,9.638033e-35,0.10005288,0.0,0.03964824,0.0,0.22513472,4.3630036e-13,0.04230403,0.0,0.16508414,1.54e-43,0.14817253,1.16e-43,0.11027078,3.3285434e-12,0.02690886
1.0766858e-12,6.632208e-11,3.1449556e-05,0.0016728169,0.0,0.04387954,2.68161e-21,0.00845402,3.3214806e-11,0.0058389455,0.0,0.061954282,0.0,0.08159626,0.0,0.22408997,5.6234195e-13,0.015718734,0.0,0.16134502,1.2200000000000001e-43,0.14204186,9.4e-44,0.10282951,3.3982196e-12,0.015877895
1.03534e-12,2.1076709e-13,2.0118005e-05,0.00055937865,0.0,0.042961493,5.2784503e-21,0.018083213,3.075361e-11,0.0031887668,0.0,0.022589955,0.0,0.038070295,0.0,0.2230598,7.683754e-13,0.32330585,0.0,0.16007747,1e-43,0.14077751,7.8e-44,0.099401094,3.2514998e-12,0.02992884
1.0237792e-12,2.0289072e-13,1.5719346e-05,0.0012046726,0.0,0.043560013,5.9264934e-21,0.011611126,2.9848148e-11,0.0022172602,5.8178443e-34,0.011361596,0.0,0.04380522,0.0,0.22257344,4.5350515e-13,0.14283401,0.0,0.1597536,9e-44,0.1347317,7e-44,0.094730414,2.9970974e-12,0.021924097
9.792886e-13,1.4084784e-12,1.7185166e-05,0.00085012196,0.0,0.044819508,2.2782032e-21,0.019762916,4.5689088e-11,0.0012457757,0.0,0.12263077,0.0,0.11215751,0.0,0.22250503,4.868848e-13,0.04039837,0.0,0.16057394,7.300000000000001e-44,0.13879281,5.999999999999999e-44,0.09827754,3.0206046e-12,0.011184446
9.768368e-13,1.8835726e-13,1.5681728e-05,0.002240667,0.0,0.041039728,6.930351e-21,0.013382175,3.854044e-11,0.0023131075,6.9266794e-34,0.11683586,0.0,0.11647543,0.0,0.22071207,6.563394e-13,0.060561042,0.0,0.15739167,5.9e-44,0.1315405,4.8e-44,0.091696694,3.1614479e-12,0.03229552
9.741117e-13,1.7902375e-13,1.4252324e-05,0.0007890278,0.0,0.04197883,3.6761478e-21,0.024099,2.672257e-11,0.0013378568,1.6435214e-34,0.10256453,0.0,0.05938529,0.0,0.22032174,5.4448286e-13,0.037496332,0.0,0.15875834,4.9e-44,0.13359831,4e-44,0.09236528,2.706318e-12,0.021702409
9.536212e-13,1.7100649e-13,1.1808986e-05,0.0014118279,0.0,0.041456174,4.6595956e-21,0.009587081,3.6723003e-11,0.00096103456,2.4082598e-34,0.06542552,0.0,0.037521135,0.0,0.21941218,6.2450864e-13,0.02366708,0.0,0.15409826,3.8e-44,0.12712678,3.2000000000000004e-44,0.08643185,2.7902845e-12,0.00921489
9.447618e-13,1.636335e-13,9.79535e-06,0.0010527144,0.0,0.038235866,4.7316173e-21,0.007838609,3.8336855e-11,0.002063107,1.608527e-34,0.029777765,0.0,0.036742132,0.0,0.21724363,7.221657e-13,0.12176616,0.0,0.15070514,3.6000000000000004e-44,0.122954614,2.8e-44,0.08068258,2.7746878e-12,0.01885982
9.227047e-13,1.5663825e-13,8.588085e-06,0.0015860508,0.0,0.037856318,4.4556774e-21,0.0077887056,3.7436877e-11,0.0010814314,1.2281308e-34,0.008614648,0.0,0.074936226,0.0,0.21627405,6.8811975e-13,0.035029933,0.0,0.1491594,2.8e-44,0.11769337,2.4e-44,0.07611313,2.7429283e-12,0.041211892
9.226439e-13,8.658939e-11,8.573813e-06,0.0012707147,0.0,0.037246082,5.409326e-21,0.014711396,2.6856678e-11,0.0015296265,5.1094634e-34,0.0683118,0.0,0.04031196,0.0,0.21497712,8.5971426e-13,0.07148353,0.0,0.14907745,2.1000000000000005e-44,0.11669884,1.8000000000000002e-44,0.07405095,2.4273055e-12,0.00649822
9.203913e-13,1.423677e-13,7.875006e-06,0.0017869938,0.0,0.035114665,5.1307667e-21,0.0072708516,2.7206744e-11,0.0030980266,2.2583694e-34,0.0629704,0.0,0.025506325,0.0,0.21269695,5.495057e-13,0.05413378,0.0,0.1421907,2.4e-44,0.106516674,1.8000000000000002e-44,0.0658947,2.4832727e-12,0.010966394
9.181487e-13,1.3619929e-13,7.2132602e-06,0.0006289082,0.0,0.03294438,3.9022225e-21,0.004828788,2.3548365e-11,0.0015699341,1.3714891e-34,0.042023662,0.0,0.10319815,0.0,0.21023199,5.418727e-13,0.023206918,0.0,0.14018087,2e-44,0.099984154,1.7e-44,0.059823792,2.5531005e-12,0.016109888
9.115816e-13,1.3186914e-13,6.0167686e-06,0.00057558,0.0,0.032222304,2.508072e-21,0.005026561,2.6757976e-11,0.0006945549,0.0,0.016018147,0.0,0.09922276,0.0,0.20806602,7.012881e-13,0.13052888,0.0,0.13970351,1.5e-44,0.09845045,1.4e-44,0.058126252,2.5322567e-12,0.022294413
9.093728e-13,1.2614471e-13,5.547676e-06,0.0032268271,0.0,0.033295114,4.683145e-21,0.0038823604,2.700769e-11,0.0025357425,2.3129787e-34,0.01943671,0.0,0.055538174,0.0,0.2070039,5.929287e-13,0.0335212,0.0,0.13797893,1e-44,0.098046534,1e-44,0.058514677,2.4824498e-12,0.028926833
9.071724e-13,1.2133744e-13,5.1045863e-06,0.0008132398,0.0,0.030462962,4.422249e-21,0.0028649862,2.9086476e-11,0.0007085234,2.5519966e-34,0.0061446116,0.0,0.024705783,0.0,0.20394291,7.4526816e-13,0.038491517,0.0,0.13537537,1.1e-44,0.09330304,1e-44,0.055741657,2.2721694e-12,0.011470612
9.0540455e-13,6.089995e-11,4.7694916e-06,0.0005888162,0.0,0.030352678,3.1434541e-21,0.005729501,2.3737732e-11,0.00036087105,1.3988801e-34,0.056538288,0.0,0.0762328,0.0,0.20227781,8.647762e-13,0.051303115,0.0,0.13504541,1e-44,0.089767076,8.000000000000001e-45,0.053771745,2.294764e-12,0.015946174
8.900988e-13,4.7159204e-11,4.0273644e-06,0.0011111473,0.0,0.02877484,2.318242e-21,0.0053426726,2.0789644e-11,0.00036020347,3.6860343e-35,0.04504029,0.0,0.06739898,0.0,0.19961864,7.947345e-13,0.014005881,0.0,0.12992561,1e-44,0.08123282,8.000000000000001e-45,0.046348434,2.2613825e-12,0.021770582
8.673248e-13,1.0817605e-13,3.5994603e-06,0.0008456803,0.0,0.026956668,3.8673404e-21,0.003725328,2.1525413e-11,0.00048300187,1.5219696e-34,0.020372514,0.0,0.02336303,0.0,0.19605197,9.452429e-13,0.21666706,0.0,0.12353895,8.000000000000001e-45,0.072640575,8.000000000000001e-45,0.03991193,2.1833713e-12,0.014718911
8.6429453e-13,1.0379098e-13,3.215666e-06,0.0015586158,0.0,0.02409497,3.89102e-21,0.001063176,1.9471808e-11,0.00086805667,1.3236483e-34,0.0065015387,0.0,0.047065914,0.0,0.1913229,5.8238684e-13,0.07120874,0.0,0.11950559,8.000000000000001e-45,0.064599864,7e-45,0.03440989,2.1489288e-12,0.013979217
8.6316035e-13,9.9236354e-14,3.051242e-06,0.0007136066,0.0,0.025325013,2.7916564e-21,0.0034052078,1.80573e-11,0.0025564593,6.7674553e-35,0.038465578,0.0,0.021434134,0.0,0.18879555,7.5347037e-13,0.06149128,0.0,0.12292103,7e-45,0.06426243,7e-45,0.035392836,2.102702e-12,0.020628225
8.4500744e-13,3.2888223e-11,2.7017243e-06,0.0010408608,0.0,0.025673041,2.45775e-21,0.0029934833,1.4583206e-11,0.0013815651,5.1655113e-35,0.03386705,0.0,0.061816145,0.0,0.18616846,6.2709993e-13,0.024187956,0.0,0.11297468,7e-45,0.059847057,6e-45,0.032545447,1.9996782e-12,0.019155208
8.449899e-13,6.514542e-11,2.6972343e-06,0.00055783306,0.0,0.023439791,2.2503287000000002e-21,0.002155081,1.2144505e-11,0.0005148271,2.8339806e-35,0.013449276,0.0,0.011451993,0.0,0.18165164,6.6235716e-13,0.07815488,0.0,0.108010724,6e-45,0.052986335,6e-45,0.02762566,1.945285e-12,0.015748464
8.429627e-13,5.896939e-11,2.4721587e-06,0.00049972633,0.0,0.021129822,2.282505e-21,0.0019308047,9.483091e-12,0.0002776335,3.8566885e-35,0.021201607,0.0,0.11542844,0.0,0.17619696,5.852503e-13,0.020999756,0.0,0.1011137,4.000000000000001e-45,0.049214862,4.000000000000001e-45,0.024813475,1.8879353e-12,0.013429526
8.291067e-13,9.9690964e-11,1.9215736e-06,0.00035080974,0.0,0.019889886,2.190697e-21,0.001844808,6.845602e-12,0.00016669682,3.001019e-35,0.009181041,0.0,0.056207966,0.0,0.17109084,6.4657773e-13,0.11213573,0.0,0.09983717,4.000000000000001e-45,0.044741336,4.000000000000001e-45,0.02282714,1.8416007e-12,0.011447441
8.277683e-13,8.404817e-11,1.7978444e-06,0.0003506009,0.0,0.017793192,2.6458685000000002e-21,0.0009901148,6.678813e-12,0.000103768085,3.8389352e-35,0.016406382,0.0,0.016272765,0.0,0.16475286,5.2495e-13,0.022461059,0.0,0.09034498,4.000000000000001e-45,0.04082392,4.000000000000001e-45,0.020838166,1.7930581e-12,0.008413885
8.271098e-13,4.2505405e-11,1.7292082e-06,0.00043323598,0.0,0.01733499,2.3817109000000002e-21,0.0013945056,5.487467e-12,6.304561e-05,3.3308028e-35,0.0134259565,0.0,0.11382532,0.0,0.15898137,5.8908575e-13,0.11345481,0.0,0.092695534,4.000000000000001e-45,0.03754883,4.000000000000001e-45,0.019095032,1.8016351e-12,0.008455224
8.270988e-13,7.874561e-14,1.7263344e-06,0.0007448812,0.0,0.01679075,1.4350906e-21,0.0025197011,8.651053e-12,4.501391e-05,9.572118e-36,0.007940713,0.0,0.053094603,0.0,0.15337203,4.854493e-13,0.023260554,0.0,0.08016776,3e-45,0.034217644,3e-45,0.017417058,1.688846e-12,0.0036921767
8.182878e-13,1.2825823e-11,1.3118542e-06,0.00037331152,0.0,0.014397674,5.7812620000000005e-22,0.0014556949,7.57874e-12,3.263063e-05,0.0,0.021520928,0.0,0.011872066,0.0,0.14535798,5.4189276e-13,0.07673242,0.0,0.08177084,3e-45,0.02948409,3e-45,0.014535445,1.6432899e-12,0.0010388024
8.0484285e-13,7.465657e-14,9.606e-07,0.00034952702,0.0,0.01301341,9.716962e-22,0.001031632,7.6206454e-12,3.3620145e-05,5.7564505e-36,0.012094593,0.0,0.04799907,0.0,0.13677862,5.357593e-13,0.023486014,0.0,0.06485016,3e-45,0.023626052,3e-45,0.011170029,1.7454789e-12,0.00048305292
8.0483694e-13,9.466498e-12,9.590036e-07,0.0004497634,0.0,0.011222303,1.0249509e-21,0.0009253133,1.1233882e-11,4.0832932e-05,9.390952e-36,0.0044831675,0.0,0.011812381,0.0,0.12682702,5.955369e-13,0.05442843,0.0,0.06744619,3e-45,0.020492287,3e-45,0.00955401,1.7032506e-12,0.0007049867
8.0290755e-13,7.0782166e-14,8.639845e-07,0.00032561418,0.0,0.0103121465,1.2087061000000001e-21,0.00056214794,1.2507469e-11,2.8633398e-05,3.1532826e-36,0.013141032,0.0,0.04223682,0.0,0.11731036,5.810442e-13,0.026108868,0.0,0.052872326,3e-45,0.016945422,3e-45,0.0075856964,1.6709098e-12,0.00022082413
7.9909907e-13,4.0374402e-11,7.237569e-07,0.00015814626,0.0,0.009289864,1.6199873e-21,0.000386863,1.0044568e-11,2.4936578e-05,1.2697968e-35,0.005257747,0.0,0.011005609,0.0,0.10817792,6.202289e-13,0.044772197,0.0,0.0549019,3e-45,0.014487376,3e-45,0.0063235834,1.6396455e-12,0.00010118008
7.990946e-13,3.7768545e-11,7.2255415e-07,6.241128e-05,0.0,0.0075890315,8.393189e-22,0.00033225745,1.2831246e-16,3.5891153e-05,9.819803e-37,0.012436138,0.0,0.032523483,0.0,0.09650698,6.01286e-13,0.020055624,0.0,0.044207554,3e-45,0.011969398,3e-45,0.005045766,1.6475133e-12,4.3148473e-05
7.9153866e-13,6.6235144e-14,5.2454965e-07,2.3118853e-05,0.0,0.0062115937,2.1041986e-21,3.3750235e-05,1.22725875e-11,1.7526098e-05,9.933663e-36,0.004628408,0.0,0.005339689,0.0,0.08517079,6.283355e-13,0.040950004,0.0,0.0445357,1e-45,0.011055571,3e-45,0.0046351957,1.6576925e-12,1.8499422e-05
7.9153546e-13,5.6563112e-11,5.236779e-07,4.431812e-06,0.0,0.0058340384,1.0197435000000001e-21,0.00021243836,1.062513e-11,2.4163446e-05,1.5801622e-37,0.010154137,0.0,0.017237997,0.0,0.07742618,6.41559e-13,0.027004939,0.0,0.03777056,1e-45,0.010000076,1e-45,0.004071836,1.6408754e-12,1.0234636e-05
7.896489e-13,2.836164e-12,4.7005224e-07,1.4109471e-06,0.0,0.0063205413,1.1246921e-21,0.00025616016,1.08234584e-11,2.6778165e-05,4.5417302e-36,0.0062575047,0.0,0.035790272,0.0,0.07581377,7.1159853e-13,0.04028033,0.0,0.045107026,1e-45,0.010585435,1e-45,0.004493685,1.6324829e-12,1.0906821e-05
7.89646e-13,2.3211565e-11,4.6927107e-07,3.0418818e-07,0.0,0.004896477,1.3315227000000001e-21,9.673371e-05,9.538739e-12,2.5724616e-05,1.1032051e-35,0.0063534724,0.0,0.008368214,0.0,0.0680833,7.0572e-13,0.02154305,0.0,0.034554083,1e-45,0.009393085,1e-45,0.00391977,1.6475188e-12,8.477503e-06
7.896432e-13,5.94591e-14,4.6849118e-07,1.3398807e-07,0.0,0.0076904777,8.557375e-22,0.0005394964,1.18735655e-11,2.8096925e-05,5.0269994e-36,0.01026684,0.0,0.07783445,0.0,0.076794185,7.5397495e-13,0.09986686,0.0,0.06565403,1e-45,0.01699616,1e-45,0.008510134,1.6378414e-12,3.170729e-05
7.896403e-13,2.2163413e-11,4.677126e-07,6.007498e-08,0.0,0.009085209,1.040504e-21,0.0011957058,8.945387e-12,3.039484e-05,6.275807e-36,0.0042793807,0.0,0.026670946,0.0,0.082132384,5.779017e-13,0.013636743,0.0,0.05495304,1e-45,0.021063266,1e-45,0.010906883,1.6432045e-12,5.571597e-05
7.896375e-13,5.5666934e-14,4.6693532e-07,5.2880715e-08,0.0,0.009121455,1.1478022e-21,0.00075853104,6.397327e-12,3.7194946e-05,6.33968e-36,0.030342745,0.0,0.032049045,0.0,0.08329492,6.268074e-13,0.13640206,0.0,0.052582324,1e-45,0.020596819,1e-45,0.010570618,1.6000828e-12,6.978723e-05
7.641202e-13,2.9008797e-11,5.978137e-07,8.2695806e-08,0.0,0.008967068,7.189284e-22,0.0019117348,7.689595e-12,2.9007833e-05,2.8486987e-36,0.01813506,0.0,0.015435246,0.0,0.0824007,5.0964734e-13,0.024908455,0.0,0.055191256,1e-45,0.01833501,1e-45,0.009110905,1.5840804e-12,6.359803e-05
7.641167e-13,5.120408e-11,5.9682014e-07,6.654774e-08,0.0,0.008001038,9.383604e-22,0.00076718134,5.606483e-12,3.112817e-05,3.5399642e-36,0.0042943447,0.0,0.084466994,0.0,0.07850206,6.0387193e-13,0.06582709,0.0,0.045338187,1e-45,0.015983496,1e-45,0.007680062,1.5615851e-12,4.9749953e-05
7.55108e-13,5.8570176e-11,4.8797415e-07,3.279512e-08,0.0,0.0073900223,5.217785e-22,0.00072350365,4.7985947e-12,2.176333e-05,1.1395602e-36,0.007043603,0.0,0.024220498,0.0,0.07485646,5.9410224e-13,0.018250203,0.0,0.05092202,1e-45,0.013565215,1e-45,0.0061720833,1.5687145e-12,2.6110625e-05
7.0120315e-13,3.008819e-11,6.7709226e-07,2.9319322e-08,0.0,0.0068156747,8.676795e-22,0.0005527803,8.255498e-12,1.3496606e-05,3.4944443e-36,0.006495197,0.0,0.032991465,0.0,0.071092114,6.515632e-13,0.09004894,0.0,0.03906411,1e-45,0.012158065,1e-45,0.0053805704,1.5315782e-12,1.7428352e-05
6.45053e-13,2.6058272e-11,6.53762e-07,5.1258816e-08,0.0,0.006023085,1.0188152e-21,0.0002922461,7.0468666e-12,2.6909413e-05,3.348096e-36,0.010423037,0.0,0.0119899,0.0,0.06642958,5.869033e-13,0.024972953,0.0,0.052137967,1e-45,0.01270598,1e-45,0.0057376716,1.5121181e-12,1.6568954e-05
6.138965e-13,1.4018706e-11,4.640808e-07,3.6769006e-08,0.0,0.0057097967,6.489749e-22,0.0009094748,5.968882e-12,2.9587996e-05,1.152714e-36,0.0041349153,0.0,0.047764417,0.0,0.06311228,6.074196e-13,0.040900577,0.0,0.037749965,1e-45,0.012175735,1e-45,0.005588687,1.488119e-12,1.7770557e-05
6.124336e-13,6.510394e-11,4.186597e-07,2.428143e-08,0.0,0.0048259683,8.4665005e-22,0.00040474997,3.5769387e-12,2.8775907e-05,1.8096122e-36,0.005440885,0.0,0.011726314,0.0,0.05760592,6.222427e-13,0.017231977,0.0,0.04236186,0.0,0.010343357,1e-45,0.0045135412,1.4655818e-12,1.1655329e-05
6.1243165e-13,2.7032081e-11,4.1796386e-07,3.1589057e-08,0.0,0.004774729,1.7688301000000001e-22,0.0005494789,6.728618e-12,1.917012e-05,0.0,0.012118092,0.0,0.036496293,0.0,0.055889975,6.9156876e-13,0.065036215,0.0,0.03262576,0.0,0.009575625,1e-45,0.004207394,1.4561398e-12,1.1054778e-05
5.9816366e-13,4.4840335e-14,2.7291006e-07,3.9188254e-08,0.0,0.0043813745,4.325202e-22,0.00046197523,5.1832484e-12,2.2865877e-05,0.0,0.0038112735,0.0,0.008172637,0.0,0.05270013,6.2462107e-13,0.009000774,0.0,0.041522272,0.0,0.009609698,1e-45,0.0042485343,1.4552954e-12,1.0365628e-05
5.981624e-13,4.405427e-14,2.7245645e-07,5.4734876e-08,0.0,0.0044734576,3.0160684e-22,0.00070975645,6.017849e-12,1.7049633e-05,1.1208612e-37,0.011128063,0.0,0.035916436,0.0,0.051536568,6.947318e-13,0.056534372,0.0,0.028449045,0.0,0.008844187,0.0,0.0039835735,1.4554834e-12,9.0296935e-06
5.7883326e-13,1.0827069e-11,1.8920258e-07,6.056841e-08,0.0,0.0038902985,7.7041014e-22,0.00030963946,6.3711115e-12,1.6347578e-05,1.5324722e-36,0.0028410496,0.0,0.0067919535,0.0,0.048224192,6.994877e-13,0.011655895,0.0,0.0318744,0.0,0.007396381,0.0,0.0032234162,1.4372674e-12,7.3750634e-06
5.7883245e-13,4.258944e-14,1.888881e-07,4.1924906e-08,0.0,0.0030919092,2.7401486000000005e-22,0.00026305104,6.351757e-12,1.1619043e-05,0.0,0.00514966,0.0,0.016927373,0.0,0.042617574,7.933211e-13,0.043283932,0.0,0.021753762,0.0,0.005574503,0.0,0.002308707,1.433966e-12,4.41085e-06
5.720096e-13,4.198014e-14,1.3358583e-07,3.0172217e-08,0.0,0.0024775793,8.368599999999999e-22,4.7593137e-05,7.227041e-12,9.010723e-06,8.268697e-37,0.0051809056,0.0,0.013648601,0.0,0.03801418,7.495994e-13,0.0068656974,0.0,0.021910267,0.0,0.0045898496,0.0,0.0018245373,1.4105564e-12,3.0316282e-06
5.72009e-13,4.1562633e-14,1.333638e-07,1.8297857e-08,0.0,0.0019039302,2.5119745e-22,4.1844556e-05,6.6735163e-12,7.141909e-06,0.0,0.003834793,0.0,0.010505368,0.0,0.032764465,7.799765e-13,0.008598319,0.0,0.018922504,0.0,0.0036811284,0.0,0.0013978514,1.429154e-12,1.8264936e-06
5.639375e-13,5.977974e-11,8.709585e-08,2.1528818e-08,0.0,0.0019002105,9.9368075e-23,6.441798e-05,3.5581776e-12,1.4526255e-05,0.0,0.0064423783,0.0,0.012516609,0.0,0.03194489,8.5612534e-13,0.014096482,0.0,0.021356132,0.0,0.0037725503,0.0,0.0014340093,1.3996044e-12,1.6893046e-06
5.6393713e-13,4.7141843e-11,8.695108e-08,1.7410242e-08,0.0,0.0017550716,1.3464024e-22,6.957957e-05,5.2350984e-12,9.305221e-06,0.0,0.0032325103,0.0,0.019610506,0.0,0.02944735,9.81285e-13,0.063586436,0.0,0.014063973,0.0,0.0027888021,0.0,0.0010376803,1.388954e-12,1.0048574e-06
5.6393676e-13,2.0494974e-11,8.680656e-08,1.8846633e-08,0.0,0.0015123597,7.575336000000002e-22,2.0360016e-05,5.7519605e-12,1.0958199e-05,8.533057e-37,0.005066868,0.0,0.0080043655,0.0,0.026436333,9.529798e-13,0.0067058406,0.0,0.01252708,0.0,0.0023255476,0.0,0.00079722906,1.3944281e-12,6.8542755e-07
5.4697663e-13,2.5692287e-11,4.5669637e-08,2.4546264e-08,0.0,0.0014446503,6.021386600000001e-22,4.693555e-05,5.1946785e-12,1.206672e-05,8.413276e-37,0.0031790542,0.0,0.013480304,0.0,0.024506375,1.0585971e-12,0.013088689,0.0,0.012949561,0.0,0.0020544801,0.0,0.00074082223,1.3602212e-12,6.684901e-07
5.3175693e-13,3.8976614e-14,2.6494076e-08,2.9815112e-08,0.0,0.0012105566,5.6048180000000005e-22,5.0202263e-05,4.745996e-12,1.4059701e-05,5.522900599999999e-37,0.0039274837,0.0,0.00858489,0.0,0.021664103,1.126592e-12,0.027392909,0.0,0.012540399,0.0,0.0021611925,0.0,0.0007743753,1.3743023e-12,5.902223e-07
5.317568e-13,4.568442e-12,2.6450039e-08,3.257153e-08,0.0,0.001364584,5.0529386e-22,0.00015280112,5.3510148e-12,1.5395875e-05,5.462526e-37,0.009997077,0.0,0.017865613,0.0,0.021677203,1.177385e-12,0.024042068,0.0,0.015351133,0.0,0.0021264465,0.0,0.0008029802,1.3746629e-12,9.013797e-07
5.3049134e-13,3.756703e-14,2.3969331e-08,1.9851704e-08,0.0,0.0010858824,4.616848e-22,9.052586e-05,7.962275e-12,1.2044602e-05,3.4887922e-37,0.0028114612,0.0,0.010527468,0.0,0.018265396,1.23424e-12,0.02589914,0.0,0.009710957,0.0,0.0019674657,0.0,0.0007213119,1.3653128e-12,8.432324e-07
5.3049123e-13,3.7079464e-14,2.392949e-08,8.328617e-09,0.0,0.000712593,8.949307e-22,1.1752165e-05,8.090329e-12,1.1695312e-05,1.2291442e-36,0.0012321831,0.0,0.006989044,0.0,0.014325035,1.2606976e-12,0.015754454,0.0,0.007319032,0.0,0.0011482772,0.0,0.00041362602,1.3410212e-12,4.5154184e-07
5.304911e-13,3.141349e-11,2.3889713e-08,2.351102e-09,0.0,0.00065010705,7.1858887e-22,7.377445e-06,6.508462e-12,1.2803706e-05,7.455163999999999e-37,0.0012357222,0.0,0.011535671,0.0,0.012820211,1.3509883e-12,0.034717392,0.0,0.006142523,0.0,0.0010744001,0.0,0.00035499164,1.3450285e-12,2.8650743e-07
5.30491e-13,1.5788842e-11,2.3850005e-08,2.172866e-09,0.0,0.0006524384,5.5339433e-22,2.9082748e-06,6.4643347e-12,1.4836048e-05,4.217361799999999e-37,0.001633523,0.0,0.014340191,0.0,0.012097923,1.3613633e-12,0.015559078,0.0,0.0061640465,0.0,0.00087683,0.0,0.00031231306,1.32238e-12,2.4085585e-07
5.304909e-13,3.5231255e-14,2.3810362e-08,1.8481071e-09,0.0,0.00056123425,4.917575e-22,8.9360566e-07,9.17416e-12,1.5982516e-05,3.3188445e-37,0.0019778267,0.0,0.008296518,0.0,0.010540843,1.4485318e-12,0.037837047,0.0,0.0048561585,0.0,0.00074169267,0.0,0.00024494322,1.3298498e-12,1.785031e-07
5.2922846e-13,3.4778058e-14,2.1264873e-08,9.323533e-09,0.0,0.0005855556,1.6158166e-22,4.1854284e-05,7.804655e-12,1.4550801e-05,0.0,0.0041795,0.0,0.02148934,0.0,0.010030913,1.4488206e-12,0.015873732,0.0,0.005473593,0.0,0.00080356793,0.0,0.00027640082,1.32747e-12,2.2758313e-07
5.181071e-13,3.425575e-14,1.2949254e-08,5.2866818e-09,0.0,0.0005313247,3.584653e-22,4.536424e-06,7.647622e-12,1.3023442e-05,1.7657317e-37,0.004380718,0.0,0.0073447195,0.0,0.009017561,1.5140811e-12,0.03472513,0.0,0.006387862,0.0,0.0010152457,0.0,0.0003462888,1.3250016e-12,2.5426488e-07
5.1810704e-13,8.947726e-12,1.2927729e-08,1.7510204e-09,0.0,0.0005387369,2.602003e-22,7.418234e-07,7.284936e-12,1.2682815e-05,5.5301885e-38,0.006636537,0.0,0.017533552,0.0,0.008520585,1.5588551e-12,0.026569346,0.0,0.0062497957,0.0,0.00069899653,0.0,0.00025898826,1.3042336e-12,2.2841667e-07
5.168741e-13,3.3032235e-14,1.1776346e-08,2.958257e-09,0.0,0.0005428038,4.4331620000000015e-22,9.864391e-08,8.781778e-12,1.7547674e-05,2.1870984e-37,0.0030188686,0.0,0.02594835,0.0,0.008184802,1.5695556e-12,0.02066946,0.0,0.010031825,0.0,0.0010752827,0.0,0.00040568798,1.3051887e-12,4.4039106e-07
5.1687403e-13,4.202033e-11,1.1756771e-08,4.643918e-09,0.0,0.0004455534,2.9000983e-22,4.4045098e-07,3.3427822e-12,1.9176183e-05,0.0,0.003929932,0.0,0.0050468883,0.0,0.0071533155,1.5872061e-12,0.0287892,0.0,0.006537807,0.0,0.0007304602,0.0,0.0002814639,1.2918301e-12,3.386614e-07
5.1078206e-13,2.898999e-11,8.526782e-09,1.48361865e-08,0.0,0.0003728494,4.6102425e-22,6.056632e-08,6.2352597e-12,1.8524652e-05,1.1196465e-31,0.004621315,0.0,0.0061133597,0.0,0.006264764,1.5634449e-12,0.011061493,0.0,0.0073676035,0.0,0.00081796607,0.0,0.0002827432,1.3039112e-12,2.6873408e-07
5.0715286e-13,2.547736e-12,6.865496e-09,1.4699634e-08,0.0,0.00037543805,5.024612e-22,1.7236138e-08,7.0929673e-12,2.1897407e-05,4.6987124e-31,0.003839221,0.0,0.010863073,0.0,0.0061208676,1.5828863e-12,0.024433704,0.0,0.009294239,0.0,0.00062892184,0.0,0.00023899935,1.2504772e-12,2.9213226e-07
5.0715286e-13,9.17512e-12,6.854084e-09,2.372487e-08,0.0,0.00043788293,5.2563546e-22,1.9214726e-08,4.683039e-12,2.1884076e-05,7.5890484e-31,0.009805194,0.0,0.021751544,0.0,0.006547943,1.5660876e-12,0.029074969,0.0,0.0077295527,0.0,0.0008142504,0.0,0.0003127768,1.2625222e-12,3.8157205e-07
5.0235966e-13,8.117394e-12,5.518923e-09,1.0056442e-08,0.0,0.0003284079,4.0622946000000003e-22,1.8175777e-08,4.0080448e-12,1.9307194e-05,1.0024726e-30,0.0025970603,0.0,0.0055625546,0.0,0.00557315,1.5237344e-12,0.008266836,0.0,0.0082241,0.0,0.0005822805,0.0,0.00022536628,1.2555539e-12,2.8078867e-07
5.0116416e-13,2.3036074e-12,5.0440736e-09,1.7489535e-08,0.0,0.00030844376,5.419516000000002e-22,5.5182054e-09,4.866965e-12,1.8299537e-05,2.6694373000000002e-30,0.0017991696,0.0,0.0041813944,0.0,0.005560116,1.5495989e-12,0.013856929,0.0,0.007260979,0.0,0.0007561741,0.0,0.0002629042,1.2448056e-12,2.619707e-07
5.0116416e-13,2.0279438e-11,5.035689e-09,1.6006279e-08,0.0,0.0003487053,4.876234e-22,5.0508353e-09,5.0177514e-12,1.8023895e-05,3.4057777e-30,0.004065858,0.0,0.0067410315,0.0,0.0058129686,1.5264488e-12,0.027277667,0.0,0.009007864,0.0,0.000587779,0.0,0.00023320231,1.2385472e-12,2.8304754e-07
4.872193e-13,3.2509398e-11,4.9067252e-09,7.0045254e-09,0.0,0.00038711337,3.6842427e-22,1.849262e-08,2.973012e-12,1.9247205e-05,3.929179e-30,0.006659742,0.0,0.018099206,0.0,0.0060262303,1.4753549e-12,0.015841225,0.0,0.006388403,0.0,0.00078013504,0.0,0.0002900474,1.2490678e-12,3.421492e-07
4.8605987e-13,2.0817466e-11,4.573312e-09,1.4522944e-08,0.0,0.000389021,1.1008442e-22,5.7108196e-08,4.63181e-12,1.5444148e-05,9.292539e-31,0.003248782,0.0,0.013202269,0.0,0.005890378,1.4925503e-12,0.041577287,0.0,0.009386506,0.0,0.0005840433,0.0,0.0002322273,1.2393374e-12,3.1899745e-07
4.8375204e-13,2.7644673e-11,4.12041e-09,1.903533e-08,0.0,0.00036988917,2.5337483000000003e-22,2.9235672e-08,3.8312404e-12,1.7182056e-05,5.195708e-31,0.004520009,0.0,0.02237029,0.0,0.0056838505,1.4199999e-12,0.0024227514,0.0,0.0065998654,0.0,0.0007928816,0.0,0.0003006852,1.2453678e-12,3.8003174e-07
4.649013e-13,2.9599684e-11,7.094281e-09,2.7974068e-08,0.0,0.00045600382,2.998818e-22,3.402758e-08,3.4860225e-12,1.8437479e-05,1.7226185e-30,0.009511244,0.0,0.015485893,0.0,0.0063323635,1.4369868e-12,0.0011854627,0.0,0.01190563,0.0,0.00069384725,0.0,0.00029149852,1.2319765e-12,5.052825e-07
4.6490123e-13,2.6558903e-11,7.0824884e-09,1.3537937e-08,0.0,0.0004587445,4.663197e-22,1.6155042e-08,3.3183042e-12,1.4071881e-05,6.1856657000000005e-30,0.0023410367,0.0,0.028667798,0.0,0.006355772,1.4485143e-12,0.00035208598,0.0,0.0038656883,0.0,0.0006945975,0.0,0.00027058672,1.2291778e-12,4.0451144e-07
4.637949e-13,7.420349e-12,6.5949e-09,1.774699e-08,0.0,0.00041054378,2.323784e-22,7.7629585e-07,3.7597963e-12,1.242905e-05,0.0,0.002452059,0.0,0.005164696,0.0,0.0059058396,1.4585727e-12,7.085665e-05,0.0,0.003900117,0.0,0.00054833124,0.0,0.00020847902,1.2303758e-12,2.3145282e-07
4.637949e-13,6.7090626e-12,6.5839374e-09,8.2928e-09,0.0,0.0003891515,1.5549285e-22,1.4777466e-07,7.529164e-12,5.847395e-06,9.530129e-31,0.0041047893,0.0,0.0138685815,0.0,0.00578967,1.4447489e-12,1.4115316e-05,0.0,0.0047626793,0.0,0.0009015734,0.0,0.00031429838,1.2498403e-12,2.5327464e-07
4.6379486e-13,8.214594e-12,6.5729933e-09,3.5311243e-09,0.0,0.00038492828,1.8672208e-22,5.7344018e-08,5.020631e-12,1.4500172e-05,1.0561436e-30,0.010908006,0.0,0.021474006,0.0,0.005803317,1.401287e-12,3.6418037e-06,0.0,0.009773,0.0,0.0007081146,0.0,0.00027819368,1.2633569e-12,2.8103835e-07
4.5411388e-13,2.4528072e-14,8.1534575e-09,8.380787e-09,0.0,0.00049981463,3.2422835e-29,4.7264886e-05,5.1002115e-12,1.5941201e-05,0.0,0.0030700206,0.0,0.017012237,0.0,0.006559744,1.3701087e-12,2.4533178e-06,0.0,0.0063547273,0.0,0.0010248903,0.0,0.00039480638,1.262921e-12,4.832805e-07
4.4554621e-13,2.0580333e-11,9.643775e-09,4.6710786e-09,0.0,0.00050435355,2.8843687e-29,9.411932e-05,4.0492067e-12,2.1408327e-05,0.0,0.006664961,0.0,0.04245713,0.0,0.0066405456,1.3324986e-12,2.564023e-06,0.0,0.008420399,0.0,0.0008397247,0.0,0.0003634548,1.2453315e-12,6.7028674e-07
4.455462e-13,2.3577735e-14,9.627744e-09,5.4637925e-09,0.0,0.0005162457,1.4388425000000002e-22,1.1414893e-05,5.1709214e-12,1.7968705e-05,0.0,0.011057638,0.0,0.010445682,0.0,0.0067521315,1.2939243e-12,2.8963154e-06,0.0,0.007833993,0.0,0.0015568045,0.0,0.00065606955,1.2241392e-12,1.1675661e-06
4.4169754e-13,2.3045701e-14,9.219892e-09,1.8872006e-08,0.0,0.0005606391,2.4702469000000003e-22,1.0808546e-06,4.6041083e-12,2.2079577e-05,2.363005e-30,0.0028142654,0.0,0.05303862,0.0,0.0070450124,1.2427039e-12,4.0373125e-06,0.0,0.01297852,0.0,0.0011610485,0.0,0.00050814153,1.197733e-12,1.1651529e-06
4.3510993e-13,1.20136965e-11,9.320847e-09,2.0959922e-08,0.0,0.00051980006,3.1559684000000003e-22,1.4743283e-07,3.9302164e-12,2.4694833e-05,3.7598452000000005e-30,0.00211709,0.0,0.017390769,0.0,0.00675672,1.200501e-12,3.8290304e-06,0.0,0.0051052137,0.0,0.0009773357,0.0,0.0004076425,1.1930605e-12,8.8749454e-07
4.1980994e-13,2.2013538e-14,1.5067915e-08,1.06027445e-08,0.0,0.0005966837,1.8773591e-22,1.2253442e-07,4.315938e-12,1.9633258e-05,1.8260295e-30,0.010609279,0.0,0.028284583,0.0,0.0073224,1.1578802e-12,4.4068397e-06,0.0,0.013690353,0.0,0.0010263992,0.0,0.00045391216,1.2031877e-12,1.125603e-06
3.8230842e-13,2.1365735e-14,4.5381654e-08,4.8256625e-09,0.0,0.0006996563,1.3911573e-22,2.1556316e-06,4.526997e-12,2.759759e-05,0.0,0.0031920313,0.0,0.020349896,0.0,0.0079991855,1.1314532e-12,6.090527e-06,0.0,0.0052465545,0.0,0.003012491,0.0,0.0013012693,1.185608e-12,2.8203965e-06
3.6277754e-13,2.0690484e-14,4.1245965e-08,3.3065968e-09,0.0,0.0007549775,2.1446836000000004e-22,3.5727982e-07,3.4474392e-12,3.6038204e-05,2.0564424000000003e-30,0.0036097507,0.0,0.019682383,0.0,0.0083730575,1.0925141e-12,8.469511e-06,0.0,0.014420229,0.0,0.0032863293,0.0,0.0015172466,1.1552987e-12,3.8163944e-06
3.3722938e-13,1.962542e-11,6.266793e-08,2.0491605e-08,0.0,0.00088205404,3.5481181000000005e-22,4.0730313e-08,2.6910833e-12,3.964913e-05,4.637106e-30,0.021962166,0.0,0.047627114,0.0,0.009108971,1.0378505e-12,1.4496966e-05,0.0,0.0061627557,0.0,0.0024499546,0.0,0.001201315,1.134375e-12,4.42412e-06
3.280836e-13,5.302767e-12,5.09814e-08,1.4955306e-08,0.0,0.000886842,2.46057e-22,1.9477797e-07,2.9755072e-12,3.147666e-05,2.5188072000000002e-30,0.010951125,0.0,0.014094846,0.0,0.009071972,1.0199271e-12,1.728922e-05,0.0,0.014888729,0.0,0.0036656416,0.0,0.0016676876,1.126913e-12,5.1660954e-06
3.1853028e-13,6.2304506e-12,6.1146345e-08,4.6458283e-08,0.0,0.0011143567,1.0603751000000002e-22,7.6665214e-07,2.4216174e-12,2.7768932e-05,7.711568e-31,0.010965081,0.0,0.09594647,0.0,0.010208156,9.9211e-13,2.3198032e-05,0.0,0.0061024814,0.0,0.00369798,0.0,0.001804874,1.1460813e-12,6.605698e-06
3.1626695e-13,1.118721e-11,5.5216493e-08,6.72315e-08,0.0,0.0010967078,1.01307234e-22,9.65121e-07,1.9222768e-12,3.125558e-05,3.4856885e-31,0.03335932,0.0,0.051624127,0.0,0.010253624,9.662496e-13,2.4276533e-05,0.0,0.016218709,0.0,0.0026655656,0.0,0.0013457385,1.1358348e-12,6.1418064e-06
3.1626682e-13,1.7533775e-14,5.512469e-08,5.2265325e-08,0.0,0.0013989538,1.599099e-22,8.2330496e-07,2.8316544e-12,3.1548658e-05,9.536431e-31,0.013610463,0.0,0.011156828,0.0,0.011824993,9.454053e-13,3.6149773e-05,0.0,0.007419538,0.0,0.0062792785,0.0,0.003235908,1.0572751e-12,1.5048071e-05
3.140196e-13,1.6922898e-14,6.442312e-08,2.3956536e-08,0.0,0.0017095183,1.0713002e-22,1.6644884e-06,3.5391965e-12,3.38674e-05,5.7077896e-31,0.01187163,0.0,0.16771449,0.0,0.013352924,9.376692e-13,6.034063e-05,0.0,0.038783215,0.0,0.00544692,0.0,0.0029958254,1.0533981e-12,2.071048e-05
3.117883e-13,1.6324673e-14,7.779387e-08,9.586141e-09,0.0,0.0018307581,1.859941e-22,1.2414183e-06,3.4529784e-12,3.739661e-05,1.163242e-30,0.044310965,0.0,0.1252662,0.0,0.014004646,9.602592e-13,0.00010523157,0.0,0.018223034,0.0,0.004974884,0.0,0.0028058798,1.0135796e-12,2.5341596e-05
3.006588e-13,1.389483e-13,2.2899324e-07,7.621702e-09,0.0,0.0021396528,1.6735213000000002e-22,2.6534676e-06,4.3152582e-12,4.359899e-05,9.872291e-31,0.026007628,0.0,0.05570806,0.0,0.015415683,9.946486e-13,0.00032525553,0.0,0.009112604,0.0,0.005462213,0.0,0.0029991842,9.981477e-13,2.5868858e-05
2.7299728e-13,6.4095972e-12,6.523239e-07,2.7457324e-08,0.0,0.0022654224,1.8837769e-22,2.084753e-06,3.433279e-12,4.8639908e-05,1.1002975e-30,0.008572975,0.0,0.021112917,0.0,0.016237188,9.865107e-13,0.004452449,0.0,0.042719275,0.0,0.010245343,0.0,0.0055882283,9.975931e-13,4.3500087e-05
2.7169987e-13,7.0810593e-12,5.6171586e-07,2.5071847e-08,0.0,0.0026263264,1.6550518e-22,3.719943e-06,3.0911482e-12,4.7158686e-05,7.4073255e-31,0.060325947,0.0,0.16114107,0.0,0.01757361,9.679463e-13,0.058745757,0.0,0.024580998,0.0,0.007792123,0.0,0.0046988777,9.530156e-13,6.335779e-05
2.659895e-13,2.730853e-12,5.3252006e-07,4.3518728e-08,0.0,0.0029749686,1.3662334000000002e-22,6.633962e-06,2.6727663e-12,4.8287962e-05,4.2749217e-31,0.04945317,0.0,0.08274452,0.0,0.018780895,8.660941e-13,0.013248218,0.0,0.012487055,0.0,0.009022122,0.0,0.0053827353,9.321834e-13,8.589166e-05
2.6039915e-13,6.123183e-12,5.796408e-07,7.6445886e-08,0.0,0.0032259093,1.1466463e-22,1.1591173e-05,2.0533878e-12,5.087486e-05,3.1223262e-31,0.038680706,0.0,0.1061502,0.0,0.019899635,8.6766374e-13,0.25948322,0.0,0.0799414,0.0,0.0071859816,0.0,0.0044039106,9.027451e-13,9.6910844e-05
2.4629907e-13,8.149475e-12,1.1519925e-06,9.766034e-08,0.0,0.0034915935,1.1330246000000002e-22,1.2249377e-05,1.6602887e-12,5.792457e-05,3.1341327e-31,0.015521362,0.0,0.07085813,0.0,0.021035591,5.826381e-13,0.08001542,0.0,0.053165272,0.0,0.011803828,0.0,0.007081161,8.620181e-13,0.0001374943
2.219932e-13,1.1891924e-14,2.3722246e-06,1.5734602e-07,0.0,0.0037590985,1.0573267e-22,1.4761397e-05,1.570851e-12,7.265925e-05,2.8230936e-31,0.015579361,0.0,0.040272355,0.0,0.021850763,6.5914407e-13,0.06411164,0.0,0.025538366,0.0,0.007681925,0.0,0.004921033,8.112735e-13,0.0001905321
1.9579371e-13,5.93066e-13,3.402509e-06,1.1024946e-07,0.0,0.004108497,2.8603128e-23,4.6956968e-05,2.172636e-12,6.5888176e-05,0.0,0.008302884,0.0,0.0153588345,0.0,0.02316037,3.8573943e-13,0.10110006,0.0,0.02610616,0.0,0.01101032,0.0,0.0066210306,7.6063233e-13,0.0003019736
1.8392899e-13,1.0723771e-14,3.053965e-06,1.5141764e-07,0.0,0.0050201565,4.4630453e-23,0.00025484728,3.045758e-12,6.530126e-05,0.0,0.16557214,0.0,0.3761663,0.0,0.026065871,2.7901618e-13,0.080354854,0.0,0.019051235,0.0,0.018065922,0.0,0.011247231,7.2471104e-13,0.0011102451
1.8220396e-13,5.9258917e-12,2.4603708e-06,1.0514877e-07,0.0,0.0052610594,6.740749e-23,7.214153e-05,2.3664543e-12,7.232728e-05,1.1437806e-31,0.18355972,0.0,0.24110213,0.0,0.02738023,2.617608e-13,0.051632017,0.0,0.063171275,0.0,0.013398173,0.0,0.008652571,6.9376297e-13,0.004022975
1.7510182e-13,4.0134983e-12,2.5021282e-06,8.707089e-08,0.0,0.005343418,5.9461943e-23,6.5724744e-05,2.0129844e-12,6.5914166e-05,8.3092475e-32,0.16960324,0.0,0.16487509,0.0,0.028576078,2.5804253e-13,0.06990123,0.0,0.0408738,0.0,0.012319302,0.0,0.007900244,6.559586e-13,0.012529675
1.5304748e-13,8.625043e-12,7.307332e-06,2.010677e-07,0.0,0.006621873,7.8937796e-23,6.975333e-05,1.1416047e-12,9.844449e-05,1.1743256e-31,0.116358034,0.0,0.10926092,0.0,0.03289888,2.0025886e-13,0.056078244,0.0,0.025190936,0.0,0.019370072,0.0,0.0129757775,6.094864e-13,0.020669978
1.4927157e-13,9.887618e-12,4.908489e-06,3.4581578e-07,0.0,0.00751487,7.9333577e-23,9.913828e-05,1.2134895e-12,8.8837216e-05,7.892604e-32,0.075834125,0.0,0.07039634,0.0,0.03627948,1.4263368e-13,0.03395072,0.0,0.058654707,0.0,0.015091864,0.0,0.010517511,5.6935045e-13,0.002675297
1.4820615e-13,2.9499873e-12,4.176388e-06,9.0685563e-07,0.0,0.008362201,4.8162905e-23,0.0021097655,1.3546401e-12,7.34561e-05,3.732599e-32,0.030185983,0.0,0.0165644,0.0,0.03906141,1.5826115e-13,0.024715606,0.0,0.0326953,0.0,0.023236468,0.0,0.015089125,5.315142e-13,0.008376736
1.4542751e-13,1.6159915e-12,4.2018282e-06,6.1122223e-06,0.0,0.009706396,4.6220386e-23,0.021951219,1.0341386e-12,9.431231e-05,2.9024220000000003e-32,0.0965141,0.0,0.35817656,0.0,0.042880215,2.1978362e-13,0.4307559,0.0,0.03249874,0.0,0.016743606,0.0,0.011666003,4.914372e-13,0.044508025
1.4404919e-13,7.144524e-15,4.1447165e-06,1.7710441e-05,0.0,0.010733508,3.1544910000000003e-23,0.0112484405,9.931834e-13,0.00012296763,1.6639004e-32,0.09308658,0.0,0.24594654,0.0,0.04611895,1.7421566e-13,0.29235876,0.0,0.03150813,0.0,0.024977772,0.0,0.016547259,4.6091977e-13,0.014292933
1.2392832e-13,6.736765e-15,2.1409895e-05,6.9152935e-05,0.0,0.01073086,1.8571944e-23,0.023272268,1.1323931e-12,0.00011211896,6.964458e-33,0.060024098,0.0,0.16276827,0.0,0.04783205,9.383088e-14,0.22717525,0.0,0.04537582,0.0,0.017685065,0.0,0.012196287,4.3247093e-13,0.011466993
1.2096057e-13,6.38861e-15,1.35138935e-05,0.00011921057,0.0,0.011577765,2.3627252e-23,0.05693118,1.5621101e-12,0.00010081108,6.652875599999999e-33,0.29000252,0.0,0.10624482,0.0,0.051454026,9.04036e-14,0.17991878,0.0,0.0341939,0.0,0.028038211,0.0,0.018714014,4.0159418e-13,0.038130492
1.2015784e-13,6.997039e-13,1.1164833e-05,0.0003156604,0.0,0.012706403,2.7915522e-23,0.05352234,1.1106519e-12,0.00015528056,9.937149e-33,0.28800043,0.0,0.044517543,0.0,0.055628285,1.10699454e-13,0.14237788,0.0,0.07076036,0.0,0.02184359,0.0,0.015296954,3.7063693e-13,0.010767131
1.1533802e-13,2.7365766e-12,1.0990429e-05,0.0008878959,0.0,0.013932483,2.2325200000000002e-23,0.07542671,8.292667e-13,0.00021154952,5.7920978e-33,0.23038423,0.0,0.025846157,0.0,0.06019528,1.3821313e-13,0.11299137,0.0,0.04796109,0.0,0.031842064,0.0,0.02170725,3.4432526e-13,0.067086
1.0328401e-13,4.009816e-12,2.4416657e-05,0.01016787,0.0,0.015550566,2.7291785e-23,0.04091062,6.875274e-13,0.0008886416,5.9638085e-33,0.2336607,0.0,0.32165053,0.0,0.06538873,1.6851784e-13,0.16069171,0.0,0.044453416,0.0,0.02730107,0.0,0.01933341,3.1295967e-13,0.06907254
8.684447e-14,2.9840306e-12,4.597758e-05,0.01809457,0.0,0.017538656,1.8741226e-23,0.06233577,5.98676e-13,0.0022173827,2.3065232e-33,0.21464483,0.0,0.2904296,0.0,0.071458705,1.2266746e-13,0.14696553,0.0,0.061770227,0.0,0.04337414,0.0,0.030228132,2.0875252e-13,0.011574093
7.2415144e-14,6.1287793e-12,5.975106e-05,0.011610565,0.0,0.019380184,1.6832006e-23,0.019261695,4.7598476e-13,0.0012204596,1.4161102e-33,0.15727119,0.0,0.21707629,0.0,0.076967895,6.338406e-14,0.079479136,0.0,0.053585615,0.0,0.03513401,0.0,0.025467176,2.121019e-13,0.14472377
6.7105494e-14,2.3882179e-12,4.3591062e-05,0.025292128,0.0,0.022552602,8.1492124e-24,0.040943626,3.9859858e-13,0.0022025912,2.9476198e-34,0.14435072,0.0,0.12995055,0.0,0.08493864,5.7652986e-14,0.15265757,0.0,0.06212526,0.0,0.039920192,0.0,0.029155614,7.665429e-14,0.0769872
6.455415e-14,1.7405378e-12,3.423854e-05,0.019791901,0.0,0.024464568,6.6914385e-24,0.044196967,3.1383183e-13,0.0047427462,3.3527425e-34,0.090513945,0.0,0.053272642,0.0,0.09182135,4.7805167e-14,0.2245444,0.0,0.06651148,0.0,0.0484831,0.0,0.03541253,6.48134e-14,0.09878365
6.245755e-14,2.8655613e-12,3.0707753e-05,0.023839278,0.0,0.026220655,9.3294745e-24,0.056298222,2.4743402e-13,0.0070475647,5.2035126e-34,0.03665398,0.0,0.04377077,0.0,0.098734975,4.3445672e-14,0.26067007,0.0,0.07030478,0.0,0.044952445,0.0,0.032778915,7.699782e-14,0.050266147
5.9917396e-14,2.7383009e-13,3.2463573e-05,0.0218,0.0,0.027489481,7.894784e-24,0.018727714,1.973138e-13,0.033826333,3.1222e-34,0.036651377,0.0,0.11796918,0.0,0.104806796,4.4229543e-14,0.25910592,0.0,0.07517872,0.0,0.06337677,0.0,0.045339428,9.32381e-14,0.04434464
5.762451e-14,2.3389845e-15,3.39799e-05,0.020601965,0.0,0.029384827,4.2914274e-24,0.020127943,6.683256e-13,0.023929792,7.972102e-35,0.019120548,0.0,0.115379445,0.0,0.11152947,4.4230824e-14,0.24048871,0.0,0.07995965,0.0,0.057026755,0.0,0.04243768,9.3673347e-14,0.014758284
5.5411432e-14,2.099765e-15,3.7023587e-05,0.027598662,0.0,0.032081537,5.5713716e-24,0.047401566,8.446033e-13,0.017081644,9.2473357e-35,0.10014204,0.0,0.0798336,0.0,0.11857914,3.6763656e-14,0.20051745,0.0,0.08532799,0.0,0.056845743,0.0,0.0420031,1.0305892e-13,0.13446091
5.3475203e-14,1.8349105e-15,3.589927e-05,0.0115082925,0.0,0.031994745,3.744404e-24,0.035954986,8.910457e-13,0.02530392,3.6115388e-35,0.08897892,0.0,0.041547965,0.0,0.12324815,3.1235018e-14,0.1666214,0.0,0.08916566,0.0,0.07174538,0.0,0.051380653,7.0111106e-14,0.054900426
4.4213212e-14,1.6917685e-15,0.00012927523,0.040889885,0.0,0.03466339,2.6781122e-24,0.011030686,8.3059324e-13,0.017154288,1.484035e-35,0.05076308,0.0,0.018722286,0.0,0.13035019,2.3196666e-14,0.111228324,0.0,0.09393734,0.0,0.06576511,0.0,0.0488404,7.429197e-14,0.011117793
3.969452e-14,1.3706719e-15,0.000109255234,0.018575326,0.0,0.03918732,4.1012137e-24,0.07901324,6.8447835e-13,0.062052846,4.875362e-35,0.03459064,0.0,0.3317408,0.0,0.13976125,2.3397888e-14,0.053034835,0.0,0.10101227,0.0,0.06924478,0.0,0.05149877,8.494771e-14,0.17796671
3.9291937e-14,1.2462388e-15,8.3245206e-05,0.019075792,0.0,0.042166412,3.1743e-24,0.077462055,5.951313e-13,0.018475974,2.6651255e-35,0.05832268,0.0,0.20729387,0.0,0.14761895,2.7398302e-14,0.01658163,0.0,0.107105166,0.0,0.08135137,0.0,0.05992998,4.7586375e-14,0.104128785
3.880888e-14,2.519297e-12,6.623622e-05,0.029546943,0.0,0.04557597,3.4578345e-24,0.14005573,3.9588065e-13,0.03717955,1.5391142999999998e-35,0.03799237,0.0,0.11892934,0.0,0.15556335,3.4371723e-14,0.74831706,0.0,0.11230342,0.0,0.08135032,0.0,0.06070005,4.996248e-14,0.024821801
3.7959053e-14,9.422535e-16,6.0804916e-05,0.008807423,0.0,0.046354,1.3143457e-24,0.17932703,3.1671744e-13,0.009743413,2.4060844e-37,0.059538767,0.0,0.045605198,0.0,0.16135694,2.0298005e-13,0.34389746,0.0,0.11873797,0.0,0.08756097,0.0,0.06444646,6.4645155e-14,0.09602479
3.347398e-14,8.766143e-16,0.00020130341,0.008617455,0.0,0.049355518,1.6140811e-24,0.16727284,3.6355597e-13,0.02163574,2.1269512e-36,0.044168662,0.0,0.35014886,0.0,0.16841944,2.664177e-14,0.23695552,0.0,0.12498986,0.0,0.09245915,0.0,0.06903043,5.3339017e-14,0.024486113
3.283085e-14,1.9888277e-12,0.00014239256,0.028117932,0.0,0.051961537,1.8197487e-24,0.12020979,2.5588586e-13,0.03020802,1.4645571e-36,0.03446896,0.0,0.21461588,0.0,0.1750243,3.403039e-14,0.17911173,0.0,0.13014369,0.0,0.10091826,0.0,0.07511966,6.237511e-14,0.080238014
3.2264908e-14,6.8416233e-16,0.00012552242,0.014414296,0.0,0.05297229,1.2992637e-24,0.13061184,2.5576289e-13,0.0151139535,6.2677542e-37,0.24287637,0.0,0.10988473,0.0,0.18060526,1.5298233e-14,0.10569649,0.0,0.13425854,0.0,0.10214142,0.0,0.07665872,5.904705e-14,0.021962047
2.896823e-14,4.486755e-13,0.00066225836,0.029359307,0.0,0.055485222,1.3131242e-24,0.090613626,2.6373454e-13,0.04131366,4.455937e-37,0.24383104,0.0,0.06356843,0.0,0.18690047,1.1469545e-14,0.04345297,0.0,0.14090796,0.0,0.11248271,0.0,0.08518516,6.833231e-14,0.123312
2.8223873e-14,5.3617636e-16,0.001705447,0.011906631,0.0,0.057820797,1.4964109e-24,0.11208229,3.3077312e-13,0.030489929,2.9333278e-37,0.18999295,0.0,0.019542769,0.0,0.19276565,1.8016008e-14,0.15436882,0.0,0.14656842,0.0,0.11627342,0.0,0.0889537,2.9301875e-14,0.08937005
2.6466996e-14,9.0681754e-13,0.0006034428,0.023779154,0.0,0.05956006,1.1165232e-24,0.07144956,2.516134e-13,0.029470738,1.3732901e-37,0.1757261,0.0,0.4519943,0.0,0.19780989,2.7914923e-14,0.1845877,0.0,0.15247503,0.0,0.12512563,0.0,0.09624093,2.440983e-14,0.03175076
2.3850157e-14,4.30587e-16,0.00069571764,0.030420817,0.0,0.059612304,8.632021e-25,0.10688786,1.8686276e-13,0.02205955,4.8648996e-38,0.14312582,0.0,0.21663317,0.0,0.20208983,2.3121955e-14,0.13803636,0.0,0.15605283,0.0,0.12701392,0.0,0.09802972,3.0601484e-14,0.048094887
2.3122183e-14,3.7148083e-16,0.0017517775,0.012401029,0.0,0.06116523,5.291296e-25,0.096937045,3.6239688e-13,0.018592302,1.2622322e-38,0.095556416,0.0,0.11504846,0.0,0.20644899,1.9251097e-14,0.0762269,0.0,0.15864524,0.0,0.13408133,0.0,0.104234494,4.1207103e-14,0.052008796
2.2108244e-14,1.0913524e-12,0.0007103983,0.025279772,0.0,0.06271801,7.1084877e-25,0.07820809,2.2208064e-13,0.050088305,1.3945766e-38,0.054728985,0.0,0.122722395,0.0,0.21034318,1.8056212e-14,0.038621597,0.0,0.1621632,0.0,0.13657762,0.0,0.10679975,3.8827397e-14,0.036735438
2.0732502e-14,2.3338213e-13,0.00040938618,0.012711617,0.0,0.06446803,6.1982187e-25,0.019411722,2.1851004e-13,0.014271629,9.822885e-39,0.17103016,0.0,0.0882164,0.0,0.2140762,1.7329544e-14,0.019466463,0.0,0.16773634,0.0,0.14275819,0.0,0.11192551,4.5332566e-14,0.09229592
2.0233525e-14,2.7235894000000005e-16,0.00051301124,0.02117303,0.0,0.066407114,5.8722845e-25,0.077930965,2.4717858e-13,0.045979764,5.753881e-39,0.1687664,0.0,0.03749819,0.0,0.21793811,1.7543833e-14,0.48709646,0.0,0.17148948,0.0,0.14767021,0.0,0.11826845,2.5893724e-14,0.086209215
1.9752176e-14,2.4531292e-16,0.0067594023,0.023425924,0.0,0.06836395,2.265412e-25,0.059568502,2.6995856e-13,0.020122914,1.763632e-39,0.15128174,0.0,0.26674908,0.0,0.22113292,1.596477e-14,0.2414876,0.0,0.17250147,0.0,0.15016636,0.0,0.12079419,2.5691966e-14,0.019007063
1.8698498e-14,6.952718e-13,0.005236678,0.017192904,0.0,0.06991839,1.9045809e-25,0.059048634,1.792034e-13,0.028194377,9.87943e-40,0.11037434,0.0,0.22905532,0.0,0.22395056,8.322748e-15,0.15711568,0.0,0.1781724,0.0,0.15642035,0.0,0.12733781,3.1982863e-14,0.13020644
1.6563956e-14,9.232714e-13,0.0014454011,0.012251638,0.0,0.07089782,2.6337766e-25,0.071285784,1.396277e-13,0.0070907963,1.000233e-39,0.061791636,0.0,0.13235536,0.0,0.22664951,4.3908884e-15,0.08174693,0.0,0.17956771,0.0,0.15889356,0.0,0.13050276,1.8382666e-14,0.057237484
1.5377234e-14,1.4172188e-13,0.0037092818,0.030676333,0.0,0.07423012,1.5521222e-25,0.06852527,1.1027276e-13,0.022859886,1.38373e-40,0.023509987,0.0,0.071504645,0.0,0.22947603,3.3221924e-15,0.02356801,0.0,0.18394944,0.0,0.16494505,0.0,0.13690318,2.1477405e-14,0.076770954
1.3933783e-14,2.832848e-13,0.00092071947,0.014674463,0.0,0.075363986,1.3911067e-25,0.042705946,8.915087e-14,0.02172097,2.36692e-40,0.06124536,0.0,0.023725005,0.0,0.23156434,3.5142552e-15,0.28708145,0.0,0.18578248,0.0,0.16717814,0.0,0.14017285,2.916979e-14,0.10577846
1.2347909e-14,1.3506867e-12,0.0006554043,0.022983184,0.0,0.07666373,2.0706374e-25,0.059009742,5.5134266e-14,0.030852119,2.6512700000000003e-40,0.068058856,0.0,0.30678502,0.0,0.23344682,3.3735368e-15,0.18373226,0.0,0.18662763,0.0,0.17017214,0.0,0.14323518,2.105124e-14,0.0360183
1.194517e-14,6.49798e-13,0.0009256732,0.014296901,0.0,0.07650859,1.4202053e-25,0.027708452,5.0768485e-14,0.01763951,1.59054e-40,0.049251325,0.0,0.15726073,0.0,0.23466378,2.3897527e-15,0.09848483,0.0,0.18887705,0.0,0.17226654,0.0,0.14571841,2.282533e-14,0.050298594
1.1812753e-14,6.6654e-13,0.0015473574,0.015514896,0.0,0.07648566,9.7576806e-26,0.045600515,3.652721e-14,0.021838661,6.054200000000001e-41,0.054844886,0.0,0.14377078,0.0,0.23598658,2.1668475e-15,0.03608605,0.0,0.19002983,0.0,0.17370151,0.0,0.14721651,2.7493932e-14,0.0644609
1.1609188e-14,1.2018749e-12,0.0013683581,0.018537957,0.0,0.076501034,9.48867e-26,0.031037295,2.6850275e-14,0.016965795,5.2627e-41,0.0298566,0.0,0.06010029,0.0,0.23718864,2.2309277e-15,0.02381856,0.0,0.1910959,0.0,0.17513807,0.0,0.14908946,2.4795397e-14,0.037770957
1.13993914e-14,7.099789e-13,0.0010745206,0.014110243,0.0,0.0739799,8.824010999999999e-26,0.040739488,2.196065e-14,0.028151104,3.5793000000000004e-41,0.037952762,0.0,0.026435928,0.0,0.23766755,2.3227371e-15,0.2778625,0.0,0.19252853,0.0,0.17541443,0.0,0.14935967,2.8003158e-14,0.049114034
1.11179436e-14,4.4578485e-13,0.005708742,0.018919319,0.0,0.07354367,7.735871400000001e-26,0.01910175,1.75913e-14,0.007452644,3.0959e-41,0.02999054,0.0,0.10945895,0.0,0.2386794,2.1732314e-15,0.13936085,0.0,0.1946092,0.0,0.17962839,0.0,0.15328039,2.3564582e-14,0.047854714
1.0637521e-14,7.209195e-13,0.004935438,0.014542145,0.0,0.07376094,6.675571500000001e-26,0.024258811,1.540881e-14,0.014994458,1.5277000000000002e-41,0.036126196,0.0,0.05536642,0.0,0.23955217,2.2205612e-15,0.061205722,0.0,0.19548583,0.0,0.17946672,0.0,0.15487333,2.7197987e-14,0.08088985
1.0060766e-14,2.6233302e-14,0.0021137716,0.01950548,0.0,0.07865846,5.6709805e-26,0.039039914,1.0574998e-14,0.027356395,9.959999999999999e-42,0.025547849,0.0,0.09590568,0.0,0.24167857,4.0015077e-15,0.035220742,0.0,0.20106609,0.0,0.18276745,0.0,0.15905921,1.8019208e-14,0.08410094
9.442963e-15,6.1922066e-17,0.0016737505,0.014990482,0.0,0.07761563,4.5652228e-26,0.025589379,2.9955168e-14,0.009708692,3.945e-42,0.045735944,0.0,0.13941386,0.0,0.242033,4.066492e-15,0.028702667,0.0,0.20005067,0.0,0.18066464,0.0,0.15726224,1.9249915e-14,0.025481008
8.748463e-15,3.958274e-13,0.013694355,0.017934054,0.0,0.07463375,3.7873754e-26,0.01171057,2.789345e-14,0.022692278,3.088e-42,0.02077284,0.0,0.061552163,0.0,0.24169582,3.847556e-15,0.11968061,0.0,0.1995255,0.0,0.18285294,0.0,0.1580772,2.2677374e-14,0.03289981
7.902882e-15,5.148298000000001e-17,0.0070165205,0.014459935,0.0,0.070574835,3.7745534e-26,0.026762964,5.6244245e-14,0.010319167,3.017e-42,0.011982771,0.0,0.015740829,0.0,0.24106903,3.2038259e-15,0.034439158,0.0,0.19782636,0.0,0.17973475,0.0,0.1545725,2.1825234e-14,0.025119288
6.4949805e-15,4.7603066000000003e-17,0.0013615377,0.012730774,0.0,0.07278071,4.286634e-26,0.037842233,9.4725e-14,0.0134886075,2.8950000000000005e-42,0.101333626,0.0,0.40622777,0.0,0.24208936,3.7196486e-15,0.115559876,0.0,0.1988873,0.0,0.18239395,0.0,0.15713342,2.4249002e-14,0.030036798
5.8053025e-15,4.3847855e-17,0.0005867342,0.02229603,0.0,0.07900209,2.8492688e-26,0.044441547,1.1237668e-13,0.03910064,1.1420000000000001e-42,0.096567795,0.0,0.21791564,0.0,0.24404348,1.665553e-15,0.19751427,0.0,0.2006023,0.0,0.18302749,0.0,0.1589396,2.381889e-14,0.046747975
5.6521056e-15,3.9275207000000003e-17,0.0005182638,0.022576055,0.0,0.07937705,1.7201289e-26,0.037935585,1.4039665e-13,0.0074311397,3.2800000000000003e-43,0.059868813,0.0,0.10460559,0.0,0.2444344,9.831578e-16,0.16047047,0.0,0.20070513,0.0,0.18407439,0.0,0.15994124,2.6236874e-14,0.072310805
5.5049904e-15,3.5091546e-17,0.0050948174,0.018406017,0.0,0.07962024,2.611224e-26,0.045261562,1.362792e-13,0.020698812,1.4180000000000001e-42,0.025830835,0.0,0.053541858,0.0,0.24491353,1.221843e-15,0.08273906,0.0,0.20072342,0.0,0.18377174,0.0,0.15953717,1.785524e-14,0.05190318
5.23702e-15,1.337306e-13,0.003597338,0.016334396,0.0,0.07909778,2.2315146e-26,0.015971346,9.5802726e-14,0.01234049,1.065e-42,0.05562484,0.0,0.015963081,0.0,0.24523258,3.2228045e-15,0.069742516,0.0,0.20185302,0.0,0.18567826,0.0,0.16097048,1.9340063e-14,0.013133825
4.3060927e-15,2.932328e-17,0.0009192478,0.012262077,0.0,0.07571391,1.7087681000000002e-26,0.018352685,8.511709e-14,0.016015416,4.04e-43,0.051314164,0.0,0.30343103,0.0,0.24474284,7.0493855e-15,0.032241948,0.0,0.19841093,0.0,0.18272266,0.0,0.15771228,2.1817683e-14,0.08356197
4.1571107e-15,2.6971784000000002e-17,0.00048546863,0.024960978,0.0,0.07562494,6.850419600000001e-27,0.07929133,1.0543203e-13,0.04535576,0.0,0.04443704,0.0,0.16149391,0.0,0.2446308,1.2174349e-14,0.09907454,0.0,0.19650263,0.0,0.18204069,0.0,0.1566301,1.7296374e-14,0.017680408
4.085919e-15,1.8815838e-13,0.00046861585,0.013094711,0.0,0.072105266,1.5661892000000002e-26,0.04473251,8.5713466e-14,0.012883356,3.8500000000000014e-43,0.080612905,0.0,0.07816054,0.0,0.2439338,1.2702545e-14,0.05907034,0.0,0.19593965,0.0,0.1809202,0.0,0.15524583,1.9289251e-14,0.08146013
3.5846993e-15,2.2112066e-17,0.029479774,0.015311006,0.0,0.07051154,1.4023522000000002e-26,0.03774564,7.195895e-14,0.023550898,2.17e-43,0.058838684,0.0,0.07196285,0.0,0.24388494,1.4474551e-14,0.103831954,0.0,0.19830039,0.0,0.18031186,0.0,0.1539158,1.5595784e-14,0.017017948
2.9776001e-15,2.0310489e-17,0.014332717,0.015598153,0.0,0.07014772,7.654377500000001e-27,0.046342347,8.780178e-14,0.011650977,1.7e-44,0.024633186,0.0,0.07327902,0.0,0.24384189,8.5782525e-15,0.06742457,0.0,0.19504124,0.0,0.18015003,0.0,0.15279353,1.7768518e-14,0.080823235
2.6590848e-15,1.8642123e-17,0.0046594255,0.019292172,0.0,0.07096262,3.995326e-27,0.037228115,1.2676019e-13,0.029285394,7e-45,0.013518152,0.0,0.021680208,0.0,0.24409097,6.409878e-15,0.12450372,0.0,0.19569099,0.0,0.18223351,0.0,0.15464893,1.3986381e-14,0.016638832
2.4144261e-15,1.7445372e-14,0.0017214216,0.012100332,0.0,0.06866167,1.00269745e-26,0.016353613,9.901959e-14,0.01023253,1.0400000000000001e-43,0.06143026,0.0,0.14433654,0.0,0.24355035,5.309725e-15,0.09490019,0.0,0.19497894,0.0,0.18088168,0.0,0.15367782,1.6150708e-14,0.08889791
2.1855377e-15,1.5753645e-17,0.014683412,0.011211122,0.0,0.066402525,9.905732e-27,0.016706625,7.282029e-14,0.011973691,9.500000000000001e-44,0.036282588,0.0,0.06451017,0.0,0.24296091,5.9954343e-15,0.14073117,0.0,0.19491032,0.0,0.18031749,0.0,0.15282454,1.2731462e-14,0.020831103
1.937575e-15,1.4753564e-17,0.0058865417,0.0037740723,0.0,0.063191585,5.265385e-27,0.031354073,6.535854e-14,0.00595304,0.0,0.015785018,0.0,0.014904086,0.0,0.24203217,3.0360043e-15,0.09050961,0.0,0.19045371,0.0,0.18118823,0.0,0.15136486,1.402795e-14,0.047910027
1.8104084e-15,2.5726545e-13,0.0025853175,0.0037953735,0.0,0.06473867,5.7705734000000005e-27,0.023005467,5.6740816e-14,0.014043188,0.0,0.20055519,0.0,0.3086796,0.0,0.24209046,2.823351e-15,0.06848101,0.0,0.19405343,0.0,0.18207411,0.0,0.15340412,1.4249285e-14,0.01013265
1.7670108e-15,2.2148655e-13,0.0035690332,0.0022340438,0.0,0.06483439,9.065572e-27,0.025074266,4.9125915e-14,0.016522296,4.6e-44,0.19456004,0.0,0.17683013,0.0,0.24203266,3.4881494e-15,0.042347904,0.0,0.19352381,0.0,0.1784159,0.0,0.15062484,1.6546767e-14,0.056994922
1.6422673e-15,1.2232319e-17,0.005130273,0.0037889737,0.0,0.0617625,6.0339624e-27,0.01809084,4.5217228e-14,0.011179704,2.4e-44,0.17264615,0.0,0.090461,0.0,0.24104433,4.4813638e-15,0.02416528,0.0,0.18770155,0.0,0.17620485,0.0,0.14654092,1.4920873e-14,0.0088873245
1.5760999e-15,1.2043284e-15,0.0037909306,0.0020548657,0.0,0.060855113,4.2716082000000005e-27,0.025468213,3.7748986e-14,0.022476356,2e-44,0.12981504,0.0,0.10900601,0.0,0.24054843,6.054865e-15,0.16160342,0.0,0.18868464,0.0,0.17889981,0.0,0.14785902,1.6608397e-14,0.047081564
1.4513809e-15,3.0483122e-13,0.0018932878,0.0037511534,0.0,0.060980156,4.3903857e-27,0.023800459,1.7144887e-14,0.0074398215,1.4e-44,0.07892306,0.0,0.041134138,0.0,0.24030097,5.9611447e-15,0.10693262,0.0,0.1899536,0.0,0.1772082,0.0,0.14832416,1.5151004e-14,0.008799917
1.4175905e-15,1.7638072e-13,0.0040685143,0.0019968667,0.0,0.061556034,4.0747370000000005e-27,0.015445751,3.6968567e-14,0.007307803,0.0,0.03189633,0.0,0.025860805,0.0,0.24011596,5.991873e-15,0.05994936,0.0,0.18719079,0.0,0.17548504,0.0,0.1459444,1.6196446e-14,0.041918077
1.3579066e-15,1.3064411e-13,0.0036447183,0.004099159,0.0,0.058576126,4.0884592e-27,0.021887828,3.3078558e-14,0.011851928,2e-44,0.010806144,0.0,0.07274985,0.0,0.23903485,6.6976263e-15,0.07009376,0.0,0.18450464,0.0,0.17264813,0.0,0.14160612,1.4523925e-14,0.0081673125
1.3048266e-15,9.0964274e-18,0.001968368,0.0021705304,0.0,0.057938885,3.322856e-27,0.011470777,3.626105e-14,0.011649211,1e-44,0.13372536,0.0,0.0190044,0.0,0.23856233,6.789502e-15,0.05969654,0.0,0.18282092,0.0,0.1729672,0.0,0.13965456,1.5661084e-14,0.028479302
1.2150409e-15,1.2102503e-13,0.002021126,0.007488421,0.0,0.058264293,3.223681e-27,0.027637308,2.7435572e-14,0.024324285,4.000000000000001e-45,0.16298702,0.0,0.2287322,0.0,0.23843856,7.020105e-15,0.03101298,0.0,0.18282117,0.0,0.17150605,0.0,0.13898149,1.6323612e-14,0.029432518
1.1858151e-15,6.765372e-13,0.0024322523,0.005170407,0.0,0.05976256,1.6820217e-27,0.024685502,2.007994e-14,0.0046914355,0.0,0.14438179,0.0,0.12443649,0.0,0.23840845,8.401799e-15,0.0518891,0.0,0.18274444,0.0,0.1688683,0.0,0.13728026,1.5623336e-14,0.032730397
1.1481265e-15,1.6203691e-12,0.0014241048,0.00555138,0.0,0.05870376,2.2117193e-27,0.021592196,1.8658543e-14,0.0066104764,4.000000000000001e-45,0.09518491,0.0,0.042922135,0.0,0.23785043,1.1307468e-14,0.11382446,0.0,0.17925917,0.0,0.16843107,0.0,0.13525562,1.635022e-14,0.017611433
1.1150871e-15,6.990389e-18,0.0028646367,0.0028596343,0.0,0.058389008,1.5329760000000002e-27,0.022957588,2.082042e-14,0.009787467,0.0,0.043962725,0.0,0.06551382,0.0,0.23748025,8.426529e-15,0.072133146,0.0,0.18082431,0.0,0.17150393,0.0,0.13784146,1.6538904e-14,0.049890243
1.0845125e-15,2.2228157e-14,0.0020223446,0.0037921171,0.0,0.05944574,2.8089835000000003e-27,0.018539699,1.7521493e-14,0.009663407,1e-44,0.01233661,0.0,0.025583878,0.0,0.23778607,8.20867e-15,0.117317796,0.0,0.18097039,0.0,0.16897936,0.0,0.13865922,1.4704599e-14,0.007881646
1.0604719e-15,2.8516967e-13,0.0024445748,0.0019411058,0.0,0.05651579,2.2048724e-27,0.014419004,1.28240526e-14,0.021169761,6e-45,0.12147426,0.0,0.2720284,0.0,0.2366601,4.799161e-15,0.09394351,0.0,0.18111885,0.0,0.17007391,0.0,0.13833053,1.524205e-14,0.032399192
1.0275908e-15,5.4003507e-14,0.0015320395,0.004826145,0.0,0.055326648,1.671442e-27,0.0230453,1.2728716e-14,0.007292798,3e-45,0.12919648,0.0,0.17139946,0.0,0.23594412,3.9869362e-15,0.053534985,0.0,0.18159412,0.0,0.17119047,0.0,0.13865012,1.40312626e-14,0.014963935
1.0079657e-15,7.801959600000002e-16,0.0027871698,0.0027349195,0.0,0.054360818,1.7343627e-27,0.02162632,1.20950655e-14,0.014540525,3e-45,0.10190563,0.0,0.12287495,0.0,0.23548695,5.031783e-15,0.043861482,0.0,0.1803519,0.0,0.16905294,0.0,0.13746701,1.455891e-14,0.062233154
9.663752e-16,1.0226458e-13,0.0024417075,0.008930065,0.0,0.05493178,1.2028926e-27,0.017218463,8.062367e-15,0.019364018,3e-45,0.059236452,0.0,0.10284052,0.0,0.2355258,5.3144173e-15,0.02882233,0.0,0.17983122,0.0,0.17034774,0.0,0.13882425,1.2082765e-14,0.0102075
9.452797e-16,2.1188379e-13,0.0019114179,0.009675819,0.0,0.055137116,1.6046002e-27,0.018183744,5.9494595e-15,0.015367862,3e-45,0.019611992,0.0,0.025439339,0.0,0.23519187,4.6028143e-15,0.11893611,0.0,0.17932841,0.0,0.16822462,0.0,0.13800889,1.3083695e-14,0.0513914
8.957488e-16,3.6054015e-14,0.0006849489,0.00897845,0.0,0.05386006,1.613232e-27,0.028368553,5.9975205e-15,0.014644433,1e-45,0.04159688,0.0,0.21040499,0.0,0.23467319,3.672712e-15,0.06853779,0.0,0.17940408,0.0,0.16703014,0.0,0.13483422,1.16048765e-14,0.0077962973
8.711694e-16,4.774329e-14,0.00037622868,0.008890507,0.0,0.056192536,1.0936063e-27,0.024548292,5.338445e-15,0.024228381,0.0,0.02448333,0.0,0.16380443,0.0,0.23502319,5.0750237e-15,0.115941465,0.0,0.17698997,0.0,0.16688505,0.0,0.13321964,1.2415023e-14,0.024800306
8.569436600000001e-16,3.8553565e-18,0.00027920978,0.0060485182,0.0,0.05521213,1.0045198e-27,0.017753312,7.5659465e-15,0.0054570255,0.0,0.052277833,0.0,0.07850574,0.0,0.23440816,4.280787e-15,0.06337937,0.0,0.17356084,0.0,0.1632751,0.0,0.1292233,1.3016048e-14,0.034810025
8.417654600000001e-16,3.622942e-18,0.000384952,0.0062046945,0.0,0.055374943,9.358065e-28,0.015853146,1.2748853e-14,0.010171782,0.0,0.026522567,0.0,0.04705203,0.0,0.23439309,5.967755e-15,0.070036925,0.0,0.1763696,0.0,0.1603703,0.0,0.12629928,1.2888409e-14,0.012153336
8.1421894e-16,6.696051e-14,0.0067849085,0.003910586,0.0,0.055492923,1.2712183e-27,0.01766551,1.08847384e-14,0.017867766,1e-45,0.011294154,0.0,0.09211821,0.0,0.23430395,5.5374737e-15,0.027299598,0.0,0.17803505,0.0,0.16045056,0.0,0.12457256,1.3742805e-14,0.047247548
7.732647400000001e-16,1.2105765e-13,0.0057100365,0.0038925975,0.0,0.054437045,1.0462847e-27,0.016584307,8.835855e-15,0.013242656,0.0,0.11914641,0.0,0.03441108,0.0,0.23372167,5.432729e-15,0.09347057,0.0,0.17671463,0.0,0.16505349,0.0,0.12797303,1.3403787e-14,0.011119365
7.064366e-16,1.1171101e-13,0.0015040822,0.0025013841,0.0,0.05499902,7.810555e-28,0.010791597,7.415878e-15,0.02027875,0.0,0.126928,0.0,0.08869564,0.0,0.2335185,5.709668e-15,0.049821515,0.0,0.17673567,0.0,0.16418806,0.0,0.1285141,1.3776353e-14,0.049668938
6.814414e-16,1.0318032e-13,0.00075148157,0.0053604464,0.0,0.05577897,9.4577e-28,0.034006663,5.708979e-15,0.011232235,0.0,0.1031663,0.0,0.08933618,0.0,0.23375073,5.501899e-15,0.03430458,0.0,0.17615157,0.0,0.16137584,0.0,0.12661822,1.25656686e-14,0.0072190324
6.643524e-16,7.0373476e-14,0.0007025443,0.0033423968,0.0,0.052830916,7.1178057e-28,0.011782238,5.3799306e-15,0.016193017,0.0,0.06771854,0.0,0.032710955,0.0,0.23275405,4.607148e-15,0.028181873,0.0,0.17570405,0.0,0.16278806,0.0,0.12629916,1.3379019e-14,0.020080827
5.969257e-16,4.2996084e-14,0.022026269,0.0025191924,0.0,0.052150432,6.065262000000001e-28,0.008417395,4.3742687e-15,0.008471306,0.0,0.03485754,0.0,0.266931,0.0,0.23213081,4.2809964e-15,0.120039515,0.0,0.17680578,0.0,0.16219024,0.0,0.12575988,1.3697514e-14,0.043917175
4.884143400000001e-16,1.5766598e-14,0.0110209165,0.0024054134,0.0,0.0527003,8.553322e-28,0.032702316,3.619062e-15,0.0118990075,0.0,0.023974366,0.0,0.17958233,0.0,0.23208222,2.7647706e-15,0.028471231,0.0,0.17683023,0.0,0.16042672,0.0,0.1252228,1.1967178e-14,0.016900102
4.175295e-16,6.728655e-14,0.0020164235,0.0016019348,0.0,0.05144042,6.753229e-28,0.021133002,3.2042767e-15,0.029846411,0.0,0.13528268,0.0,0.083392695,0.0,0.23147036,3.207328e-15,0.13196371,0.0,0.17327972,0.0,0.16013132,0.0,0.12397525,1.2268106e-14,0.024528068
3.9828222e-16,2.0888199e-18,0.00093323074,0.004099966,0.0,0.051344544,4.8047075e-28,0.017367665,3.3603993e-15,0.005194315,0.0,0.14315376,0.0,0.0757745,0.0,0.2309249,2.5978716e-15,0.0593536,0.0,0.17459022,0.0,0.16279343,0.0,0.1259158,1.1925292e-14,0.03295572
3.9384655e-16,1.1437386e-13,0.0009401413,0.0014871763,0.0,0.051007666,4.6783905e-28,0.016777445,1.8168694e-15,0.008908406,0.0,0.115585685,0.0,0.028107164,0.0,0.2305304,2.819967e-15,0.059411265,0.0,0.17220609,0.0,0.15962707,0.0,0.12449612,1.1758518e-14,0.014637886
3.8862015e-16,1.5176211e-13,0.00070738804,0.0053301672,0.0,0.05436042,4.8397685e-28,0.02495077,2.4816719e-15,0.012970861,0.0,0.08690433,0.0,0.057462364,0.0,0.23147409,2.3775122e-15,0.019900752,0.0,0.17513381,0.0,0.16180079,0.0,0.12828991,1.2157692e-14,0.089097455
3.857171e-16,8.859456e-14,0.0006343544,0.0039973897,0.0,0.053661022,3.2773969e-28,0.013869988,1.9124676e-15,0.01948189,0.0,0.044717386,0.0,0.028416162,0.0,0.23108791,2.5979468e-15,0.2893448,0.0,0.17488112,0.0,0.16153093,0.0,0.12725578,8.126072e-15,0.019742096
3.754416e-16,5.102037e-14,0.0007225077,0.0026954033,0.0,0.051882412,3.5398027e-28,0.016160227,1.9769611e-15,0.0058055143,0.0,0.015699396,0.0,0.14994305,0.0,0.23036242,1.1709859e-15,0.10639408,0.0,0.17327167,0.0,0.16095443,0.0,0.12618811,8.329038e-15,0.0379822
3.681293e-16,3.873319e-14,0.0032966908,0.0011268031,0.0,0.05172983,3.0668824000000003e-28,0.016071202,1.6713415e-15,0.011678151,0.0,0.11590056,0.0,0.12305255,0.0,0.23008294,1.2293573e-15,0.02143086,0.0,0.17444523,0.0,0.1600885,0.0,0.1267749,7.965235e-15,0.009552378
3.5675654000000003e-16,7.2802355e-15,0.0026574696,0.004599436,0.0,0.052924693,2.7494829000000003e-28,0.031182665,1.3821075e-15,0.024419775,0.0,0.12351252,0.0,0.04146705,0.0,0.23042552,1.5473473e-15,0.32037482,0.0,0.17839412,0.0,0.16007443,0.0,0.12565087,8.688271e-15,0.05122928
3.392549e-16,3.500386e-14,0.0010049643,0.0029715842,0.0,0.056155592,2.592712e-28,0.016623525,1.0391023e-15,0.012343754,0.0,0.10214116,0.0,0.057022307,0.0,0.23136596,7.714994e-16,0.13913913,0.0,0.18091646,0.0,0.16167586,0.0,0.12781923,7.268849e-15,0.015411276
3.259255e-16,6.6215086e-14,0.00044343187,0.0029935406,0.0,0.05565155,2.1923657e-28,0.019050183,6.8270607e-16,0.012526266,0.0,0.06924612,0.0,0.28824833,0.0,0.23127086,8.453147400000002e-16,0.037579462,0.0,0.17861429,0.0,0.16278897,0.0,0.1287809,7.222685e-15,0.05267393
3.1829441000000004e-16,3.436372e-14,0.00027530635,0.0020400756,0.0,0.055223346,1.9971685e-28,0.01537753,6.5629886e-16,0.028829271,0.0,0.032535397,0.0,0.17875832,0.0,0.23102322,1.0375148e-15,0.03348876,0.0,0.17751582,0.0,0.16331393,0.0,0.12951253,6.3244134e-15,0.007852383
3.11262e-16,2.6984525e-14,0.00023171114,0.004040087,0.0,0.054606315,1.8729805e-28,0.025851304,4.5591633e-16,0.005096527,0.0,0.015083475,0.0,0.13327333,0.0,0.23074456,1.1198575e-15,0.10655074,0.0,0.1757373,0.0,0.16013765,0.0,0.12665099,6.897633e-15,0.032431506
2.5606677000000003e-16,4.9804843e-14,0.0035281433,0.001722257,0.0,0.052499603,2.023792e-28,0.01247592,5.525444e-16,0.008136589,0.0,0.10912399,0.0,0.07044988,0.0,0.22962788,5.956020700000001e-16,0.060534272,0.0,0.17564587,0.0,0.1599836,0.0,0.12513572,6.8285374e-15,0.020951448
2.4416704e-16,3.8307716e-14,0.0075097713,0.0046843714,0.0,0.05601195,1.6489308e-28,0.026665257,4.470015e-16,0.0131334625,0.0,0.116746664,0.0,0.022732925,0.0,0.23050746,6.185442e-16,0.06336691,0.0,0.17664334,0.0,0.16216525,0.0,0.12867975,6.918075e-15,0.03108635
2.3032488e-16,9.565262e-19,0.005418194,0.0023343766,0.0,0.057029083,1.3605082e-28,0.014861559,1.6214792e-15,0.012084394,0.0,0.10573228,0.0,0.11317938,0.0,0.23092964,7.225493e-16,0.057428762,0.0,0.17740065,0.0,0.16186114,0.0,0.13034916,7.001871e-15,0.03866891
1.8989486000000003e-16,8.976980999999999e-19,0.0011807632,0.008624661,0.0,0.05736626,1.6159313e-28,0.03425891,2.8994442e-15,0.022553273,0.0,0.073975034,0.0,0.1048468,0.0,0.23082474,7.420855e-16,0.025006678,0.0,0.17789318,0.0,0.16353469,0.0,0.13053736,5.932514e-15,0.02198799
1.6718605e-16,1.64511e-14,0.00060965517,0.00772316,0.0,0.055773687,9.000031e-29,0.0123981275,2.4730347e-15,0.010764498,0.0,0.031454764,0.0,0.055019394,0.0,0.23023167,8.001684e-16,0.13639846,0.0,0.1764709,0.0,0.15875295,0.0,0.12574616,6.4906695e-15,0.036877755
1.6051052e-16,4.9158055e-14,0.00056108454,0.0058922023,0.0,0.054785233,6.4126907e-29,0.020560103,2.3965758e-15,0.019252932,0.0,0.012525045,0.0,0.040418692,0.0,0.2296555,5.765348e-16,0.08867039,0.0,0.17528108,0.0,0.15745996,0.0,0.12271041,5.2459596e-15,0.02084024
1.575611e-16,3.8704737e-14,0.0020267512,0.01028906,0.0,0.05273664,6.634033e-29,0.038663875,2.0238417e-15,0.013722148,0.0,0.08813881,0.0,0.13996331,0.0,0.22884552,7.201410600000001e-16,0.03902518,0.0,0.17085801,0.0,0.15629755,0.0,0.121114425,5.9289143e-15,0.026961727
1.3958212e-16,6.742267999999999e-19,0.0015643482,0.013040674,0.0,0.054027878,6.744324e-29,0.02448119,2.3269848e-15,0.021244513,0.0,0.081684254,0.0,0.17633134,0.0,0.22892973,1.0970501e-15,0.10151898,0.0,0.17264964,0.0,0.15810354,0.0,0.12197002,5.886968e-15,0.032005794
1.3551018e-16,6.211081e-19,0.005253381,0.020012613,0.0,0.056853287,7.2200887e-29,0.026673999,3.0758638e-15,0.015412024,0.0,0.05326585,0.0,0.1165321,0.0,0.22984233,9.083641e-16,0.17073181,0.0,0.17535992,0.0,0.15768498,0.0,0.12309681,6.4975304e-15,0.02550428
1.3014742e-16,5.636855e-19,0.0047757984,0.014835439,0.0,0.05578164,5.567988699999998e-29,0.0131602315,3.5152253e-15,0.01698127,0.0,0.020224955,0.0,0.071270466,0.0,0.22951871,5.794844e-16,0.1415506,0.0,0.17465344,0.0,0.15978481,0.0,0.12561035,5.8517157e-15,0.022748945
1.2486915e-16,2.496683e-14,0.0030340727,0.016865822,0.0,0.05513131,5.7280605e-29,0.06350083,2.553084e-15,0.023493877,0.0,0.020738205,0.0,0.017539334,0.0,0.22930571,7.396057e-16,0.06917238,0.0,0.17227721,0.0,0.15894738,0.0,0.124537535,6.362335e-15,0.02343346
1.2199118000000002e-16,4.713554e-19,0.0030290214,0.0115913395,0.0,0.0550322,4.122208e-29,0.03668671,3.2332387e-15,0.0058447532,0.0,0.029431457,0.0,0.2827971,0.0,0.2292729,1.3882995e-15,0.07676978,0.0,0.17354684,0.0,0.15707111,0.0,0.12166505,6.1468503e-15,0.018165916
1.1889992e-16,4.377596e-19,0.0025196935,0.011687143,0.0,0.05764049,5.14317e-29,0.022603262,3.7488005e-15,0.012581782,0.0,0.13144153,0.0,0.15653378,0.0,0.23017575,1.3738036e-15,0.032581672,0.0,0.17444263,0.0,0.15795745,0.0,0.12315655,6.5285954e-15,0.040617995
1.1432307000000002e-16,1.5296468e-14,0.0061949687,0.008125646,0.0,0.059276886,2.8928834e-29,0.01307656,3.3902142e-15,0.016269226,0.0,0.1400649,0.0,0.07984373,0.0,0.23080093,1.5879262e-15,0.081660494,0.0,0.17318137,0.0,0.15747525,0.0,0.12386521,5.8339356e-15,0.022309214
1.0855407e-16,3.6918725e-16,0.00427308,0.018063197,0.0,0.061598442,2.410184e-29,0.07583727,3.3148992e-15,0.02908558,0.0,0.11365065,0.0,0.15309209,0.0,0.23146471,1.617683e-15,0.17299008,0.0,0.1750987,0.0,0.16210817,0.0,0.12799487,6.2715666e-15,0.023257373
1.0283811e-16,2.8328558e-14,0.0017090909,0.0069561577,0.0,0.06353439,2.1027055e-29,0.06257375,2.5390084e-15,0.0076641077,0.0,0.0686609,0.0,0.09474469,0.0,0.2320703,8.687892500000001e-16,0.18248829,0.0,0.17534156,0.0,0.16129595,0.0,0.12818636,6.0076993e-15,0.028408863
9.9253984e-17,3.714613e-14,0.00081071106,0.0055274907,0.0,0.063901946,3.3955848e-29,0.042104095,1.9799118e-15,0.012892305,0.0,0.02651385,0.0,0.02774286,0.0,0.23231544,4.348569e-16,0.1351426,0.0,0.1791058,0.0,0.16462304,0.0,0.13183549,6.2945703e-15,0.054811966
9.8113e-17,2.31013e-14,0.00064263755,0.0051877783,0.0,0.061337106,3.1430132e-29,0.030002695,1.7297104e-15,0.017174108,0.0,0.022215128,0.0,0.0689666,0.0,0.23165023,3.575322e-16,0.061428037,0.0,0.17798968,0.0,0.15942368,0.0,0.12837613,4.6168247e-15,0.024611296
9.421392e-17,2.8151826e-19,0.00095640065,0.008285736,0.0,0.062069144,2.6040065e-29,0.03586925,1.7386095e-15,0.021928253,0.0,0.03844084,0.0,0.070074216,0.0,0.23203012,4.680508e-16,0.08157456,0.0,0.17831299,0.0,0.16290489,0.0,0.1301967,5.0170896e-15,0.07056889
9.3341886e-17,2.6166365e-19,0.0012886869,0.00939543,0.0,0.06166808,2.3946876e-29,0.011197409,2.9593415e-15,0.010552254,0.0,0.01707276,0.0,0.060820173,0.0,0.23201823,5.132502e-16,0.06667359,0.0,0.1791472,0.0,0.16352218,0.0,0.13073207,3.2471866e-15,0.04093956
8.974355000000001e-17,2.4450809999999995e-19,0.0019593448,0.014225583,0.0,0.06074302,1.632202e-29,0.031153386,2.8286898e-15,0.014862617,0.0,0.049794335,0.0,0.016125642,0.0,0.23192942,5.671879e-16,0.038174972,0.0,0.17895627,0.0,0.16782199,0.0,0.13357687,3.663747e-15,0.015680702
8.417061000000001e-17,3.069707e-14,0.0006338566,0.013283868,0.0,0.062103108,2.0366016e-29,0.026651537,2.0085184e-15,0.025066035,0.0,0.049999435,0.0,0.36666563,0.0,0.2325036,5.391304400000002e-16,0.021768289,0.0,0.18215089,0.0,0.16537564,0.0,0.13471073,4.179913e-15,0.07710804
8.082904000000001e-17,2.060602e-19,0.00032144733,0.015396198,0.0,0.063176244,1.5415020999999998e-29,0.020774493,2.2315206e-15,0.007212812,0.0,0.034878835,0.0,0.20340899,0.0,0.23301364,4.643344600000001e-16,0.3223827,0.0,0.18170843,0.0,0.16537742,0.0,0.13504273,3.2094906e-15,0.015725045
7.729279000000001e-17,2.129904e-14,0.00030567407,0.016375005,0.0,0.064262204,1.323233e-29,0.020661686,1.5513587e-15,0.02442697,0.0,0.15455975,0.0,0.110244475,0.0,0.23359598,2.7637123e-16,0.14373736,0.0,0.18001544,0.0,0.16468424,0.0,0.13341792,3.464392e-15,0.048402924
7.4942166e-17,8.814328600000001e-16,0.00083076407,0.020429434,0.0,0.065010294,1.2170922600000001e-29,0.030131834,1.6092689e-15,0.008440468,0.0,0.15807395,0.0,0.07741847,0.0,0.23414926,2.701213e-16,0.13207518,0.0,0.18221983,0.0,0.1691739,0.0,0.1371875,3.425031e-15,0.009601331
7.4001285e-17,4.391051e-15,0.0013997302,0.015478634,0.0,0.06365365,1.2964888e-29,0.015967937,1.1338248e-15,0.022229694,0.0,0.12342338,0.0,0.051329095,0.0,0.2341159,1.4093499000000002e-16,0.088755146,0.0,0.1826128,0.0,0.16683692,0.0,0.13654706,4.1260783e-15,0.055117276
6.868218e-17,1.4179976e-19,0.001032057,0.01759941,0.0,0.06458142,1.0297336e-29,0.030385068,1.4812346e-15,0.011803307,0.0,0.07961834,0.0,0.017195733,0.0,0.2346112,8.1179704e-17,0.08508876,0.0,0.18211712,0.0,0.16739625,0.0,0.13677967,3.901669e-15,0.009444953
6.567068e-17,1.2936372e-19,0.00824012,0.01732986,0.0,0.063842006,5.493964e-30,0.015133923,2.3293345e-15,0.038084116,0.0,0.06341652,0.0,0.27327055,0.0,0.23456997,6.3770894e-17,0.041866224,0.0,0.18194892,0.0,0.17103422,0.0,0.13966657,4.2028487e-15,0.05169927
6.1708613e-17,1.1844642e-19,0.0060724104,0.018597588,0.0,0.062961355,5.4734677e-30,0.05375574,3.663519e-15,0.014212076,0.0,0.039700452,0.0,0.15459439,0.0,0.23444332,7.275572e-17,0.010459256,0.0,0.18369551,0.0,0.17256173,0.0,0.14228028,4.30997e-15,0.015507205
5.873189e-17,1.076616e-19,0.0038458498,0.019350065,0.0,0.06636268,5.3711173e-30,0.04627182,4.0868184e-15,0.029661305,0.0,0.20011617,0.0,0.08711481,0.0,0.23551543,1.08334574e-16,0.47956315,0.0,0.18639715,0.0,0.17247406,0.0,0.14447801,4.443908e-15,0.12836133
5.617987000000001e-17,5.850524300000002e-16,0.0018530186,0.009914128,0.0,0.06410379,4.673129e-30,0.036842227,5.240515e-15,0.013353049,0.0,0.20266388,0.0,0.042497836,0.0,0.23508537,9.605389e-17,0.27851102,0.0,0.18436745,0.0,0.17048576,0.0,0.14210302,2.2484212e-15,0.047673255
5.4663725e-17,9.124215e-20,0.0011193331,0.009827294,0.0,0.064604394,5.9099726e-30,0.02505635,4.301145e-15,0.021619074,0.0,0.16209954,0.0,0.052499935,0.0,0.23531805,2.1908601000000003e-16,0.16000773,0.0,0.18413149,0.0,0.17321652,0.0,0.14359795,2.2374062e-15,0.012658262
5.2255054e-17,8.489419999999999e-20,0.00236852,0.013018766,0.0,0.06677296,4.6797122000000004e-30,0.031356446,3.1503294e-15,0.016549591,0.0,0.12761414,0.0,0.3398177,0.0,0.23604754,3.9466156000000005e-16,0.07449063,0.0,0.18559837,0.0,0.17182374,0.0,0.14429091,2.7780762e-15,0.08171825
5.0973764e-17,9.3823044e-15,0.0016086209,0.011928752,0.0,0.065001406,4.639523e-30,0.009636005,2.5391617e-15,0.020285306,0.0,0.07602998,0.0,0.17524616,0.0,0.23583874,5.572931500000002e-16,0.017415093,0.0,0.1867638,0.0,0.17152588,0.0,0.14343373,2.4552436e-15,0.017536234
4.6465832e-17,7.266331e-20,0.000572905,0.013960632,0.0,0.06314035,3.634849e-30,0.056768905,3.2032215e-15,0.011846681,0.0,0.037130166,0.0,0.17887533,0.0,0.23553863,7.332667e-16,0.39535266,0.0,0.18634048,0.0,0.17204341,0.0,0.14368235,2.7564176e-15,0.073528446
4.493734e-17,8.6279615e-15,0.00044730745,0.014234935,0.0,0.06324736,3.358228e-30,0.040477436,2.1834589e-15,0.024717623,0.0,0.02147896,0.0,0.09468384,0.0,0.23582119,3.4386682000000003e-16,0.18305647,0.0,0.18648483,0.0,0.17143619,0.0,0.14337048,2.242365e-15,0.014743168
4.4184716e-17,6.1530586e-20,0.0014684016,0.011483092,0.0,0.06637943,3.2066888e-30,0.044370834,2.0916822e-15,0.013593996,0.0,0.07190355,0.0,0.023644788,0.0,0.2369323,1.8787449e-16,0.071545355,0.0,0.18891437,0.0,0.17246485,0.0,0.14444673,2.6738226e-15,0.103833005
4.2721622e-17,7.118517e-15,0.00078564935,0.013836712,0.0,0.06571625,3.5811355e-30,0.011405726,1.8901248e-15,0.022508385,0.0,0.062189016,0.0,0.17711098,0.0,0.23710404,1.9458479e-16,0.04466701,0.0,0.18995774,0.0,0.17387208,0.0,0.14552389,1.8890239e-15,0.030792853
3.9730104e-17,5.2473885999999997e-20,0.0026118283,0.017569927,0.0,0.065020435,2.8821794e-30,0.032461036,1.447357e-15,0.0072564143,0.0,0.031227713,0.0,0.07929679,0.0,0.2371337,2.429069e-16,0.08184407,0.0,0.18888086,0.0,0.17370008,0.0,0.14550482,2.145532e-15,0.04568573
3.70193e-17,1.1980298e-14,0.0010981548,0.026434638,0.0,0.065717205,2.1384704000000003e-30,0.032237854,1.1949979e-15,0.02903689,0.0,0.023703037,0.0,0.026137553,0.0,0.23740675,1.8067995e-16,0.040570904,0.0,0.18921413,0.0,0.17433667,0.0,0.14640614,2.456668e-15,0.027553165
3.601242e-17,7.0101035e-15,0.0024622406,0.006849936,0.0,0.06625216,1.7009759e-30,0.04948322,9.560912e-16,0.009185441,0.0,0.13210554,0.0,0.07239352,0.0,0.23779304,1.9266582e-16,0.078566,0.0,0.18900725,0.0,0.17556521,0.0,0.14789604,2.4591662e-15,0.041527174
3.5075174e-17,3.7945427e-20,0.0016550933,0.009777854,0.0,0.0656746,1.1329005e-30,0.03421753,1.5131836e-15,0.017750943,0.0,0.12941097,0.0,0.05431354,0.0,0.23783486,2.1412403000000003e-16,0.15075168,0.0,0.18893677,0.0,0.17543288,0.0,0.147681,2.5782254e-15,0.054746494
3.3562023e-17,3.5281457e-20,0.0024440351,0.012715439,0.0,0.06676988,1.3893983e-30,0.054409645,1.1806798e-15,0.01604799,0.0,0.095333345,0.0,0.01770021,0.0,0.23820247,1.2357161e-16,0.114114836,0.0,0.19033813,0.0,0.17571297,0.0,0.14751795,2.068199e-15,0.04554016
3.2283083e-17,3.2745117e-20,0.0011331149,0.008953792,0.0,0.06997065,8.279321e-31,0.014111985,1.7673213e-15,0.021680813,0.0,0.093852974,0.0,0.31301907,0.0,0.23908602,1.0626676e-16,0.041971434,0.0,0.19220679,0.0,0.17704014,0.0,0.14877158,2.2921122e-15,0.077552706
3.1692660000000005e-17,1.044593e-14,0.00075918745,0.008516374,0.0,0.06835662,8.1051445e-31,0.027747378,1.0791084e-15,0.008850057,0.0,0.064532034,0.0,0.16602828,0.0,0.23873062,1.0956686e-16,0.06474026,0.0,0.18763117,0.0,0.1739164,0.0,0.14620051,1.423373e-15,0.057160266
3.1368532e-17,6.2217382e-15,0.0006441392,0.019602682,0.0,0.06795738,8.860938e-31,0.023250712,9.271832e-16,0.03598432,0.0,0.042524315,0.0,0.07532367,0.0,0.23870035,2.5280754e-16,0.16567595,0.0,0.18786359,0.0,0.1730841,0.0,0.14482099,1.5489875e-15,0.010096426
3.0330645e-17,9.600626e-15,0.0036540106,0.008436857,0.0,0.06384755,7.8142416e-31,0.021362258,6.223185500000001e-16,0.0051153447,0.0,0.108295426,0.0,0.07977543,0.0,0.23771632,1.811873e-16,0.13852239,0.0,0.18604991,0.0,0.17212264,0.0,0.14224954,1.7598624e-15,0.038838264
2.914028e-17,2.5419503e-15,0.0021100247,0.011881293,0.0,0.063512065,5.5223215e-31,0.032126836,7.8752216e-16,0.0059427903,0.0,0.098230556,0.0,0.03129119,0.0,0.23770778,1.363236e-16,0.075590536,0.0,0.18835004,0.0,0.17325601,0.0,0.14332159,1.897084e-15,0.057568222
2.8531510000000004e-17,2.1706688e-20,0.0031830065,0.013611726,0.0,0.06511521,5.111724e-31,0.026143977,9.369757e-16,0.020548603,0.0,0.07804941,0.0,0.25053272,0.0,0.23828602,2.0877349000000003e-16,0.09414169,0.0,0.18800369,0.0,0.17150028,0.0,0.14295864,1.4432222e-15,0.04951668
2.7328582e-17,7.721571e-15,0.0030903465,0.016269512,0.0,0.06353993,6.4523393e-31,0.042806778,6.48686e-16,0.009677939,0.0,0.04380614,0.0,0.19206387,0.0,0.23795725,1.7431189000000002e-16,0.05964896,0.0,0.1879619,0.0,0.17557572,0.0,0.14588323,1.6075361e-15,0.056110404
2.5780955e-17,3.0782758e-16,0.001112188,0.01209644,0.0,0.06299624,4.8451385e-31,0.0104280785,6.512405e-16,0.01348079,0.0,0.020419363,0.0,0.12831213,0.0,0.23789637,1.9256534e-16,0.031040642,0.0,0.19014484,0.0,0.17488934,0.0,0.14514442,1.3254979e-15,0.042601567
2.5248350000000002e-17,5.7174173e-15,0.0007474582,0.0075690034,0.0,0.06304855,4.1939885e-31,0.04244262,5.122862700000002e-16,0.015706869,0.0,0.14314127,0.0,0.055424742,0.0,0.23777987,1.9698369e-16,0.0379939,0.0,0.18661118,0.0,0.1726373,0.0,0.14329936,1.4621271e-15,0.06234989
2.4890616e-17,1.9520814e-15,0.0012014083,0.015754802,0.0,0.06772197,5.1452117e-31,0.013915693,4.3136273e-16,0.038347498,0.0,0.14107212,0.0,0.09568524,0.0,0.23911567,1.816408e-16,0.20572509,0.0,0.1890936,0.0,0.17264028,0.0,0.14386767,1.1078148e-15,0.053448237
2.4661856e-17,5.170831e-15,0.0011994079,0.015675563,0.0,0.06826511,3.4807640000000003e-31,0.06672857,3.1773987000000004e-16,0.010749861,0.0,0.12788287,0.0,0.28698322,0.0,0.23936203,1.2677686e-16,0.12836401,0.0,0.18793538,0.0,0.17398688,0.0,0.14413002,1.1917386e-15,0.05174356
2.394876e-17,2.0135115e-15,0.00084724365,0.007523826,0.0,0.06654485,3.266129e-31,0.042631656,2.672344e-16,0.012082098,0.0,0.08853532,0.0,0.15429045,0.0,0.23908938,1.3105512000000002e-16,0.10977772,0.0,0.18807088,0.0,0.1745644,0.0,0.1440669,1.0243071e-15,0.03523148
2.0160373000000002e-17,9.43954e-17,0.039871685,0.006214897,0.0,0.06710002,2.0734815000000003e-31,0.06137408,2.5380368000000003e-16,0.013122695,0.0,0.04300532,0.0,0.11064457,0.0,0.23906048,1.00870725e-16,0.077210404,0.0,0.18729655,0.0,0.17072663,0.0,0.14087719,1.1512359e-15,0.062269405
1.58334e-17,4.1109092e-15,0.018461876,0.0029685462,0.0,0.06709821,2.4362859e-31,0.043787174,1.8857849e-16,0.014710674,0.0,0.018902134,0.0,0.10208898,0.0,0.23925829,6.943032e-17,0.036520105,0.0,0.1884771,0.0,0.17060055,0.0,0.14047839,8.530032e-16,0.04842773
1.3941234e-17,2.889864e-15,0.0073751486,0.0027022373,0.0,0.06473349,2.5723423e-31,0.032280315,1.5660523000000002e-16,0.0103255445,0.0,0.10003766,0.0,0.040797126,0.0,0.2388858,6.035346e-17,0.091896094,0.0,0.1885545,0.0,0.17238364,0.0,0.14123504,9.409137e-16,0.044995498
1.22709076e-17,4.2988858e-15,0.002936847,0.0023583118,0.0,0.06705824,1.5135157e-31,0.012150924,1.3068079000000002e-16,0.02388955,0.0,0.113322236,0.0,0.3660297,0.0,0.23944516,6.6025146e-17,0.06249569,0.0,0.18885346,0.0,0.17573892,0.0,0.1457794,8.596356300000001e-16,0.0536317
1.0783611000000001e-17,9.514301e-21,0.026064215,0.0027116798,0.0,0.0638804,2.3140439e-31,0.036473356,1.44664e-16,0.003821459,0.0,0.08898083,0.0,0.26437125,0.0,0.23872362,8.620834e-17,0.12857363,0.0,0.18614706,0.0,0.17129269,0.0,0.14219472,9.362278e-16,0.0442033
9.032530000000001e-18,9.067986e-21,0.018521959,0.0010084335,0.0,0.059648585,2.4330638e-31,0.012921352,2.521171e-16,0.0020890045,0.0,0.047266215,0.0,0.15061058,0.0,0.23758003,4.0863728e-17,0.098943256,0.0,0.18335879,0.0,0.16918358,0.0,0.13659008,8.478925300000001e-16,0.012921193
7.947717e-18,8.667913e-21,0.0072612683,0.0023129862,0.0,0.056556948,1.0260621e-31,0.019094948,3.9828437e-16,0.0018752136,0.0,0.018465353,0.0,0.105775714,0.0,0.23635341,3.765341e-17,0.064847246,0.0,0.1804157,0.0,0.16672534,0.0,0.13320349,8.950118e-16,0.036363162
6.9673746e-18,8.094162e-21,0.0025293783,0.0012109195,0.0,0.059190694,1.7667593e-31,0.01763205,6.778025e-16,0.007978675,0.0,0.1432124,0.0,0.083765045,0.0,0.23673274,5.0383727e-17,0.03887632,0.0,0.180645,0.0,0.16716346,0.0,0.13407801,9.257867e-16,0.03218693
6.352184e-18,3.9379548e-14,0.018601025,0.0019212482,0.0,0.05909877,1.4021734e-31,0.026808713,1.039411e-15,0.014549809,0.0,0.15780458,0.0,0.024054088,0.0,0.23661213,6.731071000000001e-17,0.036153324,0.0,0.17907472,0.0,0.16451365,0.0,0.13081253,8.1645347e-16,0.016336763
5.387125e-18,7.288415e-21,0.009578139,0.0008217471,0.0,0.05815149,1.1853255e-31,0.017676193,9.187144e-16,0.014835026,0.0,0.14762232,0.0,0.23163034,0.0,0.23628445,7.64057e-17,0.019790752,0.0,0.17781994,0.0,0.1636222,0.0,0.12895615,8.650401e-16,0.019908063
4.730680699999999e-18,6.927291e-21,0.0020255535,0.0019620634,0.0,0.05777333,4.5359726e-32,0.035901472,1.0630667e-15,0.010154797,0.0,0.12232707,0.0,0.18620831,0.0,0.23598228,9.2717795e-17,0.40570056,0.0,0.177415,0.0,0.16520701,0.0,0.13067648,9.196272e-16,0.08147613
4.540285e-18,6.562638e-21,0.0010254958,0.00087750715,0.0,0.054565135,8.167749700000001e-32,0.0090394,1.3155387e-15,0.016325695,0.0,0.06521542,0.0,0.086941764,0.0,0.23482306,6.71563e-17,0.1741253,0.0,0.17343661,0.0,0.16112857,0.0,0.1253121,6.663372600000001e-16,0.016980043
4.439123e-18,6.2770375e-21,0.0015773597,0.0014317444,0.0,0.05190064,8.9933105e-32,0.015516726,1.2598313e-15,0.0052858326,0.0,0.021751743,0.0,0.082277454,0.0,0.23342516,7.927623e-17,0.070597574,0.0,0.17070566,0.0,0.15911058,0.0,0.12033561,7.199718e-16,0.03386199
4.2988572e-18,5.969592e-21,0.00079979637,0.0015143414,0.0,0.050209314,9.891611e-32,0.007880905,1.0756764e-15,0.009422773,0.0,0.06771504,0.0,0.064234585,0.0,0.23242338,7.360712e-17,0.048748624,0.0,0.16762981,0.0,0.15592732,0.0,0.11621106,7.135080500000001e-16,0.012299833
4.180591e-18,5.6270145000000004e-21,0.00049545214,0.0030773613,0.0,0.04936632,8.316579e-32,0.021890277,9.831071e-16,0.017430756,0.0,0.050030872,0.0,0.018929265,0.0,0.23160988,8.810365e-17,0.031038016,0.0,0.16760725,0.0,0.15430367,0.0,0.11480921,7.911597e-16,0.027769038
3.881445e-18,9.90395e-16,0.0018947767,0.0017898374,0.0,0.047947038,8.056335000000001e-32,0.011134792,8.086234e-16,0.007577624,0.0,0.03690214,0.0,0.22826108,0.0,0.23064199,1.1949572e-16,0.066600166,0.0,0.16659701,0.0,0.15151279,0.0,0.11274124,8.758325e-16,0.03767352
3.5442766e-18,5.0752034e-21,0.00613633,0.0023423103,0.0,0.04759598,4.39941e-32,0.01861578,7.326105500000001e-16,0.006185325,0.0,0.023687728,0.0,0.13066587,0.0,0.23000759,1.1262555e-16,0.024564527,0.0,0.16712804,0.0,0.15228105,0.0,0.112089165,7.334902500000002e-16,0.013865875
3.378775e-18,4.8565462e-21,0.004521443,0.00074091286,0.0,0.049103063,2.1416374e-32,0.019687131,9.85441e-16,0.0031138277,0.0,0.13707319,0.0,0.10193225,0.0,0.23014729,1.7356843e-16,0.14707366,0.0,0.16791028,0.0,0.15135033,0.0,0.11154688,7.6776787e-16,0.027944582
3.2557068e-18,4.632183e-21,0.0033869683,0.0026402595,0.0,0.04849084,6.856912500000001e-32,0.022431562,7.956472e-16,0.0022306677,0.0,0.12820272,0.0,0.033824164,0.0,0.23008838,1.9704475000000003e-16,0.054795247,0.0,0.1682948,0.0,0.1510769,0.0,0.1117401,7.830838e-16,0.036003828
3.1674520000000002e-18,3.2328095e-15,0.0033329527,0.00073455437,0.0,0.047696065,8.075590000000001e-32,0.010958559,6.5757185e-16,0.005230311,0.0,0.09916572,0.0,0.05360173,0.0,0.22965477,2.0928117e-16,0.05330838,0.0,0.16573358,0.0,0.14688234,0.0,0.107886344,7.037602400000002e-16,0.022820717
3.0685942e-18,4.1602746e-21,0.002419388,0.00254902,0.0,0.04853219,6.697522e-32,0.030969765,6.781917500000002e-16,0.0067392695,0.0,0.06782374,0.0,0.056697078,0.0,0.22975096,2.414256e-16,0.0957918,0.0,0.16724792,0.0,0.14770764,0.0,0.10704976,7.0871114e-16,0.010789566
2.9423474e-18,3.949903300000001e-21,0.0035396984,0.0008140738,0.0,0.048422184,1.5878024e-32,0.030196857,7.587996400000001e-16,0.00965202,0.0,0.028873496,0.0,0.039701488,0.0,0.22925971,1.2975777000000002e-16,0.06407456,0.0,0.1695269,0.0,0.14359546,0.0,0.10353298,7.552655e-16,0.0414099
2.8161087e-18,1.6412163000000002e-16,0.0017577024,0.0010463584,0.0,0.04618557,3.7936908e-32,0.015053834,6.068735e-16,0.00549916,0.0,0.010751004,0.0,0.10479806,0.0,0.22809283,9.182091e-17,0.019082358,0.0,0.1663464,0.0,0.14606887,0.0,0.104238614,6.967268400000002e-16,0.012684761
2.6263677e-18,2.4430516e-16,0.0034937458,0.0021872737,0.0,0.04563815,4.314638e-32,0.009558258,4.9292595e-16,0.004468992,0.0,0.107174724,0.0,0.053922202,0.0,0.22719824,1.0542557e-16,0.24874537,0.0,0.16666539,0.0,0.14422487,0.0,0.103786856,7.1268304e-16,0.023463028
2.5450559e-18,3.4417463e-21,0.0024251253,0.00087115745,0.0,0.04319335,5.000869e-32,0.012190255,6.2383595e-16,0.005255523,0.0,0.10402171,0.0,0.039019775,0.0,0.22567883,8.9311716e-17,0.092175655,0.0,0.16535522,0.0,0.14039938,0.0,0.09913344,7.4277547e-16,0.028979402
2.4369984e-18,3.2924725e-21,0.0010354731,0.002382993,0.0,0.042627517,3.8028844e-32,0.009873431,7.0634125e-16,0.0026320657,0.0,0.0875131,0.0,0.06263105,0.0,0.22454242,1.1912354e-16,0.066053234,0.0,0.16443697,0.0,0.1380515,0.0,0.0959587,6.738505500000001e-16,0.011345341
2.4130616e-18,1.5096744e-13,0.00091890583,0.00060001924,0.0,0.04079904,1.7063056e-32,0.017356647,2.0086463e-15,0.0009680999,0.0,0.052778885,0.0,0.09341619,0.0,0.22273031,1.0134626e-16,0.02531582,0.0,0.15907438,0.0,0.13655034,0.0,0.094175726,7.002857e-16,0.01852132
2.3863952e-18,3.0610067000000002e-21,0.00075033325,0.0013828188,0.0,0.036353383,3.9431068e-32,0.008395503,1.5153532e-15,0.000508356,0.0,0.017412463,0.0,0.048712503,0.0,0.21970412,1.1761209000000002e-16,0.08689546,0.0,0.15416904,0.0,0.12684917,0.0,0.08360039,6.9963974e-16,0.010071219
2.290396e-18,2.9474123000000002e-21,0.0004997329,0.0006044386,0.0,0.034897406,4.7342976000000005e-32,0.010563612,1.4140244e-15,0.0004788577,0.0,0.010604569,0.0,0.03110126,0.0,0.21730642,1.10998883e-16,0.036178578,0.0,0.15625875,0.0,0.122487,0.0,0.079202026,6.8021076e-16,0.01791914
2.1617143e-18,1.4875796e-15,0.0019138831,0.0032895638,0.0,0.035736877,4.4571425e-32,0.014880994,1.7125429e-15,0.0031773988,0.0,0.057662465,0.0,0.034919713,0.0,0.21588215,1.07936416e-16,0.015462546,0.0,0.1497632,0.0,0.11508235,0.0,0.07343155,6.626487500000002e-16,0.031217845
2.1232192e-18,2.7065125000000007e-21,0.0015863058,0.00094355404,0.0,0.03487824,2.59278e-32,0.008921438,2.2644818e-15,0.0010867208,0.0,0.046931915,0.0,0.06898676,0.0,0.21416225,1.1930658e-16,0.23678155,0.0,0.14766228,0.0,0.113003306,0.0,0.07112401,6.031024e-16,0.0125955725
2.0166907e-18,3.2359915e-15,0.004375665,0.0012973006,0.0,0.0319084,4.0564517e-32,0.008106755,1.6243762e-15,0.0010746878,0.0,0.025117941,0.0,0.03216939,0.0,0.21105145,7.3593935e-17,0.08132308,0.0,0.14438866,0.0,0.10480626,0.0,0.06427998,5.981011300000001e-16,0.014324451
1.934015e-18,2.1495695e-15,0.0025727216,0.00044634286,0.0,0.029609244,2.731658e-32,0.0036058475,1.2123073e-15,0.000944442,0.0,0.008266471,0.0,0.021008998,0.0,0.20741458,8.802629e-17,0.031587303,0.0,0.1425998,0.0,0.10088229,0.0,0.060558025,5.8247894e-16,0.018889848
1.8961513e-18,2.449422e-21,0.0025684363,0.00048896845,0.0,0.026703842,2.0340146e-32,0.004855953,6.630855500000001e-16,0.0010119019,0.0,0.033031333,0.0,0.07044754,0.0,0.20338832,8.7744196e-17,0.025717523,0.0,0.13731304,0.0,0.092128515,0.0,0.0536276,5.874701e-16,0.014758233
1.8539889e-18,2.358312e-21,0.0020634357,0.0021202008,0.0,0.026553672,1.910289e-32,0.006050188,1.2009327e-15,0.001588467,0.0,0.016206345,0.0,0.0470995,0.0,0.20032202,9.8398355e-17,0.121736765,0.0,0.1321374,0.0,0.08581429,0.0,0.048617505,5.874956500000001e-16,0.015434521
1.8190949e-18,2.2679867e-21,0.0016593349,0.000574704,0.0,0.025109923,2.0778654e-32,0.0066652135,1.3992135e-15,0.0007393283,0.0,0.006712756,0.0,0.026644146,0.0,0.19679573,7.948076000000001e-17,0.024669845,0.0,0.12601984,0.0,0.077659555,0.0,0.043014843,5.561931e-16,0.010572545
1.7533161999999997e-18,3.1762626e-15,0.0007604897,0.0003929851,0.0,0.024600502,1.7428485000000002e-32,0.00300488,1.1285776e-15,0.0006782374,0.0,0.039391607,0.0,0.07500463,0.0,0.19326966,9.715144e-17,0.13824524,0.0,0.1251763,0.0,0.06901714,0.0,0.03711524,5.519830500000001e-16,0.014024791
1.6605388e-18,2.1205433e-21,0.0003281042,0.000424005,0.0,0.025955502,1.466915e-32,0.0032902982,1.1019532e-15,0.0007783842,0.0,0.033022612,0.0,0.034096178,0.0,0.19121464,8.9165676e-17,0.029332694,0.0,0.11822323,0.0,0.06503774,0.0,0.03524567,5.3900846e-16,0.015599681
1.5982583999999998e-18,2.0609116000000002e-21,0.0001852933,0.00088528584,0.0,0.025418881,1.5565914e-32,0.0038110155,1.300326e-15,0.0009916748,0.0,0.013729015,0.0,0.01761699,0.0,0.1889002,1.1897413e-16,0.12112844,0.0,0.11617123,0.0,0.06048478,0.0,0.03223648,5.100212e-16,0.012635161
1.5522958999999998e-18,4.454159e-15,0.00010780276,0.00036816843,0.0,0.021713799,2.1785287e-32,0.0021901042,8.603843600000001e-16,0.00042074613,0.0,0.00546204,0.0,0.08105194,0.0,0.18344013,8.7777085e-17,0.031129427,0.0,0.107613534,0.0,0.052772883,0.0,0.027047535,4.9757383e-16,0.011652333
1.529405e-18,2.5879762e-15,6.925409e-05,0.0008451454,0.0,0.021466475,1.4724095000000002e-32,0.003448935,8.930052e-16,0.0003403126,0.0,0.03395829,0.0,0.03440606,0.0,0.17999026,1.02934475e-16,0.055782534,0.0,0.11142572,0.0,0.05188199,0.0,0.02648549,4.727295e-16,0.0118094925
1.4308207999999998e-18,5.671439e-15,2.479139e-05,0.00023360418,0.0,0.019214502,2.116189e-32,0.0013240128,7.074801400000001e-16,0.00018637031,0.0,0.01803884,0.0,0.028390625,0.0,0.1743567,9.2383746e-17,0.008312578,0.0,0.09549697,0.0,0.04302151,0.0,0.020766405,4.6755594e-16,0.009400855
1.42716e-18,1.3554831e-15,2.19604e-05,0.0003014696,0.0,0.019923039,1.5238207e-32,0.003138698,8.599156300000002e-16,0.000114886345,0.0,0.0056586917,0.0,0.012784142,0.0,0.17021535,1.00092355e-16,0.09940581,0.0,0.09758973,0.0,0.03792267,0.0,0.01859456,4.5316744e-16,0.009232015
1.4269192e-18,1.785131e-21,2.1923819e-05,0.00065978,0.0,0.019199163,1.7799284e-32,0.003478822,9.429998e-16,0.00010384041,0.0,0.02589807,0.0,0.107312016,0.0,0.16533653,8.592843000000001e-17,0.016446821,0.0,0.082453944,0.0,0.03386019,0.0,0.016495353,4.598428e-16,0.009119045
1.423298e-18,1.7397606000000002e-21,1.9375533e-05,0.00042794144,0.0,0.01887211,1.5257535e-32,0.0027929863,7.781382e-16,5.821315e-05,0.0,0.012865245,0.0,0.04149745,0.0,0.16071042,9.8399784e-17,0.16257663,0.0,0.08732653,0.0,0.03079894,0.0,0.014953248,4.545047e-16,0.009866363
1.3508210000000001e-18,1.6984106e-21,6.5301206e-06,0.00033828462,0.0,0.016108984,5.0003847e-33,0.0018854307,6.215322400000002e-16,3.4927878e-05,0.0,0.004751536,0.0,0.02163704,0.0,0.15319246,6.245578e-17,0.044049934,0.0,0.06913374,0.0,0.026600126,0.0,0.012189868,4.4084335e-16,0.0059131156
1.3229780999999998e-18,1.900023e-15,3.5482162e-06,0.00013722926,0.0,0.013768459,1.5236808e-32,0.00039743446,6.33451e-16,2.1759903e-05,0.0,0.011887883,0.0,0.03104336,0.0,0.14375043,7.498384000000001e-17,0.040732548,0.0,0.06844603,0.0,0.020278972,0.0,0.00899929,4.099805e-16,0.0021227056
1.3192057e-18,1.6414483000000001e-21,3.0933745e-06,6.414575e-05,0.0,0.010864422,1.3934411e-32,0.00036613212,7.188531e-16,1.706546e-05,0.0,0.0050686356,0.0,0.015145456,0.0,0.13155346,7.4106807e-17,0.008322098,0.0,0.056508962,0.0,0.018221682,0.0,0.007938319,3.8648276e-16,0.0007818697
1.2737407e-18,3.0919644e-15,1.372849e-06,1.5848042e-05,0.0,0.009861439,1.908813e-32,0.0001348721,8.0372076e-16,1.9488283e-05,0.0,0.008525497,0.0,0.03498022,0.0,0.12075047,7.7444884e-17,0.034972865,0.0,0.059368808,0.0,0.015510808,0.0,0.0067329877,4.061385e-16,0.0005200709
1.2273965e-18,1.5764007e-21,6.890567e-07,4.9824152e-06,0.0,0.009096666,2.401227e-32,1.1521139e-05,7.850779400000001e-16,1.7513772e-05,0.0,0.003687729,0.0,0.0102217365,0.0,0.11106399,7.476776e-17,0.015038684,0.0,0.047631856,0.0,0.015583257,0.0,0.006778397,4.0386433e-16,0.0004889964
1.2244696999999998e-18,3.6806974e-15,6.1746147e-07,1.0682612e-06,0.0,0.007901345,1.85293e-32,7.368938e-05,4.482923e-16,2.127811e-05,0.0,0.008184502,0.0,0.03094231,0.0,0.100361146,7.8440876e-17,0.054497063,0.0,0.051749073,0.0,0.013497271,0.0,0.005849473,4.1098364000000006e-16,0.00032585283
1.2008852999999998e-18,2.2646262e-15,3.8574242e-07,2.9536798e-07,0.0,0.0068249693,1.2643553000000002e-32,0.00031315399,6.6325946000000015e-16,1.527777e-05,0.0,0.0053807977,0.0,0.008303674,0.0,0.090005875,7.399022e-17,0.010151745,0.0,0.040892594,0.0,0.011618091,0.0,0.0048173047,4.1154657e-16,0.00019373359
1.1708128e-18,3.1422686e-15,2.427812e-07,1.0368084e-07,0.0,0.006212296,1.6923482e-32,8.70855e-05,3.3207138000000004e-16,1.706298e-05,0.0,0.007040165,0.0,0.025135329,0.0,0.08135881,7.825739400000001e-17,0.04444785,0.0,0.046049166,0.0,0.011244641,0.0,0.004444431,4.1170388000000006e-16,8.252463e-05
1.1708107e-18,1.49401e-21,2.4237676e-07,3.7511473e-08,0.0,0.005505612,1.5617304e-32,6.329226e-05,8.388644e-16,1.3068387e-05,0.0,0.0040443405,0.0,0.013352573,0.0,0.07368933,7.682414e-17,0.010022576,0.0,0.035424966,0.0,0.009706427,0.0,0.0038567176,4.1128352000000006e-16,2.877996e-05
1.1652497e-18,5.1549117e-14,2.256672e-07,4.3897426e-08,0.0,0.0083314795,8.7556116e-33,0.00091572705,7.762453500000001e-16,1.6932914e-05,0.0,0.034321986,0.0,0.08454115,0.0,0.081146754,9.1145424e-17,0.12862171,0.0,0.0627988,0.0,0.015013091,0.0,0.0069408747,4.065144e-16,2.8206627e-05
1.162475e-18,5.3555314e-15,2.2371228e-07,6.395701e-08,0.0,0.009178033,1.1722975e-32,0.0005133207,6.493074500000002e-16,1.8785267e-05,0.0,0.024260014,0.0,0.036479164,0.0,0.08453847,8.009221000000001e-17,0.031618837,0.0,0.049430706,0.0,0.016798243,0.0,0.008107878,4.0039748e-16,3.1724478e-05
1.1597068e-18,2.4840145e-15,2.1963338e-07,5.3284975e-08,0.0,0.007841023,8.705086000000001e-33,0.001178388,6.8514663e-16,1.9431733e-05,0.0,0.011450905,0.0,0.012272731,0.0,0.08071915,9.091707e-17,0.034294795,0.0,0.050566953,0.0,0.016966915,0.0,0.008081424,3.8913586000000005e-16,3.1587395e-05
1.1379895e-18,3.6453194e-15,2.8570355e-07,6.134904e-08,0.0,0.0079309475,1.0400856e-32,0.000570401,6.396519e-16,2.660476e-05,0.0,0.008457296,0.0,0.043339778,0.0,0.07969755,9.547930999999999e-17,0.016767386,0.0,0.04982279,0.0,0.018662406,0.0,0.009335044,3.9977763e-16,4.1992582e-05
1.137987e-18,1.3266936e-15,2.8522757e-07,7.5699155e-08,0.0,0.007553621,8.697732000000001e-33,0.0008793719,5.671925e-16,2.0157458e-05,0.0,0.008210121,0.0,0.012902197,0.0,0.07715572,1.0130515e-16,0.0843456,0.0,0.05386073,0.0,0.01805674,0.0,0.008933488,4.0274527000000005e-16,4.887596e-05
1.1352766e-18,2.4553545e-15,2.6812867e-07,8.196329e-08,0.0,0.006760152,7.726278e-33,0.00071124086,6.131065e-16,2.5246696e-05,0.0,0.0048702303,0.0,0.05237742,0.0,0.07303673,9.345394e-17,0.012450921,0.0,0.044782456,0.0,0.017153932,0.0,0.008595169,4.0619706e-16,4.4133372e-05
1.1325729e-18,3.4685368e-15,2.5047905e-07,6.786189e-08,0.0,0.0063588037,5.9051054e-33,0.00074946583,4.1542217000000006e-16,2.3897126e-05,0.0,0.0130406,0.0,0.012988894,0.0,0.06931808,1.108861e-16,0.10184884,0.0,0.052325692,0.0,0.014512451,0.0,0.006761983,4.1231036e-16,2.7586397e-05
1.1325707e-18,2.0890873e-15,2.500618e-07,6.777592e-08,0.0,0.0063294596,6.540813e-33,0.00088012026,5.361003e-16,2.1272543e-05,0.0,0.0039438726,0.0,0.07745008,0.0,0.06745452,1.0167092e-16,0.019855522,0.0,0.039438333,0.0,0.013758249,0.0,0.0065054474,4.0247742000000005e-16,2.4580631e-05
1.1325686e-18,3.3984565e-15,2.4964518e-07,8.3266535e-08,0.0,0.0069458704,7.270332e-33,0.0008557023,4.4262768e-16,2.6176815e-05,0.0,0.009535168,0.0,0.02206906,0.0,0.06847245,1.1854272e-16,0.13467671,0.0,0.056108963,0.0,0.014589309,0.0,0.007155843,4.011342e-16,2.8937951e-05
1.1325663999999998e-18,2.7232283e-15,2.4922932e-07,6.3603935e-08,0.0,0.0056715054,6.367030000000001e-33,0.00066839805,3.0812054e-16,2.62191e-05,0.0,0.0038938117,0.0,0.029253775,0.0,0.06258981,9.821064e-17,0.03378605,0.0,0.036851443,0.0,0.011938039,0.0,0.0055381213,4.017455e-16,1.826506e-05
1.1325642e-18,1.5440495e-15,2.4881413e-07,4.122555e-08,0.0,0.0050016693,6.120653e-33,0.00046770542,3.8926868000000005e-16,2.342819e-05,0.0,0.005738308,0.0,0.0075502237,0.0,0.05822378,1.1870803000000002e-16,0.034139104,0.0,0.04026538,0.0,0.010400481,0.0,0.004679249,3.9772601e-16,1.3788138e-05
1.1298670999999998e-18,1.7669307e-14,2.2726375e-07,2.2810239e-08,0.0,0.0043361844,0.0,0.0004945618,6.182964e-16,1.3115512e-05,0.0,0.007851093,0.0,0.017376216,0.0,0.053703774,1.279182e-16,0.01239218,0.0,0.02724796,0.0,0.007685022,0.0,0.0032823223,3.964411e-16,7.628923e-06
1.0958860999999998e-18,5.4412007e-18,1.5484217e-07,1.1989848e-08,0.0,0.0032817118,5.630811e-33,0.00015374977,5.1451396e-16,1.6979306e-05,0.0,0.0032512709,0.0,0.013050136,0.0,0.046866544,1.424397e-16,0.047364023,0.0,0.026625443,0.0,0.005943628,0.0,0.002414431,3.9269305e-16,4.2631596e-06
1.0958847999999998e-18,9.310389e-18,1.5458421e-07,1.0654736e-08,0.0,0.0030213958,4.2027900000000004e-33,0.00015695223,5.745699e-16,1.538224e-05,0.0,0.0070013646,0.0,0.020565117,0.0,0.043445844,1.4970503e-16,0.01730175,0.0,0.025655244,0.0,0.0055840393,0.0,0.0021889475,3.9296159e-16,3.4299942e-06
1.0932757e-18,1.5062625e-17,1.3992401e-07,6.5858607e-09,0.0,0.0031937317,1.5051008e-33,0.00024182863,5.911280400000002e-16,1.7895265e-05,0.0,0.0039446745,0.0,0.00858066,0.0,0.042825554,1.6790833e-16,0.054767046,0.0,0.028116358,0.0,0.0065515707,0.0,0.0027437352,3.8427751e-16,4.6707414e-06
1.0778486999999998e-18,2.1286643e-17,1.04684254e-07,2.9855958e-09,0.0,0.0030224295,4.0088163e-33,0.00012613315,5.143477e-16,1.9457746e-05,0.0,0.009509636,0.0,0.040708836,0.0,0.040648784,1.6693305000000003e-16,0.022659007,0.0,0.023082431,0.0,0.0060371286,0.0,0.002509278,3.7294863e-16,4.702476e-06
1.0551979e-18,2.79165e-17,7.50603e-08,6.5985883e-09,0.0,0.0025585722,8.215625e-33,2.6766686e-05,5.573297300000001e-16,2.0688076e-05,0.0,0.0021659117,0.0,0.0061040022,0.0,0.03690637,1.7396183e-16,0.032623682,0.0,0.025405116,0.0,0.00521283,0.0,0.0021749611,3.687887e-16,4.487108e-06
1.0551973e-18,3.4276410000000005e-17,7.493526e-08,1.7013917e-08,0.0,0.0022648901,8.283852000000001e-33,1.4661202e-05,5.7551357e-16,2.0528134e-05,0.0,0.002532933,0.0,0.015968772,0.0,0.03383989,1.8008459000000002e-16,0.022768643,0.0,0.018760132,0.0,0.004412475,0.0,0.0017986746,3.7484583e-16,2.8962374e-06
1.0511871e-18,4.2159513e-17,6.48092e-08,2.7844944e-08,0.0,0.0022019066,8.7355886e-33,1.1501893e-05,6.4803145e-16,2.8289685e-05,0.0,0.0061896867,0.0,0.030859193,0.0,0.03233905,1.9158024e-16,0.04302215,0.0,0.021746695,0.0,0.003774936,0.0,0.0015042447,3.633733e-16,2.148481e-06
1.0427278e-18,4.7300507000000003e-17,5.0011213e-08,1.7823986e-08,0.0,0.0016272367,5.7476608e-33,5.0822473e-05,6.459696e-16,1.7890094e-05,0.0,0.0027409454,0.0,0.00430555,0.0,0.027083319,1.8453926e-16,0.012681173,0.0,0.01458437,0.0,0.0030229802,0.0,0.0011754065,3.5531444000000004e-16,1.4023764e-06
1.0427274e-18,5.2403943e-17,4.99279e-08,3.4543493e-08,0.0,0.0016538615,7.8089375e-33,2.0689024e-05,6.113552e-16,1.8942756e-05,0.0,0.0034932417,0.0,0.00904208,0.0,0.025941726,1.966851e-16,0.04540097,0.0,0.018014811,0.0,0.002994954,0.0,0.0011477657,3.6168823e-16,1.438037e-06
1.0402457e-18,5.64577e-17,4.4850495e-08,3.2031267e-08,0.0,0.0013586364,6.0944934e-33,3.434632e-05,6.027189e-16,1.6257352e-05,0.0,0.0040317406,0.0,0.018486213,0.0,0.022658389,1.9238972e-16,0.0078089354,0.0,0.011724147,0.0,0.0021374065,0.0,0.0007999478,3.6262047e-16,8.998079e-07
1.0113008e-18,6.033582000000001e-17,2.7900656e-08,2.3352056e-08,0.0,0.0011787763,5.3247170000000004e-33,4.0814906e-05,1.6748524e-16,2.2464103e-05,0.0,0.0045891525,0.0,0.010645756,0.0,0.020177828,2.0872521e-16,0.019727232,0.0,0.011449538,0.0,0.0021406526,0.0,0.00073886674,3.5554878e-16,7.210449e-07
1.008894e-18,6.32217e-17,2.5135678e-08,2.4384889e-08,0.0,0.0009137396,5.677922e-33,1.8726254e-05,5.159156e-16,1.3668434e-05,0.0,0.0028401245,0.0,0.017188124,0.0,0.016878383,2.1387207e-16,0.018037343,0.0,0.009110253,0.0,0.0014883316,0.0,0.0005212984,3.5450303000000004e-16,4.346677e-07
1.006493e-18,2.3751928e-15,2.2582762e-08,1.68329e-08,0.0,0.00081749994,6.928618e-33,7.633191e-06,4.6545165e-16,1.2335941e-05,0.0,0.0030093733,0.0,0.009680969,0.0,0.015197807,2.2127742e-16,0.02518457,0.0,0.007302872,0.0,0.0011796588,0.0,0.00039401156,3.5115204e-16,2.7592657e-07
1.0064928e-18,6.7123834e-17,2.254514e-08,1.0082993e-08,0.0,0.0007657646,3.798683000000001e-33,3.194294e-05,6.0663785e-16,1.0388186e-05,0.0,0.0042812424,0.0,0.016109435,0.0,0.013765648,2.211075e-16,0.024890186,0.0,0.0072227563,0.0,0.0009778118,0.0,0.00033801663,3.5339686e-16,2.5235542e-07
1.0064927e-18,6.9881105e-17,2.2507582e-08,1.028913e-08,0.0,0.00075319107,3.5470050000000005e-33,8.728275e-05,5.7677703e-16,1.6211367e-05,0.0,0.0048635285,0.0,0.016755808,0.0,0.012864795,2.1792542e-16,0.02962659,0.0,0.009029649,0.0,0.0013196515,0.0,0.00047011525,3.5341407e-16,4.0308996e-07
9.672717e-19,7.192515400000001e-17,1.3131576e-08,1.16820145e-08,0.0,0.0005800446,1.6799745e-33,5.022665e-05,5.032808e-16,1.5037397e-05,0.0,0.0033435936,0.0,0.008513188,0.0,0.010481539,2.1053799e-16,0.016825154,0.0,0.006073544,0.0,0.00077105896,0.0,0.00028118718,3.4981958e-16,2.4963558e-07
9.605518999999998e-19,7.3956213e-17,1.0471998e-08,2.809117e-08,0.0,0.0005216672,6.965112e-33,4.516389e-06,4.966117e-16,1.7133683e-05,0.0,0.004818879,0.0,0.015789812,0.0,0.009500634,2.1204618e-16,0.03215303,0.0,0.006343411,0.0,0.0010581552,0.0,0.000382474,3.4562698e-16,4.3463564e-07
9.35849e-19,8.935235e-15,7.528864e-09,3.305561e-08,0.0,0.0005258765,4.363817e-33,5.9715712e-05,5.180572600000001e-16,2.0540374e-05,0.0,0.0028652987,0.0,0.019787503,0.0,0.008946345,2.065649e-16,0.017643262,0.0,0.0071103033,0.0,0.00091459166,0.0,0.00034958686,3.5991438e-16,4.3803232e-07
9.358489e-19,7.942705e-17,7.516321e-09,2.4107106e-08,0.0,0.0004836631,2.9891679e-33,8.44521e-05,4.996591e-16,2.7735183e-05,0.0,0.0046794456,0.0,0.015305843,0.0,0.008053408,2.1133014e-16,0.040893827,0.0,0.0074703554,0.0,0.0010924605,0.0,0.0004012327,3.580044e-16,4.5432367e-07
9.358489e-19,8.189535000000001e-17,7.5037985e-09,2.0021835e-08,0.0,0.00047250802,4.686095e-33,4.826126e-05,7.714215e-16,2.3579332e-05,0.0,0.007592704,0.0,0.020994207,0.0,0.007610892,2.0833963e-16,0.021530438,0.0,0.008192534,0.0,0.0006946718,0.0,0.00027168993,3.543645e-16,3.3567096e-07
9.358488e-19,1.5151294e-15,7.491297e-09,1.8532916e-08,0.0,0.00039227208,4.17442e-33,3.6304715e-05,6.256908500000002e-16,2.2163653e-05,0.0,0.0023057817,0.0,0.0064709787,0.0,0.0066150785,2.145132e-16,0.020757062,0.0,0.0072448524,0.0,0.00074261427,0.0,0.00026766336,3.5426192e-16,3.0531942e-07
9.358488e-19,8.142311700000001e-16,7.478818e-09,1.5624233e-08,0.0,0.000437794,2.4295554e-33,9.414305e-05,6.245974e-16,1.7542457e-05,0.0,0.0029663087,0.0,0.023761932,0.0,0.006720576,2.2798786e-16,0.038417347,0.0,0.008986874,0.0,0.0006489429,0.0,0.0002472784,3.5849036e-16,3.3785415e-07
9.358487e-19,8.744783e-17,7.466358e-09,9.487856e-09,0.0,0.00041234074,1.24784575e-33,0.00020215483,6.230491700000001e-16,1.9722936e-05,0.0,0.0066749984,0.0,0.013110365,0.0,0.006244317,2.362045e-16,0.008151884,0.0,0.0059684757,0.0,0.0007038516,0.0,0.0002562846,3.5587208e-16,2.7678564e-07
9.358487e-19,9.067209e-17,7.453919e-09,6.6388655e-09,0.0,0.00045501904,3.4356738e-34,0.00018231406,7.356557e-16,2.5064044e-05,0.0,0.00706961,0.0,0.042916413,0.0,0.006387023,2.6929173e-16,0.046025787,0.0,0.008186517,0.0,0.0005524586,0.0,0.0002143388,3.5652014e-16,2.4552813e-07
9.358486e-19,9.303917e-17,7.441501e-09,2.3103839e-09,0.0,0.00036061803,3.2478593e-33,3.1615997e-05,7.550681e-16,1.9150651e-05,0.0,0.006129757,0.0,0.0059751812,0.0,0.0055396263,2.6346404e-16,0.009746955,0.0,0.00728141,0.0,0.00076355215,0.0,0.00027639826,3.5444022e-16,2.6047516e-07
9.291992e-19,9.5235686e-17,6.2979626e-09,7.5815193e-10,0.0,0.00033496175,4.0580860000000003e-33,1.8398658e-05,6.849662e-16,1.8943274e-05,0.0,0.0058424734,0.0,0.013793841,0.0,0.005368703,2.7729945000000004e-16,0.0337757,0.0,0.009072336,0.0,0.0005665304,0.0,0.00023094603,3.5715843e-16,2.5572436e-07
9.291992e-19,9.712153e-17,6.2874705e-09,2.950086e-09,0.0,0.00030833654,2.8039473e-33,7.325122e-05,6.943388500000002e-16,2.0750897e-05,0.0,0.0042050136,0.0,0.027467279,0.0,0.0051532327,2.6290558e-16,0.0120030055,0.0,0.0064222976,0.0,0.00070556597,0.0,0.00027231904,3.4692913e-16,3.24215e-07
9.22597e-19,1.9106393e-15,5.2668145e-09,8.129202e-09,0.0,0.00031658664,3.2594772e-33,6.2461375e-05,4.2205897e-16,2.3529365e-05,0.0,0.007257916,0.0,0.007939776,0.0,0.0052425703,2.7256856e-16,0.04821629,0.0,0.00827861,0.0,0.0005964703,0.0,0.00023258325,3.4148e-16,3.1473326e-07
9.22597e-19,1.6975629e-15,5.2580402e-09,5.8712177e-09,0.0,0.00039673306,2.4799432e-33,0.0001298297,2.8055605000000004e-16,2.3834571e-05,0.0,0.004844222,0.0,0.03502203,0.0,0.005805609,2.6418153e-16,0.012420577,0.0,0.0073304665,0.0,0.0008629639,0.0,0.00032233732,3.4284074000000003e-16,3.935646e-07
9.225969e-19,1.0095273e-16,5.24928e-09,2.3979432e-09,0.0,0.00038202517,3.3286532e-33,6.157801e-05,4.4361773e-16,1.4539297e-05,0.0,0.008581979,0.0,0.0077668093,0.0,0.005613626,2.872782e-16,0.08272924,0.0,0.007034676,0.0,0.0005030044,0.0,0.0002046541,3.38443e-16,2.7878502e-07
8.990104999999999e-19,6.501503e-14,5.561209e-09,1.33362e-09,0.0,0.00036339194,3.3163157e-33,7.2149036e-05,6.244523e-16,1.6825343e-05,0.0,0.0039690686,0.0,0.020848827,0.0,0.00548647,2.5260706e-16,0.011466727,0.0,0.0075922743,0.0,0.00061684527,0.0,0.00023377918,3.3110552000000004e-16,2.572694e-07
8.990104999999999e-19,3.881549e-14,5.5519442e-09,9.770674e-10,0.0,0.00034138028,2.4739496e-33,8.266354e-05,7.336880300000002e-16,1.7063598e-05,0.0,0.0054401406,0.0,0.010221114,0.0,0.005376449,2.7801262000000003e-16,0.048223346,0.0,0.0084346505,0.0,0.0005502395,0.0,0.00022008436,3.238228e-16,2.717912e-07
8.990104999999999e-19,1.0435753e-16,5.5426947e-09,5.9725447e-10,0.0,0.00031068528,2.1707487e-33,9.4360876e-05,6.389849e-16,1.8555547e-05,0.0,0.0037679,0.0,0.017603304,0.0,0.005073743,2.613956e-16,0.015049805,0.0,0.007913336,0.0,0.0009654357,0.0,0.00036705303,3.1381345000000003e-16,4.234576e-07
8.990103999999998e-19,1.0496858e-16,5.5334604e-09,3.2590776e-08,0.0,0.00045205944,2.8644904e-33,0.00013934272,5.283396600000001e-16,2.279421e-05,0.0,0.012487819,0.0,0.018459484,0.0,0.006202717,2.7397974e-16,0.081921436,0.0,0.012354538,0.0,0.00081542815,0.0,0.0003506829,3.1617138e-16,7.826636e-07
8.6596303e-19,1.05037234e-16,1.0249825e-08,7.5412544e-08,0.0,0.0005203968,3.0099747e-33,0.00024089034,6.741638e-16,2.1917569e-05,0.0,0.0077445162,0.0,0.015054713,0.0,0.0065965713,2.430058e-16,0.011469877,0.0,0.0044025015,0.0,0.0014846226,0.0,0.00058823294,3.1378764000000005e-16,1.0870792e-06
8.65963e-19,1.048474e-16,1.0232748e-08,6.913892e-08,0.0,0.0005357813,2.2698002e-33,0.0007611299,6.923594400000002e-16,2.5441785e-05,0.0,0.009531278,0.0,0.05129939,0.0,0.0066497107,2.6475436e-16,0.08432098,0.0,0.0085281795,0.0,0.0010617232,0.0,0.00048062403,3.0197455e-16,1.16924e-06
8.659628699999999e-19,1.04611375e-16,1.02157e-08,5.3020006e-08,0.0,0.0005413387,2.2222644e-33,0.000510286,7.6005696e-16,2.8573366e-05,0.0,0.005338485,0.0,0.010004739,0.0,0.0067061507,2.2677052000000004e-16,0.011033756,0.0,0.014102082,0.0,0.0013151831,0.0,0.000571146,2.956751e-16,1.3923843e-06
8.659628e-19,1.0455216e-16,1.0198681e-08,3.2776303e-08,0.0,0.0005432754,2.2428260000000002e-33,0.0004160641,8.996787e-16,1.8416435e-05,0.0,0.012205069,0.0,0.042318042,0.0,0.0068491036,2.4395137e-16,0.049717985,0.0,0.005516115,0.0,0.00101793,0.0,0.0004693424,2.852606e-16,1.3722425e-06
8.4579016e-19,1.0445201e-16,1.2835507e-08,2.2940258e-08,0.0,0.0005901878,2.3872307e-33,0.00055672677,7.466987e-16,1.45650665e-05,0.0,0.0039847284,0.0,0.0073835235,0.0,0.0071574794,2.2502428e-16,0.032581165,0.0,0.014536445,0.0,0.0015850683,0.0,0.00068576465,2.8249716e-16,1.775263e-06
8.401660999999999e-19,1.0449326e-16,1.27692505e-08,2.570144e-08,0.0,0.0006813278,1.33712345e-33,0.00092573394,7.896008e-16,1.6344658e-05,0.0,0.009541476,0.0,0.05290959,0.0,0.0076857363,2.0772787e-16,0.0126685295,0.0,0.0049840296,0.0,0.0013365506,0.0,0.0006460666,2.79043e-16,2.3005928e-06
7.953278e-19,2.5884903e-15,4.3120394e-08,4.6321897e-08,0.0,0.00079385587,2.2080052e-33,0.0010972511,5.924468700000002e-16,2.2348539e-05,0.0,0.009933746,0.0,0.015025883,0.0,0.008296144,2.101632e-16,0.108450174,0.0,0.01142591,0.0,0.0024375143,0.0,0.0010901247,2.7503822e-16,3.1652764e-06
7.923834e-19,1.0364898999999999e-16,3.9497085e-08,7.151098e-08,0.0,0.00090907677,1.1825664e-33,0.0021172264,7.8773074e-16,1.5340633e-05,0.0,0.006853633,0.0,0.055409055,0.0,0.009056035,1.6646077e-16,0.019737346,0.0,0.010073546,0.0,0.0028222841,0.0,0.0013344877,2.7150183000000004e-16,4.653539e-06
7.923831999999999e-19,2.2831915e-15,3.943128e-08,8.584836e-08,0.0,0.0010220192,1.7346355e-33,0.00109271,5.473912300000001e-16,2.7970093e-05,0.0,0.032107554,0.0,0.019761546,0.0,0.009815331,1.6849701000000002e-16,0.109087706,0.0,0.02929478,0.0,0.003065239,0.0,0.0015968815,2.642953e-16,8.005102e-06
7.723950000000002e-19,1.0205717e-16,6.180989e-08,1.0677261e-07,0.0,0.0012231688,1.2571404e-33,0.0025440804,5.670994600000001e-16,2.6571463e-05,0.0,0.016940212,0.0,0.07924428,0.0,0.010865197,1.3474226e-16,0.016140273,0.0,0.009627738,0.0,0.0064434055,0.0,0.0032764925,2.6200481000000004e-16,1.5502455e-05
7.558985999999999e-19,2.6785748e-15,7.578538e-08,7.5590926e-08,0.0,0.0013134093,1.1141179e-33,0.0024783597,4.673403e-16,2.8991253e-05,0.0,0.014243192,0.0,0.04835853,0.0,0.011193322,1.4484922000000002e-16,0.17014854,0.0,0.035743844,0.0,0.0044972803,0.0,0.0023859793,2.5784128000000003e-16,1.6229129e-05
7.558980999999999e-19,1.00007565e-16,7.5659116e-08,8.0543124e-08,0.0,0.0012512527,1.7821315e-33,0.0016811637,4.752324e-16,3.317056e-05,0.0,0.005878854,0.0,0.008522917,0.0,0.0109459385,1.06274167e-16,0.051560022,0.0,0.013368147,0.0,0.00419958,0.0,0.0021982035,2.538689e-16,1.5840686e-05
7.4348363e-19,1.3462496e-15,7.976121e-08,1.14843495e-07,0.0,0.0012960831,1.4912787e-33,0.0048377155,4.0956034e-16,4.1219508e-05,0.0,0.042597663,0.0,0.0731158,0.0,0.011270456,1.1038801e-16,0.025382329,0.0,0.013072995,0.0,0.004231893,0.0,0.002268808,2.4287929000000004e-16,1.6116775e-05
7.4348317e-19,2.4017962e-15,7.962832e-08,1.1220218e-07,0.0,0.0015145739,1.9379196e-33,0.0021945355,3.022334e-16,4.4217195e-05,0.0,0.029241033,0.0,0.028406933,0.0,0.012259418,1.1506714e-16,0.10936646,0.0,0.014318788,0.0,0.0070654396,0.0,0.003770436,2.3535705000000003e-16,2.2608016e-05
7.434827e-19,1.5533262e-15,7.949565e-08,1.8647147e-07,0.0,0.0015554761,1.8670219e-33,0.0032054184,2.858464e-16,4.5824287e-05,0.0,0.021944366,0.0,0.039464913,0.0,0.012455698,8.4331977e-17,0.024773244,0.0,0.026192391,0.0,0.005765123,0.0,0.0031668977,2.3770638000000003e-16,2.270228e-05
7.434822999999999e-19,9.1878524e-17,7.9363204e-08,2.9586604e-07,0.0,0.0016559006,1.7856662999999998e-33,0.0021025166,2.3026212000000003e-16,4.7718488e-05,0.0,0.009940809,0.0,0.050546154,0.0,0.01304451,9.410174e-17,0.13948758,0.0,0.013239825,0.0,0.00601652,0.0,0.003301066,2.3672898000000004e-16,2.1442318e-05
7.3819935e-19,4.8031263e-16,9.012252e-08,2.755883e-07,0.0,0.0017924387,1.3559041e-33,0.0040115835,2.419784e-16,4.1174444e-05,0.0,0.05164279,0.0,0.025671469,0.0,0.01368802,5.9842103e-17,0.05378496,0.0,0.022454105,0.0,0.0053707426,0.0,0.0029992638,2.3490757e-16,2.3253304e-05
7.346938999999999e-19,1.7981379e-15,1.013628e-07,3.88295e-07,0.0,0.002142788,1.0844109e-33,0.008353067,2.0821894000000003e-16,4.3500866e-05,0.0,0.041606873,0.0,0.1527279,0.0,0.0151849985,6.702875e-17,0.04757495,0.0,0.029996596,0.0,0.009905571,0.0,0.0056423317,2.2920563000000003e-16,4.406811e-05
7.3294504e-19,8.591903e-17,1.0690109e-07,1.5202634e-06,0.0,0.0023106756,9.192002e-34,0.0058241,2.6591006e-16,5.45932e-05,0.0,0.03443923,0.0,0.13013504,0.0,0.015851311,6.4380824e-17,0.014795014,0.0,0.019359965,0.0,0.006799935,0.0,0.003975731,2.2194099e-16,5.0413804e-05
7.226026999999999e-19,9.807566e-16,1.7411483e-07,1.1255323e-06,0.0,0.0022522458,9.210345e-34,0.0103989085,2.3491207000000003e-16,5.2415417e-05,0.0,0.016039735,0.0,0.0537896,0.0,0.015833449,7.162831e-17,0.23629728,0.0,0.010924152,0.0,0.008927097,0.0,0.0050321794,2.2008656e-16,5.637681e-05
7.095192399999999e-19,1.4441934e-15,2.5418754e-07,5.680222e-07,0.0,0.002442226,1.45751785e-33,0.0020336774,1.6608134e-16,5.111499e-05,0.0,0.0071612196,0.0,0.026200688,0.0,0.016561246,3.8189906000000004e-17,0.091172405,0.0,0.055598892,0.0,0.005554085,0.0,0.0034058997,2.1466171e-16,6.000209e-05
6.909459299999999e-19,2.732214e-16,4.0638562e-07,5.353372e-07,0.0,0.002705677,1.35400575e-33,0.004260923,1.9193282e-16,4.8641174e-05,0.0,0.103956826,0.0,0.21498272,0.0,0.017501352,4.4635387000000004e-17,0.0338299,0.0,0.034254733,0.0,0.011859016,0.0,0.0069066994,2.0607071e-16,7.990695e-05
6.892997e-19,7.628119000000001e-17,3.9747346e-07,8.328157e-07,0.0,0.0033117123,1.2053908e-33,0.0034599619,3.2146396000000003e-16,5.9964546e-05,0.0,0.11150996,0.0,0.14519969,0.0,0.019591743,4.7955313000000004e-17,0.027680669,0.0,0.014657378,0.0,0.009003935,0.0,0.0056621195,2.02123e-16,0.000112674286
6.86025e-19,7.3487884e-17,4.3480122e-07,4.976942e-06,0.0,0.0039420654,6.980507e-34,0.016238466,4.2712012000000005e-16,7.388319e-05,0.0,0.11549926,0.0,0.06922151,0.0,0.021771124,5.3511747e-17,0.19468904,0.0,0.09214082,0.0,0.011254061,0.0,0.006971427,1.9838226e-16,0.00016464254
6.860226999999999e-19,1.971541e-16,4.3407678e-07,4.725448e-06,0.0,0.0040732673,9.638832e-34,0.0020050092,3.209293e-16,8.2988634e-05,0.0,0.08313149,0.0,0.10054727,0.0,0.02259585,2.3567365e-17,0.110382624,0.0,0.07966371,0.0,0.008027887,0.0,0.0051848358,1.9350253000000003e-16,0.00024894375
6.827633999999999e-19,4.6002206000000015e-16,5.111484e-07,3.3813762e-06,0.0,0.004710737,7.842882999999999e-34,0.017309919,2.839419e-16,7.076733e-05,0.0,0.0503251,0.0,0.104850836,0.0,0.02470075,2.5109630000000002e-17,0.029568108,0.0,0.055370584,0.0,0.016801124,0.0,0.010562,1.8626293e-16,0.0007175574
6.8113614e-19,6.50296e-17,5.5659865e-07,6.7915284e-06,0.0,0.0053107445,6.9725825e-34,0.019824097,2.5839632000000004e-16,7.2240895e-05,0.0,0.02227451,0.0,0.059107743,0.0,0.026941307,3.5119435e-17,0.17535032,0.0,0.027893664,0.0,0.013441131,0.0,0.009134802,1.7618881000000003e-16,0.0064000147
6.3563035e-19,6.205808e-17,3.9590163e-06,2.0041962e-05,0.0,0.0059269317,5.8890357e-34,0.021881606,2.145747e-16,8.4237996e-05,0.0,0.01616084,0.0,0.017588824,0.0,0.029227559,2.2879844e-17,0.17918096,0.0,0.025539089,0.0,0.012586308,0.0,0.008414032,1.6875077e-16,0.031504985
6.039483e-19,5.8735336e-17,4.584764e-06,3.029022e-05,0.0,0.0067280233,6.2992200000000015e-34,0.026078882,2.1140825e-16,9.649342e-05,0.0,0.051093675,0.0,0.35233974,0.0,0.032027006,1.7842512e-17,0.17240974,0.0,0.021894416,0.0,0.016526736,0.0,0.010824584,1.5849081e-16,0.009335265
5.9401375e-19,6.8496913e-16,3.856013e-06,2.8089433e-05,0.0,0.0075172684,4.5845809999999995e-34,0.020245686,1.9146417e-16,7.854832e-05,0.0,0.03708728,0.0,0.20316571,0.0,0.034716625,1.764916e-17,0.15095474,0.0,0.09941754,0.0,0.013672416,0.0,0.009378773,1.4507375000000002e-16,0.037900418
5.939960999999999e-19,5.2938236e-17,3.849587e-06,8.8548426e-05,0.0,0.008708081,2.5946416e-34,0.033177126,2.0659954000000003e-16,9.087222e-05,0.0,0.2843496,0.0,0.13258548,0.0,0.03819823,2.5521108e-17,0.25602484,0.0,0.061276224,0.0,0.023917586,0.0,0.01599019,1.3689842e-16,0.017292177
5.132252999999999e-19,6.428508e-16,1.9934045e-05,0.00040225312,0.0,0.010045823,3.5931265e-34,0.05645882,1.6043912e-16,0.0001335846,0.0,0.27748314,0.0,0.05622498,0.0,0.042331148,1.6119025e-17,0.22652867,0.0,0.036679395,0.0,0.017200936,0.0,0.012233829,1.314215e-16,0.02704171
4.988932999999999e-19,7.139441700000002e-16,1.2160301e-05,0.005501868,0.0,0.009936827,3.4777726e-34,0.020541487,1.3541782e-16,0.00050041184,0.0,0.2156894,0.0,0.10218294,0.0,0.044156965,1.1151798e-17,0.17041615,0.0,0.031982765,0.0,0.02741932,0.0,0.018813092,1.2116711e-16,0.054956958
4.665352e-19,9.304748e-16,1.4324586e-05,0.00826965,0.0,0.011882165,1.8648748e-34,0.06027286,1.050978e-16,0.0009127204,0.0,0.21224387,0.0,0.09999428,0.0,0.049296636,1.1508139e-17,0.111998335,0.0,0.05462496,0.0,0.021725763,0.0,0.015546898,8.831756000000001e-17,0.04793665
4.273787e-19,1.2101563e-15,2.3300652e-05,0.013519112,0.0,0.013977939,1.5146021e-34,0.04397333,7.6375525e-17,0.0014639829,0.0,0.16552514,0.0,0.03709642,0.0,0.054770067,1.6878523e-17,0.072670095,0.0,0.03996388,0.0,0.039102934,0.0,0.02720401,8.9023864e-17,0.10600304
3.8646018e-19,1.1120357e-15,2.7331947e-05,0.023728352,0.0,0.013922,2.2988842e-34,0.054377127,4.7499447e-17,0.00096000015,0.0,0.11238302,0.0,0.11374557,0.0,0.056973293,2.1724193e-17,0.104727164,0.0,0.0438805,0.0,0.027713858,0.0,0.019967562,3.864652e-17,0.12545966
3.7966554e-19,4.3463524e-16,1.8856168e-05,0.015313807,0.0,0.014702996,1.2965892e-34,0.01802177,6.083369000000001e-17,0.001738619,0.0,0.1165306,0.0,0.17844439,0.0,0.060561318,2.3584767e-17,0.054848164,0.0,0.041733164,0.0,0.025912182,0.0,0.018523686,3.2864054e-17,0.052855458
3.5796895e-19,8.140652600000001e-16,2.0065552e-05,0.018341776,0.0,0.016016213,1.5658492e-34,0.036618635,4.6074364e-17,0.0021683422,0.0,0.09296338,0.0,0.12338801,0.0,0.06512042,3.8669270000000003e-17,0.04391249,0.0,0.06226493,0.0,0.037803728,0.0,0.026274875,3.9117103e-17,0.07575895
3.1836672e-19,7.942069e-16,3.9398004e-05,0.012983117,0.0,0.018078178,1.2158133e-34,0.015252082,4.0754815e-17,0.0014169076,0.0,0.05126282,0.0,0.07175987,0.0,0.071026966,4.0201633e-17,0.02889214,0.0,0.04956907,0.0,0.031019522,0.0,0.022445934,3.1603977e-17,0.1053563
3.1327814e-19,5.852469300000002e-16,2.7876547e-05,0.032928016,0.0,0.020093339,1.4317018e-34,0.04162493,3.4289005e-17,0.0035822645,0.0,0.077170104,0.0,0.4832568,0.0,0.0771781,3.9808593e-17,0.13858438,0.0,0.056033917,0.0,0.043924913,0.0,0.031548586,3.526755e-17,0.058522347
2.9227246e-19,4.583504400000002e-16,3.223917e-05,0.0075113927,0.0,0.020661838,9.223349399999999e-35,0.019571397,2.778971e-17,0.005857588,0.0,0.05900208,0.0,0.30932495,0.0,0.081284665,3.3690580000000005e-17,0.10565915,0.0,0.057270706,0.0,0.037070785,0.0,0.026662452,3.9074904e-17,0.07974396
2.5460485e-19,2.3502155000000004e-16,5.6931844e-05,0.016160358,0.0,0.02203586,1.1947412e-34,0.052781157,2.0699715e-17,0.009160951,0.0,0.035698917,0.0,0.20247799,0.0,0.08680328,2.8784386e-17,0.08115873,0.0,0.06489209,0.0,0.05208507,0.0,0.037059754,2.815464e-17,0.037202228
2.485973e-19,1.6133246e-17,3.668296e-05,0.03435997,0.0,0.02384991,9.271174e-35,0.018427284,1.8369415e-17,0.017174887,0.0,0.32324123,0.0,0.21643661,0.0,0.093032174,2.4505267e-17,0.054607864,0.0,0.067187406,0.0,0.045540936,0.0,0.03317778,3.1064804e-17,0.018847195
2.3886844e-19,2.98987e-16,3.198341e-05,0.011922145,0.0,0.026423061,9.5798083e-35,0.09114997,1.2247049e-17,0.06773176,0.0,0.33329326,0.0,0.13003445,0.0,0.10011744,2.2832582e-17,0.10955148,0.0,0.072487175,0.0,0.05083092,0.0,0.03713699,3.3520224e-17,0.12562707
2.3326367e-19,1.6979789e-16,2.7179363e-05,0.033207532,0.0,0.02770727,5.91952e-35,0.05675445,9.9024455e-18,0.02996618,0.0,0.2672215,0.0,0.06752182,0.0,0.10600327,9.906245e-18,0.05672636,0.0,0.0758182,0.0,0.05016167,0.0,0.036658086,2.5559785e-17,0.05964251
2.321126e-19,1.10756844e-16,2.4359388e-05,0.01549778,0.0,0.029312376,6.4436146e-35,0.07745273,9.167280000000001e-18,0.017216438,0.0,0.2049875,0.0,0.07027375,0.0,0.11206311,7.8270625e-18,0.18427952,0.0,0.080377795,0.0,0.064904824,0.0,0.047027364,2.73773e-17,0.018953536
2.1079882e-19,2.8531497000000004e-16,6.6915505e-05,0.02694892,0.0,0.03325979,5.306554e-35,0.05391488,6.6291412e-18,0.039050035,0.0,0.1369248,0.0,0.025080174,0.0,0.12052008,6.871202e-18,0.18107787,0.0,0.087991975,0.0,0.062295746,0.0,0.04665653,3.213953e-17,0.14743063
2.1069045e-19,8.171871e-18,6.6803885e-05,0.010363007,0.0,0.034690026,5.735142e-35,0.088101506,2.6386858e-17,0.015211995,0.0,0.10183014,0.0,0.22597295,0.0,0.1270052,3.7164576e-18,0.12747385,0.0,0.09069057,0.0,0.06170468,0.0,0.045170844,1.4400587e-17,0.08539022
2.0400646e-19,7.588316e-18,5.2061732e-05,0.029492017,0.0,0.036838483,2.4597523e-35,0.031063713,3.7736545000000004e-17,0.038904402,0.0,0.066671215,0.0,0.13847017,0.0,0.13349931,2.4280534e-18,0.053692743,0.0,0.09644835,0.0,0.07467875,0.0,0.05448214,1.2786445e-17,0.0633091
1.9947155e-19,3.6501358e-16,4.466446e-05,0.016710192,0.0,0.039208174,2.680332e-35,0.036562316,2.7437114e-17,0.009338253,0.0,0.030742103,0.0,0.055506635,0.0,0.14051631,2.3181373e-18,0.035185512,0.0,0.102236375,0.0,0.071429424,0.0,0.053385913,1.568898e-17,0.012313624
1.947307e-19,2.0672268e-16,4.3548815e-05,0.045477852,0.0,0.04228392,2.96737e-35,0.020415751,2.2442264000000002e-17,0.069903225,0.0,0.2673772,0.0,0.05004481,0.0,0.14812846,2.278001e-18,0.061107147,0.0,0.10593123,0.0,0.075405054,0.0,0.055357046,1.8601057e-17,0.14059158
1.7802902e-19,2.3098626e-16,0.00010410251,0.018718662,0.0,0.045319274,1.8164717e-35,0.026207162,1.5559974e-17,0.0231597,0.0,0.27647942,0.0,0.024913404,0.0,0.15524246,1.480588e-18,0.08855735,0.0,0.11142607,0.0,0.0796132,0.0,0.05856353,1.3105438e-17,0.059250988
1.6253634e-19,4.066257799999999e-18,0.00014366265,0.022181822,0.0,0.04978906,8.2297426e-36,0.039443377,5.6726134e-17,0.026049333,0.0,0.25541607,0.0,0.13906589,0.0,0.16387029,1.2611747e-18,0.2082288,0.0,0.119888075,0.0,0.08916511,0.0,0.06690689,1.490211e-17,0.010153451
1.46903e-19,3.6317555e-18,0.00020211388,0.027101563,0.0,0.053164024,1.9108395e-35,0.07779534,6.7615576e-17,0.054829933,0.0,0.17948282,0.0,0.06913525,0.0,0.1714057,8.017258999999999e-19,0.23364516,0.0,0.12614389,0.0,0.09188181,0.0,0.06957253,1.7739098e-17,0.12661324
1.4266593e-19,1.553193e-16,0.00015498362,0.0107904775,0.0,0.054347597,1.511362e-35,0.077069126,4.969971e-17,0.014068473,0.0,0.13199149,0.0,0.43833667,0.0,0.17754625,2.8709032e-19,0.19922486,0.0,0.13248378,0.0,0.10357064,0.0,0.07854643,1.2811001e-17,0.048689242
1.4183679e-19,2.9323156000000003e-18,0.00014693885,0.032234658,0.0,0.05832897,1.10438605e-35,0.13004164,3.9268484e-17,0.054019168,0.0,0.075405695,0.0,0.2186482,0.0,0.18467073,2.0530285e-19,0.132147,0.0,0.14028907,0.0,0.10780117,0.0,0.08328709,1.4421571e-17,0.06139581
1.4167669999999998e-19,2.5027212e-18,0.0001466937,0.010734224,0.0,0.061106395,1.4505508e-35,0.09691412,4.8106492e-17,0.014852909,0.0,0.03996426,0.0,0.129589,0.0,0.19121273,2.2182262e-19,0.04558676,0.0,0.14448224,0.0,0.11573106,0.0,0.08903035,1.13340685e-17,0.09079028
1.4118970999999998e-19,4.793837000000001e-17,0.00022365768,0.02620429,0.0,0.061341163,2.0911178e-35,0.14635149,3.69142e-17,0.059501447,0.0,0.18480863,0.0,0.055707816,0.0,0.19592926,3.0877523e-19,0.028183982,0.0,0.15007514,0.0,0.119159706,0.0,0.092773706,1.3324577e-17,0.11353057
1.4014062e-19,8.253147600000001e-17,0.00019445983,0.020308195,0.0,0.06388273,1.1957801e-35,0.08310233,3.0170298e-17,0.01631158,0.0,0.18017133,0.0,0.09791634,0.0,0.20108125,3.9826345e-19,0.2727006,0.0,0.15426473,0.0,0.1259203,0.0,0.097628765,9.4616765e-18,0.034841422
1.259731e-19,2.9160844e-18,0.0016947201,0.020031404,0.0,0.06610452,7.83093e-36,0.06532745,2.4370721e-17,0.03864218,0.0,0.14849064,0.0,0.30808443,0.0,0.20582773,4.004832e-19,0.20715107,0.0,0.15948322,0.0,0.130803,0.0,0.102347694,1.0147059e-17,0.033597108
1.1524310999999998e-19,1.6329515e-18,0.026445312,0.026426164,0.0,0.06582064,9.2726996e-36,0.05608439,2.3738439e-17,0.02048345,0.0,0.09762656,0.0,0.16060837,0.0,0.20926188,3.5386438e-19,0.13806142,0.0,0.16182111,0.0,0.13711911,0.0,0.107275724,1.2147546e-17,0.06679544
9.288766e-20,1.726644e-16,0.014694612,0.01535854,0.0,0.06708405,9.789777e-36,0.065378584,1.6446668e-17,0.04850627,0.0,0.050461713,0.0,0.08780985,0.0,0.21301983,4.1791987e-19,0.062533766,0.0,0.16640076,0.0,0.1397144,0.0,0.11079339,9.552649e-18,0.06617269
8.296833999999999e-20,8.842349e-17,0.014670092,0.02033386,0.0,0.0667654,5.341338e-36,0.052167054,1.2745540000000001e-17,0.017657634,0.0,0.017124232,0.0,0.041268922,0.0,0.21575232,5.004632e-19,0.041685015,0.0,0.168333,0.0,0.14478736,0.0,0.114691265,1.09582174e-17,0.027657216
7.4806796e-20,1.049289e-16,0.010536188,0.034385756,0.0,0.066695675,6.9305616e-36,0.054498665,1.0199905e-17,0.05323638,0.0,0.13929531,0.0,0.032112524,0.0,0.21824294,6.709003499999999e-19,0.06941664,0.0,0.17259009,0.0,0.14918922,0.0,0.119799525,1.2884631e-17,0.061453942
6.917541e-20,4.2671882e-17,0.0058849957,0.012290662,0.0,0.068149544,4.603925e-36,0.029637108,7.358328e-18,0.026872542,0.0,0.13357261,0.0,0.07841167,0.0,0.22111891,2.4997746e-18,0.111733094,0.0,0.17495008,0.0,0.15316787,0.0,0.124190964,1.1620054e-17,0.030600926
6.611646e-20,7.147084e-17,0.005875176,0.017444303,0.0,0.07084579,2.7983294e-36,0.023196612,4.717659e-18,0.015781464,0.0,0.12466608,0.0,0.4291036,0.0,0.2241379,3.7176293e-18,0.08138646,0.0,0.17640927,0.0,0.15753578,0.0,0.12866354,1.3277046e-17,0.09137775
6.3197555e-20,4.1509474e-18,0.0058653727,0.050524976,0.0,0.07559191,3.1875193e-36,0.03455738,4.0214804e-18,0.043504562,0.0,0.08259948,0.0,0.21148412,0.0,0.22759873,3.2895335e-18,0.029550359,0.0,0.18137051,0.0,0.16386747,0.0,0.13557638,7.714577599999999e-18,0.08397321
5.9720185e-20,6.152736e-19,0.0026900307,0.017042095,0.0,0.07365681,3.042493e-36,0.03360443,8.498811e-18,0.017925214,0.0,0.037957404,0.0,0.103471264,0.0,0.2289506,3.348369e-18,0.112261936,0.0,0.18588208,0.0,0.16542509,0.0,0.13812494,7.225622e-18,0.016809719
5.7122877e-20,1.4968928e-16,0.0011891568,0.0114464285,0.0,0.07216087,2.6877102e-36,0.014355564,6.6396497e-18,0.018392365,0.0,0.018922338,0.0,0.091227554,0.0,0.23009078,1.5972017e-18,0.15082482,0.0,0.18391007,0.0,0.16618851,0.0,0.13942152,8.630501399999998e-18,0.10884049
5.043539999999999e-20,2.8870278e-17,0.0019057665,0.019118324,0.0,0.07288627,2.4443076e-36,0.038484104,4.855868e-18,0.030616747,0.0,0.100044295,0.0,0.031241335,0.0,0.23178439,9.584817999999998e-19,0.10605025,0.0,0.1851738,0.0,0.16779348,0.0,0.14108805,6.1877614e-18,0.032832976
4.452303e-20,4.692219e-19,0.03613088,0.02486655,0.0,0.075142704,1.8865441e-36,0.021393476,1.7031852e-17,0.009602089,0.0,0.1025512,0.0,0.32824388,0.0,0.23382403,1.1136757e-18,0.073953725,0.0,0.18860146,0.0,0.17186216,0.0,0.1455242,6.7434402e-18,0.053005747
3.4041332e-20,4.140936e-19,0.01758972,0.022748772,0.0,0.07555979,2.3976363e-36,0.04911219,1.6771012e-17,0.025547158,0.0,0.07667029,0.0,0.23776457,0.0,0.23507892,1.0902082999999998e-18,0.03070014,0.0,0.19057511,0.0,0.17479411,0.0,0.14836405,7.9536055e-18,0.056735877
2.94245e-20,3.7234098e-19,0.0044928524,0.008143439,0.0,0.072343454,9.811023e-37,0.04325721,1.8103154000000002e-17,0.009125685,0.0,0.041535456,0.0,0.14197932,0.0,0.2352408,1.1378477999999998e-18,0.09047922,0.0,0.18840507,0.0,0.17122012,0.0,0.14542991,6.571208e-18,0.019355385
2.8415942e-20,3.4569051e-19,0.004156995,0.019217452,0.0,0.07545936,1.5995562e-36,0.054558706,2.0991799e-17,0.024696663,0.0,0.021979429,0.0,0.0535409,0.0,0.2371749,7.137672999999999e-19,0.16651398,0.0,0.19019313,0.0,0.17455496,0.0,0.14812125,7.441777e-18,0.10771494
2.7447203e-20,7.704042e-17,0.0030796046,0.030595591,0.0,0.077840276,1.2540537e-36,0.031513352,1.437398e-17,0.013692153,0.0,0.04946567,0.0,0.030719053,0.0,0.23870641,4.811205e-19,0.12336922,0.0,0.19265218,0.0,0.17889208,0.0,0.15240833,4.0237647e-18,0.040410716
2.6742352e-20,2.640404e-19,0.002625259,0.0060994355,0.0,0.076878354,1.1658084e-36,0.043764446,1.6731425e-17,0.013035111,0.0,0.033189252,0.0,0.07639718,0.0,0.23927002,6.764880999999999e-19,0.14616865,0.0,0.19165535,0.0,0.17428654,0.0,0.14906281,4.202124e-18,0.044032138
2.6208209999999998e-20,2.4720714e-19,0.0026208786,0.009728898,0.0,0.07569883,1.1175764e-36,0.012790574,2.1429323e-17,0.023778655,0.0,0.019019483,0.0,0.10841044,0.0,0.23971492,1.0125428e-18,0.12212349,0.0,0.19056381,0.0,0.1738655,0.0,0.14738187,4.987925e-18,0.054425698
2.5685603e-20,8.46919e-17,0.0026165056,0.013503022,0.0,0.07794965,1.0670845e-36,0.0523707,1.2979876e-17,0.006116652,0.0,0.12645563,0.0,0.032211628,0.0,0.24080476,9.646414e-19,0.08204984,0.0,0.19291031,0.0,0.17884888,0.0,0.15145251,4.227126e-18,0.047963887
2.5174261e-20,6.014517000000001e-17,0.0026121398,0.011547247,0.0,0.07790071,5.4555706e-37,0.020094868,1.4547920000000002e-17,0.01101518,0.0,0.12436971,0.0,0.082547635,0.0,0.24117447,7.9369577e-19,0.06375366,0.0,0.19311075,0.0,0.17880246,0.0,0.15197764,4.794317e-18,0.07852319
2.4456722e-20,3.3708768e-17,0.0016174464,0.00931787,0.0,0.07407971,7.658392e-37,0.034407046,1.1480191e-17,0.019137299,0.0,0.088662446,0.0,0.089437075,0.0,0.24055034,7.129497599999999e-19,0.024631767,0.0,0.19065917,0.0,0.17983493,0.0,0.15184465,3.3189969e-18,0.06269942
2.4025632e-20,1.2560461000000001e-17,0.0012190938,0.010405124,0.0,0.0726174,5.3332657e-37,0.013635181,1.0054233000000001e-17,0.0132595515,0.0,0.053575024,0.0,0.035268113,0.0,0.24063584,8.996598e-19,0.25327972,0.0,0.19115697,0.0,0.1770548,0.0,0.15092406,3.6493960000000004e-18,0.012758439
2.3089391e-20,3.10456e-17,0.0013225588,0.0035491763,0.0,0.07611388,4.985205e-37,0.044072047,8.523746e-18,0.007861685,0.0,0.02977502,0.0,0.052088257,0.0,0.2419384,4.2020033e-19,0.25078684,0.0,0.19417037,0.0,0.17903017,0.0,0.15280105,4.240962e-18,0.07319679
2.2717409e-20,2.1188546e-14,0.0016149412,0.0045943004,0.0,0.07568348,5.4763125e-37,0.052081354,2.7140477000000002e-17,0.025353821,0.0,0.027130093,0.0,0.21954477,0.0,0.24213633,2.4010613e-19,0.1942188,0.0,0.1927268,0.0,0.18078046,0.0,0.15399727,3.9833383e-18,0.01608496
2.24002e-20,1.8514346e-16,0.0014367141,0.004411655,0.0,0.07392625,3.9318816e-37,0.045180548,2.0598213e-17,0.0055905036,0.0,0.04398342,0.0,0.13135852,0.0,0.24189217,6.3369407e-19,0.105516225,0.0,0.19300286,0.0,0.17917824,0.0,0.15376127,4.4376904e-18,0.05805862
2.2154228e-20,2.17793e-16,0.0014343169,0.0071292403,0.0,0.070932195,3.7427994e-37,0.02687147,1.7911966e-17,0.013854312,0.0,0.019726856,0.0,0.07340068,0.0,0.2413767,1.1595868e-18,0.051535215,0.0,0.19095387,0.0,0.17823893,0.0,0.15138783,3.9271777e-18,0.00913969
2.0570568e-20,1.2965867e-19,0.0004852673,0.005512462,0.0,0.06911461,1.9821163e-37,0.021780042,3.6456454e-17,0.015608224,0.0,0.019925069,0.0,0.02621586,0.0,0.24096304,1.1557545e-18,0.03192453,0.0,0.19301249,0.0,0.17741688,0.0,0.14947148,4.3165316e-18,0.042733934
1.647696e-20,1.2221818e-19,0.00082157395,0.006545486,0.0,0.06761798,1.8833158e-37,0.012671196,3.4561717e-17,0.012352708,0.0,0.029385429,0.0,0.123623766,0.0,0.24066477,1.1737287e-18,0.029943401,0.0,0.18989229,0.0,0.17652588,0.0,0.14859727,4.2261617e-18,0.009030375
1.6283141e-20,1.7681363000000002e-16,0.00068579684,0.002975949,0.0,0.06385363,2.1400621e-37,0.031300977,2.6795078e-17,0.011965954,0.0,0.141502,0.0,0.040283173,0.0,0.23974872,1.3345938999999998e-18,0.25371763,0.0,0.18929148,0.0,0.17504273,0.0,0.14688756,4.461018e-18,0.04232125
1.5819769999999998e-20,4.434696e-17,0.005043328,0.00591712,0.0,0.06502981,1.5470198999999998e-37,0.014436199,2.5441396e-17,0.020088494,0.0,0.15292336,0.0,0.09408205,0.0,0.24019445,6.317518e-19,0.16717018,0.0,0.18946922,0.0,0.1746481,0.0,0.14574148,4.297162e-18,0.009210121
1.5165726e-20,1.0151531e-19,0.0037968096,0.0029605697,0.0,0.06355192,1.1860670999999998e-37,0.017156264,3.4956663e-17,0.00875984,0.0,0.11915365,0.0,0.038415946,0.0,0.23975256,5.588007e-19,0.08719347,0.0,0.18880305,0.0,0.17431873,0.0,0.14490509,4.5680627e-18,0.050075956
1.2797475e-20,9.4804986e-20,0.000828047,0.00899841,0.0,0.06406039,1.1395361e-37,0.037137073,3.2900265e-17,0.023153361,0.0,0.08101768,0.0,0.166158,0.0,0.23970038,1.4171846999999998e-18,0.1107574,0.0,0.18695344,0.0,0.17522112,0.0,0.1452251,4.204385e-18,0.008644197
1.27162944e-20,2.1384117000000003e-16,0.00082666555,0.008154657,0.0,0.061865434,2.478849e-37,0.02012747,2.5981245e-17,0.008900289,0.0,0.034071025,0.0,0.12830682,0.0,0.23908292,1.8877912e-18,0.06945531,0.0,0.18680716,0.0,0.17244211,0.0,0.14255498,4.5335706e-18,0.048082136
1.1971763e-20,8.231712e-20,0.00043182267,0.006456671,0.0,0.06426095,9.603329e-38,0.014300631,2.5328466e-17,0.015271884,0.0,0.0131791625,0.0,0.047496904,0.0,0.23960029,2.8698903e-18,0.16068536,0.0,0.18935618,0.0,0.17292668,0.0,0.14387211,4.301839599999999e-18,0.012637722
1.07299535e-20,7.743328e-20,0.0013308061,0.0061749644,0.0,0.061435115,1.1127091999999998e-37,0.019512113,3.9947053e-17,0.0140083395,0.0,0.12565638,0.0,0.042122085,0.0,0.23879007,1.3533111999999998e-18,0.14118837,0.0,0.1871227,0.0,0.17169653,0.0,0.14149287,4.699276299999999e-18,0.0721987
1.05117894e-20,9.555762e-17,0.0035015973,0.006060248,0.0,0.060514256,1.534924e-37,0.02250945,2.869172e-17,0.034123015,0.0,0.12580003,0.0,0.25701147,0.0,0.23844942,1.2839512999999998e-18,0.1113324,0.0,0.1855285,0.0,0.17114294,0.0,0.14102566,3.636003e-18,0.013633903
1.0232682e-20,4.804311e-17,0.003495756,0.006788779,0.0,0.06288293,1.2710098e-37,0.02017348,2.1861368e-17,0.010496955,0.0,0.105236225,0.0,0.1558634,0.0,0.23893352,1.807132e-18,0.064511195,0.0,0.18749152,0.0,0.17189652,0.0,0.14210048,3.987557000000001e-18,0.09527091
9.861484999999999e-21,6.2200176e-20,0.001967273,0.013410525,0.0,0.06273822,1.1676898e-37,0.028933158,2.7698576e-17,0.0265389,0.0,0.06250533,0.0,0.10117782,0.0,0.23898315,2.890193e-18,0.04047074,0.0,0.18828468,0.0,0.17416552,0.0,0.14481887,2.5730363e-18,0.02730891
9.69904e-21,1.1863627000000002e-16,0.0017439333,0.0096573,0.0,0.061860785,7.8726046e-38,0.015590798,2.2607968e-17,0.0076281046,0.0,0.023081223,0.0,0.02942175,0.0,0.23844479,3.1480929e-18,0.021733621,0.0,0.18581536,0.0,0.17216584,0.0,0.14226799,2.7197900000000002e-18,0.02914527
8.891603999999999e-21,2.749826e-16,0.0019190111,0.006663144,0.0,0.060216192,8.848286999999999e-38,0.0151647655,1.5772296e-17,0.0074858745,0.0,0.015843356,0.0,0.048548173,0.0,0.23781697,3.7222482e-18,0.2641338,0.0,0.18320395,0.0,0.16910723,0.0,0.13781792,3.0340577e-18,0.020502016
8.732956e-21,9.225485e-17,0.002504953,0.007217055,0.0,0.0623979,9.802864e-38,0.014789899,1.7922547e-17,0.017648296,0.0,0.059878,0.0,0.1301299,0.0,0.23829493,3.2434426e-18,0.14621177,0.0,0.18444513,0.0,0.1711568,0.0,0.1391586,3.1677494e-18,0.04203439
8.497429e-21,4.6926008e-20,0.002259922,0.0049142945,0.0,0.05991292,7.615383999999999e-38,0.033857152,1.9263110000000002e-17,0.0053373273,0.0,0.040632877,0.0,0.07947339,0.0,0.23758863,2.6151725e-18,0.07436537,0.0,0.18357693,0.0,0.17008269,0.0,0.13761224,3.154589e-18,0.014500017
8.326197e-21,8.582468e-17,0.0018166,0.0015867106,0.0,0.058029436,7.157837999999999e-38,0.025068015,1.4880063e-17,0.007828002,0.0,0.013187848,0.0,0.016948711,0.0,0.23691289,2.307417e-18,0.025871476,0.0,0.181725,0.0,0.16900857,0.0,0.13591486,3.0955311e-18,0.048318926
8.084808e-21,1.6545869000000002e-16,0.0010172287,0.0027842636,0.0,0.05802904,8.2269706e-38,0.022040496,1.2622461e-17,0.008449885,0.0,0.07035409,0.0,0.21495122,0.0,0.23685032,2.302515e-18,0.100670986,0.0,0.18245378,0.0,0.16934092,0.0,0.13667287,2.5645203e-18,0.010701554
7.499164e-21,9.031127e-17,0.001297913,0.0018028838,0.0,0.055337902,9.1188954e-38,0.026930794,1.2083432e-17,0.020828597,0.0,0.0523493,0.0,0.1272815,0.0,0.23588692,2.3191117e-18,0.059775945,0.0,0.18074352,0.0,0.16838373,0.0,0.13547224,2.7302155e-18,0.042691026
6.99794e-21,3.73084e-20,0.012004597,0.0036193638,0.0,0.053671613,7.561909300000001e-38,0.016478542,1.1050912e-17,0.004130356,0.0,0.02108901,0.0,0.06930224,0.0,0.23508698,2.2455294e-18,0.03933363,0.0,0.17755878,0.0,0.16550812,0.0,0.13204852,2.5478356e-18,0.009011276
6.210733400000001e-21,1.02819516e-16,0.0061894343,0.0014541602,0.0,0.05229628,4.6021144e-38,0.017485328,9.438169000000001e-18,0.0062112925,0.0,0.044680417,0.0,0.026581658,0.0,0.23416473,2.0481716e-18,0.022778403,0.0,0.17819776,0.0,0.1670187,0.0,0.13129723,2.6195424e-18,0.028791238
5.8997833e-21,3.294833e-20,0.0036721642,0.0044928486,0.0,0.053316295,7.063624400000001e-38,0.020882651,1.008213e-17,0.014290147,0.0,0.023418406,0.0,0.03841261,0.0,0.23414466,1.9250807e-18,0.16229361,0.0,0.17794853,0.0,0.16819225,0.0,0.13387577,2.4569402e-18,0.025306527
5.73561e-21,3.0751047e-20,0.003666039,0.0029040645,0.0,0.05621663,5.955467e-38,0.01730937,1.5861349e-17,0.024476765,0.0,0.013698959,0.0,0.12058417,0.0,0.23501657,1.7064316e-18,0.06687356,0.0,0.17847241,0.0,0.1650604,0.0,0.13305609,2.532178e-18,0.05438315
5.565735600000001e-21,2.8792974999999997e-20,0.002943941,0.0043456852,0.0,0.05599917,4.6270337e-38,0.018055625,1.614218e-17,0.004077209,0.0,0.13733302,0.0,0.1062222,0.0,0.23496525,1.3041536e-18,0.0255852,0.0,0.1804438,0.0,0.16543454,0.0,0.13133028,1.8108264e-18,0.029838776
5.3811556000000004e-21,1.493398e-16,0.0017673199,0.0014622195,0.0,0.054255504,3.4412524e-38,0.024131749,1.1299328e-17,0.0042450665,0.0,0.15034172,0.0,0.057892475,0.0,0.2342835,1.1761652e-18,0.1356879,0.0,0.17951995,0.0,0.16374485,0.0,0.12874322,1.8702124e-18,0.03306767
5.28072e-21,1.440161e-17,0.0021774934,0.0050676614,0.0,0.056606214,3.5246532000000003e-38,0.034501866,1.04074235e-17,0.014188894,0.0,0.11751773,0.0,0.017884182,0.0,0.23490073,1.1849432999999998e-18,0.068892404,0.0,0.18116868,0.0,0.16499019,0.0,0.13098182,1.6954864999999998e-18,0.023639688
5.1487187e-21,2.3477253e-20,0.0015471907,0.0054241763,0.0,0.059310004,2.5841244e-38,0.016503917,9.960109e-18,0.026525652,0.0,0.10596311,0.0,0.21587959,0.0,0.23576806,1.1400125e-18,0.022750318,0.0,0.18001615,0.0,0.16510108,0.0,0.13283578,1.8432459e-18,0.033054102
5.0158996e-21,7.36753e-17,0.0048482222,0.0053358134,0.0,0.058018122,2.7514913e-38,0.012574286,8.311319e-18,0.009295255,0.0,0.06485089,0.0,0.14339837,0.0,0.23570484,1.2964165e-18,0.2074997,0.0,0.17956083,0.0,0.1683496,0.0,0.13409375,1.6551444e-18,0.021363378
4.7126e-21,7.737924600000001e-17,0.0044561727,0.0033550882,0.0,0.056852706,2.2455468999999997e-38,0.0151249245,5.7846502e-18,0.0135628525,0.0,0.02909337,0.0,0.073670946,0.0,0.23515725,5.4669437e-19,0.07266002,0.0,0.17897666,0.0,0.16699314,0.0,0.13467762,1.7756533999999997e-18,0.022789942
4.5522774e-21,8.12194e-17,0.0039354567,0.004061359,0.0,0.055187173,2.7185072000000003e-38,0.034681164,5.5313088e-18,0.0305853,0.0,0.11351003,0.0,0.04873212,0.0,0.23450841,8.4602296e-19,0.011311633,0.0,0.17823948,0.0,0.1639383,0.0,0.13125953,1.7349622999999998e-18,0.02360798
4.330722e-21,1.8271192e-20,0.0019798458,0.0027622883,0.0,0.053290315,2.4550715000000004e-38,0.016727839,7.774978e-18,0.0048461445,0.0,0.10983667,0.0,0.1666819,0.0,0.2335889,1.3730191e-18,0.33042553,0.0,0.17613955,0.0,0.16419028,0.0,0.12959823,1.763577e-18,0.031549696
4.031928e-21,9.6041254e-17,0.012228462,0.0016362726,0.0,0.051715385,2.2861468e-38,0.026090948,5.883696e-18,0.010604777,0.0,0.08532698,0.0,0.098376,0.0,0.23278373,6.703398999999999e-19,0.14459911,0.0,0.17595933,0.0,0.16170901,0.0,0.12707767,1.5207968e-18,0.01789484
3.642235e-21,1.6116908e-20,0.006127841,0.0062148115,0.0,0.052870467,9.724235e-39,0.021962933,6.7615786e-18,0.024025401,0.0,0.050656736,0.0,0.055596072,0.0,0.23255962,6.663019499999999e-19,0.028849935,0.0,0.17347087,0.0,0.16155055,0.0,0.1251754,1.6426493e-18,0.019919155
3.4469056e-21,8.533973000000001e-17,0.0030700346,0.0031617137,0.0,0.053462636,1.6998927000000002e-38,0.01272824,5.147498e-18,0.010264367,0.0,0.017056204,0.0,0.077261634,0.0,0.23271045,9.047666999999998e-19,0.2377313,0.0,0.17493138,0.0,0.16248335,0.0,0.12586579,1.6363957e-18,0.05991763
3.3355971000000007e-21,1.1069695e-16,0.001819622,0.006493088,0.0,0.05419347,1.8479021e-38,0.039597444,3.779406e-18,0.0179996,0.0,0.048135083,0.0,0.09624482,0.0,0.23285514,3.912323e-19,0.120677084,0.0,0.17854117,0.0,0.16301292,0.0,0.12761745,1.381748e-18,0.009229692
3.2528575e-21,7.2746075e-17,0.0011055663,0.0058625313,0.0,0.052869257,7.956375000000001e-39,0.02805215,3.856824e-18,0.016833466,0.0,0.018044299,0.0,0.036086395,0.0,0.23237391,3.7730202e-19,0.043067165,0.0,0.17489271,0.0,0.16286777,0.0,0.12687258,1.3370955e-18,0.030635716
3.2253363000000006e-21,1.2514246e-20,0.0011037224,0.0025129863,0.0,0.052453544,1.2057983000000002e-38,0.017630901,4.461772e-18,0.0071321847,0.0,0.017383931,0.0,0.14621148,0.0,0.23212884,4.917111e-19,0.030724742,0.0,0.17500913,0.0,0.16338111,0.0,0.12716118,1.3096197e-18,0.019636191
3.115285e-21,1.1893511e-20,0.0010646825,0.001513,0.0,0.054413527,6.437928e-39,0.015458224,5.5126100000000015e-18,0.00907917,0.0,0.0702663,0.0,0.15976359,0.0,0.2324704,4.824636e-19,0.035692953,0.0,0.17725742,0.0,0.16124487,0.0,0.1264589,1.3158115e-18,0.051032703
3.0777963000000002e-21,2.6441498e-17,0.0016248197,0.0038789692,0.0,0.05496376,1.078742e-38,0.021964733,4.7509615e-18,0.011284706,0.0,0.04776304,0.0,0.08875926,0.0,0.23269208,6.019715399999999e-19,0.24047877,0.0,0.1798123,0.0,0.16436338,0.0,0.12961787,1.1924486e-18,0.0078431545
3.0346036e-21,7.11643e-17,0.0015182288,0.0013942118,0.0,0.050819308,9.827914e-39,0.018549507,3.5577915e-18,0.010513341,0.0,0.019134654,0.0,0.040516794,0.0,0.23151186,2.7481915e-19,0.16179802,0.0,0.17570265,0.0,0.16111523,0.0,0.1269363,1.2202644e-18,0.019951545
2.9994017e-21,1.01728174e-20,0.0015156968,0.004561571,0.0,0.04967806,7.659043e-39,0.016423209,5.3137628e-18,0.009479285,0.0,0.016620737,0.0,0.030605214,0.0,0.23076214,3.7379155e-19,0.07115814,0.0,0.17352377,0.0,0.16145125,0.0,0.12539947,1.2485745e-18,0.042766325
2.9646658000000002e-21,3.9792066e-17,0.0015131688,0.0021089516,0.0,0.0514444,7.058612e-39,0.019727597,4.338068499999999e-18,0.013000395,0.0,0.008432033,0.0,0.05015221,0.0,0.23108539,4.665777e-19,0.02034715,0.0,0.17485228,0.0,0.15902345,0.0,0.12299764,1.063836e-18,0.025117084
2.8903807000000002e-21,5.3525938e-17,0.0008663339,0.0037219264,0.0,0.05284971,6.260295e-39,0.018455401,3.2915866000000003e-18,0.0106615955,0.0,0.14247039,0.0,0.1718169,0.0,0.23148285,5.3299254e-19,0.2788723,0.0,0.17317502,0.0,0.15850444,0.0,0.122613885,1.1162589e-18,0.023304572
2.8654936e-21,6.7318625e-17,0.00076875614,0.0014602569,0.0,0.04993878,6.972865e-39,0.028471576,3.400562e-18,0.003632579,0.0,0.14270836,0.0,0.096983336,0.0,0.2309024,4.395256e-19,0.15284099,0.0,0.17315643,0.0,0.15636538,0.0,0.12017302,1.0502086e-18,0.016605847
2.842826e-21,7.905671000000001e-17,0.00068405893,0.0015533451,0.0,0.049490783,3.95006e-39,0.013024577,2.4613315e-18,0.002940373,0.0,0.12257282,0.0,0.08067021,0.0,0.23036201,4.4176604e-19,0.06949635,0.0,0.17065996,0.0,0.15272455,0.0,0.11415005,1.0733003e-18,0.02707989
2.7663493e-21,2.2634065e-17,0.00043369268,0.0014637167,0.0,0.05264703,4.039624e-39,0.011458236,2.8033294e-18,0.0057622194,0.0,0.089297414,0.0,0.0224573,0.0,0.2308281,3.7420454e-19,0.031153973,0.0,0.16957264,0.0,0.15131654,0.0,0.112777725,1.0603925e-18,0.029804653
2.7511242e-21,7.473337e-21,0.0004388874,0.0022896805,0.0,0.053033903,5.213172e-39,0.020834778,3.1821506e-18,0.006011801,0.0,0.06091756,0.0,0.12094729,0.0,0.2310477,3.3984217e-19,0.059039995,0.0,0.1707501,0.0,0.15757589,0.0,0.1185698,1.0487311e-18,0.031406526
2.6695711000000002e-21,1.5870618e-17,0.0033998922,0.001252408,0.0,0.052585587,2.122733e-39,0.02067159,2.6552533e-18,0.0104225045,0.0,0.029521422,0.0,0.08662534,0.0,0.23056908,3.2569864e-19,0.10889167,0.0,0.17066288,0.0,0.15329,0.0,0.11687072,9.479123e-19,0.024073236
2.5731836000000006e-21,8.77234e-19,0.0020903794,0.0031817479,0.0,0.05115513,3.751314e-39,0.012107966,2.1122018e-18,0.00728709,0.0,0.038146596,0.0,0.06998841,0.0,0.229771,1.6679817999999998e-19,0.08374083,0.0,0.17140979,0.0,0.15244,0.0,0.11535036,9.648360999999998e-19,0.01209774
2.5285441e-21,6.322972e-21,0.0023489185,0.0023947742,0.0,0.05304302,4.8063250000000005e-39,0.024135282,2.8937845e-18,0.017580137,0.0,0.015872788,0.0,0.02000659,0.0,0.23007226,1.3911879e-19,0.04229659,0.0,0.17079479,0.0,0.15524535,0.0,0.11708972,1.0044361999999998e-18,0.070070595
2.4553267e-21,5.931838e-21,0.0022811424,0.007304078,0.0,0.053740643,2.8137890000000003e-39,0.013353991,1.0714855e-17,0.013486007,0.0,0.047494646,0.0,0.20509464,0.0,0.23030849,1.7503875e-19,0.022853913,0.0,0.17359051,0.0,0.1593267,0.0,0.1220114,6.930302699999999e-19,0.016746556
2.4013071e-21,5.5168666e-21,0.0016873387,0.0084229745,0.0,0.059702195,1.255915e-39,0.04648335,1.6671450000000002e-17,0.0243474,0.0,0.032080464,0.0,0.12826551,0.0,0.23209773,2.2660908e-19,0.23324294,0.0,0.17767474,0.0,0.15609826,0.0,0.12259707,7.38595e-19,0.090516604
2.3289775e-21,2.0224932e-17,0.0009224354,0.007125137,0.0,0.060561355,2.094802e-39,0.019445242,1.1879498e-17,0.008234309,0.0,0.048603296,0.0,0.06489489,0.0,0.23248056,1.5109116999999998e-19,0.059421692,0.0,0.17745541,0.0,0.1560765,0.0,0.12165197,5.452997999999999e-19,0.019994762
2.2383786e-21,4.826640500000001e-21,0.0010216264,0.0077093206,0.0,0.060162008,2.454262e-39,0.017615456,1.1414940000000001e-17,0.010186241,0.0,0.020649953,0.0,0.020369338,0.0,0.232514,3.3705600000000003e-19,0.12686077,0.0,0.17565209,0.0,0.16070282,0.0,0.12402284,5.724062e-19,0.058346927
2.2166146e-21,4.5157704e-21,0.0013794404,0.005275191,0.0,0.059913743,2.17814e-39,0.014768131,1.1767447e-17,0.019261494,0.0,0.021292783,0.0,0.19993536,0.0,0.23256435,2.884104e-19,0.07625583,0.0,0.17431873,0.0,0.1596915,0.0,0.12374587,5.366972999999999e-19,0.009128217
2.1893892e-21,3.0635138000000004e-16,0.001336066,0.007422705,0.0,0.060075648,1.1100960000000002e-39,0.028309006,1.5534702e-17,0.02629573,0.0,0.12860091,0.0,0.100062214,0.0,0.23257779,2.8936318e-19,0.035140622,0.0,0.17455322,0.0,0.15810587,0.0,0.1234001,5.7970585e-19,0.043088596
2.1275822e-21,3.995813e-21,0.0006969639,0.004604145,0.0,0.059317984,1.814397e-39,0.020710267,1.055783e-17,0.010466577,0.0,0.116353326,0.0,0.062842436,0.0,0.23234627,3.6080083e-19,0.06703127,0.0,0.16994995,0.0,0.15547171,0.0,0.11883261,5.742873999999999e-19,0.015974646
2.1118482000000002e-21,1.7194069e-18,0.00061983994,0.004341996,0.0,0.05627567,2.118752e-39,0.024971386,7.28744e-18,0.02012707,0.0,0.08772983,0.0,0.05972462,0.0,0.23142761,2.9525093e-19,0.07752587,0.0,0.17032695,0.0,0.15453513,0.0,0.11827175,5.867387e-19,0.052487865
2.101812e-21,3.5283034000000005e-21,0.0006188062,0.0017423625,0.0,0.055515867,4.14894e-40,0.02975843,7.981283e-18,0.0069577354,0.0,0.05214473,0.0,0.07139644,0.0,0.23102775,1.7807309999999998e-19,0.06523422,0.0,0.17047815,0.0,0.15412866,0.0,0.117578365,5.3164723e-19,0.008539475
2.0918402e-21,3.3431575e-21,0.00061777426,0.0041160206,0.0,0.055020947,1.027865e-39,0.016826889,9.229955e-18,0.010681802,0.0,0.017367393,0.0,0.09236418,0.0,0.23058562,1.4649404e-19,0.040034585,0.0,0.16873747,0.0,0.1504803,0.0,0.11339905,5.9492515e-19,0.031079346
2.0687302000000002e-21,1.7974765e-17,0.001264398,0.0017961597,0.0,0.054042425,1.896876e-39,0.017316267,6.391966199999999e-18,0.015823668,0.0,0.042038564,0.0,0.085128725,0.0,0.23005304,3.0802813e-19,0.031436842,0.0,0.16890438,0.0,0.15194084,0.0,0.11335523,5.807432999999999e-19,0.01896017
1.9289014e-21,3.0710698e-17,0.0010993311,0.0053302306,0.0,0.056564156,1.595193e-39,0.04714298,5.460431e-18,0.024001472,0.0,0.02437488,0.0,0.02661177,0.0,0.23078643,4.7226104e-19,0.031510856,0.0,0.17278706,0.0,0.15398906,0.0,0.1172878,6.540428999999999e-19,0.060988672
1.9126734000000002e-21,2.7316915e-21,0.0010974976,0.007447673,0.0,0.0581344,1.054823e-39,0.024938928,4.811792e-18,0.009119639,0.0,0.021428153,0.0,0.08389145,0.0,0.23136497,6.062244e-19,0.31641734,0.0,0.17581527,0.0,0.1567175,0.0,0.12095968,5.017355e-19,0.016398327
1.8733248e-21,2.55103e-21,0.0016274239,0.012989626,0.0,0.060718384,1.228363e-39,0.033232357,5.1179e-18,0.024547517,0.0,0.16692069,0.0,0.08523823,0.0,0.23234195,2.5011455e-19,0.22638102,0.0,0.17823824,0.0,0.15913518,0.0,0.12525347,5.795089e-19,0.104735434
1.7981107e-21,3.9882265e-18,0.00073290494,0.014117331,0.0,0.061766014,8.32353e-40,0.010960603,3.425792e-18,0.010809596,0.0,0.18276224,0.0,0.0401182,0.0,0.23286639,1.8376551e-19,0.14334197,0.0,0.17974615,0.0,0.15937607,0.0,0.12631619,4.0545687e-19,0.028188273
1.7534357e-21,2.966083e-17,0.00055093685,0.012132586,0.0,0.06198083,7.91954e-40,0.030059591,2.5473486e-18,0.017741764,0.0,0.15005004,0.0,0.06540193,0.0,0.23320165,2.1268226e-19,0.068980746,0.0,0.17725892,0.0,0.16071522,0.0,0.12681295,4.3604707e-19,0.037070323
1.734401e-21,2.95976e-17,0.001378314,0.009549606,0.0,0.06395155,7.90596e-40,0.0151716545,2.2998762e-18,0.019538745,0.0,0.11439414,0.0,0.37933847,0.0,0.23390086,2.186658e-19,0.02277797,0.0,0.18001108,0.0,0.16233097,0.0,0.12943913,4.921001399999999e-19,0.035683233
1.7064233000000002e-21,2.8717176e-17,0.00114282,0.011198773,0.0,0.064068034,6.64604e-40,0.052360997,1.6483696e-18,0.008121348,0.0,0.07921325,0.0,0.18808386,0.0,0.23401374,2.484113e-19,0.2275721,0.0,0.17931786,0.0,0.16487047,0.0,0.1322011,4.498678e-19,0.033120327
1.6849797000000001e-21,1.179082e-17,0.0019684383,0.014209823,0.0,0.06333687,5.8259100000000005e-40,0.01698255,1.2848944999999998e-18,0.027717378,0.0,0.038527146,0.0,0.18503654,0.0,0.23421776,2.0400713e-19,0.054287378,0.0,0.18249044,0.0,0.16892497,0.0,0.13611679,4.589111e-19,0.022444544
1.651328e-21,1.0933268e-17,0.0018918329,0.0104214605,0.0,0.0614237,5.366480000000001e-40,0.036002554,1.691193e-18,0.007895199,0.0,0.021780092,0.0,0.09687799,0.0,0.23397638,2.5290892e-19,0.16473365,0.0,0.18372883,0.0,0.1678312,0.0,0.1366196,4.496402999999999e-19,0.032010667
1.6030966e-21,1.4504334e-21,0.0010321559,0.012656313,0.0,0.06561346,5.023799999999999e-40,0.018290397,1.4342304e-18,0.01952465,0.0,0.07021849,0.0,0.028954105,0.0,0.2353417,1.4261867e-19,0.10154122,0.0,0.18677068,0.0,0.16844353,0.0,0.13885576,4.7138397e-19,0.07257046
1.5841609e-21,4.857719e-15,0.0008508938,0.015544616,0.0,0.06455609,3.16992e-40,0.034925632,5.951528000000001e-18,0.011689594,0.0,0.055501107,0.0,0.1237548,0.0,0.23537406,1.1936696e-19,0.04224795,0.0,0.18507347,0.0,0.16740416,0.0,0.1374124,2.8131704e-19,0.042983416
1.5129162e-21,1.1897785e-16,0.0017728851,0.009574599,0.0,0.061053105,2.92295e-40,0.0097929,6.421719e-18,0.02243007,0.0,0.026149523,0.0,0.10581988,0.0,0.23455253,1.7093040999999998e-19,0.06841905,0.0,0.18312493,0.0,0.16815388,0.0,0.13654594,2.8308587e-19,0.0076056584
1.4386451000000001e-21,8.948708000000001e-17,0.0008772503,0.007958596,0.0,0.062156595,2.9133999999999996e-40,0.019065144,6.155495e-18,0.0070984405,0.0,0.0134577835,0.0,0.07711405,0.0,0.23489787,2.3364174e-19,0.08454855,0.0,0.18271206,0.0,0.16954163,0.0,0.13825424,3.2644479e-19,0.03457418
1.417086e-21,1.0834747e-16,0.0013258092,0.010445975,0.0,0.063304126,2.2877999999999997e-40,0.048635937,4.655596e-18,0.032515973,0.0,0.15851767,0.0,0.029263096,0.0,0.2355216,2.2212415e-19,0.07277997,0.0,0.18409373,0.0,0.16773868,0.0,0.13800114,3.3121193e-19,0.018260662
1.3975123000000001e-21,6.7422605e-17,0.0010803458,0.015423112,0.0,0.06329029,2.83207e-40,0.02764247,3.9328492e-18,0.009562484,0.0,0.16954939,0.0,0.0683883,0.0,0.23589598,2.3160124e-19,0.03521398,0.0,0.18453729,0.0,0.16894104,0.0,0.1384041,3.446285e-19,0.046618965
1.3776866000000001e-21,1.01728895e-16,0.00093922485,0.01270461,0.0,0.06277147,1.97293e-40,0.022248302,2.5793365e-18,0.025084253,0.0,0.15871921,0.0,0.22174782,0.0,0.23624755,2.5850226e-19,0.022616478,0.0,0.1833438,0.0,0.16853526,0.0,0.13861299,3.297551e-19,0.0073729875
1.3328452000000001e-21,7.223386e-17,0.0056445147,0.013371098,0.0,0.06261849,1.77631e-40,0.027511094,3.0816723e-18,0.010171041,0.0,0.116727956,0.0,0.12266339,0.0,0.23616251,2.785126e-19,0.34536698,0.0,0.18335824,0.0,0.16960785,0.0,0.13854395,3.574382e-19,0.030637173
1.2762631e-21,7.808443000000001e-17,0.005635102,0.0116866855,0.0,0.06383879,1.25912e-40,0.014780611,2.76695e-18,0.020024939,0.0,0.06533099,0.0,0.122733906,0.0,0.23637591,2.256065e-19,0.16726615,0.0,0.1851335,0.0,0.17116725,0.0,0.14064315,3.7686773e-19,0.049682878
1.2214814e-21,6.807921000000002e-22,0.004399827,0.020106422,0.0,0.06598498,1.17834e-40,0.05158886,2.914553e-18,0.014232685,0.0,0.023655798,0.0,0.0418356,0.0,0.23700017,3.875697e-19,0.08710135,0.0,0.18547218,0.0,0.17058875,0.0,0.1416541,2.9734755e-19,0.036168635
1.0831537e-21,2.3923635e-17,0.001058343,0.014486464,0.0,0.06601254,1.46031e-40,0.035630476,3.1036737e-18,0.024963036,0.0,0.026861869,0.0,0.05053928,0.0,0.23713365,5.873785e-19,0.080980845,0.0,0.18599229,0.0,0.172761,0.0,0.14317182,3.2676061e-19,0.060432132
9.024789e-22,4.7147737e-17,0.0015118488,0.01678827,0.0,0.06674571,1.03608e-40,0.04304116,2.5179554e-18,0.0065696808,0.0,0.013635931,0.0,0.0773664,0.0,0.23743302,4.0633715e-19,0.0452052,0.0,0.18628322,0.0,0.17233446,0.0,0.14342472,2.4789835e-19,0.04510675
8.591489000000001e-22,5.1065705e-22,0.0057241316,0.02161879,0.0,0.07051095,1.33671e-40,0.03027178,2.9889669000000003e-18,0.028570812,0.0,0.18581204,0.0,0.36002043,0.0,0.23859951,4.2204133e-19,0.1508025,0.0,0.18894997,0.0,0.17608999,0.0,0.14717716,2.674113e-19,0.061409645
8.1019544000000005e-22,4.8145548e-17,0.0028152913,0.016931646,0.0,0.07224828,1.19676e-40,0.026901852,2.2466418e-18,0.0130228335,0.0,0.1916761,0.0,0.19217421,0.0,0.23929887,3.8368731e-19,0.12330642,0.0,0.1922513,0.0,0.17660977,0.0,0.1489139,1.957788e-19,0.061050653
7.6081537e-22,4.8972285e-17,0.012123213,0.013102864,0.0,0.06828567,7.175200000000001e-41,0.013118525,2.1805784e-18,0.02546356,0.0,0.17449822,0.0,0.11581987,0.0,0.23828843,4.2964578e-19,0.1746487,0.0,0.19009644,0.0,0.17347334,0.0,0.14485557,2.1974697e-19,0.044480752
6.952725700000001e-22,6.964208e-17,0.010838189,0.011010042,0.0,0.068834074,6.9387e-41,0.051357858,1.4423694999999998e-18,0.010740494,0.0,0.13458782,0.0,0.04267846,0.0,0.23861597,2.1424214e-19,0.12789805,0.0,0.19077384,0.0,0.1736243,0.0,0.14503174,1.9703954e-19,0.017651234
6.4252e-22,3.4952337000000003e-22,0.0073812404,0.012453889,0.0,0.07072942,3.8314e-41,0.046722148,3.3545826000000003e-18,0.02101139,0.0,0.08646712,0.0,0.047746833,0.0,0.23924272,2.0183224e-19,0.053849865,0.0,0.18971483,0.0,0.17530854,0.0,0.14678392,2.1608765e-19,0.035577364
6.07475e-22,2.2632868e-17,0.005455459,0.014402168,0.0,0.068430826,4.4535e-41,0.047348563,3.548805e-18,0.0150820045,0.0,0.04057625,0.0,0.33336094,0.0,0.23871492,1.9344887e-19,0.068270735,0.0,0.18779618,0.0,0.17388272,0.0,0.1454605,2.1346148e-19,0.016443934
5.811036e-22,3.8385065e-17,0.0042927,0.01868083,0.0,0.06660399,6.0016e-41,0.03726186,2.7081445e-18,0.027776288,0.0,0.02539235,0.0,0.1710892,0.0,0.23839515,1.908297e-19,0.045122817,0.0,0.18591392,0.0,0.17135388,0.0,0.14194658,2.2479807e-19,0.024243752
5.482202e-22,1.1813635e-17,0.0016225496,0.021149622,0.0,0.06718935,3.2192e-41,0.051071204,2.4113845e-18,0.0143985255,0.0,0.16965364,0.0,0.16942427,0.0,0.2386571,1.8843315e-19,0.040614735,0.0,0.1870534,0.0,0.17227274,0.0,0.14263694,2.3496215e-19,0.061359048
5.1279e-22,5.679674e-18,0.00077695615,0.01355375,0.0,0.06678494,3.8991e-41,0.026758883,1.911768e-18,0.024624174,0.0,0.16643956,0.0,0.07735226,0.0,0.23879465,1.3552806e-19,0.13341236,0.0,0.18593685,0.0,0.17431565,0.0,0.14411263,1.8344307e-19,0.012634496
4.719206e-22,2.1793667e-22,0.0045890813,0.017029623,0.0,0.067332774,2.6336000000000004e-41,0.02480707,1.7098934e-18,0.011881696,0.0,0.13710806,0.0,0.031848777,0.0,0.23901065,7.4499524e-20,0.11582597,0.0,0.18866429,0.0,0.17421311,0.0,0.14497823,2.0005386e-19,0.098108225
4.3516566e-22,3.215233e-17,0.0012868096,0.011165899,0.0,0.068497516,2.9141e-41,0.014961956,1.4148375e-18,0.020219149,0.0,0.09598279,0.0,0.044759184,0.0,0.23958813,6.0041945e-20,0.06942252,0.0,0.18716826,0.0,0.17403053,0.0,0.14535265,1.2845295e-19,0.025888745
4.0338883000000003e-22,1.8436452e-22,0.00058740115,0.016668752,0.0,0.06850245,2.4308000000000003e-41,0.033871684,1.5925250000000001e-18,0.011140025,0.0,0.051163796,0.0,0.04864601,0.0,0.23988268,6.324337999999999e-20,0.14602847,0.0,0.18773416,0.0,0.17414017,0.0,0.14496388,1.3596205e-19,0.050234362
3.417852e-22,3.7221437e-17,0.002981051,0.012258296,0.0,0.0678864,3.0869e-41,0.022438636,1.1338856e-18,0.022644775,0.0,0.022108775,0.0,0.052655343,0.0,0.23971255,3.3931133e-20,0.15730631,0.0,0.18805774,0.0,0.17203811,0.0,0.14328536,1.4377596e-19,0.05666423
2.9692353000000003e-22,1.5438544000000002e-22,0.028358148,0.025739832,0.0,0.067545176,2.2964e-41,0.027113456,2.5300990000000002e-18,0.01042509,0.0,0.0707496,0.0,0.30777556,0.0,0.23957306,2.8334379999999997e-20,0.12660794,0.0,0.18617025,0.0,0.17112577,0.0,0.14147237,1.1632628e-19,0.03339275
2.457242e-22,2.2920110000000006e-17,0.011523052,0.014114231,0.0,0.06715678,2.3004e-41,0.011445582,2.4731613e-18,0.04644129,0.0,0.050667193,0.0,0.16332646,0.0,0.23948127,2.7971972e-20,0.07259577,0.0,0.189367,0.0,0.17390525,0.0,0.14332783,1.3354539999999998e-19,0.05927858
2.2501915e-22,2.4452278e-17,0.005113228,0.016629484,0.0,0.06504126,2.3033000000000003e-41,0.04443486,1.6283134e-18,0.011849924,0.0,0.031957995,0.0,0.12632744,0.0,0.23896408,2.8608633e-20,0.09199767,0.0,0.18848334,0.0,0.17194375,0.0,0.14181848,1.0081801e-19,0.034442447
2.1633333e-22,1.1174621e-22,0.0045194654,0.020558171,0.0,0.06292932,1.8145e-41,0.025798988,2.031347e-18,0.029051328,0.0,0.032824576,0.0,0.040095754,0.0,0.23839405,6.3716437e-20,0.104886726,0.0,0.18616407,0.0,0.17330104,0.0,0.14168882,1.1199043e-19,0.035619594
2.0213312e-22,1.919809e-17,0.0035108293,0.013859005,0.0,0.060311254,1.3933e-41,0.024765465,1.6831456e-18,0.005382013,0.0,0.013019171,0.0,0.06411916,0.0,0.237613,8.943807e-20,0.077018775,0.0,0.1854356,0.0,0.17232752,0.0,0.1416464,1.0249692e-19,0.021376016
1.9116017e-22,6.963253e-18,0.0012801532,0.014931506,0.0,0.058629766,1.2254e-41,0.0128198415,1.7183189e-18,0.013082926,0.0,0.082718484,0.0,0.0317494,0.0,0.23705968,1.2043845e-19,0.032500446,0.0,0.18360615,0.0,0.16911942,0.0,0.13842538,1.1097592e-19,0.027386177
1.8541828e-22,1.4929158e-17,0.0006499192,0.017186921,0.0,0.060624685,1.1325e-41,0.041830886,1.3919248999999998e-18,0.025058039,0.0,0.08936441,0.0,0.10398527,0.0,0.2376366,1.642302e-19,0.12630191,0.0,0.18902385,0.0,0.17317529,0.0,0.14208475,1.0179608e-19,0.028545737
1.833099e-22,7.656053000000001e-23,0.00050370244,0.015449041,0.0,0.06177108,1.1987e-41,0.043261725,2.3246505e-18,0.015200768,0.0,0.05732532,0.0,0.08457532,0.0,0.23811598,1.2514905e-19,0.17491741,0.0,0.18421696,0.0,0.17028014,0.0,0.14079623,1.04674214e-19,0.014348607
1.8140115e-22,7.0601114e-23,0.00045916656,0.010487061,0.0,0.059216905,1.2323000000000002e-41,0.022318773,1.7810681e-18,0.014117883,0.0,0.021953873,0.0,0.02482802,0.0,0.23742412,9.949017e-20,0.13165078,0.0,0.1843822,0.0,0.1699417,0.0,0.13866086,1.1192219e-19,0.06517862
1.7747404e-22,6.591771e-23,0.0046264376,0.0054391115,0.0,0.059874125,7.926e-42,0.028689591,2.180627e-18,0.01167865,0.0,0.03665928,0.0,0.35072634,0.0,0.23750901,1.1696219e-19,0.06409397,0.0,0.18734264,0.0,0.1717947,0.0,0.13952412,8.7063965e-20,0.012394994
1.6824646e-22,1.7084423e-17,0.0038976232,0.007275432,0.0,0.05919342,8.809e-42,0.016694577,2.2484241e-18,0.017646344,0.0,0.021348927,0.0,0.24323155,0.0,0.23719601,1.1772173e-19,0.047555752,0.0,0.18638846,0.0,0.17320953,0.0,0.14140207,9.129209e-20,0.082180865
1.6318069000000002e-22,1.5194426e-17,0.0034422285,0.0025957625,0.0,0.05693579,9.188e-42,0.014143077,2.2157795e-18,0.0054384624,0.0,0.098259896,0.0,0.13257466,0.0,0.23638393,1.07938546e-19,0.029698798,0.0,0.18158762,0.0,0.16841704,0.0,0.13708293,6.062222e-20,0.020068392
1.5865654e-22,6.452491e-18,0.0028671161,0.004085435,0.0,0.056374352,1.3079999999999999e-41,0.041661687,1.2949227999999998e-18,0.013585095,0.0,0.090660006,0.0,0.1272711,0.0,0.23614632,1.0675209e-19,0.109026834,0.0,0.17889014,0.0,0.16640708,0.0,0.13339351,6.3385435e-20,0.030679276
1.532762e-22,5.1380628e-23,0.004280758,0.0023763825,0.0,0.057699222,7.938e-42,0.01801201,1.9228885e-18,0.01711859,0.0,0.06657817,0.0,0.066375345,0.0,0.23642024,6.298928e-20,0.07351299,0.0,0.17993703,0.0,0.16634989,0.0,0.13309115,6.584063e-20,0.027129674
1.4716e-22,8.795921e-18,0.0028484087,0.0044995635,0.0,0.05963712,7.8e-42,0.018777013,1.4301170999999998e-18,0.008952261,0.0,0.028349817,0.0,0.019460503,0.0,0.23682313,3.8047012e-20,0.058563042,0.0,0.1809792,0.0,0.16855064,0.0,0.13546853,6.064156e-20,0.03049368
1.4218358e-22,4.5897433e-23,0.0025731192,0.0023134137,0.0,0.058041614,7.454e-42,0.037474267,1.202668e-18,0.009786303,0.0,0.03297295,0.0,0.28393456,0.0,0.23637168,3.1321233e-20,0.019690547,0.0,0.17916451,0.0,0.16496074,0.0,0.13212682,6.357412e-20,0.017082913
1.3829057e-22,1.4185782e-15,0.0016475169,0.005099307,0.0,0.05786153,4.5860000000000003e-42,0.02418908,6.319650000000002e-18,0.015085888,0.0,0.14739238,0.0,0.16711693,0.0,0.23614492,3.2565913e-20,0.3068866,0.0,0.17834425,0.0,0.16782945,0.0,0.13314387,6.165707e-20,0.041957118
1.3655064000000002e-22,4.0884338e-23,0.0016447691,0.0037438911,0.0,0.05764159,5.324000000000001e-42,0.016908307,6.419074e-18,0.013125777,0.0,0.15272024,0.0,0.12867005,0.0,0.23587692,2.3682448e-20,0.13975683,0.0,0.17891349,0.0,0.16656809,0.0,0.13314717,5.471762e-20,0.0086517045
1.346149e-22,3.815917e-23,0.0014957943,0.0040995413,0.0,0.059421908,6.138e-42,0.0373723,8.0332414e-18,0.024002563,0.0,0.11661752,0.0,0.041437827,0.0,0.23616965,4.363349e-20,0.057331257,0.0,0.1750559,0.0,0.1636724,0.0,0.12969302,5.658513e-20,0.03374966
1.3013847e-22,4.775906e-17,0.0048528267,0.0013006083,0.0,0.056167066,4.755e-42,0.01803872,6.345504299999999e-18,0.0053862366,0.0,0.08590156,0.0,0.04967851,0.0,0.23513533,5.450676e-20,0.015557792,0.0,0.17356019,0.0,0.16007715,0.0,0.124772646,5.6811624e-20,0.03770023
1.2196637e-22,4.3995982e-16,0.0030511615,0.0025253976,0.0,0.05494464,3.272e-42,0.025851645,1.02532586e-17,0.009689542,0.0,0.039430775,0.0,0.018948413,0.0,0.23458616,6.707629999999999e-20,0.35107458,0.0,0.17444617,0.0,0.1605848,0.0,0.12360116,4.7121058e-20,0.016796295
1.1902053e-22,5.761861e-17,0.0027069622,0.0010302495,0.0,0.053067707,4.7380000000000004e-42,0.027000124,8.7137886e-18,0.01539631,0.0,0.022678085,0.0,0.18268007,0.0,0.23389624,4.8539786e-20,0.15623097,0.0,0.17258751,0.0,0.15598962,0.0,0.11962238,4.8217224e-20,0.02690371
1.1545175000000002e-22,4.557759e-17,0.0027940087,0.0015995748,0.0,0.052300166,2.95e-42,0.015124655,8.099526e-18,0.01738633,0.0,0.11813672,0.0,0.13443863,0.0,0.23331209,5.6668916e-20,0.13568217,0.0,0.17303556,0.0,0.15781297,0.0,0.11978099,4.7464529999999996e-20,0.030477505
1.1262566e-22,3.0730834e-16,0.0021716964,0.0024009456,0.0,0.052435882,2.555e-42,0.0153329475,1.2678088e-17,0.0049668807,0.0,0.13021527,0.0,0.07825252,0.0,0.23291285,2.8224595e-20,0.0883965,0.0,0.17030852,0.0,0.15303084,0.0,0.11518188,4.829987e-20,0.03178788
1.1001563e-22,2.7743875e-23,0.0017508788,0.0010995887,0.0,0.04956838,1.906e-42,0.0230221,1.3367983e-17,0.0030514263,0.0,0.10765362,0.0,0.047858436,0.0,0.23185901,2.8753926e-20,0.031350896,0.0,0.16875899,0.0,0.15273747,0.0,0.113024235,4.195949e-20,0.011198945
1.0817815e-22,2.6448509e-23,0.001528819,0.0027700656,0.0,0.049716983,1.6260000000000002e-42,0.014922546,1.3837562e-17,0.0030933998,0.0,0.06731247,0.0,0.059239566,0.0,0.23154251,4.476771e-20,0.08229648,0.0,0.17018972,0.0,0.15286702,0.0,0.11323981,4.4373e-20,0.02239965
1.0614363000000001e-22,2.4746347e-23,0.0014900101,0.0015654919,0.0,0.05023057,1.4490000000000006e-42,0.013097092,1.1497259e-17,0.0055356747,0.0,0.026324812,0.0,0.060322806,0.0,0.23177195,5.882887999999999e-20,0.122360155,0.0,0.16918881,0.0,0.15119405,0.0,0.110949345,4.71982e-20,0.03919925
1.04325984e-22,1.5842966e-15,0.0010932916,0.0034506766,0.0,0.04753899,1.3050000000000001e-42,0.017793605,9.430924e-18,0.005969108,0.0,0.008412019,0.0,0.09280187,0.0,0.2307641,3.5307755e-20,0.089500494,0.0,0.16538016,0.0,0.14452532,0.0,0.104819134,4.0122913e-20,0.019774739
1.0262085e-22,3.3022115e-17,0.000760079,0.0013700625,0.0,0.047091108,1.2360000000000001e-42,0.023184273,9.7839105e-18,0.0045154565,0.0,0.11024599,0.0,0.06854826,0.0,0.2299238,3.9552303e-20,0.037089203,0.0,0.16291285,0.0,0.14404045,0.0,0.101600185,4.212564e-20,0.013956402
1.0181546000000001e-22,2.1407536e-23,0.00067556405,0.0018925562,0.0,0.04471422,1.735e-42,0.010043173,1.05269586e-17,0.0038313786,0.0,0.09580206,0.0,0.03424969,0.0,0.2285072,4.706317e-20,0.02971175,0.0,0.1644551,0.0,0.13841096,0.0,0.09677111,4.4926429999999995e-20,0.04113494
1.0086074e-22,2.0403742e-23,0.00055495993,0.0011567909,0.0,0.04521275,2.1920000000000006e-42,0.012789129,1.08278935e-17,0.0029985665,0.0,0.0744388,0.0,0.025970954,0.0,0.22788174,6.5576074e-20,0.14198129,0.0,0.16061103,0.0,0.13720667,0.0,0.09397619,4.170088e-20,0.012477467
1.0043148e-22,1.9342918e-23,0.0005540343,0.0037304966,0.0,0.045324046,1.4e-42,0.014342064,9.294505e-18,0.0062310733,0.0,0.046112254,0.0,0.07288519,0.0,0.22721519,3.7243189999999996e-20,0.09446469,0.0,0.16018604,0.0,0.13568388,0.0,0.092625745,4.6026355e-20,0.020409675
9.935258e-23,1.8530245e-23,0.0006312836,0.0009766844,0.0,0.039345056,1.197e-42,0.007813387,9.65277e-18,0.0029535391,0.0,0.014617683,0.0,0.061787985,0.0,0.22411293,3.325698e-20,0.03430016,0.0,0.1568252,0.0,0.12964618,0.0,0.08571073,4.9894349999999996e-20,0.020147512
9.823498e-23,1.7741752e-23,0.00056932936,0.0019170394,0.0,0.036875196,1.516e-42,0.01448265,1.0195113e-17,0.0028072842,0.0,0.038237162,0.0,0.028032573,0.0,0.22167853,4.3906139999999995e-20,0.027162734,0.0,0.15642504,0.0,0.12560162,0.0,0.08205391,4.9564236e-20,0.02285011
9.738521000000001e-23,1.7068618e-23,0.0010503596,0.0004975575,0.0,0.034918915,1.2020000000000001e-42,0.009060645,9.174274000000001e-18,0.0011540771,0.0,0.02258109,0.0,0.033076636,0.0,0.21910155,4.7105105e-20,0.07651849,0.0,0.15471305,0.0,0.12201102,0.0,0.078143306,5.1267059999999996e-20,0.0238698
9.6602247e-23,4.7137595e-17,0.0010486078,0.00018868546,0.0,0.03426638,1.443e-42,0.005388328,6.465919e-18,0.0007229374,0.0,0.011085962,0.0,0.07477795,0.0,0.2169805,4.7184996e-20,0.040747847,0.0,0.15170737,0.0,0.12041581,0.0,0.07686835,5.2311057e-20,0.021091182
9.582688e-23,4.0098186e-17,0.0010468588,0.00015188895,0.0,0.030924257,5.1800000000000006e-43,0.0060263583,7.777507e-18,0.00057996257,0.0,0.043925334,0.0,0.03834319,0.0,0.21341532,4.39718e-20,0.012741678,0.0,0.14938407,0.0,0.11286834,0.0,0.07055572,5.2150303e-20,0.03205594
9.487783e-23,1.5327017e-23,0.000949564,0.000794575,0.0,0.03225665,8.53e-43,0.010759664,7.85928e-18,0.0024603494,0.0,0.029020218,0.0,0.015327922,0.0,0.21208273,7.3556164e-20,0.26638332,0.0,0.14694716,0.0,0.109536566,0.0,0.06722406,4.845816e-20,0.012608796
9.4187966e-23,1.4746078e-23,0.0009479803,0.0015593533,0.0,0.03300553,1.066e-42,0.002477069,6.186210399999999e-18,0.0010663996,0.0,0.015470358,0.0,0.21496962,0.0,0.21072662,6.14754e-20,0.10719596,0.0,0.14713623,0.0,0.108189724,0.0,0.06718701,5.303151e-20,0.012089605
9.312951e-23,3.687585e-17,0.0008433338,0.00046816358,0.0,0.0324343,1.022e-42,0.00479673,5.4383200000000016e-18,0.00075915444,0.0,0.065230355,0.0,0.14825578,0.0,0.20901327,8.243984999999999e-20,0.017841391,0.0,0.14510928,0.0,0.107344516,0.0,0.066046536,5.478321e-20,0.011637298
8.954148000000001e-23,3.2388416e-17,0.0036639213,0.00033313682,0.0,0.028033655,9.3e-43,0.0019520371,4.7092265e-18,0.0007116221,0.0,0.050004225,0.0,0.09233206,0.0,0.20483625,1.1045688e-19,0.13658799,0.0,0.13983236,0.0,0.09989288,0.0,0.06019911,5.652011e-20,0.010163789
8.318621000000001e-23,1.3110401e-23,0.00149525,0.0006202993,0.0,0.028853523,4.5500000000000004e-43,0.0032795437,5.443409e-18,0.0009363246,0.0,0.030457592,0.0,0.039353233,0.0,0.2026358,1.2014956e-19,0.047979,0.0,0.13974966,0.0,0.09684694,0.0,0.058143824,5.6038165e-20,0.010559497
8.223576e-23,1.2852591e-23,0.0014927562,0.00046930302,0.0,0.02764989,0.0,0.0042699217,5.906245e-18,0.00044265983,0.0,0.007926569,0.0,0.053537235,0.0,0.1996407,1.5286642e-19,0.01169032,0.0,0.13519187,0.0,0.08948518,0.0,0.051954586,5.6892184e-20,0.008784556
8.100646000000001e-23,1.7728979e-15,0.0012131134,0.0007208812,0.0,0.025351813,4.89e-43,0.002237034,4.189902e-18,0.0011708321,0.0,0.038383704,0.0,0.030106753,0.0,0.19600007,1.8789135e-19,0.17762838,0.0,0.13118796,0.0,0.0813401,0.0,0.044930853,5.676176e-20,0.004948851
7.994970000000001e-23,1.2009636e-23,0.0010134601,0.00046862743,0.0,0.023578484,6.4500000000000014e-43,0.0012775793,5.5745195e-18,0.00083960086,0.0,0.021865383,0.0,0.020031761,0.0,0.19169179,1.30511e-19,0.055154555,0.0,0.12662199,0.0,0.07567301,0.0,0.041727826,5.562614999999999e-20,0.0039767646
7.901554000000002e-23,2.2508860000000006e-17,0.0010657572,0.0005558178,0.0,0.023509976,6.99e-43,0.0023273556,4.47097e-18,0.0012030421,0.0,0.006512649,0.0,0.11823683,0.0,0.18812259,1.6775362e-19,0.07022099,0.0,0.12258086,0.0,0.06951781,0.0,0.037818797,5.385703e-20,0.0035455595
7.651543e-23,1.12749176e-23,0.0005334213,0.00059253967,0.0,0.023314713,7.1700000000000014e-43,0.0012203974,4.580804599999999e-18,0.00058978534,0.0,0.036266986,0.0,0.08794337,0.0,0.18510976,1.4685259999999998e-19,0.015202061,0.0,0.115820095,0.0,0.062438693,0.0,0.03327666,5.4388146e-20,0.0029112971
7.257425e-23,1.4437635e-15,0.000288752,0.00039595735,0.0,0.022014193,7.8e-43,0.0006599958,3.9872376e-18,0.00047723364,0.0,0.019419631,0.0,0.032184806,0.0,0.18119615,1.5713683999999998e-19,0.15779905,0.0,0.11303219,0.0,0.056964166,0.0,0.02996278,5.262711e-20,0.0023217862
7.225053000000001e-23,6.8326085e-17,0.0002596184,0.00035182544,0.0,0.01875105,7.480000000000001e-43,0.0008159224,4.239577e-18,0.0005668513,0.0,0.006773064,0.0,0.012083329,0.0,0.17469262,1.031819e-19,0.039163645,0.0,0.10490811,0.0,0.051770285,0.0,0.026445981,5.2290116e-20,0.001059412
7.210651e-23,2.9476830000000004e-17,0.00025918536,0.00041058045,0.0,0.016988946,6.82e-43,0.0010581391,4.6461755e-18,0.0005086951,0.0,0.021284988,0.0,0.0628086,0.0,0.16783267,1.2593759e-19,0.0417892,0.0,0.10260905,0.0,0.04413402,0.0,0.022188134,5.0650473e-20,0.00066147285
7.180022000000001e-23,4.1183050000000004e-17,0.00022958957,0.00021907486,0.0,0.016440175,5.0400000000000014e-43,0.0017747767,3.4807086e-18,0.00033368735,0.0,0.009058132,0.0,0.017384632,0.0,0.16167542,1.2759142e-19,0.018319324,0.0,0.09409292,0.0,0.03819167,0.0,0.018482912,5.1043092999999996e-20,0.00068659574
6.987971599999999e-23,5.897008000000001e-17,0.00010476468,0.00012190159,0.0,0.01640223,6.38e-43,0.0011332487,3.1088050000000002e-18,0.00030646697,0.0,0.014591293,0.0,0.07641854,0.0,0.15645081,1.3351836e-19,0.10445281,0.0,0.09823098,0.0,0.038288333,0.0,0.01914838,4.9260208e-20,0.00060176867
6.966063000000001e-23,3.8720334e-17,9.2400165e-05,6.527863e-05,0.0,0.016612643,5.41e-43,0.00093047996,3.7745580000000004e-18,0.0001729749,0.0,0.010517469,0.0,0.048174568,0.0,0.15153548,1.2307176999999998e-19,0.027259003,0.0,0.08038086,0.0,0.031670585,0.0,0.015062162,4.847059e-20,0.0005518291
6.691677e-23,6.431868000000001e-17,3.1959207e-05,1.9539646e-05,0.0,0.015548398,5.820000000000001e-43,0.00043923527,1.8019975e-18,0.00014352686,0.0,0.0061034346,0.0,0.0131292,0.0,0.14581288,1.2362907e-19,0.051577654,0.0,0.084001325,0.0,0.0286258,0.0,0.013619601,4.8845668e-20,0.0007938144
6.6900334e-23,9.444581e-18,3.19059e-05,8.495645e-06,0.0,0.015050272,2.13e-43,0.002276688,2.9968113e-18,6.011362e-05,0.0,0.025761716,0.0,0.0933624,0.0,0.14077365,1.1985109999999998e-19,0.014610544,0.0,0.072724946,0.0,0.02515519,0.0,0.011665565,4.8756449999999996e-20,0.0004921759
6.533062000000001e-23,8.8072344e-24,1.4997694e-05,2.823117e-06,0.0,0.012552608,1.6800000000000002e-43,0.0010417678,5.08521e-18,4.0883555e-05,0.0,0.014108949,0.0,0.031297598,0.0,0.13162561,1.2685978e-19,0.11128626,0.0,0.066140406,0.0,0.018884007,0.0,0.008050536,4.8896507e-20,0.00023943621
6.461614599999999e-23,3.7552915e-17,9.7698e-06,5.5819197e-07,0.0,0.01096828,3.08e-43,0.0003747719,3.9748287e-18,2.5662388e-05,0.0,0.0044036456,0.0,0.015293155,0.0,0.121576376,1.0773011e-19,0.0274013,0.0,0.053061154,0.0,0.015683599,0.0,0.006649591,4.9133562e-20,0.0001527652
6.4091585e-23,4.926313e-16,6.960347e-06,1.5880255e-07,0.0,0.00916392,2.93e-43,0.00026198308,5.046526e-18,2.1481474e-05,0.0,0.007635782,0.0,0.044143233,0.0,0.11042812,1.1445079999999998e-19,0.02943025,0.0,0.06045756,0.0,0.014818317,0.0,0.006308123,4.7775942e-20,0.0001008458
6.408816e-23,3.2958078000000003e-16,6.9487373e-06,5.0698546e-08,0.0,0.008023881,3.11e-43,0.00019591121,4.769128e-18,2.7649481e-05,0.0,0.0052300896,0.0,0.010157667,0.0,0.10069538,1.1223333e-19,0.024949782,0.0,0.049630478,0.0,0.014635632,0.0,0.0062820436,4.8031214999999997e-20,5.4536795e-05
6.408474000000001e-23,4.543783e-17,6.9371467e-06,1.3194441e-08,0.0,0.0071936254,2.87e-43,0.00010446061,3.4643654e-18,3.0417776e-05,0.0,0.00584529,0.0,0.015830938,0.0,0.09195887,1.1286004e-19,0.037406523,0.0,0.047987625,0.0,0.011530639,0.0,0.0047025075,4.8577707e-20,2.2687083e-05
6.4081323e-23,2.6315239e-17,6.9255757e-06,4.297651e-09,0.0,0.005995357,3.0999999999999995e-43,0.00010608292,3.1122027e-18,2.4359275e-05,0.0,0.0043541268,0.0,0.024996707,0.0,0.08160231,1.1029239e-19,0.012566167,0.0,0.03995964,0.0,0.010717476,0.0,0.004369859,4.7348699999999995e-20,1.2245832e-05
