bulk_species_node [MG] at P @ dist64,bulk_species_node [MG] at P @ dist648,bulk_species_node [MG] at Chlorine @ dist64,bulk_species_node [MG] at Chlorine @ dist648,bulk_species_node [MG] at P @ dist420,bulk_species_node [MG] at Chlorine @ dist420
0.0,0.0,0.0,0.0,0.0,0.0
0.0,0.0,0.0,0.0,0.0,0.0
0.0,0.0,0.0,0.0,0.0,0.0
0.0,0.0,0.0,0.0,0.0,0.0
0.0,0.0,0.0,0.0,0.0,0.0
0.0,0.0,0.0,0.0,0.0,0.0
0.0,0.0,0.0,0.0,0.0,0.0
0.0,0.0,0.0,0.0,0.0,0.0
0.0,0.0,0.0,0.0,0.0,0.0
0.0,0.0,0.0,0.0,0.0,0.0
0.0,0.0,0.0,0.0,0.0,0.0
0.0,0.0,0.0,0.0,0.0,0.0
0.0,0.0,0.0,0.0,0.0,0.0
0.0,0.0,0.0,0.0,0.0,0.0
0.0,0.0,0.0,0.0,0.0,0.0
0.0,0.0,0.0,0.0,0.0,0.0
0.0,0.0,0.0,0.0,0.0,0.0
0.0,0.0,0.0,0.0,0.0,0.0
0.0,0.0,0.0,0.0,0.0,0.0
0.0,0.0,0.0,0.0,0.0,0.0
0.0,0.0,0.0,0.0,0.0,0.0
0.0,0.0,0.0,0.0,0.0,0.0
0.0,0.0,8.495682e-12,0.0,0.0,0.0
0.0,0.0,2.1679077e-11,0.0,0.0,0.0
0.0,0.0,2.1679077e-11,0.0,0.0,3.7849502e-06
0.0,0.0,2.0791313e-11,0.0,0.0,1.4858387e-05
0.0,0.0,2.2304873e-11,0.0,0.0,1.4245925e-05
0.0,0.0,2.2304873e-11,2.1311604e-17,0.0,3.1348234e-05
0.0,0.0,2.2304873e-11,0.0,0.0,2.5388805e-05
0.0,0.0,2.2304873e-11,0.0,0.0,2.3838209e-05
0.0,0.0,2.316527e-11,0.0,0.0,1.7924423e-05
0.0,0.0,2.316527e-11,0.0,0.0,6.852215e-06
0.0,0.0,2.316527e-11,0.0,0.0,1.1640494e-05
0.0,0.0,2.316527e-11,0.0,0.0,1.3742739e-05
0.0,0.0,2.124454e-11,1.0055542e-17,0.0,6.6646453e-06
0.0,0.0,1.9568994e-11,1.5300704e-16,0.0,5.6279114e-06
0.0,0.0,1.9568994e-11,0.0,0.0,1.3500225e-05
0.0,0.0,1.7924886e-11,4.685781e-18,0.0,1.6706324e-05
0.0,0.0,1.7924886e-11,0.0,0.0,1.3259867e-05
0.0,0.0,1.7924886e-11,2.046705e-18,0.0,1.5844122e-05
0.0,0.0,1.7924886e-11,6.020898999999999e-19,0.0,1.9418858e-05
0.0,0.0,1.7924886e-11,4.109416e-19,0.0,2.257666e-05
0.0,0.0,1.7924886e-11,9.4717705e-20,0.0,2.8082417e-05
0.0,0.0,1.7924886e-11,0.0,0.0,3.6861213e-05
0.0,0.0,1.7924886e-11,0.0,0.0,2.3368153e-05
0.0,0.0,1.7924886e-11,0.0,0.0,1.9070403e-05
0.0,0.0,1.7924886e-11,0.0,0.0,1.4660229e-05
0.0,0.0,1.7924886e-11,0.0,0.0,1.8975757e-05
0.0,0.0,1.7924886e-11,0.0,0.0,2.3162895e-05
0.0,0.0,1.7924886e-11,4.6656696e-17,0.0,3.3346245e-05
0.0,0.0,1.7924886e-11,0.0,0.0,3.183848e-05
0.0,0.0,1.5869453e-11,3.430759e-16,0.0,2.30863e-05
0.0,0.0,6.9103707e-12,2.321773e-16,0.0,2.0563344e-05
0.0,0.0,5.5450345e-12,1.4971624e-08,0.0,2.207728e-05
0.0,0.0,5.5450345e-12,1.7746055e-08,0.0,2.3252107e-05
0.0,0.0,2.879186e-12,1.394218e-08,0.0,2.2032662e-05
0.0,0.0,2.109706e-12,1.0713652e-08,0.0,3.1012765e-05
0.0,0.0,1.0307471e-12,8.3288214e-08,0.0,3.2423948e-05
0.0,0.0,6.9770226e-13,8.1548905e-08,0.0,2.7720735e-05
0.0,0.0,6.1553936e-13,5.0282093e-08,0.0,2.3770868e-05
0.0,0.0,5.430294e-13,6.2348676e-08,0.0,3.49334e-05
0.0,0.0,4.790524e-13,3.608628e-08,0.0,4.2489e-05
0.0,0.0,2.6284495e-13,4.0025444e-08,0.0,4.2721145e-05
0.0,0.0,2.6284495e-13,6.6921594e-08,0.0,4.442287e-05
0.0,0.0,2.6284495e-13,7.9025696e-08,0.0,3.29626e-05
0.0,0.0,2.6284495e-13,6.682962e-08,0.0,4.6519548e-05
0.0,0.0,1.2605463e-13,8.789344e-08,0.0,6.1690145e-05
0.0,0.0,3.39462e-14,4.6370403e-08,0.0,5.0509378e-05
0.0,0.0,1.4957978e-14,3.1400646e-08,0.0,4.1910072e-05
0.0,0.0,8.75606e-15,6.2259616e-08,0.0,6.0683076e-05
0.0,0.0,3.943416e-15,1.9003134e-07,0.0,5.7103025e-05
0.0,0.0,3.4787779e-15,2.9069332e-07,0.0,6.8221234e-05
0.0,0.0,6.688611500000002e-16,3.9592766e-07,0.0,7.168964e-05
0.0,0.0,1.0200939e-16,5.163173e-07,0.0,8.5248226e-05
0.0,0.0,2.4731605e-17,6.994459e-07,0.0,0.000117950774
0.0,0.0,1.9762632e-17,6.23141e-07,0.0,0.00012400287
0.0,0.0,1.424706e-17,4.7850574e-07,0.0,0.00011514405
0.0,0.0,5.6550306e-18,5.076015e-07,0.0,0.00011379711
0.0,0.0,2.4895688e-18,4.2898304e-07,0.0,8.869066e-05
0.0,0.0,8.204177e-19,4.5502625e-07,0.0,9.076502e-05
0.0,0.0,3.0419805e-19,7.48535e-07,0.0,0.000108904074
0.0,0.0,8.041507e-20,5.6963677e-07,0.0,0.00011244295
0.0,0.0,4.1080241999999997e-20,6.292887e-07,0.0,0.00011118752
0.0,0.0,1.28773474e-20,1.1136269e-06,0.0,0.00015306988
0.0,0.0,7.010144999999999e-21,9.967454e-07,0.0,0.00017790079
0.0,0.0,3.687235e-21,5.0876514e-07,0.0,0.00013405792
0.0,0.0,7.198883600000001e-22,2.805282e-07,0.0,0.00013540228
0.0,0.0,5.779956000000002e-22,1.3258011e-07,0.0,0.000101328966
0.0,0.0,1.8506124e-22,4.6217444e-08,0.0,0.00011119267
0.0,0.0,1.3035071000000002e-22,1.2716477e-08,0.0,4.7132184e-05
0.0,0.0,4.0955916e-23,5.445795e-09,0.0,1.8420887e-05
0.0,0.0,2.5377662e-23,1.6631929e-09,0.0,6.995214e-06
0.0,0.0,4.5528914e-24,4.5478094e-10,0.0,3.2723092e-06
0.0,0.0,1.3426992e-24,1.2918541e-10,0.0,1.2354767e-06
0.0,0.0,5.4264414999999985e-25,4.5361905e-11,0.0,0.0076990263
0.0,0.0,1.2525012e-25,1.7241606e-11,0.0,0.016728712
0.0,0.0,1.1075588999999998e-25,6.188232e-12,0.0,0.024230892
0.0,0.0,4.7456116e-26,1.7047902e-12,0.0,0.13307813
0.0,0.0,3.6711137e-26,6.4497566e-13,0.0,0.06138778
0.0,0.0,1.9787203e-26,8.1488456e-13,0.0,0.010738182
0.0,0.0,1.7497383e-26,1.7308569e-12,0.0,0.017528955
0.0,0.0,1.7497379e-26,5.5241234e-13,0.0,0.013067638
0.0,0.0,8.262352e-27,1.7866516e-13,0.0,0.016300844
0.0,0.0,6.633809999999999e-27,4.5526774e-14,0.0,0.01421368
0.0,0.0,5.4017516e-27,5.657906e-15,0.0,0.025312139
0.0,0.0,2.4087232e-27,1.3524087e-15,0.0,0.018207554
0.0,0.0,1.4004631e-27,6.0696766e-16,0.0,0.004429912
0.0,0.0,4.3392064e-28,5.827978000000001e-17,0.0,0.008630748
0.0,0.0,3.7925435e-30,1.2825036e-17,0.0,0.02516054
0.0,0.0,3.5123437e-29,1.4280966e-18,0.0,0.020256583
0.0,0.0,3.532924e-29,2.174493e-19,0.0,0.039438143
0.0,0.0,2.5897893000000003e-28,6.827543e-20,0.0,0.0055509093
0.0,0.0,8.297692000000001e-27,1.8274748e-20,0.0,0.017971551
0.0,0.0,3.3158844e-25,5.954937e-21,0.0,0.015012165
0.0,0.0,3.7495884000000005e-24,3.3485455e-21,0.0,0.019502213
0.0,0.0,9.399089e-24,1.0117328e-21,0.0,0.022081524
0.0,0.0,3.9562447e-24,2.9666562000000003e-22,0.0,0.00408262
0.0,0.0,9.791703e-24,2.0537291e-22,0.0,0.0072317654
0.0,0.0,2.3197946e-22,1.4726459e-22,0.0,0.011160179
0.0,0.0,5.95411e-22,1.4640227e-22,0.0,0.016108299
0.0,0.0,4.171844e-19,1.7264886000000002e-22,0.0,0.007844192
0.0,0.0,2.0468977e-18,4.9088785e-23,0.0,0.017632553
0.0,0.0,7.485801999999999e-19,1.1629574e-22,0.0,0.0067411517
0.0,0.0,8.0874335e-17,1.6876703e-22,0.0,0.012219205
0.0,0.0,5.4344456e-17,8.60032e-23,0.0,0.021349529
0.0,0.0,3.2257774e-17,2.2984538e-23,0.0,0.0033970054
0.0,0.0,1.0747707e-17,6.0627917e-24,0.0,0.0032560986
0.0,0.0,2.701339e-18,6.77319e-22,0.0,0.0033509
0.0,0.0,1.1060548e-18,1.1326343e-21,0.0,0.008868777
0.0,0.0,8.877858e-19,7.864868e-22,0.0,0.019783443
0.0,0.0,6.360433999999999e-19,4.374038600000001e-21,0.0,0.008285482
0.0,0.0,2.4689002e-18,5.6583237e-21,0.0,0.014195633
0.0,0.0,2.9280063e-17,1.4715552e-21,0.0,0.006977054
0.0,0.0,2.4526944000000002e-17,3.5359563e-22,0.0,0.0031968937
0.0,0.0,2.0300768e-17,8.602376000000001e-23,0.0,0.003161354
0.0,0.0,1.7945829000000002e-17,2.2180174000000004e-22,0.0,0.003643089
0.0,0.0,7.038006e-18,1.3542465e-22,0.0,0.0139679555
0.0,0.0,5.1860163e-18,1.0879052e-22,0.0,0.0034392856
0.0,0.0,3.8213614e-18,2.4377705e-23,0.0,0.001993084
0.0,0.0,3.378074e-18,2.3557228e-23,0.0,0.0015091407
0.0,0.0,2.9862093e-18,2.409654e-22,0.0,0.0044141593
0.0,0.0,2.9852624e-18,7.722293e-23,0.0,0.0078032236
0.0,0.0,2.6389646e-18,2.1322203e-23,0.0,0.013852203
0.0,0.0,8.870198e-19,4.407435e-24,0.0,0.0072926264
0.0,0.0,8.867385e-19,9.304618e-25,0.0,0.017311491
0.0,0.0,8.864574e-19,2.5878939e-23,0.0,0.008570513
0.0,0.0,7.115077e-19,1.5026257000000002e-22,0.0,0.010124553
0.0,0.0,3.195514e-19,3.404639000000001e-23,0.0,0.015213952
0.0,0.0,9.722693e-20,9.318314e-24,0.0,0.014932155
0.0,0.0,7.164251399999999e-20,2.4119389e-24,0.0,0.0077911983
0.0,0.0,5.7503276e-20,5.8928845999999985e-25,0.0,0.016396407
0.0,0.0,5.0832753e-20,2.0710453e-25,0.0,0.0069699218
0.0,0.0,1.0743065e-20,8.17159e-25,0.0,0.0061310157
0.0,0.0,1.1561046e-20,2.2944217e-25,0.0,0.012408847
0.0,0.0,4.8028064e-20,4.8204763e-26,0.0,0.0042616217
0.0,0.0,4.8012337999999997e-20,3.2623232e-24,0.0,0.004006403
0.0,0.0,2.1400136999999998e-20,1.3978824e-24,0.0,0.003794064
0.0,0.0,1.4539058e-20,3.771453e-25,0.0,0.003456064
0.0,0.0,1.4518736e-20,1.056852e-25,0.0,0.018790064
0.0,0.0,7.735318e-21,2.4414043e-26,0.0,0.0041286796
0.0,0.0,1.8118113e-19,5.662935e-27,0.0,0.003786935
0.0,0.0,7.657389e-20,1.3953071e-27,0.0,0.00058986375
0.0,0.0,7.654675e-20,3.2963914e-28,0.0,8.2460065e-06
0.0,0.0,1.8853918e-20,1.4247608e-28,0.0,0.003723858
0.0,0.0,5.060690600000001e-21,1.7987748e-29,0.0,0.012860186
0.0,0.0,5.44434e-19,2.4087981e-23,0.0,0.011880236
0.0,0.0,7.511872699999999e-19,6.6886775e-24,0.0,0.014261055
0.0,0.0,6.6398413e-19,1.7124762e-24,0.0,0.011559947
0.0,0.0,3.134076e-19,3.94687e-25,0.0,0.012671584
0.0,0.0,1.4793173e-19,9.3553005e-26,0.0,0.016419733
0.0,0.0,1.3075877e-19,7.0849554e-24,0.0,0.0067377705
0.0,0.0,8.29619e-20,2.0852885e-24,0.0,0.0107827755
0.0,0.0,7.333109999999999e-20,3.5324677e-23,0.0,0.015329457
0.0,0.0,5.885297e-20,5.5745165e-23,0.0,0.015240583
0.0,0.0,1.6396678e-20,2.127911e-23,0.0,0.02259787
0.0,0.0,9.1423644e-21,5.3441145000000005e-24,0.0,0.007255479
0.0,0.0,6.447833e-21,3.1375813e-23,0.0,0.0193297
0.0,0.0,1.2217991e-20,1.4674283e-23,0.0,0.009667421
0.0,0.0,6.812354e-21,8.469703400000002e-22,0.0,0.007953964
0.0,0.0,2.2895541e-21,1.3183225e-21,0.0,0.0042431178
0.0,0.0,1.8374937e-21,2.6358357000000004e-22,0.0,0.005870006
0.0,0.0,1.0905572e-21,8.1364906e-23,0.0,0.011281266
0.0,0.0,5.42486e-22,1.1536241000000001e-21,0.0,0.0029444378
0.0,0.0,3.2196683e-22,8.178489e-22,0.0,0.0019438774
0.0,0.0,2.372185e-22,2.0658344000000001e-22,0.0,0.0010365822
0.0,0.0,1.7477769e-22,4.7285793e-23,0.0,0.004443308
0.0,0.0,1.5448639e-22,1.8700637e-23,0.0,0.011086314
0.0,0.0,1.5442076000000002e-22,2.1229247e-23,0.0,0.0110487705
0.0,0.0,1.5435515e-22,1.0321377e-23,0.0,0.0113188205
0.0,0.0,1.3643487000000001e-22,2.3894964e-24,0.0,0.012975498
0.0,0.0,8.6562136e-23,7.556835e-25,0.0,0.01876316
0.0,0.0,4.1615234e-23,5.9844295e-25,0.0,0.007285043
0.0,0.0,1.8126694e-23,1.3474843e-24,0.0,0.008478822
0.0,0.0,2.3079526e-22,6.5289057e-25,0.0,0.018485108
0.0,0.0,4.4215495e-22,1.8038527e-25,0.0,0.0057743327
0.0,0.0,1.9871838e-22,3.9888718e-26,0.0,0.0060103796
0.0,0.0,1.5948056e-22,2.0377182e-25,0.0,0.008761192
0.0,0.0,3.6702310000000003e-23,1.8511848e-25,0.0,0.029237425
0.0,0.0,8.248169e-24,6.1921483000000005e-24,0.0,0.0032279151
0.0,0.0,8.974724000000001e-22,2.5179342e-24,0.0,0.0037316675
0.0,0.0,1.8810363e-22,6.4393196999999985e-25,0.0,0.0064249146
0.0,0.0,4.5708216e-23,1.5936092e-25,0.0,0.01182846
0.0,0.0,1.1021608e-23,3.6796947e-26,0.0,0.013994655
0.0,0.0,4.7956053e-24,1.8008213e-17,0.0,0.008386655
0.0,0.0,2.4264862e-24,6.580927e-18,0.0,0.0017202739
0.0,0.0,1.18844735e-23,4.134179e-18,0.0,0.00050205097
0.0,0.0,3.3124885e-23,4.3514898e-17,0.0,0.00018652175
0.0,0.0,1.5829696e-23,1.15809786e-17,0.0,0.001823064
0.0,0.0,3.3637676e-23,3.2039495e-18,0.0,0.0032161064
0.0,0.0,1.4177986999999998e-23,8.5815723e-19,0.0,0.006434719
0.0,0.0,2.4538547e-23,3.1173377e-19,0.0,0.019908823
0.0,0.0,2.85472e-22,1.4059863e-19,0.0,0.0061139357
0.0,0.0,1.3018570000000002e-22,4.3139559999999996e-20,0.0,0.018843733
0.0,0.0,1.4108901e-20,1.13268685e-20,0.0,0.0073504983
0.0,0.0,4.874244e-21,2.637028e-21,0.0,0.003692965
0.0,0.0,4.871551e-21,5.7555220000000005e-22,0.0,0.0052446015
0.0,0.0,4.3054246e-21,1.5570177000000002e-22,0.0,0.010924894
0.0,0.0,3.8050886000000004e-21,3.3952394e-23,0.0,0.011919607
0.0,0.0,2.3316557e-21,8.9752965e-24,0.0,0.021341452
0.0,0.0,1.1905487000000001e-21,2.6606643e-24,0.0,0.0031734635
0.0,0.0,4.47986e-22,1.5033652e-24,0.0,0.0063696667
0.0,0.0,4.477384e-22,1.5676636999999998e-25,0.0,0.0077255284
0.0,0.0,1.5625381000000001e-22,1.9848947e-23,0.0,0.0080285715
0.0,0.0,5.868764000000001e-23,1.6270842000000002e-22,0.0,0.015549475
0.0,0.0,4.7094053e-23,5.5475734e-23,0.0,0.011408822
0.0,0.0,3.4693494e-23,1.8175985e-23,0.0,0.032488488
0.0,0.0,3.066174e-23,2.0886118e-23,0.0,0.004032382
0.0,0.0,1.542267e-23,2.0664201000000001e-22,0.0,0.0029027204
0.0,0.0,2.8095967e-22,5.177291000000002e-22,0.0,0.0022389458
0.0,0.0,8.500174000000001e-23,1.5313778000000002e-22,0.0,0.0012387952
0.0,0.0,2.5078715e-23,3.4670992e-23,0.0,0.0006381805
0.0,0.0,1.3183632e-23,3.7937583e-23,0.0,0.0001999719
0.0,0.0,9.712090000000001e-24,2.6645916e-23,0.0,0.0045217443
0.0,0.0,7.793416e-24,6.122166000000001e-23,0.0,0.010450683
0.0,0.0,5.7412374e-24,3.264324e-23,0.0,0.009146803
0.0,0.0,2.4040677e-23,9.091775e-24,0.0,0.016188025
0.0,0.0,1.1729848000000002e-22,2.1022522e-24,0.0,0.006856786
0.0,0.0,5.2667393e-23,4.5624396999999995e-25,0.0,0.005258285
0.0,0.0,1.1749969e-23,4.4976766e-24,0.0,0.002462805
0.0,0.0,4.9921575e-24,1.9474784e-23,0.0,0.0010740396
0.0,0.0,7.242331e-24,3.7202897000000005e-24,0.0,0.00047650433
0.0,0.0,2.7127870000000003e-23,9.626798e-25,0.0,0.00010903157
0.0,0.0,1.8488541e-23,2.2706067e-25,0.0,3.0701118e-05
0.0,0.0,9.675913e-23,2.2266713e-24,0.0,1.2241586e-05
0.0,0.0,3.3731648e-23,8.561564e-25,0.0,3.5205665e-06
0.0,0.0,7.134713e-22,1.9674476e-25,0.0,0.00134397
0.0,0.0,7.468536e-22,4.1387507e-26,0.0,0.0016674248
0.0,0.0,5.0899643e-22,4.146598e-24,0.0,0.00081900315
0.0,0.0,1.1208026e-22,1.0326008e-24,0.0,0.00021926554
0.0,0.0,9.905057e-23,2.5702772e-25,0.0,6.0644245e-05
0.0,0.0,7.2965576e-23,4.8877033e-26,0.0,1.6550124e-05
0.0,0.0,3.512115e-21,1.0701718e-26,0.0,6.727364e-06
0.0,0.0,1.3854933e-20,2.9039744e-27,0.0,1.7909722e-06
0.0,0.0,5.327128e-21,5.342022e-26,0.0,4.0487964e-07
0.0,0.0,3.455306e-21,1.4174114e-26,0.0,8.7379966e-08
0.0,0.0,2.7498729e-21,2.6573244e-27,0.0,1.799257e-05
0.0,0.0,6.1319499999999986e-21,4.711729e-28,0.0,2.4357896e-05
0.0,0.0,5.349189e-21,9.950527e-29,0.0,7.270682e-06
0.0,0.0,2.6638164e-21,7.4615485e-28,0.0,1.6044701e-06
0.0,0.0,1.8290906000000002e-21,4.980484e-28,0.0,3.8062564e-07
0.0,0.0,8.631393e-22,9.819371e-29,0.0,9.521853e-08
0.0,0.0,8.62572e-22,2.4030725e-29,0.0,3.1886735e-08
0.0,0.0,7.622519999999999e-22,1.2584123e-29,0.0,6.7937713e-09
0.0,0.0,6.735995700000002e-22,6.0288853e-27,0.0,7.491377e-08
0.0,0.0,1.9100432000000002e-21,5.1033094e-26,0.0,2.7987674e-08
0.0,0.0,1.206036e-20,1.0333502e-26,0.0,7.402107e-09
0.0,0.0,1.0657632e-20,1.803509e-27,0.0,1.3861281e-09
0.0,0.0,4.3635629999999997e-20,4.8986996e-28,0.0,2.1193205e-06
0.0,0.0,1.2525455999999998e-19,1.1811163e-28,0.0,1.6681572e-06
0.0,0.0,5.6234155e-20,1.1375396e-29,0.0,3.7951608e-07
0.0,0.0,4.7456635e-20,2.1891775e-30,0.0,9.0726616e-08
0.0,0.0,4.409789e-20,4.3190234e-31,0.0,2.2992582e-08
0.0,0.0,2.1930574e-20,7.015339e-30,0.0,6.015277e-09
0.0,0.0,2.1915806e-20,3.256278e-30,0.0,8.8566225e-08
0.0,0.0,1.9366613e-20,6.958723000000001e-31,0.0,1.8829e-08
0.0,0.0,1.0795509e-20,7.790644e-30,0.0,3.72575e-09
0.0,0.0,9.883150999999999e-21,1.8789538e-30,0.0,7.0205813e-10
0.0,0.0,9.421021e-21,3.993579e-31,0.0,1.416289e-10
0.0,0.0,9.4146765e-21,8.266618e-32,0.0,2.1936388e-11
0.0,0.0,6.181365e-21,1.6613661e-32,0.0,4.0105055e-12
0.0,0.0,3.445671e-21,2.4933515e-33,0.0,7.161327e-13
0.0,0.0,3.4433505e-21,6.3994463e-34,0.0,4.64266e-08
0.0,0.0,3.0414088e-21,7.716739e-35,0.0,3.1279768e-08
0.0,0.0,2.4412784000000006e-21,1.3927211e-34,0.0,6.1941465e-09
0.0,0.0,2.4396343000000002e-21,2.7332947e-35,0.0,1.7185806e-09
0.0,0.0,1.6625411e-21,4.1744983e-36,0.0,1.7265445e-10
0.0,0.0,1.6614215000000001e-21,1.0413687e-34,0.0,3.330859e-11
0.0,0.0,1.4681691e-21,2.9849148e-35,0.0,6.055121e-12
0.0,0.0,1.4671804e-21,5.481447e-36,0.0,1.2292477e-12
0.0,0.0,1.4661924e-21,9.126162e-37,0.0,2.2229668e-13
0.0,0.0,1.4652051e-21,2.1894468e-37,0.0,5.2689505e-14
0.0,0.0,1.4642183e-21,2.9337764000000003e-38,0.0,1.2433739e-14
0.0,0.0,5.740345000000002e-22,4.9306704e-38,0.0,2.1307673e-15
0.0,0.0,5.7364794000000015e-22,1.3190962e-38,0.0,4.458129e-16
0.0,0.0,3.6386478000000003e-22,1.499174e-39,0.0,8.045735e-17
0.0,0.0,2.1651193e-22,3.68585e-40,0.0,1.1040830000000001e-17
0.0,0.0,2.9791036e-20,6.6469e-41,0.0,6.8063527e-15
0.0,0.0,1.7569294e-20,3.5939e-41,0.0,2.778466e-15
0.0,0.0,1.552537e-20,3.5701e-41,0.0,5.799399e-16
0.0,0.0,1.5514611e-20,3.1670000000000003e-42,0.0,7.514574e-17
0.0,0.0,7.321011e-21,1.7084060000000002e-39,0.0,1.5286352e-17
0.0,0.0,7.3159375e-21,6.076760000000001e-40,0.0,2.4905608e-18
0.0,0.0,2.8680961000000006e-21,1.44096e-40,0.0,4.0496462e-19
0.0,0.0,2.8661083e-21,2.3608e-41,0.0,1.6597637e-17
0.0,0.0,1.8179362e-21,5.018000000000001e-42,0.0,4.1716687e-18
0.0,0.0,1.8166762e-21,1.3470000000000003e-42,0.0,1.0421516e-18
0.0,0.0,3.3194047e-20,1.2177e-41,0.0,2.6095832e-19
0.0,0.0,3.7733863e-20,1.2999999999999998e-43,0.0,5.877992e-20
0.0,0.0,3.770726e-20,1.8000000000000002e-44,0.0,1.0749076e-20
0.0,0.0,1.543281e-20,4.000000000000001e-45,0.0,2.1029088e-21
0.0,0.0,6.6079263e-21,1e-45,0.0,3.869839e-22
0.0,0.0,6.6032673e-21,0.0,0.0,5.8287184e-23
0.0,0.0,5.835007e-21,0.0,0.0,8.502776e-24
0.0,0.0,5.830893e-21,0.0,0.0,1.7214562000000002e-24
0.0,0.0,5.8267822e-21,0.0,0.0,3.572575e-25
0.0,0.0,5.822674e-21,0.0,0.0,6.0609977e-26
0.0,0.0,5.818569e-21,0.0,0.0,8.811493e-27
0.0,0.0,5.141605e-21,0.0,0.0,1.8766957e-27
0.0,0.0,2.55692e-21,0.0,0.0,3.4872014e-28
0.0,0.0,2.5551173000000007e-21,0.0,0.0,6.251471000000001e-29
0.0,0.0,2.257841e-21,0.0,0.0,9.5128345e-30
0.0,0.0,2.2562492e-21,0.0,0.0,2.789267e-30
0.0,0.0,1.4310931e-21,0.0,0.0,3.8192536e-31
0.0,0.0,1.0541043e-21,0.0,0.0,1.0438082e-24
0.0,0.0,1.0533611000000001e-21,0.0,0.0,3.3510607e-25
0.0,0.0,7.178128000000002e-22,0.0,0.0,6.151606e-26
0.0,0.0,6.342985400000002e-22,0.0,0.0,9.483026e-27
0.0,0.0,6.3385133e-22,0.0,0.0,1.5523565e-27
0.0,0.0,2.7139857000000004e-22,0.0,0.0,3.3565586e-28
0.0,0.0,2.3982258000000003e-22,0.0,0.0,4.5649472e-29
0.0,0.0,1.9241691e-22,0.0,0.0,8.5467414e-30
0.0,0.0,6.702678e-23,0.0,0.0,1.5098035e-30
0.0,0.0,6.697952000000001e-23,0.0,0.0,2.6943647e-31
0.0,0.0,5.918676e-23,0.0,0.0,4.5390565e-32
0.0,0.0,5.914503000000001e-23,0.0,0.0,5.4207455e-33
0.0,0.0,5.9103333e-23,0.0,0.0,1.9378729e-28
0.0,0.0,2.9490006e-23,0.0,0.0,1.4750942e-28
0.0,0.0,1.5446149e-23,0.0,0.0,2.9141433e-29
0.0,0.0,1.5435258e-23,0.0,0.0,4.2634778e-30
0.0,0.0,1.0798114e-23,0.0,0.0,8.347407000000001e-31
0.0,0.0,6.2666534000000006e-24,0.0,0.0,1.5927041e-31
0.0,0.0,2.3314547e-24,0.0,0.0,2.544305e-32
0.0,0.0,4.844265e-25,0.0,0.0,4.9072294e-33
0.0,0.0,4.066252e-24,0.0,0.0,1.1648465e-33
0.0,0.0,4.9533432e-24,0.0,0.0,1.397673e-17
0.0,0.0,1.01121744e-25,0.0,0.0,6.730577599999999e-18
0.0,0.0,4.217702e-26,0.0,0.0,1.4342091e-18
0.0,0.0,1.7626653000000002e-26,0.0,0.0,3.1898424e-19
0.0,0.0,1.3188382000000002e-26,0.0,0.0,6.2035e-20
0.0,0.0,9.71376e-27,0.0,0.0,4.210732e-15
0.0,0.0,7.154564e-27,0.0,0.0,1.396537e-15
0.0,0.0,1.6822353000000003e-27,0.0,0.0,3.3711925000000003e-16
0.0,0.0,2.2025993e-29,0.0,0.0,9.563012e-17
0.0,0.0,1.2500606e-30,6.46e-43,0.0,2.3721356e-17
0.0,0.0,6.2161434e-31,9.540000000000001e-43,0.0,6.0205745e-18
0.0,0.0,3.2210334e-31,1.84e-43,0.0,1.6270476000000002e-16
0.0,0.0,9.108773e-32,3.8e-44,0.0,8.155275000000001e-17
0.0,0.0,1.7648195e-32,1e-44,0.0,2.4800243e-17
0.0,0.0,2.87854e-33,3e-45,0.0,9.080294e-12
0.0,0.0,5.5038964e-35,0.0,0.0,3.2400471e-12
0.0,0.0,4.364698e-36,1.0836004e-38,0.0,1.0361988e-12
0.0,0.0,2.0861289e-36,3.926728e-39,0.0,2.7999356e-13
0.0,0.0,6.8454e-36,1.520762e-39,0.0,1.0485393e-07
0.0,0.0,4.2270476e-36,7.376601e-38,0.0,8.486939e-08
0.0,0.0,3.113142e-36,2.3051396e-38,0.0,2.126041e-08
0.0,0.0,1.6361114e-36,6.173626e-39,0.0,0.0031349289
0.0,0.0,1.1147896e-36,1.0528047000000001e-21,0.0,0.025724977
0.0,0.0,8.715153e-37,2.9654266e-22,0.0,0.003469532
0.0,0.0,1.2494723e-35,6.948110000000001e-23,0.0,0.0033719926
0.0,0.0,1.9454444e-33,7.447356000000002e-22,0.0,0.02300799
0.0,0.0,6.6540515e-34,3.3724155000000005e-22,0.0,0.00366088
0.0,0.0,1.7426826000000002e-32,1.04105475e-22,0.0,0.010627563
0.0,0.0,1.143527e-30,2.9401108e-23,0.0,0.012105612
0.0,0.0,7.3828984e-28,6.402324e-24,0.0,0.015567603
0.0,0.0,7.619474399999998e-25,2.2254459999999998e-24,0.0,0.009478915
0.0,0.0,2.8816115e-25,8.635836e-25,0.0,0.032113668
0.0,0.0,1.1294623e-25,7.462334e-25,0.0,0.0077130185
0.0,0.0,3.833395e-26,2.8808692e-25,0.0,0.037625466
0.0,0.0,1.218224e-24,9.607374500000001e-24,0.0,0.0030470032
0.0,0.0,6.880185300000002e-22,1.8474608e-23,0.0,0.00809724
0.0,0.0,7.704262e-22,5.2215985e-24,0.0,0.029608097
0.0,0.0,3.410385e-18,1.589496e-24,0.0,0.0041303113
0.0,0.0,2.0333791e-18,1.2915259e-20,0.0,0.016985692
0.0,0.0,1.3853029e-18,9.805192e-20,0.0,0.0040674657
0.0,0.0,8.784522e-19,2.6410093e-20,0.0,0.01698114
0.0,0.0,4.3138198e-19,9.125789999999999e-21,0.0,0.0087245945
0.0,0.0,4.1794438e-18,2.4334753e-21,0.0,0.015305942
0.0,0.0,3.5500445e-17,6.913701e-18,0.0,0.039924383
0.0,0.0,1.9783297000000002e-17,2.7591422e-18,0.0,0.010611496
0.0,0.0,3.6914304e-18,1.1100823e-17,0.0,0.014856948
0.0,0.0,1.786961e-18,6.2686810000000004e-18,0.0,0.03230057
0.0,0.0,1.745797e-18,2.9304735000000003e-16,0.0,0.0120920595
0.0,0.0,3.1185222e-17,4.1011e-16,0.0,0.005955188
0.0,0.0,5.1478067e-17,1.2364389e-16,0.0,0.025090747
0.0,0.0,1.6202476e-15,8.958426e-14,0.0,0.024278244
0.0,0.0,9.085419e-16,1.936103e-10,0.0,0.00574409
0.0,0.0,4.4271103000000006e-16,6.402767e-11,0.0,0.02252839
0.0,0.0,4.0333896e-15,1.7209947e-11,0.0,0.005299236
0.0,0.0,5.7199076e-15,1.1516108e-11,0.0,0.020592378
0.0,0.0,1.0892868e-15,3.937881e-12,0.0,0.005508542
0.0,0.0,2.6363218e-16,1.2284264e-12,0.0,0.011494672
0.0,0.0,5.5789514e-17,1.2142497e-12,0.0,0.030318152
0.0,0.0,5.6792007e-14,0.008494252,0.0,0.01561452
0.0,0.0,3.5595557e-14,0.017552545,0.0,0.05490656
0.0,0.0,2.8550574e-14,0.014391106,0.0,0.013838462
0.0,0.0,2.1023083e-14,0.014452274,0.0,0.031201934
0.0,0.0,1.4321753e-14,0.013796493,0.0,0.004668065
0.0,0.0,7.5254075e-15,4.4925505e-06,0.0,0.00644205
0.0,0.0,6.035998e-15,1.0304789e-06,0.0,0.011290893
0.0,0.0,1.2565055e-13,3.5053347e-07,0.0,0.031891894
0.0,0.0,5.0935618e-14,0.012734109,0.0,0.0068922914
0.0,0.0,1.2190549e-14,0.01613526,0.0,0.016879234
0.0,0.0,4.893643e-15,0.01559899,0.0,0.017716583
0.0,0.0,6.509282e-13,0.008768656,0.0,0.0071722646
0.0,0.0,1.6160189e-13,0.01333622,0.0,0.033019006
0.0,0.0,3.4005567e-12,0.017293243,0.0,0.0035853786
0.0,0.0,9.712364e-12,0.021901736,0.0,0.010621567
0.0,0.0,4.7710178e-12,0.009677474,0.0,0.015418513
0.0,0.0,8.6087897e-13,0.0067543546,0.0,0.014307055
0.0,0.0,3.5222175e-13,0.010341089,0.0,0.03631982
0.0,0.0,2.0799916e-13,0.0067241658,0.0,0.0057113213
0.0,0.0,7.0406334e-14,0.0050763343,0.0,0.013111426
0.0,0.0,1.3808405e-12,0.0031928392,0.0,0.024489133
0.0,0.0,6.2101214e-12,0.0013753006,0.0,0.0036880344
0.0,0.0,1.0097768e-11,0.00027395392,0.0,0.0060127336
0.0,0.0,2.0182384e-12,0.00022625792,0.0,0.011777277
0.0,0.0,5.6408654e-13,6.949344e-05,0.0,0.0053230426
0.0,0.0,1.9642586e-13,1.83877e-05,0.0,0.009078974
0.0,0.0,1.4463059e-13,4.926996e-06,0.0,0.017973054
0.0,0.0,3.919697e-14,1.0377934e-06,0.0,0.0072678165
0.0,0.0,2.8903278e-14,2.6864151e-07,0.0,0.0140240295
0.0,0.0,7.105755e-15,9.691137e-08,0.0,0.016109716
0.0,0.0,4.5054364e-15,2.1902247e-08,0.0,0.012728058
0.0,0.0,2.2947668e-15,5.3160125e-09,0.0,0.011441056
0.0,0.0,1.1961133e-15,7.4690587e-10,0.0,0.0111230435
0.0,0.0,4.0803553e-13,3.9916304e-10,0.0,0.020167742
0.0,0.0,3.259462e-13,1.3763203e-10,0.0,0.0046755993
0.0,0.0,1.7332959e-13,9.685601e-09,0.0,0.00693134
0.0,0.0,8.6004425e-14,4.1586894e-09,0.0,0.006774327
0.0,0.0,5.8586315e-14,6.1688195e-05,0.0,0.006681358
0.0,0.0,3.9909065e-14,6.6945904e-05,0.0,0.012595464
0.0,0.0,2.1777265e-14,4.8704423e-09,0.0,0.011721393
0.0,0.0,1.4834698e-14,8.152078e-11,0.0,0.015707118
0.0,0.0,6.4317685e-15,2.4915017e-09,0.0,0.011240019
0.0,0.0,5.033343e-15,3.571086e-10,0.0,0.024745714
0.0,0.0,1.6159008e-15,3.165833e-07,0.0,0.0076820604
0.0,0.0,7.5283124e-16,1.2496587e-07,0.0,0.013132611
0.0,0.0,4.465190300000001e-16,3.1387966e-08,0.0,0.0129360035
0.0,0.0,2.5087822e-16,7.351263e-09,0.0,0.013272112
0.0,0.0,1.01115815e-16,1.8765363e-09,0.0,0.016527884
0.0,0.0,8.109867000000001e-17,4.311969e-10,0.0,0.014148011
0.0,0.0,1.9937604e-17,9.0487326e-11,0.0,0.019796597
0.0,0.0,8.533654e-18,2.3970374e-11,0.0,0.007966485
0.0,0.0,6.6554208e-15,5.9879593e-12,0.0,0.011742921
0.0,0.0,4.2383377e-15,1.4055324e-12,0.0,0.010829216
0.0,0.0,7.5456527e-16,3.5355855e-13,0.0,0.013342714
0.0,0.0,1.3531406e-16,3.9076396e-05,0.0,0.022264235
0.0,0.0,4.8926648e-17,1.3840755e-05,0.0,0.0036429658
0.0,0.0,3.9240650000000004e-17,2.2283325e-06,0.0,0.0026436115
0.0,0.0,2.8892787e-17,6.3155755e-07,0.0,0.0013524918
0.0,0.0,6.728535e-17,1.3519204e-07,0.0,0.0005755665
0.0,0.0,4.1653798e-17,3.1364674e-08,0.0,0.00012974252
0.0,0.0,2.3922899e-17,7.5178175e-09,0.0,3.7524176e-05
0.0,0.0,1.5719391e-17,2.2251199e-09,0.0,1.2429094e-05
0.0,0.0,5.6837437e-18,5.379187e-10,0.0,0.0030279441
0.0,0.0,2.1375735e-18,1.0482212e-10,0.0,0.00262062
0.0,0.0,1.0626087999999998e-18,3.2080786e-11,0.0,0.0022152173
0.0,0.0,5.334833e-19,8.256305e-12,0.0,0.0015458929
0.0,0.0,9.528795e-16,8.9766036e-05,0.0,0.0031099007
0.0,0.0,1.3237062e-15,5.4110555e-05,0.0,0.015536914
0.0,0.0,8.392627400000002e-16,1.34917045e-05,0.0,0.008815338
0.0,0.0,5.1940628e-15,3.4832728e-06,0.0,0.022966316
0.0,0.0,2.9624376e-15,9.0952545e-07,0.0,0.006646504
0.0,0.0,1.0646475e-15,2.3180867e-07,0.0,0.010891054
0.0,0.0,6.143152e-16,4.9467115e-08,0.0,0.023821255
0.0,0.0,1.1183106000000002e-16,1.5766222e-08,0.0,0.0054809824
0.0,0.0,5.601008000000001e-17,4.647105e-09,0.0,0.015717484
0.0,0.0,4.9473232e-17,1.1197182e-09,0.0,0.0050411876
0.0,0.0,3.1366983000000003e-17,3.3701403e-10,0.0,0.01212896
0.0,0.0,3.1331997e-17,0.004879454,0.0,0.014929301
0.0,0.0,2.5128286e-17,0.006212441,0.0,0.015528189
0.0,0.0,1.6141699000000002e-16,0.0030796598,0.0,0.01415041
0.0,0.0,3.8079887e-15,0.0015465586,0.0,0.02191085
0.0,0.0,1.4977926e-15,0.00032593383,0.0,0.013398555
0.0,0.0,6.642351e-16,6.658138e-05,0.0,0.015563552
0.0,0.0,5.070606600000001e-16,1.6486045e-05,0.0,0.011613774
0.0,0.0,1.8333341e-16,5.835228e-06,0.0,0.034161717
0.0,0.0,1.6193496000000002e-16,1.6324764e-06,0.0,0.0040472844
0.0,0.0,6.342073000000001e-17,8.148142e-09,0.0,0.0044336542
0.0,0.0,2.0957738e-13,4.9966435e-08,0.0,0.008696454
0.0,0.0,1.1774224e-13,9.923586e-11,0.0,0.019994969
0.0,0.0,3.882067e-14,2.3482842e-11,0.0,0.011061505
0.0,0.0,1.6259877e-14,7.283428e-12,0.0,0.007185222
0.0,0.0,1.1971403e-14,1.860485e-12,0.0,0.022850953
0.0,0.0,2.884396e-15,5.2577506e-13,0.0,0.0040411986
0.0,0.0,1.0011858e-15,1.4399246e-13,0.0,0.009004794
0.0,0.0,6.8196285e-16,3.541104e-14,0.0,0.020790864
0.0,0.0,4.3236813000000005e-16,9.743421e-15,0.0,0.012261978
0.0,0.0,2.0393467e-16,2.4391699e-15,0.0,0.0075977445
0.0,0.0,1.1362632e-16,6.1561917e-10,0.0,0.019161718
0.0,0.0,3.9563857e-17,1.6765496e-10,0.0,0.0063157235
0.0,0.0,2.6737148e-17,4.6244866e-11,0.0,0.014839992
0.0,0.0,5.576106e-18,1.0649234e-11,0.0,0.013659604
0.0,0.0,2.2812034e-18,2.7798926e-12,0.0,0.014200688
0.0,0.0,1.3529353e-18,7.055241e-13,0.0,0.014439891
0.0,0.0,6.0713113e-19,1.8280303e-13,0.0,0.016851936
0.0,0.0,1.4557884e-19,4.8607538e-14,0.0,0.013213462
0.0,0.0,9.324575e-20,0.0006321215,0.0,0.044362135
0.0,0.0,6.18742e-20,0.0014761719,0.0,0.008815157
0.0,0.0,4.028225e-20,0.00049170665,0.0,0.0138346655
0.0,0.0,1.4921703e-20,0.00013322999,0.0,0.023993975
0.0,0.0,6.69607e-21,3.161139e-05,0.0,0.008820826
0.0,0.0,4.300891e-21,8.151836e-06,0.0,0.007853547
0.0,0.0,3.4089805000000004e-21,2.1983537e-06,0.0,0.031048318
0.0,0.0,4.2685435e-18,4.589e-07,0.0,0.0043891734
0.0,0.0,2.6997215e-18,1.4582706e-07,0.0,0.004324696
0.0,0.0,1.9876428e-18,4.194344e-08,0.0,0.00839792
0.0,0.0,8.854889e-19,5.598337e-09,0.0,0.020705827
0.0,0.0,2.887353e-19,0.0018238708,0.0,0.006560387
0.0,0.0,1.7123972999999998e-19,0.0009420086,0.0,0.011525505
0.0,0.0,1.1663856999999998e-19,0.00038456707,0.0,0.030979834
0.0,0.0,1.1650366e-19,9.173328e-05,0.0,0.02386734
0.0,0.0,4.973255000000001e-17,2.3913792e-05,0.0,0.0039601703
0.0,0.0,1.12766936e-17,5.847551e-06,0.0,0.0033166278
0.0,0.0,3.0928995e-15,1.090132e-06,0.0,0.0028563996
0.0,0.0,1.4674229e-15,2.6187215e-07,0.0,0.001996653
0.0,0.0,2.812978e-16,6.367959e-08,0.0,0.0014820831
0.0,0.0,1.2254301e-14,2.4265673e-05,0.0,0.0006341911
0.0,0.0,8.5097334e-15,8.7023e-06,0.0,0.00015862072
0.0,0.0,3.2291789e-15,1.7644436e-06,0.0,3.8129085e-05
0.0,0.0,6.056198e-16,4.880429e-07,0.0,0.015314433
0.0,0.0,1.0403857e-13,1.11679874e-07,0.0,0.0061499206
0.0,0.0,4.3165138e-13,2.403305e-08,0.0,0.010161541
0.0,0.0,1.0516493e-12,5.3436784e-09,0.0,0.011924261
0.0,0.0,4.2815512e-13,1.2044558e-09,0.0,0.012345373
0.0,0.0,3.3852157e-11,2.4301672e-10,0.0,0.00752346
0.0,0.0,1.5186866e-10,5.2480277e-11,0.0,0.010764756
0.0,0.0,7.162622e-11,1.29285116e-11,0.0,0.018496817
0.0,0.0,1.6723286e-11,4.2542406e-12,0.0,0.0069276327
0.0,0.0,3.5587679e-12,5.9523556e-13,0.0,0.004267779
0.0,0.0,2.6199553e-12,1.13254756e-13,0.0,0.0017716639
0.0,0.0,1.9288041e-12,2.3887811e-14,0.0,0.00065442914
0.0,0.0,1.6201925e-12,2.844897e-14,0.0,0.00018487261
0.0,0.0,1.0599579e-12,5.8030314e-10,0.0,5.1348678e-05
0.0,0.0,4.4153475e-13,3.3755487e-10,0.0,1.3498147e-05
0.0,0.0,2.0233885e-13,6.8815835e-11,0.0,3.4047682e-06
0.0,0.0,5.2115708e-14,1.7736874e-11,0.0,8.7068906e-07
0.0,0.0,3.6139227e-14,2.7945274e-12,0.0,0.0035140493
0.0,0.0,1.462981e-14,5.6101114e-13,0.0,0.0027032732
0.0,0.0,1.2921108e-14,1.375704e-13,0.0,0.0003404725
0.0,0.0,1.03564796e-14,1.7685111e-14,0.0,0.00010039338
0.0,0.0,3.7449834e-15,3.2005502e-15,0.0,2.0951853e-05
0.0,0.0,1.0425711e-15,6.4572614e-16,0.0,5.594831e-06
0.0,0.0,8.3605995e-16,1.1414863000000002e-16,0.0,1.0737922e-06
0.0,0.0,2.7191761e-16,1.285492e-16,0.0,2.951383e-07
0.0,0.0,8.77168e-14,3.945615e-17,0.0,6.463978e-08
0.0,0.0,1.2911586e-13,6.6335900000000015e-19,0.0,1.3696013e-08
0.0,0.0,1.03539776e-13,4.003169e-14,0.0,2.356532e-09
0.0,0.0,8.3029964e-14,1.4035666e-14,0.0,4.321113e-10
0.0,0.0,3.553286e-14,2.7179689e-15,0.0,9.820979e-11
0.0,0.0,1.0496889e-14,4.4782796e-16,0.0,1.9178329e-11
0.0,0.0,3.847517e-15,7.7592897e-17,0.0,2.9966806e-12
0.0,0.0,1.6465535e-15,5.4271873e-17,0.0,8.350428e-07
0.0,0.0,9.764527e-16,1.0274442000000001e-17,0.0,5.5726605e-07
0.0,0.0,2.4131887e-16,3.377283e-19,0.0,1.0609738e-07
0.0,0.0,2.1313178e-16,7.6390065e-20,0.0,1.603133e-08
0.0,0.0,2.1287093000000003e-16,1.2532185e-20,0.0,2.8214726e-09
0.0,0.0,1.880067e-16,2.187441e-21,0.0,5.8064176e-10
0.0,0.0,5.4688054e-17,3.846068e-22,0.0,1.1650211e-10
0.0,0.0,2.7465820000000006e-17,1.4724178000000002e-22,0.0,2.0807236e-11
0.0,0.0,2.3794353e-17,1.5475873e-23,0.0,1.736299e-10
0.0,0.0,8.9624374e-18,8.8884185e-24,0.0,5.3209034e-11
0.0,0.0,3.2618174e-18,5.157906399999998e-25,0.0,1.0750472e-11
0.0,0.0,2.8808232e-18,2.5939488e-24,0.0,2.073235e-12
0.0,0.0,1.4936767999999998e-18,6.448249e-15,0.0,7.5344716e-13
0.0,0.0,6.7786174e-19,4.776965e-15,0.0,1.7955362e-13
0.0,0.0,6.7703213e-19,1.817654e-15,0.0,1.0335624e-13
0.0,0.0,5.4292134e-19,5.670421e-16,0.0,2.1740713e-14
0.0,0.0,4.795057999999999e-19,8.8526484e-17,0.0,4.8377046e-15
0.0,0.0,4.2349747e-19,3.082212e-17,0.0,1.1049129e-15
0.0,0.0,2.2248119e-19,9.797411e-18,0.0,6.689389e-16
0.0,0.0,2.222089e-19,2.1483746e-18,0.0,4.761855e-16
0.0,0.0,1.9625394e-19,5.5000516e-19,0.0,8.1639934e-17
0.0,0.0,1.7333064e-19,8.306037999999999e-21,0.0,1.6529027e-17
0.0,0.0,1.7311851e-19,1.6913859e-21,0.0,2.6012822e-18
0.0,0.0,1.7290664e-19,2.4858264000000004e-22,0.0,5.169736999999999e-19
0.0,0.0,1.7269501999999998e-19,4.6509582e-23,0.0,1.03066394e-19
0.0,0.0,1.7248366e-19,9.3687235e-24,0.0,2.3828675999999998e-20
0.0,0.0,1.5233682999999998e-19,7.823104e-24,0.0,4.3987522000000004e-21
0.0,0.0,6.231612e-20,4.5119787e-25,0.0,7.808714e-22
0.0,0.0,6.2239855e-20,8.8292745e-26,0.0,1.4189985000000002e-22
0.0,0.0,5.496997e-20,1.6017682000000002e-26,0.0,2.4749489e-23
0.0,0.0,3.2598745e-20,2.8813172e-27,0.0,4.368035e-24
0.0,0.0,1.6202948e-20,5.0794775e-28,0.0,7.867362e-25
0.0,0.0,1.6183117e-20,9.055372e-29,0.0,1.3869638e-25
0.0,0.0,1.3467719e-20,1.572507e-29,0.0,2.6374695e-26
0.0,0.0,4.506057e-16,2.9321693e-30,0.0,4.6746973e-27
0.0,0.0,8.0351536e-16,5.2186913e-31,0.0,8.17974e-28
0.0,0.0,7.0965426e-16,9.7455864e-32,0.0,3.4429963e-12
0.0,0.0,3.0369511000000003e-16,1.8374615e-32,0.0,1.5225563e-12
0.0,0.0,2.6821952000000004e-16,3.8531026e-33,0.0,1.9837357e-13
0.0,0.0,2.3688798e-16,3.8019140000000003e-29,0.0,4.2250505e-14
0.0,0.0,2.3659568000000003e-16,2.1908186e-34,0.0,6.6753354e-15
0.0,0.0,2.3630377000000003e-16,4.1308384e-35,0.0,1.564292e-07
0.0,0.0,8.22714e-17,9.0914214e-36,0.0,3.2322628e-08
0.0,0.0,6.089957e-17,1.7748171e-36,0.0,5.712873e-09
0.0,0.0,2.7237258e-17,1.1745084e-33,0.0,9.904553e-10
0.0,0.0,2.7203651e-17,5.452969700000001e-38,0.0,1.8991894e-10
0.0,0.0,2.7170086e-17,2.9620000000000003e-25,0.0,2.7867486e-11
0.0,0.0,2.7136562e-17,3.3794592e-24,0.0,5.5646716e-12
0.0,0.0,2.7103079e-17,7.182712e-25,0.0,9.214484e-13
0.0,0.0,2.7069636e-17,1.4415892e-25,0.0,1.5248931e-13
0.0,0.0,2.7036236000000002e-17,2.5013328e-26,0.0,2.8240876e-14
0.0,0.0,2.7002878e-17,4.588548e-27,0.0,5.097328e-15
0.0,0.0,1.9879061e-17,8.184823000000001e-28,0.0,9.501796e-16
0.0,0.0,1.9854533e-17,1.458591e-28,0.0,1.65361e-16
0.0,0.0,1.4616570000000002e-17,9.997842e-29,0.0,3.859096e-17
0.0,0.0,1.4598535e-17,2.468435e-29,0.0,7.659827e-18
0.0,0.0,1.4580522e-17,8.378274000000001e-31,0.0,1.125106e-18
0.0,0.0,6.542393e-18,4.230618e-30,0.0,1.7453931e-19
0.0,0.0,6.534321e-18,1.204132e-30,0.0,2.9660897e-20
0.0,0.0,6.5262586e-18,5.1120655e-33,0.0,5.738609500000001e-21
0.0,0.0,6.518206e-18,8.908556999999999e-34,0.0,1.1303625e-21
0.0,0.0,2.3564806e-18,1.5480524e-34,0.0,1.7697693000000002e-22
0.0,0.0,2.353573e-18,2.6835787e-35,0.0,3.2018924e-23
0.0,0.0,2.350669e-18,4.6656023e-36,0.0,3.1547477e-16
0.0,0.0,2.3477687e-18,8.161912e-37,0.0,8.426486e-17
0.0,0.0,1.1072628999999998e-18,1.4620384e-37,0.0,1.6528625000000002e-17
0.0,0.0,8.282074499999999e-19,2.5741393e-38,0.0,2.6445589e-18
0.0,0.0,4.316874e-19,1.0529267e-34,0.0,5.480153999999999e-19
0.0,0.0,2.7254627e-18,8.08073e-40,0.0,7.6899266e-20
0.0,0.0,2.7220736e-18,1.1015767e-35,0.0,1.8639949999999998e-20
0.0,0.0,1.2303689e-18,2.4377e-41,0.0,3.3013824e-21
0.0,0.0,6.0662603e-19,3.2537546e-36,0.0,6.8007413e-22
0.0,0.0,6.058716999999999e-19,7.67e-43,0.0,1.3537527000000002e-22
0.0,0.0,3.3753777e-19,8.6706203e-32,0.0,3.266109e-23
0.0,0.0,3.3711803e-19,1.9111475e-32,0.0,8.102578e-24
0.0,0.0,3.3669883e-19,4.2677795e-33,0.0,1.9101166e-24
0.0,0.0,3.3628012e-19,1.0042256e-33,0.0,4.7429285999999995e-25
0.0,0.0,2.4756133e-19,1.9124804e-34,0.0,5.4296113e-11
0.0,0.0,1.9851891e-19,2.5999203e-35,0.0,1.7275686e-11
0.0,0.0,1.7532761e-19,7.216915e-36,0.0,4.260372e-12
0.0,0.0,1.03972176e-19,1.6299281e-36,0.0,1.1097874e-12
0.0,0.0,5.547367e-20,2.3835905e-37,0.0,2.966579e-13
0.0,0.0,2.4569355e-20,5.6541345e-38,0.0,6.476635e-14
0.0,0.0,2.1699122e-20,1.2842043e-38,0.0,1.7851397e-14
0.0,0.0,1.7400481e-20,3.132498e-39,0.0,5.7562665e-15
0.0,0.0,1.7378843e-20,7.94508e-40,0.0,2.0077493e-15
0.0,0.0,1.3936059999999998e-20,1.3667681e-24,0.0,3.5546822e-05
0.0,0.0,1.2308026e-20,6.0829055e-25,0.0,1.8901455e-05
0.0,0.0,2.9588792e-21,1.5581598e-25,0.0,7.0155347e-06
0.0,0.0,8.727869e-22,4.2947269999999996e-26,0.0,2.3912405e-06
0.0,0.0,4.862391000000002e-22,1.3128129999999998e-26,0.0,7.105941e-07
0.0,0.0,4.856345e-22,2.8342228e-27,0.0,0.0016124905
0.0,0.0,2.3749502e-20,9.317395e-28,0.0,0.030070074
0.0,0.0,1.34742794e-20,2.7006719e-28,0.0,0.0033966606
0.0,0.0,3.3077899e-21,6.3492536e-29,0.0,0.008327796
0.0,0.0,4.9463043e-22,3.3967355e-16,0.0,0.028758038
0.0,0.0,4.5770652000000005e-24,1.4243067e-16,0.0,0.008982307
0.0,0.0,7.4311874e-26,5.358358e-17,0.0,0.031309597
0.0,0.0,1.9938268e-26,1.2969269e-17,0.0,0.0040610433
0.0,0.0,2.6376966e-26,3.6503e-18,0.0,0.0071871732
0.0,0.0,1.7533643e-26,1.2601537e-18,0.0,0.03447921
0.0,0.0,3.2489523e-26,4.4257973e-19,0.0,0.019967757
0.0,0.0,5.2016463999999997e-20,1.5946671e-19,0.0,0.011691346
0.0,0.0,1.0692673e-19,5.375596e-20,0.0,0.044336677
0.0,0.0,3.7224498e-20,4.9566406e-17,0.0,0.007850437
0.0,0.0,1.755449e-20,7.7771144e-17,0.0,0.015028279
0.0,0.0,1.4075876e-20,2.4940088e-17,0.0,0.030244593
0.0,0.0,7.900923e-13,7.024056e-18,0.0,0.0038153585
0.0,0.0,9.395229e-13,2.5207204e-18,0.0,0.009809794
0.0,0.0,3.7453653e-13,7.6174944e-19,0.0,0.019042546
0.0,0.0,1.8211695e-13,2.2240746e-19,0.0,0.045774177
0.0,0.0,8.542753e-14,2.4687507e-12,0.0,0.0063602636
0.0,0.0,1.7467256e-14,5.5700466e-12,0.0,0.0351928
0.0,0.0,3.5457877e-15,1.8025432e-12,0.0,0.0042901956
0.0,0.0,1.9934692e-15,5.7529513e-13,0.0,0.027185172
0.0,0.0,1.1034407e-14,2.7128026e-12,0.0,0.009307197
0.0,0.0,8.847597e-15,1.0595448e-12,0.0,0.04708537
0.0,0.0,8.835727e-15,3.1557336e-13,0.0,0.013642188
0.0,0.0,7.802755e-15,4.489001e-05,0.0,0.06520281
0.0,0.0,5.9875887e-15,2.0994637e-05,0.0,0.01768462
0.0,0.0,2.0578404e-11,6.0786538e-06,0.0,0.02663157
0.0,0.0,6.1093114e-12,1.8771376e-06,0.0,0.017312666
0.0,0.0,1.0991518e-12,0.00593612,0.0,0.036909644
0.0,0.0,1.0976674e-12,0.017710453,0.0,0.006714967
0.0,0.0,7.4752227e-13,0.026774414,0.0,0.015865622
0.0,0.0,4.1640825e-13,0.010936704,0.0,0.039656553
0.0,0.0,4.158459e-13,0.0012193325,0.0,0.0068743224
0.0,0.0,4.1528432e-13,0.00010883925,0.0,0.013334645
0.0,0.0,1.8900231e-13,8.416928e-05,0.0,0.033803746
0.0,0.0,1.667973e-11,0.003009938,0.0,0.0062499256
0.0,0.0,6.062872e-12,0.0022374324,0.0,0.007846571
0.0,0.0,2.5305853e-08,0.0008538871,0.0,0.019891467
0.0,0.0,1.3085943e-08,0.0002840053,0.0,0.007671188
0.0,0.0,3.0236857e-09,6.364909e-05,0.0,0.009454149
0.0,0.0,2.6701155e-09,1.8192715e-05,0.0,0.029029638
0.0,0.0,1.9654258e-09,0.0009299949,0.0,0.004987601
0.0,0.0,1.5758712e-09,0.0010230123,0.0,0.00907271
0.0,0.0,1.5737122e-09,0.00026285418,0.0,0.027106747
0.0,0.0,1.5715562e-09,7.194111e-05,0.0,0.007509823
0.0,0.0,1.5694032e-09,1.7096136e-05,0.0,0.009952259
0.0,0.0,9.621223e-10,4.412839e-06,0.0,0.017541705
0.0,0.0,7.100764e-10,1.0690505e-06,0.0,0.011127095
0.0,0.0,2.739301e-10,1.9622269e-07,0.0,0.006927087
0.0,0.0,1.9886826e-10,4.9577746e-08,0.0,0.022767207
0.0,0.0,1.7561388e-10,1.4508183e-08,0.0,0.007830852
0.0,0.0,1.753733e-10,3.5623815e-09,0.0,0.017968616
0.0,0.0,6.180823e-06,9.280725e-10,0.0,0.0087506715
0.0,0.0,2.4954452e-06,2.0473007e-10,0.0,0.014307762
0.0,0.0,1.8897695e-06,0.0022958291,0.0,0.011948634
0.0,0.0,8.600396e-07,0.0020717797,0.0,0.021086868
0.0,0.0,5.6976023e-07,0.00052033307,0.0,0.0064563877
0.0,0.0,9.900193e-08,0.00014355259,0.0,0.013235817
0.0,0.0,9.8865165e-08,3.741598e-05,0.0,0.026518844
0.0,0.0,2.7148925e-08,8.862287e-06,0.0,0.010390623
0.0,0.0,5.0514695e-09,1.9741333e-06,0.0,0.017113384
0.0,0.0,1.960017e-07,5.595665e-07,0.0,0.027242811
0.0,0.0,1.9982103e-07,1.6164631e-07,0.0,0.010821722
0.0,0.0,1.1130632e-07,4.386528e-08,0.0,0.027784808
0.0,0.0,9.828903e-08,1.1394432e-08,0.0,0.0068867593
0.0,0.0,2.1465617e-08,2.136176e-09,0.0,0.009485904
0.0,0.0,1.721073e-08,5.7333305e-10,0.0,0.016382331
0.0,0.0,1.0908948e-08,1.3406311e-10,0.0,0.007457952
0.0,0.0,8.746591e-09,3.1239258e-11,0.0,0.008513844
0.0,0.0,4.568526e-09,5.109244e-12,0.0,0.009424353
0.0,0.0,1.0778551e-09,1.4926602e-12,0.0,0.020023858
0.0,0.0,2.7348807e-10,0.002556687,0.0,0.0041695507
0.0,0.0,4.391074e-06,0.0012225416,0.0,0.0045880135
0.0,0.0,2.6177893e-06,0.004114937,0.0,0.009012828
0.0,0.0,2.614129e-06,0.0021309415,0.0,0.025608826
0.0,0.0,2.0959408e-06,0.0006919194,0.0,0.0037051353
0.0,0.0,1.1674933e-06,0.00016734285,0.0,0.0033288898
0.0,0.0,8.5934767e-07,4.628687e-05,0.0,0.0147928335
0.0,0.0,5.4468904e-07,1.3052764e-05,0.0,0.008050911
0.0,0.0,2.985901e-07,3.7657235e-06,0.0,0.0126264
0.0,0.0,1.04972145e-07,6.509081e-07,0.0,0.014658136
0.0,0.0,9.269476e-08,1.5799694e-07,0.0,0.024316877
0.0,0.0,3.8545636e-08,4.1731283e-08,0.0,0.008002986
0.0,0.0,9.837084e-09,8.479015e-09,0.0,0.010689669
0.0,0.0,3.190676e-09,2.639641e-09,0.0,0.02612129
0.0,0.0,1.5951575e-09,5.041686e-10,0.0,0.004527423
0.0,0.0,9.390948e-10,1.06969086e-10,0.0,0.0047530066
0.0,0.0,5.568125e-10,2.8538836e-11,0.0,0.004722957
0.0,0.0,5.560339e-10,7.651299e-12,0.0,0.0029990915
0.0,0.0,2.3412325e-10,1.5992953e-12,0.0,0.0014813399
0.0,0.0,1.8771386e-10,3.8606664e-13,0.0,0.00062896
0.0,0.0,1.6575913e-10,0.0018730562,0.0,0.00018185988
0.0,0.0,1.6552736e-10,0.0020833437,0.0,5.292358e-05
0.0,0.0,1.652959e-10,0.0021763162,0.0,1.5668224e-05
0.0,0.0,9.207389e-11,0.0013325099,0.0,3.169744e-05
0.0,0.0,8.130507e-11,0.000823222,0.0,6.3011344e-06
0.0,0.0,7.179575e-11,0.00016400265,0.0,0.0031355394
0.0,0.0,3.3855e-11,4.5617227e-05,0.0,0.0030883953
0.0,0.0,2.989537e-11,1.0521396e-05,0.0,0.0065525207
0.0,0.0,1.2897052e-11,2.4455185e-06,0.0,0.009311459
0.0,0.0,7.093135e-12,4.7409608e-07,0.0,0.009854839
0.0,0.0,6.2635327e-12,1.244784e-07,0.0,0.020215476
0.0,0.0,3.5846738e-12,3.1918475e-08,0.0,0.006784354
0.0,0.0,2.6385415e-12,8.809205e-09,0.0,0.03232425
0.0,0.0,1.3112374e-12,2.2938897e-09,0.0,0.005490698
0.0,0.0,4.929851e-13,4.9969096e-10,0.0,0.007002682
0.0,0.0,4.3532634e-13,1.2043515e-10,0.0,0.016342005
0.0,0.0,3.8441123e-13,2.8510926e-11,0.0,0.0065136845
0.0,0.0,1.9103522e-13,5.9181262e-12,0.0,0.010652553
0.0,0.0,1.6869202e-13,1.646076e-12,0.0,0.01750265
0.0,0.0,1.6845615e-13,3.3955643e-13,0.0,0.010478959
0.0,0.0,1.682206e-13,7.618116e-14,0.0,0.01779934
0.0,0.0,1.243416e-13,5.3321632e-14,0.0,0.006706649
0.0,0.0,3.12287e-14,1.6711869e-14,0.0,0.02133428
0.0,0.0,3.1185032e-14,0.010359295,0.0,0.0059577967
0.0,0.0,1.8490375e-14,0.010944353,0.0,0.015780138
0.0,0.0,7.24377e-15,0.0101116095,0.0,0.014818728
0.0,0.0,3.611604e-15,0.007531134,0.0,0.020518241
0.0,0.0,2.6453652e-15,0.00580451,0.0,0.01052561
0.0,0.0,1.9471524e-15,0.003336893,0.0,0.012714024
0.0,0.0,1.5611756e-15,0.0022687411,0.0,0.026770929
0.0,0.0,1.1491218e-15,0.0006465922,0.0,0.005570931
0.0,0.0,6.035770400000001e-16,0.00020155017,0.0,0.011605837
0.0,0.0,4.839322e-16,4.2758325e-05,0.0,0.02779572
0.0,0.0,1.1117137e-12,1.1068656e-05,0.0,0.011186558
0.0,0.0,1.1841685e-12,2.6443834e-06,0.0,0.017996563
0.0,0.0,8.0638355e-13,6.1140065e-07,0.0,0.024432011
0.0,0.0,6.4653057e-13,1.8025047e-07,0.0,0.0068663745
0.0,0.0,4.7588165e-13,4.248094e-08,0.0,0.017182589
0.0,0.0,2.0361713e-13,1.132169e-08,0.0,0.014980354
0.0,0.0,2.0333035e-13,0.0068748645,0.0,0.019530598
0.0,0.0,1.5900509e-13,0.011021294,0.0,0.013586598
0.0,0.0,2.9994175e-14,0.0113740675,0.0,0.024917899
0.0,0.0,5.347301e-15,0.008510341,0.0,0.0037047684
0.0,0.0,1.7928037e-15,0.014077613,0.0,0.012606074
0.0,0.0,7.729018e-15,0.01662693,0.0,0.0064586205
0.0,0.0,1.27831485e-14,0.013087397,0.0,0.01894016
0.0,0.0,1.1287841e-14,0.0076046153,0.0,0.00768987
0.0,0.0,7.68662e-15,0.0091276355,0.0,0.018520888
0.0,0.0,5.6577227e-15,0.006586896,0.0,0.010138997
0.0,0.0,3.852708e-15,0.0065589673,0.0,0.032681763
0.0,0.0,1.3925897e-15,0.008195152,0.0,0.004192551
0.0,0.0,4.7503885e-13,0.0075110486,0.0,0.013825345
0.0,0.0,1.266182e-13,0.007239089,0.0,0.020163016
0.0,0.0,4.6288337e-06,0.008293553,0.0,0.017438365
0.0,0.0,1.6932053e-06,0.009730703,0.0,0.013065995
0.0,0.0,2.9550333e-07,0.0065133986,0.0,0.032016814
0.0,0.0,5.177108e-08,0.012439433,0.0,0.011471567
0.0,0.0,1.3009758e-08,0.019776154,0.0,0.03822569
0.0,0.0,5.704918e-09,0.009446595,0.0,0.006453039
0.0,0.0,5.0374735e-09,0.015387933,0.0,0.0150724845
0.0,0.0,1.5640654e-09,0.014754931,0.0,0.026884668
0.0,0.0,5.510357e-10,0.011164216,0.0,0.005281126
0.0,0.0,2.598281e-10,0.013254346,0.0,0.00875555
0.0,0.0,1.9124173e-10,0.015206364,0.0,0.017815694
0.0,0.0,1.4076e-10,0.0073721292,0.0,0.008698877
0.0,0.0,7.3234536e-11,0.0030790376,0.0,0.009584865
0.0,0.0,1.5977103e-05,0.000924847,0.0,0.014730281
0.0,0.0,2.0476728e-05,0.00017981959,0.0,0.0072535127
0.0,0.0,1.6884816e-05,4.740531e-05,0.0,0.014098057
0.0,0.0,9.053488e-06,1.1510896e-05,0.0,0.017721847
0.0,0.0,5.1981788e-06,0.002276054,0.0,0.0140246255
0.0,0.0,2.786451e-06,0.0010827857,0.0,0.013310636
0.0,0.0,1.7660731e-06,0.00022204332,0.0,0.0155689735
0.0,0.0,1.76351e-06,5.3191226e-05,0.0,0.01005368
0.0,0.0,1.5571701e-06,1.4406711e-05,0.0,0.03520533
0.0,0.0,6.9856446e-07,3.8852886e-06,0.0,0.0058625275
0.0,0.0,2.3454278e-07,7.091193e-07,0.0,0.0068580285
0.0,0.0,2.0710002e-07,1.7080667e-07,0.0,0.011296155
0.0,0.0,1.2278822e-07,4.068042e-08,0.0,0.01945385
0.0,0.0,9.4457405e-08,8.966625e-09,0.0,0.0041023847
0.0,0.0,6.412723e-08,1.5620817e-09,0.0,0.002075114
0.0,0.0,5.1412794e-08,3.2610636e-10,0.0,0.0008389367
0.0,0.0,3.5369453e-08,8.634507e-11,0.0,0.00038352585
0.0,0.0,2.5749335e-08,3.6978098e-11,0.0,0.00018762735
0.0,0.0,1.7533779e-08,6.869475e-12,0.0,0.0012903429
0.0,0.0,1.5482232e-08,7.0972525e-13,0.0,0.00234432
0.0,0.0,1.2412587e-08,1.4475766e-13,0.0,0.0039622495
0.0,0.0,1.2394573e-08,3.279071e-14,0.0,0.0047073103
0.0,0.0,9.122688e-09,5.854459e-15,0.0,0.0022751612
0.0,0.0,6.7145063e-09,1.1520437e-15,0.0,0.0028982174
0.0,0.0,5.3832285e-09,2.068381e-16,0.0,0.001062737
0.0,0.0,5.375416e-09,8.1805925e-15,0.0,0.00044135883
0.0,0.0,5.367615e-09,0.0002351834,0.0,0.00019838552
0.0,0.0,4.739575e-09,0.0019516358,0.0,0.00038641543
0.0,0.0,4.7326965e-09,0.00055190665,0.0,0.00039879384
0.0,0.0,3.79435e-09,0.00071180443,0.0,0.0009954489
0.0,0.0,1.4264844e-09,0.00067991635,0.0,0.00084451085
0.0,0.0,3.8645476e-10,0.0009599004,0.0,0.00020504871
0.0,0.0,3.858939e-10,0.00044082283,0.0,4.2796433e-05
0.0,0.0,3.0938316e-10,0.0007988426,0.0,1.8584396e-05
0.0,0.0,2.480421e-10,0.00044613748,0.0,1.5186349e-05
0.0,0.0,1.9886306e-10,8.0803795e-05,0.0,8.461038e-06
0.0,0.0,8.802535e-11,1.3469121e-05,0.0,6.934555e-06
0.0,0.0,2.6166227e-11,2.2503696e-06,0.0,3.268561e-06
0.0,0.0,2.3104638e-11,5.29301e-07,0.0,5.4640022e-06
0.0,0.0,2.3071108e-11,6.086388e-08,0.0,7.6007595e-06
0.0,0.0,2.0371663e-11,9.781784e-09,0.0,2.9554276e-06
0.0,0.0,9.138938e-12,1.4728208e-09,0.0,1.3808603e-06
0.0,0.0,8.069633e-12,2.9948385e-10,0.0,1.0141766e-06
0.0,0.0,2.8089154e-12,4.2266354e-11,0.0,1.9182026e-07
0.0,0.0,2.8048388e-12,1.0992473e-11,0.0,1.3102778e-07
0.0,0.0,1.3225404e-12,2.0577166e-12,0.0,1.6079599e-07
0.0,0.0,8.623345e-13,4.322463e-13,0.0,3.7184282e-08
0.0,0.0,6.145485e-13,1.08677505e-13,0.0,1.1029968e-08
0.0,0.0,6.1365664e-13,3.137973e-14,0.0,1.9077315e-05
0.0,0.0,6.12766e-13,2.4090716e-15,0.0,3.050429e-05
0.0,0.0,6.1187676e-13,2.9789937000000003e-16,0.0,2.4367602e-05
0.0,0.0,4.3567575e-13,6.8627304e-17,0.0,2.3331357e-05
0.0,0.0,2.8429976e-13,1.2138671e-17,0.0,3.0619805e-05
0.0,0.0,2.8388717e-13,2.4395188e-18,0.0,4.3545548e-05
0.0,0.0,2.5067085e-13,4.233464e-19,0.0,1.215047e-05
0.0,0.0,7.190752e-14,1.7900072e-19,0.0,3.3768804e-06
0.0,0.0,1.3795622e-14,9.907331e-20,0.0,1.2003857e-06
0.0,0.0,7.519026e-15,9.045109e-21,0.0,2.5420502e-07
0.0,0.0,5.563051e-15,4.319858e-22,0.0,5.645491e-08
0.0,0.0,1.658891e-15,7.020518e-23,0.0,1.6028745e-08
0.0,0.0,1.7037826e-11,1.3181399e-23,0.0,4.709743e-09
0.0,0.0,7.696149e-12,1.597142e-22,0.0,9.075337e-10
0.0,0.0,5.606354e-12,4.6125066999999995e-25,0.0,2.379956e-10
0.0,0.0,1.0742224e-12,8.339759e-26,0.0,7.531647e-11
0.0,0.0,8.612296e-13,1.471608e-26,0.0,1.5579125e-11
0.0,0.0,8.5997176e-13,2.5110638e-25,0.0,1.4908596e-05
0.0,0.0,8.587157e-13,1.02763684e-25,0.0,2.5957977e-06
0.0,0.0,5.4425426e-13,8.7736235e-26,0.0,5.3944035e-07
0.0,0.0,5.434594e-13,2.0160399e-26,0.0,8.90429e-08
0.0,0.0,4.7986723e-13,3.0540255e-27,0.0,1.7312328e-08
0.0,0.0,4.237163e-13,4.1639834000000006e-27,0.0,3.2734913e-09
0.0,0.0,1.4226103e-13,1.5093733e-31,0.0,5.7003796e-10
0.0,0.0,1.4205325e-13,7.733337e-27,0.0,9.844701e-11
0.0,0.0,1.9331902e-14,1.7674396e-27,0.0,1.7065526e-11
0.0,0.0,3.3789735e-12,6.326001e-33,0.0,2.987113e-12
0.0,0.0,1.9162e-11,1.07496396e-13,0.0,4.65578e-13
0.0,0.0,1.913368e-11,1.1187603e-13,0.0,9.399063e-14
0.0,0.0,1.9105405e-11,7.6628625e-14,0.0,1.5209844e-14
0.0,0.0,1.9077172e-11,4.043505e-14,0.0,3.0169996e-15
0.0,0.0,1.1310425e-11,1.0733753e-14,0.0,5.867711e-16
0.0,0.0,1.129371e-11,5.4281945e-15,0.0,8.988703000000001e-17
0.0,0.0,1.127702e-11,1.8989333e-15,0.0,1.8309377e-17
0.0,0.0,1.1260355e-11,1.0399103e-15,0.0,7.976216399999999e-18
0.0,0.0,1.1243714e-11,3.832689e-16,0.0,4.991476e-18
0.0,0.0,1.1227098e-11,1.4763239e-16,0.0,1.2188887999999998e-18
0.0,0.0,1.12105065e-11,5.813175e-17,0.0,4.999104e-19
0.0,0.0,1.119394e-11,3.2498656e-17,0.0,8.796676e-20
0.0,0.0,1.1177397e-11,1.6459184e-17,0.0,1.5706959999999998e-20
0.0,0.0,1.1160879e-11,7.085746e-18,0.0,3.0195097000000007e-21
0.0,0.0,1.1144385e-11,4.3205327e-18,0.0,5.4979894e-22
0.0,0.0,1.1127915e-11,1.8860152e-18,0.0,1.0108312e-22
0.0,0.0,1.1111471e-11,1.5311686999999998e-18,0.0,1.7476299e-05
0.0,0.0,1.109505e-11,6.301186e-19,0.0,1.7590619e-05
0.0,0.0,1.1078654e-11,2.8760248e-19,0.0,1.9872812e-05
0.0,0.0,5.8186073e-12,1.2220582e-19,0.0,1.9086114e-05
0.0,0.0,5.8100087e-12,5.764811e-20,0.0,7.3030633e-06
0.0,0.0,5.8014227e-12,2.466586e-20,0.0,1.8966757e-06
0.0,0.0,5.7928493e-12,8.489835e-21,0.0,4.4839268e-07
0.0,0.0,2.8785583e-12,1.5286436e-15,0.0,9.736827e-08
0.0,0.0,5.3399093e-13,2.7640999000000004e-16,0.0,2.2651394e-08
0.0,0.0,9.94696e-14,6.2841666e-17,0.0,4.210465e-09
0.0,0.0,7.2315485e-14,1.3103827e-17,0.0,1.1472343e-09
0.0,0.0,5.9943424e-14,2.3214086e-18,0.0,2.8448988e-10
0.0,0.0,5.6857276e-14,5.100214e-19,0.0,6.220391e-11
0.0,0.0,3.1668383e-14,7.092674e-20,0.0,1.261653e-11
0.0,0.0,2.5388854e-14,1.7783459e-20,0.0,4.0110896e-12
0.0,0.0,2.5351334e-14,3.8977562e-21,0.0,1.7451756e-12
0.0,0.0,1.4120193e-14,7.929541e-22,0.0,1.2014442e-05
0.0,0.0,1.4099327e-14,6.750456000000001e-23,0.0,2.2395245e-06
0.0,0.0,7.4050915e-15,1.7043633e-23,0.0,5.069232e-07
0.0,0.0,7.394149e-15,2.5361373e-24,0.0,1.2456233e-07
0.0,0.0,6.7503007e-15,1.7603747e-24,0.0,2.92614e-08
0.0,0.0,6.4439366e-15,1.02439345e-25,0.0,6.6721753e-09
0.0,0.0,2.008177e-15,1.9405575e-26,0.0,1.5971937e-09
0.0,0.0,8.6753967000000015e-16,2.1997079999999998e-26,0.0,4.016239e-10
0.0,0.0,3.8917688e-16,3.8706816e-27,0.0,1.0379764e-10
0.0,0.0,1.9338814e-16,1.7800812e-28,0.0,2.9555348e-11
0.0,0.0,1.5504118e-16,4.1177634e-29,0.0,9.361032e-12
0.0,0.0,7.704240400000001e-17,8.814708e-30,0.0,4.725226e-06
0.0,0.0,7.692855e-17,1.0414927e-28,0.0,7.500985e-05
0.0,0.0,6.792569e-17,4.6559446e-31,0.0,6.380717e-05
0.0,0.0,6.782531e-17,8.361448e-30,0.0,6.569493e-05
0.0,0.0,4.9919645e-17,2.5577508e-32,0.0,6.983679e-05
0.0,0.0,3.4367442e-17,6.278501e-33,0.0,8.127333e-05
0.0,0.0,2.5400945e-17,1.5502896e-07,0.0,7.751298e-05
0.0,0.0,1.3202839e-10,2.1256531e-07,0.0,7.413767e-05
0.0,0.0,9.7913615e-11,6.246144e-08,0.0,5.4822885e-05
0.0,0.0,8.019704e-11,1.7923671e-08,0.0,4.521268e-05
0.0,0.0,8.0077736e-11,4.732891e-09,0.0,3.4049535e-05
0.0,0.0,2.252621e-11,1.4405089e-09,0.0,1.7039589e-05
0.0,0.0,1.7457162e-11,4.454446e-10,0.0,6.017884e-06
0.0,0.0,8.390078e-12,1.1863592e-10,0.0,2.090486e-06
0.0,0.0,5.5594782e-12,3.6870795e-11,0.0,9.3045264e-07
0.0,0.0,3.0964894e-12,1.1052917e-11,0.0,3.542964e-07
0.0,0.0,2.7340838e-12,3.2376215e-12,0.0,1.5988128e-07
0.0,0.0,1.2378697e-12,8.8194724e-13,0.0,5.8737022e-08
0.0,0.0,9.110671e-13,2.3798365e-13,0.0,0.009365923
0.0,0.0,7.128199e-13,6.867251e-14,0.0,0.019804334
0.0,0.0,6.052055e-13,2.0514015e-14,0.0,0.021143975
0.0,0.0,1.1557464e-13,6.305557e-15,0.0,0.017774032
0.0,0.0,3.426606e-14,0.00033066425,0.0,0.015706789
0.0,0.0,9.563177e-15,0.00011016313,0.0,0.03219334
0.0,0.0,6.5117225e-15,3.1739582e-05,0.0,0.0037033828
0.0,0.0,3.8606152e-15,9.755176e-06,0.0,0.011949343
0.0,0.0,1.1698699e-15,3.2976823e-06,0.0,0.05403542
0.0,0.0,4.4146685e-16,9.990878e-07,0.0,0.011549161
0.0,0.0,4.4081008e-16,3.2249454e-07,0.0,0.015332674
0.0,0.0,3.8921876e-16,8.22692e-08,0.0,0.027209712
0.0,0.0,2.4668024e-16,2.3732069e-08,0.0,0.009026696
0.0,0.0,1.2955738e-16,7.886453e-09,0.0,0.034704074
0.0,0.0,1.1005836e-16,2.1542286e-09,0.0,0.009643528
0.0,0.0,7.714583e-17,6.79762e-10,0.0,0.014860691
0.0,0.0,6.184796000000001e-17,2.982312e-10,0.0,0.061386485
0.0,0.0,2.1307006e-17,0.0018906294,0.0,0.035958834
0.0,0.0,4.1755866e-18,0.005587405,0.0,0.023779234
0.0,0.0,1.9279922e-18,0.013656212,0.0,0.008161583
0.0,0.0,9.664423e-19,0.017720586,0.0,0.021252379
0.0,0.0,4.405604299999999e-19,0.027689878,0.0,0.011535213
0.0,0.0,4.3990504e-19,0.0062714266,0.0,0.0431237
0.0,0.0,3.2376831e-19,0.0122067025,0.0,0.013656193
0.0,0.0,2.5956568e-19,0.026567375,0.0,0.032880608
0.0,0.0,1.6450832e-19,0.0076711695,0.0,0.016869903
0.0,0.0,9.162699e-20,0.0057887784,0.0,0.012672486
0.0,0.0,8.090319e-20,0.014927116,0.0,0.042691756
0.0,0.0,7.143447999999999e-20,0.010137806,0.0,0.0070393104
0.0,0.0,1.8584887e-17,0.012038604,0.0,0.025798105
0.0,0.0,6.631376e-18,0.025528578,0.0,0.012716114
0.0,0.0,4.2668606e-18,0.010211171,0.0,0.047071733
0.0,0.0,3.5244966e-18,0.008851634,0.0,0.01193516
0.0,0.0,2.9625953e-18,0.013286484,0.0,0.028225191
0.0,0.0,1.7926118e-15,0.022895357,0.0,0.008583427
0.0,0.0,2.1131844e-12,0.009036797,0.0,0.010805664
0.0,0.0,1.9102588e-12,0.008431274,0.0,0.018047351
0.0,0.0,1.3638968e-12,0.013694147,0.0,0.020936115
0.0,0.0,3.3928033e-13,0.015629793,0.0,0.020526502
0.0,0.0,0.0006607793,0.012946005,0.0,0.020845894
0.0,0.0,0.0017080712,0.014134812,0.0,0.014705662
0.0,0.0,0.0010315743,0.026012972,0.0,0.025752163
0.0,0.0,0.00096285477,0.014992918,0.0,0.009267054
0.0,0.0,0.000977226,0.017750476,0.0,0.02218344
0.0,0.0,0.0005367252,0.007830879,0.0,0.009225991
0.0,0.0,0.00038902616,0.0073048053,0.0,0.02007645
0.0,0.0,0.0005673608,0.0067027966,0.0,0.010066626
0.0,0.0,0.0004711112,0.0070412075,0.0,0.028228113
0.0,0.0,0.00020174043,0.003852945,0.0,0.005430356
0.0,0.0,0.00016173355,0.0012779969,0.0,0.0050022667
0.0,0.0,0.00016148487,0.002041244,0.0,0.013504556
0.0,0.0,0.000118852746,0.0011948295,0.0,0.021364564
0.0,0.0,0.00011867,0.0028906867,0.0,0.0077443277
0.0,0.0,0.000118487544,0.0012694278,0.0,0.01613238
0.0,0.0,0.00011830536,0.003474563,0.0,0.015620231
0.0,0.0,0.00011812346,0.0012815816,0.0,0.019071074
0.0,0.0,4.8317765e-05,0.0067458474,0.0,0.010399189
0.0,0.0,3.8734852e-05,0.0050116065,0.0,0.01731085
0.0,0.0,2.0343678e-05,0.0038176253,0.0,0.01599402
0.0,0.0,5.3703966e-06,0.004136835,0.0,0.016485915
0.0,0.0,2.2975785e-06,0.0030221897,0.0,0.01836823
0.0,0.0,2.2940458e-06,0.0024665738,0.0,0.013568843
0.0,0.0,1.6883254e-06,0.0044950475,0.0,0.042337433
0.0,0.0,1.1495517e-06,0.0020060327,0.0,0.01444441
0.0,0.0,9.2155193e-07,0.0042814785,0.0,0.0116612995
0.0,0.0,4.4309198e-07,0.0035179309,0.0,0.018609233
0.0,0.0,1.1280819e-07,0.001958404,0.0,0.012003664
0.0,0.0,2.8986108e-08,0.007229471,0.0,0.024590997
0.0,0.0,9.464352e-09,0.0065627825,0.0,0.0075483904
0.0,0.0,5.2583142e-09,0.0062661953,0.0,0.017846098
0.0,0.0,2.1435662e-09,0.0033811105,0.0,0.011198847
0.0,0.0,8.2397283e-10,0.006177065,0.0,0.022535091
0.0,0.0,8.2270596e-10,0.003373223,0.0,0.0051737507
0.0,0.0,2.4514202e-10,0.0021013475,0.0,0.011923941
0.0,0.0,4.9744143e-11,0.0061463322,0.0,0.03500468
0.0,0.0,2.9490417e-11,0.0044211536,0.0,0.012202975
0.0,0.0,2.9445075e-11,0.008361337,0.0,0.018362934
0.0,0.0,2.9399802e-11,0.0066112895,0.0,0.012452382
0.0,0.0,1.3312432e-11,0.0033114227,0.0,0.013508925
0.0,0.0,7.795354e-12,0.004035788,0.0,0.028810922
0.0,0.0,7.783369e-12,0.0040083514,0.0,0.007626436
0.0,0.0,3.4913981e-12,0.0014050982,0.0,0.00753595
0.0,0.0,1.6461255e-12,0.0058430275,0.0,0.019012164
0.0,0.0,1.4533944e-12,0.0049937456,0.0,0.013014292
0.0,0.0,9.895904e-13,0.0061137113,0.0,0.015411673
0.0,0.0,8.7372747e-13,0.0024691662,0.0,0.013899043
0.0,0.0,8.723841e-13,0.0040863724,0.0,0.026357645
0.0,0.0,8.7104277e-13,0.0035830603,0.0,0.007981421
0.0,0.0,5.349024e-13,0.008638443,0.0,0.012357619
0.0,0.0,2.338544e-13,0.007340158,0.0,0.024500076
0.0,0.0,2.0647435e-13,0.006309409,0.0,0.0065088826
0.0,0.0,1.0259423e-13,0.0025675937,0.0,0.006873464
0.0,0.0,9.058233e-14,0.0014697876,0.0,0.009049881
0.0,0.0,9.0443054e-14,0.0038299349,0.0,0.014913684
0.0,0.0,4.7498657e-14,0.002440568,0.0,0.012353332
0.0,0.0,2.4945227e-14,0.0017973869,0.0,0.015413424
0.0,0.0,1.9997636e-14,0.005291065,0.0,0.017429
0.0,0.0,1.4717445e-14,0.0043400144,0.0,0.015674688
0.0,0.0,6.0185532e-15,0.009401985,0.0,0.028041914
0.0,0.0,1.5220531e-15,0.017021399,0.0,0.006036643
0.0,0.0,1.0174121e-15,0.011640084,0.0,0.0113315005
0.0,0.0,8.982919e-16,0.009919943,0.0,0.018331898
0.0,0.0,3.2427883e-07,0.010356354,0.0,0.020159464
0.0,0.0,9.655478e-08,0.013931393,0.0,0.014540286
0.0,0.0,2.2463125e-08,0.012484862,0.0,0.015071889
0.0,0.0,3.935641e-09,0.0069826553,0.0,0.014626592
0.0,0.0,1.6619647e-09,0.005599163,0.0,0.022388186
0.0,0.0,1.5520817e-09,0.012120537,0.0,0.0100847045
0.0,0.0,7.7119916e-10,0.008642834,0.0,0.016923841
0.0,0.0,2.7871916e-10,0.011078378,0.0,0.021590674
0.0,0.0,1.1397817e-10,0.010484378,0.0,0.010598845
0.0,0.0,9.1370925e-11,0.010244845,0.0,0.016305968
0.0,0.0,7.324776e-11,0.011004037,0.0,0.023539178
0.0,0.0,7.3134325e-11,0.013414861,0.0,0.018825168
0.0,0.0,4.3356613e-11,0.010805976,0.0,0.02192982
0.0,0.0,1.97338e-11,0.008548275,0.0,0.008750661
0.0,0.0,9.303994e-12,0.014931297,0.0,0.028522694
0.0,0.0,5.8963533e-12,0.022225978,0.0,0.005773472
0.0,0.0,5.8872213e-12,0.011837689,0.0,0.020852383
0.0,0.0,5.1978773e-12,0.012784512,0.0,0.013342427
0.0,0.0,2.5827242e-12,0.0075795907,0.0,0.016304912
0.0,0.0,1.2833054e-12,0.013046351,0.0,0.024323884
0.0,0.0,1.1330411e-12,0.013322474,0.0,0.009114589
0.0,0.0,1.1312864e-12,0.020545535,0.0,0.02710243
0.0,0.0,4.331152e-13,0.0122796865,0.0,0.011543569
0.0,0.0,1.2980509e-13,0.027126301,0.0,0.030099481
0.0,0.0,8.709481e-14,0.01281528,0.0,0.014668642
0.0,0.0,4.3743167e-14,0.0077190367,0.0,0.016859928
0.0,0.0,2.2901016e-14,0.012445356,0.0,0.01605477
0.0,0.0,1.845196e-14,0.008121307,0.0,0.016890796
0.0,0.0,6.686468e-06,0.006983074,0.0,0.014935987
0.0,0.0,1.6006194e-05,0.01474295,0.0,0.043514166
0.0,0.0,8.497785e-06,0.015340284,0.0,0.014008855
0.0,0.0,3.603974e-06,0.01924755,0.0,0.021174526
0.0,0.0,3.5983542e-06,0.011557979,0.0,0.016377041
0.0,0.0,1.9400447e-06,0.008140135,0.0,0.01656374
0.0,0.0,9.63963e-07,0.0070885886,0.0,0.01509598
0.0,0.0,6.5633117e-07,0.0031577707,0.0,0.010535832
0.0,0.0,3.7703444e-07,0.0016623498,0.0,0.013280186
0.0,0.0,3.1653082e-07,0.0049120267,0.0,0.031346697
0.0,0.0,1.762871e-07,0.0026438746,0.0,0.006169125
0.0,0.0,1.5564372e-07,0.0038674911,0.0,0.012957995
0.0,0.0,9.2270135e-08,0.0015423743,0.0,0.019383632
0.0,0.0,9.212626e-08,0.0030826118,0.0,0.017334498
0.0,0.0,4.3459643e-08,0.0013874848,0.0,0.012537747
0.0,0.0,1.0445356e-08,0.0015744845,0.0,0.028184488
0.0,0.0,8.37346e-09,0.0036166415,0.0,0.0062329383
0.0,0.0,2.968096e-09,0.0021015392,0.0,0.008381299
0.0,0.0,2.4950235e-09,0.0035149865,0.0,0.021226976
0.0,0.0,1.4485829e-09,0.0023248433,0.0,0.010077266
0.0,0.0,8.309866e-10,0.0016292032,0.0,0.010580425
0.0,0.0,2.3496835e-10,0.0016428635,0.0,0.011107667
0.0,0.0,1.7393716e-10,0.0015624482,0.0,0.01337631
0.0,0.0,1.5356895e-10,0.005649232,0.0,0.021165961
0.0,0.0,1.2310768e-10,0.0017655254,0.0,0.0057607032
0.0,0.0,4.8828507e-11,0.004033468,0.0,0.0060330806
0.0,0.0,1.9710815e-11,0.0028292942,0.0,0.010735445
0.0,0.0,7.4094775e-12,0.010021515,0.0,0.027874695
0.0,0.0,3.4933465e-12,0.00904728,0.0,0.0076455534
0.0,0.0,3.0842724e-12,0.00896615,0.0,0.019892996
0.0,0.0,1.7820021e-12,0.0065879547,0.0,0.010148499
0.0,0.0,5.863006e-13,0.0036052563,0.0,0.009387298
0.0,0.0,4.7000457e-13,0.0035872175,0.0,0.021595083
0.0,0.0,3.4589662e-13,0.0017428948,0.0,0.005236915
0.0,0.0,2.3550972e-13,0.003467478,0.0,0.010484137
0.0,0.0,1.11035774e-13,0.0018982082,0.0,0.012213774
0.0,0.0,4.75021e-14,0.0018989431,0.0,0.01860666
0.0,0.0,2.9941727e-14,0.0016329959,0.0,0.010372604
0.0,0.0,2.0386343e-14,0.0022193128,0.0,0.012699182
0.0,0.0,2.0354554e-14,0.0014254523,0.0,0.019344205
0.0,0.0,2.0322814e-14,0.0010429346,0.0,0.0047448534
0.0,0.0,7.758798e-15,0.0008869571,0.0,0.003127953
0.0,0.0,2.2935456e-15,0.0027224075,0.0,0.0045209927
0.0,0.0,1.3596805e-15,0.0008702975,0.0,0.0036679744
0.0,0.0,6.099008e-16,0.0019915574,0.0,0.0029712438
0.0,0.0,3.615669e-16,0.00060592836,0.0,0.0028628106
0.0,0.0,2.6609267e-16,0.00049051316,0.0,0.0009911539
0.0,0.0,6.826548e-06,0.0007836007,0.0,0.0010671552
0.0,0.0,3.07176e-06,0.00054672925,0.0,0.001265116
0.0,0.0,2.7120223e-06,0.000357312,0.0,0.0008711645
0.0,0.0,2.3944137e-06,0.00086091406,0.0,0.0018932723
0.0,0.0,2.3906516e-06,0.000289498,0.0,0.00064639124
0.0,0.0,2.3868952e-06,0.00050026405,0.0,0.00096300966
0.0,0.0,2.3831449e-06,0.0011232604,0.0,0.0025504706
0.0,0.0,1.7135084e-06,0.0005935154,0.0,0.0010984837
0.0,0.0,8.852291e-07,0.0005708138,0.0,0.000756127
0.0,0.0,4.6488725e-07,0.0009198245,0.0,0.001572536
0.0,0.0,4.641568e-07,0.00051187625,0.0,0.0008740674
0.0,0.0,2.7516248e-07,0.00019641905,0.0,0.00026140836
0.0,0.0,1.8905203e-07,0.00013404846,0.0,0.000107777916
0.0,0.0,1.0048247e-07,0.00021561915,0.0,0.00031952132
0.0,0.0,7.266686e-08,0.00022063433,0.0,0.00070495275
0.0,0.0,5.0312302e-08,0.0001526273,0.0,0.0005110852
0.0,0.0,2.2151328e-08,9.139103e-05,0.0,0.00055119256
0.0,0.0,2.2116524e-08,4.1773845e-05,0.0,0.00055588654
0.0,0.0,2.2081773e-08,1.2436631e-05,0.0,0.00023697353
0.0,0.0,1.9495744e-08,2.8092534e-06,0.0,0.00018860337
0.0,0.0,1.9465112e-08,6.693896e-07,0.0,8.736983e-05
0.0,0.0,1.4325044e-08,2.3714777e-07,0.0,5.4939446e-05
0.0,0.0,6.5842434e-09,1.945333e-07,0.0,0.0001683103
0.0,0.0,3.3626752e-09,1.2034424e-07,0.0,0.00016654917
0.0,0.0,2.7098874e-09,6.918218e-08,0.0,7.393381e-05
0.0,0.0,2.6040705e-09,8.809081e-08,0.0,6.534133e-05
0.0,0.0,2.599979e-09,6.077287e-08,0.0,4.539027e-05
0.0,0.0,2.5958937e-09,1.619886e-07,0.0,9.613744e-05
0.0,0.0,2.5918148e-09,4.444156e-07,0.0,0.00043253796
0.0,0.0,1.5364848e-09,5.1392004e-07,0.0,0.0005019455
0.0,0.0,7.634322e-10,9.1730243e-07,0.0,0.0012191397
0.0,0.0,7.6223267e-10,9.149738e-07,0.0,0.0005504606
0.0,0.0,6.729665e-10,4.0724896e-07,0.0,0.0004153904
0.0,0.0,4.5819545e-10,3.9276463e-07,0.0,0.00042100597
0.0,0.0,2.0552655e-10,4.1206636e-07,0.0,0.00046916545
0.0,0.0,1.8145704e-10,4.8324057e-07,0.0,0.00069398363
0.0,0.0,1.14994764e-10,3.0743902e-07,0.0,0.00054839544
0.0,0.0,1.0152756e-10,3.6298619e-07,0.0,0.00045960475
0.0,0.0,8.963752e-11,2.42374e-07,0.0,0.0003040392
0.0,0.0,8.949668e-11,1.8580722e-07,0.0,0.0003025632
0.0,0.0,6.507066e-11,7.200196e-08,0.0,0.00021249216
0.0,0.0,2.1210053e-11,3.634552e-08,0.0,5.896306e-05
0.0,0.0,1.8726113e-11,2.3155232e-08,0.0,6.555953e-05
0.0,0.0,1.8696688e-11,1.9562009e-08,0.0,3.2973137e-05
0.0,0.0,1.8667312e-11,2.0104444e-08,0.0,2.1180427e-05
0.0,0.0,1.40034685e-11,4.1741327e-08,0.0,2.7077556e-05
0.0,0.0,8.733916e-12,2.0392667e-08,0.0,3.2686356e-05
0.0,0.0,8.720193e-12,6.735957e-09,0.0,3.609525e-05
0.0,0.0,8.706491e-12,1.9118593e-09,0.0,1.8992108e-05
0.0,0.0,8.692811e-12,5.6356595e-09,0.0,2.0333984e-05
0.0,0.0,7.6747836e-12,9.061289e-09,0.0,1.706688e-05
0.0,0.0,5.203298e-12,1.04636655e-08,0.0,2.4084879e-05
0.0,0.0,3.5578634e-12,1.5514537e-08,0.0,2.4174098e-05
0.0,0.0,3.5522733e-12,2.1018018e-08,0.0,1.9165329e-05
0.0,0.0,3.5466918e-12,2.3431753e-08,0.0,1.3422014e-05
0.0,0.0,1.3332185e-12,2.1099453e-08,0.0,9.680094e-06
0.0,0.0,1.3311237e-12,1.0436802e-08,0.0,2.2161548e-05
0.0,0.0,9.796196e-13,2.7335167e-09,0.0,2.2994267e-05
0.0,0.0,9.385284e-13,8.2017815e-09,0.0,1.867125e-05
0.0,0.0,3.8860438e-13,6.1069265e-09,0.0,1.6669597e-05
0.0,0.0,3.8799378e-13,8.056711e-09,0.0,1.6869912e-05
0.0,0.0,3.8738416e-13,3.4827938e-09,0.0,1.1648037e-05
0.0,0.0,3.867755e-13,1.0931587e-08,0.0,1.26568775e-05
0.0,0.0,3.8616777e-13,1.4094525e-08,0.0,1.346744e-05
0.0,0.0,3.8556102e-13,1.0441978e-08,0.0,1.4551012e-05
0.0,0.0,3.404074e-13,7.046542e-09,0.0,2.0102536e-05
0.0,0.0,3.3987255e-13,8.739862e-09,0.0,1.7608088e-05
0.0,0.0,3.3933853e-13,1.22197115e-08,0.0,1.5932845e-05
0.0,0.0,3.3880535e-13,1.551357e-08,0.0,1.34663005e-05
0.0,0.0,3.1324826e-13,2.8859386e-08,0.0,1.8828196e-05
0.0,0.0,2.9487616e-13,2.6168465e-08,0.0,1.44257365e-05
0.0,0.0,2.9441285e-13,1.1643416e-08,0.0,1.3885138e-05
0.0,0.0,2.9395025e-13,3.689972e-09,0.0,1.5395346e-05
0.0,0.0,2.9348838e-13,1.658628e-08,0.0,1.7681128e-05
0.0,0.0,2.1598818e-13,2.1853438e-08,0.0,1.9212122e-05
0.0,0.0,1.1342831e-13,1.8863052e-08,0.0,1.951372e-05
0.0,0.0,1.1325009e-13,4.5711058e-08,0.0,2.1853255e-05
0.0,0.0,1.1307214e-13,5.5600236e-08,0.0,2.037715e-05
0.0,0.0,1.1289448e-13,5.7004808e-08,0.0,2.8226732e-05
0.0,0.0,1.12717093e-13,7.2375734e-08,0.0,3.067695e-05
0.0,0.0,7.0737314e-14,1.04546324e-07,0.0,2.7275948e-05
0.0,0.0,1.9764111e-14,9.147014e-08,0.0,2.4260264e-05
0.0,0.0,1.9733057e-14,6.418398e-08,0.0,2.3324536e-05
0.0,0.0,7.729271e-15,6.382934e-08,0.0,2.478559e-05
0.0,0.0,7.717127e-15,9.007553e-08,0.0,2.3860375e-05
0.0,0.0,7.705001e-15,1.1313942e-07,0.0,2.6413754e-05
0.0,0.0,5.670375e-15,1.16911174e-07,0.0,3.1656124e-05
0.0,0.0,5.6614653e-15,5.031379e-07,0.0,3.8593236e-05
0.0,0.0,4.998443e-15,6.9896146e-07,0.0,4.175329e-05
0.0,0.0,2.483573e-15,8.1039605e-07,0.0,5.2005733e-05
0.0,0.0,2.4796707e-15,5.896448e-07,0.0,6.421383e-05
0.0,0.0,2.4757746e-15,5.603979e-07,0.0,5.9524988e-05
0.0,0.0,1.984667e-15,5.6296255e-07,0.0,3.413988e-05
0.0,0.0,1.257743e-15,1.4492416e-06,0.0,4.324992e-05
0.0,0.0,1.2557668e-15,1.62125e-06,0.0,4.7911213e-05
0.0,0.0,1.2537936e-15,7.6146245e-07,0.0,5.5084416e-05
0.0,0.0,3.072054e-16,7.1707575e-07,0.0,5.750101e-05
0.0,0.0,2.1120973e-16,6.3130017e-07,0.0,4.841982e-05
0.0,0.0,1.4380409000000002e-16,1.0545879e-06,0.0,6.237831e-05
0.0,0.0,8.204034000000001e-17,3.0604758e-06,0.0,6.453163e-05
0.0,0.0,4.926443e-12,5.7366956e-06,0.0,8.040749e-05
0.0,0.0,3.0893912e-12,2.1772841e-05,0.0,8.415194e-05
0.0,0.0,8.2798194e-13,0.00014746543,0.0,8.3356535e-05
0.0,0.0,4.611217e-13,0.00055855524,0.0,0.00012421347
0.0,0.0,4.603924e-13,0.0095599275,0.0,0.0004485194
0.0,0.0,2.1705641e-13,0.012332921,0.0,0.0010582615
0.0,0.0,1.597376e-13,0.015517612,0.0,0.002004567
0.0,0.0,1.5948497e-13,0.021751635,0.0,0.0022136827
0.0,0.0,5.3540048e-14,0.017908882,0.0,0.003097972
0.0,0.0,4.7269405e-14,0.029436553,0.0,0.0040828283
0.0,0.0,4.7194646e-14,0.009828517,0.0,0.0030918436
0.0,0.0,2.36262e-14,0.00899028,0.0,0.0050572124
0.0,0.0,5.117738e-15,0.017930465,0.0,0.010257893
0.0,0.0,8.861205e-16,0.02112776,0.0,0.010967948
0.0,0.0,1.8624729e-16,0.017219532,0.0,0.018218478
0.0,0.0,1.8595272e-16,0.045030236,0.0,0.06470148
0.0,0.0,7.364774000000001e-17,0.005621974,0.0,0.028834369
0.0,0.0,5.767881e-17,0.006631559,0.0,0.017928807
0.0,0.0,4.623686000000001e-17,0.022420896,0.0,0.106140494
0.0,0.0,4.0821572e-17,0.03033906,0.0,0.055577114
0.0,0.0,3.2723652e-17,0.009583378,0.0,0.022803927
0.0,0.0,2.8891040000000003e-17,0.024604373,0.0,0.03737506
0.0,0.0,6.9574145e-18,0.009721534,0.0,0.025431218
0.0,0.0,3.5239258e-09,0.037148193,0.0,0.030572468
0.0,0.0,3.1591711e-09,0.019161487,0.0,0.02623178
0.0,0.0,1.0995058e-09,0.037167642,0.0,0.052471418
0.0,0.0,2.0323447e-10,0.0055639674,0.0,0.025020352
0.0,0.0,6.895248e-11,0.017913753,0.0,0.021363055
0.0,0.0,1.2530119e-11,0.027022013,0.0,0.040712316
0.0,0.0,0.005071581,0.010240375,0.0,0.024605442
0.0,0.0,0.027931513,0.027377483,0.0,0.02638894
0.0,0.0,0.006249398,0.011597607,0.0,0.01376399
0.0,0.0,0.0102041345,0.038801055,0.0,0.06130393
0.0,0.0,0.010187749,0.006977575,0.0,0.02553872
0.0,0.0,0.0061113867,0.011827289,0.0,0.026998622
0.0,0.0,0.005583616,0.0072518946,0.0,0.016611885
0.0,0.0,0.004934681,0.018725865,0.0,0.03425983
0.0,0.0,0.0044890475,0.018563256,0.0,0.01247646
0.0,0.0,0.004481839,0.0103916805,0.0,0.022550488
0.0,0.0,0.0036492695,0.017426804,0.0,0.011191025
0.0,0.0,0.00771876,0.025598256,0.0,0.034382764
0.0,0.0,0.005638477,0.010888946,0.0,0.008603939
0.0,0.0,0.003953848,0.017174121,0.0,0.029289268
0.0,0.0,0.0031451662,0.016794292,0.0,0.0067880745
0.0,0.0,0.0018928408,0.009145958,0.0,0.013607818
0.0,0.0,0.0018898008,0.022361722,0.0,0.04954369
0.0,0.0,0.0039424035,0.012126951,0.0,0.015258659
0.0,0.0,0.006143328,0.019148352,0.0,0.03000596
0.0,0.0,0.0015380933,0.025055101,0.0,0.01142446
0.0,0.0,0.0012822555,0.023395622,0.0,0.042049248
0.0,0.0,0.016256955,0.034805503,0.0,0.01070463
0.0,0.0,0.0113404635,0.0077540292,0.0,0.039935436
0.0,0.0,0.0057574124,0.015022562,0.0,0.019615714
0.0,0.0,0.0050277514,0.029078772,0.0,0.032402016
0.0,0.0,0.0012892107,0.0076125725,0.0,0.010989388
0.0,0.0,0.0012224874,0.011316029,0.0,0.029392477
0.0,0.0,0.0055735596,0.012195391,0.0,0.010698749
0.0,0.0,0.0050728037,0.015093954,0.0,0.02028723
0.0,0.0,0.004477851,0.012155978,0.0,0.011911195
0.0,0.0,0.00447065,0.008843673,0.0,0.01854258
0.0,0.0,0.004463461,0.010001565,0.0,0.012793452
0.0,0.0,0.0029512288,0.010335239,0.0,0.021685272
0.0,0.0,0.0029464827,0.02052798,0.0,0.0088167945
0.0,0.0,0.0018792212,0.012156357,0.0,0.01820311
0.0,0.0,0.0038017144,0.0071673705,0.0,0.010656122
0.0,0.0,0.0033200928,0.0062446413,0.0,0.01765421
0.0,0.0,0.00079209986,0.0031606695,0.0,0.009708133
0.0,0.0,0.00052807515,0.003974683,0.0,0.010734596
0.0,0.0,0.000677918,0.0019141202,0.0,0.015144273
0.0,0.0,0.0009167578,0.0075900373,0.0,0.022273403
0.0,0.0,0.00067186024,0.007611236,0.0,0.01733253
0.0,0.0,0.0006707789,0.004997766,0.0,0.012435713
0.0,0.0,0.00050379016,0.0041357316,0.0,0.012618865
0.0,0.0,0.0020471152,0.002180107,0.0,0.017504048
0.0,0.0,0.0020438202,0.0026886086,0.0,0.010259723
0.0,0.0,0.0018177489,0.0010174786,0.0,0.015145222
0.0,0.0,0.0019614787,0.0019362066,0.0,0.015892806
0.0,0.0,0.0012608112,0.0018996554,0.0,0.019535523
0.0,0.0,0.0007722841,0.0025989765,0.0,0.007552382
0.0,0.0,0.001432389,0.0021548234,0.0,0.013040452
0.0,0.0,0.0011384691,0.0017715595,0.0,0.011560753
0.0,0.0,0.0011366362,0.0045395903,0.0,0.031373743
0.0,0.0,0.0014075745,0.0021138918,0.0,0.008183618
0.0,0.0,0.0023713827,0.0038382232,0.0,0.0076001664
0.0,0.0,0.00090239395,0.00463952,0.0,0.025212191
0.0,0.0,0.0027015288,0.0028039424,0.0,0.0076449
0.0,0.0,0.0019631807,0.0042298757,0.0,0.0097561935
0.0,0.0,0.002007495,0.0026631958,0.0,0.021587858
0.0,0.0,0.0018018864,0.0037699197,0.0,0.006915296
0.0,0.0,0.0017989834,0.0017645215,0.0,0.016100088
0.0,0.0,0.0017960852,0.0049561593,0.0,0.016187616
0.0,0.0,0.0011060089,0.0036783672,0.0,0.0142646395
0.0,0.0,0.0011042269,0.0037598964,0.0,0.030178946
0.0,0.0,0.0012307132,0.010909757,0.0,0.012884869
0.0,0.0,0.0012287302,0.010347962,0.0,0.02608727
0.0,0.0,0.0010882432,0.012092649,0.0,0.0086358115
0.0,0.0,0.0010864898,0.013253384,0.0,0.023159951
0.0,0.0,0.000666947,0.016974721,0.0,0.01192507
0.0,0.0,0.003708349,0.018660605,0.0,0.027892007
0.0,0.0,0.0032873265,0.012266848,0.0,0.009755705
0.0,0.0,0.0032820285,0.013202983,0.0,0.019431973
0.0,0.0,0.0024828522,0.014182541,0.0,0.01946201
0.0,0.0,0.0024880678,0.009759995,0.0,0.013005554
0.0,0.0,0.0019354471,0.018403674,0.0,0.022823041
0.0,0.0,0.004558744,0.0076438976,0.0,0.006563612
0.0,0.0,0.004551394,0.007647642,0.0,0.013685435
0.0,0.0,0.0023693284,0.007853817,0.0,0.019269345
0.0,0.0,0.002902838,0.0059881634,0.0,0.009490895
0.0,0.0,0.0021403409,0.005694875,0.0,0.024916297
0.0,0.0,0.0011171977,0.011395883,0.0,0.0073971734
0.0,0.0,0.0008275403,0.009252114,0.0,0.012928341
0.0,0.0,0.0024995273,0.0096839,0.0,0.0230118
0.0,0.0,0.001584639,0.005991007,0.0,0.009856646
0.0,0.0,0.0038905554,0.008902869,0.0,0.018680098
0.0,0.0,0.0035060104,0.013780968,0.0,0.028339451
0.0,0.0,0.0028777532,0.014953317,0.0,0.011263113
0.0,0.0,0.002873111,0.011515121,0.0,0.019169655
0.0,0.0,0.00050688226,0.012034301,0.0,0.011400754
0.0,0.0,0.0005060646,0.011754779,0.0,0.0156118795
0.0,0.0,0.00040569936,0.0055307727,0.0,0.010913361
0.0,0.0,0.0003331709,0.00799085,0.0,0.029499637
0.0,0.0,9.551182e-05,0.00892865,0.0,0.008670693
0.0,0.0,4.5035646e-05,0.010267035,0.0,0.02139422
0.0,0.0,3.314239e-05,0.01887936,0.0,0.012019338
0.0,0.0,9.019052e-06,0.021035217,0.0,0.03730501
0.0,0.0,2.4430708e-06,0.011647076,0.0,0.007061185
0.0,0.0,2.43913e-06,0.014021792,0.0,0.012152165
0.0,0.0,1.6606366e-06,0.017861672,0.0,0.024558248
0.0,0.0,1.1306133e-06,0.0147377625,0.0,0.011966333
0.0,0.0,8.320226e-07,0.015465094,0.0,0.022171725
0.0,0.0,8.3068045e-07,0.019897776,0.0,0.013255826
0.0,0.0,6.1130083e-07,0.013075477,0.0,0.022476932
0.0,0.0,3.210174e-07,0.011483574,0.0,0.011807814
0.0,0.0,1.9565526e-07,0.017204158,0.0,0.026540525
0.0,0.0,1.2046647e-07,0.016551508,0.0,0.0076675224
0.0,0.0,5.4033766e-08,0.012644554,0.0,0.012528592
0.0,0.0,3.009167e-08,0.008300913,0.0,0.014269032
0.0,0.0,2.6566477e-08,0.0098240385,0.0,0.022265298
0.0,0.0,1.32011095e-08,0.014019924,0.0,0.010513126
0.0,0.0,4.5939896e-09,0.01869461,0.0,0.03931881
0.0,0.0,1.1043859e-09,0.0139849195,0.0,0.0089224735
0.0,0.0,1.1026045e-09,0.013860787,0.0,0.016298683
0.0,0.0,3.0026853e-10,0.008842728,0.0,0.018507492
0.0,0.0,8.090627e-11,0.011880289,0.0,0.01863917
0.0,0.0,3.0072025e-11,0.011049291,0.0,0.013995538
0.0,0.0,1.625603e-11,0.016350472,0.0,0.025928834
0.0,0.0,1.2472169e-11,0.014245654,0.0,0.007953208
0.0,0.0,1.2452051e-11,0.031292986,0.0,0.03967383
0.0,0.0,5.5852146e-12,0.009268887,0.0,0.009727753
0.0,0.0,4.2358057e-12,0.014725279,0.0,0.034117337
0.0,0.0,1.7047337e-12,0.027013425,0.0,0.009695231
0.0,0.0,1.7019837e-12,0.010954741,0.0,0.025516504
0.0,0.0,1.5025989e-12,0.013308207,0.0,0.010316542
0.0,0.0,1.3265719e-12,0.01013385,0.0,0.024620099
0.0,0.0,7.3877433e-13,0.026047215,0.0,0.012491812
0.0,0.0,4.681638e-13,0.013634903,0.0,0.032119837
0.0,0.0,4.674086e-13,0.010631691,0.0,0.008180678
0.0,0.0,2.454539e-13,0.010154474,0.0,0.015163806
0.0,0.0,1.1571795e-13,0.008003569,0.0,0.01976444
0.0,0.0,1.0216177e-13,0.0074744015,0.0,0.01110092
0.0,0.0,6.955487e-14,0.0044079195,0.0,0.019829882
0.0,0.0,0.0010002939,0.0053649647,0.0,0.00939273
0.0,0.0,0.0014132516,0.007827695,0.0,0.026003102
0.0,0.0,0.0014109586,0.0053923926,0.0,0.0072766757
0.0,0.0,0.0014086693,0.0037357735,0.0,0.0045574834
0.0,0.0,0.00073399313,0.0019390389,0.0,0.013092928
0.0,0.0,0.00067011925,0.006838357,0.0,0.009863329
0.0,0.0,0.0037610705,0.004179986,0.0,0.0069225826
0.0,0.0,0.0019838132,0.0017546952,0.0,0.016154531
0.0,0.0,0.008236387,0.008125534,0.0,0.021847937
0.0,0.0,0.005843349,0.006311644,0.0,0.005702727
0.0,0.0,0.0050372803,0.0018896841,0.0,0.004493265
0.0,0.0,0.00330408,0.0032367615,0.0,0.0072373594
0.0,0.0,0.003298717,0.0011034863,0.0,0.014321512
0.0,0.0,0.0029183775,0.0010539552,0.0,0.0081844395
0.0,0.0,0.002629452,0.001802254,0.0,0.012089895
0.0,0.0,0.0027150756,0.0021389124,0.0,0.013769337
0.0,0.0,0.0024558755,0.0014602791,0.0,0.013388922
0.0,0.0,0.0028368211,0.0047174906,0.0,0.013145045
0.0,0.0,0.0011276515,0.0017395633,0.0,0.007746582
0.0,0.0,0.0008022203,0.0031901265,0.0,0.0082756365
0.0,0.0,0.00080091774,0.0010409135,0.0,0.007975864
0.0,0.0,0.0007345348,0.0028673592,0.0,0.014857044
0.0,0.0,0.00457483,0.000865764,0.0,0.0052261953
0.0,0.0,0.0038417433,0.0007698909,0.0,0.0024462617
0.0,0.0,0.0033926952,0.001638557,0.0,0.0028338036
0.0,0.0,0.0030037633,0.00053964794,0.0,0.0021466487
0.0,0.0,0.0027136342,0.0010924824,0.0,0.0024642628
0.0,0.0,0.0027092271,0.000984563,0.0,0.0008175506
0.0,0.0,0.0016357304,0.00066446856,0.0,0.0010976257
0.0,0.0,0.0025730294,0.0015090128,0.0,0.0024471527
0.0,0.0,0.0020121634,0.0011491256,0.0,0.0017523383
0.0,0.0,0.0019516619,0.0008643581,0.0,0.0014278996
0.0,0.0,0.0019484921,0.0005223451,0.0,0.0009769364
0.0,0.0,0.002234536,0.0012192925,0.0,0.0016828452
0.0,0.0,0.0054125157,0.0006394507,0.0,0.00078587973
0.0,0.0,0.0023066488,0.0016816717,0.0,0.001657622
0.0,0.0,0.0023029004,0.00043459,0.0,0.00089162803
0.0,0.0,0.0042171953,0.00024129142,0.0,0.0008856248
0.0,0.0,0.0025773728,0.00027392607,0.0,0.0009462002
0.0,0.0,0.0023424106,0.00034536884,0.0,0.000994363
0.0,0.0,0.002104308,0.00020275194,0.0,0.00051513856
0.0,0.0,0.00195578,9.27232e-05,0.0,0.00038904688
0.0,0.0,0.0017728719,5.1050505e-05,0.0,0.00037462308
0.0,0.0,0.0017699907,1.2413617e-05,0.0,0.00032173737
0.0,0.0,0.001767114,3.5314768e-06,0.0,0.00018812287
0.0,0.0,0.0017642422,1.0650645e-06,0.0,9.305763e-05
0.0,0.0,0.0016814069,3.7367357e-07,0.0,9.159708e-05
0.0,0.0,0.0016786742,2.5098245e-07,0.0,0.00013722287
0.0,0.0,0.0014849067,1.8197358e-07,0.0,8.337005e-05
0.0,0.0,0.0007188917,1.1813213e-07,0.0,5.3608877e-05
0.0,0.0,0.00063436583,1.00923074e-07,0.0,4.1306637e-05
0.0,0.0,0.0006333348,1.3786752e-07,0.0,5.053701e-05
0.0,0.0,0.00063230545,6.876216e-08,0.0,4.100578e-05
0.0,0.0,0.00063127774,3.3563e-08,0.0,2.736761e-05
0.0,0.0,0.0006302517,3.8185428e-07,0.0,0.00017741104
0.0,0.0,0.000555133,5.362495e-07,0.0,0.00020574877
0.0,0.0,0.0004889735,6.262928e-07,0.0,0.0002692091
0.0,0.0,0.00043070552,5.920508e-07,0.0,0.00039386778
0.0,0.0,0.00020991731,2.7578554e-07,0.0,0.00032730686
0.0,0.0,0.00018491555,1.5481508e-07,0.0,0.00014337176
0.0,0.0,0.00018461498,9.0173614e-08,0.0,0.00013182752
0.0,0.0,0.0001843149,5.5065172e-08,0.0,0.00013323507
0.0,0.0,8.982439e-05,4.3481432e-08,0.0,0.00011725959
0.0,0.0,4.0168037e-05,1.1487311e-07,0.0,0.00012634756
0.0,0.0,7.3297124e-06,1.7701736e-07,0.0,0.00012160466
0.0,0.0,3.657688e-06,6.935219e-08,0.0,5.4117263e-05
0.0,0.0,3.6517395e-06,6.612813e-08,0.0,6.777752e-05
0.0,0.0,1.2792876e-06,2.999915e-08,0.0,3.335342e-05
0.0,0.0,9.295617e-07,3.061765e-08,0.0,2.525455e-05
0.0,0.0,6.197264e-07,1.4848073e-08,0.0,1.912544e-05
0.0,0.0,3.705774e-07,3.1254668e-08,0.0,1.7034949e-05
0.0,0.0,1.6394657e-07,3.1981383e-08,0.0,2.0531816e-05
0.0,0.0,1.6367986e-07,2.8199247e-08,0.0,1.9036455e-05
0.0,0.0,8.916518e-08,2.393877e-08,0.0,1.706192e-05
0.0,0.0,7.037118e-08,1.0754452e-08,0.0,1.1832639e-05
0.0,0.0,7.02567e-08,6.861382e-09,0.0,1.7347174e-05
0.0,0.0,7.014239e-08,1.7299564e-08,0.0,1.9194125e-05
0.0,0.0,7.002828e-08,1.8607372e-08,0.0,2.2120968e-05
0.0,0.0,6.991434e-08,2.5825068e-08,0.0,2.2463015e-05
0.0,0.0,4.9296283e-08,2.8331081e-08,0.0,1.97338e-05
0.0,0.0,3.2242653e-08,4.276135e-08,0.0,1.7742079e-05
0.0,0.0,3.2190194e-08,1.3210424e-08,0.0,1.3297977e-05
0.0,0.0,3.2137816e-08,1.2083752e-08,0.0,1.48876425e-05
0.0,0.0,3.2085527e-08,8.04636e-09,0.0,1.5433789e-05
0.0,0.0,3.203332e-08,1.6765707e-08,0.0,1.6564602e-05
0.0,0.0,1.7534472e-08,1.7906663e-08,0.0,1.9040652e-05
0.0,0.0,1.750594e-08,6.083122e-09,0.0,1.5977865e-05
0.0,0.0,1.7477454e-08,3.4500813e-09,0.0,1.1392119e-05
0.0,0.0,1.7449015e-08,2.4761353e-09,0.0,1.730867e-05
0.0,0.0,1.1410303e-08,2.3713718e-09,0.0,1.825106e-05
0.0,0.0,7.709877e-09,2.001798e-09,0.0,1.1082815e-05
0.0,0.0,5.869338e-09,1.334754e-09,0.0,1.3835481e-05
0.0,0.0,4.5814623e-09,4.3718898e-10,0.0,1.2768924e-05
0.0,0.0,3.6542271e-09,5.263582e-09,0.0,1.891076e-05
0.0,0.0,3.6482792e-09,6.737867e-09,0.0,1.6538752e-05
0.0,0.0,3.6423409e-09,3.1505853e-09,0.0,1.8669223e-05
0.0,0.0,3.3785827e-09,6.8384445e-09,0.0,2.5280908e-05
0.0,0.0,3.3730834e-09,1.0888054e-08,0.0,2.0981346e-05
0.0,0.0,3.3675929e-09,2.0200751e-08,0.0,2.2571729e-05
0.0,0.0,3.4867818e-09,1.8120245e-08,0.0,2.1814329e-05
0.0,0.0,3.4811058e-09,1.3659042e-08,0.0,2.0183048e-05
0.0,0.0,3.4754393e-09,1.0298785e-08,0.0,1.6051923e-05
0.0,0.0,3.469782e-09,1.7167757e-08,0.0,1.6032785e-05
0.0,0.0,3.4641339e-09,8.966793e-09,0.0,1.4303839e-05
0.0,0.0,3.53239e-09,4.5549258e-09,0.0,1.6033771e-05
0.0,0.0,3.6517653e-09,7.110222e-09,0.0,2.1413749e-05
0.0,0.0,1.3685547e-08,2.9546758e-09,0.0,1.5622702e-05
0.0,0.0,1.3387982e-08,1.0588261e-08,0.0,2.1350814e-05
0.0,0.0,1.6957994e-08,1.7894076e-08,0.0,2.6770436e-05
0.0,0.0,1.6930384e-08,1.9213829e-08,0.0,2.2979764e-05
0.0,0.0,1.9547771e-08,1.0396622e-08,0.0,2.0214258e-05
0.0,0.0,4.859336e-08,8.244083e-09,0.0,2.2426337e-05
0.0,0.0,6.458786e-08,5.6758878e-09,0.0,3.9151862e-05
0.0,0.0,7.3250085e-08,2.9158583e-08,0.0,4.0897306e-05
0.0,0.0,7.2916784e-08,5.4007213e-08,0.0,4.188605e-05
0.0,0.0,2.98159e-08,3.8630215e-08,0.0,3.2167707e-05
0.0,0.0,2.9767348e-08,4.9670334e-08,0.0,3.880373e-05
0.0,0.0,2.6279746e-08,4.797158e-08,0.0,4.9846163e-05
0.0,0.0,2.320076e-08,3.0404287e-08,0.0,4.7539317e-05
0.0,0.0,2.316298e-08,1.3705987e-08,0.0,5.4513934e-05
0.0,0.0,2.044916e-08,1.5437266e-08,0.0,5.3063533e-05
0.0,0.0,6.799301e-09,1.14470025e-08,0.0,5.5742494e-05
0.0,0.0,4.725439e-09,3.9940602e-08,0.0,4.9013277e-05
0.0,0.0,4.7177444e-09,1.16550254e-07,0.0,5.6036268e-05
0.0,0.0,3.4717513e-09,2.0540129e-07,0.0,6.418762e-05
0.0,0.0,7.756791e-10,1.6877647e-07,0.0,6.160388e-05
0.0,0.0,1.4910602e-10,1.7199886e-07,0.0,8.059444e-05
0.0,0.0,4.5348916e-11,3.129453e-07,0.0,0.000105629064
0.0,0.0,3.3371916e-11,4.3425848e-07,0.0,0.00012705143
0.0,0.0,3.331757e-11,8.072293e-07,0.0,0.000112958754
0.0,0.0,1.1107997e-11,7.3790034e-07,0.0,0.00010227292
0.0,0.0,2.339443e-12,1.7455559e-06,0.0,0.00010928913
0.0,0.0,2.202108e-12,4.1853546e-06,0.0,8.8545035e-05
0.0,0.0,1.1819045e-12,5.5493176e-05,0.0,0.000104950836
0.0,0.0,4.9225327e-13,0.0001768019,0.0,0.00013366467
0.0,0.0,1.0775272e-13,0.00050651765,0.0,0.00016053297
0.0,0.0,4.1987826e-14,0.0047405344,0.0,0.00044630747
0.0,0.0,7.773465e-15,0.00456181,0.0,0.0006915931
0.0,0.0,1.9447012e-05,0.0024146454,0.0,0.0008812734
0.0,0.0,5.518177e-05,0.01536338,0.0,0.002011237
0.0,0.0,4.2169137e-05,0.021638278,0.0,0.0032116417
0.0,0.0,2.7567094e-05,0.012739807,0.0,0.0036263308
0.0,0.0,2.2394963e-05,0.023921048,0.0,0.0132242
0.0,0.0,9.435086e-05,0.02146937,0.0,0.024019346
0.0,0.0,0.00014427977,0.016607735,0.0,0.027541896
0.0,0.0,7.123325e-05,0.02525263,0.0,0.019205848
0.0,0.0,7.1116374e-05,0.017121775,0.0,0.04654372
0.0,0.0,5.657075e-05,0.020066008,0.0,0.022275224
0.0,0.0,8.7071145e-05,0.037177667,0.0,0.039953798
0.0,0.0,5.988757e-05,0.014297192,0.0,0.0071534463
0.0,0.0,7.241857e-05,0.040342048,0.0,0.030873798
0.0,0.0,8.396244e-05,0.0061363154,0.0,0.01806531
0.0,0.0,0.00012798795,0.0114745805,0.0,0.016609428
0.0,0.0,0.000112567286,0.034233235,0.0,0.058276467
0.0,0.0,9.559313e-05,0.018547432,0.0,0.015680399
0.0,0.0,9.114462e-05,0.02431668,0.0,0.050405834
0.0,0.0,0.00017683762,0.010991798,0.0,0.012448569
0.0,0.0,0.00027257245,0.023036972,0.0,0.043748036
0.0,0.0,0.0001787209,0.032753956,0.0,0.043690145
0.0,0.0,0.00015173607,0.01866728,0.0,0.023274958
0.0,0.0,0.00017747715,0.03754142,0.0,0.0227708
0.0,0.0,0.0007714554,0.0069795363,0.0,0.02443509
0.0,0.0,0.0009671621,0.018691786,0.0,0.019306181
0.0,0.0,0.0018428987,0.022034967,0.0,0.050586477
0.0,0.0,0.0013781182,0.0066724718,0.0,0.011324387
0.0,0.0,0.016982758,0.018717812,0.0,0.0402481
0.0,0.0,0.013573588,0.014151178,0.0,0.014846107
0.0,0.0,0.0039175064,0.023592955,0.0,0.028180983
0.0,0.0,0.009324818,0.019476814,0.0,0.009987102
0.0,0.0,0.003256944,0.01295643,0.0,0.022172146
0.0,0.0,0.0152114285,0.03755147,0.0,0.022596858
0.0,0.0,0.010114578,0.011332521,0.0,0.027574886
0.0,0.0,0.0047468627,0.011168156,0.0,0.023151357
0.0,0.0,0.00326639,0.005656361,0.0,0.0074323434
0.0,0.0,0.0028842995,0.017344872,0.0,0.020051777
0.0,0.0,0.0028795607,0.019744799,0.0,0.019047663
0.0,0.0,0.0025426655,0.011521683,0.0,0.0123155415
0.0,0.0,0.00085355446,0.010213242,0.0,0.033813912
0.0,0.0,0.00076040986,0.01279593,0.0,0.008704586
0.0,0.0,0.00058908155,0.008203449,0.0,0.0063320706
0.0,0.0,0.0013728236,0.0042405864,0.0,0.007870909
0.0,0.0,0.0013199579,0.005631387,0.0,0.01309626
0.0,0.0,0.0011677702,0.0036976489,0.0,0.016523052
0.0,0.0,0.0011658516,0.010975208,0.0,0.038527727
0.0,0.0,0.0010438861,0.010991667,0.0,0.00987822
0.0,0.0,0.0030316652,0.007617052,0.0,0.011451182
0.0,0.0,0.0009788901,0.015455724,0.0,0.023093376
0.0,0.0,0.0009831421,0.01424713,0.0,0.0069792354
0.0,0.0,0.0020212627,0.006494445,0.0,0.007812505
0.0,0.0,0.0020179413,0.0021143605,0.0,0.0044005807
0.0,0.0,0.0014912362,0.005190646,0.0,0.011425988
0.0,0.0,0.0014887856,0.004393533,0.0,0.0130819045
0.0,0.0,0.0013269284,0.0065051964,0.0,0.01769341
0.0,0.0,0.0013247479,0.0036993448,0.0,0.008150547
0.0,0.0,0.0013225711,0.0087767895,0.0,0.017333305
0.0,0.0,0.0010742113,0.0069844397,0.0,0.019339021
0.0,0.0,0.00097364275,0.008478142,0.0,0.015595793
0.0,0.0,0.0029822586,0.0054444484,0.0,0.018187841
0.0,0.0,0.002977358,0.0108486265,0.0,0.01736706
0.0,0.0,0.0017810828,0.008674588,0.0,0.01625129
0.0,0.0,0.0014399319,0.0061810017,0.0,0.013440175
0.0,0.0,0.0009668293,0.011257365,0.0,0.033814482
0.0,0.0,0.00096524047,0.004706629,0.0,0.007240612
0.0,0.0,0.0009593146,0.0028870197,0.0,0.012989078
0.0,0.0,0.00077562523,0.00555182,0.0,0.013367389
0.0,0.0,0.00035005264,0.0061128736,0.0,0.029957019
0.0,0.0,0.00034947734,0.0037748779,0.0,0.006791049
0.0,0.0,0.00033737626,0.005942776,0.0,0.010607377
0.0,0.0,0.0003368218,0.003997268,0.0,0.01835263
0.0,0.0,0.00040286084,0.0018932548,0.0,0.009427281
0.0,0.0,0.0002782054,0.00636114,0.0,0.02678088
0.0,0.0,0.0002505791,0.0033005439,0.0,0.0047884677
0.0,0.0,0.0001798327,0.0024575056,0.0,0.0036014128
0.0,0.0,0.00017953715,0.00088009407,0.0,0.004384099
0.0,0.0,0.0004361128,0.0075785257,0.0,0.011917136
0.0,0.0,0.002172552,0.00381313,0.0,0.009363335
0.0,0.0,0.0024698551,0.0008786321,0.0,0.008000096
0.0,0.0,0.0014863829,0.0014531189,0.0,0.010422196
0.0,0.0,0.0009148614,0.0017333671,0.0,0.017448682
0.0,0.0,0.00083391025,0.001151141,0.0,0.0048190886
0.0,0.0,0.0073712384,0.002909339,0.0,0.0055006538
0.0,0.0,0.007359122,0.0012434918,0.0,0.0075991573
0.0,0.0,0.005892123,0.0028729779,0.0,0.008183118
0.0,0.0,0.005201385,0.0011375791,0.0,0.013437334
0.0,0.0,0.005192835,0.0053028753,0.0,0.01289811
0.0,0.0,0.0051309057,0.0030593465,0.0,0.01446521
0.0,0.0,0.0044400417,0.0034897064,0.0,0.011354477
0.0,0.0,0.0039391913,0.0011721564,0.0,0.011560111
0.0,0.0,0.0028982766,0.0020379385,0.0,0.011897853
0.0,0.0,0.002997886,0.00090789085,0.0,0.014655204
0.0,0.0,0.0024294727,0.0013021168,0.0,0.0071504884
0.0,0.0,0.0019484841,0.0020191479,0.0,0.009031095
0.0,0.0,0.0011056927,0.000581476,0.0,0.0033247336
0.0,0.0,0.0006235549,0.0031382218,0.0,0.0028328004
0.0,0.0,0.00048560655,0.0007477411,0.0,0.0029125444
0.0,0.0,0.0010154105,0.0026609784,0.0,0.0015706731
0.0,0.0,0.0012166203,0.0019402042,0.0,0.010908381
0.0,0.0,0.0014202326,0.0066838795,0.0,0.014993985
0.0,0.0,0.03176606,0.005242526,0.0,0.009213439
0.0,0.0,0.01971175,0.002159674,0.0,0.017732378
0.0,0.0,0.0070530777,0.007821827,0.0,0.019769737
0.0,0.0,0.0047943387,0.0043104654,0.0,0.008252786
0.0,0.0,0.0047864527,0.0037432665,0.0,0.013928125
0.0,0.0,0.003941573,0.0014068877,0.0,0.011223899
0.0,0.0,0.0027017766,0.0034472104,0.0,0.011757196
0.0,0.0,0.0026973323,0.0016048265,0.0,0.018506436
0.0,0.0,0.002959926,0.004026423,0.0,0.0067234547
0.0,0.0,0.0032611468,0.0013518254,0.0,0.0080675045
0.0,0.0,0.0024184003,0.0026454355,0.0,0.0048142895
0.0,0.0,0.0020183143,0.0012350519,0.0,0.007842503
0.0,0.0,0.010863237,0.0067264144,0.0,0.028964339
0.0,0.0,0.0065566204,0.0039325333,0.0,0.004871874
0.0,0.0,0.003482612,0.00424952,0.0,0.012215819
0.0,0.0,0.0018928213,0.0022215296,0.0,0.008367181
0.0,0.0,0.014291979,0.0017311308,0.0,0.01056059
0.0,0.0,0.0075807753,0.0048106275,0.0,0.01928416
0.0,0.0,0.0013989031,0.0033663716,0.0,0.007681366
0.0,0.0,0.001041518,0.0051479507,0.0,0.026768684
0.0,0.0,0.00055859255,0.0050496156,0.0,0.0057837516
0.0,0.0,0.0022569888,0.011605147,0.0,0.014281273
0.0,0.0,0.0031087059,0.007980054,0.0,0.014623652
0.0,0.0,0.0028595366,0.0056645465,0.0,0.016092457
0.0,0.0,0.0028548285,0.0044419714,0.0,0.0140349185
0.0,0.0,0.0011868231,0.0035024078,0.0,0.022784697
0.0,0.0,0.00067320967,0.002489362,0.0,0.004997284
0.0,0.0,0.0015778353,0.0016752922,0.0,0.0052055777
0.0,0.0,0.0014028548,0.0018286029,0.0,0.010437609
0.0,0.0,0.0012830495,0.0030562452,0.0,0.013825638
0.0,0.0,0.0011580948,0.0011464881,0.0,0.010026203
0.0,0.0,0.0030005712,0.006033289,0.0,0.013464834
0.0,0.0,0.0028123173,0.0063932287,0.0,0.038038455
0.0,0.0,0.0024847281,0.00988162,0.0,0.012984506
0.0,0.0,0.0024806361,0.005210831,0.0,0.012919783
0.0,0.0,0.0023380555,0.0023788754,0.0,0.016014095
0.0,0.0,0.0009656541,0.005390089,0.0,0.015939312
0.0,0.0,0.0017821663,0.0048673926,0.0,0.016540093
0.0,0.0,0.033969063,0.003373128,0.0,0.0187954
0.0,0.0,0.018335199,0.010619539,0.0,0.01778311
0.0,0.0,0.01830499,0.012713606,0.0,0.019726792
0.0,0.0,0.009576415,0.012777552,0.0,0.010811616
0.0,0.0,0.0023932545,0.010432549,0.0,0.01870608
0.0,0.0,0.001760384,0.012639476,0.0,0.014523488
0.0,0.0,0.013641255,0.014755237,0.0,0.028940523
0.0,0.0,0.0049378844,0.006089021,0.0,0.0046764547
0.0,0.0,0.003375308,0.0073092,0.0,0.015101933
0.0,0.0,0.0016101466,0.017462984,0.0,0.037282966
0.0,0.0,0.0007008664,0.013904395,0.0,0.01262308
0.0,0.0,0.00069971086,0.010723298,0.0,0.018978667
0.0,0.0,0.0024758067,0.008874022,0.0,0.015752913
0.0,0.0,0.0018103514,0.02329252,0.0,0.024969604
0.0,0.0,0.002811226,0.008057171,0.0,0.0074149193
0.0,0.0,0.002360577,0.008971538,0.0,0.019177342
0.0,0.0,0.0023566843,0.019983657,0.0,0.020043101
0.0,0.0,0.0023527981,0.011022263,0.0,0.015462672
0.0,0.0,0.0021536201,0.0065296176,0.0,0.010790633
0.0,0.0,0.0016599637,0.0071588517,0.0,0.018239418
0.0,0.0,0.0019374554,0.002379765,0.0,0.007321496
0.0,0.0,0.004147111,0.0018056065,0.0,0.003975785
0.0,0.0,0.0013363566,0.0006410005,0.0,0.0014194294
0.0,0.0,0.000945242,0.0024883098,0.0,0.0022563387
0.0,0.0,0.002821823,0.0013801212,0.0,0.0016815288
0.0,0.0,0.002478627,0.0028247978,0.0,0.0033209359
0.0,0.0,0.0010525667,0.0012162698,0.0,0.0016072971
0.0,0.0,0.00047100848,0.002272387,0.0,0.0011643221
0.0,0.0,0.00039746246,0.00085686013,0.0,0.0027386087
0.0,0.0,0.0007977148,0.0025528537,0.0,0.0015102032
0.0,0.0,0.00091826153,0.0012128679,0.0,0.0013265625
0.0,0.0,0.00064770237,0.0017057892,0.0,0.0024561477
0.0,0.0,0.0030022345,0.0008289671,0.0,0.0016220211
0.0,0.0,0.0013883467,0.0014641107,0.0,0.0012778711
0.0,0.0,0.0011836786,0.00048106248,0.0,0.0016606504
0.0,0.0,0.0011817255,0.0013052454,0.0,0.0011855555
0.0,0.0,0.0016633563,0.0009350573,0.0,0.0041128984
0.0,0.0,0.0016606116,0.0014524518,0.0,0.0023966162
0.0,0.0,0.0016578714,0.00045947803,0.0,0.0012782471
0.0,0.0,0.002909702,0.0012949522,0.0,0.0029747614
0.0,0.0,0.0029049006,0.0005251073,0.0,0.00074078114
0.0,0.0,0.0028557556,0.0012576514,0.0,0.0003933237
0.0,0.0,0.0025277047,0.0008078047,0.0,0.0011800029
0.0,0.0,0.002107481,0.002588561,0.0,0.0020664136
0.0,0.0,0.0048535815,0.00058531354,0.0,0.00075126986
0.0,0.0,0.004335071,0.00089841214,0.0,0.00054777734
0.0,0.0,0.004327917,0.0022738227,0.0,0.0022970815
0.0,0.0,0.0028561908,0.00056754303,0.0,0.0008176562
0.0,0.0,0.0020751024,0.00028913055,0.0,0.00067245413
0.0,0.0,0.001908011,0.00035085558,0.0,0.0008448875
0.0,0.0,0.0010345894,0.0013938512,0.0,0.0013746077
0.0,0.0,0.005974902,0.0004019019,0.0,0.00059834827
0.0,0.0,0.0014755053,0.0002364174,0.0,0.00047961445
0.0,0.0,0.0014730695,0.0001331715,0.0,0.00036108238
0.0,0.0,0.0014706379,7.606074e-05,0.0,0.00025997206
0.0,0.0,0.00069792935,2.9323746e-05,0.0,0.00014770018
0.0,0.0,0.0005595083,1.1388559e-05,0.0,9.206324e-05
0.0,0.0,0.00055858464,3.6076046e-06,0.0,4.5751895e-05
0.0,0.0,0.00027255595,9.47583e-07,0.0,2.8179422e-05
0.0,0.0,0.000272106,2.4211755e-07,0.0,1.792284e-05
0.0,0.0,0.00027165678,7.579932e-08,0.0,1.5269738e-05
0.0,0.0,0.00023927509,3.8519754e-08,0.0,2.6025358e-05
0.0,0.0,0.00023888006,1.7142925e-08,0.0,1.7947152e-05
0.0,0.0,0.00013970045,1.517477e-08,0.0,2.0466687e-05
0.0,0.0,0.00013946982,1.09420455e-08,0.0,2.3807686e-05
0.0,0.0,0.00013923956,1.1782391e-08,0.0,1.7644361e-05
0.0,0.0,0.00013900969,7.794629e-09,0.0,9.399776e-06
0.0,0.0,8.1610146e-05,2.9140738e-08,0.0,2.0012647e-05
0.0,0.0,3.5654466e-05,4.1644874e-08,0.0,2.2294565e-05
0.0,0.0,6.165113e-06,4.0534417e-08,0.0,1.8461093e-05
0.0,0.0,2.5301945e-06,3.0069426e-08,0.0,2.430254e-05
0.0,0.0,1.3959894e-06,1.6264648e-08,0.0,1.7799202e-05
0.0,0.0,8.8937674e-07,2.281203e-08,0.0,2.5153464e-05
0.0,0.0,8.8790745e-07,2.4681308e-08,0.0,2.2345386e-05
0.0,0.0,8.8644055e-07,5.0136908e-08,0.0,2.1604023e-05
0.0,0.0,8.8497615e-07,7.485004e-08,0.0,3.1454383e-05
0.0,0.0,6.794572e-07,5.3164086e-08,0.0,2.1731381e-05
0.0,0.0,4.2862283e-07,4.6840544e-08,0.0,2.2022852e-05
0.0,0.0,2.5848004e-07,3.7615887e-08,0.0,2.1639524e-05
0.0,0.0,2.2183562e-07,2.368437e-08,0.0,1.7569786e-05
0.0,0.0,1.9965212e-07,1.0931419e-08,0.0,2.0783507e-05
0.0,0.0,1.9932223e-07,4.876514e-09,0.0,9.907149e-06
0.0,0.0,1.7764285e-07,8.232429e-10,0.0,1.5154791e-05
0.0,0.0,1.7734932e-07,5.496208e-10,0.0,1.8100593e-05
0.0,0.0,1.7705628e-07,6.0552146e-09,0.0,1.6185539e-05
0.0,0.0,1.3335693e-07,1.6182026e-08,0.0,1.591185e-05
0.0,0.0,1.3313658e-07,1.1418173e-08,0.0,1.1567992e-05
0.0,0.0,1.07855584e-07,1.0643004e-08,0.0,1.47575265e-05
0.0,0.0,5.7321703e-08,4.390302e-09,0.0,1.966121e-05
0.0,0.0,5.7226984e-08,1.0692569e-08,0.0,1.644657e-05
0.0,0.0,5.7132425e-08,5.498251e-09,0.0,1.2976938e-05
0.0,0.0,5.089587e-08,5.0922484e-09,0.0,1.4760095e-05
0.0,0.0,2.9867522e-08,9.615577e-09,0.0,1.4231198e-05
0.0,0.0,2.9818167e-08,8.168679e-09,0.0,3.136121e-05
0.0,0.0,2.9768895e-08,3.369492e-09,0.0,2.5396359e-05
0.0,0.0,2.9719704e-08,1.0349127e-08,0.0,2.3849063e-05
0.0,0.0,1.8634932e-08,7.0184014e-09,0.0,1.7919374e-05
0.0,0.0,1.8604139e-08,1.160678e-08,0.0,6.8453937e-06
0.0,0.0,1.8573397e-08,1.1321161e-08,0.0,1.1639009e-05
0.0,0.0,1.8542705e-08,9.175427e-09,0.0,1.3738404e-05
0.0,0.0,1.6431207e-08,7.696829e-09,0.0,6.659385e-06
0.0,0.0,1.4561142e-08,1.7494127e-09,0.0,5.623676e-06
0.0,0.0,1.4537081e-08,4.1068895e-09,0.0,1.349972e-05
0.0,0.0,1.1801896e-08,1.2610854e-08,0.0,1.6710543e-05
0.0,0.0,1.1782395e-08,1.3417723e-08,0.0,1.32617115e-05
0.0,0.0,1.1762925e-08,1.8972454e-08,0.0,1.5849027e-05
0.0,0.0,1.1743487e-08,2.5227413e-08,0.0,1.942944e-05
0.0,0.0,1.1724081e-08,2.1491688e-08,0.0,2.2592021e-05
0.0,0.0,1.1704707e-08,9.684502e-09,0.0,2.8101673e-05
0.0,0.0,1.16853665e-08,3.2708969e-09,0.0,3.688259e-05
0.0,0.0,1.1666057e-08,3.1382343e-09,0.0,2.3376992e-05
0.0,0.0,1.1646779e-08,2.191881e-09,0.0,1.9079467e-05
0.0,0.0,1.1627533e-08,8.2845597e-10,0.0,1.4667179e-05
0.0,0.0,1.1608319e-08,8.8609403e-10,0.0,1.8986977e-05
0.0,0.0,1.1589137e-08,5.6683964e-09,0.0,2.3179975e-05
0.0,0.0,1.1569986e-08,4.178389e-09,0.0,3.3381955e-05
0.0,0.0,1.1550867e-08,3.382293e-09,0.0,3.1884545e-05
0.0,0.0,1.1153281e-08,1.1739717e-09,0.0,2.3112601e-05
0.0,0.0,1.4369232e-08,1.9829644e-08,0.0,2.0581025e-05
0.0,0.0,1.312371e-08,3.500781e-08,0.0,2.2093864e-05
0.0,0.0,1.3102023e-08,2.8796908e-08,0.0,2.3271494e-05
0.0,0.0,1.9869223e-08,1.7140046e-08,0.0,2.2050499e-05
0.0,0.0,2.1319783e-08,1.3360657e-08,0.0,3.1051564e-05
0.0,0.0,5.1197194e-08,8.38743e-08,0.0,3.2489414e-05
0.0,0.0,5.7451214e-08,8.1799854e-08,0.0,2.7777454e-05
0.0,0.0,5.6087433e-08,5.0439407e-08,0.0,2.3809043e-05
0.0,0.0,5.538406e-08,6.247332e-08,0.0,3.500541e-05
0.0,0.0,5.561556e-08,4.45958e-08,0.0,4.2593627e-05
0.0,0.0,9.488101e-08,4.0284302e-08,0.0,4.283704e-05
0.0,0.0,9.472419e-08,7.315302e-08,0.0,4.4536766e-05
0.0,0.0,9.4567646e-08,7.994044e-08,0.0,3.3037104e-05
0.0,0.0,9.441135e-08,7.4315984e-08,0.0,4.6646317e-05
0.0,0.0,3.3919244e-07,9.8361056e-08,0.0,6.1890576e-05
0.0,0.0,9.125554e-07,6.312051e-08,0.0,5.0683542e-05
0.0,0.0,7.7732903e-07,3.3077264e-08,0.0,4.206032e-05
0.0,0.0,6.6112597e-07,6.389723e-08,0.0,6.0917704e-05
0.0,0.0,7.2134344e-07,1.91124e-07,0.0,5.735173e-05
0.0,0.0,6.85131e-07,3.0688477e-07,0.0,6.855007e-05
0.0,0.0,2.601731e-06,4.1100176e-07,0.0,7.208347e-05
0.0,0.0,5.993972e-06,5.3190286e-07,0.0,8.584729e-05
0.0,0.0,5.637542e-06,7.312555e-07,0.0,0.00011904159
0.0,0.0,4.9430787e-06,6.8303723e-07,0.0,0.00012553338
0.0,0.0,4.242479e-06,5.279148e-07,0.0,0.00011676743
0.0,0.0,4.3958994e-06,8.256148e-07,0.0,0.00011555448
0.0,0.0,4.1416424e-06,2.7168962e-06,0.0,9.026251e-05
0.0,0.0,5.1769207e-06,2.6686398e-06,0.0,9.2402384e-05
0.0,0.0,5.730253e-06,6.3555417e-06,0.0,0.000111230445
0.0,0.0,8.649598e-06,5.6024288e-05,0.0,0.00011881084
0.0,0.0,7.058582e-06,9.159096e-05,0.0,0.0001207752
0.0,0.0,9.230627e-06,0.00019391249,0.0,0.00016760657
0.0,0.0,8.448275e-06,0.0009028907,0.0,0.00021161733
0.0,0.0,8.800776e-06,0.010137903,0.0,0.00048545707
0.0,0.0,2.2558477e-05,0.013953225,0.0,0.00061751663
0.0,0.0,1.9104446e-05,0.010380972,0.0,0.00090014795
0.0,0.0,1.89494e-05,0.037067734,0.0,0.001956776
0.0,0.0,1.6207516e-05,0.010326298,0.0,0.0025054847
0.0,0.0,2.4748946e-05,0.040481236,0.0,0.019324651
0.0,0.0,2.103288e-05,0.021665992,0.0,0.04900852
0.0,0.0,5.6903944e-05,0.028804956,0.0,0.030692207
0.0,0.0,4.00261e-05,0.007649323,0.0,0.020509535
0.0,0.0,3.1663058e-05,0.015606867,0.0,0.032516524
0.0,0.0,4.5957895e-05,0.04778069,0.0,0.015374235
0.0,0.0,4.1957734e-05,0.012687959,0.0,0.017236529
0.0,0.0,3.5543442e-05,0.024491698,0.0,0.068946525
0.0,0.0,3.1310552e-05,0.03128128,0.0,0.022826193
0.0,0.0,3.0307592e-05,0.018148586,0.0,0.02144676
0.0,0.0,2.8518522e-05,0.043573987,0.0,0.07129399
0.0,0.0,2.8471253e-05,0.008912135,0.0,0.035954013
0.0,0.0,2.9795177e-05,0.018084075,0.0,0.01173856
0.0,0.0,2.7317534e-05,0.04200857,0.0,0.037399776
0.0,0.0,2.5511816e-05,0.012098051,0.0,0.010884774
0.0,0.0,3.093615e-05,0.018286828,0.0,0.030059977
0.0,0.0,2.9774606e-05,0.016408682,0.0,0.008571947
0.0,0.0,4.1315176e-05,0.015054942,0.0,0.023342313
0.0,0.0,4.8845555e-05,0.023718875,0.0,0.0135317845
0.0,0.0,3.949974e-05,0.015737996,0.0,0.026799027
0.0,0.0,3.3916567e-05,0.02622077,0.0,0.012597859
0.0,0.0,6.143274e-05,0.014088765,0.0,0.023935005
0.0,0.0,8.347552e-05,0.012641497,0.0,0.009890269
0.0,0.0,0.000109652516,0.019501617,0.0,0.025739271
0.0,0.0,7.914521e-05,0.014599608,0.0,0.010197832
0.0,0.0,6.9089554e-05,0.023311695,0.0,0.032042086
0.0,0.0,6.022611e-05,0.027563939,0.0,0.010884842
0.0,0.0,7.1519564e-05,0.0133468695,0.0,0.025205268
0.0,0.0,8.8557106e-05,0.009720958,0.0,0.009390597
0.0,0.0,0.00018252729,0.013347638,0.0,0.01603323
0.0,0.0,0.00014712573,0.013272848,0.0,0.019295314
0.0,0.0,0.00013214609,0.014824028,0.0,0.012820958
0.0,0.0,9.021724e-05,0.0081315255,0.0,0.013924728
0.0,0.0,8.870592e-05,0.006173598,0.0,0.014187699
0.0,0.0,6.654787e-05,0.008282138,0.0,0.032616362
0.0,0.0,5.304964e-05,0.0074929795,0.0,0.00960541
0.0,0.0,5.862515e-05,0.010689672,0.0,0.014425003
0.0,0.0,7.406799e-05,0.010628113,0.0,0.017190661
0.0,0.0,5.6913457e-05,0.018859373,0.0,0.025337938
0.0,0.0,4.9186525e-05,0.012942306,0.0,0.0125321625
0.0,0.0,4.050805e-05,0.02500437,0.0,0.039231837
0.0,0.0,9.300542e-05,0.011945185,0.0,0.023334427
0.0,0.0,9.2883645e-05,0.012560112,0.0,0.009107312
0.0,0.0,6.182895e-05,0.009571968,0.0,0.017884495
0.0,0.0,5.3361495e-05,0.010091586,0.0,0.01135426
0.0,0.0,4.844385e-05,0.007006285,0.0,0.02126114
0.0,0.0,3.716562e-05,0.013228796,0.0,0.010192942
0.0,0.0,3.073847e-05,0.0096580535,0.0,0.016050467
0.0,0.0,2.5869582e-05,0.0035254322,0.0,0.0072787716
0.0,0.0,2.409426e-05,0.005067175,0.0,0.021229276
0.0,0.0,2.272079e-05,0.0031486596,0.0,0.0067409
0.0,0.0,2.268307e-05,0.0023918163,0.0,0.008537815
0.0,0.0,2.1511798e-05,0.0019886857,0.0,0.013768095
0.0,0.0,3.0989984e-05,0.0018548745,0.0,0.0074311346
0.0,0.0,3.0938536e-05,0.0014027408,0.0,0.017844012
0.0,0.0,3.0887175e-05,0.0047931136,0.0,0.008690442
0.0,0.0,2.7471973e-05,0.0037465536,0.0,0.021582097
0.0,0.0,2.8453507e-05,0.0019042786,0.0,0.0057592546
0.0,0.0,3.832616e-05,0.0034810184,0.0,0.012981883
0.0,0.0,3.230929e-05,0.0014965433,0.0,0.011105434
0.0,0.0,2.8532702e-05,0.0047766636,0.0,0.024443094
0.0,0.0,2.6391843e-05,0.0020421518,0.0,0.004984523
0.0,0.0,4.8552796e-05,0.0029529918,0.0,0.004350947
0.0,0.0,8.856387e-05,0.0016145213,0.0,0.014079957
0.0,0.0,6.847126e-05,0.0013344631,0.0,0.008749988
0.0,0.0,6.835758e-05,0.0047267117,0.0,0.0134532675
0.0,0.0,4.388938e-05,0.002039677,0.0,0.01051791
0.0,0.0,7.570803e-05,0.004847058,0.0,0.013049387
0.0,0.0,4.857689e-05,0.0037076855,0.0,0.027925102
0.0,0.0,3.5904508e-05,0.0041605635,0.0,0.005482635
0.0,0.0,5.5763838e-05,0.0021719006,0.0,0.008777995
0.0,0.0,5.836282e-05,0.003672382,0.0,0.014707373
0.0,0.0,5.8265923e-05,0.001907777,0.0,0.018669434
0.0,0.0,4.9094986e-05,0.005584181,0.0,0.009232225
0.0,0.0,6.834046e-05,0.00355137,0.0,0.016983043
0.0,0.0,0.00010249325,0.0038947496,0.0,0.010356958
0.0,0.0,5.77735e-05,0.0014716566,0.0,0.018363621
0.0,0.0,5.229622e-05,0.0018588994,0.0,0.010816328
0.0,0.0,3.746868e-05,0.001360575,0.0,0.014355788
0.0,0.0,3.2015738e-05,0.006197725,0.0,0.020736359
0.0,0.0,2.961923e-05,0.0032259286,0.0,0.005718248
0.0,0.0,2.4857574e-05,0.0049632564,0.0,0.011014842
0.0,0.0,2.3481614e-05,0.0033585546,0.0,0.022698486
0.0,0.0,2.1884935e-05,0.008090859,0.0,0.012119013
0.0,0.0,3.8946473e-05,0.014293865,0.0,0.027546775
0.0,0.0,3.0277966e-05,0.0124866795,0.0,0.008729354
0.0,0.0,2.6113119e-05,0.010088503,0.0,0.016069096
0.0,0.0,2.6069763e-05,0.0153944,0.0,0.02298884
0.0,0.0,2.1646894e-05,0.017546814,0.0,0.00666581
0.0,0.0,2.8196417e-05,0.013310912,0.0,0.0078682145
0.0,0.0,2.4902529e-05,0.008835913,0.0,0.016787475
0.0,0.0,2.2582339e-05,0.01898726,0.0,0.0139573505
0.0,0.0,2.344697e-05,0.015713453,0.0,0.021632418
0.0,0.0,2.1867638e-05,0.008316224,0.0,0.00569863
0.0,0.0,2.0058496e-05,0.0065223337,0.0,0.007840706
0.0,0.0,1.8565888e-05,0.0048062894,0.0,0.0070402846
0.0,0.0,1.7699207e-05,0.0019139138,0.0,0.00855532
0.0,0.0,1.7669821e-05,0.0033555997,0.0,0.012881245
0.0,0.0,1.7640483e-05,0.0013223971,0.0,0.011272915
0.0,0.0,1.6727083e-05,0.0039628576,0.0,0.014822733
0.0,0.0,1.6268968e-05,0.002819634,0.0,0.018041257
0.0,0.0,1.9264335e-05,0.0057361806,0.0,0.0145496195
0.0,0.0,2.2323238e-05,0.0041111815,0.0,0.012073506
0.0,0.0,2.708989e-05,0.005141227,0.0,0.0282896
0.0,0.0,2.7044913e-05,0.0042276867,0.0,0.009806901
0.0,0.0,2.6762624e-05,0.006917069,0.0,0.009409392
0.0,0.0,2.3808721e-05,0.008164346,0.0,0.014674049
0.0,0.0,4.2516927e-05,0.009594581,0.0,0.02945693
0.0,0.0,4.8397607e-05,0.020316152,0.0,0.01261977
0.0,0.0,7.193797e-05,0.011809086,0.0,0.010733157
0.0,0.0,7.8479155e-05,0.011346465,0.0,0.023626564
0.0,0.0,6.525061e-05,0.011366981,0.0,0.014124009
0.0,0.0,6.0372233e-05,0.007565991,0.0,0.016147807
0.0,0.0,4.045239e-05,0.0030199594,0.0,0.010390396
0.0,0.0,3.1949156e-05,0.0050027347,0.0,0.017600143
0.0,0.0,4.6304616e-05,0.002343505,0.0,0.008490351
0.0,0.0,5.7309968e-05,0.0054933773,0.0,0.022500632
0.0,0.0,4.2709846e-05,0.004280228,0.0,0.006762176
0.0,0.0,3.8959937e-05,0.0047875093,0.0,0.01057249
0.0,0.0,3.9041945e-05,0.0035959654,0.0,0.028797535
0.0,0.0,4.4436092e-05,0.009364176,0.0,0.013655454
0.0,0.0,6.073489e-05,0.00916057,0.0,0.02433867
0.0,0.0,4.861144e-05,0.014423276,0.0,0.011004698
0.0,0.0,5.9043414e-05,0.01209256,0.0,0.023426455
0.0,0.0,5.4931883e-05,0.015788287,0.0,0.015984569
0.0,0.0,5.4840653e-05,0.013867645,0.0,0.02918337
0.0,0.0,5.0526352e-05,0.012762113,0.0,0.013284062
0.0,0.0,4.6537203e-05,0.010543577,0.0,0.013538119
0.0,0.0,3.9938343e-05,0.011695261,0.0,0.030752499
0.0,0.0,3.7964834e-05,0.013297251,0.0,0.017038774
0.0,0.0,4.396785e-05,0.023446487,0.0,0.038277004
0.0,0.0,4.389483e-05,0.0080398815,0.0,0.01085065
0.0,0.0,5.1242652e-05,0.007920208,0.0,0.01898743
0.0,0.0,5.3790394e-05,0.0049787564,0.0,0.0133056985
0.0,0.0,4.789792e-05,0.005918844,0.0,0.017947443
0.0,0.0,4.2969677e-05,0.008138118,0.0,0.025314448
0.0,0.0,4.048692e-05,0.02583707,0.0,0.008359281
0.0,0.0,4.09962e-05,0.011633767,0.0,0.0143897
0.0,0.0,8.703994e-05,0.00968098,0.0,0.017920528
0.0,0.0,9.071189e-05,0.0065423083,0.0,0.008199487
0.0,0.0,8.039593e-05,0.004957422,0.0,0.009687446
0.0,0.0,6.1451814e-05,0.0015599196,0.0,0.0071196407
0.0,0.0,5.202991e-05,0.005903953,0.0,0.029335499
0.0,0.0,4.5842764e-05,0.0034962979,0.0,0.007283113
0.0,0.0,3.903965e-05,0.0040344074,0.0,0.0070054387
0.0,0.0,3.5240708e-05,0.0021683136,0.0,0.014069191
0.0,0.0,4.81251e-05,0.0060117748,0.0,0.011802491
0.0,0.0,4.150519e-05,0.0020415212,0.0,0.0062819514
0.0,0.0,6.044404e-05,0.0018725297,0.0,0.0041618533
0.0,0.0,4.291962e-05,0.00065857463,0.0,0.0032574458
0.0,0.0,3.3586202e-05,0.001518101,0.0,0.0094735995
0.0,0.0,2.7252478e-05,0.000776541,0.0,0.007662122
0.0,0.0,2.361429e-05,0.0027304383,0.0,0.015899273
0.0,0.0,3.6730497e-05,0.0035712773,0.0,0.013220428
0.0,0.0,5.6675206e-05,0.0016634167,0.0,0.01520631
0.0,0.0,3.6429068e-05,0.0032581238,0.0,0.01012313
0.0,0.0,2.9458362e-05,0.0014700542,0.0,0.0089194095
0.0,0.0,2.3677809e-05,0.004966862,0.0,0.015870491
0.0,0.0,3.168324e-05,0.002001628,0.0,0.0045761513
0.0,0.0,2.864384e-05,0.001249464,0.0,0.005357228
0.0,0.0,2.280338e-05,0.003716715,0.0,0.006042443
0.0,0.0,4.412239e-05,0.002020493,0.0,0.0067977705
0.0,0.0,3.1449556e-05,0.0014628051,0.0,0.0050162827
0.0,0.0,2.0118005e-05,0.00064296124,0.0,0.002557594
0.0,0.0,1.5719346e-05,0.0019840556,0.0,0.001596977
0.0,0.0,1.7185166e-05,0.00048352015,0.0,0.00207988
0.0,0.0,1.5681728e-05,0.0006189333,0.0,0.0011938176
0.0,0.0,1.4252324e-05,0.0028638444,0.0,0.0016459804
0.0,0.0,1.1808986e-05,0.0009604047,0.0,0.0029580796
0.0,0.0,9.79535e-06,0.0016534884,0.0,0.0014931215
0.0,0.0,8.588085e-06,0.00066465134,0.0,0.00086504186
0.0,0.0,8.573813e-06,0.0029446247,0.0,0.0026854528
0.0,0.0,7.875006e-06,0.0010442103,0.0,0.0011406683
0.0,0.0,7.2132602e-06,0.0016827101,0.0,0.0010697988
0.0,0.0,6.0167686e-06,0.0004665937,0.0,0.0010545283
0.0,0.0,5.547676e-06,0.0011787224,0.0,0.0022078662
0.0,0.0,5.1045863e-06,0.00079815695,0.0,0.0006649992
0.0,0.0,4.7694916e-06,0.00068495295,0.0,0.00044661644
0.0,0.0,4.0273644e-06,0.000937197,0.0,0.0006062705
0.0,0.0,3.5994603e-06,0.0012123387,0.0,0.001502608
0.0,0.0,3.215666e-06,0.0007540607,0.0,0.0009937837
0.0,0.0,3.051242e-06,0.0023543753,0.0,0.002343165
0.0,0.0,2.7017243e-06,0.00060538604,0.0,0.0011732582
0.0,0.0,2.6972343e-06,0.00021593912,0.0,0.00042184585
0.0,0.0,2.4721587e-06,9.171489e-05,0.0,0.00020753927
0.0,0.0,1.9215736e-06,2.4487885e-05,0.0,0.00010877495
0.0,0.0,1.7978444e-06,7.535256e-06,0.0,6.507254e-05
0.0,0.0,1.7292082e-06,2.4084343e-06,0.0,4.5302593e-05
0.0,0.0,1.7263344e-06,7.796015e-07,0.0,3.0021263e-05
0.0,0.0,1.3118542e-06,2.1564617e-07,0.0,2.4801186e-05
0.0,0.0,9.606e-07,8.046343e-08,0.0,2.805431e-05
0.0,0.0,9.590036e-07,5.1500578e-08,0.0,3.0404648e-05
0.0,0.0,8.639845e-07,3.1897088e-08,0.0,2.001028e-05
0.0,0.0,7.237569e-07,1.97818e-08,0.0,2.1321135e-05
0.0,0.0,7.2255415e-07,1.5440365e-08,0.0,3.5889025e-05
0.0,0.0,5.2454965e-07,3.989406e-08,0.0,1.6436325e-05
0.0,0.0,5.236779e-07,2.455892e-08,0.0,2.3875431e-05
0.0,0.0,4.7005224e-07,2.2397007e-08,0.0,2.6668466e-05
0.0,0.0,4.6927107e-07,2.5417922e-08,0.0,2.5700949e-05
0.0,0.0,4.6849118e-07,7.122814e-08,0.0,2.8088401e-05
0.0,0.0,4.677126e-07,4.5651365e-08,0.0,3.039331e-05
0.0,0.0,4.6693532e-07,5.21609e-08,0.0,3.719468e-05
0.0,0.0,5.978137e-07,8.258779e-08,0.0,2.9007777e-05
0.0,0.0,5.9682014e-07,6.643245e-08,0.0,3.1128162e-05
0.0,0.0,4.8797415e-07,3.2614338e-08,0.0,2.1763328e-05
0.0,0.0,6.7709226e-07,2.8328257e-08,0.0,1.3496599e-05
0.0,0.0,6.53762e-07,5.063405e-08,0.0,2.6909403e-05
0.0,0.0,4.640808e-07,3.971807e-08,0.0,2.9588047e-05
0.0,0.0,4.186597e-07,2.5953383e-08,0.0,2.8775925e-05
0.0,0.0,4.1796386e-07,3.323871e-08,0.0,1.9170153e-05
0.0,0.0,2.7291006e-07,3.9679403e-08,0.0,2.2865888e-05
0.0,0.0,2.7245645e-07,5.4034377e-08,0.0,1.7049631e-05
0.0,0.0,1.8920258e-07,6.013291e-08,0.0,1.6347572e-05
0.0,0.0,1.888881e-07,4.1683652e-08,0.0,1.16190395e-05
0.0,0.0,1.3358583e-07,3.0023646e-08,0.0,9.0107205e-06
0.0,0.0,1.333638e-07,1.825285e-08,0.0,7.141908e-06
0.0,0.0,8.709585e-08,2.1535248e-08,0.0,1.4526254e-05
0.0,0.0,8.695108e-08,1.7413564e-08,0.0,9.305221e-06
0.0,0.0,8.680656e-08,1.8848088e-08,0.0,1.0958199e-05
0.0,0.0,4.5669637e-08,2.4550815e-08,0.0,1.206672e-05
0.0,0.0,2.6494076e-08,2.982546e-08,0.0,1.4059701e-05
0.0,0.0,2.6450039e-08,3.2591327e-08,0.0,1.5395875e-05
0.0,0.0,2.3969331e-08,1.9876222e-08,0.0,1.2044603e-05
0.0,0.0,2.392949e-08,8.338522e-09,0.0,1.1695312e-05
0.0,0.0,2.3889713e-08,2.354023e-09,0.0,1.2803707e-05
0.0,0.0,2.3850005e-08,2.1741866e-09,0.0,1.4836048e-05
0.0,0.0,2.3810362e-08,1.8488006e-09,0.0,1.5982516e-05
0.0,0.0,2.1264873e-08,9.311164e-09,0.0,1.4550801e-05
0.0,0.0,1.2949254e-08,5.2744187e-09,0.0,1.3023442e-05
0.0,0.0,1.2927729e-08,1.7456618e-09,0.0,1.26828145e-05
0.0,0.0,1.1776346e-08,2.9553686e-09,0.0,1.7547674e-05
0.0,0.0,1.1756771e-08,4.643305e-09,0.0,1.9176183e-05
0.0,0.0,8.526782e-09,1.48359165e-08,0.0,1.8524652e-05
0.0,0.0,6.865496e-09,1.4699466e-08,0.0,2.1897407e-05
0.0,0.0,6.854084e-09,2.3724818e-08,0.0,2.1884076e-05
0.0,0.0,5.518923e-09,1.0056422e-08,0.0,1.9307194e-05
0.0,0.0,5.0440736e-09,1.7489528e-08,0.0,1.8299537e-05
0.0,0.0,5.035689e-09,1.6006275e-08,0.0,1.8023895e-05
0.0,0.0,4.9067252e-09,7.004524e-09,0.0,1.9247205e-05
0.0,0.0,4.573312e-09,1.4522943e-08,0.0,1.5444148e-05
0.0,0.0,4.12041e-09,1.903533e-08,0.0,1.7182056e-05
0.0,0.0,7.094281e-09,2.7974068e-08,0.0,1.8437479e-05
0.0,0.0,7.0824884e-09,1.3537937e-08,0.0,1.4071881e-05
0.0,0.0,6.5949e-09,1.774699e-08,0.0,1.242905e-05
0.0,0.0,6.5839374e-09,8.292835e-09,0.0,5.847395e-06
0.0,0.0,6.5729933e-09,3.5310954e-09,0.0,1.4500172e-05
0.0,0.0,8.1534575e-09,8.458288e-09,0.0,1.5941201e-05
0.0,0.0,9.643775e-09,4.692657e-09,0.0,2.1408327e-05
0.0,0.0,9.627744e-09,5.4593614e-09,0.0,1.7968705e-05
0.0,0.0,9.219892e-09,1.8865432e-08,0.0,2.2079577e-05
0.0,0.0,9.320847e-09,2.095714e-08,0.0,2.4694833e-05
0.0,0.0,1.5067915e-08,1.060142e-08,0.0,1.9633258e-05
0.0,0.0,4.5381654e-08,4.8310693e-09,0.0,2.759759e-05
0.0,0.0,4.1245965e-08,3.3105432e-09,0.0,3.6038204e-05
0.0,0.0,6.266793e-08,2.0492648e-08,0.0,3.964913e-05
0.0,0.0,5.09814e-08,1.4955793e-08,0.0,3.147666e-05
0.0,0.0,6.1146345e-08,4.6458474e-08,0.0,2.7768932e-05
0.0,0.0,5.5216493e-08,6.7231575e-08,0.0,3.125558e-05
0.0,0.0,5.512469e-08,5.226536e-08,0.0,3.1548658e-05
0.0,0.0,6.442312e-08,2.3956549e-08,0.0,3.38674e-05
0.0,0.0,7.779387e-08,9.586145e-09,0.0,3.739661e-05
0.0,0.0,2.2899324e-07,7.621527e-09,0.0,4.359899e-05
0.0,0.0,6.523239e-07,2.7457324e-08,0.0,4.8639908e-05
0.0,0.0,5.6171586e-07,2.5071847e-08,0.0,4.7158686e-05
0.0,0.0,5.3252006e-07,4.3518728e-08,0.0,4.8287962e-05
0.0,0.0,5.796408e-07,7.6445886e-08,0.0,5.087486e-05
0.0,0.0,1.1519925e-06,9.766034e-08,0.0,5.792457e-05
0.0,0.0,2.3722246e-06,1.5734602e-07,0.0,7.265925e-05
0.0,0.0,3.402509e-06,1.2079805e-07,0.0,6.588849e-05
0.0,0.0,3.053965e-06,1.4607758e-07,0.0,6.530113e-05
0.0,0.0,2.4603708e-06,9.746916e-08,0.0,7.232676e-05
0.0,0.0,2.5021282e-06,8.167141e-08,0.0,6.5913744e-05
0.0,0.0,7.307332e-06,1.9842174e-07,0.0,9.844437e-05
0.0,0.0,4.908489e-06,3.446649e-07,0.0,8.8837136e-05
0.0,0.0,4.176388e-06,9.060592e-07,0.0,7.3456e-05
0.0,0.0,4.2018282e-06,6.1117303e-06,0.0,9.431224e-05
0.0,0.0,4.1447165e-06,1.7709834e-05,0.0,0.0001229676
0.0,0.0,2.1409895e-05,6.9149544e-05,0.0,0.00011211877
0.0,0.0,1.35138935e-05,0.00011920428,0.0,0.00010081056
0.0,0.0,1.1164833e-05,0.000315648,0.0,0.00015527946
0.0,0.0,1.0990429e-05,0.0008878226,0.0,0.00021154522
0.0,0.0,2.4416657e-05,0.010167091,0.0,0.00088858407
0.0,0.0,4.597758e-05,0.018092873,0.0,0.0022171831
0.0,0.0,5.975106e-05,0.011611211,0.0,0.0012204987
0.0,0.0,4.3591062e-05,0.025298003,0.0,0.0022033807
0.0,0.0,3.423854e-05,0.019787576,0.0,0.0047409195
0.0,0.0,3.0707753e-05,0.023846576,0.0,0.0070461333
0.0,0.0,3.2463573e-05,0.02177383,0.0,0.03383403
0.0,0.0,3.39799e-05,0.020629,0.0,0.02391515
0.0,0.0,3.7023587e-05,0.027564183,0.0,0.017050628
0.0,0.0,3.589927e-05,0.011540542,0.0,0.025351534
0.0,0.0,0.00012927523,0.040953465,0.0,0.017206803
0.0,0.0,0.000109255234,0.01856604,0.0,0.06191073
0.0,0.0,8.3245206e-05,0.019078147,0.0,0.018633254
0.0,0.0,6.623622e-05,0.02956004,0.0,0.037331793
0.0,0.0,6.0804916e-05,0.008801926,0.0,0.009666974
0.0,0.0,0.00020130341,0.008608014,0.0,0.021546239
0.0,0.0,0.00014239256,0.028073186,0.0,0.030199938
0.0,0.0,0.00012552242,0.014456716,0.0,0.015130296
0.0,0.0,0.00066225836,0.029268293,0.0,0.041299816
0.0,0.0,0.001705447,0.0123412935,0.0,0.030517293
0.0,0.0,0.0006034428,0.024727797,0.0,0.029643195
0.0,0.0,0.00069571764,0.027939416,0.0,0.021849003
0.0,0.0,0.0017517775,0.013733205,0.0,0.01842891
0.0,0.0,0.0007103983,0.026997065,0.0,0.0496735
0.0,0.0,0.00040938618,0.011062441,0.0,0.013780138
0.0,0.0,0.00051301124,0.018426927,0.0,0.044722464
0.0,0.0,0.0067594023,0.024639057,0.0,0.02177637
0.0,0.0,0.005236678,0.016141228,0.0,0.02731774
0.0,0.0,0.0014454011,0.012464367,0.0,0.00642856
0.0,0.0,0.0037092818,0.030888665,0.0,0.020231672
0.0,0.0,0.00092071947,0.01455048,0.0,0.024860777
0.0,0.0,0.0006554043,0.022934914,0.0,0.0175802
0.0,0.0,0.0009256732,0.014293882,0.0,0.0673876
0.0,0.0,0.0015473574,0.015565313,0.0,0.024036016
0.0,0.0,0.0013683581,0.01814904,0.0,0.011117881
0.0,0.0,0.0010745206,0.014570279,0.0,0.033767417
0.0,0.0,0.005708742,0.018924681,0.0,0.0066531096
0.0,0.0,0.004935438,0.014823017,0.0,0.01625121
0.0,0.0,0.0021137716,0.019446814,0.0,0.026369784
0.0,0.0,0.0016737505,0.014987276,0.0,0.0056805313
0.0,0.0,0.013694355,0.017323157,0.0,0.012215769
0.0,0.0,0.0070165205,0.014633967,0.0,0.023209224
0.0,0.0,0.0013615377,0.0104113715,0.0,0.005756551
0.0,0.0,0.0005867342,0.016898803,0.0,0.03128258
0.0,0.0,0.0005182638,0.024533762,0.0,0.012537383
0.0,0.0,0.0050948174,0.016219214,0.0,0.035686444
0.0,0.0,0.003597338,0.014778902,0.0,0.015593185
0.0,0.0,0.0009192478,0.01052758,0.0,0.019032776
0.0,0.0,0.00048546866,0.036244318,0.0,0.023770317
0.0,0.0,0.0004686159,0.010676996,0.0,0.014818288
0.0,0.0,0.029479781,0.014119204,0.0,0.024901275
0.0,0.0,0.014332721,0.015324723,0.0,0.017783556
0.0,0.0,0.0046594264,0.02427912,0.0,0.026913173
0.0,0.0,0.0017214232,0.0122414,0.0,0.010731726
0.0,0.0,0.01468346,0.007576801,0.0,0.007817018
0.0,0.0,0.0058865706,0.0024484824,0.0,0.005856184
0.0,0.0,0.0025852865,0.006404473,0.0,0.00997859
0.0,0.0,0.003568991,0.005582557,0.0,0.018964075
0.0,0.0,0.005130185,0.004743358,0.0,0.009114517
0.0,0.0,0.0037908647,0.0026471796,0.0,0.016828772
0.0,0.0,0.0018931535,0.0022751787,0.0,0.01601685
0.0,0.0,0.0040684575,0.0010282719,0.0,0.01260315
0.0,0.0,0.0036447132,0.0018221431,0.0,0.01231941
0.0,0.0,0.0019683687,0.001316307,0.0,0.01625983
0.0,0.0,0.0020212838,0.007585494,0.0,0.013969798
0.0,0.0,0.0024317896,0.0061290786,0.0,0.019192211
0.0,0.0,0.0014236672,0.005693696,0.0,0.0108580915
0.0,0.0,0.002857607,0.007416545,0.0,0.013814276
0.0,0.0,0.002016841,0.0038504708,0.0,0.009415368
0.0,0.0,0.002421631,0.002680965,0.0,0.021421501
0.0,0.0,0.001508725,0.004712424,0.0,0.007395486
0.0,0.0,0.002677392,0.0024960793,0.0,0.015841817
0.0,0.0,0.002247211,0.0071523143,0.0,0.016633218
0.0,0.0,0.001765145,0.006473029,0.0,0.025312508
0.0,0.0,0.00077882595,0.0071403123,0.0,0.0055847466
0.0,0.0,0.0011018738,0.0049667787,0.0,0.017031992
0.0,0.0,0.0009761609,0.0033560323,0.0,0.010763331
0.0,0.0,0.0024869342,0.002885605,0.0,0.01649225
0.0,0.0,0.0014371657,0.0028745325,0.0,0.012238983
0.0,0.0,0.002245937,0.0015253676,0.0,0.020167625
0.0,0.0,0.0048438576,0.0046448126,0.0,0.009419586
0.0,0.0,0.0021208662,0.0035054542,0.0,0.021092033
0.0,0.0,0.001157828,0.004365358,0.0,0.007987178
0.0,0.0,0.0038817564,0.0018764891,0.0,0.011007737
0.0,0.0,0.0012701743,0.004872829,0.0,0.013264367
0.0,0.0,0.0047825286,0.0032453816,0.0,0.023861213
0.0,0.0,0.0017973537,0.004624399,0.0,0.00792792
0.0,0.0,0.0014601928,0.001622146,0.0,0.007515223
0.0,0.0,0.0012958276,0.0052165147,0.0,0.012371439
0.0,0.0,0.00118743,0.0038100253,0.0,0.0139621
0.0,0.0,0.004430918,0.002934894,0.0,0.0074109756
0.0,0.0,0.0030880033,0.0012634667,0.0,0.012987289
0.0,0.0,0.0020696584,0.0053224564,0.0,0.021845616
0.0,0.0,0.0020367973,0.00381513,0.0,0.01317322
0.0,0.0,0.001037477,0.00347784,0.0,0.01235252
0.0,0.0,0.0027393745,0.0025517864,0.0,0.02998625
0.0,0.0,0.0015679774,0.00457861,0.0,0.0055716573
0.0,0.0,0.029052269,0.00204314,0.0,0.009923255
0.0,0.0,0.013542043,0.005369756,0.0,0.015809422
0.0,0.0,0.008800943,0.002927769,0.0,0.012649445
0.0,0.0,0.033786103,0.0063425647,0.0,0.021786988
0.0,0.0,0.012118362,0.004168122,0.0,0.011735972
0.0,0.0,0.0044226293,0.0071483282,0.0,0.020197997
0.0,0.0,0.0025690477,0.007946991,0.0,0.012765652
0.0,0.0,0.0010572536,0.0114770485,0.0,0.02074466
0.0,0.0,0.0014976409,0.017496381,0.0,0.013368697
0.0,0.0,0.0013239431,0.013690456,0.0,0.018097809
0.0,0.0,0.0008568432,0.0154074775,0.0,0.02210874
0.0,0.0,0.00085541676,0.012558982,0.0,0.0072851465
0.0,0.0,0.00070753804,0.010867477,0.0,0.018507376
0.0,0.0,0.0011586911,0.010821354,0.0,0.012018528
0.0,0.0,0.00091101753,0.014400171,0.0,0.025485538
0.0,0.0,0.009400214,0.009049696,0.0,0.0049521574
0.0,0.0,0.00638218,0.0075810184,0.0,0.012417563
0.0,0.0,0.0048832768,0.008121832,0.0,0.017855108
0.0,0.0,0.003201467,0.013496941,0.0,0.026072051
0.0,0.0,0.0028283284,0.023426548,0.0,0.008760135
0.0,0.0,0.0013588202,0.009410642,0.0,0.016059695
0.0,0.0,0.007394569,0.0104486905,0.0,0.018023394
0.0,0.0,0.0032803288,0.012884516,0.0,0.016018527
0.0,0.0,0.01125618,0.019799346,0.0,0.025230005
0.0,0.0,0.0066526844,0.01147743,0.0,0.011170153
0.0,0.0,0.004896329,0.015920712,0.0,0.024894027
0.0,0.0,0.0017064934,0.01653411,0.0,0.009970158
0.0,0.0,0.006036861,0.026770221,0.0,0.027482422
0.0,0.0,0.0042844787,0.011803254,0.0,0.016326014
0.0,0.0,0.0049495487,0.014391521,0.0,0.027396508
0.0,0.0,0.0034398928,0.012567494,0.0,0.014270027
0.0,0.0,0.0019269456,0.013343277,0.0,0.022492595
0.0,0.0,0.00076301565,0.013562398,0.0,0.01666203
0.0,0.0,0.00056567334,0.017611418,0.0,0.020566888
0.0,0.0,0.0032698428,0.012374191,0.0,0.011897748
0.0,0.0,0.0014572447,0.011452978,0.0,0.027349235
0.0,0.0,0.0012480096,0.015932929,0.0,0.0050126696
0.0,0.0,0.0019969326,0.012384564,0.0,0.007188258
0.0,0.0,0.0006149953,0.01569832,0.0,0.020659845
0.0,0.0,0.0003815497,0.03547724,0.0,0.017639775
0.0,0.0,0.00046149857,0.010967901,0.0,0.022385683
0.0,0.0,0.0030730008,0.011337022,0.0,0.009557706
0.0,0.0,0.0037456383,0.017386353,0.0,0.023525342
0.0,0.0,0.0017538549,0.010718792,0.0,0.019395627
0.0,0.0,0.001280574,0.00924298,0.0,0.019196501
0.0,0.0,0.0022691232,0.01941473,0.0,0.024921222
0.0,0.0,0.0033172714,0.011542442,0.0,0.013550067
0.0,0.0,0.0017957996,0.010465693,0.0,0.018428974
0.0,0.0,0.0015178786,0.020541737,0.0,0.019855969
0.0,0.0,0.0018664091,0.013562118,0.0,0.010802715
0.0,0.0,0.0006768429,0.011144004,0.0,0.01677036
0.0,0.0,0.0004317279,0.009604849,0.0,0.01284981
0.0,0.0,0.00033174525,0.019307574,0.0,0.03817602
0.0,0.0,0.00033119286,0.014508947,0.0,0.0101661915
0.0,0.0,0.0054430016,0.008543192,0.0,0.011400401
0.0,0.0,0.010779543,0.004964546,0.0,0.012900642
0.0,0.0,0.0039771763,0.0039141197,0.0,0.014543997
0.0,0.0,0.0017115909,0.0019468915,0.0,0.010593813
0.0,0.0,0.0057475576,0.0059576016,0.0,0.022628658
0.0,0.0,0.0011552065,0.005641356,0.0,0.009063629
0.0,0.0,0.00081475195,0.0015715606,0.0,0.0065950905
0.0,0.0,0.00062360126,0.0011851301,0.0,0.0070112622
0.0,0.0,0.014652459,0.0073750685,0.0,0.020138437
0.0,0.0,0.0048941253,0.0036144156,0.0,0.005473856
0.0,0.0,0.010968981,0.0033736927,0.0,0.011728612
0.0,0.0,0.0030499496,0.001189841,0.0,0.012250582
0.0,0.0,0.006202205,0.0022169473,0.0,0.016175637
0.0,0.0,0.0040355786,0.0006776635,0.0,0.0061247516
0.0,0.0,0.0019979973,0.0010454123,0.0,0.009601359
0.0,0.0,0.0015602343,0.006564108,0.0,0.017697409
0.0,0.0,0.0038912778,0.004455596,0.0,0.0077168113
0.0,0.0,0.0009358271,0.0019810114,0.0,0.006291253
0.0,0.0,0.00070144696,0.0012731537,0.0,0.0031697566
0.0,0.0,0.0005345763,0.0029501112,0.0,0.002152285
0.0,0.0,0.00046642305,0.0008926783,0.0,0.0046424814
0.0,0.0,0.000576302,0.0039455234,0.0,0.00540701
0.0,0.0,0.002250961,0.0014428236,0.0,0.0067261793
0.0,0.0,0.0011050345,0.0029705372,0.0,0.004271553
0.0,0.0,0.00089213887,0.0009881348,0.0,0.0028594928
0.0,0.0,0.0015009207,0.0023313372,0.0,0.0040571988
0.0,0.0,0.0008913476,0.0007835915,0.0,0.0017773712
0.0,0.0,0.0009853573,0.0013901356,0.0,0.0009443759
0.0,0.0,0.0008184048,0.0005382972,0.0,0.0004685135
0.0,0.0,0.0015133859,0.00076698326,0.0,0.00047020955
0.0,0.0,0.0010486451,0.003875164,0.0,0.003168657
0.0,0.0,0.001300689,0.0012140173,0.0,0.001092058
0.0,0.0,0.0008739399,0.0017260636,0.0,0.0010702511
0.0,0.0,0.0016101887,0.00046293385,0.0,0.0009424176
0.0,0.0,0.0016075065,0.00030605937,0.0,0.0010120862
0.0,0.0,0.0013387846,0.0012685863,0.0,0.0015669374
0.0,0.0,0.0013811322,0.00061666814,0.0,0.00073534285
0.0,0.0,0.00069667504,0.00081183837,0.0,0.0006939274
0.0,0.0,0.00068487047,0.00075911504,0.0,0.0007942037
0.0,0.0,0.0026986613,0.0010611897,0.0,0.0010006459
0.0,0.0,0.0012685155,0.00027192786,0.0,0.00042259984
0.0,0.0,0.0009026187,0.00034192987,0.0,0.00033012126
0.0,0.0,0.0034796356,0.00015410525,0.0,0.0001849717
0.0,0.0,0.003072326,0.00020384736,0.0,0.00011418948
0.0,0.0,0.0030672082,0.00030245932,0.0,9.6793396e-05
0.0,0.0,0.0027075282,0.00024231263,0.0,5.5813754e-05
0.0,0.0,0.00083931285,0.00016891709,0.0,3.3868942e-05
0.0,0.0,0.00042755704,5.518733e-05,0.0,2.1102813e-05
0.0,0.0,0.00036972907,1.8596664e-05,0.0,1.670301e-05
0.0,0.0,0.00013615158,3.8727385e-06,0.0,1.9211868e-05
0.0,0.0,4.828066e-05,1.1424937e-06,0.0,1.7403016e-05
0.0,0.0,4.2536405e-05,2.7657384e-07,0.0,2.125266e-05
0.0,0.0,2.1701977e-05,8.127351e-08,0.0,1.5265437e-05
0.0,0.0,9.672883e-06,3.8392468e-08,0.0,1.7059876e-05
0.0,0.0,9.656768e-06,2.1517163e-08,0.0,1.3066486e-05
0.0,0.0,7.736064e-06,3.9833346e-08,0.0,1.6932514e-05
0.0,0.0,6.838155e-06,6.220281e-08,0.0,1.8785177e-05
0.0,0.0,6.0450034e-06,5.218753e-08,0.0,1.943171e-05
0.0,0.0,3.287409e-06,6.0608656e-08,0.0,2.660475e-05
0.0,0.0,3.2819325e-06,7.580788e-08,0.0,2.0157458e-05
0.0,0.0,2.9073396e-06,8.238631e-08,0.0,2.5246702e-05
0.0,0.0,2.5748434e-06,6.8241036e-08,0.0,2.3897128e-05
0.0,0.0,2.5705538e-06,6.737854e-08,0.0,2.127254e-05
0.0,0.0,2.5662716e-06,8.395033e-08,0.0,2.6176816e-05
0.0,0.0,2.5619963e-06,6.39878e-08,0.0,2.6219102e-05
0.0,0.0,2.5577283e-06,4.152359e-08,0.0,2.3428192e-05
0.0,0.0,2.2607342e-06,2.295505e-08,0.0,1.3115515e-05
0.0,0.0,9.613022e-07,1.1970644e-08,0.0,1.6979306e-05
0.0,0.0,9.597007e-07,1.0400652e-08,0.0,1.5382238e-05
0.0,0.0,8.489935e-07,5.888265e-09,0.0,1.7895256e-05
0.0,0.0,5.1906613e-07,2.596128e-09,0.0,1.9457742e-05
0.0,0.0,2.7660835e-07,6.4606613e-09,0.0,2.0688072e-05
0.0,0.0,2.7614755e-07,1.7003416e-08,0.0,2.0528132e-05
0.0,0.0,2.3154955e-07,2.7895963e-08,0.0,2.8289687e-05
0.0,0.0,1.6788935e-07,1.7853816e-08,0.0,1.7890095e-05
0.0,0.0,1.6760966e-07,3.4552627e-08,0.0,1.8942757e-05
0.0,0.0,1.484933e-07,3.2027813e-08,0.0,1.6257352e-05
0.0,0.0,7.1001665e-08,2.3335563e-08,0.0,2.2464103e-05
0.0,0.0,6.3094916e-08,2.4375915e-08,0.0,1.3668434e-05
0.0,0.0,5.6013615e-08,1.6830732e-08,0.0,1.2335941e-05
0.0,0.0,5.59203e-08,1.0081307e-08,0.0,1.0388186e-05
0.0,0.0,5.5827137e-08,1.0287685e-08,0.0,1.6211367e-05
0.0,0.0,2.427529e-08,1.1681235e-08,0.0,1.5037397e-05
0.0,0.0,1.8660035e-08,2.8090897e-08,0.0,1.7133683e-05
0.0,0.0,1.1095233e-08,3.305435e-08,0.0,2.0540374e-05
0.0,0.0,1.1076749e-08,2.4109537e-08,0.0,2.7735183e-05
0.0,0.0,1.1058296e-08,2.0021519e-08,0.0,2.3579332e-05
0.0,0.0,1.1039873e-08,1.8532656e-08,0.0,2.2163653e-05
0.0,0.0,1.1021481e-08,1.5649427e-08,0.0,1.754246e-05
0.0,0.0,1.1003119e-08,9.340411e-09,0.0,1.9722935e-05
0.0,0.0,1.0984788e-08,7.3490374e-09,0.0,2.5064068e-05
0.0,0.0,1.0966488e-08,2.6528253e-09,0.0,1.9150664e-05
0.0,0.0,8.873445e-09,8.912903e-10,0.0,1.894328e-05
0.0,0.0,8.858662e-09,2.9487666e-09,0.0,2.0750898e-05
0.0,0.0,7.14542e-09,8.115076e-09,0.0,2.3529365e-05
0.0,0.0,7.133516e-09,5.789956e-09,0.0,2.3834571e-05
0.0,0.0,7.1216317e-09,2.317767e-09,0.0,1.4539297e-05
0.0,0.0,6.3795156e-09,1.3654905e-09,0.0,1.6825343e-05
0.0,0.0,6.3688876e-09,1.0012056e-09,0.0,1.7063598e-05
0.0,0.0,6.358277e-09,5.356934e-10,0.0,1.8555547e-05
0.0,0.0,6.347684e-09,3.2551522e-08,0.0,2.279421e-05
0.0,0.0,1.0533243e-08,7.5392705e-08,0.0,2.1917569e-05
0.0,0.0,1.0515695e-08,6.894801e-08,0.0,2.5441783e-05
0.0,0.0,1.0498176e-08,5.3355052e-08,0.0,2.8573373e-05
0.0,0.0,1.0480686e-08,3.3406128e-08,0.0,1.8416455e-05
0.0,0.0,1.2965352e-08,2.2839654e-08,0.0,1.4565069e-05
0.0,0.0,1.28656845e-08,3.2775315e-08,0.0,1.6344839e-05
0.0,0.0,4.3146056e-08,4.8852254e-08,0.0,2.2348622e-05
0.0,0.0,3.9518433e-08,7.265575e-08,0.0,1.534069e-05
0.0,0.0,3.9452594e-08,8.8731994e-08,0.0,2.7970127e-05
0.0,0.0,6.181928e-08,1.1077402e-07,0.0,2.6571548e-05
0.0,0.0,7.5789906e-08,8.064942e-08,0.0,2.899133e-05
0.0,0.0,7.5663635e-08,9.240558e-08,0.0,3.3170865e-05
0.0,0.0,7.976368e-08,1.1218777e-07,0.0,4.12195e-05
0.0,0.0,7.963079e-08,1.1041371e-07,0.0,4.4217162e-05
0.0,0.0,7.949812e-08,1.8442704e-07,0.0,4.5824232e-05
0.0,0.0,7.936567e-08,2.998374e-07,0.0,4.771852e-05
0.0,0.0,9.012432e-08,2.6060127e-07,0.0,4.117423e-05
0.0,0.0,1.01364236e-07,3.5236678e-07,0.0,4.3500302e-05
0.0,0.0,1.0690235e-07,1.8218335e-06,0.0,5.4602948e-05
0.0,0.0,1.7411557e-07,1.2425405e-06,0.0,5.2422674e-05
0.0,0.0,2.5418794e-07,6.014677e-07,0.0,5.111667e-05
0.0,0.0,4.063858e-07,5.474621e-07,0.0,4.8642196e-05
0.0,0.0,3.974736e-07,7.9966213e-07,0.0,5.996314e-05
0.0,0.0,4.3480134e-07,5.434892e-06,0.0,7.391389e-05
0.0,0.0,4.340769e-07,5.7939656e-06,0.0,8.3044266e-05
0.0,0.0,5.111485e-07,3.808228e-06,0.0,7.080678e-05
0.0,0.0,5.5659876e-07,6.4194146e-06,0.0,7.222902e-05
0.0,0.0,3.9590163e-06,1.674397e-05,0.0,8.4157466e-05
0.0,0.0,4.584764e-06,1.8491499e-05,0.0,9.609736e-05
0.0,0.0,3.856013e-06,1.108344e-05,0.0,7.782721e-05
0.0,0.0,3.849587e-06,7.00164e-05,0.0,8.9661626e-05
0.0,0.0,1.9934045e-05,9.3915085e-05,0.0,0.000109510365
0.0,0.0,1.2160301e-05,0.00016845393,0.0,0.00012424806
0.0,0.0,1.4324586e-05,0.0010364765,0.0,0.0002027945
0.0,0.0,2.3300652e-05,0.009116911,0.0,0.00071513077
0.0,0.0,2.7331947e-05,0.018658921,0.0,0.00079908746
0.0,0.0,1.8856168e-05,0.016495738,0.0,0.0015150082
0.0,0.0,2.0065552e-05,0.015225122,0.0,0.00189674
0.0,0.0,3.9398004e-05,0.024279315,0.0,0.002211274
0.0,0.0,2.7876547e-05,0.013742005,0.0,0.004215328
0.0,0.0,3.223917e-05,0.031360574,0.0,0.007201756
0.0,0.0,5.6931844e-05,0.019946784,0.0,0.010179611
0.0,0.0,3.668296e-05,0.028216552,0.0,0.015970493
0.0,0.0,3.198341e-05,0.02531263,0.0,0.06846857
0.0,0.0,2.7179363e-05,0.022227805,0.0,0.03013017
0.0,0.0,2.4359388e-05,0.022138622,0.0,0.0197639
0.0,0.0,6.6915505e-05,0.019042324,0.0,0.03609782
0.0,0.0,6.6803885e-05,0.030661462,0.0,0.012962306
0.0,0.0,5.2061732e-05,0.014138115,0.0,0.037841424
0.0,0.0,4.466446e-05,0.02671331,0.0,0.010969765
0.0,0.0,4.3548815e-05,0.012890169,0.0,0.064231694
0.0,0.0,0.00010410251,0.030631388,0.0,0.024564112
0.0,0.0,0.00014366265,0.0064331573,0.0,0.027424745
0.0,0.0,0.00020211388,0.029053425,0.0,0.05294256
0.0,0.0,0.00015498362,0.019325875,0.0,0.014968695
0.0,0.0,0.00014693885,0.02939175,0.0,0.06250824
0.0,0.0,0.0001466937,0.012007622,0.0,0.015209962
0.0,0.0,0.00022365768,0.035760827,0.0,0.05541192
0.0,0.0,0.00019445983,0.0059886635,0.0,0.028999487
0.0,0.0,0.0016947201,0.014235358,0.0,0.019493736
0.0,0.0,0.026445312,0.030028675,0.0,0.043942004
0.0,0.0,0.014694612,0.009445936,0.0,0.0072661513
0.0,0.0,0.014670092,0.023534581,0.0,0.013114211
0.0,0.0,0.010536188,0.017902626,0.0,0.069748946
0.0,0.0,0.0058849957,0.03070175,0.0,0.029839918
0.0,0.0,0.005875176,0.0075169555,0.0,0.009793905
0.0,0.0,0.0058653727,0.033016942,0.0,0.047134753
0.0,0.0,0.0026900307,0.015124044,0.0,0.016611611
0.0,0.0,0.0011891568,0.009811263,0.0,0.017167957
0.0,0.0,0.0019057665,0.018989014,0.0,0.02364502
0.0,0.0,0.03613088,0.016300438,0.0,0.011303053
0.0,0.0,0.01758972,0.03315232,0.0,0.05170242
0.0,0.0,0.0044928524,0.0069924225,0.0,0.014759135
0.0,0.0,0.004156995,0.007924778,0.0,0.024884086
0.0,0.0,0.0030796046,0.026905553,0.0,0.027078858
0.0,0.0,0.002625259,0.013187912,0.0,0.013302965
0.0,0.0,0.0026208786,0.0133428695,0.0,0.02356394
0.0,0.0,0.0026165056,0.017895188,0.0,0.0061741476
0.0,0.0,0.0026121398,0.015828818,0.0,0.007929832
0.0,0.0,0.0016174464,0.01323299,0.0,0.020891672
0.0,0.0,0.0012190938,0.007815967,0.0,0.008547951
0.0,0.0,0.0013225595,0.0064178407,0.0,0.006206069
0.0,0.0,0.001614939,0.005403497,0.0,0.01693357
0.0,0.0,0.0014367119,0.0050852303,0.0,0.012678916
0.0,0.0,0.0014343148,0.0052757957,0.0,0.022457475
0.0,0.0,0.0004852823,0.0033549445,0.0,0.011458927
0.0,0.0,0.0008217378,0.004228746,0.0,0.014210252
0.0,0.0,0.00068596133,0.0015717684,0.0,0.015088283
0.0,0.0,0.005048096,0.0046925484,0.0,0.016306713
0.0,0.0,0.0038009565,0.0021500525,0.0,0.013365088
0.0,0.0,0.00082823995,0.008108025,0.0,0.025223259
0.0,0.0,0.0008268582,0.006984956,0.0,0.009210924
0.0,0.0,0.00043070756,0.0063080993,0.0,0.01137223
0.0,0.0,0.0013112806,0.002645105,0.0,0.019710174
0.0,0.0,0.003443694,0.0051158834,0.0,0.01402566
0.0,0.0,0.0034379493,0.004825621,0.0,0.033723634
0.0,0.0,0.0019332233,0.012905025,0.0,0.010587563
0.0,0.0,0.0017126892,0.010642505,0.0,0.007066328
0.0,0.0,0.0014490859,0.0053912248,0.0,0.008290193
0.0,0.0,0.0023913626,0.009721875,0.0,0.014417937
0.0,0.0,0.002518343,0.004696849,0.0,0.007106293
0.0,0.0,0.0020395648,0.002805534,0.0,0.009287065
0.0,0.0,0.0019229666,0.0012759233,0.0,0.0096323835
0.0,0.0,0.0005698379,0.0050684917,0.0,0.021030705
0.0,0.0,0.0002765894,0.0030373307,0.0,0.0043529565
0.0,0.0,0.00024311632,0.0017366261,0.0,0.0060775657
0.0,0.0,0.00019866077,0.0048589846,0.0,0.01477552
0.0,0.0,0.0001983294,0.0033661148,0.0,0.023917465
0.0,0.0,0.001049576,0.0055026477,0.0,0.012069967
0.0,0.0,0.0013858129,0.0022049053,0.0,0.014373308
0.0,0.0,0.0010277348,0.0065632593,0.0,0.033710953
0.0,0.0,0.0006737713,0.008078304,0.0,0.0071597598
0.0,0.0,0.00042709982,0.007951184,0.0,0.011491503
0.0,0.0,0.0005364358,0.00502315,0.0,0.015055574
0.0,0.0,0.0008026895,0.008713227,0.0,0.027248526
0.0,0.0,0.0009866689,0.005283094,0.0,0.0044021215
0.0,0.0,0.007954931,0.0053597013,0.0,0.0068629757
0.0,0.0,0.0032576476,0.0062962524,0.0,0.01426213
0.0,0.0,0.006187897,0.0071106283,0.0,0.014135921
0.0,0.0,0.0045653996,0.0050038937,0.0,0.023586236
0.0,0.0,0.0027273842,0.0059271823,0.0,0.0069268444
0.0,0.0,0.0027228354,0.002952782,0.0,0.0073467395
0.0,0.0,0.0035268476,0.004291237,0.0,0.007410403
0.0,0.0,0.0028411215,0.0016167901,0.0,0.010639105
0.0,0.0,0.0025663618,0.003476145,0.0,0.012083312
0.0,0.0,0.0025620817,0.001627493,0.0,0.006939806
0.0,0.0,0.0025578085,0.0037012505,0.0,0.012521468
0.0,0.0,0.0014580116,0.0013825139,0.0,0.008024835
0.0,0.0,0.0012987634,0.002122173,0.0,0.0032128124
0.0,0.0,0.0012310985,0.0012172754,0.0,0.005632232
0.0,0.0,0.000723241,0.0029988822,0.0,0.005241941
0.0,0.0,0.0007613586,0.0017593885,0.0,0.0071795825
0.0,0.0,0.00037775567,0.0029346228,0.0,0.009382452
0.0,0.0,0.00024228483,0.0014034903,0.0,0.0073421397
0.0,0.0,0.00021978504,0.005779241,0.0,0.021300979
0.0,0.0,0.0001881131,0.005051717,0.0,0.006311396
0.0,0.0,0.00025246432,0.0050914977,0.0,0.030215316
0.0,0.0,0.005445392,0.004438987,0.0,0.008271888
0.0,0.0,0.004855999,0.0020635372,0.0,0.013571003
0.0,0.0,0.0042902385,0.007916403,0.0,0.02095602
0.0,0.0,0.0038484696,0.0051090615,0.0,0.018778047
0.0,0.0,0.002763727,0.002439508,0.0,0.01474148
0.0,0.0,0.0024410037,0.006998686,0.0,0.024647957
0.0,0.0,0.0024369329,0.004095532,0.0,0.0055662296
0.0,0.0,0.0024328688,0.002822639,0.0,0.010164497
0.0,0.0,0.0031580771,0.0022472304,0.0,0.015622797
0.0,0.0,0.0039376225,0.0018970957,0.0,0.02305498
0.0,0.0,0.003931056,0.0108321505,0.0,0.010970199
0.0,0.0,0.0023404935,0.011470683,0.0,0.023381703
0.0,0.0,0.00101539,0.011234913,0.0,0.011868435
0.0,0.0,0.0007393213,0.012077226,0.0,0.023735287
0.0,0.0,0.0020000527,0.010130202,0.0,0.0069532376
0.0,0.0,0.0018279948,0.007745771,0.0,0.0133285485
0.0,0.0,0.0014692623,0.0127682155,0.0,0.02541118
0.0,0.0,0.0010943444,0.008881796,0.0,0.011398258
0.0,0.0,0.0006698833,0.0126680555,0.0,0.026420126
0.0,0.0,0.0007101986,0.009340584,0.0,0.014388018
0.0,0.0,0.00048984296,0.00793905,0.0,0.019207537
0.0,0.0,0.002296438,0.0063823457,0.0,0.009452169
0.0,0.0,0.0015721972,0.008306529,0.0,0.030625913
0.0,0.0,0.0012691233,0.011035995,0.0,0.008693158
0.0,0.0,0.0009716591,0.011349124,0.0,0.022487294
0.0,0.0,0.0017979234,0.01240723,0.0,0.010315849
0.0,0.0,0.0017949251,0.01161272,0.0,0.021258788
0.0,0.0,0.0014113535,0.017042039,0.0,0.018233035
0.0,0.0,0.00075465586,0.018278902,0.0,0.01764754
0.0,0.0,0.005076911,0.010796718,0.0,0.02041166
0.0,0.0,0.003146535,0.026813522,0.0,0.014245682
0.0,0.0,0.0015271278,0.0139532555,0.0,0.040911756
0.0,0.0,0.005070273,0.014034686,0.0,0.010217831
0.0,0.0,0.004483519,0.011609915,0.0,0.014784484
0.0,0.0,0.003746305,0.012613073,0.0,0.021528263
0.0,0.0,0.002771787,0.014401251,0.0,0.010072487
0.0,0.0,0.0020339806,0.019974725,0.0,0.030831393
0.0,0.0,0.010485689,0.01257599,0.0,0.013798944
0.0,0.0,0.0073592425,0.01719738,0.0,0.024953196
0.0,0.0,0.0018530192,0.017189479,0.0,0.009695397
0.0,0.0,0.0017605872,0.0151638035,0.0,0.017822973
0.0,0.0,0.013202725,0.011132868,0.0,0.012008249
0.0,0.0,0.008378184,0.013479573,0.0,0.030994307
0.0,0.0,0.0015055777,0.025428042,0.0,0.007885752
0.0,0.0,0.00061200146,0.017489152,0.0,0.025546538
0.0,0.0,0.0006401086,0.011606648,0.0,0.011351592
0.0,0.0,0.0011420723,0.02005868,0.0,0.029357309
0.0,0.0,0.0037898067,0.015211793,0.0,0.0128748985
0.0,0.0,0.001457582,0.011485758,0.0,0.020795964
0.0,0.0,0.0010333528,0.021365652,0.0,0.014381724
0.0,0.0,0.0026635488,0.014735537,0.0,0.021174839
0.0,0.0,0.002571827,0.007291869,0.0,0.008425269
0.0,0.0,0.0014291088,0.005604944,0.0,0.008679626
0.0,0.0,0.0017156432,0.00265918,0.0,0.013638243
0.0,0.0,0.0015210686,0.0014203751,0.0,0.007738643
0.0,0.0,0.0013056886,0.0018227783,0.0,0.01574612
0.0,0.0,0.0050573843,0.0038309074,0.0,0.017178783
0.0,0.0,0.0039504683,0.0016322352,0.0,0.006312798
0.0,0.0,0.002156198,0.0041929167,0.0,0.007901275
0.0,0.0,0.001467793,0.0019405463,0.0,0.013929578
0.0,0.0,0.0014653452,0.0021405448,0.0,0.010182684
0.0,0.0,0.0013373522,0.0025980761,0.0,0.025230147
0.0,0.0,0.004840643,0.0011265359,0.0,0.0073999497
0.0,0.0,0.0030979475,0.0052779485,0.0,0.010503995
0.0,0.0,0.0027436342,0.0030246633,0.0,0.017232921
0.0,0.0,0.0021969068,0.0027169713,0.0,0.010204744
0.0,0.0,0.0016962698,0.0012009824,0.0,0.007189279
0.0,0.0,0.0011762193,0.0039413082,0.0,0.0050856634
0.0,0.0,0.000978587,0.0016426588,0.0,0.004450386
0.0,0.0,0.0014492597,0.0065546627,0.0,0.011615726
0.0,0.0,0.0010954441,0.0028351468,0.0,0.008203201
0.0,0.0,0.0011537328,0.0010601598,0.0,0.006486407
0.0,0.0,0.001021759,0.0015351372,0.0,0.005251886
0.0,0.0,0.0008280873,0.0011264327,0.0,0.005658089
0.0,0.0,0.0008267062,0.0035452538,0.0,0.008328306
0.0,0.0,0.0006539947,0.00089674065,0.0,0.003913462
0.0,0.0,0.0007175362,0.0015241732,0.0,0.0039747744
0.0,0.0,0.00062398217,0.0006328919,0.0,0.0015893803
0.0,0.0,0.0006229415,0.00042316152,0.0,0.00055281667
0.0,0.0,0.0006219025,0.00047328701,0.0,0.00021055427
0.0,0.0,0.0008207728,0.0025589976,0.0,0.00040162425
0.0,0.0,0.00081940385,0.00069242815,0.0,0.00032071167
0.0,0.0,0.0012285755,0.00079588883,0.0,0.00048946333
0.0,0.0,0.0011270385,0.0006887339,0.0,0.0005191538
0.0,0.0,0.006633216,0.0010031441,0.0,0.00068251806
0.0,0.0,0.006622153,0.00042806627,0.0,0.00038756782
0.0,0.0,0.005741536,0.00075442233,0.0,0.0011045393
0.0,0.0,0.0046352674,0.00046452513,0.0,0.0008966922
0.0,0.0,0.0040033027,0.0005261986,0.0,0.0012018721
0.0,0.0,0.0018377651,0.00058850006,0.0,0.0005970196
0.0,0.0,0.00081556285,0.0003969143,0.0,0.0004866305
0.0,0.0,0.00075113744,0.0003565801,0.0,0.0005828994
0.0,0.0,0.0007498846,0.0004193662,0.0,0.0005226713
0.0,0.0,0.0006712176,0.00022492724,0.0,0.00034254952
0.0,0.0,0.0004937919,0.00012850142,0.0,0.0003193448
0.0,0.0,0.00049719436,7.1964554e-05,0.0,0.00018464978
0.0,0.0,0.0013237012,2.2695545e-05,0.0,0.00015857235
0.0,0.0,0.0013214934,1.0133151e-05,0.0,6.643049e-05
0.0,0.0,0.0017646779,3.422939e-06,0.0,4.3355165e-05
0.0,0.0,0.0011763579,6.7852875e-07,0.0,2.6397349e-05
0.0,0.0,0.0008506424,1.9461861e-07,0.0,2.164806e-05
0.0,0.0,0.0008492235,6.2774184e-08,0.0,2.770143e-05
0.0,0.0,0.00084780704,1.6444174e-08,0.0,3.0432235e-05
0.0,0.0,0.00084639294,5.472303e-09,0.0,2.4362573e-05
