bulk_species_node [MG] at P @ dist64,bulk_species_node [MG] at P @ dist648,bulk_species_node [MG] at Chlorine @ dist64,bulk_species_node [MG] at Chlorine @ dist648,bulk_species_node [MG] at P @ dist420,bulk_species_node [MG] at Chlorine @ dist420
0.0,0.0,0.0,0.0,0.0,0.0
0.0,0.0,0.0,0.0,0.0,0.0
0.0,0.0,0.0,0.0,0.0,0.0
0.0,0.0,0.0,0.0,0.0,0.0
0.0,0.0,0.0,0.0,0.0,0.0
0.0,0.0,0.0,0.0,0.0,0.0
0.0,0.0,0.0,0.0,0.0,0.0
0.0,0.0,0.0,0.0,0.0,0.0
0.0,0.0,0.0,0.0,0.0,0.0
0.0,0.0,0.0,0.0,0.0,0.0
0.0,0.0,0.0,0.0,0.0,0.0
0.0,0.0,0.0,0.0,0.0,0.0
0.0,0.0,0.0,0.0,0.0,0.0
0.0,0.0,0.0,0.0,0.0,0.0
0.0,0.0,0.0,0.0,0.0,0.0
0.0,0.0,0.0,0.0,0.0,0.0
0.0,0.0,0.0,0.0,0.0,0.0
0.0,0.0,0.0,0.0,0.0,0.0
0.0,0.0,0.0,0.0,0.0,0.0
0.0,0.0,0.0,0.0,0.0,0.0
0.0,0.0,0.0,0.0,0.0,0.0
0.0,0.0,0.0,0.0,0.0,0.0
0.0,0.0,8.495682e-12,0.0,0.0,0.0
0.0,0.0,2.1679077e-11,0.0,0.0,0.0
0.0,0.0,2.1679077e-11,0.0,0.0,3.7849502e-06
0.0,0.0,2.0791313e-11,0.0,0.0,1.4858387e-05
0.0,0.0,2.2304873e-11,0.0,0.0,1.4245925e-05
0.0,0.0,2.2304873e-11,2.1311604e-17,0.0,3.1348234e-05
0.0,0.0,2.2304873e-11,0.0,0.0,2.5388805e-05
0.0,0.0,2.2304873e-11,0.0,0.0,2.3838209e-05
0.0,0.0,2.316527e-11,0.0,0.0,1.7924423e-05
0.0,0.0,2.316527e-11,0.0,0.0,6.852215e-06
0.0,0.0,2.316527e-11,0.0,0.0,1.1640494e-05
0.0,0.0,2.316527e-11,0.0,0.0,1.3742739e-05
0.0,0.0,2.124454e-11,1.0055542e-17,0.0,6.6646453e-06
0.0,0.0,1.9568994e-11,1.5300704e-16,0.0,5.6279114e-06
0.0,0.0,1.9568994e-11,0.0,0.0,1.3500225e-05
0.0,0.0,1.7924886e-11,4.685781e-18,0.0,1.6706324e-05
0.0,0.0,1.7924886e-11,0.0,0.0,1.3259867e-05
0.0,0.0,1.7924886e-11,2.046705e-18,0.0,1.5844122e-05
0.0,0.0,1.7924886e-11,6.020898999999999e-19,0.0,1.9418858e-05
0.0,0.0,1.7924886e-11,4.109416e-19,0.0,2.257666e-05
0.0,0.0,1.7924886e-11,9.4717705e-20,0.0,2.8082417e-05
0.0,0.0,1.7924886e-11,0.0,0.0,3.6861213e-05
0.0,0.0,1.7924886e-11,0.0,0.0,2.3368153e-05
0.0,0.0,1.7924886e-11,0.0,0.0,1.9070403e-05
0.0,0.0,1.7924886e-11,0.0,0.0,1.4660229e-05
0.0,0.0,1.7924886e-11,0.0,0.0,1.8975757e-05
0.0,0.0,1.7924886e-11,0.0,0.0,2.3162895e-05
0.0,0.0,1.7924886e-11,4.6656696e-17,0.0,3.3346245e-05
0.0,0.0,1.7924886e-11,0.0,0.0,3.183848e-05
0.0,0.0,1.5869453e-11,3.430759e-16,0.0,2.30863e-05
0.0,0.0,6.9103707e-12,2.321773e-16,0.0,2.0563344e-05
0.0,0.0,5.5450345e-12,1.4971624e-08,0.0,2.207728e-05
0.0,0.0,5.5450345e-12,1.7746055e-08,0.0,2.3252107e-05
0.0,0.0,2.879186e-12,1.394218e-08,0.0,2.2032662e-05
0.0,0.0,2.109706e-12,1.0713652e-08,0.0,3.1012765e-05
0.0,0.0,1.0307471e-12,8.3288214e-08,0.0,3.2423948e-05
0.0,0.0,6.9770226e-13,8.1548905e-08,0.0,2.7720735e-05
0.0,0.0,6.1553936e-13,5.0282093e-08,0.0,2.3770868e-05
0.0,0.0,5.430294e-13,6.2348676e-08,0.0,3.49334e-05
0.0,0.0,4.790524e-13,3.608628e-08,0.0,4.2489e-05
0.0,0.0,2.6284495e-13,4.0025444e-08,0.0,4.2721145e-05
0.0,0.0,2.6284495e-13,6.6921594e-08,0.0,4.442287e-05
0.0,0.0,2.6284495e-13,7.9025696e-08,0.0,3.29626e-05
0.0,0.0,2.6284495e-13,6.682962e-08,0.0,4.6519548e-05
0.0,0.0,1.2605463e-13,8.789344e-08,0.0,6.1690145e-05
0.0,0.0,3.39462e-14,4.6370403e-08,0.0,5.0509378e-05
0.0,0.0,1.4957978e-14,3.1400646e-08,0.0,4.1910072e-05
0.0,0.0,8.75606e-15,6.2259616e-08,0.0,6.0683076e-05
0.0,0.0,3.943416e-15,1.9003134e-07,0.0,5.7103025e-05
0.0,0.0,3.4787779e-15,2.9069332e-07,0.0,6.8221234e-05
0.0,0.0,6.688611500000002e-16,3.9592766e-07,0.0,7.168964e-05
0.0,0.0,1.0200939e-16,5.163173e-07,0.0,8.5248226e-05
0.0,0.0,2.4731605e-17,6.994459e-07,0.0,0.000117950774
0.0,0.0,1.9762632e-17,6.23141e-07,0.0,0.00012400287
0.0,0.0,1.424706e-17,4.7850574e-07,0.0,0.00011514405
0.0,0.0,5.6550306e-18,5.076015e-07,0.0,0.00011379711
0.0,0.0,2.4895688e-18,4.2898304e-07,0.0,8.869066e-05
0.0,0.0,8.204177e-19,4.5502625e-07,0.0,9.076502e-05
0.0,0.0,3.0419805e-19,7.48535e-07,0.0,0.000108904074
0.0,0.0,8.041507e-20,5.6963677e-07,0.0,0.00011244295
0.0,0.0,4.1080241999999997e-20,6.292887e-07,0.0,0.00011118752
0.0,0.0,1.28773474e-20,1.1136269e-06,0.0,0.00015306988
0.0,0.0,7.010144999999999e-21,9.967454e-07,0.0,0.00017790079
0.0,0.0,3.687235e-21,5.0876514e-07,0.0,0.00013405792
0.0,0.0,7.198883600000001e-22,2.805282e-07,0.0,0.00013540228
0.0,0.0,5.779956000000002e-22,1.3258011e-07,0.0,0.000101328966
0.0,0.0,1.8506124e-22,4.6217444e-08,0.0,0.00011119267
0.0,0.0,1.3035071000000002e-22,1.2716477e-08,0.0,4.7132184e-05
0.0,0.0,4.0955916e-23,5.445795e-09,0.0,1.8420887e-05
0.0,0.0,2.5377662e-23,1.6631929e-09,0.0,6.995214e-06
0.0,0.0,4.5528914e-24,4.5478094e-10,0.0,3.2723092e-06
0.0,0.0,1.3426992e-24,1.2918541e-10,0.0,1.2354767e-06
0.0,0.0,5.4264414999999985e-25,4.5361905e-11,0.0,0.0076990263
0.0,0.0,1.2525012e-25,1.7241606e-11,0.0,0.016728712
0.0,0.0,1.1075588999999998e-25,6.188232e-12,0.0,0.024230892
0.0,0.0,4.7456116e-26,1.7047902e-12,0.0,0.13307813
0.0,0.0,3.6711137e-26,6.4497566e-13,0.0,0.06138778
0.0,0.0,1.9787203e-26,8.1488456e-13,0.0,0.010738182
0.0,0.0,1.7497383e-26,1.7308569e-12,0.0,0.017528955
0.0,0.0,1.7497379e-26,5.5241234e-13,0.0,0.013067638
0.0,0.0,8.262352e-27,1.7866516e-13,0.0,0.016300844
0.0,0.0,6.633809999999999e-27,4.5526774e-14,0.0,0.01421368
0.0,0.0,5.4017516e-27,5.657906e-15,0.0,0.025312139
0.0,0.0,2.4087232e-27,1.3524087e-15,0.0,0.018207554
0.0,0.0,1.4004631e-27,6.0696766e-16,0.0,0.004429912
0.0,0.0,4.3392064e-28,5.827978000000001e-17,0.0,0.008630748
0.0,0.0,3.7925435e-30,1.2825036e-17,0.0,0.02516054
0.0,0.0,3.5123437e-29,1.4280966e-18,0.0,0.020256583
0.0,0.0,3.532924e-29,2.174493e-19,0.0,0.039438143
0.0,0.0,2.5897893000000003e-28,6.827543e-20,0.0,0.0055509093
0.0,0.0,8.297692000000001e-27,1.8274748e-20,0.0,0.017971551
0.0,0.0,3.3158844e-25,5.954937e-21,0.0,0.015012165
0.0,0.0,3.7495884000000005e-24,3.3485455e-21,0.0,0.019502213
0.0,0.0,9.399089e-24,1.0117328e-21,0.0,0.022081524
0.0,0.0,3.9562447e-24,2.9666562000000003e-22,0.0,0.00408262
0.0,0.0,9.791703e-24,2.0537291e-22,0.0,0.0072317654
0.0,0.0,2.3197946e-22,1.4726459e-22,0.0,0.011160179
0.0,0.0,5.95411e-22,1.4640227e-22,0.0,0.016108299
0.0,0.0,4.171844e-19,1.7264886000000002e-22,0.0,0.007844192
0.0,0.0,2.0468977e-18,4.9088785e-23,0.0,0.017632553
0.0,0.0,7.485801999999999e-19,1.1629574e-22,0.0,0.0067411517
0.0,0.0,8.0874335e-17,1.6876703e-22,0.0,0.012219205
0.0,0.0,5.4344456e-17,8.60032e-23,0.0,0.021349529
0.0,0.0,3.2257774e-17,2.2984538e-23,0.0,0.0033970054
0.0,0.0,1.0747707e-17,6.0627917e-24,0.0,0.0032560986
0.0,0.0,2.701339e-18,6.77319e-22,0.0,0.0033509
0.0,0.0,1.1060548e-18,1.1326343e-21,0.0,0.008868777
0.0,0.0,8.877858e-19,7.864868e-22,0.0,0.019783443
0.0,0.0,6.360433999999999e-19,4.374038600000001e-21,0.0,0.008285482
0.0,0.0,2.4689002e-18,5.6583237e-21,0.0,0.014195633
0.0,0.0,2.9280063e-17,1.4715552e-21,0.0,0.006977054
0.0,0.0,2.4526944000000002e-17,3.5359563e-22,0.0,0.0031968937
0.0,0.0,2.0300768e-17,8.602376000000001e-23,0.0,0.003161354
0.0,0.0,1.7945829000000002e-17,2.2180174000000004e-22,0.0,0.003643089
0.0,0.0,7.038006e-18,1.3542465e-22,0.0,0.0139679555
0.0,0.0,5.1860163e-18,1.0879052e-22,0.0,0.0034392856
0.0,0.0,3.8213614e-18,2.4377705e-23,0.0,0.001993084
0.0,0.0,3.378074e-18,2.3557228e-23,0.0,0.0015091407
0.0,0.0,2.9862093e-18,2.409654e-22,0.0,0.0044141593
0.0,0.0,2.9852624e-18,7.722293e-23,0.0,0.0078032236
0.0,0.0,2.6389646e-18,2.1322203e-23,0.0,0.013852203
0.0,0.0,8.870198e-19,4.407435e-24,0.0,0.0072926264
0.0,0.0,8.867385e-19,9.304618e-25,0.0,0.017311491
0.0,0.0,8.864574e-19,2.5878939e-23,0.0,0.008570513
0.0,0.0,7.115077e-19,1.5026257000000002e-22,0.0,0.010124553
0.0,0.0,3.195514e-19,3.404639000000001e-23,0.0,0.015213952
0.0,0.0,9.722693e-20,9.318314e-24,0.0,0.014932155
0.0,0.0,7.164251399999999e-20,2.4119389e-24,0.0,0.0077911983
0.0,0.0,5.7503276e-20,5.8928845999999985e-25,0.0,0.016396407
0.0,0.0,5.0832753e-20,2.0710453e-25,0.0,0.0069699218
0.0,0.0,1.0743065e-20,8.17159e-25,0.0,0.0061310157
0.0,0.0,1.1561046e-20,2.2944217e-25,0.0,0.012408847
0.0,0.0,4.8028064e-20,4.8204763e-26,0.0,0.0042616217
0.0,0.0,4.8012337999999997e-20,3.2623232e-24,0.0,0.004006403
0.0,0.0,2.1400136999999998e-20,1.3978824e-24,0.0,0.003794064
0.0,0.0,1.4539058e-20,3.771453e-25,0.0,0.003456064
0.0,0.0,1.4518736e-20,1.056852e-25,0.0,0.018790064
0.0,0.0,7.735318e-21,2.4414043e-26,0.0,0.0041286796
0.0,0.0,1.8118113e-19,5.662935e-27,0.0,0.003786935
0.0,0.0,7.657389e-20,1.3953071e-27,0.0,0.00058986375
0.0,0.0,7.654675e-20,3.2963914e-28,0.0,8.2460065e-06
0.0,0.0,1.8853918e-20,1.4247608e-28,0.0,0.003723858
0.0,0.0,5.060690600000001e-21,1.7987748e-29,0.0,0.012860186
0.0,0.0,5.44434e-19,2.4087981e-23,0.0,0.011880236
0.0,0.0,7.511872699999999e-19,6.6886775e-24,0.0,0.014261055
0.0,0.0,6.6398413e-19,1.7124762e-24,0.0,0.011559947
0.0,0.0,3.134076e-19,3.94687e-25,0.0,0.012671584
0.0,0.0,1.4793173e-19,9.3553005e-26,0.0,0.016419733
0.0,0.0,1.3075877e-19,7.0849554e-24,0.0,0.0067377705
0.0,0.0,8.29619e-20,2.0852885e-24,0.0,0.0107827755
0.0,0.0,7.333109999999999e-20,3.5324677e-23,0.0,0.015329457
0.0,0.0,5.885297e-20,5.5745165e-23,0.0,0.015240583
0.0,0.0,1.6396678e-20,2.127911e-23,0.0,0.02259787
0.0,0.0,9.1423644e-21,5.3441145000000005e-24,0.0,0.007255479
0.0,0.0,6.447833e-21,3.1375813e-23,0.0,0.0193297
0.0,0.0,1.2217991e-20,1.4674283e-23,0.0,0.009667421
0.0,0.0,6.812354e-21,8.469703400000002e-22,0.0,0.007953964
0.0,0.0,2.2895541e-21,1.3183225e-21,0.0,0.0042431178
0.0,0.0,1.8374937e-21,2.6358357000000004e-22,0.0,0.005870006
0.0,0.0,1.0905572e-21,8.1364906e-23,0.0,0.011281266
0.0,0.0,5.42486e-22,1.1536241000000001e-21,0.0,0.0029444378
0.0,0.0,3.2196683e-22,8.178489e-22,0.0,0.0019438774
0.0,0.0,2.372185e-22,2.0658344000000001e-22,0.0,0.0010365822
0.0,0.0,1.7477769e-22,4.7285793e-23,0.0,0.004443308
0.0,0.0,1.5448639e-22,1.8700637e-23,0.0,0.011086314
0.0,0.0,1.5442076000000002e-22,2.1229247e-23,0.0,0.0110487705
0.0,0.0,1.5435515e-22,1.0321377e-23,0.0,0.0113188205
0.0,0.0,1.3643487000000001e-22,2.3894964e-24,0.0,0.012975498
0.0,0.0,8.6562136e-23,7.556835e-25,0.0,0.01876316
0.0,0.0,4.1615234e-23,5.9844295e-25,0.0,0.007285043
0.0,0.0,1.8126694e-23,1.3474843e-24,0.0,0.008478822
0.0,0.0,2.3079526e-22,6.5289057e-25,0.0,0.018485108
0.0,0.0,4.4215495e-22,1.8038527e-25,0.0,0.0057743327
0.0,0.0,1.9871838e-22,3.9888718e-26,0.0,0.0060103796
0.0,0.0,1.5948056e-22,2.0377182e-25,0.0,0.008761192
0.0,0.0,3.6702310000000003e-23,1.8511848e-25,0.0,0.029237425
0.0,0.0,8.248169e-24,6.1921483000000005e-24,0.0,0.0032279151
0.0,0.0,8.974724000000001e-22,2.5179342e-24,0.0,0.0037316675
0.0,0.0,1.8810363e-22,6.4393196999999985e-25,0.0,0.0064249146
0.0,0.0,4.5708216e-23,1.5936092e-25,0.0,0.01182846
0.0,0.0,1.1021608e-23,3.6796947e-26,0.0,0.013994655
0.0,0.0,4.7956053e-24,1.8008213e-17,0.0,0.008386655
0.0,0.0,2.4264862e-24,6.580927e-18,0.0,0.0017202739
0.0,0.0,1.18844735e-23,4.134179e-18,0.0,0.00050205097
0.0,0.0,3.3124885e-23,4.3514898e-17,0.0,0.00018652175
0.0,0.0,1.5829696e-23,1.15809786e-17,0.0,0.001823064
0.0,0.0,3.3637676e-23,3.2039495e-18,0.0,0.0032161064
0.0,0.0,1.4177986999999998e-23,8.5815723e-19,0.0,0.006434719
0.0,0.0,2.4538547e-23,3.1173377e-19,0.0,0.019908823
0.0,0.0,2.85472e-22,1.4059863e-19,0.0,0.0061139357
0.0,0.0,1.3018570000000002e-22,4.3139559999999996e-20,0.0,0.018843733
0.0,0.0,1.4108901e-20,1.13268685e-20,0.0,0.0073504983
0.0,0.0,4.874244e-21,2.637028e-21,0.0,0.003692965
0.0,0.0,4.871551e-21,5.7555220000000005e-22,0.0,0.0052446015
0.0,0.0,4.3054246e-21,1.5570177000000002e-22,0.0,0.010924894
0.0,0.0,3.8050886000000004e-21,3.3952394e-23,0.0,0.011919607
0.0,0.0,2.3316557e-21,8.9752965e-24,0.0,0.021341452
0.0,0.0,1.1905487000000001e-21,2.6606643e-24,0.0,0.0031734635
0.0,0.0,4.47986e-22,1.5033652e-24,0.0,0.0063696667
0.0,0.0,4.477384e-22,1.5676636999999998e-25,0.0,0.0077255284
0.0,0.0,1.5625381000000001e-22,1.9848947e-23,0.0,0.0080285715
0.0,0.0,5.868764000000001e-23,1.6270842000000002e-22,0.0,0.015549475
0.0,0.0,4.7094053e-23,5.5475734e-23,0.0,0.011408822
0.0,0.0,3.4693494e-23,1.8175985e-23,0.0,0.032488488
0.0,0.0,3.066174e-23,2.0886118e-23,0.0,0.004032382
0.0,0.0,1.542267e-23,2.0664201000000001e-22,0.0,0.0029027204
0.0,0.0,2.8095967e-22,5.177291000000002e-22,0.0,0.0022389458
0.0,0.0,8.500174000000001e-23,1.5313778000000002e-22,0.0,0.0012387952
0.0,0.0,2.5078715e-23,3.4670992e-23,0.0,0.0006381805
0.0,0.0,1.3183632e-23,3.7937583e-23,0.0,0.0001999719
0.0,0.0,9.712090000000001e-24,2.6645916e-23,0.0,0.0045217443
0.0,0.0,7.793416e-24,6.122166000000001e-23,0.0,0.010450683
0.0,0.0,5.7412374e-24,3.264324e-23,0.0,0.009146803
0.0,0.0,2.4040677e-23,9.091775e-24,0.0,0.016188025
0.0,0.0,1.1729848000000002e-22,2.1022522e-24,0.0,0.006856786
0.0,0.0,5.2667393e-23,4.5624396999999995e-25,0.0,0.005258285
0.0,0.0,1.1749969e-23,4.4976766e-24,0.0,0.002462805
0.0,0.0,4.9921575e-24,1.9474784e-23,0.0,0.0010740396
0.0,0.0,7.242331e-24,3.7202897000000005e-24,0.0,0.00047650433
0.0,0.0,2.7127870000000003e-23,9.626798e-25,0.0,0.00010903157
0.0,0.0,1.8488541e-23,2.2706067e-25,0.0,3.0701118e-05
0.0,0.0,9.675913e-23,2.2266713e-24,0.0,1.2241586e-05
0.0,0.0,3.3731648e-23,8.561564e-25,0.0,3.5205665e-06
0.0,0.0,7.134713e-22,1.9674476e-25,0.0,0.00134397
0.0,0.0,7.468536e-22,4.1387507e-26,0.0,0.0016674248
0.0,0.0,5.0899643e-22,4.146598e-24,0.0,0.00081900315
0.0,0.0,1.1208026e-22,1.0326008e-24,0.0,0.00021926554
0.0,0.0,9.905057e-23,2.5702772e-25,0.0,6.0644245e-05
0.0,0.0,7.2965576e-23,4.8877033e-26,0.0,1.6550124e-05
0.0,0.0,3.512115e-21,1.0701718e-26,0.0,6.727364e-06
0.0,0.0,1.3854933e-20,2.9039744e-27,0.0,1.7909722e-06
0.0,0.0,5.327128e-21,5.342022e-26,0.0,4.0487964e-07
0.0,0.0,3.455306e-21,1.4174114e-26,0.0,8.7379966e-08
0.0,0.0,2.7498729e-21,2.6573244e-27,0.0,1.799257e-05
0.0,0.0,6.1319499999999986e-21,4.711729e-28,0.0,2.4357896e-05
0.0,0.0,5.349189e-21,9.950527e-29,0.0,7.270682e-06
0.0,0.0,2.6638164e-21,7.4615485e-28,0.0,1.6044701e-06
0.0,0.0,1.8290906000000002e-21,4.980484e-28,0.0,3.8062564e-07
0.0,0.0,8.631393e-22,9.819371e-29,0.0,9.521853e-08
0.0,0.0,8.62572e-22,2.4030725e-29,0.0,3.1886735e-08
0.0,0.0,7.622519999999999e-22,1.2584123e-29,0.0,6.7937713e-09
0.0,0.0,6.735995700000002e-22,6.0288853e-27,0.0,7.491377e-08
0.0,0.0,1.9100432000000002e-21,5.1033094e-26,0.0,2.7987674e-08
0.0,0.0,1.206036e-20,1.0333502e-26,0.0,7.402107e-09
0.0,0.0,1.0657632e-20,1.803509e-27,0.0,1.3861281e-09
0.0,0.0,4.3635629999999997e-20,4.8986996e-28,0.0,2.1193205e-06
0.0,0.0,1.2525455999999998e-19,1.1811163e-28,0.0,1.6681572e-06
0.0,0.0,5.6234155e-20,1.1375396e-29,0.0,3.7951608e-07
0.0,0.0,4.7456635e-20,2.1891775e-30,0.0,9.0726616e-08
0.0,0.0,4.409789e-20,4.3190234e-31,0.0,2.2992582e-08
0.0,0.0,2.1930574e-20,7.015339e-30,0.0,6.015277e-09
0.0,0.0,2.1915806e-20,3.256278e-30,0.0,8.8566225e-08
0.0,0.0,1.9366613e-20,6.958723000000001e-31,0.0,1.8829e-08
0.0,0.0,1.0795509e-20,7.790644e-30,0.0,3.72575e-09
0.0,0.0,9.883150999999999e-21,1.8789538e-30,0.0,7.0205813e-10
0.0,0.0,9.421021e-21,3.993579e-31,0.0,1.416289e-10
0.0,0.0,9.4146765e-21,8.266618e-32,0.0,2.1936388e-11
0.0,0.0,6.181365e-21,1.6613661e-32,0.0,4.0105055e-12
0.0,0.0,3.445671e-21,2.4933515e-33,0.0,7.161327e-13
0.0,0.0,3.4433505e-21,6.3994463e-34,0.0,4.64266e-08
0.0,0.0,3.0414088e-21,7.716739e-35,0.0,3.1279768e-08
0.0,0.0,2.4412784000000006e-21,1.3927211e-34,0.0,6.1941465e-09
0.0,0.0,2.4396343000000002e-21,2.7332947e-35,0.0,1.7185806e-09
0.0,0.0,1.6625411e-21,4.1744983e-36,0.0,1.7265445e-10
0.0,0.0,1.6614215000000001e-21,1.0413687e-34,0.0,3.330859e-11
0.0,0.0,1.4681691e-21,2.9849148e-35,0.0,6.055121e-12
0.0,0.0,1.4671804e-21,5.481447e-36,0.0,1.2292477e-12
0.0,0.0,1.4661924e-21,9.126162e-37,0.0,2.2229668e-13
0.0,0.0,1.4652051e-21,2.1894468e-37,0.0,5.2689505e-14
0.0,0.0,1.4642183e-21,2.9337764000000003e-38,0.0,1.2433739e-14
0.0,0.0,5.740345000000002e-22,4.9306704e-38,0.0,2.1307673e-15
0.0,0.0,5.7364794000000015e-22,1.3190962e-38,0.0,4.458129e-16
0.0,0.0,3.6386478000000003e-22,1.499174e-39,0.0,8.045735e-17
0.0,0.0,2.1651193e-22,3.68585e-40,0.0,1.1040830000000001e-17
0.0,0.0,2.9791036e-20,6.6469e-41,0.0,6.8063527e-15
0.0,0.0,1.7569294e-20,3.5939e-41,0.0,2.778466e-15
0.0,0.0,1.552537e-20,3.5701e-41,0.0,5.799399e-16
0.0,0.0,1.5514611e-20,3.1670000000000003e-42,0.0,7.514574e-17
0.0,0.0,7.321011e-21,1.7084060000000002e-39,0.0,1.5286352e-17
0.0,0.0,7.3159375e-21,6.076760000000001e-40,0.0,2.4905608e-18
0.0,0.0,2.8680961000000006e-21,1.44096e-40,0.0,4.0496462e-19
0.0,0.0,2.8661083e-21,2.3608e-41,0.0,1.6597637e-17
0.0,0.0,1.8179362e-21,5.018000000000001e-42,0.0,4.1716687e-18
0.0,0.0,1.8166762e-21,1.3470000000000003e-42,0.0,1.0421516e-18
0.0,0.0,3.3194047e-20,1.2177e-41,0.0,2.6095832e-19
0.0,0.0,3.7733863e-20,1.2999999999999998e-43,0.0,5.877992e-20
0.0,0.0,3.770726e-20,1.8000000000000002e-44,0.0,1.0749076e-20
0.0,0.0,1.543281e-20,4.000000000000001e-45,0.0,2.1029088e-21
0.0,0.0,6.6079263e-21,1e-45,0.0,3.869839e-22
0.0,0.0,6.6032673e-21,0.0,0.0,5.8287184e-23
0.0,0.0,5.835007e-21,0.0,0.0,8.502776e-24
0.0,0.0,5.830893e-21,0.0,0.0,1.7214562000000002e-24
0.0,0.0,5.8267822e-21,0.0,0.0,3.572575e-25
0.0,0.0,5.822674e-21,0.0,0.0,6.0609977e-26
0.0,0.0,5.818569e-21,0.0,0.0,8.811493e-27
0.0,0.0,5.141605e-21,0.0,0.0,1.8766957e-27
0.0,0.0,2.55692e-21,0.0,0.0,3.4872014e-28
0.0,0.0,2.5551173000000007e-21,0.0,0.0,6.251471000000001e-29
0.0,0.0,2.257841e-21,0.0,0.0,9.5128345e-30
0.0,0.0,2.2562492e-21,0.0,0.0,2.789267e-30
0.0,0.0,1.4310931e-21,0.0,0.0,3.8192536e-31
0.0,0.0,1.0541043e-21,0.0,0.0,1.0438082e-24
0.0,0.0,1.0533611000000001e-21,0.0,0.0,3.3510607e-25
0.0,0.0,7.178128000000002e-22,0.0,0.0,6.151606e-26
0.0,0.0,6.342985400000002e-22,0.0,0.0,9.483026e-27
0.0,0.0,6.3385133e-22,0.0,0.0,1.5523565e-27
0.0,0.0,2.7139857000000004e-22,0.0,0.0,3.3565586e-28
0.0,0.0,2.3982258000000003e-22,0.0,0.0,4.5649472e-29
0.0,0.0,1.9241691e-22,0.0,0.0,8.5467414e-30
0.0,0.0,6.702678e-23,0.0,0.0,1.5098035e-30
0.0,0.0,6.697952000000001e-23,0.0,0.0,2.6943647e-31
0.0,0.0,5.918676e-23,0.0,0.0,4.5390565e-32
0.0,0.0,5.914503000000001e-23,0.0,0.0,5.4207455e-33
0.0,0.0,5.9103333e-23,0.0,0.0,1.9378729e-28
0.0,0.0,2.9490006e-23,0.0,0.0,1.4750942e-28
0.0,0.0,1.5446149e-23,0.0,0.0,2.9141433e-29
0.0,0.0,1.5435258e-23,0.0,0.0,4.2634778e-30
0.0,0.0,1.0798114e-23,0.0,0.0,8.347407000000001e-31
0.0,0.0,6.2666534000000006e-24,0.0,0.0,1.5927041e-31
0.0,0.0,2.3314547e-24,0.0,0.0,2.544305e-32
0.0,0.0,4.844265e-25,0.0,0.0,4.9072294e-33
0.0,0.0,4.066252e-24,0.0,0.0,1.1648465e-33
0.0,0.0,4.9533432e-24,0.0,0.0,1.397673e-17
0.0,0.0,1.01121744e-25,0.0,0.0,6.730577599999999e-18
0.0,0.0,4.217702e-26,0.0,0.0,1.4342091e-18
0.0,0.0,1.7626653000000002e-26,0.0,0.0,3.1898424e-19
0.0,0.0,1.3188382000000002e-26,0.0,0.0,6.2035e-20
0.0,0.0,9.71376e-27,0.0,0.0,4.210732e-15
0.0,0.0,7.154564e-27,0.0,0.0,1.396537e-15
0.0,0.0,1.6822353000000003e-27,0.0,0.0,3.3711925000000003e-16
0.0,0.0,2.2025993e-29,0.0,0.0,9.563012e-17
0.0,0.0,1.2500606e-30,6.46e-43,0.0,2.3721356e-17
0.0,0.0,6.2161434e-31,9.540000000000001e-43,0.0,6.0205745e-18
0.0,0.0,3.2210334e-31,1.84e-43,0.0,1.6270476000000002e-16
0.0,0.0,9.108773e-32,3.8e-44,0.0,8.155275000000001e-17
0.0,0.0,1.7648195e-32,1e-44,0.0,2.4800243e-17
0.0,0.0,2.87854e-33,3e-45,0.0,9.080294e-12
0.0,0.0,5.5038964e-35,0.0,0.0,3.2400471e-12
0.0,0.0,4.364698e-36,1.0836004e-38,0.0,1.0361988e-12
0.0,0.0,2.0861289e-36,3.926728e-39,0.0,2.7999356e-13
0.0,0.0,6.8454e-36,1.520762e-39,0.0,1.0485393e-07
0.0,0.0,4.2270476e-36,7.376601e-38,0.0,8.486939e-08
0.0,0.0,3.113142e-36,2.3051396e-38,0.0,2.126041e-08
0.0,0.0,1.6361114e-36,6.173626e-39,0.0,0.0031349289
0.0,0.0,1.1147896e-36,1.0528047000000001e-21,0.0,0.025724977
0.0,0.0,8.715153e-37,2.9654266e-22,0.0,0.003469532
0.0,0.0,1.2494723e-35,6.948110000000001e-23,0.0,0.0033719926
0.0,0.0,1.9454444e-33,7.447356000000002e-22,0.0,0.02300799
0.0,0.0,6.6540515e-34,3.3724155000000005e-22,0.0,0.00366088
0.0,0.0,1.7426826000000002e-32,1.04105475e-22,0.0,0.010627563
0.0,0.0,1.143527e-30,2.9401108e-23,0.0,0.012105612
0.0,0.0,7.3828984e-28,6.402324e-24,0.0,0.015567603
0.0,0.0,7.619474399999998e-25,2.2254459999999998e-24,0.0,0.009478915
0.0,0.0,2.8816115e-25,8.635836e-25,0.0,0.032113668
0.0,0.0,1.1294623e-25,7.462334e-25,0.0,0.0077130185
0.0,0.0,3.833395e-26,2.8808692e-25,0.0,0.037625466
0.0,0.0,1.218224e-24,9.607374500000001e-24,0.0,0.0030470032
0.0,0.0,6.880185300000002e-22,1.8474608e-23,0.0,0.00809724
0.0,0.0,7.704262e-22,5.2215985e-24,0.0,0.029608097
0.0,0.0,3.410385e-18,1.589496e-24,0.0,0.0041303113
0.0,0.0,2.0333791e-18,1.2915259e-20,0.0,0.016985692
0.0,0.0,1.3853029e-18,9.805192e-20,0.0,0.0040674657
0.0,0.0,8.784522e-19,2.6410093e-20,0.0,0.01698114
0.0,0.0,4.3138198e-19,9.125789999999999e-21,0.0,0.0087245945
0.0,0.0,4.1794438e-18,2.4334753e-21,0.0,0.015305942
0.0,0.0,3.5500445e-17,6.913701e-18,0.0,0.039924383
0.0,0.0,1.9783297000000002e-17,2.7591422e-18,0.0,0.010611496
0.0,0.0,3.6914304e-18,1.1100823e-17,0.0,0.014856948
0.0,0.0,1.786961e-18,6.2686810000000004e-18,0.0,0.03230057
0.0,0.0,1.745797e-18,2.9304735000000003e-16,0.0,0.0120920595
0.0,0.0,3.1185222e-17,4.1011e-16,0.0,0.005955188
0.0,0.0,5.1478067e-17,1.2364389e-16,0.0,0.025090747
0.0,0.0,1.6202476e-15,8.958426e-14,0.0,0.024278244
0.0,0.0,9.085419e-16,1.936103e-10,0.0,0.00574409
0.0,0.0,4.4271103000000006e-16,6.402767e-11,0.0,0.02252839
0.0,0.0,4.0333896e-15,1.7209947e-11,0.0,0.005299236
0.0,0.0,5.7199076e-15,1.1516108e-11,0.0,0.020592378
0.0,0.0,1.0892868e-15,3.937881e-12,0.0,0.005508542
0.0,0.0,2.6363218e-16,1.2284264e-12,0.0,0.011494672
0.0,0.0,5.5789514e-17,1.2142497e-12,0.0,0.030318152
0.0,0.0,5.6792007e-14,0.008494252,0.0,0.01561452
0.0,0.0,3.5595557e-14,0.017552545,0.0,0.05490656
0.0,0.0,2.8550574e-14,0.014391106,0.0,0.013838462
0.0,0.0,2.1023083e-14,0.014452274,0.0,0.031201934
0.0,0.0,1.4321753e-14,0.013796493,0.0,0.004668065
0.0,0.0,7.5254075e-15,4.4925505e-06,0.0,0.00644205
0.0,0.0,6.035998e-15,1.0304789e-06,0.0,0.011290893
0.0,0.0,1.2565055e-13,3.5053347e-07,0.0,0.031891894
0.0,0.0,5.0935618e-14,0.012734109,0.0,0.0068922914
0.0,0.0,1.2190549e-14,0.01613526,0.0,0.016879234
0.0,0.0,4.893643e-15,0.01559899,0.0,0.017716583
0.0,0.0,6.509282e-13,0.008768656,0.0,0.0071722646
0.0,0.0,1.6160189e-13,0.01333622,0.0,0.033019006
0.0,0.0,3.4005567e-12,0.017293243,0.0,0.0035853786
0.0,0.0,9.712364e-12,0.021901736,0.0,0.010621567
0.0,0.0,4.7710178e-12,0.009677474,0.0,0.015418513
0.0,0.0,8.6087897e-13,0.0067543546,0.0,0.014307055
0.0,0.0,3.5222175e-13,0.010341089,0.0,0.03631982
0.0,0.0,2.0799916e-13,0.0067241658,0.0,0.0057113213
0.0,0.0,7.0406334e-14,0.0050763343,0.0,0.013111426
0.0,0.0,1.3808405e-12,0.0031928392,0.0,0.024489133
0.0,0.0,6.2101214e-12,0.0013753006,0.0,0.0036880344
0.0,0.0,1.0097768e-11,0.00027395392,0.0,0.0060127336
0.0,0.0,2.0182384e-12,0.00022625792,0.0,0.011777277
0.0,0.0,5.6408654e-13,6.949344e-05,0.0,0.0053230426
0.0,0.0,1.9642586e-13,1.83877e-05,0.0,0.009078974
0.0,0.0,1.4463059e-13,4.926996e-06,0.0,0.017973054
0.0,0.0,3.919697e-14,1.0377934e-06,0.0,0.0072678165
0.0,0.0,2.8903278e-14,2.6864151e-07,0.0,0.0140240295
0.0,0.0,7.105755e-15,9.691137e-08,0.0,0.016109716
0.0,0.0,4.5054364e-15,2.1902247e-08,0.0,0.012728058
0.0,0.0,2.2947668e-15,5.3160125e-09,0.0,0.011441056
0.0,0.0,1.1961133e-15,7.4690587e-10,0.0,0.0111230435
0.0,0.0,4.0803553e-13,3.9916304e-10,0.0,0.020167742
0.0,0.0,3.259462e-13,1.3763203e-10,0.0,0.0046755993
0.0,0.0,1.7332959e-13,9.685601e-09,0.0,0.00693134
0.0,0.0,8.6004425e-14,4.1586894e-09,0.0,0.006774327
0.0,0.0,5.8586315e-14,6.1688195e-05,0.0,0.006681358
0.0,0.0,3.9909065e-14,6.6945904e-05,0.0,0.012595464
0.0,0.0,2.1777265e-14,4.8704423e-09,0.0,0.011721393
0.0,0.0,1.4834698e-14,8.152078e-11,0.0,0.015707118
0.0,0.0,6.4317685e-15,2.4915017e-09,0.0,0.011240019
0.0,0.0,5.033343e-15,3.571086e-10,0.0,0.024745714
0.0,0.0,1.6159008e-15,3.165833e-07,0.0,0.0076820604
0.0,0.0,7.5283124e-16,1.2496587e-07,0.0,0.013132611
0.0,0.0,4.465190300000001e-16,3.1387966e-08,0.0,0.0129360035
0.0,0.0,2.5087822e-16,7.351263e-09,0.0,0.013272112
0.0,0.0,1.01115815e-16,1.8765363e-09,0.0,0.016527884
0.0,0.0,8.109867000000001e-17,4.311969e-10,0.0,0.014148011
0.0,0.0,1.9937604e-17,9.0487326e-11,0.0,0.019796597
0.0,0.0,8.533654e-18,2.3970374e-11,0.0,0.007966485
0.0,0.0,6.6554208e-15,5.9879593e-12,0.0,0.011742921
0.0,0.0,4.2383377e-15,1.4055324e-12,0.0,0.010829216
0.0,0.0,7.5456527e-16,3.5355855e-13,0.0,0.013342714
0.0,0.0,1.3531406e-16,3.9076396e-05,0.0,0.022264235
0.0,0.0,4.8926648e-17,1.3840755e-05,0.0,0.0036429658
0.0,0.0,3.9240650000000004e-17,2.2283325e-06,0.0,0.0026436115
0.0,0.0,2.8892787e-17,6.3155755e-07,0.0,0.0013524918
0.0,0.0,6.728535e-17,1.3519204e-07,0.0,0.0005755665
0.0,0.0,4.1653798e-17,3.1364674e-08,0.0,0.00012974252
0.0,0.0,2.3922899e-17,7.5178175e-09,0.0,3.7524176e-05
0.0,0.0,1.5719391e-17,2.2251199e-09,0.0,1.2429094e-05
0.0,0.0,5.6837437e-18,5.379187e-10,0.0,0.0030279441
0.0,0.0,2.1375735e-18,1.0482212e-10,0.0,0.00262062
0.0,0.0,1.0626087999999998e-18,3.2080786e-11,0.0,0.0022152173
0.0,0.0,5.334833e-19,8.256305e-12,0.0,0.0015458929
0.0,0.0,9.528795e-16,8.9766036e-05,0.0,0.0031099007
0.0,0.0,1.3237062e-15,5.4110555e-05,0.0,0.015536914
0.0,0.0,8.392627400000002e-16,1.34917045e-05,0.0,0.008815338
0.0,0.0,5.1940628e-15,3.4832728e-06,0.0,0.022966316
0.0,0.0,2.9624376e-15,9.0952545e-07,0.0,0.006646504
0.0,0.0,1.0646475e-15,2.3180867e-07,0.0,0.010891054
0.0,0.0,6.143152e-16,4.9467115e-08,0.0,0.023821255
0.0,0.0,1.1183106000000002e-16,1.5766222e-08,0.0,0.0054809824
0.0,0.0,5.601008000000001e-17,4.647105e-09,0.0,0.015717484
0.0,0.0,4.9473232e-17,1.1197182e-09,0.0,0.0050411876
0.0,0.0,3.1366983000000003e-17,3.3701403e-10,0.0,0.01212896
0.0,0.0,3.1331997e-17,0.004879454,0.0,0.014929301
0.0,0.0,2.5128286e-17,0.006212441,0.0,0.015528189
0.0,0.0,1.6141699000000002e-16,0.0030796598,0.0,0.01415041
0.0,0.0,3.8079887e-15,0.0015465586,0.0,0.02191085
0.0,0.0,1.4977926e-15,0.00032593383,0.0,0.013398555
0.0,0.0,6.642351e-16,6.658138e-05,0.0,0.015563552
0.0,0.0,5.070606600000001e-16,1.6486045e-05,0.0,0.011613774
0.0,0.0,1.8333341e-16,5.835228e-06,0.0,0.034161717
0.0,0.0,1.6193496000000002e-16,1.6324764e-06,0.0,0.0040472844
0.0,0.0,6.342073000000001e-17,8.148142e-09,0.0,0.0044336542
0.0,0.0,2.0957738e-13,4.9966435e-08,0.0,0.008696454
0.0,0.0,1.1774224e-13,9.923586e-11,0.0,0.019994969
0.0,0.0,3.882067e-14,2.3482842e-11,0.0,0.011061505
0.0,0.0,1.6259877e-14,7.283428e-12,0.0,0.007185222
0.0,0.0,1.1971403e-14,1.860485e-12,0.0,0.022850953
0.0,0.0,2.884396e-15,5.2577506e-13,0.0,0.0040411986
0.0,0.0,1.0011858e-15,1.4399246e-13,0.0,0.009004794
0.0,0.0,6.8196285e-16,3.541104e-14,0.0,0.020790864
0.0,0.0,4.3236813000000005e-16,9.743421e-15,0.0,0.012261978
0.0,0.0,2.0393467e-16,2.4391699e-15,0.0,0.0075977445
0.0,0.0,1.1362632e-16,6.1561917e-10,0.0,0.019161718
0.0,0.0,3.9563857e-17,1.6765496e-10,0.0,0.0063157235
0.0,0.0,2.6737148e-17,4.6244866e-11,0.0,0.014839992
0.0,0.0,5.576106e-18,1.0649234e-11,0.0,0.013659604
0.0,0.0,2.2812034e-18,2.7798926e-12,0.0,0.014200688
0.0,0.0,1.3529353e-18,7.055241e-13,0.0,0.014439891
0.0,0.0,6.0713113e-19,1.8280303e-13,0.0,0.016851936
0.0,0.0,1.4557884e-19,4.8607538e-14,0.0,0.013213462
0.0,0.0,9.324575e-20,0.0006321215,0.0,0.044362135
0.0,0.0,6.18742e-20,0.0014761719,0.0,0.008815157
0.0,0.0,4.028225e-20,0.00049170665,0.0,0.0138346655
0.0,0.0,1.4921703e-20,0.00013322999,0.0,0.023993975
0.0,0.0,6.69607e-21,3.161139e-05,0.0,0.008820826
0.0,0.0,4.300891e-21,8.151836e-06,0.0,0.007853547
0.0,0.0,3.4089805000000004e-21,2.1983537e-06,0.0,0.031048318
0.0,0.0,4.2685435e-18,4.589e-07,0.0,0.0043891734
0.0,0.0,2.6997215e-18,1.4582706e-07,0.0,0.004324696
0.0,0.0,1.9876428e-18,4.194344e-08,0.0,0.00839792
0.0,0.0,8.854889e-19,5.598337e-09,0.0,0.020705827
0.0,0.0,2.887353e-19,0.0018238708,0.0,0.006560387
0.0,0.0,1.7123972999999998e-19,0.0009420086,0.0,0.011525505
0.0,0.0,1.1663856999999998e-19,0.00038456707,0.0,0.030979834
0.0,0.0,1.1650366e-19,9.173328e-05,0.0,0.02386734
0.0,0.0,4.973255000000001e-17,2.3913792e-05,0.0,0.0039601703
0.0,0.0,1.12766936e-17,5.847551e-06,0.0,0.0033166278
0.0,0.0,3.0928995e-15,1.090132e-06,0.0,0.0028563996
0.0,0.0,1.4674229e-15,2.6187215e-07,0.0,0.001996653
0.0,0.0,2.812978e-16,6.367959e-08,0.0,0.0014820831
0.0,0.0,1.2254301e-14,2.4265673e-05,0.0,0.0006341911
0.0,0.0,8.5097334e-15,8.7023e-06,0.0,0.00015862072
0.0,0.0,3.2291789e-15,1.7644436e-06,0.0,3.8129085e-05
0.0,0.0,6.056198e-16,4.880429e-07,0.0,0.015314433
0.0,0.0,1.0403857e-13,1.11679874e-07,0.0,0.0061499206
0.0,0.0,4.3165138e-13,2.403305e-08,0.0,0.010161541
0.0,0.0,1.0516493e-12,5.3436784e-09,0.0,0.011924261
0.0,0.0,4.2815512e-13,1.2044558e-09,0.0,0.012345373
0.0,0.0,3.3852157e-11,2.4301672e-10,0.0,0.00752346
0.0,0.0,1.5186866e-10,5.2480277e-11,0.0,0.010764756
0.0,0.0,7.162622e-11,1.29285116e-11,0.0,0.018496817
0.0,0.0,1.6723286e-11,4.2542406e-12,0.0,0.0069276327
0.0,0.0,3.5587679e-12,5.9523556e-13,0.0,0.004267779
0.0,0.0,2.6199553e-12,1.13254756e-13,0.0,0.0017716639
0.0,0.0,1.9288041e-12,2.3887811e-14,0.0,0.00065442914
0.0,0.0,1.6201925e-12,2.844897e-14,0.0,0.00018487261
0.0,0.0,1.0599579e-12,5.8030314e-10,0.0,5.1348678e-05
0.0,0.0,4.4153475e-13,3.3755487e-10,0.0,1.3498147e-05
0.0,0.0,2.0233885e-13,6.8815835e-11,0.0,3.4047682e-06
0.0,0.0,5.2115708e-14,1.7736874e-11,0.0,8.7068906e-07
0.0,0.0,3.6139227e-14,2.7945274e-12,0.0,0.0035140493
0.0,0.0,1.462981e-14,5.6101114e-13,0.0,0.0027032732
0.0,0.0,1.2921108e-14,1.375704e-13,0.0,0.0003404725
0.0,0.0,1.03564796e-14,1.7685111e-14,0.0,0.00010039338
0.0,0.0,3.7449834e-15,3.2005502e-15,0.0,2.0951853e-05
0.0,0.0,1.0425711e-15,6.4572614e-16,0.0,5.594831e-06
0.0,0.0,8.3605995e-16,1.1414863000000002e-16,0.0,1.0737922e-06
0.0,0.0,2.7191761e-16,1.285492e-16,0.0,2.951383e-07
0.0,0.0,8.77168e-14,3.945615e-17,0.0,6.463978e-08
0.0,0.0,1.2911586e-13,6.6335900000000015e-19,0.0,1.3696013e-08
0.0,0.0,1.03539776e-13,4.003169e-14,0.0,2.356532e-09
0.0,0.0,8.3029964e-14,1.4035666e-14,0.0,4.321113e-10
0.0,0.0,3.553286e-14,2.7179689e-15,0.0,9.820979e-11
0.0,0.0,1.0496889e-14,4.4782796e-16,0.0,1.9178329e-11
0.0,0.0,3.847517e-15,7.7592897e-17,0.0,2.9966806e-12
0.0,0.0,1.6465535e-15,5.4271873e-17,0.0,8.350428e-07
0.0,0.0,9.764527e-16,1.0274442000000001e-17,0.0,5.5726605e-07
0.0,0.0,2.4131887e-16,3.377283e-19,0.0,1.0609738e-07
0.0,0.0,2.1313178e-16,7.6390065e-20,0.0,1.603133e-08
0.0,0.0,2.1287093000000003e-16,1.2532185e-20,0.0,2.8214726e-09
0.0,0.0,1.880067e-16,2.187441e-21,0.0,5.8064176e-10
0.0,0.0,5.4688054e-17,3.846068e-22,0.0,1.1650211e-10
0.0,0.0,2.7465820000000006e-17,1.4724178000000002e-22,0.0,2.0807236e-11
0.0,0.0,2.3794353e-17,1.5475873e-23,0.0,1.736299e-10
0.0,0.0,8.9624374e-18,8.8884185e-24,0.0,5.3209034e-11
0.0,0.0,3.2618174e-18,5.157906399999998e-25,0.0,1.0750472e-11
0.0,0.0,2.8808232e-18,2.5939488e-24,0.0,2.073235e-12
0.0,0.0,1.4936767999999998e-18,6.448249e-15,0.0,7.5344716e-13
0.0,0.0,6.7786174e-19,4.776965e-15,0.0,1.7955362e-13
0.0,0.0,6.7703213e-19,1.817654e-15,0.0,1.0335624e-13
0.0,0.0,5.4292134e-19,5.670421e-16,0.0,2.1740713e-14
0.0,0.0,4.795057999999999e-19,8.8526484e-17,0.0,4.8377046e-15
0.0,0.0,4.2349747e-19,3.082212e-17,0.0,1.1049129e-15
0.0,0.0,2.2248119e-19,9.797411e-18,0.0,6.689389e-16
0.0,0.0,2.222089e-19,2.1483746e-18,0.0,4.761855e-16
0.0,0.0,1.9625394e-19,5.5000516e-19,0.0,8.1639934e-17
0.0,0.0,1.7333064e-19,8.306037999999999e-21,0.0,1.6529027e-17
0.0,0.0,1.7311851e-19,1.6913859e-21,0.0,2.6012822e-18
0.0,0.0,1.7290664e-19,2.4858264000000004e-22,0.0,5.169736999999999e-19
0.0,0.0,1.7269501999999998e-19,4.6509582e-23,0.0,1.03066394e-19
0.0,0.0,1.7248366e-19,9.3687235e-24,0.0,2.3828675999999998e-20
0.0,0.0,1.5233682999999998e-19,7.823104e-24,0.0,4.3987522000000004e-21
0.0,0.0,6.231612e-20,4.5119787e-25,0.0,7.808714e-22
0.0,0.0,6.2239855e-20,8.8292745e-26,0.0,1.4189985000000002e-22
0.0,0.0,5.496997e-20,1.6017682000000002e-26,0.0,2.4749489e-23
0.0,0.0,3.2598745e-20,2.8813172e-27,0.0,4.368035e-24
0.0,0.0,1.6202948e-20,5.0794775e-28,0.0,7.867362e-25
0.0,0.0,1.6183117e-20,9.055372e-29,0.0,1.3869638e-25
0.0,0.0,1.3467719e-20,1.572507e-29,0.0,2.6374695e-26
0.0,0.0,4.506057e-16,2.9321693e-30,0.0,4.6746973e-27
0.0,0.0,8.0351536e-16,5.2186913e-31,0.0,8.17974e-28
0.0,0.0,7.0965426e-16,9.7455864e-32,0.0,3.4429963e-12
0.0,0.0,3.0369511000000003e-16,1.8374615e-32,0.0,1.5225563e-12
0.0,0.0,2.6821952000000004e-16,3.8531026e-33,0.0,1.9837357e-13
0.0,0.0,2.3688798e-16,3.8019140000000003e-29,0.0,4.2250505e-14
0.0,0.0,2.3659568000000003e-16,2.1908186e-34,0.0,6.6753354e-15
0.0,0.0,2.3630377000000003e-16,4.1308384e-35,0.0,1.564292e-07
0.0,0.0,8.22714e-17,9.0914214e-36,0.0,3.2322628e-08
0.0,0.0,6.089957e-17,1.7748171e-36,0.0,5.712873e-09
0.0,0.0,2.7237258e-17,1.1745084e-33,0.0,9.904553e-10
0.0,0.0,2.7203651e-17,5.452969700000001e-38,0.0,1.8991894e-10
0.0,0.0,2.7170086e-17,2.9620000000000003e-25,0.0,2.7867486e-11
0.0,0.0,2.7136562e-17,3.3794592e-24,0.0,5.5646716e-12
0.0,0.0,2.7103079e-17,7.182712e-25,0.0,9.214484e-13
0.0,0.0,2.7069636e-17,1.4415892e-25,0.0,1.5248931e-13
0.0,0.0,2.7036236000000002e-17,2.5013328e-26,0.0,2.8240876e-14
0.0,0.0,2.7002878e-17,4.588548e-27,0.0,5.097328e-15
0.0,0.0,1.9879061e-17,8.184823000000001e-28,0.0,9.501796e-16
0.0,0.0,1.9854533e-17,1.458591e-28,0.0,1.65361e-16
0.0,0.0,1.4616570000000002e-17,9.997842e-29,0.0,3.859096e-17
0.0,0.0,1.4598535e-17,2.468435e-29,0.0,7.659827e-18
0.0,0.0,1.4580522e-17,8.378274000000001e-31,0.0,1.125106e-18
0.0,0.0,6.542393e-18,4.230618e-30,0.0,1.7453931e-19
0.0,0.0,6.534321e-18,1.204132e-30,0.0,2.9660897e-20
0.0,0.0,6.5262586e-18,5.1120655e-33,0.0,5.738609500000001e-21
0.0,0.0,6.518206e-18,8.908556999999999e-34,0.0,1.1303625e-21
0.0,0.0,2.3564806e-18,1.5480524e-34,0.0,1.7697693000000002e-22
0.0,0.0,2.353573e-18,2.6835787e-35,0.0,3.2018924e-23
0.0,0.0,2.350669e-18,4.6656023e-36,0.0,3.1547477e-16
0.0,0.0,2.3477687e-18,8.161912e-37,0.0,8.426486e-17
0.0,0.0,1.1072628999999998e-18,1.4620384e-37,0.0,1.6528625000000002e-17
0.0,0.0,8.282074499999999e-19,2.5741393e-38,0.0,2.6445589e-18
0.0,0.0,4.316874e-19,1.0529267e-34,0.0,5.480153999999999e-19
0.0,0.0,2.7254627e-18,8.08073e-40,0.0,7.6899266e-20
0.0,0.0,2.7220736e-18,1.1015767e-35,0.0,1.8639949999999998e-20
0.0,0.0,1.2303689e-18,2.4377e-41,0.0,3.3013824e-21
0.0,0.0,6.0662603e-19,3.2537546e-36,0.0,6.8007413e-22
0.0,0.0,6.058716999999999e-19,7.67e-43,0.0,1.3537527000000002e-22
0.0,0.0,3.3753777e-19,8.6706203e-32,0.0,3.266109e-23
0.0,0.0,3.3711803e-19,1.9111475e-32,0.0,8.102578e-24
0.0,0.0,3.3669883e-19,4.2677795e-33,0.0,1.9101166e-24
0.0,0.0,3.3628012e-19,1.0042256e-33,0.0,4.7429285999999995e-25
0.0,0.0,2.4756133e-19,1.9124804e-34,0.0,5.4296113e-11
0.0,0.0,1.9851891e-19,2.5999203e-35,0.0,1.7275686e-11
0.0,0.0,1.7532761e-19,7.216915e-36,0.0,4.260372e-12
0.0,0.0,1.03972176e-19,1.6299281e-36,0.0,1.1097874e-12
0.0,0.0,5.547367e-20,2.3835905e-37,0.0,2.966579e-13
0.0,0.0,2.4569355e-20,5.6541345e-38,0.0,6.476635e-14
0.0,0.0,2.1699122e-20,1.2842043e-38,0.0,1.7851397e-14
0.0,0.0,1.7400481e-20,3.132498e-39,0.0,5.7562665e-15
0.0,0.0,1.7378843e-20,7.94508e-40,0.0,2.0077493e-15
0.0,0.0,1.3936059999999998e-20,1.3667681e-24,0.0,3.5546822e-05
0.0,0.0,1.2308026e-20,6.0829055e-25,0.0,1.8901455e-05
0.0,0.0,2.9588792e-21,1.5581598e-25,0.0,7.0155347e-06
0.0,0.0,8.727869e-22,4.2947269999999996e-26,0.0,2.3912405e-06
0.0,0.0,4.862391000000002e-22,1.3128129999999998e-26,0.0,7.105941e-07
0.0,0.0,4.856345e-22,2.8342228e-27,0.0,0.0016124905
0.0,0.0,2.3749502e-20,9.317395e-28,0.0,0.030070074
0.0,0.0,1.34742794e-20,2.7006719e-28,0.0,0.0033966606
0.0,0.0,3.3077899e-21,6.3492536e-29,0.0,0.008327796
0.0,0.0,4.9463043e-22,3.3967355e-16,0.0,0.028758038
0.0,0.0,4.5770652000000005e-24,1.4243067e-16,0.0,0.008982307
0.0,0.0,7.4311874e-26,5.358358e-17,0.0,0.031309597
0.0,0.0,1.9938268e-26,1.2969269e-17,0.0,0.0040610433
0.0,0.0,2.6376966e-26,3.6503e-18,0.0,0.0071871732
0.0,0.0,1.7533643e-26,1.2601537e-18,0.0,0.03447921
0.0,0.0,3.2489523e-26,4.4257973e-19,0.0,0.019967757
0.0,0.0,5.2016463999999997e-20,1.5946671e-19,0.0,0.011691346
0.0,0.0,1.0692673e-19,5.375596e-20,0.0,0.044336677
0.0,0.0,3.7224498e-20,4.9566406e-17,0.0,0.007850437
0.0,0.0,1.755449e-20,7.7771144e-17,0.0,0.015028279
0.0,0.0,1.4075876e-20,2.4940088e-17,0.0,0.030244593
0.0,0.0,7.900923e-13,7.024056e-18,0.0,0.0038153585
0.0,0.0,9.395229e-13,2.5207204e-18,0.0,0.009809794
0.0,0.0,3.7453653e-13,7.6174944e-19,0.0,0.019042546
0.0,0.0,1.8211695e-13,2.2240746e-19,0.0,0.045774177
0.0,0.0,8.542753e-14,2.4687507e-12,0.0,0.0063602636
0.0,0.0,1.7467256e-14,5.5700466e-12,0.0,0.0351928
0.0,0.0,3.5457877e-15,1.8025432e-12,0.0,0.0042901956
0.0,0.0,1.9934692e-15,5.7529513e-13,0.0,0.027185172
0.0,0.0,1.1034407e-14,2.7128026e-12,0.0,0.009307197
0.0,0.0,8.847597e-15,1.0595448e-12,0.0,0.04708537
0.0,0.0,8.835727e-15,3.1557336e-13,0.0,0.013642188
0.0,0.0,7.802755e-15,4.489001e-05,0.0,0.06520281
0.0,0.0,5.9875887e-15,2.0994637e-05,0.0,0.01768462
0.0,0.0,2.0578404e-11,6.0786538e-06,0.0,0.02663157
0.0,0.0,6.1093114e-12,1.8771376e-06,0.0,0.017312666
0.0,0.0,1.0991518e-12,0.00593612,0.0,0.036909644
0.0,0.0,1.0976674e-12,0.017710453,0.0,0.006714967
0.0,0.0,7.4752227e-13,0.026774414,0.0,0.015865622
0.0,0.0,4.1640825e-13,0.010936704,0.0,0.039656553
0.0,0.0,4.158459e-13,0.0012193325,0.0,0.0068743224
0.0,0.0,4.1528432e-13,0.00010883925,0.0,0.013334645
0.0,0.0,1.8900231e-13,8.416928e-05,0.0,0.033803746
0.0,0.0,1.667973e-11,0.003009938,0.0,0.0062499256
0.0,0.0,6.062872e-12,0.0022374324,0.0,0.007846571
0.0,0.0,2.5305853e-08,0.0008538871,0.0,0.019891467
0.0,0.0,1.3085943e-08,0.0002840053,0.0,0.007671188
0.0,0.0,3.0236857e-09,6.364909e-05,0.0,0.009454149
0.0,0.0,2.6701155e-09,1.8192715e-05,0.0,0.029029638
0.0,0.0,1.9654258e-09,0.0009299949,0.0,0.004987601
0.0,0.0,1.5758712e-09,0.0010230123,0.0,0.00907271
0.0,0.0,1.5737122e-09,0.00026285418,0.0,0.027106747
0.0,0.0,1.5715562e-09,7.194111e-05,0.0,0.007509823
0.0,0.0,1.5694032e-09,1.7096136e-05,0.0,0.009952259
0.0,0.0,9.621223e-10,4.412839e-06,0.0,0.017541705
0.0,0.0,7.100764e-10,1.0690505e-06,0.0,0.011127095
0.0,0.0,2.739301e-10,1.9622269e-07,0.0,0.006927087
0.0,0.0,1.9886826e-10,4.9577746e-08,0.0,0.022767207
0.0,0.0,1.7561388e-10,1.4508183e-08,0.0,0.007830852
0.0,0.0,1.753733e-10,3.5623815e-09,0.0,0.017968616
0.0,0.0,6.180823e-06,9.280725e-10,0.0,0.0087506715
0.0,0.0,2.4954452e-06,2.0473007e-10,0.0,0.014307762
0.0,0.0,1.8897695e-06,0.0022958291,0.0,0.011948634
0.0,0.0,8.600396e-07,0.0020717797,0.0,0.021086868
0.0,0.0,5.6976023e-07,0.00052033307,0.0,0.0064563877
0.0,0.0,9.900193e-08,0.00014355259,0.0,0.013235817
0.0,0.0,9.8865165e-08,3.741598e-05,0.0,0.026518844
0.0,0.0,2.7148925e-08,8.862287e-06,0.0,0.010390623
0.0,0.0,5.0514695e-09,1.9741333e-06,0.0,0.017113384
0.0,0.0,1.960017e-07,5.595665e-07,0.0,0.027242811
0.0,0.0,1.9982103e-07,1.6164631e-07,0.0,0.010821722
0.0,0.0,1.1130632e-07,4.386528e-08,0.0,0.027784808
0.0,0.0,9.828903e-08,1.1394432e-08,0.0,0.0068867593
0.0,0.0,2.1465617e-08,2.136176e-09,0.0,0.009485904
0.0,0.0,1.721073e-08,5.7333305e-10,0.0,0.016382331
0.0,0.0,1.0908948e-08,1.3406311e-10,0.0,0.007457952
0.0,0.0,8.746591e-09,3.1239258e-11,0.0,0.008513844
0.0,0.0,4.568526e-09,5.109244e-12,0.0,0.009424353
0.0,0.0,1.0778551e-09,1.4926602e-12,0.0,0.020023858
0.0,0.0,2.7348807e-10,0.002556687,0.0,0.0041695507
0.0,0.0,4.391074e-06,0.0012225416,0.0,0.0045880135
0.0,0.0,2.6177893e-06,0.004114937,0.0,0.009012828
0.0,0.0,2.614129e-06,0.0021309415,0.0,0.025608826
0.0,0.0,2.0959408e-06,0.0006919194,0.0,0.0037051353
0.0,0.0,1.1674933e-06,0.00016734285,0.0,0.0033288898
0.0,0.0,8.5934767e-07,4.628687e-05,0.0,0.0147928335
0.0,0.0,5.4468904e-07,1.3052764e-05,0.0,0.008050911
0.0,0.0,2.985901e-07,3.7657235e-06,0.0,0.0126264
0.0,0.0,1.04972145e-07,6.509081e-07,0.0,0.014658136
0.0,0.0,9.269476e-08,1.5799694e-07,0.0,0.024316877
0.0,0.0,3.8545636e-08,4.1731283e-08,0.0,0.008002986
0.0,0.0,9.837084e-09,8.479015e-09,0.0,0.010689669
0.0,0.0,3.190676e-09,2.639641e-09,0.0,0.02612129
0.0,0.0,1.5951575e-09,5.041686e-10,0.0,0.004527423
0.0,0.0,9.390948e-10,1.06969086e-10,0.0,0.0047530066
0.0,0.0,5.568125e-10,2.8538836e-11,0.0,0.004722957
0.0,0.0,5.560339e-10,7.651299e-12,0.0,0.0029990915
0.0,0.0,2.3412325e-10,1.5992953e-12,0.0,0.0014813399
0.0,0.0,1.8771386e-10,3.8606664e-13,0.0,0.00062896
0.0,0.0,1.6575913e-10,0.0018730562,0.0,0.00018185988
0.0,0.0,1.6552736e-10,0.0020833437,0.0,5.292358e-05
0.0,0.0,1.652959e-10,0.0021763162,0.0,1.5668224e-05
0.0,0.0,9.207389e-11,0.0013325099,0.0,3.169744e-05
0.0,0.0,8.130507e-11,0.000823222,0.0,6.3011344e-06
0.0,0.0,7.179575e-11,0.00016400265,0.0,0.0031355394
0.0,0.0,3.3855e-11,4.5617227e-05,0.0,0.0030883953
0.0,0.0,2.989537e-11,1.0521396e-05,0.0,0.0065525207
0.0,0.0,1.2897052e-11,2.4455185e-06,0.0,0.009311459
0.0,0.0,7.093135e-12,4.7409608e-07,0.0,0.009854839
0.0,0.0,6.2635327e-12,1.244784e-07,0.0,0.020215476
0.0,0.0,3.5846738e-12,3.1918475e-08,0.0,0.006784354
0.0,0.0,2.6385415e-12,8.809205e-09,0.0,0.03232425
0.0,0.0,1.3112374e-12,2.2938897e-09,0.0,0.005490698
0.0,0.0,4.929851e-13,4.9969096e-10,0.0,0.007002682
0.0,0.0,4.3532634e-13,1.2043515e-10,0.0,0.016342005
0.0,0.0,3.8441123e-13,2.8510926e-11,0.0,0.0065136845
0.0,0.0,1.9103522e-13,5.9181262e-12,0.0,0.010652553
0.0,0.0,1.6869202e-13,1.646076e-12,0.0,0.01750265
0.0,0.0,1.6845615e-13,3.3955643e-13,0.0,0.010478959
0.0,0.0,1.682206e-13,7.618116e-14,0.0,0.01779934
0.0,0.0,1.243416e-13,5.3321632e-14,0.0,0.006706649
0.0,0.0,3.12287e-14,1.6711869e-14,0.0,0.02133428
0.0,0.0,3.1185032e-14,0.010359295,0.0,0.0059577967
0.0,0.0,1.8490375e-14,0.010944353,0.0,0.015780138
0.0,0.0,7.24377e-15,0.0101116095,0.0,0.014818728
0.0,0.0,3.611604e-15,0.007531134,0.0,0.020518241
0.0,0.0,2.6453652e-15,0.00580451,0.0,0.01052561
0.0,0.0,1.9471524e-15,0.003336893,0.0,0.012714024
0.0,0.0,1.5611756e-15,0.0022687411,0.0,0.026770929
0.0,0.0,1.1491218e-15,0.0006465922,0.0,0.005570931
0.0,0.0,6.035770400000001e-16,0.00020155017,0.0,0.011605837
0.0,0.0,4.839322e-16,4.2758325e-05,0.0,0.02779572
0.0,0.0,1.1117137e-12,1.1068656e-05,0.0,0.011186558
0.0,0.0,1.1841685e-12,2.6443834e-06,0.0,0.017996563
0.0,0.0,8.0638355e-13,6.1140065e-07,0.0,0.024432011
0.0,0.0,6.4653057e-13,1.8025047e-07,0.0,0.0068663745
0.0,0.0,4.7588165e-13,4.248094e-08,0.0,0.017182589
0.0,0.0,2.0361713e-13,1.132169e-08,0.0,0.014980354
0.0,0.0,2.0333035e-13,0.0068748645,0.0,0.019530598
0.0,0.0,1.5900509e-13,0.011021294,0.0,0.013586598
0.0,0.0,2.9994175e-14,0.0113740675,0.0,0.024917899
0.0,0.0,5.347301e-15,0.008510341,0.0,0.0037047684
0.0,0.0,1.7928037e-15,0.014077613,0.0,0.012606074
0.0,0.0,7.729018e-15,0.01662693,0.0,0.0064586205
0.0,0.0,1.27831485e-14,0.013087397,0.0,0.01894016
0.0,0.0,1.1287841e-14,0.0076046153,0.0,0.00768987
0.0,0.0,7.68662e-15,0.0091276355,0.0,0.018520888
0.0,0.0,5.6577227e-15,0.006586896,0.0,0.010138997
0.0,0.0,3.852708e-15,0.0065589673,0.0,0.032681763
0.0,0.0,1.3925897e-15,0.008195152,0.0,0.004192551
0.0,0.0,4.7503885e-13,0.0075110486,0.0,0.013825345
0.0,0.0,1.266182e-13,0.007239089,0.0,0.020163016
0.0,0.0,4.6288337e-06,0.008293553,0.0,0.017438365
0.0,0.0,1.6932053e-06,0.009730703,0.0,0.013065995
0.0,0.0,2.9550333e-07,0.0065133986,0.0,0.032016814
0.0,0.0,5.177108e-08,0.012439433,0.0,0.011471567
0.0,0.0,1.3009758e-08,0.019776154,0.0,0.03822569
0.0,0.0,5.704918e-09,0.009446595,0.0,0.006453039
0.0,0.0,5.0374735e-09,0.015387933,0.0,0.0150724845
0.0,0.0,1.5640654e-09,0.014754931,0.0,0.026884668
0.0,0.0,5.510357e-10,0.011164216,0.0,0.005281126
0.0,0.0,2.598281e-10,0.013254346,0.0,0.00875555
0.0,0.0,1.9124173e-10,0.015206364,0.0,0.017815694
0.0,0.0,1.4076e-10,0.0073721292,0.0,0.008698877
0.0,0.0,7.3234536e-11,0.0030790376,0.0,0.009584865
0.0,0.0,1.5977103e-05,0.000924847,0.0,0.014730281
0.0,0.0,2.0476728e-05,0.00017981959,0.0,0.0072535127
0.0,0.0,1.6884816e-05,4.740531e-05,0.0,0.014098057
0.0,0.0,9.053488e-06,1.1510896e-05,0.0,0.017721847
0.0,0.0,5.1981788e-06,0.002276054,0.0,0.0140246255
0.0,0.0,2.786451e-06,0.0010827857,0.0,0.013310636
0.0,0.0,1.7660731e-06,0.00022204332,0.0,0.0155689735
0.0,0.0,1.76351e-06,5.3191226e-05,0.0,0.01005368
0.0,0.0,1.5571701e-06,1.4406711e-05,0.0,0.03520533
0.0,0.0,6.9856446e-07,3.8852886e-06,0.0,0.0058625275
0.0,0.0,2.3454278e-07,7.091193e-07,0.0,0.0068580285
0.0,0.0,2.0710002e-07,1.7080667e-07,0.0,0.011296155
0.0,0.0,1.2278822e-07,4.068042e-08,0.0,0.01945385
0.0,0.0,9.4457405e-08,8.966625e-09,0.0,0.0041023847
0.0,0.0,6.412723e-08,1.5620817e-09,0.0,0.002075114
0.0,0.0,5.1412794e-08,3.2610636e-10,0.0,0.0008389367
0.0,0.0,3.5369453e-08,8.634507e-11,0.0,0.00038352585
0.0,0.0,2.5749335e-08,3.6978098e-11,0.0,0.00018762735
0.0,0.0,1.7533779e-08,6.869475e-12,0.0,0.0012903429
0.0,0.0,1.5482232e-08,7.0972525e-13,0.0,0.00234432
0.0,0.0,1.2412587e-08,1.4475766e-13,0.0,0.0039622495
0.0,0.0,1.2394573e-08,3.279071e-14,0.0,0.0047073103
0.0,0.0,9.122688e-09,5.854459e-15,0.0,0.0022751612
0.0,0.0,6.7145063e-09,1.1520437e-15,0.0,0.0028982174
0.0,0.0,5.3832285e-09,2.068381e-16,0.0,0.001062737
0.0,0.0,5.375416e-09,8.1805925e-15,0.0,0.00044135883
0.0,0.0,5.367615e-09,0.0002351834,0.0,0.00019838552
0.0,0.0,4.739575e-09,0.0019516358,0.0,0.00038641543
0.0,0.0,4.7326965e-09,0.00055190665,0.0,0.00039879384
0.0,0.0,3.79435e-09,0.00071180443,0.0,0.0009954489
0.0,0.0,1.4264844e-09,0.00067991635,0.0,0.00084451085
0.0,0.0,3.8645476e-10,0.0009599004,0.0,0.00020504871
0.0,0.0,3.858939e-10,0.00044082283,0.0,4.2796433e-05
0.0,0.0,3.0938316e-10,0.0007988426,0.0,1.8584396e-05
0.0,0.0,2.480421e-10,0.00044613748,0.0,1.5186349e-05
0.0,0.0,1.9886306e-10,8.0803795e-05,0.0,8.461038e-06
0.0,0.0,8.802535e-11,1.3469121e-05,0.0,6.934555e-06
0.0,0.0,2.6166227e-11,2.2503696e-06,0.0,3.268561e-06
0.0,0.0,2.3104638e-11,5.29301e-07,0.0,5.4640022e-06
0.0,0.0,2.3071108e-11,6.086388e-08,0.0,7.6007595e-06
0.0,0.0,2.0371663e-11,9.781784e-09,0.0,2.9554276e-06
0.0,0.0,9.138938e-12,1.4728208e-09,0.0,1.3808603e-06
0.0,0.0,8.069633e-12,2.9948385e-10,0.0,1.0141766e-06
0.0,0.0,2.8089154e-12,4.2266354e-11,0.0,1.9182026e-07
0.0,0.0,2.8048388e-12,1.0992473e-11,0.0,1.3102778e-07
0.0,0.0,1.3225404e-12,2.0577166e-12,0.0,1.6079599e-07
0.0,0.0,8.623345e-13,4.322463e-13,0.0,3.7184282e-08
0.0,0.0,6.145485e-13,1.08677505e-13,0.0,1.1029968e-08
0.0,0.0,6.1365664e-13,3.137973e-14,0.0,1.9077315e-05
0.0,0.0,6.12766e-13,2.4090716e-15,0.0,3.050429e-05
0.0,0.0,6.1187676e-13,2.9789937000000003e-16,0.0,2.4367602e-05
0.0,0.0,4.3567575e-13,6.8627304e-17,0.0,2.3331357e-05
0.0,0.0,2.8429976e-13,1.2138671e-17,0.0,3.0619805e-05
0.0,0.0,2.8388717e-13,2.4395188e-18,0.0,4.3545548e-05
0.0,0.0,2.5067085e-13,4.233464e-19,0.0,1.215047e-05
0.0,0.0,7.190752e-14,1.7900072e-19,0.0,3.3768804e-06
0.0,0.0,1.3795622e-14,9.907331e-20,0.0,1.2003857e-06
0.0,0.0,7.519026e-15,9.045109e-21,0.0,2.5420502e-07
0.0,0.0,5.563051e-15,4.319858e-22,0.0,5.645491e-08
0.0,0.0,1.658891e-15,7.020518e-23,0.0,1.6028745e-08
0.0,0.0,1.7037826e-11,1.3181399e-23,0.0,4.709743e-09
0.0,0.0,7.696149e-12,1.597142e-22,0.0,9.075337e-10
0.0,0.0,5.606354e-12,4.6125066999999995e-25,0.0,2.379956e-10
0.0,0.0,1.0742224e-12,8.339759e-26,0.0,7.531647e-11
0.0,0.0,8.612296e-13,1.471608e-26,0.0,1.5579125e-11
0.0,0.0,8.5997176e-13,2.5110638e-25,0.0,1.4908596e-05
0.0,0.0,8.587157e-13,1.02763684e-25,0.0,2.5957977e-06
0.0,0.0,5.4425426e-13,8.7736235e-26,0.0,5.3944035e-07
0.0,0.0,5.434594e-13,2.0160399e-26,0.0,8.90429e-08
0.0,0.0,4.7986723e-13,3.0540255e-27,0.0,1.7312328e-08
0.0,0.0,4.237163e-13,4.1639834000000006e-27,0.0,3.2734913e-09
0.0,0.0,1.4226103e-13,1.5093733e-31,0.0,5.7003796e-10
0.0,0.0,1.4205325e-13,7.733337e-27,0.0,9.844701e-11
0.0,0.0,1.9331902e-14,1.7674396e-27,0.0,1.7065526e-11
0.0,0.0,3.3789735e-12,6.326001e-33,0.0,2.987113e-12
0.0,0.0,1.9162e-11,1.07496396e-13,0.0,4.65578e-13
0.0,0.0,1.913368e-11,1.1187603e-13,0.0,9.399063e-14
0.0,0.0,1.9105405e-11,7.6628625e-14,0.0,1.5209844e-14
0.0,0.0,1.9077172e-11,4.043505e-14,0.0,3.0169996e-15
0.0,0.0,1.1310425e-11,1.0733753e-14,0.0,5.867711e-16
0.0,0.0,1.129371e-11,5.4281945e-15,0.0,8.988703000000001e-17
0.0,0.0,1.127702e-11,1.8989333e-15,0.0,1.8309377e-17
0.0,0.0,1.1260355e-11,1.0399103e-15,0.0,7.976216399999999e-18
0.0,0.0,1.1243714e-11,3.832689e-16,0.0,4.991476e-18
0.0,0.0,1.1227098e-11,1.4763239e-16,0.0,1.2188887999999998e-18
0.0,0.0,1.12105065e-11,5.813175e-17,0.0,4.999104e-19
0.0,0.0,1.119394e-11,3.2498656e-17,0.0,8.796676e-20
0.0,0.0,1.1177397e-11,1.6459184e-17,0.0,1.5706959999999998e-20
0.0,0.0,1.1160879e-11,7.085746e-18,0.0,3.0195097000000007e-21
0.0,0.0,1.1144385e-11,4.3205327e-18,0.0,5.4979894e-22
0.0,0.0,1.1127915e-11,1.8860152e-18,0.0,1.0108312e-22
0.0,0.0,1.1111471e-11,1.5311686999999998e-18,0.0,1.7476299e-05
0.0,0.0,1.109505e-11,6.301186e-19,0.0,1.7590619e-05
0.0,0.0,1.1078654e-11,2.8760248e-19,0.0,1.9872812e-05
0.0,0.0,5.8186073e-12,1.2220582e-19,0.0,1.9086114e-05
0.0,0.0,5.8100087e-12,5.764811e-20,0.0,7.3030633e-06
0.0,0.0,5.8014227e-12,2.466586e-20,0.0,1.8966757e-06
0.0,0.0,5.7928493e-12,8.489835e-21,0.0,4.4839268e-07
0.0,0.0,2.8785583e-12,1.5286436e-15,0.0,9.736827e-08
0.0,0.0,5.3399093e-13,2.7640999000000004e-16,0.0,2.2651394e-08
0.0,0.0,9.94696e-14,6.2841666e-17,0.0,4.210465e-09
0.0,0.0,7.2315485e-14,1.3103827e-17,0.0,1.1472343e-09
0.0,0.0,5.9943424e-14,2.3214086e-18,0.0,2.8448988e-10
0.0,0.0,5.6857276e-14,5.100214e-19,0.0,6.220391e-11
0.0,0.0,3.1668383e-14,7.092674e-20,0.0,1.261653e-11
0.0,0.0,2.5388854e-14,1.7783459e-20,0.0,4.0110896e-12
0.0,0.0,2.5351334e-14,3.8977562e-21,0.0,1.7451756e-12
0.0,0.0,1.4120193e-14,7.929541e-22,0.0,1.2014442e-05
0.0,0.0,1.4099327e-14,6.750456000000001e-23,0.0,2.2395245e-06
0.0,0.0,7.4050915e-15,1.7043633e-23,0.0,5.069232e-07
0.0,0.0,7.394149e-15,2.5361373e-24,0.0,1.2456233e-07
0.0,0.0,6.7503007e-15,1.7603747e-24,0.0,2.92614e-08
0.0,0.0,6.4439366e-15,1.02439345e-25,0.0,6.6721753e-09
0.0,0.0,2.008177e-15,1.9405575e-26,0.0,1.5971937e-09
0.0,0.0,8.6753967000000015e-16,2.1997079999999998e-26,0.0,4.016239e-10
0.0,0.0,3.8917688e-16,3.8706816e-27,0.0,1.0379764e-10
0.0,0.0,1.9338814e-16,1.7800812e-28,0.0,2.9555348e-11
0.0,0.0,1.5504118e-16,4.1177634e-29,0.0,9.361032e-12
0.0,0.0,7.704240400000001e-17,8.814708e-30,0.0,4.725226e-06
0.0,0.0,7.692855e-17,1.0414927e-28,0.0,7.500985e-05
0.0,0.0,6.792569e-17,4.6559446e-31,0.0,6.380717e-05
0.0,0.0,6.782531e-17,8.361448e-30,0.0,6.569493e-05
0.0,0.0,4.9919645e-17,2.5577508e-32,0.0,6.983679e-05
0.0,0.0,3.4367442e-17,6.278501e-33,0.0,8.127333e-05
0.0,0.0,2.5400945e-17,1.5502896e-07,0.0,7.751298e-05
0.0,0.0,1.3202839e-10,2.1256531e-07,0.0,7.413767e-05
0.0,0.0,9.7913615e-11,6.246144e-08,0.0,5.4822885e-05
0.0,0.0,8.019704e-11,1.7923671e-08,0.0,4.521268e-05
0.0,0.0,8.0077736e-11,4.732891e-09,0.0,3.4049535e-05
0.0,0.0,2.252621e-11,1.4405089e-09,0.0,1.7039589e-05
0.0,0.0,1.7457162e-11,4.454446e-10,0.0,6.017884e-06
0.0,0.0,8.390078e-12,1.1863592e-10,0.0,2.090486e-06
0.0,0.0,5.5594782e-12,3.6870795e-11,0.0,9.3045264e-07
0.0,0.0,3.0964894e-12,1.1052917e-11,0.0,3.542964e-07
0.0,0.0,2.7340838e-12,3.2376215e-12,0.0,1.5988128e-07
0.0,0.0,1.2378697e-12,8.8194724e-13,0.0,5.8737022e-08
0.0,0.0,9.110671e-13,2.3798365e-13,0.0,0.009365923
0.0,0.0,7.128199e-13,6.867251e-14,0.0,0.019804334
0.0,0.0,6.052055e-13,2.0514015e-14,0.0,0.021143975
0.0,0.0,1.1557464e-13,6.305557e-15,0.0,0.017774032
0.0,0.0,3.426606e-14,0.00033066425,0.0,0.015706789
0.0,0.0,9.563177e-15,0.00011016313,0.0,0.03219334
0.0,0.0,6.5117225e-15,3.1739582e-05,0.0,0.0037033828
0.0,0.0,3.8606152e-15,9.755176e-06,0.0,0.011949343
0.0,0.0,1.1698699e-15,3.2976823e-06,0.0,0.05403542
0.0,0.0,4.4146685e-16,9.990878e-07,0.0,0.011549161
0.0,0.0,4.4081008e-16,3.2249454e-07,0.0,0.015332674
0.0,0.0,3.8921876e-16,8.22692e-08,0.0,0.027209712
0.0,0.0,2.4668024e-16,2.3732069e-08,0.0,0.009026696
0.0,0.0,1.2955738e-16,7.886453e-09,0.0,0.034704074
0.0,0.0,1.1005836e-16,2.1542286e-09,0.0,0.009643528
0.0,0.0,7.714583e-17,6.79762e-10,0.0,0.014860691
0.0,0.0,6.184796000000001e-17,2.982312e-10,0.0,0.061386485
0.0,0.0,2.1307006e-17,0.0018906294,0.0,0.035958834
0.0,0.0,4.1755866e-18,0.005587405,0.0,0.023779234
0.0,0.0,1.9279922e-18,0.013656212,0.0,0.008161583
0.0,0.0,9.664423e-19,0.017720586,0.0,0.021252379
0.0,0.0,4.405604299999999e-19,0.027689878,0.0,0.011535213
0.0,0.0,4.3990504e-19,0.0062714266,0.0,0.0431237
0.0,0.0,3.2376831e-19,0.0122067025,0.0,0.013656193
0.0,0.0,2.5956568e-19,0.026567375,0.0,0.032880608
0.0,0.0,1.6450832e-19,0.0076711695,0.0,0.016869903
0.0,0.0,9.162699e-20,0.0057887784,0.0,0.012672486
0.0,0.0,8.090319e-20,0.014927116,0.0,0.042691756
0.0,0.0,7.143447999999999e-20,0.010137806,0.0,0.0070393104
0.0,0.0,1.8584887e-17,0.012038604,0.0,0.025798105
0.0,0.0,6.631376e-18,0.025528578,0.0,0.012716114
0.0,0.0,4.2668606e-18,0.010211171,0.0,0.047071733
0.0,0.0,3.5244966e-18,0.008851634,0.0,0.01193516
0.0,0.0,2.9625953e-18,0.013286484,0.0,0.028225191
0.0,0.0,1.7926118e-15,0.022895357,0.0,0.008583427
0.0,0.0,2.1131844e-12,0.009036797,0.0,0.010805664
0.0,0.0,1.9102588e-12,0.008431274,0.0,0.018047351
0.0,0.0,1.3638968e-12,0.013694147,0.0,0.020936115
0.0,0.0,3.3928033e-13,0.015629793,0.0,0.020526502
0.0,0.0,0.0006607793,0.012946005,0.0,0.020845894
0.0,0.0,0.0017080712,0.014134812,0.0,0.014705662
0.0,0.0,0.0010315743,0.026012972,0.0,0.025752163
0.0,0.0,0.00096285477,0.014992918,0.0,0.009267054
0.0,0.0,0.000977226,0.017750476,0.0,0.02218344
0.0,0.0,0.0005367252,0.007830879,0.0,0.009225991
0.0,0.0,0.00038902616,0.0073048053,0.0,0.02007645
0.0,0.0,0.0005673608,0.0067027966,0.0,0.010066626
0.0,0.0,0.0004711112,0.0070412075,0.0,0.028228113
0.0,0.0,0.00020174043,0.003852945,0.0,0.005430356
0.0,0.0,0.00016173355,0.0012779969,0.0,0.0050022667
0.0,0.0,0.00016148487,0.002041244,0.0,0.013504556
0.0,0.0,0.000118852746,0.0011948295,0.0,0.021364564
0.0,0.0,0.00011867,0.0028906867,0.0,0.0077443277
0.0,0.0,0.000118487544,0.0012694278,0.0,0.01613238
0.0,0.0,0.00011830536,0.003474563,0.0,0.015620231
0.0,0.0,0.00011812346,0.0012815816,0.0,0.019071074
0.0,0.0,4.8317765e-05,0.0067458474,0.0,0.010399189
0.0,0.0,3.8734852e-05,0.0050116065,0.0,0.01731085
0.0,0.0,2.0343678e-05,0.0038176253,0.0,0.01599402
0.0,0.0,5.3703966e-06,0.004136835,0.0,0.016485915
0.0,0.0,2.2975785e-06,0.0030221897,0.0,0.01836823
0.0,0.0,2.2940458e-06,0.0024665738,0.0,0.013568843
0.0,0.0,1.6883254e-06,0.0044950475,0.0,0.042337433
0.0,0.0,1.1495517e-06,0.0020060327,0.0,0.01444441
0.0,0.0,9.2155193e-07,0.0042814785,0.0,0.0116612995
0.0,0.0,4.4309198e-07,0.0035179309,0.0,0.018609233
0.0,0.0,1.1280819e-07,0.001958404,0.0,0.012003664
0.0,0.0,2.8986108e-08,0.007229471,0.0,0.024590997
0.0,0.0,9.464352e-09,0.0065627825,0.0,0.0075483904
0.0,0.0,5.2583142e-09,0.0062661953,0.0,0.017846098
0.0,0.0,2.1435662e-09,0.0033811105,0.0,0.011198847
0.0,0.0,8.2397283e-10,0.006177065,0.0,0.022535091
0.0,0.0,8.2270596e-10,0.003373223,0.0,0.0051737507
0.0,0.0,2.4514202e-10,0.0021013475,0.0,0.011923941
0.0,0.0,4.9744143e-11,0.0061463322,0.0,0.03500468
0.0,0.0,2.9490417e-11,0.0044211536,0.0,0.012202975
0.0,0.0,2.9445075e-11,0.008361337,0.0,0.018362934
0.0,0.0,2.9399802e-11,0.0066112895,0.0,0.012452382
0.0,0.0,1.3312432e-11,0.0033114227,0.0,0.013508925
0.0,0.0,7.795354e-12,0.004035788,0.0,0.028810922
0.0,0.0,7.783369e-12,0.0040083514,0.0,0.007626436
0.0,0.0,3.4913981e-12,0.0014050982,0.0,0.00753595
0.0,0.0,1.6461255e-12,0.0058430275,0.0,0.019012164
0.0,0.0,1.4533944e-12,0.0049937456,0.0,0.013014292
0.0,0.0,9.895904e-13,0.0061137113,0.0,0.015411673
0.0,0.0,8.7372747e-13,0.0024691662,0.0,0.013899043
0.0,0.0,8.723841e-13,0.0040863724,0.0,0.026357645
0.0,0.0,8.7104277e-13,0.0035830603,0.0,0.007981421
0.0,0.0,5.349024e-13,0.008638443,0.0,0.012357619
0.0,0.0,2.338544e-13,0.007340158,0.0,0.024500076
0.0,0.0,2.0647435e-13,0.006309409,0.0,0.0065088826
0.0,0.0,1.0259423e-13,0.0025675937,0.0,0.006873464
0.0,0.0,9.058233e-14,0.0014697876,0.0,0.009049881
0.0,0.0,9.0443054e-14,0.0038299349,0.0,0.014913684
0.0,0.0,4.7498657e-14,0.002440568,0.0,0.012353332
0.0,0.0,2.4945227e-14,0.0017973869,0.0,0.015413424
0.0,0.0,1.9997636e-14,0.005291065,0.0,0.017429
0.0,0.0,1.4717445e-14,0.0043400144,0.0,0.015674688
0.0,0.0,6.0185532e-15,0.009401985,0.0,0.028041914
0.0,0.0,1.5220531e-15,0.017021399,0.0,0.006036643
0.0,0.0,1.0174121e-15,0.011640084,0.0,0.0113315005
0.0,0.0,8.982919e-16,0.009919943,0.0,0.018331898
0.0,0.0,3.2427883e-07,0.010356354,0.0,0.020159464
0.0,0.0,9.655478e-08,0.013931393,0.0,0.014540286
0.0,0.0,2.2463125e-08,0.012484862,0.0,0.015071889
0.0,0.0,3.935641e-09,0.0069826553,0.0,0.014626592
0.0,0.0,1.6619647e-09,0.005599163,0.0,0.022388186
0.0,0.0,1.5520817e-09,0.012120537,0.0,0.0100847045
0.0,0.0,7.7119916e-10,0.008642834,0.0,0.016923841
0.0,0.0,2.7871916e-10,0.011078378,0.0,0.021590674
0.0,0.0,1.1397817e-10,0.010484378,0.0,0.010598845
0.0,0.0,9.1370925e-11,0.010244845,0.0,0.016305968
0.0,0.0,7.324776e-11,0.011004037,0.0,0.023539178
0.0,0.0,7.3134325e-11,0.013414861,0.0,0.018825168
0.0,0.0,4.3356613e-11,0.010805976,0.0,0.02192982
0.0,0.0,1.97338e-11,0.008548275,0.0,0.008750661
0.0,0.0,9.303994e-12,0.014931297,0.0,0.028522694
0.0,0.0,5.8963533e-12,0.022225978,0.0,0.005773472
0.0,0.0,5.8872213e-12,0.011837689,0.0,0.020852383
0.0,0.0,5.1978773e-12,0.012784512,0.0,0.013342427
0.0,0.0,2.5827242e-12,0.0075795907,0.0,0.016304912
0.0,0.0,1.2833054e-12,0.013046351,0.0,0.024323884
0.0,0.0,1.1330411e-12,0.013322474,0.0,0.009114589
0.0,0.0,1.1312864e-12,0.020545535,0.0,0.02710243
0.0,0.0,4.331152e-13,0.0122796865,0.0,0.011543569
0.0,0.0,1.2980509e-13,0.027126301,0.0,0.030099481
0.0,0.0,8.709481e-14,0.01281528,0.0,0.014668642
0.0,0.0,4.3743167e-14,0.0077190367,0.0,0.016859928
0.0,0.0,2.2901016e-14,0.012445356,0.0,0.01605477
0.0,0.0,1.845196e-14,0.008121307,0.0,0.016890796
0.0,0.0,6.686468e-06,0.006983074,0.0,0.014935987
0.0,0.0,1.6006194e-05,0.01474295,0.0,0.043514166
0.0,0.0,8.497785e-06,0.015340284,0.0,0.014008855
0.0,0.0,3.603974e-06,0.01924755,0.0,0.021174526
0.0,0.0,3.5983542e-06,0.011557979,0.0,0.016377041
0.0,0.0,1.9400447e-06,0.008140135,0.0,0.01656374
0.0,0.0,9.63963e-07,0.0070885886,0.0,0.01509598
0.0,0.0,6.5633117e-07,0.0031577707,0.0,0.010535832
0.0,0.0,3.7703444e-07,0.0016623498,0.0,0.013280186
0.0,0.0,3.1653082e-07,0.0049120267,0.0,0.031346697
0.0,0.0,1.762871e-07,0.0026438746,0.0,0.006169125
0.0,0.0,1.5564372e-07,0.0038674911,0.0,0.012957995
0.0,0.0,9.2270135e-08,0.0015423743,0.0,0.019383632
0.0,0.0,9.212626e-08,0.0030826118,0.0,0.017334498
0.0,0.0,4.3459643e-08,0.0013874848,0.0,0.012537747
0.0,0.0,1.0445356e-08,0.0015744845,0.0,0.028184488
0.0,0.0,8.37346e-09,0.0036166415,0.0,0.0062329383
0.0,0.0,2.968096e-09,0.0021015392,0.0,0.008381299
0.0,0.0,2.4950235e-09,0.0035149865,0.0,0.021226976
0.0,0.0,1.4485829e-09,0.0023248433,0.0,0.010077266
0.0,0.0,8.309866e-10,0.0016292032,0.0,0.010580425
0.0,0.0,2.3496835e-10,0.0016428635,0.0,0.011107667
0.0,0.0,1.7393716e-10,0.0015624482,0.0,0.01337631
0.0,0.0,1.5356895e-10,0.005649232,0.0,0.021165961
0.0,0.0,1.2310768e-10,0.0017655254,0.0,0.0057607032
0.0,0.0,4.8828507e-11,0.004033468,0.0,0.0060330806
0.0,0.0,1.9710815e-11,0.0028292942,0.0,0.010735445
0.0,0.0,7.4094775e-12,0.010021515,0.0,0.027874695
0.0,0.0,3.4933465e-12,0.00904728,0.0,0.0076455534
0.0,0.0,3.0842724e-12,0.00896615,0.0,0.019892996
0.0,0.0,1.7820021e-12,0.0065879547,0.0,0.010148499
0.0,0.0,5.863006e-13,0.0036052563,0.0,0.009387298
0.0,0.0,4.7000457e-13,0.0035872175,0.0,0.021595083
0.0,0.0,3.4589662e-13,0.0017428948,0.0,0.005236915
0.0,0.0,2.3550972e-13,0.003467478,0.0,0.010484137
0.0,0.0,1.11035774e-13,0.0018982082,0.0,0.012213774
0.0,0.0,4.75021e-14,0.0018989431,0.0,0.01860666
0.0,0.0,2.9941727e-14,0.0016329959,0.0,0.010372604
0.0,0.0,2.0386343e-14,0.0022193128,0.0,0.012699182
0.0,0.0,2.0354554e-14,0.0014254523,0.0,0.019344205
0.0,0.0,2.0322814e-14,0.0010429346,0.0,0.0047448534
0.0,0.0,7.758798e-15,0.0008869571,0.0,0.003127953
0.0,0.0,2.2935456e-15,0.0027224075,0.0,0.0045209927
0.0,0.0,1.3596805e-15,0.0008702975,0.0,0.0036679744
0.0,0.0,6.099008e-16,0.0019915574,0.0,0.0029712438
0.0,0.0,3.615669e-16,0.00060592836,0.0,0.0028628106
0.0,0.0,2.6609267e-16,0.00049051316,0.0,0.0009911539
0.0,0.0,6.826548e-06,0.0007836007,0.0,0.0010671552
0.0,0.0,3.07176e-06,0.00054672925,0.0,0.001265116
0.0,0.0,2.7120223e-06,0.000357312,0.0,0.0008711645
0.0,0.0,2.3944137e-06,0.00086091406,0.0,0.0018932723
0.0,0.0,2.3906516e-06,0.000289498,0.0,0.00064639124
0.0,0.0,2.3868952e-06,0.00050026405,0.0,0.00096300966
0.0,0.0,2.3831449e-06,0.0011232604,0.0,0.0025504706
0.0,0.0,1.7135084e-06,0.0005935154,0.0,0.0010984837
0.0,0.0,8.852291e-07,0.0005708138,0.0,0.000756127
0.0,0.0,4.6488725e-07,0.0009198245,0.0,0.001572536
0.0,0.0,4.641568e-07,0.00051187625,0.0,0.0008740674
0.0,0.0,2.7516248e-07,0.00019641905,0.0,0.00026140836
0.0,0.0,1.8905203e-07,0.00013404846,0.0,0.000107777916
0.0,0.0,1.0048247e-07,0.00021561915,0.0,0.00031952132
0.0,0.0,7.266686e-08,0.00022063433,0.0,0.00070495275
0.0,0.0,5.0312302e-08,0.0001526273,0.0,0.0005110852
0.0,0.0,2.2151328e-08,9.139103e-05,0.0,0.00055119256
0.0,0.0,2.2116524e-08,4.1773845e-05,0.0,0.00055588654
0.0,0.0,2.2081773e-08,1.2436631e-05,0.0,0.00023697353
0.0,0.0,1.9495744e-08,2.8092534e-06,0.0,0.00018860337
0.0,0.0,1.9465112e-08,6.693896e-07,0.0,8.736983e-05
0.0,0.0,1.4325044e-08,2.3714777e-07,0.0,5.4939446e-05
0.0,0.0,6.5842434e-09,1.945333e-07,0.0,0.0001683103
0.0,0.0,3.3626752e-09,1.2034424e-07,0.0,0.00016654917
0.0,0.0,2.7098874e-09,6.918218e-08,0.0,7.393381e-05
0.0,0.0,2.6040705e-09,8.809081e-08,0.0,6.534133e-05
0.0,0.0,2.599979e-09,6.077287e-08,0.0,4.539027e-05
0.0,0.0,2.5958937e-09,1.619886e-07,0.0,9.613744e-05
0.0,0.0,2.5918148e-09,4.444156e-07,0.0,0.00043253796
0.0,0.0,1.5364848e-09,5.1392004e-07,0.0,0.0005019455
0.0,0.0,7.634322e-10,9.1730243e-07,0.0,0.0012191397
0.0,0.0,7.6223267e-10,9.149738e-07,0.0,0.0005504606
0.0,0.0,6.729665e-10,4.0724896e-07,0.0,0.0004153904
0.0,0.0,4.5819545e-10,3.9276463e-07,0.0,0.00042100597
0.0,0.0,2.0552655e-10,4.1206636e-07,0.0,0.00046916545
0.0,0.0,1.8145704e-10,4.8324057e-07,0.0,0.00069398363
0.0,0.0,1.14994764e-10,3.0743902e-07,0.0,0.00054839544
0.0,0.0,1.0152756e-10,3.6298619e-07,0.0,0.00045960475
0.0,0.0,8.963752e-11,2.4237215e-07,0.0,0.0003040392
0.0,0.0,8.949668e-11,1.8581358e-07,0.0,0.000302563
0.0,0.0,6.507066e-11,7.2003346e-08,0.0,0.00021249178
0.0,0.0,2.1210053e-11,3.6341383e-08,0.0,5.896295e-05
0.0,0.0,1.8726113e-11,2.294907e-08,0.0,6.555949e-05
0.0,0.0,1.8696688e-11,1.9463116e-08,0.0,3.2973192e-05
0.0,0.0,1.8667312e-11,2.0070742e-08,0.0,2.1180565e-05
0.0,0.0,1.40034685e-11,4.169567e-08,0.0,2.707773e-05
0.0,0.0,8.733916e-12,2.0277069e-08,0.0,3.2686454e-05
0.0,0.0,8.720193e-12,6.6082095e-09,0.0,3.6095287e-05
0.0,0.0,8.706491e-12,1.8615696e-09,0.0,1.8992117e-05
0.0,0.0,8.692811e-12,5.532305e-09,0.0,2.0333982e-05
0.0,0.0,7.6747836e-12,9.013456e-09,0.0,1.7066877e-05
0.0,0.0,5.203298e-12,1.0363137e-08,0.0,2.4084871e-05
0.0,0.0,3.5578634e-12,1.5468906e-08,0.0,2.4174087e-05
0.0,0.0,3.5522733e-12,2.1006956e-08,0.0,1.9165316e-05
0.0,0.0,3.5466918e-12,2.3428207e-08,0.0,1.3422004e-05
0.0,0.0,1.3332185e-12,2.1063448e-08,0.0,9.680088e-06
0.0,0.0,1.3311237e-12,1.0121714e-08,0.0,2.2161534e-05
0.0,0.0,9.796196e-13,2.5248412e-09,0.0,2.299426e-05
0.0,0.0,9.385284e-13,8.07174e-09,0.0,1.8671246e-05
0.0,0.0,3.8860438e-13,6.0497753e-09,0.0,1.6669595e-05
0.0,0.0,3.8799378e-13,8.043889e-09,0.0,1.6869912e-05
0.0,0.0,3.8738416e-13,3.4756362e-09,0.0,1.1648037e-05
0.0,0.0,3.867755e-13,1.0927029e-08,0.0,1.26568775e-05
0.0,0.0,3.8616777e-13,1.4080306e-08,0.0,1.346744e-05
0.0,0.0,3.8556102e-13,1.0404744e-08,0.0,1.455101e-05
0.0,0.0,3.404074e-13,7.0258204e-09,0.0,2.010253e-05
0.0,0.0,3.3987255e-13,8.722673e-09,0.0,1.7608081e-05
0.0,0.0,3.3933853e-13,1.2132244e-08,0.0,1.5932836e-05
0.0,0.0,3.3880535e-13,1.5425234e-08,0.0,1.3466292e-05
0.0,0.0,3.1324826e-13,2.8821885e-08,0.0,1.8828183e-05
0.0,0.0,2.9487616e-13,2.6081336e-08,0.0,1.4425725e-05
0.0,0.0,2.9441285e-13,1.15180905e-08,0.0,1.3885129e-05
0.0,0.0,2.9395025e-13,3.6299588e-09,0.0,1.5395339e-05
0.0,0.0,2.9348838e-13,1.6447576e-08,0.0,1.7681117e-05
0.0,0.0,2.1598818e-13,2.1794047e-08,0.0,1.921211e-05
0.0,0.0,1.1342831e-13,1.884794e-08,0.0,1.9513707e-05
0.0,0.0,1.1325009e-13,4.5702215e-08,0.0,2.1853242e-05
0.0,0.0,1.1307214e-13,5.522661e-08,0.0,2.037713e-05
0.0,0.0,1.1289448e-13,5.2300923e-08,0.0,2.822664e-05
0.0,0.0,1.12717093e-13,7.07828e-08,0.0,3.0676896e-05
0.0,0.0,7.0737314e-14,1.0244778e-07,0.0,2.7275906e-05
0.0,0.0,1.9764111e-14,7.021018e-08,0.0,2.4259996e-05
0.0,0.0,1.9733057e-14,5.1769153e-08,0.0,2.3324299e-05
0.0,0.0,7.729271e-15,4.8904067e-08,0.0,2.47852e-05
0.0,0.0,7.717127e-15,8.2304204e-08,0.0,2.3860104e-05
0.0,4.1146148e-08,7.705001e-15,1.0519254e-07,8.7774904e-10,2.6413367e-05
0.0,1.4961272e-07,5.670375e-15,1.0448998e-07,3.9301695e-09,3.1655527e-05
0.0,5.418847e-07,5.6614653e-15,1.0601985e-07,3.3859965e-08,3.8571696e-05
0.0,1.341932e-06,4.998443e-15,1.9753105e-07,1.1298171e-07,4.1720694e-05
0.0,2.593728e-06,2.483573e-15,2.3355112e-07,2.1445908e-07,5.1975825e-05
0.0,4.4844987e-06,2.4796707e-15,2.4674168e-07,1.8881482e-07,6.420524e-05
0.0,5.405515e-06,2.4757746e-15,1.5665931e-07,2.987113e-07,5.9515656e-05
0.0,7.927331e-06,1.984667e-15,7.8044394e-08,8.6346074e-07,3.411641e-05
0.0,1.0964549e-05,1.257743e-15,4.1071207e-08,1.1783537e-06,4.3212738e-05
0.0,1.34524325e-05,1.2557668e-15,1.9161764e-08,2.129794e-06,4.783671e-05
0.0,1.393772e-05,1.2537936e-15,7.562543e-09,2.0259045e-06,5.502436e-05
0.0,1.9299156e-05,3.072054e-16,4.09838e-09,3.250063e-06,5.7402893e-05
0.0,2.0188594e-05,2.1120973e-16,1.4122368e-09,4.0886066e-06,4.8305796e-05
0.0,1.6650984e-05,1.4380409000000002e-16,2.7276106e-10,8.909523e-06,6.2188294e-05
0.0,1.6632215e-05,8.204034000000001e-17,6.9371904e-11,2.0055239e-05,6.41427e-05
0.0,1.8766877e-05,6.006491e-13,2.200755e-11,2.8651202e-05,5.0031762e-05
0.0,1.823556e-05,3.766633e-13,5.8217584e-12,3.87084e-05,2.8530243e-05
0.0,2.0791089e-05,1.0094877e-13,1.638949e-12,5.2250783e-05,1.2811322e-05
0.0,1.8834893e-05,5.6220602e-14,3.991755e-13,4.609422e-05,8.417683e-06
0.0,2.1870206e-05,5.613165e-14,1.2741326e-13,5.170522e-05,2.902354e-06
0.0,2.1870206e-05,2.6463788e-14,3.3641265e-14,6.5871456e-05,8.9248584e-07
0.0,1.8633977e-05,1.9475397e-14,8.421282e-15,5.9316855e-05,3.7053442e-07
0.0,2.181226e-05,1.9444583e-14,2.8600787e-15,5.7295074e-05,1.3290727e-07
0.0,2.0747308e-05,6.527658e-15,7.947480400000001e-16,6.223198e-05,4.6115407e-08
0.0,1.730385e-05,5.7631313e-15,2.0199932000000003e-16,5.6614823e-05,1.8865634e-08
0.0,2.1870206e-05,5.7540134e-15,6.00064e-17,0.0087751895,6.4128565e-09
0.0,2.1870206e-05,2.8805257e-15,1.5674446e-17,0.8795084,1.0168625e-08
0.0,0.0011993261,6.239585e-16,3.3147887e-17,33.05725,2.6655844e-09
0.0,0.14555544,1.08036485e-16,1.0841462e-15,216.93329,7.0328263e-09
0.0,1.106707,2.27074e-17,3.3183113e-15,1129.7697,5.308366e-09
0.0,4.7573113,2.2671474000000002e-17,7.521027e-15,7608.189,1.9504722e-09
0.0,17.362495,8.979174e-18,2.6948694e-14,30827.688,5.3081446e-09
0.0,66.70957,7.032228e-18,1.0210065e-14,72496.27,3.1764312e-08
0.0,219.82327,5.6372173e-18,2.076805e-15,44495.77,4.204359e-08
0.0,2400.0269,4.976980299999999e-18,1.5557446e-15,17053.695,2.9701273e-08
0.0,7807.068,3.989677e-18,5.613381e-16,31647.688,4.2576367e-08
0.0,13440.911,3.5224013999999995e-18,1.4196172e-16,52176.82,3.4065156e-08
0.0,15176.349,8.4824895e-19,4.425439e-17,79395.17,3.282775e-08
0.0,22411.955,1.8404235e-19,4.1282857e-17,75234.2,2.2251742e-08
0.0,33223.41,1.3544159999999998e-19,1.14064e-17,50114.344,1.3218762e-08
1.2029548,30883.938,3.8708027e-20,1.4302148000000002e-17,28424.578,1.4699929e-08
33076.746,26441.201,6.332558e-35,3.557666e-17,14681.493,1.5507439e-08
71502.734,28806.824,5.4445047000000005e-31,2.7939038e-17,12917.92,1.0197383e-08
15026.333,35150.227,1.9538947e-29,3.85694e-17,12923.328,7.1835546e-09
20411.977,44861.99,3.169517e-17,8.489326e-17,12404.11,5.244873e-09
4657.7925,46193.684,1.7493015e-10,5.3710568e-17,19097.824,4.281495e-09
0.35812703,36657.75,6.8667795e-08,2.32515e-17,20966.469,4.287579e-09
0.3499505,34201.406,1.9327856e-06,2.4371146e-17,26436.682,3.413883e-09
0.33917707,37751.22,4.2544225e-06,9.536940000000001e-18,29186.176,2.819097e-09
0.3391685,44755.81,2.4968979e-06,4.563539000000001e-17,26489.303,2.5281963e-09
0.33916238,45134.805,2.1824292e-06,3.5633025e-17,21056.902,1.6830083e-09
0.33915704,44422.09,1.907566e-06,1.9274908e-17,15575.826,1.819291e-09
0.3391524,35871.496,1.6673199e-06,8.271784e-18,11497.5,1.4508216e-09
0.33914807,19840.807,1.6480465e-06,2.3592410000000002e-17,10706.568,8.4484075e-10
0.33914423,25744.56,1.3079152e-06,2.1385406e-17,13409.027,7.244699e-09
0.3391418,27824.39,6.4336945e-07,2.4020337e-17,11747.548,3.0514123e-08
0.33914065,29568.025,2.857075e-07,2.0722378e-17,10485.302,7.609148e-08
0.33914003,23795.11,1.9677324e-07,1.6078657000000002e-17,13825.578,4.0211876e-07
0.33913964,24414.066,1.0665705e-07,1.2422914399999998e-17,13606.227,3.129857e-07
0.33913943,20754.96,6.259622e-08,9.676430000000001e-18,12408.079,9.796618e-08
0.33913925,20326.52,6.187264e-08,1.3476690000000003e-17,8033.8154,4.5138947e-08
0.33913913,17555.125,3.8818317e-08,3.6934802e-17,4274.096,1.1183316e-05
0.33913907,10513.235,7.891468e-09,4.7920406e-17,4574.419,3.7060086e-06
0.33913907,12360.472,1.7292616e-09,4.8328795e-17,3576.678,1.32486e-06
0.33913907,7278.344,3.6603115e-10,6.716767e-17,2756.5007,5.648737e-07
0.33913907,10174.746,1.0500026e-10,5.92745e-17,1660.0184,2.8722258e-07
0.33913907,9914.517,2.0463124e-11,4.950185e-16,995.9133,8.791073e-07
0.33913907,9500.583,1.0065885e-11,3.5975704e-15,930.94727,8.346586e-05
0.33913907,8269.925,8.226501e-12,3.926181e-15,619.6567,3.9099228e-05
0.33913907,9785.8,1.6236412e-12,2.8167297e-15,671.77466,1.389048e-05
0.33913907,8453.018,1.500497e-12,1.5168634e-15,1163.084,4.868708e-06
0.33913907,7266.603,7.3809985e-13,6.103451e-16,1181.8868,1.6465101e-06
0.33913907,5144.2925,6.452914e-13,2.8953203e-16,476.53226,4.338493e-05
0.33913907,3411.9556,5.640209e-13,8.822454e-17,254.10477,7.380972e-05
0.33913907,1869.2168,5.575011e-13,8.934484e-17,125.227875,0.0038594077
0.33913907,2914.5847,5.5105665e-13,3.898089e-16,68.458244,0.005650073
0.33913907,853.35736,3.2341098e-13,7.196173e-16,74.19559,0.009103731
0.33913907,241.09647,3.196725e-13,5.501921e-16,72.89102,0.022298777
0.33913907,1144.9614,1.8138078e-13,4.0115573e-16,61.27393,0.003973469
0.33913907,286.78436,1.09995245e-13,2.2447217000000003e-16,62.05796,0.00073433004
0.33913907,1029.1667,8.8123234e-14,6.2398224e-17,41.350605,1.201091e-07
0.33913907,1756.2646,1.653333e-14,2.317343e-17,22.414942,1.0368569e-08
0.33913907,908.6908,2.930651e-15,8.235721e-18,12.131965,2.7938407e-09
0.2891377,753.6355,5.871626e-14,2.7112679e-18,8.592073,8.2188256e-10
0.28139222,156.0403,1.1969036e-13,1.7921658e-18,4.6062794,3.1002664e-08
0.28139222,983.7386,7.511159e-14,8.883366999999999e-19,1.2403078,9.8707645e-08
0.28139222,7.2528715,7.42621e-14,4.4779417e-19,0.7725141,3.711624e-08
0.28139222,2.9961567,4.6603123e-14,1.5390532e-19,0.6230493,8.5707924e-10
0.268026,28.58021,1.8370584e-14,6.830032999999999e-20,0.53270674,1.3706792e-09
0.26689637,1029.7174,1.804724e-14,2.283311e-20,0.4791762,1.9504003e-09
0.26689637,598.1126,1.577751e-14,9.360887e-21,0.45912716,4.4189528e-09
0.26689637,1094.7228,9.900676e-15,4.210413e-21,0.439611,5.3943525e-09
0.2614467,624.4495,1.1963341e-14,2.145483e-21,0.41403484,1.7414151e-09
0.2597481,91.64679,6.8259937e-15,1.2009227e-21,0.4014721,4.8395804e-10
0.2597481,0.3731189,4.0719063e-15,6.572572e-22,0.41047266,2.330273e-10
0.2597481,40.429707,3.1610054e-15,2.7746184000000005e-22,0.41927883,4.1465548e-10
0.2597481,0.39017272,3.124618e-15,2.3820507000000003e-22,0.42075437,1.0397643e-09
0.2597481,0.41484243,2.7312245e-15,1.4086771000000002e-22,0.38118222,9.515322e-10
0.26351115,348.97318,1.2774733e-15,4.3995520000000004e-23,0.30757153,1.17534135e-07
0.27760223,243.43355,8.540608e-16,4.066784500000001e-22,0.23952274,0.0025255142
0.30833873,137.36511,6.942626700000001e-16,5.335838e-22,0.19752713,0.00779679
0.34481224,115.31716,9.162637e-16,2.181025e-22,0.16437475,0.002818889
0.37554234,442.4417,2.2430214e-15,1.2248767000000002e-22,0.14172535,0.0021649047
0.37554234,26.271055,1.9588255e-15,8.189143e-21,0.13630585,0.0085842125
0.37554234,0.3912382,1.9345025e-15,1.5411597e-19,0.12637222,0.013181186
0.37554234,87.01575,1.9104818e-15,1.6170819e-19,0.10507236,0.017002758
0.37554234,38.93179,1.136112e-15,4.133348e-20,0.11589704,0.014699416
0.37554234,23.216211,1.1220047e-15,2.9776746e-18,0.11642994,0.020570707
0.37554234,0.33523613,4.748010400000002e-16,1.8253192e-16,0.10328962,0.006034842
0.37554234,18.5493,4.6890537e-16,5.8099234e-17,0.082282245,0.021310637
0.37554234,0.30047125,4.09494e-16,2.1284047e-16,0.08395325,0.007816942
0.37554234,0.24948405,4.0440926e-16,4.441273e-14,0.094894625,0.021576934
0.37554234,0.22669463,1.4460831e-16,2.855809e-13,0.09458914,0.0062996084
0.4199339,0.2132933,2.5998893e-16,2.0330147e-13,0.0635891,0.01991244
0.4278187,0.20871663,7.389385700000001e-16,2.4517675e-14,0.041091833,0.007524747
0.4278187,0.19629745,7.294645e-16,1.30291955e-14,0.03360258,0.018307056
0.4278187,0.13982098,5.307891e-16,1.4747753e-11,0.030575361,0.011937679
0.4278187,38.59902,4.899056e-16,1.6109022e-10,0.04100752,0.021940134
0.4278187,0.031207396,1.5600597e-16,7.956086e-11,0.07385587,0.0055117873
0.404056,53.58181,5.7715045e-17,1.713263e-11,0.0432391,0.010365931
0.026977342,30.8559,2.3113745e-16,5.083597e-12,0.057644006,0.014301746
0.011877527,20.036627,8.889548e-14,0.00030100165,0.043062054,0.015657393
1.6970494e-05,29.497957,0.002376542,6.498282e-05,0.021329114,0.015919548
6.340687e-08,19.353691,0.0019725233,3.2411695e-05,0.014263754,0.015547117
6.1402915e-08,0.011641066,0.0031852226,1.0620786e-05,0.009291247,0.019434916
5.9581616e-08,1.8380308,0.0022242416,2.3385587e-06,0.004615616,0.007436022
5.7753194e-08,0.6365663,0.00419226,5.2938327e-07,0.0038678388,0.019451322
5.543289e-08,0.2772813,0.0029249215,1.1769241e-07,0.0033289883,0.010658611
5.3499615e-08,0.070236064,0.0016123268,1.6472283e-08,0.0039271014,0.018213348
5.27537e-08,0.07253749,0.0014926975,3.759992e-09,0.0020127345,0.016013512
5.196533e-08,0.13522875,0.0013385772,4.5067208e-10,0.00049902214,0.0110136075
5.1433474e-08,0.020834861,0.0013364045,3.1551495e-10,0.00018813557,0.021256002
4.5701686e-08,0.00087105593,0.0087318355,0.0075228093,8.603724e-05,0.007241614
4.2735387e-08,0.00017777148,0.008717666,0.010777964,6.400123e-05,0.01281356
4.00474e-08,0.007933256,0.007054479,0.004671979,6.571702e-05,0.0118361255
3.7964636e-08,0.016929993,0.006645558,0.0052800863,5.4467946e-05,0.028316434
3.4952812e-08,0.012797801,0.004748364,0.0048205643,5.3002957e-05,0.005396619
3.3270375e-08,0.0031657375,0.0022598254,0.008431446,4.1926407e-05,0.01591348
3.2543042e-08,0.0001261779,0.001677114,0.009637576,5.001193e-05,0.019862967
3.0504157e-08,0.0017651625,0.00092301896,0.01781203,3.518237e-05,0.018187316
2.867471e-08,0.0018130257,0.007175553,0.015905892,2.929183e-05,0.023670265
2.7136194e-08,9.4375995e-05,0.0071639125,0.011534491,3.7609156e-05,0.011744333
2.5675586e-08,8.7414024e-05,0.0073147006,0.012667272,2.6556498e-05,0.026510995
2.427011e-08,8.0962294e-05,0.0057069296,0.01653925,2.3669514e-05,0.013781178
2.3202844e-08,8.087664e-05,0.004212717,0.011082267,2.1960961e-05,0.02008718
2.2463647e-08,0.00023234184,0.0042058835,0.027657883,1.7950875e-05,0.017804366
2.1690795e-08,0.001580554,0.0039462857,0.010297533,1.6113177e-05,0.016348312
2.081249e-08,0.0017825621,0.0023153524,0.009831352,1.6098023e-05,0.01750152
2.0252605e-08,0.0013346624,0.004562259,0.016711742,1.574509e-05,0.022903098
1.944471e-08,0.00021857198,0.0036579713,0.017411545,1.4840812e-05,0.009113698
1.8583389e-08,4.2203985e-05,0.0016986743,0.00872463,1.3642003e-05,0.02054871
1.8098165e-08,3.9483017e-05,0.001072045,0.009084481,1.2159881e-05,0.007972714
1.7915658e-08,3.772502e-05,0.0011729823,0.0060502975,8.14946e-06,0.016816784
1.7425728e-08,0.00010920775,0.0007310748,0.01703006,8.303564e-06,0.022918874
1.6688597e-08,0.00037340936,0.0039661573,0.018716523,5.9766076e-06,0.008776355
1.5325242e-08,2.757309e-05,0.0013710369,0.014635073,6.497295e-06,0.021449238
1.5164606e-08,3.0293659e-05,0.0013688129,0.010388366,6.550627e-06,0.015748935
1.4234088e-08,3.2170705e-05,0.0005069629,0.010676025,4.5208044e-06,0.014457522
1.3398083e-08,3.2162872e-05,0.00040812435,0.01019,4.806554e-06,0.025722044
1.29012125e-08,2.4954654e-05,0.0009949468,0.012772504,4.6312543e-06,0.0057719694
1.2602211e-08,2.2589316e-05,0.0025181917,0.013036521,2.847546e-06,0.016649147
1.23160975e-08,2.4295452e-05,0.001991213,0.018128855,2.9713246e-06,0.022215063
1.2129055e-08,1.563241e-05,0.0019879828,0.024829764,1.9223955e-06,0.028052079
1.1695142e-08,1.3369106e-05,0.0021607147,0.01511111,3.0665296e-06,0.011509399
1.1454488e-08,2.1237765e-05,0.0016430317,0.023091355,2.3497037e-06,0.033462834
1.1008841e-08,1.1412051e-05,0.0007342673,0.012061799,2.4198177e-06,0.0090757655
1.0946891e-08,1.2177137e-05,0.0007330761,0.01924126,1.9772936e-06,0.026560426
1.0863098e-08,1.3103617e-05,0.00074162055,0.011859336,1.5236898e-06,0.00818598
1.0779279e-08,1.5602795e-05,0.0006613949,0.0138657,1.174791e-06,0.01971723
1.05614895e-08,1.249089e-05,0.00051420415,0.018809317,9.44413e-07,0.01746199
1.0403912e-08,6.5203785e-06,0.0020312923,0.015747353,1.0573636e-06,0.022575589
1.0242754e-08,5.996726e-06,0.0020279966,0.015532632,1.4685452e-06,0.014194744
1.0125495e-08,5.518299e-06,0.0010677476,0.011831035,1.4133784e-06,0.018501854
1.0067173e-08,8.774667e-06,0.00050427095,0.008957456,9.45946e-07,0.010303384
1.0030527e-08,4.9447376e-06,0.0004452057,0.010561784,9.346633e-07,0.016543884
1.0002048e-08,8.219921e-06,0.00030317597,0.0064492202,7.095887e-07,0.016853929
9.994253e-09,1.1207924e-05,6.0415943e-05,0.006276406,4.9174196e-07,0.010548161
9.989614e-09,6.7239284e-06,6.031792e-05,0.008376375,5.337159e-07,0.035767343
9.984984e-09,3.610029e-06,6.0220063e-05,0.011002921,5.4765746e-07,0.007920117
9.980364e-09,4.5319766e-06,6.012236e-05,0.0038540207,4.6707183e-07,0.004250302
9.9771205e-09,7.0592246e-06,2.8346916e-05,0.005800532,3.636408e-07,0.008657837
9.975076e-09,2.9832509e-06,2.5025927e-05,0.0029698648,5.027905e-07,0.0076765125
9.973782e-09,2.8428265e-06,1.0717272e-05,0.0022130362,7.311419e-07,0.0057390523
9.973249e-09,3.0277024e-06,4.1902526e-06,0.0018354465,5.642134e-07,0.01125489
9.9730375e-09,6.837909e-06,1.7063604e-06,0.0036378666,4.4475232e-07,0.030140782
9.9729505e-09,6.2943172e-06,7.013776e-07,0.0021524269,3.7521897e-07,0.0048753796
9.972901e-09,2.252873e-06,6.039738e-07,0.0016880502,4.713635e-07,0.0040334677
9.972872e-09,2.1250232e-06,2.0654706e-07,0.0020753236,3.4995358e-07,0.005541046
9.972856e-09,5.004787e-06,2.0621195e-07,0.0014311475,2.6956906e-07,0.0074842144
9.972841e-09,5.7239454e-06,1.8205284e-07,0.0015115058,2.5665125e-07,0.0069039366
9.972829e-09,1.8110513e-06,1.6072413e-07,0.0008243398,3.6438627e-07,0.00897754
9.972818e-09,1.716672e-06,1.0587616e-07,0.002577761,3.3516756e-07,0.013853067
9.972811e-09,2.993075e-06,9.536915e-08,0.0010669602,2.578351e-07,0.016351676
9.972806e-09,1.5242682e-06,4.2286644e-08,0.0015066458,4.1134854e-07,0.007338981
9.972804e-09,2.6005573e-06,1.507209e-08,0.0017281042,3.1059153e-07,0.008181544
9.972803e-09,1.381587e-06,4.600117e-09,0.0009292507,2.761864e-07,0.009169393
9.972802e-09,1.3203168e-06,4.592654e-09,0.0029583587,3.8715552e-07,0.007721549
9.972802e-09,2.6084604e-06,2.2162876e-09,0.0012118593,4.2056416e-07,0.011786912
9.972802e-09,1.1969994e-06,9.813301e-10,0.0024373734,5.208273e-07,0.007989358
9.972802e-09,1.736427e-06,7.8662804e-10,0.00046531728,7.548841e-07,0.0027513888
9.972802e-09,1.1017435e-06,6.944693e-10,0.0012832615,6.986229e-07,0.0021635317
9.972802e-09,2.7527647e-06,6.1310756e-10,0.00084980787,5.299264e-07,0.0028017538
9.972802e-09,1.0089136e-06,5.412779e-10,0.0022203047,5.931965e-07,0.0012038498
9.972802e-09,9.731017e-07,5.403997e-10,0.0005867063,5.8740295e-07,0.00052492594
9.972802e-09,2.7684682e-06,2.9019392e-10,0.0006415006,4.6211784e-07,0.0008768478
9.972802e-09,2.3347968e-06,1.5815822e-10,0.0013168671,3.5759163e-07,0.002500191
9.972802e-09,8.507185e-07,1.2053684e-10,0.0011186987,4.3710637e-07,0.0014278617
9.972802e-09,8.215793e-07,1.0641515e-10,0.00091254275,2.753201e-07,0.00058804906
9.972802e-09,7.960744e-07,1.06242494e-10,0.00061598705,2.4543394e-07,0.00039634644
9.972802e-09,7.6737797e-07,2.3042582e-11,0.0013737594,4.1697504e-07,0.00050038414
9.972802e-09,7.3802687e-07,5.92468e-12,0.00074846845,4.075658e-07,0.0010603182
9.972802e-09,7.0840724e-07,2.3655947e-12,0.0015648573,3.7471918e-07,0.0013218494
9.972802e-09,1.0838022e-06,2.3617566e-12,0.00045279085,2.896407e-07,0.0010053838
9.972802e-09,1.9688782e-06,7.9282376e-13,0.00034247304,3.4141223e-07,0.0009741396
9.972802e-09,6.353985e-07,4.699793e-13,0.00053650583,3.1657564e-07,0.0008975589
9.972802e-09,6.1411635e-07,4.1491807e-13,0.00095105835,3.5143304e-07,0.0009066054
9.972802e-09,1.4980941e-06,3.6630762e-13,0.00031857088,2.2443893e-07,0.0004957178
9.972802e-09,1.9804315e-06,2.8771682e-13,0.00013366168,1.6180665e-07,0.00032985417
9.972802e-09,5.632647e-07,2.6027062e-13,8.44674e-05,2.6302678e-07,0.00020710907
9.972802e-09,1.8941881e-06,2.5984835e-13,2.2136592e-05,2.3384135e-07,0.00011054291
9.972802e-09,1.3856376e-06,2.5942676e-13,6.1809797e-06,2.2493761e-07,4.3754295e-05
9.972802e-09,5.265789e-07,2.5900584e-13,1.7010898e-06,2.5836232e-07,2.0910169e-05
4.467011e-09,5.142066e-07,0.0007687687,4.519875e-07,2.4802333e-07,2.1882752e-05
7.5955197e-16,1.2139291e-06,0.0013902278,1.7483822e-07,2.2538875e-07,2.5676422e-05
7.502347600000001e-16,4.892389e-07,0.0012245525,7.653891e-08,2.3217528e-07,2.3340266e-05
7.285731e-16,4.787022e-07,0.00056516315,4.751752e-08,2.5446255e-07,2.2346303e-05
7.239379e-16,4.6821458e-07,0.0004977913,4.128564e-08,4.1922502e-07,1.6234862e-05
7.211736e-16,4.5898233e-07,0.0004969813,4.880767e-08,3.66319e-07,1.6677417e-05
7.184243e-16,1.2876917e-06,0.0004961727,2.452055e-08,3.081752e-07,1.7397258e-05
7.156899500000001e-16,1.5591071e-06,0.00049536536,1.3015136e-08,2.1674286e-07,1.3904758e-05
7.1297045e-16,5.7847797e-07,0.00049455935,7.485154e-08,2.2976627e-07,3.1585034e-05
7.087813400000001e-16,4.1517674e-07,0.00043561368,1.2674887e-07,2.8878299e-07,3.2493608e-05
7.0491405e-16,4.0462893e-07,0.00038370097,1.1792487e-07,3.1363354e-07,2.593916e-05
7.013280300000002e-16,3.9299314e-07,0.0003379823,1.2611414e-07,1.5593939e-07,3.2564112e-05
6.856359500000002e-16,2.101407e-06,0.00016476525,6.3716236e-08,1.9040377e-07,2.5848383e-05
6.832244e-16,6.869528e-07,0.00014514719,4.0736456e-08,2.6023935e-07,1.7133245e-05
6.824627e-16,3.6519137e-07,0.00014491101,3.930006e-08,2.745879e-07,1.854091e-05
6.817031e-16,1.349816e-06,0.00014467521,2.5597348e-08,1.0059601e-07,2.9519631e-05
6.670937e-16,2.1142487e-06,7.053416e-05,1.6410555e-08,1.2606696e-07,2.994093e-05
6.506481500000002e-16,1.8533151e-06,3.1568008e-05,2.9351085e-08,1.3293906e-07,2.944242e-05
5.890941e-16,3.4332828e-07,5.8399296e-06,4.661228e-08,1.8780129e-07,3.255771e-05
5.771425e-16,8.57114e-07,2.9257565e-06,1.969466e-08,1.9346906e-07,1.924874e-05
5.771295e-16,1.189277e-06,2.920994e-06,2.1445738e-08,1.5515502e-07,2.3974735e-05
5.543857e-16,3.0810668e-07,1.0393851e-06,9.884001e-09,1.9352575e-07,1.5279866e-05
5.502287e-16,3.02352e-07,7.5736705e-07,1.5803705e-08,2.2650453e-07,1.65981e-05
5.445672e-16,2.970316e-07,5.0726055e-07,8.272576e-09,2.626749e-07,1.5670761e-05
5.367489500000001e-16,9.3672713e-07,3.056992e-07,2.6654275e-08,2.201168e-07,1.5602496e-05
5.198673700000001e-16,1.1652643e-06,1.3915206e-07,2.9062582e-08,1.4808354e-07,1.9881532e-05
5.198668e-16,1.2884664e-06,1.3892551e-07,2.6749056e-08,1.762054e-07,1.8830528e-05
5.084282400000001e-16,5.1871234e-07,7.7493944e-08,2.3254888e-08,1.2952458e-07,1.6996228e-05
5.05527e-16,1.29387e-06,6.142134e-08,1.0554989e-08,1.6328792e-07,1.1816735e-05
5.055268e-16,9.914828e-07,6.132134e-08,6.839073e-09,1.545361e-07,1.7342365e-05
5.055265e-16,1.0290544e-06,6.122149e-08,1.732308e-08,1.3487669e-07,1.91927e-05
5.055263e-16,1.1943697e-06,6.112181e-08,1.8762334e-08,1.1999646e-07,2.2120515e-05
5.055260400000001e-16,1.1578173e-06,6.102229e-08,2.6024708e-08,1.2976305e-07,2.2462884e-05
5.004477600000001e-16,1.1218968e-06,4.343482e-08,2.8436508e-08,9.7139356e-08,1.9733761e-05
4.890776700000001e-16,2.41941e-07,2.9521875e-08,4.3069704e-08,1.3498962e-07,1.7742072e-05
4.8907756e-16,9.0508803e-07,2.9473803e-08,1.3446383e-08,1.070233e-07,1.3297975e-05
4.8907746e-16,8.8395495e-07,2.9425811e-08,1.233539e-08,1.1250148e-07,1.4887643e-05
4.8907735e-16,9.525983e-07,2.9377896e-08,8.1698195e-09,1.06066246e-07,1.543379e-05
4.890772500000002e-16,6.209682e-07,2.933006e-08,1.6829153e-08,9.619976e-08,1.6564603e-05
4.7778074e-16,4.5969958e-07,1.6289722e-08,1.7938278e-08,9.2000384e-08,1.9040654e-05
4.777807e-16,9.606003e-07,1.6263195e-08,6.092956e-09,6.819225e-08,1.5977865e-05
4.7778063e-16,9.180009e-07,1.6236712e-08,3.4584124e-09,7.232703e-08,1.1392119e-05
4.777806e-16,7.297472e-07,1.6210272e-08,2.509563e-09,7.577603e-08,1.7308672e-05
4.710891e-16,2.0912613e-07,1.068634e-08,2.3883115e-09,7.8189835e-08,1.8251061e-05
4.6449026e-16,4.6054416e-07,7.286768e-09,2.0094058e-09,9.1430536e-08,1.1082815e-05
4.445405e-16,2.0407609e-07,5.7378604e-09,1.3399761e-09,8.195603e-08,1.3835481e-05
4.3221238e-16,4.451657e-07,4.526903e-09,4.526339e-10,1.121654e-07,1.27689245e-05
4.2715355000000005e-16,5.3877403e-07,3.6200574e-09,5.2908047e-09,7.478664e-08,1.891076e-05
4.2715355000000005e-16,5.5312444e-07,3.6141612e-09,6.7589587e-09,1.0804616e-07,1.6538752e-05
4.2715353000000005e-16,3.666812e-07,3.6082743e-09,3.1782872e-09,9.782542e-08,1.8669223e-05
4.2614333000000005e-16,1.8632377e-07,3.3485756e-09,6.9087527e-09,9.4762925e-08,2.5280908e-05
4.261433e-16,1.8255187e-07,3.3431213e-09,1.0952134e-08,1.2813925e-07,2.0981346e-05
4.261433e-16,1.7878902e-07,3.3376761e-09,2.0253841e-08,1.1165695e-07,2.2571729e-05
4.1820685e-16,1.749082e-07,3.4713639e-09,1.8155779e-08,1.3815604e-07,2.181433e-05
4.1820682e-16,1.7115022e-07,3.4657095e-09,1.3754392e-08,1.4268934e-07,2.018305e-05
4.1820682e-16,1.6817417e-07,3.4600642e-09,1.0393098e-08,1.4235269e-07,1.6051925e-05
4.182068e-16,2.7711735e-07,3.4544283e-09,1.7213411e-08,1.230359e-07,1.6032785e-05
4.182068e-16,1.6248605e-07,3.4488015e-09,8.929226e-09,1.1490101e-07,1.4303839e-05
4.1721592000000005e-16,1.5901314e-07,3.518883e-09,4.956826e-09,1.3475997e-07,1.6033791e-05
4.1676139e-16,1.5500761e-07,3.639116e-09,9.535914e-09,1.1937678e-07,2.1413822e-05
4.0470453e-16,1.520298e-07,1.36804195e-08,5.030364e-09,1.1870883e-07,1.5622756e-05
4.0247043e-16,2.0102128e-07,1.3384004e-08,1.6905405e-08,1.04134934e-07,2.1350937e-05
3.971242e-16,6.042422e-07,1.6955607e-08,2.5752936e-08,8.234059e-08,2.6770565e-05
3.9712414e-16,5.2523677e-07,1.6927984e-08,2.4293639e-08,7.5896246e-08,2.2979866e-05
3.9489483e-16,6.2938216e-07,1.9545906e-08,2.5295506e-08,6.6375875e-08,2.0215597e-05
3.8553668000000005e-16,1.3343484e-07,4.8592504e-08,5.8704146e-08,7.592495e-08,2.2430166e-05
3.8052807e-16,1.2764318e-07,6.458731e-08,3.12426e-07,9.6910036e-08,3.9171147e-05
3.770062e-16,1.2319899e-07,7.324967e-08,5.798293e-07,1.1141591e-07,4.0918705e-05
3.7652134e-16,1.1868302e-07,7.2916336e-08,8.1638774e-07,8.06126e-08,4.1903088e-05
3.652216e-16,1.1492699e-07,1.7011006e-07,1.2982788e-06,8.940446e-08,3.2197022e-05
3.6522113e-16,4.1805396e-07,1.6983287e-07,1.2934797e-06,7.2112734e-08,3.882622e-05
3.6435313e-16,2.006236e-07,1.6774548e-07,1.6993802e-06,6.935376e-08,4.988791e-05
3.6348704e-16,1.0130608e-07,1.7113499e-07,3.2068815e-06,8.566221e-08,4.7824647e-05
3.6348656e-16,3.2964587e-07,1.7085613e-07,3.532896e-06,6.315454e-08,5.4787295e-05
3.634861e-16,9.209731e-08,1.508381e-07,5.4578504e-06,5.7847267e-08,5.3489402e-05
3.6348585e-16,8.8219984e-08,5.0153307e-08,4.8822444e-06,7.728513e-08,5.6192745e-05
3.6348574e-16,8.4654296e-08,3.4855955e-08,3.906062e-06,8.6801194e-08,4.941363e-05
3.6348563e-16,8.084095e-08,3.4799154e-08,1.0534509e-05,9.010195e-08,5.6932444e-05
3.6348555e-16,9.257939e-08,2.5608399e-08,3.0344485e-05,7.0965584e-08,6.660968e-05
3.6348553e-16,7.373973e-08,5.7215734e-09,6.66892e-05,7.089216e-08,6.657181e-05
3.6348553e-16,2.393946e-07,1.0998368e-09,0.000446821,5.2641816e-08,0.00011587764
3.634855e-16,1.2864315e-07,3.345026e-10,0.0055568162,4.137146e-08,0.0005960721
3.634855e-16,6.0169576e-08,2.4615757e-10,0.006939836,4.902773e-08,0.0012692544
3.634855e-16,5.625465e-08,2.4575647e-10,0.012048217,4.6406058e-08,0.0021072854
3.634855e-16,2.8432038e-07,8.193451e-11,0.008212614,3.4293116e-08,0.0013273053
3.634855e-16,4.844205e-08,1.7256122e-11,0.0132742375,2.8455862e-08,0.0023940168
3.634855e-16,1.4958117e-07,1.6243099e-11,0.010558563,2.508279e-08,0.0018750646
3.634855e-16,4.14825e-08,8.717905e-12,0.014272136,3.1627568e-08,0.0026647232
3.634855e-16,5.985214e-07,3.63093e-12,0.01959928,4.5933884e-08,0.004760773
3.634855e-16,3.439449e-08,7.947986e-13,0.011811242,5.6007536e-08,0.010123872
3.634855e-16,1.9165205e-07,3.097075e-13,0.027782934,3.1664047e-08,0.0036812813
3.634855e-16,2.7025155e-08,5.7338025e-14,0.0110176625,4.989921e-08,0.0054361797
3.1855567000000003e-16,1.5734405e-07,1.0574542e-05,0.008417376,5.532719e-08,0.009240417
1.0819599e-19,2.321483e-08,5.6975725e-05,0.024984956,3.432696e-08,0.007861623
1.07540776e-19,1.2354779e-07,4.3479948e-05,0.016564716,2.8363546e-08,0.0057150284
1.0604845e-19,1.8612846e-08,2.8285145e-05,0.013122,2.4301412e-08,0.006306493
1.0538374e-19,1.711123e-08,2.2919616e-05,0.03924042,2.3098398e-08,0.02328218
8.486218e-20,9.303585e-08,9.443796e-05,0.012824037,1.3617813e-08,0.02208223
6.559362e-20,1.284482e-08,0.0001442957,0.028447611,1.2195934e-08,0.026216757
6.091004e-20,6.4477135e-08,7.123632e-05,0.011841132,9.085204e-09,0.018524867
6.08767e-20,2.6960793e-08,7.111944e-05,0.021911927,6.94769e-09,0.045791548
6.045777999999999e-20,1.9082654e-08,5.6572982e-05,0.025530217,5.2517306e-09,0.025608782
5.3860156e-20,8.049088e-09,8.707149e-05,0.02396442,1.4491784e-08,0.031384334
5.164238e-20,7.115147e-09,5.9887676e-05,0.024150144,1.2055914e-08,0.010658633
4.8499357e-20,8.322851e-08,7.2418596e-05,0.027427638,8.818119e-09,0.032520007
4.6050153e-20,5.2996874e-09,8.396244e-05,0.011653418,8.735686e-09,0.015669022
4.2684284e-20,4.906069e-09,0.00012798795,0.015368785,6.3088503e-09,0.016636945
4.2487806e-20,4.863666e-08,0.00011256728,0.043474022,3.683786e-09,0.06231511
4.1975206e-20,4.915156e-08,9.5593125e-05,0.0063122273,3.0168175e-09,0.038521018
4.156904e-20,8.592348e-08,9.114461e-05,0.016038328,2.7790181e-09,0.025930712
4.0600975e-20,1.6403725e-07,0.00017683761,0.02360737,1.5468904e-09,0.027542857
4.0454677e-20,7.1556094e-08,0.00027257245,0.0066769053,1.6367824e-09,0.010340746
3.9635912999999997e-20,2.2383269e-09,0.00017872089,0.032425042,1.2898849e-09,0.04593394
3.8701367e-20,1.9002526e-09,0.00015173607,0.017541988,8.912167e-10,0.013730268
3.821519e-20,1.7219267e-09,0.00017747714,0.03965417,5.639152e-10,0.04564649
3.789025e-20,1.4083583e-09,0.00077145535,0.008280854,4.7251564e-10,0.011861372
3.1744059999999997e-20,1.3218421e-09,0.0009671621,0.013088378,3.777213e-10,0.04642168
3.0163852e-20,5.768468e-08,0.0018428987,0.027310763,2.4320826e-10,0.014157428
2.9523818e-20,7.5968366e-08,0.0013781182,0.009379648,2.3228508e-10,0.024232797
2.8023315e-20,1.4396664e-08,0.016982758,0.021805737,1.7317593e-10,0.017195504
2.3625577e-20,8.1926965e-10,0.013573588,0.012744181,1.453901e-10,0.020281037
2.0943399999999998e-20,7.562032e-10,0.0039175064,0.021617532,1.1599063e-10,0.026347313
1.9328542e-20,6.4301936e-08,0.009324817,0.022084445,8.1217956e-11,0.014266695
1.7325072e-20,2.9160853e-08,0.003256944,0.009689921,7.759149e-11,0.031062981
1.6262639e-20,5.400018e-10,0.0152114285,0.03163305,6.4046754e-11,0.023004733
1.4628873e-20,4.617446e-10,0.010114577,0.016817579,4.7493443e-11,0.03415946
1.3514026e-20,4.2277526e-10,0.004746862,0.014887317,3.286247e-11,0.007369367
1.2916116e-20,3.9069925e-10,0.0032663897,0.0065700375,2.760823e-11,0.0054053403
1.2584634e-20,3.6490813e-10,0.0028842993,0.008466523,2.1694048e-11,0.02185694
1.23087416e-20,3.462411e-10,0.0028795605,0.0065961243,1.7499691e-11,0.017022263
1.2009356e-20,3.1733605e-10,0.002542665,0.009241418,1.4203622e-11,0.016477162
1.1307649e-20,3.1176145e-10,0.00085355435,0.0072730114,1.1012534e-11,0.022530815
1.12113685e-20,2.749683e-10,0.00076040975,0.01337787,7.658225e-12,0.007866297
1.09544e-20,2.5569177e-10,0.0005890815,0.0047769523,8.894314e-12,0.0063839084
1.08582295e-20,2.578175e-10,0.0013728235,0.0062256833,6.8148234e-12,0.00923277
1.0704816e-20,2.3803923e-10,0.0013199578,0.0039574094,5.5279713e-12,0.010424529
1.0577905e-20,2.4037544e-10,0.0011677701,0.0034831285,3.793835e-12,0.023934318
1.0483396e-20,5.1252464e-08,0.0011658514,0.0026929856,3.2852508e-12,0.009790135
1.0370659e-20,1.3461853e-07,0.001043886,0.004034148,2.877552e-12,0.016323501
9.970955e-21,9.112243e-08,0.0030316657,0.00252183,2.554868e-12,0.009972645
9.1641765e-21,4.975085e-09,0.0009788903,0.010512978,2.2220864e-12,0.023329884
8.864200999999999e-21,1.01224316e-07,0.0009831429,0.011904458,1.8569185e-12,0.007334925
8.744108e-21,4.636254e-08,0.0020212599,0.005042711,1.8162601e-12,0.010005456
8.609326e-21,1.3169903e-10,0.0020179385,0.00460481,1.5409313e-12,0.0063799373
8.434632e-21,1.1946831e-07,0.0014912342,0.00260312,1.1413766e-12,0.014475598
8.338517999999999e-21,4.4714654e-09,0.0014887836,0.0066013457,1.0835082e-12,0.016435336
8.229594e-21,1.0855144e-10,0.0013269271,0.004979523,9.003867e-13,0.011354727
8.1460965e-21,1.02047606e-10,0.0013247466,0.0040650964,6.887492e-13,0.022211622
8.06358e-21,9.5599376e-11,0.0013225697,0.0022049893,3.9800143e-13,0.0059892843
7.952384e-21,9.1139346e-11,0.0010742154,0.0041369493,2.960503e-13,0.010328678
7.872069500000001e-21,8.4337475e-11,0.0009736676,0.0033156404,4.0379177e-13,0.020817097
7.732646e-21,7.915472e-11,0.0029847336,0.0055715125,2.186118e-13,0.00706102
7.5572885e-21,7.3962565e-11,0.0029798287,0.004215421,2.861156e-13,0.020166457
7.318691e-21,6.9581244e-11,0.0017826479,0.006714999,2.4215544e-13,0.009354561
7.194879e-21,6.515631e-11,0.0014413175,0.004573846,1.954023e-13,0.017687673
7.002648e-21,6.089716e-11,0.0009722579,0.0107332,1.4369665e-13,0.02414395
6.950518e-21,5.7032715e-11,0.0009706602,0.0054161996,1.3019196e-13,0.006107206
6.885475e-21,5.4567906e-11,0.0009701589,0.0028263917,9.9788043e-14,0.009598371
6.8070575e-21,5.0420494e-11,0.00078414,0.002389543,8.935357e-14,0.014097947
6.474028e-21,4.7190675e-11,0.00034931893,0.0036810301,8.091168e-14,0.022484671
6.456671e-21,4.753487e-11,0.00034874486,0.0017689125,6.637025e-14,0.0096839005
6.425082e-21,4.1756043e-11,0.00033161478,0.0046674116,5.683003e-14,0.012681975
6.408728e-21,4.5691968e-11,0.00033106978,0.0020543565,3.8346608e-14,0.018578215
6.378189e-21,4.0048895e-11,0.0003444902,0.0033597364,4.1067074e-14,0.011032482
6.2896192e-21,3.4685952e-11,0.0017998139,0.0020776782,3.7351222e-14,0.023918472
6.1935084e-21,3.284734e-11,0.0016386893,0.0030580303,3.1955883e-14,0.0054033864
6.021268600000001e-21,3.1324346e-11,0.0030232149,0.0008712482,2.9199753e-14,0.0054977704
5.8829804e-21,2.98902e-11,0.003018246,0.0024947615,2.6991376e-14,0.004618149
5.6302905e-21,2.777087e-11,0.0078058173,0.0015630176,2.6311063e-14,0.014138821
5.305355500000001e-21,2.682544e-11,0.0059832693,0.0021014428,2.222684e-14,0.008742425
5.0040966e-21,3.2584286e-11,0.0027042697,0.0005005225,1.476841e-14,0.0069981767
4.854292e-21,2.9959226e-11,0.0017878572,0.0012150779,1.479825e-14,0.0076558753
4.7323815e-21,2.6944934e-11,0.0039679017,0.0015421608,1.4863929e-14,0.016022652
4.587501700000001e-21,2.4300686e-11,0.003624433,0.0014000805,1.2170164e-14,0.005198787
4.3507325000000004e-21,2.129114e-11,0.0014088135,0.001806097,1.2342491e-14,0.0047133635
4.3038805e-21,1.9346271e-11,0.0014064978,0.0009905825,6.9772992e-15,0.010922937
4.242068500000001e-21,2.5714308e-09,0.0011477072,0.0030604561,1.0823586e-14,0.010787106
4.1969937000000004e-21,1.737308e-11,0.0010757495,0.0011703024,1.0784412e-14,0.015397923
4.162438e-21,1.6381275e-11,0.0010739812,0.0035774894,1.0038254e-14,0.010022362
4.1204055e-21,2.4876639e-11,0.000953151,0.0014439677,7.111259e-15,0.018615656
4.0739558e-21,4.1163295e-11,0.0007873156,0.0015674278,6.0807017e-15,0.007484821
4.041564e-21,1.3926056e-11,0.0007721229,0.0019293516,6.839681e-15,0.009973159
3.9894384e-21,1.3271711e-11,0.00067307346,0.00085625704,8.57534e-15,0.008958049
3.9606195e-21,1.2528153e-11,0.001113967,0.004592713,7.052255e-15,0.016775308
3.8619677e-21,1.188312e-11,0.0017706442,0.0016472132,6.534026e-15,0.007962628
3.796947e-21,1.1397162e-11,0.0014267932,0.006094426,1.0125635e-14,0.00504911
3.703672e-21,1.0887364e-11,0.0008672991,0.0027014054,1.0506882e-14,0.0016551963
3.6164813e-21,1.0362675e-11,0.00096814515,0.00130209,8.227799e-15,0.0028974332
3.3377992000000007e-21,4.6683372e-11,0.004196087,0.0016544962,5.828896e-15,0.0014459798
3.1520133e-21,9.479387e-12,0.0015744446,0.0010510792,7.567696e-15,0.0009085123
3.108911e-21,8.891486e-12,0.0013941984,0.0088327825,1.8635133e-09,0.010184733
2.9173113e-21,8.323118e-12,0.0007252526,0.007114794,1.0357453e-08,0.01525548
2.4921395e-21,2.1972096e-11,0.008701368,0.0033860244,8.231734e-09,0.009492859
2.3309816e-21,1.2912284e-07,0.00505007,0.0028276157,1.0443491e-08,0.017131003
2.1858866e-21,6.8747213e-12,0.001877587,0.0020160645,9.2655625e-09,0.024516946
2.1390693e-21,6.5201546e-12,0.0014185921,0.0016797531,9.339299e-09,0.006255674
2.115875e-21,4.145822e-10,0.0014162586,0.0029937543,8.585788e-09,0.010412744
2.0770018000000002e-21,5.8329387e-12,0.0016228848,0.0011126304,8.798909e-09,0.01199235
2.0361523e-21,5.5604328e-12,0.0011292952,0.003124033,6.6147843e-09,0.011130059
2.018557e-21,5.2474323e-12,0.0011274376,0.001438799,5.5438307e-09,0.017819542
1.997401e-21,4.9980593e-12,0.0013536826,0.0037384043,4.9827418e-09,0.0067626145
1.9324359e-21,6.735612e-09,0.0013093228,0.0012135361,4.8851447e-09,0.008783695
1.902133e-21,8.297849e-10,0.0013045975,0.0024177004,3.9257175e-09,0.005177294
1.8761339e-21,1.4944312e-09,0.0010510577,0.0010878115,3.106604e-09,0.010629684
1.7900794000000002e-21,4.0138305e-12,0.0004496889,0.0058809356,2.3564173e-09,0.023877958
1.724441e-21,3.7774597e-12,0.0003226185,0.0031797776,2.4364142e-09,0.00420247
1.6890571e-21,3.5500565e-12,0.0005309085,0.0068838582,2.276193e-09,0.015160234
1.644981e-21,3.3495893e-12,0.004453062,0.0034393857,1.6675327e-09,0.008488251
1.5037131e-21,3.1688775e-12,0.0039605126,0.0013020894,1.4647493e-09,0.009574844
1.3319675e-21,2.9888427e-12,0.00089092203,0.0041664327,1.1017123e-09,0.015688552
1.1834282000000001e-21,2.8064415e-12,0.0005350208,0.0021847272,9.793968e-10,0.01924703
1.1708624e-21,5.351706e-10,0.00045940798,0.00999947,7.7536316e-10,0.010725517
1.0787333e-21,2.4345014e-12,0.012266509,0.017415222,6.513349e-10,0.03333711
9.25091e-22,2.2234e-12,0.004887854,0.014878195,6.3296474e-10,0.0063061914
8.892275e-22,3.1450215e-10,0.0040006884,0.010825969,4.418581e-10,0.0068492154
8.618106e-22,1.9113515e-12,0.0035306918,0.007702728,3.4164188e-10,0.009168964
8.387402e-22,1.9785265e-10,0.0035248785,0.008079481,3.1037453e-10,0.01494629
7.976152700000002e-22,2.7724334e-10,0.0019991915,0.0068592364,3.0024408e-10,0.024194537
7.293733700000002e-22,1.5750664e-12,0.01708528,0.00672484,2.9975206e-10,0.005445684
6.461692e-22,1.0505444e-09,0.008345028,0.002997924,2.3842994e-10,0.008229807
6.068700600000002e-22,9.158182e-10,0.0073591447,0.0041798386,2.559133e-10,0.009836194
5.7406270000000015e-22,1.314627e-12,0.005895465,0.0025107192,2.5098515e-10,0.013904443
5.487892e-22,1.2510871e-12,0.005214986,0.0056719272,2.5439104e-10,0.009809511
5.2577425000000015e-22,1.1749097e-12,0.0048155473,0.003875627,2.389827e-10,0.0132499095
5.011471e-22,1.0931064e-12,0.002753721,0.00690037,2.914483e-10,0.03804329
4.9009613e-22,1.0247723e-12,0.002993428,0.0042078746,2.9114472e-10,0.010886863
4.789499e-22,9.708718e-13,0.0029884982,0.0063706217,2.4284955e-10,0.011050004
4.6694386e-22,9.149182e-13,0.0024009885,0.003486885,2.350302e-10,0.013489454
4.442008e-22,9.724986e-10,0.0011121309,0.0039359517,1.3235642e-10,0.026659317
3.982134500000001e-22,8.004236e-13,0.008976254,0.0024511612,1.3993622e-10,0.0044370713
3.4293750000000003e-22,7.48972e-13,0.0019733673,0.007368803,1.9161663e-10,0.007777788
3.3069466000000005e-22,2.9282753e-11,0.001791903,0.009015739,1.7221977e-10,0.029077694
3.2617174e-22,7.0826534e-10,0.0017889508,0.013971141,1.2558869e-10,0.0055802246
3.0888226e-22,2.4993563e-10,0.004670867,0.012619173,1.039975e-10,0.0057264813
2.805214e-22,4.583594e-10,0.0014617402,0.014153593,8.876512e-11,0.014775049
2.6912249000000005e-22,4.65122e-10,0.0023053575,0.014465992,7.95537e-11,0.021308651
2.2592598e-22,4.9412824e-10,0.00066596485,0.017792495,6.2949715e-11,0.0115126055
2.1631023e-22,5.546176e-10,0.00033321604,0.0047693946,5.0720463e-11,0.0076398486
2.11859e-22,7.701698e-10,0.0002678278,0.008173584,4.7376367e-11,0.024176514
2.0657066e-22,1.047984e-10,0.00076321355,0.02183543,3.8043162e-11,0.0089726485
1.7857853000000002e-22,6.091724e-10,0.008996569,0.010708813,3.048782e-11,0.014250623
1.6664852000000002e-22,4.1324671e-10,0.008981735,0.011267381,2.5641e-11,0.019750033
1.5532115000000002e-22,5.854964e-10,0.0047681867,0.009073008,2.2828413e-11,0.00879928
1.3235539e-22,1.936283e-10,0.012622136,0.021102808,1.9750755e-11,0.029988024
1.2092032e-22,1.5317071e-10,0.008605648,0.0066612856,1.6984981e-11,0.007321704
1.1340605e-22,1.8436584e-10,0.006913377,0.0065476326,1.0514782e-11,0.019416085
1.0753788000000002e-22,2.1689309e-10,0.0069019767,0.013884955,8.109623e-12,0.018564796
1.01982303e-22,3.6633704e-10,0.006890595,0.010910097,9.052128e-12,0.01694255
9.67931e-23,3.4703376e-10,0.0060802796,0.0074725933,7.40183e-12,0.009394685
9.230761e-23,4.0661488e-11,0.0045228493,0.007820429,1.5797818e-11,0.017024161
8.9105014e-23,1.2097259e-10,0.0042607784,0.0038550545,1.6620842e-11,0.00803752
7.909467000000001e-23,1.533023e-10,0.002474566,0.0011242956,1.5729158e-11,0.0044369055
7.3976176e-23,3.4237438e-10,0.010993168,0.0010484124,1.368994e-11,0.0018399738
6.819612000000001e-23,1.2714887e-13,0.00685709,0.0008540587,3.6072506e-11,0.0035119597
6.459584000000001e-23,1.2129787e-13,0.00436463,0.0049348534,5.1405033e-11,0.0032324975
6.1855417e-23,1.03424116e-10,0.0023439473,0.002249466,4.2870173e-11,0.003043212
5.926513000000001e-23,1.1949905e-10,0.0010816301,0.0020779336,3.4771283e-11,0.0034079172
5.3310456e-23,1.3856451e-10,0.0025938826,0.00061150565,2.96674e-11,0.0021032365
5.0005363e-23,1.6540995e-10,0.0051786243,0.00074829004,2.264053e-11,0.0012036776
4.7404394e-23,6.4577066e-11,0.0024477514,0.0031736717,2.4278425e-11,0.00254494
4.646177e-23,3.1542075e-10,0.0022554367,0.0010527315,1.6861072e-11,0.0020015265
4.5190948e-23,2.0156261e-10,0.0013605343,0.0018152411,1.4152947e-11,0.0013174835
4.324478e-23,5.3555205e-10,0.00063667964,0.0006653736,7.737487e-12,0.0042439247
4.1902966e-23,2.1029628e-10,0.0006333892,0.0007144176,1.2173097e-11,0.0018812076
4.1522126e-23,2.7991184e-10,0.0012158913,0.0010319037,1.1913823e-11,0.00083660154
4.1135928e-23,7.237591e-11,0.0012138851,0.0008479292,9.576327e-12,0.0014621957
3.9566098e-23,6.779443e-14,0.0012608273,0.0037538367,1.3730892e-11,0.00328608
3.9184560000000004e-23,2.6890504e-10,0.0012587468,0.0012276671,1.1608716e-11,0.0015785405
3.880732e-23,2.1626066e-10,0.0012566698,0.00067410833,1.04807395e-11,0.0006288424
3.7972697e-23,5.912655e-14,0.0008895315,0.0025296733,1.1239539e-11,0.0008267746
3.7713988e-23,2.1458542e-10,0.00088806363,0.0004797932,1.34424295e-11,0.00074807333
3.6903222e-23,5.5091765e-14,0.00081846595,0.00063555315,1.5404811e-11,0.001046065
3.6598138e-23,1.0531449e-12,0.0010117881,0.0027898892,1.4197077e-11,0.0009624063
3.6170926e-23,4.2606203e-11,0.00089143997,0.00078943017,1.0865559e-11,0.002638524
3.4924430000000003e-23,2.2131684e-10,0.0046429466,0.00042527806,7.238974e-12,0.0009339897
3.3690744e-23,1.26953e-10,0.004161751,0.0010015642,8.112521e-12,0.0006242209
3.2630220000000004e-23,8.02202e-11,0.004154883,0.0015052248,6.2787674e-12,0.0027234713
3.1450234e-23,4.7412903e-11,0.0032402216,0.0007058561,7.081216e-12,0.00073299074
3.0540573e-23,4.119261e-14,0.0023014718,0.00056498987,9.020745e-12,0.00034835044
2.9964967e-23,4.0049076e-14,0.0020322765,0.00079707184,1.8973038e-11,0.00025377388
2.8740708e-23,3.8603062e-14,0.0008400738,0.00090157747,2.4311244e-11,0.0004038518
2.5466942e-23,3.741163e-14,0.00021189466,0.00050780526,2.1366868e-11,0.00029526264
2.3586012e-23,3.6327705e-14,6.258863e-05,0.0005262632,2.006825e-11,0.00023343776
2.3574670000000002e-23,3.5470318e-14,6.2485306e-05,0.0003647613,1.2962178e-11,0.00013570854
2.3563351e-23,8.64834e-11,6.238216e-05,0.00032752598,2.170391e-11,6.926413e-05
2.3005308e-23,8.758556e-11,2.9290542e-05,0.00022610239,2.1145955e-11,3.5728368e-05
2.2892846e-23,8.305089e-11,2.3519988e-05,0.0002381674,2.0499028e-11,3.626058e-05
2.2888708e-23,3.1822025e-14,2.348116e-05,0.000114694,1.7123903e-11,2.8067958e-05
2.2404810000000002e-23,3.5942322e-11,1.1738481e-05,3.8816437e-05,1.9078883e-11,2.4675885e-05
2.2402788e-23,9.4538176e-11,1.1719101e-05,9.138736e-06,1.6131877e-11,1.7158916e-05
2.240077e-23,4.0392995e-11,1.1699754e-05,2.5146658e-06,1.4414761e-11,1.5125064e-05
2.2345574e-23,2.9034243e-14,1.032209e-05,6.714334e-07,1.32193735e-11,2.5990752e-05
2.2343802e-23,4.4057463e-11,1.0305049e-05,1.6982412e-07,1.4960725e-11,1.7944956e-05
2.2027170000000006e-23,2.7724625e-14,6.0890306e-06,4.5591282e-08,1.2960498e-11,2.0466483e-05
2.2026139e-23,2.7066157e-14,6.078978e-06,1.8358085e-08,1.4780418e-11,2.3808001e-05
2.2025110000000006e-23,1.1016673e-10,6.068942e-06,1.8349116e-08,1.5001986e-11,1.7644441e-05
2.2024083e-23,1.1730152e-10,6.0589227e-06,1.1831496e-08,1.3132975e-11,9.399823e-06
2.1715678e-23,2.5782834e-14,3.5812266e-06,2.9333926e-08,1.5364246e-11,2.001267e-05
2.1157084e-23,2.3179273e-11,1.6528024e-06,4.2096264e-08,1.3295935e-11,2.2294564e-05
1.8584134e-23,2.461395e-14,9.266868e-07,4.0503764e-08,1.4313345e-11,1.8461104e-05
1.4939034e-23,2.397261e-14,1.7093697e-06,3.0044042e-08,1.4019611e-11,2.4302548e-05
1.27882565e-23,2.3517212e-14,1.274137e-06,1.625375e-08,1.706551e-11,1.7799211e-05
1.1520094e-23,1.2679562e-10,8.6865373e-07,2.2917028e-08,1.2519246e-11,2.5153466e-05
1.1520017e-23,6.249921e-11,8.6721866e-07,2.4703983e-08,1.3530468e-11,2.2345386e-05
1.151994e-23,2.1872747e-14,8.65786e-07,5.013565e-08,1.2521906e-11,2.1604023e-05
1.15198636e-23,7.480587e-11,8.643557e-07,7.485845e-08,1.0726033e-11,3.1454383e-05
1.0156352e-23,2.0731233e-14,6.762452e-07,5.316383e-08,1.0512892e-11,2.1731381e-05
9.402767e-24,2.7058371e-11,4.2795725e-07,4.6842217e-08,1.010554e-11,2.2022852e-05
9.0481415e-24,1.9115614e-11,2.5825236e-07,3.761682e-08,7.591627e-12,2.1639524e-05
9.0119454e-24,1.9412196e-14,2.2164846e-07,2.3684363e-08,1.1006729e-11,1.7569786e-05
8.990485e-24,8.976319e-11,1.9948729e-07,1.09320055e-08,9.23286e-12,2.0783507e-05
8.990472e-24,1.871227e-14,1.9915767e-07,4.876459e-09,1.5917016e-11,9.907149e-06
8.9690645e-24,4.015655e-10,1.7749792e-07,8.230068e-10,2.7401e-12,1.5154791e-05
8.969052e-24,1.8160129e-14,1.7720464e-07,5.496078e-10,5.430085e-12,1.8100593e-05
8.96904e-24,1.782535e-14,1.7691184e-07,6.055063e-09,1.2404665e-11,1.6185539e-05
8.905303e-24,1.4225274e-10,1.3325139e-07,1.6181948e-08,1.1333061e-11,1.591185e-05
8.905293999999999e-24,1.7291754e-14,1.3303122e-07,1.1418133e-08,1.5462069e-11,1.1567992e-05
8.863003999999999e-24,3.3422567e-10,1.0777153e-07,1.0642992e-08,1.0567245e-11,1.47575265e-05
8.657077e-24,1.4373174e-09,5.7282946e-08,4.4010458e-09,5.2214535e-12,1.966121e-05
8.657073e-24,8.261774e-11,5.718829e-08,1.0715597e-08,1.117293e-11,1.644657e-05
8.657069e-24,1.6102288e-14,5.7093793e-08,5.5135043e-09,1.647604e-11,1.2976939e-05
8.636464999999999e-24,3.5671483e-11,5.0861846e-08,5.0970117e-09,1.3834619e-11,1.4760095e-05
8.474742e-24,1.0546516e-11,2.984999e-08,9.617165e-09,1.3844792e-11,1.4231199e-05
8.474740000000001e-24,3.8017178e-10,2.9800665e-08,8.169258e-09,8.011783e-12,3.136121e-05
8.474738e-24,1.4811125e-14,2.975142e-08,3.3696594e-09,8.224588e-12,2.5396359e-05
8.474736999999999e-24,2.059549e-11,2.9702258e-08,1.0349171e-08,9.202445e-12,2.3849063e-05
8.339103e-24,1.2380623e-10,1.8625267e-08,7.0184125e-09,7.604755e-12,1.7919374e-05
8.3391015e-24,1.4088276e-14,1.859449e-08,1.1606783e-08,1.7274349e-11,6.8453937e-06
8.339101e-24,5.4385114e-11,1.8563762e-08,1.1321163e-08,1.177509e-11,1.1639009e-05
8.339099e-24,1.2375596e-10,1.8533088e-08,9.1754275e-09,5.3773444e-12,1.3738404e-05
8.319254e-24,3.753098e-10,1.6422735e-08,7.6968325e-09,1.45457466e-11,6.659385e-06
8.299456500000001e-24,3.98521e-09,1.4553682e-08,1.7495477e-09,1.8591465e-11,5.623676e-06
8.299455e-24,1.3347012e-14,1.4529633e-08,4.106749e-09,1.5005358e-11,1.349972e-05
8.260048e-24,6.1395077e-11,1.1795955e-08,1.2610781e-08,1.6106163e-11,1.6710543e-05
8.260048e-24,1.292167e-14,1.17764625e-08,1.3417688e-08,1.7076753e-11,1.32617115e-05
8.260047e-24,7.735669e-11,1.17570025e-08,1.8972443e-08,1.4446992e-11,1.5849027e-05
8.260046600000001e-24,3.7142484e-11,1.17375745e-08,2.522741e-08,1.3863826e-11,1.942944e-05
8.260046e-24,4.5202092e-11,1.1718178e-08,2.1491687e-08,1.2101058e-11,2.2592021e-05
8.260045e-24,1.0000346e-10,1.1698814e-08,9.684501e-09,8.127841e-12,2.8101673e-05
8.260044e-24,1.317564e-10,1.1679482e-08,3.2708967e-09,6.4276995e-19,3.688259e-05
8.2600434e-24,1.4062865e-10,1.1660183e-08,3.1382343e-09,6.296886e-12,2.3376992e-05
8.260043e-24,1.75802e-11,1.1640915e-08,2.191881e-09,1.0855276e-11,1.9079467e-05
8.260042e-24,1.0952344e-14,1.1621679e-08,8.2845597e-10,1.7076826e-11,1.4667179e-05
8.260041e-24,1.0758979e-14,1.16024745e-08,8.8609403e-10,1.2822794e-11,1.8986977e-05
8.260040000000001e-24,1.0554473e-14,1.1583301e-08,5.6683964e-09,1.22254125e-11,2.3179975e-05
8.2600395e-24,1.001463e-09,1.156416e-08,4.1719064e-09,9.448452e-12,3.3381955e-05
8.260039e-24,9.976286e-15,1.1545051e-08,3.4285206e-09,1.4897333e-11,3.1884545e-05
8.240382e-24,9.782425e-15,1.1148159e-08,1.1954869e-09,1.9035912e-11,2.3112601e-05
8.011094e-24,9.566405e-15,1.4367102e-08,1.9445407e-08,2.022332e-11,2.058102e-05
7.973057e-24,9.332917e-15,1.312201e-08,3.4362493e-08,1.959317e-11,2.2093853e-05
7.973056e-24,9.0877724e-15,1.3100326e-08,2.9533105e-08,1.826076e-11,2.3271501e-05
7.8237576e-24,6.317882e-11,1.9868349e-08,1.7431342e-08,1.5080806e-11,2.2050503e-05
7.768166999999999e-24,6.411855e-11,2.1319144e-08,1.36318565e-08,1.405544e-11,3.105157e-05
7.6049244e-24,8.2787035e-15,5.119688e-08,8.407169e-08,1.6964258e-11,3.2489417e-05
7.533366e-24,8.043399e-15,5.7451004e-08,8.188084e-08,2.119585e-11,2.777746e-05
7.515436e-24,7.823964e-15,5.608725e-08,5.0468554e-08,1.9465414e-11,2.3809045e-05
7.497548999999999e-24,7.555816e-15,5.5383897e-08,6.248456e-08,1.6967008e-11,3.500541e-05
7.4797046e-24,6.349388e-11,5.5615416e-08,4.459862e-08,1.1118044e-11,4.2593627e-05
7.356862e-24,7.007573e-15,9.488093e-08,4.028568e-08,1.2507804e-11,4.283704e-05
7.356857e-24,5.713302e-11,9.4724115e-08,7.315334e-08,8.509363e-12,4.4536766e-05
7.356851e-24,6.5673077e-15,9.456757e-08,7.964339e-08,9.358098e-12,3.30371e-05
7.356846e-24,8.4764146e-10,9.441127e-08,7.184447e-08,1.0250008e-11,4.66463e-05
7.1975014e-24,1.1494095e-09,3.391924e-07,9.265224e-08,7.02178e-12,6.189057e-05
6.818614e-24,2.0174051e-09,9.125554e-07,5.2373853e-08,8.63889e-12,5.0683535e-05
6.646234e-24,5.5657764e-15,7.7732903e-07,3.29335e-08,1.5918223e-11,4.2060306e-05
6.5524254e-24,5.299885e-15,6.6112597e-07,6.38215e-08,1.2293104e-11,6.0917697e-05
6.393059e-24,1.11023395e-11,7.2134344e-07,1.9109537e-07,1.1351386e-11,5.7351728e-05
6.3778126e-24,6.440725e-11,6.85131e-07,3.0687536e-07,8.0237405e-12,6.855006e-05
5.852372e-24,4.9026616e-11,2.601731e-06,4.1099764e-07,7.727117e-12,7.208347e-05
5.115494e-24,3.9543195e-12,5.993972e-06,5.3190047e-07,6.375552e-12,8.584729e-05
4.8061887e-24,3.9682e-15,5.637542e-06,7.3125426e-07,5.1296693e-12,0.00011904159
4.7831828000000005e-24,4.6281305e-11,4.9430787e-06,6.830368e-07,4.1177665e-12,0.00012553338
4.7459347e-24,4.2973188e-11,4.242479e-06,5.279146e-07,2.7308663e-12,0.00011676743
4.5954157e-24,3.2753957e-15,4.3958994e-06,8.2561473e-07,3.163436e-12,0.00011555448
4.47344e-24,1.0276687e-11,4.1416424e-06,2.7168962e-06,3.377077e-12,9.026251e-05
4.283566e-24,2.4020534e-11,5.1769207e-06,2.6686398e-06,2.729772e-12,9.2402384e-05
4.131857e-24,1.7760484e-11,5.730253e-06,6.3555412e-06,2.281363e-12,0.000111230445
3.890495e-24,1.1520021e-11,8.649598e-06,5.6024284e-05,1.7132107e-12,0.00011881084
3.8128223e-24,1.4688679e-11,7.058582e-06,9.159097e-05,1.3348733e-12,0.0001207752
3.6385073e-24,2.2002591e-15,9.230627e-06,0.0001939125,1.311928e-12,0.00016760657
3.575143e-24,2.0413113e-15,8.448275e-06,0.0009028909,1.9025627e-12,0.00021161733
3.5080293e-24,1.9224505e-15,8.800776e-06,0.010137904,4.487044e-12,0.00048545713
3.181608e-24,1.7865157e-15,2.2558477e-05,0.013953227,3.7189006e-12,0.00061751675
3.1660088e-24,2.1333465e-11,1.9104446e-05,0.010380973,3.4622205e-12,0.0009001482
3.0255400000000003e-24,1.5168756e-15,1.89494e-05,0.037067734,2.4205648e-12,0.0019567767
2.9996008e-24,3.5344585e-11,1.6207516e-05,0.010326294,1.9547467e-12,0.0025054836
2.862813e-24,2.776837e-12,2.4748946e-05,0.040481236,1.8477498e-12,0.019324662
2.826294e-24,9.283328e-16,2.103288e-05,0.021665705,3.4325017e-12,0.04900848
2.5078872e-24,2.5967771e-11,5.6903944e-05,0.028805038,2.127744e-12,0.030692227
2.3820739999999998e-24,2.3406785e-11,4.00261e-05,0.007649072,1.8326569e-12,0.020509528
2.3083415e-24,1.483914e-11,3.1663058e-05,0.015606055,1.5303089e-12,0.032516375
2.1441368e-24,7.682131e-12,4.5957895e-05,0.04778144,1.1314754e-12,0.015374784
2.1383236e-24,4.3663828e-16,4.1957734e-05,0.012687806,9.232516e-13,0.017234547
2.0783732e-24,1.15555916e-11,3.5543442e-05,0.0244915,6.39927e-13,0.06894869
2.0659362e-24,3.4648873e-16,3.1310552e-05,0.031284444,4.594404e-13,0.022824986
2.0288972e-24,2.950394e-16,3.030759e-05,0.018147072,7.8600337e-13,0.021445174
2.0236256e-24,2.6639676000000004e-16,2.8518522e-05,0.043580845,1.578088e-12,0.071296945
2.023182e-24,2.1351522e-16,2.8471253e-05,0.008918253,1.503096e-12,0.035951637
1.975748e-24,1.966451e-16,2.9795177e-05,0.01810792,1.1523407e-12,0.011738381
1.9659629e-24,2.5669122e-12,2.7317534e-05,0.041992936,1.0626125e-12,0.037399366
1.9569752e-24,1.4371427000000002e-16,2.5511816e-05,0.012087696,1.3283508e-12,0.010884202
1.9060037e-24,8.302652e-12,3.093615e-05,0.018143382,1.1335925e-12,0.030051595
1.8773115e-24,6.8383567e-12,2.9774606e-05,0.016335418,8.445869e-13,0.008563564
1.7970303e-24,1.08680594e-16,4.1315176e-05,0.015019572,8.089925e-13,0.023321414
1.699426e-24,9.9808585e-17,4.8845555e-05,0.0239303,6.58702e-13,0.01353474
1.6555522e-24,4.3536607e-12,3.949974e-05,0.016582923,6.005956e-13,0.026821306
1.6428993e-24,2.5089254e-13,3.3916567e-05,0.026871003,6.37764e-13,0.01291463
1.5258282e-24,4.6742075e-13,6.143274e-05,0.010308041,2.226596e-12,0.024086569
1.3805684e-24,6.602113e-17,8.347552e-05,0.009809053,1.3859851e-12,0.009879132
1.2113064e-24,6.122581e-17,0.000109652516,0.011895674,1.6407433e-12,0.025575137
1.1962194e-24,4.8598096e-12,7.914521e-05,0.017633818,1.3629255e-12,0.010681081
1.1906698e-24,5.1113052e-17,6.9089554e-05,0.024195401,1.049679e-12,0.032477647
1.1560957e-24,4.529616000000001e-17,6.022611e-05,0.01620261,9.654201e-13,0.010213495
1.1001502e-24,4.1488597e-17,7.1519564e-05,0.022782683,1.3775291e-12,0.023720166
1.0256591e-24,3.7220315e-17,8.8557106e-05,0.01133331,1.5797226e-12,0.008868912
8.627065e-25,3.4606673e-17,0.00018252729,0.007982828,1.9243186e-12,0.0150847025
7.5988777e-25,3.2291640000000004e-17,0.00014712573,0.010550269,1.9089751e-12,0.018993443
6.800715e-25,3.701196e-12,0.00013214609,0.011277959,1.4497713e-12,0.012208867
6.414472e-25,2.7822878e-17,9.021724e-05,0.010708638,1.7878192e-12,0.011822135
5.930007000000001e-25,2.5898284000000002e-17,8.870592e-05,0.00856831,1.4866246e-12,0.01494835
5.8595e-25,4.0696155e-11,6.654787e-05,0.011912654,1.6478573e-12,0.024303764
5.7745205e-25,2.2236294e-17,5.304964e-05,0.011374416,1.3147518e-12,0.0079694055
5.5322667e-25,8.290239e-13,5.862515e-05,0.01474735,1.1715904e-12,0.011639887
5.18395e-25,1.9011739e-17,7.406799e-05,0.013815133,1.2837197e-12,0.019078696
5.0261560000000005e-25,1.748e-17,5.6913457e-05,0.022120364,1.0460934e-12,0.016366761
5.0003275e-25,1.570553e-17,4.9186525e-05,0.011469605,1.1719003e-12,0.024010962
4.9590735e-25,3.4654454e-12,4.050805e-05,0.023900678,9.222713e-13,0.02838948
4.3977975e-25,1.26652916e-17,9.300542e-05,0.014356663,1.5020273e-12,0.027967937
3.9614916e-25,1.167141e-17,9.2883645e-05,0.0137386555,1.1980906e-12,0.023703018
3.8913076e-25,1.0795204e-17,6.182895e-05,0.014648785,1.2933218e-12,0.009620362
3.8742243e-25,9.958047e-18,5.3361495e-05,0.011113467,1.1644234e-12,0.014416713
3.8635138e-25,1.1539578e-12,4.844385e-05,0.010924486,8.295436e-13,0.016216539
3.7377692e-25,2.826042e-12,3.716562e-05,0.01234141,6.0454436e-13,0.029787352
3.710298e-25,1.292674e-12,3.073847e-05,0.010849582,5.6087573e-13,0.0062983646
3.683186e-25,4.385021e-13,2.5869582e-05,0.0042542345,5.022281e-13,0.0050553754
3.6737339e-25,1.8660546e-12,2.409426e-05,0.007919524,3.7217712e-13,0.0142412735
3.664353e-25,1.4649796e-12,2.272079e-05,0.0067865155,2.9812893e-13,0.016747283
3.6637133999999998e-25,1.6199463e-12,2.268307e-05,0.002607025,2.9628237e-13,0.010502921
3.6543954e-25,5.723045e-18,2.1511798e-05,0.0039736982,2.7997727e-13,0.0156107675
3.5036071e-25,1.3895022e-12,3.0989984e-05,0.001109724,2.4441308e-13,0.0074265054
3.502773e-25,1.9380493e-12,3.0938536e-05,0.0021816292,1.9152937e-13,0.017501192
3.5019402e-25,5.20775e-13,3.0887175e-05,0.0012226489,1.59159e-13,0.010835676
3.4845702e-25,4.521160000000001e-18,2.7471973e-05,0.004111079,1.6896867e-13,0.020696998
3.394993e-25,3.2632627e-12,2.8453507e-05,0.0018520018,1.2486065e-13,0.006606226
3.23264e-25,1.5935282e-12,3.832616e-05,0.0040819235,1.1969756e-13,0.009623308
3.208857e-25,3.7824083e-18,3.230929e-05,0.002043281,1.9203917e-13,0.013650586
3.1929093e-25,3.5617214e-18,2.8532702e-05,0.007827864,2.9512344e-13,0.016858432
3.1846542e-25,1.0135171e-12,2.6391843e-05,0.0051366696,2.5025227e-13,0.011077985
2.9256995e-25,8.30877e-13,4.8552796e-05,0.0020400924,2.105318e-13,0.008179468
2.5195702e-25,2.9614158e-18,8.856387e-05,0.0074328934,2.0291435e-13,0.018099362
2.500201e-25,2.7880387e-18,6.847126e-05,0.0039414223,2.1941802e-13,0.008017171
2.4988858e-25,6.854568e-14,6.835758e-05,0.001856987,2.1449277e-13,0.0108326245
2.4332373e-25,1.2551013e-12,4.388938e-05,0.0033230782,1.7855213e-13,0.014417711
2.093602e-25,2.3416093e-18,7.570803e-05,0.001525856,2.0953543e-13,0.011240346
2.0478207e-25,4.113349e-13,4.857689e-05,0.0040365914,1.5494348e-13,0.026467528
2.009998e-25,9.568369e-13,3.5904508e-05,0.0018163285,1.3208269e-13,0.009097844
1.8497086e-25,1.946272e-18,5.5763838e-05,0.0042862915,1.9053221e-13,0.011287051
1.6733542e-25,1.3231865e-13,5.836282e-05,0.0020437925,1.3817457e-13,0.018570077
1.6726038e-25,1.7229947e-18,5.8265923e-05,0.006232377,1.698793e-13,0.011898471
1.564215e-25,7.4602856e-13,4.9094986e-05,0.0036918195,1.302104e-13,0.017946215
1.41134e-25,1.5235051e-18,6.834046e-05,0.005130484,2.4472798e-13,0.013806581
1.2036099999999999e-25,2.0004277e-13,0.00010249325,0.0028042516,1.8409312e-13,0.016080022
1.1367446e-25,4.0334907e-13,5.77735e-05,0.0039787977,1.514933e-13,0.016136177
1.1335659e-25,1.2673990999999998e-18,5.229622e-05,0.0019297191,1.6143488e-13,0.015145874
1.1068465e-25,7.6114635e-13,3.746868e-05,0.0017706095,1.1980743e-13,0.013604606
1.0808436e-25,1.1307970000000001e-18,3.2015738e-05,0.0019193739,1.0171126e-13,0.022741525
1.0780219e-25,1.0724108e-18,2.961923e-05,0.00315715,9.09098e-14,0.005465087
1.0651215e-25,1.06246534e-13,2.4857574e-05,0.001332131,1.0438419e-13,0.011074063
1.0623958e-25,9.320599e-13,2.3481614e-05,0.0044839727,7.2566587e-14,0.023138154
1.0571802e-25,1.2891547e-12,2.1884935e-05,0.0032160222,5.250453e-14,0.014612107
9.998442e-26,8.203485999999999e-19,3.8946473e-05,0.011191247,5.5447305e-14,0.02685111
9.8320073e-26,7.620420999999999e-19,3.0277966e-05,0.011464871,7.2839514e-14,0.0057545393
9.579116e-26,8.348434e-13,2.6113119e-05,0.008254229,5.791852e-14,0.012786087
9.5771936e-26,3.9307148e-13,2.6069763e-05,0.017436877,5.3142396e-14,0.02604077
9.418476999999999e-26,5.9458626e-19,2.1646894e-05,0.018295374,4.0465054e-14,0.010131456
9.029844e-26,5.4292496e-19,2.8196417e-05,0.009416405,4.452424e-14,0.012680165
8.985222500000001e-26,8.392143e-13,2.4902529e-05,0.010029045,3.6561767e-14,0.019564904
8.857119500000001e-26,4.077704e-14,2.2582339e-05,0.010698466,3.1327273e-14,0.008369293
8.669911e-26,3.9128436e-13,2.344697e-05,0.013867095,2.6153982e-14,0.017953388
8.546377999999999e-26,4.743722e-13,2.1867638e-05,0.0080705425,2.0144283e-14,0.010653116
8.484425e-26,2.9055932e-13,2.0058496e-05,0.0069401925,1.3843012e-14,0.012477903
8.4230235e-26,3.5296526e-19,1.8565888e-05,0.002701356,5.6596082e-14,0.010059097
8.401850999999999e-26,3.3383851e-19,1.7699207e-05,0.0030270347,6.1703735e-14,0.015074305
8.400708600000001e-26,3.1553756e-19,1.7669821e-05,0.0010746653,5.5238122e-14,0.009239813
8.399567999999999e-26,2.992941e-19,1.7640483e-05,0.0025383653,6.0268766e-14,0.014781304
8.378510999999999e-26,2.8260595e-19,1.6727083e-05,0.00094567024,5.717963e-14,0.010878192
8.278906e-26,8.649726e-13,1.6268968e-05,0.002756927,3.8470387e-14,0.03262382
8.092045e-26,8.1993266e-13,1.9264335e-05,0.0014526481,3.1309655e-14,0.0082169585
7.8726975e-26,5.071066e-13,2.2323238e-05,0.0031172042,3.0900443e-14,0.009485621
7.652755700000001e-26,2.2031046e-19,2.708989e-05,0.0020604616,4.7739763e-14,0.021323008
7.6511625e-26,2.0564347e-19,2.7044913e-05,0.008538578,4.7688883e-14,0.009377261
7.454783e-26,5.3800204e-13,2.6762624e-05,0.0049778554,3.3472923e-14,0.008194644
7.418017999999999e-26,1.8654166e-13,2.3808721e-05,0.0035088074,3.1169284e-14,0.014873542
6.888550000000001e-26,1.6816312999999998e-19,4.2516927e-05,0.0116944,5.5918486e-14,0.02069495
6.3787046e-26,1.5542127e-19,4.8397607e-05,0.018990874,4.8629886e-14,0.015786013
5.682463999999999e-26,1.4150337e-19,7.193797e-05,0.010745886,4.0107183e-14,0.021242522
5.1557779999999996e-26,1.3148042e-19,7.8479155e-05,0.014030997,5.0710663e-14,0.018670382
4.8147617e-26,1.2143546e-19,6.525061e-05,0.012257271,5.7401404e-14,0.018221866
4.492993e-26,1.1284584e-19,6.0372233e-05,0.0074229543,5.4893847e-14,0.012062653
4.370039e-26,4.3173473e-13,4.045239e-05,0.004101807,4.8663723e-14,0.013521714
4.2803756e-26,9.953522e-20,3.1949156e-05,0.0032773903,4.802892e-14,0.016952045
4.0263205e-26,9.389862e-20,4.6304616e-05,0.005404163,4.0461544e-14,0.012613986
3.7201063e-26,4.138728e-13,5.7309968e-05,0.0035169688,3.0690406e-14,0.019184697
3.6238834e-26,3.0967636e-13,4.2709846e-05,0.0045169266,2.7249499e-14,0.012755432
3.5131455000000004e-26,7.775978599999999e-20,3.8959937e-05,0.0027959684,3.4251055e-14,0.010134205
3.4035324e-26,1.600544e-13,3.9041945e-05,0.004681922,2.2685402e-14,0.0308707
3.2553914e-26,1.08494526e-13,4.4436092e-05,0.0048450334,1.7683097e-14,0.004655382
3.0225104e-26,1.837209e-13,6.073489e-05,0.0046429816,1.7985574e-14,0.007511693
2.9229407e-26,5.915277e-14,4.861144e-05,0.0055969604,1.5078647e-14,0.026438052
2.7398797e-26,5.4952704e-20,5.9043414e-05,0.0037733233,2.3788519e-14,0.011630684
2.6102612000000003e-26,5.1682972e-20,5.4931883e-05,0.011162649,2.955678e-14,0.019204896
2.6091593000000004e-26,4.8091259999999996e-20,5.4840653e-05,0.011467869,3.637111e-14,0.02915158
2.6019184e-26,1.0127006e-13,5.0526352e-05,0.011817532,2.7824067e-14,0.012283279
2.5947786e-26,4.1391519999999996e-20,4.6537203e-05,0.0069564986,2.4123781e-14,0.012531689
2.5603892e-26,3.859253e-20,3.9938343e-05,0.012282041,2.3259208e-14,0.02954452
2.5088388e-26,9.263488e-15,3.7964834e-05,0.014634978,1.757798e-14,0.012374867
2.4217293e-26,7.34317e-14,4.396785e-05,0.019830273,1.2607163e-14,0.027185746
2.420911e-26,2.9614675e-20,4.389483e-05,0.008332544,1.1498126e-14,0.008045548
2.3263336e-26,2.7621879999999997e-20,5.1242652e-05,0.013532291,1.0805152e-14,0.02024078
2.2451778e-26,8.886248e-14,5.3790394e-05,0.011164281,8.1769545e-15,0.0129143875
2.2336883e-26,2.0520071e-13,4.789792e-05,0.009417737,6.4153115e-15,0.018752111
2.217114e-26,1.2311071e-13,4.2969677e-05,0.020246804,5.249531e-15,0.01954459
2.211151e-26,8.799658e-14,4.048692e-05,0.019383322,3.964291e-15,0.030340146
2.1652457e-26,1.8720636e-11,4.09962e-05,0.008414679,1.3434816e-14,0.0066481545
2.0025596e-26,2.4591993e-13,8.703994e-05,0.0068803043,1.320326e-14,0.008200254
1.8714203e-26,6.4886966e-14,9.071189e-05,0.004456733,1.1154915e-14,0.010305125
1.7774016e-26,1.4451175e-20,8.039593e-05,0.005639317,1.13232635e-14,0.011073037
1.7433244e-26,1.5695683e-13,6.1451814e-05,0.00212663,9.626832e-15,0.0074489214
1.7302334e-26,1.1786126e-13,5.202991e-05,0.009885544,6.6048826e-15,0.030215124
1.7213999999999998e-26,1.1877318e-20,4.5842764e-05,0.008266832,1.1678324e-14,0.007348771
1.7086504e-26,2.0731322e-13,3.903965e-05,0.0036102042,9.163577e-15,0.0066218376
1.6762843e-26,2.7536933e-11,3.5240708e-05,0.0073662135,7.682818e-14,0.013013057
1.607014e-26,9.802456999999999e-21,4.81251e-05,0.0069753514,8.0894235e-14,0.014483987
1.5655319e-26,2.316018e-13,4.150519e-05,0.001715355,6.4767554e-14,0.008077327
1.4484104000000002e-26,8.889611e-21,6.044404e-05,0.0020200082,6.367744e-14,0.0040325625
1.4071100000000002e-26,8.462039e-21,4.291962e-05,0.00069742394,7.789473e-14,0.0033760944
1.3860368e-26,6.720519e-13,3.3586202e-05,0.0021163772,5.7256195e-14,0.009142244
1.362004e-26,3.0219384e-14,2.7252478e-05,0.0010130587,5.783281e-14,0.007280394
1.3488968e-26,7.190098e-21,2.361429e-05,0.0036958365,6.5902016e-14,0.016021056
1.2690579e-26,6.6953497e-21,3.6730497e-05,0.0025324584,5.9257666e-14,0.013342147
1.1460933e-26,6.3327372e-21,5.6675206e-05,0.00407942,6.2652425e-14,0.016807279
1.0967549e-26,5.968887200000001e-21,3.6429068e-05,0.0018303498,6.5236106e-14,0.008783091
1.0886996e-26,5.6785945000000004e-21,2.9458362e-05,0.0036310125,8.4289956e-14,0.010553023
1.0782073e-26,5.373491e-21,2.3677809e-05,0.0014376463,1.206848e-13,0.011561493
9.960013e-27,5.1489933e-21,3.168324e-05,0.0025891582,1.1510859e-13,0.0060657864
9.934035e-27,1.676347e-13,2.864384e-05,0.0007799922,8.9867234e-14,0.0070196185
9.861582e-27,4.6412357e-21,2.280338e-05,0.0019300383,1.02265364e-13,0.00877702
8.462209500000001e-27,4.403072e-21,4.412239e-05,0.0017480616,1.0376763e-13,0.010094426
7.71107e-27,1.8691129e-13,3.1449556e-05,0.000913272,9.315602e-14,0.006168773
7.414957400000001e-27,4.0667588e-21,2.0118005e-05,0.0016174279,8.6303055e-14,0.0034155473
7.332159999999999e-27,3.90338e-21,1.5719346e-05,0.00061792444,8.379845e-14,0.0022158688
7.013524e-27,4.8954677e-13,1.7185166e-05,0.0017377902,1.3012386e-13,0.001545637
6.995965e-27,3.620623e-21,1.5681728e-05,0.0006717921,1.1019598e-13,0.0011122398
6.9764486e-27,3.452262e-21,1.4252324e-05,0.0021635997,7.648201e-14,0.0034138197
6.829698e-27,3.287069e-21,1.1808986e-05,0.00072898885,1.05416374e-13,0.0017578414
6.766249500000001e-27,3.150195e-21,9.79535e-06,0.0011992346,1.1031552e-13,0.0010817148
6.608279000000001e-27,3.0140846e-21,8.588085e-06,0.0010742727,1.0790036e-13,0.0017669454
6.607843000000001e-27,2.5204302e-13,8.573813e-06,0.003849287,7.7436274e-14,0.0023753475
6.591709999999999e-27,2.7205231e-21,7.875006e-06,0.0015312097,7.843527e-14,0.0029170318
6.57565e-27,2.6039407e-21,7.2132602e-06,0.002295133,6.795313e-14,0.0014071472
6.528617000000001e-27,2.508995e-21,6.0167686e-06,0.0005641748,7.729602e-14,0.00049795536
6.512798e-27,2.3998162e-21,5.547676e-06,0.0011842238,7.812769e-14,0.0010003704
6.497039000000001e-27,2.3216716e-21,5.1045863e-06,0.0008514905,8.423734e-14,0.001368318
6.484378e-27,1.7719428e-13,4.7694916e-06,0.00070799486,6.876566e-14,0.00056400144
6.3747603e-27,1.371573e-13,4.0273644e-06,0.0010004585,6.0227505e-14,0.00055034034
6.211656e-27,2.0687167e-21,3.5994603e-06,0.0013282357,6.240048e-14,0.0011388111
6.189954000000001e-27,1.9821388000000002e-21,3.215666e-06,0.0006689259,5.6459086e-14,0.0014817461
6.1818307e-27,1.8989062e-21,3.051242e-06,0.0021058954,5.239402e-14,0.0017250386
6.0518223e-27,9.5582023e-14,2.7017243e-06,0.0007408788,4.230695e-14,0.0014532019
6.0516967e-27,1.8960488e-13,2.6972343e-06,0.00055894797,3.523224e-14,0.0010789285
6.037178e-27,1.7161096e-13,2.4721587e-06,0.0005293677,2.7511386e-14,0.00096082554
5.9379436e-27,2.9030448e-13,1.9215736e-06,0.0003406525,1.9859624e-14,0.0007388244
5.9283583e-27,2.4472161e-13,1.7978444e-06,0.00034894736,1.9375738e-14,0.0007403952
5.923642000000001e-27,1.236487e-13,1.7292082e-06,0.00043204756,1.5919464e-14,0.00072663056
5.9235635e-27,1.5010725e-21,1.7263344e-06,0.0007431,2.5102448e-14,0.00066383654
5.86046e-27,3.7157743e-14,1.3118542e-06,0.00037355747,2.1991828e-14,0.00038330298
5.7641693e-27,1.4226293000000001e-21,9.606e-07,0.00035012633,2.2117587e-14,0.00028718755
5.7641270000000005e-27,7.566165e-12,9.590036e-07,0.0004508045,3.7818934e-14,0.00022831516
5.7503090000000005e-27,1.3483498e-21,8.639845e-07,0.0003259765,4.4187015e-14,9.090298e-05
5.7230333e-27,1.9433519e-13,7.237569e-07,0.00015829115,3.5905215e-14,4.6852685e-05
5.7230014000000006e-27,4.4686123e-11,7.2255415e-07,6.248835e-05,6.0758274e-25,4.4968114e-05
5.6688866e-27,1.2611959e-21,5.2454965e-07,2.3149329e-05,6.822222e-14,1.8683926e-05
5.6688635e-27,1.0779103e-12,5.236779e-07,4.4381313e-06,6.548536e-14,2.4449659e-05
5.6553523000000005e-27,5.291175e-14,4.7005224e-07,1.4156547e-06,6.905202e-14,2.6847296e-05
5.655332e-27,2.8217583e-11,4.6927107e-07,3.064608e-07,7.756348e-14,2.5741794e-05
5.6553115e-27,1.1312909e-21,4.6849118e-07,1.4502723e-07,1.2493339e-13,2.8101475e-05
5.655291e-27,5.0616493e-13,4.677126e-07,6.6762844e-08,9.785552e-14,3.0396359e-05
5.6552706000000005e-27,1.0586409e-21,4.6693532e-07,5.810343e-08,7.1680604e-14,3.719544e-05
5.4725195e-27,6.6297553e-13,5.978137e-07,7.561261e-08,8.687036e-14,2.9007906e-05
5.4724945000000006e-27,1.1712177e-12,5.9682014e-07,6.1996204e-08,6.345451e-14,3.1128173e-05
5.4079755000000005e-27,1.3399118e-12,4.8797415e-07,3.0458192e-08,5.4341436e-14,2.1763322e-05
5.0219163e-27,3.4335583e-11,6.7709226e-07,2.7929126e-08,1.01503956e-13,1.3496593e-05
4.6197775000000005e-27,6.66255e-13,6.53762e-07,5.078675e-08,8.9595696e-14,2.6909403e-05
4.3966392e-27,3.578796e-13,4.640808e-07,3.872967e-08,7.655525e-14,2.9588033e-05
4.3861618000000006e-27,1.666543e-12,4.186597e-07,2.5438798e-08,4.595162e-14,2.877592e-05
4.386148e-27,3.002287e-11,4.1796386e-07,3.1214967e-08,9.099103e-14,1.917012e-05
4.2839627000000005e-27,8.898585e-22,2.7291006e-07,3.835883e-08,7.456209e-14,2.2865872e-05
4.283954e-27,8.978119e-22,2.7245645e-07,5.4172663e-08,9.119646e-14,1.7049628e-05
4.145521e-27,2.93084e-13,1.8920258e-07,6.033584e-08,9.8782155e-14,1.6347574e-05
4.1455150000000005e-27,9.113428e-22,1.888881e-07,4.1833186e-08,1.0045004e-13,1.1619041e-05
4.096651e-27,9.191796e-22,1.3358583e-07,3.0126035e-08,1.1839068e-13,9.010722e-06
4.0966467e-27,9.265353e-22,1.333638e-07,1.8282991e-08,1.1191236e-13,7.1419086e-06
4.0388396e-27,1.623578e-12,8.709585e-08,2.152673e-08,6.016108e-14,1.4526255e-05
4.038837e-27,1.2801173e-12,8.695108e-08,1.7409242e-08,8.894181e-14,9.305221e-06
4.038834e-27,5.5591984e-13,8.680656e-08,1.8846041e-08,9.8163116e-14,1.0958199e-05
3.917368e-27,6.971866e-13,4.5669637e-08,2.4545011e-08,8.884459e-14,1.206672e-05
3.808367e-27,9.49996e-22,2.6494076e-08,2.9797718e-08,8.15674e-14,1.4059701e-05
3.8083662e-27,1.2312151e-13,2.6450039e-08,3.2261383e-08,9.222752e-14,1.539587e-05
3.7993028e-27,9.651133e-22,2.3969331e-08,1.940213e-08,1.6024135e-13,1.204459e-05
3.799302e-27,9.735254e-22,2.392949e-08,8.144596e-09,1.7313577e-13,1.1695307e-05
3.7993016e-27,8.527485e-13,2.3889713e-08,2.2981916e-09,1.414141e-13,1.2803705e-05
3.799301e-27,4.281264e-13,2.3850005e-08,2.1585007e-09,1.4125551e-13,1.4836047e-05
3.7993e-27,1.0034694e-21,2.3810362e-08,1.9032396e-09,2.1120898e-13,1.5982516e-05
3.7902586e-27,1.0132844e-21,2.1264873e-08,9.46275e-09,1.8224589e-13,1.4550802e-05
3.7106087e-27,1.0257551e-21,1.2949254e-08,5.4542664e-09,1.8074383e-13,1.3023444e-05
3.7106083e-27,2.4225622e-13,1.2927729e-08,1.855467e-09,1.7299443e-13,1.2682816e-05
3.7017780000000005e-27,1.0526505000000001e-21,1.1776346e-08,3.1646643e-09,2.1171514e-13,1.7547678e-05
3.7017780000000005e-27,1.141101e-12,1.1756771e-08,4.7080078e-09,8.068748e-14,1.9176183e-05
3.658148e-27,7.8699444e-13,8.526782e-09,1.4893199e-08,1.5076747e-13,1.8524654e-05
3.6321563e-27,6.839181e-14,6.865496e-09,1.4830819e-08,1.7166014e-13,2.189741e-05
3.632156e-27,2.485192e-13,6.854084e-09,2.3786484e-08,1.13358074e-13,2.1884078e-05
3.5978278e-27,2.1978785e-13,5.518923e-09,1.0129396e-08,9.702647e-14,1.9307194e-05
3.5892663000000004e-27,6.1803434e-14,5.0440736e-09,1.753615e-08,1.178251e-13,1.8299537e-05
3.589266e-27,5.503386e-13,5.035689e-09,1.60315e-08,1.2147787e-13,1.8023895e-05
3.489395e-27,8.827253e-13,4.9067252e-09,7.018183e-09,7.19752e-14,1.9247205e-05
3.4810914000000005e-27,5.64993e-13,4.573312e-09,1.4544325e-08,1.1213476e-13,1.5444148e-05
3.464563e-27,7.505509e-13,4.12041e-09,1.9052592e-08,9.2752825e-14,1.7182056e-05
3.3295565e-27,8.0369945e-13,7.094281e-09,2.7980946e-08,8.439493e-14,1.8437479e-05
3.329556e-27,7.210752e-13,7.0824884e-09,1.3540179e-08,8.0334306e-14,1.4071881e-05
3.3216330000000005e-27,2.009587e-13,6.5949e-09,1.7747825e-08,9.1022506e-14,1.242905e-05
3.3216325e-27,5.0728605e-12,6.5839374e-09,8.296977e-09,1.9604492e-13,5.847395e-06
3.3216325e-27,2.4671557e-13,6.5729933e-09,3.5345633e-09,1.3222272e-13,1.4500172e-05
3.2522986e-27,1.0665025e-21,8.1534575e-09,8.666803e-09,1.3515381e-13,1.5941205e-05
3.1909383e-27,6.192671e-13,9.643775e-09,4.9761457e-09,1.07504534e-13,2.1408332e-05
3.1909381e-27,1.0655722e-21,9.627744e-09,5.8086855e-09,1.3955621e-13,1.796871e-05
3.1633746e-27,1.0640345000000001e-21,9.219892e-09,1.9051672e-08,1.256631e-13,2.2079583e-05
3.116195e-27,3.61234e-13,9.320847e-09,2.1019764e-08,1.07589115e-13,2.4694835e-05
3.0066187e-27,1.0565137000000001e-21,1.5067915e-08,1.062716e-08,1.1880645e-13,1.9633258e-05
2.7380382e-27,1.0518377000000001e-21,4.5381654e-08,5.004274e-09,1.2612426e-13,2.7597598e-05
2.5981608e-27,1.0441897000000001e-21,4.1245965e-08,3.4268233e-09,9.624031e-14,3.6038207e-05
2.4151884000000003e-27,5.906005e-13,6.266793e-08,2.0523022e-08,7.5159544e-14,3.9649134e-05
2.3496877e-27,1.5915787e-13,5.09814e-08,1.496969e-08,8.311587e-14,3.147666e-05
2.2812683e-27,1.8712003e-13,6.1146345e-08,4.646382e-08,6.764556e-14,2.7768934e-05
2.2650587e-27,3.3645498e-13,5.5216493e-08,6.723364e-08,5.3696807e-14,3.125558e-05
2.2650577e-27,9.721377e-22,5.512469e-08,5.2266376e-08,8.075679e-14,3.1548658e-05
2.2489633000000003e-27,9.563247e-22,6.442312e-08,2.3956911e-08,1.02627284e-13,3.38674e-05
2.232983e-27,9.379812000000001e-22,7.779387e-08,9.586261e-09,1.0094986e-13,3.739661e-05
2.1532752e-27,6.805235e-14,2.2899324e-07,7.622606e-09,1.2721839e-13,4.359899e-05
1.9551675000000003e-27,1.93094e-13,6.523239e-07,2.745734e-08,1.0133105e-13,4.8639908e-05
1.9458755e-27,2.1338794e-13,5.6171586e-07,2.5071852e-08,9.1254044e-14,4.7158686e-05
1.9049785e-27,8.2046024e-14,5.3252006e-07,4.351873e-08,7.890612e-14,4.8287962e-05
1.8649415000000003e-27,1.8449737e-13,5.796408e-07,7.6445886e-08,6.062066e-14,5.087486e-05
1.7639587e-27,2.4569986e-13,1.1519925e-06,9.766034e-08,4.9015157e-14,5.792457e-05
1.5898835e-27,7.538545e-22,2.3722246e-06,1.5734602e-07,4.654502e-14,7.265925e-05
1.4022465e-27,2.6606885e-13,3.402509e-06,1.2615862e-07,6.484368e-14,6.588873e-05
1.3172731e-27,6.994254e-22,3.053965e-06,1.6746948e-07,9.1569696e-14,6.530258e-05
1.3049187e-27,1.8074759e-13,2.4603708e-06,1.1384738e-07,7.120028e-14,7.232819e-05
1.2540542e-27,1.2233044e-13,2.5021282e-06,9.125131e-08,6.057282e-14,6.591463e-05
1.0961042e-27,2.632481e-13,7.307332e-06,2.0285286e-07,3.4352292e-14,9.84446e-05
1.0690617e-27,3.0184226e-13,4.908489e-06,3.4650887e-07,3.65154e-14,8.883728e-05
1.0614313e-27,8.9884765e-14,4.176388e-06,9.0724785e-07,4.076253e-14,7.345616e-05
1.041531e-27,4.914025e-14,4.2018282e-06,6.1124324e-06,3.1117876e-14,9.431234e-05
1.0316597e-27,4.9813807e-22,4.1447165e-06,1.7710663e-05,2.9999823e-14,0.00012296766
8.875569e-28,4.7288927e-22,2.1409895e-05,6.915407e-05,3.4279796e-14,0.000112119036
8.663024e-28,4.5095697000000005e-22,1.35138935e-05,0.00011921267,4.74333e-14,0.00010081125
8.605533e-28,2.1195102e-14,1.1164833e-05,0.00031566454,3.3734598e-14,0.00015528093
8.260344e-28,8.343651e-14,1.0990429e-05,0.0008879203,2.5188895e-14,0.00021155096
7.397053000000001e-28,1.2234826e-13,2.4416657e-05,0.01016813,2.0883574e-14,0.0008886607
6.219677e-28,9.102048e-14,4.597758e-05,0.018095134,1.8184554e-14,0.002217449
5.186269e-28,1.8710855e-13,5.975106e-05,0.01161035,1.4457685e-14,0.0012204465
4.8059993e-28,7.28418e-14,4.3591062e-05,0.025290167,1.2106966e-14,0.002202328
4.6232757e-28,5.307009e-14,3.423854e-05,0.019793358,9.532097e-15,0.004743356
4.4731206e-28,8.7449504e-14,3.0707753e-05,0.023836883,7.515207e-15,0.007048049
4.291198e-28,8.285436e-15,3.2463573e-05,0.021807577,5.9927327e-15,0.033823714
4.126985e-28,1.6910503000000002e-22,3.39799e-05,0.020591684,2.0390473e-14,0.023934565
3.9684875e-28,1.520176e-22,3.7023587e-05,0.027611254,2.5781748e-14,0.017091615
3.8298176e-28,1.3298929e-22,3.589927e-05,0.011495784,2.720294e-14,0.025288645
3.166487e-28,1.2277271e-22,0.00012927523,0.040866088,2.5362121e-14,0.01713703
2.8428647e-28,9.9534575e-23,0.000109255234,0.018581819,2.0905176e-14,0.062100183
2.8140323e-28,9.051105e-23,8.3245206e-05,0.019074572,1.8168042e-14,0.018424584
2.7794366e-28,7.692291e-14,6.623622e-05,0.029538825,1.208811e-14,0.03712694
2.7185730000000004e-28,6.8476635e-23,6.0804916e-05,0.008813448,9.676469e-15,0.009769251
2.3973586e-28,6.3723446e-23,0.00020130341,0.008634503,1.1106094e-14,0.021665718
2.3512985e-28,6.073429e-14,0.00014239256,0.028241014,7.815442e-15,0.030217929
2.3107666e-28,4.9716384e-23,0.00012552242,0.014403614,7.811074e-15,0.015113977
2.074663e-28,2.8098403e-13,0.00066225836,0.029282497,8.229328e-15,0.041292854
2.0213533e-28,3.89954e-23,0.001705447,0.01220995,1.0434519e-14,0.03046746
1.8955284e-28,2.9327147e-14,0.0006034428,0.024391167,7.945635e-15,0.029568702
1.7081141e-28,3.1205627e-23,0.00069571764,0.029468644,5.9249535e-15,0.02194791
1.6559776e-28,2.7047434e-23,0.0017517775,0.013261509,1.1602776e-14,0.0185001
1.5833608e-28,3.5289215e-14,0.0007103983,0.026572058,7.114919e-15,0.04961912
1.4848322e-28,7.547472e-15,0.00040938618,0.011473389,7.009615e-15,0.0136514
1.449096e-28,1.9684945e-23,0.00051301124,0.019176612,7.956043e-15,0.045128025
1.4146226e-28,1.785941e-23,0.0067594023,0.024444893,8.745286e-15,0.020647734
1.3391598e-28,2.2528827e-14,0.005236678,0.016297482,5.74381e-15,0.03134463
1.1862869e-28,2.9924803e-14,0.0014454011,0.012437983,4.483914e-15,0.010930079
1.1012955e-28,4.5903955e-15,0.0037092818,0.030768165,3.545543e-15,0.028608175
9.979175299999999e-29,9.183843e-15,0.00092071947,0.014553671,2.8714504e-15,0.018946394
8.8433954e-29,4.3809923e-14,0.0006554043,0.02290585,1.7811386e-15,0.043057382
8.5549603e-29,2.1075466e-14,0.0009256732,0.014569021,1.6400946e-15,0.016700175
8.4601246e-29,2.1618334e-14,0.0015473574,0.015616334,1.1797909e-15,0.022888895
8.314334000000001e-29,3.8981584e-14,0.0013683581,0.018118197,8.670945e-16,0.011529861
8.164081e-29,2.3029067e-14,0.0010745206,0.014679763,7.0918913000000015e-16,0.034266815
7.9625124e-29,1.4457985e-14,0.005708742,0.01890652,5.680394600000002e-16,0.0064738896
7.61844e-29,2.337921e-14,0.004935438,0.014676168,4.973871e-16,0.012784884
7.205376399999998e-29,8.4881076e-16,0.0021137716,0.019125635,3.4133895000000003e-16,0.03113361
6.7629144e-29,4.4749914e-24,0.0016737505,0.015201594,9.702004e-16,0.011749481
6.265524399999998e-29,1.2840189e-14,0.013694355,0.018068606,9.042104e-16,0.026480766
5.659931e-29,3.711808e-24,0.0070165205,0.01430615,1.8231285e-15,0.011039967
4.6516122e-29,3.4312164e-24,0.0013615377,0.010596031,3.0738747e-15,0.014232172
4.1576747e-29,3.1685807e-24,0.0005867342,0.01724906,3.6492517e-15,0.045742497
4.0479572e-29,2.890079e-24,0.0005182638,0.02331176,4.557612e-15,0.014748341
3.9425953e-29,2.5725987e-24,0.0050948174,0.017141534,4.4257577e-15,0.031702533
3.750679e-29,4.3505247e-15,0.003597338,0.019104566,3.1386865e-15,0.0152395135
3.0839618e-29,2.1348243e-24,0.0009192478,0.014424842,2.7825113e-15,0.019681983
2.9772632e-29,1.9547027e-24,0.00048546866,0.028770356,3.4420001e-15,0.020440372
2.9262766e-29,6.111326e-15,0.0004686159,0.01052421,2.798815e-15,0.015172546
2.5673104e-29,1.5847947e-24,0.029479781,0.012197456,2.3496694e-15,0.021239515
2.1325145e-29,1.4659309e-24,0.014332721,0.014372703,2.8630605e-15,0.020650636
1.9043983e-29,1.3495863e-24,0.0046594264,0.019603796,4.1243517e-15,0.017360546
1.7291772e-29,5.663558e-16,0.0017214232,0.012180117,3.22975e-15,0.019510057
1.5652507e-29,1.1386021e-24,0.01468346,0.012129217,2.3779262e-15,0.012808228
1.387663e-29,1.0636018e-24,0.0058865706,0.004419989,2.1336159e-15,0.008051526
1.2965881e-29,8.357941e-15,0.0025852865,0.0027921381,1.8519859e-15,0.01589472
1.2655077e-29,7.196149e-15,0.003568991,0.0062533203,1.6035967e-15,0.014661382
1.1761683e-29,8.757169000000001e-25,0.005130185,0.004954972,1.4729666e-15,0.016675483
1.1287808400000001e-29,3.8707275e-17,0.0037908647,0.0031198568,1.2292469e-15,0.015291541
1.0394591e-29,9.887654e-15,0.0018931535,0.0046858024,5.5813796e-16,0.020511052
1.0152598e-29,5.7202083e-15,0.0040684575,0.0027547695,1.2033904e-15,0.010411464
9.725152e-30,4.236477e-15,0.0036447132,0.0040942677,1.0766672e-15,0.014020218
9.345e-30,6.4584722999999995e-25,0.0019683687,0.0024768212,1.1797839e-15,0.010672323
8.701967e-30,3.9242833e-15,0.0020212838,0.0075394437,8.925086e-16,0.022650162
8.492647e-30,5.6762754e-13,0.0024317896,0.0059016244,6.529463e-16,0.012564635
8.222748e-30,1.6959312e-12,0.0014236672,0.0053154943,6.066349400000002e-16,0.020852137
7.986143e-30,4.951443000000001e-25,0.002857607,0.006693916,6.765997e-16,0.005436615
7.76752e-30,7.197746600000001e-16,0.002016841,0.003516039,5.685323e-16,0.009167337
7.595603e-30,9.234562e-15,0.002421631,0.0024432016,4.1581986000000005e-16,0.016695946
7.36107e-30,1.7461051e-15,0.001508725,0.0056513115,4.124632e-16,0.017380241
7.221563e-30,2.5022434e-17,0.002677392,0.0035877437,3.9180539e-16,0.011878623
6.927569e-30,3.300936e-15,0.002247211,0.009397287,2.6115868000000003e-16,0.030462172
6.785341999999999e-30,6.8385955e-15,0.001765145,0.010193391,1.9270299e-16,0.005506535
6.434136e-30,1.1635123e-15,0.00077882595,0.009378455,1.9425824e-16,0.011025279
6.254422e-30,1.5407775e-15,0.0011018738,0.008848175,1.729087e-16,0.022422383
6.1255917e-30,2.6848987e-25,0.0009761609,0.0064988486,2.4467182e-16,0.0081379
5.9926224e-30,2.5195458e-25,0.0024869342,0.004254462,4.118758e-16,0.011697079
5.735144e-30,2.1617558e-15,0.0014371657,0.0039894693,3.5185547000000004e-16,0.019259617
5.6515805e-30,3.908101e-15,0.002245937,0.0018618217,2.8553992e-16,0.012441396
5.2375725e-30,3.6082e-15,0.0048438576,0.0019967216,2.3977345e-16,0.020846015
4.9650474e-30,3.3316504e-15,0.0021208662,0.00411011,1.84525e-16,0.01049597
4.8039283000000005e-30,2.2739048e-15,0.001157828,0.0019992369,1.7400046e-16,0.015413242
4.3094292e-30,1.3891813e-15,0.0038817564,0.0025668168,1.4143486e-16,0.009418787
3.7640653e-30,5.092619400000002e-16,0.0012701743,0.0012536478,1.1695845e-16,0.014813084
3.3259806e-30,2.173405e-15,0.0047825286,0.004003842,1.0353759e-16,0.020324735
3.130286e-30,1.4526564e-25,0.0017973537,0.0018664855,1.08492486e-16,0.0061796517
3.0770169e-30,3.6912023e-15,0.0014601928,0.0030891127,5.8740875e-17,0.008985349
3.025739e-30,5.57491e-14,0.0012958276,0.001956677,8.026212000000001e-17,0.01238957
2.9903833000000002e-30,2.8624725e-15,0.00118743,0.0048062736,6.1979095e-17,0.015806066
2.9020181e-30,1.6492364e-15,0.004430918,0.002511722,6.410705000000001e-17,0.006752293
2.7837339e-30,1.252348e-15,0.0030880033,0.0015775673,5.4210585e-17,0.011251955
2.701279e-30,2.3536764e-16,0.0020696584,0.0070036314,4.4829027e-17,0.024083422
2.5760912e-30,1.1318017e-15,0.0020367973,0.006201353,3.3683056e-17,0.008689202
2.4623477000000003e-30,2.1412248e-15,0.001037477,0.003986869,2.2118566e-17,0.008050123
2.3967976e-30,1.1111615e-15,0.0027393745,0.0030700138,2.126078e-17,0.017869636
2.3119034e-30,8.724237700000001e-16,0.0015679774,0.0042934883,1.4764125000000002e-17,0.017268151
1.895146e-30,1.6103044e-15,0.029052269,0.0018172213,1.7894813e-17,0.011374283
1.5774774e-30,1.2384798e-15,0.013542043,0.0044560623,1.4475346e-17,0.0199227
1.433208e-30,6.545737999999999e-26,0.008800943,0.0021686205,5.244114000000001e-17,0.0059855515
1.1709559e-30,6.139763e-26,0.033786103,0.008569568,9.375047e-17,0.018112747
9.10356e-31,5.3182726e-16,0.012118362,0.0075572357,7.996731000000001e-17,0.013018529
8.261866e-31,2.2139616e-15,0.0044226293,0.006181108,7.749473e-17,0.025776062
7.926468e-31,1.2511372e-15,0.0025690477,0.010005454,6.5433983e-17,0.006212579
7.0090416e-31,4.6063317e-26,0.0010572536,0.012171637,7.524879000000001e-17,0.014143798
6.8237866000000005e-31,4.2478416e-26,0.0014976409,0.019751769,9.946433e-17,0.029944304
6.734215e-31,3.856427e-26,0.0013239431,0.014154455,1.1358852e-16,0.011472087
6.6006270000000005e-31,8.076473e-16,0.0008568432,0.015873877,8.247474000000001e-17,0.029166698
6.5573043e-31,3.2384777e-26,0.00085541676,0.013865748,1.04577255e-16,0.008918597
6.4877590000000005e-31,2.9901283e-26,0.00070753804,0.012160421,1.211885e-16,0.013941411
6.298271e-31,4.94721e-16,0.0011586911,0.013621452,1.0969721e-16,0.018130187
6.1627407e-31,1.19114554e-17,0.00091101753,0.018138608,1.0717972e-16,0.015437005
5.93771e-31,9.142777e-16,0.009400214,0.007959003,8.259989000000001e-17,0.008968102
5.5011325e-31,1.197949e-15,0.00638218,0.006053192,6.4443756e-17,0.023173494
5.2373116e-31,7.431565e-16,0.0048832768,0.007966796,5.620121000000001e-17,0.0069418633
4.926735e-31,1.8824918e-26,0.003201467,0.014050381,5.6242524e-17,0.025288714
4.802517e-31,1.7324695000000002e-26,0.0028283284,0.023591114,9.521774e-17,0.008210656
4.5819020000000005e-31,1.5501984e-26,0.0013588202,0.0094291475,9.070384e-17,0.010758075
4.3085705e-31,9.768024e-16,0.007394569,0.009126823,6.43184e-17,0.020101093
4.003534e-31,1.336809e-26,0.0032803288,0.0105976155,7.1376906e-17,0.01219488
3.7759871e-31,6.781824e-16,0.01125618,0.015087915,4.959859e-17,0.0362308
3.4586554e-31,2.803486e-17,0.0066526844,0.013580963,5.143576e-17,0.0061052674
3.2858683e-31,1.3960879e-16,0.004896329,0.019154409,3.628532000000001e-17,0.00862659
3.006476e-31,9.399954e-27,0.0017064934,0.01658908,4.7357026e-17,0.030497074
2.8654506000000003e-31,8.5969176e-27,0.006036861,0.019193234,7.428747000000001e-17,0.011945611
2.7308685e-31,7.8166656e-27,0.0042844787,0.01098864,1.185277e-16,0.024586037
2.6281035e-31,7.2410906e-27,0.0049495487,0.017329143,1.300031e-16,0.026273334
2.4988454e-31,6.651996e-17,0.0034398928,0.009318592,1.6835832000000002e-16,0.015408632
2.4089843e-31,6.1766372e-27,0.0019269456,0.014297597,1.3777446e-16,0.024176044
2.293998e-31,5.691331e-27,0.00076301565,0.014868051,1.00690214e-16,0.017243233
2.2607427e-31,2.997732e-16,0.00056567334,0.015383119,8.108097e-17,0.021015283
2.0689312e-31,4.7857587000000005e-27,0.0032698428,0.010420347,1.0227309e-16,0.011599716
1.9735332e-31,2.756986e-16,0.0014572447,0.015099367,6.976272e-17,0.024211362
1.9287674e-31,4.0628790000000006e-27,0.0012480096,0.012693141,6.6692635e-17,0.0065592583
1.8670801e-31,2.2707069000000003e-16,0.0019969326,0.011308191,6.0312776e-17,0.018738093
1.7278437e-31,3.474637e-27,0.0006149953,0.014323843,4.6336137e-17,0.014111129
1.6236597e-31,3.832234e-16,0.0003815497,0.03219221,3.8227308e-17,0.044988796
1.5857612e-31,2.2597743e-16,0.00046149857,0.0091419425,3.0787924e-17,0.009309844
1.5639508e-31,2.420009e-27,0.0030730008,0.008937121,4.8747934e-17,0.022365414
1.4861259e-31,2.250473e-27,0.0037456383,0.017168323,3.7966134e-17,0.010352624
1.419633e-31,2.0617228e-27,0.0017538549,0.012965818,5.6717425e-17,0.016091874
1.3882995e-31,3.365992e-16,0.001280574,0.008701046,3.4210936e-17,0.021176273
1.3691929e-31,2.0048944e-16,0.0022691232,0.02583175,2.9370487e-17,0.030727252
1.312957e-31,3.090804e-16,0.0033172714,0.0075357137,1.9644732e-17,0.0089653805
1.2638379e-31,8.170453000000001e-17,0.0017957996,0.006920099,2.4839678e-17,0.01358295
1.2400151e-31,1.3205407e-27,0.0015178786,0.012749659,2.9680283e-17,0.02408591
1.1982522e-31,2.4797745e-16,0.0018664091,0.011123746,2.0426529e-17,0.005263981
1.1368386e-31,9.960451e-18,0.0006768429,0.010615924,2.054662e-17,0.0075621214
1.116262e-31,1.8562298000000003e-16,0.0004317279,0.009616573,1.6140920000000006e-17,0.011826909
1.1026677e-31,6.332912000000001e-17,0.00033174525,0.019009292,1.3582960000000003e-17,0.04720399
1.0998599999999999e-31,1.6776704e-16,0.00033119286,0.01760448,1.0003972e-17,0.011887464
1.0731255e-31,6.522667000000001e-17,0.0054430016,0.0075943577,8.400753e-18,0.013096854
8.919483600000001e-32,3.0522747e-18,0.010779543,0.006709306,7.96665e-18,0.0138409715
8.150639e-32,1.3282285e-16,0.0039771763,0.0027088874,5.899471e-18,0.013953313
7.7268476e-32,9.3205864e-17,0.0017115909,0.0033232037,4.8831818e-18,0.012028623
6.9409474e-32,1.3845095e-16,0.0057475576,0.0020165117,4.0628734e-18,0.02289551
6.042571e-32,5.767862e-28,0.0011552065,0.0043385257,4.50648e-18,0.011329521
5.941459e-32,5.4762480000000005e-28,0.00081475195,0.0014978045,7.921543e-18,0.008130016
5.716212e-32,5.226020000000001e-28,0.00062360126,0.0027306653,1.2557441e-17,0.007427212
5.1297374e-32,4.8747073e-28,0.014652459,0.0016379646,2.1470189e-17,0.024042416
4.4581878e-32,7.275829e-16,0.0048941253,0.0039825733,3.1639298e-17,0.0037529776
3.9871652e-32,4.363671e-28,0.010968981,0.002101755,2.7618841e-17,0.003920981
3.482811e-32,4.1344126000000005e-28,0.0030499496,0.006077234,3.167488e-17,0.00691088
3.3252275000000004e-32,3.8892155e-28,0.006202205,0.003535518,3.8862785e-17,0.008974421
3.1542375000000003e-32,3.6967236e-28,0.0040355786,0.0019909916,3.7049774e-17,0.00912069
3.0140668e-32,3.5097644000000003e-28,0.0019979973,0.0012519329,3.1507267e-17,0.012372507
2.9121812e-32,3.3076578000000003e-28,0.0015602343,0.006920324,2.8724833e-17,0.017655186
2.6923185e-32,2.8629866000000003e-17,0.0038912778,0.004826076,2.3582650000000006e-17,0.00845668
2.4397315e-32,2.9440384e-28,0.0009358271,0.001907124,2.1289096e-17,0.0058500986
2.4074246000000003e-32,2.8191873e-28,0.00070144696,0.0018603242,2.8575183e-17,0.0038122474
2.3792377000000003e-32,2.6813625e-28,0.0005345763,0.0011403704,2.3046536e-17,0.0029847794
2.3618188e-32,9.335086e-17,0.00046642305,0.0028115404,1.9052463e-17,0.005299874
2.3296288e-32,2.4025463000000003e-28,0.000576302,0.0017444456,1.9635223e-17,0.006576376
2.2550318000000003e-32,2.2839938e-28,0.002250961,0.0041386234,2.1947777e-17,0.008448081
2.1732545e-32,4.72879e-18,0.0011050345,0.0012981977,1.7526847e-17,0.005168906
2.0323705e-32,7.03155e-18,0.00089213887,0.0026903148,1.4228923e-17,0.00406453
2.0027561e-32,1.9701581e-28,0.0015009207,0.0010543481,1.7993597e-17,0.0050619445
1.9267472e-32,1.8833639e-28,0.0008913476,0.0029581334,2.0361079e-17,0.0025642002
1.9098117e-32,1.1462939e-14,0.0009853573,0.00065779197,9.187593e-17,0.0011067986
1.8878408e-32,1.7472783e-28,0.0008184048,0.0014194219,7.2272147e-17,0.00054247485
1.8113018e-32,1.6819646e-28,0.0015133859,0.00071563316,6.8522146e-17,0.000454309
1.7020598e-32,1.1348896e-16,0.0010486451,0.0037590244,8.784763000000001e-17,0.0027102043
1.6817638e-32,1.5415999e-28,0.001300689,0.0012019735,1.2004728000000002e-16,0.00087432447
1.5994966e-32,1.8554862e-16,0.0008739399,0.0018268166,8.644213e-17,0.0007181606
1.5657313e-32,1.2323682e-16,0.0016101887,0.00049730757,6.4532886e-17,0.0006001096
1.5464752e-32,1.3905368e-28,0.0016075065,0.00036117178,3.537311e-17,0.0007784389
1.5221517000000002e-32,1.3388092e-28,0.0013387846,0.0016868877,6.418378e-17,0.0020140859
1.5009921e-32,1.2886584e-28,0.0013811322,0.00050898676,7.508703000000001e-17,0.0006106537
1.4488091e-32,2.571718e-16,0.00069667504,0.00042164844,6.061094e-17,0.00030241394
1.3725329e-32,1.2043267e-28,0.00068487047,0.00054600666,5.9551644e-17,0.00016831276
1.318769e-32,1.1697511e-28,0.0026986613,0.0011555532,7.05852e-17,0.00012313522
1.2642273e-32,2.5535298e-16,0.0012685155,0.0002595942,4.673672e-17,8.075545e-05
1.2369498000000002e-32,1.4836705000000002e-16,0.0009026187,0.0002587265,4.8523146e-17,5.986742e-05
1.1532724e-32,3.2515824e-16,0.0034796356,0.000105887666,3.845171e-17,3.267745e-05
1.1219351e-32,7.7719184e-17,0.003072326,0.000100573416,4.6741313e-17,2.6705666e-05
1.0957547e-32,1.0151099e-28,0.0030672082,7.293531e-05,5.1605042000000003e-17,2.867658e-05
1.069165e-32,9.909342e-29,0.0027075282,2.6059084e-05,4.2710098e-17,2.4957097e-05
1.0027587e-32,9.684280499999999e-29,0.00083931285,7.4450513e-06,3.4220214e-17,2.358918e-05
9.775525599999999e-33,1.0897548e-16,0.00042755704,1.7465678e-06,3.491351000000001e-17,1.8382114e-05
9.718087e-33,9.373204299999999e-29,0.00036972907,4.6227177e-07,3.9763495000000004e-17,1.5991347e-05
9.3663e-33,1.7735044e-16,0.00013615158,1.09058305e-07,4.4531308e-17,1.898932e-05
9.019636e-33,9.00026e-29,4.828066e-05,5.9066213e-08,4.3532547e-17,1.7339831e-05
8.995031e-33,2.1112427e-16,4.2536405e-05,3.3086444e-08,2.4862879e-17,2.1237827e-05
8.819695e-33,1.2989907000000002e-16,2.1701977e-05,1.625183e-08,3.6790866e-17,1.5260059e-05
8.597859e-33,1.8024103e-16,9.672883e-06,1.5404517e-08,1.8420523e-17,1.7058519e-05
8.59722e-33,8.5243477e-29,9.656768e-06,1.7517197e-08,4.6688972e-17,1.30657545e-05
8.55583e-33,6.7136966e-15,7.736064e-06,3.527707e-08,4.4001866e-17,1.6932338e-05
8.534993e-33,7.054021e-16,6.838155e-06,5.9460938e-08,3.7133910000000004e-17,1.878513e-05
8.514261000000001e-33,1.6591905000000002e-16,6.0450034e-06,4.9169678e-08,3.9343403e-17,1.9431694e-05
8.3545425e-33,2.4348812000000003e-16,3.287409e-06,5.968669e-08,3.679569e-17,2.6604743e-05
8.354332000000001e-33,8.861609e-17,3.2819325e-06,7.548886e-08,3.2644790000000005e-17,2.0157455e-05
8.3342535e-33,1.6400473e-16,2.9073396e-06,8.2293006e-08,3.5297306e-17,2.52467e-05
8.314246e-33,2.3167998e-16,2.5748434e-06,6.79417e-08,2.3917645e-17,2.3897126e-05
8.314081000000001e-33,1.3954e-16,2.5705538e-06,6.703807e-08,3.0866622000000003e-17,2.1272537e-05
8.313917399999999e-33,2.2699898000000003e-16,2.5662716e-06,8.4524984e-08,2.548513e-17,2.6176816e-05
8.313753e-33,1.818973e-16,2.5619963e-06,6.435745e-08,1.774068e-17,2.6219102e-05
8.31359e-33,1.03134335e-16,2.5577283e-06,4.209694e-08,2.2412996e-17,2.3428198e-05
8.293653000000001e-33,2.422339e-15,2.2607342e-06,2.3278833e-08,3.6829148e-17,1.311552e-05
8.044136e-33,6.042579e-23,9.613022e-07,1.2133173e-08,3.1096677e-17,1.6979307e-05
8.044077e-33,1.0340309e-22,9.597007e-07,1.0724659e-08,3.5132830000000005e-17,1.5382242e-05
8.024879000000001e-33,1.6729638000000005e-22,8.489935e-07,6.2519434e-09,3.6710322e-17,1.7895261e-05
7.9116074e-33,2.3643004e-22,5.1906613e-07,2.6390787e-09,3.2348645e-17,1.9457744e-05
7.745329000000001e-33,3.1007159e-22,2.7660835e-07,6.438699e-09,3.5192138e-17,2.0688072e-05
7.745312399999999e-33,3.8071467e-22,2.7614755e-07,1.6985336e-08,3.6596720000000004e-17,2.0528132e-05
7.715866000000001e-33,4.682768e-22,2.3154955e-07,2.786057e-08,4.2102074000000004e-17,2.8289685e-05
7.653766e-33,5.253807600000002e-22,1.6788935e-07,1.7841952e-08,4.2245977e-17,1.7890094e-05
7.6537554e-33,5.820675e-22,1.6760966e-07,3.4552123e-08,3.9968583e-17,1.8942757e-05
7.635533e-33,6.27095e-22,1.484933e-07,3.203624e-08,3.9298322e-17,1.6257352e-05
7.42307e-33,6.701715e-22,7.1001665e-08,2.335667e-08,1.0932695e-17,2.2464103e-05
7.405401e-33,7.022267e-22,6.3094916e-08,2.4387084e-08,3.3697935e-17,1.3668434e-05
7.3877755e-33,1.6351209e-16,5.6013615e-08,1.6833425e-08,3.0375753e-17,1.2335941e-05
7.3877726e-33,7.455699999999999e-22,5.59203e-08,1.0083397e-08,3.961437000000001e-17,1.0388186e-05
7.387769e-33,7.761966000000002e-22,5.5827137e-08,1.028971e-08,3.7808507e-17,1.6211367e-05
7.099882e-33,7.989011000000002e-22,2.427529e-08,1.16821965e-08,3.3124514e-17,1.5037397e-05
7.050557000000001e-33,8.214613300000002e-22,1.8660035e-08,2.8091224e-08,3.2736640000000004e-17,1.7133683e-05
6.869235000000001e-33,1.1713025e-15,1.1095233e-08,3.3055198e-08,3.4264840000000005e-17,2.0540374e-05
6.869234e-33,8.822292e-22,1.1076749e-08,2.4108118e-08,3.3273757e-17,2.7735183e-05
6.869233399999999e-33,9.096461e-22,1.1058296e-08,2.0021755e-08,5.182813000000001e-17,2.3579332e-05
6.869233e-33,1.04047846e-16,1.1039873e-08,1.8532823e-08,4.195539000000001e-17,2.2163653e-05
6.869233e-33,5.30031e-17,1.1021481e-08,1.563582e-08,4.1701682e-17,1.7542457e-05
6.869232000000001e-33,9.713211000000001e-22,1.1003119e-08,9.469524e-09,4.137144e-17,1.9722936e-05
6.869231e-33,1.0071349e-21,1.0984788e-08,7.0480555e-09,4.9328426e-17,2.5064057e-05
6.8692305e-33,1.0334274000000001e-21,1.0966488e-08,2.523385e-09,5.0870542e-17,1.9150659e-05
6.820423000000001e-33,1.0578255e-21,8.873445e-09,8.6331253e-10,4.602277000000001e-17,1.8943278e-05
6.820423000000001e-33,1.0787728e-21,8.858662e-09,2.9909333e-09,4.658814000000001e-17,2.0750898e-05
6.771963e-33,1.3199529e-16,7.14542e-09,8.14132e-09,2.8241035e-17,2.3529365e-05
6.771962e-33,1.1639195e-16,7.133516e-09,5.8616005e-09,1.8729273e-17,2.3834571e-05
6.771962e-33,1.1213282e-21,7.1216317e-09,2.445398e-09,2.9553754e-17,1.4539298e-05
6.5988344e-33,1.0961473e-14,6.3795156e-09,1.4369851e-09,4.7891772e-17,1.6825345e-05
6.5988344e-33,6.6738768e-15,6.3688876e-09,9.544304e-10,6.307529e-17,1.7063598e-05
6.5988344e-33,1.1591475e-21,6.358277e-09,4.6868576e-10,5.697692e-17,1.8555547e-05
6.598834e-33,1.1659348e-21,6.347684e-09,3.2519925e-08,4.8590608000000003e-17,2.279421e-05
6.356262e-33,1.1666976e-21,1.0533243e-08,7.537275e-08,6.281643e-17,2.1917569e-05
6.3562616e-33,1.1645891e-21,1.0515695e-08,6.843037e-08,6.6576115e-17,2.5441777e-05
6.356261e-33,1.1619676000000001e-21,1.0498176e-08,5.0412055e-08,7.530649e-17,2.8573308e-05
6.356261e-33,1.1613102e-21,1.0480686e-08,2.9871092e-08,9.200355e-17,1.8416335e-05
6.208191e-33,1.160198e-21,1.2965352e-08,2.0889376e-08,7.6824035e-17,1.4565016e-05
6.16691e-33,1.1606566e-21,1.28656845e-08,2.6614906e-08,8.156704e-17,1.6344666e-05
5.8377922e-33,3.2684836000000003e-16,4.3146056e-08,4.6764946e-08,6.104356e-17,2.234855e-05
5.81618e-33,1.1512795e-21,3.9518433e-08,7.425044e-08,8.2781126e-17,1.5340704e-05
5.816178000000001e-33,2.8679977000000004e-16,3.9452594e-08,8.9828525e-08,5.750004e-17,2.7970143e-05
5.6694625e-33,1.1335987000000001e-21,6.181928e-08,1.2378953e-07,5.919712000000001e-17,2.65718e-05
5.5483774e-33,3.389572e-16,7.5789906e-08,8.500623e-08,4.8423815e-17,2.899145e-05
5.548374000000001e-33,1.1108324e-21,7.5663635e-08,9.228782e-08,4.8921080000000004e-17,3.31709e-05
5.45725e-33,1.6404318000000002e-16,7.976368e-08,1.0737239e-07,4.158399000000001e-17,4.121932e-05
5.457247e-33,3.029914e-16,7.963079e-08,1.08129996e-07,3.036692e-17,4.4217086e-05
5.4572435e-33,1.9173368e-16,7.949812e-08,1.8372513e-07,2.832538e-17,4.5824196e-05
5.4572402e-33,1.0205376e-21,7.936567e-08,3.0390186e-07,2.2674526e-17,4.7718557e-05
5.418463000000001e-33,5.1261643000000004e-17,9.012432e-08,2.8989174e-07,2.3566083e-17,4.1174688e-05
5.3927328e-33,2.245297e-16,1.01364236e-07,3.7660845e-07,2.0044906e-17,4.3500768e-05
5.379896000000001e-33,9.543414e-22,1.0690235e-07,1.7494468e-06,2.6511453e-17,5.46008e-05
5.3039822e-33,1.1771026000000002e-16,1.7411557e-07,1.2618598e-06,2.3168295e-17,5.2422653e-05
5.207948000000001e-33,1.787683e-16,2.5418794e-07,6.108015e-07,1.6202313e-17,5.1116796e-05
5.071618000000001e-33,2.5467445000000002e-17,4.063858e-07,5.5233414e-07,1.8325205e-17,4.8642418e-05
5.059534e-33,8.472842e-22,3.974736e-07,6.847102e-07,3.5274620000000004e-17,5.9957154e-05
5.0354975e-33,8.162555000000002e-22,4.3480134e-07,5.2778555e-06,4.9663322e-17,7.3900366e-05
5.0354810000000004e-33,1.6571214e-17,4.340769e-07,5.609425e-06,3.7121192000000003e-17,8.303234e-05
5.0115574e-33,5.133349000000001e-17,5.111485e-07,3.7940488e-06,3.2462445e-17,7.080266e-05
4.999613e-33,7.222940700000001e-22,5.5659876e-07,5.224262e-06,2.9261597e-17,7.214468e-05
4.6655955e-33,6.8929e-22,3.9590163e-06,8.512473e-06,2.4658946e-17,8.39461e-05
4.4330456e-33,6.524077600000002e-22,4.584764e-06,1.0831295e-05,2.4095617e-17,9.5739495e-05
4.360125e-33,8.218598000000001e-17,3.856013e-06,7.061516e-06,2.1478294e-17,7.755963e-05
4.3599960000000004e-33,5.8812274000000015e-22,3.849587e-06,3.1718726e-05,2.3772030000000006e-17,8.7524175e-05
3.767129e-33,7.744112e-17,1.9934045e-05,7.422821e-05,1.8246956e-17,0.00010729947
3.661931e-33,8.709496000000001e-17,1.2160301e-05,0.00013832116,1.5097922e-17,0.00012120505
3.4244186e-33,1.1580362000000002e-16,1.4324586e-05,0.00090032554,1.1467949e-17,0.00019141006
3.1370060000000004e-33,1.5291285e-16,2.3300652e-05,0.009132863,8.196910000000001e-18,0.00070473773
2.8366596e-33,1.4099835e-16,2.7331947e-05,0.01956807,5.071322e-18,0.00080666237
2.7867860000000006e-33,5.2929583e-17,1.8856168e-05,0.016576713,6.3526214e-18,0.0015888802
2.6275307e-33,1.0311247e-16,2.0065552e-05,0.015341715,4.7224022e-18,0.0019696255
2.3368462e-33,1.0094289e-16,3.9398004e-05,0.021688474,4.096308e-18,0.001989441
2.2994953e-33,7.351042000000001e-17,2.7876547e-05,0.017188974,3.3494772e-18,0.004964031
2.1453114e-33,5.721626e-17,3.223917e-05,0.029208932,2.620937e-18,0.008390257
1.868827e-33,2.8301617e-17,5.6931844e-05,0.007832008,1.853454e-18,0.008120482
1.824731e-33,1.8434102e-22,3.668296e-05,0.025693767,1.6605901e-18,0.019907525
1.7533202e-33,3.7282314e-17,3.198341e-05,0.028219514,1.0468364e-18,0.065108374
1.7121805999999998e-33,2.0669942e-17,2.7179363e-05,0.0110533815,8.434918999999999e-19,0.030943811
1.7037316e-33,1.3174278000000001e-17,2.4359388e-05,0.03536795,7.465180999999999e-19,0.021248018
1.5472861e-33,3.613883e-17,6.6915505e-05,0.012738796,4.978557e-19,0.036293052
1.5464907e-33,9.631798e-23,6.6803885e-05,0.027827509,3.1300554e-18,0.014729762
1.4974295e-33,8.416281000000001e-23,5.2061732e-05,0.020120444,4.637009e-18,0.03744423
1.4641428e-33,4.6889097e-17,4.466446e-05,0.026891932,3.4235217e-18,0.011217922
1.4293444e-33,2.6060979e-17,4.3548815e-05,0.011379657,2.7447437e-18,0.06387507
1.3067522e-33,2.980535e-17,0.00010410251,0.03762822,2.0488546e-18,0.024226764
1.1930343e-33,4.7340354e-23,0.00014366265,0.012602709,7.444641e-18,0.028387398
1.0782838e-33,4.3580450000000004e-23,0.00020211388,0.028323896,8.767096e-18,0.053203538
1.04718345e-33,2.0126572e-17,0.00015498362,0.010459139,6.5187840000000004e-18,0.013775705
1.0410974e-33,3.4991405e-23,0.00014693885,0.030103091,5.150476e-18,0.052154724
1.0399224e-33,3.0177470000000003e-23,0.0001466937,0.013624324,6.333806e-18,0.014699978
1.0363478e-33,6.0251110000000004e-18,0.00022365768,0.03489143,4.8262924e-18,0.04762715
1.0286473e-33,1.0621678e-17,0.00019445983,0.007860627,3.962193e-18,0.012968745
9.246563e-34,1.4590765e-19,0.0016947201,0.009605246,3.2116935e-18,0.026132133
8.458969e-34,1.9967781e-23,0.026445312,0.016950967,3.1359908e-18,0.01920677
6.8180546e-34,2.2666390000000006e-17,0.014694612,0.034599572,2.150641e-18,0.056992143
6.0899659999999995e-34,1.1556880000000001e-17,0.014670092,0.010691528,1.6762478999999998e-18,0.021114444
5.4909e-34,1.3737069e-17,0.010536188,0.023661938,1.3321781e-18,0.03665695
5.0775497e-34,5.5852075e-18,0.0058849957,0.018844813,1.0063710999999998e-18,0.030248703
4.8530197e-34,9.471140000000001e-18,0.005875176,0.01803316,5.932738e-19,0.018829739
4.638769e-34,4.5426185e-19,0.0058653727,0.04410109,5.0667227e-19,0.025396956
4.3835263e-34,7.730905500000001e-24,0.0026900307,0.01256893,1.1163048e-18,0.013221532
4.192881e-34,2.024561e-17,0.0011891568,0.008449183,8.893650999999998e-19,0.01664485
3.7020129999999997e-34,3.852399e-18,0.0019057665,0.017494176,6.520305999999999e-19,0.025095357
3.2680385e-34,6.0451488e-24,0.03613088,0.016621144,2.3048625e-18,0.019563511
2.4986705e-34,5.5130215e-24,0.01758972,0.03595514,2.2821766e-18,0.023232674
2.1597902e-34,4.6741602e-24,0.0044928524,0.008225087,2.484817e-18,0.006105642
2.085761e-34,4.338402e-24,0.004156995,0.010952489,2.8748174e-18,0.022570997
2.0146543e-34,1.0426034e-17,0.0030796046,0.023035655,1.9630654e-18,0.011751918
1.9629174e-34,3.5213439999999996e-24,0.002625259,0.0066875326,2.2977926e-18,0.013077507
1.923711e-34,3.2946358e-24,0.0026208786,0.008839312,2.9415475e-18,0.026122406
1.8853508999999999e-34,1.1585889e-17,0.0026165056,0.011698994,1.7774019e-18,0.007081281
1.847818e-34,8.232176e-18,0.0026121398,0.011203635,1.992851e-18,0.011158865
1.7951499e-34,4.6033536e-18,0.0016174464,0.010124875,1.5720965e-18,0.018546322
1.7635074e-34,1.6994576e-18,0.0012190938,0.0062858216,1.3752288e-18,0.010382046
1.6947863e-34,4.2373034e-18,0.0013225595,0.0065193116,1.164873e-18,0.007156823
1.6674824e-34,2.6731557e-15,0.001614939,0.0055467384,3.5450298e-18,0.017919466
1.644199e-34,2.3776572000000002e-17,0.0014367119,0.0061224783,2.6803599e-18,0.015574519
1.6261444e-34,2.7949324e-17,0.0014343148,0.007120839,2.3245889e-18,0.018531233
1.509902e-34,1.7448382000000002e-24,0.0004852823,0.005982123,4.710682e-18,0.013392947
1.2094266e-34,1.6434261e-24,0.0008217378,0.005087092,4.4550393e-18,0.012519961
1.1951989e-34,2.2723841e-17,0.00068596133,0.0025838001,3.4463120000000002e-18,0.013847275
1.1611859e-34,5.686662399999999e-18,0.005048096,0.002852835,3.2699434e-18,0.01825666
1.113145e-34,1.3756594e-24,0.0038009565,0.0014778769,4.4916813e-18,0.011374542
9.3930723e-35,1.2868678e-24,0.00082823995,0.0074234926,4.2265927e-18,0.027220195
9.333473e-35,2.7478786e-17,0.0008268582,0.0071476367,3.3366553e-18,0.0071815583
8.786997e-35,1.1217266e-24,0.00043070756,0.0047983266,3.2509400000000007e-18,0.011945357
7.875568e-35,1.0579137e-24,0.0013112806,0.004098325,5.1287684e-18,0.017349314
7.716364499999998e-35,1.2272178e-17,0.003443694,0.0024553882,3.6811676e-18,0.026311692
7.5148246e-35,6.169348299999999e-18,0.0034379493,0.005765527,2.798222e-18,0.012083624
7.2446664e-35,8.533763e-25,0.0019332233,0.0065985513,3.5360163999999995e-18,0.028903577
7.1270825e-35,1.5274452000000002e-17,0.0017126892,0.0074427393,2.9120995000000003e-18,0.0071003246
6.5345496e-35,3.536733e-17,0.0014490859,0.004049384,2.0196237e-18,0.006630565
6.438809e-35,1.1833633000000001e-17,0.0023913626,0.0053944415,2.2923702e-18,0.010610617
6.2695594e-35,6.6033950000000005e-25,0.002518343,0.0021054489,2.4539986e-18,0.008330125
6.1322716e-35,1.09747395e-17,0.0020395648,0.0029991835,1.8911142e-18,0.009499433
5.946965e-35,2.1151379e-17,0.0019229666,0.0018313518,1.6013818e-18,0.009661671
5.496131e-35,1.1533621e-17,0.0005698379,0.0028750699,1.5317661e-18,0.019484552
5.1443094e-35,5.2581223e-25,0.0002765894,0.0017557638,1.3971733e-18,0.0080246935
4.7913488e-35,1.3092492e-17,0.00024311632,0.0030838503,1.1917975e-18,0.012548728
4.7170637e-35,4.645938e-25,0.00019866077,0.0026426963,1.2736774999999998e-18,0.025314406
4.7098675e-35,4.3429785999999985e-25,0.0001983294,0.0060564247,2.0047297e-18,0.006613885
4.6810943e-35,4.0548027e-25,0.001049576,0.005217414,2.0269587e-18,0.011828101
4.5761522e-35,1.8959555e-17,0.0013858129,0.0027552785,1.4025515e-18,0.01416128
4.5021104e-35,1.8210838e-18,0.0010277348,0.0035372416,1.2890857e-18,0.03294918
4.4208882e-35,3.2987405e-25,0.0006737713,0.0035724472,1.2358737999999998e-18,0.007730229
4.3286696e-35,9.3105175e-18,0.00042709982,0.0044705137,1.0261093e-18,0.011619036
4.1540708e-35,9.781252000000001e-18,0.0005364358,0.0022612063,7.1346484e-19,0.01506409
4.12814e-35,1.0271516e-17,0.0008026895,0.007028689,6.825233e-19,0.02762083
3.9910065e-35,2.5645747e-25,0.0009866689,0.004762907,9.666344e-19,0.0045466847
3.7310658e-35,1.2149813e-17,0.007954931,0.0021089744,7.319087999999999e-19,0.008494473
3.4395286e-35,2.2541981e-25,0.0032576476,0.009544197,8.417427699999999e-19,0.019942747
3.3076686e-35,1.07903e-17,0.006187897,0.0064927097,6.3957626e-19,0.010179943
3.141575e-35,1.4001408e-17,0.0045653996,0.004825746,4.695946999999999e-19,0.01704376
3.0135327e-35,9.210540000000001e-18,0.0027273842,0.0032265407,4.7952865e-19,0.012250788
2.9510246e-35,1.7485443e-25,0.0027228354,0.004742323,5.564432599999999e-19,0.01173217
2.8265964e-35,1.6548275e-25,0.0035268476,0.0018477242,6.911310999999999e-19,0.009705385
2.7455174e-35,3.3492835e-18,0.0028411215,0.0059358138,5.95336e-19,0.017406842
2.6832788e-35,9.014560000000001e-18,0.0025663618,0.0031746097,4.4497535e-19,0.0074928394
2.6308746e-35,1.4028977e-25,0.0025620817,0.0016749488,6.662098699999999e-19,0.0074012363
2.5795787e-35,5.032916299999999e-18,0.0025578085,0.0036153826,5.441347599999999e-19,0.010932018
2.49966e-35,6.769279e-18,0.0014580116,0.0013882293,4.1273787e-19,0.009905803
2.4675558e-35,8.514534e-18,0.0012987634,0.0019564272,4.2647132e-19,0.0038688043
2.4386707e-35,9.997423e-18,0.0012310985,0.00082605775,3.085832e-19,0.006782279
2.3660489e-35,2.862775e-18,0.000723241,0.003459418,3.5151058e-19,0.007096509
2.348105e-35,1.034803e-25,0.0007613586,0.001422438,3.997893e-19,0.01084901
2.2746774e-35,2.007567e-18,0.00037775567,0.0039098547,3.337693e-19,0.011140605
2.2313243e-35,1.1015057999999998e-19,0.00024228483,0.0014751583,2.6534525e-19,0.009033931
2.2221177e-35,8.737466500000001e-26,0.00021978504,0.00590408,3.6465515e-19,0.019551238
2.185056e-35,8.16743e-26,0.0001881131,0.0041988473,1.354034e-18,0.0087225195
2.1668291e-35,7.6110446e-26,0.00025246432,0.013034964,2.108558e-18,0.04378676
2.1183338e-35,2.554146e-18,0.005445392,0.014453128,1.5025887e-18,0.014840568
1.9909568e-35,6.476102e-26,0.004855999,0.007908174,1.4428612e-18,0.013898452
1.9176702e-35,6.0573e-26,0.0042902385,0.0052155172,1.4867812999999998e-18,0.021168819
1.854656e-35,1.7210427e-17,0.0038484696,0.008379254,1.9066097e-18,0.022618564
1.7773285e-35,5.3505643e-26,0.002763727,0.0060014473,1.2990921999999998e-18,0.013877208
1.7380106e-35,1.9855014e-19,0.0024410037,0.0051960056,8.95515e-19,0.022577751
1.7057099e-35,4.71206e-26,0.0024369329,0.002673735,9.729927e-19,0.005561742
1.674062e-35,4.457335e-26,0.0024328688,0.0054247123,1.1151190000000001e-18,0.008006165
1.6357321e-35,2.0784267e-18,0.0031580771,0.0028117655,7.707258499999999e-19,0.013624347
1.5132382e-35,3.550606e-18,0.0039376225,0.005982131,6.5792865e-19,0.029530864
1.468131e-35,3.6299866000000005e-26,0.003931056,0.009215356,5.7938455e-19,0.007944449
1.4136756e-35,3.382194e-26,0.0023404935,0.014237576,6.095204399999999e-19,0.021228807
1.3520775e-35,4.603324699999999e-19,0.00101539,0.01446809,4.0755357e-19,0.017185563
1.3164201e-35,3.4248620000000002e-18,0.0007393213,0.0118252775,3.029786e-19,0.015651887
1.3005092e-35,3.4177628e-18,0.0020000527,0.010192675,2.735509e-19,0.017376842
1.2742687e-35,3.3154205e-18,0.0018279948,0.008534762,1.96001e-19,0.015739499
1.2523192e-35,1.3628633e-18,0.0014692623,0.010209547,1.5290832e-19,0.023081088
1.2313754999999998e-35,1.263729e-18,0.0010943444,0.009798419,2.0118568e-19,0.011989417
1.2008381e-35,1.9538219999999998e-26,0.0006698833,0.012107347,1.7015480999999998e-19,0.02607395
1.18962446e-35,3.081622e-16,0.0007101986,0.013732608,4.8238583e-19,0.008958873
1.1368716e-35,8.543307499999998e-18,0.00048984296,0.008637981,5.115247e-19,0.013454212
1.0875786e-35,6.428096e-18,0.002296438,0.006675266,4.8878304e-19,0.017658275
1.0616082e-35,7.784779599999999e-18,0.0015721972,0.011450908,3.6959632e-19,0.02221991
1.0451656e-35,4.840828399999999e-18,0.0012691233,0.013275863,3.1201855e-19,0.009112724
1.0290503e-35,7.306411e-18,0.0009716591,0.012057122,2.0484871e-19,0.025398847
9.9538894e-36,5.203307299999999e-18,0.0017979234,0.0125124855,2.452504e-19,0.010009537
9.817297e-36,5.632699599999999e-18,0.0017949251,0.011569743,2.205197e-19,0.020228753
9.6453796e-36,9.384504e-27,0.0014113535,0.017966293,2.2591696e-19,0.014853769
8.643756e-36,1.7251999e-18,0.00075465586,0.015864959,2.400513e-19,0.022376798
7.208064e-36,3.3978898e-18,0.005076911,0.011973077,1.9433403e-19,0.008288073
6.747724e-36,7.188135e-27,0.003146535,0.01973688,2.2553066e-19,0.038795907
6.448965499999999e-36,3.4762223999999994e-18,0.0015271278,0.025590837,1.6834538e-19,0.013260753
6.090866999999999e-36,3.541936e-18,0.005070273,0.0106537705,1.6341279e-19,0.025811313
5.857578e-36,5.025266e-18,0.004483519,0.0070708073,1.0746753e-19,0.010980937
5.638268e-36,4.820564e-27,0.003746305,0.015857546,2.460647e-19,0.021299975
5.4609074e-36,1.6382888e-18,0.002771787,0.013237924,2.6079663e-19,0.013988394
5.3143293e-36,2.7786165e-18,0.0020339806,0.019547625,1.9916458e-19,0.030202007
5.0689183e-36,8.541748e-19,0.010485689,0.013431868,1.7730269999999998e-19,0.014748485
4.56378e-36,4.1098293e-19,0.0073592425,0.019560445,1.4090165e-19,0.02415923
4.0935213e-36,3.0028293e-27,0.0018530192,0.017590938,1.2549568e-19,0.006987642
3.818558e-36,2.3261518e-18,0.0017605872,0.011218106,1.0440663e-19,0.0117279235
3.5329675e-36,2.5361204e-27,0.013202725,0.015674548,1.1718885e-19,0.018508125
2.8851656e-36,2.6786445e-18,0.008378184,0.011593171,8.328757499999999e-20,0.011064731
2.463267e-36,2.1346645e-27,0.0015055777,0.025659248,1.833881e-19,0.038368657
2.2946083e-36,1.6503033999999998e-18,0.00061200146,0.014157665,1.7852373999999998e-19,0.015587879
2.226331e-36,1.7623210999999997e-18,0.0006401086,0.016426936,1.1752574e-19,0.018754765
2.2107756e-36,1.5457572000000002e-27,0.0011420723,0.020830764,1.468763e-19,0.019572936
2.0976861e-36,1.3884362e-18,0.0037898067,0.013604763,1.2186179e-19,0.021795664
1.98115e-36,5.0339643e-19,0.001457582,0.015137539,1.2437011e-19,0.009670659
1.9197958e-36,1.0789491e-18,0.0010333528,0.017909827,1.0067166e-19,0.03080528
1.8931502e-36,1.0548477e-27,0.0026635488,0.014533337,1.6812573e-19,0.006475384
1.8468111e-36,9.752789e-28,0.002571827,0.010832542,1.2875046e-19,0.008463118
1.7853631e-36,9.099241e-28,0.0014291088,0.006184693,1.5756832e-19,0.008727527
1.7206523e-36,1.2353748999999998e-18,0.0017156432,0.0063713756,1.6240573e-19,0.013892528
1.695391e-36,1.0987518e-18,0.0015210686,0.0020429024,1.6004695999999998e-19,0.007809347
1.670695e-36,4.666304e-19,0.0013056886,0.004468856,9.354304e-20,0.015665434
1.6285628e-36,7.1090210000000005e-28,0.0050573843,0.004172855,1.3893307e-19,0.017324002
1.5563932e-36,6.361152999999999e-19,0.0039504683,0.0015155227,1.03322445e-19,0.0067987475
1.4942694e-36,6.3684287e-28,0.002156198,0.0038427804,8.695711599999999e-20,0.011326724
1.4571093e-36,9.4587954e-18,0.001467793,0.0012444615,2.0788922e-19,0.015750779
1.440765e-36,5.7044596e-28,0.0014653452,0.002521818,1.9876099e-19,0.010705885
1.4221851e-36,5.3300487000000005e-28,0.0013373522,0.0014101496,2.3056892e-19,0.024479164
1.3760479e-36,1.0806314e-18,0.004840643,0.0021768545,1.8218100000000001e-19,0.0046159434
1.2897127e-36,9.5138575e-18,0.0030979475,0.0010029941,2.6605747e-19,0.009157882
1.2581367e-36,1.2957795e-18,0.0027436342,0.0024365876,2.246807e-19,0.014992531
1.2201432e-36,1.0278616e-18,0.0021969068,0.0012197864,2.091412e-19,0.016954293
1.1950967e-36,9.695966e-18,0.0016962698,0.0034962518,3.186809e-19,0.004289894
1.170949e-36,3.8752736999999994e-28,0.0011762193,0.001319731,3.3279983e-19,0.0032622558
1.1559679e-36,3.6925246e-28,0.000978587,0.0031144547,3.430992e-19,0.004042475
1.1382413e-36,3.4536645e-28,0.0014492597,0.0017197443,2.8399863e-19,0.0071255057
1.1190502e-36,1.5638961e-16,0.0010954441,0.002968825,2.4460382e-19,0.006900379
1.100745e-36,1.2109639e-18,0.0011537328,0.0010445525,2.5660069999999995e-19,0.0075990926
1.0890015e-36,2.9928364e-28,0.001021759,0.0012373687,2.8837204e-19,0.005239522
1.0762154e-36,2.856667e-28,0.0008280873,0.0022194812,3.1668437e-19,0.00513966
1.0693881e-36,2.7027367e-28,0.0008267062,0.0008491981,2.7763053e-19,0.009781181
1.0559906e-36,2.6092728e-28,0.0006539947,0.0004247232,3.0335027e-19,0.0040159873
1.0439549e-36,2.5016942e-28,0.0007175362,0.0014508562,3.2979094e-19,0.0034118288
1.0338662e-36,2.4097943000000003e-28,0.00062398217,0.0004887937,3.0061188e-19,0.0017835156
1.02892015e-36,1.7292181e-18,0.0006229415,0.0002278997,2.1240352e-19,0.0013237703
1.02400605e-36,1.4709982999999998e-18,0.0006219025,0.00019952953,2.5574292e-19,0.0007318144
1.0169851e-36,2.1633088000000003e-28,0.0008207728,0.001058814,2.6103703e-19,0.002629602
1.01059035e-36,2.079865e-28,0.00081940385,0.0012880499,2.0638762e-19,0.0011545573
1.00012075e-36,1.3527615e-18,0.0012285755,0.001041665,1.8164566e-19,0.00085143634
9.597706e-37,1.1880735e-18,0.0011270385,0.0005702997,1.5731299e-19,0.0008208455
9.014124e-37,1.8452987e-28,0.006633216,0.000943212,1.8536687e-19,0.0010326545
8.566119e-37,1.8069183e-28,0.006622153,0.00042857908,2.0332804e-19,0.00044425015
8.144409e-37,3.1528454000000004e-16,0.005741536,0.0007496566,1.4472321e-19,0.0011247563
7.790712e-37,1.6883947e-28,0.0046352674,0.00038514243,1.9372516e-19,0.00088887045
7.5095383e-37,8.255657499999999e-19,0.0040033027,0.00024532393,1.5558167e-19,0.0012019384
7.159955e-37,1.5872247e-28,0.0018377651,0.00020205531,1.5959125e-19,0.00059085607
6.7518506e-37,2.6006527e-16,0.00081556285,0.00010411746,1.6201161e-19,0.0004811945
6.696173e-37,4.8544397e-18,0.00075113744,4.4282013e-05,1.8054044e-19,0.00057270454
6.657629499999999e-37,2.0944319e-18,0.0007498846,1.8065084e-05,2.0101643e-19,0.00051077857
6.605866199999999e-37,2.9263377e-18,0.0006712176,4.418166e-06,1.5111306e-19,0.00033672072
6.4141623e-37,4.190335e-18,0.0004937919,1.1142731e-06,1.3515663e-19,0.00031366438
6.3760896e-37,2.7514701e-18,0.00049719436,3.8288303e-07,1.6420267e-19,0.00017966641
6.113185399999999e-37,4.5705300000000004e-18,0.0013237012,2.2497565e-07,7.840323499999999e-20,0.00015320252
6.051311699999999e-37,6.7114126e-19,0.0013214934,1.6390955e-07,1.3040133e-19,6.4069405e-05
5.868234e-37,1.2484284e-28,0.0017646779,1.4350276e-07,2.659115e-19,4.229986e-05
5.7408207e-37,2.6685593e-18,0.0011763579,4.8250445e-08,2.1169736e-19,2.6093436e-05
5.651035399999999e-37,8.5152136e-17,0.0008506424,2.1957602e-08,2.9512158e-19,2.1576463e-05
5.614213e-37,5.3645435e-17,0.0008492235,1.918806e-08,2.852427e-19,2.767885e-05
5.577690699999999e-37,3.579407e-18,0.00084780704,8.1004075e-09,2.0811492e-19,3.042626e-05
5.541467e-37,2.073007e-18,0.00084639294,3.522173e-09,1.8726382e-19,2.4361192e-05
