bulk_species_node [MG] at P @ dist64,bulk_species_node [MG] at P @ dist648,bulk_species_node [MG] at Chlorine @ dist64,bulk_species_node [MG] at Chlorine @ dist648,bulk_species_node [MG] at P @ dist356,bulk_species_node [MG] at Chlorine @ dist356,bulk_species_node [MG] at P @ dist399,bulk_species_node [MG] at Chlorine @ dist399,bulk_species_node [MG] at P @ dist420,bulk_species_node [MG] at Chlorine @ dist420,bulk_species_node [MG] at P @ dist485,bulk_species_node [MG] at Chlorine @ dist485,bulk_species_node [MG] at P @ dist606,bulk_species_node [MG] at Chlorine @ dist606,bulk_species_node [MG] at P @ dist1028,bulk_species_node [MG] at Chlorine @ dist1028,bulk_species_node [MG] at P @ dist1332,bulk_species_node [MG] at Chlorine @ dist1332,bulk_species_node [MG] at P @ dist1363,bulk_species_node [MG] at Chlorine @ dist1363,bulk_species_node [MG] at P @ dist1459,bulk_species_node [MG] at Chlorine @ dist1459,bulk_species_node [MG] at P @ dist1464,bulk_species_node [MG] at Chlorine @ dist1464,bulk_species_node [MG] at P @ dist1915,bulk_species_node [MG] at Chlorine @ dist1915
0.0,0.0,0.0,0.0,0.0,0.0,0.0,0.0,0.0,0.0,0.0,0.0,0.0,0.0,0.0,0.0,0.0,0.0,0.0,0.0,0.0,0.0,0.0,0.0,0.0,0.0
0.0,0.0,0.0,0.0,0.0,0.0,0.0,0.0,0.0,0.0,0.0,0.0,0.0,0.0,0.0,0.0,0.0,0.0,0.0,0.0,0.0,0.0,0.0,0.0,0.0,0.0
0.0,0.0,0.0,0.0,0.0,0.0,0.0,0.0,0.0,0.0,0.0,0.0,0.0,0.0,0.0,0.0,0.0,0.0,0.0,0.0,0.0,0.0,0.0,0.0,0.0,0.0
0.0,0.0,0.0,0.0,0.0,0.0,0.0,0.0,0.0,0.0,0.0,0.0,0.0,0.0,0.0,3.8589675e-05,0.0,0.0,0.0,1.0694039e-05,0.0,2.6291057e-06,0.0,1.3016084e-06,0.0,0.0
0.0,0.0,0.0,0.0,0.0,0.0,0.0,0.0,0.0,0.0,0.0,0.0,0.0,0.0,0.0,5.9955975e-05,0.0,0.0,0.0,3.3321863e-05,0.0,1.0893483e-05,0.0,5.6478457e-06,0.0,0.0
0.0,0.0,0.0,0.0,0.0,0.0,0.0,0.0,0.0,0.0,0.0,0.0,0.0,0.0,0.0,5.8994043e-05,0.0,3.373678e-08,0.0,3.2662858e-05,0.0,1.1111893e-05,0.0,6.0115613e-06,0.0,0.0
0.0,0.0,0.0,0.0,0.0,0.0,0.0,0.0,0.0,0.0,0.0,0.0,0.0,2.0238176e-08,0.0,5.9155278e-05,0.0,7.029292e-08,0.0,3.0534717e-05,0.0,9.55886e-06,0.0,4.822058e-06,0.0,0.0
0.0,0.0,0.0,0.0,0.0,0.0,0.0,0.0,0.0,0.0,0.0,0.0,0.0,4.0158525e-07,0.0,6.06666e-05,0.0,1.13139556e-07,0.0,2.9818788e-05,0.0,9.222158e-06,0.0,4.502898e-06,0.0,0.0
0.0,0.0,0.0,0.0,0.0,1.9718234e-06,0.0,6.3279165e-10,0.0,0.0,0.0,8.6069846e-08,0.0,9.410188e-07,0.0,6.0318856e-05,0.0,1.914773e-07,0.0,3.1282234e-05,0.0,1.01303e-05,0.0,5.26664e-06,0.0,0.0
0.0,0.0,0.0,0.0,0.0,6.9942175e-06,0.0,1.6427962e-09,0.0,0.0,0.0,2.8687606e-07,0.0,1.2399952e-06,0.0,5.9033835e-05,0.0,2.1090243e-07,0.0,3.1534808e-05,0.0,1.0629032e-05,0.0,5.5178602e-06,0.0,1.1607348e-11
0.0,0.0,0.0,0.0,0.0,6.5244535e-06,0.0,2.7191536e-09,0.0,0.0,0.0,3.323629e-07,0.0,1.1829255e-06,0.0,6.04818e-05,0.0,1.6824615e-07,0.0,2.988807e-05,0.0,9.250238e-06,0.0,4.669177e-06,0.0,7.763518e-11
0.0,0.0,0.0,0.0,0.0,6.057639e-06,0.0,2.3937217e-09,0.0,0.0,0.0,3.6831173e-07,0.0,1.0548267e-06,0.0,6.0053175e-05,0.0,1.3564915e-07,0.0,2.9360033e-05,0.0,8.5906595e-06,0.0,4.1530748e-06,0.0,1.0930903e-10
0.0,0.0,0.0,0.0,0.0,6.47383e-06,0.0,1.5780611e-09,0.0,0.0,0.0,4.2000892e-07,0.0,1.0920226e-06,0.0,6.0938408e-05,0.0,1.458314e-07,0.0,3.0026407e-05,0.0,8.685741e-06,0.0,4.2158654e-06,0.0,2.0244292e-10
0.0,0.0,0.0,0.0,0.0,6.633605e-06,0.0,1.9097643e-09,0.0,0.0,0.0,4.41059e-07,0.0,1.1449995e-06,0.0,6.219739e-05,0.0,1.5410359e-07,0.0,2.8762244e-05,0.0,8.427154e-06,0.0,4.0741243e-06,0.0,2.0328539e-10
0.0,0.0,0.0,0.0,0.0,6.272418e-06,0.0,2.5778542e-09,0.0,0.0,0.0,3.8778526e-07,0.0,9.9557e-07,0.0,6.1881445e-05,0.0,1.2043432e-07,0.0,2.8408567e-05,0.0,8.981664e-06,0.0,4.2148718e-06,0.0,2.0424115e-10
0.0,0.0,0.0,0.0,0.0,5.8594405e-06,0.0,2.0393733e-09,0.0,0.0,0.0,3.1876078e-07,0.0,8.652231e-07,0.0,6.274611e-05,0.0,9.0203535e-08,0.0,2.6666958e-05,0.0,7.664946e-06,0.0,3.4086713e-06,0.0,1.0666772e-10
0.0,0.0,0.0,9.300197e-18,0.0,6.0036014e-06,0.0,3.7621176e-10,0.0,1.9372766e-05,0.0,2.7872025e-07,0.0,8.6190255e-07,0.0,6.228858e-05,0.0,8.605767e-08,0.0,2.7835214e-05,0.0,8.4713565e-06,0.0,3.88037e-06,0.0,1.1937855e-10
0.0,0.0,0.0,3.2440175e-19,0.0,5.888714e-06,0.0,1.6636519e-09,0.0,2.2994262e-05,0.0,2.9476192e-07,0.0,8.021737e-07,0.0,6.277819e-05,0.0,7.424184e-08,0.0,2.733014e-05,0.0,8.290413e-06,0.0,3.8206294e-06,0.0,1.3129538e-10
0.0,0.0,0.0,2.9726488e-19,0.0,5.9554286e-06,0.0,2.01005e-09,0.0,1.8798744e-05,0.0,3.399886e-07,0.0,7.943329e-07,0.0,6.2569765e-05,0.0,6.920424e-08,0.0,2.7715994e-05,0.0,8.170417e-06,0.0,3.659467e-06,0.0,8.497215e-09
0.0,0.0,0.0,5.766105e-20,0.0,5.9855506e-06,0.0,3.6777665e-09,0.0,1.9038567e-05,0.0,3.1790802e-07,0.0,7.063118e-07,0.0,6.362124e-05,0.0,6.3317685e-08,0.0,2.6992868e-05,0.0,7.940959e-06,0.0,3.610055e-06,0.0,1.0883624e-08
0.0,0.0,0.0,0.0,0.0,4.9373384e-06,0.0,2.1758784e-09,0.0,1.857367e-05,0.0,2.4570483e-07,0.0,5.2292245e-07,0.0,6.168439e-05,0.0,4.7974684e-08,0.0,2.6287487e-05,0.0,7.543534e-06,0.0,3.2636462e-06,0.0,8.281762e-09
0.0,0.0,0.0,0.0,0.0,4.7999933e-06,0.0,2.5527442e-09,0.0,2.1986918e-05,0.0,2.1705281e-07,0.0,4.0217347e-07,0.0,6.232106e-05,0.0,4.152011e-08,0.0,2.6052985e-05,0.0,7.3258434e-06,0.0,3.1660131e-06,0.0,7.5801205e-09
0.0,0.0,0.0,0.0,0.0,4.890679e-06,0.0,8.2075796e-10,0.0,2.6432726e-05,0.0,2.0444347e-07,0.0,4.0261327e-07,0.0,6.240016e-05,0.0,3.9690097e-08,0.0,2.6482832e-05,0.0,7.4887193e-06,0.0,3.1893242e-06,0.0,6.98568e-09
0.0,0.0,0.0,0.0,0.0,4.460682e-06,0.0,3.4501052e-10,0.0,1.913143e-05,0.0,1.6093621e-07,0.0,3.7705496e-07,0.0,6.0966056e-05,0.0,3.3338413e-08,0.0,2.678028e-05,0.0,7.569377e-06,0.0,3.253984e-06,0.0,6.9595036e-09
0.0,0.0,0.0,0.0,0.0,4.4524495e-06,0.0,2.5614913e-10,0.0,2.9370984e-05,0.0,1.6345656e-07,0.0,3.373045e-07,0.0,6.236086e-05,0.0,3.0368277e-08,0.0,2.5373924e-05,0.0,6.9267903e-06,0.0,2.936087e-06,0.0,6.4361263e-09
0.0,0.0,0.0,0.0,0.0,4.042265e-06,0.0,2.8799016e-10,0.0,2.5463965e-05,0.0,1.3218568e-07,0.0,2.4872426e-07,0.0,6.292853e-05,0.0,2.3036668e-08,0.0,2.3049506e-05,0.0,6.020287e-06,0.0,2.3459127e-06,0.0,4.462106e-09
0.0,0.0,0.0,3.0412388e-15,0.0,4.113997e-06,0.0,3.3169378e-10,0.0,2.4600202e-05,0.0,1.3772429e-07,0.0,2.69037e-07,0.0,6.1902865e-05,0.0,2.2748075e-08,0.0,2.447387e-05,0.0,6.412088e-06,0.0,2.577453e-06,0.0,4.549563e-09
0.0,0.0,0.0,0.0,0.0,4.185869e-06,0.0,1.946586e-10,0.0,1.615219e-05,0.0,1.2015887e-07,0.0,2.6713434e-07,0.0,6.1859246e-05,0.0,2.1746501e-08,0.0,2.5094294e-05,0.0,6.4487676e-06,0.0,2.6182665e-06,0.0,4.1988653e-09
0.0,0.0,0.0,0.0,0.0,4.2995644e-06,0.0,5.4309175e-11,0.0,2.2520895e-05,0.0,1.18014135e-07,0.0,2.3147113e-07,0.0,6.191665e-05,0.0,2.0953154e-08,0.0,2.553101e-05,0.0,6.5169834e-06,0.0,2.5332365e-06,0.0,3.5374947e-09
0.0,0.0,0.0,6.550874599999999e-18,0.0,3.897057e-06,0.0,2.3498944e-10,0.0,2.2808188e-05,0.0,9.876011e-08,0.0,2.3100911e-07,0.0,6.2018065e-05,0.0,1.610211e-08,0.0,2.3707391e-05,0.0,6.165919e-06,0.0,2.401534e-06,0.0,3.3917202e-09
0.0,0.0,0.0,6.7697785e-18,0.0,3.8531007e-06,0.0,3.004912e-10,0.0,1.5718824e-05,0.0,1.086077e-07,0.0,1.8753114e-07,0.0,6.1893246e-05,0.0,1.19321335e-08,0.0,2.4203819e-05,0.0,6.2076397e-06,0.0,2.5040106e-06,0.0,3.814621e-09
0.0,0.0,0.0,5.8695686e-18,0.0,4.3511377e-06,0.0,2.1535333e-10,0.0,2.0014602e-05,0.0,1.14419734e-07,0.0,2.5846725e-07,0.0,6.3401865e-05,0.0,1.6485998e-08,0.0,2.4477844e-05,0.0,6.311567e-06,0.0,2.6019488e-06,0.0,4.370616e-09
0.0,0.0,0.0,4.588068999999999e-19,0.0,4.103363e-06,0.0,1.04294295e-10,0.0,2.2273662e-05,0.0,7.400601e-08,0.0,1.9956519e-07,0.0,6.367384e-05,0.0,1.5104431e-08,0.0,2.3135588e-05,0.0,5.591063e-06,0.0,2.198136e-06,0.0,3.2486094e-09
0.0,0.0,0.0,1.3326993999999998e-19,0.0,4.5969464e-06,0.0,1.9883759e-10,0.0,2.3219049e-05,0.0,9.592744e-08,0.0,3.0822073e-07,0.0,6.4273176e-05,0.0,1.7596522e-08,0.0,2.3810333e-05,0.0,6.1604856e-06,0.0,2.402056e-06,0.0,3.4224805e-09
0.0,0.0,0.0,0.0,0.0,4.5718702e-06,0.0,3.097171e-10,0.0,1.3988052e-05,0.0,1.2724637e-07,0.0,2.6718016e-07,0.0,6.47015e-05,0.0,1.9721911e-08,0.0,2.3291868e-05,0.0,5.994296e-06,0.0,2.4111812e-06,0.0,3.6926133e-09
0.0,0.0,0.0,0.0,0.0,5.104176e-06,0.0,6.174412e-13,0.0,1.3153655e-05,0.0,1.2769212e-07,0.0,3.596535e-07,0.0,6.361861e-05,0.0,2.9343044e-08,0.0,2.5962609e-05,0.0,7.64694e-06,0.0,3.2751232e-06,0.0,5.2704663e-09
0.0,0.0,0.0,0.0,0.0,5.1336683e-06,0.0,2.4861907e-10,0.0,1.40771945e-05,0.0,1.5903547e-07,0.0,4.451934e-07,0.0,6.3618194e-05,0.0,3.8641996e-08,0.0,2.551967e-05,0.0,7.2355683e-06,0.0,3.1337406e-06,0.0,6.223869e-09
0.0,0.0,0.0,0.0,0.0,5.3461604e-06,0.0,3.210911e-09,0.0,1.5313093e-05,0.0,2.4796503e-07,0.0,5.327411e-07,0.0,6.322436e-05,0.0,4.693591e-08,0.0,2.6411088e-05,0.0,7.5482217e-06,0.0,3.3198974e-06,0.0,7.298669e-09
0.0,0.0,0.0,5.317378e-15,0.0,4.6974465e-06,0.0,8.6241286e-10,0.0,1.4612884e-05,0.0,1.9586369e-07,0.0,4.224677e-07,0.0,6.268856e-05,0.0,3.5484444e-08,0.0,2.4731771e-05,0.0,6.753634e-06,0.0,2.8708384e-06,0.0,6.029528e-09
0.0,0.0,0.0,9.966727e-15,0.0,4.496744e-06,0.0,3.817682e-10,0.0,1.6787204e-05,0.0,1.6710447e-07,0.0,3.1761107e-07,0.0,6.295189e-05,0.0,2.8927111e-08,0.0,2.4679268e-05,0.0,6.6925745e-06,0.0,2.8055592e-06,0.0,5.545316e-09
0.0,0.0,0.0,2.5004247e-15,0.0,2.2533436e-06,0.0,7.4969964e-10,0.0,1.982641e-05,0.0,1.4383367e-07,0.0,3.7382821e-07,0.0,1.4946943e-05,0.0,4.0600185e-08,0.0,2.277849e-05,0.0,6.880432e-06,0.0,3.1512504e-06,0.0,7.86072e-09
0.0,0.0,0.0,9.451087e-16,0.0,7.957771e-07,0.0,2.266249e-10,0.0,2.67686e-05,0.0,8.4771344e-08,0.0,3.244376e-07,0.0,3.5737419e-06,0.0,4.0981778e-08,0.0,7.2659486e-06,0.0,2.6482671e-06,0.0,1.380929e-06,0.0,5.5903935e-09
0.0,0.0,0.0,1.1859589e-08,0.0,2.4629466e-07,0.0,1.554668e-10,0.0,2.918456e-05,0.0,4.522096e-08,0.0,1.7929412e-07,0.0,8.670641e-07,0.0,2.8928206e-08,0.0,2.3211308e-06,0.0,8.176572e-07,0.0,4.619905e-07,0.0,2.622089e-09
0.0,0.0,0.0,1.6754695e-08,0.0,1.7475608e-07,0.0,7.296825e-11,0.0,2.4534838e-05,0.0,2.0802483e-08,0.0,1.1610228e-07,0.0,1.8468223e-06,0.0,1.6588643e-08,0.0,7.6182704e-07,0.0,2.0531103e-07,0.0,1.308873e-07,0.0,1.2413853e-09
0.0,0.0,0.0,2.6947687e-08,0.0,4.879002e-08,0.0,5.914691e-11,0.0,2.1895588e-05,0.0,1.1446603e-08,0.0,6.7028274e-08,0.0,1.9174383e-06,0.0,9.597736e-09,0.0,4.7681286e-07,0.0,5.156571e-08,0.0,3.5147416e-08,0.0,5.3144505e-10
0.0,0.0,0.0,2.783632e-08,0.0,1.2201383e-08,0.0,1.5688775e-11,0.0,2.1505417e-05,0.0,4.357171e-09,0.0,4.385874e-08,0.0,2.0934815e-06,0.0,4.9276045e-09,0.0,3.3489476e-07,0.0,3.348401e-08,0.0,1.7468674e-08,0.0,2.0519662e-10
0.0,0.0,0.0,5.7958566e-08,0.0,3.0169158e-09,0.0,4.3937052e-11,0.0,2.396472e-05,0.0,2.4908682e-09,0.0,2.5112847e-08,0.0,2.3342898e-06,0.0,2.5769265e-09,0.0,4.2263187e-07,0.0,5.9697114e-09,0.0,4.4062336e-09,0.0,8.996189e-11
0.0,0.0,0.0,5.5712334e-08,0.0,7.4050927e-10,0.0,4.373866e-11,0.0,1.916344e-05,0.0,1.2886932e-09,0.0,1.04374775e-08,0.0,2.477185e-06,0.0,1.4182124e-09,0.0,6.7086717e-07,0.0,2.2390644e-08,0.0,1.0450988e-08,0.0,5.1125264e-11
0.0,0.0,0.0,7.837268e-08,0.0,1.8168314e-10,0.0,1.2557462e-11,0.0,1.8346176e-05,0.0,5.507121e-10,0.0,4.7490474e-09,0.0,2.5459706e-06,0.0,9.2963864e-10,0.0,7.758816e-07,0.0,2.7574117e-08,0.0,1.8482406e-09,0.0,2.3891337e-11
0.0,0.0,0.0,9.207266e-08,0.0,4.5072827e-11,0.0,2.7359252e-12,0.0,2.6008422e-05,0.0,1.9363992e-10,0.0,1.9144e-09,0.0,2.47408e-06,0.0,4.8405463e-10,0.0,7.930744e-07,0.0,2.3107908e-08,0.0,8.245039e-09,0.0,9.546438e-12
0.0,0.0,0.0,8.0345174e-08,0.0,1.13279264e-11,0.0,9.127471e-13,0.0,2.5122912e-05,0.0,7.2370936e-11,0.0,7.3709727e-10,0.0,2.139591e-06,0.0,3.08753e-10,0.0,6.2501556e-07,0.0,1.544347e-08,0.0,2.3857007e-09,0.0,3.11794e-12
0.0,0.0,0.0,8.588091e-08,0.0,2.8000818e-12,0.0,3.421078e-13,0.0,2.106445e-05,0.0,3.368915e-11,0.0,2.765585e-10,0.0,2.051889e-06,0.0,3.5967343e-10,0.0,7.6386095e-07,0.0,2.0157595e-08,0.0,1.82493e-09,0.0,1.1163044e-12
0.0,0.0,0.0,1.5285524e-07,0.0,6.7253955e-13,0.0,4.8920476e-14,0.0,2.8616389e-05,0.0,1.3687435e-11,0.0,1.526074e-10,0.0,4.1338817e-06,0.0,8.718887e-10,0.0,8.9512434e-07,0.0,3.1613972e-08,0.0,3.6173606e-09,0.0,5.5737825e-13
0.0,0.0,0.0,1.3166238e-07,0.0,3.1089857e-12,0.0,2.0654045e-14,0.0,3.2045067e-05,0.0,6.421786e-12,0.0,7.194481e-11,0.0,6.587102e-06,0.0,1.470843e-09,0.0,2.2027766e-06,0.0,6.124764e-08,0.0,5.514785e-09,0.0,1.6803113e-13
0.0,0.0,2.3215316e-13,1.5503862e-07,0.0,8.338583e-12,0.0,4.1437272e-14,0.0,4.650798e-05,0.0,3.343193e-12,0.0,3.5821717e-11,0.0,6.8490394e-06,0.0,1.5602178e-09,0.0,2.7589733e-06,0.0,1.1910747e-07,0.0,1.0059278e-08,0.0,4.5519856e-14
0.0,0.0,1.243877e-13,1.04346206e-07,0.0,1.3039615e-11,0.0,3.4601686e-14,0.0,5.5002387e-05,0.0,2.1246167e-12,0.0,2.1221105e-11,0.0,6.5310337e-06,0.0,1.4920365e-09,0.0,2.4322126e-06,0.0,1.2254728e-07,0.0,1.8065027e-08,0.0,1.3097987e-14
0.0,0.0,4.8980832e-14,8.779657e-08,0.0,1.7645128e-11,0.0,1.2210603e-14,0.0,4.016613e-05,0.0,9.572918e-13,0.0,1.31087415e-11,0.0,6.7087185e-06,0.0,1.5403496e-09,0.0,2.1569126e-06,0.0,9.9109e-08,0.0,1.9642034e-08,0.0,3.505534e-15
0.0,0.0,4.8980832e-14,4.4457078e-08,0.0,4.741994e-11,0.0,1.549654e-14,0.0,3.6083493e-05,0.0,1.1380479e-12,0.0,5.2517837e-11,0.0,7.106881e-06,0.0,1.4547459e-09,0.0,2.3472198e-06,0.0,8.075458e-08,0.0,2.154888e-08,0.0,9.93384e-16
0.0,0.0,3.6881038e-14,7.501849e-08,0.0,5.4832285e-11,0.0,4.1794672e-15,0.0,3.9066115e-05,0.0,2.0315126e-13,0.0,1.3507137e-10,0.0,7.393352e-06,0.0,9.38881e-10,0.0,3.310324e-06,0.0,1.3518871e-07,0.0,3.203204e-08,0.0,2.7930623000000003e-16
0.0,0.0,3.6881038e-14,1.7912838e-07,0.0,1.7335776e-10,0.0,1.6554782e-15,0.0,4.2477935e-05,0.0,9.030329e-14,0.0,2.835507e-10,0.0,6.74303e-06,0.0,8.522441e-10,0.0,4.496351e-06,0.0,2.1015386e-07,0.0,4.9390323e-08,0.0,8.4855417e-17
0.0,0.0,2.7767678e-14,3.767529e-07,0.0,2.739318e-10,0.0,2.9678674000000003e-16,0.0,3.6714155e-05,0.0,9.89959e-14,0.0,5.438071e-10,0.0,6.8504464e-06,0.0,8.000001e-10,0.0,5.4052484e-06,0.0,2.715707e-07,0.0,4.6592085e-08,0.0,2.6119593e-17
0.0,0.0,2.3664029e-14,3.442021e-07,0.0,3.7327472e-10,0.0,2.2153022e-16,0.0,4.1789142e-05,0.0,1.1672268e-12,0.0,1.5359292e-09,0.0,6.947349e-06,0.0,8.7830687e-10,0.0,5.3711738e-06,0.0,2.827439e-07,0.0,5.7378163e-08,0.0,8.726747e-18
0.0,0.0,8.022808e-15,3.4133026e-07,0.0,5.082995e-10,0.0,1.04636435e-16,0.0,6.310801e-05,0.0,8.2834743e-13,0.0,4.478619e-09,0.0,9.391492e-06,0.0,6.838214e-10,0.0,5.751451e-06,0.0,4.6000835e-07,0.0,1.4684254e-07,0.0,3.2109931e-18
0.0,0.0,6.009561e-15,2.620706e-07,0.0,6.778514e-10,0.0,5.3052387e-17,0.0,7.355839e-05,0.0,2.9118066e-12,0.0,8.122251e-09,0.0,1.2160762e-05,0.0,5.9270167e-10,0.0,7.30116e-06,0.0,7.406689e-07,0.0,2.6862676e-07,0.0,1.5793038e-18
0.0,0.0,2.3430846e-15,2.5247658e-07,0.0,1.1590564e-09,0.0,7.635342000000001e-17,0.0,9.196467e-05,0.0,2.9521663e-11,0.0,1.4677789e-08,0.0,1.3112993e-05,0.0,7.671906e-10,0.0,1.1393254e-05,0.0,1.1496676e-06,0.0,4.586044e-07,0.0,6.109663999999999e-19
0.0,0.0,2.2221935e-15,2.530282e-07,0.0,2.0220414e-09,0.0,3.9364318e-17,0.0,0.00010591538,0.0,3.2340727e-11,0.0,2.6659613e-08,0.0,1.4329021e-05,0.0,1.2574991e-09,0.0,1.19856195e-05,0.0,1.5527697e-06,0.0,6.7369757e-07,0.0,2.4958621e-19
0.0,0.0,2.2221933e-15,2.7626086e-07,0.0,3.6162808e-09,0.0,3.0818370000000005e-17,0.0,9.766637e-05,0.0,5.99763e-11,0.0,4.360646e-08,0.0,1.5816338e-05,0.0,4.882005e-09,0.0,1.285995e-05,0.0,1.7308151e-06,0.0,7.9860433e-07,0.0,3.8530085e-18
0.0,0.0,2.222193e-15,2.408096e-07,0.0,1.0516754e-08,0.0,4.5446554e-17,0.0,9.006107e-05,0.0,1.3554731e-10,0.0,7.5542474e-08,0.0,1.6162297e-05,0.0,9.799314e-09,0.0,1.3508842e-05,0.0,2.0391046e-06,0.0,9.498815e-07,0.0,5.354333e-18
0.0,0.0,2.2221928e-15,1.9026784e-07,0.0,1.7381797e-08,0.0,2.5228855e-16,0.0,9.0052104e-05,0.0,3.164892e-10,0.0,1.3894143e-07,0.0,1.6082937e-05,0.0,1.4880876e-08,0.0,1.5707963e-05,0.0,3.0120943e-06,0.0,1.5711132e-06,0.0,9.602939e-17
0.0,0.0,2.2221926e-15,2.1686368e-07,0.0,2.3815831e-08,0.0,9.641909e-16,0.0,0.00012284907,0.0,7.52854e-10,0.0,2.8957498e-07,0.0,1.6465052e-05,0.0,2.114022e-08,0.0,1.7950222e-05,0.0,3.4335976e-06,0.0,1.890211e-06,0.0,1.6981553e-15
0.0,0.0,2.2221924e-15,2.619945e-07,0.0,2.9416437e-08,0.0,1.737607e-14,0.0,0.0001361865,0.0,1.6401518e-09,0.0,4.8292105e-07,0.0,1.5995553e-05,0.0,4.405943e-08,0.0,1.8363042e-05,0.0,3.5609735e-06,0.0,1.9946087e-06,0.0,1.61397e-14
0.0,0.0,1.265084e-15,2.0623541e-07,0.0,4.5739334e-08,0.0,6.754848e-14,0.0,0.00012247093,0.0,2.8658818e-09,0.0,6.221698e-07,0.0,1.6798922e-05,0.0,8.9927994e-08,0.0,1.8616804e-05,0.0,3.83598e-06,0.0,2.2125826e-06,0.0,8.567878e-14
0.0,0.0,9.585202e-16,2.5903663e-07,0.0,6.571031e-08,0.0,5.699421e-14,0.0,0.00013100934,0.0,3.897011e-09,0.0,7.3690677e-07,0.0,1.8092496e-05,0.0,1.6878671e-07,0.0,1.8499737e-05,0.0,4.2603574e-06,0.0,2.5796264e-06,0.0,1.0885494e-12
0.0,0.0,6.941667e-16,2.57567e-07,0.0,8.641235e-08,0.0,5.980261e-13,0.0,0.00014695669,0.0,6.4417183e-09,0.0,1.0042363e-06,0.0,1.8363738e-05,0.0,2.5872845e-07,0.0,2.023366e-05,0.0,4.9608802e-06,0.0,3.0569522e-06,0.0,7.385497e-12
0.0,0.0,1.2707505e-16,3.3168143e-07,0.0,1.0714436e-07,0.0,6.86704e-13,0.0,0.0002425227,0.0,1.0249755e-08,0.0,1.387909e-06,0.0,1.9213472e-05,0.0,3.42813e-07,0.0,2.3600012e-05,0.0,5.7748894e-06,0.0,3.6775693e-06,0.0,3.94993e-11
0.0,0.0,2.3344501000000002e-17,5.5672325e-07,0.0,1.2648127e-07,0.0,1.6691237e-11,0.0,0.0003851328,0.0,1.6967988e-08,0.0,1.6285824e-06,0.0,2.0934032e-05,0.0,3.972284e-07,0.0,2.5915724e-05,0.0,6.75265e-06,0.0,4.390763e-06,0.0,8.94079e-11
0.0,0.0,4.4009714e-18,8.597483e-07,0.0,1.4178144e-07,0.0,4.9227778e-11,0.0,0.0010816044,0.0,2.1596968e-08,0.0,1.7998601e-06,0.0,2.4782488e-05,0.0,4.710031e-07,0.0,2.7845157e-05,0.0,7.5469534e-06,0.0,4.7754584e-06,0.0,1.6070195e-10
0.0,0.0,8.434157999999999e-19,9.5153575e-07,0.0,1.57273e-07,0.0,7.224816e-11,0.0,0.018034905,0.0,2.8113343e-08,0.0,2.1640578e-06,0.0,3.8275863e-05,0.0,6.593719e-07,0.0,3.5470912e-05,0.0,9.004279e-06,0.0,5.7294105e-06,0.0,4.5697754e-10
0.0,0.0,2.0039328e-19,1.3747549e-06,0.0,1.8749924e-07,0.0,2.797279e-10,0.0,0.032290757,0.0,3.7195772e-08,0.0,2.5726602e-06,0.0,4.783938e-05,0.0,8.6352003e-07,0.0,4.335044e-05,0.0,1.1113235e-05,0.0,7.113225e-06,0.0,8.405172e-10
0.0,0.0,1.6664709e-20,2.9941236e-07,0.0,4.1262143e-07,0.0,3.4594813e-10,0.0,0.003805024,0.0,4.600604e-08,0.0,3.1871896e-06,0.0,7.920501e-05,0.0,1.0515114e-06,0.0,5.7194782e-05,0.0,1.5085306e-05,0.0,9.95777e-06,0.0,1.6669786e-09
0.0,0.0,2.5346573e-20,1.1648294e-07,0.0,6.4277623e-07,0.0,4.2444986e-10,0.0,0.057159398,0.0,6.8737776e-08,0.0,4.522375e-06,0.0,9.100322e-05,0.0,1.2536832e-06,0.0,7.524808e-05,0.0,2.0131612e-05,0.0,1.3280993e-05,0.0,3.0493525e-09
0.0,0.0,1.2050168e-20,5.5847286e-06,0.0,1.0673112e-06,0.0,8.927561e-10,0.0,0.01211917,0.0,1.2279015e-07,0.0,6.9409316e-06,0.0,0.0001278766,0.0,1.5237854e-06,0.0,0.00011743141,0.0,3.1127118e-05,0.0,2.0463947e-05,0.0,4.7246864e-09
0.0,0.0,5.586657e-20,1.5703385e-08,0.0,1.2201376e-06,0.0,8.6819596e-10,0.0,0.07184864,0.0,1.8980019e-07,0.0,9.914374e-06,0.0,0.00013874867,0.0,1.8422058e-06,0.0,0.00015200717,0.0,3.5504498e-05,0.0,2.412068e-05,0.0,5.9320215e-09
0.0,0.0,3.5290526e-19,4.7184704e-07,0.0,2.0442105e-06,0.0,8.7494606e-10,0.0,0.0198799,0.0,2.5783856e-07,0.0,1.4524032e-05,0.0,0.00029064197,0.0,2.6430325e-06,0.0,0.00025025,0.0,7.151987e-05,0.0,4.8456845e-05,0.0,9.387996e-09
0.0,0.0,5.9158034e-19,3.806549e-07,0.0,2.6798623e-06,0.0,1.983853e-09,0.0,0.01102494,0.0,4.1128877e-07,0.0,2.2937304e-05,0.0,0.00051111553,0.0,4.1448384e-06,0.0,0.000533936,0.0,0.00018955003,0.0,0.0001249734,0.0,2.0865214e-08
0.0,0.0,2.1611374e-19,3.609801e-07,0.0,5.217069e-06,0.0,2.8079195e-09,0.0,0.08946164,0.0,5.3065577e-07,0.0,3.3906395e-05,0.0,0.00024081588,0.0,6.2035037e-06,0.0,0.00041896894,0.0,7.2116825e-05,0.0,5.63582e-05,0.0,3.9020012e-08
0.0,0.0,4.2547569999999996e-20,3.1540498e-10,0.0,1.2366272e-05,0.0,1.1844715e-08,0.0,0.13085318,0.0,9.976698e-07,0.0,6.480853e-05,0.0,0.0009171284,0.0,1.0552622e-05,0.0,0.0007547477,0.0,0.00010127945,0.0,6.775388e-05,0.0,6.441907e-08
0.0,0.0,1.5844694e-19,1.4128207e-10,0.0,7.792643e-06,0.0,1.39114364e-08,0.0,0.07266776,0.0,2.636194e-06,0.0,0.00013292875,0.0,0.00050854683,0.0,2.353818e-05,0.0,0.0015367358,0.0,0.00020635614,0.0,0.0001465111,0.0,1.176786e-07
0.0,0.0,3.5705962e-20,5.6928805e-11,0.0,4.1670464e-05,0.0,3.089725e-08,0.0,0.13320675,0.0,2.6433895e-06,0.0,0.00025786512,0.0,0.00070634607,0.0,4.1289008e-05,0.0,0.0029124857,0.0,0.00026780902,0.0,0.0001914567,0.0,2.4364303e-07
0.0,0.0,3.5699348e-20,1.2099517e-10,0.0,1.6402231e-05,0.0,4.3571905e-08,0.0,0.13740681,0.0,7.2886055e-06,0.0,0.0006816601,0.0,0.0013043028,0.0,4.18461e-05,0.0,0.0032312456,0.0,0.0015148681,0.0,0.0010259715,0.0,4.2942492e-07
0.0,0.0,9.090432e-20,6.884404e-11,0.0,1.7936958e-05,0.0,1.2374984e-07,0.0,0.0050590835,0.0,8.555897e-06,0.0,0.006519352,0.0,0.00078675756,0.0,6.2328625e-05,0.0,0.022527415,0.0,0.009951006,0.0,0.006496228,0.0,5.6959055e-07
0.0,0.0,4.8994135e-19,9.125563e-12,0.0,6.022995e-05,0.0,1.2716568e-07,0.0,0.2629215,0.0,8.985105e-06,0.0,0.7209685,0.0,0.0017289759,0.0,9.878853e-05,0.0,0.0034327072,0.0,0.026839476,0.0,0.01848227,0.0,6.155796e-07
0.0,0.0,1.5747975e-18,1.0967641e-11,0.0,2.4196415e-05,0.0,3.5081757e-07,0.0,0.15480475,0.0,0.08253023,0.0,0.35573635,0.0,0.0009353188,0.0,0.0002767245,0.0,0.079523124,0.0,0.009472951,0.0,0.0077746003,0.0,8.989719e-07
0.0,0.0,1.5298934e-18,3.573503e-12,0.0,7.457306e-05,0.0,6.4388246e-07,0.0,0.021227097,0.0,0.12446628,0.0,0.02095105,0.0,0.0011585099,0.0,0.013924926,0.0,0.044117443,0.0,0.039827887,0.0,0.029794026,0.0,1.2934224e-06
0.0,0.0,4.445275e-19,1.1131087e-12,0.0,2.9528393e-05,0.0,3.9723352e-07,0.0,0.0125079,0.0,0.11583204,0.0,0.13585187,0.0,0.0019666976,0.0,0.8601025,0.0,0.21364976,0.0,0.028524265,0.0,0.020750457,0.0,3.7235973e-06
0.0,0.0,1.3905404e-19,2.2967349e-13,0.0,2.475584e-05,0.0,2.8988657e-07,0.0,0.023704479,0.0,0.12336271,0.0,0.12700474,0.0,0.00087604515,0.0,0.29486814,0.0,0.33360606,0.0,0.00961179,0.0,0.008404802,0.0,4.1651907e-05
0.0,0.0,1.8030299e-19,2.7943241e-14,0.0,6.2061146e-05,0.0,4.534844e-07,0.0,0.02495349,0.0,0.091130234,0.0,0.10543782,0.0,0.0012706127,0.0,0.30439386,0.0,0.18501809,0.0,0.0017439144,0.0,0.0016931909,0.0,0.10169029
0.0,0.0,6.897649e-20,3.7947262e-15,0.0,2.906659e-05,0.0,3.7387406e-07,0.0,0.0035888518,0.0,0.055474833,0.0,0.09196504,0.0,0.0015615944,0.0,0.18533023,0.0,0.17328161,0.0,0.041502394,0.0,0.028369082,0.0,0.008299846
0.0,0.0,7.7324055e-20,2.002115e-15,0.0,3.8037095e-05,0.0,7.2766903e-07,0.0,0.01653303,0.0,0.02293858,0.0,0.1915435,0.0,0.0022572733,0.0,0.12518124,0.0,0.24604905,0.0,0.12286051,0.0,0.08498378,0.0,0.32155684
0.0,0.0,7.046443999999999e-19,3.7856003e-15,0.0,4.88609e-05,0.0,8.0577115e-07,0.0,0.16289935,0.0,0.0026323611,0.0,0.28343418,0.0,0.0013814119,0.0,0.10225417,0.0,0.2883349,0.0,0.10752497,0.0,0.09776524,0.0,0.14387928
0.0,0.0,1.2284765999999998e-18,4.2654644e-15,0.0,0.000118485594,0.0,9.928704e-07,0.0,0.14115189,0.0,0.021183638,0.0,0.393223,0.0,0.0024000835,0.0,0.28173202,0.0,0.1613386,0.0,0.03522786,0.0,0.03745163,0.0,0.1276004
0.0,0.0,1.2280964999999998e-18,3.3613056e-15,0.0,4.1906816e-05,0.0,7.398531e-07,0.0,0.04976345,0.0,0.022371914,0.0,0.13288473,0.0,0.0014993519,0.0,0.44035947,0.0,0.020926533,0.0,0.041233733,0.0,0.029010177,0.0,0.15103278
0.0,0.0,1.260849e-18,2.152279e-15,0.0,0.00011418325,0.0,4.709901e-07,0.0,0.051629577,0.0,0.033249706,0.0,0.12085714,0.0,0.0025953783,0.0,0.69246,0.0,0.009079103,0.0,0.110379234,0.0,0.075120345,0.0,0.32288006
0.0,0.0,2.8078623e-17,2.2614183e-15,0.0,4.5090805e-05,0.0,7.6656863e-07,0.0,0.029874831,0.0,0.06767474,0.0,0.15688916,0.0,0.0015164128,0.0,0.68998176,0.0,0.0018642413,0.0,0.09238603,0.0,0.082296625,0.0,0.34813067
0.0,0.0,2.9935127e-14,1.4037707e-15,0.0,9.441381e-05,0.0,8.884183e-07,0.0,0.04406767,0.0,0.024928916,0.0,0.29950416,0.0,0.002661391,0.0,0.5079362,0.0,0.024134781,0.0,0.016717121,0.0,0.0217465,0.0,0.18597004
0.0,0.0,9.8039056e-14,4.97366e-16,0.0,4.628559e-05,0.0,4.7392138e-07,0.0,0.013452295,0.0,0.0040060338,0.0,0.30820224,0.0,0.0010569765,0.0,0.27689952,0.0,0.0025568525,0.0,0.0040229526,0.0,0.003694922,0.0,0.07617885
0.0,0.0,2.3946743e-14,3.2000577e-16,0.0,4.206825e-05,0.0,9.710677e-07,0.0,0.08510115,0.0,0.010978983,0.0,0.41435483,0.0,0.0028332581,0.0,0.108286284,0.0,0.082174085,0.0,0.0032739912,0.0,0.0023157834,0.0,0.10667678
0.0,0.0,4.1156802e-14,7.536384e-16,0.0,3.6178073e-05,0.0,1.0299833e-06,0.0,0.045994535,0.0,0.06067116,0.0,0.4682819,0.0,0.0018724614,0.0,0.04316581,0.0,0.0029562565,0.0,0.010219036,0.0,0.0075290035,0.0,0.19996111
0.0,0.0,5.0954083e-14,1.3440722e-15,0.0,0.00012360406,0.0,8.606691e-07,0.0,0.020862296,0.0,0.07331181,0.0,0.57293147,0.0,0.003025747,0.0,0.16712423,0.0,0.12385383,0.0,0.023348464,0.0,0.015074659,0.0,0.19493654
0.0,0.0,5.0932352e-14,4.2136844e-15,0.0,5.687011e-05,0.0,9.9521e-07,0.0,0.015886521,0.0,0.12302595,0.0,0.635164,0.0,0.001794601,0.0,0.29376182,0.0,0.00395526,0.0,0.023711752,0.0,0.01844199,0.0,0.0450263
0.0,0.0,1.0645793e-14,1.9329792e-15,0.0,0.00012193824,0.0,9.062713e-07,0.0,0.015983906,0.0,0.17564929,0.0,0.7892046,0.0,0.0030555779,0.0,0.18572071,0.0,0.19485958,0.0,0.0037213902,0.0,0.0035074463,0.0,0.10385712
0.0,0.0,5.7837625e-14,8.2760675e-15,0.0,5.5224165e-05,0.0,7.4595187e-07,0.0,0.057615433,0.0,0.19079632,0.0,0.7973916,0.0,0.0017225251,0.0,0.1452721,0.0,0.0042047836,0.0,0.0122587755,0.0,0.009126217,0.0,0.08797725
0.0,0.0,6.9750216e-14,2.4652348e-14,0.0,8.404207e-05,0.0,5.034809e-07,0.0,0.14622854,0.0,0.2193915,0.0,0.8834976,0.0,0.0032284735,0.0,0.17209907,0.0,0.1932189,0.0,0.01771887,0.0,0.011151596,0.0,0.16612467
0.0,0.0,5.9604055e-14,3.1704953e-13,0.0,5.373293e-05,0.0,9.3173855e-07,0.0,0.0631963,0.0,0.23756628,0.0,0.8544956,0.0,0.0010868646,0.0,0.092190064,0.0,0.005181389,0.0,0.005699303,0.0,0.004976851,0.0,0.07540184
0.0,0.0,3.1337068e-14,1.9225524e-13,0.0,4.0785544e-05,0.0,1.6576779e-06,0.0,0.0074354205,0.0,0.30799246,0.0,0.8401323,0.0,0.0033396736,0.0,0.030742222,0.0,0.2007267,0.0,0.008729439,0.0,0.0056551523,0.0,0.090100035
0.0,0.0,3.1322906e-14,1.7682443e-13,0.0,3.9596114e-05,0.0,1.5575122e-06,0.0,0.060180884,0.0,0.3301716,0.0,0.79107386,0.0,0.0015743545,0.0,0.08835348,0.0,0.0054607834,0.0,0.0013361499,0.0,0.001396387,0.0,0.014372259
0.0,0.0,1.1332939e-14,7.7075045e-14,0.0,7.2924755e-05,0.0,1.0686522e-06,0.0,0.009877208,0.0,0.3245732,0.0,0.81587905,0.0,0.0034521797,0.0,0.046814237,0.0,0.18861693,0.0,0.008882432,0.0,0.0054008416,0.0,0.12181172
0.0,0.0,1.1327818e-14,1.3650214e-14,0.0,5.147097e-05,0.0,9.780117e-07,0.0,0.014790365,0.0,0.30266526,0.0,0.80665815,0.0,0.0012050354,0.0,0.005501151,0.0,0.0040359916,0.0,0.0014047687,0.0,0.0014531531,0.0,0.17665151
0.0,0.0,2.3603056e-15,4.178883e-15,0.0,3.5724857e-05,0.0,4.781549e-07,0.0,0.025051473,0.0,0.2797509,0.0,0.71247065,0.0,0.0034221893,0.0,0.12811464,0.0,0.19646695,0.0,0.007910677,0.0,0.004777466,0.0,0.2002497
0.0,0.0,1.0833889e-15,6.833295e-15,0.0,4.3035772e-05,0.0,4.3073155e-07,0.0,0.0044290423,0.0,0.2632166,0.0,0.58481866,0.0,0.0011204692,0.0,0.24019223,0.0,0.0027228761,0.0,0.0016088136,0.0,0.0015458172,0.0,0.13106222
0.0,0.0,2.0916621e-16,2.838416e-15,0.0,1.0037875e-05,0.0,4.201498e-07,0.0,0.07275699,0.0,0.25861305,0.0,0.57498974,0.0,0.0035894434,0.0,0.24339698,0.0,0.08308933,0.0,0.013985095,0.0,0.00766044,0.0,0.053159215
0.0,0.0,1.7873885e-16,8.63736e-16,0.0,4.0060982e-05,0.0,5.4687087e-07,0.0,0.060993884,0.0,0.24886055,0.0,0.47907853,0.0,0.00078133756,0.0,0.14804304,0.0,0.0027420092,0.0,0.004608262,0.0,0.0037153303,0.0,0.24081703
0.0,0.0,1.1084781999999999e-16,1.1236553e-15,0.0,9.69378e-06,0.0,2.9082574e-07,0.0,0.056846187,0.0,0.21487544,0.0,0.4845109,0.0,0.0015336195,0.0,0.11170562,0.0,0.09266385,0.0,0.01591052,0.0,0.011226867,0.0,0.21247734
0.0,0.0,1.10797025e-16,2.5200111e-15,0.0,3.1533615e-05,0.0,2.5256585e-07,0.0,0.010248148,0.0,0.20404574,0.0,0.4452006,0.0,0.0032560716,0.0,0.19394816,0.0,0.014667714,0.0,0.013073361,0.0,0.008169065,0.0,0.111357816
0.0,0.0,4.4702587e-17,1.114357e-15,0.0,8.1063445e-06,0.0,2.7417613e-07,0.0,0.08171872,0.0,0.1903976,0.0,0.45443112,0.0,0.00076053484,0.0,0.18410224,0.0,0.0020381163,0.0,0.00231059,0.0,0.0023091624,0.0,0.012703049
0.0,0.0,3.0470313e-17,3.332406e-16,0.0,1.3448325e-05,0.0,1.4423219e-07,0.0,0.035389017,0.0,0.17261125,0.0,0.29096907,0.0,0.0031644604,0.0,0.06717505,0.0,0.039031357,0.0,0.024109691,0.0,0.014419613,0.0,0.14844674
0.0,0.0,2.0769266e-17,2.983981e-15,0.0,2.925839e-05,0.0,2.154955e-07,0.0,0.041222982,0.0,0.17585628,0.0,0.29601514,0.0,0.0006879594,0.0,0.06349446,0.0,0.0035991073,0.0,0.0118965125,0.0,0.009538533,0.0,0.049865592
0.0,0.0,2.0759749e-17,5.380463e-15,0.0,7.611938e-06,0.0,1.5735094e-07,0.0,0.021835472,0.0,0.16952011,0.0,0.51783353,0.0,0.0027735045,0.0,0.08695491,0.0,0.16368441,0.0,0.0022459247,0.0,0.0019752092,0.0,0.036178146
0.0,0.0,1.0914450000000001e-17,3.686171e-15,0.0,2.6648919e-05,0.0,9.451089e-08,0.0,0.030578777,0.0,0.12104102,0.0,0.6013247,0.0,0.0010422758,0.0,0.2415157,0.0,0.0030764746,0.0,0.011149827,0.0,0.007828568,0.0,0.014550615
0.0,0.0,8.265797e-18,1.5540063e-15,0.0,7.1087006e-06,0.0,3.2876976e-08,0.0,0.0031232452,0.0,0.095954366,0.0,0.5868505,0.0,0.002978396,0.0,0.24755065,0.0,0.117063746,0.0,0.0039388356,0.0,0.002792017,0.0,0.10413542
0.0,0.0,8.262008e-18,1.1327251e-15,0.0,3.34822e-05,0.0,8.331329e-08,0.0,0.009260612,0.0,0.13127029,0.0,0.6910207,0.0,0.0006472527,0.0,0.13653179,0.0,0.0054749413,0.0,0.0133365365,0.0,0.0075468845,0.0,0.19405101
0.0,0.0,7.060136000000001e-18,1.4909182e-15,0.0,8.6446025e-06,0.0,9.2409415e-08,0.0,0.050547443,0.0,0.20243467,0.0,0.6614509,0.0,0.0028365117,0.0,0.1897121,0.0,0.19072035,0.0,0.003053186,0.0,0.0028113185,0.0,0.20997642
0.0,0.0,1.609152e-17,7.115346e-16,0.0,2.3086439e-05,0.0,4.9040498e-08,0.0,0.024665479,0.0,0.18112153,0.0,0.61899865,0.0,0.00063470117,0.0,0.18178782,0.0,0.0050825006,0.0,0.021692825,0.0,0.011715876,0.0,0.11824673
0.0,0.0,2.9072034e-17,2.3551148000000003e-16,0.0,6.7070932e-06,0.0,5.5474757e-08,0.0,0.004359124,0.0,0.21509255,0.0,0.5941896,0.0,0.0029543552,0.0,0.18365033,0.0,0.20039086,0.0,0.009723222,0.0,0.007829652,0.0,0.011292763
0.0,0.0,7.098229599999999e-18,8.36659e-17,0.0,2.1591277e-05,0.0,5.7350988e-08,0.0,0.013357292,0.0,0.21743453,0.0,0.65607035,0.0,0.0007503895,0.0,0.21950021,0.0,0.007105838,0.0,0.011879243,0.0,0.007493161,0.0,0.08699331
0.0,0.0,6.065599e-18,2.9583536e-17,0.0,6.429152e-06,0.0,8.71194e-08,0.0,0.051431485,0.0,0.26155737,0.0,0.6934764,0.0,0.003191154,0.0,0.26296258,0.0,0.1322715,0.0,0.0027284701,0.0,0.0025468497,0.0,0.0734728
0.0,0.0,6.0627657e-18,9.823459e-18,0.0,2.6433961e-05,0.0,5.547416e-08,0.0,0.010115103,0.0,0.22835341,0.0,0.659965,0.0,0.00069706864,0.0,0.25485116,0.0,0.009657142,0.0,0.0119247455,0.0,0.0063876724,0.0,0.07448224
0.0,0.0,3.9959123e-17,1.6860884e-15,0.0,7.232925e-06,0.0,7.1403996e-08,0.0,0.056648012,0.0,0.23045023,0.0,0.6425524,0.0,0.0030434157,0.0,0.26719302,0.0,0.022911241,0.0,0.0023479383,0.0,0.002260329,0.0,0.07247519
0.0,0.0,3.1018380000000005e-17,9.376486e-16,0.0,2.3382288e-05,0.0,2.7212208e-08,0.0,0.024846226,0.0,0.22607121,0.0,0.68097454,0.0,0.00073161465,0.0,0.28857222,0.0,0.006052954,0.0,0.010644176,0.0,0.0055281464,0.0,0.057165153
0.0,0.0,3.1003537e-17,2.3846613e-14,0.0,7.225755e-06,0.0,4.5990234e-08,0.0,0.0044469843,0.0,0.23520897,0.0,0.6759395,0.0,0.0031797986,0.0,0.30265996,0.0,0.16193838,0.0,0.0023925074,0.0,0.0022054128,0.0,0.08818122
0.0,0.0,2.6492926e-17,7.635563e-15,0.0,1.8825773e-05,0.0,4.9685003e-08,0.0,0.010093968,0.0,0.25003788,0.0,0.8259866,0.0,0.00073315506,0.0,0.28767267,0.0,0.008896848,0.0,0.010355073,0.0,0.005132071,0.0,0.021338712
0.0,0.0,2.6480250000000002e-17,1.2263452e-15,0.0,7.211629e-06,0.0,3.8095177e-08,0.0,0.03990797,0.0,0.24928714,0.0,0.76564264,0.0,0.0030312345,0.0,0.28333652,0.0,0.044594117,0.0,0.008875823,0.0,0.006583123,0.0,0.052015204
0.0,0.0,2.6467580000000006e-17,1.4100031000000002e-16,0.0,1.6790491e-05,0.0,5.641402e-08,0.0,0.0066787293,0.0,0.26365036,0.0,0.7150548,0.0,0.000762805,0.0,0.15499623,0.0,0.017083751,0.0,0.0017284288,0.0,0.0014539801,0.0,0.10040575
0.0,0.0,2.261689e-17,6.6567115e-17,0.0,7.254663e-06,0.0,2.3554453e-08,0.0,0.010616608,0.0,0.28870478,0.0,0.77564734,0.0,0.0034582487,0.0,0.0719841,0.0,0.00867089,0.0,0.007775058,0.0,0.0053934227,0.0,0.040776733
0.0,0.0,1.1890603e-17,2.1132891e-17,0.0,2.1955799e-05,0.0,1.0844694e-08,0.0,0.026307264,0.0,0.26949567,0.0,0.73927146,0.0,0.00076153345,0.0,0.13995099,0.0,0.0029833629,0.0,0.0012932074,0.0,0.0010715526,0.0,0.02970295
0.0,0.0,4.797331e-18,9.879579e-18,0.0,7.3782444e-06,0.0,1.8062236e-08,0.0,0.0037583888,0.0,0.28918433,0.0,0.7101561,0.0,0.003051907,0.0,0.17051889,0.0,0.11138309,0.0,0.010249077,0.0,0.0067210454,0.0,0.0039781933
0.0,0.0,1.9355104e-18,1.3487644e-17,0.0,1.9373312e-05,0.0,3.4284742e-08,0.0,0.015405651,0.0,0.265631,0.0,0.70292604,0.0,0.0008015594,0.0,0.21711434,0.0,0.0028568374,0.0,0.0017213471,0.0,0.001433533,0.0,0.07195904
0.0,0.0,1.6539189e-18,8.2265726e-18,0.0,7.799953e-06,0.0,3.5915317e-08,0.0,0.007472394,0.0,0.26611644,0.0,0.69991064,0.0,0.0012054865,0.0,0.14233303,0.0,0.08172992,0.0,0.0024111609,0.0,0.0016696926,0.0,0.047841866
0.0,0.0,1.6531275e-18,3.0109356e-18,0.0,1.497677e-05,0.0,3.583153e-08,0.0,0.020450303,0.0,0.27049372,0.0,0.64087105,0.0,0.003059865,0.0,0.075210325,0.0,0.0017923068,0.0,0.01287255,0.0,0.006215311,0.0,0.010457783
0.0,0.0,1.1267868999999998e-18,4.05376e-18,0.0,7.518962e-06,0.0,4.0483194e-08,0.0,0.006153395,0.0,0.29538828,0.0,0.5825473,0.0,0.0007833882,0.0,0.03471471,0.0,0.02017972,0.0,0.00572835,0.0,0.0045160074,0.0,0.05171755
0.0,0.0,1.1262477999999998e-18,1.0850958e-18,0.0,6.143361e-06,0.0,1.8050965e-08,0.0,0.016535021,0.0,0.2296148,0.0,0.5313048,0.0,0.0031956853,0.0,0.10122157,0.0,0.0018330486,0.0,0.0042335023,0.0,0.0024223353,0.0,0.0060632178
0.0,0.0,5.140375999999999e-19,3.2571798e-19,0.0,1.5536458e-05,0.0,2.1970122e-08,0.0,0.018649532,0.0,0.21804158,0.0,0.50371647,0.0,0.0007678794,0.0,0.0625631,0.0,0.01561068,0.0,0.0026893003,0.0,0.0019997072,0.0,4.5932948e-06
0.0,0.0,5.1379166e-19,9.9162774e-20,0.0,7.4392287e-06,0.0,3.568302e-09,0.0,0.011064405,0.0,0.21301983,0.0,0.46669465,0.0,0.002623459,0.0,0.034626074,0.0,0.0059121586,0.0,0.016569635,0.0,0.00823006,0.0,3.0852163e-05
0.0,0.0,1.9794437e-19,4.0405753e-20,0.0,1.1604882e-05,0.0,7.0292123e-09,0.0,0.012318615,0.0,0.18443842,0.0,0.54921174,0.0,0.0007153711,0.0,0.18451816,0.0,0.0019090561,0.0,0.003128691,0.0,0.0029585992,0.0,1.764835e-05
0.0,0.0,1.4990537999999998e-19,2.3029848e-19,0.0,7.4660957e-06,0.0,1.0145688e-08,0.0,0.03857654,0.0,0.1852416,0.0,0.54790777,0.0,0.002515556,0.0,0.20450358,0.0,0.023967309,0.0,0.011818454,0.0,0.008002206,0.0,8.048884e-06
0.0,0.0,1.2809609e-19,1.1201872e-19,0.0,4.7964436e-06,0.0,1.6548885e-08,0.0,0.004635616,0.0,0.18013567,0.0,0.7210037,0.0,0.0007444943,0.0,0.09911833,0.0,0.002692831,0.0,0.011614383,0.0,0.00590109,0.0,4.41827e-06
0.0,0.0,1.280348e-19,3.4435112e-20,0.0,6.4572537e-06,0.0,1.6667425e-08,0.0,0.021891525,0.0,0.19707432,0.0,0.5783395,0.0,0.002704387,0.0,0.017386973,0.0,0.067339845,0.0,0.002134766,0.0,0.0020866357,0.0,0.005838878
0.0,0.0,1.0940739e-19,1.4892736e-18,0.0,6.2977188e-06,0.0,1.2143823e-08,0.0,0.0032864914,0.0,0.18399292,0.0,0.59793925,0.0,0.0007639338,0.0,0.3946203,0.0,0.0037819012,0.0,0.0038730528,0.0,0.002072389,0.0,0.022199705
0.0,0.0,9.3490047e-20,8.6456204e-19,0.0,6.4976293e-06,0.0,1.3936192e-08,0.0,0.006282061,0.0,0.17085281,0.0,0.3099087,0.0,0.00265624,0.0,0.19560966,0.0,0.14847909,0.0,0.0015692222,0.0,0.0012430388,0.0,0.0023532405
0.0,0.0,9.344531e-20,2.8363028e-19,0.0,7.2200805e-06,0.0,1.1544574e-08,0.0,0.0031293763,0.0,0.19576842,0.0,0.2809511,0.0,0.0007565411,0.0,0.08770022,0.0,0.006165913,0.0,0.004099987,0.0,0.001780879,0.0,1.6493248e-06
0.0,0.0,6.124173299999999e-19,6.97669e-20,0.0,6.7852234e-06,0.0,1.0103335e-08,0.0,0.0020211677,0.0,0.17915559,0.0,0.26287323,0.0,0.0025135041,0.0,0.20732437,0.0,0.1349004,0.0,0.0054170894,0.0,0.0036795912,0.0,7.2108173e-07
0.0,0.0,1.2872379e-18,1.8131625e-20,0.0,4.8295337e-06,0.0,9.624648e-10,0.0,0.005298946,0.0,0.15946096,0.0,0.23563564,0.0,0.0007340267,0.0,0.34635398,0.0,0.030821465,0.0,0.0034747997,0.0,0.0019925798,0.0,0.020216594
0.0,0.0,8.789152999999999e-19,5.827398e-21,0.0,6.7040487e-06,0.0,1.701973e-08,0.0,0.047158998,0.0,0.17541377,0.0,0.32218155,0.0,0.0027905002,0.0,0.24285515,0.0,0.016221859,0.0,0.015858749,0.0,0.010731785,0.0,0.0036521284
0.0,0.0,8.784813e-19,1.8214509e-20,0.0,9.925092e-06,0.0,1.7035914e-08,0.0,0.0073218835,0.0,0.14441909,0.0,0.33895087,0.0,0.0007653937,0.0,0.28242818,0.0,0.014980426,0.0,0.0044523766,0.0,0.0032484252,0.0,0.05790972
0.0,0.0,8.780475e-19,8.58287e-21,0.0,6.4183746e-06,0.0,2.0479032e-08,0.0,0.04379869,0.0,0.07670945,0.0,0.29764864,0.0,0.0033951937,0.0,0.31536454,0.0,0.010112617,0.0,0.0015366819,0.0,0.0012668179,0.0,0.014012552
0.0,0.0,5.445161e-19,7.7945727e-20,0.0,1.50006545e-05,0.0,1.3138064e-08,0.0,0.007659765,0.0,0.062579036,0.0,0.29344016,0.0,0.000781793,0.0,0.31395596,0.0,0.015977385,0.0,0.003679588,0.0,0.0019163728,0.0,1.4272037e-05
0.0,0.0,1.0041271e-19,2.8602235e-20,0.0,7.0770875e-06,0.0,1.8713186e-08,0.0,0.012676114,0.0,0.0600207,0.0,0.3234318,0.0,0.0030869597,0.0,0.2095148,0.0,0.0066551086,0.0,0.017308228,0.0,0.011735195,0.0,1.1031646e-05
0.0,0.0,6.373928999999999e-19,7.428296e-21,0.0,1.1887601e-05,0.0,1.5566043e-08,0.0,0.012473281,0.0,0.083342485,0.0,0.35362318,0.0,0.00085351046,0.0,0.046919927,0.0,0.014472214,0.0,0.007967997,0.0,0.004751403,0.0,2.3541002e-06
0.0,0.0,4.1625789e-19,1.985798e-21,0.0,7.711349e-06,0.0,1.510338e-08,0.0,0.022989497,0.0,0.060351036,0.0,0.5641684,0.0,0.003216596,0.0,0.19634748,0.0,0.0039552073,0.0,0.0018344608,0.0,0.0016622237,0.0,1.1569955e-06
0.0,0.0,5.5558067e-19,7.291759e-22,0.0,1.1393054e-05,0.0,1.1905948e-08,0.0,0.0065153935,0.0,0.09343589,0.0,0.5373765,0.0,0.00087233615,0.0,0.07744824,0.0,0.01511848,0.0,0.007152243,0.0,0.0035466575,0.0,1.2649223e-06
0.0,0.0,6.4906097e-19,1.2333873e-20,0.0,7.718068e-06,0.0,5.7027925e-09,0.0,0.021523071,0.0,0.07235289,0.0,0.61287004,0.0,0.0034879218,0.0,0.04653851,0.0,0.009896575,0.0,0.0056747645,0.0,0.004190796,0.0,1.2951743e-06
0.0,0.0,4.5744887e-19,4.063447e-20,0.0,1.1875974e-05,0.0,9.028316e-09,0.0,0.00566123,0.0,0.13555513,0.0,0.641286,0.0,0.00092948944,0.0,0.18785001,0.0,0.02194133,0.0,0.003249294,0.0,0.0018870134,0.0,0.00945122
0.0,0.0,4.5717497e-19,1.32183236e-20,0.0,7.944689e-06,0.0,4.9054125e-09,0.0,0.0336488,0.0,0.1316542,0.0,0.56248486,0.0,0.0036437782,0.0,0.18590885,0.0,0.007819698,0.0,0.011956447,0.0,0.007970001,0.0,0.0074852025
0.0,0.0,4.5690117e-19,3.8603605e-20,0.0,1.444448e-05,0.0,1.3277708e-08,0.0,0.0047646654,0.0,0.2178127,0.0,0.54527164,0.0,0.0009301453,0.0,0.04613806,0.0,0.01367641,0.0,0.0022839925,0.0,0.0018708827,0.0,0.05572138
0.0,0.0,7.3367317e-19,1.3814836e-19,0.0,8.569511e-06,0.0,9.964263e-10,0.0,0.0074735465,0.0,0.15516868,0.0,0.47233355,0.0,0.0038505672,0.0,0.119398385,0.0,0.008680329,0.0,0.01659378,0.0,0.010823409,0.0,1.165733e-06
0.0,0.0,1.1603186e-18,5.2022823e-20,0.0,8.041355e-06,0.0,4.091242e-09,0.0,0.02710224,0.0,0.18699026,0.0,0.5115566,0.0,0.0009646108,0.0,0.1304384,0.0,0.020536091,0.0,0.005272952,0.0,0.0032794627,0.0,0.004123489
0.0,0.0,6.09947e-19,3.7474198e-19,0.0,8.762071e-06,0.0,1.7324819e-08,0.0,0.008545707,0.0,0.20198978,0.0,0.4246165,0.0,0.0032284304,0.0,0.11900576,0.0,0.0070244684,0.0,0.0016188083,0.0,0.0013562215,0.0,0.007347082
0.0,0.0,2.0991773e-19,4.407665999999999e-19,0.0,5.451749e-06,0.0,1.0446252e-08,0.0,0.016756287,0.0,0.20222166,0.0,0.38850078,0.0,0.0010301888,0.0,0.20596297,0.0,0.008295546,0.0,0.003784033,0.0,0.0019394899,0.0,0.033169873
0.0,0.0,2.7628928e-19,1.7331806999999998e-19,0.0,9.0422e-06,0.0,1.6985149e-09,0.0,0.016498893,0.0,0.1689514,0.0,0.22163592,0.0,0.004044649,0.0,0.18447393,0.0,0.04913125,0.0,0.0019780267,0.0,0.0015188705,0.0,5.5924606e-06
0.0,0.0,2.0487872e-19,6.143325999999999e-20,0.0,1.36101335e-05,0.0,1.1793688e-08,0.0,0.029988652,0.0,0.16232459,0.0,0.21371388,0.0,0.0010495757,0.0,0.07467402,0.0,0.01715997,0.0,0.0062823556,0.0,0.0031853186,0.0,2.5650882e-06
0.0,0.0,5.198903999999999e-19,4.897042e-20,0.0,8.763044e-06,0.0,2.9650085e-09,0.0,0.007189911,0.0,0.13095035,0.0,0.23372322,0.0,0.004075473,0.0,0.041000683,0.0,0.009172266,0.0,0.012702077,0.0,0.008654425,0.0,1.1417872e-06
0.0,0.0,1.5650828e-19,1.8645715e-19,0.0,1.7717019e-05,0.0,7.558654e-09,0.0,0.04804564,0.0,0.110330194,0.0,0.25873736,0.0,0.0010710519,0.0,0.07499443,0.0,0.021635521,0.0,0.002642734,0.0,0.0020783623,0.0,5.2617423e-07
0.0,0.0,1.5640433e-19,6.960693999999999e-20,0.0,9.805738e-06,0.0,1.1905257e-09,0.0,0.010345642,0.0,0.060260512,0.0,0.42546904,0.0,0.004738802,0.0,0.05939554,0.0,0.016631583,0.0,0.005937998,0.0,0.0041296775,0.0,1.3069988e-06
0.0,0.0,1.3362471e-19,1.6731201e-19,0.0,1.6700631e-05,0.0,1.6785785e-08,0.0,0.051136173,0.0,0.023503052,0.0,0.4158367,0.0,0.0011087356,0.0,0.26917404,0.0,0.037630793,0.0,0.0077485056,0.0,0.0040524043,0.0,0.0036544488
0.0,0.0,1.3353597e-19,2.3659056e-19,0.0,1.0023421e-05,0.0,4.1440846e-09,0.0,0.011146061,0.0,0.01181942,0.0,0.042906668,0.0,0.0042115944,0.0,0.40806568,0.0,0.019080626,0.0,0.0019740744,0.0,0.0017542357,0.0,0.011408038
0.0,0.0,1.2008172e-19,7.329339999999999e-20,0.0,1.0840344e-05,0.0,1.3502161e-08,0.0,0.040800747,0.0,0.013868167,0.0,0.005104642,0.0,0.0012168252,0.0,0.4673033,0.0,0.030943155,0.0,0.0041390336,0.0,0.0020803483,0.0,0.017948994
0.0,0.0,1.3089663e-19,6.938234999999999e-19,0.0,1.0896237e-05,0.0,4.217033e-09,0.0,0.030779084,0.0,0.04921139,0.0,0.12247552,0.0,0.0047775614,0.0,0.42342466,0.0,0.020116542,0.0,0.015134386,0.0,0.010327902,0.0,0.025290325
0.0,0.0,2.618481e-19,6.3163677e-19,0.0,1.9841573e-05,0.0,1.8728388e-08,0.0,0.012394553,0.0,0.077295594,0.0,0.09567868,0.0,0.0013193726,0.0,0.3183751,0.0,0.050734814,0.0,0.0049140016,0.0,0.0034504733,0.0,0.0043768603
0.0,0.0,2.5339313e-19,1.9291168e-19,0.0,1.0791108e-05,0.0,2.803391e-09,0.0,0.008151121,0.0,0.01898211,0.0,0.22281356,0.0,0.0054880856,0.0,0.303833,0.0,0.041698813,0.0,0.007940758,0.0,0.005638942,0.0,8.781122e-05
0.0,0.0,1.2535604999999998e-18,5.9196243e-20,0.0,3.1405238e-05,0.0,7.638369e-09,0.0,0.017825134,0.0,0.00085984805,0.0,0.21644689,0.0,0.0013301,0.0,0.1985619,0.0,0.08380624,0.0,0.0014593394,0.0,0.0011797912,0.0,1.3032408e-05
0.0,0.0,6.3810946e-19,4.7667736e-19,0.0,1.2215726e-05,0.0,1.449842e-08,0.0,0.015493701,0.0,0.00031663576,0.0,0.20405857,0.0,0.0054746196,0.0,0.110552125,0.0,0.08231552,0.0,0.004555058,0.0,0.0031866773,0.0,3.3898918e-06
0.0,0.0,6.376231e-19,5.019345399999999e-19,0.0,2.8285956e-05,0.0,2.5542028e-09,0.0,0.030315371,0.0,0.000103472536,0.0,0.26458687,0.0,0.001434941,0.0,0.015428028,0.0,0.08869134,0.0,0.012012323,0.0,0.0065912115,0.0,0.019931396
0.0,0.0,4.344864e-19,1.3722643999999998e-18,0.0,1.2984959e-05,0.0,1.9917676e-08,0.0,0.055003382,0.0,0.003766066,0.0,0.47583625,0.0,0.0058407034,0.0,0.48511627,0.0,0.08839312,0.0,0.0045591565,0.0,0.0037624845,0.0,0.0024598301
0.0,0.0,1.8601794e-19,5.849616999999999e-19,0.0,3.31512e-05,0.0,1.2955275e-08,0.0,0.011327929,0.0,0.007467824,0.0,0.4366778,0.0,0.0015187397,0.0,0.1021126,0.0,0.104173474,0.0,0.020730747,0.0,0.011295399,0.0,6.2397585e-06
0.0,0.0,1.8587614e-19,4.1204145e-18,0.0,1.3490953e-05,0.0,1.1511779e-08,0.0,0.043722022,0.0,0.011232958,0.0,0.2934316,0.0,0.007062085,0.0,0.43386704,0.0,0.10544431,0.0,0.04987045,0.0,0.034618765,0.0,0.0050444226
0.0,0.0,1.5878849999999998e-19,2.0074234e-16,0.0,4.0654715e-05,0.0,6.295939e-08,0.0,0.0044800662,0.0,0.058865868,0.0,0.3064313,0.0,0.0015830037,0.0,0.22481038,0.0,0.11050331,0.0,0.04997806,0.0,0.030531688,0.0,0.0034940513
0.0,0.0,1.2021807e-19,7.1323423e-17,0.0,1.452557e-05,0.0,7.27148e-08,0.0,0.014974442,0.0,0.08110507,0.0,0.20731756,0.0,0.006895149,0.0,0.22236875,0.0,0.11975568,0.0,0.059104044,0.0,0.043789715,0.0,0.016170617
0.0,0.0,8.191849e-20,2.3997990000000006e-17,0.0,3.9986207e-05,0.0,2.7939771e-08,0.0,0.058569007,0.0,0.11732315,0.0,0.18064955,0.0,0.0016739073,0.0,0.31048504,0.0,0.13346592,0.0,0.066112965,0.0,0.03979829,0.0,1.6124171e-05
0.0,0.0,6.9980546e-20,1.06685434e-16,0.0,1.62835e-05,0.0,5.248387e-09,0.0,0.018643288,0.0,0.08596609,0.0,0.05229395,0.0,0.007114206,0.0,0.3465078,0.0,0.13005249,0.0,0.07283924,0.0,0.055533767,0.0,0.017806038
0.0,0.0,5.978231e-20,3.8315304e-17,0.0,3.389019e-05,0.0,6.9556286e-08,0.0,0.020962264,0.0,0.0684057,0.0,0.008450289,0.0,0.0017376653,0.0,0.3929505,0.0,0.12300091,0.0,0.07338326,0.0,0.045147598,0.0,0.031574406
0.0,0.0,2.920194e-20,1.1230828e-17,0.0,1.6462447e-05,0.0,9.074414e-08,0.0,0.021082656,0.0,0.024743265,0.0,0.55668795,0.0,0.007390332,0.0,0.43031812,0.0,0.12891622,0.0,0.08409951,0.0,0.06464988,0.0,0.0071728104
0.0,0.0,2.1202977e-20,4.7264126e-16,0.0,4.164068e-05,0.0,4.0582833e-08,0.0,0.012638467,0.0,0.0017005383,0.0,0.4829211,0.0,0.0018966825,0.0,0.5146026,0.0,0.13850597,0.0,0.09821872,0.0,0.05889984,0.0,0.026302146
0.0,0.0,8.74549e-21,3.796689e-15,0.0,1.6966682e-05,0.0,4.8316437e-08,0.0,0.026111864,0.0,0.00016147913,0.0,0.010091205,0.0,0.008409276,0.0,0.5420649,0.0,0.14286627,0.0,0.091096416,0.0,0.07702717,0.0,0.064299345
0.0,0.0,1.7048887e-20,1.5474653e-15,0.0,6.061531e-05,0.0,9.667848e-08,0.0,0.028707473,0.0,0.092427485,0.0,0.7569878,0.0,0.0019984872,0.0,0.6017057,0.0,0.155888,0.0,0.091863655,0.0,0.06314113,0.0,0.05181865
0.0,0.0,1.4416126e-20,3.4200353e-15,0.0,1.8303408e-05,0.0,1.8227439e-07,0.0,0.025484787,0.0,0.14369573,0.0,0.19908352,0.0,0.01061243,0.0,0.6440004,0.0,0.15171926,0.0,0.097877264,0.0,0.07864428,0.0,0.109712355
0.0,0.0,1.4405029999999998e-20,1.0378632e-15,0.0,7.058955e-05,0.0,1.2517366e-07,0.0,0.0035424817,0.0,0.20100781,0.0,0.17323625,0.0,0.0025587673,0.0,0.6585098,0.0,0.13292176,0.0,0.10132327,0.0,0.06736349,0.0,0.028306965
0.0,0.0,1.09059054e-20,1.0579247e-15,0.0,2.0232837e-05,0.0,4.2923336e-08,0.0,0.0338369,0.0,0.17534198,0.0,0.09102826,0.0,0.012103467,0.0,0.6015401,0.0,0.1364849,0.0,0.101035416,0.0,0.08364782,0.0,0.0040512863
0.0,0.0,1.0897512e-20,4.6013006e-16,0.0,8.369406e-05,0.0,6.807849e-08,0.0,0.011233537,0.0,0.13505498,0.0,0.04485941,0.0,0.0030606738,0.0,0.4397783,0.0,0.13351607,0.0,0.105120786,0.0,0.06981976,0.0,0.040354747
0.0,0.0,4.523826e-21,5.127371e-16,0.0,2.6064792e-05,0.0,2.1175952e-08,0.0,0.042331014,0.0,0.079641394,0.0,0.28744668,0.0,0.012742284,0.0,0.30901474,0.0,0.13495854,0.0,0.11301197,0.0,0.09255792,0.0,0.008431825
0.0,0.0,1.1381829000000001e-21,1.645428e-16,0.0,9.531988e-05,0.0,1.159092e-07,0.0,0.007890775,0.0,0.045422737,0.0,0.32608324,0.0,0.0035180103,0.0,0.19801508,0.0,0.1185124,0.0,0.10773041,0.0,0.07566928,0.0,0.0027091594
0.0,0.0,9.723087e-22,1.331811e-16,0.0,3.0443018e-05,0.0,1.05761934e-07,0.0,0.036335543,0.0,0.0049899984,0.0,0.41017848,0.0,0.014305745,0.0,0.15486826,0.0,0.120957404,0.0,0.10543117,0.0,0.08855987,0.0,0.017425291
0.0,0.0,9.715604e-22,4.18333e-17,0.0,0.00012476664,0.0,1.2125707e-07,0.0,0.0334825,0.0,0.031677894,0.0,0.421705,0.0,0.003454741,0.0,0.18416372,0.0,0.112180516,0.0,0.103280656,0.0,0.071219504,0.0,0.03806813
0.0,0.0,6.6203166e-22,1.1871733e-17,0.0,3.4023018e-05,0.0,4.4050022e-08,0.0,0.006265191,0.0,0.051531225,0.0,0.49159318,0.0,0.013994402,0.0,0.18868768,0.0,0.11492029,0.0,0.10915703,0.0,0.08980232,0.0,0.047319926
0.0,0.0,6.615221e-22,1.9657527e-18,0.0,0.00012580445,0.0,1.2949621e-07,0.0,0.0036749414,0.0,0.057645984,0.0,0.534535,0.0,0.0034843374,0.0,0.25616434,0.0,0.100085676,0.0,0.100452326,0.0,0.069953114,0.0,0.027590252
0.0,0.0,6.61013e-22,4.279602e-19,0.0,3.6051086e-05,0.0,1.9486612e-07,0.0,0.009525657,0.0,0.121698625,0.0,0.5317183,0.0,0.013607934,0.0,0.2732034,0.0,0.10201815,0.0,0.09463554,0.0,0.07863787,0.0,0.09025403
0.0,0.0,6.605042e-22,1.2152719999999998e-19,0.0,0.00011690835,0.0,2.1228456e-07,0.0,0.043612134,0.0,0.11787851,0.0,0.5829819,0.0,0.0035816664,0.0,0.3998033,0.0,0.08795997,0.0,0.096873924,0.0,0.06430111,0.0,0.021018423
0.0,0.0,6.599958700000001e-22,3.5061236e-20,0.0,3.5491557e-05,0.0,1.5161739e-07,0.0,0.0047757938,0.0,0.14401057,0.0,0.55271244,0.0,0.015560413,0.0,0.38743046,0.0,0.092520185,0.0,0.10187549,0.0,0.08334343,0.0,0.029918382
0.0,0.0,5.638108000000002e-22,5.7112976e-20,0.0,0.00012420843,0.0,4.442195e-07,0.0,0.009941689,0.0,0.14701918,0.0,0.55182385,0.0,0.003935718,0.0,0.2540294,0.0,0.09070077,0.0,0.09201309,0.0,0.062236987,0.0,0.044004846
0.0,0.0,4.816433e-22,2.7613118e-20,0.0,3.5744342e-05,0.0,1.2600667e-07,0.0,0.04986695,0.0,0.15646525,0.0,0.4967753,0.0,0.015079432,0.0,0.19619559,0.0,0.08630114,0.0,0.093689926,0.0,0.07569259,0.0,0.006622566
0.0,0.0,2.1976584e-22,2.3055556e-20,0.0,0.0001137295,0.0,3.4994122e-07,0.0,0.03739881,0.0,0.17784998,0.0,0.49564436,0.0,0.004108676,0.0,0.29684293,0.0,0.071636766,0.0,0.08872754,0.0,0.05796124,0.0,0.07473238
0.0,0.0,2.746591e-22,4.103023e-20,0.0,4.033374e-05,0.0,1.891798e-07,0.0,0.004230635,0.0,0.19054073,0.0,0.5503536,0.0,0.016721316,0.0,0.30160788,0.0,0.07054614,0.0,0.085686095,0.0,0.069767155,0.0,0.03542958
0.0,0.0,3.0569880000000003e-22,1.5501064e-20,0.0,0.000116334006,0.0,1.5673672e-07,0.0,0.014400682,0.0,0.13918652,0.0,0.5429066,0.0,0.0043564094,0.0,0.20747532,0.0,0.059236486,0.0,0.08164504,0.0,0.056257974,0.0,0.08615748
0.0,0.0,7.8489445e-23,2.000664e-19,0.0,4.025949e-05,0.0,2.2875196e-07,0.0,0.038378894,0.0,0.14178094,0.0,0.5687573,0.0,0.017816268,0.0,0.14477256,0.0,0.05283992,0.0,0.08448879,0.0,0.06683183,0.0,0.02440532
0.0,0.0,6.7050255e-23,4.523458699999999e-18,0.0,0.00014406507,0.0,2.7564354e-07,0.0,0.014766047,0.0,0.13253517,0.0,0.5379789,0.0,0.00460692,0.0,0.10060277,0.0,0.036879763,0.0,0.073175,0.0,0.04899978,0.0,0.030165728
0.0,0.0,3.6853114e-23,2.5270318e-18,0.0,4.439235e-05,0.0,4.0709259e-07,0.0,0.040613998,0.0,0.2026558,0.0,0.59169614,0.0,0.017851438,0.0,0.047152817,0.0,0.031354524,0.0,0.06885523,0.0,0.054588955,0.0,0.08522764
0.0,0.0,2.0017114e-23,2.3609078e-17,0.0,0.0001529909,0.0,1.6745791e-07,0.0,0.010474433,0.0,0.17807043,0.0,0.6201933,0.0,0.0047591864,0.0,0.0287987,0.0,0.030029,0.0,0.059128724,0.0,0.038854662,0.0,0.09337773
0.0,0.0,2.0001571e-23,8.219278e-17,0.0,4.731632e-05,0.0,3.9321897e-08,0.0,0.04467597,0.0,0.18294296,0.0,0.6001727,0.0,0.018642519,0.0,0.04160008,0.0,0.021185987,0.0,0.05748177,0.0,0.044183448,0.0,0.034211744
0.0,0.0,1.7086508e-23,1.1043627e-16,0.0,0.00016284242,0.0,2.6144517e-07,0.0,0.005667968,0.0,0.18013035,0.0,0.54562825,0.0,0.0048387134,0.0,0.05184626,0.0,0.016526714,0.0,0.04540708,0.0,0.029023344,0.0,0.0063851313
0.0,0.0,1.2935937e-23,4.4127922e-17,0.0,4.856358e-05,0.0,1.8901957e-07,0.0,0.011084595,0.0,0.20509987,0.0,0.5503276,0.0,0.018744804,0.0,0.25401163,0.0,0.017445778,0.0,0.031068088,0.0,0.02426517,0.0,0.06647818
0.0,0.0,9.7936024e-24,1.1161551e-17,0.0,0.0001490079,0.0,2.2128606e-07,0.0,0.022119595,0.0,0.21497242,0.0,0.5475909,0.0,0.0050436286,0.0,0.24488614,0.0,0.011566235,0.0,0.021018282,0.0,0.013243385,0.0,0.031693876
0.0,0.0,9.785998e-24,3.0342626e-17,0.0,5.005634e-05,0.0,1.5945756e-07,0.0,0.0032672628,0.0,0.19731821,0.0,0.513816,0.0,0.01967309,0.0,0.1570976,0.0,0.03658025,0.0,0.012441488,0.0,0.009506624,0.0,0.015240828
0.0,0.0,6.067015e-24,1.23329205e-17,0.0,0.00014805929,0.0,3.9523936e-08,0.0,0.008143287,0.0,0.1756075,0.0,0.5597004,0.0,0.005231046,0.0,0.122942716,0.0,0.008954973,0.0,0.003562206,0.0,0.0026853331,0.0,0.10947993
0.0,0.0,7.551038e-24,2.5758970000000002e-17,0.0,5.1057745e-05,0.0,2.3310916e-07,0.0,0.010228917,0.0,0.19371583,0.0,0.5406412,0.0,0.02120946,0.0,0.0699999,0.0,0.18988842,0.0,0.008587994,0.0,0.0061060777,0.0,0.14714627
0.0,0.0,3.305613e-23,1.3434663000000001e-17,0.0,0.00017521129,0.0,2.291547e-07,0.0,0.031915907,0.0,0.19081514,0.0,0.4706163,0.0,0.0058462787,0.0,0.18267506,0.0,0.011898818,0.0,0.010747504,0.0,0.006524247,0.0,0.10656699
0.0,0.0,2.749644e-23,4.147644e-18,0.0,5.370237e-05,0.0,1.5447173e-07,0.0,0.012400125,0.0,0.1761121,0.0,0.46663928,0.0,0.022320459,0.0,0.18325211,0.0,0.041263677,0.0,0.007846056,0.0,0.0059158835,0.0,0.039803497
0.0,0.0,1.7046279e-23,2.1088196e-18,0.0,0.00020469312,0.0,5.738599e-07,0.0,0.027824398,0.0,0.171649,0.0,0.44174588,0.0,0.0059177172,0.0,0.14318651,0.0,0.005475511,0.0,0.006737933,0.0,0.0038660376,0.0,0.09463617
0.0,0.0,1.0416091e-23,8.587611999999999e-19,0.0,6.0274997e-05,0.0,6.4087135e-07,0.0,0.0557073,0.0,0.19888978,0.0,0.41729814,0.0,0.022788327,0.0,0.12141524,0.0,0.07042895,0.0,0.01718479,0.0,0.012092437,0.0,0.043564506
0.0,0.0,1.2811979e-23,6.465440999999999e-19,0.0,0.00019452731,0.0,5.357533e-07,0.0,0.054481797,0.0,0.18224004,0.0,0.39953992,0.0,0.0064069405,0.0,0.13092913,0.0,0.0056605362,0.0,0.0100991735,0.0,0.006250484,0.0,0.0653634
0.0,0.0,1.09928446e-23,1.833166e-19,0.0,6.237528e-05,0.0,3.0902476e-07,0.0,0.013281076,0.0,0.16846241,0.0,0.32797027,0.0,0.022217982,0.0,0.15219632,0.0,0.06732335,0.0,0.005117964,0.0,0.0039708954,0.0,0.07956279
0.0,0.0,1.53732e-23,4.1764752999999997e-20,0.0,0.00019180524,0.0,4.0327382e-07,0.0,0.007467622,0.0,0.13942216,0.0,0.35531586,0.0,0.0063509573,0.0,0.24367711,0.0,0.004930861,0.0,0.008446856,0.0,0.004482251,0.0,0.06701016
0.0,0.0,5.328239700000001e-22,4.5326767e-20,0.0,6.607328e-05,0.0,5.1303914e-07,0.0,0.026704693,0.0,0.14261302,0.0,0.2907036,0.0,0.021961672,0.0,0.2742181,0.0,0.028709972,0.0,0.013600927,0.0,0.0096051395,0.0,0.053824164
0.0,0.0,6.133756e-22,3.4089738e-20,0.0,0.0001752011,0.0,3.6161293e-07,0.0,0.0041438574,0.0,0.11689104,0.0,0.29623732,0.0,0.006491117,0.0,0.23019455,0.0,0.005878716,0.0,0.012122261,0.0,0.006989491,0.0,0.039755233
0.0,0.0,2.7984165000000003e-22,3.76704e-20,0.0,6.414234e-05,0.0,3.481937e-07,0.0,0.0094872,0.0,0.13012587,0.0,0.31280228,0.0,0.022189092,0.0,0.1877518,0.0,0.08391975,0.0,0.009700906,0.0,0.00709862,0.0,0.012252988
0.0,0.0,2.7959477000000003e-22,7.6326986e-20,0.0,0.00019553032,0.0,3.4089587e-07,0.0,0.019157741,0.0,0.093749434,0.0,0.29498538,0.0,0.006211942,0.0,0.15777083,0.0,0.012011422,0.0,0.003921085,0.0,0.002488116,0.0,0.123426534
0.0,0.0,2.0609777e-22,4.4055552e-20,0.0,6.50485e-05,0.0,2.8118903e-08,0.0,0.008556062,0.0,0.06948926,0.0,0.30889478,0.0,0.021371944,0.0,0.11844045,0.0,0.03830117,0.0,0.009498123,0.0,0.0064567314,0.0,0.080675945
0.0,0.0,8.987192000000001e-23,8.282620999999999e-20,0.0,0.00014995808,0.0,3.163269e-07,0.0,0.01909429,0.0,0.051406354,0.0,0.31821972,0.0,0.0060726134,0.0,0.1561616,0.0,0.047747437,0.0,0.0043822066,0.0,0.002679429,0.0,0.011614432
0.0,0.0,4.7788155e-23,4.1762908e-20,0.0,6.3940846e-05,0.0,1.6682878e-07,0.0,0.019211587,0.0,0.071255274,0.0,0.3195026,0.0,0.018302519,0.0,0.1357141,0.0,0.027518112,0.0,0.017397244,0.0,0.011585449,0.0,0.058880996
0.0,0.0,4.7746e-23,1.32820334e-20,0.0,8.591231e-05,0.0,1.3913873e-07,0.0,0.0120088095,0.0,0.071134925,0.0,0.33932987,0.0,0.0060344674,0.0,0.07871557,0.0,0.079360515,0.0,0.0041031614,0.0,0.0033577327,0.0,0.08715065
0.0,0.0,2.799625e-23,3.6651234e-21,0.0,6.0611044e-05,0.0,1.6259558e-07,0.0,0.014681906,0.0,0.051546723,0.0,0.3140085,0.0,0.019747151,0.0,0.020239541,0.0,0.06571992,0.0,0.019027296,0.0,0.009806676,0.0,0.09173931
0.0,0.0,1.3858349e-23,1.2637589e-19,0.0,9.049023e-05,0.0,1.0911958e-07,0.0,0.025651462,0.0,0.057683263,0.0,0.3202843,0.0,0.0061908606,0.0,0.5423842,0.0,0.038075622,0.0,0.0053227586,0.0,0.004608526,0.0,0.038228918
0.0,0.0,8.167195e-22,8.7153e-20,0.0,5.5364464e-05,0.0,1.9091573e-07,0.0,0.018077377,0.0,0.06218094,0.0,0.37384278,0.0,0.020224165,0.0,0.23623423,0.0,0.019780565,0.0,0.009468899,0.0,0.006420692,0.0,0.005683039
0.0,0.0,1.9673093e-21,2.6260429e-20,0.0,0.00011450875,0.0,2.395663e-07,0.0,0.0110240355,0.0,0.085133985,0.0,0.39940882,0.0,0.006401343,0.0,0.07115018,0.0,0.056814693,0.0,0.0039575924,0.0,0.002426899,0.0,0.008967184
0.0,0.0,1.9654221e-21,7.268368e-20,0.0,5.866873e-05,0.0,1.7624076e-07,0.0,0.005891972,0.0,0.06612036,0.0,0.44453737,0.0,0.019918807,0.0,0.052930675,0.0,0.043728273,0.0,0.016775468,0.0,0.010617723,0.0,5.468533e-06
0.0,0.0,1.6786708000000001e-21,2.612986e-19,0.0,5.580461e-05,0.0,4.5669747e-08,0.0,0.029712263,0.0,0.08872237,0.0,0.4639721,0.0,0.0063208602,0.0,0.076894,0.0,0.04382176,0.0,0.0033989293,0.0,0.002787493,0.0,3.2268156e-06
0.0,0.0,9.308674e-21,1.0547644e-19,0.0,6.0774906e-05,0.0,4.482616e-08,0.0,0.0034838628,0.0,0.0932034,0.0,0.4424669,0.0,0.017173976,0.0,0.082958646,0.0,0.023116818,0.0,0.009892842,0.0,0.0043158657,0.0,3.8442163e-06
0.0,0.0,9.705643e-21,2.784089e-20,0.0,1.46163975e-05,0.0,7.6697674e-08,0.0,0.010220229,0.0,0.13650724,0.0,0.4430557,0.0,0.006783087,0.0,0.09736096,0.0,0.01925051,0.0,0.003536276,0.0,0.002833353,0.0,1.090465e-05
0.0,0.0,6.798593400000001e-21,4.7313636e-20,0.0,5.442856e-05,0.0,3.1071895e-08,0.0,0.013306646,0.0,0.11337579,0.0,0.42846477,0.0,0.017433504,0.0,0.1001396,0.0,0.0065839384,0.0,0.0050072595,0.0,0.0032623243,0.0,0.013021637
0.0,0.0,7.820249e-21,1.8656155e-18,0.0,1.4408515e-05,0.0,2.2764493e-08,0.0,0.014580249,0.0,0.15575656,0.0,0.44685093,0.0,0.019328095,0.0,0.28165206,0.0,0.041039743,0.0,0.0064894846,0.0,0.0041574417,0.0,0.0026854095
0.0,0.0,8.030737e-21,1.0403389e-18,0.0,4.626842e-05,0.0,2.2139323e-08,0.0,0.014136008,0.0,0.12413389,0.0,0.40447,0.0,0.00503692,0.0,0.38768566,0.0,0.018953435,0.0,0.006217309,0.0,0.0028172447,0.0,0.007975457
0.0,0.0,9.39712e-21,2.8672887e-19,0.0,1.4011064e-05,0.0,4.2745056e-09,0.0,0.013863297,0.0,0.14140344,0.0,0.4183963,0.0,0.012095263,0.0,0.38031843,0.0,0.008352437,0.0,0.009685094,0.0,0.0061024637,0.0,0.029963637
0.0,0.0,2.6942405e-20,2.763369e-19,0.0,7.221121e-05,0.0,3.4468908e-08,0.0,0.018035403,0.0,0.15097927,0.0,0.3929733,0.0,0.0055761784,0.0,0.29161298,0.0,0.10851366,0.0,0.002130362,0.0,0.0016620663,0.0,0.022661727
0.0,0.0,1.1291497e-20,1.2596344999999998e-19,0.0,3.829906e-05,0.0,1.6749608e-08,0.0,0.0061657387,0.0,0.114932805,0.0,0.3868687,0.0,0.00925504,0.0,0.26483396,0.0,0.13381524,0.0,0.0049608145,0.0,0.002022773,0.0,0.002876188
0.0,0.0,1.21589096e-20,4.1623945e-20,0.0,9.228571e-06,0.0,1.42385606e-08,0.0,0.008149346,0.0,0.14434123,0.0,0.4049773,0.0,0.004726968,0.0,0.27856582,0.0,0.115295045,0.0,0.006406252,0.0,0.004145859,0.0,0.007616981
0.0,0.0,1.3805339999999998e-20,9.910189999999999e-21,0.0,3.4071647e-05,0.0,9.275043e-09,0.0,0.004961184,0.0,0.1343553,0.0,0.2840219,0.0,0.0079481,0.0,0.23995659,0.0,0.106758915,0.0,0.018362038,0.0,0.011109945,0.0,0.019722985
0.0,0.0,7.570204e-21,1.6358787e-21,0.0,4.004067e-05,0.0,3.0190204e-09,0.0,0.0032230977,0.0,0.09548203,0.0,0.22018167,0.0,0.014309588,0.0,0.21954791,0.0,0.042935085,0.0,0.02600272,0.0,0.010408255,0.0,1.2507246e-06
0.0,0.0,6.4651318e-21,3.8350608e-22,0.0,1.0014394e-05,0.0,4.8970974e-09,0.0,0.0026114217,0.0,0.14187232,0.0,0.22299242,0.0,0.0035610609,0.0,0.18799911,0.0,0.004790073,0.0,0.014127605,0.0,0.010203805,0.0,4.697791e-07
0.0,0.0,6.458336e-21,8.3958586e-23,0.0,2.2976408e-06,0.0,1.2923812e-09,0.0,0.00091105624,0.0,0.118257575,0.0,0.124958314,0.0,0.0039206636,0.0,0.14391117,0.0,0.012439537,0.0,0.0032458962,0.0,0.0025181556,0.0,3.522936e-07
0.0,0.0,4.888164e-21,1.4384468e-21,0.0,8.315502e-06,0.0,4.2611084e-09,0.0,0.00027605298,0.0,0.08373882,0.0,0.04246176,0.0,0.0033269583,0.0,0.18164039,0.0,0.05773009,0.0,0.002002305,0.0,0.00066831766,0.0,2.4862516e-07
0.0,0.0,4.8830257e-21,2.5991177000000003e-22,0.0,2.6717028e-06,0.0,3.8445593e-09,0.0,0.00072302745,0.0,0.07986071,0.0,0.0050386963,0.0,0.0027087769,0.0,0.18517652,0.0,0.04917883,0.0,0.0015152241,0.0,0.0009822778,0.0,9.1139874e-08
0.0,0.0,4.877893e-21,6.262457e-23,0.0,9.653211e-06,0.0,2.1176576e-09,0.0,0.00022222864,0.0,0.044384558,0.0,0.12277473,0.0,0.0100948075,0.0,0.21528396,0.0,0.031844605,0.0,0.0041001006,0.0,0.0024261593,0.0,3.302126e-08
0.0,0.0,4.8727655000000004e-21,6.6954544e-23,0.0,4.361987e-06,0.0,1.398427e-09,0.0,6.58071e-05,0.0,0.007891369,0.0,0.10371548,0.0,0.002436696,0.0,0.18725915,0.0,0.0038760921,0.0,0.0061859186,0.0,0.0010855019,0.0,1.3878845e-08
0.0,0.0,4.8676433e-21,1.3478990000000001e-22,0.0,1.0692834e-06,0.0,5.432078e-10,0.0,1.7248443e-05,0.0,0.0012683126,0.0,0.055339575,0.0,0.0012229783,0.0,0.10717588,0.0,0.013699418,0.0,0.0014440423,0.0,0.0012344347,0.0,4.540247e-09
0.0,0.0,4.1570814e-21,2.5062363000000004e-22,0.0,7.4604975e-07,0.0,4.86048e-10,0.0,3.0829524e-06,0.0,0.00015853196,0.0,0.022435294,0.0,0.002276421,0.0,0.018261379,0.0,0.0038174673,0.0,0.001566239,0.0,0.0009169518,0.0,1.487146e-09
0.0,0.0,4.1527116e-21,4.8829350000000004e-23,0.0,9.715764e-07,0.0,1.0850708e-09,0.0,0.00040478143,0.0,2.5247406e-05,0.0,0.0664665,0.0,0.0005185423,0.0,0.29692206,0.0,0.0065482813,0.0,0.000670484,0.0,0.0004188984,0.0,2.5049154e-08
0.0,0.0,1.0483234e-20,1.2551763e-23,0.0,2.565083e-07,0.0,2.6831218e-10,0.0,0.00014802643,0.0,1.818858e-05,0.0,0.064430006,0.0,0.0060760914,0.0,0.10916096,0.0,0.033330977,0.0,0.00041920855,0.0,9.239977e-05,0.0,7.666729e-09
0.0,0.0,4.9098094e-20,1.8228252e-24,0.0,1.8394343e-06,0.0,3.4855122e-10,0.0,3.37845e-05,0.0,3.922216e-06,0.0,0.013292177,0.0,0.0014391025,0.0,0.049059145,0.0,0.012301048,0.0,0.0018489927,0.0,0.00096231105,0.0,2.0609094e-09
0.0,0.0,4.9044339999999996e-20,2.2076278e-24,0.0,5.034206e-07,0.0,4.1372253e-11,0.0,1.07904725e-05,0.0,8.8233855e-07,0.0,0.3135395,0.0,0.00032807433,0.0,0.009377628,0.0,0.02522083,0.0,0.0014065296,0.0,0.00080800604,0.0,6.1110517e-10
0.0,0.0,4.8990644e-20,7.410649599999998e-25,0.0,1.18531254e-07,0.0,5.6286243e-12,0.0,1.9496608e-06,0.0,1.8809635e-07,0.0,0.3500388,0.0,0.0012193448,0.0,0.14132613,0.0,0.022340102,0.0,0.0018076175,0.0,0.00013670903,0.0,0.0017006276
0.0,0.0,4.893701e-20,4.2225836e-25,0.0,1.1939636e-07,0.0,3.0752473e-11,0.0,1.7474109e-07,0.0,3.8883858e-08,0.0,0.10188274,0.0,0.0003139507,0.0,0.049075264,0.0,0.002853657,0.0,0.000967795,0.0,0.00058602216,0.0,0.00333395
0.0,0.0,3.8219625e-20,3.1681526e-26,0.0,7.64987e-08,0.0,9.288082e-12,0.0,3.0280912e-08,0.0,0.000114287504,0.0,0.039327126,0.0,0.0018569749,0.0,0.0061154207,0.0,0.024609463,0.0,0.0006619495,0.0,0.0003789136,0.0,0.0034460803
0.0,0.0,1.0692071e-19,5.142305e-27,0.0,1.9791768e-08,0.0,3.959664e-12,0.0,5.680212e-09,0.0,4.5638644e-05,0.0,0.048106194,0.0,0.0008482547,0.0,0.05200328,0.0,0.004995152,0.0,0.00025180474,0.0,0.00015298782,0.0,0.0027261476
0.0,0.0,1.0680244e-19,6.098672e-28,0.0,1.596852e-07,0.0,8.96899e-13,0.0,1.2141241e-09,0.0,9.96714e-06,0.0,0.025486907,0.0,0.00019723718,0.0,0.042890135,0.0,0.030582882,0.0,5.0902472e-05,0.0,3.839746e-05,0.0,0.0013491248
0.0,0.0,1.0668431e-19,1.0841054e-28,0.0,5.6638807e-08,0.0,1.0536626e-13,0.0,6.4653043e-09,0.0,2.0448945e-06,0.0,0.0041647707,0.0,0.00082850526,0.0,0.0076211067,0.0,0.009895895,0.0,5.208846e-05,0.0,6.6943912e-06,0.0,9.866044e-11
0.0,0.0,1.0656631e-19,2.4857845e-29,0.0,1.4040823e-08,0.0,1.7674936e-13,0.0,1.4667132e-09,0.0,4.538508e-07,0.0,0.03423266,0.0,0.00060079066,0.0,0.09768057,0.0,0.0044090645,0.0,8.2467224e-05,0.0,4.1448555e-05,0.0,2.7771707e-11
0.0,0.0,4.074246e-20,5.1072412e-30,0.0,3.3718555e-09,0.0,2.5769104e-14,0.0,3.3368477e-10,0.0,8.131597e-08,0.0,0.00643379,0.0,0.0001416114,0.0,0.020605918,0.0,0.023929657,0.0,1.4461057e-05,0.0,1.078792e-05,0.0,6.5304468e-12
0.0,0.0,1.3923118e-19,8.549354e-31,0.0,7.979654e-08,0.0,3.4187584e-15,0.0,7.898618e-11,0.0,2.313794e-05,0.0,0.08852665,0.0,0.0003557747,0.0,0.115958564,0.0,0.00346245,0.0,8.0156315e-06,0.0,4.4923954e-06,0.0,1.4206361e-12
0.0,0.0,1.3907582e-19,1.3453104e-31,0.0,3.0400958e-08,0.0,2.3461483e-15,0.0,1.3060238e-11,0.0,5.304333e-06,0.0,0.030966789,0.0,0.00037306652,0.0,0.039274674,0.0,0.023201235,0.0,2.0856402e-05,0.0,7.9134276e-07,0.0,2.3307322e-13
0.0,0.0,7.8810673e-20,2.8145846e-32,0.0,7.694351e-09,0.0,2.4574913e-14,0.0,3.1293015e-10,0.0,1.9154413e-05,0.0,0.0035651599,0.0,8.676695e-05,0.0,0.016950749,0.0,0.0037184514,0.0,3.6242318e-06,0.0,2.7366361e-06,0.0,4.0026332e-14
0.0,0.0,8.440266e-20,5.2835132e-33,0.0,3.8923558e-09,0.0,6.5747477e-15,0.0,1.05262764e-10,0.0,1.0490288e-05,0.0,0.00887686,0.0,2.0759766e-05,0.0,0.08456692,0.0,0.015761003,0.0,5.153108e-06,0.0,2.4838419e-06,0.0,8.065147e-15
0.0,0.0,1.5143959e-19,2.8038341e-33,0.0,1.2045336e-08,0.0,1.0206057e-15,0.0,2.3854462e-11,0.0,2.0356556e-06,0.0,0.0493985,0.0,0.00080376957,0.0,0.023769762,0.0,0.0018513171,0.0,3.003468e-05,0.0,3.977829e-06,0.0,2.4834957e-15
0.0,0.0,7.8961194e-20,5.7921116e-34,0.0,3.198109e-09,0.0,6.199217e-15,0.0,5.973495e-12,0.0,5.3913107e-07,0.0,0.12252931,0.0,0.0001814746,0.0,0.15785651,0.0,0.008756222,0.0,5.167237e-06,0.0,5.182612e-06,0.0,4.6429718e-14
0.0,0.0,6.7429825e-20,2.1876169e-28,0.0,1.6138708e-08,0.0,1.0933627e-15,0.0,1.9029739e-12,0.0,1.2637766e-07,0.0,0.076645486,0.0,4.1463678e-05,0.0,0.016041972,0.0,0.04150851,0.0,0.00010475262,0.0,6.1163983e-06,0.0,2.520689e-14
0.0,0.0,8.699437999999999e-20,9.1692177e-29,0.0,5.1475255e-09,0.0,1.0178172e-15,0.0,1.3517093e-13,0.0,2.8926536e-08,0.0,1.1184124e-07,0.0,0.00071704417,0.0,0.15698193,0.0,0.012743647,0.0,1.8241e-05,0.0,1.8214456e-05,0.0,6.747543e-15
0.0,0.0,3.3165354e-19,1.7687611e-29,0.0,5.4574163e-09,0.0,4.435799e-16,0.0,5.202807e-16,0.0,6.4119567e-09,0.0,5.92151e-08,0.0,0.0001747623,0.0,0.029333262,0.0,0.0038774784,0.0,1.9069284e-05,0.0,3.525805e-06,0.0,1.9081886e-15
0.0,0.0,2.8675072e-19,4.5945256e-30,0.0,3.1035778e-09,0.0,7.69812e-15,0.0,1.288335e-13,0.0,1.2709028e-09,0.0,3.878237e-08,0.0,4.0156483e-05,0.0,0.040550794,0.0,0.039740697,0.0,4.7737594e-05,0.0,2.4870722e-05,0.0,4.901325e-16
0.0,0.0,2.8642576e-19,7.8555527e-31,0.0,8.092551e-09,0.0,6.7049205e-15,0.0,1.205725e-13,0.0,3.4099965e-06,0.0,6.049859e-08,0.0,0.00012184985,0.0,0.0031349792,0.0,0.013370798,0.0,0.0004045435,0.0,0.00020114667,0.0,1.4633023e-14
0.0,0.0,2.1677118e-19,2.951185e-31,0.0,2.4986589e-08,0.0,1.0303564e-15,0.0,1.9579848e-14,0.0,6.208482e-07,0.0,7.388806e-08,0.0,4.350829e-05,0.0,4.9177613e-09,0.0,0.005260548,0.0,0.001876964,0.0,0.0009601477,0.0,3.93637e-15
0.0,0.0,2.1652552e-19,4.513331e-32,0.0,7.121842e-09,0.0,3.724613e-15,0.0,3.2638803e-15,0.0,1.4925693e-07,0.0,2.5249244e-07,0.0,0.00029103385,0.0,6.3773617e-09,0.0,0.03237593,0.0,0.0010038939,0.0,0.00016161767,0.0,8.6109115e-16
0.0,0.0,2.1628015e-19,2.2524964000000003e-32,0.0,1.7197475e-09,0.0,4.154837e-16,0.0,6.681625e-16,0.0,1.4132748e-07,0.0,1.2081131e-07,0.0,0.00012934711,0.0,3.922962e-09,0.0,0.0077960268,0.0,0.0005988991,0.0,0.00036333784,0.0,2.225894e-16
0.0,0.0,6.844936e-20,3.477852e-32,0.0,2.7080436e-08,0.0,2.1095322e-15,0.0,1.2332254e-16,0.0,2.5182896e-08,0.0,1.8996266e-07,0.0,2.9772991e-05,0.0,2.0405424e-09,0.0,8.311754e-05,0.0,8.7723325e-05,0.0,7.604836e-05,0.0,4.0702432e-16
0.0,0.0,6.837179e-20,1.4331379e-34,0.0,2.379554e-08,0.0,4.623351e-16,0.0,2.4499366e-17,0.0,2.6842995e-06,0.0,1.17796e-07,0.0,7.173291e-05,0.0,6.0048877e-09,0.0,6.910261e-05,0.0,6.5205686e-06,0.0,1.32565165e-05,0.0,2.5098865e-16
0.0,0.0,6.8294306e-20,5.6095555e-34,0.0,6.7799197e-09,0.0,4.1691605e-15,0.0,5.0238893e-18,0.0,9.973976e-07,0.0,5.301089e-08,0.0,3.5753645e-05,0.0,5.5817293e-09,0.0,6.184738e-05,0.0,1.5782754e-05,0.0,7.178591e-06,0.0,5.456591000000001e-17
0.0,0.0,5.832014e-20,7.5991953e-31,0.0,1.6679554e-09,0.0,1.3039039e-15,0.0,8.105803e-19,0.0,1.8656712e-07,0.0,2.3102327e-08,0.0,8.504429e-06,0.0,2.268264e-09,0.0,2.085556e-05,0.0,3.5420805e-06,0.0,2.3744767e-06,0.0,1.2433149e-17
0.0,0.0,4.4137534e-20,4.1065547e-31,0.0,4.0810552e-10,0.0,1.6045427e-15,0.0,5.8663564e-14,0.0,4.911056e-08,0.0,2.6372103e-08,0.0,9.823691e-05,0.0,4.8620072e-09,0.0,2.399681e-05,0.0,2.186531e-06,0.0,1.2622653e-06,0.0,2.8687984e-18
0.0,0.0,3.7691389999999997e-20,8.7372867e-32,0.0,1.503141e-09,0.0,4.8421496e-16,0.0,1.34894656e-14,0.0,1.4514231e-08,0.0,2.0367626e-08,0.0,2.3712091e-05,0.0,4.9932156e-09,0.0,8.954694e-05,0.0,1.5027677e-05,0.0,2.2280408e-07,0.0,5.3966425e-17
0.0,0.0,3.7648676e-20,1.5166844000000002e-32,0.0,1.2884043e-09,0.0,1.4798404e-16,0.0,3.837729e-15,0.0,2.6534663e-09,0.0,9.453801e-09,0.0,5.6764356e-06,0.0,2.5689701e-09,0.0,3.440896e-05,0.0,2.7259189e-06,0.0,1.7022605e-06,0.0,3.6242260000000004e-17
0.0,0.0,3.7606012e-20,3.3565734e-33,0.0,3.864428e-10,0.0,1.4724386e-17,0.0,6.034165e-16,0.0,4.3432424e-10,0.0,4.3464095e-09,0.0,0.0001872015,0.0,9.2252816e-10,0.0,1.5778438e-05,0.0,1.6090304e-06,0.0,9.219881e-07,0.0,6.448751e-18
0.0,0.0,3.7563396e-20,5.856813e-34,0.0,8.3354246e-10,0.0,2.078577e-17,0.0,9.95924e-17,0.0,8.596738e-11,0.0,1.3046247e-09,0.0,4.9418497e-05,0.0,3.431176e-10,0.0,6.427338e-06,0.0,1.3620057e-06,0.0,1.651218e-07,0.0,1.2563668999999998e-18
0.0,0.0,3.7520825e-20,1.2474894e-34,0.0,3.2326475e-10,0.0,4.4078883e-18,0.0,1.7722068e-17,0.0,1.1364274e-11,0.0,5.3219207e-10,0.0,1.1845837e-05,0.0,1.3075702e-10,0.0,5.025147e-06,0.0,3.1899023e-07,0.0,1.410939e-07,0.0,2.428646e-19
0.0,0.0,3.7478306e-20,1.4467318e-35,0.0,8.650721e-11,0.0,2.2711416e-18,0.0,3.1107494e-18,0.0,4.0922695e-12,0.0,2.1142513e-10,0.0,2.9091636e-06,0.0,1.8367015e-10,0.0,6.668706e-06,0.0,5.860522e-07,0.0,2.6033538e-07,0.0,1.5758883999999998e-19
0.0,0.0,3.7435833e-20,5.5221143e-36,0.0,2.2388657e-11,0.0,1.0396178e-18,0.0,2.8540295e-17,0.0,1.3840955e-12,0.0,3.102117e-10,0.0,5.259398e-05,0.0,1.2563578e-10,0.0,2.3170883e-06,0.0,1.0415285e-07,0.0,6.8443654e-08,0.0,1.3772467e-19
0.0,0.0,3.739341e-20,1.10851715e-35,0.0,1.00579215e-11,0.0,1.7745782e-19,0.0,4.4532757e-18,0.0,5.2166935e-13,0.0,1.7612874e-10,0.0,9.706527e-05,0.0,5.2668224e-11,0.0,2.326036e-06,0.0,3.1716525e-08,0.0,1.9337218e-08,0.0,2.6142067e-20
0.0,0.0,3.7351034e-20,4.85948e-36,0.0,6.6121765e-12,0.0,3.782993e-18,0.0,1.2707724e-18,0.0,1.1442175e-13,0.0,5.5650633e-11,0.0,2.4443454e-05,0.0,1.7077301e-11,0.0,1.8288869e-05,0.0,5.6972954e-07,0.0,3.6470176e-09,0.0,4.6550268000000004e-21
0.0,0.0,1.8238142e-20,9.853066e-37,0.0,1.9925682e-12,0.0,1.2473797e-18,0.0,2.2395408e-19,0.0,2.2422729e-14,0.0,1.9857675e-11,0.0,5.963675e-06,0.0,5.362603e-12,0.0,8.153067e-06,0.0,1.0654354e-07,0.0,8.22898e-09,0.0,8.652007e-22
0.0,0.0,1.557452e-20,3.1560809e-37,0.0,1.1380501e-11,0.0,1.8417456e-19,0.0,4.7098078e-20,0.0,2.1098492e-13,0.0,3.2723508e-11,0.0,1.4492014e-06,0.0,1.7023049e-12,0.0,2.1421681e-06,0.0,1.9448265e-08,0.0,1.9103364e-08,0.0,1.7048185000000002e-22
0.0,0.0,7.103814e-21,6.514996400000001e-38,0.0,5.503069e-12,0.0,3.2344368e-20,0.0,7.46028e-21,0.0,8.761323e-14,0.0,1.7974046e-11,0.0,3.5461804e-07,0.0,1.1067078e-12,0.0,1.2768719e-06,0.0,3.3972404e-07,0.0,3.4464094e-09,0.0,1.0818840000000002e-22
0.0,0.0,7.095764e-21,6.539314e-37,0.0,1.5259197e-12,0.0,5.814955300000001e-21,0.0,1.213605e-21,0.0,2.9372812e-14,0.0,6.7746477e-12,0.0,2.6963613e-05,0.0,7.824936e-13,0.0,3.3870276e-06,0.0,7.687646e-08,0.0,2.6048195e-08,0.0,6.9578453e-23
0.0,0.0,7.087723e-21,2.2989582e-37,0.0,3.998049e-13,0.0,1.109486e-21,0.0,2.2961936000000003e-22,0.0,8.809907e-15,0.0,2.0155514e-12,0.0,6.854185e-06,0.0,3.1759502e-13,0.0,1.8345614e-05,0.0,6.763426e-07,0.0,2.4152595e-07,0.0,1.2501133e-23
0.0,0.0,5.3640918e-21,5.341682e-37,0.0,7.5763326e-11,0.0,1.9362662e-22,0.0,4.0501425e-23,0.0,1.7190175e-15,0.0,8.5728614e-13,0.0,1.6712253e-06,0.0,1.638392e-13,0.0,7.307107e-06,0.0,1.2422252e-07,0.0,7.6175105e-08,0.0,1.6857708e-22
0.0,0.0,4.5806835e-21,1.0911253e-37,0.0,3.72419e-11,0.0,2.9257860000000004e-23,0.0,1.3940231e-20,0.0,8.50248e-16,0.0,1.906614e-12,0.0,4.1307635e-07,0.0,4.908976e-14,0.0,2.9589344e-06,0.0,3.0308192e-07,0.0,1.206897e-07,0.0,3.917734e-21
0.0,0.0,4.5754926e-21,2.3850052e-38,0.0,1.0446e-11,0.0,6.778239e-21,0.0,2.7569673e-21,0.0,3.808207e-15,0.0,1.3162322e-12,0.0,2.0577281e-05,0.0,3.4592175e-14,0.0,1.3039388e-06,0.0,3.1338647e-07,0.0,2.1806812e-08,0.0,8.0182867e-22
0.0,0.0,4.5703074e-21,3.7393070000000005e-39,0.0,2.6951403e-12,0.0,3.4334805e-21,0.0,5.944354000000002e-22,0.0,1.5194618e-15,0.0,5.203462e-13,0.0,5.844279e-06,0.0,2.6052479e-14,0.0,8.239733e-07,0.0,1.8885622e-07,0.0,5.3504642e-08,0.0,1.246315e-21
0.0,0.0,4.5651282e-21,1.024159e-39,0.0,6.852987e-13,0.0,1.344817e-21,0.0,9.101066000000001e-23,0.0,1.2634582e-14,0.0,1.9674049e-13,0.0,1.4186454e-06,0.0,1.22359246e-14,0.0,7.232513e-06,0.0,7.727506e-07,0.0,3.2319247e-07,0.0,3.8021503e-22
0.0,0.0,4.559954700000001e-21,1.77941e-40,0.0,2.0716016e-12,0.0,1.4338048e-21,0.0,2.4867569999999995e-19,0.0,2.0072474e-15,0.0,6.733068e-14,0.0,3.1865206e-05,0.0,5.4452153e-15,0.0,2.9557755e-06,0.0,1.3801255e-07,0.0,9.032944e-08,0.0,8.182806000000001e-23
0.0,0.0,4.5547872e-21,6.702600000000001e-41,0.0,1.3559501e-12,0.0,2.6587066e-22,0.0,1.3115939999999998e-19,0.0,2.3323616e-14,0.0,3.4418367e-13,0.0,2.0849051e-05,0.0,3.616562e-13,0.0,1.3375378e-06,0.0,1.8529754e-07,0.0,8.938073e-08,0.0,2.00175e-23
0.0,0.0,4.5496254e-21,9.144956e-37,0.0,3.8672743e-13,0.0,5.462569700000002e-22,0.0,1.8935638e-20,0.0,2.5321393e-14,0.0,6.2972793e-13,0.0,4.9375653e-06,0.0,2.3671402e-13,0.0,1.1578744e-05,0.0,3.9751912e-06,0.0,1.5758738e-08,0.0,4.8098147e-24
0.0,0.0,4.5444697e-21,3.0030772e-37,0.0,9.4948395e-14,0.0,3.934612300000001e-22,0.0,3.8254684e-21,0.0,4.570173e-15,0.0,3.044294e-13,0.0,1.1785944e-06,0.0,1.3549169e-13,0.0,8.11997e-06,0.0,2.2025272e-06,0.0,1.0156507e-06,0.0,6.4284563e-24
0.0,0.0,4.5393196e-21,4.4720367000000006e-38,0.0,1.965188e-12,0.0,6.6238896e-23,0.0,6.951409e-22,0.0,1.3078907e-14,0.0,1.2114906e-13,0.0,6.479092e-05,0.0,4.6089224e-14,0.0,3.6499396e-06,0.0,3.8551204e-07,0.0,3.0781334e-07,0.0,1.5815605e-24
0.0,0.0,4.534175600000001e-21,7.322307e-39,0.0,1.2436504e-12,0.0,5.1071704e-23,0.0,1.2891793e-22,0.0,5.479348e-15,0.0,5.848037e-14,0.0,1.8893585e-05,0.0,3.1944255e-14,0.0,1.4498794e-06,0.0,7.192757e-08,0.0,6.178206e-08,0.0,3.09483e-25
0.0,0.0,4.5290372e-21,2.003589e-39,0.0,3.9587477e-13,0.0,6.436631e-23,0.0,2.0305117e-23,0.0,2.0149283e-15,0.0,1.2995025e-12,0.0,4.600068e-06,0.0,2.8228042e-14,0.0,1.1848729e-06,0.0,9.494593e-08,0.0,1.1035157e-08,0.0,9.2762665e-26
0.0,0.0,1.8260747e-21,3.53644e-40,0.0,1.0029859e-13,0.0,5.1695475e-23,0.0,1.9517044e-21,0.0,9.532312e-16,0.0,1.1130494e-12,0.0,1.1036179e-06,0.0,1.4503625e-14,0.0,1.5082971e-06,0.0,2.2652927e-07,0.0,6.4780416e-08,0.0,6.4337390000000005e-25
0.0,0.0,1.5593824e-21,7.147600000000001e-41,0.0,7.234692e-11,0.0,7.800542400000001e-22,0.0,4.6294464e-21,0.0,1.7511719e-16,0.0,4.58808e-13,0.0,6.7749697e-06,0.0,1.1782114e-13,0.0,5.525486e-07,0.0,3.8639737e-08,0.0,2.8796629e-08,0.0,1.5657335e-25
0.0,0.0,1.5576152e-21,2.528e-41,0.0,2.9788914e-11,0.0,8.162895000000001e-23,0.0,8.394791e-22,0.0,1.0581147e-15,0.0,1.7147926e-13,0.0,6.7453366e-06,0.0,6.657161e-14,0.0,2.8375925e-07,0.0,1.7053033e-08,0.0,9.532194e-09,0.0,2.9415126e-26
0.0,0.0,1.55585e-21,2.2e-42,0.0,7.9710275e-12,0.0,8.5455194e-23,0.0,1.3075151000000002e-22,0.0,9.594012e-16,0.0,7.200759e-14,0.0,1.6274337e-06,0.0,2.7508969e-14,0.0,4.3099376e-06,0.0,4.0401756e-07,0.0,1.7119037e-09,0.0,6.5090986e-27
0.0,0.0,1.5540869e-21,3.81e-43,0.0,2.0022649e-12,0.0,1.9235398e-23,0.0,2.8947447e-23,0.0,4.0129782e-16,0.0,3.5803467e-12,0.0,3.122187e-05,0.0,1.07626285e-14,0.0,2.0024704e-06,0.0,7.2818324e-08,0.0,3.5727204e-08,0.0,1.9801741000000003e-27
0.0,0.0,8.837323e-22,2.9130000000000005e-42,0.0,3.4293382e-12,0.0,1.9199642e-23,0.0,5.4372494e-24,0.0,7.433468e-17,0.0,1.2881957e-12,0.0,2.1664291e-05,0.0,9.209541e-13,0.0,9.579886e-07,0.0,1.2662314e-07,0.0,6.012366e-08,0.0,1.2256357e-25
0.0,0.0,8.827309e-22,1.4220000000000003e-42,0.0,1.1380025e-12,0.0,3.592504e-24,0.0,1.3558656e-23,0.0,1.35492305e-14,0.0,2.0009688e-12,0.0,5.1076477e-06,0.0,6.496498e-13,0.0,1.0028123e-06,0.0,2.8501958e-07,0.0,1.0640884e-08,0.0,2.8206834e-26
0.0,0.0,8.817305e-22,1.9800000000000003e-43,0.0,2.8420067e-13,0.0,5.9258783e-25,0.0,5.4461466e-24,0.0,8.979759e-15,0.0,2.9038653e-12,0.0,1.2287308e-06,0.0,3.189306e-13,0.0,1.928622e-06,0.0,3.4117517e-07,0.0,1.241937e-07,0.0,5.3791578e-27
0.0,0.0,4.632574400000002e-22,5.200000000000002e-44,0.0,4.7960136e-11,0.0,1.2604569e-25,0.0,9.218411e-25,0.0,1.7222584e-15,0.0,1.2358903e-12,0.0,1.762128e-05,0.0,1.1335705e-13,0.0,1.3328746e-06,0.0,6.068194e-08,0.0,4.5545793e-08,0.0,2.6524977e-24
0.0,0.0,2.6343160000000003e-22,8.000000000000001e-45,0.0,2.0883892e-11,0.0,4.33306e-25,0.0,1.4776834e-25,0.0,1.0215659e-14,0.0,5.1914175e-13,0.0,6.007085e-06,0.0,1.2954392e-13,0.0,2.9965859e-06,0.0,4.988825e-07,0.0,2.196917e-07,0.0,8.154555e-25
0.0,0.0,3.933659800000001e-22,1e-45,0.0,5.450293e-12,0.0,3.559755e-24,0.0,9.0138123e-20,0.0,1.0530627e-14,0.0,9.445593e-12,0.0,1.4164287e-06,0.0,2.3766194e-13,0.0,2.1002256e-06,0.0,6.303148e-07,0.0,3.8599577e-08,0.0,2.2127122e-25
0.0,0.0,1.3179887e-21,0.0,0.0,1.3308691e-12,0.0,5.4212893e-25,0.0,6.247869399999999e-19,0.0,1.682535e-15,0.0,2.152384e-11,0.0,1.9290681e-05,0.0,2.671541e-13,0.0,4.400335e-06,0.0,1.0955711e-07,0.0,8.95355e-08,0.0,6.564929400000001e-26
0.0,0.0,1.3164636e-21,0.0,0.0,9.883894e-11,0.0,1.534214e-25,0.0,1.4853982999999998e-19,0.0,6.5422026e-14,0.0,5.307366e-11,0.0,5.575524e-06,0.0,1.8439765e-13,0.0,9.705621e-06,0.0,2.5625357e-06,0.0,1.3970117e-07,0.0,1.5414183e-24
0.0,0.0,1.3149402e-21,0.0,0.0,3.6216884e-11,0.0,1.832171e-21,0.0,4.450705e-20,0.0,8.631862e-13,0.0,3.1213913e-11,0.0,1.4221204e-05,0.0,2.431301e-13,0.0,5.6484596e-06,0.0,5.357815e-07,0.0,4.912926e-07,0.0,5.6533938e-24
0.0,0.0,1.3134186000000001e-21,0.0,0.0,3.510931e-11,0.0,5.2352290000000005e-22,0.0,7.028434e-17,0.0,1.4817658e-13,0.0,1.5066434e-11,0.0,6.0562834e-06,0.0,4.5675535e-13,0.0,8.378738e-06,0.0,2.1827307e-06,0.0,8.56281e-08,0.0,4.297531000000001e-23
0.0,0.0,1.3118988e-21,0.0,0.0,1.32264815e-11,0.0,1.6013255e-20,0.0,8.077274e-17,0.0,7.0559124e-13,0.0,3.3800765e-10,0.0,5.9092697e-05,0.0,4.9147145e-12,0.0,5.7826833e-06,0.0,1.3602044e-06,0.0,8.648061e-07,0.0,1.1812500000000001e-23
0.0,0.0,1.3103807000000001e-21,0.0,0.0,1.3899445e-10,0.0,1.4217884e-20,0.0,1.7822124e-17,0.0,6.3369687e-13,0.0,5.1778054e-10,0.0,2.079687e-05,0.0,1.5846298e-10,0.0,2.2373768e-05,0.0,2.340093e-07,0.0,1.9698771e-07,0.0,1.4360801e-23
0.0,0.0,1.3088644e-21,0.0,0.0,1.8626398e-10,0.0,3.7455871999999997e-20,0.0,5.330965e-18,0.0,5.607225e-13,0.0,1.8527481e-09,0.0,1.678603e-05,0.0,2.360611e-10,0.0,1.6685904e-05,0.0,5.1460406e-06,0.0,1.0876869e-06,0.0,8.0191466e-23
0.0,0.0,1.3073498000000001e-21,0.0,0.0,3.1353184e-09,0.0,1.0917095e-20,0.0,1.4253665e-14,0.0,4.0935822e-12,0.0,2.5652456e-09,0.0,2.5545463e-05,0.0,1.38827e-10,0.0,1.24963935e-05,0.0,1.6879391e-06,0.0,1.3277752e-06,0.0,3.2539645e-21
0.0,0.0,1.305837e-21,0.0,0.0,8.299032e-10,0.0,4.5704595e-20,0.0,9.414686e-15,0.0,1.1077588e-12,0.0,8.604112e-09,0.0,2.2289485e-05,0.0,4.382035e-10,0.0,1.9330986e-05,0.0,1.5778335e-06,0.0,9.917017e-07,0.0,5.1217598e-21
0.0,0.0,4.2850273e-22,0.0,0.0,1.9005219e-08,0.0,2.4072352e-20,0.0,2.8475304e-15,0.0,1.01347255e-11,0.0,5.950409e-08,0.0,2.8473312e-05,0.0,7.4690043e-10,0.0,3.1599164e-05,0.0,9.509301e-06,0.0,3.270504e-06,0.0,1.9787577e-18
0.0,0.0,4.280069e-22,0.0,0.0,2.0468747e-08,0.0,1.4605169e-17,0.0,7.383186e-16,0.0,4.7793828e-11,0.0,5.1603042e-08,0.0,5.9806476e-05,0.0,2.4301505e-09,0.0,3.2089116e-05,0.0,4.61362e-06,0.0,3.3561323e-06,0.0,1.6000732999999998e-18
0.0,0.0,1.4700039e-21,0.0,0.0,5.1567506e-09,0.0,1.4220132e-16,0.0,4.1289845e-15,0.0,3.6268952e-10,0.0,1.4868547e-07,0.0,3.4781493e-05,0.0,1.2828907e-08,0.0,4.2044012e-05,0.0,1.0967229e-05,0.0,3.7817592e-06,0.0,1.5001245e-17
0.0,0.0,2.374902e-21,0.0,0.0,2.2499345e-08,0.0,5.098449e-16,0.0,1.7540016e-15,0.0,4.718531e-10,0.0,3.148927e-07,0.0,8.933829e-05,0.0,2.071306e-08,0.0,4.5638248e-05,0.0,3.44548e-06,0.0,2.784008e-06,0.0,3.3068516000000004e-16
0.0,0.0,7.759020300000002e-22,0.0,0.0,8.129107e-09,0.0,3.6089414e-16,0.0,8.637689e-14,0.0,9.353288e-10,0.0,2.5450743e-07,0.0,5.283947e-05,0.0,3.0305404e-08,0.0,4.8855793e-05,0.0,1.0200917e-05,0.0,3.9038823e-06,0.0,1.0032093e-15
0.0,0.0,3.3205157000000004e-22,0.0,0.0,7.197107e-08,0.0,7.948028000000001e-17,0.0,3.0628695e-13,0.0,1.3395465e-09,0.0,1.5320268e-07,0.0,0.00026843665,0.0,3.2795835e-08,0.0,0.000119585486,0.0,2.116876e-05,0.0,1.36019125e-05,0.0,3.6369736e-15
0.0,0.0,3.3166055000000004e-22,0.0,0.0,1.3050158e-07,0.0,3.812488e-17,0.0,8.7632606e-14,0.0,8.542845e-10,0.0,3.5650544e-07,0.0,0.000114009876,0.0,8.679323e-08,0.0,0.00019025516,0.0,2.9234394e-05,0.0,1.2187626e-05,0.0,2.8580887e-14
0.0,0.0,3.3126998e-22,1.67e-43,0.0,1.0885893e-07,0.0,1.4318468e-15,0.0,3.0895037e-05,0.0,1.0705664e-08,0.0,1.5025245e-06,0.0,0.0010340161,0.0,1.05647366e-07,0.0,0.0005078513,0.0,0.00022495376,0.0,0.00010404554,0.0,3.4297364e-14
0.0,0.0,2.5069880000000002e-22,9.7e-44,0.0,1.020789e-06,0.0,8.0367906e-13,0.0,1.958396e-05,0.0,1.1853728e-08,0.0,1.8806376e-06,0.0,0.0003171218,0.0,2.7599512e-07,0.0,0.0013267974,0.0,0.00010347853,0.0,8.169538e-05,0.0,7.240984e-12
0.0,0.0,2.311794e-22,2.8e-44,0.0,5.0424416e-07,0.0,1.9427238e-12,0.0,6.803998e-06,0.0,2.4985434e-08,0.0,9.577777e-06,0.0,0.00051429356,0.0,8.2668646e-07,0.0,0.010255535,0.0,0.0006648448,0.0,0.00033113718,0.0,3.4445853e-12
0.0,0.0,3.1443506000000003e-22,9.082206e-38,0.0,3.94386e-06,0.0,3.7783695e-12,0.0,0.022129558,0.0,1.0766501e-07,0.0,6.023033e-05,0.0,0.0024900495,0.0,2.8476493e-06,0.0,0.11821052,0.0,0.00021864343,0.0,0.00018093213,0.0,1.5876384e-10
0.0,0.0,2.1416821e-22,9.185012e-38,0.0,2.7504439e-06,0.0,8.367252e-12,0.0,0.0031857737,0.0,1.0183011e-07,0.0,0.00012317688,0.0,0.0006407379,0.0,1.0659289e-05,0.0,0.0980402,0.0,0.0012466586,0.0,0.0006186505,0.0,8.3967396e-11
0.0,0.0,8.634575e-23,3.1386513000000003e-38,0.0,2.0868383e-06,0.0,7.129231e-11,0.0,0.018056419,0.0,5.065149e-07,0.0,0.005076612,0.0,0.004647788,0.0,9.128166e-06,0.0,0.057554025,0.0,0.0004797107,0.0,0.00039041747,0.0,3.624903e-10
0.0,0.0,8.624257000000001e-23,4.7640090000000004e-33,0.0,1.1094774e-05,0.0,3.1016434e-10,0.0,0.009559725,0.0,8.650557e-07,0.0,0.3846258,0.0,0.0012446835,0.0,0.00018072223,0.0,0.058448102,0.0,0.005575481,0.0,0.0029525997,0.0,1.693117e-09
0.0,0.0,8.6139515e-23,7.355162599999998e-29,0.0,5.9827876e-06,0.0,6.5107436e-10,0.0,0.015701324,0.0,0.0026992236,0.0,0.40278867,0.0,0.011556345,0.0,0.0044714767,0.0,0.110927776,0.0,0.0042856806,0.0,0.0032641874,0.0,2.6264773e-09
0.0,0.0,4.4558887e-23,4.67302e-29,0.0,3.8006612e-05,0.0,2.628799e-09,0.0,0.043770887,0.0,0.017969446,0.0,0.080857806,0.0,0.002774529,0.0,0.1616748,0.0,0.15055037,0.0,0.006060424,0.0,0.0035178154,0.0,8.134562e-09
0.0,0.0,3.451605000000001e-23,1.4466945000000002e-27,0.0,1.1653136e-05,0.0,9.131799e-09,0.0,0.014530398,0.0,0.015608634,0.0,0.050565362,0.0,0.021852102,0.0,0.18469688,0.0,0.1249213,0.0,0.008338709,0.0,0.00614869,0.0,6.6842645e-08
0.0,0.0,1.2887493600000001e-23,1.2651816e-23,0.0,0.00010544967,0.0,3.146001e-08,0.0,0.043788724,0.0,0.07009994,0.0,0.082194224,0.0,0.010361976,0.0,0.19259055,0.0,0.014675178,0.0,0.008032131,0.0,0.00510304,0.0,3.5994736e-07
0.0,0.0,5.633449e-24,1.5778440000000002e-23,0.0,0.0001946858,0.0,5.949965e-08,0.0,0.072065726,0.0,0.05057067,0.0,0.35870153,0.0,0.03901636,0.0,0.1976636,0.0,0.029138984,0.0,0.06379564,0.0,0.04572692,0.0,2.2195993e-06
0.0,0.0,3.1458481e-24,5.255557000000001e-23,0.0,0.0003752933,0.0,1.01245355e-07,0.0,0.01648168,0.0,0.0023559919,0.0,0.37948498,0.0,0.018697783,0.0,0.22616974,0.0,0.051058125,0.0,0.12345042,0.0,0.079310186,0.0,2.6012974e-06
0.0,0.0,1.3464889e-24,4.738725e-21,0.0,0.000751104,0.0,9.562184e-08,0.0,0.037439626,0.0,0.03324086,0.0,0.42749175,0.0,0.05474046,0.0,0.25050995,0.0,0.04951686,0.0,0.0794215,0.0,0.07662073,0.0,5.824689e-05
0.0,0.0,1.9718183e-27,2.170209e-21,0.0,0.00078907557,0.0,9.831523e-07,0.0,0.024536075,0.0,0.06710981,0.0,0.48808485,0.0,0.031805787,0.0,0.29113078,0.0,0.020856936,0.0,0.06395314,0.0,0.050594848,0.0,0.0057430714
0.0,0.0,7.5228037e-31,1.3251497999999999e-20,0.0,0.002072164,0.0,1.8804407e-06,0.0,0.033914845,0.0,0.1188089,0.0,0.54908466,0.0,0.06796802,0.0,0.30739784,0.0,0.24706702,0.0,0.057716887,0.0,0.047260657,0.0,0.012545331
0.0,0.0,1.4632743e-30,8.458218999999999e-20,0.0,0.0015680766,0.0,5.670389e-06,0.0,0.112501174,0.0,0.15227422,0.0,0.7183781,0.0,0.044116694,0.0,0.25198966,0.0,0.024491785,0.0,0.03983422,0.0,0.03223922,0.0,0.03603436
0.0,0.0,2.2954158e-30,3.2233775e-18,0.0,0.0051942123,0.0,1.0568199e-05,0.0,0.09342584,0.0,0.260268,0.0,0.66482466,0.0,0.08923525,0.0,0.32250488,0.0,0.27919966,0.0,0.06926407,0.0,0.04633913,0.0,0.26286754
0.0,0.0,7.3591777e-31,2.4540993e-18,0.0,0.0025987625,0.0,7.188147e-05,0.0,0.15806527,0.0,0.5059721,0.0,0.6863277,0.0,0.07544313,0.0,0.55077296,0.0,0.057206467,0.0,0.07256833,0.0,0.058860607,0.0,0.41667998
0.0,0.0,1.3780959e-29,9.155835e-19,0.0,0.014037113,0.0,0.0001532331,0.0,0.17606534,0.0,0.5324672,0.0,0.27310294,0.0,0.051346302,0.0,0.72103,0.0,0.030949848,0.0,0.046206884,0.0,0.038185954,0.0,0.39641508
0.0,0.0,9.7799674e-23,3.2452128e-18,0.0,0.009827635,0.0,0.00043093573,0.0,0.022244874,0.0,0.66472524,0.0,0.26671043,0.0,0.102053136,0.0,0.8239556,0.0,0.21020895,0.0,0.06695556,0.0,0.05140774,0.0,0.18949263
0.0,0.0,2.8351954e-22,1.9686583000000002e-17,0.0,0.0024155653,0.0,0.013137556,0.0,0.025404736,0.0,0.67994136,0.0,0.38044146,0.0,0.08840711,0.0,0.7356085,0.0,0.06652894,0.0,0.049555387,0.0,0.034567595,0.0,0.18426727
0.0,0.0,1.0369739e-20,6.734575e-17,0.0,0.010681036,0.0,0.0541688,0.0,0.0028868061,0.0,0.48452717,0.0,0.41332963,0.0,0.07515624,0.0,0.49676985,0.0,0.057383783,0.0,0.04501361,0.0,0.036138337,0.0,0.09965952
0.0,0.0,3.2904786e-20,3.4716827e-17,0.0,0.02604113,0.0,0.050798804,0.0,0.011042248,0.0,0.3011502,0.0,0.40588665,0.0,0.05518021,0.0,0.22341917,0.0,0.032180235,0.0,0.023185235,0.0,0.018977027,0.0,0.30057663
0.0,0.0,1.7755338999999998e-19,6.2454763e-18,0.0,0.00763178,0.0,0.095633276,0.0,0.01518173,0.0,0.31153864,0.0,0.29133266,0.0,0.11785231,0.0,0.24161048,0.0,0.14484322,0.0,0.05328666,0.0,0.04025776,0.0,0.017127173
0.0,0.0,2.4785761e-19,1.0536341e-17,0.0,0.0017882505,0.0,0.057295643,0.0,0.048015427,0.0,0.31086656,0.0,0.108539574,0.0,0.09829209,0.0,0.46216354,0.0,0.07614183,0.0,0.08484869,0.0,0.054952603,0.0,0.28214362
0.0,0.0,2.713324e-18,5.556961e-17,0.0,0.021745132,0.0,0.029817825,0.0,0.06497766,0.0,0.25922656,0.0,0.11541657,0.0,0.08501822,0.0,0.7369107,0.0,0.064263165,0.0,0.065314434,0.0,0.05646943,0.0,0.25228372
0.0,0.0,1.4267984e-18,2.9228434e-17,0.0,0.035649557,0.0,0.122492924,0.0,0.0586866,0.0,0.16080745,0.0,0.13932899,0.0,0.06993505,0.0,0.79193044,0.0,0.038675502,0.0,0.035112653,0.0,0.029786114,0.0,0.087079145
0.0,0.0,3.2857783e-19,8.198932e-17,0.0,0.011588733,0.0,0.14582437,0.0,0.012040755,0.0,0.110019006,0.0,0.15862131,0.0,0.12046274,0.0,0.43041596,0.0,0.15100731,0.0,0.05059098,0.0,0.035446115,0.0,0.12770604
0.0,0.0,3.280589e-19,3.5435226e-16,0.0,0.0028031513,0.0,0.27254874,0.0,0.05682597,0.0,0.14523871,0.0,0.12544337,0.0,0.101751864,0.0,0.24413823,0.0,0.080103554,0.0,0.093454,0.0,0.07253709,0.0,0.2574626
0.0,0.0,3.2754079999999995e-19,2.718781e-15,0.0,0.040300924,0.0,0.32809386,0.0,0.01907336,0.0,0.13226654,0.0,0.731416,0.0,0.09749772,0.0,0.07375777,0.0,0.07267243,0.0,0.076649815,0.0,0.062637135,0.0,0.32744893
0.0,0.0,2.4777696e-19,1.9137962e-14,0.0,0.037034977,0.0,0.2504638,0.0,0.05844988,0.0,0.17528005,0.0,0.59096926,0.0,0.06966949,0.0,0.3591188,0.0,0.03930698,0.0,0.04266369,0.0,0.035763822,0.0,0.3023557
0.0,0.0,6.128933999999999e-19,1.443956e-13,0.0,0.0121925315,0.0,0.19257168,0.0,0.014961692,0.0,0.1855128,0.0,0.43283537,0.0,0.12147219,0.0,0.2698185,0.0,0.2330916,0.0,0.048735306,0.0,0.03771017,0.0,0.19798441
0.0,0.0,9.1599665e-17,1.0034503e-12,0.0,0.0029939925,0.0,0.19074436,0.0,0.003997655,0.0,0.54813796,0.0,0.43833217,0.0,0.10178845,0.0,0.41419,0.0,0.07938863,0.0,0.06458889,0.0,0.04878242,0.0,0.17648345
0.0,0.0,2.6057235e-17,1.996038e-12,0.0,0.026441025,0.0,0.24225871,0.0,0.02689125,0.0,0.6805811,0.0,0.41298434,0.0,0.07913849,0.0,0.54388404,0.0,0.0764073,0.0,0.061727483,0.0,0.048830252,0.0,0.21233301
0.0,0.0,1.1146544e-17,2.162005e-12,0.0,0.022811398,0.0,0.2809918,0.0,0.00703445,0.0,0.50344974,0.0,0.3346967,0.0,0.123897515,0.0,0.55984575,0.0,0.04027179,0.0,0.03209236,0.0,0.026452005,0.0,0.16537443
0.0,0.0,1.1128616000000001e-17,8.376867e-10,0.0,0.0063905558,0.0,0.20617895,0.0,0.027716434,0.0,0.6613921,0.0,0.13336399,0.0,0.11060691,0.0,0.38827223,0.0,0.25864378,0.0,0.049844667,0.0,0.03695426,0.0,0.13939302
0.0,0.0,3.0970068e-18,1.2261978e-09,0.0,0.022237232,0.0,0.20254137,0.0,0.03075442,0.0,0.58995646,0.0,0.33939236,0.0,0.09617018,0.0,0.19960909,0.0,0.08083746,0.0,0.06832745,0.0,0.051683787,0.0,0.0685461
0.0,0.0,3.0920255e-18,1.9239497e-08,0.0,0.038288157,0.0,0.11962773,0.0,0.040541086,0.0,0.54320645,0.0,0.30002123,0.0,0.06824861,0.0,0.14552282,0.0,0.044545416,0.0,0.03664267,0.0,0.030179258,0.0,0.20048085
0.0,0.0,2.3389766e-18,0.01313302,0.0,0.013004454,0.0,0.05535501,0.0,0.019468209,0.0,0.38651353,0.0,0.26033774,0.0,0.12687738,0.0,0.058133084,0.0,0.25402462,0.0,0.05215748,0.0,0.038990177,0.0,0.17210971
0.0,0.0,1.2283042e-18,0.06516499,0.0,0.003211534,0.0,0.021917377,0.0,0.048935436,0.0,0.27858955,0.0,0.18279904,0.0,0.11332676,0.0,0.22277671,0.0,0.088695385,0.0,0.07810382,0.0,0.051961765,0.0,0.16046453
0.0,0.0,9.291562999999998e-19,0.027221905,0.0,0.025413418,0.0,0.059772998,0.0,0.065894306,0.0,0.21290514,0.0,0.22268127,0.0,0.098481126,0.0,0.27376774,0.0,0.07368606,0.0,0.055389114,0.0,0.0471709,0.0,0.13549086
0.0,0.0,4.534823e-19,0.007048269,0.0,0.036844593,0.0,0.07100785,0.0,0.012054387,0.0,0.17943728,0.0,0.17701703,0.0,0.061246794,0.0,0.38124928,0.0,0.04534345,0.0,0.044616167,0.0,0.035063483,0.0,0.16942607
0.0,0.0,1.6388649e-19,0.013475043,0.0,0.012497936,0.0,0.056198396,0.0,0.052127574,0.0,0.14121188,0.0,0.1926821,0.0,0.124255694,0.0,0.30299792,0.0,0.08099481,0.0,0.05006313,0.0,0.037898425,0.0,0.050311092
0.0,0.0,1.3988482e-19,0.042713843,0.0,0.003093229,0.0,0.028298931,0.0,0.06723395,0.0,0.3652267,0.0,0.38579595,0.0,0.111785,0.0,0.213757,0.0,0.24266723,0.0,0.06596005,0.0,0.04935964,0.0,0.044198964
0.0,0.0,6.827193e-20,0.014905771,0.0,0.014782964,0.0,0.043308184,0.0,0.028623097,0.0,0.30661103,0.0,0.38969174,0.0,0.0984681,0.0,0.123908624,0.0,0.07713724,0.0,0.059807144,0.0,0.04649734,0.0,0.038217377
0.0,0.0,3.43814e-20,0.004733765,0.0,0.04394854,0.0,0.011261093,0.0,0.012779887,0.0,0.29744855,0.0,0.335679,0.0,0.09453854,0.0,0.23378743,0.0,0.07043212,0.0,0.048171714,0.0,0.037083328,0.0,0.069178805
0.0,0.0,2.789614e-20,0.008581933,0.0,0.02546801,0.0,0.13004945,0.0,0.017767077,0.0,0.29508495,0.0,0.3038528,0.0,0.056605805,0.0,0.20209251,0.0,0.033353955,0.0,0.031016527,0.0,0.024127504,0.0,0.10705369
0.0,0.0,7.765819000000001e-17,0.019815464,0.0,0.0072872364,0.0,0.055796035,0.0,0.047784742,0.0,0.51321036,0.0,0.1921031,0.0,0.124223605,0.0,0.05885571,0.0,0.30316004,0.0,0.04260111,0.0,0.031604704,0.0,0.15236224
0.0,0.0,7.017327e-17,0.03947791,0.0,0.0017127127,0.0,0.14515418,0.0,0.0106474,0.0,0.5474446,0.0,0.15237084,0.0,0.10427318,0.0,0.06426273,0.0,0.08043437,0.0,0.06483377,0.0,0.047727253,0.0,0.21562576
0.0,0.0,3.988398000000001e-17,0.024889454,0.0,0.0040803757,0.0,0.2797711,0.0,0.06583863,0.0,0.42988464,0.0,0.3525443,0.0,0.09396424,0.0,0.15635227,0.0,0.070102595,0.0,0.0506512,0.0,0.03940122,0.0,0.14781936
0.0,0.0,3.9818718e-17,0.0072162827,0.0,0.033290606,0.0,0.23253028,0.0,0.015469158,0.0,0.352705,0.0,0.23280422,0.0,0.058806676,0.0,0.1656069,0.0,0.032399632,0.0,0.038067408,0.0,0.029242743,0.0,0.09604071
0.0,0.0,2.2631534e-17,0.0193943,0.0,0.010916019,0.0,0.20263945,0.0,0.033281397,0.0,0.27048513,0.0,0.18805209,0.0,0.12474733,0.0,0.13741009,0.0,0.2044898,0.0,0.041191474,0.0,0.030849425,0.0,0.23060548
0.0,0.0,7.099566e-18,0.03927888,0.0,0.002668981,0.0,0.15044008,0.0,0.024337959,0.0,0.44248655,0.0,0.062222783,0.0,0.105404094,0.0,0.07109062,0.0,0.082280174,0.0,0.09552654,0.0,0.0616865,0.0,0.18798636
0.0,0.0,7.087949e-18,0.0048109083,0.0,0.0068915375,0.0,0.21652171,0.0,0.0186199,0.0,0.43545222,0.0,0.5069794,0.0,0.09299329,0.0,0.024815418,0.0,0.06876297,0.0,0.07765529,0.0,0.06665759,0.0,0.15762515
0.0,0.0,7.0763515e-18,0.008797075,0.0,0.033142284,0.0,0.16812222,0.0,0.07173471,0.0,0.40399095,0.0,0.37098062,0.0,0.056603555,0.0,0.27990478,0.0,0.03170868,0.0,0.043858167,0.0,0.03657941,0.0,0.03623341
0.0,0.0,3.1787298e-18,0.045255702,0.0,0.01083768,0.0,0.14342488,0.0,0.034611657,0.0,0.3730926,0.0,0.36263937,0.0,0.12522241,0.0,0.14649057,0.0,0.22921164,0.0,0.045367308,0.0,0.0338671,0.0,0.120562196
0.0,0.0,1.5958831e-15,0.006577665,0.0,0.0026624242,0.0,0.18383667,0.0,0.020186942,0.0,0.25472206,0.0,0.28331766,0.0,0.10537788,0.0,0.12468275,0.0,0.080035284,0.0,0.07581449,0.0,0.046148296,0.0,0.11078815
0.0,0.0,1.8975791e-14,0.018004857,0.0,0.00057686673,0.0,0.10449583,0.0,0.062156938,0.0,0.18361382,0.0,0.18577251,0.0,0.08667562,0.0,0.123442665,0.0,0.064193174,0.0,0.05122968,0.0,0.043560885,0.0,0.0535143
0.0,0.0,1.8943878e-14,0.022671882,0.0,0.024304403,0.0,0.044322647,0.0,0.01081007,0.0,0.12558877,0.0,0.05302001,0.0,0.04519357,0.0,0.07444493,0.0,0.029441472,0.0,0.02266985,0.0,0.018441979,0.0,0.123047754
0.0,0.0,9.245036e-15,0.005809671,0.0,0.009001558,0.0,0.013513781,0.0,0.04351944,0.0,0.18898654,0.0,0.04310891,0.0,0.11388874,0.0,0.20088476,0.0,0.26597983,0.0,0.041268706,0.0,0.028753057,0.0,0.13685927
0.0,0.0,4.214514e-15,0.008625855,0.0,0.0021986952,0.0,0.14009568,0.0,0.018889608,0.0,0.16358717,0.0,0.010578259,0.0,0.104945555,0.0,0.09066311,0.0,0.0760344,0.0,0.04967818,0.0,0.034545776,0.0,0.06769989
0.0,0.0,3.0724208e-15,0.009740942,0.0,0.0004755239,0.0,0.1838737,0.0,0.01310633,0.0,0.17523016,0.0,0.018101092,0.0,0.08662784,0.0,0.32230866,0.0,0.060440563,0.0,0.056033093,0.0,0.04010093,0.0,0.017023804
0.0,0.0,1.962567e-15,0.017584985,0.0,0.018570887,0.0,0.19178198,0.0,0.029187843,0.0,0.16911796,0.0,0.1350507,0.0,0.045212045,0.0,0.18249138,0.0,0.05911787,0.0,0.037247974,0.0,0.027208164,0.0,0.05398518
0.0,0.0,1.6750205e-15,0.019211367,0.0,0.008150176,0.0,0.19902414,0.0,0.010724611,0.0,0.1674361,0.0,0.087026946,0.0,0.093168385,0.0,0.14318557,0.0,0.021024216,0.0,0.020714007,0.0,0.015441653,0.0,0.023085313
0.0,0.0,8.1848346e-14,0.03628141,0.0,0.0019915546,0.0,0.2285096,0.0,0.03789821,0.0,0.14829794,0.0,0.021280332,0.0,0.09798185,0.0,0.20861031,0.0,0.07523883,0.0,0.04766435,0.0,0.03341107,0.0,0.09117239
0.0,0.0,6.352626e-14,0.0055231135,0.0,0.00043283557,0.0,0.2594568,0.0,0.013070133,0.0,0.12575673,0.0,0.12726176,0.0,0.08237716,0.0,0.33802104,0.0,0.06618425,0.0,0.049064096,0.0,0.034984555,0.0,0.092550874
0.0,0.0,6.3418455e-14,0.0065374984,0.0,0.01731331,0.0,0.31023556,0.0,0.05957001,0.0,0.08212417,0.0,0.72749174,0.0,0.079195455,0.0,0.41390702,0.0,0.059737407,0.0,0.038287345,0.0,0.02817468,0.0,0.01586881
0.0,0.0,6.331083e-14,0.008682258,0.0,0.015600616,0.0,0.27494353,0.0,0.021379607,0.0,0.2882835,0.0,0.5071168,0.0,0.03858615,0.0,0.44916117,0.0,0.025351351,0.0,0.024909856,0.0,0.01843138,0.0,0.16896394
0.0,0.0,4.7887516e-14,0.011984109,0.0,0.0041740704,0.0,0.23595814,0.0,0.030180288,0.0,0.45045286,0.0,0.46125674,0.0,0.10181211,0.0,0.4439064,0.0,0.19392915,0.0,0.037168786,0.0,0.026469668,0.0,0.111245774
0.0,0.0,2.5145704e-14,0.016943373,0.0,0.00093526207,0.0,0.18518434,0.0,0.01660349,0.0,0.39986426,0.0,0.33105108,0.0,0.09217024,0.0,0.3496235,0.0,0.06681771,0.0,0.04379736,0.0,0.031247253,0.0,0.07363977
0.0,0.0,4.609967e-15,0.024922306,0.0,0.0002048793,0.0,0.2538706,0.0,0.022028144,0.0,0.37696344,0.0,0.29492927,0.0,0.082431175,0.0,0.32037538,0.0,0.057630997,0.0,0.03801333,0.0,0.02725911,0.0,0.051075097
0.0,0.0,1.2954769e-15,0.018130826,0.0,0.013944683,0.0,0.3334899,0.0,0.045792203,0.0,0.3541403,0.0,0.3335326,0.0,0.04135072,0.0,0.30612567,0.0,0.02802365,0.0,0.03881085,0.0,0.028899714,0.0,0.02572253
0.0,0.0,2.3536534e-15,0.023397174,0.0,0.0063966443,0.0,0.30186167,0.0,0.041549657,0.0,0.30807412,0.0,0.28001705,0.0,0.10701921,0.0,0.37354994,0.0,0.1684047,0.0,0.039396033,0.0,0.028650003,0.0,0.15871495
0.0,0.0,6.1514993e-15,0.018428903,0.0,0.0015146972,0.0,0.35769245,0.0,0.008697865,0.0,0.30240622,0.0,0.24136399,0.0,0.093977675,0.0,0.40963975,0.0,0.06903348,0.0,0.05936823,0.0,0.034123495,0.0,0.09663097
0.0,0.0,5.250068e-15,0.04085031,0.0,0.00032854234,0.0,0.24896808,0.0,0.044164862,0.0,0.26852462,0.0,0.10412896,0.0,0.085001685,0.0,0.4210239,0.0,0.06082796,0.0,0.043471757,0.0,0.034713343,0.0,0.057821434
0.0,0.0,2.7098964e-15,0.004791076,0.0,0.015868245,0.0,0.12829155,0.0,0.012567389,0.0,0.2353397,0.0,0.03872377,0.0,0.043644004,0.0,0.4015213,0.0,0.02705985,0.0,0.02290253,0.0,0.017762912,0.0,0.011921476
0.0,0.0,1.4790297e-15,0.005353583,0.0,0.007133693,0.0,0.08279731,0.0,0.043963842,0.0,0.20664732,0.0,0.04866918,0.0,0.107769296,0.0,0.3452101,0.0,0.24192533,0.0,0.042735398,0.0,0.029643092,0.0,0.06207447
0.0,0.0,5.1199944e-16,0.007823273,0.0,0.0017167082,0.0,0.1041776,0.0,0.009082314,0.0,0.20884694,0.0,0.018278383,0.0,0.093742676,0.0,0.20614606,0.0,0.06803919,0.0,0.04176096,0.0,0.029627915,0.0,0.008801777
0.0,0.0,1.913462e-16,0.009130934,0.0,0.0003738047,0.0,0.056434624,0.0,0.016123477,0.0,0.17842302,0.0,0.047107637,0.0,0.08210256,0.0,0.121757485,0.0,0.058197267,0.0,0.04748253,0.0,0.033666812,0.0,0.071825325
0.0,0.0,1.9101726e-16,0.023184963,0.0,0.010757614,0.0,0.018189877,0.0,0.04584392,0.0,0.11813013,0.0,0.3397761,0.0,0.041106116,0.0,0.15939516,0.0,0.028118132,0.0,0.019944511,0.0,0.015335746,0.0,0.049698964
0.0,0.0,2.1600228e-16,0.023837863,0.0,0.006659548,0.0,0.059274357,0.0,0.010843521,0.0,0.1227164,0.0,0.2810838,0.0,0.10033883,0.0,0.12631029,0.0,0.16667654,0.0,0.048785027,0.0,0.033537984,0.0,0.017828215
0.0,0.0,3.4313297e-16,0.018292364,0.0,0.0016144395,0.0,0.14821458,0.0,0.038210575,0.0,0.06430601,0.0,0.24412239,0.0,0.093949534,0.0,0.09880974,0.0,0.066831715,0.0,0.042152878,0.0,0.029978165,0.0,0.091886014
0.0,0.0,3.9371265e-15,0.018824711,0.0,0.00035381547,0.0,0.18502447,0.0,0.0073230173,0.0,0.09456293,0.0,0.14660606,0.0,0.076917626,0.0,0.07879138,0.0,0.05344466,0.0,0.033601422,0.0,0.023972714,0.0,0.02055911
0.0,0.0,9.664343e-15,0.017223824,0.0,0.005739409,0.0,0.1424814,0.0,0.02271773,0.0,0.14689162,0.0,0.050122928,0.0,0.036734477,0.0,0.069470376,0.0,0.029402062,0.0,0.024189964,0.0,0.017095877,0.0,0.07541717
0.0,0.0,4.6743407e-15,0.028533356,0.0,0.005639474,0.0,0.110221304,0.0,0.020968698,0.0,0.11336979,0.0,0.12717801,0.0,0.09534916,0.0,0.21190256,0.0,0.058028392,0.0,0.03236084,0.0,0.022680782,0.0,0.015941955
0.0,0.0,2.3017985e-15,0.008745236,0.0,0.001376928,0.0,0.23517658,0.0,0.031773224,0.0,0.4045072,0.0,0.15649304,0.0,0.09514249,0.0,0.09352274,0.0,0.06671786,0.0,0.045022074,0.0,0.03136947,0.0,0.14135587
0.0,0.0,1.495302e-15,0.02921467,0.0,0.00029980726,0.0,0.22117642,0.0,0.007928081,0.0,0.28181565,0.0,0.23436193,0.0,0.07928622,0.0,0.19562294,0.0,0.054641195,0.0,0.03378258,0.0,0.024177585,0.0,0.068908505
0.0,0.0,5.71263e-16,0.009290553,0.0,0.010733701,0.0,0.14073642,0.0,0.03471152,0.0,0.16587691,0.0,0.18378331,0.0,0.038651682,0.0,0.25356033,0.0,0.02966258,0.0,0.018322434,0.0,0.013580954,0.0,0.019472616
0.0,0.0,7.980809e-16,0.0068099354,0.0,0.005954714,0.0,0.18403475,0.0,0.0065811723,0.0,0.07065566,0.0,0.18976825,0.0,0.10528454,0.0,0.23149659,0.0,0.063046694,0.0,0.045556184,0.0,0.031557646,0.0,0.115241274
0.0,0.0,5.6563897e-16,0.0052206917,0.0,0.0014252192,0.0,0.031877596,0.0,0.010040306,0.0,0.04980982,0.0,0.18728797,0.0,0.095732,0.0,0.18951504,0.0,0.06729074,0.0,0.044147607,0.0,0.03128474,0.0,0.04357232
0.0,0.0,3.864455e-15,0.00886517,0.0,0.00031253006,0.0,0.033816252,0.0,0.030468663,0.0,0.08855775,0.0,0.19935857,0.0,0.07961264,0.0,0.13769658,0.0,0.057004135,0.0,0.03590139,0.0,0.025776373,0.0,0.057009853
0.0,0.0,6.317414e-15,0.020788638,0.0,0.008164783,0.0,0.08391104,0.0,0.0075499,0.0,0.033772416,0.0,0.14835675,0.0,0.038903795,0.0,0.1337341,0.0,0.027267184,0.0,0.026613623,0.0,0.019833058,0.0,0.006924529
0.0,0.0,2.5455434e-15,0.002069461,0.0,0.0063820775,0.0,0.14307992,0.0,0.0062011727,0.0,0.134757,0.0,0.12224825,0.0,0.11134365,0.0,0.078822374,0.0,0.18923432,0.0,0.031920843,0.0,0.022988021,0.0,0.07424258
0.0,0.0,2.541062e-15,6.2330328e-06,0.0,0.0015552597,0.0,0.13830546,0.0,0.012995657,0.0,0.14801617,0.0,0.06567949,0.0,0.09734696,0.0,0.13300803,0.0,0.07026706,0.0,0.054089114,0.0,0.029438952,0.0,0.035858955
0.0,0.0,1.3342252e-15,3.6310706e-05,0.0,0.00034001243,0.0,0.20714554,0.0,0.024219215,0.0,0.156971,0.0,0.14021277,0.0,0.081078514,0.0,0.155974,0.0,0.05805555,0.0,0.037577927,0.0,0.02953827,0.0,0.051049903
0.0,0.0,5.7065695e-16,2.0161233e-06,0.0,0.008948299,0.0,0.15666537,0.0,0.0049588312,0.0,0.09175136,0.0,0.20367377,0.0,0.04019895,0.0,0.12175473,0.0,0.029112915,0.0,0.020570094,0.0,0.015275599,0.0,0.03179137
0.0,0.0,1.8714673e-16,9.827335e-08,0.0,0.006698753,0.0,0.1736347,0.0,0.012876739,0.0,0.092570685,0.0,0.12274198,0.0,0.10522785,0.0,0.052162804,0.0,0.12312399,0.0,0.05217635,0.0,0.036626317,0.0,0.05293347
0.0,0.0,1.8681725e-16,3.272136e-08,0.0,0.0016432964,0.0,0.10088532,0.0,0.025138222,0.0,0.06437671,0.0,0.14061174,0.0,0.0980031,0.0,0.1690758,0.0,0.071451165,0.0,0.04764486,0.0,0.034904063,0.0,0.067457214
0.0,0.0,9.809139e-17,9.140101e-09,0.0,0.00035659806,0.0,0.04495977,0.0,0.009531534,0.0,0.03170396,0.0,0.20346555,0.0,0.083233476,0.0,0.20092972,0.0,0.058022596,0.0,0.041699167,0.0,0.029999936,0.0,0.108223096
0.0,0.0,8.3712855e-17,2.69484e-09,0.0,0.010712998,0.0,0.012101776,0.0,0.026018377,0.0,0.031795006,0.0,0.14511131,0.0,0.042141825,0.0,0.20162702,0.0,0.031793512,0.0,0.018320322,0.0,0.013932537,0.0,0.04504647
0.0,0.0,7.1441975e-17,0.010315475,0.0,0.0068693585,0.0,0.06939978,0.0,0.012272086,0.0,0.0070282645,0.0,0.07697934,0.0,0.09715396,0.0,0.23233259,0.0,0.058430284,0.0,0.03338791,0.0,0.02307566,0.0,0.042412724
0.0,0.0,7.13162e-17,0.016964585,0.0,0.0016732352,0.0,0.15885742,0.0,0.025588877,0.0,0.2847356,0.0,0.0063352147,0.0,0.098739676,0.0,0.26363835,0.0,0.069515705,0.0,0.04811078,0.0,0.033184167,0.0,0.016658504
0.0,0.0,7.1190644e-17,0.018567583,0.0,0.00036546795,0.0,0.13838671,0.0,0.007287111,0.0,0.18111372,0.0,0.10257032,0.0,0.07975166,0.0,0.26246557,0.0,0.05521186,0.0,0.042134393,0.0,0.029838946,0.0,0.11426443
0.0,0.0,7.106531000000001e-17,0.019218603,0.0,0.0049467147,0.0,0.12105611,0.0,0.020526726,0.0,0.16093843,0.0,0.027757986,0.0,0.039197933,0.0,0.24751574,0.0,0.03187015,0.0,0.01684304,0.0,0.012737815,0.0,0.08221536
0.0,0.0,1.7331073e-17,0.02013399,0.0,0.005956165,0.0,0.09535333,0.0,0.021649694,0.0,0.19973019,0.0,0.29818502,0.0,0.08534646,0.0,0.24717982,0.0,0.044189833,0.0,0.029392846,0.0,0.019966686,0.0,0.02129761
0.0,0.0,1.7300562000000002e-17,0.006853818,0.0,0.0014891457,0.0,0.2760801,0.0,0.009938169,0.0,0.20259914,0.0,0.29213694,0.0,0.09904678,0.0,0.26665977,0.0,0.06579358,0.0,0.043820355,0.0,0.028744679,0.0,0.06413515
0.0,0.0,1.0715249e-17,0.0023934294,0.0,0.00032460206,0.0,0.2757706,0.0,0.0131491,0.0,0.12215694,0.0,0.172052,0.0,0.08070561,0.0,0.25783056,0.0,0.05625564,0.0,0.042976312,0.0,0.030174887,0.0,0.070943795
0.0,0.0,6.089406699999999e-18,0.00080847566,0.0,0.004686804,0.0,0.20582025,0.0,0.008487931,0.0,0.023087336,0.0,0.1970911,0.0,0.04000192,0.0,0.13673843,0.0,0.05380695,0.0,0.030415911,0.0,0.021463828,0.0,0.012589575
0.0,0.0,6.078686e-18,0.0002832695,0.0,0.0058405558,0.0,0.19607289,0.0,0.017204747,0.0,0.10923246,0.0,0.17786565,0.0,0.085903995,0.0,0.04275723,0.0,0.019866528,0.0,0.02618502,0.0,0.0185215,0.0,0.0625508
0.0,0.0,1.7453763e-18,8.452422e-05,0.0,0.0014405963,0.0,0.09767851,0.0,0.03249941,0.0,0.13809916,0.0,0.14420249,0.0,0.097100824,0.0,0.034328766,0.0,0.106319554,0.0,0.029309087,0.0,0.020414796,0.0,0.02183152
0.0,0.0,5.7180974e-19,2.6930138e-05,0.0,0.00031315742,0.0,0.032851916,0.0,0.012143712,0.0,0.08581892,0.0,0.21079758,0.0,0.08030624,0.0,0.24861714,0.0,0.062309463,0.0,0.04163253,0.0,0.029094676,0.0,0.0776913
0.0,0.0,1.0062235e-18,7.706898e-06,0.0,0.01043446,0.0,0.014470064,0.0,0.035445698,0.0,0.010137336,0.0,0.15791419,0.0,0.039534222,0.0,0.30167505,0.0,0.057599004,0.0,0.04294327,0.0,0.030350057,0.0,0.052596334
0.0,0.0,2.5345259e-18,2.1933733e-06,0.0,0.00588903,0.0,0.011932741,0.0,0.0042697075,0.0,0.08069392,0.0,0.13990669,0.0,0.09808522,0.0,0.32135215,0.0,0.02266919,0.0,0.017876215,0.0,0.013722769,0.0,0.0059935274
0.0,0.0,4.120765e-18,6.725336e-07,0.0,0.0014037035,0.0,0.009006015,0.0,0.015328554,0.0,0.09541683,0.0,0.10614545,0.0,0.09600243,0.0,0.29163286,0.0,0.12904994,0.0,0.04560594,0.0,0.032244556,0.0,0.058234036
0.0,0.0,1.3698415999999998e-18,2.450882e-07,0.0,0.00030559744,0.0,0.008949062,0.0,0.010302718,0.0,0.06265664,0.0,0.124360755,0.0,0.0799012,0.0,0.22607996,0.0,0.06390424,0.0,0.03907343,0.0,0.02808709,0.0,0.008838589
0.0,0.0,7.802321999999999e-19,3.1595782e-08,0.0,0.011899863,0.0,0.0046766386,0.0,0.009253847,0.0,0.023163803,0.0,0.07166154,0.0,0.03918903,0.0,0.12063054,0.0,0.059243158,0.0,0.050637417,0.0,0.035468213,0.0,0.036927603
0.0,0.0,3.436989e-19,5.948894e-09,0.0,0.006208543,0.0,0.22285996,0.0,0.027121257,0.0,0.01969038,0.0,0.09811958,0.0,0.10245651,0.0,0.031418413,0.0,0.024424672,0.0,0.022209443,0.0,0.017382348,0.0,0.1413966
0.0,0.0,3.430834e-19,1.6985682e-09,0.0,0.0014796633,0.0,0.38132867,0.0,0.0127584925,0.0,0.004267894,0.0,0.027991755,0.0,0.098663315,0.0,0.07984993,0.0,0.15399942,0.0,0.04404854,0.0,0.031120103,0.0,0.07686229
0.0,0.0,2.3354178e-19,0.00090544845,0.0,0.00032246442,0.0,0.37142295,0.0,0.043265257,0.0,0.04375898,0.0,0.1257536,0.0,0.081842445,0.0,0.22885856,0.0,0.066483855,0.0,0.04362317,0.0,0.0315079,0.0,0.09173292
0.0,0.0,2.3312354e-19,0.022669131,0.0,0.012621128,0.0,0.36582357,0.0,0.041995835,0.0,0.039126027,0.0,0.108482696,0.0,0.040827848,0.0,0.1774946,0.0,0.030118274,0.0,0.02290923,0.0,0.017334629,0.0,0.054663718
0.0,0.0,1.5146088e-19,0.014344178,0.0,0.0067527248,0.0,0.2273851,0.0,0.015164551,0.0,0.0055562714,0.0,0.08767066,0.0,0.11310946,0.0,0.18548949,0.0,0.13421331,0.0,0.041967545,0.0,0.029672306,0.0,0.013795299
0.0,0.0,3.9342303e-20,0.02489499,0.0,0.001620934,0.0,0.02229235,0.0,0.028768107,0.0,0.15120678,0.0,0.031595517,0.0,0.1012493,0.0,0.19619745,0.0,0.07521162,0.0,0.06581113,0.0,0.046838973,0.0,0.056899823
0.0,0.0,2.8058037e-20,0.008431458,0.0,0.00035445573,0.0,0.009357144,0.0,0.012125535,0.0,0.12301629,0.0,0.07440994,0.0,0.08258772,0.0,0.15624373,0.0,0.05998351,0.0,0.041578703,0.0,0.03134694,0.0,0.015025545
0.0,0.0,1.2000244e-20,0.00797545,0.0,0.010463976,0.0,0.021409523,0.0,0.015273,0.0,0.06605322,0.0,0.031169392,0.0,0.04152613,0.0,0.26147482,0.0,0.030216135,0.0,0.02448385,0.0,0.018103125,0.0,0.17812854
0.0,0.0,1.1978755e-20,0.00690727,0.0,0.00722364,0.0,0.022558145,0.0,0.0202307,0.0,0.015674526,0.0,0.08749942,0.0,0.10522536,0.0,0.27472603,0.0,0.15198204,0.0,0.0345629,0.0,0.023883738,0.0,0.103727475
0.0,0.0,3.928311e-21,0.016251368,0.0,0.0017711548,0.0,0.032169,0.0,0.07334113,0.0,0.31472713,0.0,0.10608353,0.0,0.103664726,0.0,0.27605605,0.0,0.07482732,0.0,0.053684406,0.0,0.038339376,0.0,0.08781243
0.0,0.0,3.754534e-19,0.037080746,0.0,0.00038435598,0.0,0.03647794,0.0,0.024728004,0.0,0.22831182,0.0,0.08870226,0.0,0.08604811,0.0,0.283829,0.0,0.06049857,0.0,0.04652443,0.0,0.03409401,0.0,0.11872887
0.0,0.0,2.9161247e-19,0.0061093974,0.0,0.014009561,0.0,0.030573016,0.0,0.0116724875,0.0,0.13028543,0.0,0.037215758,0.0,0.044602957,0.0,0.2668031,0.0,0.031163055,0.0,0.02098307,0.0,0.01642554,0.0,0.16527121
0.0,0.0,6.609633e-18,0.008543404,0.0,0.00784842,0.0,0.23181881,0.0,0.0138672395,0.0,0.13009848,0.0,0.37540597,0.0,0.113051176,0.0,0.28368384,0.0,0.13359027,0.0,0.043088973,0.0,0.030373923,0.0,0.096622966
0.0,0.0,1.6289163e-17,0.0005398521,0.0,0.0019123944,0.0,0.31338423,0.0,0.03691728,0.0,0.12795334,0.0,0.31735334,0.0,0.10484343,0.0,0.2845033,0.0,0.07694229,0.0,0.0554476,0.0,0.03976663,0.0,0.034937307
0.0,0.0,2.9521547e-17,0.00013383299,0.0,0.0004152041,0.0,0.2634135,0.0,0.013679471,0.0,0.24494264,0.0,0.121641375,0.0,0.08727855,0.0,0.20657255,0.0,0.06179323,0.0,0.043210976,0.0,0.031793047,0.0,0.08104773
0.0,0.0,1.5492886e-17,4.2361713e-05,0.0,0.017150717,0.0,0.28078634,0.0,0.023422368,0.0,0.43319938,0.0,0.1794328,0.0,0.04568172,0.0,0.1654414,0.0,0.030631157,0.0,0.038352225,0.0,0.028055154,0.0,0.013736915
0.0,0.0,2.1492253e-16,1.3564168e-05,0.0,0.008369554,0.0,0.19915995,0.0,0.041896123,0.0,0.47879148,0.0,0.11309988,0.0,0.12529086,0.0,0.11415665,0.0,0.21012673,0.0,0.04425404,0.0,0.031425636,0.0,0.19228609
0.0,0.0,2.7369392e-16,0.006859572,0.0,0.002051514,0.0,0.077391885,0.0,0.008845925,0.0,0.42127174,0.0,0.078023724,0.0,0.1072313,0.0,0.052382458,0.0,0.08015189,0.0,0.05501381,0.0,0.039835136,0.0,0.13911478
0.0,0.0,2.6351584e-16,0.00981693,0.0,0.00044610113,0.0,0.038704734,0.0,0.013301683,0.0,0.31501147,0.0,0.46279857,0.0,0.09179808,0.0,0.11187193,0.0,0.06465651,0.0,0.042650655,0.0,0.031039555,0.0,0.07229269
0.0,0.0,4.8678124e-15,0.020544207,0.0,0.019754812,0.0,0.020478565,0.0,0.03980065,0.0,0.24574512,0.0,0.24525988,0.0,0.052795634,0.0,0.17510222,0.0,0.033224553,0.0,0.026250623,0.0,0.019821988,0.0,0.04135652
0.0,0.0,2.7707085e-14,0.019013008,0.0,0.010411038,0.0,0.17095235,0.0,0.005893154,0.0,0.18872532,0.0,0.21431965,0.0,0.12821914,0.0,0.16678175,0.0,0.17752281,0.0,0.054074947,0.0,0.038179938,0.0,0.008300832
0.0,0.0,8.91761e-14,0.028655013,0.0,0.0026228554,0.0,0.3769455,0.0,0.024696926,0.0,0.2561164,0.0,0.20730662,0.0,0.10757298,0.0,0.18443526,0.0,0.08116353,0.0,0.05660043,0.0,0.040917035,0.0,0.059415933
0.0,0.0,2.456349e-13,0.0077237603,0.0,0.00057149865,0.0,0.23181278,0.0,0.015148459,0.0,0.24288413,0.0,0.22700238,0.0,0.09632722,0.0,0.21671595,0.0,0.06840827,0.0,0.04692977,0.0,0.034542713,0.0,0.009248398
0.0,0.0,9.736742e-14,0.009181458,0.0,0.022638146,0.0,0.2733199,0.0,0.038982835,0.0,0.2652097,0.0,0.16376458,0.0,0.054423615,0.0,0.13892381,0.0,0.032235358,0.0,0.030790012,0.0,0.022899259,0.0,0.09026078
0.0,0.0,2.2214146e-13,0.016384391,0.0,0.011197641,0.0,0.30301479,0.0,0.0057323384,0.0,0.2532385,0.0,0.1524275,0.0,0.12617296,0.0,0.116447926,0.0,0.18991628,0.0,0.045397144,0.0,0.0318275,0.0,0.02962638
0.0,0.0,3.1055448e-13,0.041324213,0.0,0.0028363117,0.0,0.0740074,0.0,0.02961036,0.0,0.25105575,0.0,0.113067694,0.0,0.10943701,0.0,0.13677998,0.0,0.083695985,0.0,0.054965682,0.0,0.03989005,0.0,0.045794975
0.0,0.0,1.953444e-13,0.007267509,0.0,0.00061690714,0.0,0.014924088,0.0,0.046901483,0.0,0.18707858,0.0,0.06992328,0.0,0.098359905,0.0,0.18380135,0.0,0.071700156,0.0,0.06307902,0.0,0.046515755,0.0,0.015000192
0.0,0.0,1.4591067e-13,0.021865075,0.0,0.029290609,0.0,0.07011903,0.0,0.008434865,0.0,0.079616874,0.0,0.081815556,0.0,0.063446194,0.0,0.21721965,0.0,0.033693712,0.0,0.031061228,0.0,0.024871837,0.0,0.25296798
0.0,0.0,9.9309693e-14,0.012166268,0.0,0.012716816,0.0,0.048469584,0.0,0.010740483,0.0,0.05589947,0.0,0.62073857,0.0,0.12923661,0.0,0.22680068,0.0,0.18584903,0.0,0.056065273,0.0,0.039227895,0.0,0.19734304
0.0,0.0,6.9301715e-14,0.032203227,0.0,0.003257043,0.0,0.012422911,0.0,0.05401108,0.0,0.10237618,0.0,0.567233,0.0,0.110043935,0.0,0.20955373,0.0,0.083517134,0.0,0.061785795,0.0,0.045197237,0.0,0.13366863
0.0,0.0,4.6034784e-14,0.0063992892,0.0,0.00071399467,0.0,0.052233398,0.0,0.032208927,0.0,0.15715453,0.0,0.16741571,0.0,0.09868392,0.0,0.28626648,0.0,0.071020074,0.0,0.04893223,0.0,0.036783706,0.0,0.10230064
0.0,0.0,4.5945967e-14,0.008920148,0.0,0.025717372,0.0,0.033567417,0.0,0.016076203,0.0,0.11814615,0.0,0.43304044,0.0,0.057444867,0.0,0.3240961,0.0,0.03361274,0.0,0.03853,0.0,0.02881925,0.0,0.034315843
0.0,0.0,3.474486e-14,0.028325196,0.0,0.0122331465,0.0,0.13949026,0.0,0.06983627,0.0,0.11537121,0.0,0.29740295,0.0,0.13083282,0.0,0.31586313,0.0,0.19289811,0.0,0.050533555,0.0,0.036175154,0.0,0.02818288
0.0,0.0,2.019918e-14,0.015254102,0.0,0.003136715,0.0,0.28269577,0.0,0.022112813,0.0,0.15130801,0.0,0.2617268,0.0,0.110684715,0.0,0.3000625,0.0,0.08343455,0.0,0.06769681,0.0,0.047905296,0.0,0.04041211
0.0,0.0,1.19130085e-14,0.046084825,0.0,0.0006893016,0.0,0.32317692,0.0,0.046377074,0.0,0.14473262,0.0,0.1339336,0.0,0.10001876,0.0,0.2821421,0.0,0.07333203,0.0,0.05134308,0.0,0.038532782,0.0,0.11810693
0.0,0.0,8.382238e-15,0.00600951,0.0,0.021156717,0.0,0.4176765,0.0,0.006561467,0.0,0.07404196,0.0,0.06301935,0.0,0.058232322,0.0,0.25416774,0.0,0.034977328,0.0,0.042235527,0.0,0.031106373,0.0,0.05482537
0.0,0.0,5.5254805e-15,0.010425326,0.0,0.012271216,0.0,0.29191053,0.0,0.016602267,0.0,0.04433399,0.0,0.15754974,0.0,0.12028441,0.0,0.30038124,0.0,0.151335,0.0,0.04808117,0.0,0.034371465,0.0,0.10651034
0.0,0.0,5.5148198e-15,0.018946497,0.0,0.003154204,0.0,0.06425823,0.0,0.05478914,0.0,0.055008322,0.0,0.13114049,0.0,0.11143599,0.0,0.33536592,0.0,0.08570108,0.0,0.05559068,0.0,0.0388195,0.0,0.06931802
0.0,0.0,4.1703693e-15,0.02877944,0.0,0.0006949879,0.0,0.014040558,0.0,0.02743575,0.0,0.2943651,0.0,0.17010523,0.0,0.09902409,0.0,0.33988243,0.0,0.070533596,0.0,0.04554208,0.0,0.032982185,0.0,0.07469218
0.0,0.0,3.558462e-15,0.011631034,0.0,0.017618762,0.0,0.030689592,0.0,0.020026328,0.0,0.2863344,0.0,0.0882322,0.0,0.057239182,0.0,0.3175134,0.0,0.033643205,0.0,0.036623567,0.0,0.026240738,0.0,0.01255853
0.0,0.0,1.7361787e-15,0.010030699,0.0,0.010823848,0.0,0.06652611,0.0,0.021541126,0.0,0.29767805,0.0,0.120477386,0.0,0.11770829,0.0,0.28338063,0.0,0.17759769,0.0,0.043668263,0.0,0.03102749,0.0,0.04308534
0.0,0.0,3.8644467e-16,0.016082793,0.0,0.002757244,0.0,0.08369129,0.0,0.013359442,0.0,0.28875354,0.0,0.093466,0.0,0.11921983,0.0,0.2404189,0.0,0.09335498,0.0,0.073846355,0.0,0.053186595,0.0,0.063296676
0.0,0.0,4.3633176000000006e-16,0.024061456,0.0,0.00060209935,0.0,0.07307807,0.0,0.057903748,0.0,0.18909071,0.0,0.6665073,0.0,0.10060216,0.0,0.40229145,0.0,0.07496698,0.0,0.05637037,0.0,0.042846587,0.0,0.023052521
0.0,0.0,2.7019798e-16,0.007683413,0.0,0.021464204,0.0,0.038794465,0.0,0.016426517,0.0,0.042772666,0.0,0.5047797,0.0,0.088621035,0.0,0.4476453,0.0,0.06549417,0.0,0.05110611,0.0,0.03808802,0.0,0.07587322
0.0,0.0,2.6967462e-16,0.004879893,0.0,0.021349698,0.0,0.2063903,0.0,0.020288613,0.0,0.3201721,0.0,0.39286414,0.0,0.046981893,0.0,0.4524315,0.0,0.029317603,0.0,0.025033386,0.0,0.019458868,0.0,0.012716237
0.0,0.0,2.301042e-16,0.009856401,0.0,0.006066201,0.0,0.37514675,0.0,0.009425016,0.0,0.3966844,0.0,0.34765133,0.0,0.12006928,0.0,0.4054449,0.0,0.16170967,0.0,0.051288083,0.0,0.0351483,0.0,0.111384526
0.0,0.0,2.296585e-16,0.017968155,0.0,0.001416677,0.0,0.27331612,0.0,0.05493788,0.0,0.25102803,0.0,0.07789312,0.0,0.11279449,0.0,0.26345497,0.0,0.08456711,0.0,0.051139288,0.0,0.03732482,0.0,0.035462514
0.0,0.0,2.2921365e-16,0.017500293,0.0,0.00030759626,0.0,0.3718748,0.0,0.0122955665,0.0,0.119919345,0.0,0.11582655,0.0,0.10153735,0.0,0.13544309,0.0,0.07284581,0.0,0.05258648,0.0,0.038715225,0.0,0.010124158
0.0,0.0,6.647098000000001e-17,0.011993112,0.0,0.021373903,0.0,0.22067036,0.0,0.019659033,0.0,0.12826018,0.0,0.04357786,0.0,0.05981449,0.0,0.050341524,0.0,0.03486299,0.0,0.030008445,0.0,0.02293982,0.0,0.1094284
0.0,0.0,3.3751563e-17,0.000795162,0.0,0.011715775,0.0,0.1747473,0.0,0.020025408,0.0,0.17348598,0.0,0.4100388,0.0,0.12530309,0.0,0.14084288,0.0,0.15303451,0.0,0.062078923,0.0,0.04371729,0.0,0.12377818
0.0,0.0,2.5523121e-17,0.00025517403,0.0,0.003005986,0.0,0.18017235,0.0,0.0042662155,0.0,0.1204398,0.0,0.35532525,0.0,0.12029386,0.0,0.14112562,0.0,0.09668776,0.0,0.060050316,0.0,0.044030093,0.0,0.044501428
0.0,0.0,8.105482e-18,8.1543396e-05,0.0,0.0006607977,0.0,0.1887632,0.0,0.017812518,0.0,0.25220007,0.0,0.1262237,0.0,0.10200587,0.0,0.2505151,0.0,0.07596776,0.0,0.057173826,0.0,0.042066008,0.0,0.005535799
0.0,0.0,2.747655e-18,2.7168362e-05,0.0,0.022099867,0.0,0.16738816,0.0,0.05765207,0.0,0.3552577,0.0,0.0704884,0.0,0.091676034,0.0,0.3451575,0.0,0.06775171,0.0,0.044667475,0.0,0.033418,0.0,0.029769275
0.0,0.0,2.344481e-18,7.895867e-06,0.0,0.023067735,0.0,0.11347525,0.0,0.043750525,0.0,0.31555277,0.0,0.08784043,0.0,0.049886025,0.0,0.3602993,0.0,0.031488318,0.0,0.029446116,0.0,0.022369692,0.0,0.015419895
0.0,0.0,1.4518173e-18,1.4053533e-06,0.0,0.006696146,0.0,0.2012624,0.0,0.0075906455,0.0,0.27508163,0.0,0.0171078,0.0,0.12669829,0.0,0.33452785,0.0,0.22085533,0.0,0.047872066,0.0,0.033705663,0.0,0.1626397
0.0,0.0,2.5404667e-16,2.2194834e-08,0.0,0.0015866059,0.0,0.25765422,0.0,0.014016856,0.0,0.15396748,0.0,0.10507021,0.0,0.12094516,0.0,0.21321967,0.0,0.09064639,0.0,0.069808714,0.0,0.04882029,0.0,0.09616434
0.0,0.0,1.3060527e-16,8.205263e-09,0.0,0.0003456159,0.0,0.17282969,0.0,0.044443116,0.0,0.11176457,0.0,0.08857859,0.0,0.10237964,0.0,0.10025927,0.0,0.07217369,0.0,0.051024433,0.0,0.037411306,0.0,0.027155865
0.0,0.0,4.8603588e-17,0.006197683,0.0,0.020511663,0.0,0.017491702,0.0,0.019881923,0.0,0.16657238,0.0,0.31719667,0.0,0.086689964,0.0,0.024513945,0.0,0.06257292,0.0,0.055781666,0.0,0.039752968,0.0,0.021167958
0.0,0.0,8.870979e-18,0.026167506,0.0,0.022009468,0.0,0.034038395,0.0,0.038954698,0.0,0.11417717,0.0,0.22664046,0.0,0.045197077,0.0,0.35744807,0.0,0.025752833,0.0,0.024303988,0.0,0.019020423,0.0,0.10857494
0.0,0.0,1.9216371e-18,0.0063855466,0.0,0.0063166805,0.0,0.01524289,0.0,0.0056049274,0.0,0.07040058,0.0,0.18027413,0.0,0.12294581,0.0,0.2504144,0.0,0.11410178,0.0,0.04574488,0.0,0.030791374,0.0,0.036979243
0.0,0.0,3.0743447000000003e-16,0.0116194235,0.0,0.0014939379,0.0,0.05667036,0.0,0.013971847,0.0,0.05439582,0.0,0.03904923,0.0,0.11997627,0.0,0.23254593,0.0,0.08628396,0.0,0.035925444,0.0,0.025491785,0.0,0.08421653
0.0,0.0,2.8672243e-16,0.030055204,0.0,0.00032638965,0.0,0.010492789,0.0,0.038860407,0.0,0.018713394,0.0,0.042350747,0.0,0.1017623,0.0,0.19759504,0.0,0.072503924,0.0,0.058954924,0.0,0.041558176,0.0,0.07391978
0.0,0.0,2.1681656e-16,0.0101635065,0.0,0.013522224,0.0,0.051039267,0.0,0.010310084,0.0,0.054390274,0.0,0.520053,0.0,0.08367733,0.0,0.11126942,0.0,0.05885529,0.0,0.040416393,0.0,0.029604461,0.0,0.043608
0.0,0.0,1.8499835e-16,0.011368751,0.0,0.01981068,0.0,0.017265346,0.0,0.024799628,0.0,0.03909103,0.0,0.43709102,0.0,0.0425632,0.0,0.038828287,0.0,0.027951214,0.0,0.030196672,0.0,0.021418186,0.0,0.092745855
0.0,0.0,7.046172e-17,0.014702566,0.0,0.0057120007,0.0,0.038466174,0.0,0.004995898,0.0,0.30682012,0.0,0.40478915,0.0,0.10091578,0.0,0.10824257,0.0,0.18711556,0.0,0.02972889,0.0,0.020197975,0.0,0.07855423
0.0,0.0,5.328243000000001e-17,0.013393135,0.0,0.001341019,0.0,0.013926858,0.0,0.009954069,0.0,0.26967305,0.0,0.08292909,0.0,0.11655334,0.0,0.20035061,0.0,0.08014884,0.0,0.035306845,0.0,0.024259323,0.0,0.013229728
0.0,0.0,4.546314000000001e-17,0.006429623,0.0,0.00029669938,0.0,0.021622898,0.0,0.013793116,0.0,0.18596749,0.0,0.066989504,0.0,0.09795655,0.0,0.19376726,0.0,0.06503272,0.0,0.045556348,0.0,0.03023877,0.0,0.087038234
0.0,0.0,1.3542461e-17,0.0035232801,0.0,6.638528e-05,0.0,0.13279755,0.0,0.011719881,0.0,0.10156641,0.0,0.030628672,0.0,0.08074801,0.0,0.16855176,0.0,0.06131782,0.0,0.034750704,0.0,0.023947703,0.0,0.019209826
0.0,0.0,9.57322e-18,0.0010548786,0.0,0.015071427,0.0,0.15980005,0.0,0.009701661,0.0,0.038532373,0.0,0.483789,0.0,0.040022288,0.0,0.08684055,0.0,0.049837384,0.0,0.03691076,0.0,0.024166234,0.0,0.03853935
0.0,0.0,4.5782966e-18,0.00024178758,0.0,0.0046710023,0.0,0.18218698,0.0,0.009505418,0.0,0.13761449,0.0,0.46891487,0.0,0.08531253,0.0,0.07564191,0.0,0.034289524,0.0,0.014433082,0.0,0.010646064,0.0,0.007345247
0.0,0.0,3.9064237e-18,5.1881012e-05,0.0,0.0010891027,0.0,0.16129266,0.0,0.010377219,0.0,0.13114905,0.0,0.04952285,0.0,0.108094744,0.0,0.10734779,0.0,0.041464023,0.0,0.026021859,0.0,0.016851427,0.0,0.03489381
0.0,0.0,3.3331489000000003e-18,1.1382587e-05,0.0,0.00024259217,0.0,0.1385668,0.0,0.023456864,0.0,0.26785353,0.0,0.11580442,0.0,0.09352184,0.0,0.059447225,0.0,0.08095367,0.0,0.0508231,0.0,0.03396894,0.0,0.009342229
0.0,0.0,3.326623e-18,3.3292697e-06,0.0,5.4510758e-05,0.0,0.13326705,0.0,0.004521721,0.0,0.21318726,0.0,0.160229,0.0,0.077169016,0.0,0.024958787,0.0,0.05768225,0.0,0.034666743,0.0,0.02362511,0.0,0.03336058
0.0,0.0,3.3201098e-18,7.727346e-07,0.0,0.010174472,0.0,0.044388503,0.0,0.0057116286,0.0,0.13642706,0.0,0.15145725,0.0,0.06530998,0.0,0.13825813,0.0,0.068852,0.0,0.02772674,0.0,0.01814193,0.0,0.0055343015
0.0,0.0,3.3136094e-18,2.0054743e-07,0.0,0.008984958,0.0,0.01150151,0.0,0.019590167,0.0,0.063264616,0.0,0.13158952,0.0,0.027892621,0.0,0.053957727,0.0,0.020481152,0.0,0.018818626,0.0,0.012396557,0.0,0.02558517
0.0,0.0,8.531669e-18,5.009236e-08,0.0,0.00232384,0.0,0.009026463,0.0,0.009002576,0.0,0.018269002,0.0,0.13863352,0.0,0.07797358,0.0,0.056488477,0.0,0.077334486,0.0,0.009720875,0.0,0.0066030994,0.0,0.0031972453
0.0,0.0,6.6474760000000004e-18,1.6055084e-08,0.0,0.000522673,0.0,0.021576725,0.0,0.0099938195,0.0,0.0966878,0.0,0.05716475,0.0,0.10346836,0.0,0.0655031,0.0,0.108306706,0.0,0.030646577,0.0,0.019341096,0.0,0.0091771735
0.0,0.0,9.325001e-18,2.7309826e-09,0.0,0.00011840463,0.0,0.0046607894,0.0,0.008833056,0.0,0.047186334,0.0,0.011743057,0.0,0.08186109,0.0,0.025139233,0.0,0.05361261,0.0,0.032317504,0.0,0.019960359,0.0,0.021027396
0.0,0.0,6.4702684e-18,5.64972e-10,0.0,2.6911248e-05,0.0,0.004584424,0.0,0.008127116,0.0,0.0072603663,0.0,0.31324905,0.0,0.06278482,0.0,0.16885288,0.0,0.0612326,0.0,0.026453316,0.0,0.016721599,0.0,0.0025482366
0.0,0.0,4.381392e-18,6.9226522e-09,0.0,6.1449646e-06,0.0,0.010839807,0.0,0.005369297,0.0,0.030056696,0.0,0.20682277,0.0,0.05528078,0.0,0.12108828,0.0,0.036868703,0.0,0.017034912,0.0,0.010830615,0.0,0.0045224624
0.0,0.0,8.059141000000001e-17,1.5486735e-09,0.0,0.0057102228,0.0,0.009728351,0.0,0.0003140431,0.0,0.01148521,0.0,0.13096595,0.0,0.021476563,0.0,0.09784514,0.0,0.018137902,0.0,0.0073966016,0.0,0.0048704483,0.0,0.013413805
0.0,0.0,8.970831e-17,3.60442e-10,0.0,0.0070347833,0.0,0.027189558,0.0,8.2186605e-05,0.0,0.029398713,0.0,0.10565227,0.0,0.04045071,0.0,0.07795784,0.0,0.027498456,0.0,0.0029249832,0.0,0.0019743226,0.0,0.006825755
0.0,0.0,8.9529344e-17,1.1510589e-10,0.0,0.0018327965,0.0,0.04583012,0.0,2.6841713e-05,0.0,0.0143674025,0.0,0.030069403,0.0,0.08792888,0.0,0.081201605,0.0,0.046138015,0.0,0.019985994,0.0,0.011409088,0.0,0.022478208
0.0,0.0,4.0800757e-17,3.045648e-11,0.0,0.00041592217,0.0,0.017420536,0.0,8.455211e-06,0.0,0.008222096,0.0,0.13966882,0.0,0.06544029,0.0,0.045476127,0.0,0.056148816,0.0,0.00763163,0.0,0.005089757,0.0,0.0028066458
0.0,0.0,3.481188000000001e-17,6.7099694e-12,0.0,9.550026e-05,0.0,0.006987472,0.0,1.8681374e-06,0.0,0.0356348,0.0,0.23604392,0.0,0.0473425,0.0,0.10347338,0.0,0.0727341,0.0,0.020000651,0.0,0.0051493864,0.0,0.0034265693
0.0,0.0,1.4023845e-17,1.66103e-12,0.0,2.1981015e-05,0.0,0.0019719468,0.0,4.1646928e-07,0.0,0.015469925,0.0,0.17917542,0.0,0.037505593,0.0,0.061281253,0.0,0.038654517,0.0,0.0137496125,0.0,0.009004417,0.0,0.0040541096
0.0,0.0,1.3995866e-17,3.6270048e-13,0.0,5.0865283e-06,0.0,0.00011148307,0.0,9.921007e-08,0.0,0.003930909,0.0,0.10365014,0.0,0.012215419,0.0,0.01795132,0.0,0.030623052,0.0,0.012608296,0.0,0.007352773,0.0,0.006661268
0.0,0.0,1.3967944e-17,5.01363e-14,0.0,0.00028857987,0.0,4.790134e-07,0.0,7.8834695e-05,0.0,0.05214927,0.0,0.043863077,0.0,0.0030445103,0.0,0.2051294,0.0,0.009075893,0.0,0.006493366,0.0,0.0039737774,0.0,0.0074836574
0.0,0.0,8.649132e-18,1.7859978e-14,0.0,0.00031231926,0.0,1.7757522e-07,0.0,2.2486001e-05,0.0,0.03741494,0.0,0.06978192,0.0,0.05986803,0.0,0.06614922,0.0,0.06121919,0.0,0.0034650876,0.0,0.0021244122,0.0,0.0070561026
0.0,0.0,3.18099e-17,3.6582362e-10,0.0,8.210812e-05,0.0,1.0192847e-07,0.0,3.858282e-06,0.0,0.01235756,0.0,0.025288384,0.0,0.047385346,0.0,0.042185966,0.0,0.06527633,0.0,0.011981832,0.0,0.0064616054,0.0,0.008340738
0.0,0.0,4.8599147e-17,1.6150033e-10,0.0,1.925874e-05,0.0,2.646875e-08,0.0,7.0425716e-07,0.0,0.02410767,0.0,0.108340435,0.0,0.031127019,0.0,0.016451564,0.0,0.03276167,0.0,0.0100324685,0.0,0.005537882,0.0,0.0053588455
0.0,0.0,4.850128e-17,3.4016838e-11,0.0,4.558448e-06,0.0,3.0962382e-09,0.0,2.1292523e-07,0.0,0.0057980292,0.0,0.15671942,0.0,0.020984009,0.0,0.2031795,0.0,0.032964878,0.0,0.00781505,0.0,0.0045193117,0.0,0.003957379
0.0,0.0,4.138131000000001e-17,5.2330735e-12,0.0,1.0752447e-06,0.0,1.0895763e-09,0.0,3.758492e-08,0.0,0.010428633,0.0,0.09285647,0.0,0.005771234,0.0,0.055723842,0.0,0.033267993,0.0,0.008076943,0.0,0.0044974377,0.0,0.005735607
0.0,0.0,1.5760337e-17,1.5690045e-12,0.0,2.5341322e-07,0.0,3.6588457e-08,0.0,3.187592e-08,0.0,0.0010951826,0.0,0.039437298,0.0,0.0013656507,0.0,0.08354094,0.0,0.017092438,0.0,0.004382287,0.0,0.0025092955,0.0,0.008767066
0.0,0.0,1.5728598e-17,1.6839758e-13,0.0,5.989858e-08,0.0,5.5561937e-09,0.0,2.4268225e-08,0.0,0.00012875933,0.0,0.03850893,0.0,0.03333945,0.0,0.018923854,0.0,0.004229916,0.0,0.0016035634,0.0,0.00096135406,0.0,0.00586179
0.0,0.0,1.3419647000000001e-17,2.7708127e-14,0.0,2.926771e-05,0.0,3.5476515e-09,0.0,5.9620833e-09,0.0,1.7173374e-05,0.0,0.019536925,0.0,0.032428917,0.0,0.17962371,0.0,0.030808346,0.0,0.0018152794,0.0,0.0009826131,0.0,0.0057635293
0.0,0.0,3.0368195e-18,5.8564997e-15,0.0,9.820878e-06,0.0,6.1472694e-09,0.0,1.0860727e-09,0.0,3.3040176e-06,0.0,0.07764613,0.0,0.021539478,0.0,0.05547183,0.0,0.017258735,0.0,0.0038541355,0.0,0.0020289638,0.0,0.0055703144
0.0,0.0,3.5902987e-16,1.0160183e-15,0.0,2.4012397e-06,0.0,1.658524e-09,0.0,2.0326497e-10,0.0,7.6690105e-07,0.0,0.01808664,0.0,0.0136469025,0.0,0.044986203,0.0,0.030171024,0.0,0.00065302727,0.0,0.0004852861,0.0,0.0036697602
0.0,0.0,1.02185135e-16,1.7627278000000002e-16,0.0,5.8013427e-07,0.0,4.5991586e-10,0.0,4.136254e-11,0.0,0.001616721,0.0,0.075279005,0.0,0.0136337215,0.0,0.0132371085,0.0,0.019023132,0.0,0.0019739522,0.0,0.0009439369,0.0,0.0021672307
0.0,0.0,1.8159304e-17,6.1688245e-17,0.0,1.4067489e-07,0.0,1.1325547e-10,0.0,1.1253948e-11,0.0,0.0031511644,0.0,0.016886722,0.0,0.0035908227,0.0,0.11657564,0.0,0.00938681,0.0,0.0025768839,0.0,0.0011885592,0.0,0.00038928847
0.0,0.0,1.8122473e-17,5.463583399999999e-18,0.0,3.45037e-08,0.0,6.489708e-11,0.0,1.6554955e-12,0.0,0.0013051145,0.0,0.0725577,0.0,0.0008676296,0.0,0.024462465,0.0,0.015471545,0.0,0.00096787815,0.0,0.00052545057,0.0,4.1461866e-05
0.0,0.0,1.8085715e-17,9.380262999999998e-19,0.0,8.478676e-09,0.0,1.2132502e-11,0.0,3.2238925e-06,0.0,0.00032170612,0.0,0.01595363,0.0,0.000206424,0.0,0.08465983,0.0,0.0027851383,0.0,0.00028959924,0.0,0.00017718648,0.0,8.722628e-06
0.0,0.0,1.8049033e-17,1.329914e-19,0.0,8.087724e-07,0.0,2.8044806e-12,0.0,2.3014923e-06,0.0,7.972627e-05,0.0,0.037424337,0.0,0.012429025,0.0,0.01117029,0.0,0.0074530845,0.0,7.136755e-05,0.0,4.657643e-05,0.0,1.7966825e-06
0.0,0.0,1.2283313e-17,2.2604218e-20,0.0,5.0448784e-06,0.0,7.6593663e-13,0.0,4.2993585e-07,0.0,1.6829892e-05,0.0,0.011601069,0.0,0.010243994,0.0,0.16731997,0.0,0.023221182,0.0,0.0008694203,0.0,0.00042908205,0.0,4.860168e-07
0.0,0.0,1.2258399e-17,8.182786e-21,0.0,1.4039438e-06,0.0,4.726033e-13,0.0,1.0216693e-07,0.0,4.2745273e-06,0.0,0.15274625,0.0,0.0068362877,0.0,0.044170085,0.0,0.02847918,0.0,0.0015706618,0.0,0.0008703156,0.0,1.3213317e-07
0.0,0.0,1.0673066e-15,1.6315891e-21,0.0,3.271086e-07,0.0,1.1711816e-13,0.0,1.6208288e-08,0.0,9.4933205e-07,0.0,0.14139093,0.0,0.013566553,0.0,0.0828467,0.0,0.036096755,0.0,0.0028842785,0.0,0.0016130082,0.0,3.9723777e-10
0.0,0.0,6.0686247e-16,1.8420837e-22,0.0,7.64158e-08,0.0,1.7488042e-10,0.0,3.6660313e-09,0.0,2.0125741e-07,0.0,0.07707632,0.0,0.0034343067,0.0,0.027345136,0.0,0.007374713,0.0,0.000988003,0.0,0.0006380581,0.0,1.1386381e-10
0.0,0.0,4.3915964e-16,1.7864655e-19,0.0,1.7945903e-08,0.0,8.376593e-11,0.0,8.544563e-10,0.0,0.0006350706,0.0,0.14518812,0.0,0.0007946605,0.0,0.05997001,0.0,0.044972967,0.0,0.0017940957,0.0,0.0009739559,0.0,3.5718782e-11
0.0,0.0,2.988685e-16,2.4567253e-20,0.0,4.2495634e-09,0.0,1.8024172e-11,0.0,2.0646032e-10,0.0,0.00010937828,0.0,0.09092172,0.0,0.009743773,0.0,0.008359889,0.0,0.026747216,0.0,0.0032565854,0.0,0.0016414936,0.0,9.405829e-12
0.0,0.0,2.5498879e-16,5.129884e-21,0.0,1.1001326e-05,0.0,3.7033003e-12,0.0,3.6865892e-11,0.0,0.000104957144,0.0,0.038159333,0.0,0.006648819,0.0,0.08722188,0.0,0.0076404247,0.0,0.0024512724,0.0,0.0013186446,0.0,2.5478712e-12
0.0,0.0,2.5446934000000004e-16,1.1902041000000001e-21,0.0,5.244151e-06,0.0,2.2688123e-12,0.0,6.1948203e-12,0.0,3.375549e-05,0.0,0.06532492,0.0,0.0039301277,0.0,0.02795822,0.0,0.026535258,0.0,0.0017058662,0.0,0.0009570929,0.0,9.0448547e-13
0.0,0.0,1.335762e-16,2.0805705e-22,0.0,1.3315348e-06,0.0,4.0351888e-13,0.0,1.0908681e-12,0.0,6.7581304e-06,0.0,0.01729015,0.0,0.005683249,0.0,0.05692193,0.0,0.0065675834,0.0,0.001306763,0.0,0.0007058309,0.0,2.396167e-13
0.0,0.0,1.3330409000000002e-16,4.407426e-23,0.0,3.216742e-07,0.0,4.92184e-12,0.0,2.6118696e-13,0.0,1.3262043e-06,0.0,0.066110805,0.0,0.0013698403,0.0,0.0131022325,0.0,0.034315087,0.0,0.0014855578,0.0,0.00074818666,0.0,6.158163e-14
0.0,0.0,1.3303252e-16,6.728299e-24,0.0,7.783729e-08,0.0,8.752102e-13,0.0,5.1505417e-14,0.0,2.9194752e-07,0.0,0.042341597,0.0,0.00032325613,0.0,0.12902112,0.0,0.008291141,0.0,0.0005254447,0.0,0.00030326168,0.0,1.5155049e-14
0.0,0.0,6.506306000000001e-17,1.1902894e-24,0.0,1.8852777e-08,0.0,2.1273754e-13,0.0,1.0861691e-14,0.0,9.1743864e-08,0.0,0.04126625,0.0,0.0014249055,0.0,0.037015233,0.0,0.02401246,0.0,0.00020020232,0.0,0.00011975891,0.0,3.8715373e-15
0.0,0.0,5.5166048e-17,1.8775308e-24,0.0,4.5483928e-09,0.0,2.9515983e-11,0.0,1.9523197e-15,0.0,6.885501e-05,0.0,0.014291728,0.0,0.004155447,0.0,0.016139708,0.0,0.006312242,0.0,7.7432866e-05,0.0,4.6676283e-05,0.0,1.5467986e-11
0.0,0.0,5.505311e-17,5.751199e-25,0.0,6.552343e-06,0.0,1.0677421e-11,0.0,3.8798954e-11,0.0,1.2701094e-05,0.0,0.052908987,0.0,0.002307329,0.0,0.17790234,0.0,0.019157873,0.0,0.00018164117,0.0,8.668299e-05,0.0,2.4721045e-11
0.0,0.0,4.1626875e-17,1.0452974e-25,0.0,2.7941453e-06,0.0,2.732204e-12,0.0,9.392462e-12,0.0,2.0221829e-05,0.0,0.036981013,0.0,0.0013938233,0.0,0.05222885,0.0,0.0030937383,0.0,3.2313703e-05,0.0,2.2554741e-05,0.0,5.386807e-12
0.0,0.0,4.1541656e-17,2.0387115e-26,0.0,7.372829e-07,0.0,6.746188e-13,0.0,1.5919471e-12,0.0,7.1563604e-06,0.0,0.016605038,0.0,0.003837033,0.0,0.016943412,0.0,0.011769413,0.0,0.00012506323,0.0,4.9857896e-05,0.0,1.063316e-12
0.0,0.0,4.145661000000001e-17,3.540225e-27,0.0,1.8952038e-07,0.0,6.3423794e-14,0.0,3.0600923e-13,0.0,1.6703556e-06,0.0,0.01957981,0.0,0.0009450958,0.0,0.069521874,0.0,0.0022186353,0.0,0.00017021953,0.0,7.2492694e-05,0.0,2.8822309e-11
0.0,0.0,4.1371743e-17,6.165726000000001e-28,0.0,4.8241848e-08,0.0,1.4985519e-14,0.0,5.2562067e-14,0.0,4.4426793e-07,0.0,0.00865146,0.0,0.00023740211,0.0,0.0150338095,0.0,0.003213011,0.0,4.8306636e-05,0.0,2.6112057e-05,0.0,1.3000683e-11
0.0,0.0,4.1287046e-17,1.1373306e-28,0.0,1.2505254e-08,0.0,3.0580064e-15,0.0,9.3681895e-15,0.0,1.1744411e-07,0.0,0.031456273,0.0,5.88299e-05,0.0,0.04957771,0.0,0.008400752,0.0,1.2923318e-05,0.0,7.779859e-06,0.0,2.631121e-12
0.0,0.0,4.120252000000001e-17,5.589117e-29,0.0,3.2076588e-09,0.0,1.5740519e-13,0.0,2.1587988e-15,0.0,2.4904514e-08,0.0,0.022258282,0.0,0.00011147798,0.0,0.014972599,0.0,0.004696653,0.0,3.3422584e-06,0.0,2.1628298e-06,0.0,5.002655e-13
0.0,0.0,2.0100398e-17,3.4767745000000005e-30,0.0,8.1194196e-10,0.0,6.6663106e-14,0.0,4.548087e-16,0.0,8.797345e-09,0.0,0.0047991555,0.0,0.00078895845,0.0,0.058889765,0.0,0.010773267,0.0,5.4952838e-05,0.0,2.0344152e-05,0.0,8.4449354e-14
0.0,0.0,1.6658863e-17,6.0213510000000005e-31,0.0,2.0845183e-10,0.0,6.6380264e-14,0.0,7.882403e-17,0.0,2.2920013e-09,0.0,0.0074700145,0.0,0.00044994883,0.0,0.009188569,0.0,0.0023226398,0.0,6.235668e-05,0.0,2.6358608e-05,0.0,1.965669e-14
0.0,0.0,3.8695714e-17,1.0657464e-31,0.0,5.3233803e-11,0.0,2.5788275e-13,0.0,1.12994625e-17,0.0,3.4124434e-05,0.0,0.049924754,0.0,0.0014751963,0.0,0.036415424,0.0,0.008412581,0.0,0.00015837626,0.0,6.752638e-05,0.0,4.484633e-15
0.0,0.0,1.8646387e-16,2.0592989e-32,0.0,4.5516373e-08,0.0,4.404654e-14,0.0,6.43543e-13,0.0,6.235984e-06,0.0,0.0065783276,0.0,0.00036410335,0.0,0.021612138,0.0,0.0029108848,0.0,0.0001537219,0.0,6.360197e-05,0.0,9.633889e-16
0.0,0.0,1.8607686e-16,4.4267663e-33,0.0,1.8760572e-08,0.0,7.322953e-15,0.0,8.6360205e-13,0.0,1.1248397e-06,0.0,0.018797943,0.0,8.9328736e-05,0.0,0.049259987,0.0,0.005787092,0.0,6.035548e-05,0.0,2.8732578e-05,0.0,2.8366638e-15
0.0,0.0,1.4069283e-16,7.714233e-34,0.0,5.005111e-09,0.0,8.3294674e-16,0.0,1.8492819e-13,0.0,1.0833942e-06,0.0,0.015749704,0.0,2.1997295e-05,0.0,0.02710333,0.0,0.00977299,0.0,1.8562945e-05,0.0,1.01124115e-05,0.0,6.2709433e-16
0.0,0.0,5.667307000000001e-17,4.1650377e-32,0.0,1.2812696e-09,0.0,2.1089719e-16,0.0,3.6071294e-14,0.0,2.5719763e-07,0.0,0.0427814,0.0,5.5063094e-05,0.0,0.023979599,0.0,0.007528304,0.0,5.2752903e-06,0.0,3.1500201e-06,0.0,1.3990961e-16
0.0,0.0,5.6555444e-17,2.5985175e-35,0.0,3.2343683e-10,0.0,1.3384575000000002e-16,0.0,5.5379586e-15,0.0,9.9179296e-08,0.0,0.0061132354,0.0,0.00028986676,0.0,0.027928276,0.0,0.0055457675,0.0,1.3486075e-06,0.0,8.4568023e-07,0.0,2.7907195e-17
0.0,0.0,2.4181527e-17,2.453916e-30,0.0,8.314428e-11,0.0,1.5983725e-17,0.0,9.676887e-16,0.0,2.5305912e-08,0.0,0.021604562,0.0,0.00018556572,0.0,0.039729726,0.0,0.011109879,0.0,7.817955e-06,0.0,2.9161768e-06,0.0,5.3114756e-18
0.0,0.0,2.4131338e-17,4.4772196e-31,0.0,2.1029083e-11,0.0,2.2654455e-18,0.0,1.9361026e-16,0.0,5.920352e-09,0.0,0.01868345,0.0,0.0005062256,0.0,0.00912606,0.0,0.0022514039,0.0,1.1772722e-05,0.0,4.7005424e-06,0.0,1.0689554e-18
0.0,0.0,1.1322115e-17,7.6321657e-32,0.0,5.2877785e-12,0.0,5.6526044e-19,0.0,3.6515746e-17,0.0,1.3885177e-09,0.0,0.046923503,0.0,0.00012226703,0.0,0.0510395,0.0,0.003535733,0.0,2.1716126e-06,0.0,1.370931e-06,0.0,2.2579322e-19
0.0,0.0,6.438219e-18,1.1473675e-32,0.0,1.3349762e-12,0.0,2.0096278e-19,0.0,6.4512474e-18,0.0,3.4496844e-10,0.0,0.006980142,0.0,3.0200259e-05,0.0,0.00675428,0.0,8.804075e-05,0.0,4.1584217e-06,0.0,1.7209375e-06,0.0,4.661605e-20
0.0,0.0,6.4247867e-18,2.1225472e-33,0.0,1.7051318e-09,0.0,1.4987438e-16,0.0,1.2167471e-18,0.0,1.1487404e-06,0.0,0.071789175,0.0,7.2584917e-06,0.0,0.026234673,0.0,2.944768e-05,0.0,1.0041183e-05,0.0,3.0462965e-07,0.0,1.0549052e-20
0.0,0.0,2.4467446e-18,5.721341e-34,0.0,6.9245243e-10,0.0,1.3530892000000002e-16,0.0,2.1400405e-19,0.0,8.309302e-07,0.0,0.024430215,0.0,7.09322e-05,0.0,0.0418935,0.0,9.164647e-06,0.0,2.265277e-06,0.0,1.167182e-06,0.0,5.811618e-16
0.0,0.0,2.4416400000000007e-18,7.345385e-35,0.0,1.8133418e-10,0.0,5.3016963e-17,0.0,3.4363012e-20,0.0,3.152739e-07,0.0,0.006637922,0.0,0.00014577559,0.0,0.004802257,0.0,1.3087367e-05,0.0,9.256036e-07,0.0,5.7876946e-07,0.0,2.0541384e-16
0.0,0.0,2.4365461e-18,1.36534e-35,0.0,4.5700593e-11,0.0,8.387326e-18,0.0,1.3909630000000006e-17,0.0,8.3461565e-08,0.0,0.029473593,0.0,0.00021955949,0.0,0.006235701,0.0,7.625117e-05,0.0,6.756816e-06,0.0,2.671153e-06,0.0,5.2492538e-17
0.0,0.0,1.2789301999999998e-18,2.2951082e-36,0.0,1.1662105e-11,0.0,6.264747e-19,0.0,3.6164506e-18,0.0,2.2062634e-08,0.0,0.003984459,0.0,0.0002937485,0.0,0.011065283,0.0,9.9502526e-05,0.0,1.2318262e-06,0.0,7.6005745e-07,0.0,1.38366405e-17
0.0,0.0,1.0911046e-18,6.609411e-37,0.0,2.9762135e-12,0.0,3.8297317e-19,0.0,5.137668999999999e-19,0.0,5.408952e-09,0.0,0.032911897,0.0,7.2151415e-05,0.0,0.037715413,0.0,9.423663e-05,0.0,2.2969215e-07,0.0,1.7166069e-07,0.0,2.914349e-18
0.0,0.0,1.0888281999999998e-18,1.1538278999999998e-37,0.0,2.9500988e-10,0.0,4.5752678e-20,0.0,9.6659215e-20,0.0,1.3124042e-09,0.0,0.004106174,0.0,1.7719332e-05,0.0,0.0033385488,0.0,8.016245e-05,0.0,2.1569254e-05,0.0,3.0940686e-08,0.0,6.408183e-19
0.0,0.0,3.562875e-19,2.8903474e-38,0.0,2.114691e-09,0.0,5.3117427e-21,0.0,1.8190859999999998e-20,0.0,3.1044595e-10,0.0,0.007512149,0.0,4.250513e-06,0.0,0.0027968446,0.0,6.573908e-05,0.0,1.864839e-05,0.0,4.934107e-06,0.0,1.5198113e-19
0.0,0.0,2.7061981e-19,3.69256e-39,0.0,6.837678e-10,0.0,2.6322454e-19,0.0,3.0648354e-21,0.0,6.1739336e-11,0.0,0.03097014,0.0,3.6492132e-05,0.0,0.0021258434,0.0,4.844705e-05,0.0,1.2739286e-05,0.0,6.0291977e-06,0.0,3.3099809999999997e-20
0.0,0.0,1.1570823e-19,6.42874e-40,0.0,1.7098638e-10,0.0,5.981169000000001e-17,0.0,6.044774000000002e-22,0.0,6.7933547e-06,0.0,0.011516371,0.0,0.00026064648,0.0,0.0012022356,0.0,0.00010447961,0.0,2.7577382e-05,0.0,1.14805725e-05,0.0,7.284656e-21
0.0,0.0,1.1546683e-19,1.11419e-40,0.0,4.290832e-11,0.0,2.1374463e-17,0.0,1.2173205000000001e-22,0.0,4.4359167e-06,0.0,0.026875475,0.0,6.400224e-05,0.0,0.00031205866,0.0,3.5011126e-05,0.0,1.0868289e-05,0.0,5.4811303e-06,0.0,1.4048446000000001e-21
0.0,0.0,1.1522592e-19,7.3638e-41,0.0,1.0917579e-11,0.0,7.080050000000001e-18,0.0,2.6819942e-23,0.0,1.1011172e-06,0.0,0.0036512122,0.0,1.5435637e-05,0.0,6.074519e-05,0.0,1.0962566e-05,0.0,3.1433187e-06,0.0,1.8059321e-06,0.0,2.0856414e-18
0.0,0.0,1.1498554e-19,2.0819e-41,0.0,2.7442556e-12,0.0,1.3294911e-18,0.0,4.885574e-24,0.0,2.5186677e-07,0.0,0.0090308115,0.0,3.720726e-06,0.0,1.1068035e-05,0.0,3.5437913e-06,0.0,8.6903515e-07,0.0,5.4444365e-07,0.0,2.045695e-15
0.0,0.0,1.1474564e-19,6.443e-42,0.0,1.8493993e-09,0.0,2.7798415e-19,0.0,7.3937467e-25,0.0,5.8995585e-08,0.0,0.017369753,0.0,6.063288e-05,0.0,2.003306e-06,0.0,6.273202e-06,0.0,2.1917411e-07,0.0,1.4583983e-07,0.0,4.5680953e-16
0.0,0.0,5.2287676e-20,1.71e-42,0.0,1.2350935e-09,0.0,3.091807e-20,0.0,2.1423692e-25,0.0,1.4266254e-08,0.0,1.5480991e-09,0.0,0.00010401512,0.0,3.57311e-07,0.0,3.646264e-05,0.0,5.130436e-06,0.0,2.1715896e-06,0.0,9.6621267e-17
0.0,0.0,2.3826624e-20,3.9e-44,0.0,3.358369e-10,0.0,6.4198743e-21,0.0,2.5954784e-26,0.0,4.1078105e-09,0.0,1.1076459e-09,0.0,0.00027009984,0.0,6.4205224e-08,0.0,9.31761e-05,0.0,9.206639e-07,0.0,6.1772425e-07,0.0,2.4695165e-17
0.0,0.0,2.3776914e-20,8.000000000000001e-45,0.0,8.347554e-11,0.0,3.0559585e-19,0.0,4.755006e-27,0.0,8.646832e-10,0.0,1.1762082e-09,0.0,6.38521e-05,0.0,1.1531069e-08,0.0,4.104473e-05,0.0,9.06858e-06,0.0,4.0908935e-06,0.0,6.3318227e-18
0.0,0.0,1.6180496e-20,1e-45,0.0,2.0253991e-11,0.0,7.417141999999999e-20,0.0,9.16856e-28,0.0,1.804064e-05,0.0,6.482072e-10,0.0,1.4825174e-05,0.0,2.0537871e-09,0.0,1.6536325e-05,0.0,4.5247452e-06,0.0,7.1412506e-07,0.0,1.7785377999999997e-18
0.0,0.0,9.332384e-21,0.0,0.0,5.6657945e-10,0.0,4.9333105e-15,0.0,1.0608946e-08,0.0,8.026219e-06,0.0,3.2702893e-10,0.0,6.995923e-05,0.0,3.5864964e-10,0.0,1.7843215e-05,0.0,1.0303855e-06,0.0,8.2787176e-07,0.0,4.999478599999999e-19
0.0,0.0,5.501853e-21,0.0,0.0,2.1592776e-09,0.0,1.3269741e-15,0.0,6.8432895e-09,0.0,2.0542225e-06,0.0,2.2639773e-08,0.0,0.00014086462,0.0,6.4336356e-11,0.0,6.490158e-05,0.0,1.5419384e-05,0.0,7.3449446e-06,0.0,1.4057666e-19
0.0,0.0,5.1897602e-21,0.0,0.0,6.273452e-10,0.0,3.776503e-16,0.0,1.2750183e-09,0.0,3.5898682e-07,0.0,2.6572957e-08,0.0,0.00013701578,0.0,1.7825275e-09,0.0,7.389975e-05,0.0,2.6928765e-06,0.0,1.9769755e-06,0.0,4.4003487999999997e-20
0.0,0.0,4.6127836e-21,0.0,0.0,1.4802502e-10,0.0,8.173649e-17,0.0,2.0582813e-10,0.0,1.0852258e-07,0.0,1.6827121e-08,0.0,3.13707e-05,0.0,2.066536e-09,0.0,0.00023383946,0.0,6.426296e-05,0.0,3.4442328e-07,0.0,1.417928e-20
0.0,0.0,3.1390585e-21,0.0,0.0,2.9918315e-08,0.0,1.4897162e-17,0.0,3.7264317e-11,0.0,1.9795496e-05,0.0,1.8716381e-08,0.0,7.177538e-06,0.0,1.7287572e-08,0.0,8.684479e-05,0.0,2.9608387e-05,0.0,1.922661e-05,0.0,1.5098247e-16
0.0,0.0,2.0259131e-21,0.0,0.0,1.18568035e-08,0.0,1.5194555000000002e-16,0.0,1.0954944e-11,0.0,1.4673941e-05,0.0,2.4171337e-08,0.0,0.0002567519,0.0,1.2127793e-08,0.0,3.705244e-05,0.0,8.017035e-06,0.0,5.8152864e-06,0.0,3.9450808e-16
0.0,0.0,1.1097655e-21,2.2715e-41,0.0,2.946828e-09,0.0,3.195735e-17,0.0,2.6408652e-12,0.0,2.2576296e-06,0.0,1.1401847e-08,0.0,0.00019364833,0.0,6.5559815e-09,0.0,6.5533066e-05,0.0,2.4273566e-05,0.0,1.2646583e-05,0.0,1.2051159000000002e-16
0.0,0.0,1.1074501e-21,5.028e-42,0.0,6.947896e-10,0.0,5.309545e-13,0.0,6.285912e-13,0.0,8.5200116e-07,0.0,1.6739016e-08,0.0,0.0006803831,0.0,3.3412944e-09,0.0,0.00035644256,0.0,0.00011252892,0.0,6.112427e-05,0.0,4.0970850000000004e-17
0.0,0.0,1.1051397e-21,1.062e-42,0.0,1.15595515e-08,0.0,1.2835261e-13,0.0,1.379052e-13,0.0,3.6490463e-05,0.0,7.2265415e-08,0.0,0.00015445519,0.0,1.342215e-07,0.0,0.00061499677,0.0,1.9488747e-05,0.0,1.5255089e-05,0.0,4.6965512e-17
0.0,0.0,5.391145e-22,2.47e-43,0.0,3.9406403e-09,0.0,4.1420234e-13,0.0,3.957224e-14,0.0,1.7775961e-05,0.0,4.4573788e-08,0.0,0.00011273347,0.0,1.060051e-07,0.0,0.00030549977,0.0,8.9436806e-05,0.0,2.5432024e-05,0.0,1.1722314e-14
0.0,0.0,1.1496699e-22,6.9e-44,0.0,9.311135e-10,0.0,8.469633e-14,0.0,1.0723748e-14,0.0,3.6212914e-06,0.0,2.9696108e-07,0.0,0.00058435986,0.0,6.161408e-08,0.0,0.0002857941,0.0,2.5522573e-05,0.0,2.1206934e-05,0.0,9.6858644e-14
0.0,0.0,1.8885849e-23,1.8000000000000002e-44,0.0,1.3822888e-06,0.0,1.4558462e-14,0.0,2.4500775e-11,0.0,6.5801083e-07,0.0,2.9969726e-06,0.0,0.0013953369,0.0,1.7260214e-07,0.0,0.0008708627,0.0,0.0002952807,0.0,0.0001750211,0.0,9.106805e-13
0.0,0.0,5.9063803e-24,4.000000000000001e-45,0.0,4.5696368e-07,0.0,3.3399292e-13,0.0,1.13511235e-10,0.0,1.3131551e-05,0.0,3.964769e-06,0.0,0.00030965314,0.0,1.4278368e-06,0.0,0.0030004547,0.0,0.0002910587,0.0,0.00018493595,0.0,4.9482044e-13
0.0,0.0,4.620275e-25,1e-45,0.0,1.06107436e-07,0.0,2.187019e-13,0.0,2.5008289e-11,0.0,8.115757e-06,0.0,2.3424514e-06,0.0,0.001507238,0.0,1.0138792e-06,0.0,0.03539853,0.0,0.00029981963,0.0,0.00013128876,0.0,2.0183783e-13
0.0,0.0,9.7868703e-26,0.0,0.0,4.7070334e-06,0.0,3.577859e-11,0.0,8.270554e-12,0.0,1.6815278e-06,0.0,3.3224645e-05,0.0,0.0016325704,0.0,6.1581727e-07,0.0,0.010786484,0.0,0.003847724,0.0,0.0024788976,0.0,8.524289e-14
0.0,0.0,3.2196665e-26,1.4546382e-33,0.0,1.8662282e-05,0.0,1.570413e-10,0.0,2.0223705e-07,0.0,6.443623e-07,0.0,0.000204169,0.0,0.01124659,0.0,8.316528e-06,0.0,0.015927874,0.0,0.0042225663,0.0,0.0028074707,0.0,4.4633172e-13
0.0,0.0,1.4671049999999998e-26,3.6926665e-34,0.0,4.5979923e-06,0.0,1.6660598e-10,0.0,1.7875651e-07,0.0,3.1492846e-07,0.0,0.0001651183,0.0,0.0026615513,0.0,0.0006120264,0.0,0.05325354,0.0,0.005986312,0.0,0.003911657,0.0,2.6987287e-10
0.0,0.0,1.4640009e-26,9.200689e-35,0.0,1.0247024e-06,0.0,6.4708676e-11,0.0,6.01458e-08,0.0,1.1691066e-06,0.0,0.003850986,0.0,0.009491138,0.0,0.0015294722,0.0,0.044371665,0.0,0.0045430143,0.0,0.0031220536,0.0,6.118464e-09
0.0,0.0,1.10688725e-26,2.6176365e-35,0.0,0.0004649607,0.0,1.5328964e-09,0.0,1.9943366e-08,0.0,1.2898446e-06,0.0,0.1028747,0.0,0.006855589,0.0,0.018925887,0.0,0.021334615,0.0,0.013738292,0.0,0.00923495,0.0,1.1579924e-08
0.0,0.0,9.253813e-27,6.564673e-36,0.0,0.00013412228,0.0,6.37177e-10,0.0,0.00972464,0.0,9.765085e-07,0.0,0.05050382,0.0,0.018538697,0.0,0.5147388,0.0,0.013539305,0.0,0.0122665465,0.0,0.008523183,0.0,6.7885115e-09
0.0,0.0,5.8116303000000005e-27,1.5216889e-36,0.0,3.0302977e-05,0.0,1.2865791e-09,0.0,0.006240939,0.0,3.295692e-05,0.0,0.3212135,0.0,0.0047446047,0.0,0.37342033,0.0,0.19998637,0.0,0.0029344629,0.0,0.0024239714,0.0,3.2170526e-09
0.0,0.0,1.3769354e-27,3.6044306e-26,0.0,9.2095164e-05,0.0,3.4233523e-08,0.0,0.016522774,0.0,0.00020952227,0.0,0.25145617,0.0,0.03450666,0.0,0.31467035,0.0,0.17905192,0.0,0.014065138,0.0,0.009489413,0.0,1.4623417e-07
0.0,0.0,9.369945e-28,3.4098898000000004e-26,0.0,0.00014009273,0.0,1.9462108e-08,0.0,0.009105869,0.0,6.475058e-05,0.0,0.16692378,0.0,0.027748879,0.0,0.32986125,0.0,0.03876753,0.0,0.0209266,0.0,0.014516139,0.0,8.689778e-08
0.0,0.0,7.9936238e-28,1.1505297e-26,0.0,3.3345448e-05,0.0,5.0582493e-08,0.0,0.038147777,0.0,3.238845e-05,0.0,0.14487584,0.0,0.017860338,0.0,0.2916611,0.0,0.014843412,0.0,0.024001222,0.0,0.017046446,0.0,0.0008029021
0.0,0.0,4.2470675e-28,2.9887914e-27,0.0,0.0014210935,0.0,1.0623458e-07,0.0,0.0055721565,0.0,0.015188511,0.0,0.10022104,0.0,0.0052620876,0.0,0.26188385,0.0,0.23899755,0.0,0.0063371854,0.0,0.005221375,0.0,0.047428332
0.0,0.0,1.9152028e-28,1.6057494999999999e-25,0.0,0.00063357083,0.0,3.7669347e-06,0.0,0.03847246,0.0,0.022051973,0.0,0.19975024,0.0,0.08873916,0.0,0.2051993,0.0,0.2175529,0.0,0.03496962,0.0,0.024191668,0.0,0.012587442
0.0,0.0,1.033232e-28,6.611645400000001e-26,0.0,0.00014418307,0.0,4.256536e-06,0.0,0.057714533,0.0,0.0063621914,0.0,0.3235801,0.0,0.06824855,0.0,0.13450113,0.0,0.053868633,0.0,0.07430104,0.0,0.052860525,0.0,0.026010426
0.0,0.0,4.0776707e-29,2.3241082000000003e-22,0.0,3.1616917e-05,0.0,2.0045616e-06,0.0,0.008858034,0.0,0.025620328,0.0,0.40083838,0.0,0.052946717,0.0,0.05714184,0.0,0.039357297,0.0,0.079298005,0.0,0.061100557,0.0,0.054615032
0.0,0.0,3.0830046e-29,4.0309265e-22,0.0,0.021492,0.0,1.0885258e-05,0.0,0.008604068,0.0,0.054091863,0.0,0.4137308,0.0,0.06686575,0.0,0.01248698,0.0,0.08903832,0.0,0.08261392,0.0,0.06403571,0.0,0.057075966
0.0,0.0,1.4524294e-29,1.4661818000000002e-22,0.0,0.014604725,0.0,2.6562234e-06,0.0,0.06370978,0.0,0.15989944,0.0,0.37087175,0.0,0.03946452,0.0,0.6712153,0.0,0.03678884,0.0,0.042367604,0.0,0.035554606,0.0,0.15207848
0.0,0.0,1.0076972e-29,2.7888985e-12,0.0,0.0037783652,0.0,5.71989e-06,0.0,0.035953276,0.0,0.23651825,0.0,0.21984895,0.0,0.13127442,0.0,0.7084569,0.0,0.094064504,0.0,0.05034326,0.0,0.038432267,0.0,0.105953366
0.0,0.0,3.1596596e-30,1.611807e-12,0.0,0.0008275062,0.0,4.5730626e-06,0.0,0.040945,0.0,0.21138972,0.0,0.22521281,0.0,0.11362166,0.0,0.76189387,0.0,0.08952517,0.0,0.11021794,0.0,0.08233023,0.0,0.034770668
0.0,0.0,5.5918675e-31,1.6696331e-12,0.0,0.018087612,0.0,0.028256811,0.0,0.0067606606,0.0,0.20194036,0.0,0.23513618,0.0,0.095433846,0.0,0.78037477,0.0,0.07154889,0.0,0.09014492,0.0,0.07288686,0.0,0.12002981
0.0,0.0,5.656545e-30,5.6331727e-12,0.0,0.044102002,0.0,0.030702556,0.0,0.08362648,0.0,0.15293252,0.0,0.21889098,0.0,0.081966564,0.0,0.79419535,0.0,0.061474357,0.0,0.074042134,0.0,0.060244188,0.0,0.10380261
0.0,0.0,4.3472015e-29,2.2256069e-12,0.0,0.031020002,0.0,0.20519051,0.0,0.02571195,0.0,0.19229327,0.0,0.17291617,0.0,0.07166527,0.0,0.4829216,0.0,0.035299517,0.0,0.02939743,0.0,0.025820557,0.0,0.20573877
0.0,0.0,3.2866912e-29,7.480023e-13,0.0,0.009378645,0.0,0.28182134,0.0,0.09978591,0.0,0.19943203,0.0,0.11749662,0.0,0.16568778,0.0,0.2615404,0.0,0.17662589,0.0,0.08870546,0.0,0.06535123,0.0,0.15708768
0.0,0.0,1.2474990000000001e-29,2.450919e-13,0.0,0.0022353716,0.0,0.31625876,0.0,0.050841734,0.0,0.1353426,0.0,0.05763457,0.0,0.15313248,0.0,0.26782998,0.0,0.12755549,0.0,0.11782603,0.0,0.09272074,0.0,0.11805371
0.0,0.0,7.859618e-30,6.874506e-15,0.0,0.052192092,0.0,0.1992205,0.0,0.00617955,0.0,0.12107943,0.0,0.32750985,0.0,0.13983388,0.0,0.43292543,0.0,0.113078535,0.0,0.0963861,0.0,0.08194797,0.0,0.07483426
0.0,0.0,4.4157392e-26,2.6156255e-15,0.0,0.08837461,0.0,0.36386183,0.0,0.06759257,0.0,0.037117418,0.0,0.2190042,0.0,0.12589689,0.0,0.46877414,0.0,0.099283904,0.0,0.07911165,0.0,0.06625401,0.0,0.2631192
0.0,0.0,4.8225453e-25,9.368733e-16,0.0,0.06768309,0.0,0.31187594,0.0,0.020948334,0.0,0.071998306,0.0,0.26798263,0.0,0.11128958,0.0,0.37055653,0.0,0.08594566,0.0,0.07422533,0.0,0.059882555,0.0,0.30826038
0.0,0.0,4.6226366999999985e-25,4.3176556e-12,0.0,0.054045364,0.0,0.22281541,0.0,0.0452835,0.0,0.048177395,0.0,0.2337629,0.0,0.11560049,0.0,0.26654598,0.0,0.08816595,0.0,0.06535685,0.0,0.052544393,0.0,0.2881935
0.0,0.0,1.3276624e-25,2.820645e-12,0.0,0.044215403,0.0,0.14694215,0.0,0.12495591,0.0,0.061435327,0.0,0.1819564,0.0,0.104506634,0.0,0.25065157,0.0,0.059120484,0.0,0.061457843,0.0,0.04887834,0.0,0.23426104
0.0,0.0,1.4460626e-21,1.6576109e-12,0.0,0.015605608,0.0,0.29897708,0.0,0.1693047,0.0,0.026075201,0.0,0.7274357,0.0,0.17807902,0.0,0.2109087,0.0,0.1467224,0.0,0.0814627,0.0,0.06392603,0.0,0.19498147
0.0,0.0,8.391608999999999e-20,7.7621614e-08,0.0,0.0039084502,0.0,0.43531814,0.0,0.15201673,0.0,0.5471394,0.0,0.4143057,0.0,0.16567042,0.0,0.16372448,0.0,0.14439797,0.0,0.13164261,0.0,0.10261424,0.0,0.1420403
0.0,0.0,6.965822700000002e-16,8.3716394e-08,0.0,0.08959665,0.0,0.29772976,0.0,0.13125584,0.0,0.6671766,0.0,0.2595764,0.0,0.15258126,0.0,0.07324652,0.0,0.12706935,0.0,0.10896416,0.0,0.09285645,0.0,0.09887314
0.0,0.0,6.3155126e-16,3.8309928e-08,0.0,0.10350117,0.0,0.20902522,0.0,0.092372395,0.0,0.5080772,0.0,0.50826204,0.0,0.13841374,0.0,0.021216476,0.0,0.1109876,0.0,0.09655818,0.0,0.081255816,0.0,0.27988687
0.0,0.0,3.9097013000000005e-16,0.006702761,0.0,0.07980694,0.0,0.14338286,0.0,0.04196976,0.0,0.2949677,0.0,0.29478154,0.0,0.12310051,0.0,0.35660517,0.0,0.09659507,0.0,0.081924304,0.0,0.06737249,0.0,0.231498
0.0,0.0,1.539113e-13,0.005949095,0.0,0.057058632,0.0,0.1328634,0.0,0.0078115384,0.0,0.20470278,0.0,0.3162492,0.0,0.107670985,0.0,0.12308162,0.0,0.08434305,0.0,0.068425275,0.0,0.05568742,0.0,0.17297852
0.0,0.0,1.3388712e-13,0.009863584,0.0,0.047981277,0.0,0.07391108,0.0,0.029910628,0.0,0.35240567,0.0,0.29399812,0.0,0.11866692,0.0,0.17069876,0.0,0.08854578,0.0,0.069927506,0.0,0.055183254,0.0,0.14127032
0.0,0.0,1.261966e-13,0.04301141,0.0,0.03771263,0.0,0.024000235,0.0,0.009987261,0.0,0.32049388,0.0,0.16560397,0.0,0.09687668,0.0,0.1380399,0.0,0.0546371,0.0,0.042918142,0.0,0.035225596,0.0,0.10393339
0.0,0.0,1.2591299e-13,0.0071668746,0.0,0.012463958,0.0,0.14687903,0.0,0.034215707,0.0,0.26917368,0.0,0.143047,0.0,0.17125261,0.0,0.09675517,0.0,0.15907559,0.0,0.08411961,0.0,0.06226766,0.0,0.11919087
0.0,0.0,4.5475576e-14,0.0077715092,0.0,0.003072098,0.0,0.14938377,0.0,0.023219055,0.0,0.21000193,0.0,0.13785745,0.0,0.1580182,0.0,0.24930526,0.0,0.13562201,0.0,0.09903443,0.0,0.07710748,0.0,0.043599196
0.0,0.0,4.5373376e-14,0.013867706,0.0,0.041038312,0.0,0.1930027,0.0,0.09950963,0.0,0.14929906,0.0,0.10183418,0.0,0.14360502,0.0,0.18177281,0.0,0.116889864,0.0,0.11249434,0.0,0.089015864,0.0,0.09175923
0.0,0.0,4.5271404e-14,0.038100794,0.0,0.091454595,0.0,0.22765172,0.0,0.031286433,0.0,0.07729865,0.0,0.049456667,0.0,0.12870665,0.0,0.07698499,0.0,0.10180365,0.0,0.0859353,0.0,0.07165546,0.0,0.13920608
0.0,0.0,2.57149e-14,0.005073725,0.0,0.06922512,0.0,0.18624824,0.0,0.009568339,0.0,0.04498653,0.0,0.3215502,0.0,0.11327842,0.0,0.22776793,0.0,0.08771541,0.0,0.07027712,0.0,0.05722418,0.0,0.090640016
0.0,0.0,1.1073836e-11,0.01999841,0.0,0.04739876,0.0,0.1208568,0.0,0.02904277,0.0,0.047719955,0.0,0.31294078,0.0,0.09157124,0.0,0.33845893,0.0,0.09284992,0.0,0.080712736,0.0,0.063187495,0.0,0.20882857
0.0,0.0,8.4901884e-11,0.0055554113,0.0,0.017185519,0.0,0.14679761,0.0,0.04646912,0.0,0.115242966,0.0,0.16979145,0.0,0.16913173,0.0,0.29164186,0.0,0.066834964,0.0,0.055816818,0.0,0.046271726,0.0,0.12413154
0.0,0.0,8.470986e-11,0.025855502,0.0,0.004372007,0.0,0.23563969,0.0,0.0075636753,0.0,0.18392085,0.0,0.11644526,0.0,0.16583529,0.0,0.22345527,0.0,0.14083461,0.0,0.100317165,0.0,0.07757623,0.0,0.068510935
0.0,0.0,7.225653e-11,0.008855131,0.0,0.07783929,0.0,0.21870847,0.0,0.08902104,0.0,0.1463811,0.0,0.054196797,0.0,0.15867886,0.0,0.08336426,0.0,0.14662024,0.0,0.12614943,0.0,0.1013323,0.0,0.14904112
0.0,0.0,3.0889125e-11,0.034850363,0.0,0.10447547,0.0,0.26688588,0.0,0.036542736,0.0,0.14161414,0.0,0.18592781,0.0,0.14822029,0.0,0.021557314,0.0,0.12868717,0.0,0.109394394,0.0,0.0939419,0.0,0.12639333
0.0,0.0,1.32048695e-11,0.0063860873,0.0,0.08507891,0.0,0.24134552,0.0,0.05807602,0.0,0.08369812,0.0,0.105783336,0.0,0.13568148,0.0,0.65329194,0.0,0.112061836,0.0,0.09827339,0.0,0.083302625,0.0,0.28599834
0.0,0.0,1.3175003e-11,0.009318822,0.0,0.06229669,0.0,0.16471311,0.0,0.028674161,0.0,0.02541319,0.0,0.09017772,0.0,0.12054871,0.0,0.3115112,0.0,0.0956897,0.0,0.086349204,0.0,0.07066569,0.0,0.15670285
0.0,0.0,1.1238125e-11,0.025477275,0.0,0.046940062,0.0,0.12379537,0.0,0.025209052,0.0,0.19956565,0.0,0.17800246,0.0,0.105966166,0.0,0.074899964,0.0,0.08224723,0.0,0.067518964,0.0,0.055198874,0.0,0.08864527
0.0,0.0,8.495567e-12,0.021885103,0.0,0.032624323,0.0,0.08969047,0.0,0.054280713,0.0,0.16881348,0.0,0.1411347,0.0,0.07986765,0.0,0.18462534,0.0,0.04540991,0.0,0.055710923,0.0,0.043860395,0.0,0.04333235
0.0,0.0,7.2466204e-12,0.037429713,0.0,0.0101385685,0.0,0.056876022,0.0,0.016352627,0.0,0.12426927,0.0,0.097134,0.0,0.16649894,0.0,0.49912795,0.0,0.28759906,0.0,0.06756022,0.0,0.05149013,0.0,0.19548649
0.0,0.0,4.486002e-12,0.006561906,0.0,0.0024631664,0.0,0.09076532,0.0,0.07250485,0.0,0.0646835,0.0,0.051710837,0.0,0.15845212,0.0,0.55133945,0.0,0.1291817,0.0,0.099597804,0.0,0.07413002,0.0,0.14781652
0.0,0.0,4.4758555e-12,0.0101377,0.0,0.005857014,0.0,0.17368168,0.0,0.022268374,0.0,0.04491779,0.0,0.52568054,0.0,0.14858757,0.0,0.52285594,0.0,0.11662742,0.0,0.09445714,0.0,0.07383903,0.0,0.10289992
0.0,0.0,4.465732e-12,0.028764429,0.0,0.090260856,0.0,0.15941507,0.0,0.034578543,0.0,0.57239276,0.0,0.37768674,0.0,0.13694058,0.0,0.48540366,0.0,0.1061492,0.0,0.08631036,0.0,0.06856027,0.0,0.1337576
0.0,0.0,2.178112e-12,0.021368122,0.0,0.07082779,0.0,0.1289368,0.0,0.029174345,0.0,0.58260906,0.0,0.19471052,0.0,0.1234696,0.0,0.47048393,0.0,0.09287077,0.0,0.07239315,0.0,0.05669094,0.0,0.052765567
0.0,0.0,1.0240494e-12,0.026991747,0.0,0.05066231,0.0,0.10616201,0.0,0.065780394,0.0,0.2883544,0.0,0.16203168,0.0,0.10911477,0.0,0.31978324,0.0,0.08039189,0.0,0.06514324,0.0,0.050095163,0.0,0.013369597
0.0,0.0,4.7986197e-13,0.017693533,0.0,0.038085025,0.0,0.1060112,0.0,0.012701523,0.0,0.14952053,0.0,0.06903413,0.0,0.100895695,0.0,0.1766547,0.0,0.07347492,0.0,0.053349216,0.0,0.04073357,0.0,0.053675365
0.0,0.0,2.0513741e-13,0.043588955,0.0,0.02269979,0.0,0.07752086,0.0,0.06889031,0.0,0.051745616,0.0,0.04746112,0.0,0.05905911,0.0,0.09040329,0.0,0.034558024,0.0,0.03869702,0.0,0.029462999,0.0,0.050851356
0.0,0.0,9.772495e-14,0.009419403,0.0,0.006381237,0.0,0.058296066,0.0,0.03819965,0.0,0.03252486,0.0,0.104776554,0.0,0.17108378,0.0,0.0994355,0.0,0.15971303,0.0,0.061487906,0.0,0.04348695,0.0,0.08498569
0.0,0.0,1.7818402e-14,0.019906651,0.0,0.001485799,0.0,0.08184994,0.0,0.010466532,0.0,0.06237316,0.0,0.17475063,0.0,0.15936467,0.0,0.19681188,0.0,0.13061726,0.0,0.10726613,0.0,0.07844928,0.0,0.18521175
0.0,0.0,4.5241423e-15,0.026210383,0.0,0.00031938907,0.0,0.06483097,0.0,0.032760307,0.0,0.04459271,0.0,0.22687975,0.0,0.14626478,0.0,0.37436032,0.0,0.1140997,0.0,0.09632646,0.0,0.07589646,0.0,0.1108489
0.0,0.0,1.0031269e-11,0.009841479,0.0,0.08901137,0.0,0.17284125,0.0,0.07414655,0.0,0.021016994,0.0,0.2041011,0.0,0.13142693,0.0,0.49679017,0.0,0.09910244,0.0,0.0764801,0.0,0.06055195,0.0,0.08334448
0.0,0.0,2.011105e-11,0.013629268,0.0,0.068870775,0.0,0.19905148,0.0,0.029611561,0.0,0.070395716,0.0,0.27245283,0.0,0.11607807,0.0,0.52677697,0.0,0.085709155,0.0,0.081095934,0.0,0.061075382,0.0,0.07445145
0.0,0.0,1.7154288e-11,0.020965302,0.0,0.047298893,0.0,0.17941724,0.0,0.010094692,0.0,0.026096461,0.0,0.12206709,0.0,0.100591965,0.0,0.41831404,0.0,0.073721975,0.0,0.057056174,0.0,0.044867333,0.0,0.032881822
0.0,0.0,1.4632235e-11,0.013538288,0.0,0.033417955,0.0,0.19142671,0.0,0.05370831,0.0,0.037599236,0.0,0.6386589,0.0,0.08506717,0.0,0.20439348,0.0,0.06252457,0.0,0.049819484,0.0,0.03822068,0.0,0.11056206
0.0,0.0,2.5369954e-12,0.029828558,0.0,0.017571451,0.0,0.20088588,0.0,0.017645972,0.0,0.04230043,0.0,0.3540184,0.0,0.043642983,0.0,0.106580876,0.0,0.02694143,0.0,0.023273436,0.0,0.018498052,0.0,0.12981908
0.0,0.0,4.734932e-13,0.0074395156,0.0,0.0046908744,0.0,0.1425571,0.0,0.059670065,0.0,0.114327826,0.0,0.26256683,0.0,0.16119075,0.0,0.036823515,0.0,0.21726736,0.0,0.08130414,0.0,0.056987844,0.0,0.030866882
0.0,0.0,8.8387434e-14,0.013384382,0.0,0.0010586518,0.0,0.09479104,0.0,0.013180292,0.0,0.12070214,0.0,0.22585759,0.0,0.15428618,0.0,0.03183116,0.0,0.12167237,0.0,0.09151106,0.0,0.068867095,0.0,0.09554574
0.0,0.0,6.557353e-11,0.01665283,0.0,0.0002299926,0.0,0.08567544,0.0,0.039429605,0.0,0.22713266,0.0,0.18441209,0.0,0.14200856,0.0,0.06637296,0.0,0.10790905,0.0,0.07824772,0.0,0.060465794,0.0,0.08777845
0.0,0.0,4.6374935e-11,0.024983145,0.0,0.06600759,0.0,0.034397695,0.0,0.022901325,0.0,0.25776535,0.0,0.14763434,0.0,0.12741128,0.0,0.030299788,0.0,0.09418812,0.0,0.08699822,0.0,0.06429155,0.0,0.018895067
0.0,0.0,1.5933817e-11,0.013336134,0.0,0.060401563,0.0,0.027427979,0.0,0.011424004,0.0,0.24484286,0.0,0.0888529,0.0,0.113768466,0.0,0.124017246,0.0,0.083588384,0.0,0.065612115,0.0,0.051032748,0.0,0.121221155
0.0,0.0,1.589736e-11,0.018150559,0.0,0.042548466,0.0,0.09083521,0.0,0.024750726,0.0,0.1839913,0.0,0.017420137,0.0,0.09916645,0.0,0.23171654,0.0,0.07214109,0.0,0.052044563,0.0,0.039671984,0.0,0.045180548
0.0,0.0,1.5860986e-11,0.019620918,0.0,0.027892735,0.0,0.15550697,0.0,0.021127768,0.0,0.10727494,0.0,0.42485276,0.0,0.0814098,0.0,0.1841667,0.0,0.059933987,0.0,0.057128407,0.0,0.04176924,0.0,0.04554047
0.0,0.0,3.049633e-12,0.0190129,0.0,0.014804384,0.0,0.24114484,0.0,0.02122318,0.0,0.046702046,0.0,0.28379512,0.0,0.04045594,0.0,0.2558804,0.0,0.06680452,0.0,0.04498158,0.0,0.033298768,0.0,0.057226665
0.0,0.0,8.5197355e-13,0.011489428,0.0,0.0038953526,0.0,0.27172253,0.0,0.010888921,0.0,0.013921631,0.0,0.1880697,0.0,0.13050203,0.0,0.25914487,0.0,0.027366795,0.0,0.022418987,0.0,0.017008705,0.0,0.10413921
0.0,0.0,8.500153e-13,0.0073768473,0.0,0.00087310583,0.0,0.16673784,0.0,0.016733006,0.0,0.13295469,0.0,0.14842235,0.0,0.14143805,0.0,0.2243306,0.0,0.12506846,0.0,0.063802324,0.0,0.04375255,0.0,0.04045791
0.0,0.0,6.425535e-13,0.0083891805,0.0,0.00019197617,0.0,0.34634966,0.0,0.019725172,0.0,0.13527884,0.0,0.08406117,0.0,0.13226178,0.0,0.18924634,0.0,0.12196743,0.0,0.0693459,0.0,0.04880003,0.0,0.039148368
0.0,0.0,3.9775648e-13,0.010589396,0.0,0.025965454,0.0,0.31950733,0.0,0.033012334,0.0,0.11477638,0.0,0.089845434,0.0,0.120730765,0.0,0.18504567,0.0,0.09834681,0.0,0.067512386,0.0,0.047962196,0.0,0.07308303
0.0,0.0,1.955981e-11,0.023416623,0.0,0.044885904,0.0,0.22903527,0.0,0.017792802,0.0,0.1420762,0.0,0.07169813,0.0,0.10848717,0.0,0.14813885,0.0,0.08195093,0.0,0.058926724,0.0,0.04323361,0.0,0.07115876
0.0,0.0,3.0300165e-11,0.016570391,0.0,0.031695027,0.0,0.10053502,0.0,0.009906108,0.0,0.11014805,0.0,0.015169489,0.0,0.0935368,0.0,0.081649624,0.0,0.06883249,0.0,0.059246663,0.0,0.04223382,0.0,0.024493271
0.0,0.0,2.2904581e-11,0.027505815,0.0,0.02408297,0.0,0.033321273,0.0,0.041411895,0.0,0.32953689,0.0,0.025890548,0.0,0.07907481,0.0,0.022232294,0.0,0.059617966,0.0,0.038874656,0.0,0.0290243,0.0,0.04604138
0.0,0.0,1.0086794e-11,0.008221172,0.0,0.020468527,0.0,0.023340147,0.0,0.018702105,0.0,0.29054865,0.0,0.38811648,0.0,0.07349174,0.0,0.5116207,0.0,0.051595945,0.0,0.05091389,0.0,0.03536415,0.0,0.10832638
0.0,0.0,5.513225e-12,0.0197569,0.0,0.010897287,0.0,0.021645213,0.0,0.021256853,0.0,0.27376404,0.0,0.30575657,0.0,0.03395015,0.0,0.38024357,0.0,0.023080574,0.0,0.020547505,0.0,0.015600862,0.0,0.10661896
0.0,0.0,1.6570574e-12,0.015980827,0.0,0.0027917991,0.0,0.07528717,0.0,0.016972048,0.0,0.24250941,0.0,0.25077635,0.0,0.12680177,0.0,0.33010864,0.0,0.22993828,0.0,0.036700036,0.0,0.025522608,0.0,0.028465746
0.0,0.0,1.1273955e-12,0.03275242,0.0,0.0006114325,0.0,0.022762854,0.0,0.036922097,0.0,0.22973076,0.0,0.20369439,0.0,0.14465995,0.0,0.2818458,0.0,0.10702221,0.0,0.06505025,0.0,0.0455309,0.0,0.06426135
0.0,0.0,4.540245e-13,0.0058368705,0.0,0.00013429012,0.0,0.00856542,0.0,0.027559161,0.0,0.18459235,0.0,0.20058623,0.0,0.13012488,0.0,0.22095384,0.0,0.094669424,0.0,0.076106705,0.0,0.055415258,0.0,0.054741796
0.0,0.0,3.8725875e-13,0.0041926373,0.0,0.03297113,0.0,0.027227793,0.0,0.009666735,0.0,0.12336791,0.0,0.16906801,0.0,0.11347589,0.0,0.1590185,0.0,0.079700746,0.0,0.05598005,0.0,0.041504066,0.0,0.009891511
0.0,0.0,1.6554215e-13,0.0035608655,0.0,0.041277666,0.0,0.034417424,0.0,0.045194753,0.0,0.3855826,0.0,0.14563626,0.0,0.09724098,0.0,0.13634646,0.0,0.06945346,0.0,0.062003084,0.0,0.044693913,0.0,0.13059378
0.0,0.0,1.6515967e-13,0.002929679,0.0,0.027473234,0.0,0.024313368,0.0,0.005821068,0.0,0.43867618,0.0,0.084565744,0.0,0.08038307,0.0,0.10379431,0.0,0.058533166,0.0,0.040092763,0.0,0.030163165,0.0,0.05129283
0.0,0.0,3.0155227e-14,0.0011695211,0.0,0.020586018,0.0,0.020711191,0.0,0.01735194,0.0,0.48422718,0.0,0.03235118,0.0,0.06874262,0.0,0.026793664,0.0,0.051462144,0.0,0.045651194,0.0,0.032633133,0.0,0.012471532
0.0,0.0,4.7837142e-12,0.00037082582,0.0,0.010558737,0.0,0.029441332,0.0,0.014554808,0.0,0.3829736,0.0,0.35035583,0.0,0.030246256,0.0,0.36210963,0.0,0.017658537,0.0,0.01753541,0.0,0.013809348,0.0,0.10810585
0.0,0.0,6.2107875e-12,0.00014735723,0.0,0.0026706723,0.0,0.020579118,0.0,0.026545353,0.0,0.25278753,0.0,0.35603753,0.0,0.13986018,0.0,0.19493006,0.0,0.109830596,0.0,0.04898836,0.0,0.03402143,0.0,0.038503412
0.0,0.0,3.2592486e-12,4.216183e-05,0.0,0.00058563513,0.0,0.044566397,0.0,0.021352395,0.0,0.18453617,0.0,0.30503356,0.0,0.14411335,0.0,0.14204532,0.0,0.10553134,0.0,0.065545656,0.0,0.04551709,0.0,0.049456734
0.0,0.0,9.349892e-13,0.008156128,0.0,0.00012971477,0.0,0.01988182,0.0,0.025277516,0.0,0.17315733,0.0,0.24999596,0.0,0.12833342,0.0,0.12945949,0.0,0.09222427,0.0,0.063500464,0.0,0.045845065,0.0,0.08411727
0.0,0.0,1.646073e-13,0.008665993,0.0,0.020245096,0.0,0.02594217,0.0,0.018905615,0.0,0.11896567,0.0,0.22121574,0.0,0.11197568,0.0,0.11934896,0.0,0.079897694,0.0,0.063609764,0.0,0.04588472,0.0,0.027932461
0.0,0.0,3.07943e-14,0.017241143,0.0,0.04190543,0.0,0.035870984,0.0,0.024562044,0.0,0.07276387,0.0,0.22842777,0.0,0.09681356,0.0,0.089632854,0.0,0.0685849,0.0,0.045741353,0.0,0.034067273,0.0,0.06795108
0.0,0.0,1.4964975e-14,0.025437362,0.0,0.02743548,0.0,0.031498782,0.0,0.02943664,0.0,0.2925841,0.0,0.1854908,0.0,0.07978179,0.0,0.034900725,0.0,0.05656108,0.0,0.043182686,0.0,0.030912625,0.0,0.1058912
0.0,0.0,2.7263325e-15,0.011458993,0.0,0.018660631,0.0,0.028324123,0.0,0.03170165,0.0,0.305364,0.0,0.01924074,0.0,0.06354763,0.0,0.13997625,0.0,0.049413938,0.0,0.038591884,0.0,0.02734061,0.0,0.04246403
0.0,0.0,8.366074e-13,0.021883093,0.0,0.009257769,0.0,0.02699266,0.0,0.008215706,0.0,0.25673187,0.0,0.4307409,0.0,0.026537066,0.0,0.19604056,0.0,0.01597962,0.0,0.014128268,0.0,0.010983928,0.0,0.023070673
0.0,0.0,3.350787e-13,0.006527609,0.0,0.0023249572,0.0,0.009516749,0.0,0.0039907987,0.0,0.1705381,0.0,0.32195842,0.0,0.12710938,0.0,0.17712367,0.0,0.0825842,0.0,0.04477436,0.0,0.029364925,0.0,0.051447142
0.0,0.0,1.4323394e-13,0.0077307,0.0,0.00051450677,0.0,0.03793122,0.0,0.0038074,0.0,0.1251002,0.0,0.1744757,0.0,0.13926324,0.0,0.12366749,0.0,0.09871502,0.0,0.053939793,0.0,0.03664728,0.0,0.02649337
0.0,0.0,1.2216859e-13,0.00838959,0.0,0.000114483395,0.0,0.022603603,0.0,0.013182039,0.0,0.15356085,0.0,0.18765685,0.0,0.12501675,0.0,0.059685238,0.0,0.08845601,0.0,0.070085615,0.0,0.04895786,0.0,0.060003094
0.0,0.0,2.1821583e-11,0.020895377,0.0,0.006036694,0.0,0.044757675,0.0,0.015004918,0.0,0.15968192,0.0,0.17025508,0.0,0.110535055,0.0,0.07551821,0.0,0.079261996,0.0,0.054707225,0.0,0.040619805,0.0,0.027514152
0.0,0.0,9.708028e-12,0.017378658,0.0,0.037337262,0.0,0.008003696,0.0,0.019800738,0.0,0.11399362,0.0,0.118673965,0.0,0.09310362,0.0,0.045913015,0.0,0.06561628,0.0,0.05970191,0.0,0.041833807,0.0,0.027356785
0.0,0.0,1.6810022e-12,0.016349005,0.0,0.023974577,0.0,0.026527211,0.0,0.016414395,0.0,0.28051457,0.0,0.03970621,0.0,0.07594764,0.0,0.10476427,0.0,0.05475603,0.0,0.036428872,0.0,0.026246676,0.0,0.03437304
0.0,0.0,4.6644555e-10,0.025052901,0.0,0.017599417,0.0,0.06153485,0.0,0.053075403,0.0,0.22237656,0.0,0.48999634,0.0,0.06196261,0.0,0.088771574,0.0,0.044297688,0.0,0.038113132,0.0,0.02649111,0.0,0.026329534
0.0,0.0,4.1828374e-10,0.014255582,0.0,0.008509559,0.0,0.07198964,0.0,0.008962239,0.0,0.10596544,0.0,0.402978,0.0,0.025510835,0.0,0.053195104,0.0,0.062218197,0.0,0.031736948,0.0,0.022677418,0.0,0.02868266
0.0,0.0,2.2900237e-10,0.031083655,0.0,0.0021244532,0.0,0.12408844,0.0,0.029777743,0.0,0.031939156,0.0,0.29779643,0.0,0.104766116,0.0,0.32070962,0.0,0.01951452,0.0,0.020507151,0.0,0.014645634,0.0,0.047028992
0.0,0.0,5.581842e-11,0.0053252014,0.0,0.00046747428,0.0,0.14550145,0.0,0.0040777875,0.0,0.058901183,0.0,0.31844306,0.0,0.12778074,0.0,0.35156137,0.0,0.11301283,0.0,0.03641043,0.0,0.024998011,0.0,0.019462671
0.0,0.0,5.568736e-11,0.0038007812,0.0,0.000104242965,0.0,0.15636665,0.0,0.00511263,0.0,0.12094926,0.0,0.28925478,0.0,0.11659298,0.0,0.31121793,0.0,0.1158021,0.0,0.05488297,0.0,0.037049986,0.0,0.08446317
0.0,0.0,4.2093756e-11,0.004174696,0.0,0.002865252,0.0,0.14453648,0.0,0.014972382,0.0,0.11711907,0.0,0.25706866,0.0,0.104519784,0.0,0.28081784,0.0,0.08731109,0.0,0.0751008,0.0,0.052069295,0.0,0.022809956
0.0,0.0,7.4398526e-12,0.0030291672,0.0,0.03078897,0.0,0.12310353,0.0,0.042448588,0.0,0.4224804,0.0,0.23746586,0.0,0.09043582,0.0,0.24960145,0.0,0.06863074,0.0,0.0533636,0.0,0.03879776,0.0,0.02003411
0.0,0.0,4.2255327e-12,0.0020312124,0.0,0.02258079,0.0,0.05082744,0.0,0.007463423,0.0,0.54225487,0.0,0.2740447,0.0,0.07622626,0.0,0.21560535,0.0,0.060275298,0.0,0.03770416,0.0,0.027476609,0.0,0.074731104
0.0,0.0,2.7040772e-12,0.0008152239,0.0,0.017137693,0.0,0.025041103,0.0,0.018159209,0.0,0.36745405,0.0,0.24884556,0.0,0.062403463,0.0,0.17858362,0.0,0.045026347,0.0,0.03323611,0.0,0.023634125,0.0,0.025757454
0.0,0.0,1.2031687e-12,0.0002749039,0.0,0.018259695,0.0,0.04237052,0.0,0.017302532,0.0,0.13285823,0.0,0.092524976,0.0,0.076909296,0.0,0.1627553,0.0,0.083005376,0.0,0.044150405,0.0,0.0307031,0.0,0.0503075
0.0,0.0,1.2003439e-12,7.304002e-05,0.0,0.010895,0.0,0.06586343,0.0,0.016598754,0.0,0.106602445,0.0,0.018085016,0.0,0.036712825,0.0,0.13625474,0.0,0.027170734,0.0,0.019194774,0.0,0.014611532,0.0,0.060402766
0.0,0.0,4.570067e-13,2.4114815e-05,0.0,0.0027975268,0.0,0.072960496,0.0,0.01698722,0.0,0.06818716,0.0,0.27934995,0.0,0.11955243,0.0,0.17797318,0.0,0.08823032,0.0,0.041708916,0.0,0.028254563,0.0,0.0101982895
0.0,0.0,1.4978864e-13,6.2094873e-06,0.0,0.0006166492,0.0,0.07749712,0.0,0.015818875,0.0,0.083325684,0.0,0.26139098,0.0,0.13339111,0.0,0.26574695,0.0,0.09904699,0.0,0.06245696,0.0,0.041497994,0.0,0.1047044
0.0,0.0,5.7029e-14,1.8726266e-06,0.0,0.00013690112,0.0,0.043326356,0.0,0.026724286,0.0,0.062334295,0.0,0.26007164,0.0,0.11515686,0.0,0.24861154,0.0,0.08276491,0.0,0.052892223,0.0,0.037589684,0.0,0.04647095
0.0,0.0,3.2345783e-14,0.018797144,0.0,0.013303179,0.0,0.050615337,0.0,0.03365537,0.0,0.046285376,0.0,0.19334432,0.0,0.09868721,0.0,0.22150314,0.0,0.07264813,0.0,0.062676914,0.0,0.0457728,0.0,0.018193195
0.0,0.0,1.4752647e-14,0.00558941,0.0,0.031712275,0.0,0.019100936,0.0,0.016322453,0.0,0.2871573,0.0,0.1771621,0.0,0.08145883,0.0,0.20841078,0.0,0.057697155,0.0,0.040351477,0.0,0.0302595,0.0,0.15404332
0.0,0.0,1.1151442e-14,0.008872734,0.0,0.022592355,0.0,0.08366828,0.0,0.017333623,0.0,0.34411618,0.0,0.11361607,0.0,0.066918604,0.0,0.19300564,0.0,0.05455598,0.0,0.046894483,0.0,0.034108117,0.0,0.087731056
0.0,0.0,7.58671e-15,0.0091369385,0.0,0.02048144,0.0,0.04737046,0.0,0.037703212,0.0,0.20303656,0.0,0.039400574,0.0,0.07968545,0.0,0.14469422,0.0,0.050084453,0.0,0.034022767,0.0,0.024500104,0.0,0.05903088
0.0,0.0,6.4708176e-15,0.017766815,0.0,0.012440338,0.0,0.093431026,0.0,0.00916391,0.0,0.108994365,0.0,0.19501635,0.0,0.038970254,0.0,0.08375867,0.0,0.02664968,0.0,0.015734253,0.0,0.012015316,0.0,0.08905397
0.0,0.0,3.3956083e-15,0.05433194,0.0,0.0032163134,0.0,0.1494956,0.0,0.027588017,0.0,0.038886063,0.0,0.20139451,0.0,0.1355939,0.0,0.057173915,0.0,0.08168643,0.0,0.06157466,0.0,0.04137775,0.0,0.02807109
0.0,0.0,3.3876356e-15,0.007183259,0.0,0.00070746185,0.0,0.16979152,0.0,0.03617447,0.0,0.30739927,0.0,0.18383095,0.0,0.13604535,0.0,0.08347309,0.0,0.1056685,0.0,0.06661727,0.0,0.048317008,0.0,0.072719045
0.0,0.0,4.4311852e-13,0.0086787315,0.0,0.00015517804,0.0,0.16467014,0.0,0.015306034,0.0,0.38517252,0.0,0.2225791,0.0,0.118366964,0.0,0.080234796,0.0,0.086502105,0.0,0.058130674,0.0,0.042879373,0.0,0.12992932
0.0,0.0,4.1544069e-13,0.01258029,0.0,0.02772401,0.0,0.18449175,0.0,0.027401526,0.0,0.3245252,0.0,0.20681715,0.0,0.09924785,0.0,0.080354825,0.0,0.07112909,0.0,0.050053425,0.0,0.036338195,0.0,0.06357437
0.0,0.0,4.1446179e-13,0.019226264,0.0,0.035660077,0.0,0.098026,0.0,0.0149485795,0.0,0.28372988,0.0,0.18389045,0.0,0.08367619,0.0,0.1465856,0.0,0.06281468,0.0,0.06664082,0.0,0.047420558,0.0,0.05127919
0.0,0.0,2.1749001e-13,0.017103355,0.0,0.023486387,0.0,0.07657581,0.0,0.02943474,0.0,0.23673956,0.0,0.16286086,0.0,0.06756376,0.0,0.13255864,0.0,0.04770181,0.0,0.037443534,0.0,0.028761318,0.0,0.010373555
0.0,0.0,1.8549889e-13,0.029663071,0.0,0.011326937,0.0,0.059551347,0.0,0.021291438,0.0,0.2597429,0.0,0.25749528,0.0,0.02934104,0.0,0.10132483,0.0,0.040032536,0.0,0.026701272,0.0,0.019622918,0.0,0.081737004
0.0,0.0,8.4505936e-14,0.011218426,0.0,0.0028821488,0.0,0.06557517,0.0,0.04167889,0.0,0.19819994,0.0,0.24391408,0.0,0.13974835,0.0,0.0647643,0.0,0.06954478,0.0,0.04308487,0.0,0.029861879,0.0,0.01884139
0.0,0.0,4.121295e-14,0.032664653,0.0,0.00063069613,0.0,0.062833056,0.0,0.00896728,0.0,0.15177518,0.0,0.22074732,0.0,0.14058346,0.0,0.028002523,0.0,0.1053293,0.0,0.09591972,0.0,0.06881141,0.0,0.036545098
0.0,0.0,2.0099265e-14,0.0062958845,0.0,0.00013816264,0.0,0.038987648,0.0,0.013034453,0.0,0.12657021,0.0,0.19469224,0.0,0.12778297,0.0,0.31912,0.0,0.093716264,0.0,0.08625747,0.0,0.06545858,0.0,0.070997946
0.0,0.0,1.7142817e-14,0.0030518766,0.0,0.041266657,0.0,0.042940684,0.0,0.018716073,0.0,0.15344785,0.0,0.17914167,0.0,0.1136669,0.0,0.3394389,0.0,0.07936891,0.0,0.0642992,0.0,0.048628006,0.0,0.031388253
0.0,0.0,1.32354836e-14,0.0015988764,0.0,0.04416829,0.0,0.061197,0.0,0.02508074,0.0,0.14212075,0.0,0.1341369,0.0,0.098666556,0.0,0.41970593,0.0,0.07041961,0.0,0.049446486,0.0,0.037301168,0.0,0.11387706
0.0,0.0,4.7343335e-15,0.00050364115,0.0,0.030105004,0.0,0.07854577,0.0,0.015535021,0.0,0.102878086,0.0,0.06183807,0.0,0.082604885,0.0,0.37172282,0.0,0.058191407,0.0,0.04134156,0.0,0.030202152,0.0,0.086223885
0.0,0.0,2.484355e-15,0.00016045675,0.0,0.02132792,0.0,0.081652455,0.0,0.033538602,0.0,0.027439823,0.0,0.009855649,0.0,0.07057953,0.0,0.26237622,0.0,0.052523494,0.0,0.044659697,0.0,0.0315142,0.0,0.055379253
0.0,0.0,2.1189253e-15,4.2232423e-05,0.0,0.011066897,0.0,0.106414996,0.0,0.0069771134,0.0,0.2365594,0.0,0.44604287,0.0,0.031611476,0.0,0.21838261,0.0,0.017744323,0.0,0.017343085,0.0,0.013490549,0.0,0.009397139
0.0,0.0,4.66702e-16,0.004836505,0.0,0.0028178953,0.0,0.045792207,0.0,0.010968441,0.0,0.22913288,0.0,0.4016455,0.0,0.14744356,0.0,0.19650134,0.0,0.102348514,0.0,0.05514841,0.0,0.038708344,0.0,0.08442885
0.0,0.0,8.818931000000001e-17,0.018442074,0.0,0.0006138673,0.0,0.07215226,0.0,0.039480425,0.0,0.2508252,0.0,0.36992902,0.0,0.15204524,0.0,0.2346588,0.0,0.11468988,0.0,0.070276484,0.0,0.050858542,0.0,0.017897265
0.0,0.0,2.1100315e-17,0.022413893,0.0,0.00013398472,0.0,0.04245476,0.0,0.009098554,0.0,0.24606407,0.0,0.33253404,0.0,0.1386626,0.0,0.25102672,0.0,0.103117235,0.0,0.07351099,0.0,0.05421045,0.0,0.09367335
0.0,0.0,2.1050598e-17,0.016820611,0.0,0.061788697,0.0,0.016762365,0.0,0.019247862,0.0,0.21729894,0.0,0.2593962,0.0,0.1240654,0.0,0.26550108,0.0,0.09076683,0.0,0.079120785,0.0,0.05871765,0.0,0.032033782
0.0,0.0,3.6255716e-15,0.046169057,0.0,0.05445502,0.0,0.030566063,0.0,0.08226704,0.0,0.19671437,0.0,0.33016285,0.0,0.10824151,0.0,0.26691294,0.0,0.0782648,0.0,0.058562446,0.0,0.045134358,0.0,0.049799986
0.0,0.0,4.557049e-15,0.005786494,0.0,0.03679382,0.0,0.016851742,0.0,0.011223725,0.0,0.17914796,0.0,0.13183688,0.0,0.091946416,0.0,0.22707362,0.0,0.06700122,0.0,0.05151338,0.0,0.03856364,0.0,0.07601441
0.0,0.0,3.100265e-15,0.0062482376,0.0,0.025107795,0.0,0.07990344,0.0,0.049867526,0.0,0.16443399,0.0,0.6519385,0.0,0.07524742,0.0,0.10355249,0.0,0.055203155,0.0,0.051530562,0.0,0.03755119,0.0,0.08732318
0.0,0.0,3.0929338e-15,0.011494559,0.0,0.024263263,0.0,0.07845481,0.0,0.010172688,0.0,0.119087644,0.0,0.44741157,0.0,0.083794415,0.0,0.033149913,0.0,0.06387374,0.0,0.04195747,0.0,0.03157405,0.0,0.020456277
0.0,0.0,1.0626108e-15,0.036885418,0.0,0.014397781,0.0,0.09359238,0.0,0.06980688,0.0,0.3569987,0.0,0.29161704,0.0,0.04250636,0.0,0.04582375,0.0,0.02337023,0.0,0.020598242,0.0,0.01607571,0.0,0.05308767
0.0,0.0,4.2791125000000006e-16,0.006494308,0.0,0.0037745363,0.0,0.121078774,0.0,0.02413535,0.0,0.38655078,0.0,0.1951269,0.0,0.16101015,0.0,0.09963395,0.0,0.13740699,0.0,0.07730658,0.0,0.05443462,0.0,0.009723774
0.0,0.0,1.6291584e-16,0.008849933,0.0,0.0008365922,0.0,0.13770427,0.0,0.045954436,0.0,0.32888404,0.0,0.10243861,0.0,0.15366165,0.0,0.11374392,0.0,0.12134041,0.0,0.08315243,0.0,0.060389977,0.0,0.12475506
0.0,0.0,1.2932436e-16,0.011459546,0.0,0.00018233946,0.0,0.090071864,0.0,0.015041665,0.0,0.23213306,0.0,0.029767735,0.0,0.13935904,0.0,0.061923094,0.0,0.10436345,0.0,0.0749648,0.0,0.056250293,0.0,0.04489612
0.0,0.0,3.8204822e-17,0.03619147,0.0,0.06624076,0.0,0.05337294,0.0,0.0779045,0.0,0.18304126,0.0,0.3493049,0.0,0.12497975,0.0,0.013989174,0.0,0.09328657,0.0,0.07840672,0.0,0.05945068,0.0,0.097976044
0.0,0.0,1.1348976e-15,0.005900485,0.0,0.05795506,0.0,0.028467434,0.0,0.02084317,0.0,0.12659472,0.0,0.34246558,0.0,0.10833575,0.0,0.8264317,0.0,0.078876816,0.0,0.056723878,0.0,0.04354307,0.0,0.14524856
0.0,0.0,1.7949098e-15,0.0052593984,0.0,0.03764172,0.0,0.02074116,0.0,0.018889781,0.0,0.14862679,0.0,0.34098536,0.0,0.091092475,0.0,0.43644968,0.0,0.06519693,0.0,0.048639603,0.0,0.03573825,0.0,0.06557528
0.0,0.0,6.166549e-16,0.0040183375,0.0,0.024804112,0.0,0.063926764,0.0,0.028480275,0.0,0.12074299,0.0,0.048067126,0.0,0.074167125,0.0,0.1814982,0.0,0.05598023,0.0,0.04867355,0.0,0.035334963,0.0,0.010529844
0.0,0.0,4.6611365e-16,0.0020105971,0.0,0.021341056,0.0,0.07045937,0.0,0.012538008,0.0,0.069052055,0.0,0.05434229,0.0,0.07604587,0.0,0.15355855,0.0,0.05260096,0.0,0.035810042,0.0,0.026095012,0.0,0.12447145
0.0,0.0,1.6013687000000002e-16,0.0008053471,0.0,0.0122361,0.0,0.09930512,0.0,0.051943664,0.0,0.17925635,0.0,0.7219859,0.0,0.035899322,0.0,0.15888038,0.0,0.022937285,0.0,0.020059174,0.0,0.014808768,0.0,0.043754518
0.0,0.0,5.5016240000000004e-17,0.00018115401,0.0,0.0031502913,0.0,0.09357525,0.0,0.019731607,0.0,0.2033678,0.0,0.5282424,0.0,0.15323992,0.0,0.16259836,0.0,0.2390877,0.0,0.044317044,0.0,0.029719332,0.0,0.02006204
0.0,0.0,5.04136e-15,6.350437e-05,0.0,0.00069406,0.0,0.08792345,0.0,0.075336725,0.0,0.19336906,0.0,0.3856197,0.0,0.15166242,0.0,0.15455905,0.0,0.116538525,0.0,0.085130855,0.0,0.060505934,0.0,0.04397798
0.0,0.0,6.7774287e-15,2.1049133e-05,0.0,0.00015181367,0.0,0.028726827,0.0,0.027201038,0.0,0.14650075,0.0,0.32576108,0.0,0.13794495,0.0,0.14832847,0.0,0.10338452,0.0,0.07609417,0.0,0.05750796,0.0,0.010670399
0.0,0.0,5.1228337e-15,6.5612235e-06,0.0,0.047061227,0.0,0.07676778,0.0,0.015077071,0.0,0.12072217,0.0,0.33647543,0.0,0.12274834,0.0,0.10922501,0.0,0.09016245,0.0,0.066577084,0.0,0.050201412,0.0,0.14330855
0.0,0.0,3.1708882e-15,2.080614e-06,0.0,0.055075806,0.0,0.043760605,0.0,0.04895508,0.0,0.090954505,0.0,0.296501,0.0,0.107678756,0.0,0.14439413,0.0,0.07844867,0.0,0.07753494,0.0,0.05665391,0.0,0.09415001
0.0,0.0,1.1450639e-15,5.368666e-07,0.0,0.036418933,0.0,0.027318126,0.0,0.017537976,0.0,0.09451857,0.0,0.09444544,0.0,0.0905255,0.0,0.10386174,0.0,0.06539843,0.0,0.04816365,0.0,0.0369608,0.0,0.11644617
0.0,0.0,8.459432e-15,1.5597968e-07,0.0,0.024785826,0.0,0.07826569,0.0,0.037833214,0.0,0.30777073,0.0,0.2410134,0.0,0.07444454,0.0,0.060820054,0.0,0.05614963,0.0,0.053864148,0.0,0.03938884,0.0,0.039156377
0.0,0.0,5.1435796e-15,4.5511072e-08,0.0,0.02195263,0.0,0.028999284,0.0,0.015244284,0.0,0.31759068,0.0,0.21457668,0.0,0.07877284,0.0,0.044807646,0.0,0.05685794,0.0,0.041459594,0.0,0.030972816,0.0,0.08720548
0.0,0.0,2.7289428e-15,0.014695584,0.0,0.01255668,0.0,0.033982493,0.0,0.026868891,0.0,0.30110657,0.0,0.22436467,0.0,0.038195904,0.0,0.032005902,0.0,0.022280736,0.0,0.01851924,0.0,0.01440746,0.0,0.053955983
0.0,0.0,5.2146593e-16,0.017470209,0.0,0.003251301,0.0,0.035104834,0.0,0.018047081,0.0,0.2461405,0.0,0.19419749,0.0,0.14913933,0.0,0.05935566,0.0,0.15683421,0.0,0.07176296,0.0,0.04943027,0.0,0.012014047
0.0,0.0,2.481019e-16,0.043099824,0.0,0.00071511156,0.0,0.056338735,0.0,0.048264492,0.0,0.16256934,0.0,0.16223657,0.0,0.15363574,0.0,0.022327313,0.0,0.12055794,0.0,0.07775256,0.0,0.05664826,0.0,0.13222219
0.0,0.0,6.047122e-17,0.005456027,0.0,0.00015661359,0.0,0.024733115,0.0,0.017874734,0.0,0.098459296,0.0,0.1453238,0.0,0.1395293,0.0,0.42484453,0.0,0.10550322,0.0,0.07280443,0.0,0.055097166,0.0,0.064518295
0.0,0.0,4.113866e-17,0.008470031,0.0,0.050848253,0.0,0.02538034,0.0,0.03875894,0.0,0.041953936,0.0,0.110774815,0.0,0.12433651,0.0,0.322305,0.0,0.09152786,0.0,0.0688164,0.0,0.05126693,0.0,0.06338785
0.0,0.0,2.5463352e-17,0.020505521,0.0,0.053791597,0.0,0.03615763,0.0,0.015920669,0.0,0.011194237,0.0,0.12310471,0.0,0.108684085,0.0,0.25676388,0.0,0.07918951,0.0,0.058189593,0.0,0.043983813,0.0,0.022325391
0.0,0.0,7.712078e-18,0.019946253,0.0,0.03703964,0.0,0.0150622595,0.0,0.0063018454,0.0,0.029202761,0.0,0.049471274,0.0,0.092801675,0.0,0.21222822,0.0,0.06570261,0.0,0.049350135,0.0,0.036523543,0.0,0.11614692
0.0,0.0,6.7683417e-18,0.030671287,0.0,0.025447931,0.0,0.0844435,0.0,0.03797259,0.0,0.25963387,0.0,0.38355055,0.0,0.07625176,0.0,0.17009474,0.0,0.055255946,0.0,0.052289944,0.0,0.03723406,0.0,0.04004093
0.0,0.0,3.843956299999999e-18,0.008947312,0.0,0.018822048,0.0,0.06534807,0.0,0.014729649,0.0,0.2601355,0.0,0.28771278,0.0,0.069470614,0.0,0.15199697,0.0,0.048206836,0.0,0.03422691,0.0,0.025115207,0.0,0.06357253
0.0,0.0,3.8347456e-18,0.011195923,0.0,0.010203567,0.0,0.07403483,0.0,0.028917499,0.0,0.27053136,0.0,0.18340075,0.0,0.03079765,0.0,0.11930153,0.0,0.025128456,0.0,0.0142167425,0.0,0.010906602,0.0,0.14757709
0.0,0.0,4.133679e-14,0.0135601275,0.0,0.0025825463,0.0,0.044428054,0.0,0.0040361118,0.0,0.24049835,0.0,0.17422946,0.0,0.14019509,0.0,0.057778545,0.0,0.080457315,0.0,0.0494094,0.0,0.033332337,0.0,0.06861548
0.0,0.0,3.476432e-14,0.010481101,0.0,0.0005660016,0.0,0.02808947,0.0,0.004901745,0.0,0.22127156,0.0,0.20280598,0.0,0.15057828,0.0,0.03999246,0.0,0.10936766,0.0,0.062656544,0.0,0.04337011,0.0,0.0122901695
0.0,0.0,2.0188214e-14,0.006623296,0.0,0.00012474513,0.0,0.011593483,0.0,0.0114274975,0.0,0.16895716,0.0,0.23598011,0.0,0.13627492,0.0,0.06617205,0.0,0.09687104,0.0,0.06965809,0.0,0.04903454,0.0,0.11393748
0.0,0.0,7.091598e-15,0.014765427,0.0,0.025842203,0.0,0.032461382,0.0,0.029374337,0.0,0.102655604,0.0,0.22966237,0.0,0.12023754,0.0,0.041709434,0.0,0.0858123,0.0,0.060881667,0.0,0.044629183,0.0,0.036891676
0.0,0.0,6.048167e-15,0.01476532,0.0,0.04480632,0.0,0.04241736,0.0,0.003432322,0.0,0.04239249,0.0,0.24616599,0.0,0.10256104,0.0,0.09618942,0.0,0.073889814,0.0,0.057270333,0.0,0.041271448,0.0,0.05189251
0.0,0.0,2.5851698e-15,0.0051946514,0.0,0.028549975,0.0,0.022944175,0.0,0.0011015285,0.0,0.060535207,0.0,0.20449148,0.0,0.084911376,0.0,0.066366866,0.0,0.060628578,0.0,0.039060645,0.0,0.028162168,0.0,0.019491935
0.0,0.0,5.3854e-12,0.0027567823,0.0,0.020612221,0.0,0.027754389,0.0,0.0010777194,0.0,0.033862915,0.0,0.1100338,0.0,0.07044996,0.0,0.028142229,0.0,0.054626282,0.0,0.047837898,0.0,0.033641756,0.0,0.16156246
0.0,0.0,7.414845e-12,0.0012155734,0.0,0.014817514,0.0,0.023395404,0.0,0.0035188769,0.0,0.06641465,0.0,0.10958702,0.0,0.055621903,0.0,0.1418302,0.0,0.04022208,0.0,0.030514255,0.0,0.022471022,0.0,0.093684755
0.0,0.0,7.396903e-12,0.00031786005,0.0,0.006929585,0.0,0.012928098,0.0,0.006847168,0.0,0.044626877,0.0,0.12819602,0.0,0.021479534,0.0,0.31813014,0.0,0.08317766,0.0,0.027298596,0.0,0.01855146,0.0,0.04437932
0.0,0.0,5.032006e-12,8.992428e-05,0.0,0.020324886,0.0,0.04841138,0.0,0.020744562,0.0,0.013990149,0.0,0.11175464,0.0,0.10414292,0.0,0.3653891,0.0,0.029302144,0.0,0.019436797,0.0,0.013420432,0.0,0.020167027
0.0,0.0,5.01983e-12,2.442254e-05,0.0,0.005875622,0.0,0.018412717,0.0,0.012852695,0.0,0.19703963,0.0,0.077167615,0.0,0.13952774,0.0,0.3343308,0.0,0.0678224,0.0,0.030456416,0.0,0.0200616,0.0,0.09139771
0.0,0.0,5.0076835e-12,6.501004e-06,0.0,0.0013932962,0.0,0.04293012,0.0,0.023438815,0.0,0.20129766,0.0,0.15195686,0.0,0.12676035,0.0,0.28238744,0.0,0.10120961,0.0,0.05761426,0.0,0.038229257,0.0,0.029748606
0.0,0.0,4.9955665e-12,1.7637227e-06,0.0,0.00030880063,0.0,0.014494971,0.0,0.0042836056,0.0,0.16786616,0.0,0.06620105,0.0,0.1130005,0.0,0.20607749,0.0,0.08840637,0.0,0.067958795,0.0,0.046190124,0.0,0.031255223
0.0,0.0,4.9834785e-12,4.4972714e-07,0.0,6.9362715e-05,0.0,0.030282067,0.0,0.005305021,0.0,0.11183611,0.0,0.06520236,0.0,0.09707046,0.0,0.12746653,0.0,0.0723807,0.0,0.047604747,0.0,0.03367807,0.0,0.059950087
0.0,0.0,4.250177e-12,1.3006704e-07,0.0,0.023067268,0.0,0.03451648,0.0,0.013595966,0.0,0.062067255,0.0,0.044539303,0.0,0.08279136,0.0,0.12700808,0.0,0.06501566,0.0,0.04986164,0.0,0.034368277,0.0,0.051619362
0.0,0.0,1.0358966e-12,2.7347062e-08,0.0,0.019027023,0.0,0.01896608,0.0,0.01113646,0.0,0.015059072,0.0,0.0632171,0.0,0.066468,0.0,0.12186734,0.0,0.046332557,0.0,0.029174957,0.0,0.020364849,0.0,0.036093038
0.0,0.0,4.1713066e-13,7.1656636e-09,0.0,0.012849589,0.0,0.017642796,0.0,0.018484702,0.0,0.20483436,0.0,0.03416287,0.0,0.052214388,0.0,0.09267903,0.0,0.074452,0.0,0.024830999,0.0,0.016480999,0.0,0.040303573
0.0,0.0,4.1612132e-13,1.7832447e-09,0.0,0.010220729,0.0,0.01977614,0.0,0.01086631,0.0,0.20589808,0.0,0.20764367,0.0,0.04789016,0.0,0.05304114,0.0,0.04314561,0.0,0.01765427,0.0,0.011877388,0.0,0.022698263
0.0,0.0,3.548905e-13,0.0020377818,0.0,0.004810316,0.0,0.026255447,0.0,0.01889033,0.0,0.1315903,0.0,0.19106062,0.0,0.017134035,0.0,0.08466926,0.0,0.0409605,0.0,0.022008058,0.0,0.013632362,0.0,0.024329962
0.0,0.0,7.754001e-14,0.00047307689,0.0,0.013292409,0.0,0.006366013,0.0,0.011623349,0.0,0.064378746,0.0,0.119031,0.0,0.07698891,0.0,0.09150825,0.0,0.03058909,0.0,0.014204992,0.0,0.009296616,0.0,0.050407033
0.0,0.0,3.913492e-13,9.787147e-05,0.0,0.0036688696,0.0,0.014475808,0.0,0.013120687,0.0,0.013214645,0.0,0.040868584,0.0,0.1342192,0.0,0.051616773,0.0,0.034726795,0.0,0.013912169,0.0,0.009061949,0.0,0.022762477
0.0,0.0,5.2754323e-13,2.2581857e-05,0.0,0.0008374477,0.0,0.011073705,0.0,0.014882668,0.0,0.025260793,0.0,0.033155683,0.0,0.116273075,0.0,0.1306314,0.0,0.087157734,0.0,0.043094292,0.0,0.025897963,0.0,0.040463757
0.0,0.0,2.2548346e-13,6.1817304e-06,0.0,0.00019012026,0.0,0.011893754,0.0,0.0042147217,0.0,0.0107642785,0.0,0.114645004,0.0,0.09614342,0.0,0.104643784,0.0,0.072687715,0.0,0.046153475,0.0,0.029056655,0.0,0.020624777
0.0,0.0,9.079607e-14,8.468088e-07,0.0,4.353911e-05,0.0,0.028745951,0.0,0.005251218,0.0,0.053108916,0.0,0.07335217,0.0,0.07812971,0.0,0.08655865,0.0,0.06491178,0.0,0.032188155,0.0,0.020997562,0.0,0.021730388
0.0,0.0,1.9192613e-14,5.0724384e-07,0.0,9.927129e-06,0.0,0.012920497,0.0,0.008864516,0.0,0.037553478,0.0,0.022664474,0.0,0.061681252,0.0,0.036936603,0.0,0.040901892,0.0,0.02224222,0.0,0.014176657,0.0,0.0141372485
0.0,0.0,3.0429047e-13,3.910136e-08,0.0,0.010315167,0.0,0.011007697,0.0,0.0059839217,0.0,0.01866866,0.0,0.11680881,0.0,0.04689261,0.0,0.016048787,0.0,0.08492737,0.0,0.017734889,0.0,0.011361025,0.0,0.038438678
0.0,0.0,2.535973e-12,7.3715305e-09,0.0,0.0074707605,0.0,0.02282796,0.0,0.0026722965,0.0,0.05036048,0.0,0.059623495,0.0,0.035512045,0.0,0.3143224,0.0,0.04673093,0.0,0.017665552,0.0,0.011143864,0.0,0.012419001
0.0,0.0,2.1627771e-12,1.6346018e-09,0.0,0.0048229834,0.0,0.010652407,0.0,0.0017209098,0.0,0.029525157,0.0,0.016504955,0.0,0.02527753,0.0,0.124085926,0.0,0.023914723,0.0,0.0084809,0.0,0.0054534213,0.0,0.023601547
0.0,0.0,2.157508e-12,6.042956e-09,0.0,0.0061223917,0.0,0.015155806,0.0,0.0010991406,0.0,0.01746654,0.0,0.22281541,0.0,0.040562842,0.0,0.031065963,0.0,0.025566174,0.0,0.013021304,0.0,0.007417919,0.0,0.013603322
0.0,0.0,7.070839e-13,6.880404e-09,0.0,0.003155936,0.0,0.026673513,0.0,0.0006546023,0.0,0.045602556,0.0,0.12905939,0.0,0.013536586,0.0,0.093382105,0.0,0.036224067,0.0,0.008546137,0.0,0.0053363554,0.0,0.025613144
0.0,0.0,7.053612e-13,2.6046074e-09,0.0,0.0027586448,0.0,0.01962984,0.0,0.0006556033,0.0,0.013808854,0.0,0.069311254,0.0,0.017548924,0.0,0.05984711,0.0,0.008799727,0.0,0.0030585292,0.0,0.0019867823,0.0,0.0177479
0.0,0.0,3.2130884e-13,9.972063e-10,0.0,0.0007013031,0.0,0.019013638,0.0,0.0012533214,0.0,0.053739652,0.0,0.03105556,0.0,0.102345854,0.0,0.024020996,0.0,0.05535101,0.0,0.017030885,0.0,0.009152042,0.0,0.0227622
0.0,0.0,2.185781e-13,1.2618634e-10,0.0,0.000164729,0.0,0.01274667,0.0,0.0018092783,0.0,0.032931384,0.0,0.063194595,0.0,0.0792087,0.0,0.15975903,0.0,0.042335924,0.0,0.021061745,0.0,0.011950098,0.0,0.018155947
0.0,0.0,2.1804558e-13,7.964898e-11,0.0,3.8498107e-05,0.0,0.015103683,0.0,0.0032699236,0.0,0.01405687,0.0,0.030895308,0.0,0.059457682,0.0,0.064089864,0.0,0.059031937,0.0,0.017346276,0.0,0.010222396,0.0,0.040311042
0.0,0.0,1.2383002e-13,5.6037095e-11,0.0,8.999645e-06,0.0,0.0071108732,0.0,0.003788306,0.0,0.008863874,0.0,0.07316076,0.0,0.043112453,0.0,0.012262011,0.0,0.029471483,0.0,0.012988443,0.0,0.0074238842,0.0,0.0057365233
0.0,0.0,1.2352833e-13,9.879654e-12,0.0,2.1115904e-06,0.0,0.00805843,0.0,0.0057133036,0.0,0.056807846,0.0,0.058432594,0.0,0.030971562,0.0,0.27081296,0.0,0.0260962,0.0,0.008764647,0.0,0.004879765,0.0,0.00598132
0.0,0.0,2.9258954e-14,1.0031762e-15,0.0,5.0095946e-07,0.0,0.004100749,0.0,0.0021255964,0.0,0.04082212,0.0,0.019953743,0.0,0.020716451,0.0,0.12006599,0.0,0.012081609,0.0,0.0049381205,0.0,0.0027136416,0.0,0.004213318
0.0,0.0,2.4953182e-14,2.73308e-13,0.0,0.0001297008,0.0,0.0034052106,0.0,0.0012349183,0.0,0.023732018,0.0,0.09094603,0.0,0.014673012,0.0,0.01864813,0.0,0.036863998,0.0,0.0035223074,0.0,0.0019627472,0.0,0.0025068382
0.0,0.0,1.004788e-14,4.0917822e-17,0.0,0.0013085253,0.0,0.00316688,0.0,0.00031364022,0.0,0.008139012,0.0,0.026592685,0.0,0.00941353,0.0,0.18300718,0.0,0.013505734,0.0,0.0020811413,0.0,0.0011423263,0.0,0.0008893723
0.0,0.0,4.0459727e-15,6.033664e-18,0.0,0.0010679009,0.0,0.0025140028,0.0,7.1824565e-05,0.0,0.006723818,0.0,0.03839517,0.0,0.00923963,0.0,0.054352056,0.0,0.009715387,0.0,0.001723392,0.0,0.0009036638,0.0,0.00023431258
0.0,0.0,4.0361154e-15,4.0733204e-07,0.0,0.0004495626,0.0,0.0013341643,0.0,4.2176795e-05,0.0,0.041995946,0.0,0.030241027,0.0,0.0022931937,0.0,0.06366207,0.0,0.039552726,0.0,0.004180359,0.0,0.0020563365,0.0,5.487527e-05
0.0,0.0,9.91696e-16,9.347256e-08,0.0,0.00014991239,0.0,0.00021716364,0.0,1.2105426e-05,0.0,0.030664358,0.0,0.026354812,0.0,0.0005389776,0.0,0.009614916,0.0,0.010801803,0.0,0.0015399852,0.0,0.00089151465,0.0,1.3714476e-05
0.0,0.0,4.637192e-16,1.3086356e-08,0.0,0.001792966,0.0,2.921613e-05,0.0,2.3866405e-06,0.0,0.010888603,0.0,0.032934573,0.0,0.02016754,0.0,0.13644198,0.0,0.009660077,0.0,0.0004301593,0.0,0.00028197735,0.0,3.4635054e-06
0.0,0.0,2.3162563000000003e-16,2.4694558e-09,0.0,0.00049486937,0.0,6.108885e-07,0.0,5.260618e-07,0.0,0.023177905,0.0,0.014030045,0.0,0.044736594,0.0,0.026515624,0.0,0.007333913,0.0,0.0018332921,0.0,0.0009303524,0.0,8.576217e-07
0.0,0.0,3.510272e-14,4.931604e-10,0.0,0.000121844416,0.0,1.9651627e-07,0.0,1.5250349e-07,0.0,0.005117698,0.0,0.082850486,0.0,0.02879369,0.0,0.084302284,0.0,0.034507554,0.0,0.0043419246,0.0,0.0019988166,0.0,1.9970597e-07
0.0,0.0,3.377556e-14,7.1905606e-11,0.0,2.9798224e-05,0.0,3.9438472e-08,0.0,3.0297084e-08,0.0,0.0013939544,0.0,0.027681163,0.0,0.019769564,0.0,0.020703247,0.0,0.0145863285,0.0,0.004771364,0.0,0.002389522,0.0,5.8491395e-08
0.0,0.0,1.6162143e-11,1.34309066e-11,0.0,7.3078277e-06,0.0,1.2987003e-07,0.0,6.3185444e-09,0.0,0.00095843006,0.0,0.026522882,0.0,0.012771234,0.0,0.11470745,0.0,0.024087906,0.0,0.0024861202,0.0,0.0012748092,0.0,1.667262e-08
0.0,0.0,1.5136581e-10,3.472369e-12,0.0,1.8186702e-06,0.0,3.4029043e-08,0.0,1.4698319e-09,0.0,0.0010096603,0.0,0.013408911,0.0,0.007684172,0.0,0.027416294,0.0,0.005851094,0.0,0.0012905089,0.0,0.000643638,0.0,4.750745e-09
0.0,0.0,1.5099395e-10,6.221554e-13,0.0,4.5804936e-07,0.0,5.4229683e-09,0.0,4.1052806e-10,0.0,0.00053565175,0.0,0.055602558,0.0,0.0049428316,0.0,0.050015595,0.0,0.010190503,0.0,0.0007897378,0.0,0.00039070562,0.0,1.9904383e-09
0.0,0.0,1.5749185e-10,1.4785707e-13,0.0,1.1177015e-07,0.0,7.115875e-09,0.0,0.00056402845,0.0,0.0009823464,0.0,0.0688223,0.0,0.0040402333,0.0,0.0510647,0.0,0.017935023,0.0,0.0009856828,0.0,0.0005655829,0.0,9.03339e-07
0.0,0.0,1.1903419e-10,2.3151821e-14,0.0,2.5836602e-08,0.0,8.215784e-09,0.0,0.0032138051,0.0,0.00068161485,0.0,0.023331566,0.0,0.002699714,0.0,0.036938377,0.0,0.0029936847,0.0,0.0007945231,0.0,0.00048906193,0.0,1.6320298e-06
0.0,0.0,1.01514935e-10,5.2380945e-15,0.0,0.0011440167,0.0,4.7004335e-07,0.0,0.0016969071,0.0,0.005387737,0.0,0.0056236936,0.0,0.014527248,0.0,0.027935376,0.0,0.016425561,0.0,0.0028441623,0.0,0.001559548,0.0,6.459041e-07
0.0,0.0,1.0126553e-10,1.1641987e-15,0.0,0.0007722876,0.0,3.0687153e-07,0.0,0.0014221823,0.0,0.004646661,0.0,0.08058584,0.0,0.0037119493,0.0,0.07200999,0.0,0.022573907,0.0,0.006506278,0.0,0.0036262623,0.0,3.750949e-07
0.0,0.0,4.6127914e-11,2.4320666e-16,0.0,0.00026917542,0.0,4.8349733e-07,0.0,0.0025008654,0.0,0.0013896717,0.0,0.031285986,0.0,0.0008511169,0.0,0.016152589,0.0,0.021286646,0.0,0.006903549,0.0,0.0038345174,0.0,3.301518e-07
0.0,0.0,3.4864018e-11,5.4339940000000004e-17,0.0,6.563521e-05,0.0,6.632922e-07,0.0,0.0008173778,0.0,0.00036413045,0.0,0.011604426,0.0,0.031595886,0.0,0.21479468,0.0,0.026760846,0.0,0.005182574,0.0,0.002820587,0.0,4.766466e-07
0.0,0.0,2.9732793e-11,9.5386126e-18,0.0,1.5644897e-05,0.0,5.461478e-07,0.0,0.00024640892,0.0,0.00010782379,0.0,0.10841153,0.0,0.02085786,0.0,0.07421376,0.0,0.01133449,0.0,0.0035180317,0.0,0.0018508387,0.0,2.964126e-07
0.0,0.0,2.9659743e-11,1.8041303e-18,0.0,3.715972e-06,0.0,1.1564062e-07,0.0,0.0001807759,0.0,2.785874e-05,0.0,0.040528357,0.0,0.0133360475,0.0,0.019608047,0.0,0.04277932,0.0,0.003230693,0.0,0.0017827998,0.0,3.145596e-07
0.0,0.0,2.9586875e-11,4.1362833e-19,0.0,8.784536e-07,0.0,1.381438e-08,0.0,0.00017467773,0.0,8.576752e-06,0.0,0.028052554,0.0,0.008459123,0.0,0.16639353,0.0,0.014587071,0.0,0.0022018151,0.0,0.0012533653,0.0,1.5373669e-07
0.0,0.0,2.9514183e-11,2.4961268e-19,0.0,2.0853604e-07,0.0,5.7278456e-08,0.0,0.00011073562,0.0,3.480936e-06,0.0,0.00879629,0.0,0.005016101,0.0,0.055589925,0.0,0.015786393,0.0,0.0012202739,0.0,0.000697338,0.0,5.961193e-08
0.0,0.0,2.944167e-11,1.1126436e-20,0.0,4.96292e-08,0.0,1.7537163e-08,0.0,5.8160284e-05,0.0,1.1171779e-06,0.0,0.086841375,0.0,0.0029575396,0.0,0.025426872,0.0,0.005285194,0.0,0.00068406435,0.0,0.0003967107,0.0,2.486775e-08
0.0,0.0,2.5108497e-11,1.9264962e-21,0.0,1.1866922e-08,0.0,6.5670216e-09,0.0,3.6492136e-05,0.0,4.106595e-07,0.0,0.027526602,0.0,0.0017073432,0.0,0.06789473,0.0,0.020714212,0.0,0.00034539256,0.0,0.00019241667,0.0,9.013588e-09
0.0,0.0,2.504681e-11,6.841201e-21,0.0,1.2578115e-05,0.0,1.9191355e-06,0.0,3.5611953e-05,0.0,0.0012824071,0.0,0.012933467,0.0,0.0009559464,0.0,0.029326541,0.0,0.003665398,0.0,0.00016205646,0.0,8.6461085e-05,0.0,2.8173157e-09
0.0,0.0,2.4985274e-11,5.8381627e-23,0.0,6.274133e-05,0.0,1.2517603e-07,0.0,2.5703153e-05,0.0,0.001476927,0.0,0.054379568,0.0,0.00052593555,0.0,0.023352345,0.0,0.01160639,0.0,8.328556e-05,0.0,4.2604708e-05,0.0,1.0728144e-09
0.0,0.0,1.031019e-11,1.136077e-05,0.0,0.00046007257,0.0,2.7334853e-08,0.0,2.630499e-05,0.0,0.0007818043,0.0,0.02582389,0.0,0.0062931566,0.0,0.08771784,0.0,0.0037811226,0.0,0.0005957774,0.0,0.00025579493,0.0,5.458663e-10
0.0,0.0,1.028486e-11,2.8650572e-06,0.0,0.00086948345,0.0,4.367997e-09,0.0,2.40293e-05,0.0,0.0010380802,0.0,0.006307823,0.0,0.01214267,0.0,0.015427725,0.0,0.010297286,0.0,0.0012404289,0.0,0.0005317063,0.0,3.3808145e-10
0.0,0.0,8.771151e-12,4.8535526e-07,0.0,0.00041203102,0.0,3.615682e-10,0.0,2.284419e-05,0.0,0.00035198385,0.0,0.01307585,0.0,0.0032202983,0.0,0.089825064,0.0,0.011962146,0.0,0.001242712,0.0,0.0005246187,0.0,2.1471393e-10
0.0,0.0,4.602223e-12,8.485872e-08,0.0,0.00015072305,0.0,2.8295336e-10,0.0,2.0760766e-05,0.0,0.0004066794,0.0,0.016298002,0.0,0.00079339196,0.0,0.017268987,0.0,0.010369421,0.0,0.0011385853,0.0,0.00048643744,0.0,5.2617656e-07
0.0,0.0,8.7320033e-13,1.1464104e-08,0.0,4.766028e-05,0.0,1.8922665e-10,0.0,1.7051121e-05,0.0,0.00027552232,0.0,0.009442888,0.0,0.00019880355,0.0,0.04572478,0.0,0.0065490063,0.0,0.0007390669,0.0,0.0003195404,0.0,7.2305795e-07
0.0,0.0,1.5296336e-13,1.889801e-09,0.0,1.4633839e-05,0.0,1.3248692e-10,0.0,6.6754637e-06,0.0,0.00093040266,0.0,0.03969418,0.0,4.947159e-05,0.0,0.012706372,0.0,0.0072011305,0.0,0.00042171867,0.0,0.00017951481,0.0,3.633182e-07
0.0,0.0,9.634947e-14,4.1686896e-10,0.0,3.908845e-06,0.0,1.06594476e-10,0.0,1.9477902e-06,0.0,0.0006211621,0.0,0.004146533,0.0,0.0027013116,0.0,0.061730735,0.0,0.009602451,0.0,0.00029080408,0.0,0.00012664661,0.0,2.973011e-07
0.0,0.0,9.6112754e-14,1.0174801e-10,0.0,1.0144353e-06,0.0,7.977061e-11,0.0,5.468218e-07,0.0,0.00082964706,0.0,0.004997005,0.0,0.0015425079,0.0,0.0116779655,0.0,0.0045464938,0.0,0.00016589217,0.0,6.982572e-05,0.0,1.4614302e-07
0.0,0.0,9.587662e-14,1.5792628e-11,0.0,2.643063e-07,0.0,3.4745436e-11,0.0,1.4947909e-07,0.0,0.00045088682,0.0,0.021253498,0.0,0.0008663822,0.0,0.049473867,0.0,0.0061795223,0.0,9.444495e-05,0.0,4.0033057e-05,0.0,8.414532e-08
0.0,0.0,9.5641065e-14,3.887968e-12,0.0,6.864957e-08,0.0,4.3581068e-12,0.0,4.2541615e-08,0.0,0.00075411843,0.0,0.013259641,0.0,0.0005530387,0.0,0.017290708,0.0,0.007873575,0.0,6.2563275e-05,0.0,2.7080414e-05,0.0,1.6862883e-08
0.0,0.0,9.540609e-14,4.7963754e-13,0.0,1.7562524e-08,0.0,5.9595514e-12,0.0,9.070034e-09,0.0,0.0005893228,0.0,0.020148953,0.0,0.00035390852,0.0,0.061563525,0.0,0.00440267,0.0,4.2828175e-05,0.0,1.8975821e-05,0.0,3.3219898e-09
0.0,0.0,9.5171694e-14,1.07086716e-13,0.0,4.4991366e-09,0.0,9.53277e-13,0.0,1.8242792e-09,0.0,0.00022540333,0.0,0.0050930637,0.0,0.00022000786,0.0,0.015574888,0.0,0.0038023316,0.0,2.2022386e-05,0.0,9.279657e-06,0.0,5.892005e-10
0.0,0.0,5.4047743e-14,1.9688581e-14,0.0,1.1668129e-09,0.0,4.7263067e-13,0.0,4.5854304e-10,0.0,0.0004622374,0.0,0.013564056,0.0,0.00014863333,0.0,0.060156967,0.0,0.0021505982,0.0,1.4874263e-05,0.0,6.2747977e-06,0.0,1.03404896e-10
0.0,0.0,5.3914958e-14,3.1035323e-15,0.0,3.0186786e-10,0.0,1.7295402e-13,0.0,8.2811806e-11,0.0,0.00026440457,0.0,0.033675928,0.0,0.000113249924,0.0,0.011027576,0.0,0.0012852902,0.0,1.0746226e-05,0.0,4.429085e-06,0.0,1.8312797e-11
0.0,0.0,5.3782496e-14,5.831982e-16,0.0,7.748031e-11,0.0,6.2294896e-14,0.0,1.7900974e-11,0.0,0.00010531942,0.0,0.0065130824,0.0,9.282023e-05,0.0,0.056762233,0.0,0.002348572,0.0,9.298116e-06,0.0,3.8443095e-06,0.0,3.5057836e-12
0.0,0.0,5.3650362e-14,1.1462471000000002e-16,0.0,1.9767616e-11,0.0,3.2924506e-14,0.0,3.6003808e-12,0.0,3.984643e-05,0.0,0.028357973,0.0,0.0011292556,0.0,0.008311989,0.0,0.0038835143,0.0,7.628698e-05,0.0,2.7620177e-05,0.0,6.801916e-13
0.0,0.0,5.3518554e-14,2.4711086000000002e-17,0.0,5.019838e-12,0.0,5.876209e-15,0.0,1.0561168e-12,0.0,9.327719e-06,0.0,0.003540592,0.0,0.0016910072,0.0,0.05296636,0.0,0.004559068,0.0,0.000108624125,0.0,3.859123e-05,0.0,1.2271945e-13
0.0,0.0,5.3387067e-14,7.9857886e-18,0.0,1.2733853e-12,0.0,2.3319696e-15,0.0,2.3839882e-13,0.0,2.7507106e-06,0.0,0.009051152,0.0,0.001297182,0.0,0.0099832555,0.0,0.008571764,0.0,0.00012056133,0.0,4.9219816e-05,0.0,2.4731021e-14
0.0,0.0,4.5529647e-14,5.6761826e-19,0.0,1.5338552e-05,0.0,4.1668068e-16,0.0,3.8195033e-14,0.0,1.0044499e-06,0.0,0.044905797,0.0,0.0008273181,0.0,0.06158732,0.0,0.0050521987,0.0,9.964182e-05,0.0,4.417996e-05,0.0,5.041479e-15
0.0,0.0,2.5030478e-14,1.0277788e-19,0.0,3.845947e-05,0.0,1.5952737e-16,0.0,7.30751e-15,0.0,5.039025e-07,0.0,0.0063624047,0.0,0.00048807153,0.0,0.0075684427,0.0,0.008067693,0.0,6.0607774e-05,0.0,2.6548923e-05,0.0,9.023428e-16
0.0,0.0,1.1711392e-14,1.9910575e-20,0.0,2.71209e-05,0.0,2.1763550000000006e-17,0.0,1.2163959e-15,0.0,1.868956e-07,0.0,0.01655972,0.0,0.00030381145,0.0,0.016037822,0.0,0.004928463,0.0,3.931228e-05,0.0,1.7618404e-05,0.0,1.7158499e-16
0.0,0.0,1.1682619e-14,2.4845751e-21,0.0,1.725965e-05,0.0,2.394439e-18,0.0,2.5644124e-16,0.0,5.549075e-08,0.0,0.022602957,0.0,0.00020146558,0.0,0.050960522,0.0,0.007286187,0.0,2.5924095e-05,0.0,1.1838931e-05,0.0,3.387162e-17
0.0,0.0,1.1653916e-14,4.530477400000002e-22,0.0,1.1858686e-05,0.0,6.8258737e-19,0.0,4.705991000000001e-17,0.0,2.0976245e-08,0.0,0.010962499,0.0,0.00014206587,0.0,0.018168783,0.0,0.004600929,0.0,1.714715e-05,0.0,7.760394e-06,0.0,6.625823e-11
0.0,0.0,1.1625285e-14,9.642158000000001e-23,0.0,9.069829e-06,0.0,2.8919382e-19,0.0,1.1734952399999998e-17,0.0,7.766095e-09,0.0,0.052341588,0.0,0.000107925625,0.0,0.041360985,0.0,0.0134479515,0.0,1.3795749e-05,0.0,6.2003364e-06,0.0,3.0922526e-10
0.0,0.0,1.1596724e-14,2.5999669e-23,0.0,7.996645e-06,0.0,5.749991599999999e-20,0.0,2.2597836e-18,0.0,2.5816267e-09,0.0,0.008876888,0.0,9.071088e-05,0.0,0.027202787,0.0,0.0012514729,0.0,1.1411885e-05,0.0,5.1574557e-06,0.0,3.9514256e-10
0.0,0.0,9.889937e-15,4.5381176e-24,0.0,6.8469853e-06,0.0,8.644171e-13,0.0,4.6282425e-19,0.0,7.6344114e-10,0.0,0.0060354783,0.0,7.837893e-05,0.0,0.022784444,0.0,0.0010715451,0.0,9.429542e-06,0.0,4.1786516e-06,0.0,2.415693e-10
0.0,0.0,8.434353e-15,6.3277772e-25,0.0,6.048852e-06,0.0,4.8864396e-13,0.0,1.1402707e-19,0.0,0.00029214562,0.0,0.007461371,0.0,7.0243164e-05,0.0,0.04524371,0.0,0.0007306303,0.0,0.0010946365,0.0,0.00043029402,0.0,4.983829e-09
0.0,0.0,8.413632e-15,1.3082087e-24,0.0,5.502826e-06,0.0,4.6790787e-12,0.0,2.8293224999999997e-20,0.0,5.795612e-05,0.0,0.017437082,0.0,6.731507e-05,0.0,0.024894014,0.0,0.00043667373,0.0,0.0006547292,0.0,0.0002848157,0.0,4.1973065e-09
0.0,0.0,8.392961e-15,2.5445985e-25,0.0,1.5369671e-05,0.0,1.9178571e-12,0.0,4.757401e-21,0.0,1.037258e-05,0.0,0.009971866,0.0,0.00032720694,0.0,0.01635261,0.0,0.00022172801,0.0,0.00016420883,0.0,8.907522e-05,0.0,1.6066138e-09
0.0,0.0,3.122244e-15,1.2337757e-26,0.0,8.563067e-06,0.0,2.13473e-13,0.0,8.105569300000001e-22,0.0,1.42291e-05,0.0,0.0236,0.0,8.06534e-05,0.0,0.034947723,0.0,0.00021519506,0.0,0.00016244828,0.0,6.859135e-05,0.0,5.7104743e-10
0.0,0.0,1.3707531e-15,8.153997e-27,0.0,3.252643e-06,0.0,1.5576898e-13,0.0,1.327107e-22,0.0,4.374997e-06,0.0,0.003821548,0.0,2.0096444e-05,0.0,0.005360121,0.0,0.00019226105,0.0,6.861037e-05,0.0,3.4016353e-05,0.0,1.8935767e-10
0.0,0.0,1.169008e-15,3.966969e-28,0.0,1.1375896e-06,0.0,1.8048944e-13,0.0,2.4580417e-23,0.0,1.5708913e-06,0.0,0.008523389,0.0,4.8199195e-06,0.0,0.013588405,0.0,0.00015535478,0.0,4.9493818e-05,0.0,2.3580422e-05,0.0,5.654336e-11
0.0,0.0,1.1661359e-15,2.1657768000000003e-27,0.0,3.2525372e-06,0.0,1.0215956e-10,0.0,4.1678697e-24,0.0,5.0258717e-07,0.0,0.04815832,0.0,4.7385896e-05,0.0,0.08295186,0.0,0.000104429506,0.0,3.127992e-05,0.0,1.4759872e-05,0.0,1.4079366e-11
0.0,0.0,1.1632709e-15,2.6958375e-28,0.0,9.52298e-07,0.0,3.3315788e-11,0.0,2.7373352e-22,0.0,1.7520148e-07,0.0,0.0052916324,0.0,0.00015227248,0.0,0.03278995,0.0,8.200842e-05,0.0,2.5750947e-05,0.0,1.2819528e-05,0.0,1.4625327e-10
0.0,0.0,5.2988677e-16,5.1405584e-28,0.0,2.383772e-07,0.0,1.3591329e-11,0.0,2.950042e-22,0.0,7.808611e-08,0.0,0.017417965,0.0,0.00011087908,0.0,0.017368315,0.0,6.425845e-05,0.0,1.9838837e-05,0.0,1.0287966e-05,0.0,3.2622563e-10
0.0,0.0,4.518989e-16,3.6640935e-31,0.0,5.7639948e-08,0.0,8.9702855e-12,0.0,6.118958e-10,0.0,3.9209247e-08,0.0,0.01665157,0.0,9.077796e-05,0.0,0.17596228,0.0,5.0941864e-05,0.0,1.5546919e-05,0.0,7.978036e-06,0.0,1.0290198e-10
0.0,0.0,4.5078866e-16,1.0130953e-29,0.0,1.3792902e-08,0.0,3.9363994e-12,0.0,2.7772282e-09,0.0,1.6675314e-08,0.0,0.034635838,0.0,7.49878e-05,0.0,0.046279427,0.0,4.475856e-05,0.0,1.4941384e-05,0.0,7.837131e-06,0.0,2.772593e-11
0.0,0.0,4.4968116e-16,7.7274634e-31,0.0,3.3160374e-09,0.0,1.0615454e-12,0.0,1.1570722e-09,0.0,0.00036359223,0.0,0.0026277017,0.0,6.559775e-05,0.0,0.041870523,0.0,4.1210817e-05,0.0,1.365159e-05,0.0,7.396864e-06,0.0,7.55606e-12
0.0,0.0,3.8349785e-16,1.2549792e-31,0.0,8.002409e-10,0.0,4.485678e-13,0.0,5.909062e-06,0.0,0.00039844756,0.0,0.0062503726,0.0,0.00062728423,0.0,0.028926857,0.0,0.00032808658,0.0,0.000104760635,0.0,5.129608e-05,0.0,1.8330584e-12
0.0,0.0,3.8255565e-16,4.0861093e-34,0.0,1.9273667e-10,0.0,1.0572414e-13,0.0,3.0375393e-05,0.0,0.0031621887,0.0,0.056319,0.0,0.0012210046,0.0,0.030371735,0.0,0.0005954602,0.0,0.00019239876,0.0,9.455259e-05,0.0,4.2429696e-13
0.0,0.0,3.2625176e-16,7.203493999999998e-35,0.0,4.630006e-11,0.0,2.880804e-14,0.0,3.1724398e-05,0.0,0.0023047577,0.0,0.0066845515,0.0,0.00028545712,0.0,0.059440404,0.0,0.00028683912,0.0,7.303413e-05,0.0,4.371586e-05,0.0,1.11770246e-13
0.0,0.0,2.33742e-16,2.2894016e-13,0.0,8.769848e-06,0.0,8.475269e-15,0.0,3.819448e-05,0.0,0.0025639005,0.0,0.09135283,0.0,6.547262e-05,0.0,0.031090723,0.0,0.00019803584,0.0,2.0702864e-05,0.0,1.3740026e-05,0.0,3.0437167e-14
0.0,0.0,4.2061942000000004e-17,2.344425e-13,0.0,3.9783998e-05,0.0,2.3110049e-15,0.0,3.6756195e-05,0.0,0.0011428065,0.0,0.024789147,0.0,0.0003265792,0.0,0.027566666,0.0,0.00025581702,0.0,4.474223e-05,0.0,2.4726822e-05,0.0,9.050523e-15
0.0,0.0,7.814972499999999e-18,4.2804905e-14,0.0,1.0717188e-05,0.0,3.1784904e-09,0.0,1.9542136e-05,0.0,0.0041535893,0.0,0.0076788687,0.0,0.0002943959,0.0,0.1735136,0.0,0.0002760179,0.0,8.732957e-05,0.0,4.900335e-05,0.0,2.8915257e-15
0.0,0.0,3.511936e-18,8.33058e-15,0.0,2.4819726e-06,0.0,2.854762e-09,0.0,1.0128886e-05,0.0,0.008414777,0.0,0.24440323,0.0,0.00018310567,0.0,0.0521922,0.0,0.00018849992,0.0,5.6537207e-05,0.0,3.4785797e-05,0.0,1.1328475e-09
0.0,0.0,2.604554e-18,1.6420832e-15,0.0,5.725088e-07,0.0,2.1974715e-09,0.0,4.9170653e-06,0.0,0.0029797715,0.0,1.6692366e-05,0.0,0.00012550707,0.0,0.07787148,0.0,0.00012283787,0.0,3.464839e-05,0.0,2.1478774e-05,0.0,3.6471708e-09
0.0,0.0,7.571456e-19,3.726672e-16,0.0,1.3074646e-07,0.0,5.1929794e-10,0.0,2.2058225e-06,0.0,0.0005718868,0.0,1.5239954e-05,0.0,9.308028e-05,0.0,0.019832233,0.0,9.292919e-05,0.0,3.0429417e-05,0.0,1.9876867e-05,0.0,4.8763704e-09
0.0,0.0,6.457102e-19,1.3448332e-16,0.0,2.9706456e-08,0.0,5.79057e-10,0.0,1.003336e-06,0.0,0.00011667049,0.0,9.400027e-05,0.0,0.0070755556,0.0,0.3328759,0.0,0.0037916747,0.0,0.0016195411,0.0,0.0009487371,0.0,1.7217447e-08
0.0,0.0,6.441238e-19,2.838121e-17,0.0,0.00019689859,0.0,3.2393926e-10,0.0,3.9674163e-07,0.0,3.2482265e-05,0.0,0.00043286214,0.0,0.0016366555,0.0,0.19247761,0.0,0.010208041,0.0,0.0023190805,0.0,0.0013290249,0.0,5.777822e-09
0.0,0.0,4.381717399999999e-19,7.1586e-18,0.0,0.0010167954,0.0,4.7871673e-10,0.0,1.4296691e-07,0.0,1.39850445e-05,0.0,0.026062546,0.0,0.0057876576,0.0,0.10507056,0.0,0.048075702,0.0,0.0024728575,0.0,0.0015531715,0.0,2.233701e-09
0.0,0.0,4.3709526e-19,1.7925634999999997e-18,0.0,0.0002497025,0.0,2.1284668e-10,0.0,4.5959247e-08,0.0,0.020934807,0.0,0.04109207,0.0,0.006420572,0.0,0.043172322,0.0,0.05776233,0.0,0.005571699,0.0,0.0034408602,0.0,9.2104313e-10
0.0,0.0,1.9910321e-19,4.9218394e-19,0.0,5.6618286e-05,0.0,3.809086e-11,0.0,1.8229793e-08,0.0,0.010648955,0.0,0.031694997,0.0,0.003530914,0.0,0.08466534,0.0,0.04726399,0.0,0.0020608073,0.0,0.0014439295,0.0,3.8107445e-10
0.0,0.0,1.9861405e-19,7.980809999999999e-20,0.0,1.2739132e-05,0.0,1.4952392e-12,0.0,5.5954965e-09,0.0,0.0037565953,0.0,0.0149753485,0.0,0.0019953342,0.0,0.1303118,0.0,0.025233097,0.0,0.0022148993,0.0,0.0014422477,0.0,1.6032833e-10
0.0,0.0,1.6938236999999998e-19,2.0015606e-20,0.0,2.8448674e-06,0.0,3.1605208e-07,0.0,1.3599408e-09,0.0,0.0112687135,0.0,0.2013942,0.0,0.0011957037,0.0,0.047276605,0.0,0.0037888405,0.0,0.010468557,0.0,0.0067293677,0.0,3.4613674e-07
0.0,0.0,1.1522408e-19,5.731856800000001e-21,0.0,0.00015744833,0.0,9.539352e-07,0.0,4.229893e-10,0.0,0.009063309,0.0,0.14046372,0.0,0.00069963554,0.0,0.24467124,0.0,0.06327242,0.0,0.0017053878,0.0,0.0014968386,0.0,4.662501e-06
0.0,0.0,5.618830999999999e-20,1.773335e-21,0.0,0.0064241695,0.0,2.9246865e-05,0.0,1.7305761e-10,0.0,0.008172711,0.0,0.11636467,0.0,0.031710383,0.0,0.2587937,0.0,0.047329433,0.0,0.016165158,0.0,0.01068749,0.0,3.579334e-06
0.0,0.0,4.2467785e-20,1.5514768e-13,0.0,0.0031580152,0.0,5.9944086e-05,0.0,0.014155804,0.0,0.010760114,0.0,0.46282586,0.0,0.009360108,0.0,0.18485178,0.0,0.01592917,0.0,0.0048969397,0.0,0.003837566,0.0,2.9907978e-06
0.0,0.0,4.2363449999999995e-20,8.526449e-14,0.0,0.000724658,0.0,8.157762e-05,0.0,0.006801596,0.0,0.1633334,0.0,0.517989,0.0,0.07602139,0.0,0.12099472,0.0,0.03655229,0.0,0.045622766,0.0,0.030659502,0.0,0.00014833221
0.0,0.0,4.2259368e-20,3.0000653e-14,0.0,0.0001591533,0.0,7.741384e-05,0.0,0.03460287,0.0,0.13438256,0.0,0.42012545,0.0,0.062117532,0.0,0.116616055,0.0,0.042105697,0.0,0.036620915,0.0,0.026668651,0.0,8.58552e-05
0.0,0.0,8.995043000000001e-18,8.128106e-15,0.0,3.5170164e-05,0.0,5.9209e-05,0.0,0.0048720236,0.0,0.12840457,0.0,0.34630066,0.0,0.04437979,0.0,0.10203118,0.0,0.06919027,0.0,0.02058857,0.0,0.015379963,0.0,0.02768454
0.0,0.0,3.856070799999999e-18,3.5007406e-15,0.0,0.007161524,0.0,8.4154606e-05,0.0,0.014207714,0.0,0.12354561,0.0,0.30149657,0.0,0.0317635,0.0,0.094746,0.0,0.03615886,0.0,0.031241907,0.0,0.02202962,0.0,0.025033334
0.0,0.0,7.917170999999999e-19,9.90072e-16,0.0,0.0074989446,0.0,0.00060688914,0.0,0.031918425,0.0,0.10869934,0.0,0.24688737,0.0,0.022224365,0.0,0.047517166,0.0,0.01667518,0.0,0.015387039,0.0,0.011874268,0.0,0.024944516
0.0,0.0,1.5250062999999998e-19,3.017333e-16,0.0,0.0049474793,0.0,0.02571581,0.0,0.004863395,0.0,0.22035536,0.0,0.24271591,0.0,0.014686576,0.0,0.08532629,0.0,0.24445502,0.0,0.01107326,0.0,0.008575737,0.0,0.092497416
0.0,0.0,1.1936605e-19,1.0501797e-16,0.0,0.0032311631,0.0,0.025768546,0.0,0.05586903,0.0,0.44265366,0.0,0.13712326,0.0,0.010735594,0.0,0.13948403,0.0,0.14934605,0.0,0.006183456,0.0,0.0047614425,0.0,0.02444188
0.0,0.0,5.901981199999999e-18,1.2865306e-15,0.0,0.0029442078,0.0,0.024821158,0.0,0.011564619,0.0,0.41935903,0.0,0.079716064,0.0,0.010267888,0.0,0.1554895,0.0,0.10808161,0.0,0.039404053,0.0,0.027888343,0.0,0.021396732
0.0,0.0,1.4538045e-17,6.9647517e-16,0.0,0.0006810196,0.0,0.017572379,0.0,0.049389273,0.0,0.35815704,0.0,0.1276768,0.0,0.15277082,0.0,0.119419135,0.0,0.15959214,0.0,0.091074996,0.0,0.06429827,0.0,0.05014798
0.0,0.0,3.5622608e-18,2.4030002000000003e-16,0.0,0.00014928599,0.0,0.0065112556,0.0,0.018875059,0.0,0.2585681,0.0,0.19847034,0.0,0.14386955,0.0,0.042289086,0.0,0.10642967,0.0,0.10355841,0.0,0.077972844,0.0,0.043147728
0.0,0.0,6.2977174e-19,8.14982e-17,0.0,3.261848e-05,0.0,0.060131084,0.0,0.0039709094,0.0,0.17510916,0.0,0.10330759,0.0,0.13810591,0.0,0.049555756,0.0,0.10208063,0.0,0.1028164,0.0,0.08136298,0.0,0.3473467
0.0,0.0,2.5170349e-19,2.8105036000000004e-17,0.0,0.076670356,0.0,0.037959322,0.0,0.0159402,0.0,0.11747875,0.0,0.06851652,0.0,0.13242145,0.0,0.02433433,0.0,0.09824661,0.0,0.09507588,0.0,0.076777495,0.0,0.3294891
0.0,0.0,1.9023345e-19,1.2460834e-17,0.0,0.063450806,0.0,0.027277628,0.0,0.051251043,0.0,0.05512061,0.0,0.025979888,0.0,0.12818927,0.0,0.34732282,0.0,0.096009105,0.0,0.078967854,0.0,0.06441555,0.0,0.12238131
0.0,0.0,1.8975911e-19,4.348097e-18,0.0,0.049527314,0.0,0.028890895,0.0,0.009648466,0.0,0.059511982,0.0,0.28052062,0.0,0.12266039,0.0,0.27757657,0.0,0.09122092,0.0,0.06905795,0.0,0.05406465,0.0,0.053810228
0.0,0.0,9.037402e-12,1.904449e-13,0.0,0.04265796,0.0,0.08461893,0.0,0.095267765,0.0,0.055710115,0.0,0.25452545,0.0,0.11462371,0.0,0.1725736,0.0,0.08456533,0.0,0.07389641,0.0,0.056393195,0.0,0.018468652
0.0,0.0,8.600639e-12,1.0860362e-12,0.0,0.03717135,0.0,0.08437704,0.0,0.012731303,0.0,0.38611135,0.0,0.1365296,0.0,0.10308598,0.0,0.07511644,0.0,0.07677639,0.0,0.0591656,0.0,0.047060285,0.0,0.17711106
0.0,0.0,3.1997742e-12,3.6474486e-13,0.0,0.032042902,0.0,0.04088214,0.0,0.020809667,0.0,0.34564105,0.0,0.06044207,0.0,0.08936155,0.0,0.16466746,0.0,0.06728531,0.0,0.05473132,0.0,0.04304315,0.0,0.121416
0.0,0.0,1.7570667e-10,2.475624e-13,0.0,0.026751004,0.0,0.10114627,0.0,0.05165593,0.0,0.25899526,0.0,0.6879109,0.0,0.074504115,0.0,0.122279264,0.0,0.05728274,0.0,0.042573445,0.0,0.033976,0.0,0.059710093
0.0,0.0,3.2271263e-10,1.722005e-07,0.0,0.021170963,0.0,0.19876437,0.0,0.08335661,0.0,0.217484,0.0,0.42777875,0.0,0.059392747,0.0,0.13792947,0.0,0.046478804,0.0,0.06891284,0.0,0.052678715,0.0,0.20666863
0.0,0.0,1.2993435e-10,3.0715574e-07,0.0,0.015467504,0.0,0.21853985,0.0,0.06543807,0.0,0.20554596,0.0,0.38452476,0.0,0.04443941,0.0,0.08695953,0.0,0.038306814,0.0,0.049386762,0.0,0.039652735,0.0,0.16711509
0.0,0.0,4.4633068e-11,1.1129524e-07,0.0,0.01238991,0.0,0.2575319,0.0,0.03624922,0.0,0.17910558,0.0,0.23250066,0.0,0.036931884,0.0,0.041084774,0.0,0.03279735,0.0,0.032079708,0.0,0.025661439,0.0,0.06163778
0.0,0.0,4.452016e-11,4.368241e-08,0.0,0.01569073,0.0,0.21039958,0.0,0.004663137,0.0,0.12889393,0.0,0.11641022,0.0,0.05007719,0.0,0.10260566,0.0,0.06926522,0.0,0.05302786,0.0,0.040961668,0.0,0.025374584
0.0,0.0,2.3358019e-11,1.5132997e-08,0.0,0.0040661334,0.0,0.16981179,0.0,0.030789984,0.0,0.45376053,0.0,0.57407784,0.0,0.17597921,0.0,0.06284838,0.0,0.11341389,0.0,0.0698927,0.0,0.053958867,0.0,0.21584892
0.0,0.0,2.3298929e-11,5.6399085e-09,0.0,0.0008921295,0.0,0.20751059,0.0,0.012272688,0.0,0.45087174,0.0,0.586223,0.0,0.16945012,0.0,0.08052999,0.0,0.11814458,0.0,0.08414984,0.0,0.06511215,0.0,0.22594765
0.0,0.0,1.986838e-11,0.016286084,0.0,0.064641565,0.0,0.19936185,0.0,0.02624238,0.0,0.38425118,0.0,0.5367165,0.0,0.16412765,0.0,0.06107617,0.0,0.12061447,0.0,0.09046161,0.0,0.07198103,0.0,0.15098399
0.0,0.0,1.9818116e-11,0.06573812,0.0,0.1119687,0.0,0.25168216,0.0,0.019060286,0.0,0.3579266,0.0,0.37367737,0.0,0.1595106,0.0,0.11638845,0.0,0.12188699,0.0,0.099488966,0.0,0.08056499,0.0,0.07710879
0.0,0.0,1.1253831e-11,0.009251981,0.0,0.09834597,0.0,0.26898322,0.0,0.05621239,0.0,0.272081,0.0,0.2473007,0.0,0.15539779,0.0,0.076886036,0.0,0.121231884,0.0,0.09734063,0.0,0.07994118,0.0,0.13746409
0.0,0.0,3.5272718e-12,0.047079135,0.0,0.08045974,0.0,0.20892006,0.0,0.04256529,0.0,0.20351556,0.0,0.04606226,0.0,0.149762,0.0,0.08064632,0.0,0.11554221,0.0,0.09511586,0.0,0.07641628,0.0,0.09555784
0.0,0.0,2.742368e-12,0.006472493,0.0,0.06917317,0.0,0.17102961,0.0,0.021423062,0.0,0.18228844,0.0,0.020717725,0.0,0.14662512,0.0,0.031744003,0.0,0.114339836,0.0,0.09174976,0.0,0.07495765,0.0,0.19680764
0.0,0.0,5.026361e-13,0.018452208,0.0,0.061895993,0.0,0.12859465,0.0,0.06289067,0.0,0.14348656,0.0,0.42508933,0.0,0.14374425,0.0,0.25647902,0.0,0.11140104,0.0,0.09371516,0.0,0.07602243,0.0,0.11843033
0.0,0.0,2.179348e-13,0.034168534,0.0,0.055279158,0.0,0.08781558,0.0,0.023944834,0.0,0.15535429,0.0,0.24808802,0.0,0.13974132,0.0,0.20814162,0.0,0.10827365,0.0,0.08612593,0.0,0.06958209,0.0,0.056637917
0.0,0.0,4.1336123e-14,0.020475507,0.0,0.050481975,0.0,0.07758282,0.0,0.034893908,0.0,0.12385176,0.0,0.13038112,0.0,0.13571939,0.0,0.11997912,0.0,0.10348517,0.0,0.088445075,0.0,0.06992042,0.0,0.0766604
0.0,0.0,4.123155e-14,0.024484871,0.0,0.047490433,0.0,0.05688955,0.0,0.013280525,0.0,0.15531667,0.0,0.101970285,0.0,0.13243902,0.0,0.07712918,0.0,0.10156537,0.0,0.07867079,0.0,0.06312154,0.0,0.037469056
0.0,0.0,8.317694e-15,0.040172152,0.0,0.044578366,0.0,0.07542581,0.0,0.06985024,0.0,0.12484778,0.0,0.053562492,0.0,0.12898275,0.0,0.07300553,0.0,0.09804411,0.0,0.07756458,0.0,0.0604842,0.0,0.035652887
0.0,0.0,1.831306e-15,0.0057264483,0.0,0.043350656,0.0,0.017925672,0.0,0.0102467965,0.0,0.079529576,0.0,0.4616629,0.0,0.12605965,0.0,0.08796037,0.0,0.09682636,0.0,0.071508326,0.0,0.05587241,0.0,0.105317734
0.0,0.0,1.0931721e-15,0.010498761,0.0,0.042410087,0.0,0.09578871,0.0,0.074327745,0.0,0.16931814,0.0,0.24155727,0.0,0.12362694,0.0,0.0667354,0.0,0.094602786,0.0,0.0843716,0.0,0.065078296,0.0,0.16309041
0.0,0.0,3.831111e-16,0.027533563,0.0,0.042212814,0.0,0.24866068,0.0,0.03526964,0.0,0.13833234,0.0,0.13808128,0.0,0.121987,0.0,0.052310225,0.0,0.09323896,0.0,0.07291366,0.0,0.058218155,0.0,0.07888117
0.0,0.0,3.821419e-16,0.0103870025,0.0,0.041121606,0.0,0.27955243,0.0,0.023905586,0.0,0.07555387,0.0,0.049602594,0.0,0.11972142,0.0,0.11195359,0.0,0.09240509,0.0,0.06792637,0.0,0.05339773,0.0,0.022505762
0.0,0.0,3.8117518e-16,0.038603112,0.0,0.040965196,0.0,0.267527,0.0,0.025551822,0.0,0.033969045,0.0,0.16852048,0.0,0.11844745,0.0,0.115729794,0.0,0.09316827,0.0,0.090808995,0.0,0.07061163,0.0,0.18537474
0.0,0.0,3.250507e-16,0.0061614793,0.0,0.03938923,0.0,0.24045414,0.0,0.026455002,0.0,0.3439757,0.0,0.10853474,0.0,0.116051555,0.0,0.09121103,0.0,0.08923252,0.0,0.07653258,0.0,0.06130432,0.0,0.11576479
0.0,0.0,3.2422838000000004e-16,0.011800464,0.0,0.0380356,0.0,0.17503004,0.0,0.029197184,0.0,0.3088976,0.0,0.060435317,0.0,0.11380627,0.0,0.13251151,0.0,0.0856664,0.0,0.0640745,0.0,0.050363384,0.0,0.038396988
0.0,0.0,1.2107294e-11,0.031035867,0.0,0.0371187,0.0,0.1766405,0.0,0.06223708,0.0,0.25885564,0.0,0.57990307,0.0,0.111307345,0.0,0.118082605,0.0,0.08312095,0.0,0.061031353,0.0,0.046916705,0.0,0.17274982
0.0,0.0,3.802701e-12,0.012145774,0.0,0.03612958,0.0,0.14215876,0.0,0.060121655,0.0,0.18615341,0.0,0.25210562,0.0,0.109234184,0.0,0.41926846,0.0,0.08220643,0.0,0.06307294,0.0,0.048700463,0.0,0.14921682
0.0,0.0,1.4863405e-12,0.03485022,0.0,0.03380306,0.0,0.17093146,0.0,0.05105827,0.0,0.12451339,0.0,0.22033873,0.0,0.10618125,0.0,0.42931184,0.0,0.07797411,0.0,0.05501937,0.0,0.042028315,0.0,0.08356123
0.0,0.0,7.5241186e-13,0.007918279,0.0,0.033005264,0.0,0.16868815,0.0,0.05231211,0.0,0.061394677,0.0,0.14399049,0.0,0.10390843,0.0,0.35095158,0.0,0.07615943,0.0,0.07497711,0.0,0.05577576,0.0,0.126746
0.0,0.0,6.4161903e-13,0.024603274,0.0,0.032172143,0.0,0.15928131,0.0,0.044100456,0.0,0.04791072,0.0,0.07306322,0.0,0.10173214,0.0,0.25382537,0.0,0.07568361,0.0,0.06253221,0.0,0.048760653,0.0,0.07598427
0.0,0.0,3.3662913e-13,0.021798009,0.0,0.030674681,0.0,0.08257244,0.0,0.028566262,0.0,0.023896309,0.0,0.026525805,0.0,0.09921645,0.0,0.16283461,0.0,0.07157531,0.0,0.05097086,0.0,0.039043676,0.0,0.13193364
0.0,0.0,2.3148882e-13,0.034812354,0.0,0.031737756,0.0,0.058528893,0.0,0.030635897,0.0,0.06488956,0.0,0.6571465,0.0,0.099314205,0.0,0.13943033,0.0,0.07278797,0.0,0.059405234,0.0,0.045148782,0.0,0.071878895
0.0,0.0,1.7283771e-13,0.00823501,0.0,0.030740768,0.0,0.030202257,0.0,0.02627733,0.0,0.3432574,0.0,0.45374686,0.0,0.09752931,0.0,0.07837131,0.0,0.07141541,0.0,0.050310317,0.0,0.038795136,0.0,0.04398771
0.0,0.0,4.9399853e-14,0.027418273,0.0,0.029719109,0.0,0.11285203,0.0,0.021881493,0.0,0.32365748,0.0,0.27358943,0.0,0.095710695,0.0,0.10064224,0.0,0.07054931,0.0,0.058551632,0.0,0.044178538,0.0,0.029885218
0.0,0.0,1.6147757e-06,0.008399641,0.0,0.030734273,0.0,0.037869606,0.0,0.038673952,0.0,0.26568812,0.0,0.14797133,0.0,0.095688485,0.0,0.09916792,0.0,0.06957299,0.0,0.049813025,0.0,0.038666397,0.0,0.07694646
0.0,0.0,4.1233258e-07,0.027196657,0.0,0.028863128,0.0,0.06693395,0.0,0.033940412,0.0,0.2113759,0.0,0.0800844,0.0,0.0930509,0.0,0.07022498,0.0,0.06672292,0.0,0.05189081,0.0,0.03883358,0.0,0.16284235
0.0,0.0,3.5161176e-07,0.01999571,0.0,0.02594001,0.0,0.04782396,0.0,0.022079851,0.0,0.12956302,0.0,0.068531774,0.0,0.08872893,0.0,0.04481198,0.0,0.06479736,0.0,0.04439564,0.0,0.033640966,0.0,0.09915444
0.0,0.0,2.657263e-07,0.02238046,0.0,0.024401315,0.0,0.07564139,0.0,0.027221832,0.0,0.05403954,0.0,0.047067847,0.0,0.085966125,0.0,0.013814767,0.0,0.0625388,0.0,0.055626247,0.0,0.04068925,0.0,0.11985624
0.0,0.0,2.6504753e-07,0.018814942,0.0,0.023573186,0.0,0.02613274,0.0,0.024965784,0.0,0.22577703,0.0,0.057230093,0.0,0.08400252,0.0,0.7635106,0.0,0.060206268,0.0,0.04263064,0.0,0.031997707,0.0,0.046169702
0.0,0.0,4.609625e-08,0.025452975,0.0,0.023117134,0.0,0.023341851,0.0,0.035761632,0.0,0.26380837,0.0,0.4109643,0.0,0.08253686,0.0,0.38787225,0.0,0.06008741,0.0,0.03889211,0.0,0.02888081,0.0,0.095359564
0.0,0.0,1.21451516e-08,0.019652063,0.0,0.024139492,0.0,0.0199922,0.0,0.021972418,0.0,0.19164623,0.0,0.22321634,0.0,0.08260672,0.0,0.24842022,0.0,0.059614558,0.0,0.05845611,0.0,0.04289614,0.0,0.14122985
0.0,0.0,7.402282e-09,0.063434884,0.0,0.022929452,0.0,0.10299122,0.0,0.046303023,0.0,0.17572473,0.0,0.28525022,0.0,0.08037849,0.0,0.19499473,0.0,0.059336707,0.0,0.047230743,0.0,0.03603445,0.0,0.078474134
0.0,0.0,4.0006682e-09,0.023492131,0.0,0.02146748,0.0,0.09275392,0.0,0.011306315,0.0,0.14145765,0.0,0.23002905,0.0,0.077666424,0.0,0.15348245,0.0,0.055309094,0.0,0.035426687,0.0,0.026139075,0.0,0.10550369
0.0,0.0,3.2490495e-09,0.038287375,0.0,0.021648446,0.0,0.09659231,0.0,0.07250807,0.0,0.07671043,0.0,0.15876445,0.0,0.07706881,0.0,0.111266874,0.0,0.05594867,0.0,0.052817628,0.0,0.037442647,0.0,0.04740674
0.0,0.0,3.24075e-09,0.007303282,0.0,0.019718336,0.0,0.038408305,0.0,0.020857763,0.0,0.0712886,0.0,0.10033043,0.0,0.0738884,0.0,0.21035507,0.0,0.0510849,0.0,0.038514875,0.0,0.028508278,0.0,0.0152226575
0.0,0.0,2.7635114e-09,0.022993382,0.0,0.01897982,0.0,0.06597755,0.0,0.022430548,0.0,0.043764263,0.0,0.0796944,0.0,0.07212324,0.0,0.17655663,0.0,0.057447538,0.0,0.03208787,0.0,0.0235668,0.0,0.06784752
0.0,0.0,2.7564522e-09,0.031346586,0.0,0.01936818,0.0,0.049368814,0.0,0.030218266,0.0,0.01278826,0.0,0.09250943,0.0,0.07159017,0.0,0.14621103,0.0,0.049282797,0.0,0.047917493,0.0,0.03384435,0.0,0.023987534
0.0,0.0,2.350532e-09,0.011715918,0.0,0.01903712,0.0,0.06652376,0.0,0.01620361,0.0,0.34612375,0.0,0.07631344,0.0,0.07055741,0.0,0.113338925,0.0,0.05754379,0.0,0.03563088,0.0,0.026183126,0.0,0.10132313
0.0,0.0,1.1461104e-09,0.01735269,0.0,0.018169299,0.0,0.021270012,0.0,0.039824884,0.0,0.34719196,0.0,0.05061912,0.0,0.068466514,0.0,0.07096353,0.0,0.048057448,0.0,0.030428523,0.0,0.022067333,0.0,0.10763014
0.0,0.0,8.66159e-10,0.029677108,0.0,0.01752323,0.0,0.0341663,0.0,0.016548462,0.0,0.27520904,0.0,0.02132078,0.0,0.06705195,0.0,0.04108548,0.0,0.054442782,0.0,0.043284394,0.0,0.030564241,0.0,0.038634267
0.0,0.0,4.2460938e-10,0.014278896,0.0,0.015850231,0.0,0.045096397,0.0,0.025049305,0.0,0.26138464,0.0,0.26448065,0.0,0.063888706,0.0,0.076042265,0.0,0.045880843,0.0,0.03180198,0.0,0.023379456,0.0,0.07511813
0.0,0.0,2.3961375e-10,0.016729956,0.0,0.015828911,0.0,0.06694479,0.0,0.011997171,0.0,0.23928443,0.0,0.19073264,0.0,0.0632545,0.0,0.043250214,0.0,0.057382025,0.0,0.030085865,0.0,0.021652421,0.0,0.08783685
0.0,0.0,1.02403135e-10,0.012252784,0.0,0.016012155,0.0,0.02063712,0.0,0.018416107,0.0,0.16897441,0.0,0.10681961,0.0,0.0628386,0.0,0.14778812,0.0,0.04607775,0.0,0.038420886,0.0,0.027458897,0.0,0.036812667
0.0,0.0,8.7323065e-11,0.02947993,0.0,0.015579542,0.0,0.043702006,0.0,0.02135402,0.0,0.1544701,0.0,0.07892068,0.0,0.061658297,0.0,0.16359967,0.0,0.050925467,0.0,0.027249692,0.0,0.019717006,0.0,0.041997727
0.0,0.0,7.446371e-11,0.01413286,0.0,0.014828806,0.0,0.015085138,0.0,0.022481918,0.0,0.11528749,0.0,0.044684958,0.0,0.060360603,0.0,0.15785083,0.0,0.044186864,0.0,0.041208193,0.0,0.029317763,0.0,0.0740307
0.0,0.0,6.3498054e-11,0.028077492,0.0,0.014723294,0.0,0.0712543,0.0,0.019559361,0.0,0.07171522,0.0,0.14576007,0.0,0.059633005,0.0,0.14237925,0.0,0.05409219,0.0,0.028828545,0.0,0.021151597,0.0,0.12313293
0.0,0.0,4.798788e-11,0.017026715,0.0,0.014854318,0.0,0.043750253,0.0,0.0135679,0.0,0.080713585,0.0,0.15586671,0.0,0.05914652,0.0,0.15568943,0.0,0.040974867,0.0,0.026358288,0.0,0.018727764,0.0,0.06318484
0.0,0.0,4.09211e-11,0.012429745,0.0,0.0134230545,0.0,0.07459238,0.0,0.019942341,0.0,0.053724837,0.0,0.11245278,0.0,0.056335714,0.0,0.11074789,0.0,0.05482311,0.0,0.028483447,0.0,0.019456727,0.0,0.058888625
0.0,0.0,4.081657e-11,0.014915781,0.0,0.014073513,0.0,0.046425007,0.0,0.010622996,0.0,0.018551273,0.0,0.06334405,0.0,0.056764137,0.0,0.051808428,0.0,0.040878575,0.0,0.024184018,0.0,0.017423749,0.0,0.06947118
0.0,0.0,2.5259982e-11,0.01817452,0.0,0.013576898,0.0,0.053741418,0.0,0.028827688,0.0,0.15383019,0.0,0.047788665,0.0,0.05560884,0.0,0.16713747,0.0,0.04658169,0.0,0.035296146,0.0,0.024647387,0.0,0.015679764
0.0,0.0,2.5195457e-11,0.0155109465,0.0,0.013249152,0.0,0.022744237,0.0,0.01566699,0.0,0.1478905,0.0,0.0363151,0.0,0.05458681,0.0,0.17337911,0.0,0.038477898,0.0,0.02545091,0.0,0.018520836,0.0,0.16182575
0.0,0.0,2.5131097e-11,0.03835485,0.0,0.0137412315,0.0,0.044120915,0.0,0.042256262,0.0,0.11213862,0.0,0.03854332,0.0,0.054803863,0.0,0.16158392,0.0,0.06478392,0.0,0.030772328,0.0,0.021775628,0.0,0.08949794
0.0,0.0,1.4270484e-11,0.011328248,0.0,0.013939105,0.0,0.030759577,0.0,0.01579562,0.0,0.12582837,0.0,0.2342807,0.0,0.054813568,0.0,0.13382131,0.0,0.0425849,0.0,0.023748884,0.0,0.017365946,0.0,0.024218176
0.0,0.0,1.8542985e-07,0.01599939,0.0,0.013397465,0.0,0.048467014,0.0,0.03953248,0.0,0.11244198,0.0,0.20828359,0.0,0.05344908,0.0,0.09057255,0.0,0.037581813,0.0,0.037315365,0.0,0.025835555,0.0,0.057641294
0.0,0.0,1.2358706e-06,0.02595688,0.0,0.013125104,0.0,0.033546727,0.0,0.021872204,0.0,0.079077095,0.0,0.12878217,0.0,0.05269566,0.0,0.046687808,0.0,0.07104237,0.0,0.025398666,0.0,0.018491015,0.0,0.11434702
0.0,0.0,7.949557e-07,0.012272768,0.0,0.014126876,0.0,0.06598123,0.0,0.04896123,0.0,0.08903807,0.0,0.09790143,0.0,0.053838935,0.0,0.020107392,0.0,0.044582706,0.0,0.024350075,0.0,0.017497512,0.0,0.059223276
0.0,0.0,1.828702e-07,0.018481327,0.0,0.0136824995,0.0,0.09499901,0.0,0.008492322,0.0,0.067228414,0.0,0.060385514,0.0,0.053157486,0.0,0.46668297,0.0,0.034729943,0.0,0.02784885,0.0,0.019241178,0.0,0.05197457
0.0,0.0,3.7761183e-08,0.059140645,0.0,0.012676322,0.0,0.06718799,0.0,0.045981776,0.0,0.03157063,0.0,0.049604524,0.0,0.051321365,0.0,0.22928908,0.0,0.08405301,0.0,0.02150559,0.0,0.015494776,0.0,0.06408723
0.0,0.0,2.8537254e-08,0.018565862,0.0,0.012357783,0.0,0.07500663,0.0,0.028565468,0.0,0.06758975,0.0,0.08889925,0.0,0.05045949,0.0,0.14542052,0.0,0.05346494,0.0,0.029377127,0.0,0.020492014,0.0,0.07630006
0.0,0.0,2.4334554e-08,0.015492487,0.0,0.012932506,0.0,0.026479134,0.0,0.022215884,0.0,0.048221778,0.0,0.057695713,0.0,0.051119175,0.0,0.09627443,0.0,0.03617332,0.0,0.021505479,0.0,0.015449908,0.0,0.07390977
0.0,0.0,4.3171977e-09,0.015752383,0.0,0.011616398,0.0,0.03668154,0.0,0.030464357,0.0,0.024531517,0.0,0.29708555,0.0,0.04889628,0.0,0.13503979,0.0,0.044925,0.0,0.028641934,0.0,0.019435365,0.0,0.011467416
0.0,0.0,1.2413731e-09,0.028275555,0.0,0.011807536,0.0,0.056707527,0.0,0.02601244,0.0,0.19092399,0.0,0.20154028,0.0,0.048779298,0.0,0.08231324,0.0,0.03373776,0.0,0.020078838,0.0,0.0141874505,0.0,0.0822178
0.0,0.0,8.350785e-10,0.01029589,0.0,0.011120343,0.0,0.034805607,0.0,0.03513199,0.0,0.20733514,0.0,0.1178401,0.0,0.047164284,0.0,0.022467919,0.0,0.05880261,0.0,0.026859226,0.0,0.01809671,0.0,0.0223581
0.0,0.0,1.7739608e-10,0.006791024,0.0,0.011365463,0.0,0.014887322,0.0,0.008186291,0.0,0.1612354,0.0,0.069133244,0.0,0.04734464,0.0,0.42877176,0.0,0.036253978,0.0,0.019005314,0.0,0.013406382,0.0,0.02465016
0.0,0.0,3.1605853e-11,0.0042840336,0.0,0.011485936,0.0,0.077058226,0.0,0.021728834,0.0,0.15679076,0.0,0.12904045,0.0,0.0472926,0.0,0.29657283,0.0,0.032640494,0.0,0.03033577,0.0,0.02080824,0.0,0.07667986
0.0,0.0,3.152479e-11,0.0041581825,0.0,0.010958397,0.0,0.04557698,0.0,0.014627952,0.0,0.14457004,0.0,0.10490239,0.0,0.046255488,0.0,0.3459784,0.0,0.064214915,0.0,0.019860592,0.0,0.013956522,0.0,0.05454372
0.0,0.0,1.3472532e-11,0.003278885,0.0,0.010661149,0.0,0.053267673,0.0,0.046560206,0.0,0.10210752,0.0,0.32518023,0.0,0.045514338,0.0,0.31540212,0.0,0.037795205,0.0,0.025255179,0.0,0.017205907,0.0,0.008464436
0.0,0.0,6.569087e-12,0.0014121933,0.0,0.011049096,0.0,0.035118904,0.0,0.0252234,0.0,0.11364161,0.0,0.24494615,0.0,0.046178855,0.0,0.24303307,0.0,0.031642936,0.0,0.018136613,0.0,0.012849864,0.0,0.068037845
0.0,0.0,5.6016533e-12,0.00024645592,0.0,0.010339219,0.0,0.019652864,0.0,0.012102037,0.0,0.08785243,0.0,0.18661952,0.0,0.04468955,0.0,0.15705316,0.0,0.06393011,0.0,0.025841454,0.0,0.017300652,0.0,0.012091875
0.0,0.0,2.7313163e-12,9.0261434e-05,0.0,0.009960717,0.0,0.038901385,0.0,0.030536069,0.0,0.041747462,0.0,0.12996484,0.0,0.043781165,0.0,0.120192476,0.0,0.03905715,0.0,0.017115872,0.0,0.011963337,0.0,0.060515463
0.0,0.0,1.1693301e-12,2.4327608e-05,0.0,0.010324425,0.0,0.04468961,0.0,0.008588638,0.0,0.06486407,0.0,0.090334766,0.0,0.044235427,0.0,0.090504654,0.0,0.030309023,0.0,0.028015643,0.0,0.019252945,0.0,0.04820519
0.0,0.0,7.4226955e-07,7.8233215e-06,0.0,0.010098025,0.0,0.033845387,0.0,0.024857368,0.0,0.045547765,0.0,0.036863107,0.0,0.04354475,0.0,0.05802893,0.0,0.0909728,0.0,0.019045865,0.0,0.013683927,0.0,0.05594203
0.0,0.0,5.3157805e-07,1.9994434e-06,0.0,0.009685975,0.0,0.025206245,0.0,0.0127871595,0.0,0.014482192,0.0,0.023802701,0.0,0.0424943,0.0,0.030755896,0.0,0.055480838,0.0,0.026530638,0.0,0.017737368,0.0,0.0418012
0.0,0.0,3.4245838e-07,5.023241e-07,0.0,0.009558377,0.0,0.038076285,0.0,0.032107256,0.0,0.21701226,0.0,0.28598124,0.0,0.04209203,0.0,0.060469575,0.0,0.036266927,0.0,0.017566884,0.0,0.012517781,0.0,0.084650464
0.0,0.0,2.2976471e-07,0.009708363,0.0,0.010260583,0.0,0.043736063,0.0,0.008480991,0.0,0.23946263,0.0,0.23606859,0.0,0.043342337,0.0,0.10742151,0.0,0.030287694,0.0,0.034722727,0.0,0.023920784,0.0,0.06830371
0.0,0.0,1.0330846e-07,0.010409691,0.0,0.010000272,0.0,0.05042087,0.0,0.014945039,0.0,0.21667312,0.0,0.15147574,0.0,0.042747594,0.0,0.2795457,0.0,0.09120104,0.0,0.021724993,0.0,0.015591102,0.0,0.015892789
0.0,0.0,3.9323517e-08,0.012229612,0.0,0.010388466,0.0,0.05665854,0.0,0.03491989,0.0,0.19161795,0.0,0.09968354,0.0,0.04353466,0.0,0.31406525,0.0,0.055513125,0.0,0.019570926,0.0,0.014095304,0.0,0.05132795
0.0,0.0,1.4197652e-08,0.024392454,0.0,0.010267727,0.0,0.028947376,0.0,0.01858249,0.0,0.15368897,0.0,0.08458527,0.0,0.04354909,0.0,0.2821523,0.0,0.035587348,0.0,0.034431282,0.0,0.024041012,0.0,0.019263005
0.0,0.0,7.012294e-09,0.018190922,0.0,0.011942556,0.0,0.06274227,0.0,0.08840202,0.0,0.104265146,0.0,0.06279454,0.0,0.04629876,0.0,0.22346671,0.0,0.034098573,0.0,0.023212496,0.0,0.017186636,0.0,0.1047903
0.0,0.0,4.339556e-09,0.022361958,0.0,0.012328296,0.0,0.021200683,0.0,0.026203701,0.0,0.116980195,0.0,0.11087195,0.0,0.046944875,0.0,0.15994632,0.0,0.04885252,0.0,0.021574765,0.0,0.015756791,0.0,0.041121963
0.0,0.0,4.3283577e-09,0.027816238,0.0,0.012554978,0.0,0.061033703,0.0,0.0145281935,0.0,0.0954216,0.0,0.070660934,0.0,0.04724434,0.0,0.09807502,0.0,0.03377759,0.0,0.034528226,0.0,0.024543826,0.0,0.025969347
0.0,0.0,1.5627422e-09,0.020724293,0.0,0.0123955,0.0,0.075044066,0.0,0.06229633,0.0,0.07344926,0.0,0.5768814,0.0,0.047295984,0.0,0.10668773,0.0,0.06553109,0.0,0.023425685,0.0,0.017246034,0.0,0.1094945
0.0,0.0,1.5587095e-09,0.015775297,0.0,0.012184829,0.0,0.0431219,0.0,0.031232521,0.0,0.10402857,0.0,0.3876078,0.0,0.04729717,0.0,0.09504252,0.0,0.03963242,0.0,0.022468543,0.0,0.016263738,0.0,0.10322517
0.0,0.0,7.629903e-10,0.008998286,0.0,0.011959681,0.0,0.06628556,0.0,0.018070653,0.0,0.09374921,0.0,0.28996673,0.0,0.046805896,0.0,0.09627372,0.0,0.03330912,0.0,0.027333668,0.0,0.019195616,0.0,0.028959742
0.0,0.0,3.4397057e-10,0.009193003,0.0,0.011604834,0.0,0.03938341,0.0,0.02389782,0.0,0.052666925,0.0,0.19688977,0.0,0.046128932,0.0,0.12017571,0.0,0.0650796,0.0,0.019832347,0.0,0.014333571,0.0,0.05406214
0.0,0.0,3.4308295e-10,0.011816162,0.0,0.011774795,0.0,0.05389958,0.0,0.021325635,0.0,0.08849748,0.0,0.199929,0.0,0.046418097,0.0,0.09987437,0.0,0.040334575,0.0,0.035956062,0.0,0.025222851,0.0,0.100140415
0.0,0.0,1.2386919e-10,0.020130374,0.0,0.011431043,0.0,0.036801502,0.0,0.023713365,0.0,0.074548915,0.0,0.1181646,0.0,0.04566721,0.0,0.054393537,0.0,0.03161199,0.0,0.023265341,0.0,0.017047966,0.0,0.058262378
0.0,0.0,3.5765155e-11,0.017282832,0.0,0.011174135,0.0,0.051687226,0.0,0.012490973,0.0,0.030545725,0.0,0.047180664,0.0,0.04500738,0.0,0.13344283,0.0,0.09082711,0.0,0.01921444,0.0,0.013715318,0.0,0.020345505
0.0,0.0,3.5672864e-11,0.017012438,0.0,0.010374438,0.0,0.04459524,0.0,0.02977197,0.0,0.07357057,0.0,0.47476014,0.0,0.043711275,0.0,0.1487942,0.0,0.05429901,0.0,0.029558718,0.0,0.020133331,0.0,0.10350462
0.0,0.0,3.558081e-11,0.020720815,0.0,0.010598332,0.0,0.06566896,0.0,0.014186608,0.0,0.06264945,0.0,0.34430203,0.0,0.04420726,0.0,0.1288699,0.0,0.036571894,0.0,0.020151136,0.0,0.0145926215,0.0,0.042507146
0.0,0.0,1.1151488e-11,0.031346742,0.0,0.01239211,0.0,0.027847257,0.0,0.046609085,0.0,0.03214141,0.0,0.22708373,0.0,0.047085047,0.0,0.091220275,0.0,0.032386843,0.0,0.032708045,0.0,0.022797192,0.0,0.033205986
0.0,0.0,1.1122711e-11,0.009279973,0.0,0.012908387,0.0,0.043754157,0.0,0.017249376,0.0,0.37534449,0.0,0.24950239,0.0,0.04814339,0.0,0.060935702,0.0,0.092732586,0.0,0.022816403,0.0,0.016880156,0.0,0.064292975
0.0,0.0,6.883287e-12,0.014126728,0.0,0.012120663,0.0,0.07730289,0.0,0.028634274,0.0,0.38826737,0.0,0.15267505,0.0,0.046788506,0.0,0.15043783,0.0,0.0559152,0.0,0.025470674,0.0,0.018171478,0.0,0.040090464
0.0,0.0,5.201824e-12,0.021847526,0.0,0.011445282,0.0,0.07380278,0.0,0.009604331,0.0,0.2875435,0.0,0.14549439,0.0,0.045980617,0.0,0.1182022,0.0,0.034776285,0.0,0.018651148,0.0,0.0133135235,0.0,0.014749741
0.0,0.0,2.7290587e-12,0.010660143,0.0,0.011380127,0.0,0.013324744,0.0,0.019731859,0.0,0.2824597,0.0,0.12926884,0.0,0.045698937,0.0,0.14871667,0.0,0.03346599,0.0,0.026960725,0.0,0.018336155,0.0,0.06852117
0.0,0.0,1.4317597e-12,0.023408588,0.0,0.011085521,0.0,0.06360864,0.0,0.02375058,0.0,0.22405718,0.0,0.099216715,0.0,0.045320638,0.0,0.10334694,0.0,0.041890506,0.0,0.019490374,0.0,0.014055063,0.0,0.030974977
0.0,0.0,5.576943e-13,0.025334794,0.0,0.0119405,0.0,0.045015667,0.0,0.023012955,0.0,0.16172437,0.0,0.09312004,0.0,0.04681438,0.0,0.041349538,0.0,0.03363538,0.0,0.035352163,0.0,0.024859753,0.0,0.07248879
0.0,0.0,1.4463687e-13,0.018145487,0.0,0.012219011,0.0,0.08026228,0.0,0.03534885,0.0,0.1741272,0.0,0.088420935,0.0,0.047323115,0.0,0.17109324,0.0,0.07333189,0.0,0.023368092,0.0,0.017058978,0.0,0.06960842
0.0,0.0,1.0930469e-13,0.01476302,0.0,0.012439188,0.0,0.044078477,0.0,0.012186083,0.0,0.13984492,0.0,0.061933447,0.0,0.04751826,0.0,0.2822415,0.0,0.04643336,0.0,0.02157615,0.0,0.015510193,0.0,0.034523252
0.0,0.0,2.3374726e-14,0.030914387,0.0,0.012418113,0.0,0.08081499,0.0,0.06218066,0.0,0.07922864,0.0,0.03068405,0.0,0.047665883,0.0,0.26362646,0.0,0.0349091,0.0,0.039524507,0.0,0.027713174,0.0,0.06412799
0.0,0.0,1.1531605e-09,0.015322988,0.0,0.012543257,0.0,0.016648807,0.0,0.014448483,0.0,0.09784153,0.0,0.1146245,0.0,0.048157934,0.0,0.22016951,0.0,0.05708067,0.0,0.026292285,0.0,0.019373879,0.0,0.0496525
0.0,0.0,2.3918807e-09,0.021938602,0.0,0.01301922,0.0,0.08357293,0.0,0.040831435,0.0,0.09148641,0.0,0.0658337,0.0,0.04879187,0.0,0.18818891,0.0,0.037434828,0.0,0.021760596,0.0,0.015895434,0.0,0.035171047
0.0,0.0,5.0310944e-10,0.013658493,0.0,0.0133986045,0.0,0.036825396,0.0,0.018272055,0.0,0.0621463,0.0,0.49791265,0.0,0.049465563,0.0,0.16145685,0.0,0.038147416,0.0,0.03475238,0.0,0.024868324,0.0,0.027049672
0.0,0.0,4.290051e-10,0.02532687,0.0,0.014041545,0.0,0.09488548,0.0,0.032358535,0.0,0.12037753,0.0,0.39221883,0.0,0.050680846,0.0,0.154946,0.0,0.038040835,0.0,0.02474322,0.0,0.018448252,0.0,0.091512606
0.0,0.0,7.439666e-11,0.019955467,0.0,0.012784312,0.0,0.059629917,0.0,0.011970555,0.0,0.122022696,0.0,0.284235,0.0,0.049207047,0.0,0.099927425,0.0,0.039393395,0.0,0.027498614,0.0,0.019490574,0.0,0.16112944
0.0,0.0,2.0276726e-11,0.015737463,0.0,0.0131223565,0.0,0.18743871,0.0,0.035765782,0.0,0.06434868,0.0,0.19950561,0.0,0.04969243,0.0,0.12514119,0.0,0.035398655,0.0,0.021290027,0.0,0.015402544,0.0,0.081775695
0.0,0.0,2.0224197e-11,0.032451373,0.0,0.014149692,0.0,0.18940106,0.0,0.0300423,0.0,0.11029004,0.0,0.17038715,0.0,0.051187832,0.0,0.19398673,0.0,0.06387151,0.0,0.041387547,0.0,0.029048925,0.0,0.022540059
0.0,0.0,1.745859e-05,0.018066673,0.0,0.014365763,0.0,0.194348,0.0,0.041433357,0.0,0.08372688,0.0,0.08643153,0.0,0.051969957,0.0,0.24456695,0.0,0.04066525,0.0,0.028589906,0.0,0.021341648,0.0,0.041618828
0.0,0.0,9.312877e-05,0.041740112,0.0,0.014949445,0.0,0.13963999,0.0,0.029519562,0.0,0.049275912,0.0,0.2878694,0.0,0.0531832,0.0,0.2611989,0.0,0.038256124,0.0,0.024172535,0.0,0.017959904,0.0,0.15718733
0.0,0.0,4.6839643e-05,0.0054776133,0.0,0.015318717,0.0,0.18822584,0.0,0.02711762,0.0,0.110886104,0.0,0.30448258,0.0,0.053846583,0.0,0.250316,0.0,0.057421904,0.0,0.03708252,0.0,0.026559925,0.0,0.18059002
0.0,0.0,4.1066964e-05,0.007844401,0.0,0.014744258,0.0,0.1488898,0.0,0.035225965,0.0,0.09968339,0.0,0.24013282,0.0,0.053633697,0.0,0.21960552,0.0,0.040239003,0.0,0.027467452,0.0,0.020518089,0.0,0.11421314
0.0,0.0,2.8950066e-05,0.025538566,0.0,0.015354446,0.0,0.18809314,0.0,0.029390475,0.0,0.061201353,0.0,0.15166935,0.0,0.05480231,0.0,0.1722468,0.0,0.04403886,0.0,0.028107686,0.0,0.020425616,0.0,0.035476428
0.0,0.0,2.8874698e-05,0.02619161,0.0,0.01588275,0.0,0.16012348,0.0,0.015882134,0.0,0.10865839,0.0,0.16815473,0.0,0.055587973,0.0,0.19274606,0.0,0.03916285,0.0,0.026172128,0.0,0.019269524,0.0,0.038821254
0.0,0.0,2.8799524e-05,0.025075585,0.0,0.015156452,0.0,0.16213804,0.0,0.052350335,0.0,0.09021459,0.0,0.117552616,0.0,0.05495666,0.0,0.20968911,0.0,0.06351471,0.0,0.04140262,0.0,0.029762251,0.0,0.0953843
0.0,0.0,2.7600636e-05,0.022856573,0.0,0.014936739,0.0,0.11913422,0.0,0.05373396,0.0,0.047442887,0.0,0.1229018,0.0,0.055030566,0.0,0.2149589,0.0,0.04235233,0.0,0.029160997,0.0,0.02165528,0.0,0.073961034
0.0,0.0,2.1034697e-05,0.030847093,0.0,0.0151124755,0.0,0.12678646,0.0,0.02792846,0.0,0.0840905,0.0,0.11036828,0.0,0.055311877,0.0,0.20223354,0.0,0.040707637,0.0,0.025398562,0.0,0.018594041,0.0,0.012531824
0.0,0.0,1.3368959e-05,0.010219246,0.0,0.014427345,0.0,0.1267955,0.0,0.023678618,0.0,0.06646744,0.0,0.121835105,0.0,0.054153156,0.0,0.16471232,0.0,0.047464143,0.0,0.037178643,0.0,0.026000747,0.0,0.15381655
0.0,0.0,7.013779e-06,0.022827996,0.0,0.014389856,0.0,0.09127385,0.0,0.038584996,0.0,0.027157879,0.0,0.0927283,0.0,0.0540736,0.0,0.19303921,0.0,0.037622854,0.0,0.026111351,0.0,0.019178448,0.0,0.0799327
0.0,0.0,5.410357e-06,0.01932201,0.0,0.015988855,0.0,0.09603982,0.0,0.012449161,0.0,0.099693045,0.0,0.084690735,0.0,0.0565037,0.0,0.17597702,0.0,0.07251472,0.0,0.030090274,0.0,0.022267736,0.0,0.015402968
0.0,0.0,1.7582244e-06,0.018278776,0.0,0.015776351,0.0,0.02954529,0.0,0.036109436,0.0,0.07803143,0.0,0.041001983,0.0,0.056394584,0.0,0.10424965,0.0,0.046614565,0.0,0.025275078,0.0,0.018633602,0.0,0.20733869
0.0,0.0,1.0076369e-06,0.019887045,0.0,0.015273231,0.0,0.066454336,0.0,0.027725218,0.0,0.041185178,0.0,0.1256104,0.0,0.055680737,0.0,0.08326816,0.0,0.038999613,0.0,0.03959167,0.0,0.028166942,0.0,0.14617302
0.0,0.0,2.2095332e-07,0.019102195,0.0,0.015162166,0.0,0.054943595,0.0,0.031844728,0.0,0.08023775,0.0,0.18301792,0.0,0.05562339,0.0,0.086167604,0.0,0.06832296,0.0,0.02880647,0.0,0.021474874,0.0,0.06688861
0.0,0.0,4.7067573e-08,0.04004471,0.0,0.015547247,0.0,0.105178475,0.0,0.031245643,0.0,0.06537907,0.0,0.15984061,0.0,0.056225788,0.0,0.10108344,0.0,0.0458473,0.0,0.026171781,0.0,0.019353824,0.0,0.014610767
0.0,0.0,8.764655e-09,0.013078579,0.0,0.015619991,0.0,0.07125326,0.0,0.026987577,0.0,0.029110484,0.0,0.10231891,0.0,0.056773327,0.0,0.103791445,0.0,0.04076885,0.0,0.046166405,0.0,0.03340618,0.0,0.108030826
0.0,0.0,3.5286678e-09,0.05264081,0.0,0.016449053,0.0,0.11276266,0.0,0.030551791,0.0,0.15833089,0.0,0.066436924,0.0,0.058145218,0.0,0.09544557,0.0,0.06397324,0.0,0.035104398,0.0,0.026825307,0.0,0.043763757
0.0,0.0,8.03451e-10,0.0066204267,0.0,0.0152572775,0.0,0.04105219,0.0,0.037254386,0.0,0.15804556,0.0,0.040593524,0.0,0.056291427,0.0,0.06839804,0.0,0.04218578,0.0,0.025438495,0.0,0.018909559,0.0,0.08130183
0.0,0.0,1.3969174e-10,0.017499898,0.0,0.014645272,0.0,0.04193235,0.0,0.018041553,0.0,0.13414082,0.0,0.4800662,0.0,0.055394858,0.0,0.046242658,0.0,0.03996689,0.0,0.03820533,0.0,0.026778562,0.0,0.099839374
0.0,0.0,1.3932801e-10,0.018549085,0.0,0.014454016,0.0,0.06306926,0.0,0.02966211,0.0,0.15685377,0.0,0.39995947,0.0,0.054873116,0.0,0.06448174,0.0,0.042713556,0.0,0.025747266,0.0,0.018800104,0.0,0.025370808
0.0,0.0,8.7178965e-11,0.026604142,0.0,0.015025451,0.0,0.028067097,0.0,0.024513772,0.0,0.13094138,0.0,0.27100417,0.0,0.05567171,0.0,0.07880489,0.0,0.03962557,0.0,0.026342718,0.0,0.019303093,0.0,0.11409536
0.0,0.0,1.566071e-05,0.014936991,0.0,0.014774789,0.0,0.057194073,0.0,0.059658,0.0,0.08079149,0.0,0.15905358,0.0,0.055242695,0.0,0.078118786,0.0,0.059355527,0.0,0.03662509,0.0,0.026119893,0.0,0.08304804
0.0,0.0,3.398123e-05,0.025337113,0.0,0.014739607,0.0,0.020069964,0.0,0.025404155,0.0,0.09875086,0.0,0.18520692,0.0,0.055333003,0.0,0.07273721,0.0,0.041134838,0.0,0.02659949,0.0,0.019825988,0.0,0.021770531
0.0,0.0,2.169467e-05,0.0153858485,0.0,0.013483026,0.0,0.038525943,0.0,0.051683117,0.0,0.07440232,0.0,0.12411404,0.0,0.053458348,0.0,0.12331558,0.0,0.041235793,0.0,0.027391395,0.0,0.019361544,0.0,0.039215058
0.0,0.0,2.1637967e-05,0.023118662,0.0,0.013061032,0.0,0.021558454,0.0,0.032550775,0.0,0.04257366,0.0,0.12077376,0.0,0.052962344,0.0,0.09496855,0.0,0.036783334,0.0,0.02184211,0.0,0.015563318,0.0,0.07171508
0.0,0.0,1.5420079e-05,0.031439863,0.0,0.013552534,0.0,0.04576033,0.0,0.026334282,0.0,0.06638536,0.0,0.10193139,0.0,0.053631563,0.0,0.04047939,0.0,0.06505985,0.0,0.031563256,0.0,0.022049744,0.0,0.051398683
0.0,0.0,1.2771749e-05,0.011324974,0.0,0.013300349,0.0,0.010695454,0.0,0.027342046,0.0,0.05077777,0.0,0.116291106,0.0,0.053366616,0.0,0.08602895,0.0,0.04158371,0.0,0.023545034,0.0,0.017060217,0.0,0.010502248
0.0,0.0,1.7583961e-05,0.017907003,0.0,0.013046322,0.0,0.06144217,0.0,0.019614965,0.0,0.019955244,0.0,0.08199309,0.0,0.052770227,0.0,0.09617629,0.0,0.03734812,0.0,0.034971606,0.0,0.02448644,0.0,0.11715111
0.0,0.0,1.4235172e-05,0.016861938,0.0,0.012897117,0.0,0.020727418,0.0,0.02815077,0.0,0.18382725,0.0,0.05666851,0.0,0.052274603,0.0,0.09865937,0.0,0.062079545,0.0,0.024352439,0.0,0.017626598,0.0,0.04609118
0.0,0.0,1.4197956e-05,0.021868436,0.0,0.0126641635,0.0,0.07338437,0.0,0.018216124,0.0,0.19699037,0.0,0.030399064,0.0,0.05166496,0.0,0.1631889,0.0,0.039747998,0.0,0.02748274,0.0,0.01911215,0.0,0.05959365
0.0,0.0,1.6130813e-05,0.019293655,0.0,0.011928799,0.0,0.035897925,0.0,0.036540028,0.0,0.18414718,0.0,0.13853827,0.0,0.05025111,0.0,0.16774653,0.0,0.03592722,0.0,0.02090484,0.0,0.014878086,0.0,0.10167086
0.0,0.0,1.9091754e-05,0.014391845,0.0,0.012376601,0.0,0.05107724,0.0,0.014848007,0.0,0.20233202,0.0,0.17230888,0.0,0.050585452,0.0,0.13522129,0.0,0.057247978,0.0,0.03164937,0.0,0.022314833,0.0,0.040698353
0.0,0.0,1.6918848e-05,0.015847731,0.0,0.012892368,0.0,0.043915812,0.0,0.027682502,0.0,0.1644502,0.0,0.1440574,0.0,0.050980855,0.0,0.070293106,0.0,0.037276503,0.0,0.022561943,0.0,0.016335893,0.0,0.032818932
0.0,0.0,1.1929643e-05,0.017806502,0.0,0.011434571,0.0,0.056956403,0.0,0.009076978,0.0,0.111488335,0.0,0.10902723,0.0,0.04862753,0.0,0.039966673,0.0,0.041440208,0.0,0.03164562,0.0,0.021508403,0.0,0.060501833
0.0,0.0,4.139804e-05,0.018763538,0.0,0.013121188,0.0,0.028728837,0.0,0.025338145,0.0,0.11662937,0.0,0.09514746,0.0,0.05108117,0.0,0.110970706,0.0,0.03595865,0.0,0.023624698,0.0,0.017023234,0.0,0.047270644
0.0,0.0,2.9174844e-05,0.014244056,0.0,0.013305495,0.0,0.057306077,0.0,0.010484178,0.0,0.09265387,0.0,0.06397537,0.0,0.051431928,0.0,0.08570307,0.0,0.067508064,0.0,0.032919534,0.0,0.022967495,0.0,0.030896634
0.0,0.0,1.9760826e-05,0.009415717,0.0,0.01339831,0.0,0.016178066,0.0,0.018510511,0.0,0.05039641,0.0,0.059630986,0.0,0.051346716,0.0,0.05019083,0.0,0.042115748,0.0,0.022988725,0.0,0.016683972,0.0,0.0495437
0.0,0.0,1.5687943e-05,0.008532707,0.0,0.012798897,0.0,0.033955038,0.0,0.013777685,0.0,0.07108667,0.0,0.052898522,0.0,0.050355345,0.0,0.026617961,0.0,0.0341057,0.0,0.03172719,0.0,0.021690272,0.0,0.050487336
0.0,0.0,1.3376895e-05,0.01572305,0.0,0.012281333,0.0,0.042208698,0.0,0.029611278,0.0,0.051743012,0.0,0.03600199,0.0,0.049372118,0.0,0.1725723,0.0,0.08903198,0.0,0.021506388,0.0,0.015510144,0.0,0.051554997
0.0,0.0,1.3341894e-05,0.018634137,0.0,0.012889395,0.0,0.057053115,0.0,0.00996555,0.0,0.023004983,0.0,0.087559424,0.0,0.05047514,0.0,0.26349556,0.0,0.056540407,0.0,0.033927172,0.0,0.023675261,0.0,0.11106698
0.0,0.0,1.3306984e-05,0.009339755,0.0,0.0131248925,0.0,0.039520346,0.0,0.0127816405,0.0,0.138767,0.0,0.122341335,0.0,0.05077496,0.0,0.26262563,0.0,0.036520995,0.0,0.022769956,0.0,0.01639571,0.0,0.11271609
0.0,0.0,1.3272166e-05,0.008367835,0.0,0.011855591,0.0,0.046367176,0.0,0.023297831,0.0,0.14272863,0.0,0.08743308,0.0,0.048807167,0.0,0.22057533,0.0,0.038752694,0.0,0.024509683,0.0,0.0170401,0.0,0.034280136
0.0,0.0,1.3237439e-05,0.013036589,0.0,0.010653545,0.0,0.05392173,0.0,0.012383017,0.0,0.11892371,0.0,0.2272439,0.0,0.046499886,0.0,0.16883454,0.0,0.031174002,0.0,0.017780216,0.0,0.012405234,0.0,0.023363657
0.0,0.0,5.6570498e-06,0.009747463,0.0,0.010229888,0.0,0.03500323,0.0,0.017427467,0.0,0.11873236,0.0,0.1414345,0.0,0.045480754,0.0,0.14699845,0.0,0.08158777,0.0,0.024820093,0.0,0.016730536,0.0,0.015697217
0.0,0.0,4.9668597e-06,0.004699667,0.0,0.010261539,0.0,0.04096697,0.0,0.009544108,0.0,0.09296027,0.0,0.060794726,0.0,0.045285676,0.0,0.08985975,0.0,0.050880883,0.0,0.018502891,0.0,0.013058238,0.0,0.07362566
0.0,0.0,1.6414489e-06,0.0025478317,0.0,0.010062682,0.0,0.028188989,0.0,0.014792266,0.0,0.046126075,0.0,0.03257064,0.0,0.044578224,0.0,0.16830912,0.0,0.032096103,0.0,0.02460345,0.0,0.016491184,0.0,0.014388279
0.0,0.0,6.6084465e-07,0.0005343409,0.0,0.008989455,0.0,0.030638041,0.0,0.009782839,0.0,0.052974537,0.0,0.10669068,0.0,0.042238027,0.0,0.12539552,0.0,0.04770576,0.0,0.01536024,0.0,0.010432979,0.0,0.07435823
0.0,0.0,5.6349245e-07,0.00012814609,0.0,0.009242954,0.0,0.026717944,0.0,0.015399165,0.0,0.034355126,0.0,0.08415958,0.0,0.042227004,0.0,0.14050636,0.0,0.029471364,0.0,0.023047162,0.0,0.014885107,0.0,0.013849997
0.0,0.0,2.747399e-07,2.3549874e-05,0.0,0.008542453,0.0,0.024770442,0.0,0.0044063265,0.0,0.010833192,0.0,0.043370083,0.0,0.04048141,0.0,0.10985902,0.0,0.04901121,0.0,0.014571377,0.0,0.009740751,0.0,0.06068886
0.0,0.0,2.7402103e-07,9.656038e-06,0.0,0.008174001,0.0,0.017807083,0.0,0.002894487,0.0,0.08877642,0.0,0.025067857,0.0,0.039519377,0.0,0.07030195,0.0,0.028119285,0.0,0.017899267,0.0,0.011438121,0.0,0.010719905
0.0,0.0,2.3365367e-07,7.931799e-07,0.0,0.007611707,0.0,0.037135996,0.0,0.0048615118,0.0,0.10672796,0.0,0.32083565,0.0,0.037789226,0.0,0.14394562,0.0,0.03587294,0.0,0.0130165825,0.0,0.008614088,0.0,0.05801262
0.0,0.0,7.322756e-08,1.9502895e-07,0.0,0.0066846265,0.0,0.011402471,0.0,0.0027195993,0.0,0.0849449,0.0,0.21594349,0.0,0.03544531,0.0,0.114883974,0.0,0.025691902,0.0,0.014543608,0.0,0.0088436715,0.0,0.03203646
0.0,0.0,6.244005e-08,5.237224e-08,0.0,0.007427669,0.0,0.022690693,0.0,0.00754759,0.0,0.072042495,0.0,0.15538095,0.0,0.036658995,0.0,0.05790112,0.0,0.039954778,0.0,0.01487459,0.0,0.009466603,0.0,0.05040706
0.0,0.0,3.044364e-08,1.32594105e-08,0.0,0.0068553975,0.0,0.026118116,0.0,0.015768213,0.0,0.034517337,0.0,0.06394424,0.0,0.0349449,0.0,0.07236713,0.0,0.030421568,0.0,0.016417617,0.0,0.010144878,0.0,0.019453723
0.0,0.0,2.595884e-08,2.9340248e-09,0.0,0.0064587784,0.0,0.012986667,0.0,0.0067073414,0.0,0.007999434,0.0,0.046540048,0.0,0.033699118,0.0,0.05974669,0.0,0.02239849,0.0,0.011971931,0.0,0.0077905194,0.0,0.07308491
0.0,0.0,2.5890918e-08,4.791432e-10,0.0,0.005860658,0.0,0.018491007,0.0,0.012702673,0.0,0.031321604,0.0,0.034263603,0.0,0.031845436,0.0,0.049061418,0.0,0.07254394,0.0,0.014601457,0.0,0.008882551,0.0,0.012901827
0.0,0.0,2.20768e-08,1.1928873e-10,0.0,0.006267458,0.0,0.027353665,0.0,0.007927743,0.0,0.011519603,0.0,0.05334098,0.0,0.032408763,0.0,0.03067459,0.0,0.041595876,0.0,0.011727689,0.0,0.0076590446,0.0,0.06668211
0.0,0.0,1.3661729e-08,2.685843e-11,0.0,0.0056783822,0.0,0.01311339,0.0,0.012081424,0.0,0.1655859,0.0,0.059804067,0.0,0.030641979,0.0,0.10323162,0.0,0.03279173,0.0,0.013530026,0.0,0.008409042,0.0,0.014355119
0.0,0.0,1.3625982e-08,5.458868e-05,0.0,0.00575308,0.0,0.012682757,0.0,0.014038667,0.0,0.18261941,0.0,0.07584565,0.0,0.030415451,0.0,0.07014545,0.0,0.020912629,0.0,0.0109721925,0.0,0.0069336127,0.0,0.0551503
0.0,0.0,5.186431e-09,0.0020302015,0.0,0.005457953,0.0,0.01701098,0.0,0.015552233,0.0,0.14485009,0.0,0.029703628,0.0,0.029164877,0.0,0.031317078,0.0,0.06829066,0.0,0.01953919,0.0,0.011766348,0.0,0.010581106
0.0,0.0,5.1728604e-09,0.002813153,0.0,0.0053826324,0.0,0.008728755,0.0,0.006423558,0.0,0.11430139,0.0,0.055135723,0.0,0.02874656,0.0,0.02892077,0.0,0.046178795,0.0,0.011329672,0.0,0.0076693203,0.0,0.07672331
0.0,0.0,3.9090824e-09,0.0014158787,0.0,0.0045975177,0.0,0.012735233,0.0,0.006828121,0.0,0.072594635,0.0,0.029568246,0.0,0.026309546,0.0,0.18571584,0.0,0.02171416,0.0,0.012093412,0.0,0.007463777,0.0,0.013382096
0.0,0.0,2.4190472e-09,0.003398387,0.0,0.0041595954,0.0,0.010690182,0.0,0.010350339,0.0,0.049036283,0.0,0.062394574,0.0,0.024891924,0.0,0.08512785,0.0,0.03218257,0.0,0.0126653435,0.0,0.0077456394,0.0,0.04596262
0.0,0.0,2.4127176e-09,0.0010418108,0.0,0.0034690986,0.0,0.0058692596,0.0,0.0062724855,0.0,0.020894125,0.0,0.035201885,0.0,0.02254432,0.0,0.020689905,0.0,0.014758661,0.0,0.008334813,0.0,0.0051011704,0.0,0.019858336
0.0,0.0,9.713527e-10,0.0011637862,0.0,0.0033080592,0.0,0.007463165,0.0,0.0049038543,0.0,0.009625046,0.0,0.07453344,0.0,0.021575486,0.0,0.18270832,0.0,0.069392726,0.0,0.008768145,0.0,0.005143541,0.0,0.020202925
0.0,0.0,3.6972403e-10,0.0004912629,0.0,0.0030166416,0.0,0.0077754944,0.0,0.0022128967,0.0,0.026017193,0.0,0.03592425,0.0,0.02042252,0.0,0.07922553,0.0,0.04305013,0.0,0.007976677,0.0,0.0047273235,0.0,0.019349549
0.0,0.0,3.6875664e-10,0.00084818085,0.0,0.0027419026,0.0,0.010845864,0.0,0.002117233,0.0,0.009593469,0.0,0.020638645,0.0,0.019107636,0.0,0.019826956,0.0,0.017445311,0.0,0.007874462,0.0,0.0044388883,0.0,0.023453595
0.0,0.0,3.144333e-10,0.00091270293,0.0,0.0023255253,0.0,0.0072556445,0.0,0.00078046275,0.0,0.05100848,0.0,0.054396614,0.0,0.017293572,0.0,0.15891053,0.0,0.029351495,0.0,0.0059846723,0.0,0.0033426082,0.0,0.017226746
0.0,0.0,2.681126e-10,0.0010053096,0.0,0.0024282043,0.0,0.003399972,0.0,0.0017602354,0.0,0.030786201,0.0,0.036635794,0.0,0.017556997,0.0,0.05954174,0.0,0.015361937,0.0,0.01258502,0.0,0.006932764,0.0,0.026228143
0.0,0.0,1.079413e-10,0.0019157415,0.0,0.002400772,0.0,0.0011572023,0.0,0.0020532282,0.0,0.008564122,0.0,0.01371771,0.0,0.01737859,0.0,0.052834503,0.0,0.026881501,0.0,0.007934296,0.0,0.004716291,0.0,0.014168138
0.0,0.0,1.0765887e-10,0.00076148025,0.0,0.0021635199,0.0,0.0043682517,0.0,0.002532162,0.0,0.055005863,0.0,0.12609456,0.0,0.016284296,0.0,0.019463638,0.0,0.02617195,0.0,0.006574568,0.0,0.0037632377,0.0,0.01982008
0.0,0.0,1.0737717e-10,0.0005833302,0.0,0.002164863,0.0,0.0062304134,0.0,0.0013242828,0.0,0.040621743,0.0,0.060088992,0.0,0.016175438,0.0,0.15850802,0.0,0.015039504,0.0,0.0046440247,0.0,0.002593609,0.0,0.021346323
0.0,0.0,1.07096214e-10,0.0011383315,0.0,0.0018751114,0.0,0.007418765,0.0,0.0019457459,0.0,0.013846368,0.0,0.023403928,0.0,0.012756174,0.0,0.06780878,0.0,0.015271296,0.0,0.006852258,0.0,0.003500906,0.0,0.021757513
0.0,0.0,5.6184387e-11,0.00041098555,0.0,0.0011795476,0.0,0.0056006066,0.0,0.0007322701,0.0,0.037762236,0.0,0.14072439,0.0,0.007998618,0.0,0.016189793,0.0,0.018699603,0.0,0.003909291,0.0,0.002161246,0.0,0.015226186
0.0,0.0,5.603738e-11,0.0004911842,0.0,0.0006568747,0.0,0.0016015447,0.0,0.00071168225,0.0,0.01881678,0.0,0.08560642,0.0,0.0046585593,0.0,0.115849845,0.0,0.006115437,0.0,0.00310099,0.0,0.0016880096,0.0,0.015618712
0.0,0.0,5.5890754e-11,0.0015783901,0.0,0.00042177876,0.0,0.0022141808,0.0,0.0014846566,0.0,0.004529253,0.0,0.027076367,0.0,0.0028738445,0.0,0.055256296,0.0,0.020529285,0.0,0.002866563,0.0,0.0013891198,0.0,0.012236178
0.0,0.0,5.5744513e-11,0.0005334681,0.0,0.0002283381,0.0,0.0011544435,0.0,0.0008197456,0.0,0.009406287,0.0,0.036935795,0.0,0.0015943769,0.0,0.029105306,0.0,0.0034456428,0.0,0.0017026927,0.0,0.00085444725,0.0,0.009231291
0.0,0.0,5.5598654e-11,0.00031561183,0.0,0.000120460085,0.0,0.0008731912,0.0,0.0006086169,0.0,0.022794727,0.0,0.014934357,0.0,0.000883719,0.0,0.027543843,0.0,0.016626867,0.0,0.0026863369,0.0,0.0012617961,0.0,0.004438328
0.0,0.0,5.545318e-11,0.000347625,0.0,6.629957e-05,0.0,0.0007058693,0.0,0.0009824304,0.0,0.0070027546,0.0,0.051647652,0.0,0.00051349984,0.0,0.06475907,0.0,0.0020195046,0.0,0.0020797316,0.0,0.0010476345,0.0,0.0031402074
0.0,0.0,3.1486667e-11,0.0004731609,0.0,4.1283423e-05,0.0,0.0007828474,0.0,0.00081879226,0.0,0.032454614,0.0,0.0300376,0.0,0.00032089846,0.0,0.016529616,0.0,0.0059217634,0.0,0.0012258377,0.0,0.00064890314,0.0,0.0014952498
0.0,0.0,3.140428e-11,0.000715311,0.0,2.9077157e-05,0.0,0.0014894914,0.0,0.00094072666,0.0,0.014609569,0.0,0.08013669,0.0,0.00021067577,0.0,0.1822438,0.0,0.027753126,0.0,0.0019496237,0.0,0.00096419384,0.0,0.001110665
0.0,0.0,3.1322108e-11,0.0004984254,0.0,1.7662467e-05,0.0,0.0010613058,0.0,0.00045280243,0.0,0.0066076918,0.0,0.021417912,0.0,0.00013905806,0.0,0.051693823,0.0,0.005472181,0.0,0.0024629761,0.0,0.0011525793,0.0,0.0005108085
0.0,0.0,3.1240153e-11,0.00036696077,0.0,1.1636006e-05,0.0,0.00097139226,0.0,0.00053493696,0.0,0.025817752,0.0,0.034352317,0.0,0.000101766615,0.0,0.04208519,0.0,0.027093468,0.0,0.001674768,0.0,0.0008222213,0.0,0.00057206984
0.0,0.0,1.9332261e-11,0.0024973333,0.0,1.2885996e-05,0.0,0.0065383073,0.0,0.0037918997,0.0,0.012278988,0.0,0.0258439,0.0,8.3784886e-05,0.0,0.06707089,0.0,0.003530052,0.0,0.0035130016,0.0,0.0019974217,0.0,0.00235347
0.0,0.0,1.9281677e-11,0.00065441855,0.0,1.1181332e-05,0.0,0.010235326,0.0,0.0025015029,0.0,0.06006516,0.0,0.11936734,0.0,7.06097e-05,0.0,0.031106487,0.0,0.039351817,0.0,0.004248318,0.0,0.002422306,0.0,0.0028389879
0.0,0.0,1.9231226e-11,0.000345501,0.0,8.927637e-06,0.0,0.007020229,0.0,0.0023564645,0.0,0.041444663,0.0,0.09028097,0.0,6.3175605e-05,0.0,0.05073106,0.0,0.010970207,0.0,0.0025567675,0.0,0.0015018306,0.0,0.003818618
0.0,0.0,1.9180907e-11,0.0007672571,0.0,8.902363e-06,0.0,0.0031895754,0.0,0.00090397854,0.0,0.015698966,0.0,0.053425193,0.0,6.0340644e-05,0.0,0.024821477,0.0,0.0022891602,0.0,0.0070378007,0.0,0.0038849085,0.0,0.007124264
0.0,0.0,1.6355273e-11,0.0001569263,0.0,0.0025862346,0.0,0.0048599457,0.0,0.0010287379,0.0,0.011170964,0.0,0.01156964,0.0,0.023696188,0.0,0.11274602,0.0,0.036331657,0.0,0.0062941047,0.0,0.0036525899,0.0,0.011082702
0.0,0.0,8.580238e-12,2.7482633e-05,0.0,0.0040689036,0.0,0.0031880946,0.0,0.00082330604,0.0,0.010586836,0.0,0.09434362,0.0,0.03925264,0.0,0.026677184,0.0,0.025990358,0.0,0.0088632265,0.0,0.0046000993,0.0,0.0049335198
0.0,0.0,8.557788e-12,4.921783e-06,0.0,0.0050409986,0.0,0.004354359,0.0,0.0010531086,0.0,0.04136607,0.0,0.05128899,0.0,0.045561947,0.0,0.078656875,0.0,0.028464384,0.0,0.010586617,0.0,0.0055519617,0.0,0.00561642
0.0,0.0,8.535396e-12,1.2274918e-06,0.0,0.0053849807,0.0,0.0015097527,0.0,0.00060351373,0.0,0.025519853,0.0,0.011700109,0.0,0.045446765,0.0,0.027035095,0.0,0.033867724,0.0,0.010280449,0.0,0.005261071,0.0,0.005339472
0.0,0.0,3.248811e-12,1.5036977e-07,0.0,0.0056502456,0.0,0.0014831875,0.0,0.00126371,0.0,0.010315545,0.0,0.13971922,0.0,0.042650945,0.0,0.07590423,0.0,0.02432491,0.0,0.011216884,0.0,0.0060687154,0.0,0.006987162
0.0,0.0,9.834918e-13,1.4916502e-07,0.0,0.0047658086,0.0,0.0020513549,0.0,0.000626688,0.0,0.040796295,0.0,0.09004586,0.0,0.035669893,0.0,0.030168464,0.0,0.040880118,0.0,0.00861478,0.0,0.004568482,0.0,0.007299442
0.0,0.0,9.809185e-13,7.8333564e-08,0.0,0.003266798,0.0,0.0010970454,0.0,0.00047541357,0.0,0.022272857,0.0,0.033222493,0.0,0.026701942,0.0,0.024504296,0.0,0.017669315,0.0,0.006111844,0.0,0.0031666644,0.0,0.0047777267
0.0,0.0,9.783518e-13,7.930104e-10,0.0,0.0024380402,0.0,0.0026549504,0.0,0.00083130883,0.0,0.015835056,0.0,0.033428915,0.0,0.019852428,0.0,0.10944384,0.0,0.029526992,0.0,0.0043468326,0.0,0.0022442872,0.0,0.0033576179
0.0,0.0,7.847298e-13,1.373179e-10,0.0,0.0015390991,0.0,0.001821841,0.0,0.0004763648,0.0,0.006008306,0.0,0.014418345,0.0,0.013210984,0.0,0.02337185,0.0,0.009460166,0.0,0.004261643,0.0,0.0020342758,0.0,0.0017444445
0.0,0.0,7.1600256e-13,1.3018304e-09,0.0,0.0010957515,0.0,0.0003617889,0.0,0.00027043305,0.0,0.021918032,0.0,0.08133912,0.0,0.009125207,0.0,0.091069184,0.0,0.028907195,0.0,0.0032543587,0.0,0.0016560928,0.0,0.0012593217
0.0,0.0,7.141291e-13,1.2114397e-10,0.0,0.000684532,0.0,0.00047900277,0.0,0.00016207289,0.0,0.008541893,0.0,0.029031679,0.0,0.0057217176,0.0,0.02380453,0.0,0.007005936,0.0,0.001790349,0.0,0.0009150391,0.0,0.000958009
0.0,0.0,7.1226055e-13,7.35032e-13,0.0,0.00042744697,0.0,0.00044559335,0.0,9.2292954e-05,0.0,0.01892984,0.0,0.016753366,0.0,0.0034816996,0.0,0.0705666,0.0,0.017829511,0.0,0.0016343597,0.0,0.0007639527,0.0,0.00059865107
0.0,0.0,7.103969e-13,1.2737607e-13,0.0,0.00021554697,0.0,0.00059416436,0.0,0.000103980325,0.0,0.0074947383,0.0,0.0481439,0.0,0.0019179361,0.0,0.008075276,0.0,0.0027408993,0.0,0.0004790429,0.0,0.0002680677,0.0,0.00041585194
0.0,0.0,6.0574484e-13,2.7123577e-14,0.0,0.00012096724,0.0,0.00023781887,0.0,4.667966e-05,0.0,0.0073629087,0.0,0.017380306,0.0,0.001109992,0.0,0.02477345,0.0,0.0048609753,0.0,0.0005120545,0.0,0.00023153055,0.0,0.00034742974
0.0,0.0,6.041599e-13,5.1977313e-15,0.0,6.421784e-05,0.0,0.00019119907,0.0,2.6089236e-05,0.0,0.0027546752,0.0,0.029186826,0.0,0.00062508247,0.0,0.045272604,0.0,0.008269416,0.0,0.00025443546,0.0,0.000117969445,0.0,0.00021322716
0.0,0.0,2.7515962e-13,7.598943e-12,0.0,4.1787138e-05,0.0,0.00042508135,0.0,3.4564884e-05,0.0,0.0033405386,0.0,0.013618906,0.0,0.00039766394,0.0,0.008901816,0.0,0.008104158,0.0,0.0010392019,0.0,0.0004187256,0.0,0.0002951253
0.0,0.0,2.7443965e-13,2.563383e-12,0.0,2.5654472e-05,0.0,0.00073071197,0.0,2.5206184e-05,0.0,0.013337433,0.0,0.049896836,0.0,0.00025051818,0.0,0.057833083,0.0,0.005222382,0.0,0.00034141858,0.0,0.00017641448,0.0,0.0002828006
0.0,0.0,2.7372156e-13,6.7756174e-12,0.0,1.5294161e-05,0.0,0.00058536994,0.0,5.143603e-05,0.0,0.0035949014,0.0,0.01201753,0.0,0.0001633015,0.0,0.008479497,0.0,0.006758049,0.0,0.00022201841,0.0,9.9029094e-05,0.0,0.00017558644
0.0,0.0,2.7300536e-13,1.3486729e-12,0.0,1.1192397e-05,0.0,0.00069893064,0.0,5.7961395e-05,0.0,0.009138319,0.0,0.057556603,0.0,0.0001210836,0.0,0.061075922,0.0,0.007855902,0.0,0.00073286047,0.0,0.0003022543,0.0,0.00016952162
0.0,0.0,2.7229103e-13,2.6120095e-13,0.0,7.4446634e-06,0.0,0.0005147928,0.0,5.5821478e-05,0.0,0.0062150587,0.0,0.014613631,0.0,9.2388145e-05,0.0,0.009762063,0.0,0.006255995,0.0,0.00020252317,0.0,0.000108313834,0.0,9.184327e-05
0.0,0.0,2.7157855e-13,1.3371008e-19,0.0,6.801319e-06,0.0,0.0005552886,0.0,6.287744e-05,0.0,0.016793886,0.0,0.037092727,0.0,8.158855e-05,0.0,0.06454689,0.0,0.008678788,0.0,0.000570291,0.0,0.0002269608,0.0,3.665163e-05
0.0,0.0,2.7086796e-13,2.2315833999999998e-20,0.0,6.4863752e-06,0.0,0.00034202944,0.0,0.00010942347,0.0,0.005483585,0.0,0.015162582,0.0,7.421048e-05,0.0,0.014155259,0.0,0.002908122,0.0,0.00017906187,0.0,9.522255e-05,0.0,1.1084451e-05
0.0,0.0,1.2336456e-13,5.350545e-21,0.0,5.183385e-06,0.0,0.0003564842,0.0,5.04934e-05,0.0,0.0068662507,0.0,0.027698277,0.0,6.650681e-05,0.0,0.060756873,0.0,0.00772086,0.0,0.00086884125,0.0,0.00031927373,0.0,2.8358086e-06
0.0,0.0,1.2304177e-13,1.0990599e-21,0.0,4.8928646e-06,0.0,0.00022479464,0.0,4.2516596e-05,0.0,0.005129055,0.0,0.012244328,0.0,6.5071385e-05,0.0,0.009090451,0.0,0.006489424,0.0,0.00019326959,0.0,0.00010991322,0.0,9.1870146e-07
0.0,0.0,1.2271983e-13,5.441097500000001e-22,0.0,0.00015783194,0.0,0.00029843347,0.0,2.593501e-05,0.0,0.008721429,0.0,0.033382263,0.0,0.003115928,0.0,0.059828784,0.0,0.0065046395,0.0,0.00057848427,0.0,0.00021522155,0.0,4.4199356e-07
0.0,0.0,1.2239873e-13,6.3672075e-23,0.0,0.0007712965,0.0,0.0005685153,0.0,5.6267658e-05,0.0,0.0030381659,0.0,0.01369344,0.0,0.010863914,0.0,0.025804233,0.0,0.015557494,0.0,0.0010414527,0.0,0.000435581,0.0,8.577744e-07
0.0,0.0,1.2207847e-13,6.0121874e-24,0.0,0.0008592558,0.0,0.0004884941,0.0,6.2329345e-05,0.0,0.00818994,0.0,0.037922237,0.0,0.010365092,0.0,0.031795792,0.0,0.0055658217,0.0,0.002189249,0.0,0.00092759327,0.0,1.6966289e-06
0.0,0.0,7.554549e-14,1.0511475e-24,0.0,0.0006313836,0.0,0.0003149737,0.0,4.3476877e-05,0.0,0.0028819155,0.0,0.008758725,0.0,0.0073981932,0.0,0.01979963,0.0,0.007093234,0.0,0.0013122862,0.0,0.000586756,0.0,1.5717768e-06
0.0,0.0,7.534782e-14,1.9470542e-25,0.0,0.00037152486,0.0,0.00020746002,0.0,2.3960567e-05,0.0,0.0029261508,0.0,0.02083199,0.0,0.004517518,0.0,0.030264085,0.0,0.00816382,0.0,0.00090668496,0.0,0.00038613525,0.0,9.595154e-07
0.0,0.0,7.5150674e-14,3.522391e-26,0.0,0.00023829147,0.0,6.5085645e-05,0.0,2.8072664e-05,0.0,0.0043819714,0.0,0.013788061,0.0,0.0028837076,0.0,0.024824185,0.0,0.011112368,0.0,0.00050303206,0.0,0.00023585754,0.0,6.7512013e-07
0.0,0.0,7.495404e-14,6.2939733e-27,0.0,0.00015926137,0.0,9.6582306e-05,0.0,3.0429763e-05,0.0,0.0056346008,0.0,0.0075551476,0.0,0.0018403673,0.0,0.033864673,0.0,0.0029810702,0.0,0.00043949104,0.0,0.00018504188,0.0,4.6343996e-07
0.0,0.0,7.4757915e-14,1.2318702e-27,0.0,0.00010893076,0.0,0.00012861803,0.0,2.7794595e-05,0.0,0.0034659957,0.0,0.02808054,0.0,0.0011596248,0.0,0.036268108,0.0,0.003976671,0.0,0.00068306556,0.0,0.00026965476,0.0,5.0897955e-07
0.0,0.0,7.456231e-14,6.527212000000001e-27,0.0,7.270318e-05,0.0,0.00036049195,0.0,3.8885737e-05,0.0,0.016242394,0.0,0.00501998,0.0,0.00072385545,0.0,0.010804855,0.0,0.00585325,0.0,0.00022128719,0.0,0.000112517824,0.0,3.4058587e-07
0.0,0.0,7.4367216e-14,3.7806905e-29,0.0,4.236219e-05,0.0,0.00021790403,0.0,4.8169662e-05,0.0,0.004563061,0.0,0.025364185,0.0,0.00042764057,0.0,0.062268443,0.0,0.0072850473,0.0,0.0002864455,0.0,0.00012036534,0.0,2.7426634e-07
0.0,0.0,7.417263e-14,6.645324e-30,0.0,2.7497235e-05,0.0,9.974805e-05,0.0,7.1028015e-05,0.0,0.007355178,0.0,0.004320928,0.0,0.00027826763,0.0,0.014452787,0.0,0.005992171,0.0,0.0003924546,0.0,0.00016457173,0.0,2.9832037e-07
0.0,0.0,6.658843e-14,1.2144912e-30,0.0,1.7830756e-05,0.0,0.00013883496,0.0,0.00010571373,0.0,0.0035156119,0.0,0.011984107,0.0,0.00018743906,0.0,0.096230775,0.0,0.007919097,0.0,0.00013353693,0.0,6.778944e-05,0.0,1.9871028e-07
0.0,0.0,3.6674955e-14,2.1077166e-31,0.0,1.3791023e-05,0.0,0.0001971124,0.0,0.00013878678,0.0,0.010713328,0.0,0.061088428,0.0,0.00013502402,0.0,0.020945936,0.0,0.012076421,0.0,0.0002937084,0.0,0.00013300114,0.0,3.6819026e-07
0.0,0.0,3.6578992e-14,1.7770310000000001e-29,0.0,9.471974e-06,0.0,0.00015804483,0.0,0.00012867719,0.0,0.0024044511,0.0,0.013060025,0.0,0.0001006026,0.0,0.08274103,0.0,0.0017426744,0.0,0.00011338741,0.0,6.036356e-05,0.0,2.928166e-07
0.0,0.0,8.220749e-15,1.16188525e-29,0.0,8.378893e-06,0.0,0.00034439805,0.0,0.0001253218,0.0,0.006141106,0.0,0.05976321,0.0,8.5467145e-05,0.0,0.024317062,0.0,0.004413061,0.0,0.00036936766,0.0,0.00016115683,0.0,4.4447438e-07
0.0,0.0,8.199239e-15,1.9001984e-09,0.0,6.566898e-06,0.0,0.00027434033,0.0,0.00013035836,0.0,0.013328423,0.0,0.012431397,0.0,7.248387e-05,0.0,0.037799038,0.0,0.015323059,0.0,0.00016753281,0.0,8.618651e-05,0.0,3.960425e-07
0.0,0.0,8.1777855e-15,2.217761e-08,0.0,5.797459e-06,0.0,0.0001477305,0.0,0.00015283756,0.0,0.0036553922,0.0,0.06754183,0.0,6.73801e-05,0.0,0.028277896,0.0,0.0018677271,0.0,0.0009162229,0.0,0.00037897378,0.0,8.05554e-07
0.0,0.0,8.156388e-15,2.2946322e-08,0.0,6.0607317e-06,0.0,0.00024332869,0.0,0.00017069669,0.0,0.005492687,0.0,0.016597813,0.0,6.530304e-05,0.0,0.025449825,0.0,0.00404514,0.0,0.00050229183,0.0,0.00024619678,0.0,7.732484e-07
0.0,0.0,8.135046e-15,2.841327e-08,0.0,6.0786415e-06,0.0,0.00022733265,0.0,0.00025486774,0.0,0.021845289,0.0,0.04768822,0.0,6.374133e-05,0.0,0.059175324,0.0,0.011245961,0.0,0.0016038837,0.0,0.00069773546,0.0,1.6014341e-06
0.0,0.0,8.11376e-15,3.436254e-08,0.0,5.8539003e-06,0.0,0.0003378875,0.0,0.0002095161,0.0,0.0069994237,0.0,0.008151685,0.0,6.205309e-05,0.0,0.0073772147,0.0,0.004003697,0.0,0.0008676058,0.0,0.00044202295,0.0,1.9039691e-06
0.0,0.0,8.09253e-15,6.85577e-08,0.0,6.8354657e-06,0.0,0.000800371,0.0,0.00042744877,0.0,0.03533774,0.0,0.13196602,0.0,6.1746265e-05,0.0,0.06472679,0.0,0.018102087,0.0,0.00013474161,0.0,0.000103081635,0.0,1.428224e-06
0.0,0.0,3.45827e-15,3.8797972e-07,0.0,7.0551027e-06,0.0,0.0017642676,0.0,0.0015386496,0.0,0.02255625,0.0,0.07578681,0.0,5.9415586e-05,0.0,0.009868206,0.0,0.004315747,0.0,0.00070153037,0.0,0.000348201,0.0,1.7658042e-06
0.0,0.0,3.4492213e-15,3.6313713e-07,0.0,0.0005675398,0.0,0.00096437306,0.0,0.00081576227,0.0,0.0060394625,0.0,0.019630443,0.0,0.008126315,0.0,0.07908036,0.0,0.020387461,0.0,0.0012632675,0.0,0.00057327107,0.0,1.7500611e-06
0.0,0.0,1.0809927e-15,2.380532e-07,0.0,0.0013183391,0.0,0.0036188306,0.0,0.00074714224,0.0,0.022840003,0.0,0.039947312,0.0,0.014357603,0.0,0.011358059,0.0,0.008181765,0.0,0.003638573,0.0,0.0016690803,0.0,4.76599e-06
0.0,0.0,1.0781641e-15,1.8438163e-07,0.0,0.0014735287,0.0,0.002322186,0.0,0.0010295645,0.0,0.007897386,0.0,0.010164739,0.0,0.013218402,0.0,0.10557934,0.0,0.03605338,0.0,0.0041381097,0.0,0.0020962036,0.0,9.381667e-06
0.0,0.0,3.8925436e-16,7.3915226e-07,0.0,0.0014109006,0.0,0.0017308737,0.0,0.0023938434,0.0,0.04194043,0.0,0.17170744,0.0,0.010452232,0.0,0.015230963,0.0,0.015888184,0.0,0.004618694,0.0,0.002503509,0.0,1.7816537e-05
0.0,0.0,3.3191142000000004e-16,6.863326e-07,0.0,0.0009477082,0.0,0.0031700197,0.0,0.00092092843,0.0,0.020762933,0.0,0.08879444,0.0,0.006789981,0.0,0.12356684,0.0,0.0061827963,0.0,0.003720071,0.0,0.0020483243,0.0,1.7172883e-05
0.0,0.0,2.8301594e-16,5.19121e-07,0.0,0.0007072911,0.0,0.004587844,0.0,0.000495191,0.0,0.0053012134,0.0,0.08061086,0.0,0.0044864547,0.0,0.031076042,0.0,0.031917542,0.0,0.0035410759,0.0,0.001979551,0.0,1.8622544e-05
0.0,0.0,2.822754e-16,6.548059e-07,0.0,0.00048533533,0.0,0.004385961,0.0,0.002197313,0.0,0.015022389,0.0,0.042505294,0.0,0.002800257,0.0,0.055071205,0.0,0.005944943,0.0,0.004038217,0.0,0.002306829,0.0,2.3008874e-05
0.0,0.0,1.2855999e-16,1.3743863e-06,0.0,0.00032349996,0.0,0.0025574435,0.0,0.0021571435,0.0,0.00852602,0.0,0.026428353,0.0,0.001719877,0.0,0.07085841,0.0,0.03566883,0.0,0.0033247778,0.0,0.001935666,0.0,2.1092797e-05
0.0,0.0,1.0962118999999999e-16,2.0684222e-06,0.0,0.00020628898,0.0,0.0017606693,0.0,0.003530041,0.0,0.097861595,0.0,0.07124404,0.0,0.0010325784,0.0,0.035166062,0.0,0.0102226585,0.0,0.003585591,0.0,0.0021279783,0.0,7.3493125e-06
0.0,0.0,1.09334364e-16,7.975058e-06,0.0,0.00012570462,0.0,0.002701867,0.0,0.002251681,0.0,0.09094986,0.0,0.021151697,0.0,0.0006075059,0.0,0.03169759,0.0,0.028262915,0.0,0.0024461031,0.0,0.0015114042,0.0,2.8009358e-06
0.0,0.0,1.09048286e-16,9.110086e-06,0.0,7.406175e-05,0.0,0.0021618274,0.0,0.005652346,0.0,0.080942385,0.0,0.18575673,0.0,0.00036042102,0.0,0.047716543,0.0,0.012241239,0.0,0.004966512,0.0,0.0029487272,0.0,1.927935e-06
0.0,0.0,9.298385e-17,8.379215e-06,0.0,4.33266e-05,0.0,0.004204029,0.0,0.00848209,0.0,0.047182538,0.0,0.131043,0.0,0.0002213475,0.0,0.017135212,0.0,0.0019273494,0.0,0.0012737202,0.0,0.00091250276,0.0,1.1525781e-06
0.0,0.0,7.0267034e-17,5.0194917e-06,0.0,3.0100944e-05,0.0,0.007120342,0.0,0.0052292557,0.0,0.017377527,0.0,0.07351868,0.0,0.00014945885,0.0,0.29710156,0.0,0.019894434,0.0,0.0036776222,0.0,0.0021703928,0.0,1.3824141e-06
0.0,0.0,7.0083175e-17,2.8331315e-06,0.0,2.2491626e-05,0.0,0.006336883,0.0,0.0050477996,0.0,0.14275084,0.0,0.07025376,0.0,0.00010823855,0.0,0.12084464,0.0,0.0022766527,0.0,0.0025719749,0.0,0.001645576,0.0,1.5013354e-06
0.0,0.0,5.2961205e-17,3.391545e-06,0.0,1.6926608e-05,0.0,0.020049995,0.0,0.009940568,0.0,0.16698733,0.0,0.30523288,0.0,8.118322e-05,0.0,0.076023124,0.0,0.03094934,0.0,0.011884467,0.0,0.007448593,0.0,7.2922103e-06
0.0,0.0,3.602163e-17,3.508944e-06,0.0,1.4283473e-05,0.0,0.018590083,0.0,0.021614302,0.0,0.14693244,0.0,0.22916546,0.0,6.7311e-05,0.0,0.049947392,0.0,0.0045209783,0.0,0.0024008132,0.0,0.0019582543,0.0,1.1781214e-05
0.0,0.0,9.048388e-18,2.2637012e-05,0.0,1.2102228e-05,0.0,0.021750305,0.0,0.0050093387,0.0,0.10824839,0.0,0.14728966,0.0,5.9912687e-05,0.0,0.020624923,0.0,0.06247639,0.0,0.0079592625,0.0,0.0047910325,0.0,1.0722854e-05
0.0,0.0,5.136949e-18,5.2066875e-06,0.0,1.1474524e-05,0.0,0.022048175,0.0,0.011536639,0.0,0.086569406,0.0,0.13731402,0.0,5.355366e-05,0.0,0.27878946,0.0,0.0376659,0.0,0.00089094543,0.0,0.00084972975,0.0,1.1591969e-05
0.0,0.0,5.123508000000001e-18,1.2877055e-06,0.0,0.00848457,0.0,0.011536982,0.0,0.01730706,0.0,0.049240813,0.0,0.06938813,0.0,0.051388215,0.0,0.074395835,0.0,0.043437853,0.0,0.019165296,0.0,0.012427318,0.0,0.00023272319
0.0,0.0,5.110102199999999e-18,3.4269618e-07,0.0,0.015247273,0.0,0.041358653,0.0,0.012112093,0.0,0.013354725,0.0,0.044785153,0.0,0.07248797,0.0,0.17716932,0.0,0.04990783,0.0,0.03917074,0.0,0.026935004,0.0,0.0032309606
0.0,0.0,5.0967312e-18,9.964462e-08,0.0,0.018551853,0.0,0.024556762,0.0,0.019609401,0.0,0.2572381,0.0,0.075474896,0.0,0.07892219,0.0,0.12090891,0.0,0.055914614,0.0,0.03399944,0.0,0.023746848,0.0,0.010527989
0.0,0.0,5.0833954e-18,2.8846005e-08,0.0,0.019626416,0.0,0.04337189,0.0,0.023793276,0.0,0.25347778,0.0,0.07305925,0.0,0.07934562,0.0,0.056405943,0.0,0.05490309,0.0,0.04206949,0.0,0.029417759,0.0,0.04683535
0.0,0.0,3.7902505e-15,8.6392e-09,0.0,0.020435963,0.0,0.0341976,0.0,0.019509662,0.0,0.21736482,0.0,0.07250289,0.0,0.0781399,0.0,0.05661896,0.0,0.057979327,0.0,0.03618657,0.0,0.026434654,0.0,0.012784923
0.0,0.0,2.985901e-14,2.5047588e-09,0.0,0.02006771,0.0,0.08713714,0.0,0.018901035,0.0,0.19361803,0.0,0.07684938,0.0,0.07509263,0.0,0.03404671,0.0,0.053701438,0.0,0.05174119,0.0,0.037148066,0.0,0.06122493
0.0,0.0,2.5460018e-14,5.322032e-10,0.0,0.018350573,0.0,0.11667453,0.0,0.010226375,0.0,0.14127682,0.0,0.056180764,0.0,0.07061977,0.0,0.067156024,0.0,0.05422239,0.0,0.0373277,0.0,0.027460536,0.0,0.11383027
0.0,0.0,1.1595411e-14,1.7421001e-10,0.0,0.019000592,0.0,0.09660442,0.0,0.07735781,0.0,0.08863915,0.0,0.08495215,0.0,0.0690333,0.0,0.24841651,0.0,0.05107666,0.0,0.034421824,0.0,0.02586306,0.0,0.060376555
0.0,0.0,2.3296394e-15,4.405581e-11,0.0,0.019609509,0.0,0.14291614,0.0,0.05282507,0.0,0.112186745,0.0,0.089208655,0.0,0.06836832,0.0,0.31734586,0.0,0.05306755,0.0,0.048454434,0.0,0.035203226,0.0,0.09849448
0.0,0.0,4.3651695000000005e-16,1.621602e-11,0.0,0.01934212,0.0,0.08540071,0.0,0.032614432,0.0,0.09935616,0.0,0.19771065,0.0,0.06661103,0.0,0.3106331,0.0,0.047252245,0.0,0.036520395,0.0,0.027647395,0.0,0.099815995
0.0,0.0,8.1931816e-17,4.9966403e-12,0.0,0.018947579,0.0,0.071838334,0.0,0.022631206,0.0,0.05540797,0.0,0.1534475,0.0,0.06467934,0.0,0.2697677,0.0,0.055117033,0.0,0.029786034,0.0,0.022204624,0.0,0.024039928
0.0,0.0,1.0897591e-13,2.3399776e-12,0.0,0.0195164,0.0,0.1248977,0.0,0.070845336,0.0,0.08593534,0.0,0.113353886,0.0,0.06458634,0.0,0.21428354,0.0,0.04820356,0.0,0.05595873,0.0,0.04118272,0.0,0.15206364
0.0,0.0,4.2517487e-13,0.029060418,0.0,0.018554758,0.0,0.10399718,0.0,0.031152504,0.0,0.060591955,0.0,0.11427116,0.0,0.06285872,0.0,0.14545926,0.0,0.050398845,0.0,0.04320718,0.0,0.033000037,0.0,0.09431681
0.0,0.0,1.816901e-13,0.010846133,0.0,0.018489596,0.0,0.07423055,0.0,0.030654116,0.0,0.023271637,0.0,0.08686029,0.0,0.06254382,0.0,0.116634674,0.0,0.045279916,0.0,0.032863293,0.0,0.025105115,0.0,0.124571644
0.0,0.0,1.3729806e-13,0.047917712,0.0,0.01927387,0.0,0.1049349,0.0,0.0429308,0.0,0.37126526,0.0,0.21253207,0.0,0.06338921,0.0,0.12593666,0.0,0.05861046,0.0,0.03429171,0.0,0.025978899,0.0,0.070255846
0.0,0.0,1.0375226e-13,0.00820767,0.0,0.02012053,0.0,0.040999286,0.0,0.021903865,0.0,0.33528942,0.0,0.22558397,0.0,0.06449231,0.0,0.13025658,0.0,0.047749408,0.0,0.035078626,0.0,0.026725939,0.0,0.20959415
0.0,0.0,5.8909705e-14,0.022771884,0.0,0.019156434,0.0,0.058193747,0.0,0.03946966,0.0,0.25604925,0.0,0.1943647,0.0,0.063786544,0.0,0.11896167,0.0,0.050681226,0.0,0.033229224,0.0,0.025571447,0.0,0.14224929
0.0,0.0,1.876483e-14,0.010785449,0.0,0.020260802,0.0,0.086970545,0.0,0.007711361,0.0,0.24599661,0.0,0.1711519,0.0,0.06548095,0.0,0.09340845,0.0,0.049480554,0.0,0.055635788,0.0,0.042215824,0.0,0.15753824
0.0,0.0,7.839246e-15,0.044337016,0.0,0.021837795,0.0,0.039938286,0.0,0.069676146,0.0,0.19765125,0.0,0.19208567,0.0,0.06837899,0.0,0.044128787,0.0,0.05475663,0.0,0.04567325,0.0,0.03590915,0.0,0.083199896
0.0,0.0,2.51738e-15,0.005390732,0.0,0.02371602,0.0,0.014531753,0.0,0.071636446,0.0,0.12969927,0.0,0.17106235,0.0,0.07117741,0.0,0.2078515,0.0,0.052965973,0.0,0.038076855,0.0,0.02997774,0.0,0.019774375
0.0,0.0,5.524596e-16,0.008832116,0.0,0.023007428,0.0,0.17218757,0.0,0.042450204,0.0,0.109232776,0.0,0.13238406,0.0,0.071168505,0.0,0.1901282,0.0,0.053265084,0.0,0.050231576,0.0,0.037992332,0.0,0.122678466
0.0,0.0,3.193036e-16,0.02753629,0.0,0.023207018,0.0,0.2258584,0.0,0.045021057,0.0,0.070502624,0.0,0.109399036,0.0,0.07214465,0.0,0.1464631,0.0,0.053331494,0.0,0.039575078,0.0,0.030826012,0.0,0.054436047
0.0,0.0,2.3058566e-16,0.014736606,0.0,0.023263318,0.0,0.27073157,0.0,0.030110387,0.0,0.04690308,0.0,0.082496084,0.0,0.072754286,0.0,0.09011365,0.0,0.055549126,0.0,0.038315672,0.0,0.0297367,0.0,0.13096014
0.0,0.0,9.9932305e-17,0.030780898,0.0,0.02264896,0.0,0.28457427,0.0,0.03284195,0.0,0.49293542,0.0,0.20577742,0.0,0.072589226,0.0,0.03778149,0.0,0.053315673,0.0,0.056135505,0.0,0.041582253,0.0,0.20931487
0.0,0.0,9.297778e-14,0.016058888,0.0,0.022880325,0.0,0.2926447,0.0,0.03747116,0.0,0.43921748,0.0,0.15663189,0.0,0.07329674,0.0,0.05462596,0.0,0.057770096,0.0,0.046723485,0.0,0.036715277,0.0,0.14358999
0.0,0.0,2.5548547e-13,0.076974474,0.0,0.025183463,0.0,0.18850434,0.0,0.035774395,0.0,0.30716914,0.0,0.12216546,0.0,0.07652448,0.0,0.39542922,0.0,0.058206487,0.0,0.041050524,0.0,0.032321505,0.0,0.08429535
0.0,0.0,8.749116e-14,0.052862164,0.0,0.025652146,0.0,0.20446517,0.0,0.049403053,0.0,0.27364284,0.0,0.6079863,0.0,0.07747917,0.0,0.41412887,0.0,0.058658384,0.0,0.061928865,0.0,0.047139052,0.0,0.25676638
0.0,0.0,4.5443802e-14,0.03253464,0.0,0.024943048,0.0,0.22315277,0.0,0.02956749,0.0,0.22993165,0.0,0.4265557,0.0,0.077291705,0.0,0.3647475,0.0,0.05949697,0.0,0.05118246,0.0,0.04071541,0.0,0.16868982
0.0,0.0,4.6802224e-08,0.028849252,0.0,0.025887052,0.0,0.22050098,0.0,0.030886762,0.0,0.172734,0.0,0.29983956,0.0,0.07903533,0.0,0.30587578,0.0,0.06093053,0.0,0.04364321,0.0,0.03470516,0.0,0.110920265
0.0,0.0,7.584202e-08,0.021921055,0.0,0.025609713,0.0,0.22105178,0.0,0.03126947,0.0,0.16933261,0.0,0.24116603,0.0,0.07964104,0.0,0.23992704,0.0,0.061731704,0.0,0.057476167,0.0,0.044522397,0.0,0.12481405
0.0,0.0,3.697627e-08,0.025774084,0.0,0.02685,0.0,0.08173864,0.0,0.045434836,0.0,0.13664773,0.0,0.15770403,0.0,0.081586786,0.0,0.17071746,0.0,0.0623517,0.0,0.047237396,0.0,0.03752227,0.0,0.052282263
0.0,0.0,3.1527655e-08,0.03672275,0.0,0.02859307,0.0,0.20306972,0.0,0.03963777,0.0,0.07562534,0.0,0.062490113,0.0,0.08407526,0.0,0.10033965,0.0,0.06437632,0.0,0.04626234,0.0,0.036762442,0.0,0.013837097
0.0,0.0,9.8539426e-09,0.030004444,0.0,0.028631512,0.0,0.16669627,0.0,0.047386423,0.0,0.49414438,0.0,0.06806753,0.0,0.084875666,0.0,0.047869276,0.0,0.064775206,0.0,0.069158375,0.0,0.053374812,0.0,0.2662656
0.0,0.0,5.6235843e-09,0.023676125,0.0,0.026889997,0.0,0.1968596,0.0,0.028578997,0.0,0.44177645,0.0,0.09527544,0.0,0.08356924,0.0,0.020143962,0.0,0.064037,0.0,0.058038417,0.0,0.045976244,0.0,0.18725827
0.0,0.0,2.8510518e-09,0.03285201,0.0,0.026482888,0.0,0.23466706,0.0,0.030053424,0.0,0.31737807,0.0,0.13114119,0.0,0.08376815,0.0,0.55275375,0.0,0.06354986,0.0,0.047334727,0.0,0.037344705,0.0,0.111328535
0.0,0.0,6.440952e-10,0.007877024,0.0,0.027536172,0.0,0.21599008,0.0,0.025451541,0.0,0.23447046,0.0,0.07532631,0.0,0.08561755,0.0,0.2395928,0.0,0.064722285,0.0,0.046849728,0.0,0.03651891,0.0,0.08429838
0.0,0.0,1.2707818e-10,0.04418256,0.0,0.029146489,0.0,0.1842845,0.0,0.05577643,0.0,0.14658336,0.0,0.020294024,0.0,0.087931536,0.0,0.122026324,0.0,0.06733745,0.0,0.055619135,0.0,0.043118276,0.0,0.024482029
0.0,0.0,2.3559953e-11,0.017577512,0.0,0.0292881,0.0,0.12481695,0.0,0.022422707,0.0,0.16398036,0.0,0.47937816,0.0,0.08878227,0.0,0.23060411,0.0,0.067769475,0.0,0.049214613,0.0,0.03890659,0.0,0.17915353
0.0,0.0,8.885329e-12,0.038315546,0.0,0.029014455,0.0,0.15073536,0.0,0.04291483,0.0,0.1482288,0.0,0.347873,0.0,0.08912432,0.0,0.19669147,0.0,0.06560978,0.0,0.055117607,0.0,0.04214005,0.0,0.099536225
0.0,0.0,5.49823e-12,0.00736288,0.0,0.028130267,0.0,0.16345488,0.0,0.023356568,0.0,0.1871879,0.0,0.2520629,0.0,0.08821205,0.0,0.11877475,0.0,0.065260366,0.0,0.04583799,0.0,0.035474684,0.0,0.035830785
0.0,0.0,2.3495103e-12,0.012087545,0.0,0.02734919,0.0,0.17597428,0.0,0.030921765,0.0,0.1504132,0.0,0.16820155,0.0,0.08738358,0.0,0.06332382,0.0,0.06503109,0.0,0.054764524,0.0,0.04126152,0.0,0.059400145
0.0,0.0,2.0032997e-12,0.03289406,0.0,0.028274277,0.0,0.18936056,0.0,0.024810888,0.0,0.13347739,0.0,0.17995754,0.0,0.088444404,0.0,0.036169033,0.0,0.06610226,0.0,0.047401972,0.0,0.036746576,0.0,0.1414452
0.0,0.0,9.12344e-13,0.009219029,0.0,0.027512504,0.0,0.16607367,0.0,0.02863126,0.0,0.09324607,0.0,0.15230702,0.0,0.08768865,0.0,0.17930946,0.0,0.064466774,0.0,0.051763404,0.0,0.038425628,0.0,0.08230219
0.0,0.0,7.779061e-13,0.023337558,0.0,0.027157882,0.0,0.115181394,0.0,0.012270101,0.0,0.17153578,0.0,0.097509705,0.0,0.08740506,0.0,0.13777699,0.0,0.06546367,0.0,0.04579482,0.0,0.0353261,0.0,0.081539795
0.0,0.0,3.5427447e-13,0.04881086,0.0,0.027386,0.0,0.05642197,0.0,0.11059688,0.0,0.16265228,0.0,0.10618658,0.0,0.08761371,0.0,0.30414477,0.0,0.06449185,0.0,0.06264951,0.0,0.04688887,0.0,0.02131884
0.0,0.0,3.5333113e-13,0.010308936,0.0,0.026384108,0.0,0.064349875,0.0,0.052797843,0.0,0.122943915,0.0,0.08165855,0.0,0.086841896,0.0,0.27065623,0.0,0.06435745,0.0,0.050206523,0.0,0.038987704,0.0,0.06700449
0.0,0.0,3.0126623e-13,0.035780806,0.0,0.02746904,0.0,0.033470538,0.0,0.025479903,0.0,0.055894323,0.0,0.105732985,0.0,0.0879386,0.0,0.20581646,0.0,0.06504425,0.0,0.044290144,0.0,0.03393745,0.0,0.11002052
0.0,0.0,2.2765354e-13,0.008174896,0.0,0.028218871,0.0,0.03905863,0.0,0.051517155,0.0,0.04669993,0.0,0.14205526,0.0,0.08879267,0.0,0.15431201,0.0,0.06397332,0.0,0.06613051,0.0,0.049036555,0.0,0.08430296
0.0,0.0,7.1700255e-14,0.061428502,0.0,0.028352488,0.0,0.028339788,0.0,0.034034777,0.0,0.022759134,0.0,0.1249005,0.0,0.0890885,0.0,0.10278071,0.0,0.064275905,0.0,0.05451192,0.0,0.042410806,0.0,0.035518646
0.0,0.0,2.2358097e-14,0.019109456,0.0,0.026704289,0.0,0.08748993,0.0,0.027039908,0.0,0.08738172,0.0,0.07352068,0.0,0.08713702,0.0,0.047357086,0.0,0.06276619,0.0,0.0443,0.0,0.03396742,0.0,0.1645128
0.0,0.0,1.6895023e-14,0.03419679,0.0,0.025675302,0.0,0.06862061,0.0,0.032618005,0.0,0.09071169,0.0,0.0813716,0.0,0.08598035,0.0,0.12614152,0.0,0.06333428,0.0,0.048710205,0.0,0.036588464,0.0,0.13083175
0.0,0.0,0.00052549713,0.011709128,0.0,0.025777785,0.0,0.08627937,0.0,0.023183612,0.0,0.056675937,0.0,0.06466064,0.0,0.08595285,0.0,0.09521498,0.0,0.06275359,0.0,0.043158837,0.0,0.032749213,0.0,0.07316822
0.0,0.0,0.00041208885,0.056557037,0.0,0.024520474,0.0,0.025133092,0.0,0.06286945,0.0,0.021139026,0.0,0.119063005,0.0,0.083861314,0.0,0.17638005,0.0,0.059820864,0.0,0.05784987,0.0,0.04185207,0.0,0.058436934
0.0,0.0,0.00035647443,0.010350426,0.0,0.02532819,0.0,0.07544525,0.0,0.019879859,0.0,0.25998777,0.0,0.17720397,0.0,0.084206074,0.0,0.21565533,0.0,0.062224407,0.0,0.04757927,0.0,0.036332868,0.0,0.018415099
0.0,0.0,0.00028933756,0.027322242,0.0,0.024019841,0.0,0.08624277,0.0,0.05324266,0.0,0.2535357,0.0,0.16825826,0.0,0.08244181,0.0,0.21370421,0.0,0.059131768,0.0,0.039334983,0.0,0.029482538,0.0,0.17003386
0.0,0.0,0.00023562986,0.039229512,0.0,0.023579592,0.0,0.13771178,0.0,0.019712789,0.0,0.19662023,0.0,0.1264776,0.0,0.08152724,0.0,0.21311586,0.0,0.05902897,0.0,0.056951102,0.0,0.040706526,0.0,0.10506018
0.0,0.0,0.00054428575,0.019670825,0.0,0.022313656,0.0,0.11272826,0.0,0.081478536,0.0,0.16621651,0.0,0.123774305,0.0,0.0791832,0.0,0.21101315,0.0,0.054827023,0.0,0.04191776,0.0,0.030959861,0.0,0.040346388
0.0,0.0,0.03084753,0.0368166,0.0,0.023081178,0.0,0.10314338,0.0,0.03152958,0.0,0.116946235,0.0,0.091324195,0.0,0.079796284,0.0,0.18903413,0.0,0.06114852,0.0,0.036977746,0.0,0.027288802,0.0,0.07794134
0.0,0.0,0.023916665,0.012506712,0.0,0.022242075,0.0,0.12597585,0.0,0.029353073,0.0,0.06412159,0.0,0.0407826,0.0,0.07896896,0.0,0.1563475,0.0,0.056969367,0.0,0.05687161,0.0,0.040499307,0.0,0.10367708
0.0,0.0,0.007629597,0.07019189,0.0,0.022670627,0.0,0.08951675,0.0,0.026618578,0.0,0.07954372,0.0,0.16357961,0.0,0.07864824,0.0,0.115679555,0.0,0.059666727,0.0,0.045852873,0.0,0.03495651,0.0,0.029581472
0.0,0.0,0.0049567167,0.016735677,0.0,0.022286609,0.0,0.0850232,0.0,0.0331594,0.0,0.055761587,0.0,0.13967384,0.0,0.077754416,0.0,0.059348892,0.0,0.056418672,0.0,0.037681445,0.0,0.028261371,0.0,0.111562885
0.0,0.0,0.009136627,0.06092102,0.0,0.021777648,0.0,0.08034947,0.0,0.014902421,0.0,0.026541485,0.0,0.1377343,0.0,0.077059306,0.0,0.18201824,0.0,0.05714844,0.0,0.054404348,0.0,0.039352007,0.0,0.11141429
0.0,0.0,0.0066635595,0.02381647,0.0,0.019866982,0.0,0.04229911,0.0,0.096000776,0.0,0.2723004,0.0,0.10559267,0.0,0.07427089,0.0,0.17124069,0.0,0.053959657,0.0,0.041018542,0.0,0.03044987,0.0,0.037088547
0.0,0.0,0.0017575064,0.025374385,0.0,0.019978423,0.0,0.011110546,0.0,0.065684505,0.0,0.29329345,0.0,0.12118461,0.0,0.07360129,0.0,0.2577707,0.0,0.0552669,0.0,0.032771356,0.0,0.02388997,0.0,0.011215943
0.0,0.0,0.0041654827,0.013047642,0.0,0.01961604,0.0,0.058864616,0.0,0.032969274,0.0,0.24913242,0.0,0.087503284,0.0,0.072640374,0.0,0.24850796,0.0,0.04905392,0.0,0.043352935,0.0,0.030151868,0.0,0.12778951
0.0,0.0,0.0025788823,0.05119671,0.0,0.01929684,0.0,0.029874116,0.0,0.04204889,0.0,0.22054106,0.0,0.11381951,0.0,0.07170915,0.0,0.21279442,0.0,0.0604674,0.0,0.032994855,0.0,0.02396958,0.0,0.04955678
0.0,0.0,0.001065832,0.018957192,0.0,0.018718112,0.0,0.045924056,0.0,0.02582465,0.0,0.17503397,0.0,0.09916021,0.0,0.07076681,0.0,0.16466816,0.0,0.050698437,0.0,0.03539541,0.0,0.025530798,0.0,0.030469475
0.0,0.0,0.0005096634,0.03168628,0.0,0.019092908,0.0,0.10555844,0.0,0.023983663,0.0,0.1302958,0.0,0.053914186,0.0,0.070695095,0.0,0.11382437,0.0,0.052345734,0.0,0.031025806,0.0,0.02247741,0.0,0.079729415
0.0,0.0,0.00043651438,0.008470706,0.0,0.018710572,0.0,0.08663705,0.0,0.016216174,0.0,0.11532893,0.0,0.034429308,0.0,0.06986826,0.0,0.11962693,0.0,0.04857529,0.0,0.044653755,0.0,0.031631317,0.0,0.13022177
0.0,0.0,0.013081176,0.009324879,0.0,0.017113926,0.0,0.083064444,0.0,0.021757927,0.0,0.09378027,0.0,0.35540235,0.0,0.06722629,0.0,0.06504739,0.0,0.0564711,0.0,0.033225514,0.0,0.024483424,0.0,0.053966865
0.0,0.0,0.013046181,0.019655077,0.0,0.017725628,0.0,0.056639116,0.0,0.017652575,0.0,0.053505577,0.0,0.2365988,0.0,0.06759356,0.0,0.026714114,0.0,0.046826858,0.0,0.02994108,0.0,0.02167412,0.0,0.09732931
0.0,0.0,0.0130112795,0.027398206,0.0,0.01656586,0.0,0.033878926,0.0,0.04060416,0.0,0.07558431,0.0,0.24623239,0.0,0.065470256,0.0,0.30635348,0.0,0.054128952,0.0,0.039447185,0.0,0.027609402,0.0,0.16414681
0.0,0.0,0.008869895,0.011474285,0.0,0.0169777,0.0,0.056928392,0.0,0.018342819,0.0,0.0574318,0.0,0.18038766,0.0,0.065333985,0.0,0.27722415,0.0,0.046112534,0.0,0.03038834,0.0,0.022188263,0.0,0.08478418
0.0,0.0,0.0075540263,0.033804826,0.0,0.016405014,0.0,0.041581087,0.0,0.042350885,0.0,0.025880672,0.0,0.09284383,0.0,0.06428426,0.0,0.24693103,0.0,0.05507718,0.0,0.034644037,0.0,0.02425244,0.0,0.028705625
0.0,0.0,0.0038344006,0.01300123,0.0,0.016458662,0.0,0.05897937,0.0,0.029682862,0.0,0.30575082,0.0,0.07516491,0.0,0.0639962,0.0,0.20774212,0.0,0.043278817,0.0,0.026200162,0.0,0.018602878,0.0,0.06315722
0.0,0.0,0.0027366937,0.02693029,0.0,0.016734103,0.0,0.06894009,0.0,0.026574587,0.0,0.32305112,0.0,0.05411243,0.0,0.064067714,0.0,0.17477554,0.0,0.05951594,0.0,0.0398313,0.0,0.027938211,0.0,0.09360738
0.0,0.0,0.010974398,0.0051451456,0.0,0.016393697,0.0,0.033046566,0.0,0.019827187,0.0,0.24694602,0.0,0.064830445,0.0,0.06334844,0.0,0.13172136,0.0,0.045078296,0.0,0.029542832,0.0,0.021587206,0.0,0.026314592
0.0,0.0,0.010945033,0.016757177,0.0,0.016392598,0.0,0.043923743,0.0,0.030707426,0.0,0.23726273,0.0,0.14722097,0.0,0.06307747,0.0,0.092299126,0.0,0.04881031,0.0,0.030156963,0.0,0.021492632,0.0,0.088956036
0.0,0.0,0.008272798,0.037353024,0.0,0.014877255,0.0,0.034213405,0.0,0.0075194803,0.0,0.2038371,0.0,0.116948456,0.0,0.0604197,0.0,0.034913752,0.0,0.04216141,0.0,0.026381435,0.0,0.018820776,0.0,0.13165723
0.0,0.0,0.0070112897,0.006497958,0.0,0.014165237,0.0,0.12550381,0.0,0.042790852,0.0,0.13356204,0.0,0.10010933,0.0,0.058814228,0.0,0.23646548,0.0,0.06700508,0.0,0.0424095,0.0,0.029806534,0.0,0.05111113
0.0,0.0,0.0043993816,0.008440788,0.0,0.013533212,0.0,0.04490751,0.0,0.025345124,0.0,0.129445,0.0,0.07361187,0.0,0.057280656,0.0,0.28008032,0.0,0.04339517,0.0,0.027643709,0.0,0.019836398,0.0,0.012949963
0.0,0.0,0.0021595675,0.011544246,0.0,0.012698619,0.0,0.015144691,0.0,0.020613758,0.0,0.098652504,0.0,0.04995808,0.0,0.055311393,0.0,0.28341448,0.0,0.040218715,0.0,0.022528483,0.0,0.015793735,0.0,0.10791677
0.0,0.0,0.0018417061,0.01255659,0.0,0.013019189,0.0,0.044315886,0.0,0.022816248,0.0,0.056012005,0.0,0.0329504,0.0,0.055652343,0.0,0.28148445,0.0,0.058994535,0.0,0.036657427,0.0,0.025326565,0.0,0.032202903
0.0,0.0,0.0012537536,0.023204604,0.0,0.01331459,0.0,0.041187324,0.0,0.01710787,0.0,0.0735614,0.0,0.11158999,0.0,0.055807922,0.0,0.25596884,0.0,0.041646685,0.0,0.026518637,0.0,0.019232223,0.0,0.06341206
0.0,0.0,0.0003470252,0.0077809286,0.0,0.01332174,0.0,0.009522083,0.0,0.013605838,0.0,0.052589126,0.0,0.0652942,0.0,0.055849317,0.0,0.19928777,0.0,0.042225976,0.0,0.028551232,0.0,0.01978244,0.0,0.03437268
0.0,0.0,0.00013884592,0.008666546,0.0,0.012310968,0.0,0.072479844,0.0,0.045174062,0.0,0.0310001,0.0,0.092353284,0.0,0.05383658,0.0,0.13891518,0.0,0.038683943,0.0,0.02314052,0.0,0.01634912,0.0,0.018153751
0.0,0.0,6.3182655e-05,0.02146379,0.0,0.012282065,0.0,0.060581718,0.0,0.017243262,0.0,0.1222018,0.0,0.21449459,0.0,0.05334597,0.0,0.10172668,0.0,0.05773763,0.0,0.03172101,0.0,0.021764584,0.0,0.1170592
0.0,0.0,4.9445287e-05,0.015459223,0.0,0.012005176,0.0,0.054421216,0.0,0.03237692,0.0,0.1228193,0.0,0.19532037,0.0,0.052191265,0.0,0.111573674,0.0,0.038878433,0.0,0.022940664,0.0,0.016406719,0.0,0.03809229
0.0,0.0,8.658246e-06,0.029645761,0.0,0.012680383,0.0,0.025460437,0.0,0.014933002,0.0,0.08266524,0.0,0.16034137,0.0,0.052889872,0.0,0.119155556,0.0,0.044905312,0.0,0.03793544,0.0,0.0264177,0.0,0.028011484
0.0,0.0,1.5000386e-06,0.015595914,0.0,0.013514416,0.0,0.039577186,0.0,0.044027865,0.0,0.10033078,0.0,0.22767486,0.0,0.054250356,0.0,0.11018152,0.0,0.038137134,0.0,0.026856191,0.0,0.019617736,0.0,0.026411941
0.0,0.0,2.7627914e-07,0.030069277,0.0,0.013067135,0.0,0.07794158,0.0,0.01107677,0.0,0.0876494,0.0,0.16098519,0.0,0.053514443,0.0,0.07805935,0.0,0.06848889,0.0,0.024220424,0.0,0.017361697,0.0,0.05405295
0.0,0.0,5.1805632e-08,0.017683584,0.0,0.012985824,0.0,0.09774842,0.0,0.043109685,0.0,0.04456636,0.0,0.12574197,0.0,0.05321755,0.0,0.03436774,0.0,0.04348225,0.0,0.038239717,0.0,0.026762871,0.0,0.046753578
0.0,0.0,2.8363692e-08,0.015620163,0.0,0.011821473,0.0,0.09699306,0.0,0.017865026,0.0,0.061173603,0.0,0.09937718,0.0,0.050728768,0.0,0.083671756,0.0,0.035021115,0.0,0.02424362,0.0,0.017359775,0.0,0.050408892
0.0,0.0,2.8287799e-08,0.010626201,0.0,0.011507729,0.0,0.06782962,0.0,0.02706392,0.0,0.03939043,0.0,0.072754204,0.0,0.049959973,0.0,0.1851469,0.0,0.08331144,0.0,0.020690197,0.0,0.014406683,0.0,0.042300448
0.0,0.0,2.4119155e-08,0.025660045,0.0,0.011559237,0.0,0.025704697,0.0,0.0128093995,0.0,0.010937327,0.0,0.037539672,0.0,0.049755633,0.0,0.22895893,0.0,0.052415058,0.0,0.030839905,0.0,0.021265145,0.0,0.062040325
0.0,0.0,4.1763895e-09,0.00953969,0.0,0.011545793,0.0,0.02196936,0.0,0.030134136,0.0,0.25972077,0.0,0.17560196,0.0,0.049439006,0.0,0.23050669,0.0,0.035365157,0.0,0.021341484,0.0,0.015298544,0.0,0.022434115
0.0,0.0,2.1225782e-05,0.015755504,0.0,0.0112333475,0.0,0.03272964,0.0,0.01806739,0.0,0.2768291,0.0,0.09578703,0.0,0.048835132,0.0,0.20023045,0.0,0.05279126,0.0,0.033276126,0.0,0.023048373,0.0,0.11301234
0.0,0.0,1.5746835e-05,0.06411095,0.0,0.011899047,0.0,0.047980227,0.0,0.059878703,0.0,0.22469781,0.0,0.02378256,0.0,0.049434073,0.0,0.227236,0.0,0.03471712,0.0,0.021133203,0.0,0.015064155,0.0,0.050898694
0.0,0.0,1.23415275e-05,0.017448593,0.0,0.012002525,0.0,0.046155076,0.0,0.016028415,0.0,0.24685727,0.0,0.41567662,0.0,0.049523085,0.0,0.21093827,0.0,0.048517205,0.0,0.025338292,0.0,0.017334884,0.0,0.057353456
0.0,0.0,3.183607e-05,0.015180237,0.0,0.010877414,0.0,0.05080868,0.0,0.024744047,0.0,0.21582599,0.0,0.37354168,0.0,0.047247835,0.0,0.158435,0.0,0.031738907,0.0,0.01751873,0.0,0.012141612,0.0,0.08786504
0.0,0.0,1.6959953e-05,0.01700955,0.0,0.010734151,0.0,0.02296813,0.0,0.011868696,0.0,0.17595257,0.0,0.2875596,0.0,0.046828162,0.0,0.0790584,0.0,0.06508977,0.0,0.02498957,0.0,0.016759252,0.0,0.029133197
0.0,0.0,1.691443e-05,0.03178705,0.0,0.010494447,0.0,0.017140146,0.0,0.030170478,0.0,0.16845894,0.0,0.20313065,0.0,0.046143375,0.0,0.092244245,0.0,0.03980796,0.0,0.017584985,0.0,0.012283656,0.0,0.03149817
0.0,0.0,1.3675565e-05,0.013807626,0.0,0.010922438,0.0,0.05427619,0.0,0.007918732,0.0,0.12948327,0.0,0.112132125,0.0,0.046872854,0.0,0.11523158,0.0,0.033438817,0.0,0.02814149,0.0,0.0191247,0.0,0.031843174
0.0,0.0,1.1264831e-05,0.024398008,0.0,0.011061936,0.0,0.04073473,0.0,0.026142936,0.0,0.07503599,0.0,0.060945377,0.0,0.046877168,0.0,0.16030124,0.0,0.047276895,0.0,0.019990994,0.0,0.014244989,0.0,0.04123907
0.0,0.0,1.1234594e-05,0.010102625,0.0,0.011511426,0.0,0.02545524,0.0,0.015243032,0.0,0.07810274,0.0,0.13102956,0.0,0.04756516,0.0,0.16217397,0.0,0.03390477,0.0,0.03170083,0.0,0.021720083,0.0,0.052934997
0.0,0.0,1.0168855e-05,0.036168497,0.0,0.011871795,0.0,0.022557441,0.0,0.06045266,0.0,0.05560906,0.0,0.10592308,0.0,0.048243273,0.0,0.12067173,0.0,0.050998088,0.0,0.021377895,0.0,0.01543461,0.0,0.062630646
0.0,0.0,8.978174e-06,0.017298754,0.0,0.012248895,0.0,0.04860263,0.0,0.01409716,0.0,0.020453695,0.0,0.08638235,0.0,0.04888676,0.0,0.0684246,0.0,0.03637716,0.0,0.030100672,0.0,0.021188214,0.0,0.10547731
0.0,0.0,1.0593548e-05,0.0139874285,0.0,0.011945549,0.0,0.034399197,0.0,0.034223877,0.0,0.13348478,0.0,0.05947205,0.0,0.048470613,0.0,0.06429517,0.0,0.042150144,0.0,0.02090478,0.0,0.015089552,0.0,0.043990016
0.0,0.0,1.0565111e-05,0.01691206,0.0,0.011793361,0.0,0.019506514,0.0,0.013932678,0.0,0.16055067,0.0,0.3562882,0.0,0.047943942,0.0,0.05142812,0.0,0.033241417,0.0,0.032338582,0.0,0.02170717,0.0,0.024028799
0.0,0.0,9.030965e-06,0.018783756,0.0,0.01203497,0.0,0.08571025,0.0,0.02828126,0.0,0.13045087,0.0,0.22974597,0.0,0.048331663,0.0,0.13090006,0.0,0.07737525,0.0,0.022255382,0.0,0.016165005,0.0,0.0724174
0.0,0.0,7.966134e-06,0.018547967,0.0,0.011677434,0.0,0.05729154,0.0,0.008781216,0.0,0.13843726,0.0,0.2362569,0.0,0.04763656,0.0,0.098607905,0.0,0.04811452,0.0,0.02483198,0.0,0.017244622,0.0,0.055139557
0.0,0.0,7.3075867e-06,0.02506673,0.0,0.012042196,0.0,0.053426098,0.0,0.027596021,0.0,0.110911354,0.0,0.17763965,0.0,0.048294544,0.0,0.084837124,0.0,0.034038566,0.0,0.019508973,0.0,0.013870592,0.0,0.02091169
0.0,0.0,8.985817e-06,0.024733594,0.0,0.012192165,0.0,0.02510474,0.0,0.01740174,0.0,0.065806046,0.0,0.09991231,0.0,0.04826091,0.0,0.04512777,0.0,0.05171817,0.0,0.031050794,0.0,0.021569638,0.0,0.105109036
0.0,0.0,8.300172e-06,0.012136771,0.0,0.011875407,0.0,0.032400988,0.0,0.036546938,0.0,0.073517315,0.0,0.047947265,0.0,0.047653537,0.0,0.03830268,0.0,0.035475925,0.0,0.021458164,0.0,0.01562758,0.0,0.044703685
0.0,0.0,9.606172e-06,0.013793416,0.0,0.010891261,0.0,0.031450324,0.0,0.006908577,0.0,0.055273052,0.0,0.03109213,0.0,0.045865867,0.0,0.1363211,0.0,0.038746595,0.0,0.02618369,0.0,0.017701006,0.0,0.021536767
0.0,0.0,8.743408e-06,0.026980298,0.0,0.0116386935,0.0,0.040607926,0.0,0.029188901,0.0,0.040742204,0.0,0.34343725,0.0,0.047204375,0.0,0.16893992,0.0,0.034554258,0.0,0.02002473,0.0,0.014441574,0.0,0.10677222
0.0,0.0,7.757731e-06,0.008524799,0.0,0.011784776,0.0,0.024004905,0.0,0.013005497,0.0,0.09622521,0.0,0.34724137,0.0,0.04774581,0.0,0.17149504,0.0,0.04539505,0.0,0.032912757,0.0,0.022897093,0.0,0.059139498
0.0,0.0,8.91071e-06,0.0392948,0.0,0.011855572,0.0,0.050006386,0.0,0.05828324,0.0,0.08263189,0.0,0.27004164,0.0,0.047713365,0.0,0.17730372,0.0,0.033890605,0.0,0.022215184,0.0,0.016149122,0.0,0.044316016
0.0,0.0,2.2462698e-05,0.006989755,0.0,0.011258891,0.0,0.029090751,0.0,0.03132899,0.0,0.046138268,0.0,0.18365273,0.0,0.046590943,0.0,0.15680467,0.0,0.054701835,0.0,0.02540629,0.0,0.017771343,0.0,0.083869055
0.0,0.0,1.5038511e-05,0.011285787,0.0,0.011842929,0.0,0.0467237,0.0,0.0244145,0.0,0.09243874,0.0,0.117200345,0.0,0.047813695,0.0,0.1155487,0.0,0.036795676,0.0,0.021121362,0.0,0.015346229,0.0,0.08391895
0.0,0.0,1.4150455e-05,0.0251563,0.0,0.012702915,0.0,0.027397979,0.0,0.02789958,0.0,0.072165675,0.0,0.04984008,0.0,0.04961758,0.0,0.0803234,0.0,0.038992163,0.0,0.038886115,0.0,0.027458638,0.0,0.03239931
0.0,0.0,1.2889137e-05,0.014495642,0.0,0.013623731,0.0,0.0762996,0.0,0.028585045,0.0,0.030815467,0.0,0.023986794,0.0,0.051242147,0.0,0.16246124,0.0,0.03768437,0.0,0.026930423,0.0,0.020155277,0.0,0.122306295
0.0,0.0,1.285452e-05,0.03771848,0.0,0.01314879,0.0,0.07341976,0.0,0.029039035,0.0,0.12011484,0.0,0.46929917,0.0,0.0503791,0.0,0.13130102,0.0,0.046357732,0.0,0.021606363,0.0,0.015590179,0.0,0.13621351
0.0,0.0,1.2050776e-05,0.018650603,0.0,0.012270873,0.0,0.10318155,0.0,0.019721635,0.0,0.11840403,0.0,0.36856848,0.0,0.049105767,0.0,0.06839608,0.0,0.034403995,0.0,0.03323067,0.0,0.022896443,0.0,0.053055856
0.0,0.0,1.2018409e-05,0.03453303,0.0,0.013483141,0.0,0.1448843,0.0,0.03774068,0.0,0.09567889,0.0,0.24520382,0.0,0.05117226,0.0,0.026544083,0.0,0.07238384,0.0,0.022749553,0.0,0.016578553,0.0,0.007533993
0.0,0.0,1.4359224e-05,0.00762982,0.0,0.014188551,0.0,0.12261347,0.0,0.01076313,0.0,0.15532652,0.0,0.15300728,0.0,0.052471947,0.0,0.16923603,0.0,0.04656172,0.0,0.032015484,0.0,0.022887971,0.0,0.10173693
0.0,0.0,1.2382631e-05,0.030063981,0.0,0.0130906515,0.0,0.07854818,0.0,0.030656898,0.0,0.12979163,0.0,0.07399587,0.0,0.05100469,0.0,0.072524,0.0,0.035184592,0.0,0.022287406,0.0,0.016297236,0.0,0.038287494
0.0,0.0,1.0543106e-05,0.012524356,0.0,0.011595948,0.0,0.039208386,0.0,0.010130297,0.0,0.08086675,0.0,0.023526167,0.0,0.04837809,0.0,0.1315733,0.0,0.06630871,0.0,0.028285095,0.0,0.019331789,0.0,0.02293532
0.0,0.0,3.6946174e-06,0.0121840155,0.0,0.013354853,0.0,0.050899122,0.0,0.023559244,0.0,0.12883294,0.0,0.30048814,0.0,0.05139025,0.0,0.11179905,0.0,0.043474335,0.0,0.022724975,0.0,0.016601624,0.0,0.087073766
0.0,0.0,6.4278936e-07,0.015532071,0.0,0.013410975,0.0,0.02347659,0.0,0.030826898,0.0,0.11577302,0.0,0.21900932,0.0,0.05187422,0.0,0.06257174,0.0,0.03697274,0.0,0.043901972,0.0,0.03065863,0.0,0.0957147
0.0,0.0,1.1690221e-07,0.036640286,0.0,0.013755517,0.0,0.059493575,0.0,0.026861075,0.0,0.07116607,0.0,0.17932309,0.0,0.052462354,0.0,0.023626454,0.0,0.072006375,0.0,0.029933495,0.0,0.022034496,0.0,0.029301466
0.0,0.0,2.1658128e-08,0.009848763,0.0,0.013923815,0.0,0.024264602,0.0,0.041152928,0.0,0.10184693,0.0,0.15359308,0.0,0.052958924,0.0,0.4052472,0.0,0.046273567,0.0,0.02368575,0.0,0.017434811,0.0,0.08993231
0.0,0.0,8.0315e-09,0.0198769,0.0,0.015057297,0.0,0.10579478,0.0,0.012083781,0.0,0.081109494,0.0,0.111934915,0.0,0.055402096,0.0,0.34689853,0.0,0.04008819,0.0,0.04335322,0.0,0.031325426,0.0,0.11278271
0.0,0.0,1.4311567e-09,0.027970934,0.0,0.015185784,0.0,0.072159395,0.0,0.032522995,0.0,0.034933534,0.0,0.05213556,0.0,0.055752717,0.0,0.32073087,0.0,0.059724085,0.0,0.030976703,0.0,0.023211604,0.0,0.05842586
0.0,0.0,5.761392e-10,0.015412908,0.0,0.014004228,0.0,0.090578675,0.0,0.021459758,0.0,0.10684255,0.0,0.082689494,0.0,0.05430428,0.0,0.2975739,0.0,0.04151287,0.0,0.024318391,0.0,0.017928436,0.0,0.10965413
0.0,0.0,1.637732e-10,0.02065203,0.0,0.013201834,0.0,0.040408403,0.0,0.037203178,0.0,0.09408523,0.0,0.059937302,0.0,0.05303122,0.0,0.2555002,0.0,0.041294165,0.0,0.037208818,0.0,0.025866967,0.0,0.051141728
0.0,0.0,2.8508484e-11,0.029971747,0.0,0.013649461,0.0,0.08722798,0.0,0.012342971,0.0,0.05666439,0.0,0.035419,0.0,0.053854465,0.0,0.19427377,0.0,0.039300375,0.0,0.026033655,0.0,0.01910656,0.0,0.048980005
0.0,0.0,1.03232e-11,0.007321538,0.0,0.014435341,0.0,0.03334704,0.0,0.06733874,0.0,0.09031283,0.0,0.1464875,0.0,0.055241656,0.0,0.19931403,0.0,0.052693125,0.0,0.028853055,0.0,0.020996427,0.0,0.08710048
0.0,0.0,4.4112192e-12,0.055538993,0.0,0.015441919,0.0,0.07043884,0.0,0.045602743,0.0,0.075299285,0.0,0.1289295,0.0,0.056987908,0.0,0.22637552,0.0,0.040732905,0.0,0.025585031,0.0,0.0187529,0.0,0.10818044
0.0,0.0,3.1583354e-06,0.028390747,0.0,0.015045542,0.0,0.024808956,0.0,0.033706944,0.0,0.03367423,0.0,0.095237166,0.0,0.05691141,0.0,0.24497566,0.0,0.054247588,0.0,0.04662269,0.0,0.033046275,0.0,0.045403495
0.0,0.0,4.7085632e-05,0.01782918,0.0,0.01579759,0.0,0.036848456,0.0,0.02600202,0.0,0.07992804,0.0,0.07507951,0.0,0.0579851,0.0,0.24810487,0.0,0.04113457,0.0,0.033971295,0.0,0.025039451,0.0,0.064665556
0.0,0.0,4.1167295e-05,0.02388992,0.0,0.015653344,0.0,0.027892394,0.0,0.031503282,0.0,0.07467301,0.0,0.36607242,0.0,0.058262397,0.0,0.23233584,0.0,0.055674095,0.0,0.027425932,0.0,0.020422166,0.0,0.11442573
0.0,0.0,2.9898658e-05,0.036980357,0.0,0.016193848,0.0,0.071584664,0.0,0.031241957,0.0,0.041852444,0.0,0.24600817,0.0,0.059460353,0.0,0.1919067,0.0,0.04363357,0.0,0.042638898,0.0,0.030845527,0.0,0.10080265
0.0,0.0,2.508011e-05,0.014815239,0.0,0.017002324,0.0,0.10549911,0.0,0.008754052,0.0,0.10058984,0.0,0.20436111,0.0,0.060984734,0.0,0.20295241,0.0,0.052431725,0.0,0.03315113,0.0,0.02520409,0.0,0.04114644
0.0,0.0,2.5012556e-05,0.04322126,0.0,0.01714595,0.0,0.090711884,0.0,0.06689161,0.0,0.078746654,0.0,0.14460954,0.0,0.06144563,0.0,0.19108973,0.0,0.043382037,0.0,0.028112106,0.0,0.020882994,0.0,0.14104624
0.0,0.0,2.162161e-05,0.0071060173,0.0,0.016223501,0.0,0.0988696,0.0,0.04212558,0.0,0.041819453,0.0,0.07442077,0.0,0.060319833,0.0,0.1667321,0.0,0.05627384,0.0,0.038970783,0.0,0.027616812,0.0,0.09172777
0.0,0.0,2.879447e-05,0.010138065,0.0,0.01628569,0.0,0.08569978,0.0,0.03345057,0.0,0.095888406,0.0,0.17038517,0.0,0.060509633,0.0,0.14271674,0.0,0.041881885,0.0,0.028179036,0.0,0.020554207,0.0,0.0931432
0.0,0.0,2.6992231e-05,0.015211263,0.0,0.016561147,0.0,0.15175852,0.0,0.017373672,0.0,0.07705556,0.0,0.129208,0.0,0.06082702,0.0,0.112216786,0.0,0.054654803,0.0,0.030853417,0.0,0.02243593,0.0,0.03906987
0.0,0.0,2.4114606e-05,0.017765885,0.0,0.015594199,0.0,0.14175461,0.0,0.034286976,0.0,0.033829432,0.0,0.12942138,0.0,0.05974733,0.0,0.06826886,0.0,0.042553302,0.0,0.026776245,0.0,0.01965565,0.0,0.10445254
0.0,0.0,2.0401585e-05,0.029328141,0.0,0.015909906,0.0,0.109991744,0.0,0.045738652,0.0,0.07872538,0.0,0.10174926,0.0,0.05998876,0.0,0.029223725,0.0,0.054948512,0.0,0.041470557,0.0,0.029321294,0.0,0.1288752
0.0,0.0,2.1751192e-05,0.019229572,0.0,0.01675136,0.0,0.100944825,0.0,0.04794407,0.0,0.0617057,0.0,0.114670046,0.0,0.061566815,0.0,0.06421513,0.0,0.042598758,0.0,0.030259434,0.0,0.02240326,0.0,0.06540226
0.0,0.0,2.1782938e-05,0.03355158,0.0,0.015265738,0.0,0.05923784,0.0,0.026690435,0.0,0.025340296,0.0,0.08156162,0.0,0.05936493,0.0,0.22149307,0.0,0.05061673,0.0,0.025116106,0.0,0.018103365,0.0,0.07523318
0.0,0.0,2.0162257e-05,0.007649348,0.0,0.015855934,0.0,0.1034136,0.0,0.06861811,0.0,0.13532813,0.0,0.063803114,0.0,0.059996534,0.0,0.3253205,0.0,0.043085437,0.0,0.04013105,0.0,0.028914144,0.0,0.016333874
0.0,0.0,1.9757037e-05,0.029112525,0.0,0.016519316,0.0,0.08781709,0.0,0.025441537,0.0,0.13283284,0.0,0.07868229,0.0,0.061183643,0.0,0.3461638,0.0,0.055245243,0.0,0.029754005,0.0,0.022089025,0.0,0.08896835
0.0,0.0,2.1477223e-05,0.014943673,0.0,0.016953142,0.0,0.07182847,0.0,0.051982965,0.0,0.09055089,0.0,0.05734813,0.0,0.062096864,0.0,0.31122926,0.0,0.043062136,0.0,0.029244758,0.0,0.021480247,0.0,0.02354065
0.0,0.0,2.6902577e-05,0.02226265,0.0,0.016416037,0.0,0.016670484,0.0,0.031745203,0.0,0.09892941,0.0,0.14294899,0.0,0.061587624,0.0,0.25485557,0.0,0.053485934,0.0,0.03234178,0.0,0.023369506,0.0,0.101905875
0.0,0.0,2.2680459e-05,0.023835534,0.0,0.016649744,0.0,0.055775758,0.0,0.037039246,0.0,0.075564116,0.0,0.10409389,0.0,0.061833885,0.0,0.20182832,0.0,0.042628348,0.0,0.02659869,0.0,0.019393012,0.0,0.044569395
0.0,0.0,1.8161509e-05,0.033237558,0.0,0.015443012,0.0,0.011042205,0.0,0.030699162,0.0,0.035794973,0.0,0.15761447,0.0,0.05999497,0.0,0.13819787,0.0,0.053654924,0.0,0.03625222,0.0,0.025077151,0.0,0.08390629
0.0,0.0,1.532673e-05,0.012717059,0.0,0.01575794,0.0,0.038515776,0.0,0.01886596,0.0,0.08138759,0.0,0.10999358,0.0,0.06057462,0.0,0.11179569,0.0,0.042212225,0.0,0.027063284,0.0,0.019763272,0.0,0.07690769
0.0,0.0,1.6123424e-05,0.025214804,0.0,0.017282939,0.0,0.041044272,0.0,0.033143762,0.0,0.062121548,0.0,0.10381433,0.0,0.06276625,0.0,0.109727904,0.0,0.056540452,0.0,0.039881613,0.0,0.028376808,0.0,0.02431097
0.0,0.0,1.5388085e-05,0.011103673,0.0,0.017250322,0.0,0.03590234,0.0,0.009658323,0.0,0.023094151,0.0,0.069819085,0.0,0.06282737,0.0,0.12719117,0.0,0.04409795,0.0,0.029002162,0.0,0.02131954,0.0,0.09681361
0.0,0.0,1.3989456e-05,0.028846355,0.0,0.016569206,0.0,0.054094933,0.0,0.04246757,0.0,0.08198816,0.0,0.055720966,0.0,0.062064618,0.0,0.12414167,0.0,0.05294221,0.0,0.036827747,0.0,0.026530556,0.0,0.098677516
0.0,0.0,1.3951755e-05,0.0139103355,0.0,0.01689916,0.0,0.017271103,0.0,0.012566726,0.0,0.07093814,0.0,0.06606426,0.0,0.062342785,0.0,0.108007506,0.0,0.04332273,0.0,0.027051633,0.0,0.019701168,0.0,0.023118464
0.0,0.0,1.3914157e-05,0.016975176,0.0,0.016257724,0.0,0.03640011,0.0,0.028481018,0.0,0.03205137,0.0,0.042470302,0.0,0.061586645,0.0,0.069624156,0.0,0.058476117,0.0,0.04165815,0.0,0.028996963,0.0,0.14896715
0.0,0.0,1.2277843e-05,0.019407127,0.0,0.01532705,0.0,0.04130009,0.0,0.007633574,0.0,0.07091489,0.0,0.12891546,0.0,0.059953995,0.0,0.02534342,0.0,0.042714693,0.0,0.029251922,0.0,0.021081986,0.0,0.08387342
0.0,0.0,1.2244754e-05,0.03500618,0.0,0.0147889815,0.0,0.06786746,0.0,0.032401428,0.0,0.05045282,0.0,0.103892736,0.0,0.05900383,0.0,0.25864202,0.0,0.048407175,0.0,0.024997395,0.0,0.017778816,0.0,0.097469665
0.0,0.0,1.12879125e-05,0.015987338,0.0,0.0153255025,0.0,0.026670428,0.0,0.007966843,0.0,0.019763166,0.0,0.069917664,0.0,0.06004755,0.0,0.22265425,0.0,0.040503416,0.0,0.03769241,0.0,0.026053434,0.0,0.036144882
0.0,0.0,1.0495075e-05,0.030946502,0.0,0.015484582,0.0,0.02990579,0.0,0.029414145,0.0,0.2839621,0.0,0.54255176,0.0,0.05998164,0.0,0.21359722,0.0,0.067539774,0.0,0.026913803,0.0,0.01948252,0.0,0.10452135
0.0,0.0,1.046679e-05,0.008445072,0.0,0.015313651,0.0,0.02158978,0.0,0.009200707,0.0,0.29328218,0.0,0.37920356,0.0,0.059368845,0.0,0.18580484,0.0,0.045956306,0.0,0.031418145,0.0,0.022479467,0.0,0.09897449
0.0,0.0,9.433595e-06,0.017865796,0.0,0.014237703,0.0,0.05842112,0.0,0.037730657,0.0,0.24262476,0.0,0.25555277,0.0,0.05730826,0.0,0.13752109,0.0,0.04014435,0.0,0.024635103,0.0,0.017564293,0.0,0.021695627
0.0,0.0,1.1579753e-05,0.024363788,0.0,0.012913798,0.0,0.02866189,0.0,0.013547037,0.0,0.24560249,0.0,0.24292152,0.0,0.05486126,0.0,0.06525426,0.0,0.061810177,0.0,0.03346443,0.0,0.02232411,0.0,0.089419544
0.0,0.0,1.1548542e-05,0.0162649,0.0,0.01375091,0.0,0.03536549,0.0,0.046106942,0.0,0.1978472,0.0,0.15921858,0.0,0.05602791,0.0,0.011486346,0.0,0.04182674,0.0,0.024344686,0.0,0.017453965,0.0,0.023111872
0.0,0.0,9.846503e-06,0.030335052,0.0,0.014235077,0.0,0.021825746,0.0,0.0146055035,0.0,0.12384486,0.0,0.06292329,0.0,0.056664355,0.0,0.63941085,0.0,0.041635953,0.0,0.038606446,0.0,0.027342465,0.0,0.0923172
0.0,0.0,6.09285e-06,0.00985215,0.0,0.0130356345,0.0,0.025812661,0.0,0.016913336,0.0,0.12162556,0.0,0.17142233,0.0,0.054447543,0.0,0.4331553,0.0,0.04215172,0.0,0.023795472,0.0,0.016870482,0.0,0.08376418
0.0,0.0,2.7747492e-06,0.008982987,0.0,0.01155657,0.0,0.043109193,0.0,0.016508793,0.0,0.08923682,0.0,0.16296868,0.0,0.051239513,0.0,0.35210523,0.0,0.03261209,0.0,0.02019972,0.0,0.013383353,0.0,0.01712995
0.0,0.0,1.0017088e-06,0.04244597,0.0,0.013217547,0.0,0.019061439,0.0,0.07149518,0.0,0.045219313,0.0,0.12768756,0.0,0.053670656,0.0,0.2830357,0.0,0.10699982,0.0,0.026515214,0.0,0.018236572,0.0,0.124009535
0.0,0.0,9.990089e-07,0.0067788917,0.0,0.0120770335,0.0,0.03548683,0.0,0.047389355,0.0,0.06064301,0.0,0.15771353,0.0,0.05136512,0.0,0.2206581,0.0,0.06750778,0.0,0.020556165,0.0,0.014412198,0.0,0.0503524
0.0,0.0,8.517728e-07,0.02424855,0.0,0.012066073,0.0,0.049464762,0.0,0.039201647,0.0,0.040814154,0.0,0.07959625,0.0,0.051170982,0.0,0.15593566,0.0,0.04177975,0.0,0.029631888,0.0,0.020191975,0.0,0.052104495
0.0,0.0,3.8790287e-07,0.023711823,0.0,0.012946242,0.0,0.02220414,0.0,0.032091282,0.0,0.01333463,0.0,0.09712115,0.0,0.05246803,0.0,0.10983117,0.0,0.03435233,0.0,0.020865165,0.0,0.014578353,0.0,0.088025294
0.0,0.0,7.2074606e-08,0.016310778,0.0,0.012330201,0.0,0.039974254,0.0,0.03405072,0.0,0.22972646,0.0,0.07568131,0.0,0.05152199,0.0,0.060073126,0.0,0.07964941,0.0,0.03483562,0.0,0.02341259,0.0,0.056213677
0.0,0.0,1.9314228e-08,0.014996959,0.0,0.01170796,0.0,0.010172598,0.0,0.02053916,0.0,0.26149487,0.0,0.06064123,0.0,0.05004907,0.0,0.03573697,0.0,0.04917207,0.0,0.021623157,0.0,0.015160245,0.0,0.0125861475
0.0,0.0,9.901971e-09,0.0110624265,0.0,0.011022994,0.0,0.0346175,0.0,0.016115637,0.0,0.22820134,0.0,0.043462414,0.0,0.048211236,0.0,0.065201186,0.0,0.034044426,0.0,0.02252289,0.0,0.015083434,0.0,0.061774872
0.0,0.0,9.875282e-09,0.014516719,0.0,0.010606214,0.0,0.011022036,0.0,0.026129361,0.0,0.22883673,0.0,0.07724734,0.0,0.046953596,0.0,0.15966389,0.0,0.05393422,0.0,0.019090125,0.0,0.0129795205,0.0,0.017447
0.0,0.0,1.7098568e-09,0.014906378,0.0,0.009528249,0.0,0.04343231,0.0,0.005043493,0.0,0.1953588,0.0,0.17920268,0.0,0.044472963,0.0,0.1462456,0.0,0.032600295,0.0,0.026183454,0.0,0.016965281,0.0,0.041965973
0.0,0.0,1.4578544e-09,0.009733783,0.0,0.008416704,0.0,0.027572019,0.0,0.009381738,0.0,0.14224678,0.0,0.18478024,0.0,0.042200882,0.0,0.093747355,0.0,0.03884303,0.0,0.016576238,0.0,0.011262673,0.0,0.008588103
0.0,0.0,4.3925935e-10,0.0101255905,0.0,0.0079467865,0.0,0.026542254,0.0,0.01471271,0.0,0.1255808,0.0,0.1606665,0.0,0.04104819,0.0,0.048935376,0.0,0.028615832,0.0,0.022988863,0.0,0.014572859,0.0,0.03942266
0.0,0.0,7.609338e-11,0.0060762507,0.0,0.0076506753,0.0,0.013791282,0.0,0.014651737,0.0,0.09492585,0.0,0.14046504,0.0,0.03957199,0.0,0.019488458,0.0,0.06666302,0.0,0.015441462,0.0,0.010411167,0.0,0.035774834
0.0,0.0,5.7439047e-11,0.0060079964,0.0,0.008095816,0.0,0.026532099,0.0,0.011970147,0.0,0.056353144,0.0,0.089851014,0.0,0.039899275,0.0,0.27645752,0.0,0.040611714,0.0,0.021241853,0.0,0.013964209,0.0,0.041718416
0.0,0.0,3.554205e-11,0.007117375,0.0,0.008466199,0.0,0.024682797,0.0,0.04210826,0.0,0.05567125,0.0,0.032600604,0.0,0.04027878,0.0,0.12549011,0.0,0.028193403,0.0,0.016329274,0.0,0.011313553,0.0,0.05896999
0.0,0.0,3.544625e-11,0.014094321,0.0,0.0074905874,0.0,0.03042621,0.0,0.0077765747,0.0,0.045856506,0.0,0.24910289,0.0,0.03761812,0.0,0.062352084,0.0,0.07511319,0.0,0.018854355,0.0,0.012274452,0.0,0.017916637
0.0,0.0,3.0222106e-11,0.011425591,0.0,0.006850106,0.0,0.01606972,0.0,0.023466416,0.0,0.022792118,0.0,0.21405774,0.0,0.03540372,0.0,0.03190417,0.0,0.04204585,0.0,0.0117897345,0.0,0.0077164876,0.0,0.064428985
0.0,0.0,2.283676e-11,0.0050304104,0.0,0.0060169427,0.0,0.009662374,0.0,0.008584932,0.0,0.1546436,0.0,0.19230439,0.0,0.03298398,0.0,0.030347515,0.0,0.029923681,0.0,0.0121650165,0.0,0.0073142126,0.0,0.010230701
0.0,0.0,1.9471029e-11,0.0061762985,0.0,0.005981596,0.0,0.027677612,0.0,0.016687058,0.0,0.15868783,0.0,0.11541028,0.0,0.0324844,0.0,0.20778187,0.0,0.021861715,0.0,0.0153048085,0.0,0.009688397,0.0,0.051932078
0.0,0.0,1.6601345e-11,0.0083545605,0.0,0.005929998,0.0,0.021971516,0.0,0.014532682,0.0,0.12664309,0.0,0.036853302,0.0,0.031707477,0.0,0.13932617,0.0,0.06975437,0.0,0.010240576,0.0,0.0065913675,0.0,0.02287014
0.0,0.0,1.65566e-11,0.0052099605,0.0,0.0055505754,0.0,0.018026933,0.0,0.014348826,0.0,0.100308985,0.0,0.05713039,0.0,0.030526157,0.0,0.06466945,0.0,0.042003095,0.0,0.014884756,0.0,0.0093320785,0.0,0.056067623
0.0,0.0,7.539971e-12,0.009299498,0.0,0.0059494283,0.0,0.018747697,0.0,0.017990371,0.0,0.06508308,0.0,0.1975068,0.0,0.03112526,0.0,0.054739233,0.0,0.022020608,0.0,0.012999763,0.0,0.008566327,0.0,0.049331877
0.0,0.0,7.519649e-12,0.009332726,0.0,0.0050822045,0.0,0.02902715,0.0,0.017350975,0.0,0.033823065,0.0,0.17269945,0.0,0.028376445,0.0,0.051594555,0.0,0.0747863,0.0,0.013748851,0.0,0.008479917,0.0,0.056715798
0.0,0.0,3.666035e-12,0.0048934473,0.0,0.004524918,0.0,0.010051208,0.0,0.010453827,0.0,0.012287952,0.0,0.16123493,0.0,0.026585124,0.0,0.039271653,0.0,0.04272762,0.0,0.00921761,0.0,0.00576167,0.0,0.018589735
0.0,0.0,3.4290203e-12,0.0026655481,0.0,0.00429351,0.0,0.014620621,0.0,0.011493006,0.0,0.09725259,0.0,0.09309344,0.0,0.025544278,0.0,0.033712026,0.0,0.020029867,0.0,0.010802141,0.0,0.0066572074,0.0,0.036466055
0.0,0.0,2.6973838e-12,0.0011420154,0.0,0.004065291,0.0,0.005361283,0.0,0.010763329,0.0,0.10073642,0.0,0.024849664,0.0,0.024612041,0.0,0.05844109,0.0,0.059947487,0.0,0.009791323,0.0,0.0059034294,0.0,0.008517532
0.0,0.0,2.6901135e-12,0.0020878494,0.0,0.003821052,0.0,0.0070193904,0.0,0.01680267,0.0,0.06859879,0.0,0.12343648,0.0,0.02357173,0.0,0.024966625,0.0,0.0376944,0.0,0.014598634,0.0,0.008432623,0.0,0.027571937
0.0,0.0,1.8295396e-12,0.00086128886,0.0,0.0036442478,0.0,0.013422937,0.0,0.005574195,0.0,0.038728893,0.0,0.08404387,0.0,0.022642246,0.0,0.09875513,0.0,0.017127605,0.0,0.0088549815,0.0,0.005550349,0.0,0.031315643
0.0,0.0,1.8246084e-12,0.001712006,0.0,0.0042914017,0.0,0.021094764,0.0,0.01013354,0.0,0.022243854,0.0,0.057212964,0.0,0.023911895,0.0,0.12293316,0.0,0.07090378,0.0,0.012621682,0.0,0.007646235,0.0,0.008141356
0.0,0.0,1.8196904e-12,0.0010686094,0.0,0.0040417747,0.0,0.019884674,0.0,0.0073008416,0.0,0.0063090534,0.0,0.022334844,0.0,0.023165373,0.0,0.09086895,0.0,0.037511624,0.0,0.0071688397,0.0,0.004557637,0.0,0.020505434
0.0,0.0,6.0867164e-13,0.0006377186,0.0,0.003052967,0.0,0.0069292635,0.0,0.002247704,0.0,0.048753574,0.0,0.12702034,0.0,0.020010542,0.0,0.03725183,0.0,0.0165886,0.0,0.009845804,0.0,0.005405364,0.0,0.021520505
0.0,0.0,2.1481707e-13,0.0006646532,0.0,0.00271371,0.0,0.0047204,0.0,0.0015911051,0.0,0.033772476,0.0,0.09517662,0.0,0.018713811,0.0,0.020796616,0.0,0.040364478,0.0,0.0067577674,0.0,0.003864573,0.0,0.011410813
0.0,0.0,2.1423808e-13,0.0013889357,0.0,0.0023332608,0.0,0.00905535,0.0,0.0016303961,0.0,0.01091399,0.0,0.06797913,0.0,0.017088896,0.0,0.17212081,0.0,0.019849103,0.0,0.006007664,0.0,0.003237975,0.0,0.015345258
0.0,0.0,2.1366063e-13,0.0005569887,0.0,0.0023037216,0.0,0.026315467,0.0,0.0012122059,0.0,0.057962693,0.0,0.014726999,0.0,0.016732184,0.0,0.05346668,0.0,0.010401021,0.0,0.0065291664,0.0,0.0036157647,0.0,0.029038308
0.0,0.0,1.8217086e-13,0.0007080465,0.0,0.0020958052,0.0,0.008023434,0.0,0.0017056884,0.0,0.055708107,0.0,0.15838161,0.0,0.01570891,0.0,0.02415946,0.0,0.040012334,0.0,0.0109784,0.0,0.0056087226,0.0,0.009629606
0.0,0.0,1.8167985e-13,0.00066189514,0.0,0.0015761892,0.0,0.00568776,0.0,0.0008187972,0.0,0.023452753,0.0,0.08425367,0.0,0.013528508,0.0,0.06487411,0.0,0.0202772,0.0,0.005725054,0.0,0.0031480968,0.0,0.008032276
0.0,0.0,1.8119017e-13,0.0006632746,0.0,0.0017906836,0.0,0.00338744,0.0,0.000886148,0.0,0.020420643,0.0,0.0645689,0.0,0.014359735,0.0,0.05614526,0.0,0.008786822,0.0,0.0058232467,0.0,0.0031294452,0.0,0.011794577
0.0,0.0,1.5448598e-13,0.00023423582,0.0,0.0015602967,0.0,0.0019205317,0.0,0.00031590645,0.0,0.0080709765,0.0,0.02707443,0.0,0.013312109,0.0,0.015469306,0.0,0.02653635,0.0,0.0045716213,0.0,0.0023229083,0.0,0.012586809
0.0,0.0,1.5406959e-13,0.0002558674,0.0,0.0015323625,0.0,0.002442684,0.0,0.00035762982,0.0,0.04008483,0.0,0.03191487,0.0,0.013073902,0.0,0.16281039,0.0,0.01145298,0.0,0.006635764,0.0,0.003216456,0.0,0.014032222
0.0,0.0,1.5365431e-13,0.0007569042,0.0,0.0015924192,0.0,0.0036496674,0.0,0.0010894897,0.0,0.022314154,0.0,0.03753253,0.0,0.013174823,0.0,0.045049507,0.0,0.025916168,0.0,0.004096837,0.0,0.002209073,0.0,0.017325051
0.0,0.0,1.1610598e-13,0.002257589,0.0,0.001569546,0.0,0.0037278952,0.0,0.0026946024,0.0,0.0091176815,0.0,0.01657936,0.0,0.012820891,0.0,0.06299281,0.0,0.01739623,0.0,0.0032008244,0.0,0.0016225207,0.0,0.012541428
0.0,0.0,1.1579304e-13,0.0004985957,0.0,0.0014099367,0.0,0.0033040878,0.0,0.0007311474,0.0,0.030035175,0.0,0.043882065,0.0,0.012030417,0.0,0.023431897,0.0,0.008189844,0.0,0.004682249,0.0,0.0022597616,0.0,0.012142921
0.0,0.0,9.87272e-14,0.00038922805,0.0,0.0013234725,0.0,0.0012885318,0.0,0.0004721912,0.0,0.013199802,0.0,0.024854606,0.0,0.011581395,0.0,0.091585174,0.0,0.028740324,0.0,0.0040951516,0.0,0.002112145,0.0,0.014006101
0.0,0.0,9.8461095e-14,0.0008238806,0.0,0.0012860593,0.0,0.0007986478,0.0,0.0007134254,0.0,0.011548508,0.0,0.023494424,0.0,0.011175358,0.0,0.017307213,0.0,0.0082472935,0.0,0.0028422547,0.0,0.0014637379,0.0,0.011046502
0.0,0.0,7.4400264e-14,0.0002956735,0.0,0.0010951551,0.0,0.00057190564,0.0,0.0003761547,0.0,0.006139905,0.0,0.055870004,0.0,0.010043762,0.0,0.16476026,0.0,0.02139792,0.0,0.0019502499,0.0,0.0009638312,0.0,0.008458223
0.0,0.0,6.343499e-14,0.00018948199,0.0,0.0010819036,0.0,0.0011580387,0.0,0.0003776454,0.0,0.020988962,0.0,0.026730014,0.0,0.0100171985,0.0,0.058554947,0.0,0.006006859,0.0,0.0025413358,0.0,0.001170158,0.0,0.0067003826
0.0,0.0,3.9252205e-14,0.00043316474,0.0,0.0016142273,0.0,0.0016356743,0.0,0.0021967262,0.0,0.006274596,0.0,0.03950529,0.0,0.012140432,0.0,0.01133101,0.0,0.030095134,0.0,0.0032510234,0.0,0.0018108287,0.0,0.017590735
0.0,0.0,1.2128327e-08,0.0008473124,0.0,0.0017817458,0.0,0.005324221,0.0,0.0010228975,0.0,0.07452609,0.0,0.0807231,0.0,0.012691711,0.0,0.25178134,0.0,0.010972538,0.0,0.006217939,0.0,0.0034052692,0.0,0.008952366
0.0,0.0,7.3304403e-07,0.0009809677,0.0,0.0017749008,0.0,0.0049966294,0.0,0.0008544273,0.0,0.06424593,0.0,0.05845935,0.0,0.012551706,0.0,0.09212352,0.0,0.03793914,0.0,0.0052945265,0.0,0.0029426678,0.0,0.014423926
0.0,0.0,4.946066e-07,0.00045781583,0.0,0.0018416806,0.0,0.014100449,0.0,0.0021831738,0.0,0.037512273,0.0,0.012327552,0.0,0.012825185,0.0,0.028244287,0.0,0.0144140255,0.0,0.00639897,0.0,0.0034329456,0.0,0.010460156
0.0,0.0,3.8035256e-07,0.0013447884,0.0,0.001804091,0.0,0.0064453967,0.0,0.0007378211,0.0,0.014154614,0.0,0.1325435,0.0,0.012709423,0.0,0.06541073,0.0,0.027091438,0.0,0.0065804315,0.0,0.0036097972,0.0,0.016039139
0.0,0.0,3.396556e-07,0.00024194607,0.0,0.0015067806,0.0,0.006688748,0.0,0.00034620953,0.0,0.052998718,0.0,0.093038805,0.0,0.011590722,0.0,0.024068888,0.0,0.011770239,0.0,0.004531991,0.0,0.0025418224,0.0,0.0067549595
0.0,0.0,2.9082815e-07,0.00020229624,0.0,0.0014390474,0.0,0.0049765497,0.0,0.00027836143,0.0,0.036990345,0.0,0.02470116,0.0,0.011365236,0.0,0.0914838,0.0,0.023329094,0.0,0.0039003415,0.0,0.0021157481,0.0,0.00950136
0.0,0.0,2.1587549e-07,0.000110910885,0.0,0.0011768539,0.0,0.0013096844,0.0,0.00028696115,0.0,0.015813233,0.0,0.041576285,0.0,0.010152639,0.0,0.02200813,0.0,0.013821736,0.0,0.005618658,0.0,0.0028278958,0.0,0.009778891
0.0,0.0,1.4925594e-07,4.7830097e-05,0.0,0.00084252533,0.0,0.00067255314,0.0,0.00031124378,0.0,0.004275341,0.0,0.01848918,0.0,0.0084229745,0.0,0.073032334,0.0,0.0069454354,0.0,0.0030763054,0.0,0.0015260617,0.0,0.0056534666
0.0,0.0,1.3183654e-07,1.26022105e-05,0.0,0.0009823687,0.0,0.0015965309,0.0,0.0010340484,0.0,0.017826173,0.0,0.10424067,0.0,0.009149893,0.0,0.019918468,0.0,0.029166272,0.0,0.002542826,0.0,0.0012975057,0.0,0.007909507
0.0,0.0,1.3147987e-07,6.688468e-06,0.0,0.0009595449,0.0,0.0011089082,0.0,0.00093442533,0.0,0.005988473,0.0,0.05468308,0.0,0.008872976,0.0,0.09903427,0.0,0.008583516,0.0,0.0021980256,0.0,0.0011474558,0.0,0.010542184
0.0,0.0,9.0762775e-08,1.8723132e-06,0.0,0.00082549173,0.0,0.0006591128,0.0,0.00042896482,0.0,0.023559047,0.0,0.015370722,0.0,0.008093253,0.0,0.021367254,0.0,0.02439875,0.0,0.002566924,0.0,0.0011817125,0.0,0.00752588
0.0,0.0,6.35275e-08,5.3640775e-07,0.0,0.0007527507,0.0,0.0009427666,0.0,0.00069323176,0.0,0.0107196225,0.0,0.09285911,0.0,0.0077032372,0.0,0.09616011,0.0,0.006446746,0.0,0.0020586913,0.0,0.0009718363,0.0,0.007235882
0.0,0.0,5.0625992e-08,2.529396e-07,0.0,0.0008235288,0.0,0.00056830875,0.0,0.0013848109,0.0,0.0175602,0.0,0.034683865,0.0,0.008132046,0.0,0.027364157,0.0,0.026008397,0.0,0.0019210792,0.0,0.0009253908,0.0,0.0057340306
0.0,0.0,5.0489017e-08,6.840647e-08,0.0,0.00061166077,0.0,0.00069404696,0.0,0.00073866604,0.0,0.01001236,0.0,0.009695919,0.0,0.0068387166,0.0,0.02312094,0.0,0.0066480204,0.0,0.0022533066,0.0,0.0010040419,0.0,0.0030894976
0.0,0.0,5.035241e-08,8.072009e-08,0.0,0.0005212159,0.0,0.00042735136,0.0,0.00025881425,0.0,0.0055596028,0.0,0.03414056,0.0,0.006239587,0.0,0.058383387,0.0,0.014620315,0.0,0.001263644,0.0,0.00057860854,0.0,0.0010359737
0.0,0.0,4.018125e-08,4.683386e-08,0.0,0.0004664224,0.0,0.0005982023,0.0,0.00016161778,0.0,0.014574273,0.0,0.006703515,0.0,0.0058806892,0.0,0.009121539,0.0,0.0039254525,0.0,0.00082183775,0.0,0.00037043894,0.0,0.0004202664
0.0,0.0,4.0072532e-08,1.5603453e-08,0.0,0.00045820643,0.0,0.00049509184,0.0,0.00012481822,0.0,0.0046970155,0.0,0.018710624,0.0,0.005752862,0.0,0.06791326,0.0,0.006110928,0.0,0.0015085588,0.0,0.0005898215,0.0,0.00021304007
0.0,0.0,3.996411e-08,1.6112402e-08,0.0,0.00038461786,0.0,0.00054780906,0.0,8.280938e-05,0.0,0.010536006,0.0,0.017345686,0.0,0.005137657,0.0,0.011163389,0.0,0.009940306,0.0,0.0007781226,0.0,0.00033912229,0.0,0.00010804049
0.0,0.0,3.985598e-08,1.1865305e-08,0.0,0.00033606475,0.0,0.00018902001,0.0,5.2169522e-05,0.0,0.0032968018,0.0,0.025000485,0.0,0.0048245755,0.0,0.04520312,0.0,0.0070861424,0.0,0.00077712897,0.0,0.00031067658,0.0,6.6968954e-05
0.0,0.0,2.7975256e-08,1.00355315e-07,0.0,0.00054371817,0.0,0.00049937615,0.0,0.00011101401,0.0,0.008629186,0.0,0.011623049,0.0,0.006137045,0.0,0.032853168,0.0,0.019849453,0.0,0.00078315655,0.0,0.0003458387,0.0,3.906825e-05
0.0,0.0,2.7899556e-08,2.0169868e-07,0.0,0.00054374745,0.0,0.0004132448,0.0,0.00012816413,0.0,0.004448983,0.0,0.06766407,0.0,0.0059810444,0.0,0.017488692,0.0,0.004347843,0.0,0.0011537762,0.0,0.00049181667,0.0,1.472228e-05
0.0,0.0,2.7824061e-08,1.2941733e-07,0.0,0.00045867343,0.0,0.00017107931,0.0,0.0001035938,0.0,0.0042796163,0.0,0.015227544,0.0,0.005503343,0.0,0.08362492,0.0,0.0074902764,0.0,0.00075716764,0.0,0.00031978427,0.0,4.28367e-06
0.0,0.0,1.912319e-08,1.3580707e-07,0.0,0.00039985747,0.0,0.00033897738,0.0,6.312092e-05,0.0,0.015756343,0.0,0.035704084,0.0,0.0051372703,0.0,0.017191565,0.0,0.012083852,0.0,0.00086415425,0.0,0.00035494394,0.0,1.5023625e-06
0.0,0.0,1.9071443e-08,3.0625225e-07,0.0,0.00044779017,0.0,0.00043817147,0.0,9.0843576e-05,0.0,0.005498736,0.0,0.00674531,0.0,0.005492513,0.0,0.13662755,0.0,0.005254241,0.0,0.0007542928,0.0,0.00034118647,0.0,9.621436e-07
0.0,0.0,1.9019835e-08,1.5962198e-07,0.0,0.0003644479,0.0,0.0001611046,0.0,5.5444736e-05,0.0,0.004122635,0.0,0.015613145,0.0,0.0049875053,0.0,0.030979043,0.0,0.007319822,0.0,0.00064268213,0.0,0.0002597598,0.0,5.197197e-07
0.0,0.0,1.8968366e-08,7.029006e-08,0.0,0.00036936149,0.0,0.00015237246,0.0,4.2985306e-05,0.0,0.008427156,0.0,0.022960816,0.0,0.0051155374,0.0,0.030429665,0.0,0.013085975,0.0,0.0009609446,0.0,0.00038159947,0.0,6.2963375e-07
0.0,0.0,1.3526552e-08,8.070218e-08,0.0,0.00041802257,0.0,0.00020507142,0.0,4.9150578e-05,0.0,0.003572068,0.0,0.016322898,0.0,0.0055048326,0.0,0.017578738,0.0,0.0052624564,0.0,0.00088534126,0.0,0.00040216174,0.0,9.570944e-07
0.0,0.0,1.089504e-08,5.3129273e-08,0.0,0.00041901652,0.0,0.00024292494,0.0,4.0325645e-05,0.0,0.010165895,0.0,0.02665308,0.0,0.0053421874,0.0,0.08083382,0.0,0.009934378,0.0,0.0010703133,0.0,0.0004119698,0.0,6.742804e-07
0.0,0.0,1.08655565e-08,8.274272e-08,0.0,0.00042123013,0.0,0.00033084876,0.0,4.467302e-05,0.0,0.0025917424,0.0,0.009306572,0.0,0.0053652185,0.0,0.015529922,0.0,0.007354858,0.0,0.0006975778,0.0,0.00029733128,0.0,6.279184e-07
0.0,0.0,1.08361515e-08,6.103085e-08,0.0,0.00037986148,0.0,0.0003340854,0.0,3.8083628e-05,0.0,0.0028264988,0.0,0.04529035,0.0,0.005010247,0.0,0.06932573,0.0,0.012616375,0.0,0.0010353251,0.0,0.00041480944,0.0,6.541519e-07
0.0,0.0,9.854481e-09,4.8623438e-08,0.0,0.0003792543,0.0,0.00029711478,0.0,3.7651695e-05,0.0,0.0053535653,0.0,0.009632158,0.0,0.005086183,0.0,0.008507927,0.0,0.003709547,0.0,0.00076196465,0.0,0.00035185774,0.0,7.8705807e-07
0.0,0.0,9.827812e-09,7.617638e-08,0.0,0.00044405126,0.0,0.00021423315,0.0,2.9655594e-05,0.0,0.018141953,0.0,0.024412978,0.0,0.0055347267,0.0,0.03811667,0.0,0.007277927,0.0,0.0012130464,0.0,0.0005366836,0.0,1.3757785e-06
0.0,0.0,9.801216e-09,1.1056308e-07,0.0,0.00041199097,0.0,0.0002738537,0.0,4.4659868e-05,0.0,0.006344996,0.0,0.014940947,0.0,0.0052012242,0.0,0.021085296,0.0,0.014350281,0.0,0.0007836425,0.0,0.0003670784,0.0,1.1636636e-06
0.0,0.0,9.774691e-09,1.7462025e-07,0.0,0.00044632188,0.0,0.00036124646,0.0,6.0558323e-05,0.0,0.018706359,0.0,0.018259052,0.0,0.00546844,0.0,0.051486094,0.0,0.003752218,0.0,0.0011634008,0.0,0.0005061699,0.0,1.3074397e-06
0.0,0.0,9.748239e-09,1.05824725e-07,0.0,0.00034313183,0.0,0.000109354034,0.0,6.5110624e-05,0.0,0.00588137,0.0,0.0070602833,0.0,0.0047977907,0.0,0.0073360996,0.0,0.0063988185,0.0,0.0008029964,0.0,0.00037843036,0.0,9.968408e-07
0.0,0.0,7.414067e-09,4.6796725e-08,0.0,0.0002573984,0.0,0.00015138825,0.0,2.756345e-05,0.0,0.0061073545,0.0,0.014708487,0.0,0.004014881,0.0,0.011532967,0.0,0.008233329,0.0,0.0006313918,0.0,0.0002591211,0.0,5.3749034e-07
0.0,0.0,7.3940023e-09,1.8080133e-08,0.0,0.00021751122,0.0,6.603839e-05,0.0,2.6161346e-05,0.0,0.0033564784,0.0,0.021399958,0.0,0.0036618528,0.0,0.022747058,0.0,0.0071140085,0.0,0.0006289634,0.0,0.00023761834,0.0,3.6421142e-07
0.0,0.0,7.3739916e-09,3.202087e-08,0.0,0.0002334837,0.0,9.908043e-05,0.0,2.44195e-05,0.0,0.0072648097,0.0,0.011685491,0.0,0.0039217896,0.0,0.03515058,0.0,0.009399303,0.0,0.0005343491,0.0,0.0002100893,0.0,2.9377603e-07
0.0,0.0,7.354035e-09,2.2634175e-08,0.0,0.0002750696,0.0,0.00017588299,0.0,2.1641159e-05,0.0,0.0028020241,0.0,0.03294615,0.0,0.0042284518,0.0,0.021945026,0.0,0.008093828,0.0,0.001247799,0.0,0.00044818205,0.0,4.9366645e-07
0.0,0.0,7.3341324e-09,3.8393953e-08,0.0,0.0003747091,0.0,0.00061484135,0.0,2.4161605e-05,0.0,0.008626575,0.0,0.005883247,0.0,0.004911897,0.0,0.05281889,0.0,0.00946354,0.0,0.000916911,0.0,0.00039369243,0.0,6.73696e-07
0.0,0.0,5.547582e-09,2.0506059e-08,0.0,0.00043261534,0.0,0.0008414105,0.0,2.391748e-05,0.0,0.006386094,0.0,0.040270906,0.0,0.0053038485,0.0,0.03038848,0.0,0.010198098,0.0,0.0013030649,0.0,0.00058394123,0.0,1.4536564e-06
0.0,0.0,4.1879757e-09,1.4280783e-08,0.0,0.00042408644,0.0,0.00032099805,0.0,2.5959125e-05,0.0,0.008321099,0.0,0.005592508,0.0,0.0052815503,0.0,0.018542828,0.0,0.008643971,0.0,0.0008305849,0.0,0.00039155732,0.0,1.1439927e-06
0.0,0.0,4.1766417e-09,4.3950614e-08,0.0,0.00049371336,0.0,0.0005798521,0.0,3.107914e-05,0.0,0.004209432,0.0,0.042170193,0.0,0.005610214,0.0,0.119110234,0.0,0.01710744,0.0,0.0014660085,0.0,0.00065884436,0.0,1.6945356e-06
0.0,0.0,4.1653383e-09,3.714539e-08,0.0,0.0005098077,0.0,0.00065625156,0.0,2.2351596e-05,0.0,0.0054881857,0.0,0.0062522045,0.0,0.0056119044,0.0,0.024388023,0.0,0.0038604809,0.0,0.00094619585,0.0,0.0004498944,0.0,1.5746276e-06
0.0,0.0,4.1540655e-09,1.6865567e-08,0.0,0.00054611085,0.0,0.0007257696,0.0,2.1053516e-05,0.0,0.021904796,0.0,0.056968886,0.0,0.0058239046,0.0,0.086199574,0.0,0.0082119135,0.0,0.0020076404,0.0,0.0008654769,0.0,2.0535722e-06
0.0,0.0,3.541791e-09,2.1145754e-08,0.0,0.0005947134,0.0,0.00029348925,0.0,1.3557808e-05,0.0,0.007892965,0.0,0.014924573,0.0,0.0061012344,0.0,0.012635088,0.0,0.016342577,0.0,0.0012969022,0.0,0.00061914383,0.0,2.029923e-06
0.0,0.0,3.0197607e-09,4.781064e-08,0.0,0.00058562896,0.0,0.00017987812,0.0,1.830391e-05,0.0,0.017206458,0.0,0.0447971,0.0,0.006050659,0.0,0.104289904,0.0,0.0041196696,0.0,0.0014508825,0.0,0.0006579318,0.0,2.0488133e-06
0.0,0.0,3.0115883e-09,4.319246e-08,0.0,0.00062595506,0.0,0.0002299933,0.0,2.4738873e-05,0.0,0.0052981684,0.0,0.022495952,0.0,0.006286936,0.0,0.019493483,0.0,0.011446763,0.0,0.0012047685,0.0,0.0006012713,0.0,2.699116e-06
0.0,0.0,3.003438e-09,6.011991e-08,0.0,0.00074744597,0.0,0.0032079539,0.0,1.7163362e-05,0.0,0.03490334,0.0,0.014581136,0.0,0.0069204783,0.0,0.14836153,0.0,0.0064007393,0.0,0.0025666165,0.0,0.0011805578,0.0,3.9998713e-06
0.0,0.0,2.5607563e-09,5.1560896e-08,0.0,0.00084399775,0.0,0.0014088241,0.0,2.420187e-05,0.0,0.017791338,0.0,0.088980936,0.0,0.007423828,0.0,0.0462886,0.0,0.0266141,0.0,0.0018470964,0.0,0.000939808,0.0,4.6033188e-06
0.0,0.0,2.553826e-09,9.375856e-08,0.0,0.00084879034,0.0,0.0015390199,0.0,3.5464334e-05,0.0,0.0048465817,0.0,0.037392713,0.0,0.007522386,0.0,0.013752676,0.0,0.0065183663,0.0,0.0018357456,0.0,0.0009283175,0.0,4.7545177e-06
0.0,0.0,2.5469145e-09,7.238107e-08,0.0,0.0008308181,0.0,0.0020329892,0.0,3.020578e-05,0.0,0.0041900896,0.0,0.0065201493,0.0,0.0073858267,0.0,0.16026287,0.0,0.027002249,0.0,0.0043426557,0.0,0.0020684467,0.0,8.12734e-06
0.0,0.0,1.1929344e-09,6.87458e-08,0.0,0.0008757344,0.0,0.0011796519,0.0,4.0603132e-05,0.0,0.037497506,0.0,0.1161406,0.0,0.0076755676,0.0,0.04808408,0.0,0.0066899327,0.0,0.0051835496,0.0,0.002628694,0.0,1.2241533e-05
0.0,0.0,8.6108537e-10,5.321829e-08,0.0,0.0010495336,0.0,0.0016142132,0.0,3.4694396e-05,0.0,0.021855088,0.0,0.059509695,0.0,0.008533524,0.0,0.038962137,0.0,0.03998795,0.0,0.0037179284,0.0,0.0020544066,0.0,1.4491143e-05
0.0,0.0,7.887507e-10,3.2995768e-08,0.0,0.0011872835,0.0,0.005375104,0.0,3.2142227e-05,0.0,0.004676438,0.0,0.022306392,0.0,0.009016531,0.0,0.030587116,0.0,0.013329727,0.0,0.005121131,0.0,0.0026414858,0.0,1.657747e-05
0.0,0.0,6.3055655e-10,7.258501e-08,0.0,0.0011241324,0.0,0.0021432098,0.0,3.110191e-05,0.0,0.01119145,0.0,0.018909676,0.0,0.008821962,0.0,0.053408634,0.0,0.021177135,0.0,0.0037170548,0.0,0.0020615926,0.0,1.6872364e-05
0.0,0.0,4.764628e-10,1.7724037e-07,0.0,0.0011309293,0.0,0.002766393,0.0,4.8945025e-05,0.0,0.015001153,0.0,0.03432946,0.0,0.008897472,0.0,0.016546821,0.0,0.009454146,0.0,0.005645682,0.0,0.002976101,0.0,1.9663448e-05
0.0,0.0,4.7517335e-10,1.1124477e-07,0.0,0.0013133581,0.0,0.0050861146,0.0,4.4969478e-05,0.0,0.005463154,0.0,0.009922417,0.0,0.009682586,0.0,0.21849398,0.0,0.044093136,0.0,0.0058527654,0.0,0.0032603855,0.0,2.7660793e-05
0.0,0.0,4.738874e-10,1.9101974e-06,0.0,0.0017963662,0.0,0.010405518,0.0,6.585541e-05,0.0,0.033767413,0.0,0.19088103,0.0,0.011389298,0.0,0.07109198,0.0,0.037600067,0.0,0.006860023,0.0,0.0039976095,0.0,4.5100638e-05
0.0,0.0,2.9364353e-10,2.5436289e-06,0.0,0.0020388232,0.0,0.011707734,0.0,8.189938e-05,0.0,0.016846327,0.0,0.11869931,0.0,0.012212927,0.0,0.06560132,0.0,0.02199813,0.0,0.010877757,0.0,0.006410742,0.0,7.739618e-05
0.0,0.0,1.9939238e-10,4.906743e-06,0.0,0.0022615967,0.0,0.008740674,0.0,0.00010307103,0.0,0.024018856,0.0,0.1689744,0.0,0.012945346,0.0,0.029112363,0.0,0.009626312,0.0,0.0071582687,0.0,0.0045411764,0.0,9.5860116e-05
0.0,0.0,1.506654e-10,6.7542483e-06,0.0,0.0023993116,0.0,0.0127797965,0.0,9.238102e-05,0.0,0.03141454,0.0,0.14111985,0.0,0.013477508,0.0,0.15249516,0.0,0.07972688,0.0,0.007735146,0.0,0.0047865263,0.0,0.00011216059
0.0,0.0,1.2845858e-10,3.9691026e-06,0.0,0.0024686106,0.0,0.0039493656,0.0,0.00010126437,0.0,0.01419776,0.0,0.09103392,0.0,0.013923406,0.0,0.0968331,0.0,0.05350588,0.0,0.0064822873,0.0,0.0040658587,0.0,0.00012788714
0.0,0.0,1.2811092e-10,3.7617674e-06,0.0,0.002410733,0.0,0.01187612,0.0,8.3449726e-05,0.0,0.07913087,0.0,0.030053992,0.0,0.013965597,0.0,0.0373805,0.0,0.025560226,0.0,0.023770934,0.0,0.014153093,0.0,0.00022518681
0.0,0.0,1.2776422e-10,2.6507457e-06,0.0,0.0027269472,0.0,0.00282948,0.0,8.64743e-05,0.0,0.07255537,0.0,0.05260568,0.0,0.014894011,0.0,0.03047883,0.0,0.04116018,0.0,0.015761035,0.0,0.010469239,0.0,0.00058311434
0.0,0.0,1.2741845e-10,3.296643e-06,0.0,0.0034951663,0.0,0.03494873,0.0,8.457594e-05,0.0,0.08272123,0.0,0.16962588,0.0,0.017079975,0.0,0.15779243,0.0,0.031036919,0.0,0.009568898,0.0,0.006722036,0.0,0.006200713
0.0,0.0,3.077268e-11,1.267255e-05,0.0,0.0040161125,0.0,0.041270178,0.0,9.1074624e-05,0.0,0.057839923,0.0,0.08637785,0.0,0.01842601,0.0,0.21140476,0.0,0.016075784,0.0,0.013423275,0.0,0.008887217,0.0,0.04021965
0.0,0.0,5.461807e-12,2.867208e-05,0.0,0.0044384953,0.0,0.040986665,0.0,0.000107569824,0.0,0.019703466,0.0,0.059209358,0.0,0.019654235,0.0,0.17082748,0.0,0.075905375,0.0,0.009009257,0.0,0.006427335,0.0,0.016025623
0.0,0.0,3.784874e-12,4.1319316e-05,0.0,0.0044385334,0.0,0.04503791,0.0,0.00011796882,0.0,0.16494344,0.0,0.09273153,0.0,0.02004741,0.0,0.090445004,0.0,0.038091592,0.0,0.021662345,0.0,0.014630748,0.0,0.009455934
0.0,0.0,6.705683e-13,8.300849e-05,0.0,0.0047008027,0.0,0.016637769,0.0,0.000121546764,0.0,0.15923771,0.0,0.05051111,0.0,0.020878509,0.0,0.048182108,0.0,0.07103188,0.0,0.02280292,0.0,0.015942067,0.0,0.053533394
0.0,0.0,1.897137e-13,0.00026098517,0.0,0.005347725,0.0,0.048631124,0.0,0.0001387455,0.0,0.13259338,0.0,0.025668548,0.0,0.022551054,0.0,0.0904992,0.0,0.067315735,0.0,0.016994439,0.0,0.012310457,0.0,0.02945232
0.0,0.0,7.294994e-14,0.0064057074,0.0,0.006491019,0.0,0.05644621,0.0,0.00050666847,0.0,0.10018879,0.0,0.204285,0.0,0.025022423,0.0,0.09793062,0.0,0.04520301,0.0,0.01294741,0.0,0.009689674,0.0,0.080008924
0.0,0.0,1.2749071e-14,0.0149968695,0.0,0.0070473547,0.0,0.057305332,0.0,0.0015277356,0.0,0.08155963,0.0,0.16035627,0.0,0.026466448,0.0,0.09588526,0.0,0.0239224,0.0,0.030262673,0.0,0.021858519,0.0,0.1110774
0.0,0.0,4.0126043e-15,0.018277774,0.0,0.006884806,0.0,0.034620546,0.0,0.0029468283,0.0,0.035189595,0.0,0.0965693,0.0,0.02670728,0.0,0.08181513,0.0,0.035210174,0.0,0.018246885,0.0,0.013637015,0.0,0.05681822
0.0,0.0,1.5420887e-15,0.026681302,0.0,0.007595123,0.0,0.030104319,0.0,0.0043604006,0.0,0.16402243,0.0,0.07831943,0.0,0.028759496,0.0,0.058595054,0.0,0.021457745,0.0,0.013181384,0.0,0.009974532,0.0,0.091720544
0.0,0.0,2.7358926e-16,0.018027881,0.0,0.008191239,0.0,0.01616499,0.0,0.013448132,0.0,0.15256836,0.0,0.13628283,0.0,0.030435555,0.0,0.03102924,0.0,0.15883648,0.0,0.030010693,0.0,0.021390075,0.0,0.031361498
0.0,0.0,3.389145e-05,0.049232338,0.0,0.009298582,0.0,0.07516642,0.0,0.009217963,0.0,0.14136317,0.0,0.18615332,0.0,0.032596488,0.0,0.11392775,0.0,0.09329773,0.0,0.017781202,0.0,0.013468175,0.0,0.047274392
0.0,0.0,3.8423314e-05,0.006627931,0.0,0.009240717,0.0,0.04275331,0.0,0.019669594,0.0,0.1034352,0.0,0.20207804,0.0,0.033169065,0.0,0.30219877,0.0,0.054052204,0.0,0.017834181,0.0,0.013271964,0.0,0.090247154
0.0,0.0,4.2914256e-05,0.028480615,0.0,0.010108147,0.0,0.09215639,0.0,0.06071077,0.0,0.055542268,0.0,0.18391973,0.0,0.035154846,0.0,0.41025627,0.0,0.03017847,0.0,0.026737606,0.0,0.019711887,0.0,0.08230756
0.0,0.0,3.415648e-05,0.030032506,0.0,0.010697447,0.0,0.060408976,0.0,0.032192215,0.0,0.0750518,0.0,0.19487864,0.0,0.036686044,0.0,0.41470784,0.0,0.03057286,0.0,0.017954515,0.0,0.013723853,0.0,0.032467432
0.0,0.0,3.003965e-05,0.024242595,0.0,0.011217244,0.0,0.06793167,0.0,0.06303089,0.0,0.047093086,0.0,0.15193151,0.0,0.038201254,0.0,0.36317053,0.0,0.029708495,0.0,0.03175889,0.0,0.02327236,0.0,0.13277653
0.0,0.0,2.4982315e-05,0.03944589,0.0,0.0124349035,0.0,0.017998641,0.0,0.03770654,0.0,0.017370727,0.0,0.089790575,0.0,0.040745165,0.0,0.2855503,0.0,0.053846437,0.0,0.022676138,0.0,0.017406747,0.0,0.14191113
0.0,0.0,2.2510445e-05,0.008399923,0.0,0.012718684,0.0,0.10573928,0.0,0.017914316,0.0,0.27684218,0.0,0.05689773,0.0,0.04206052,0.0,0.2113934,0.0,0.033713777,0.0,0.021023132,0.0,0.0159984,0.0,0.056970973
0.0,0.0,1.9222029e-05,0.02782113,0.0,0.012297704,0.0,0.052707832,0.0,0.075494885,0.0,0.27039012,0.0,0.17571259,0.0,0.042328022,0.0,0.20006323,0.0,0.036257993,0.0,0.036862157,0.0,0.02712096,0.0,0.040380448
0.0,0.0,2.2775912e-05,0.06357995,0.0,0.013703944,0.0,0.018696934,0.0,0.046578187,0.0,0.18602899,0.0,0.15421464,0.0,0.045190103,0.0,0.22381294,0.0,0.03319855,0.0,0.026845003,0.0,0.020742316,0.0,0.15475096
0.0,0.0,3.9617804e-05,0.025831904,0.0,0.015525779,0.0,0.06452554,0.0,0.018230125,0.0,0.2274825,0.0,0.22513425,0.0,0.048418306,0.0,0.22927979,0.0,0.07333418,0.0,0.023566527,0.0,0.01815063,0.0,0.21891291
0.0,0.0,3.2178512e-05,0.036996353,0.0,0.016331047,0.0,0.11626984,0.0,0.07879997,0.0,0.1948326,0.0,0.1853009,0.0,0.05081976,0.0,0.20264176,0.0,0.046164755,0.0,0.05955209,0.0,0.04417186,0.0,0.15588467
0.0,0.0,2.8148927e-05,0.0077728163,0.0,0.016933596,0.0,0.14037348,0.0,0.041808337,0.0,0.12919639,0.0,0.118647814,0.0,0.053196114,0.0,0.1712515,0.0,0.039684735,0.0,0.04819133,0.0,0.037892904,0.0,0.08383946
0.0,0.0,4.5508423e-05,0.056661803,0.0,0.018943692,0.0,0.10911078,0.0,0.064827204,0.0,0.15399115,0.0,0.08808902,0.0,0.056945834,0.0,0.11732274,0.0,0.056293122,0.0,0.03804445,0.0,0.030097947,0.0,0.02968122
0.0,0.0,3.894271e-05,0.029520666,0.0,0.019335262,0.0,0.10225175,0.0,0.05510563,0.0,0.1235037,0.0,0.08538654,0.0,0.058716968,0.0,0.05555666,0.0,0.04422122,0.0,0.030483047,0.0,0.023941608,0.0,0.20002255
0.0,0.0,3.642704e-05,0.026590917,0.0,0.019843819,0.0,0.04280403,0.0,0.030090755,0.0,0.06316663,0.0,0.061065786,0.0,0.060489483,0.0,0.27324542,0.0,0.04858366,0.0,0.05641971,0.0,0.04237589,0.0,0.13814597
0.0,0.0,3.4673554e-05,0.03579141,0.0,0.02145668,0.0,0.030715996,0.0,0.037906725,0.0,0.09580628,0.0,0.05717383,0.0,0.06366744,0.0,0.39499217,0.0,0.0473323,0.0,0.044968758,0.0,0.035602186,0.0,0.13950706
0.0,0.0,8.780945e-05,0.009668203,0.0,0.022700613,0.0,0.05861366,0.0,0.026897926,0.0,0.07539539,0.0,0.0456832,0.0,0.066844895,0.0,0.4017956,0.0,0.05506139,0.0,0.038189456,0.0,0.03033314,0.0,0.056012776
0.0,0.0,8.757064e-05,0.03204698,0.0,0.023302162,0.0,0.095877334,0.0,0.020132022,0.0,0.03336555,0.0,0.09742248,0.0,0.0689431,0.0,0.36225754,0.0,0.053159583,0.0,0.039392143,0.0,0.031199392,0.0,0.012801278
0.0,0.0,9.230168e-05,0.03617089,0.0,0.023732498,0.0,0.038477324,0.0,0.044476792,0.0,0.07313448,0.0,0.3010084,0.0,0.0708834,0.0,0.3080595,0.0,0.054936398,0.0,0.04484339,0.0,0.034969516,0.0,0.2813202
0.0,0.0,8.399378e-05,0.01906074,0.0,0.024011008,0.0,0.08685464,0.0,0.022195015,0.0,0.06435341,0.0,0.24886899,0.0,0.072169885,0.0,0.25159413,0.0,0.054650445,0.0,0.038606163,0.0,0.030312756,0.0,0.19471203
0.0,0.0,0.00022325283,0.055392273,0.0,0.02455473,0.0,0.09404689,0.0,0.062383786,0.0,0.04021202,0.0,0.19522686,0.0,0.073992655,0.0,0.18848762,0.0,0.05663528,0.0,0.06331139,0.0,0.04830599,0.0,0.12673697
0.0,0.0,0.0005026636,0.011754735,0.0,0.024620598,0.0,0.07335339,0.0,0.030812351,0.0,0.487102,0.0,0.16036642,0.0,0.07509457,0.0,0.14421052,0.0,0.056671403,0.0,0.05340408,0.0,0.042162348,0.0,0.20223285
0.0,0.0,0.0005178024,0.024923792,0.0,0.024917167,0.0,0.05657252,0.0,0.054638457,0.0,0.48007134,0.0,0.12435406,0.0,0.07649717,0.0,0.098229796,0.0,0.05742835,0.0,0.042812034,0.0,0.033746917,0.0,0.12731808
0.0,0.0,0.00201846,0.019583808,0.0,0.025677893,0.0,0.037797626,0.0,0.029216882,0.0,0.3359506,0.0,0.067088485,0.0,0.07826221,0.0,0.056245066,0.0,0.05989264,0.0,0.04160646,0.0,0.03270672,0.0,0.091851175
0.0,0.0,0.0016344748,0.05202628,0.0,0.026343685,0.0,0.034541767,0.0,0.033567194,0.0,0.2416377,0.0,0.18020302,0.0,0.08031361,0.0,0.02496548,0.0,0.060593404,0.0,0.072365105,0.0,0.054557655,0.0,0.2289532
0.0,0.0,0.012419016,0.028158883,0.0,0.025491724,0.0,0.018585727,0.0,0.03884039,0.0,0.16653435,0.0,0.10914793,0.0,0.080730766,0.0,0.38503274,0.0,0.060135256,0.0,0.060790475,0.0,0.047618296,0.0,0.14814927
0.0,0.0,0.0089636,0.016956937,0.0,0.024163622,0.0,0.0824881,0.0,0.020821217,0.0,0.11102865,0.0,0.0834213,0.0,0.079887204,0.0,0.43538678,0.0,0.059433285,0.0,0.04720934,0.0,0.036559757,0.0,0.09389327
0.0,0.0,0.0026661602,0.06736155,0.0,0.02556984,0.0,0.08136025,0.0,0.06819746,0.0,0.109548606,0.0,0.19239615,0.0,0.08215792,0.0,0.3485918,0.0,0.06350158,0.0,0.043780494,0.0,0.034130786,0.0,0.1240249
0.0,0.0,0.0042052143,0.02099083,0.0,0.025926696,0.0,0.16737354,0.0,0.010902766,0.0,0.07772967,0.0,0.14441569,0.0,0.08359312,0.0,0.2355166,0.0,0.06364028,0.0,0.05786488,0.0,0.044045664,0.0,0.06414709
0.0,0.0,0.0027029254,0.026468115,0.0,0.024991108,0.0,0.16352081,0.0,0.054700892,0.0,0.027739614,0.0,0.11306403,0.0,0.08325668,0.0,0.13330328,0.0,0.059423592,0.0,0.043827683,0.0,0.03341056,0.0,0.11003079
0.0,0.0,0.0020481842,0.029825691,0.0,0.02538673,0.0,0.139796,0.0,0.014229566,0.0,0.18279336,0.0,0.7731908,0.0,0.084022865,0.0,0.056706205,0.0,0.06218115,0.0,0.04090605,0.0,0.030935325,0.0,0.07575808
0.0,0.0,0.001315977,0.030261805,0.0,0.028676327,0.0,0.19010542,0.0,0.08397689,0.0,0.1928899,0.0,0.48601437,0.0,0.08841781,0.0,0.26287934,0.0,0.06716054,0.0,0.07858608,0.0,0.05944487,0.0,0.017430324
0.0,0.0,0.0019475332,0.015929962,0.0,0.027308576,0.0,0.15750353,0.0,0.02150643,0.0,0.16197312,0.0,0.26780796,0.0,0.088327035,0.0,0.20571952,0.0,0.06544977,0.0,0.06749428,0.0,0.052747283,0.0,0.22291481
0.0,0.0,0.00072790595,0.026166357,0.0,0.026882356,0.0,0.18914251,0.0,0.018681293,0.0,0.13924618,0.0,0.1774448,0.0,0.088687,0.0,0.12933946,0.0,0.06401743,0.0,0.055992037,0.0,0.04318241,0.0,0.16046695
0.0,0.0,0.00040904531,0.054626483,0.0,0.027750786,0.0,0.20990673,0.0,0.08790542,0.0,0.09848196,0.0,0.0795023,0.0,0.09033034,0.0,0.062067352,0.0,0.067740306,0.0,0.047671035,0.0,0.036857665,0.0,0.083934434
0.0,0.0,0.0003236016,0.02318851,0.0,0.029497208,0.0,0.21049517,0.0,0.05268585,0.0,0.09437454,0.0,0.33267725,0.0,0.09296668,0.0,0.027497482,0.0,0.06948662,0.0,0.0493865,0.0,0.037707876,0.0,0.014634856
0.0,0.0,0.0004695178,0.02521952,0.0,0.02802951,0.0,0.14945598,0.0,0.021373805,0.0,0.09626969,0.0,0.36056685,0.0,0.09215825,0.0,0.16460039,0.0,0.0681727,0.0,0.04678684,0.0,0.035238232,0.0,0.22757523
0.0,0.0,0.00040612926,0.015224153,0.0,0.02786932,0.0,0.12671387,0.0,0.027514488,0.0,0.07267781,0.0,0.25859815,0.0,0.0922676,0.0,0.16068725,0.0,0.0674288,0.0,0.05051196,0.0,0.037085637,0.0,0.16175
0.0,0.0,0.00026794104,0.041089293,0.0,0.029913401,0.0,0.055823687,0.0,0.02705756,0.0,0.4286653,0.0,0.1617232,0.0,0.09497157,0.0,0.09371603,0.0,0.07100391,0.0,0.0478942,0.0,0.036437783,0.0,0.08085201
0.0,0.0,0.00028897705,0.015889032,0.0,0.02834283,0.0,0.061350953,0.0,0.039359488,0.0,0.42638096,0.0,0.067256235,0.0,0.09383665,0.0,0.03501465,0.0,0.06948593,0.0,0.06549041,0.0,0.048566636,0.0,0.031963747
0.0,0.0,0.009105157,0.061145205,0.0,0.028158687,0.0,0.046643756,0.0,0.009882099,0.0,0.32485497,0.0,0.20814571,0.0,0.09400726,0.0,0.04506887,0.0,0.06858106,0.0,0.052365653,0.0,0.03984806,0.0,0.117737696
0.0,0.0,0.0053371885,0.020296916,0.0,0.028935092,0.0,0.0994123,0.0,0.080894925,0.0,0.21589892,0.0,0.19745539,0.0,0.09552126,0.0,0.024576921,0.0,0.06853283,0.0,0.0461714,0.0,0.03492233,0.0,0.16156891
0.0,0.0,0.0030309195,0.0491236,0.0,0.029002674,0.0,0.042428665,0.0,0.0297206,0.0,0.15207691,0.0,0.19676252,0.0,0.09580663,0.0,0.28070465,0.0,0.07002737,0.0,0.06882006,0.0,0.051283818,0.0,0.09902333
0.0,0.0,0.002293738,0.009686734,0.0,0.02739446,0.0,0.008686079,0.0,0.056385778,0.0,0.087480135,0.0,0.16612512,0.0,0.094348796,0.0,0.14920296,0.0,0.070779555,0.0,0.057266362,0.0,0.04425928,0.0,0.055234257
0.0,0.0,0.0015868942,0.028193526,0.0,0.02580688,0.0,0.062092725,0.0,0.034274645,0.0,0.04446783,0.0,0.11049426,0.0,0.09287025,0.0,0.16331778,0.0,0.06905259,0.0,0.04723063,0.0,0.035944946,0.0,0.10396444
0.0,0.0,0.0013476445,0.013328999,0.0,0.025131091,0.0,0.052309826,0.0,0.017169237,0.0,0.018045295,0.0,0.039671507,0.0,0.09179183,0.0,0.10150583,0.0,0.06673956,0.0,0.04989851,0.0,0.03646438,0.0,0.105044246
0.0,0.0,0.023013655,0.045136496,0.0,0.026760885,0.0,0.07688318,0.0,0.08610889,0.0,0.3450084,0.0,0.59498143,0.0,0.09392157,0.0,0.03179879,0.0,0.0700718,0.0,0.046665404,0.0,0.035249233,0.0,0.027400615
0.0,0.0,0.01991882,0.009080724,0.0,0.025310462,0.0,0.017070038,0.0,0.02078353,0.0,0.33762684,0.0,0.3851028,0.0,0.092253216,0.0,0.1513178,0.0,0.067002885,0.0,0.060803153,0.0,0.044536307,0.0,0.07994278
0.0,0.0,0.012448424,0.019723073,0.0,0.025915854,0.0,0.10210643,0.0,0.03633528,0.0,0.2750257,0.0,0.21333423,0.0,0.092762515,0.0,0.18838227,0.0,0.06770799,0.0,0.049594034,0.0,0.03763024,0.0,0.03375594
0.0,0.0,0.0065553687,0.027216392,0.0,0.024736116,0.0,0.0682391,0.0,0.009508762,0.0,0.24321441,0.0,0.2139431,0.0,0.09110135,0.0,0.14267223,0.0,0.06594545,0.0,0.042465594,0.0,0.031459115,0.0,0.052280687
0.0,0.0,0.0016157129,0.011894483,0.0,0.023473391,0.0,0.092828006,0.0,0.041866932,0.0,0.18168087,0.0,0.13218485,0.0,0.089510076,0.0,0.07976693,0.0,0.06491095,0.0,0.058234897,0.0,0.04205256,0.0,0.10150389
0.0,0.0,0.00066240854,0.017307503,0.0,0.023514451,0.0,0.06707837,0.0,0.013953843,0.0,0.10414644,0.0,0.08199723,0.0,0.089287266,0.0,0.10305981,0.0,0.06341464,0.0,0.046355564,0.0,0.034365475,0.0,0.046808958
0.0,0.0,0.0004902707,0.013668875,0.0,0.023094805,0.0,0.07117439,0.0,0.020423107,0.0,0.07754912,0.0,0.072448306,0.0,0.08798978,0.0,0.0477333,0.0,0.060525212,0.0,0.038106438,0.0,0.02764002,0.0,0.07918053
0.0,0.0,0.00089933904,0.017325105,0.0,0.023010954,0.0,0.022507269,0.0,0.02818379,0.0,0.04540706,0.0,0.054476038,0.0,0.08799437,0.0,0.18526705,0.0,0.061149526,0.0,0.0538877,0.0,0.038244046,0.0,0.15280074
0.0,0.0,0.029408429,0.026287792,0.0,0.022835383,0.0,0.07918926,0.0,0.019212795,0.0,0.019325413,0.0,0.15821259,0.0,0.08701025,0.0,0.21293691,0.0,0.059646912,0.0,0.042120513,0.0,0.030875903,0.0,0.081162624
0.0,0.0,0.025330529,0.029281618,0.0,0.022428818,0.0,0.04940082,0.0,0.04538387,0.0,0.3082457,0.0,0.12911214,0.0,0.08587068,0.0,0.18919718,0.0,0.060895484,0.0,0.0377732,0.0,0.027211823,0.0,0.10472156
0.0,0.0,0.012686396,0.013522291,0.0,0.022987915,0.0,0.049405962,0.0,0.025001999,0.0,0.3308313,0.0,0.10531732,0.0,0.086048596,0.0,0.15725635,0.0,0.05998478,0.0,0.051432494,0.0,0.036561824,0.0,0.05091376
0.0,0.0,0.007375042,0.028134892,0.0,0.022851894,0.0,0.048625574,0.0,0.029843101,0.0,0.25124288,0.0,0.09443681,0.0,0.08570103,0.0,0.13967422,0.0,0.06297763,0.0,0.04277533,0.0,0.03200768,0.0,0.06789683
0.0,0.0,0.008530606,0.019179901,0.0,0.02173832,0.0,0.036322918,0.0,0.015081408,0.0,0.20398286,0.0,0.06585289,0.0,0.08433686,0.0,0.13178104,0.0,0.060363755,0.0,0.039148822,0.0,0.028480412,0.0,0.06603036
0.0,0.0,0.0058917524,0.017752174,0.0,0.021655207,0.0,0.010119916,0.0,0.02755093,0.0,0.1635344,0.0,0.035443217,0.0,0.08355853,0.0,0.10027811,0.0,0.059280682,0.0,0.050188456,0.0,0.03523094,0.0,0.03768828
0.0,0.0,0.002105959,0.020846548,0.0,0.022117581,0.0,0.07100565,0.0,0.032610837,0.0,0.13190585,0.0,0.34275028,0.0,0.08360014,0.0,0.21829545,0.0,0.059149507,0.0,0.040458377,0.0,0.02959598,0.0,0.01347482
0.0,0.0,0.0018167545,0.013876019,0.0,0.022475092,0.0,0.033426534,0.0,0.018527007,0.0,0.12309008,0.0,0.26649183,0.0,0.08398349,0.0,0.15421349,0.0,0.061693255,0.0,0.041985616,0.0,0.030490313,0.0,0.14168578
0.0,0.0,0.0019641456,0.045914512,0.0,0.021490322,0.0,0.03329564,0.0,0.05592436,0.0,0.08596166,0.0,0.18107915,0.0,0.08261508,0.0,0.19122891,0.0,0.059861712,0.0,0.04234836,0.0,0.030875608,0.0,0.06379823
0.0,0.0,0.002354448,0.0078696245,0.0,0.02073752,0.0,0.06543244,0.0,0.010016037,0.0,0.039470162,0.0,0.108513705,0.0,0.08098406,0.0,0.22425891,0.0,0.058480997,0.0,0.037456483,0.0,0.027009672,0.0,0.0093508735
0.0,0.0,0.034485597,0.019231047,0.0,0.021670433,0.0,0.026260996,0.0,0.084141865,0.0,0.09884327,0.0,0.1256532,0.0,0.081700504,0.0,0.23590262,0.0,0.058962606,0.0,0.054417484,0.0,0.03850299,0.0,0.122293815
0.0,0.0,0.020497084,0.0339782,0.0,0.02199356,0.0,0.024285346,0.0,0.045284104,0.0,0.08217911,0.0,0.13165043,0.0,0.08203427,0.0,0.21566905,0.0,0.0588426,0.0,0.043173615,0.0,0.032139305,0.0,0.043720357
0.0,0.0,0.011812137,0.016201455,0.0,0.021936417,0.0,0.074340545,0.0,0.015080306,0.0,0.044562075,0.0,0.12394731,0.0,0.08184244,0.0,0.16629346,0.0,0.058527004,0.0,0.03676659,0.0,0.026933782,0.0,0.022213766
0.0,0.0,0.0062984563,0.031701274,0.0,0.020593598,0.0,0.04983637,0.0,0.042607643,0.0,0.049796738,0.0,0.09675733,0.0,0.079691485,0.0,0.09335069,0.0,0.055811934,0.0,0.048448503,0.0,0.033186357,0.0,0.047709204
0.0,0.0,0.0015303079,0.009227483,0.0,0.020393584,0.0,0.059552226,0.0,0.025555806,0.0,0.025821159,0.0,0.05330065,0.0,0.079047486,0.0,0.044320248,0.0,0.058944482,0.0,0.039315093,0.0,0.0288987,0.0,0.110969834
0.0,0.0,0.0011590789,0.013429086,0.0,0.019963548,0.0,0.04697776,0.0,0.017459193,0.0,0.008567793,0.0,0.049543712,0.0,0.07817954,0.0,0.020040259,0.0,0.05659956,0.0,0.035926964,0.0,0.025891725,0.0,0.11163388
0.0,0.0,0.00038520875,0.022496725,0.0,0.019699989,0.0,0.053593647,0.0,0.034749553,0.0,0.20056602,0.0,0.114451624,0.0,0.07746502,0.0,0.3974485,0.0,0.05892905,0.0,0.048013356,0.0,0.03366978,0.0,0.040066924
0.0,0.0,0.00015226146,0.024544884,0.0,0.018852755,0.0,0.029167736,0.0,0.010082088,0.0,0.20589985,0.0,0.09354406,0.0,0.07599546,0.0,0.17057802,0.0,0.05268471,0.0,0.034548517,0.0,0.024740059,0.0,0.021438526
0.0,0.0,8.681197e-05,0.016329776,0.0,0.019877953,0.0,0.036844976,0.0,0.033694673,0.0,0.172593,0.0,0.0598889,0.0,0.076713905,0.0,0.19323203,0.0,0.06364565,0.0,0.0382124,0.0,0.027334994,0.0,0.06941816
0.0,0.0,4.914121e-05,0.031698707,0.0,0.020155486,0.0,0.023742078,0.0,0.00978759,0.0,0.15857615,0.0,0.42693084,0.0,0.07704036,0.0,0.1194762,0.0,0.054457672,0.0,0.03445794,0.0,0.025100017,0.0,0.029227383
0.0,0.0,3.223434e-05,0.017422179,0.0,0.019377397,0.0,0.061947014,0.0,0.037060726,0.0,0.13852225,0.0,0.27788773,0.0,0.075860694,0.0,0.18749285,0.0,0.054631263,0.0,0.046399515,0.0,0.03243452,0.0,0.11009366
0.0,0.0,2.3619317e-05,0.026003988,0.0,0.019510947,0.0,0.010883794,0.0,0.012212199,0.0,0.09482445,0.0,0.18816715,0.0,0.07604617,0.0,0.24328554,0.0,0.053200718,0.0,0.034735817,0.0,0.024989199,0.0,0.107023366
0.0,0.0,2.1097701e-05,0.016308293,0.0,0.01799331,0.0,0.052135397,0.0,0.040689047,0.0,0.081999674,0.0,0.1731194,0.0,0.07342328,0.0,0.2537174,0.0,0.05485549,0.0,0.032007497,0.0,0.022386966,0.0,0.034864284
0.0,0.0,1.6894048e-05,0.035379436,0.0,0.017063681,0.0,0.024222204,0.0,0.011790557,0.0,0.05112574,0.0,0.101568714,0.0,0.071230344,0.0,0.23541006,0.0,0.051048197,0.0,0.041549653,0.0,0.028843774,0.0,0.01862296
0.0,0.0,1.4783259e-05,0.01374052,0.0,0.017445879,0.0,0.06236834,0.0,0.030005705,0.0,0.013660812,0.0,0.029481195,0.0,0.07156014,0.0,0.20084722,0.0,0.059363447,0.0,0.033042263,0.0,0.024079073,0.0,0.13953222
0.0,0.0,2.0099287e-05,0.020880252,0.0,0.017510466,0.0,0.0442376,0.0,0.011226593,0.0,0.27006167,0.0,0.11394628,0.0,0.07140764,0.0,0.1470684,0.0,0.049761306,0.0,0.03970471,0.0,0.027855627,0.0,0.06608632
0.0,0.0,1.9645184e-05,0.015755473,0.0,0.018382825,0.0,0.03467092,0.0,0.02361174,0.0,0.3045211,0.0,0.07564396,0.0,0.07247909,0.0,0.09170683,0.0,0.05606632,0.0,0.030373402,0.0,0.02170779,0.0,0.08342523
0.0,0.0,1.9591651e-05,0.026054606,0.0,0.01821642,0.0,0.039335813,0.0,0.013104237,0.0,0.23037481,0.0,0.04198926,0.0,0.07218479,0.0,0.037690416,0.0,0.049218193,0.0,0.044446185,0.0,0.030942464,0.0,0.072000295
0.0,0.0,1.5558886e-05,0.01818815,0.0,0.016719362,0.0,0.05663478,0.0,0.0485753,0.0,0.21546645,0.0,0.10304471,0.0,0.06928443,0.0,0.135372,0.0,0.056358773,0.0,0.032765593,0.0,0.02363366,0.0,0.0104862405
0.0,0.0,1.2814252e-05,0.042581677,0.0,0.016687024,0.0,0.024099765,0.0,0.011078452,0.0,0.17772764,0.0,0.07308397,0.0,0.068529,0.0,0.15016736,0.0,0.048167918,0.0,0.031217521,0.0,0.02228178,0.0,0.1122577
0.0,0.0,1.4714399e-05,0.009627661,0.0,0.016414499,0.0,0.03415774,0.0,0.04461508,0.0,0.11601105,0.0,0.028672103,0.0,0.06771743,0.0,0.14885856,0.0,0.054516137,0.0,0.0335021,0.0,0.022935892,0.0,0.03175321
0.0,0.0,1.72752e-05,0.024423437,0.0,0.016525144,0.0,0.047815796,0.0,0.013389851,0.0,0.15287337,0.0,0.5779059,0.0,0.067401476,0.0,0.13154687,0.0,0.046474785,0.0,0.027996253,0.0,0.019844394,0.0,0.04383655
0.0,0.0,1.3299783e-05,0.013902933,0.0,0.015245923,0.0,0.065230265,0.0,0.022762205,0.0,0.16086352,0.0,0.41080874,0.0,0.06472812,0.0,0.0931525,0.0,0.053225555,0.0,0.035136506,0.0,0.023749648,0.0,0.01360493
0.0,0.0,1.1813638e-05,0.00733534,0.0,0.015626224,0.0,0.02339273,0.0,0.0081233885,0.0,0.1252098,0.0,0.25558314,0.0,0.06506024,0.0,0.06506499,0.0,0.045183543,0.0,0.028021907,0.0,0.020105185,0.0,0.05878714
0.0,0.0,1.0392519e-05,0.0070774904,0.0,0.016253421,0.0,0.023646982,0.0,0.023555852,0.0,0.12300481,0.0,0.21393026,0.0,0.0658327,0.0,0.24283351,0.0,0.05750782,0.0,0.039077755,0.0,0.026794925,0.0,0.016264252
0.0,0.0,1.0364195e-05,0.01904003,0.0,0.015262373,0.0,0.03627668,0.0,0.022919623,0.0,0.09500586,0.0,0.16583198,0.0,0.06401955,0.0,0.21463592,0.0,0.04370582,0.0,0.027317027,0.0,0.019382859,0.0,0.0970658
0.0,0.0,1.09478315e-05,0.015047455,0.0,0.015238393,0.0,0.06121184,0.0,0.012522477,0.0,0.04985652,0.0,0.10818603,0.0,0.063157335,0.0,0.1435405,0.0,0.055433467,0.0,0.032719687,0.0,0.022250833,0.0,0.028646974
0.0,0.0,9.905303e-06,0.015693413,0.0,0.016114658,0.0,0.039418254,0.0,0.023161251,0.0,0.3089739,0.0,0.06400027,0.0,0.06409804,0.0,0.074859366,0.0,0.045960087,0.0,0.02819988,0.0,0.020506091,0.0,0.0438955
0.0,0.0,9.2551745e-06,0.019461352,0.0,0.016039275,0.0,0.04226747,0.0,0.010679613,0.0,0.32290283,0.0,0.031782933,0.0,0.06390226,0.0,0.056966815,0.0,0.050039496,0.0,0.040702447,0.0,0.028109223,0.0,0.021335172
0.0,0.0,8.713357e-06,0.017393213,0.0,0.01567476,0.0,0.01747937,0.0,0.025466667,0.0,0.31768495,0.0,0.4804422,0.0,0.0630529,0.0,0.19266969,0.0,0.042726096,0.0,0.028472923,0.0,0.020384315,0.0,0.08541144
0.0,0.0,1.3245903e-05,0.009282978,0.0,0.015999941,0.0,0.05010276,0.0,0.006284302,0.0,0.30571344,0.0,0.40320778,0.0,0.063304245,0.0,0.19928484,0.0,0.067372546,0.0,0.029369425,0.0,0.020555189,0.0,0.026559537
0.0,0.0,1.3209799e-05,0.0042415042,0.0,0.015228882,0.0,0.024138896,0.0,0.0096068345,0.0,0.24450043,0.0,0.2667336,0.0,0.061782245,0.0,0.18531168,0.0,0.044971447,0.0,0.026622316,0.0,0.018273128,0.0,0.06998624
0.0,0.0,1.2606161e-05,0.008408624,0.0,0.015868593,0.0,0.033076465,0.0,0.025295911,0.0,0.18608947,0.0,0.14079788,0.0,0.062270958,0.0,0.18429416,0.0,0.039904103,0.0,0.027935196,0.0,0.018941835,0.0,0.052082647
0.0,0.0,1.1222599e-05,0.0125472415,0.0,0.016334927,0.0,0.011527854,0.0,0.023174893,0.0,0.16899416,0.0,0.108504996,0.0,0.063142195,0.0,0.16996178,0.0,0.0642036,0.0,0.023542866,0.0,0.01642243,0.0,0.015191033
0.0,0.0,1.1192009e-05,0.02713331,0.0,0.015920375,0.0,0.036385737,0.0,0.026066363,0.0,0.12791328,0.0,0.08902418,0.0,0.062365703,0.0,0.16329657,0.0,0.045797095,0.0,0.038082816,0.0,0.026702326,0.0,0.15401135
0.0,0.0,1.2679158e-05,0.026081849,0.0,0.015634483,0.0,0.025928343,0.0,0.011417168,0.0,0.07395077,0.0,0.05881572,0.0,0.06208129,0.0,0.1339622,0.0,0.04356264,0.0,0.02854834,0.0,0.020770157,0.0,0.08130454
0.0,0.0,1.1408707e-05,0.021490792,0.0,0.016157538,0.0,0.019880405,0.0,0.053951014,0.0,0.08354713,0.0,0.12869886,0.0,0.06266907,0.0,0.14448512,0.0,0.0540634,0.0,0.032901704,0.0,0.023053827,0.0,0.017621525
0.0,0.0,1.0717575e-05,0.019864265,0.0,0.015922675,0.0,0.038393438,0.0,0.015160259,0.0,0.05603929,0.0,0.092507765,0.0,0.06230805,0.0,0.08447963,0.0,0.04293065,0.0,0.02674337,0.0,0.019094858,0.0,0.15110862
0.0,0.0,1.2403092e-05,0.015325984,0.0,0.014808764,0.0,0.03179842,0.0,0.018454516,0.0,0.023478273,0.0,0.20621836,0.0,0.060312066,0.0,0.04755592,0.0,0.054246195,0.0,0.035827424,0.0,0.024379097,0.0,0.07171258
0.0,0.0,1.2517268e-05,0.017847544,0.0,0.014762597,0.0,0.022160636,0.0,0.015149277,0.0,0.18091719,0.0,0.28249446,0.0,0.059869435,0.0,0.095556974,0.0,0.04026066,0.0,0.025049493,0.0,0.017749572,0.0,0.011533974
0.0,0.0,1.2483145e-05,0.009889254,0.0,0.013337608,0.0,0.03059835,0.0,0.021981325,0.0,0.1883596,0.0,0.24700634,0.0,0.057572853,0.0,0.06431507,0.0,0.052900713,0.0,0.027180908,0.0,0.018332822,0.0,0.10144936
0.0,0.0,1.3240122e-05,0.030315015,0.0,0.013807125,0.0,0.02504016,0.0,0.012162479,0.0,0.16127968,0.0,0.19824016,0.0,0.057679992,0.0,0.075093254,0.0,0.03992688,0.0,0.022808254,0.0,0.015983576,0.0,0.03793174
0.0,0.0,1.3142326e-05,0.008046819,0.0,0.014395007,0.0,0.048586655,0.0,0.013907594,0.0,0.16433147,0.0,0.22989574,0.0,0.05833595,0.0,0.059354313,0.0,0.049785446,0.0,0.030932194,0.0,0.020817254,0.0,0.028913135
0.0,0.0,1.178016e-05,0.005763237,0.0,0.014676386,0.0,0.016239459,0.0,0.02553568,0.0,0.12532367,0.0,0.1404024,0.0,0.058359362,0.0,0.033275202,0.0,0.038831346,0.0,0.023049295,0.0,0.016312404,0.0,0.0711277
0.0,0.0,1.1818376e-05,0.015430354,0.0,0.014041687,0.0,0.036059905,0.0,0.008665805,0.0,0.075731345,0.0,0.07998645,0.0,0.057351954,0.0,0.049644127,0.0,0.06355543,0.0,0.039246928,0.0,0.027084205,0.0,0.056520805
0.0,0.0,1.0278438e-05,0.015663834,0.0,0.014137173,0.0,0.019007826,0.0,0.014139264,0.0,0.083272316,0.0,0.047645226,0.0,0.057439752,0.0,0.17780383,0.0,0.043230124,0.0,0.027872713,0.0,0.020251537,0.0,0.019252637
0.0,0.0,1.3549826e-05,0.009310194,0.0,0.01436436,0.0,0.038822856,0.0,0.017655706,0.0,0.079872936,0.0,0.46490037,0.0,0.057584625,0.0,0.19637063,0.0,0.040450178,0.0,0.024340834,0.0,0.0171969,0.0,0.097454384
0.0,0.0,1.1826756e-05,0.017632484,0.0,0.013932258,0.0,0.040647913,0.0,0.019353604,0.0,0.04553211,0.0,0.2823251,0.0,0.056864753,0.0,0.17586641,0.0,0.052515913,0.0,0.042200763,0.0,0.029418904,0.0,0.03669321
0.0,0.0,1.0710966e-05,0.036741503,0.0,0.015177692,0.0,0.038542245,0.0,0.036631897,0.0,0.10193507,0.0,0.23126434,0.0,0.05887794,0.0,0.14034651,0.0,0.04260988,0.0,0.030985655,0.0,0.022907332,0.0,0.04696964
0.0,0.0,1.01543565e-05,0.007819289,0.0,0.016256038,0.0,0.046592705,0.0,0.015553585,0.0,0.088933304,0.0,0.18321544,0.0,0.060565352,0.0,0.21094206,0.0,0.05500305,0.0,0.026982944,0.0,0.019880237,0.0,0.058619384
0.0,0.0,1.2821752e-05,0.027828548,0.0,0.015558138,0.0,0.051972285,0.0,0.023934213,0.0,0.04413634,0.0,0.119660065,0.0,0.0602187,0.0,0.18576348,0.0,0.04361852,0.0,0.042386785,0.0,0.0299312,0.0,0.014585161
0.0,0.0,1.1540381e-05,0.012899933,0.0,0.015133286,0.0,0.016268458,0.0,0.018420273,0.0,0.06980056,0.0,0.09008454,0.0,0.05978108,0.0,0.12385716,0.0,0.0535552,0.0,0.030756207,0.0,0.022672698,0.0,0.16499728
0.0,0.0,4.822723e-05,0.029704846,0.0,0.016108472,0.0,0.044426925,0.0,0.04718142,0.0,0.052536316,0.0,0.046840303,0.0,0.061119158,0.0,0.10240028,0.0,0.043972723,0.0,0.028195005,0.0,0.020724911,0.0,0.096611336
0.0,0.0,3.1021358e-05,0.007590527,0.0,0.015683832,0.0,0.06005172,0.0,0.009116954,0.0,0.01499257,0.0,0.019817017,0.0,0.06053636,0.0,0.09768632,0.0,0.052530047,0.0,0.038459957,0.0,0.027012877,0.0,0.02841876
0.0,0.0,2.148848e-05,0.021820925,0.0,0.014613661,0.0,0.06644314,0.0,0.017927872,0.0,0.24160631,0.0,0.3269871,0.0,0.059195645,0.0,0.08975223,0.0,0.040301576,0.0,0.026330197,0.0,0.018855331,0.0,0.05262337
0.0,0.0,1.7713572e-05,0.039660163,0.0,0.015438514,0.0,0.039754488,0.0,0.079578705,0.0,0.27611244,0.0,0.43657687,0.0,0.06047622,0.0,0.08795893,0.0,0.070032254,0.0,0.031967707,0.0,0.022630041,0.0,0.11927675
0.0,0.0,3.8995753e-05,0.011331489,0.0,0.01562564,0.0,0.04646207,0.0,0.029333802,0.0,0.2388858,0.0,0.37096465,0.0,0.0608473,0.0,0.09861896,0.0,0.04722973,0.0,0.026110621,0.0,0.018866189,0.0,0.06397692
0.0,0.0,3.888936e-05,0.033956654,0.0,0.016080724,0.0,0.039995056,0.0,0.014457475,0.0,0.24495034,0.0,0.28723624,0.0,0.061971497,0.0,0.06496375,0.0,0.04388496,0.0,0.04456557,0.0,0.031733923,0.0,0.069187395
0.0,0.0,2.7358137e-05,0.014250825,0.0,0.015686264,0.0,0.059906203,0.0,0.022958849,0.0,0.22211066,0.0,0.18938851,0.0,0.061414514,0.0,0.16743246,0.0,0.05634603,0.0,0.031472586,0.0,0.023118285,0.0,0.061298016
0.0,0.0,3.687064e-05,0.020957159,0.0,0.015493593,0.0,0.034633446,0.0,0.018967643,0.0,0.15771882,0.0,0.08958992,0.0,0.061190687,0.0,0.13127853,0.0,0.04300683,0.0,0.026079949,0.0,0.018836413,0.0,0.012049361
0.0,0.0,3.677003e-05,0.014550667,0.0,0.01578245,0.0,0.05950733,0.0,0.03520208,0.0,0.1473971,0.0,0.07246717,0.0,0.0617251,0.0,0.081962325,0.0,0.055943046,0.0,0.03910349,0.0,0.027607234,0.0,0.11428202
0.0,0.0,2.5791996e-05,0.010523249,0.0,0.016240856,0.0,0.03271424,0.0,0.007887701,0.0,0.100348525,0.0,0.035927273,0.0,0.06270328,0.0,0.046870872,0.0,0.043849513,0.0,0.028617172,0.0,0.020875016,0.0,0.04153074
0.0,0.0,4.0415795e-05,0.01564105,0.0,0.01582686,0.0,0.039501328,0.0,0.023026746,0.0,0.045342356,0.0,0.05510402,0.0,0.062422615,0.0,0.02499737,0.0,0.056124236,0.0,0.032918215,0.0,0.023576364,0.0,0.06510853
0.0,0.0,4.9192924e-05,0.058494855,0.0,0.016402114,0.0,0.064543575,0.0,0.030689819,0.0,0.08525541,0.0,0.3226477,0.0,0.063481756,0.0,0.1774701,0.0,0.046851218,0.0,0.029482817,0.0,0.02171826,0.0,0.07348581
0.0,0.0,6.317092e-05,0.013961365,0.0,0.016805522,0.0,0.028710285,0.0,0.044478875,0.0,0.07728073,0.0,0.3159591,0.0,0.064418435,0.0,0.1933262,0.0,0.052140012,0.0,0.05189194,0.0,0.03625776,0.0,0.043850787
0.0,0.0,5.5896497e-05,0.04916625,0.0,0.01686119,0.0,0.032101884,0.0,0.030203296,0.0,0.03683983,0.0,0.23919968,0.0,0.06493599,0.0,0.208017,0.0,0.04615535,0.0,0.03945201,0.0,0.029053489,0.0,0.011223261
0.0,0.0,4.8526497e-05,0.0092668,0.0,0.016692543,0.0,0.036110688,0.0,0.041201465,0.0,0.120196015,0.0,0.1593816,0.0,0.06471415,0.0,0.21783087,0.0,0.057536714,0.0,0.029965198,0.0,0.022154408,0.0,0.14440866
0.0,0.0,3.462113e-05,0.02002673,0.0,0.018684274,0.0,0.036928624,0.0,0.018822534,0.0,0.115325734,0.0,0.06534738,0.0,0.067757174,0.0,0.20553702,0.0,0.048764925,0.0,0.045028616,0.0,0.032265544,0.0,0.073663026
0.0,0.0,2.5966277e-05,0.0345052,0.0,0.018574668,0.0,0.030552363,0.0,0.049196444,0.0,0.07449138,0.0,0.22753732,0.0,0.068162315,0.0,0.16798852,0.0,0.051912785,0.0,0.033012476,0.0,0.024299733,0.0,0.0882164
0.0,0.0,7.8050354e-05,0.009590789,0.0,0.018647067,0.0,0.030012157,0.0,0.038880333,0.0,0.099825114,0.0,0.317837,0.0,0.06870467,0.0,0.12073771,0.0,0.047977302,0.0,0.030627383,0.0,0.022238502,0.0,0.035541285
0.0,0.0,5.3501128e-05,0.028062798,0.0,0.019076996,0.0,0.049460486,0.0,0.01627742,0.0,0.08070236,0.0,0.25149816,0.0,0.069512926,0.0,0.10419236,0.0,0.06048068,0.0,0.048876543,0.0,0.034833312,0.0,0.07160219
0.0,0.0,3.668349e-05,0.024147836,0.0,0.019014867,0.0,0.07418178,0.0,0.050237164,0.0,0.039328717,0.0,0.15995297,0.0,0.06986322,0.0,0.11113979,0.0,0.050428282,0.0,0.03720397,0.0,0.02754485,0.0,0.08170394
0.0,0.0,3.087919e-05,0.029715316,0.0,0.021962576,0.0,0.05553375,0.0,0.027221765,0.0,0.14141114,0.0,0.10035581,0.0,0.07399812,0.0,0.14966135,0.0,0.055487145,0.0,0.034214303,0.0,0.025385981,0.0,0.032661352
0.0,0.0,0.0001249439,0.010235061,0.0,0.021137372,0.0,0.046245664,0.0,0.023804609,0.0,0.13238645,0.0,0.06522877,0.0,0.07331091,0.0,0.15372996,0.0,0.05117187,0.0,0.054160163,0.0,0.03854192,0.0,0.10948044
0.0,0.0,0.00014048102,0.028626733,0.0,0.020231778,0.0,0.05384907,0.0,0.05389715,0.0,0.08222449,0.0,0.02705991,0.0,0.072564855,0.0,0.135766,0.0,0.056619354,0.0,0.041451044,0.0,0.030982291,0.0,0.10898131
0.0,0.0,0.00010657878,0.028728327,0.0,0.020300254,0.0,0.14002804,0.0,0.020613858,0.0,0.120253295,0.0,0.47791752,0.0,0.07300445,0.0,0.09932149,0.0,0.051271047,0.0,0.033795763,0.0,0.025080912,0.0,0.0322929
0.0,0.0,7.1375194e-05,0.023162365,0.0,0.02076337,0.0,0.10261407,0.0,0.058319684,0.0,0.105695456,0.0,0.3398103,0.0,0.074146524,0.0,0.04817772,0.0,0.057016846,0.0,0.04904532,0.0,0.03540274,0.0,0.035778582
0.0,0.0,5.720052e-05,0.016540559,0.0,0.021116221,0.0,0.0910766,0.0,0.024450537,0.0,0.080843486,0.0,0.27084416,0.0,0.07485929,0.0,0.1539293,0.0,0.05316572,0.0,0.039185002,0.0,0.02970597,0.0,0.10105337
0.0,0.0,3.779462e-05,0.02997428,0.0,0.02039438,0.0,0.13983643,0.0,0.027990824,0.0,0.38737664,0.0,0.23988703,0.0,0.0743514,0.0,0.17447919,0.0,0.055440813,0.0,0.034177504,0.0,0.025235761,0.0,0.045547783
0.0,0.0,2.9235112e-05,0.008734982,0.0,0.020867249,0.0,0.088788964,0.0,0.030507468,0.0,0.3963582,0.0,0.1616588,0.0,0.075194016,0.0,0.17077427,0.0,0.054287817,0.0,0.057240665,0.0,0.041434277,0.0,0.08119673
0.0,0.0,2.3359888e-05,0.029332824,0.0,0.01946762,0.0,0.09969812,0.0,0.025073072,0.0,0.30320907,0.0,0.06958023,0.0,0.07332408,0.0,0.14719173,0.0,0.05433518,0.0,0.043174565,0.0,0.03214831,0.0,0.116146356
0.0,0.0,2.249275e-05,0.016185576,0.0,0.020567559,0.0,0.08133963,0.0,0.024682125,0.0,0.2768498,0.0,0.08507705,0.0,0.074616306,0.0,0.10643785,0.0,0.052859254,0.0,0.035105813,0.0,0.026060002,0.0,0.034976706
0.0,0.0,2.4667768e-05,0.036750894,0.0,0.021652196,0.0,0.121745065,0.0,0.03284717,0.0,0.20440899,0.0,0.11738552,0.0,0.07642778,0.0,0.05619558,0.0,0.055710018,0.0,0.04434665,0.0,0.031983662,0.0,0.087357536
0.0,0.0,3.5774738e-05,0.007687431,0.0,0.02098621,0.0,0.091777675,0.0,0.023062697,0.0,0.14474952,0.0,0.11778168,0.0,0.07604827,0.0,0.015928049,0.0,0.053369217,0.0,0.03589197,0.0,0.02653485,0.0,0.16403665
0.0,0.0,3.303799e-05,0.015397471,0.0,0.019516986,0.0,0.07669813,0.0,0.022446804,0.0,0.12636518,0.0,0.21140258,0.0,0.073965035,0.0,0.6343356,0.0,0.054164752,0.0,0.03759973,0.0,0.026558599,0.0,0.087327614
0.0,0.0,2.5181362e-05,0.04114164,0.0,0.019172812,0.0,0.046599593,0.0,0.040336065,0.0,0.08310891,0.0,0.15695639,0.0,0.07334715,0.0,0.3098967,0.0,0.050151784,0.0,0.030923983,0.0,0.02200201,0.0,0.056406245
0.0,0.0,2.1922755e-05,0.011769947,0.0,0.019509565,0.0,0.03013782,0.0,0.027001766,0.0,0.035520837,0.0,0.082791165,0.0,0.07348306,0.0,0.20352398,0.0,0.0560898,0.0,0.04199714,0.0,0.029273927,0.0,0.009736141
0.0,0.0,4.6180194e-05,0.023203563,0.0,0.02133142,0.0,0.044305045,0.0,0.021722347,0.0,0.08005867,0.0,0.12007901,0.0,0.07552471,0.0,0.13432436,0.0,0.051677357,0.0,0.034397483,0.0,0.025139073,0.0,0.101621926
0.0,0.0,8.816184e-05,0.018534511,0.0,0.019840416,0.0,0.034043863,0.0,0.028789712,0.0,0.060568042,0.0,0.11779517,0.0,0.07425821,0.0,0.08112832,0.0,0.056284852,0.0,0.039973084,0.0,0.028715027,0.0,0.04865913
0.0,0.0,7.474377e-05,0.018196665,0.0,0.01904845,0.0,0.0123355165,0.0,0.011531435,0.0,0.026024746,0.0,0.08570611,0.0,0.07290201,0.0,0.19881806,0.0,0.051708438,0.0,0.03366286,0.0,0.024634242,0.0,0.113241404
0.0,0.0,7.453947e-05,0.020215116,0.0,0.019071827,0.0,0.038765777,0.0,0.019902844,0.0,0.06162166,0.0,0.055102117,0.0,0.07268325,0.0,0.1597407,0.0,0.0541352,0.0,0.041321807,0.0,0.028506808,0.0,0.08629202
0.0,0.0,4.0827752e-05,0.023432372,0.0,0.01913217,0.0,0.017494062,0.0,0.028830625,0.0,0.04012306,0.0,0.035365567,0.0,0.07272977,0.0,0.17213131,0.0,0.049001835,0.0,0.03172938,0.0,0.022567179,0.0,0.027427794
0.0,0.0,2.7767752e-05,0.024331879,0.0,0.018436536,0.0,0.03574967,0.0,0.011439866,0.0,0.015404399,0.0,0.027232282,0.0,0.07120807,0.0,0.1629549,0.0,0.05928967,0.0,0.03934004,0.0,0.02781167,0.0,0.06428226
0.0,0.0,3.1659885e-05,0.010913391,0.0,0.017863717,0.0,0.038912605,0.0,0.027132163,0.0,0.29796183,0.0,0.30818608,0.0,0.06996501,0.0,0.14341047,0.0,0.04923262,0.0,0.031115726,0.0,0.022567322,0.0,0.011037149
0.0,0.0,2.7991295e-05,0.018551048,0.0,0.01810043,0.0,0.053365048,0.0,0.0122656245,0.0,0.34222332,0.0,0.27357265,0.0,0.07012923,0.0,0.115673624,0.0,0.055720128,0.0,0.04466787,0.0,0.031456903,0.0,0.10086445
0.0,0.0,2.1951082e-05,0.031043075,0.0,0.017478617,0.0,0.03944746,0.0,0.042629343,0.0,0.27672923,0.0,0.22972369,0.0,0.06909054,0.0,0.08616916,0.0,0.04888261,0.0,0.033682935,0.0,0.024619667,0.0,0.032605436
0.0,0.0,1.9635147e-05,0.00955261,0.0,0.017222464,0.0,0.028790515,0.0,0.017160889,0.0,0.2601991,0.0,0.18431999,0.0,0.06863541,0.0,0.16221821,0.0,0.055766653,0.0,0.030556535,0.0,0.021781141,0.0,0.09969435
0.0,0.0,1.5776279e-05,0.011008175,0.0,0.016238926,0.0,0.028285032,0.0,0.032113172,0.0,0.232935,0.0,0.11995731,0.0,0.06676329,0.0,0.1244695,0.0,0.045661416,0.0,0.0342759,0.0,0.023604296,0.0,0.07169702
0.0,0.0,1.3491128e-05,0.028594764,0.0,0.016779136,0.0,0.022241019,0.0,0.03647535,0.0,0.15148261,0.0,0.079143785,0.0,0.066921264,0.0,0.09134772,0.0,0.064487316,0.0,0.028055698,0.0,0.019906277,0.0,0.017227698
0.0,0.0,1.22992715e-05,0.017018,0.0,0.015958164,0.0,0.02496843,0.0,0.030515816,0.0,0.12395436,0.0,0.09943971,0.0,0.06546269,0.0,0.06035011,0.0,0.047449827,0.0,0.04285908,0.0,0.029063229,0.0,0.073109835
0.0,0.0,1.06916805e-05,0.029433629,0.0,0.015867867,0.0,0.022480011,0.0,0.00585155,0.0,0.08983577,0.0,0.06388719,0.0,0.06513673,0.0,0.038201887,0.0,0.04730119,0.0,0.030149356,0.0,0.02139018,0.0,0.0135796005
0.0,0.0,1.0978007e-05,0.03177919,0.0,0.016414799,0.0,0.07964873,0.0,0.014035612,0.0,0.063208394,0.0,0.03786346,0.0,0.06554711,0.0,0.057930544,0.0,0.047498606,0.0,0.028090138,0.0,0.019816123,0.0,0.13837874
0.0,0.0,9.739784e-06,0.019233841,0.0,0.014957547,0.0,0.05357585,0.0,0.046516724,0.0,0.07328631,0.0,0.031141903,0.0,0.062894806,0.0,0.057721104,0.0,0.04524591,0.0,0.03610114,0.0,0.024704626,0.0,0.059992313
0.0,0.0,9.713158e-06,0.023514077,0.0,0.014336536,0.0,0.08982597,0.0,0.014058196,0.0,0.05867578,0.0,0.44123858,0.0,0.061417762,0.0,0.06509754,0.0,0.045295037,0.0,0.026066907,0.0,0.018456709,0.0,0.008868582
0.0,0.0,1.2477764e-05,0.031622585,0.0,0.01490887,0.0,0.076295145,0.0,0.07287854,0.0,0.03735675,0.0,0.33503756,0.0,0.061653562,0.0,0.07673487,0.0,0.0428864,0.0,0.035442904,0.0,0.02437995,0.0,0.080495685
0.0,0.0,1.0846893e-05,0.008341541,0.0,0.014108517,0.0,0.07299682,0.0,0.017445486,0.0,0.26680967,0.0,0.27964458,0.0,0.05999669,0.0,0.06937621,0.0,0.049780242,0.0,0.025482778,0.0,0.018094253,0.0,0.023358058
0.0,0.0,1.525907e-05,0.011313227,0.0,0.013638897,0.0,0.029880222,0.0,0.013996335,0.0,0.32135335,0.0,0.1907767,0.0,0.058407735,0.0,0.0677329,0.0,0.038347375,0.0,0.030036535,0.0,0.020069698,0.0,0.035934735
0.0,0.0,1.1086544e-05,0.014179133,0.0,0.012454096,0.0,0.01455461,0.0,0.030511627,0.0,0.25233257,0.0,0.10215159,0.0,0.05582123,0.0,0.07157303,0.0,0.075882494,0.0,0.022846103,0.0,0.015902037,0.0,0.0899386
0.0,0.0,1.1056232e-05,0.027040143,0.0,0.012121978,0.0,0.058454514,0.0,0.018215464,0.0,0.22316624,0.0,0.05993213,0.0,0.05464159,0.0,0.05659115,0.0,0.04765561,0.0,0.031121518,0.0,0.021163415,0.0,0.059457205
0.0,0.0,1.10232195e-05,0.013459539,0.0,0.013182035,0.0,0.024402317,0.0,0.02404393,0.0,0.18704607,0.0,0.03228216,0.0,0.055895537,0.0,0.030117879,0.0,0.036925558,0.0,0.022104131,0.0,0.0155462725,0.0,0.009365033
0.0,0.0,9.426858e-06,0.011809553,0.0,0.012366413,0.0,0.03257062,0.0,0.0076728216,0.0,0.146373,0.0,0.09980841,0.0,0.053664606,0.0,0.10980432,0.0,0.062739894,0.0,0.02718507,0.0,0.017979639,0.0,0.070029676
0.0,0.0,7.83614e-06,0.01025132,0.0,0.01108401,0.0,0.012369089,0.0,0.010762438,0.0,0.13083552,0.0,0.09554749,0.0,0.050666388,0.0,0.08019948,0.0,0.03813627,0.0,0.01828803,0.0,0.012436275,0.0,0.021516781
0.0,0.0,7.671644e-06,0.008736392,0.0,0.009726756,0.0,0.062699065,0.0,0.015083134,0.0,0.09614452,0.0,0.06316525,0.0,0.047605455,0.0,0.05889004,0.0,0.032087293,0.0,0.025812227,0.0,0.016615016,0.0,0.061244074
0.0,0.0,5.9885906e-06,0.009649081,0.0,0.008993751,0.0,0.04200389,0.0,0.016463812,0.0,0.048266537,0.0,0.033143517,0.0,0.045633722,0.0,0.039813872,0.0,0.07136702,0.0,0.016894672,0.0,0.011418409,0.0,0.009172342
0.0,0.0,5.3872777e-06,0.016272554,0.0,0.009335396,0.0,0.029630862,0.0,0.027858334,0.0,0.063990995,0.0,0.14740324,0.0,0.045508448,0.0,0.025270175,0.0,0.042896446,0.0,0.02239642,0.0,0.014659062,0.0,0.058606412
0.0,0.0,4.6929435e-06,0.013940035,0.0,0.0089435475,0.0,0.011806838,0.0,0.0051004537,0.0,0.040853463,0.0,0.098634295,0.0,0.0439449,0.0,0.16946079,0.0,0.028439397,0.0,0.015191113,0.0,0.010137288,0.0,0.009729604
0.0,0.0,4.6801106e-06,0.0054410147,0.0,0.008800792,0.0,0.04275599,0.0,0.007092708,0.0,0.012104095,0.0,0.05226533,0.0,0.043049403,0.0,0.13495974,0.0,0.08136563,0.0,0.01725428,0.0,0.0110843675,0.0,0.056280486
0.0,0.0,4.269973e-06,0.011356527,0.0,0.008933491,0.0,0.02269485,0.0,0.018766778,0.0,0.16733755,0.0,0.038402077,0.0,0.042678364,0.0,0.09948793,0.0,0.0488338,0.0,0.016722055,0.0,0.010716118,0.0,0.008202317
0.0,0.0,1.4303204e-05,0.009602782,0.0,0.008568128,0.0,0.02167659,0.0,0.009746893,0.0,0.19725391,0.0,0.1444116,0.0,0.04129972,0.0,0.10846982,0.0,0.030962612,0.0,0.015470658,0.0,0.009934371,0.0,0.03309983
0.0,0.0,8.755546e-06,0.011254436,0.0,0.0073376303,0.0,0.037483215,0.0,0.020054527,0.0,0.15311882,0.0,0.1699633,0.0,0.03816713,0.0,0.07237825,0.0,0.024988335,0.0,0.015798833,0.0,0.010114895,0.0,0.032935467
0.0,0.0,8.731599e-06,0.014559307,0.0,0.0071415934,0.0,0.023888774,0.0,0.013706264,0.0,0.14447245,0.0,0.19281039,0.0,0.0371091,0.0,0.025332421,0.0,0.08624152,0.0,0.014255189,0.0,0.009252273,0.0,0.011411599
0.0,0.0,5.5047267e-06,0.013293696,0.0,0.0072214077,0.0,0.01390863,0.0,0.014807316,0.0,0.12922865,0.0,0.13097446,0.0,0.036862694,0.0,0.12431123,0.0,0.051461644,0.0,0.019631105,0.0,0.012718962,0.0,0.03974982
0.0,0.0,4.84243e-06,0.007347006,0.0,0.0062241443,0.0,0.016553933,0.0,0.01541435,0.0,0.075888515,0.0,0.057782207,0.0,0.033905767,0.0,0.023217997,0.0,0.028724449,0.0,0.011673344,0.0,0.0076613035,0.0,0.018313508
0.0,0.0,3.1279792e-06,0.0058674403,0.0,0.0053649764,0.0,0.012981424,0.0,0.009553885,0.0,0.039774917,0.0,0.030958481,0.0,0.031166546,0.0,0.2811301,0.0,0.019591423,0.0,0.011147538,0.0,0.00683226,0.0,0.019680645
0.0,0.0,2.5563527e-06,0.004502978,0.0,0.005138796,0.0,0.013402673,0.0,0.016107189,0.0,0.024498874,0.0,0.22038244,0.0,0.030097986,0.0,0.13740163,0.0,0.08592887,0.0,0.014549767,0.0,0.008739798,0.0,0.04581448
0.0,0.0,2.0658374e-06,0.0062178844,0.0,0.005352556,0.0,0.014706008,0.0,0.017528139,0.0,0.080207236,0.0,0.1972717,0.0,0.029842827,0.0,0.03931436,0.0,0.056240153,0.0,0.009569985,0.0,0.006192594,0.0,0.0071720704
0.0,0.0,1.7083793e-06,0.0021196327,0.0,0.0045969095,0.0,0.00778991,0.0,0.0054971757,0.0,0.057604756,0.0,0.11437918,0.0,0.02755426,0.0,0.025205676,0.0,0.027006418,0.0,0.010064112,0.0,0.0061280723,0.0,0.024107771
0.0,0.0,1.5256226e-06,0.0019260226,0.0,0.004262662,0.0,0.01910754,0.0,0.010216794,0.0,0.028300157,0.0,0.077961616,0.0,0.026159342,0.0,0.09673803,0.0,0.03042912,0.0,0.011582161,0.0,0.006894486,0.0,0.04245625
0.0,0.0,1.3609102e-06,0.0012606925,0.0,0.00397905,0.0,0.019759899,0.0,0.008235351,0.0,0.011663825,0.0,0.016267857,0.0,0.02499392,0.0,0.014137862,0.0,0.02119966,0.0,0.00955342,0.0,0.0059572365,0.0,0.015928578
0.0,0.0,1.1086697e-06,0.0013879128,0.0,0.0032740985,0.0,0.016445639,0.0,0.007417584,0.0,0.064503565,0.0,0.17102014,0.0,0.022569327,0.0,0.21146484,0.0,0.02222509,0.0,0.007426063,0.0,0.004448795,0.0,0.026405174
0.0,0.0,1.1056369e-06,0.002112723,0.0,0.003358424,0.0,0.019544695,0.0,0.009353121,0.0,0.05895113,0.0,0.118740484,0.0,0.022313464,0.0,0.061395172,0.0,0.033006478,0.0,0.010309077,0.0,0.00578248,0.0,0.024319978
0.0,0.0,9.941575e-07,0.00063735165,0.0,0.0031723622,0.0,0.011098139,0.0,0.004991409,0.0,0.03704244,0.0,0.068495944,0.0,0.02124647,0.0,0.05717522,0.0,0.021908004,0.0,0.0077896104,0.0,0.0046810033,0.0,0.036249857
0.0,0.0,7.91914e-07,0.0011267905,0.0,0.0029705777,0.0,0.017551702,0.0,0.005216368,0.0,0.009205719,0.0,0.011914247,0.0,0.020336417,0.0,0.04491477,0.0,0.014047955,0.0,0.008405928,0.0,0.00491477,0.0,0.014139746
0.0,0.0,6.199747e-07,0.0013701833,0.0,0.0025436757,0.0,0.010337734,0.0,0.0038918906,0.0,0.07447074,0.0,0.16485772,0.0,0.018616244,0.0,0.01321956,0.0,0.03525635,0.0,0.009374933,0.0,0.0050361725,0.0,0.013784095
0.0,0.0,5.704485e-07,0.00045377127,0.0,0.0023142202,0.0,0.0093715815,0.0,0.0020035463,0.0,0.06986895,0.0,0.11521985,0.0,0.01753845,0.0,0.20998144,0.0,0.016553449,0.0,0.0060191816,0.0,0.0032988049,0.0,0.017781802
0.0,0.0,4.3114363e-07,0.0011194869,0.0,0.002386353,0.0,0.007115112,0.0,0.0018124429,0.0,0.039267655,0.0,0.06103523,0.0,0.017651321,0.0,0.07037638,0.0,0.01764636,0.0,0.006669132,0.0,0.00362794,0.0,0.02392953
0.0,0.0,3.8518579e-07,0.00048328144,0.0,0.0021560185,0.0,0.008194161,0.0,0.0016768631,0.0,0.012511739,0.0,0.019576995,0.0,0.016407082,0.0,0.029885096,0.0,0.013538654,0.0,0.007185846,0.0,0.0038721198,0.0,0.015473003
0.0,0.0,3.841319e-07,0.0011685481,0.0,0.0017790138,0.0,0.005049782,0.0,0.0016789479,0.0,0.030426221,0.0,0.14451075,0.0,0.014702911,0.0,0.030015497,0.0,0.024927363,0.0,0.0050973105,0.0,0.0028185814,0.0,0.023411896
0.0,0.0,3.3703003e-07,0.00065198063,0.0,0.0015773233,0.0,0.005651803,0.0,0.0013087115,0.0,0.012511085,0.0,0.09365,0.0,0.013694976,0.0,0.077841975,0.0,0.020759707,0.0,0.0042731985,0.0,0.0022788858,0.0,0.012130007
0.0,0.0,2.9631207e-07,0.0007246083,0.0,0.0016690181,0.0,0.0034344627,0.0,0.0012712685,0.0,0.041383192,0.0,0.033737645,0.0,0.014016404,0.0,0.016903484,0.0,0.011273663,0.0,0.0069697015,0.0,0.003577859,0.0,0.017105712
0.0,0.0,2.9550137e-07,0.00083512935,0.0,0.0015374272,0.0,0.002828135,0.0,0.0009480135,0.0,0.027657343,0.0,0.035688646,0.0,0.013225194,0.0,0.17822799,0.0,0.023677455,0.0,0.0054479633,0.0,0.0028331522,0.0,0.016554665
0.0,0.0,2.590593e-07,0.0007008679,0.0,0.0013819946,0.0,0.0007673885,0.0,0.0010878639,0.0,0.008066133,0.0,0.019205118,0.0,0.012399113,0.0,0.052460685,0.0,0.012133697,0.0,0.003758831,0.0,0.0018653529,0.0,0.010196822
0.0,0.0,2.1441767e-07,0.00034218954,0.0,0.0012779793,0.0,0.0028360956,0.0,0.00041367568,0.0,0.040278517,0.0,0.060488634,0.0,0.011823931,0.0,0.05182579,0.0,0.01459364,0.0,0.0027632348,0.0,0.0014071214,0.0,0.007042801
0.0,0.0,1.7675241e-07,0.00027309387,0.0,0.0009779399,0.0,0.0012118679,0.0,0.00042167888,0.0,0.02492291,0.0,0.026085136,0.0,0.010138578,0.0,0.010521485,0.0,0.010276835,0.0,0.0026521096,0.0,0.0012486845,0.0,0.00365407
0.0,0.0,1.0787726e-07,0.00024021941,0.0,0.00076362403,0.0,0.0005424584,0.0,0.00024289,0.0,0.00810637,0.0,0.010164123,0.0,0.008885453,0.0,0.04236592,0.0,0.0121282665,0.0,0.0019075198,0.0,0.0009066473,0.0,0.0013525129
0.0,0.0,9.387262e-08,0.00014831925,0.0,0.0007558542,0.0,0.00029587458,0.0,0.0001405532,0.0,0.01736373,0.0,0.045238998,0.0,0.008716417,0.0,0.024116952,0.0,0.0095117055,0.0,0.0013384934,0.0,0.0006358817,0.0,0.00037759976
0.0,0.0,9.3615725e-08,0.00032426018,0.0,0.00085277605,0.0,0.00031285532,0.0,0.00015864492,0.0,0.0076005682,0.0,0.010982071,0.0,0.009265894,0.0,0.05932506,0.0,0.011256887,0.0,0.0024981194,0.0,0.0011171114,0.0,8.881814e-05
0.0,0.0,9.335954e-08,6.802296e-05,0.0,0.0003295266,0.0,7.031781e-05,0.0,6.0262315e-05,0.0,0.0021259636,0.0,0.0021363501,0.0,0.0052161957,0.0,0.011055801,0.0,0.0031914215,0.0,0.00079173665,0.0,0.0003565572,0.0,1.5550344e-05
0.0,0.0,8.15274e-08,3.255352e-05,0.0,0.000775943,0.0,0.00033151262,0.0,4.458658e-05,0.0,0.019295044,0.0,0.013605224,0.0,0.00842712,0.0,0.13640068,0.0,0.0060205045,0.0,0.0012832828,0.0,0.0005814149,0.0,5.065667e-06
0.0,0.0,9.835673e-08,1.4295142e-05,0.0,0.0013328033,0.0,0.0046773055,0.0,5.1577274e-05,0.0,0.01042818,0.0,0.13752578,0.0,0.010988099,0.0,0.059406713,0.0,0.043924887,0.0,0.0052998913,0.0,0.0027671675,0.0,1.2540374e-05
0.0,0.0,9.8087554e-08,5.2478485e-06,0.0,0.0013568922,0.0,0.0076970034,0.0,3.898866e-05,0.0,0.05290106,0.0,0.09820811,0.0,0.011058926,0.0,0.010843244,0.0,0.020514674,0.0,0.005138223,0.0,0.0027703696,0.0,1.6892916e-05
0.0,0.0,9.781912e-08,1.8239159e-06,0.0,0.0015090804,0.0,0.011793005,0.0,3.421287e-05,0.0,0.038620077,0.0,0.036146697,0.0,0.011764506,0.0,0.19185968,0.0,0.007264768,0.0,0.0045642066,0.0,0.0025398675,0.0,1.872524e-05
0.0,0.0,9.755142e-08,6.1397725e-07,0.0,0.001566933,0.0,0.00725085,0.0,2.6532336e-05,0.0,0.013998461,0.0,0.03370227,0.0,0.011926091,0.0,0.06622513,0.0,0.026550319,0.0,0.0037665393,0.0,0.0020777073,0.0,1.6409096e-05
0.0,0.0,9.728445e-08,2.0211696e-07,0.0,0.0011055901,0.0,0.0023037908,0.0,2.5749134e-05,0.0,0.015739609,0.0,0.03370438,0.0,0.009945186,0.0,0.019159729,0.0,0.008655237,0.0,0.0042464454,0.0,0.00207337,0.0,1.1921377e-05
0.0,0.0,8.904888e-08,7.8065554e-08,0.0,0.0010323302,0.0,0.0015481503,0.0,2.5436564e-05,0.0,0.008854172,0.0,0.019659488,0.0,0.009521748,0.0,0.12318974,0.0,0.027962375,0.0,0.0032847263,0.0,0.001628646,0.0,9.310226e-06
0.0,0.0,1.0596468e-07,1.0191511e-07,0.0,0.0012614381,0.0,0.0047415807,0.0,3.5373687e-05,0.0,0.020217707,0.0,0.08102202,0.0,0.010643194,0.0,0.050073914,0.0,0.007963704,0.0,0.0030937232,0.0,0.0016240164,0.0,1.0609522e-05
0.0,0.0,1.0567467e-07,1.02848844e-07,0.0,0.0012280695,0.0,0.0039702896,0.0,3.5511734e-05,0.0,0.015116961,0.0,0.05133931,0.0,0.010414472,0.0,0.023388874,0.0,0.03659171,0.0,0.0055733453,0.0,0.0027813017,0.0,1.3314726e-05
0.0,0.0,8.7959464e-08,5.950156e-08,0.0,0.0010487034,0.0,0.0023802423,0.0,2.8186e-05,0.0,0.005792158,0.0,0.021980219,0.0,0.009504288,0.0,0.064199656,0.0,0.011490898,0.0,0.004033814,0.0,0.0020559637,0.0,1.110554e-05
0.0,0.0,1.6339783e-07,2.9196004e-08,0.0,0.0009024832,0.0,0.0013994382,0.0,2.2270862e-05,0.0,0.025827812,0.0,0.04638813,0.0,0.008711188,0.0,0.03694642,0.0,0.01806699,0.0,0.0031417238,0.0,0.0015437084,0.0,8.345183e-06
0.0,0.0,1.7628162e-07,5.010471e-08,0.0,0.00095667515,0.0,0.000541691,0.0,2.6159903e-05,0.0,0.008714208,0.0,0.041033816,0.0,0.009002558,0.0,0.027189348,0.0,0.00585201,0.0,0.0024150708,0.0,0.0012042109,0.0,6.9864277e-06
0.0,0.0,2.1538507e-07,9.2195776e-08,0.0,0.00095739675,0.0,0.0010973536,0.0,2.938042e-05,0.0,0.03696223,0.0,0.025842823,0.0,0.008922423,0.0,0.04693756,0.0,0.016569551,0.0,0.0029925536,0.0,0.0014132478,0.0,5.845446e-06
0.0,0.0,1.7659178e-07,5.225445e-08,0.0,0.0008717784,0.0,0.0010754152,0.0,2.36451e-05,0.0,0.025294062,0.0,0.050785825,0.0,0.008499106,0.0,0.06058065,0.0,0.005232943,0.0,0.0025501573,0.0,0.0012174349,0.0,4.451447e-06
0.0,0.0,1.7610824e-07,5.017713e-08,0.0,0.00074800814,0.0,0.0007074928,0.0,2.3602333e-05,0.0,0.0070887925,0.0,0.02283329,0.0,0.0077614468,0.0,0.010211085,0.0,0.008464332,0.0,0.0013992728,0.0,0.0006680388,0.0,2.835031e-06
0.0,0.0,1.0294945e-07,4.8522807e-08,0.0,0.0007509331,0.0,0.00013802756,0.0,2.9664034e-05,0.0,0.016789826,0.0,0.025480974,0.0,0.00775711,0.0,0.12080224,0.0,0.011696324,0.0,0.0019513159,0.0,0.00088027644,0.0,2.716213e-06
0.0,0.0,9.0148795e-08,3.003678e-08,0.0,0.000712436,0.0,0.0006027975,0.0,2.288587e-05,0.0,0.008670071,0.0,0.027823009,0.0,0.007517884,0.0,0.02321602,0.0,0.0081017725,0.0,0.001365496,0.0,0.0006521635,0.0,2.0815799e-06
0.0,0.0,8.9901945e-08,9.850987e-09,0.0,0.00070319104,0.0,0.0006557547,0.0,1.878483e-05,0.0,0.026404914,0.0,0.01146776,0.0,0.0073395665,0.0,0.103273034,0.0,0.016997108,0.0,0.0022468832,0.0,0.0009621425,0.0,2.2586166e-06
0.0,0.0,8.965577e-08,2.497698e-08,0.0,0.0006851507,0.0,0.0003726462,0.0,1.905052e-05,0.0,0.010680721,0.0,0.07098554,0.0,0.0072167474,0.0,0.018296521,0.0,0.00802448,0.0,0.0014620188,0.0,0.00069247675,0.0,2.306879e-06
0.0,0.0,8.941027e-08,3.949718e-08,0.0,0.00051631907,0.0,0.00031120307,0.0,1.8591898e-05,0.0,0.0060548056,0.0,0.017075421,0.0,0.0061820038,0.0,0.067641735,0.0,0.011971399,0.0,0.0008858749,0.0,0.00041192703,0.0,1.4050066e-06
0.0,0.0,8.916545e-08,3.9318216e-08,0.0,0.00047370902,0.0,0.00023309124,0.0,2.2003052e-05,0.0,0.01315561,0.0,0.02890316,0.0,0.006028418,0.0,0.015161954,0.0,0.005649043,0.0,0.0014927033,0.0,0.0006164538,0.0,1.3449751e-06
0.0,0.0,7.686036e-08,4.7863747e-08,0.0,0.0004757768,0.0,0.00016179892,0.0,2.646944e-05,0.0,0.0031496675,0.0,0.0056383666,0.0,0.0060519245,0.0,0.07307865,0.0,0.014789921,0.0,0.001224993,0.0,0.00053162745,0.0,1.2127083e-06
0.0,0.0,7.66499e-08,2.378501e-08,0.0,0.00042060448,0.0,7.553814e-05,0.0,1.9157873e-05,0.0,0.003149555,0.0,0.022925612,0.0,0.005681038,0.0,0.011721019,0.0,0.0038412192,0.0,0.00084977504,0.0,0.0003837013,0.0,9.906961e-07
0.0,0.0,7.644001e-08,2.5131099e-08,0.0,0.00040041795,0.0,7.456123e-05,0.0,2.941632e-05,0.0,0.010292031,0.0,0.0068672914,0.0,0.005513393,0.0,0.06542519,0.0,0.005225337,0.0,0.0013434024,0.0,0.0005407667,0.0,1.0399045e-06
0.0,0.0,7.62307e-08,2.1231255e-08,0.0,0.0003371085,0.0,0.000101148275,0.0,2.5499128e-05,0.0,0.0031508878,0.0,0.014208598,0.0,0.0050760806,0.0,0.011134154,0.0,0.007911958,0.0,0.0006656109,0.0,0.00028560273,0.0,6.5997665e-07
0.0,0.0,7.602196e-08,9.44333e-09,0.0,0.00033568416,0.0,0.00018295602,0.0,2.4632682e-05,0.0,0.0043997215,0.0,0.031916402,0.0,0.005021615,0.0,0.052226815,0.0,0.010478714,0.0,0.001155,0.0,0.0004480188,0.0,7.2949e-07
0.0,0.0,7.5813794e-08,8.2003995e-09,0.0,0.00034364976,0.0,9.9089964e-05,0.0,1.6171387e-05,0.0,0.0077859857,0.0,0.008943011,0.0,0.005098381,0.0,0.0119344955,0.0,0.00630483,0.0,0.0007214934,0.0,0.00031097498,0.0,5.8220525e-07
0.0,0.0,5.2191496e-08,1.7672832e-08,0.0,0.00036340958,0.0,2.363018e-05,0.0,2.2549722e-05,0.0,0.0038484707,0.0,0.01707672,0.0,0.0052959723,0.0,0.04442762,0.0,0.009536737,0.0,0.0015405715,0.0,0.0005610324,0.0,6.349482e-07
0.0,0.0,5.204858e-08,1.5105794e-08,0.0,0.00030991453,0.0,5.7891855e-05,0.0,2.2834649e-05,0.0,0.0046777315,0.0,0.01639142,0.0,0.0047955043,0.0,0.009449109,0.0,0.006703742,0.0,0.0007779928,0.0,0.00033161408,0.0,5.505851e-07
0.0,0.0,5.1906056e-08,4.168975e-09,0.0,0.00029148112,0.0,5.822444e-05,0.0,1.57225e-05,0.0,0.0056454814,0.0,0.01446636,0.0,0.0045945845,0.0,0.013756079,0.0,0.010267355,0.0,0.0007625004,0.0,0.00031151445,0.0,5.2559244e-07
0.0,0.0,5.1763923e-08,2.085048e-09,0.0,0.00032827086,0.0,7.359977e-05,0.0,2.0025529e-05,0.0,0.005153163,0.0,0.03285657,0.0,0.004787929,0.0,0.049942758,0.0,0.0056319763,0.0,0.00054326386,0.0,0.00023467794,0.0,4.729079e-07
0.0,0.0,5.162218e-08,1.0565312e-09,0.0,0.00029882047,0.0,2.5880121e-05,0.0,2.2287933e-05,0.0,0.0027148642,0.0,0.005288257,0.0,0.004571773,0.0,0.008879361,0.0,0.0083409045,0.0,0.0005530726,0.0,0.00021447788,0.0,3.2731518e-07
0.0,0.0,5.1480825e-08,1.933086e-09,0.0,0.00034241495,0.0,3.266899e-05,0.0,2.3231263e-05,0.0,0.005239414,0.0,0.035854366,0.0,0.0048317113,0.0,0.03848444,0.0,0.008434742,0.0,0.00089254463,0.0,0.00033539857,0.0,4.1558462e-07
0.0,0.0,2.5523759e-08,8.4272095e-10,0.0,0.0003433129,0.0,0.00010631171,0.0,1.3982584e-05,0.0,0.0035875924,0.0,0.004570148,0.0,0.0048782215,0.0,0.008792108,0.0,0.008304817,0.0,0.0005577386,0.0,0.00023718546,0.0,4.060234e-07
0.0,0.0,1.515399e-08,2.7185454e-09,0.0,0.00042450355,0.0,1.8745126e-07,0.0,1.3155689e-05,0.0,0.008873745,0.0,0.018524481,0.0,0.0054642223,0.0,0.05199829,0.0,0.013681725,0.0,0.0010152204,0.0,0.00042561404,0.0,6.470433e-07
0.0,0.0,1.1481896e-08,6.6521655e-09,0.0,0.00044048464,0.0,2.4561054e-05,0.0,1.4081558e-05,0.0,0.003310795,0.0,0.011845842,0.0,0.0055200397,0.0,0.0113005005,0.0,0.003654282,0.0,0.0007043623,0.0,0.00031634164,0.0,6.908155e-07
0.0,0.0,1.1450452e-08,2.524682e-08,0.0,0.00047680349,0.0,0.00022978782,0.0,1.5325471e-05,0.0,0.008068692,0.0,0.07405934,0.0,0.0057171904,0.0,0.101039104,0.0,0.0058426363,0.0,0.0012886667,0.0,0.0005427663,0.0,1.025091e-06
0.0,0.0,1.1419095e-08,1.3003501e-08,0.0,0.00039742264,0.0,0.00013218164,0.0,1.46124075e-05,0.0,0.0040970906,0.0,0.01997203,0.0,0.0051821363,0.0,0.019435143,0.0,0.011403857,0.0,0.0007401917,0.0,0.0003342329,0.0,7.951911e-07
0.0,0.0,1.1387823e-08,4.1265412e-08,0.0,0.00036575695,0.0,0.00012696687,0.0,1.679408e-05,0.0,0.010609955,0.0,0.010200146,0.0,0.005049117,0.0,0.072388284,0.0,0.005311205,0.0,0.0012115015,0.0,0.0004863591,0.0,8.4882043e-07
0.0,0.0,1.060966e-08,6.1750676e-08,0.0,0.00052030187,0.0,0.0004496025,0.0,1.9845647e-05,0.0,0.0030109712,0.0,0.04588119,0.0,0.0061127837,0.0,0.021488283,0.0,0.014008223,0.0,0.0010188232,0.0,0.00047319033,0.0,1.204878e-06
0.0,0.0,1.2327829e-08,7.91449e-08,0.0,0.00053482933,0.0,0.00019038381,0.0,2.6804084e-05,0.0,0.0074509457,0.0,0.025340827,0.0,0.006088635,0.0,0.08209193,0.0,0.004158276,0.0,0.0020100903,0.0,0.0008383287,0.0,1.7079235e-06
0.0,0.0,1.2294068e-08,7.651395e-08,0.0,0.00047200982,0.0,0.00021508329,0.0,2.9227438e-05,0.0,0.0029680948,0.0,0.010866924,0.0,0.005638578,0.0,0.01380212,0.0,0.008472418,0.0,0.0011798647,0.0,0.00053407834,0.0,1.3345713e-06
0.0,0.0,1.2260399e-08,3.5542698e-08,0.0,0.00047981052,0.0,0.0002090868,0.0,2.456287e-05,0.0,0.009793808,0.0,0.08758822,0.0,0.0056851506,0.0,0.09465796,0.0,0.011759284,0.0,0.0007837303,0.0,0.00036500796,0.0,1.1653867e-06
0.0,0.0,1.1676375e-08,3.4551224e-08,0.0,0.00056206336,0.0,0.00029816586,0.0,2.1924858e-05,0.0,0.0037484216,0.0,0.022318648,0.0,0.0062237396,0.0,0.021871718,0.0,0.008907934,0.0,0.001352138,0.0,0.0006068238,0.0,1.6396782e-06
0.0,0.0,1.16443974e-08,3.088158e-08,0.0,0.0005513068,0.0,0.00014721153,0.0,2.1536023e-05,0.0,0.006612067,0.0,0.0655189,0.0,0.006088415,0.0,0.07864555,0.0,0.012409103,0.0,0.00092246995,0.0,0.00044229018,0.0,1.4656141e-06
0.0,0.0,1.1612507e-08,5.9364375e-08,0.0,0.0006355867,0.0,0.0017371494,0.0,2.4004135e-05,0.0,0.009388106,0.0,0.013114865,0.0,0.0065800766,0.0,0.022025963,0.0,0.008583558,0.0,0.0021526145,0.0,0.001036856,0.0,3.2858616e-06
0.0,0.0,1.1580705e-08,7.314428e-08,0.0,0.0006497227,0.0,0.0015867514,0.0,1.9193174e-05,0.0,0.005834904,0.0,0.06608678,0.0,0.006722234,0.0,0.07475489,0.0,0.018182151,0.0,0.0015429159,0.0,0.00078803895,0.0,3.2226224e-06
0.0,0.0,1.1548989e-08,9.32695e-08,0.0,0.00062661734,0.0,0.0008544647,0.0,1.8374572e-05,0.0,0.019529141,0.0,0.016291857,0.0,0.0066250428,0.0,0.031031353,0.0,0.008406029,0.0,0.0025058247,0.0,0.0011470994,0.0,3.4094792e-06
0.0,0.0,2.0180737e-08,1.0077636e-07,0.0,0.0005013294,0.0,0.0005661858,0.0,2.6050619e-05,0.0,0.006212187,0.0,0.04116362,0.0,0.005907628,0.0,0.014717397,0.0,0.01172086,0.0,0.0014236524,0.0,0.0006810836,0.0,2.7504652e-06
0.0,0.0,2.0125468e-08,8.650808e-08,0.0,0.00052686414,0.0,0.00046860956,0.0,2.5164292e-05,0.0,0.014731932,0.0,0.0068207392,0.0,0.0060426844,0.0,0.070903696,0.0,0.007168577,0.0,0.0010058475,0.0,0.00048008453,0.0,1.8852041e-06
0.0,0.0,1.900271e-08,8.857985e-08,0.0,0.0006594214,0.0,0.00059081806,0.0,2.1099151e-05,0.0,0.00424467,0.0,0.040079985,0.0,0.006822352,0.0,0.031410035,0.0,0.02605063,0.0,0.002238149,0.0,0.0010451482,0.0,3.6350946e-06
0.0,0.0,6.512867e-08,1.5604343e-07,0.0,0.0010725078,0.0,0.00026742643,0.0,2.867678e-05,0.0,0.018772617,0.0,0.014146849,0.0,0.0087681245,0.0,0.05953659,0.0,0.007879432,0.0,0.0034003467,0.0,0.0018073801,0.0,1.1067539e-05
0.0,0.0,4.4473444e-07,1.348007e-07,0.0,0.0012258993,0.0,0.00030704282,0.0,3.212671e-05,0.0,0.010452482,0.0,0.13884826,0.0,0.009369885,0.0,0.011642337,0.0,0.04510854,0.0,0.004043532,0.0,0.0021137728,0.0,1.4366152e-05
0.0,0.0,4.0388775e-07,2.5288844e-07,0.0,0.0011856905,0.0,0.0040144343,0.0,4.6660945e-05,0.0,0.020278212,0.0,0.068030134,0.0,0.009178238,0.0,0.23154077,0.0,0.018934153,0.0,0.0031546077,0.0,0.0016529195,0.0,1.200702e-05
0.0,0.0,2.5568903e-07,6.5412866e-07,0.0,0.0011851978,0.0,0.008450801,0.0,5.5255452e-05,0.0,0.0066418545,0.0,0.030072138,0.0,0.009223292,0.0,0.07822884,0.0,0.005857457,0.0,0.0050853174,0.0,0.0025665497,0.0,1.4138705e-05
0.0,0.0,1.9856235e-07,4.8510964e-07,0.0,0.0012649937,0.0,0.00475202,0.0,4.0361298e-05,0.0,0.04456791,0.0,0.014319361,0.0,0.009567866,0.0,0.042878103,0.0,0.02462824,0.0,0.0037944529,0.0,0.0020178668,0.0,1.2612585e-05
0.0,0.0,1.9801824e-07,6.98833e-07,0.0,0.0013819387,0.0,0.008256311,0.0,3.6253252e-05,0.0,0.033572204,0.0,0.15892796,0.0,0.010046745,0.0,0.023398839,0.0,0.008159646,0.0,0.00402657,0.0,0.0022623756,0.0,1.5224714e-05
0.0,0.0,1.7443092e-07,7.4671107e-07,0.0,0.0013117029,0.0,0.008647057,0.0,3.9228136e-05,0.0,0.010151416,0.0,0.10507161,0.0,0.009911527,0.0,0.09663236,0.0,0.058008343,0.0,0.004343381,0.0,0.002514301,0.0,1.7731581e-05
0.0,0.0,1.7395294e-07,7.5866774e-07,0.0,0.0014969877,0.0,0.011181416,0.0,4.2665815e-05,0.0,0.06279692,0.0,0.06337226,0.0,0.010772718,0.0,0.053569637,0.0,0.03099712,0.0,0.010781951,0.0,0.0059809308,0.0,4.079792e-05
0.0,0.0,1.582937e-07,6.814652e-07,0.0,0.0014974257,0.0,0.0016040751,0.0,3.6873047e-05,0.0,0.048872385,0.0,0.010220333,0.0,0.010838238,0.0,0.034675077,0.0,0.009373937,0.0,0.006402583,0.0,0.0037434075,0.0,4.4311837e-05
0.0,0.0,1.5180667e-07,5.7074374e-07,0.0,0.0016506786,0.0,0.00427646,0.0,4.197852e-05,0.0,0.03080027,0.0,0.21666853,0.0,0.011337999,0.0,0.03144074,0.0,0.051140226,0.0,0.005448628,0.0,0.0030782877,0.0,4.2774926e-05
0.0,0.0,3.4413077e-07,8.042357e-07,0.0,0.0019493548,0.0,0.0042874925,0.0,6.347716e-05,0.0,0.03755977,0.0,0.17874381,0.0,0.012501311,0.0,0.09627768,0.0,0.02361368,0.0,0.00783573,0.0,0.0046600103,0.0,6.580851e-05
0.0,0.0,3.25514e-07,5.629115e-07,0.0,0.0022616829,0.0,0.0015557655,0.0,7.409668e-05,0.0,0.022554878,0.0,0.10492151,0.0,0.013686338,0.0,0.038750548,0.0,0.018218966,0.0,0.011884318,0.0,0.00724414,0.0,0.00010803838
0.0,0.0,5.8872007e-07,1.5404861e-06,0.0,0.0025801233,0.0,0.014671437,0.0,9.2832845e-05,0.0,0.009761709,0.0,0.0564969,0.0,0.014723991,0.0,0.07606915,0.0,0.011160369,0.0,0.008911722,0.0,0.0057965512,0.0,0.00015523551
0.0,0.0,5.768934e-07,5.857773e-06,0.0,0.0030690436,0.0,0.004534195,0.0,0.00010748745,0.0,0.140707,0.0,0.15444294,0.0,0.016098699,0.0,0.08583175,0.0,0.09737725,0.0,0.007961571,0.0,0.0051977234,0.0,0.00027673427
0.0,0.0,5.7531236e-07,6.173146e-06,0.0,0.0035243803,0.0,0.017038986,0.0,9.9490266e-05,0.0,0.1494413,0.0,0.14507502,0.0,0.017480206,0.0,0.08177144,0.0,0.079239145,0.0,0.009977972,0.0,0.0064197457,0.0,0.0010261771
0.0,0.0,5.737357e-07,7.9951305e-06,0.0,0.0035698514,0.0,0.03136012,0.0,9.182278e-05,0.0,0.12718391,0.0,0.16842493,0.0,0.017830132,0.0,0.1239092,0.0,0.052848335,0.0,0.009784796,0.0,0.006422363,0.0,0.0053639263
0.0,0.0,5.721633e-07,5.1397106e-05,0.0,0.0042381496,0.0,0.036862142,0.0,9.606595e-05,0.0,0.076242596,0.0,0.1070533,0.0,0.019899806,0.0,0.109456375,0.0,0.024230717,0.0,0.010854341,0.0,0.007413943,0.0,0.043104284
0.0,0.0,5.705952e-07,8.288822e-05,0.0,0.00441746,0.0,0.021380527,0.0,0.00013280674,0.0,0.025981253,0.0,0.03741756,0.0,0.020594776,0.0,0.06389229,0.0,0.052309845,0.0,0.012881307,0.0,0.008851544,0.0,0.016103735
0.0,0.0,5.6903144e-07,0.00012883727,0.0,0.0048559317,0.0,0.020336965,0.0,0.00014851366,0.0,0.019398443,0.0,0.042098287,0.0,0.021790072,0.0,0.05547334,0.0,0.04293215,0.0,0.011758605,0.0,0.008218249,0.0,0.009382584
0.0,0.0,1.65033e-06,0.000115890136,0.0,0.005654786,0.0,0.036657307,0.0,0.00013748808,0.0,0.012305284,0.0,0.1833272,0.0,0.023723835,0.0,0.060875986,0.0,0.024291292,0.0,0.016076857,0.0,0.011157787,0.0,0.05673122
0.0,0.0,1.8872072e-06,0.00034111604,0.0,0.006186602,0.0,0.05307555,0.0,0.00015646433,0.0,0.13363086,0.0,0.19158652,0.0,0.025256576,0.0,0.063528135,0.0,0.018081078,0.0,0.01096676,0.0,0.008095698,0.0,0.06085055
0.0,0.0,2.2830695e-06,0.0049243607,0.0,0.0067972327,0.0,0.028941184,0.0,0.0003884737,0.0,0.12065912,0.0,0.19884212,0.0,0.026926966,0.0,0.05622361,0.0,0.16674782,0.0,0.022381343,0.0,0.01585966,0.0,0.020925714
0.0,0.0,1.5304127e-05,0.006590188,0.0,0.0072618057,0.0,0.050901808,0.0,0.0006570897,0.0,0.08818852,0.0,0.17728116,0.0,0.028384801,0.0,0.11481748,0.0,0.11601943,0.0,0.014439704,0.0,0.010935815,0.0,0.1315976
0.0,0.0,2.0319994e-05,0.009918575,0.0,0.00811795,0.0,0.028842255,0.0,0.0010219913,0.0,0.045215763,0.0,0.19298573,0.0,0.030592998,0.0,0.08023088,0.0,0.07221381,0.0,0.036696635,0.0,0.026575586,0.0,0.057002276
0.0,0.0,2.2569406e-05,0.06869042,0.0,0.008511325,0.0,0.09418069,0.0,0.009255952,0.0,0.0658145,0.0,0.16607645,0.0,0.03191664,0.0,0.03378957,0.0,0.039205175,0.0,0.024585279,0.0,0.018522343,0.0,0.092910275
0.0,0.0,4.8534253e-05,0.029499665,0.0,0.009452197,0.0,0.17846155,0.0,0.037681554,0.0,0.053111903,0.0,0.13177024,0.0,0.034057725,0.0,0.1559781,0.0,0.028819045,0.0,0.016830482,0.0,0.01273919,0.0,0.18050362
0.0,0.0,7.6168624e-05,0.020536182,0.0,0.010118531,0.0,0.22613083,0.0,0.022385756,0.0,0.18927674,0.0,0.08566095,0.0,0.035551794,0.0,0.1424076,0.0,0.030096954,0.0,0.03605555,0.0,0.026073018,0.0,0.10164272
0.0,0.0,6.99346e-05,0.048539583,0.0,0.0114770075,0.0,0.17998378,0.0,0.06528317,0.0,0.2543407,0.0,0.17410687,0.0,0.03836965,0.0,0.33019945,0.0,0.044419475,0.0,0.0256709,0.0,0.019716196,0.0,0.06434045
0.0,0.0,3.8948063e-05,0.017982798,0.0,0.011399923,0.0,0.18769449,0.0,0.010044035,0.0,0.21910208,0.0,0.12674284,0.0,0.039169744,0.0,0.31430474,0.0,0.031309675,0.0,0.019008104,0.0,0.0145941265,0.0,0.015172466
0.0,0.0,2.6438716e-05,0.05108366,0.0,0.01204783,0.0,0.13746332,0.0,0.0448896,0.0,0.19680956,0.0,0.85343784,0.0,0.04055301,0.0,0.24949227,0.0,0.039096996,0.0,0.048584837,0.0,0.035765205,0.0,0.27317008
0.0,0.0,3.8128368e-05,0.013463233,0.0,0.012136568,0.0,0.07305686,0.0,0.01159212,0.0,0.24805897,0.0,0.65035343,0.0,0.041398346,0.0,0.1735484,0.0,0.034157827,0.0,0.036404204,0.0,0.028275993,0.0,0.22123317
0.0,0.0,6.552738e-05,0.057866003,0.0,0.0139927305,0.0,0.10820413,0.0,0.05095001,0.0,0.22196455,0.0,0.4545318,0.0,0.045010284,0.0,0.16537032,0.0,0.03720561,0.0,0.026840018,0.0,0.021112503,0.0,0.15271702
0.0,0.0,8.955092e-05,0.013952672,0.0,0.014335627,0.0,0.096872754,0.0,0.017398128,0.0,0.19295046,0.0,0.3044656,0.0,0.04628035,0.0,0.19520782,0.0,0.03660483,0.0,0.023607947,0.0,0.018244727,0.0,0.070733085
0.0,0.0,6.919981e-05,0.0437987,0.0,0.014126218,0.0,0.07673796,0.0,0.078587994,0.0,0.22368152,0.0,0.22750029,0.0,0.046701375,0.0,0.21493518,0.0,0.040216085,0.0,0.045152918,0.0,0.033146847,0.0,0.032397904
0.0,0.0,6.271653e-05,0.007309216,0.0,0.015210537,0.0,0.17284694,0.0,0.059350565,0.0,0.20376611,0.0,0.13153903,0.0,0.048907213,0.0,0.22121018,0.0,0.036552392,0.0,0.034471106,0.0,0.026689308,0.0,0.17911316
0.0,0.0,8.021917e-05,0.09560538,0.0,0.018209696,0.0,0.1979829,0.0,0.07744636,0.0,0.14519799,0.0,0.03881269,0.0,0.053942166,0.0,0.20749527,0.0,0.059142273,0.0,0.029519046,0.0,0.023501325,0.0,0.27274215
0.0,0.0,7.8316596e-05,0.05019112,0.0,0.004804465,0.0,0.20828833,0.0,0.044708885,0.0,0.19374225,0.0,0.4751625,16690.68,0.033619065,0.0,0.17821911,7536.27,0.021718075,3469.638,0.040435627,2328.447,0.028427491,0.0,0.22851738
0.0,0.0,7.810158e-05,0.021298256,0.0,0.0010689978,0.0,0.20052636,0.0,0.026647963,0.0,0.1747534,89.932014,0.48260847,55486.887,0.048886474,0.0,0.15979424,42213.324,0.029930823,22695.83,0.038122106,16121.921,0.02812676,0.0,0.17186676
0.0,0.0,2.4081726e-05,0.06588295,6658.211,0.0012286243,0.0,0.19215222,0.0,0.075910725,0.0,0.11128073,1186.9791,0.3751902,58271.406,0.051550806,22.201685,0.081471294,52626.453,0.028491229,37144.043,0.025088288,30863.492,0.01876272,0.0,0.13625184
0.0,0.0,7.526349e-06,0.009028725,26441.863,0.0021718089,0.0,0.12685664,0.0,0.06053322,1269.6228,0.1372205,5397.351,0.16912167,58496.617,0.053695753,882.30884,0.017950058,55284.945,0.032382093,42294.973,0.020350803,39484.574,0.014885377,0.00095005584,0.25818917
0.0,0.0,2.7719857e-06,0.05050855,40161.465,0.0026204693,0.0,0.10021597,0.0,0.039155565,5858.205,0.1625521,19099.146,0.029997097,56763.863,0.056266706,5096.8174,0.004541725,53101.06,0.03246391,46120.69,0.019851191,43765.207,0.014007616,0.00019215184,0.21943487
0.0,0.0,2.3640514e-06,0.01609391,41190.523,0.0027948932,0.0,0.022731686,0.0,0.026900662,12501.701,0.09983247,33651.4,6.106078e-05,55779.375,0.056439728,13946.915,0.00085534836,51893.668,0.032707658,47718.684,0.019765997,46028.094,0.013753297,0.00034380372,0.28895813
0.0,0.0,6.842271e-07,0.07552712,39918.637,0.0028450363,53.32416,0.07715433,0.0,0.034239963,18927.81,0.023324309,40239.258,6.3649146e-05,55810.656,0.05726729,21575.57,0.00021651751,53506.254,0.036057565,48752.766,0.022762358,47333.48,0.016135024,1039.8065,0.093606696
0.0,0.0,1.8016468e-07,0.022736264,38447.867,0.0025970226,1082.016,0.04153537,0.0,0.012345809,26515.94,0.0055667907,43933.527,5.5303717e-05,53854.617,0.05787779,28514.736,0.00018546973,51974.176,0.03675019,48067.754,0.022202665,46965.96,0.01565713,4694.786,0.0148337055
0.0,0.0,3.2787057e-08,0.060980007,37850.8,0.0027163879,6425.805,0.028717624,0.0,0.06765111,32128.025,0.0036598074,45000.52,5.715749e-05,55683.254,0.06278071,31966.594,0.0010317863,53675.098,0.04163632,48560.0,0.026092771,47229.816,0.018829033,11309.208,1.1878229e-05
0.0,1.7656492e-05,1.2512094e-08,0.00835777,36999.297,0.0031581516,9759.735,0.067960545,2.2500037e-06,0.01085753,34871.508,3.1073207e-05,44244.656,9.9277706e-05,52693.82,0.06747947,33434.277,0.0013551619,50289.367,0.04381447,46985.547,0.028397456,46076.367,0.020668687,18348.06,8.34029e-06
0.0,4.2548778e-05,2.4249158e-09,0.07020303,36060.6,0.004249679,16329.961,0.012812781,6.7852143e-06,0.08352378,38513.367,3.2566168e-05,43219.832,9.525473e-05,51143.94,0.069173194,34292.03,0.00090649177,46629.85,0.043070126,43827.973,0.02814533,43314.44,0.020366944,24008.713,9.246195e-06
0.0,0.00027873833,4.5093007e-10,0.049692083,33632.06,0.005071689,22832.557,0.00094214006,3.443707e-05,0.026068633,39762.89,4.4057146e-05,42221.535,6.768945e-05,50951.027,0.0696764,33843.848,0.00050385884,47384.965,0.045435507,43123.574,0.029498398,41899.35,0.021145286,27307.842,1.6724855e-05
0.0,0.00043129586,2.9065608e-10,0.04251811,31392.576,0.0051250146,21546.531,0.00030961816,6.6172106e-05,0.03679865,38652.89,5.6576537e-05,41039.375,6.3394466e-05,50545.04,0.07182999,33772.133,0.00018856964,47737.418,0.048059385,43048.02,0.0306306,41599.207,0.022222409,30522.836,1.6321716e-05
0.0,0.0003767561,2.89858e-10,0.0054278253,30504.553,0.0049968036,19885.578,6.188897e-05,0.00059384847,0.015061046,36861.934,5.4625816e-05,39192.055,4.3094144e-05,49187.703,0.073292956,33725.875,0.00021570377,46866.105,0.049401224,41895.89,0.031461388,40642.918,0.022181321,33744.375,6.5020936e-06
0.0,0.00032642385,1.5204445e-10,0.006921058,29850.137,0.0051954123,17630.232,4.116974e-05,0.00063457765,0.05712594,35807.91,4.70912e-05,37550.95,6.384336e-05,49798.3,0.07653326,33155.484,0.00040817057,45354.395,0.049981788,40686.82,0.0326174,39476.727,0.023201874,35404.96,7.464943e-06
0.0,0.000358519,2.8767976e-11,0.015956953,28761.482,0.005180077,24954.348,2.6709258e-05,0.0004725637,0.022297285,34609.56,5.4426313e-05,36636.434,6.8903646e-05,48414.03,0.076480165,31861.31,0.00010707661,43341.305,0.04820626,38974.59,0.030725058,37858.6,0.021573918,36212.535,4.911724e-06
28.136875,0.0003083953,6.4766773e-12,0.0373332,27760.383,0.0050921952,23001.332,1.1779988e-05,0.000491738,0.06337121,33866.797,4.533351e-05,36068.746,7.428044e-05,47308.13,0.07425076,31158.463,7.541818e-05,42822.945,0.04649156,37620.227,0.02758182,36458.47,0.018714258,36190.297,3.8911044e-06
349.88013,0.00030826317,3.7518257e-12,0.005730465,26923.967,0.0040231207,19966.45,4.421359e-06,0.00035378587,0.025249688,32956.973,3.399778e-05,35249.086,5.3279276e-05,50190.973,0.07389633,31015.625,4.7796788e-05,45266.133,0.044572853,38371.082,0.026533423,36623.2,0.01782445,36353.227,3.7682778e-06
1250.0048,0.00031799308,8.8428256e-13,0.017534481,26324.334,0.003459846,22675.225,2.83074e-06,0.00035016105,0.08048037,31715.082,3.300197e-05,34427.703,6.1480416e-05,52226.867,0.077806905,30577.367,0.00014551176,47544.82,0.04840589,40435.637,0.030508403,38411.676,0.021083098,37457.996,3.158309e-06
13816.68,0.00031121683,1.7457986e-12,0.07065241,27068.469,0.004060405,25128.564,3.1232826e-06,0.03246815,0.039897013,30871.104,2.801651e-05,33915.062,7.025707e-05,51912.066,0.08253121,29964.01,0.00023641446,44132.215,0.04841693,39308.934,0.030650703,38053.09,0.020855188,37697.215,3.1336524e-06
28910.22,0.00020814968,2.0080998e-12,0.009145935,28342.045,0.0054686293,26063.582,3.0689698e-06,20.417645,0.0045911926,30248.932,3.2555792e-05,34009.887,7.096213e-05,49984.02,0.083420515,29443.41,6.402175e-05,43366.836,0.051456943,38353.15,0.031962477,37099.895,0.021905784,36928.75,1.770343e-06
28910.22,0.00021302099,1.9556258e-12,0.028613064,27512.344,0.0069245957,26802.135,4.4224566e-06,161.69318,0.0048690313,30141.4,4.5334724e-05,34772.19,8.259653e-05,49274.375,0.085004024,30149.69,6.325039e-05,42185.855,0.052999698,37843.227,0.03276405,36437.492,0.022873562,35969.51,6.185306e-07
28910.22,0.00019377771,4.0074435e-13,0.0070539243,25980.26,0.0067157354,26601.531,3.9588335e-06,886.5567,1.5141883e-05,30186.84,5.971246e-05,35025.367,6.5797176e-05,46286.67,0.083254844,30542.053,4.6210513e-05,41873.02,0.054593932,37018.457,0.034296285,35711.586,0.023979608,35520.26,3.796497e-07
37508.78,0.0039856755,1.1501385e-12,0.02017653,24834.49,0.0065103997,27447.469,3.8819603e-06,2657.191,2.896489e-06,29801.805,5.715324e-05,34390.816,8.424588e-05,48979.164,0.08594257,30818.99,2.8166782e-05,42147.06,0.053933024,36601.086,0.034737024,35069.934,0.024202108,35574.883,1.3776095e-06
37841.96,4.0988207,1.6987988e-12,0.006657041,23861.463,0.0054886118,28481.488,2.609373e-06,9764.759,7.3885886e-08,29169.646,4.9293827e-05,33728.195,7.9131445e-05,45994.65,0.084129855,30424.275,2.4241683e-05,40525.793,0.05286903,35355.836,0.032266878,33986.18,0.021656489,36241.89,1.8986817e-06
37841.96,26.103428,1.3960714e-12,1.8352124e-06,23288.764,0.0050313976,28256.568,3.060772e-06,15244.094,3.2614516e-08,28473.514,3.756795e-05,32409.686,6.882052e-05,46498.168,0.082290985,30314.012,2.2028204e-05,42306.67,0.051693194,35855.938,0.032672074,34161.61,0.022666324,36918.707,1.803551e-06
37841.96,77.70851,7.058904e-13,1.1799058e-10,23311.73,0.00437837,27563.836,4.169051e-06,19016.367,1.9456571e-08,28239.67,3.5068268e-05,31569.494,6.7055465e-05,47592.32,0.08535107,30251.834,2.1623839e-05,42736.49,0.054893196,36408.168,0.03259079,34556.227,0.022123972,37293.254,1.0794564e-06
37841.96,169.90167,6.7854153e-13,7.0661227e-10,22875.574,0.0044564507,27387.29,4.1440867e-06,24054.64,1.9577874e-08,27850.018,3.315148e-05,30692.916,6.0513885e-05,48463.09,0.08812328,29706.975,1.9603367e-05,41709.555,0.055031646,35838.24,0.033140447,34355.777,0.02211035,36973.99,1.0952489e-06
37841.96,861.39557,2.3620442e-13,1.9392692e-10,23471.21,0.0052163163,27640.004,3.5276698e-06,25719.262,4.962222e-08,27074.732,3.5004374e-05,30328.865,5.3130105e-05,46903.24,0.088433154,29152.457,1.7513341e-05,40443.863,0.055458877,35020.492,0.033323243,33630.88,0.022259504,36322.363,1.4408479e-06
37841.96,2644.5952,2.2705297e-13,2.9016138e-11,23100.38,0.005434825,26956.16,3.1184643e-06,23141.076,2.4051644e-08,26513.426,3.791713e-05,30287.71,5.9404716e-05,45684.742,0.08736322,29273.746,1.5020811e-05,40208.918,0.05429247,34726.52,0.03314733,33128.07,0.02199384,35825.523,5.5184375e-07
37751.855,4365.302,5.6018622e-14,4.973894e-12,22458.12,0.004386402,26073.523,2.2984939e-06,25370.684,1.4657984e-08,26081.82,3.292298e-05,30220.133,6.300049e-05,44632.457,0.08614726,29805.504,1.2211395e-05,40890.62,0.05396819,35060.715,0.032828264,33233.027,0.02180507,35258.31,1.3028997e-06
37007.887,6979.808,3.8130177e-14,4.425229e-12,21616.297,0.003415039,26685.27,5.9492163e-07,26456.021,7.302343e-08,25550.05,2.4612425e-05,29752.92,5.6003108e-05,45717.605,0.08783466,30205.027,1.0840557e-05,41437.99,0.05548866,35312.566,0.033860262,33550.863,0.02256562,34662.375,1.3261466e-06
37007.887,9009.955,7.186007e-15,1.9039332e-12,21318.457,0.002976202,26950.76,1.68868e-06,23973.24,4.1224148e-08,25125.025,2.2186603e-05,29399.785,5.233531e-05,43276.715,0.08712426,30575.035,1.1506755e-05,40442.254,0.053790282,34493.613,0.031749748,32880.36,0.019919194,34027.668,1.3470794e-06
37007.887,12818.082,5.9037493e-15,1.5391612e-13,21199.871,0.0027789106,27054.97,1.5794453e-06,24847.965,1.5286872e-08,24684.367,1.5934253e-05,28657.67,4.723037e-05,44562.953,0.08549578,30705.031,1.17208365e-05,40445.027,0.05122611,34676.082,0.03153087,32979.96,0.020762138,33939.207,1.3273601e-06
37007.887,13653.735,3.5200675e-15,3.4276967e-14,21176.135,0.0028445525,27247.693,1.0713857e-06,27696.426,1.001931e-08,24298.982,1.4901269e-05,28229.254,5.3149077e-05,45773.113,0.08804066,30682.941,1.1571102e-05,41820.156,0.052965686,35282.52,0.030638192,33259.29,0.019376747,34104.727,1.1453172e-06
37007.887,18023.625,3.3827095e-15,1.0853654e-14,20394.361,0.0027292199,25687.195,1.9276838e-06,26458.043,4.0282448e-08,24243.28,1.665958e-05,27743.178,4.9987713e-05,43220.527,0.08687279,30862.059,9.0598505e-06,40815.145,0.05200619,35376.234,0.031874474,33629.324,0.020098573,33947.79,1.0119392e-06
37007.887,19635.762,1.312435e-15,6.1935257e-15,21137.234,0.0024593687,25368.916,1.5959538e-06,25406.178,5.145424e-08,24146.363,1.5780233e-05,27804.256,5.1152583e-05,44259.93,0.08677768,31116.209,7.681515e-06,41828.355,0.05504957,35769.004,0.033374745,33947.086,0.021902474,33775.95,9.490997e-07
37007.887,19433.64,8.600733400000002e-16,4.3649865e-15,21184.863,0.0027416567,24776.51,1.2052366e-06,25146.283,2.6967228e-08,23793.496,1.5799913e-05,27750.64,5.4962224e-05,43485.066,0.09032357,31365.252,7.823303e-06,41590.81,0.058847126,35716.105,0.03619629,33985.605,0.023812758,33493.375,1.0981212e-06
37007.887,21847.266,5.636287500000001e-16,2.008086e-14,20481.535,0.0026327895,23631.568,1.6848309e-06,26558.041,2.0286041e-08,23748.01,1.8363502e-05,27913.82,5.1123818e-05,40643.81,0.08962899,31322.092,7.350764e-06,39963.676,0.05795373,34661.566,0.036660973,33084.695,0.023662016,33217.625,1.3513356e-06
37007.887,26347.018,5.4163517e-16,4.1614634e-14,20766.703,0.0026268084,23109.36,1.2826032e-06,27870.125,1.2710284e-08,23820.09,1.4562516e-05,27825.467,4.8115686e-05,42481.242,0.08875371,31370.53,7.754514e-06,39915.37,0.055444747,34216.137,0.03530737,32265.443,0.022029206,33004.54,4.0264473e-07
36387.797,29710.508,6.2911255e-16,3.4509955e-14,19703.635,0.0029147791,22904.469,8.598587e-07,28078.223,9.711331e-09,23605.219,1.4840485e-05,27277.807,4.989508e-05,46374.684,0.09112701,31406.793,1.0631015e-05,41012.277,0.056758054,34959.965,0.033959534,32680.186,0.021703163,32867.457,9.100015e-07
36142.87,30664.535,5.601984e-16,2.6047071e-14,18554.09,0.0029038924,23517.516,3.5179127e-07,28335.277,1.4192915e-08,23266.543,1.7549217e-05,26659.898,4.5421428e-05,40981.227,0.0922586,31425.844,9.6129925e-06,39649.71,0.059202794,34129.344,0.033320215,32596.555,0.021216542,32867.324,1.4503048e-06
36142.87,30796.91,5.382873e-16,1.3008313e-14,19279.785,0.0028471616,22320.984,9.544858e-07,27654.748,1.5362678e-08,22941.63,1.5931713e-05,26101.525,4.422812e-05,41994.78,0.091821924,31107.668,6.3214734e-06,38683.758,0.056101393,32865.37,0.033427168,31573.248,0.020876074,32759.559,4.8490466e-07
36142.87,31075.033,4.4219416e-16,4.545373e-15,20338.318,0.0031033757,21918.57,1.082383e-06,27093.887,9.90064e-09,22482.736,1.3919957e-05,25800.762,4.9083006e-05,42824.81,0.090531126,30635.275,5.9792574e-06,39208.664,0.054726236,33019.914,0.031514022,31029.375,0.019172305,32847.69,9.210356e-07
35628.582,30352.451,4.526982e-16,3.7286246e-15,18492.121,0.0029383672,22241.234,4.538851e-07,27279.795,9.775512e-09,22114.541,1.403967e-05,26306.03,5.286633e-05,43807.633,0.089485034,30610.12,7.935801e-06,39857.734,0.05304091,33657.54,0.029715888,31606.293,0.01832658,32744.799,3.776093e-07
34912.05,29523.705,6.681604e-16,2.453395e-15,18182.19,0.0027668618,21840.982,6.20334e-07,27513.477,3.9072905e-08,22175.203,1.4962447e-05,25504.377,4.419767e-05,43257.258,0.09033616,30714.334,7.022647e-06,40445.22,0.05378401,34234.26,0.030665161,32359.79,0.019036047,32491.852,1.1819146e-06
34912.05,29054.947,1.5755063e-16,1.4791882e-15,18844.488,0.002656844,21848.21,6.236269e-07,27403.705,3.722385e-08,21860.525,1.4009821e-05,25191.342,4.366645e-05,43502.746,0.093186185,30492.12,4.368139e-06,40123.547,0.05599989,34134.492,0.033996254,32616.725,0.021981325,32278.611,1.5066992e-06
34912.05,29441.713,1.2947077000000002e-16,1.0675205e-15,19669.37,0.0026735351,21221.963,9.038001e-07,26345.553,2.598583e-08,21615.123,1.4897607e-05,25768.688,4.8185655e-05,41850.734,0.094117686,30106.672,3.5835474e-06,39451.44,0.05907422,33710.16,0.036165915,32156.8,0.02368821,32120.383,1.5226442e-06
34912.05,29917.646,1.2445054e-16,6.985925e-16,19483.3,0.0028263954,21273.291,5.0691636e-07,26238.66,2.3781245e-08,21525.246,1.2210494e-05,25855.084,4.9198614e-05,41060.695,0.09398125,30000.846,4.921236e-06,38236.15,0.05769719,32473.068,0.032502905,30933.898,0.020076524,32063.438,1.3368547e-06
33008.594,30074.53,2.0973019e-16,6.738061e-16,18858.031,0.0029245259,20793.477,7.2321916e-07,25380.97,2.6043857e-08,21555.926,1.24820035e-05,25791.504,4.91479e-05,43567.47,0.08863277,29992.006,8.081395e-06,38838.504,0.053005185,32401.387,0.03195302,30611.312,0.01934497,31834.38,1.0832156e-06
32958.06,29550.564,1.5608194e-16,8.272154e-16,17960.469,0.0029471552,20948.064,4.221368e-07,24688.18,2.4666482e-08,21624.334,1.1894832e-05,25700.555,4.344134e-05,43425.062,0.09248986,30062.268,9.432366e-06,39684.848,0.05298948,33076.707,0.029477997,30889.55,0.017592883,31451.863,1.0440349e-06
32958.06,28144.371,1.5018798e-16,3.7121943e-15,17448.084,0.0025904672,20494.459,5.011014e-07,24406.229,1.6074267e-08,21446.422,9.1295315e-06,25345.137,3.5303616e-05,43977.87,0.09096134,30039.525,6.9522375e-06,39497.88,0.051201727,33135.223,0.027914906,31319.594,0.01614554,31195.475,9.1109126e-07
32958.06,27378.896,1.2355044e-16,2.4652362e-15,18692.73,0.0020999021,19720.145,6.036092e-07,24232.836,1.3169555e-08,21374.703,6.956864e-06,25329.791,3.7930142e-05,44414.664,0.088287756,29925.889,4.024601e-06,39995.42,0.049213506,32978.023,0.02575796,31347.436,0.014737802,31203.824,3.5482842e-07
32958.06,26964.203,1.1888494000000002e-16,1.2736524e-15,19281.217,0.002021257,19863.836,3.623359e-07,24966.055,2.5574685e-08,20956.463,7.04432e-06,24744.293,3.6151472e-05,45769.54,0.085412204,29614.88,3.027119e-06,41168.78,0.047680084,33648.215,0.027209837,31896.125,0.016143149,31382.293,9.069245e-08
32958.06,26667.002,1.1439561000000002e-16,5.044383500000002e-16,19092.2,0.0020059089,19538.322,4.2120786e-07,25053.693,1.8282558e-08,21132.084,1.2080818e-05,25252.623,3.408833e-05,45419.637,0.08656444,29561.934,4.4495005e-06,42539.527,0.050015315,35315.54,0.027753672,33120.35,0.017283471,31430.441,1.9869054e-07
32958.06,26623.74,9.410625e-17,3.1386046e-16,19997.479,0.0020855546,19789.004,3.174216e-07,22120.836,4.954986e-09,21520.613,1.2525326e-05,26666.64,3.900706e-05,43483.8,0.09229491,29483.271,8.432222e-06,41180.688,0.05242165,35309.223,0.028859477,33701.16,0.01754036,31286.732,7.538947e-07
32958.06,26146.723,4.7631157e-17,2.4889616e-16,21406.23,0.002000015,20203.299,1.4878138e-07,22340.355,2.2531035e-09,21391.104,8.541091e-06,26311.352,3.192353e-05,43387.14,0.09103816,29490.55,9.91787e-06,38780.38,0.051489472,33663.652,0.025787445,32596.344,0.014509136,31069.854,5.1401406e-07
32958.06,25498.22,1.8504164e-17,1.6324015e-16,21673.043,0.0020127425,19814.63,2.3505989e-07,22006.455,1.6968092e-09,21477.088,8.692789e-06,26655.357,3.102764e-05,45632.504,0.08307699,29768.111,9.658007e-06,39787.105,0.045503266,33312.074,0.0239696,31845.754,0.013256123,30835.314,4.0431945e-07
32055.438,24974.264,2.3892184e-17,2.0020586e-16,20173.424,0.0021640135,19357.668,4.287265e-07,20392.79,3.3890792e-09,21953.508,9.871541e-06,27504.53,3.4620185e-05,47906.492,0.0838672,30255.422,9.9788795e-06,42743.88,0.043908708,35393.32,0.022633752,33016.844,0.013425968,30657.494,3.7775484e-07
31171.656,24659.66,3.3135962000000003e-17,1.3337758e-16,19023.16,0.0018477204,19319.781,3.7059004e-07,19582.688,2.2878865e-09,22683.072,8.763274e-06,28060.387,3.3347165e-05,46539.76,0.084073275,30608.416,7.2171056e-06,43665.098,0.044354215,36343.375,0.021790879,34352.4,0.012057801,30944.273,1.1435383e-07
31171.656,24489.322,3.191086e-17,5.632661e-17,20404.346,0.0014552441,19340.46,4.957208e-07,21240.13,4.9468865e-09,22790.623,8.715977e-06,26617.006,2.4086197e-05,47057.055,0.08120908,30768.92,8.8625775e-06,42917.883,0.044070516,36549.254,0.021453269,34992.496,0.011893201,31000.635,2.7199238e-07
31171.656,24044.836,2.0956627e-17,2.719558e-17,22729.95,0.0013384302,19366.145,7.8209064e-07,21908.156,1.2569356e-08,22643.848,1.1749452e-05,26546.408,2.385413e-05,47454.047,0.07856473,30682.2,1.6729518e-05,44351.01,0.04306114,36750.016,0.02058491,35215.56,0.011467009,31371.82,2.889614e-07
31171.656,23681.305,2.018182e-17,9.021118e-18,23146.037,0.0014049638,19608.152,5.770863e-07,21875.8,3.1925175e-08,21932.736,1.1843038e-05,27041.66,2.2614831e-05,48799.656,0.08239144,30734.367,1.9413716e-05,44485.875,0.04176744,37490.984,0.020253042,35760.516,0.011389836,31306.54,3.095625e-07
31171.656,23576.291,8.8757365e-18,3.60501e-18,23245.498,0.0013055544,19696.66,7.0332425e-07,21826.15,2.3831241e-08,22862.207,1.130782e-05,28792.094,2.4816778e-05,48358.46,0.083303,31066.166,1.7642977e-05,43724.957,0.041224778,37666.234,0.02031347,36206.24,0.011273516,31608.139,1.4811397e-07
31171.656,23495.643,8.547583e-18,1.6332802999999998e-18,24290.936,0.0012268805,19773.355,3.4139492e-07,21218.307,1.3521731e-08,23802.416,1.0319356e-05,28461.447,2.0439355e-05,48549.996,0.07572619,31399.926,1.57478e-05,44975.0,0.040460803,38423.254,0.020672474,36684.562,0.011632884,31723.066,2.8651074e-08
31171.656,23436.84,3.1737245e-18,8.006098e-19,24725.879,0.0010690091,19560.523,2.0416654e-07,21115.195,8.341335e-09,23840.58,9.230182e-06,29247.123,2.0686468e-05,48568.867,0.07549376,31646.455,1.348912e-05,46371.87,0.04028868,38768.34,0.019783925,37117.996,0.010876922,32007.99,1.8073791e-08
31171.656,23443.672,2.3157422e-18,5.684344999999999e-19,24291.121,0.0008229952,19655.336,9.871806e-07,21228.377,9.240644e-09,24330.129,1.10249675e-05,30169.955,2.348655e-05,49431.16,0.07080378,31980.291,1.2179266e-05,47449.61,0.03923169,40134.184,0.020001065,38100.73,0.011330638,31869.266,2.3430802e-08
31171.656,23113.09,1.9065829e-18,5.9196405e-19,24064.395,0.00068954605,19451.592,1.2046265e-06,21316.646,5.6551253e-09,25161.688,9.620349e-06,30902.83,2.2789438e-05,48922.664,0.07158136,32446.078,1.1467121e-05,48200.15,0.039137825,40836.363,0.017768046,38907.707,0.009562877,31909.826,4.0007972e-08
31171.656,22547.74,1.8360926e-18,1.7864821999999997e-18,26141.328,0.00059441314,19992.477,1.7719439e-06,21270.064,9.862953e-10,25939.805,8.6592045e-06,30210.113,1.4793055e-05,51831.023,0.07030185,32872.207,1.0991523e-05,47888.44,0.035314918,41051.066,0.016722275,39589.523,0.00905178,32590.191,4.779908e-08
31171.656,22287.316,1.5116807e-18,1.3050969499999998e-17,26776.143,0.0006119062,20415.016,1.4863839e-06,20479.24,1.91291e-09,25699.553,6.740889e-06,30961.076,1.5105983e-05,52262.098,0.07294164,33194.926,1.1328864e-05,49517.594,0.036855098,42198.156,0.01699707,40429.586,0.00956925,33087.086,6.083764e-08
31171.656,22062.898,1.2445878e-18,8.367346000000001e-18,28276.137,0.0006196777,21003.34,1.6563741e-06,19700.303,7.411666e-09,26142.018,1.945977e-06,32003.396,1.7171706e-05,50466.332,0.06853038,33613.56,1.064368e-05,50148.6,0.03883248,43189.645,0.017373947,41386.965,0.009531478,33336.258,6.1069194e-08
31171.656,21783.027,1.198573e-18,3.6265017e-18,28422.125,0.0005944462,21567.18,1.1799418e-06,20084.475,3.4452765e-09,26933.28,5.302802e-07,32345.03,1.5202364e-05,51299.01,0.06938842,34131.137,1.0477238e-05,49090.105,0.035370655,42776.73,0.014698717,41496.85,0.0074759796,33869.27,3.9926416e-08
30185.443,21516.746,1.4832977e-18,2.1057899e-18,29849.277,0.00050270185,21478.973,9.713956e-07,19996.924,1.0482504e-09,27498.627,5.14281e-07,33511.445,1.6770813e-05,54918.176,0.06462362,34697.895,9.873969e-06,49333.844,0.030225787,42880.883,0.013028285,41599.523,0.0067406017,34350.01,4.6521222e-08
29030.498,21419.824,2.6038196e-18,8.6461126e-19,29528.986,0.0004955148,20415.309,1.6030923e-07,19639.715,2.3782212e-10,27705.2,3.4685638e-07,33802.61,1.5803535e-05,56735.824,0.06435303,35192.67,9.086399e-06,53418.277,0.030453067,44974.484,0.01407576,42938.168,0.0077635897,34474.992,6.011104e-08
29030.498,21270.857,1.7126127e-18,3.9570203e-19,29861.484,0.0004804543,21883.838,1.1367616e-06,19614.033,1.4076673e-09,28952.703,2.6439427e-06,34671.34,1.2411082e-05,55057.137,0.06422436,35692.473,9.348735e-06,54950.42,0.03410855,47549.504,0.015584849,45182.21,0.00871774,34546.594,2.6586562e-08
29030.498,21073.953,1.6489370999999998e-18,1.8550178e-19,31185.846,0.00062693964,23256.842,1.999847e-06,19500.398,3.6497394e-09,30256.146,4.4662465e-06,35234.43,1.4727202e-05,53046.43,0.06837878,36377.88,1.0893657e-05,53197.02,0.03686376,47746.13,0.018765828,46488.574,0.011010862,35232.863,7.450907e-08
29030.498,20837.951,1.587629e-18,1.8057242e-19,34262.332,0.00067649916,23013.543,1.382375e-06,19439.666,6.8077535e-09,30551.775,3.9872393e-06,36270.055,1.5544929e-05,51144.004,0.07192767,37065.785,1.1276676e-05,50233.85,0.037849773,45561.992,0.018669873,45129.316,0.010773733,35950.76,7.823363e-08
29030.498,20540.082,9.484255e-19,1.5631190999999998e-19,34867.723,0.00073942816,23518.51,1.017969e-06,19349.486,9.808409e-09,31597.807,3.541397e-06,38004.363,2.0840615e-05,52733.48,0.06739035,37601.7,1.0111255e-05,49084.516,0.0350626,44220.22,0.017034387,43426.207,0.009782187,36798.227,9.401082e-08
28539.893,20430.432,5.4708764e-19,1.0494371e-19,33303.547,0.00081145787,24804.098,9.075653e-07,19908.951,1.0741827e-08,33006.27,6.907236e-06,39110.48,2.055255e-05,54906.35,0.06240667,38531.926,1.15700905e-05,51695.297,0.032865148,45670.49,0.016140485,43666.1,0.00930065,37552.383,8.2969365e-08
26725.607,20566.195,1.3374017999999998e-18,5.4435864e-20,30989.246,0.000763753,25417.139,6.891019e-07,20005.176,1.3514393e-08,33926.066,7.418249e-06,39648.48,2.2336662e-05,54839.2,0.06445097,39517.473,1.3638229e-05,53266.297,0.032686602,47245.723,0.014051044,45041.758,0.007711773,38085.137,9.025228e-08
25294.031,20647.559,2.3954797e-18,3.3396302e-20,29877.514,0.00066432805,25677.854,5.0148594e-07,19734.629,1.6756983e-08,34879.066,7.492928e-06,39262.234,2.0925803e-05,55771.008,0.06116958,40111.84,1.3503147e-05,53078.977,0.030543095,47073.984,0.013699376,45948.72,0.007302333,38526.855,7.9355495e-08
23187.484,20630.85,2.8671736e-18,3.7965765e-20,32283.49,0.00058440183,27176.76,5.4300176e-07,19197.615,1.4562615e-08,34585.38,8.335672e-06,37915.85,1.6504353e-05,58232.645,0.058912057,39862.195,1.2428579e-05,55140.67,0.028567474,47650.336,0.013414856,46214.887,0.007387821,39083.984,6.043555e-08
20786.055,20447.963,8.049777e-18,3.776104e-20,34387.277,0.00053722574,27327.883,3.7605307e-07,18862.031,1.0785612e-08,34242.105,6.930763e-06,37828.125,1.5493933e-05,58334.676,0.059068635,39679.77,1.0722576e-05,57148.19,0.029397508,49259.824,0.013772031,47394.11,0.007839177,39553.434,6.6349884e-08
20686.137,19893.646,6.1138656e-18,2.128174e-20,34561.926,0.0005463041,27167.705,3.8766632e-07,18982.633,9.364341e-09,34430.57,1.8643947e-06,39239.84,1.691135e-05,57896.625,0.05880151,39922.938,1.1375771e-05,57038.723,0.02872945,50218.11,0.012854928,48505.406,0.007067953,40283.387,5.0725767e-08
20601.281,19616.748,6.252537e-18,1.653065e-20,36429.227,0.00051633123,25081.357,2.3779967e-07,19359.857,1.0849769e-08,35309.816,1.2434563e-06,39250.754,1.7630318e-05,59447.273,0.058575504,40200.164,1.1568479e-05,56482.047,0.026490232,50455.934,0.012568345,49172.96,0.006793686,41499.83,5.0992934e-08
20601.281,19445.13,5.9698378e-18,1.6932675e-20,38159.87,0.0005283101,29116.582,8.0857484e-07,19529.848,6.960654e-09,35934.73,9.982018e-07,39610.21,1.8228904e-05,60865.438,0.055058938,40533.316,1.1032414e-05,58912.47,0.0273761,51794.23,0.014449212,50224.375,0.008642069,42001.594,8.258476e-08
20638.379,19318.041,1.0044244000000001e-17,1.24839415e-20,38252.953,0.0005069461,25187.857,6.427384e-08,19747.238,2.3358329e-09,34459.74,1.9093518e-06,40945.875,1.3763722e-05,57267.63,0.058668975,41174.85,1.0146063e-05,58663.234,0.029207278,52753.54,0.012934609,50832.363,0.0069241077,41801.242,5.92358e-08
20705.852,19169.604,1.5862497e-17,2.205054e-19,38269.285,0.00036825464,27395.074,1.0709494e-07,20020.895,7.750736e-09,36610.723,1.6568022e-06,42713.53,1.2577183e-05,58981.918,0.05277712,41918.34,9.118904e-06,57078.44,0.02508464,51992.445,0.0113149155,51102.1,0.005781639,41947.45,6.386848e-08
20705.852,18967.938,7.959731599999999e-18,5.609866499999999e-19,39389.0,0.0003333354,28467.432,7.90851e-07,20069.48,1.2891666e-08,38055.906,2.5244412e-06,43669.58,1.4433539e-05,62282.812,0.048014197,42556.977,8.748464e-06,60464.4,0.023687975,52824.215,0.011005581,51342.562,0.005973722,42532.715,5.584308e-08
20705.852,18981.957,2.616851e-18,2.6461603e-19,41013.35,0.0002791345,26760.111,2.4047446e-07,19903.688,1.328421e-08,38041.49,2.2456265e-06,44234.402,1.4353747e-05,64102.98,0.050758086,43205.38,8.658188e-06,63156.016,0.024031686,55135.293,0.0113657825,52939.74,0.0062490334,43275.973,4.9861207e-08
20211.955,19087.195,2.4680867e-18,3.4329376e-19,38545.73,0.00034046886,26533.578,1.15524415e-07,20006.826,1.3686223e-08,37779.52,2.4539952e-06,45350.035,1.4462896e-05,62753.613,0.052700847,43823.3,9.193164e-06,63191.863,0.02493361,56927.977,0.011921015,54973.605,0.006676911,43988.082,5.3476004e-08
18861.57,19050.121,1.853862e-18,3.8292297e-19,42063.29,0.0003498213,28311.012,3.0270616e-07,20286.037,1.7292086e-08,39403.14,2.617272e-06,44949.016,1.4746774e-05,60407.965,0.053320073,44484.277,1.058882e-05,61436.637,0.026782293,56266.41,0.012842527,55447.51,0.0070828255,44739.53,4.7863693e-08
18800.791,19135.86,3.7629207e-18,3.1856954e-19,45176.74,0.00035918964,29445.63,2.1451517e-07,21176.977,2.0594907e-08,40075.96,2.4241465e-06,44950.72,1.5416123e-05,60311.473,0.051445063,44905.348,1.0074751e-05,60141.246,0.02562066,54613.98,0.011810127,54207.76,0.0064727534,45525.73,4.342954e-08
18940.549,19320.973,1.8881704e-18,1.2433549e-18,45034.46,0.00043172488,30317.176,1.7111164e-07,21853.37,2.6480324e-08,40392.895,3.011847e-06,47224.668,1.703171e-05,63107.81,0.049904328,45666.81,1.0260929e-05,61445.812,0.024383504,55386.785,0.012584856,53957.105,0.007199337,46040.516,4.963183e-08
19068.451,19540.762,2.4985919e-18,1.4357225999999998e-18,43318.87,0.00045726763,29957.113,8.988511e-08,22304.32,2.5359437e-08,42461.31,3.3702574e-06,48700.273,1.7517052e-05,59994.035,0.054885056,46651.85,1.0161829e-05,61252.445,0.026115395,56664.125,0.013205317,54906.906,0.007599985,46600.94,4.191866e-08
19068.451,19816.299,2.0316722e-18,1.1592233e-18,42292.605,0.00040942736,31469.766,1.9178495e-07,22272.568,2.6343487e-08,43788.66,3.8000533e-06,49023.887,1.9929921e-05,60079.9,0.049969416,47558.94,9.4138795e-06,59800.87,0.025655134,55350.684,0.012391704,54728.477,0.006879996,47390.055,4.455308e-08
19068.451,19990.822,1.932348e-18,2.8617777e-18,43400.04,0.00038820383,31439.744,1.5843858e-07,22569.756,2.975989e-08,43580.035,3.7616458e-06,48849.75,1.5312611e-05,63557.543,0.046293706,48161.355,9.414952e-06,61647.74,0.023494957,55439.266,0.011484616,54240.566,0.006546878,48186.93,6.704531e-08
19034.45,19993.64,1.6310857e-18,2.8725954e-18,44323.934,0.0003126433,32346.332,1.320546e-07,23017.97,2.9487243e-08,43277.49,3.606606e-06,48815.484,1.939535e-05,64288.89,0.047007143,48618.91,9.810309e-06,63742.793,0.023063341,56620.918,0.010379444,54857.37,0.005672936,48726.97,5.2650858e-08
18972.607,19997.602,1.6547686e-18,1.8314228e-18,41738.31,0.00034901034,33030.336,1.4533077e-07,23806.002,5.821906e-08,43879.816,3.7306418e-06,48973.75,1.9135703e-05,66166.42,0.045800008,49154.266,1.13208625e-05,65206.004,0.022575073,58702.938,0.010542462,56699.73,0.0059852134,49639.94,6.319519e-08
18170.145,20335.715,1.4280340999999998e-18,1.4150734e-18,44248.75,0.0003635901,33681.035,1.6411383e-07,24673.977,4.57198e-08,44522.24,3.0410768e-06,48597.688,2.1922284e-05,62040.453,0.051632006,49144.926,1.2976691e-05,64112.19,0.025575928,59386.004,0.012245339,58102.465,0.007138756,51170.77,8.0289624e-08
18757.691,20661.713,1.0330065e-18,8.1706766e-19,46922.953,0.0004071011,33418.473,1.0147e-07,25076.02,2.0237254e-08,44853.645,3.1271222e-06,48593.96,2.083501e-05,59986.79,0.051514912,48817.83,1.3553713e-05,60715.52,0.027188411,57237.266,0.012772624,57108.984,0.0074803373,51841.17,8.642195e-08
22329.816,20912.83,1.8778975e-18,5.428576999999999e-19,48327.05,0.00044280157,35721.785,2.1074023e-07,25901.17,3.720768e-08,45077.49,3.252747e-06,50333.516,1.7974238e-05,60864.035,0.051601272,49052.984,1.2238815e-05,59433.527,0.025176551,55175.637,0.011833097,54973.49,0.006539802,52126.742,8.8794586e-08
24395.059,21178.895,1.0225516e-18,5.499834e-19,46655.12,0.0004989847,33899.242,9.757854e-08,27194.225,3.8363527e-08,46124.418,4.0821024e-06,51298.707,2.0894015e-05,64187.87,0.048236363,49875.777,1.0890806e-05,61564.55,0.02407123,56212.844,0.012484405,54725.24,0.0074323225,52218.152,9.131173e-08
24395.059,21673.94,9.669458e-19,8.450711e-19,43450.594,0.00049182645,34666.004,2.4298481e-08,27092.139,2.6368788e-08,46765.773,4.7046415e-06,52206.348,1.862419e-05,61349.75,0.05025861,50746.05,1.0585723e-05,62723.188,0.0263868,57652.13,0.013042289,55871.79,0.0076960446,52752.547,1.2814203e-07
24843.938,22080.186,3.1298014e-18,2.1986579e-18,42670.15,0.0004742513,36770.72,1.5602896e-07,28318.834,4.027377e-08,47156.01,3.8266085e-06,51192.67,1.9613655e-05,9595.35,0.052126173,51307.08,1.0583694e-05,32817.523,0.027280584,46855.87,0.01338583,50814.207,0.00784631,53457.94,1.5918869e-07
24873.834,22555.656,1.3359403999999998e-18,4.836438e-18,44773.754,0.0004768261,37721.156,3.6196764e-07,29772.328,4.4743082e-08,46528.312,3.851298e-06,50092.062,1.8828516e-05,325.7919,0.073852114,51158.984,1.2805556e-05,6027.0405,0.028359571,24453.016,0.014740933,33972.254,0.008699301,54004.79,1.716856e-07
24873.834,24013.67,1.2632488e-18,1.1346851e-17,45025.523,0.000534609,36789.79,1.1539776e-07,30377.203,3.6002117e-08,45479.402,4.1739254e-06,50171.934,1.8993518e-05,0.0,0.06873952,50527.957,1.4056903e-05,463.84833,0.03097266,13887.745,0.014286408,18465.287,0.008329126,54533.96,2.0484102e-07
24873.834,24276.713,1.0212150999999998e-18,1.1437051e-17,22693.555,0.0006839102,40856.656,1.4154762e-06,29566.24,2.836791e-08,46718.098,4.751463e-06,48971.984,1.922743e-05,0.0,0.06414186,50767.57,1.3666954e-05,12.151353,0.041568283,10993.177,0.019922318,11988.369,0.011919007,55288.375,2.7921456e-07
24873.834,25074.469,7.316461599999999e-19,7.178819e-18,4320.893,0.0015468488,42190.254,1.2993057e-06,29293.691,9.630392e-09,47156.836,1.9157308e-06,41634.445,1.9088942e-05,0.0,0.06076857,50891.523,1.2237794e-05,0.074374996,0.047338482,9173.742,0.022907024,9678.128,0.013462204,55434.016,2.2445589e-07
24873.834,24894.771,4.717883599999999e-19,8.939234e-18,354.14633,0.011271133,40306.81,3.4103942e-07,28812.475,1.0810848e-08,41943.68,6.613326e-06,27366.63,0.00079457596,0.0,0.061342735,46547.562,1.2333878e-05,0.0,0.065449275,4237.152,0.02224975,6184.8643,0.013647638,54831.53,1.7561487e-07
24873.834,24805.676,3.813955e-19,1.6068316e-17,13.970667,0.015823675,40348.34,2.4198232e-07,29616.03,3.4006554e-08,33682.79,1.9682251e-05,15004.124,0.0026717784,0.0,0.05975204,38127.24,1.1974751e-05,0.0,0.04465718,688.1906,0.025598668,2220.8396,0.0151186995,54546.844,1.8855856e-07
24873.834,25511.105,3.0832157e-19,3.4613846e-17,0.19629237,0.015338613,41630.816,1.4481807e-06,30459.443,1.6885362e-08,24489.697,2.3763087e-05,9203.095,0.0020828652,0.0,0.060002606,30445.438,1.08965005e-05,0.0,0.0450438,38.40105,0.02462036,317.4544,0.014976282,54638.875,2.575828e-07
24873.834,25009.162,1.4253109e-19,5.944598e-17,0.0,0.016331444,41995.895,1.8358228e-06,31994.438,2.244044e-08,18231.834,5.2847656e-05,3462.8667,0.6816577,0.0,0.06175202,23625.824,1.2566296e-05,0.0,0.044394538,1.1565197,0.02606417,17.160912,0.015698057,53768.348,2.3507026e-07
24873.834,26982.248,9.7932776e-20,1.6253748e-16,0.0,0.01667671,41404.438,7.6528113e-07,32262.97,2.0458103e-08,15517.157,0.012520921,890.2143,0.46657625,0.0,0.06259191,18328.135,1.004942e-05,0.0,0.047852796,0.006841912,0.029384341,0.52035546,0.017099118,49971.727,1.5055554e-07
24873.834,28586.38,3.8235809999999997e-20,2.643205e-16,0.0,0.017625352,39291.645,1.2681905e-06,32986.727,3.9347324e-08,9509.693,0.058475185,77.73622,0.31071383,0.0,0.064266294,14721.166,0.003453342,0.0,0.04633191,0.0,0.047541827,0.0017794822,0.035250206,42349.453,1.5917132e-07
25789.336,28924.006,5.1059809999999996e-20,7.998724e-16,0.0,0.017613214,32389.336,1.6282212e-06,34053.53,4.005191e-08,6329.6675,0.1565728,3.144606,0.24847424,0.0,0.06474891,12482.706,0.0012674673,0.0,0.05589431,0.0,0.038199905,0.00046951784,0.028667016,35639.902,2.4162122e-07
25919.273,29302.201,4.047808e-20,6.038746e-16,0.0,0.01820623,19120.742,3.8667704e-06,35066.496,4.4905644e-08,103.39674,0.2946022,0.0009590987,0.14302963,0.0,0.06595367,11139.985,8.55897e-05,0.0,0.04606622,0.0,0.02954812,0.00013352891,0.021802632,31800.357,2.3425996e-07
25919.273,30529.904,3.8248806e-20,5.739375600000002e-16,0.0,0.017558435,19367.236,3.913459e-06,35764.336,4.159434e-08,1842.4722,0.23953526,0.0,0.055143308,0.0,0.06567738,10720.557,5.6232748e-05,0.0,0.05693993,0.0,0.044923138,3.877747e-05,0.031997718,28732.701,4.4839143e-07
25919.273,31538.758,2.7384066e-20,1.6728119e-15,0.0,0.018156022,24316.535,1.4066248e-06,36866.633,1.1433049e-08,1783.7103,0.17802678,0.0,0.03409038,0.0,0.0667473,10096.025,0.044331484,0.0,0.047099613,0.0,0.03358607,1.0775988e-05,0.02488441,24424.184,4.318978e-07
25919.273,31757.426,2.5875924e-20,1.5560177e-15,0.0,0.017171064,24675.32,0.00014202952,37514.63,2.258805e-08,613.5622,0.12993513,0.0,0.47399014,0.0,0.06572894,9130.833,0.15268973,0.0,0.0537249,0.0,0.029053655,3.1652469e-06,0.021087768,19916.033,3.5084366e-07
25919.273,32419.965,1.01607344e-20,1.0238158e-15,0.0,0.018062772,25929.297,0.0035370532,38163.984,4.061729e-08,208.35675,0.057574533,0.0,0.34833884,0.0,0.06709819,6699.507,0.15824234,0.0,0.046142515,0.0,0.044547018,9.4682633e-07,0.031354703,17495.982,2.3027927e-07
25919.273,32970.484,2.4305303e-21,3.777451e-16,0.0,0.019077,18470.318,0.12624633,39134.96,4.3471015e-08,0.35148776,0.10947626,0.0,0.3152598,0.0,0.068482235,4434.492,0.14233844,0.0,0.05906906,0.0,0.03315072,2.638463e-07,0.02453688,15725.853,2.3253115e-07
25919.273,33567.688,1.9634758e-21,1.26799e-16,0.0,0.019640224,20175.252,0.12612015,40062.42,1.3332196e-08,0.7119941,0.08535783,0.0,0.20048468,0.0,0.06994678,3026.0645,0.10554743,0.0,0.04848472,0.0,0.030508986,7.6416974e-08,0.022183053,12694.4795,3.0912909e-06
25919.273,34067.926,1.8553399000000002e-21,3.4019580000000004e-17,0.0,0.019178493,20638.113,0.107165016,39568.05,2.5996396e-08,0.36755532,0.041103605,0.0,0.103085496,0.0,0.069772325,3302.5461,0.058289904,0.0,0.052058455,0.0,0.045700587,2.2447928e-08,0.032379158,10443.975,0.0069718584
25919.273,34406.82,1.1955446e-21,5.9835437e-18,0.0,0.019256447,25995.879,0.05439913,40293.855,9.56795e-09,0.000120059485,0.3673821,0.0,0.056228377,0.0,0.06996147,5249.094,0.021085054,0.0,0.047861867,0.0,0.034559187,6.2317227e-09,0.025575807,9984.999,0.070296064
25919.273,33843.8,1.1297015e-21,4.774795699999999e-19,0.0,0.018565051,25304.076,0.02209287,40240.207,8.975488e-09,1.5168179e-06,0.35950884,0.0,0.029340696,0.0,0.06921645,7353.6055,0.0065289186,0.0,0.057158764,0.0,0.030400993,1.8126799e-09,0.022102432,9330.603,0.043133475
25919.273,36816.535,1.0674847e-21,3.1713047e-19,0.0,0.019282166,14831.957,0.0072189127,41017.816,9.43411e-09,4.3594295e-07,0.3342587,0.0,0.5315168,0.0,0.07043412,9280.246,0.1464352,0.0,0.048120342,0.0,0.04464703,5.393255e-10,0.031493284,8177.8584,0.011847412
25919.273,36226.254,1.0086944e-21,2.6643265e-19,0.0,0.019462703,12283.678,0.053969774,41546.926,1.0413306e-08,6.0031205e-08,0.31822777,0.0,0.35870573,0.0,0.07091747,7970.3643,0.15983286,0.0,0.056142744,0.0,0.033987086,1.5195803e-10,0.025019355,6053.334,0.03441847
25919.273,33669.832,9.531419e-22,1.6172695e-19,0.0,0.020058,13527.336,0.016260518,42533.918,2.7480132e-08,2.7027363e-08,0.24793302,0.0,0.2732351,0.0,0.07218967,7453.687,0.15375653,0.0,0.050602626,0.0,0.032700155,4.2600652e-11,0.023978727,4406.855,0.015465323
25919.273,37841.676,7.699846e-22,1.471238e-19,0.0,0.018990772,7858.9346,0.0052548577,42927.906,4.331767e-08,1.1251227e-08,0.19158247,0.0,0.21558101,0.0,0.0710565,8134.924,0.14441378,0.0,0.053548988,0.0,0.045629874,1.2731475e-11,0.032103263,2944.2444,0.010610211
25919.273,37302.566,6.2202310000000015e-22,1.1400899e-19,0.0,0.01794773,8372.921,0.03470299,42567.4,1.8631349e-08,1.6859119e-08,0.1731928,0.0,0.16632047,0.0,0.070120305,8189.8745,0.13401414,0.0,0.049726263,0.0,0.034192145,3.5890318e-12,0.025178583,2608.6936,0.04357811
25919.273,35028.48,2.6843091000000004e-22,1.05731783e-19,0.0,0.018928275,4919.737,0.037692875,42293.992,1.493869e-08,1.9161908e-09,0.14271161,0.0,0.10066718,0.0,0.071695894,6808.0117,0.117943235,0.0,0.057531096,0.0,0.031522833,1.0666013e-12,0.022669699,2651.3538,0.018027255
26605.488,39953.344,2.4184012e-22,3.262124e-19,0.0,0.019835753,5530.8867,0.006183625,41997.957,1.6024185e-08,3.8252272e-09,0.067492746,0.0,0.031915996,0.0,0.07295819,6144.5923,0.09138814,0.0,0.0512709,0.0,0.048766185,3.0603875e-13,0.03480135,2774.5857,0.005682093
27108.045,39431.844,2.4626968000000003e-22,1.0475903e-18,0.0,0.02020596,6149.1187,0.06890934,41002.555,4.5651465e-09,4.8011706e-09,0.08711482,0.0,0.12095335,0.0,0.073931776,6165.397,0.056993246,0.0,0.057481986,0.0,0.038863216,7.8997654e-14,0.02932065,2558.871,0.071830735
27108.045,38154.1,6.0038077e-23,3.9508454e-18,0.0,0.019790309,5253.027,0.13377346,35365.684,4.433298e-09,1.1796956e-09,0.059478316,0.0,0.16224456,0.0,0.073428035,5625.919,0.027712522,0.0,0.052096497,0.0,0.033423267,2.2542073e-14,0.024443734,2465.739,0.04508442
27108.045,39550.543,4.8459353e-23,3.629623e-18,0.0,0.019973693,5629.4644,0.14079234,24127.482,8.139753e-09,3.5323863e-10,0.03693413,0.0,0.1371662,0.0,0.07395951,5134.114,0.009772332,0.0,0.058516677,0.0,0.05333666,6.417485e-15,0.03805615,2541.722,0.0135361785
27108.045,42592.867,2.5166640000000007e-23,9.891136e-18,0.0,0.020755341,2963.9487,0.2097944,21646.076,6.2552177e-09,2.6643496e-12,0.3517721,0.0,0.118219346,0.0,0.07550658,5312.7363,0.05769556,0.0,0.053781666,0.0,0.041992232,1.7263518e-15,0.031209625,2186.8374,0.018489176
27108.045,42982.605,1.2915993e-23,3.380066e-17,0.0,0.021110928,2886.2314,0.1307421,18511.96,3.4833458e-09,3.006411e-11,0.3401694,0.0,0.07203585,0.0,0.07646695,4929.8486,0.11954926,0.0,0.05688849,0.0,0.03589663,4.719285e-16,0.026592862,2233.106,0.017077029
27108.045,41342.14,1.2194165e-23,1.1526349e-16,0.0,0.020585986,2175.889,0.10406673,14402.882,2.0926729e-08,1.23955325e-11,0.27092928,0.0,0.019129325,0.0,0.07574033,4014.9878,0.14954181,0.0,0.052561957,0.0,0.04456863,1.3602346e-16,0.03187488,1851.3606,0.010131339
27108.045,42782.03,9.842443e-24,1.4814928e-16,0.0,0.02074078,1072.7115,0.14655738,17919.098,6.577116e-07,2.4555896e-12,0.29683557,0.0,0.56685364,0.0,0.076051354,3450.2104,0.14919409,0.0,0.058961123,0.0,0.03565287,3.7761996e-17,0.026306838,907.54584,0.053280916
27139.736,42682.938,7.352376999999999e-24,9.325811e-17,0.0,0.019851921,1178.4539,0.12670624,18434.68,0.00028486594,1.0049138e-12,0.26659656,0.0,0.32476678,0.0,0.07516698,3221.944,0.122508466,0.0,0.05303463,0.0,0.039385993,1.10749814e-17,0.028141247,471.60785,0.027241483
28053.066,42022.863,1.1680040000000001e-23,5.6120505e-17,0.0,0.020905875,885.1791,0.14530422,17343.15,0.0018976812,2.7305147e-14,0.216649,0.0,0.16286245,0.0,0.07623983,2924.751,0.11281757,0.0,0.058008432,0.0,0.03478907,3.145908e-18,0.025380716,295.43018,0.007108181
28053.066,41123.39,1.1020905e-23,3.5239353000000004e-17,0.0,0.01988709,696.6627,0.0962682,13967.609,0.029806096,1.0105097e-12,0.18435843,0.0,0.16633168,0.0,0.07517852,2869.5615,0.11385163,0.0,0.052756853,0.0,0.049794067,9.466111e-19,0.03480959,179.10126,0.061143525
28053.066,38423.41,6.4520989999999996e-24,2.6085036e-17,0.0,0.020664392,215.94934,0.07654707,12150.422,0.00547941,5.4998584e-13,0.141017,0.0,0.10415617,0.0,0.076180235,2973.4731,0.11691046,0.0,0.058200426,0.0,0.038545694,2.6088752e-19,0.028469738,116.468994,0.036150973
28109.322,34609.35,5.556495e-24,4.0907096e-15,0.0,0.021555427,8.211552,0.07066871,13016.037,0.02081997,1.6733074e-13,0.07580546,0.0,0.10228652,0.0,0.07728103,2493.9604,0.11460256,0.0,0.05478342,0.0,0.035710204,7.270484e-20,0.026201509,72.42586,0.011594302
30903.568,30437.459,7.616862e-24,6.1551614e-15,0.0,0.022065451,0.58865017,0.061141524,11790.154,0.004441253,8.719655e-14,0.0796611,0.0,0.09533179,0.0,0.07816255,1846.5962,0.10108315,0.0,0.057814464,0.0,0.055087186,2.0026887999999998e-20,0.03976174,10.801564,0.037268903
33620.14,26481.736,9.168431e-24,9.41393e-15,0.0,0.020581182,0.021902444,0.0648051,9421.309,0.018215533,1.5125765e-13,0.049572285,0.0,0.06250864,0.0,0.07645815,1637.6067,0.07256011,0.0,0.05385561,0.0,0.041711655,5.5145066e-21,0.03084545,0.09466491,0.025421215
33930.39,20963.25,8.1431484e-24,1.1519727e-14,0.0,0.020758275,0.00082535605,0.11547893,8278.229,0.012407698,6.97608e-14,0.02025821,0.0,0.056454193,0.0,0.07648666,1657.3293,0.03692501,0.0,0.05591004,0.0,0.032631733,1.6326143e-21,0.02364308,0.00022075305,0.053533286
33930.39,15524.842,4.690151e-24,1.3919495e-14,0.0,0.021593139,0.00046664744,0.13209915,5774.072,0.05435489,7.171849e-15,0.4025604,0.0,0.16648303,0.0,0.07761237,1608.2781,0.040141698,0.0,0.0528279,0.0,0.04531688,4.7645275e-22,0.032205414,0.00014625065,0.014200359
33081.07,13462.344,5.0668153e-24,1.7182836e-14,0.0,0.020739524,0.0003640412,0.13511483,6988.927,0.006971404,3.5897097e-17,0.41107956,0.0,0.13250902,0.0,0.07673995,1419.299,0.049698923,0.0,0.05674229,0.0,0.035104465,1.368668e-22,0.025630713,0.00012298946,0.1368797
32713.56,11662.316,4.3063096e-24,9.393324e-15,0.0,0.019614771,0.00023778835,0.08390692,5566.4297,0.015352689,2.3623367e-17,0.33365583,0.0,0.16921306,0.0,0.07525819,1132.0085,0.05318299,0.0,0.05070393,0.0,0.034200177,4.239809000000001e-23,0.024079436,4.483787e-05,0.06528102
31897.2,10032.799,5.367563e-24,4.799375e-15,0.0,0.01956715,0.00013946855,0.07617931,4697.884,0.01749025,1.14976285e-17,0.3013241,0.0,0.11787146,0.0,0.074676424,865.17,0.051751964,0.0,0.059008796,0.0,0.033560984,1.3099480000000003e-23,0.023644032,2.9596617e-05,0.011592094
39278.43,9051.135,4.5300587e-23,4.3467025e-15,0.0,0.020408886,8.7817374e-05,0.01950045,4697.612,0.0149010485,5.7133736e-15,0.21430661,0.0,0.11664714,0.0,0.07569522,683.6156,0.04556338,0.0,0.051252108,0.0,0.03806581,3.9608363e-24,0.026867786,2.5043752e-05,0.12157797
40044.645,9073.848,4.5214967e-23,7.5801885e-15,0.0,0.020451188,8.349059e-05,0.05219073,2609.3813,0.026262851,5.574817e-15,0.14319395,0.0,0.081381895,0.0,0.075655,622.1987,0.027901929,0.0,0.056507133,0.0,0.031679563,1.1815855e-24,0.022792127,1.3542098e-05,0.054980136
40044.645,8369.307,1.9495402e-23,1.581115e-14,0.0,0.019880941,3.7153473e-05,0.012152339,2383.3208,0.0047082007,4.7855335e-18,0.123771675,0.0,0.06001182,0.0,0.07436194,639.64777,0.008211153,0.0,0.049094755,0.0,0.042190727,3.7289618e-25,0.029081801,1.1068478e-05,0.03929271
40044.645,5825.9346,1.8405728e-23,1.6941765e-14,0.0,0.019938309,2.3100029e-05,0.053820908,2740.64,0.014706434,7.4214406e-16,0.08763494,0.0,0.066328846,0.0,0.07435015,632.5733,0.13485071,0.0,0.058879234,0.0,0.031087855,1.1513626e-25,0.022180423,7.93155e-06,0.051944584
40044.645,4517.18,1.2820402e-23,1.0933507e-14,0.0,0.018610274,4.3541473e-05,0.055153776,2107.6401,0.021219244,6.9496504e-15,0.042590138,0.0,0.053089287,0.0,0.07242776,451.87268,0.14878796,0.0,0.048427768,0.0,0.034853604,3.652606e-26,0.02418858,6.9266266e-06,0.07342203
40854.785,3341.8796,2.3874079e-23,9.0922245e-15,0.0,0.017226947,2.4394583e-05,0.047773894,1611.4719,0.019930126,2.7006604e-15,0.05670742,0.0,0.06233324,0.0,0.07024527,328.00378,0.13814422,0.0,0.057725888,0.0,0.02931019,1.1387641e-26,0.02075205,3.6671463e-06,0.021755725
41116.4,1889.626,1.500911e-23,7.791789e-15,0.0,0.016775582,1.8780329e-05,0.019031085,2637.6113,0.008623748,9.881054e-16,0.03705023,0.0,0.06225469,0.0,0.06931627,237.97202,0.123562746,0.0,0.046455953,0.0,0.038366653,3.6899712e-27,0.026227249,3.1277891e-06,0.086809754
41116.4,1970.7141,1.4166774e-23,1.9276137e-14,0.0,0.017025925,1.5500997e-05,0.023543624,2205.0342,0.04824635,6.9791174e-16,0.009934703,0.0,0.037831694,0.0,0.06918954,168.66095,0.10263861,0.0,0.0588165,0.0,0.02851193,1.1838627e-27,0.020061063,2.3218843e-06,0.024986155
41116.4,3126.701,7.847649e-24,3.374249e-14,0.0,0.017561883,1.3740336e-05,0.046848606,733.42236,0.025094906,1.0343788e-15,0.29134187,0.0,0.15011697,0.0,0.069851995,142.00606,0.073118836,0.0,0.048003525,0.0,0.03794957,3.6774048e-28,0.026446108,2.1879928e-06,0.05881411
41116.4,2727.2493,3.6701329999999996e-24,4.4989952e-14,0.0,0.017138585,1.2985279e-05,0.05749233,801.70355,0.011650468,7.4950335e-16,0.31168404,0.0,0.11843439,0.0,0.06895312,125.2878,0.03497588,0.0,0.05354276,0.0,0.029475018,1.1285266e-28,0.021067768,1.2629499e-06,0.03381954
44303.89,2005.3541,3.4898522000000005e-22,4.4192023e-14,0.0,0.017301494,6.8277745e-06,0.034056358,1252.958,0.03869756,1.374513e-16,0.2824119,0.0,0.07170963,0.0,0.068824105,102.386185,0.03844994,0.0,0.046137355,0.0,0.03886987,3.664674e-29,0.026531663,1.1721293e-06,0.047739353
42114.203,3258.5227,1.8446564e-21,1.9147096e-13,0.0,0.017464885,5.0592207e-06,0.043645147,1055.8765,0.013029391,3.1900324e-19,0.2689416,0.0,0.3519518,0.0,0.06864939,55.583344,0.050054282,0.0,0.061351553,0.0,0.028547844,1.15120055e-29,0.02026953,8.045583e-07,0.03397592
42114.203,3442.7344,1.7512827e-21,2.2209678e-12,0.0,0.014968329,5.8963665e-06,0.03900867,1532.1588,0.018951654,1.8309971e-19,0.22590746,0.0,0.22990008,0.0,0.06456288,28.457918,0.048713423,0.0,0.04398968,0.0,0.031421073,4.092308e-30,0.02074782,7.863332e-07,0.06814515
42114.203,262.62192,1.4214239e-21,6.147187e-12,0.0,0.013906009,7.751972e-06,0.0388197,4308.788,0.025232336,9.942585999999999e-17,0.16366938,0.0,0.15232803,0.0,0.062068194,17.835583,0.04443216,0.0,0.04955503,0.0,0.02286103,1.4563463e-30,0.015463433,5.107397e-07,0.054873623
15309.253,135.34528,3.501875e-19,5.0334632e-12,0.0,0.014176803,8.35155e-07,0.038500004,4509.5684,0.007515012,7.8410324e-20,0.1455415,0.0,0.123716034,0.0,0.061715003,12.330996,0.03584335,0.0,0.040305506,0.0,0.032281302,5.137996e-31,0.021272965,4.85538e-07,0.01984951
400.76962,87.66045,1.9618176e-18,7.713643e-12,0.0,0.014248752,4.905183e-07,0.019407151,1920.923,0.021181507,5.1275514e-20,0.1095798,0.0,0.041962318,0.0,0.061090365,13.317321,0.022305945,0.0,0.06425836,0.0,0.022286892,1.8022309e-31,0.015231933,4.990311e-07,0.06494013
99.07006,50.699375,8.967325e-18,5.5516455e-12,0.0,0.012703836,1.2472524e-06,0.04340089,67.28623,0.0054191886,4.0066564e-20,0.06487031,0.0,0.22362548,0.0,0.0583679,21.936556,0.0072527444,0.0,0.041293208,0.0,0.027136069,6.5672054e-32,0.017729035,4.3955228e-07,0.010036224
1.7269809,23.727222,1.0495733e-05,3.038108e-11,0.0,0.01168242,2.7301194e-06,0.024690893,695.6855,0.012023932,2.5777726e-17,0.059966587,0.0,0.230027,0.0,0.055899702,33.804,0.055931345,0.0,0.036758177,0.0,0.01969747,2.4159426e-32,0.013173973,4.5946223e-07,0.05729926
5.32874e-06,7.061069,1.37792385e-05,2.5038762e-09,0.0,0.011518899,3.4644913e-06,0.021539133,922.9865,0.018102903,5.7225275e-17,0.036305603,0.0,0.163988,0.0,0.05472591,38.065437,0.0438488,0.0,0.06098444,0.0,0.026050262,8.796804e-33,0.017007163,3.9911134e-07,0.009815492
5.311326e-06,3.425757,1.2028034e-05,0.00055074145,0.0,0.01049693,4.056944e-06,0.03563392,580.8141,0.00862198,4.8505054e-17,0.012239721,0.0,0.097478345,0.0,0.051922485,34.025753,0.020220755,0.0,0.036256008,0.0,0.017135868,3.4292296e-33,0.011249026,4.218305e-07,0.04947212
5.1792117e-06,6.925421e-05,7.47516e-06,0.010396567,0.0,0.009653033,2.6728396e-06,0.01909305,467.35953,0.019797863,5.937435e-18,0.13169716,0.0,0.07154161,0.0,0.049367923,34.24771,0.006860937,0.0,0.035162147,0.0,0.019066745,1.3591108e-33,0.012013273,3.751028e-07,0.006685554
4.9784394e-06,13.610718,6.099522e-06,0.006305687,0.0,0.00998614,2.974261e-06,0.042145368,480.7729,0.0055427337,1.1826251000000001e-17,0.13618134,0.0,0.038860098,0.0,0.049320057,35.573997,0.054279003,0.0,0.03500692,0.0,0.018592533,5.038192e-34,0.012219113,3.7952628e-07,0.025105577
4.765619e-06,6.110563e-05,5.3715976e-06,0.010477403,0.0,0.009174194,2.0608638e-06,0.012808413,424.31805,0.010672996,1.04306044e-17,0.108399905,0.0,0.08800925,0.0,0.047102716,31.1411,0.048230473,0.0,0.03608681,0.0,0.021772796,1.9524688e-34,0.01383128,3.6456336e-07,0.03608673
4.6975115e-06,5.75016e-05,4.091203e-06,0.006938086,0.0,0.008312167,2.2015017e-06,0.019268308,132.1367,0.015250158,2.1497468000000002e-17,0.08648522,0.0,0.05143097,0.0,0.044416487,25.65705,0.037548047,0.0,0.030653581,0.0,0.015357368,7.6461046e-35,0.010023318,3.9191826e-07,0.0540478
4.6173604e-06,31.406492,3.3537576e-06,0.0038473655,0.0,0.008337287,2.20026e-06,0.027630456,23.682678,0.013208504,1.9895194000000002e-17,0.058926307,0.0,0.020434445,0.0,0.043947455,16.75947,0.024141554,0.0,0.071679726,0.0,0.01935558,2.909827e-35,0.012419888,3.0204885e-07,0.03418102
4.602612e-06,36.173958,3.056534e-06,0.0018567333,0.0,0.007918459,1.0527215e-06,0.016644694,13.705366,0.014547386,7.017998e-18,0.055198804,0.0,0.3770761,0.0,0.042125747,15.052441,0.01120371,0.0,0.043276753,0.0,0.015157181,1.1580902e-35,0.009746482,3.166451e-07,0.04524168
4.6025043e-06,35.219566,3.0481276e-06,0.0010661941,0.0,0.006229003,1.8517587e-06,0.011825622,6.6816883e-06,0.007778084,1.0874136e-17,0.04759924,0.0,0.28362778,0.0,0.037478138,15.967978,0.00462514,0.0,0.024627117,0.0,0.013893555,5.2631838e-36,0.008135068,2.6196815e-07,0.014604566
4.5733204e-06,4.675026e-05,2.502236e-06,0.002848302,0.0,0.005796621,1.4329715e-06,0.010879928,6.9210196e-06,0.009229803,1.9570715e-18,0.033486813,0.0,0.18630207,0.0,0.035739135,12.202702,0.049664017,0.0,0.07321078,0.0,0.013283626,2.3347331e-36,0.007845093,2.9231927e-07,0.030558823
4.5732327e-06,1206.6786,2.4953538e-06,0.0010657782,0.0,0.0056841364,2.1689848e-06,0.023916813,5.539979e-06,0.013980696,1.5898762e-17,0.09597713,0.0,0.14387694,0.0,0.03455747,7.0927615,0.04898776,0.0,0.042137578,0.0,0.012515406,1.01945445e-36,0.007489542,2.7749627e-07,0.018671269
4.573145e-06,4318.169,2.4884907e-06,0.0024307885,0.0,0.005917086,1.6723542e-06,0.010921644,5.9202785e-06,0.012164978,7.298171e-18,0.10093934,0.0,0.0772449,0.0,0.034451693,4.9843597,0.03456698,0.0,0.02891674,0.0,0.016351031,4.234992e-37,0.00992144,2.8737355e-07,0.02410933
4.5730576e-06,10226.918,2.4816466e-06,0.0010123033,0.0,0.005065186,1.2100054e-06,0.014455326,5.229678e-06,0.0125754485,3.3141564e-18,0.07247696,0.0,0.030979926,0.0,0.031325787,3.216987,0.012702676,0.0,0.020378506,0.0,0.009441947,1.9203336e-37,0.005791503,2.791457e-07,0.027832933
4.5729703e-06,15732.74,2.474821e-06,0.0012745989,0.0,0.004663911,1.128003e-06,0.0108028,3.912382e-06,0.0065468326,4.160486e-18,0.037141014,0.0,0.03493241,0.0,0.0294379,3.534484,0.005136593,0.0,0.0646456,0.0,0.009713042,8.876610999999999e-38,0.0055799317,2.7394452e-07,0.021261036
4.5583924e-06,3.7317004e-05,2.165514e-06,0.0005365316,0.0,0.004205803,6.455891e-07,0.010000001,5.247267e-06,0.0024232536,9.041936e-23,0.01186564,0.0,0.1937087,0.0,0.027430043,8.407668,0.02012228,0.0,0.033129934,0.0,0.010185371,4.1589782000000005e-38,0.0057567726,2.6710364e-07,0.018278563
4.5583165e-06,3.598871e-05,2.159558e-06,0.0006767211,0.0,0.003922271,7.316081e-07,0.019282669,5.391052e-06,0.0022153554,2.2195185e-18,0.06952966,0.0,0.16736151,0.0,0.025830867,11.376437,0.008575877,0.0,0.024703082,0.0,0.010142976,1.988157e-38,0.0056568324,2.7120439e-07,0.029043535
4.2688025e-06,3.475501e-05,1.5057102e-06,0.0013546649,0.0,0.003822832,8.5539847e-07,0.0035103033,5.417704e-06,0.0015320664,1.5542751999999998e-18,0.057363804,0.0,0.099552296,0.0,0.024981821,9.570074,0.013188565,0.0,0.0155416215,0.0,0.007966828,9.461636999999999e-39,0.0045484435,2.416369e-07,0.0116477385
4.24611e-06,3.3421988e-05,1.2490495e-06,0.00059196464,0.0,0.0034791303,6.963959e-07,0.008329654,5.377589e-06,0.0013842913,1.8624834e-18,0.026863156,0.0,0.04245592,0.0,0.023429768,6.2134275,0.0034403647,0.0,0.046836574,0.0,0.0076082633,4.652727e-39,0.0041774185,2.4771208e-07,0.011807307
4.2460697e-06,3.238722e-05,1.2456142e-06,0.0017097198,0.0,0.003233665,8.8670157e-07,0.002988254,4.231544e-06,0.0027854117,1.4122349e-18,0.013664058,0.0,0.05425878,0.0,0.022230374,6.7170625,0.019830301,0.0,0.019797133,0.0,0.007917299,2.206447e-39,0.0044347057,2.5186085e-07,0.01522021
4.2460288e-06,3.0676558e-05,1.2421881e-06,0.0007270804,0.0,0.002568986,9.137467e-07,0.0026772898,4.408774e-06,0.0014767754,1.753724e-18,0.007916158,0.0,0.03102731,0.0,0.019539695,10.915559,0.004939508,0.0,0.025877785,0.0,0.0066384384,1.118013e-39,0.0035944527,2.5016314e-07,0.011184953
4.2459883e-06,322.43054,1.2387716e-06,0.00047095062,0.0,0.002120427,5.8303493e-07,0.0024592208,2.6917842e-06,0.0006480578,5.8007814e-19,0.045582335,0.0,0.027713563,0.0,0.01757932,14.995815,0.012299681,0.0,0.01336419,0.0,0.0050018067,5.8629600000000005e-40,0.0026581495,2.4855368e-07,0.009458601
4.2191164e-06,23.938454,9.659062e-07,0.00039096508,0.0,0.0022213531,5.1271485e-07,0.0040066,3.0993651e-06,0.00023104808,3.1325663e-23,0.033593792,0.0,0.058489647,0.0,0.017507264,13.4489,0.0045726653,0.0,0.030342577,0.0,0.0075783916,2.9590700000000003e-40,0.0039409003,2.575656e-07,0.015683694
4.2190854e-06,4.032191,9.632496e-07,0.0006532123,0.0,0.0018282784,2.0363986e-07,0.0036640046,3.8070364e-06,0.00014646033,2.8645650000000003e-23,0.00949105,0.0,0.013318445,0.0,0.015543408,9.370403,0.008739082,0.0,0.019832205,0.0,0.0052278796,1.54803e-40,0.0027967775,2.534956e-07,0.01760636
4.219054e-06,9667.626,9.606002e-07,0.00075954915,0.0,0.0017523263,3.348667e-07,0.0026813727,3.7927848e-06,0.00010850657,8.947428499999999e-20,0.04180254,0.0,0.10947053,0.0,0.015138265,7.3544326,0.004661241,0.0,0.010493896,0.0,0.0047447695,7.8614e-41,0.0025464217,2.4672315e-07,0.015042138
4.2190227e-06,7951.3057,9.579582e-07,0.0006079567,0.0,0.0015362977,5.2952873e-07,0.0017705897,3.6065603e-06,7.254116e-05,7.1316504e-19,0.023787513,0.0,0.054409288,0.0,0.014042069,13.6740265,0.006803199,0.0,0.03238856,0.0,0.0043846653,4.0772e-41,0.0023096388,2.3747214e-07,0.016786657
4.2189918e-06,2.5267695e-05,9.553233e-07,0.0024426654,0.0,0.0017648189,3.1210703e-07,0.0039570434,4.27219e-06,0.00017405384,1.7310754e-19,0.006974401,0.0,0.040678106,0.0,0.014622495,45.653652,0.0027112046,0.0,0.011042698,0.0,0.0068187555,2.1183e-41,0.0034479513,2.3637939e-07,0.021023795
4.0268815e-06,2.4598165e-05,4.0733167e-07,0.00068717066,0.0,0.0013832862,6.0713813e-07,0.0007870747,3.1471677e-06,6.550905e-05,8.3750786e-19,0.020418093,0.0,0.024424449,0.0,0.0126272,104.49028,0.007547923,0.0,0.028189056,0.0,0.0049114707,1.205e-41,0.0024148456,2.2663022e-07,0.009431734
4.0268687e-06,4520.823,4.0621129e-07,0.00042820067,0.0,0.0010755225,6.9618716e-07,0.00017740256,2.166069e-06,4.9566897e-05,7.781506e-19,0.009570601,0.0,0.054069806,0.0,0.010929213,175.50302,0.0017388857,0.0,0.008272562,0.0,0.0032891158,6.896e-42,0.0016250983,2.2382514e-07,0.0048838826
4.026856e-06,2.307485e-05,4.05094e-07,0.00024533216,0.0,0.0009888312,6.2485645e-07,0.00016412612,2.7307613e-06,3.268536e-05,2.4816872e-12,0.009061965,0.0,0.018249111,0.0,0.010570129,270.31744,0.0025472667,0.0,0.028711643,0.0,0.002302853,3.855e-42,0.0011624249,2.0506697e-07,0.0013847529
3.963287e-06,2.2554943e-05,2.5157075e-07,0.0002387896,0.0,0.0012504939,2.7430607e-07,0.0012776436,2.9017629e-06,2.9012654e-05,9.791631e-24,0.00997425,0.0,0.0661616,0.0,0.011566981,389.07047,0.00900444,0.0,0.009141692,0.0,0.005112966,2.067e-42,0.0024665713,2.0110268e-07,0.0003278537
3.925229e-06,2.2075112e-05,1.806195e-07,0.00017043378,0.0,0.00094456365,4.417799e-07,0.00088929007,3.3740012e-06,2.5177991e-05,4.4027707e-12,0.0059692822,0.0,0.018404579,0.0,0.009884589,431.3372,0.0022153736,0.0,0.02212769,0.0,0.003224367,1.2150000000000001e-42,0.0015612504,2.1418305e-07,7.858668e-05
3.9252236e-06,2.1327549e-05,1.801227e-07,0.00031798152,0.0,0.0018345364,4.8322005e-07,0.0013504394,3.4213697e-06,5.101299e-05,1.0862322e-11,0.055474386,0.0,0.09686755,0.0,0.013684014,437.71613,0.024032606,0.0,0.008955088,0.0,0.006270338,5.66e-43,0.0034548216,2.1404222e-07,4.3541986e-05
3.8505086e-06,2.0373154e-05,2.0537962e-07,0.0011477006,0.0,0.0021673976,3.8058238e-07,0.0036873894,3.3461952e-06,0.00012318106,8.789073e-12,0.051910482,0.0,0.038125064,0.0,0.014949208,301.78162,0.008074415,0.0,0.059070636,0.0,0.007164062,2.5900000000000003e-43,0.0040994976,2.0830387e-07,4.271849e-05
3.838296e-06,1.9739176e-05,1.9283888e-07,0.0013138204,0.0,0.001961599,3.4993724e-07,0.0051672417,2.5817728e-06,0.00012954032,1.0204828e-11,0.023612097,0.0,0.023181444,0.0,0.01412689,177.24014,0.009145433,0.0,0.037298203,0.0,0.0103687635,1.25e-43,0.005638221,2.02341e-07,5.5666947e-05
3.7547027e-06,1.939401e-05,1.9566096e-07,0.00076931313,0.0,0.0017144836,2.871388e-07,0.0021021035,2.665931e-06,7.400185e-05,6.3617965e-12,0.01581202,0.0,0.10072717,0.0,0.013234055,84.8742,0.0060485224,0.0,0.015015725,0.0,0.0070456564,6.300000000000001e-44,0.0038824806,1.985833e-07,4.2985153e-05
3.7064563e-06,6350.513,1.7355278e-07,0.00095900154,0.0,0.0016269458,2.8251463e-07,0.0028540352,2.574125e-06,8.631034e-05,7.41524e-12,0.007170609,0.0,0.06256105,0.0,0.012867589,77.60782,0.008474947,0.0,0.020680185,0.0,0.0062591513,3.1000000000000003e-44,0.0034737904,2.00806e-07,3.807528e-05
3.6957958e-06,1.7261942e-05,1.6170698e-07,0.0011791225,0.0,0.0016220221,1.9382624e-07,0.006265464,2.1338756e-06,8.951328e-05,3.362332e-24,0.056277905,0.0,0.013680351,0.0,0.01267891,127.54828,0.0032978794,0.0,0.0080781365,0.0,0.004850944,1.5e-44,0.0026427482,1.9780424e-07,2.468648e-05
3.6957913e-06,8925.795,1.612622e-07,0.0012990794,0.0,0.0015907838,7.644823e-08,0.009267206,2.0740185e-06,0.00010969293,2.6025547e-24,0.048495345,0.0,0.1464466,0.0,0.01235083,118.81413,0.015155139,0.0,0.03319848,0.0,0.0050993217,8.000000000000001e-45,0.0027260361,1.9555664e-07,1.9193623e-05
3.672428e-06,1.6110584e-05,1.4450053e-07,0.00043075858,0.0,0.0014744909,1.6774885e-07,0.003916119,2.322469e-06,4.965226e-05,3.1339297e-12,0.028438805,0.0,0.08325008,0.0,0.011861202,65.70076,0.004584069,0.0,0.01360834,0.0,0.0045511033,4.000000000000001e-45,0.002505876,1.8947655e-07,1.7607506e-05
3.672424e-06,1.5776706e-05,1.4410307e-07,0.00014765644,0.0,0.0011722589,6.839531e-08,0.0046832385,2.3829698e-06,2.3015824e-05,1.738492e-24,0.010203003,0.0,0.030589696,0.0,0.010406074,34.721912,0.0050188154,0.0,0.011867199,0.0,0.0054716514,1e-45,0.0028788622,1.9010047e-07,1.3845901e-05
3.67242e-06,7775.1636,1.4370669e-07,6.0171595e-05,0.0,0.0011779013,1.7383063e-07,0.0022723728,2.0964317e-06,2.292618e-05,1.5518009e-24,0.04479889,0.0,0.020958688,0.0,0.010429736,16.246473,0.008811339,0.0,0.025065346,0.0,0.004758427,1e-45,0.0025345855,1.8335038e-07,1.5103827e-05
3.507249e-06,1053.4199,1.6511397e-07,3.2995158e-05,0.0,0.001317286,1.0123752e-07,0.0045715435,2.2595473e-06,2.7038786e-05,1.1870721e-24,0.03301417,0.0,0.10645872,0.0,0.010890342,5.1215315,0.0051618186,0.0,0.008693286,0.0,0.004446218,0.0,0.0023091026,1.8155222e-07,1.4113928e-05
3.5072446e-06,5043.062,1.646598e-07,7.264137e-06,0.0,0.0011572705,1.6011163e-07,0.0042851083,2.054392e-06,2.6431107e-05,3.9797297e-12,0.010562521,0.0,0.07215929,0.0,0.010177074,1.8692654,0.008849472,0.0,0.03505246,0.0,0.0032163095,0.0,0.0017127927,1.8497495e-07,1.1644574e-05
3.50724e-06,463.29495,1.6420685e-07,2.3112962e-06,0.0,0.00089954224,1.2473583e-07,0.001998598,1.5571969e-06,2.1290814e-05,6.074406e-13,0.026428988,0.0,0.022023251,0.0,0.008894599,0.90993655,0.0038939924,0.0,0.010815521,0.0,0.0033040503,0.0,0.001610353,1.8283365e-07,7.526075e-06
3.4961172e-06,75.61655,1.4337354e-07,6.3274996e-07,0.0,0.0008340459,5.8324773e-08,0.002041637,1.935317e-06,2.0390991e-05,6.9488222999999995e-25,0.01562802,0.0,0.057580188,0.0,0.008715169,0.5849763,0.0038691438,0.0,0.020923363,0.0,0.0026313898,0.0,0.0013420079,1.764642e-07,6.6535663e-06
3.4740165e-06,2007.2723,1.15225085e-07,1.9251354e-07,0.0,0.0009446603,1.2773015e-07,0.00066272286,1.9462402e-06,1.8560213e-05,2.6655475e-12,0.004438218,0.0,0.015107922,0.0,0.00935603,0.41497564,0.006000499,0.0,0.0070218253,0.0,0.0024273102,0.0,0.0012781363,1.7570419e-07,6.5346885e-06
3.463e-06,1.3296758e-05,1.01249434e-07,7.24951e-08,0.0,0.0008702989,1.3292203e-07,0.0003639363,1.9832432e-06,1.4259453e-05,2.0453448e-12,0.016225893,0.0,0.06903215,0.0,0.008847022,0.29440576,0.00279098,0.0,0.020340756,0.0,0.0029574407,0.0,0.0013991776,1.710865e-07,5.511566e-06
3.4629973e-06,1.2987482e-05,1.0097092e-07,5.3540653e-08,0.0,0.0007437534,9.248654e-08,0.0012984442,6.118049e-07,3.143285e-05,2.120801e-12,0.008813404,0.0,0.01873607,0.0,0.007944156,0.19495383,0.031213073,0.0,0.005361188,0.0,0.0019593737,0.0,0.0009133746,1.7052173e-07,3.3120705e-06
3.4629948e-06,1.2702383e-05,1.0069317e-07,7.1337304e-08,0.0,0.00060442253,1.442805e-07,0.00031717692,1.0326971e-06,2.8590874e-05,4.5854414e-12,0.0064356127,0.0,0.048389573,0.0,0.007112294,0.1043831,0.0033076955,0.0,0.011185897,0.0,0.001144649,0.0,0.0005425399,1.7581459e-07,1.7630397e-06
3.462992e-06,1.2384107e-05,1.00416194e-07,7.737959e-08,0.0,0.00065019476,1.00858806e-07,0.00056674494,1.5245438e-06,3.2200864e-05,2.1593955e-12,0.009131512,0.0,0.017065817,0.0,0.0072982577,0.041854743,0.017431248,0.0,0.0062666545,0.0,0.00213301,0.0,0.00089381286,1.7068452e-07,1.9005417e-06
3.4629893e-06,1.2019195e-05,1.0013997e-07,4.7657885e-08,0.0,0.00061095285,8.117627e-08,0.00035036026,1.8429504e-06,2.6068516e-05,8.842219e-13,0.0048035225,0.0,0.044607423,0.0,0.006925342,0.016160073,0.05256462,0.0,0.012516219,0.0,0.0013189192,0.0,0.00060963916,1.6544602e-07,1.6653422e-06
3.4629866e-06,1.1733225e-05,9.986451e-08,1.930178e-08,0.0,0.00047878307,5.5410023e-08,0.00030964435,1.848859e-06,1.8187806e-05,3.7156606e-25,0.011514411,0.0,0.013734696,0.0,0.0060339426,0.006157632,0.027277121,0.0,0.0062791463,0.0,0.0008691431,0.0,0.0004059194,1.668018e-07,1.2395791e-06
3.462984e-06,1.1674251e-05,9.9589805e-08,1.1943265e-08,0.0,0.00037643066,9.2400725e-08,0.00015648398,1.3561843e-06,1.7022461e-05,1.2076022e-12,0.003279522,0.0,0.025566664,0.0,0.005329762,0.004857482,0.032509524,0.0,0.012204925,0.0,0.0010172285,0.0,0.00042704586,1.6366295e-07,9.5355267e-07
3.4629813e-06,1.1661307e-05,9.931586e-08,9.276895e-09,0.0,0.00037151706,9.17002e-08,0.00020280012,2.575917e-06,5.5795554e-06,1.3699869e-12,0.0026598752,0.0,0.010756228,0.0,0.005353697,0.0041985405,0.021055965,0.0,0.0082679745,0.0,0.0007911163,0.0,0.00033150543,1.5251301e-07,7.126234e-07
3.4629786e-06,1.1213076e-05,9.9042666e-08,1.43473455e-08,0.0,0.00030400077,6.9940775e-08,0.000153844,1.7149302e-06,1.1127459e-05,3.7397302e-13,0.004808157,0.0,0.014901221,0.0,0.0047925008,0.007959332,0.046159733,0.0,0.0071590235,0.0,0.0007955159,0.0,0.0002901293,1.4800057e-07,4.7583015e-07
3.387561e-06,1.1045436e-05,5.037718e-08,1.4974741e-08,0.0,0.0003721796,4.862555e-08,0.000109799956,1.6929793e-06,1.3418584e-05,1.377165e-13,0.009545628,0.0,0.015925964,0.0,0.005396588,0.011405938,0.015720159,0.0,0.009426436,0.0,0.00077320146,0.0,0.00032016324,1.5847739e-07,5.969014e-07
3.3768204e-06,1.11569125e-05,4.340428e-08,2.26714e-08,0.0,0.00043861446,6.882609e-08,0.00020778956,1.2209404e-06,2.3334798e-05,1.1511669e-12,0.0036486925,0.0,0.035464395,0.0,0.005797239,0.024060573,0.009753601,0.0,0.008841508,0.0,0.0015487651,0.0,0.00062746316,1.6048101e-07,1.0011429e-06
3.2930352e-06,1.077402e-05,2.4105635e-08,3.7201126e-08,0.0,0.00043870058,7.2975496e-08,0.00015240954,1.465898e-06,2.3044036e-05,2.3379784e-13,0.0053690826,0.0,0.0053558014,0.0,0.005752591,0.026847012,0.049603198,0.0,0.0081496155,0.0,0.001005834,0.0,0.00044797824,1.5613762e-07,9.463789e-07
3.2930348e-06,1.0578584e-05,2.4039323e-08,3.337209e-08,0.0,0.00038212945,7.831549e-08,5.617103e-05,1.5704965e-06,2.1158405e-05,2.8452314e-13,0.008319006,0.0,0.01722424,0.0,0.005370239,0.03236015,0.022994604,0.0,0.010709105,0.0,0.0015697379,0.0,0.00065596256,1.535999e-07,1.0769689e-06
3.293034e-06,1.0661785e-05,2.3973195e-08,1.591873e-08,0.0,0.00034034182,7.4756755e-08,2.7941027e-05,1.3488727e-06,2.2095213e-05,1.3841849e-12,0.002649475,0.0,0.011738198,0.0,0.0050815376,0.02969548,0.034667682,0.0,0.0060114604,0.0,0.00096316036,0.0,0.00040999783,1.4876964e-07,7.249636e-07
3.2722198e-06,1.0490288e-05,1.8996651e-08,2.2512525e-08,0.0,0.0003987628,7.3113455e-08,4.172669e-05,1.3103069e-06,2.2440983e-05,1.091858e-12,0.0077899816,0.0,0.04051561,0.0,0.005530972,0.025721641,0.014216095,0.0,0.018856708,0.0,0.0015618287,0.0,0.00068096985,1.5324062e-07,1.4566801e-06
3.2618457e-06,1.0269903e-05,1.6622128e-08,9.8390185e-09,0.0,0.00036592263,8.4111335e-08,7.4392956e-05,1.3454621e-06,1.6255293e-05,1.0959465e-13,0.0035601854,0.0,0.0071127503,0.0,0.0052130627,0.023561351,0.052348215,0.0,0.0066538868,0.0,0.0009076808,0.0,0.00041186484,1.47738e-07,1.2013572e-06
3.2618452e-06,9.9313165e-06,1.6576402e-08,3.6864525e-09,0.0,0.00040511772,7.147451e-08,0.00012015769,1.2695294e-06,1.3639601e-05,1.2419133e-12,0.007005864,0.0,0.03466182,0.0,0.005510284,0.016322212,0.01227788,0.0,0.013108879,0.0,0.0015401628,0.0,0.00062106707,1.4033915e-07,1.257137e-06
3.2618448e-06,524.0928,1.6530802e-08,1.2074599e-09,0.0,0.00042877314,7.276852e-08,0.00010890071,8.0833706e-07,2.2376691e-05,9.644528e-13,0.0060604475,0.0,0.006388747,0.0,0.0056816773,0.013319434,0.06371152,0.0,0.0061887642,0.0,0.0011420551,0.0,0.00052641996,1.3799432e-07,1.481016e-06
3.2618443e-06,9.185012e-06,1.6485327e-08,1.1178884e-09,0.0,0.00042413242,5.3520992e-08,0.00013082725,1.1419556e-06,1.332401e-05,1.1200109e-25,0.007367166,0.0,0.020136368,0.0,0.005607772,0.0021461293,0.048494015,0.0,0.012466318,0.0,0.0016846146,0.0,0.0007304712,1.3482553e-07,1.4564988e-06
3.2618439e-06,8.938147e-06,1.6439978e-08,7.814369e-09,0.0,0.000489798,6.469562e-08,0.00033087732,7.625848e-07,2.503826e-05,9.883766e-13,0.010101718,0.0,0.012227665,0.0,0.006019053,0.0011226585,0.015456189,0.0,0.008131787,0.0,0.0012869432,0.0,0.00060007593,1.3647434e-07,1.8468648e-06
3.2618436e-06,8.72168e-06,1.6394754e-08,6.285632e-08,0.0,0.00060970266,5.7812922e-08,0.0007547859,6.862111e-07,3.682579e-05,5.7451147e-13,0.0058730664,0.0,0.073813036,0.0,0.006666215,0.0006606552,0.090630114,0.0,0.013845031,0.0,0.0015386811,0.0,0.0007260382,1.3118071e-07,2.5451177e-06
3.2618432e-06,3444.6924,1.6349654e-08,4.38303e-08,0.0,0.0006513128,1.0318662e-08,0.0016106748,1.1924383e-06,2.6592048e-05,7.835935999999999e-26,0.01689909,0.0,0.02132946,0.0,0.00687812,0.00032972198,0.014140648,0.0,0.008041012,0.0,0.0012736543,0.0,0.00062497414,1.2163844e-07,2.5181225e-06
3.2618427e-06,5063.061,1.6304678e-08,3.984531e-08,0.0,0.00062261557,9.066037e-09,0.0013104075,1.0801818e-06,3.3132146e-05,7.057046999999999e-26,0.006080991,0.0,0.04921618,0.0,0.006718758,0.00025522363,0.09523879,0.0,0.012467494,0.0,0.0015550443,0.0,0.0007352333,1.2037201e-07,2.622102e-06
3.2618423e-06,13763.283,1.6259825e-08,2.051251e-08,0.0,0.00049513293,5.732521e-09,0.0009297561,1.0154217e-06,1.6637505e-05,6.443932300000001e-26,0.012321971,0.0,0.010219912,0.0,0.005863778,0.00016332083,0.012629162,0.0,0.004771602,0.0,0.0009327387,0.0,0.00042623887,1.2004597e-07,1.4747288e-06
3.2618418e-06,12038.598,1.6215097e-08,2.1474069e-08,0.0,0.00039230037,7.430159e-08,4.058509e-05,8.8177154e-07,2.017888e-05,6.763658e-13,0.0029432992,0.0,0.026315197,0.0,0.0052413577,0.00014822248,0.054448314,0.0,0.0068332367,0.0,0.00094949134,0.0,0.00038627602,1.1608947e-07,8.197892e-07
3.2618416e-06,7.675139e-06,1.617049e-08,3.8134562e-08,0.0,0.00040237105,5.490275e-08,9.203853e-05,1.0984675e-06,2.3909866e-05,4.070757e-13,0.0033138355,0.0,0.0056164176,0.0,0.0054994323,0.000116616546,0.025116997,0.0,0.01763231,0.0,0.00085365435,0.0,0.00038082627,1.1413847e-07,8.110744e-07
3.1613095e-06,7.4490677e-06,1.5611242e-08,3.36598e-08,0.0,0.0004939165,4.8426703e-09,0.0006800416,1.1747815e-06,3.1168016e-05,4.658212e-26,0.02176481,0.0,0.032237265,0.0,0.0060222596,9.679705e-05,0.03953048,0.0,0.005605047,0.0,0.00127431,0.0,0.0005623442,1.1294249e-07,1.5079378e-06
3.1512868e-06,7.265531e-06,1.4206999e-08,2.426211e-08,0.0,0.00046152322,6.589987e-10,0.00045437634,1.0407067e-06,2.7406984e-05,4.0749507e-26,0.0078047495,0.0,0.0061326465,0.0,0.0057098125,7.795148e-05,0.025035176,0.0,0.014811966,0.0,0.0010447876,0.0,0.00047893426,1.07377936e-07,1.6272262e-06
3.1512866e-06,754.8918,1.4167917e-08,2.529209e-08,0.0,0.00037387182,2.9026886e-08,0.00013791722,9.496764e-07,1.8459248e-05,1.2047338e-14,0.01056336,0.0,0.023184458,0.0,0.0050816634,6.527894e-05,0.027310526,0.0,0.003547732,0.0,0.0010187909,0.0,0.00042542463,1.01693225e-07,1.0313809e-06
3.1512861e-06,7.0059154e-06,1.4128941e-08,3.7981412e-08,0.0,0.00042642409,2.3803205e-08,0.0003743805,1.1125131e-06,1.8269659e-05,3.287956e-26,0.0056053186,0.0,0.0086995065,0.0,0.005559971,5.3837062e-05,0.03280019,0.0,0.0056243786,0.0,0.00071687414,0.0,0.00032281427,9.944986e-08,8.197671e-07
3.151286e-06,6.8310096e-06,1.4090072e-08,6.767988e-08,0.0,0.00059014966,2.3937737e-08,0.0009939538,9.0669874e-07,2.5788471e-05,3.1970333e-15,0.024010902,0.0,0.0777989,0.0,0.0064623198,4.137779e-05,0.04459524,0.0,0.020547029,0.0,0.0015691855,0.0,0.0006968191,9.5232295e-08,1.5638255e-06
3.1019588e-06,6.722548e-06,1.3783672e-08,3.887954e-08,0.0,0.0005217295,4.9635085e-10,0.0007449878,8.574852e-07,2.889557e-05,2.4867632e-26,0.007839637,0.0,0.019945072,0.0,0.00615256,3.1700292e-05,0.004631897,0.0,0.004707072,0.0,0.0015053466,0.0,0.0006965183,9.107112e-08,1.9888478e-06
3.1019586e-06,6.568313e-06,1.3745753e-08,7.019938e-08,0.0,0.0006231214,8.92248e-09,0.0015173077,8.318106e-07,3.3010478e-05,2.2255823e-26,0.024360202,0.0,0.028826907,0.0,0.0068256264,2.6098302e-05,0.018782113,0.0,0.012215584,0.0,0.0010637415,0.0,0.0005193912,9.272188e-08,1.9101967e-06
3.101958e-06,7863.8594,1.3707938e-08,3.3972075e-08,0.0,0.0005601132,1.417074e-08,0.00071565935,5.6102266e-07,2.8106622e-05,1.8682066e-26,0.007887639,0.0,0.006431022,0.0,0.0063690706,2.1649563e-05,0.06602634,0.0,0.005965054,0.0,0.0014964431,0.0,0.00068251736,9.5370126e-08,1.8390975e-06
3.0438741e-06,6.183657e-06,1.6274528e-08,3.1765726e-08,0.0,0.00054713525,1.0058451e-08,0.0009940122,6.3852576e-07,2.4350995e-05,1.6247656e-14,0.018857917,0.0,0.042306233,0.0,0.006299241,1.5210755e-05,0.010007818,0.0,0.020402228,0.0,0.0011444372,0.0,0.00054891116,9.0415334e-08,1.7285776e-06
2.9962284e-06,2091.481,1.601786e-08,3.3231796e-08,0.0,0.00054138916,2.590459e-08,0.00026357328,7.1375786e-07,1.9815092e-05,1.03226204e-13,0.0056521483,0.0,0.00830978,0.0,0.0063052992,1.322249e-05,0.051354494,0.0,0.0051995437,0.0,0.0026084343,0.0,0.0011788759,8.8520665e-08,2.980939e-06
2.8685158e-06,5.874089e-06,2.8635512e-08,5.9094074e-08,0.0,0.0006575328,1.8840193e-08,0.0007533046,8.8483944e-07,3.0293544e-05,4.507868e-14,0.034989193,0.0,0.062055588,0.0,0.0070243883,9.759993e-06,0.018637842,0.0,0.019367168,0.0,0.0021307298,0.0,0.0010649817,8.859443e-08,3.4787222e-06
2.8685151e-06,5.6605e-06,2.8556729e-08,5.9599582e-08,0.0,0.0009301626,2.5055414e-08,0.0013902709,7.6942433e-07,3.9601826e-05,1.3802178e-13,0.017570153,0.0,0.017880471,0.0,0.008465914,7.80526e-06,0.11441176,0.0,0.005853922,0.0,0.0023303325,0.0,0.00123308,8.603698e-08,5.2748705e-06
2.8685147e-06,5.4844827e-06,2.8478162e-08,6.561727e-08,0.0,0.0010073143,1.6067178e-08,0.0027356704,6.917738e-07,3.3078373e-05,7.166226e-14,0.011774084,0.0,0.13906932,0.0,0.008847429,4.828147e-06,0.026283378,0.0,0.029680317,0.0,0.005496293,0.0,0.0029147798,8.2509295e-08,1.3298439e-05
2.868514e-06,504.1341,2.8399812e-08,9.211216e-08,0.0,0.0010686143,1.4117966e-08,0.0038042846,5.1180666e-07,4.4267847e-05,2.668577e-14,0.04049475,0.0,0.069726326,0.0,0.009166955,4.0859572e-06,0.083964296,0.0,0.009491341,0.0,0.004319054,0.0,0.0024238292,7.753655e-08,1.6808015e-05
2.8685133e-06,5.0337753e-06,2.832168e-08,3.922039e-07,0.0,0.0011452137,1.687122e-08,0.0068551693,7.231336e-07,3.2406657e-05,5.019317e-14,0.02043833,0.0,0.024596814,0.0,0.009539943,2.7159047e-06,0.019682284,0.0,0.03677735,0.0,0.0045641786,0.0,0.0024309377,7.6271604e-08,1.615484e-05
2.8685126e-06,4.800334e-06,2.824376e-08,2.481645e-07,0.0,0.0014894214,2.0631038e-08,0.0046772677,5.333702e-07,4.0279236e-05,7.3140373e-14,0.005286937,0.0,0.0718832,0.0,0.010814871,2.1553076e-06,0.22853965,0.0,0.013295892,0.0,0.005350019,0.0,0.002978083,7.5955114e-08,1.995992e-05
2.8685122e-06,4.6794585e-06,2.8166054e-08,4.776206e-07,0.0,0.0016190374,1.9384219e-08,0.0045918655,5.334717e-07,4.266247e-05,4.818038e-14,0.010665897,0.0,0.016227381,0.0,0.011333878,6.895595e-07,0.0820124,0.0,0.020159831,0.0,0.010849279,0.0,0.0058900528,7.169582e-08,3.577682e-05
2.8685115e-06,4.4715657e-06,2.8088563e-08,7.5591424e-07,0.0,0.0019949267,1.9935621e-08,0.011292875,4.6457768e-07,6.260384e-05,3.625538e-14,0.030758722,0.0,0.28231102,0.0,0.012677525,4.8428393e-07,0.015978612,0.0,0.010426838,0.0,0.0072348863,0.0,0.0044533927,6.864358e-08,5.498429e-05
2.8685108e-06,4.3229365e-06,2.8011286e-08,1.324131e-06,0.0,0.001993014,1.4553096e-08,0.011978591,5.4979006e-07,4.612435e-05,1.6301207e-14,0.018538617,0.0,0.2151734,0.0,0.012819751,4.0403287e-07,0.30856362,0.0,0.039989043,0.0,0.0074211922,0.0,0.0043869936,6.5765846e-08,6.405479e-05
2.8685101e-06,4.181654e-06,2.793422e-08,1.2352658e-06,0.0,0.0022069407,1.8871793e-08,0.0038201767,5.115036e-07,4.118363e-05,2.1793251e-14,0.024742095,0.0,0.1329326,0.0,0.013707134,1.0350513e-07,0.11620339,0.0,0.01748587,0.0,0.0062743747,0.0,0.003850752,6.311008e-08,7.1054936e-05
2.7462413e-06,3.9842275e-06,6.62584e-07,1.9143956e-06,0.0,0.0027503895,1.6269452e-08,0.0036652049,4.996888e-07,6.315804e-05,1.1760538e-14,0.010785233,0.0,0.06925758,0.0,0.01559174,7.86283e-08,0.041295722,0.0,0.048150543,0.0,0.021005964,0.0,0.012838691,6.0485334e-08,0.0001562226
2.7462274e-06,3.8881426e-06,6.60761e-07,9.993471e-07,0.0,0.0027163753,1.3106308e-08,0.0062681534,3.9596694e-07,5.7123172e-05,6.706722e-15,0.013534542,0.0,0.08409117,0.0,0.015720887,6.4594936e-08,0.038503055,0.0,0.04105525,0.0,0.014629199,0.0,0.009347899,5.8698603e-08,0.0002418218
2.6533999e-06,3.6592733e-06,8.708484e-07,1.1456169e-06,0.0,0.0029802702,1.2475505e-08,0.0031747255,3.7040445e-07,7.203398e-05,9.440996e-15,0.04291595,0.0,0.063312575,0.0,0.016594136,5.399621e-08,0.029754672,0.0,0.027518963,0.0,0.008512722,0.0,0.0056706625,5.7448492e-08,0.00069282384
2.4507474e-06,3.6172282e-06,1.6453919e-06,9.8961e-07,0.0,0.0028651722,8.291967e-09,0.012505424,3.96083e-07,6.284615e-05,2.950472e-15,0.026116723,0.0,0.040656805,0.0,0.016249884,5.4666067e-08,0.099821255,0.0,0.012650548,0.0,0.008907578,0.0,0.0054909117,5.43201e-08,0.0030117498
2.339146e-06,3.5032854e-06,1.6481982e-06,1.156004e-06,0.0,0.0033739053,3.7716723e-09,0.010796845,3.7662215e-07,6.254028e-05,3.108257e-28,0.00916682,0.0,0.05487066,0.0,0.017894926,3.0499013e-08,0.069802955,0.0,0.10310071,0.0,0.009573444,0.0,0.0061589964,5.1234704e-08,0.008525533
2.2740358e-06,3.2144562e-06,1.5071233e-06,8.035918e-07,0.0,0.0035626641,4.754889e-09,0.01429921,3.8845707e-07,4.508856e-05,1.85703e-15,0.038025122,0.0,0.06591119,0.0,0.018672746,2.6998439e-08,0.016226629,0.0,0.063595034,0.0,0.02312123,0.0,0.014496524,4.8877663e-08,0.03222129
2.2740094e-06,3.0777155e-06,1.5029759e-06,7.07202e-07,0.0,0.004252445,8.261022e-09,0.0045549367,3.5048842e-07,5.3742453e-05,4.406858e-15,0.01531544,0.0,0.1442273,0.0,0.020611046,4.1296747e-08,0.5790627,0.0,0.031638708,0.0,0.014917783,0.0,0.010082901,4.607082e-08,0.0048058946
2.273983e-06,2.8875465e-06,1.4988398e-06,8.922305e-06,0.0,0.005017508,7.2839086e-09,0.024847811,2.996821e-07,8.149192e-05,2.5459182e-15,0.09382814,0.0,0.24474676,0.0,0.022787986,7.4723744e-08,0.29678503,0.0,0.07097101,0.0,0.01118653,0.0,0.0078318585,4.2892555e-08,0.032149307
2.2595875e-06,2.6954142e-06,1.6515343e-06,8.856122e-05,0.0,0.0060344585,5.158916e-09,0.019139314,2.286102e-07,0.00013346648,2.6313878000000004e-16,0.091418475,0.0,0.267982,0.0,0.02538133,1.9529834e-08,0.15505932,0.0,0.07030965,0.0,0.020245478,0.0,0.01390104,4.019784e-08,0.012878213
2.2172565e-06,2.5711677e-06,2.7838364e-06,0.00010500977,0.0,0.006431264,3.4915164e-09,0.033719182,1.9787699e-07,0.00014169977,5.230050000000001e-29,0.057319157,0.0,0.2521292,0.0,0.026482226,2.0017e-08,0.0532887,0.0,0.0514204,0.0,0.011396753,0.0,0.008344728,3.7554027e-08,0.021565523
2.217209e-06,2.3042328e-06,2.7761755e-06,0.00015214164,0.0,0.0061263205,4.520804e-09,0.04200987,2.2994112e-07,0.00014550587,9.046239e-16,0.037625317,0.0,0.22198477,0.0,0.026284331,2.8679295e-08,0.054901734,0.0,0.026734257,0.0,0.021234332,0.0,0.0142670795,3.4616175e-08,0.004461484
2.1962155e-06,2.1556884e-06,2.8301636e-06,0.0003052124,0.0,0.006564302,2.9254323e-09,0.046783794,2.6202997e-07,0.00015998541,2.6646915e-16,0.031777736,0.0,0.2470945,0.0,0.027920518,3.164804e-08,0.08172061,0.0,0.019717129,0.0,0.012889294,0.0,0.009333429,3.220699e-08,0.027561845
2.1284964e-06,1.980765e-06,4.7310027e-06,0.0024046858,0.0,0.007339131,1.1793841e-09,0.036361996,3.1519264e-07,0.00042041272,1.06826655e-29,0.07396634,0.0,0.21146114,0.0,0.030615797,2.9583425e-08,0.11021112,0.0,0.124928266,0.0,0.024048397,0.0,0.016771613,3.1440123e-08,0.06983562
2.128419e-06,1.8156096e-06,4.717983e-06,0.008508732,0.0,0.0089035,1.9369932e-09,0.032510176,3.012364e-07,0.001387957,5.3348252e-30,0.04705836,0.0,0.17423499,0.0,0.03423446,2.7570483e-08,0.13695341,0.0,0.08370584,0.0,0.015984055,0.0,0.011749407,1.7560886e-08,0.0689764
2.128342e-06,1.6533041e-06,4.7049984e-06,0.03400238,0.0,0.010259897,2.456325e-09,0.018348403,2.3215856e-07,0.008172661,4.814294e-16,0.018111968,0.0,0.11871603,0.0,0.037470125,2.1231461e-08,0.12854627,0.0,0.050405197,0.0,0.033549722,0.0,0.02396204,1.7410159e-08,0.033627547
2.0870962e-06,1.6439396e-06,6.768798e-06,0.009355237,0.0,0.010071323,2.0413968e-09,0.09072823,1.889371e-07,0.009562017,3.6605688000000005e-16,0.12655678,0.0,0.113557585,0.0,0.038136162,1.8351303e-08,0.09952845,0.0,0.029981345,0.0,0.02124014,0.0,0.01583503,1.6223934e-08,0.018316861
2.075156e-06,1.5570922e-06,6.5942304e-06,0.035307586,0.0,0.010928856,1.3416736e-09,0.037355486,1.4990975e-07,0.01760435,1.7759496e-16,0.107220955,0.0,0.04456699,0.0,0.040521704,1.7526897e-08,0.0763861,0.0,0.04090648,0.0,0.019154152,0.0,0.014235043,1.5630773e-08,0.14367339
1.9928952e-06,1.0162395e-06,1.4475316e-05,0.011315864,0.0,0.012915596,1.3644543e-09,0.09141623,1.266823e-07,0.036476824,1.1136307e-16,0.096158475,0.0,0.5422811,0.0,0.04500065,1.3829184e-08,0.089426875,0.0,0.033092912,0.0,0.04660685,0.0,0.03357584,9.328039e-09,0.061739314
1.6823357e-06,1.1161641e-06,6.472269e-05,0.040445283,0.0,0.014507333,1.11071e-09,0.13073525,9.341134e-08,0.036172085,4.7568758e-17,0.14157428,0.0,0.38181883,0.0,0.048818685,9.891995e-09,0.12069059,0.0,0.073196456,0.0,0.034771185,0.0,0.02650663,9.255757e-09,0.02607572
1.6299526e-06,7.30643e-07,3.9545543e-05,0.036410514,0.0,0.015640926,8.11745e-10,0.18003751,7.940393e-08,0.02319215,8.787582e-18,0.13420032,0.0,0.25481546,0.0,0.052207746,6.900778e-09,0.13450389,0.0,0.046866924,0.0,0.026791934,0.0,0.020559954,1.015186e-08,0.07019456
1.5990736e-06,9.967466e-07,2.887487e-05,0.02673674,0.0,0.015695333,8.6931423e-10,0.19893909,5.6095853e-08,0.058218487,9.706690000000001e-18,0.08696813,0.0,0.16053863,0.0,0.05399644,5.2483653e-09,0.13427775,0.0,0.040259097,0.0,0.041361988,0.0,0.030813323,7.2083255e-09,0.092510924
1.3593965e-06,8.800745e-07,8.534894e-05,0.02568217,0.0,0.018042216,7.909647e-10,0.12628809,3.723956e-08,0.039161958,7.040237e-18,0.13810968,0.0,0.23526967,0.0,0.05882729,4.1176937e-09,0.13434452,0.0,0.06291478,0.0,0.033626784,0.0,0.026404163,8.349117e-09,0.1074329
1.1015628e-06,5.4735995e-07,0.00014958688,0.022514436,0.0,0.019993907,6.0405153e-10,0.15874168,2.7069156e-08,0.029101113,1.1918792e-18,0.12121943,0.0,0.2082954,0.0,0.06298565,3.5075731e-09,0.11598139,0.0,0.048764188,0.0,0.03402962,0.0,0.026297685,6.632629e-09,0.04577311
1.0504303e-06,4.3378995e-07,8.7073226e-05,0.046460252,0.0,0.021919336,2.8911706e-10,0.1075713,2.4223567e-08,0.037615456,4.0014508e-19,0.06943054,0.0,0.1470286,0.0,0.06713833,3.0295473e-09,0.079065494,0.0,0.050824147,0.0,0.043212283,0.0,0.033199295,6.785754e-09,0.15881531
1.049728e-06,3.7334922e-07,8.683347e-05,0.046462532,0.0,0.02245757,2.2445885e-10,0.067108594,1.6294909e-08,0.031224847,4.761119e-34,0.07885194,0.0,0.16420415,0.0,0.07013405,2.6772902e-09,0.08722174,0.0,0.054105308,0.0,0.03688243,0.0,0.028705666,2.5399765e-09,0.24444123
1.0030307e-06,3.0774203e-07,7.539746e-05,0.030405387,0.0,0.023849487,2.7932734e-10,0.050406355,1.1271025e-08,0.043240387,5.069395e-19,0.04378127,0.0,0.14079686,0.0,0.074222885,1.9092397e-09,0.101319,0.0,0.05612859,0.0,0.059555452,0.0,0.04513512,1.9292736e-09,0.17059608
8.984948e-07,2.5754622e-07,0.00014475365,0.029836664,0.0,0.025851179,1.9500875e-10,0.021680672,8.173665e-09,0.023478182,3.8700348e-19,0.018206328,0.0,0.094615564,0.0,0.07850717,1.2773322e-09,0.10551993,0.0,0.05943235,0.0,0.05028089,0.0,0.039762776,2.312424e-09,0.12208439
8.4677725e-07,3.381473e-07,0.000114640934,0.023615431,0.0,0.025556508,2.7709332e-10,0.115375124,5.000042e-09,0.074199595,4.6609616e-19,0.42508417,0.0,0.21516511,0.0,0.08000756,9.574047e-10,0.09252424,0.0,0.0607636,0.0,0.043448,0.0,0.03416613,2.7115716e-09,0.07233075
8.407784e-07,3.8045198e-07,9.463175e-05,0.021586755,0.0,0.024256185,2.228976e-10,0.20976336,4.0712487e-09,0.056328308,5.562379999999999e-20,0.4112255,0.0,0.18005385,0.0,0.08019144,9.0227525e-10,0.08659747,0.0,0.059194144,0.0,0.051504232,0.0,0.038605947,3.3496639e-09,0.13629708
8.271579e-07,1.1211579e-07,7.515004e-05,0.023536803,0.0,0.026437594,1.765658e-10,0.2666187,1.593437e-08,0.025425827,3.328964e-35,0.30659246,0.0,0.120978475,0.0,0.08409712,6.084082e-10,0.056967232,0.0,0.06427466,0.0,0.04572765,0.0,0.03568387,1.7362796e-09,0.08207147
8.266806e-07,9.941786e-08,7.494309e-05,0.050734248,0.0,0.028907659,1.9424731e-10,0.17426184,2.5946246e-08,0.042007264,1.5445625e-20,0.23397624,0.0,0.1134373,0.0,0.088553034,3.8951456e-10,0.050545175,0.0,0.06678809,0.0,0.050985213,0.0,0.039570004,1.7983671e-09,0.045504387
7.8639073e-07,7.6843406e-08,0.00011940558,0.023902586,0.0,0.030174617,1.6396363e-10,0.14147925,2.3092067e-08,0.045034472,6.0058648e-21,0.16516632,0.0,0.07812258,0.0,0.091839746,3.1897263e-10,0.28690884,0.0,0.07008947,0.0,0.04895787,0.0,0.038269147,1.9986073e-09,0.009217143
7.8323245e-07,1.9574644e-07,0.00011023443,0.033868577,0.0,0.02955357,1.5689926e-10,0.12511063,1.7303035e-08,0.045772497,1.8021232e-21,0.100231655,0.0,0.06785272,0.0,0.093224876,1.7199767e-10,0.29141775,0.0,0.06930696,0.0,0.069286324,0.0,0.05196725,2.2808573e-09,0.1654394
7.6681323e-07,1.09761736e-07,0.00017436627,0.014698741,0.0,0.033207074,7.509905e-11,0.14761575,1.0506356e-08,0.030781528,2.8607663000000005e-22,0.055353083,0.0,0.08101535,0.0,0.098330915,1.5510156e-10,0.23038219,0.0,0.0738152,0.0,0.062474545,0.0,0.04947998,1.1107084e-09,0.09113213
7.3489144e-07,1.26639e-07,0.0027008925,0.07398669,0.0,0.036748618,8.261297e-11,0.11385646,6.6564936e-09,0.029051995,2.6495427000000003e-22,0.03571562,0.0,0.073120005,0.0,0.10341483,1.738369e-10,0.15263478,0.0,0.07734447,0.0,0.05709634,0.0,0.045452658,1.034425e-09,0.031948946
6.753473e-07,9.3394e-08,0.00078143436,0.014268743,0.0,0.03853277,6.290055e-11,0.15545574,4.3041006e-09,0.02536847,5.817899699999999e-23,0.17892025,0.0,0.034888327,0.0,0.107074164,1.6074736e-10,0.07367231,0.0,0.081155576,0.0,0.0612712,0.0,0.048380893,1.2960055e-09,0.110832796
6.713058e-07,2.9238757e-08,0.00077928236,0.09055036,0.0,0.040043276,4.7538033e-11,0.11871633,3.0567115e-08,0.09465089,1.4617665e-23,0.1543843,0.0,0.087047175,0.0,0.11056701,1.9006594e-10,0.038801137,0.0,0.08324231,0.0,0.060596336,0.0,0.047865983,1.7083878e-09,0.2370547
6.6729956e-07,3.2058914e-08,0.00077713624,0.02987569,0.0,0.041217655,2.5488825e-11,0.1333722,2.144064e-08,0.0626954,2.3264176e-25,0.13617508,0.0,0.62344223,0.0,0.11366695,1.9964677e-10,0.0251621,0.0,0.08471665,0.0,0.07717193,0.0,0.05991657,8.141165e-10,0.16266495
6.5963394e-07,1.4418606e-07,0.00062787475,0.017444143,0.0,0.03964086,2.9784713e-11,0.097013704,1.4348998e-08,0.01528505,2.5137767e-24,0.094948836,0.0,0.31399164,0.0,0.11407907,1.9515255e-10,0.26303396,0.0,0.085826,0.0,0.066316284,0.0,0.052656732,7.6894713e-10,0.08759371
6.110239e-07,1.17905685e-07,0.007974863,0.04013944,0.0,0.040220406,2.1707462e-11,0.071604796,1.0510422e-08,0.10395959,1.8803993e-24,0.06928685,0.0,0.16007832,0.0,0.11633897,1.0132856e-10,0.08483924,0.0,0.0878277,0.0,0.06374115,0.0,0.05028217,7.445664e-10,0.13809267
5.302867e-07,1.0778962e-08,0.0020974444,0.031931773,0.0,0.040412143,1.5910877e-11,0.11536604,3.0624076e-08,0.08866432,4.9075417e-25,0.3715501,0.0,0.08741584,0.0,0.1183503,1.0523241e-10,0.01906614,0.0,0.087729216,0.0,0.07689207,0.0,0.058862135,9.462229e-10,0.08400418
4.9041034e-07,3.6289173e-08,0.012264132,0.031156657,0.0,0.0439759,1.2083725e-11,0.20682979,1.5182298e-08,0.038762726,1.6110747e-25,0.33566,0.0,0.15011427,0.0,0.12289142,9.8912434e-11,0.8326131,0.0,0.09205305,0.0,0.07104093,0.0,0.056847334,1.1563989e-09,0.22602324
4.4706783e-07,7.529634e-09,0.0060086413,0.018114982,0.0,0.043346763,4.4793687e-12,0.22422314,1.30079725e-08,0.018059053,5.1519955e-27,0.24340387,0.0,0.09605478,0.0,0.12415141,9.47445e-10,0.42672002,0.0,0.092941575,0.0,0.068050005,0.0,0.053648848,6.1704913e-10,0.1477199
4.269033e-07,6.8534685e-09,0.0059920936,0.028893866,0.0,0.04231648,4.4976566e-12,0.16845982,1.9105087e-08,0.04365648,9.8233374e-27,0.18931253,0.0,0.60695326,0.0,0.12475878,1.9018005e-10,0.27923906,0.0,0.093342364,0.0,0.07757478,0.0,0.0592065,4.1040477e-10,0.14373736
3.933998e-07,5.904363e-09,0.0017780629,0.01874976,0.0,0.042972032,2.0351659e-12,0.14725292,1.7603853e-08,0.015620587,3.2172e-40,0.14068066,0.0,0.29914224,0.0,0.12631956,6.377944e-11,0.1861027,0.0,0.09432466,0.0,0.07032949,0.0,0.05539825,4.4876242e-10,0.06473033
3.880635e-07,4.1260197e-08,0.0017731662,0.042542513,0.0,0.0444504,3.6893284e-12,0.16897526,1.2310922e-08,0.07462593,1.6862019999999998e-26,0.08076439,0.0,0.1357169,0.0,0.12853056,3.081339e-11,0.10434372,0.0,0.09733835,0.0,0.07266388,0.0,0.05709942,4.967365e-10,0.06865817
3.8105028e-07,4.2147623e-09,0.0028284488,0.032273393,0.0,0.04563066,1.8498185e-12,0.17886044,2.3230092e-08,0.033181038,6.628906e-27,0.052589707,0.0,0.046255384,0.0,0.13097483,3.1441943e-11,0.11521792,0.0,0.09766574,0.0,0.07410374,0.0,0.057330444,6.1968014e-10,0.06084347
3.679585e-07,3.5366272e-09,0.0023636713,0.02896756,0.0,0.04591723,1.1231113e-12,0.22133489,3.26544e-08,0.05430003,7.608449000000001e-28,0.042035922,0.0,0.2205475,0.0,0.13227434,1.8902139e-11,0.05860785,0.0,0.10033921,0.0,0.074756846,0.0,0.05845232,5.694842e-10,0.024068035
3.5987944e-07,3.0661707e-09,0.0017904071,0.025406165,0.0,0.04605596,1.3683497e-12,0.21910189,2.0518312e-08,0.07526949,9.1052055e-28,0.045452558,0.0,0.14124846,0.0,0.1336125,1.9475354e-11,0.020794632,0.0,0.09991593,0.0,0.0753936,0.0,0.058336843,6.3266864e-10,0.14287226
3.4859673e-07,8.68912e-08,0.0009416676,0.018856764,0.0,0.043636266,9.62834e-13,0.15731528,1.3311068e-08,0.03298206,1.5540429e-28,0.29180616,0.0,0.08852435,0.0,0.1327101,2.2849283e-11,0.49138042,0.0,0.10083408,0.0,0.07755162,0.0,0.060064692,3.3084982e-10,0.07484211
3.3426133e-07,2.4685558e-09,0.0009078822,0.048416276,0.0,0.04302461,6.941833e-13,0.16860917,1.00238635e-08,0.010501946,1.4673811999999998e-29,0.29890877,0.0,0.52801985,0.0,0.13275845,1.715302e-11,0.19247414,0.0,0.101632185,0.0,0.07651511,0.0,0.05953349,3.3830794e-10,0.0212581
3.3105775e-07,2.8241591e-09,0.0020281768,0.021772012,0.0,0.04394527,6.767105e-13,0.10841706,8.030277e-09,0.03512679,8.265201e-30,0.23488884,0.0,0.25966713,0.0,0.13392878,1.1844541e-11,0.14325818,0.0,0.10183662,0.0,0.080561444,0.0,0.06214344,4.013438e-10,0.14177458
3.202594e-07,2.66923e-08,0.0029711544,0.03952681,0.0,0.046600986,6.300416e-13,0.095828034,5.598046e-09,0.011414944,4.115355e-30,0.1543914,0.0,0.117166005,0.0,0.13631496,6.929437e-11,0.12753263,0.0,0.10359897,0.0,0.07773411,0.0,0.061043028,3.5711037e-10,0.08572714
3.0324898e-07,5.9041238e-08,0.0012047442,0.005826793,0.0,0.04391515,4.2528454e-13,0.052235436,4.004819e-09,0.05128595,1.698144e-30,0.083303854,0.0,0.10071059,0.0,0.13536996,8.4090804e-11,0.094989106,0.0,0.10297483,0.0,0.08189779,0.0,0.06273352,3.8657655e-10,0.15818734
2.9040922e-07,4.3395783e-08,0.0020027577,0.034911357,0.0,0.043064762,3.9122275e-13,0.04299958,2.7812728e-09,0.03880117,1.8950887e-30,0.054003265,0.0,0.11265976,0.0,0.13506785,8.2912566e-11,0.06657623,0.0,0.102214634,0.0,0.07535545,0.0,0.058530297,1.7857983e-10,0.08363748
2.801949e-07,3.4096715e-08,0.0009549416,0.020920284,0.0,0.043305602,4.5069387e-13,0.13643955,1.9185997e-09,0.029320642,4.1411486e-31,0.1579126,0.0,0.05981883,0.0,0.13577609,6.4809484e-11,0.020450808,0.0,0.10229307,0.0,0.08273649,0.0,0.06345251,1.5220203e-10,0.12986274
2.7741666e-07,8.5378964e-08,0.0008265486,0.040188346,0.0,0.043859977,1.3252816e-13,0.08440743,1.2446091e-09,0.02914839,5.3310414e-32,0.13591811,0.0,0.027952794,0.0,0.13640602,5.807628e-11,0.57771486,0.0,0.102132626,0.0,0.07641031,0.0,0.059388325,1.8159696e-10,0.07748129
2.7175136e-07,4.804399e-08,0.0008930787,0.009727492,0.0,0.043501873,8.038569e-14,0.10040515,1.0366835e-09,0.022613607,4.200000000000001e-44,0.116808765,0.0,0.113923684,0.0,0.13652276,9.412157e-11,0.29851544,0.0,0.103387184,0.0,0.083194524,0.0,0.06415492,2.0781507e-10,0.1204933
2.6989358e-07,6.283745e-08,0.0008906193,0.03833345,0.0,0.04381972,9.341951e-14,0.109882034,6.587585e-10,0.09404359,2.1000000000000005e-44,0.06395657,0.0,0.07079895,0.0,0.1370094,1.458401e-11,0.16497032,0.0,0.102338456,0.0,0.07715756,0.0,0.059836276,1.1981874e-10,0.04886627
2.6428236e-07,1.3396824e-09,0.00055871,0.008199662,0.0,0.043629613,5.6112724e-14,0.14496692,2.075878e-09,0.05921478,1.3000000000000002e-44,0.03983773,0.0,0.42391005,0.0,0.13730936,1.137426e-11,0.12322961,0.0,0.10240321,0.0,0.0839706,0.0,0.06440407,1.2330699e-10,0.06866307
2.5161043e-07,8.102991e-09,0.0008579607,0.03432281,0.0,0.044823717,6.8931704e-14,0.108991876,1.4608598e-09,0.027129248,4.7661638e-33,0.3493968,0.0,0.20784958,0.0,0.13804564,3.5153585e-11,0.09255984,0.0,0.105266936,0.0,0.07847399,0.0,0.06195855,1.483008e-10,0.14589763
2.4995774e-07,3.0309273e-08,0.0008555981,0.012205684,0.0,0.045326862,3.9743585e-14,0.08096376,1.0467218e-09,0.034379415,3e-45,0.33112067,0.0,0.15465198,0.0,0.13833676,2.266242e-11,0.23411748,0.0,0.10401364,0.0,0.07869762,0.0,0.060572702,7.158498e-11,0.08864526
2.4832045e-07,3.7944936e-08,0.00085324195,0.039810795,0.0,0.04461243,9.361763e-14,0.08545119,5.9307975e-10,0.05211483,9.363301e-33,0.23446697,0.0,0.19532166,0.0,0.1378875,1.3278421e-11,0.17718159,0.0,0.103133485,0.0,0.077718325,0.0,0.05943054,6.003825e-11,0.0747978
2.2873365e-07,2.8573687e-08,0.000768636,0.00847504,0.0,0.042724457,6.387907e-14,0.10293108,4.5559037e-10,0.023465173,3.2621926e-33,0.16960919,0.0,0.12167611,0.0,0.13647693,1.279346e-11,0.12397561,0.0,0.10181812,0.0,0.084112085,0.0,0.063539155,7.883653e-11,0.015983405
1.9412741e-07,1.641338e-08,0.020765703,0.014961494,0.0,0.041759543,2.4556607e-14,0.12662093,3.2396064e-10,0.04040888,0.0,0.10015415,0.0,0.051477037,0.0,0.13537902,1.861926e-11,0.18288091,0.0,0.10030045,0.0,0.07407045,0.0,0.05719873,9.715174e-11,0.16847031
1.6550673e-07,1.4176974e-08,0.020708522,0.048854053,0.0,0.040956687,3.9737876e-14,0.13445377,2.4348012e-10,0.020170823,7.593861e-34,0.037520684,0.0,0.08942878,0.0,0.1344665,9.880884e-12,0.121689886,0.0,0.100445956,0.0,0.073831216,0.0,0.05660296,4.825188e-11,0.099565074
1.4116766e-07,3.5885915e-08,0.020651499,0.005642283,0.0,0.037973113,5.383316e-14,0.10258607,1.2959775e-10,0.02614589,1.1432570000000001e-33,0.04137716,0.0,0.6166582,0.0,0.1317861,9.271263e-12,0.05101406,0.0,0.09614493,0.0,0.07112766,0.0,0.05315331,4.3075165e-11,0.027178949
1.2306478e-07,2.5691987e-08,0.011874094,0.019967947,0.0,0.038017385,2.9341828e-14,0.1260886,1.2576953e-10,0.008728604,3.8110703e-35,0.34357783,0.0,0.35974166,0.0,0.1310637,1.1250598e-11,0.019762952,0.0,0.09392687,0.0,0.06788077,0.0,0.04986863,5.5094623e-11,0.06985218
1.125823e-07,1.8504194e-10,0.0054828716,0.020714095,0.0,0.037113044,2.1009255e-14,0.08724596,2.7025662e-10,0.03437996,0.0,0.35026163,0.0,0.20132671,0.0,0.12963732,1.1695145e-11,0.46174273,0.0,0.091989756,0.0,0.0668106,0.0,0.04808347,6.827143e-11,0.13353822
1.0778137e-07,2.1557591e-08,0.0040670726,0.020643216,0.0,0.03837054,2.9962198e-14,0.057175748,2.0196265e-10,0.008948971,9.526116e-35,0.26556167,0.0,0.13612317,0.0,0.12980956,9.869919e-12,0.1762866,0.0,0.0912762,0.0,0.06513607,0.0,0.04767653,4.1518997e-11,0.06892788
1.03885306e-07,9.145205e-09,0.005727552,0.0144717805,0.0,0.034138735,3.0313984e-14,0.024847962,1.6419864e-10,0.016505819,2.9137374e-35,0.19896488,0.0,0.12624045,0.0,0.12586746,7.251159e-12,0.18057209,0.0,0.08739972,0.0,0.06528967,0.0,0.04642412,3.6776186e-11,0.055661023
9.942266e-08,1.4572253e-10,0.0051092035,0.019634858,0.0,0.033307787,3.041647e-14,0.023575602,1.0647885e-09,0.040312678,4.098816e-35,0.1319549,0.0,0.06380739,0.0,0.124157734,3.0593202e-12,0.19121099,0.0,0.08751679,0.0,0.058327746,0.0,0.04246897,5.1606212e-11,0.04105948
9.5096276e-08,1.3555898e-10,0.0030954357,0.05053934,0.0,0.034047503,2.4422245e-14,0.030168308,1.2055323e-09,0.02669902,5.516252e-35,0.059003506,0.0,0.022226043,0.0,0.12408022,1.5767887e-12,0.18569304,0.0,0.0875077,0.0,0.07252637,0.0,0.05239601,6.103114e-11,0.013065055
9.164905e-08,1.1355157e-08,0.0017709584,0.012199749,0.0,0.034015153,1.8248026e-14,0.029745622,8.0198154e-10,0.017686415,0.0,0.06481352,0.0,0.4545356,0.0,0.12350505,1.8421764e-12,0.16413753,0.0,0.08669763,0.0,0.061761823,0.0,0.045599498,7.0964935e-11,0.11945773
9.04108e-08,1.0167494e-10,0.0017660821,0.027680244,0.0,0.034777712,9.096498e-15,0.036546998,1.1115125e-09,0.046468113,0.0,0.10960518,0.0,0.38296196,0.0,0.12349106,8.74361e-12,0.12228046,0.0,0.08812919,0.0,0.060551617,0.0,0.044379257,5.3498077e-11,0.045793332
8.919262e-08,9.099412e-11,0.0017612192,0.01920924,0.0,0.03351499,1.1074788e-14,0.036950536,2.2514752e-09,0.020137586,0.0,0.10091282,0.0,0.24418306,0.0,0.12191071,7.9707725e-12,0.058627483,0.0,0.08669075,0.0,0.070327364,0.0,0.050598145,6.003872e-11,0.0150503805
8.758772e-08,8.428819e-11,0.0013378495,0.022293009,0.0,0.034540456,1.4204252e-14,0.033339776,3.6058558e-09,0.023675058,5.183664e-36,0.08411046,0.0,0.1350026,0.0,0.12195723,9.460608e-12,0.039941877,0.0,0.08703442,0.0,0.06219707,0.0,0.046388887,7.155017e-11,0.1935995
8.5297906e-08,7.756099e-11,0.0007556675,0.022267805,0.0,0.03442435,1.7656471e-14,0.031440448,3.3779846e-09,0.028873073,5.271191e-35,0.06430107,0.0,0.07401152,0.0,0.12167777,9.721689e-12,0.026165335,0.0,0.085947916,0.0,0.058963966,0.0,0.04339201,2.8588769e-11,0.12874755
7.606122e-08,7.089984e-11,0.0011946692,0.022096455,0.0,0.032655858,1.0021932e-14,0.02087786,3.3738394e-09,0.04277073,0.0,0.03594699,0.0,0.044145964,0.0,0.11962299,9.7765745e-12,0.14329194,0.0,0.08412215,0.0,0.06313829,0.0,0.045205716,2.2348737e-11,0.049608056
7.1628456e-08,6.453102e-11,0.01230693,0.02372176,0.0,0.033425223,8.319615e-15,0.11396679,3.59116e-09,0.0307597,7.092447699999999e-37,0.31573516,0.0,0.12914158,0.0,0.119564384,7.1152875e-12,0.032623228,0.0,0.088347666,0.0,0.06239091,0.0,0.047103304,3.048296e-11,0.020672401
6.346013e-08,6.8464643e-09,0.006602072,0.017552646,0.0,0.0324872,1.236124e-14,0.11372726,2.1685622e-09,0.036218945,2.4482063e-35,0.2865122,0.0,0.10771568,0.0,0.11846301,7.2645314e-12,0.18696113,0.0,0.08767379,0.0,0.06761348,0.0,0.0497221,3.9900243e-11,0.13265441
6.0322236e-08,5.3468403e-11,0.0065838946,0.044517424,0.0,0.03390597,7.688522e-15,0.12096694,1.7603045e-09,0.016956769,8.5767164e-36,0.24929193,0.0,0.30502343,0.0,0.11976136,4.363043e-12,0.18174131,0.0,0.086559385,0.0,0.060339577,0.0,0.044854783,2.5236858e-11,0.060483646
5.7380316e-08,4.3077545e-11,0.0056076003,0.014063993,0.0,0.033678237,7.079207e-15,0.15658696,2.6016473e-09,0.08134207,2.1163165e-36,0.19470042,0.0,0.23797552,0.0,0.11938664,1.1666883e-11,0.17544967,0.0,0.08665849,0.0,0.06483924,0.0,0.0474626,2.7668248e-11,0.048048865
5.4512608e-08,1.025408e-08,0.0029520742,0.030401265,0.0,0.033061974,4.3839986e-15,0.14287609,1.3820877e-09,0.033762507,0.0,0.13589722,0.0,0.18576616,0.0,0.11861501,1.3440005e-11,0.14744547,0.0,0.08516252,0.0,0.05923932,0.0,0.043922372,3.4382778e-11,0.08450803
5.2669407e-08,8.222101e-09,0.0020747466,0.015545861,0.0,0.032049783,4.731349e-15,0.11953222,1.0257117e-09,0.016196659,2.5918895e-36,0.066493906,0.0,0.1253884,0.0,0.117331624,1.3874419e-11,0.10385513,0.0,0.08259481,0.0,0.06392621,0.0,0.045985248,2.7483694e-11,0.031687666
5.0630117e-08,3.0964453e-11,0.0025446673,0.030219503,0.0,0.031404804,3.590247e-15,0.07674844,1.3934041e-09,0.043863013,0.0,0.026769618,0.0,0.061837263,0.0,0.11594144,1.4851977e-11,0.07784656,0.0,0.08178054,0.0,0.054424763,0.0,0.039698344,3.228207e-11,0.06288094
4.9383015e-08,9.026224e-09,0.0017968386,0.009392475,0.0,0.030395692,4.0647845e-15,0.054439995,8.876113e-10,0.01775501,2.0096568e-36,0.015348399,0.0,0.075921655,0.0,0.11428533,1.44515875e-11,0.04160552,0.0,0.08105527,0.0,0.05837853,0.0,0.041902125,3.7354383e-11,0.06631115
4.870613e-08,5.541249e-09,0.0017918914,0.034798857,0.0,0.029697992,3.1022063e-15,0.02368922,7.4762924e-10,0.043571506,1.4596792e-36,0.11159635,0.0,0.08660716,0.0,0.11282473,1.3362231e-11,0.028477486,0.0,0.07983774,0.0,0.053239375,0.0,0.038147304,3.5450563e-11,0.013399158
4.4547853e-08,2.1024956e-11,0.00087670126,0.0109821055,0.0,0.028986067,4.658956e-15,0.04974594,1.2647559e-09,0.009235165,2.7096402e-36,0.08928306,0.0,0.03217135,0.0,0.111243986,1.1852583e-11,0.15180932,0.0,0.07797768,0.0,0.063838474,0.0,0.04527326,4.0592307e-11,0.105086096
4.4248875e-08,2.6557878e-10,0.0008742875,0.020538673,0.0,0.028340917,3.6903756e-15,0.03688229,1.3741502e-09,0.021993803,1.7088103e-36,0.07821346,0.0,0.36177778,0.0,0.11026906,6.6508483e-12,0.077378444,0.0,0.07685811,0.0,0.051854435,0.0,0.03761727,2.8722733e-11,0.03361301
4.3205592e-08,1.5023013e-09,0.00050411146,0.017315894,0.0,0.02766253,2.181826e-15,0.04187793,1.3029029e-09,0.01600366,0.0,0.05041445,0.0,0.3138416,0.0,0.108583614,4.272355e-12,0.043146998,0.0,0.07452539,0.0,0.048471197,0.0,0.034466557,3.117074e-11,0.053704932
4.2659767e-08,1.6510628e-11,0.00039056374,0.020486755,0.0,0.026471863,2.6461451e-15,0.024985785,1.8849813e-09,0.04500794,1.0285848e-36,0.030638436,0.0,0.20853241,0.0,0.1068405,3.566366e-12,0.02339528,0.0,0.07414571,0.0,0.05653183,0.0,0.03889558,2.4598355e-11,0.03743645
4.1625334e-08,1.0869072e-09,0.0010446713,0.029333357,0.0,0.028060697,3.1011575e-15,0.05751225,1.146673e-09,0.01010785,6.708659e-37,0.07670037,0.0,0.11050506,0.0,0.10759804,3.7089424e-12,0.32076263,0.0,0.076292366,0.0,0.050141286,0.0,0.0362465,2.7614216e-11,0.100599885
4.0501117e-08,4.7032915e-09,0.0005927515,0.009941567,0.0,0.028401183,2.0238378e-15,0.035228122,8.414108e-10,0.016406234,1.7376113999999998e-37,0.06770387,0.0,0.061578646,0.0,0.10775617,1.973014e-12,0.16706221,0.0,0.07502395,0.0,0.054101933,0.0,0.038510986,1.5639158e-11,0.06311857
3.9909384e-08,5.422953e-10,0.00056064577,0.03175103,0.0,0.028692331,2.0519517e-15,0.038094293,5.9777266e-10,0.04368242,3.205364e-37,0.032957457,0.0,0.11212861,0.0,0.107817955,3.529215e-12,0.10488506,0.0,0.07380874,0.0,0.047458295,0.0,0.033844505,1.5940348e-11,0.010855306
3.846006e-08,1.086723e-11,0.0106296195,0.020111049,0.0,0.028630039,2.5539956e-15,0.011908843,7.0546724e-10,0.019919889,3.812263e-37,0.019905187,0.0,0.18423288,0.0,0.107561804,3.4441514e-12,0.060615264,0.0,0.07475798,0.0,0.058505487,0.0,0.04109525,1.9972525e-11,0.11443134
3.5240046e-08,2.1373818e-09,0.0070272507,0.01572406,0.0,0.027666425,1.6204551e-15,0.03567343,5.10155e-10,0.022462137,8.021650700000001e-38,0.23068044,0.0,0.16882972,0.0,0.106630534,4.037175e-12,0.03224521,0.0,0.07450691,0.0,0.050952174,0.0,0.037206613,1.2467219e-11,0.05337942
3.2880695e-08,4.845668e-09,0.0028068828,0.014758864,0.0,0.027108578,1.7074139e-15,0.021827813,3.0767014e-10,0.018006142,9.287424e-38,0.22250982,0.0,0.11735036,0.0,0.105160095,6.888882e-12,0.07920222,0.0,0.07252246,0.0,0.051376116,0.0,0.036607273,1.3641509e-11,0.06626043
3.1588115e-08,8.93704e-12,0.0020795204,0.020914366,0.0,0.025880776,1.4967019e-15,0.054829646,2.4468774e-10,0.02346723,7.537838e-38,0.17712747,0.0,0.0470233,0.0,0.103266105,1.0390803e-11,0.045725252,0.0,0.073511295,0.0,0.047213938,0.0,0.033774763,1.6607842e-11,0.12194738
3.1025817e-08,1.0609448e-09,0.0018204004,0.049596023,0.0,0.027962565,1.3517779e-15,0.018693306,2.5776806e-10,0.017953888,5.492609600000001e-38,0.14864527,0.0,0.06990171,0.0,0.10508768,8.81155e-12,0.09707241,0.0,0.07785004,0.0,0.06766296,0.0,0.048920825,9.991817e-12,0.05495023
2.979406e-08,6.723473e-12,0.012082225,0.016422873,0.0,0.028530128,7.217800700000002e-16,0.026133625,5.462264e-10,0.044707906,1.6631632e-38,0.11697757,0.0,0.063951686,0.0,0.10571765,6.9116653e-12,0.05684924,0.0,0.07731878,0.0,0.05765586,0.0,0.043145303,1.09148844e-11,0.076222815
2.7153463e-08,6.3111105e-12,0.01204896,0.021935355,0.0,0.027357068,1.0155514e-15,0.032755155,3.937288e-10,0.016526045,2.4674979999999996e-38,0.07784478,0.0,0.07115685,0.0,0.10424228,7.782053e-12,0.15725666,0.0,0.07372472,0.0,0.0491532,0.0,0.03600019,1.3030934e-11,0.115058176
2.4872666e-08,3.2285608e-09,0.006466178,0.010246867,0.0,0.025243845,7.764223e-16,0.07462822,3.1292227e-10,0.022791611,7.056149999999999e-39,0.0445441,0.0,0.04089474,0.0,0.1015303,4.637056e-12,0.14470513,0.0,0.07322272,0.0,0.062738135,0.0,0.044208635,8.6529265e-12,0.041662894
2.3379219e-08,1.1068795e-09,0.006851525,0.021400673,0.0,0.025977902,7.258644e-16,0.05248101,2.7295183e-10,0.012783668,9.967757e-25,0.025085011,0.0,0.088492535,0.0,0.10182183,2.8720977e-12,0.09691442,0.0,0.07057353,0.0,0.04964655,0.0,0.03573754,9.222457e-12,0.064162
2.1678165e-08,7.6804585e-10,0.0031038232,0.012424111,0.0,0.026229288,6.977031e-16,0.07257456,2.3116063e-10,0.018397659,8.392135e-25,0.20591195,0.0,0.053244818,0.0,0.10164324,1.9822553e-12,0.049758032,0.0,0.07297478,0.0,0.047563955,0.0,0.03479774,1.1695448e-11,0.12711781
2.1167454e-08,5.0197325e-12,0.0030952778,0.02769047,0.0,0.026958825,3.634056e-16,0.06089975,1.9095056e-10,0.04537055,1.8877131e-25,0.2405,0.0,0.13227855,0.0,0.10187794,1.6054187e-12,0.040282954,0.0,0.07288064,0.0,0.06306784,0.0,0.04530965,6.327135e-12,0.05927339
2.0409198e-08,4.4736914e-12,0.002609321,0.011043588,0.0,0.027024325,2.4696852e-16,0.020252429,3.0529962e-10,0.019867044,1.2290046e-25,0.19943267,0.0,0.10485118,0.0,0.10194907,1.4445817e-12,0.03537005,0.0,0.07119643,0.0,0.049608823,0.0,0.03635787,6.6214378e-12,0.077185445
1.9970512e-08,1.4660693e-09,0.0022242363,0.022289056,0.0,0.025096,2.519643e-16,0.037382398,2.2022129e-10,0.025167536,1.0783732e-25,0.13751614,0.0,0.052357238,0.0,0.09925911,1.0125034e-12,0.12914081,0.0,0.0681982,0.0,0.042933963,0.0,0.030738255,8.181193e-12,0.0900473
1.9594841e-08,2.0945117e-09,0.0018971738,0.012007754,0.0,0.024461865,2.1080637e-16,0.01873223,1.707373e-10,0.011192643,7.9495147e-26,0.11062903,0.0,0.046249807,0.0,0.097716264,7.0328503e-13,0.10056398,0.0,0.06906039,0.0,0.055036668,0.0,0.038584206,7.283386e-12,0.022683298
1.931137e-08,3.672342e-12,0.0018919505,0.018674495,0.0,0.024783041,2.013758e-16,0.04619124,1.9458618e-10,0.019369584,6.251069e-26,0.07428281,0.0,0.13515054,0.0,0.09782922,7.365496e-13,0.058814783,0.0,0.06724967,0.0,0.044292763,0.0,0.031960767,8.596469e-12,0.10093098
1.9032763e-08,9.2022917e-10,0.0018867417,0.017988436,0.0,0.024726484,1.3207975e-16,0.026993325,1.4867935e-10,0.020431947,3.5937415000000004e-26,0.03520086,0.0,0.2486362,0.0,0.09699145,7.5122927e-13,0.034992885,0.0,0.06696503,0.0,0.043764465,0.0,0.0307977,7.2468273e-12,0.034276564
1.8758925e-08,5.559338e-10,0.0018815473,0.024406541,0.0,0.021708783,1.5326738e-16,0.042971913,1.459244e-10,0.016438235,3.5856273e-26,0.04575126,0.0,0.27112284,0.0,0.09235583,7.060317e-13,0.026055787,0.0,0.06322028,0.0,0.04135367,0.0,0.028506221,8.48144e-12,0.063064665
1.7398323e-08,2.9628596e-12,0.004564157,0.014681136,0.0,0.02195363,1.2083129000000002e-16,0.028101368,1.7951875e-10,0.033237465,2.6175465000000003e-26,0.027206551,0.0,0.18070573,0.0,0.091670685,7.175798e-13,0.25516135,0.0,0.06510348,0.0,0.040238123,0.0,0.028056674,6.124229e-12,0.05582164
1.6798946e-08,2.812712e-12,0.0045515914,0.0098358095,0.0,0.021736095,7.371312000000001e-17,0.042467616,3.2390757e-10,0.009025355,0.0,0.03520048,0.0,0.115359455,0.0,0.090532556,5.5970495e-13,0.14219588,0.0,0.059629835,0.0,0.04255592,0.0,0.028568337,6.4994472e-12,0.027693054
1.613229e-08,2.6814577e-12,0.0028389439,0.004546138,0.0,0.024209347,6.639333000000001e-17,0.040307567,4.619165e-10,0.013437759,5.7401787000000006e-27,0.06657763,0.0,0.15910995,0.0,0.09286253,6.6794855e-13,0.08388263,0.0,0.06635062,0.0,0.038907014,0.0,0.027466698,7.2469656e-12,0.055614818
1.5616827e-08,1.5982823e-09,0.0017726343,0.00877241,0.0,0.021020794,8.614881000000001e-17,0.02039715,2.9905853e-10,0.025484622,1.1416692e-26,0.04170667,0.0,0.13148068,0.0,0.08869504,4.9106617e-13,0.14446566,0.0,0.059920613,0.0,0.046087258,0.0,0.03126489,6.204572e-12,0.01224339
1.5405634e-08,7.736516e-10,0.001767754,0.016783878,0.0,0.022571256,6.3098317e-17,0.035537273,2.4069402e-10,0.016893404,4.4321356e-27,0.014852907,0.0,0.09664867,0.0,0.08970784,1.2862908e-12,0.13669866,0.0,0.064062834,0.0,0.038168594,0.0,0.027153945,6.8936076e-12,0.11879024
1.4840237e-08,7.598165e-10,0.0023917975,0.019685898,0.0,0.022753658,5.672533e-17,0.051136617,1.8114032e-10,0.0377425,5.9829387e-27,0.2349732,0.0,0.06204778,0.0,0.08980233,3.0886526e-12,0.10591886,0.0,0.060048256,0.0,0.04531802,0.0,0.031542588,4.3333024e-12,0.03802388
1.4534548e-08,2.101587e-12,0.0019645311,0.026194189,0.0,0.024387121,5.895832000000001e-17,0.075608134,1.9534903e-10,0.015628116,3.851847e-27,0.2517846,0.0,0.37972075,0.0,0.09143705,6.0113407e-12,0.28249282,0.0,0.063446164,0.0,0.038713768,0.0,0.027907014,4.8777735e-12,0.019613156
1.3639428e-08,1.9127057e-12,0.0006610398,0.015494601,0.0,0.023571853,3.263369e-17,0.017301753,2.632325e-10,0.021335801,1.6049098e-27,0.21374634,0.0,0.21964814,0.0,0.090456456,1.294071e-11,0.24403392,0.0,0.060220554,0.0,0.04787122,0.0,0.0335398,5.5083525e-12,0.06314278
1.32181786e-08,8.8550733e-10,0.0003892976,0.018938804,0.0,0.022842402,3.8802285e-17,0.08189029,1.8431483e-10,0.028585907,1.9618187e-27,0.19243677,0.0,0.21238159,0.0,0.08919319,3.8455493e-12,0.14621869,0.0,0.06299638,0.0,0.03960379,0.0,0.028423848,4.576725e-12,0.01934225
1.3178712e-08,1.0895149e-09,0.00038822577,0.040556464,0.0,0.024224492,2.3107855e-17,0.07574623,1.2907343e-10,0.034274545,4.9713067e-28,0.1529622,0.0,0.128146,0.0,0.09024435,1.9074555e-12,0.24223289,0.0,0.06357016,0.0,0.049014688,0.0,0.035406258,5.452187e-12,0.22362453
1.2605502e-08,8.58744e-11,0.014471065,0.010665103,0.0,0.024228413,2.1830010000000006e-17,0.049982134,9.201275e-11,0.018430734,5.361069e-29,0.094211146,0.0,0.051704414,0.0,0.090154074,1.6095771e-12,0.27163893,0.0,0.061803807,0.0,0.0393409,0.0,0.028548561,2.2553803e-12,0.15325437
1.1389681e-08,1.3386047e-12,0.009774736,0.02076461,0.0,0.023001192,1.6139619e-17,0.03156996,7.821842e-11,0.044949897,1.802819e-28,0.059762143,0.0,0.065992385,0.0,0.08887805,1.469876e-12,0.25105518,0.0,0.0612178,0.0,0.049061667,0.0,0.034449887,1.9380964e-12,0.08506198
1.0529626e-08,1.2470148e-12,0.0044544446,0.02802291,0.0,0.02332513,1.3707290000000001e-17,0.03921765,8.257493e-11,0.015473755,2.0317324e-28,0.023853227,0.0,0.046234053,0.0,0.08922917,1.2238897e-12,0.21800813,0.0,0.06331908,0.0,0.042138755,0.0,0.030971214,2.4631408e-12,0.029762423
1.017545e-08,8.173864e-11,0.0044421805,0.016665354,0.0,0.023014242,1.1914849e-17,0.035630792,7.0623306e-11,0.03595013,3.224133e-29,0.012040383,0.0,0.13024859,0.0,0.08887732,9.148274e-13,0.17398134,0.0,0.06393451,0.0,0.045420874,0.0,0.0329004,3.2814673e-12,0.07109329
9.797212e-09,1.0101733e-12,0.003038299,0.03458362,0.0,0.02356298,1.6671436e-17,0.04887968,1.6588537e-10,0.036352422,1.4590253e-28,0.2965077,0.0,0.14128007,0.0,0.08923861,7.7989644e-13,0.14361307,0.0,0.063356414,0.0,0.040369235,0.0,0.02943722,3.962785e-12,0.07802195
9.571218e-09,8.7151494e-13,0.0030299337,0.015148158,0.0,0.024100285,1.05962134e-17,0.020446654,1.2269277e-10,0.02314921,0.0,0.30498815,0.0,0.114023104,0.0,0.089644216,6.968957e-13,0.123664126,0.0,0.063332245,0.0,0.055746026,0.0,0.03931437,3.90101e-12,0.017884666
9.288804e-09,3.0348153e-09,0.0058544823,0.017571589,0.0,0.024483945,3.495730000000001e-18,0.08210643,1.4503891e-10,0.019409021,0.0,0.22952262,0.0,0.06626692,0.0,0.09025841,6.4170186e-13,0.10560055,0.0,0.064713545,0.0,0.04556053,0.0,0.03370899,4.6765335e-12,0.12509744
8.520815e-09,7.8920775e-10,0.0077308435,0.01917998,0.0,0.022438869,9.551937e-18,0.049926877,9.598117e-11,0.054724935,6.297733e-29,0.17717472,0.0,0.08734309,0.0,0.08782824,5.2184743e-13,0.08419259,0.0,0.064405814,0.0,0.041332386,0.0,0.030356012,2.5278588e-12,0.06881316
8.036087e-09,6.3779276e-10,0.005546828,0.024536356,0.0,0.021826675,8.211017e-18,0.053697556,8.0742336e-11,0.020044098,2.1538207e-29,0.12819342,0.0,0.046942957,0.0,0.08669237,4.19711e-13,0.05153251,0.0,0.063793324,0.0,0.058660902,0.0,0.041146163,2.4129774e-12,0.018095208
7.5900575e-09,6.2451265e-13,0.006031781,0.008443314,0.0,0.021940859,6.280629399999999e-18,0.023375748,1.0805558e-10,0.029562049,0.0,0.07250199,0.0,0.09813886,0.0,0.0865425,4.1584084e-13,0.033149615,0.0,0.061414856,0.0,0.044600524,0.0,0.032320347,3.0538994e-12,0.14670691
7.2464275e-09,9.140975e-11,0.006015173,0.008462671,0.0,0.020812007,7.490921e-18,0.021382717,8.292636e-11,0.014533934,0.0,0.06678936,0.0,0.080454506,0.0,0.084852986,3.7626515e-13,0.038553935,0.0,0.060503367,0.0,0.03744725,0.0,0.02679364,1.7863392e-12,0.071458034
6.7457027e-09,1.4421253e-10,0.016972285,0.031560354,0.0,0.022887059,7.97282e-18,0.05592611,5.690426e-11,0.059226725,2.611691e-29,0.043295685,0.0,0.07517785,0.0,0.08727958,3.599483e-13,0.1568857,0.0,0.06286277,0.0,0.060743134,0.0,0.04339796,1.9513627e-12,0.016387569
5.996769e-09,5.1804714e-13,0.009885748,0.01104714,0.0,0.02411805,4.762070499999999e-18,0.022697758,6.093678e-11,0.016851543,5.923024e-32,0.0206825,0.0,0.2092904,0.0,0.08912582,1.8183656e-13,0.15022877,0.0,0.06238421,0.0,0.04854776,0.0,0.035983477,2.525894e-12,0.12511164
5.5759943e-09,4.9766164e-13,0.0074784146,0.021119108,0.0,0.023569878,8.79153e-18,0.04228711,4.7588877e-11,0.027403677,1.4314744e-29,0.3149572,0.0,0.1922866,0.0,0.088724375,1.2636925e-13,0.093644224,0.0,0.06430096,0.0,0.04263266,0.0,0.031454872,1.7490806e-12,0.055181917
4.4336232e-09,4.482935e-10,0.0094484985,0.027949732,0.0,0.023365684,5.043397499999999e-18,0.05330324,3.289335e-11,0.02138535,0.0,0.32742003,0.0,0.1358362,0.0,0.088626355,1.5011408e-13,0.046997808,0.0,0.062888004,0.0,0.053752907,0.0,0.038599897,1.6055471e-12,0.011961661
4.1290926e-09,5.2290827e-10,0.008665153,0.00678935,0.0,0.024095997,5.251244e-18,0.038157683,2.4118573e-11,0.033170044,3.1186759e-30,0.25902513,0.0,0.1535173,0.0,0.08963783,1.2719147e-13,0.029065646,0.0,0.06452046,0.0,0.044418205,0.0,0.032903485,2.0163261e-12,0.1471194
3.8210834e-09,7.728184e-11,0.0033557266,0.024837751,0.0,0.02388179,7.169418e-18,0.045766484,2.1232101e-11,0.027071983,8.520618999999999e-30,0.2094383,0.0,0.12799978,0.0,0.08980543,1.08885706e-13,0.09648704,0.0,0.06343609,0.0,0.043665938,0.0,0.03145494,1.2308069e-12,0.061479762
3.6311623e-09,4.075899e-13,0.0014572596,0.02183849,0.0,0.02549199,4.447585e-18,0.016530652,6.7450476e-11,0.03238424,5.4590037e-30,0.15735212,0.0,0.12309308,0.0,0.09172546,8.547366e-14,0.037184425,0.0,0.06470967,0.0,0.048042025,0.0,0.034647536,1.3311871e-12,0.024103576
3.0534266e-09,1.9787356e-10,0.01069977,0.028560944,0.0,0.024593504,4.8163997e-18,0.03409253,4.5000635e-11,0.022681134,4.701647e-30,0.09779579,0.0,0.09202977,0.0,0.091462664,8.09182e-14,0.01682866,0.0,0.06359574,0.0,0.04102283,0.0,0.029791757,1.6106134e-12,0.12924908
2.7642744e-09,6.5903574e-11,0.0032149313,0.012754943,0.0,0.02484197,2.301839e-18,0.081347965,3.3673116e-11,0.034379978,8.797916e-31,0.074322,0.0,0.0567691,0.0,0.092036836,7.9830456e-14,0.6779449,0.0,0.06693205,0.0,0.06366443,0.0,0.04569676,8.9115043e-13,0.104453065
2.696849e-09,4.3584378e-10,0.0032060777,0.01672556,0.0,0.023721283,3.0377033e-18,0.071934685,2.2949474e-11,0.009651067,2.1345157e-30,0.04588323,0.0,0.30043596,0.0,0.09101971,2.740081e-13,0.38368693,0.0,0.06325036,0.0,0.04838941,0.0,0.035501752,7.4558583e-13,0.042079505
2.275079e-09,4.7109755e-10,0.0035658893,0.030464333,0.0,0.026785979,1.5428456e-18,0.053036924,1.5156564e-11,0.027321987,4.4555543e-31,0.024522929,0.0,0.20556656,0.0,0.09435279,1.00909224e-13,0.26495144,0.0,0.066759765,0.0,0.043523867,0.0,0.03207598,9.931019e-13,0.043294065
2.1713207e-09,1.9327419e-10,0.008367645,0.009984215,0.0,0.026376924,2.204532e-18,0.03827181,1.4643554e-11,0.015256586,8.951993e-31,0.29939625,0.0,0.18935615,0.0,0.09486817,2.4747923e-14,0.17377311,0.0,0.067465775,0.0,0.05590774,0.0,0.040240776,1.2992123e-12,0.066065155
1.9605495e-09,2.6131003e-10,0.006195008,0.028368726,0.0,0.024567446,8.284950499999999e-19,0.041943833,1.0482576e-11,0.05490203,0.0,0.31830102,0.0,0.11597321,0.0,0.09281481,1.5039893e-14,0.079544,0.0,0.066192225,0.0,0.04496366,0.0,0.03320686,1.033131e-12,0.07206379
1.840107e-09,6.25186e-11,0.0024929151,0.010674117,0.0,0.025988102,2.0702618e-18,0.052884717,7.646838e-12,0.013824112,4.778817e-31,0.22348365,0.0,0.038108643,0.0,0.094662495,1.2489658e-13,0.05405289,0.0,0.06690535,0.0,0.045886304,0.0,0.033106513,1.1611033e-12,0.051854253
1.6609728e-09,3.4089276e-10,0.0008258441,0.01541362,0.0,0.026754878,1.4982872999999998e-18,0.033936266,6.2763492e-12,0.036421537,2.0770607e-31,0.21055213,0.0,0.42303035,0.0,0.09587405,1.8175327e-13,0.045561515,0.0,0.0665934,0.0,0.046148833,0.0,0.033121414,1.0981316e-12,0.009339741
1.65047e-09,2.5242137e-13,0.00082356954,0.03564589,0.0,0.025423352,5.051251e-19,0.04440678,1.3458796e-11,0.0125535065,0.0,0.18253312,0.0,0.2942383,0.0,0.09499676,1.7216453e-13,0.041164715,0.0,0.06762429,0.0,0.04601365,0.0,0.033000935,1.2215867e-12,0.10771906
1.5316316e-09,3.0407465e-10,0.022690488,0.012383985,0.0,0.027127061,1.5185111e-18,0.047565002,1.0057946e-11,0.055467762,1.4804903e-31,0.11357824,0.0,0.24395257,0.0,0.09720701,1.5170019e-13,0.043586623,0.0,0.069623016,0.0,0.052073926,0.0,0.03797707,6.988308e-13,0.04547058
1.2841729e-09,2.0556935e-13,0.011501188,0.029762655,0.0,0.028384909,1.2709914e-18,0.02686981,9.425818e-12,0.028318448,7.562385e-32,0.080762036,0.0,0.15928866,0.0,0.099120766,2.0812022e-13,0.026165422,0.0,0.071425095,0.0,0.04789074,0.0,0.035725277,6.205323e-13,0.08130083
1.1812623e-09,4.8092582e-11,0.008585649,0.04984969,0.0,0.03053848,7.594480699999999e-19,0.11111059,5.8545664e-12,0.06176678,2.9995342e-32,0.037954558,0.0,0.06815107,0.0,0.10205141,3.668606e-13,0.32050884,0.0,0.072777145,0.0,0.06355553,0.0,0.046650164,7.17168e-13,0.15517002
1.1075676e-09,3.6299858e-10,0.005961302,0.018878123,0.0,0.026763165,4.0377224e-19,0.14576362,1.729774e-11,0.029639333,0.0,0.018206347,0.0,0.15365928,0.0,0.09899069,5.6735346e-13,0.24878252,0.0,0.07040284,0.0,0.05099082,0.0,0.037806563,3.880679e-13,0.08019527
1.0564383e-09,1.2946496e-13,0.0071316753,0.043606106,0.0,0.02818549,8.453985999999999e-19,0.09915444,2.8099162e-11,0.030647887,2.2729603e-32,0.31856063,0.0,0.14640754,0.0,0.10077308,1.5618404e-13,0.2718366,0.0,0.07244102,0.0,0.048464846,0.0,0.035843525,3.9263376e-13,0.020774167
9.995293e-10,2.5631889e-11,0.0056375153,0.009298475,0.0,0.029102048,5.737130999999999e-19,0.088712156,1.9369954e-11,0.043461844,6.463244e-33,0.32815188,0.0,0.11482873,0.0,0.10226594,7.686774e-14,0.29216406,0.0,0.07273303,0.0,0.067299515,0.0,0.04851684,4.4332216e-13,0.051622022
9.571713e-10,1.0030355e-13,0.0056219874,0.0206125,0.0,0.029677862,4.1781735e-19,0.08251994,2.7774607e-11,0.020002536,9.178183e-34,0.26425046,0.0,0.13663377,0.0,0.103778884,4.7969356e-14,0.2806635,0.0,0.074450195,0.0,0.057218228,0.0,0.042920742,5.32229e-13,0.04556306
9.1589303e-10,9.1942526e-14,0.0044647004,0.06837968,0.0,0.028435571,5.7813845e-19,0.0199618,2.6587187e-11,0.07272367,8.66124e-33,0.1867733,0.0,0.105142154,0.0,0.103243865,3.6457606e-14,0.2467688,0.0,0.07422955,0.0,0.051114008,0.0,0.03783443,5.0744933e-13,0.044124153
8.7868934e-10,6.5609824e-14,0.0026502116,0.026173376,0.0,0.027574236,3.8339953e-19,0.0548319,4.2503567e-11,0.04652767,2.5279430000000002e-33,0.13250643,0.0,0.05745419,0.0,0.102163665,3.1824078e-14,0.19398175,0.0,0.07256355,0.0,0.06127543,0.0,0.04373579,5.435512e-13,0.067635454
8.525194e-10,9.002547e-11,0.002214714,0.03163486,0.0,0.028001785,3.2159854e-19,0.03167097,2.4939144e-11,0.014078068,2.1797357e-33,0.06907717,0.0,0.12494059,0.0,0.102747954,3.1919867e-14,0.14029264,0.0,0.075047575,0.0,0.052768026,0.0,0.039034765,3.9800148e-13,0.019096551
8.3328106e-10,1.2340413e-10,0.0015596634,0.0069018025,0.0,0.027243923,1.8551279e-19,0.019053264,1.7589041e-11,0.028327625,0.0,0.027592698,0.0,0.21482018,0.0,0.102189,2.8350474e-14,0.09437323,0.0,0.07343497,0.0,0.049534578,0.0,0.036097914,4.4885143e-13,0.1770839
8.165048e-10,4.9584472e-14,0.0010358505,0.018650321,0.0,0.028235797,1.5319406e-19,0.07140258,2.5845248e-11,0.017120413,0.0,0.2648292,0.0,0.23731963,0.0,0.10319521,2.3922565e-14,0.050793055,0.0,0.073302284,0.0,0.059329078,0.0,0.042414807,2.0278518e-13,0.10978087
8.100341e-10,3.148844e-11,0.0010329974,0.027989583,0.0,0.027464826,2.0792542e-19,0.06499299,2.0452985e-11,0.05227835,2.1659556e-34,0.25364178,0.0,0.1716736,0.0,0.10236804,2.0050246e-14,0.019524375,0.0,0.07118862,0.0,0.04701991,0.0,0.034014963,1.9900188e-13,0.035002086
7.993553e-10,4.3477913e-14,0.0007885591,0.012759121,0.0,0.026836732,2.568808e-19,0.044708345,2.5578319e-11,0.022046464,1.3260527e-33,0.1833168,0.0,0.082608216,0.0,0.101823516,1.8553566e-14,0.48868832,0.0,0.071704395,0.0,0.049422305,0.0,0.03510429,2.6364905e-13,0.021414261
7.9236623e-10,4.1854676e-14,0.00067752606,0.03396874,0.0,0.025852427,1.3791481999999998e-19,0.067553654,3.1865954e-11,0.04425714,2.43109e-35,0.15517914,0.0,0.048134226,0.0,0.10059817,1.8090931e-14,0.21752815,0.0,0.06976224,0.0,0.04466322,0.0,0.031732615,3.2827799e-13,0.053969856
7.7223333e-10,3.6303053e-14,0.0003920615,0.011718792,0.0,0.025350548,1.5242303e-19,0.044504613,2.794346e-11,0.01444057,3.1153663e-34,0.1025755,0.0,0.05356032,0.0,0.099782616,1.4197383e-14,0.26668024,0.0,0.07177936,0.0,0.058604915,0.0,0.04155355,2.9644096e-13,0.03206893
7.0192446e-10,3.425055e-14,0.0007625132,0.026016235,0.0,0.027806118,1.4420218e-19,0.04887498,2.5273448e-11,0.046398688,1.7749683e-34,0.05339318,0.0,0.14139226,0.0,0.10293781,8.536872e-15,0.2102527,0.0,0.073929794,0.0,0.051920254,0.0,0.03880767,3.6180496e-13,0.09935841
6.959161e-10,6.594295e-11,0.0010069751,0.015397789,0.0,0.027604362,1.7086669999999998e-19,0.019419895,1.8874183e-11,0.018702753,4.8782175e-34,0.041218337,0.0,0.12036664,0.0,0.10351297,3.7719584e-15,0.11602598,0.0,0.07560915,0.0,0.050399613,0.0,0.037130985,2.1139819e-13,0.08777644
6.829588e-10,3.137257e-14,0.0007445974,0.020409647,0.0,0.02668949,1.4460685e-19,0.042498343,1.667273e-11,0.024469769,2.1811984e-34,0.023683948,0.0,0.34187415,0.0,0.10289983,3.8951e-15,0.083499454,0.0,0.076077096,0.0,0.059172504,0.0,0.043102447,2.1262992e-13,0.021653587
6.7906386e-10,4.9709157e-11,0.00074254634,0.01512391,0.0,0.027320333,6.305077999999999e-20,0.027079927,1.2920515e-11,0.011747461,0.0,0.16411348,0.0,0.37019005,0.0,0.10353788,6.0263506e-15,0.09985083,0.0,0.07471556,0.0,0.050467573,0.0,0.03726917,2.692491e-13,0.109155454
6.733468e-10,2.712889e-14,0.00078673125,0.020142373,0.0,0.027511984,4.6388328e-20,0.02602213,1.4996837e-11,0.035624206,0.0,0.18581462,0.0,0.30304527,0.0,0.10397336,4.6520566e-15,0.087541446,0.0,0.073556155,0.0,0.054511916,0.0,0.038669437,2.3780996e-13,0.038372606
6.6929007e-10,7.9456e-11,0.0007845641,0.04100057,0.0,0.028770287,7.4232506e-20,0.06989396,9.737799e-12,0.013470438,9.042367e-35,0.14420716,0.0,0.21025494,0.0,0.10589059,3.5347127e-15,0.056002274,0.0,0.075791225,0.0,0.050450586,0.0,0.037166525,2.9718445e-13,0.040079445
6.652689e-10,7.844091e-11,0.00078240293,0.01579659,0.0,0.029445456,3.9172346e-20,0.11031329,7.21517e-12,0.032880045,0.0,0.09613552,0.0,0.12690093,0.0,0.10683739,3.6648325e-15,0.023215491,0.0,0.07627076,0.0,0.062387906,0.0,0.045496367,3.051801e-13,0.09018625
6.291643e-10,2.2582544e-14,0.00030840648,0.020960214,0.0,0.028343879,5.9743714e-20,0.0748841,7.703972e-12,0.015748484,3.913511e-35,0.056131113,0.0,0.13502656,0.0,0.105957635,1.14660716e-14,0.23202063,0.0,0.074859105,0.0,0.051861048,0.0,0.038548328,3.3805445e-13,0.1611844
6.1546435e-10,2.300999e-14,0.00019287491,0.011693103,0.0,0.028242847,5.3667816999999997e-20,0.091837205,1.0157377e-11,0.021423113,1.9670654e-35,0.030816805,0.0,0.18730177,0.0,0.106028706,1.4879065e-14,0.076239794,0.0,0.0764483,0.0,0.05300445,0.0,0.038715508,1.5644608e-13,0.08491208
6.107836e-10,8.779325e-12,0.00015930444,0.032281592,0.0,0.02748011,4.2876526e-20,0.06613354,7.772528e-12,0.027982773,7.848533999999999e-36,0.22264357,0.0,0.14855824,0.0,0.105231635,1.9300972e-14,0.17494312,0.0,0.077225044,0.0,0.052608468,0.0,0.038431067,1.5064486e-13,0.019685403
5.8305993e-10,2.4307123e-14,0.00019341514,0.017937968,0.0,0.028379573,3.2896007e-20,0.06407209,5.9582122e-12,0.021967782,3.577784e-36,0.23970534,0.0,0.07346414,0.0,0.10603657,1.22352935e-14,0.15553214,0.0,0.07741375,0.0,0.057682835,0.0,0.041841593,1.8675666e-13,0.06271793
5.5891347e-10,2.4264077e-14,0.00038718912,0.036327407,0.0,0.027962811,3.5284589999999996e-20,0.02156349,1.009868e-11,0.025306573,2.8012542e-36,0.17921665,0.0,0.01399653,0.0,0.10585185,6.6336177e-15,0.21854526,0.0,0.0783813,0.0,0.051824633,0.0,0.038303673,1.9727041e-13,0.0140902735
5.5560995e-10,8.142763e-11,0.00072838145,0.013174603,0.0,0.028299645,4.1727682e-20,0.08115771,7.4401344e-12,0.023326516,2.5090686e-36,0.16817668,0.0,0.68338645,0.0,0.10664089,4.959171e-15,0.17019592,0.0,0.07920821,0.0,0.06633943,0.0,0.048435133,2.3586395e-13,0.0712252
5.461943e-10,9.1817554e-11,0.00061135384,0.019491069,0.0,0.027636869,1.9919019999999998e-20,0.030530265,5.749404e-12,0.014886553,6.034942e-37,0.1637258,0.0,0.45212027,0.0,0.10607508,4.90952e-15,0.08365474,0.0,0.0773443,0.0,0.055194933,0.0,0.041019663,2.0275726e-13,0.022374293
5.2688126e-10,7.4502716e-11,0.010755754,0.012800656,0.0,0.028012365,1.2510816e-20,0.04602781,4.4055658e-12,0.027789155,3.1318317e-37,0.13405296,0.0,0.2686937,0.0,0.10630401,7.502619e-15,0.088023804,0.0,0.07561048,0.0,0.050153077,0.0,0.03638079,2.261417e-13,0.06485295
4.829381e-10,4.6985665e-11,0.0070644845,0.030326705,0.0,0.027763832,1.5552231e-20,0.05385419,4.2624697e-12,0.023830768,4.8021247e-37,0.13107459,0.0,0.17500155,0.0,0.10607166,1.01175265e-14,0.18148024,0.0,0.07333209,0.0,0.060206227,0.0,0.042019464,1.5156064e-13,0.07141839
4.5007525e-10,3.272047e-11,0.002759238,0.015997104,0.0,0.028527046,1.7870866e-20,0.039633468,2.9922137e-12,0.032207154,3.9654733e-37,0.09392194,0.0,0.08453506,0.0,0.106887326,4.2914446e-15,0.18548916,0.0,0.07428572,0.0,0.05037311,0.0,0.036610838,1.6244748e-13,0.08721247
3.980866e-10,5.1034826e-11,0.003913374,0.040042613,0.0,0.028427063,1.5172694e-20,0.07014112,1.9398246e-12,0.01663697,1.7995070999999998e-37,0.101009555,0.0,0.08037238,0.0,0.10689632,2.7600007e-15,0.1420468,0.0,0.07406121,0.0,0.049527407,0.0,0.035698336,1.1737107e-13,0.02182871
3.6154965e-10,4.9040133e-11,0.0023855155,0.009360278,0.0,0.026815021,1.14413934e-20,0.030188195,1.1754861e-12,0.061586734,9.90296e-38,0.07286249,0.0,0.12823948,0.0,0.10547344,2.520448e-15,0.06946158,0.0,0.07264648,0.0,0.05240732,0.0,0.036435112,1.2886445e-13,0.087351315
3.3534364e-10,1.8550692e-14,0.01539664,0.01946139,0.0,0.026671423,1.0594962e-20,0.048361804,2.2522056e-12,0.01560642,5.114405e-38,0.030390628,0.0,0.06862744,0.0,0.105029725,3.3306333e-15,0.01707143,0.0,0.07171547,0.0,0.044973545,0.0,0.031947386,1.1521559e-13,0.030129427
2.9959402e-10,1.789982e-14,0.013284156,0.037927873,0.0,0.027039561,6.476214700000001e-21,0.011028324,4.402289e-12,0.05167284,1.5814428000000002e-38,0.21202998,0.0,0.2142691,0.0,0.1050836,4.1074216e-15,0.57433087,0.0,0.07443023,0.0,0.061019223,0.0,0.04344094,1.2446995e-13,0.10850787
2.7227165e-10,2.9598185e-11,0.010027004,0.008601008,0.0,0.026711356,6.477653e-21,0.06608324,3.8390966e-12,0.012833889,1.9468084e-38,0.21402515,0.0,0.12693305,0.0,0.10449266,6.9772027e-15,0.32079783,0.0,0.07177849,0.0,0.049558073,0.0,0.035836622,5.707567e-14,0.10518805
2.527247e-10,3.963032e-11,0.008537365,0.010427852,0.0,0.0248588,6.6104716e-21,0.030700592,3.1713252e-12,0.034424864,2.198195e-38,0.1620713,0.0,0.12664163,0.0,0.10226677,1.7210814e-15,0.22426535,0.0,0.07055461,0.0,0.04523035,0.0,0.031719737,6.194448e-14,0.03431216
2.340232e-10,2.7081051e-11,0.0033016247,0.014806353,0.0,0.02417728,5.5798567e-21,0.046033278,2.9419496e-12,0.0063251937,1.1300207999999999e-38,0.13713768,0.0,0.08521372,0.0,0.100926034,1.3413261e-15,0.13428262,0.0,0.067915,0.0,0.049170602,0.0,0.03337253,8.344875e-14,0.01747074
2.2744816e-10,2.0878499e-11,0.0025119688,0.016508482,0.0,0.023712728,4.8972558e-21,0.019958979,2.4132927e-12,0.020533035,2.8645756e-33,0.09934358,0.0,0.039685357,0.0,0.100238875,1.7140266e-15,0.048799023,0.0,0.06903074,0.0,0.042967893,0.0,0.030273743,1.0838124e-13,0.09069531
2.227134e-10,2.3917507e-11,0.002203847,0.0071289334,0.0,0.021985674,4.2642627e-21,0.026848383,1.9661798e-12,0.009277327,2.5944255e-33,0.055839065,0.0,0.11140639,0.0,0.09742018,2.4311044e-15,0.116725184,0.0,0.06457966,0.0,0.047979895,0.0,0.03227209,9.4130426e-14,0.024034142
2.097155e-10,1.4482527e-14,0.009403529,0.007372792,0.0,0.022419795,3.3397486000000002e-21,0.014031631,1.8519654e-12,0.01121274,2.4909989e-33,0.054920405,0.0,0.26066402,0.0,0.09666795,1.6203391e-15,0.10885604,0.0,0.065200254,0.0,0.03872167,0.0,0.026640955,1.156412e-13,0.07805819
1.9562751e-10,1.0399326e-11,0.0069492776,0.004692503,0.0,0.021788822,3.2275453e-21,0.029672628,1.5233827e-12,0.01574157,1.9602298e-33,0.034802362,0.0,0.22404788,0.0,0.0954501,2.332604e-15,0.0744263,0.0,0.061486907,0.0,0.042865507,0.0,0.028029662,9.434933e-14,0.0147593655
1.84068e-10,7.661536e-12,0.0033500637,0.0027832002,0.0,0.020484626,2.3819556e-21,0.018966947,1.2202045e-12,0.013147218,1.20998115e-33,0.016457252,0.0,0.15640621,0.0,0.09296292,2.394214e-15,0.026003862,0.0,0.06550363,0.0,0.037346706,0.0,0.025409432,1.1636295e-13,0.08663916
1.7916524e-10,1.3805522e-14,0.0028647666,0.002595898,0.0,0.01925709,2.5737781e-21,0.014235526,3.627261e-12,0.009941134,3.4489456e-33,0.14843528,0.0,0.14929026,0.0,0.09065392,3.3174202e-15,0.09637682,0.0,0.06278471,0.0,0.043973114,0.0,0.029004384,8.901873e-14,0.020662699
1.7499598e-10,2.9945265e-11,0.002537186,0.0016847915,0.0,0.020419983,2.6519182000000002e-21,0.024257272,2.2620094e-12,0.026319662,4.5287066e-33,0.15631822,0.0,0.074628934,0.0,0.09152204,3.8432976e-15,0.023791695,0.0,0.069327086,0.0,0.04011998,0.0,0.027856264,1.0487926e-13,0.06973348
1.7161862e-10,6.343638e-12,0.0025301946,0.0051141414,0.0,0.019144967,2.4088669e-21,0.016126068,2.3499937e-12,0.0062343087,4.594915e-33,0.12460673,0.0,0.015160001,0.0,0.08931672,4.9058594e-15,0.22891784,0.0,0.058757182,0.0,0.03971541,0.0,0.02606497,9.931968e-14,0.017364135
1.6831549e-10,1.3092966e-14,0.0025232222,0.0024773031,0.0,0.01692118,1.6333614000000003e-21,0.017983261,2.5858916e-12,0.0054177246,2.2899866e-33,0.12625255,0.0,0.3210999,0.0,0.08481542,2.4083449e-15,0.09216812,0.0,0.061433766,0.0,0.030825008,0.0,0.02019553,1.0984778e-13,0.017066035
1.6508477e-10,1.2799435e-14,0.0025162692,0.0066397567,0.0,0.018259095,1.5036597000000001e-21,0.016677799,3.3707028e-12,0.014675606,1.7921216e-33,0.10431867,0.0,0.22627038,0.0,0.08570514,3.133044e-15,0.023634318,0.0,0.053488437,0.0,0.035302997,0.0,0.022306591,1.1533427e-13,0.075370446
1.4952553e-10,1.239141e-14,0.0015985554,0.005256195,0.0,0.016276086,1.377457e-21,0.017077338,2.688326e-12,0.018284773,1.9835479e-33,0.05704073,0.0,0.13712305,0.0,0.08180872,3.8625062e-15,0.20915754,0.0,0.06149094,0.0,0.02734293,0.0,0.0177415,9.44271e-14,0.012489374
1.4394959e-10,2.028178e-11,0.0073985877,0.0041562896,0.0,0.01624232,1.235405e-21,0.025227599,2.029247e-12,0.020342564,1.0605637e-33,0.05402702,0.0,0.1122947,0.0,0.08013477,2.5017794e-15,0.11011406,0.0,0.05130914,0.0,0.03502562,0.0,0.022777783,1.0713658e-13,0.07416515
1.3599719e-10,1.1849424e-10,0.0073781987,0.0017182957,0.0,0.014939206,3.1799549000000004e-22,0.011589122,2.104587e-12,0.007430589,0.0,0.02985041,0.0,0.0423409,0.0,0.07638642,1.652021e-15,0.04483484,0.0,0.05466019,0.0,0.02608284,0.0,0.016666198,8.64019e-14,0.014379274
1.2852734e-10,1.156844e-14,0.005120372,0.002575563,0.0,0.013981862,1.2633275000000001e-21,0.009163301,1.7313678e-12,0.0072024986,9.484599e-34,0.006969015,0.0,0.011270595,0.0,0.07342613,1.6258962e-15,0.04876503,0.0,0.04716764,0.0,0.028945526,0.0,0.01790953,9.317184e-14,0.05933056
1.2320357e-10,9.776212e-12,0.0035133003,0.0013108884,0.0,0.012186346,1.3773974000000001e-21,0.0097222505,1.7155865e-12,0.008904147,1.0857039e-33,0.08407818,0.0,0.21731712,0.0,0.068944275,1.9833859e-15,0.0576458,0.0,0.062390693,0.0,0.02220742,0.0,0.013835493,7.6371885e-14,0.009456465
1.14138136e-10,1.6562663e-11,0.004331088,0.0020553092,0.0,0.011830794,1.1535786e-21,0.012941565,1.6227989e-12,0.008005938,7.100277e-34,0.08840802,0.0,0.14994112,0.0,0.06637985,2.02154e-15,0.02073576,0.0,0.042442966,0.0,0.021827288,0.0,0.013017463,8.42229e-14,0.030784965
1.1040353e-10,1.2857761e-11,0.004319152,0.0013390235,0.0,0.011827381,1.0780237e-21,0.029826028,1.6408019e-12,0.010124724,6.5564203e-34,0.06303499,0.0,0.0974595,0.0,0.064971976,2.5940765e-15,0.27170652,0.0,0.046751253,0.0,0.02329051,0.0,0.013939603,8.00974e-14,0.021225708
1.068009e-10,1.0408246e-14,0.0043072486,0.0061839344,0.0,0.011793671,1.0379505000000001e-21,0.0099254185,1.9023305e-12,0.031389162,6.401803e-34,0.05254019,0.0,0.048962377,0.0,0.06349145,1.5535143e-15,0.08635414,0.0,0.038539086,0.0,0.02020691,0.0,0.012419839,8.806165e-14,0.007977005
1.0178102e-10,9.934043e-15,0.0020633258,0.0058232006,0.0,0.010781659,6.59593e-22,0.029506732,1.9724446e-12,0.0071985954,1.8038624e-34,0.03369598,0.0,0.090306886,0.0,0.059822872,1.5718183e-15,0.083259024,0.0,0.06440251,0.0,0.020192232,0.0,0.012148931,9.08442e-14,0.023830522
9.998073e-11,4.6744037e-12,0.0018400098,0.0020149893,0.0,0.009910054,2.3571951e-22,0.011672653,2.06121e-12,0.0041915723,1.3340915e-35,0.009482084,0.0,0.058255475,0.0,0.056543738,2.6990275e-15,0.06823943,0.0,0.040498964,0.0,0.019591099,0.0,0.011933233,8.331599e-14,0.015158059
9.600186e-11,1.2096606e-11,0.0022532395,0.0018552216,0.0,0.0087056905,4.5194850000000015e-22,0.007483458,1.8236205e-12,0.001898143,1.0339374e-34,0.104188725,0.0,0.039486356,0.0,0.052567497,4.6510147e-15,0.07404612,0.0,0.031894643,0.0,0.018128434,0.0,0.010683309,9.1950346e-14,0.013703541
9.435463e-11,1.4291491e-11,0.0022470294,0.00065641635,0.0,0.0074344417,7.734528e-22,0.007857901,1.5311853e-12,0.0011171873,3.166944e-34,0.08695894,0.0,0.12511198,0.0,0.047841392,4.3102313e-15,0.028677857,0.0,0.06011867,0.0,0.014841578,0.0,0.008670119,9.607373e-14,0.03016552
9.274008e-11,8.761462e-15,0.0022408366,0.0017792353,0.0,0.00639484,4.8343e-22,0.0082055265,1.9232116e-12,0.0019518257,5.153234e-35,0.082462154,0.0,0.060236722,0.0,0.04370472,4.9265706e-15,0.042283203,0.0,0.03314461,0.0,0.013864372,0.0,0.007946606,9.2942554e-14,0.009565461
9.032911e-11,1.3375498e-11,0.0013936068,0.0005918196,0.0,0.005931447,4.355592e-22,0.006217722,1.5397681e-12,0.0010971638,7.1091945e-36,0.0643317,0.0,0.026622463,0.0,0.040802836,5.6916082e-15,0.08552772,0.0,0.026702467,0.0,0.013388985,0.0,0.007659654,9.580931e-14,0.013155418
8.667795e-11,8.40072e-15,0.0005547206,0.0009457174,0.0,0.0060261698,3.157355e-34,0.018163148,1.8445941e-12,0.0006424474,0.0,0.04799375,0.0,0.09818254,0.0,0.039848667,5.4750312e-15,0.020576112,0.0,0.056436446,0.0,0.013623772,0.0,0.0077539477,9.6556335e-14,0.021070398
8.630942e-11,3.494778e-11,0.0005531917,0.00063913345,0.0,0.0047380347,1.5645188000000002e-22,0.01739117,2.4322716e-12,0.0010417964,1.0104748e-36,0.017776353,0.0,0.04121556,0.0,0.034777272,6.6739822e-15,0.16576803,0.0,0.029910829,0.0,0.010121486,0.0,0.0056923544,8.5291623e-14,0.009502767
8.594346e-11,7.0828807e-12,0.00055166706,0.0014049074,0.0,0.0041709687,4.6484753000000005e-22,0.004050932,1.800179e-12,0.0010650501,1.0785535e-34,0.057930738,0.0,0.029838247,0.0,0.031876437,5.6593236e-15,0.055213604,0.0,0.020192234,0.0,0.010434928,0.0,0.005904379,9.247853e-14,0.009960223
8.533563e-11,7.894788e-15,0.00046902898,0.00055114395,0.0,0.004134186,3.3905322000000003e-22,0.006700573,2.0595218e-12,0.0011828231,5.242912e-35,0.049397934,0.0,0.021322798,0.0,0.030870598,7.219893e-15,0.043252766,0.0,0.05398948,0.0,0.009639857,0.0,0.005410017,9.2126576e-14,0.019279484
8.226098e-11,3.6568613e-11,0.00017340209,0.000685465,0.0,0.0037844253,8.625594000000001e-23,0.008011964,1.5881788e-12,0.00071263243,0.0,0.039108753,0.0,0.12515773,0.0,0.028633734,6.9890073e-15,0.014151171,0.0,0.02754121,0.0,0.009426919,0.0,0.0050462694,9.2657524e-14,0.02214954
8.2151494e-11,1.7306341e-12,0.00017292416,0.0007487234,0.0,0.0032475078,2.431024e-22,0.0050659296,1.6901668e-12,0.0006273948,2.3901884e-35,0.015609945,0.0,0.07648312,0.0,0.025837857,7.927117e-15,0.23879957,0.0,0.01614633,0.0,0.006129814,0.0,0.0032662877,8.935951e-14,0.014660261
8.179043e-11,6.855847e-12,0.0001469892,0.0010584283,0.0,0.0029100152,4.034767800000001e-22,0.0017717574,1.327077e-12,0.0012688715,6.892811e-35,0.027649157,0.0,0.020735629,0.0,0.023847211,5.610976e-15,0.07700333,0.0,0.039077416,0.0,0.007510436,0.0,0.0039945743,8.568033e-14,0.015805518
7.578021e-11,7.198455e-15,3.1310898e-05,0.00055178266,0.0,0.002774643,1.5780699e-24,0.00356502,1.6422828e-12,0.0007300657,0.0,0.011478622,0.0,0.078203276,0.0,0.022364914,7.461865e-15,0.049228277,0.0,0.029242327,0.0,0.00827628,0.0,0.004499544,8.1806794e-14,0.015135445
6.8864595e-11,7.0684836e-15,6.1111427e-06,0.00046740373,0.0,0.0022423584,1.597192e-34,0.0036328337,1.7438078e-12,0.00039869253,0.0,0.02465207,0.0,0.02637588,0.0,0.019437533,7.751912e-15,0.007153851,0.0,0.015887136,0.0,0.0057005407,0.0,0.003080715,8.09752e-14,0.011976258
6.258719e-11,6.9285178e-15,1.4918135e-06,0.0007647475,0.0,0.0019531809,2.2421212e-22,0.0015349594,1.6771261e-12,0.00050152815,2.791364e-35,0.012522891,0.0,0.025842119,0.0,0.01753662,9.150397e-15,0.072939046,0.0,0.02124443,0.0,0.0040193084,0.0,0.0021044253,8.165097e-14,0.0117058735
5.5338324e-11,1.344826e-11,5.807236e-07,0.0002470321,0.0,0.001578038,3.0204431000000004e-22,0.0008680017,6.742921e-13,0.00040264148,4.3548375e-35,0.0122139435,0.0,0.05847199,0.0,0.015300171,8.539251e-15,0.010441783,0.0,0.013958989,0.0,0.0031307428,0.0,0.0015340556,8.1137205e-14,0.0059425337
5.5338078e-11,7.366494e-12,5.791226e-07,0.000229061,0.0,0.0013630451,1.857973e-22,0.0015580589,1.371053e-12,0.00018739045,1.7346922e-35,0.0036048251,0.0,0.014992802,0.0,0.013722814,9.746803e-15,0.08641949,0.0,0.013492026,0.0,0.0023289106,0.0,0.001131755,8.368229e-14,0.0039715664
5.533783e-11,8.2093e-13,5.77526e-07,0.0001070079,0.0,0.0012192773,2.4265904e-22,0.0007114884,1.3691967e-12,7.7032375e-05,2.1075446e-35,0.0057649664,0.0,0.04640446,0.0,0.012762602,8.67615e-15,0.013076665,0.0,0.016102726,0.0,0.0032947904,0.0,0.0015383743,8.1945484e-14,0.0016705021
5.5337585e-11,7.936394e-12,5.759338e-07,3.1384643e-05,0.0,0.0009856188,2.2178934000000003e-22,0.0004890786,1.1808541e-12,3.757386e-05,1.5569974999999998e-35,0.0163559,0.0,0.010810477,0.0,0.01101199,1.0330028e-14,0.095590465,0.0,0.006198326,0.0,0.0025719618,0.0,0.0011264065,8.377415e-14,0.00058458245
5.4814393e-11,8.394192e-12,4.079889e-07,9.944933e-06,0.0,0.0016753708,2.1601851e-22,0.001806174,9.960621e-13,2.5669484e-05,2.1263017e-35,0.0073461095,0.0,0.16753325,0.0,0.014172976,1.0157005e-14,0.032819834,0.0,0.031376973,0.0,0.0033209047,0.0,0.0017195465,8.5956314e-14,0.0008506243
5.4814223e-11,5.42653e-10,4.0686407e-07,3.4328623e-06,0.0,0.0021890772,1.00375394e-22,0.0072279037,7.9315363e-13,3.6555448e-05,0.0,0.08629171,0.0,0.089608684,0.0,0.015747195,9.999744e-15,0.049695183,0.0,0.016515385,0.0,0.008638083,0.0,0.0047301115,8.5780544e-14,0.0015186324
5.184626e-11,1.6835913e-10,4.703862e-07,1.8927416e-06,0.0,0.002178604,8.6415856e-23,0.006996148,1.8633563e-12,3.0510282e-05,0.0,0.07474554,0.0,0.04277014,0.0,0.0154153425,9.2459025e-15,0.033239473,0.0,0.013556276,0.0,0.007298109,0.0,0.004262003,8.528931e-14,0.00096724613
5.0622923e-11,5.9244186e-15,3.7176258e-07,1.134187e-06,0.0,0.0020451061,1.6390514000000001e-22,0.0052312138,2.9267673e-12,3.5778823e-05,9.130655e-36,0.046290524,0.0,0.015588353,0.0,0.014981143,7.989212e-15,0.02197497,0.0,0.050983217,0.0,0.006695951,0.0,0.0037854232,8.8411964e-14,0.00089815387
5.023895e-11,7.7776995e-12,3.1121772e-07,6.208977e-07,0.0,0.0019046573,1.3725713e-22,0.008502057,2.250209e-12,3.2530144e-05,6.8660515e-36,0.021036344,0.0,0.11818922,0.0,0.014437204,7.776262e-15,0.15588921,0.0,0.02875452,0.0,0.005868024,0.0,0.003309221,8.5401514e-14,0.0023361554
4.9764044e-11,2.0182956e-11,2.5209206e-07,3.9072097e-07,0.0,0.0015997012,1.6846666000000001e-22,0.0031095564,1.3911396e-12,3.807419e-05,9.1604645e-36,0.018824197,0.0,0.06776297,0.0,0.013037477,4.8322857e-15,0.04349215,0.0,0.009948187,0.0,0.008259938,0.0,0.0042263204,8.688933e-14,0.0014409045
4.960619e-11,1.2885649e-11,2.2507044e-07,4.4587205e-07,0.0,0.0013951536,1.9436528e-22,0.0024476678,1.6629491e-12,3.474801e-05,1.0704863e-35,0.007886069,0.0,0.035927963,0.0,0.012038555,5.959419e-15,0.07183236,0.0,0.03733328,0.0,0.0048117186,0.0,0.0026658252,8.286913e-14,0.00065931573
4.9606104e-11,5.4703e-13,2.244499e-07,1.0155981e-06,0.0,0.0015326558,1.0952797e-22,0.010472718,1.9351122e-12,2.8184448e-05,2.5044413e-36,0.048207086,0.0,0.017918745,0.0,0.0125203235,5.5988115e-15,0.022293353,0.0,0.014840115,0.0,0.0049746255,0.0,0.0026869026,8.431542e-14,0.00061135006
4.8677177e-11,4.544589e-14,1.7010623e-07,7.3708634e-07,0.0,0.0013989358,1.4772401e-22,0.0026373402,2.272259e-12,2.4699033e-05,6.3192744e-36,0.032130424,0.0,0.07813761,0.0,0.011775967,6.5483846e-15,0.10492954,0.0,0.011537633,0.0,0.003678472,0.0,0.0019783801,7.888873e-14,0.0012744318
4.867711e-11,5.671788e-12,1.6963723e-07,7.732304e-07,0.0,0.0012212916,1.8281273e-22,0.0021844658,1.8645083e-12,3.439143e-05,7.633069e-36,0.018619299,0.0,0.021681322,0.0,0.010923347,5.2224456e-15,0.02220074,0.0,0.021646008,0.0,0.0056152246,0.0,0.0027589726,8.200807e-14,0.00046675294
4.867705e-11,8.08233e-14,1.6916952e-07,7.2518105e-07,0.0,0.0010743203,1.7918108e-22,0.0017315991,2.2379115e-12,2.9861538e-05,5.280847e-36,0.007300844,0.0,0.061807506,0.0,0.010180399,5.8479303e-15,0.1032944,0.0,0.013616125,0.0,0.0041277357,0.0,0.0020726493,8.153307e-14,0.00017157399
4.8065534e-11,1.01015015e-13,1.2522908e-07,6.932539e-07,0.0,0.0010796848,1.4747259000000002e-22,0.002684828,1.9829938e-12,2.6783087e-05,1.9897288e-35,0.032196276,0.0,0.017413834,0.0,0.010090133,5.1647296e-15,0.02215525,0.0,0.009851352,0.0,0.0032363466,0.0,0.0016600251,7.979684e-14,8.419676e-05
4.806549e-11,1.5278444e-12,1.2488381e-07,3.7758755e-07,0.0,0.0011117186,1.161861e-22,0.0012943221,1.8376839e-12,2.3099567e-05,3.8472387e-32,0.02063264,0.0,0.0715778,0.0,0.0101546105,6.0881446e-15,0.12263678,0.0,0.026937619,0.0,0.0025542937,0.0,0.0013154708,8.165257e-14,4.187094e-05
4.8065444e-11,5.154464e-10,1.2453948e-07,1.5114931e-07,0.0,0.0011090293,9.0036456e-23,0.0019656294,1.646643e-12,2.489662e-05,0.0,0.009518914,0.0,0.048147168,0.0,0.01017698,5.0860983e-15,0.029453436,0.0,0.0090490095,0.0,0.003165908,0.0,0.0015541883,8.177333e-14,2.0898584e-05
4.7761604e-11,3.7504336e-11,1.03434864e-07,1.4759554e-07,0.0,0.0010223122,6.410552e-23,0.0011029881,1.7694655e-12,2.422809e-05,0.0,0.029202862,0.0,0.015579601,0.0,0.009642958,6.093662e-15,0.056711137,0.0,0.023312457,0.0,0.0025501251,0.0,0.0012407671,7.9185864e-14,9.5437e-06
4.7761566e-11,2.2199449e-13,1.0314968e-07,5.0149165e-08,0.0,0.00062561606,1.88108e-29,0.00056052615,1.908846e-12,1.7960523e-05,0.0,0.011388374,0.0,0.020568954,0.0,0.0072384505,5.6594235e-15,0.008273247,0.0,0.005605416,0.0,0.0012343599,0.0,0.0006022738,7.536244e-14,3.916454e-06
4.7761527e-11,2.5814496e-13,1.0286528e-07,2.7346559e-08,0.0,0.0005937141,1.2338081000000002e-22,0.00011616054,2.0870178e-12,2.4689509e-05,3.6041658e-31,0.0077130254,0.0,0.023216007,0.0,0.007113664,6.4033963e-15,0.045534927,0.0,0.012777416,0.0,0.0016695627,0.0,0.00072230236,7.9201694e-14,2.4148303e-06
4.776149e-11,2.9578683e-13,1.02581666e-07,1.35432e-08,0.0,0.0004255754,7.9161845e-23,0.00014557465,2.917104e-12,2.589099e-05,1.943895e-31,0.0043326905,0.0,0.009409278,0.0,0.005892747,6.2133784e-15,0.0085503105,0.0,0.0045956387,0.0,0.00088489964,0.0,0.00040813748,7.8254494e-14,1.1311412e-06
4.7761455e-11,3.281983e-13,1.0229883e-07,1.4744938e-08,0.0,0.00039864678,7.729131000000001e-23,0.00016759019,2.8182877e-12,1.8443401e-05,0.0,0.00801646,0.0,0.028224451,0.0,0.0056778183,6.7293075e-15,0.03132129,0.0,0.0076234774,0.0,0.0013468186,0.0,0.0005488137,7.776455e-14,9.924374e-07
4.7761416e-11,9.800501e-12,1.0201677e-07,3.082692e-08,0.0,0.0004935095,1.3242258e-22,8.489692e-05,2.13453e-12,3.106636e-05,1.1340515e-30,0.0026803487,0.0,0.0069147907,0.0,0.0063478677,6.8815117e-15,0.03189111,0.0,0.014317947,0.0,0.0011331743,0.0,0.0005068811,7.049406e-14,1.3757731e-06
4.6721255e-11,4.1186087e-13,5.3347996e-08,3.582026e-08,0.0,0.00040974485,4.6612295e-23,0.00013469395,1.5651837e-12,3.160637e-05,0.0,0.003685283,0.0,0.019504678,0.0,0.0056652944,6.8505047e-15,0.01709105,0.0,0.003900034,0.0,0.0012563957,0.0,0.0005170511,6.646568e-14,1.2448827e-06
4.2965916e-11,4.446074e-13,2.7407998e-08,5.4486666e-08,0.0,0.00042728827,1.1625938e-22,4.7978043e-05,1.9529382e-12,2.961816e-05,9.489927e-31,0.009776235,0.0,0.007346778,0.0,0.005829035,7.358678e-15,0.06966808,0.0,0.0077549242,0.0,0.0009042704,0.0,0.00040590193,7.311026e-14,1.0695851e-06
3.575021e-11,4.6596483e-13,4.4688676e-08,4.7896982e-08,0.0,0.0004316816,5.488562e-23,0.00023138648,2.7089654e-12,2.029711e-05,1.8035701e-32,0.005973493,0.0,0.049237147,0.0,0.0057519446,6.5845982e-15,0.01056327,0.0,0.0150561575,0.0,0.0015636274,0.0,0.0006814886,7.4108756e-14,1.6060641e-06
3.529558e-11,4.79376e-13,3.018837e-08,4.7895522e-08,0.0,0.00041798063,7.682301000000001e-23,0.00012703336,2.4633425e-12,1.601553e-05,5.3015134e-31,0.013781547,0.0,0.007926346,0.0,0.0056133457,7.720681e-15,0.062647544,0.0,0.0057344227,0.0,0.000905375,0.0,0.0004062894,7.240694e-14,1.1563662e-06
3.5295572e-11,4.880826e-13,3.0105117e-08,4.9944383e-08,0.0,0.0004025723,9.555528e-23,8.718752e-05,2.3077957e-12,1.3230763e-05,1.0370855e-30,0.005932539,0.0,0.027419742,0.0,0.005572615,7.932753e-15,0.011767434,0.0,0.008612243,0.0,0.0011270742,0.0,0.0004435714,7.278662e-14,8.449401e-07
3.5072476e-11,4.9847485e-13,2.3759112e-08,8.606994e-08,0.0,0.00039549934,1.3649157e-22,2.5463973e-05,1.5405217e-12,2.4420335e-05,1.4164465e-30,0.010268409,0.0,0.0052643614,0.0,0.0055155107,8.996353e-15,0.070401095,0.0,0.009864208,0.0,0.00078542664,0.0,0.0003389383,7.129025e-14,7.4707407e-07
3.399152e-11,6.937012e-12,1.6239895e-08,8.206327e-08,0.0,0.00047152687,1.2931052e-22,8.849131e-05,1.3940099e-12,3.257449e-05,1.7007929e-30,0.005658019,0.0,0.030763192,0.0,0.006074754,8.173969e-15,0.013068173,0.0,0.011750721,0.0,0.0016714835,0.0,0.00068193563,6.987468e-14,1.3187968e-06
3.3991514e-11,5.2212954e-13,1.6195107e-08,3.6277832e-08,0.0,0.0003861865,6.396719000000001e-23,0.00021603597,1.9319075e-12,1.9181172e-05,4.6866673e-31,0.006493107,0.0,0.0054440643,0.0,0.0053894976,9.144845e-15,0.05502672,0.0,0.0046864096,0.0,0.0010207024,0.0,0.00043545745,6.608921e-14,1.0256357e-06
3.304564e-11,8.861271e-12,1.3165532e-08,1.3725924e-08,0.0,0.00043874286,8.853119e-23,0.0002028837,2.0541767e-12,2.1072226e-05,8.634811e-31,0.008625753,0.0,0.03462399,0.0,0.0056702364,9.884995e-15,0.014744867,0.0,0.007912168,0.0,0.0006698493,0.0,0.0002915762,6.841812e-14,7.015114e-07
3.3045636e-11,8.950467e-12,1.3129222e-08,3.3077313e-08,0.0,0.0004341517,1.0962257e-22,0.000114107555,1.7520672e-12,2.7221638e-05,1.0023562e-30,0.0036267343,0.0,0.006264201,0.0,0.0056326105,1.1083527e-14,0.08638539,0.0,0.013871845,0.0,0.0010237151,0.0,0.00041281703,6.741991e-14,7.363522e-07
3.242686e-11,9.339379e-12,1.1399891e-08,3.4985174e-08,0.0,0.0004806901,1.0952138000000001e-22,9.838591e-05,1.4300186e-12,2.5446494e-05,1.0298654e-30,0.011827154,0.0,0.04727095,0.0,0.00598857,1.03199885e-14,0.01624746,0.0,0.0042349366,0.0,0.0008374817,0.0,0.00037809135,6.618486e-14,8.8495926e-07
3.2019522e-11,1.1951668e-11,9.580901e-09,3.3824932e-08,0.0,0.00040000232,9.703041e-23,0.00011944559,1.3890695e-12,2.5883895e-05,8.241972e-31,0.0039999057,0.0,0.0076980377,0.0,0.005445505,1.1049036e-14,0.05571794,0.0,0.0069265882,0.0,0.0010458122,0.0,0.0004361229,6.677675e-14,1.0118082e-06
3.201952e-11,1.1182336e-11,9.554478e-09,4.6000387e-08,0.0,0.00049523526,9.146798e-23,0.00021083519,1.3265739e-12,2.9927647e-05,7.074337e-31,0.016258404,0.0,0.066026695,0.0,0.0060926774,1.10412185e-14,0.011962581,0.0,0.021831755,0.0,0.0010015406,0.0,0.0004661348,6.4643955e-14,1.4079911e-06
3.0937298e-11,1.0934565e-11,1.3802951e-08,1.8477516e-08,0.0,0.00046954752,5.2262543e-23,0.00068025035,1.2308254e-12,1.9895206e-05,3.7591783e-31,0.0052249297,0.0,0.016026996,0.0,0.005901035,1.2301306e-14,0.068268575,0.0,0.0049480423,0.0,0.0013664853,0.0,0.00057753077,6.437398e-14,1.3093859e-06
3.0937294e-11,7.2123228e-12,1.3764882e-08,3.9198564e-08,0.0,0.0005011811,3.1073245e-30,0.0013671485,1.4006161e-12,2.0424088e-05,0.0,0.019543031,0.0,0.049410053,0.0,0.00602467,1.1675825e-14,0.015256176,0.0,0.010473722,0.0,0.0008321836,0.0,0.00038275667,6.4096494e-14,9.1916405e-07
3.0937294e-11,6.8172616e-12,1.3726918e-08,3.4205822e-08,0.0,0.0004214548,3.0378734e-23,0.00046553175,1.4519742e-12,1.808822e-05,0.0,0.0064065107,0.0,0.008351013,0.0,0.0055258977,1.244879e-14,0.054370645,0.0,0.008632022,0.0,0.0012112291,0.0,0.0005091464,6.277969e-14,9.012361e-07
3.0357994e-11,8.0753165e-12,1.14834e-08,1.7974847e-08,0.0,0.00042533284,8.156957e-23,9.235318e-05,1.2590734e-12,1.8242969e-05,4.979979e-31,0.010803834,0.0,0.02956939,0.0,0.0056167613,1.1769609e-14,0.010211188,0.0,0.010640808,0.0,0.00083169923,0.0,0.0003648201,6.2488575e-14,8.346855e-07
3.0261748e-11,5.4693495e-13,1.0455272e-08,9.883445e-09,0.0,0.0003999761,2.6658068e-23,0.00028734293,1.6702825e-12,1.1435035e-05,0.0,0.0033821955,0.0,0.0049089454,0.0,0.0053053154,1.2601483e-14,0.058795672,0.0,0.007368782,0.0,0.001171263,0.0,0.00047540804,6.1762024e-14,8.092089e-07
3.0261744e-11,5.505322e-13,1.0426436e-08,8.999206e-09,0.0,0.00037210234,4.762719e-23,0.00013276555,1.6163715e-12,1.9000436e-05,1.0191183e-31,0.0045643174,0.0,0.013510486,0.0,0.0051734746,1.1404251e-14,0.01055151,0.0,0.011176958,0.0,0.00074947265,0.0,0.00033559772,6.00381e-14,7.706316e-07
2.8968184e-11,2.5347725e-12,1.4328752e-08,3.6097006e-08,0.0,0.00045801263,6.280947000000001e-23,0.00013503803,1.4237128e-12,2.091169e-05,1.2592232e-31,0.016209923,0.0,0.030446324,0.0,0.005871772,1.20629e-14,0.075032055,0.0,0.00921309,0.0,0.001798721,0.0,0.00076415983,5.964424e-14,1.5205665e-06
2.878879e-11,5.5620276e-13,1.260653e-08,1.6897362e-08,0.0,0.00048855547,1.3265818e-23,0.0002234035,1.5505992e-12,1.5221973e-05,0.0,0.004941299,0.0,0.015675839,0.0,0.0059827697,1.0940579e-14,0.01566261,0.0,0.008492508,0.0,0.0013137335,0.0,0.00056996517,6.018991e-14,1.2753273e-06
2.798769e-11,5.672871e-13,1.4893593e-08,4.847703e-08,0.0,0.0005349874,2.6875548e-23,0.00033526064,1.6263708e-12,2.4247225e-05,0.0,0.015303846,0.0,0.030872831,0.0,0.006280657,1.24525515e-14,0.14168856,0.0,0.017163457,0.0,0.0009780928,0.0,0.00044494477,5.893599e-14,1.2040241e-06
2.7987687e-11,5.814915e-13,1.4852513e-08,4.7199617e-08,0.0,0.00042855373,2.0111083e-23,0.0002875169,1.763648e-12,2.5894256e-05,4.848308e-32,0.0042314935,0.0,0.011006207,0.0,0.0055738185,8.958472e-15,0.03453872,0.0,0.0040605725,0.0,0.0012806491,0.0,0.00054578594,5.7301975e-14,1.1882589e-06
2.7987683e-11,7.58441e-12,1.4811547e-08,3.7983998e-08,0.0,0.00046501236,8.862699e-31,0.0005005996,1.1778487e-12,2.2886876e-05,0.0,0.011729378,0.0,0.040426176,0.0,0.005818532,1.0667807e-14,0.028083498,0.0,0.007116568,0.0,0.0009158158,0.0,0.00040799362,5.840641e-14,1.0165745e-06
2.798768e-11,9.071826e-12,1.4770693e-08,2.5236215e-08,0.0,0.00047852527,8.393507000000001e-31,0.0004172848,1.156792e-12,1.6446407e-05,0.0,0.0031180948,0.0,0.011865608,0.0,0.0058580544,1.1261351e-14,0.024181956,0.0,0.01628194,0.0,0.0015099904,0.0,0.0006577116,5.891814e-14,1.4121557e-06
2.7987678e-11,1.3472613e-10,1.4729952e-08,1.4911384e-08,0.0,0.0005413575,4.125331000000001e-23,0.0001296021,1.4199098e-12,1.5854303e-05,7.170800600000001e-32,0.0049320245,0.0,0.054855622,0.0,0.0061810585,1.1958922e-14,0.07014542,0.0,0.0042478787,0.0,0.0010354856,0.0,0.0004822998,5.724533e-14,1.4536326e-06
2.7293256e-11,1.7561788e-10,1.8977262e-08,1.5005686e-08,0.0,0.00061221013,3.4675085e-23,0.00021956037,4.2986906e-16,2.4737374e-05,1.1196217e-32,0.015472627,0.0,0.023528313,0.0,0.0065504676,1.1263229e-14,0.021900123,0.0,0.012198675,0.0,0.0025039627,0.0,0.0011013225,5.394098e-14,2.814188e-06
2.6616064e-11,4.3930528e-12,2.3329036e-08,1.9468983e-08,0.0,0.00062329415,3.8395167e-23,0.0004870996,1.2225939e-12,1.7830997e-05,1.2020834e-31,0.0038582352,0.0,0.018153993,0.0,0.006648984,1.1651939e-14,0.07119756,0.0,0.0055646836,0.0,0.0022785068,0.0,0.0011014049,5.399716e-14,4.1524795e-06
2.6616058e-11,6.4371767e-12,2.3264688e-08,4.913922e-08,0.0,0.0006683204,3.0769015e-23,0.0015951325,1.0276704e-12,2.5170832e-05,5.510527e-32,0.01652955,0.0,0.0556673,0.0,0.006931172,1.0618813e-14,0.02638373,0.0,0.020651132,0.0,0.001784494,0.0,0.0008970945,5.1743315e-14,4.6098335e-06
2.636451e-11,5.9627242e-12,2.6599917e-08,8.2884384e-08,0.0,0.0008695946,2.9084405e-23,0.0014685602,9.517259e-13,2.8829554e-05,0.0,0.015275851,0.0,0.022059312,0.0,0.0079775695,1.0986127e-14,0.056081686,0.0,0.0057501653,0.0,0.0043216012,0.0,0.0021409292,4.9550567e-14,9.350124e-06
2.5966639e-11,5.283724e-12,3.8153285e-08,1.3224522e-07,0.0,0.00095554354,2.5244268e-23,0.0030952112,9.428e-13,3.4283967e-05,4.69404e-32,0.0065531214,0.0,0.05122772,0.0,0.008340935,1.05587764e-14,0.010227432,0.0,0.018227639,0.0,0.0045770593,0.0,0.0023066523,4.986718e-14,1.0226409e-05
2.5595536e-11,5.317569e-12,4.327936e-08,1.9289278e-07,0.0,0.0008999214,2.4005586e-23,0.003311743,9.303743e-13,4.3984895e-05,5.255301400000001e-32,0.032005392,0.0,0.024049452,0.0,0.00818454,1.1271969e-14,0.114228964,0.0,0.0055920463,0.0,0.0030813776,0.0,0.0016515845,4.9361336e-14,9.283253e-06
2.5571004e-11,2.1012758e-12,4.2708677e-08,3.6971812e-07,0.0,0.0010925685,2.307464e-23,0.0051316777,1.0691575e-12,3.2882777e-05,5.970077e-32,0.015505703,0.0,0.03422527,0.0,0.00908202,9.880805e-15,0.034347158,0.0,0.025588082,0.0,0.007529714,0.0,0.0038562347,4.7772675e-14,1.7961667e-05
2.5514322e-11,3.0353834e-11,4.3721126e-08,2.4862734e-07,0.0,0.0012460685,2.6730672e-23,0.007733265,1.4005818e-12,1.9878291e-05,8.460819e-32,0.010476483,0.0,0.07772834,0.0,0.009815066,1.0281639e-14,0.034847256,0.0,0.008853976,0.0,0.0055483123,0.0,0.0030351344,4.6610546e-14,2.0686859e-05
2.5273181e-11,1.2177519e-12,5.761173e-08,3.804436e-07,0.0,0.0012834668,2.5909e-23,0.0036931646,1.5914307e-12,1.9250025e-05,6.9631013e-32,0.011404362,0.0,0.049628045,0.0,0.010082219,1.0874283e-14,0.049341444,0.0,0.045519046,0.0,0.0042229206,0.0,0.0022619795,4.575756e-14,1.7442184e-05
2.4991129e-11,2.665624e-12,7.259431e-08,8.7490054e-07,0.0,0.0013384167,2.4054336e-23,0.005325777,1.1008897e-12,4.30808e-05,5.7018964e-32,0.014443097,0.0,0.017062629,0.0,0.0105295675,9.339175e-15,0.04751788,0.0,0.01780314,0.0,0.005159593,0.0,0.0028285861,4.3598612e-14,2.0133226e-05
2.4565289e-11,4.7382675e-12,9.225027e-08,1.1573175e-06,0.0,0.0013300569,3.4557898e-23,0.0022205,1.0824267e-12,4.540926e-05,9.348349e-32,0.009362621,0.0,0.110187575,0.0,0.010506308,8.675224e-15,0.018514337,0.0,0.020137995,0.0,0.009301384,0.0,0.0048811086,4.2051147e-14,2.8217364e-05
2.4565272e-11,4.6502255e-12,9.1995794e-08,2.1018373e-06,0.0,0.001628241,1.7666568e-23,0.0069855144,9.757034e-13,4.2987453e-05,2.971599e-32,0.07112772,0.0,0.0349924,0.0,0.011555265,1.007574e-14,0.226667,0.0,0.010277978,0.0,0.006300064,0.0,0.0037292538,4.146157e-14,3.5239893e-05
2.4565254e-11,3.8555283e-12,9.174202e-08,3.3982978e-06,0.0,0.0016867223,1.7164454e-23,0.011677739,1.0727261e-12,4.4722663e-05,1.22966686e-32,0.06619237,0.0,0.022052648,0.0,0.011792262,4.7114077e-15,0.10152449,0.0,0.04094989,0.0,0.005968959,0.0,0.0034171932,4.0055866e-14,3.6156645e-05
2.4030267e-11,3.5835356e-12,2.1073373e-07,8.256758e-06,0.0,0.002063886,1.343521e-23,0.010873783,9.755064e-13,5.789559e-05,1.2382203e-32,0.04206002,0.0,0.13931844,0.0,0.013288181,4.8996752e-15,0.028573627,0.0,0.028714353,0.0,0.007570218,0.0,0.0045885597,3.8005674e-14,5.7357618e-05
2.2110425e-11,6.6950154e-11,9.543786e-07,1.6313848e-05,0.0,0.0024406328,1.9298387e-23,0.011749521,1.1297529e-12,6.1089326e-05,2.643466e-32,0.014199291,0.0,0.11963791,0.0,0.01458968,8.011745e-15,0.13560866,0.0,0.014293976,0.0,0.011785613,0.0,0.0070677195,3.6004935e-14,9.5624026e-05
1.9568102e-11,2.7460137e-12,1.8557681e-06,5.0785522e-05,0.0,0.0026882796,1.9379266e-23,0.008863641,7.7315205e-13,8.848491e-05,2.0509486e-32,0.11607547,0.0,0.099922575,0.0,0.015460007,4.1269127e-15,0.08003582,0.0,0.031004807,0.0,0.008568486,0.0,0.0055125337,3.479286e-14,0.00013924837
1.8742678e-11,5.843903e-11,1.4160905e-06,0.00013047984,0.0,0.0030085864,1.1949130000000003e-23,0.014224055,8.214493e-13,7.487472e-05,3.7097353e-33,0.12805039,0.0,0.036850844,0.0,0.016498312,3.8017553e-15,0.03287784,0.0,0.046859004,0.0,0.008585435,0.0,0.005457104,3.244832e-14,0.00020598754
1.7913594e-11,1.6049562e-12,1.4019262e-06,0.0006063515,0.0,0.0031113785,7.2841436e-24,0.018920127,1.0700887e-12,9.8719436e-05,8.87369e-34,0.10391737,0.0,0.05027347,0.0,0.017039975,4.5994986e-15,0.041037507,0.0,0.042778935,0.0,0.0095381215,0.0,0.006198241,3.041332e-14,0.0004097912
1.6617438e-11,1.609129e-12,2.3432588e-06,0.008532515,0.0,0.00366659,1.0958384e-23,0.015372235,1.0023563e-12,0.0007914832,8.323561e-33,0.06462425,0.0,0.28944856,0.0,0.018914983,6.4044123e-15,0.1299587,0.0,0.026481379,0.0,0.020554,0.0,0.013512205,2.8791422e-14,0.0022882866
1.5912632e-11,1.5489056e-12,2.3392595e-06,0.011198336,0.0,0.004209308,1.22531705e-23,0.0097014895,1.2801441e-12,0.0018151576,7.682822399999999e-33,0.061475385,0.0,0.22466071,0.0,0.020431608,4.3762516e-15,0.13967152,0.0,0.014475313,0.0,0.014446235,0.0,0.009955185,2.69796e-14,0.0057022553
1.551762e-11,1.5571902e-10,2.1999222e-06,0.0040923995,0.0,0.004550936,4.9524064e-24,0.02716117,1.4257614e-12,0.0010552427,7.997643e-34,0.037662107,0.0,0.17962001,0.0,0.021335071,2.1667437e-15,0.10843373,0.0,0.11792852,0.0,0.009843416,0.0,0.006789395,2.6202192e-14,0.035286054
1.5517358e-11,4.5949364e-12,2.193851e-06,0.0039138068,0.0,0.0049413764,5.5182994000000005e-24,0.03570275,1.1748756e-12,0.0011080111,5.6052227e-34,0.014953817,0.0,0.15618455,0.0,0.02238818,2.0454797e-15,0.054437194,0.0,0.08553011,0.0,0.019202312,0.0,0.012643178,2.5490072e-14,0.009631905
1.5419053e-11,3.5767947e-12,2.1053734e-06,0.0037836356,0.0,0.005424468,3.4997234e-24,0.015069294,1.138463e-12,0.0030381936,0.0,0.05494676,0.0,0.093938,0.0,0.023856739,2.8879546e-15,0.026397454,0.0,0.05233694,0.0,0.01172351,0.0,0.008479143,2.3409746e-14,0.03878939
1.536233e-11,5.5995967e-12,2.0279135e-06,0.007751824,0.0,0.005515343,6.5594202000000006e-24,0.021415457,9.271827e-13,0.002484747,2.4255149e-33,0.021337831,0.0,0.08311131,0.0,0.024616953,4.463096e-15,0.26892203,0.0,0.02599705,0.0,0.019948266,0.0,0.013465636,2.1465636e-14,0.012991275
1.517666e-11,5.7210773e-12,2.2059926e-06,0.011077961,0.0,0.0057379184,5.9885725e-24,0.021851506,6.1946655e-13,0.0012370006,1.4594961e-33,0.033994332,0.0,0.11537948,0.0,0.02554019,4.0090616e-15,0.20115906,0.0,0.055478573,0.0,0.015590425,0.0,0.011008352,2.0647888e-14,0.024303272
1.4142096e-11,1.1366547e-12,6.548021e-06,0.01737191,0.0,0.00631535,4.1376835e-24,0.044126827,1.2579845e-12,0.0029078198,5.3907744e-34,0.012941374,0.0,0.10116581,0.0,0.027340274,1.6601263e-15,0.12951063,0.0,0.046344735,0.0,0.013526887,0.0,0.009641316,1.9396265e-14,0.016955338
1.4007855e-11,2.7445923e-12,5.3754484e-06,0.031483103,0.0,0.0070075816,5.669553e-24,0.07266698,9.971401e-13,0.0064036218,1.5323569e-33,0.27041999,0.0,0.18972364,0.0,0.029257322,1.5164109e-15,0.09067918,0.0,0.028211292,0.0,0.026416905,0.0,0.018190697,1.7965559e-14,0.03747078
1.3962912e-11,8.9150345e-13,4.9987966e-06,0.013478117,0.0,0.008036253,3.654048e-24,0.04862338,9.110441e-13,0.013659436,5.4165953e-34,0.30127802,0.0,0.15455852,0.0,0.031820256,2.1887566e-15,0.09692391,0.0,0.022097692,0.0,0.015883563,0.0,0.011739994,1.5853204e-14,0.010520408
1.3707876e-11,1.6565803e-11,5.7907573e-06,0.011633465,0.0,0.009043033,3.1307087e-24,0.06050923,1.0637187e-12,0.006450925,2.0460893e-34,0.24927667,0.0,0.14901441,0.0,0.034579534,2.4479144e-15,0.14225307,0.0,0.14954144,0.0,0.023483267,0.0,0.016533628,1.5794908e-14,0.16428204
1.3360758e-11,7.7558327e-13,7.672971e-06,0.05990593,0.0,0.009704384,1.841244e-24,0.034582734,1.0241968e-12,0.03182351,0.0,0.23385367,0.0,0.15096647,0.0,0.036550835,2.2221558e-15,0.18986425,0.0,0.08432641,0.0,0.016823983,0.0,0.012399085,5.171915e-15,0.09311485
1.312459e-11,2.1932306e-12,7.822216e-06,0.011189606,0.0,0.009888369,2.2280305e-24,0.021128835,5.7187724e-13,0.014590338,9.77351e-35,0.17253442,0.0,0.13749468,0.0,0.038045973,1.6644036e-15,0.21161273,0.0,0.04970451,0.0,0.03976909,0.0,0.02828923,3.772626e-15,0.11568327
1.27056005e-11,2.3719427e-12,1.2429421e-05,0.050743554,0.0,0.012276722,2.244985e-24,0.08985744,4.2845084e-13,0.10757227,9.4072144e-35,0.11708583,0.0,0.09215888,0.0,0.043249585,1.7747098e-15,0.25899306,0.0,0.037730005,0.0,0.030533135,0.0,0.023537334,4.6282545e-15,0.0534726
1.2624242e-11,3.985115e-13,1.1816504e-05,0.03225407,0.0,0.014136554,1.7970737e-24,0.13018127,4.920808e-13,0.056445632,2.743546e-35,0.13080414,0.0,0.06186741,0.0,0.047530852,1.1742157e-15,0.25196454,0.0,0.03541897,0.0,0.023620155,0.0,0.01810385,5.368676e-15,0.12599535
1.21595e-11,4.759186e-13,2.0083859e-05,0.030724244,0.0,0.014751168,1.31226e-24,0.061687544,3.711857e-13,0.047988888,2.2478735e-35,0.10011056,0.0,0.04607583,0.0,0.050155185,5.787559600000001e-16,0.20784074,0.0,0.068968624,0.0,0.063093394,0.0,0.04640311,2.8215021e-15,0.19978811
1.1604814e-11,1.5680027e-12,2.794646e-05,0.023202423,0.0,0.015990185,1.1004665e-24,0.017206537,2.1581824e-13,0.01572425,9.8552854e-36,0.057461403,0.0,0.19338296,0.0,0.053833853,3.7289577e-16,0.13588385,0.0,0.047242295,0.0,0.054013245,0.0,0.042035934,2.4746989e-15,0.12682082
1.1075037e-11,2.4922488e-13,3.4353703e-05,0.028764324,0.0,0.017987117,8.154100699999998e-25,0.10416608,2.1670526e-13,0.07462492,3.353167e-36,0.11653983,0.0,0.21323043,0.0,0.058181457,7.165103e-16,0.12946385,0.0,0.043539234,0.0,0.04285722,0.0,0.03357229,3.2055502e-15,0.07377342
1.06012855e-11,6.333594e-13,3.6226364e-05,0.02689095,0.0,0.018113557,5.1091025e-25,0.046709064,1.5293741e-13,0.036409825,2.3954236e-36,0.09639762,0.0,0.17913865,0.0,0.06007014,1.3353145e-15,0.16524231,0.0,0.052795213,0.0,0.031449072,0.0,0.024291176,3.5126867e-15,0.14436565
9.906608e-12,7.238699e-13,5.581629e-05,0.052617285,0.0,0.0208977,5.522456e-25,0.015876753,1.12214776e-13,0.03954438,1.5550915e-36,0.051777795,0.0,0.12415463,0.0,0.06544077,1.1171977e-15,0.21209387,0.0,0.048017602,0.0,0.03830048,0.0,0.029074106,1.8931697e-15,0.07750138
9.8094866e-12,1.3611845e-13,4.6563946e-05,0.021145714,0.0,0.023273312,3.7420916e-25,0.15049705,1.1197385e-13,0.07910231,6.0527556e-37,0.081339546,0.0,0.0782291,0.0,0.070487015,6.5458124000000015e-16,0.23036753,0.0,0.054579843,0.0,0.03540068,0.0,0.027355913,1.912458e-15,0.041919153
9.744441e-12,1.2092143e-13,4.1519994e-05,0.062804386,0.0,0.023408547,1.6633952e-25,0.17144318,3.1969235e-13,0.07021129,1.1170942e-37,0.04833225,0.0,0.095181406,0.0,0.07316511,3.682224e-16,0.22012316,0.0,0.053383432,0.0,0.0682697,0.0,0.050664496,2.4433053e-15,0.051691208
9.247142e-12,8.6442714e-14,7.2339055e-05,0.014890297,0.0,0.02580212,1.1109275e-25,0.17145981,3.3766794e-13,0.01858287,4.776994e-38,0.018474773,0.0,0.07728876,0.0,0.07824054,2.0100396e-16,0.18901382,0.0,0.060837116,0.0,0.061920606,0.0,0.04923067,2.6347009e-15,0.01406229
7.784725e-12,7.792286e-14,0.0002373618,0.0964076,0.0,0.027574306,1.4921999e-25,0.1338789,3.1610557e-13,0.13144858,5.465904999999999e-38,0.5107937,0.0,0.28981072,0.0,0.08286116,1.3954476e-16,0.13803327,0.0,0.06330678,0.0,0.053662807,0.0,0.043246042,2.9608644e-15,0.17029244
7.03612e-12,4.5779878e-14,0.00022303402,0.027405063,0.0,0.03027633,3.9911188e-26,0.18587364,2.5615e-13,0.064966425,0.0,0.49483934,0.0,0.23865679,0.0,0.0878245,1.2435558000000002e-16,0.07702985,0.0,0.06555469,0.0,0.047112353,0.0,0.03735855,1.9380146e-15,0.09462411
6.6091863e-12,8.1007716e-13,0.00023213707,0.03351988,0.0,0.033219907,3.2654164e-26,0.15446877,1.8059291e-13,0.025101049,0.0,0.3298012,0.0,0.17013413,0.0,0.09318738,1.0753888e-16,0.022326287,0.0,0.06874171,0.0,0.061465397,0.0,0.047383048,2.2943238e-15,0.04200766
6.4769023e-12,1.5492056e-12,0.0002583684,0.016119506,0.0,0.034849666,5.582423e-26,0.12967488,1.08809825e-13,0.07877899,1.050178e-39,0.2182007,0.0,0.10503302,0.0,0.09772339,1.07632265e-16,0.65234435,0.0,0.073372446,0.0,0.053702414,0.0,0.042545747,2.4533638e-15,0.18393028
6.135041e-12,9.617846e-13,0.0070674075,0.06797009,0.0,0.036242977,4.1272562e-26,0.045690935,8.2566095e-14,0.024932384,9.81974e-40,0.120051265,0.0,0.07823123,0.0,0.10168565,2.4205054e-16,0.51455915,0.0,0.07555796,0.0,0.054297905,0.0,0.042617038,1.0332307e-15,0.12730953
5.5841863e-12,1.7366991e-14,0.0025221983,0.021459037,0.0,0.039325166,2.8814602000000004e-26,0.17449507,1.3468638e-13,0.09516772,3.1448200000000003e-40,0.054768752,0.0,0.061179265,0.0,0.10692273,2.233141e-15,0.4330525,0.0,0.07999513,0.0,0.069565624,0.0,0.05444297,8.154559e-16,0.1945246
4.896406e-12,1.5117509e-14,0.051981684,0.107090056,0.0,0.04062515,1.09649855e-26,0.23783226,8.134264e-14,0.022934614,0.0,0.01681074,0.0,0.04615032,0.0,0.11054668,4.982319e-15,0.3334398,0.0,0.083113864,0.0,0.0627041,0.0,0.050100714,7.861347e-16,0.12837172
3.4413353e-12,5.9059116e-13,0.02201447,0.036156554,0.0,0.040523414,1.5638537000000002e-26,0.1974517,5.0665103e-14,0.052634217,2.3964300000000003e-40,0.3612473,0.0,0.019403953,0.0,0.11315073,1.4510949e-15,0.23601463,0.0,0.08530607,0.0,0.06274692,0.0,0.04951359,9.294036e-16,0.069473796
2.966846e-12,6.4295243e-15,0.013772025,0.016723651,0.0,0.039610937,1.7767161000000002e-26,0.14627352,4.0297528e-14,0.008499049,8.9494e-41,0.3696581,0.0,0.45931712,0.0,0.11486917,1.9744624e-16,0.13758187,0.0,0.086039536,0.0,0.07141097,0.0,0.05580226,1.0511499e-15,0.17472905
2.6919467e-12,5.81101e-15,0.009183517,0.059569098,0.0,0.038974572,1.6420459e-26,0.19114603,9.468628e-14,0.09544703,9.309e-42,0.31236798,0.0,0.25307748,0.0,0.11625974,5.4874320000000003e-17,0.13341603,0.0,0.08728559,0.0,0.06434321,0.0,0.050603494,4.689115e-16,0.10816457
2.4943918e-12,2.4008204e-13,0.003951579,0.008312302,0.0,0.039996617,1.0525957e-26,0.13220803,4.2136298e-14,0.05459325,1.1080000000000001e-42,0.23417182,0.0,0.14841369,0.0,0.11952978,2.9239392e-17,0.10632624,0.0,0.09118478,0.0,0.07037164,0.0,0.055065773,4.3091038e-16,0.17725855
2.395064e-12,4.5725023e-13,0.002166163,0.032604735,0.0,0.042481862,1.0153688e-26,0.120807946,3.8602835e-14,0.03340243,1.5800000000000001e-43,0.15509617,0.0,0.06991448,0.0,0.123738475,3.101163e-17,0.062011663,0.0,0.093259625,0.0,0.068571895,0.0,0.05411078,4.504815e-16,0.11630374
2.3543513e-12,2.67251e-13,0.0020559884,0.012488397,0.0,0.043128353,8.091555000000001e-27,0.14243962,2.2710991e-14,0.022925153,3e-44,0.08033129,0.0,0.05556773,0.0,0.12649734,3.7248990000000004e-17,0.22438279,0.0,0.09569058,0.0,0.08316674,0.0,0.06479443,5.323904e-16,0.17974788
2.317463e-12,2.8275167e-15,0.0020503113,0.052200444,0.0,0.04163672,4.6490316000000005e-27,0.14948842,3.4638884e-14,0.028337615,3e-45,0.03933829,0.0,0.01949592,0.0,0.12739,2.9314135e-16,0.2185296,0.0,0.09570513,0.0,0.0724758,0.0,0.057182502,2.9011797000000004e-16,0.099167064
2.2102823e-12,2.1150758e-15,0.0037316093,0.012421362,0.0,0.046697713,3.8335624e-27,0.1738995,5.77136e-14,0.083923884,3e-45,0.092484415,0.0,0.38375202,0.0,0.13296911,3.1040105000000003e-16,0.4828691,0.0,0.10010312,0.0,0.07377094,0.0,0.057940073,3.25795e-16,0.042133547
2.147829e-12,1.9196702e-15,0.0037213052,0.065832496,0.0,0.046508055,1.6195181e-27,0.11782904,7.0295244e-14,0.09204855,0.0,0.3635076,0.0,0.21145652,0.0,0.13517481,1.9204707e-16,0.40484002,0.0,0.102378234,0.0,0.08599576,0.0,0.06677026,3.6742998e-16,0.012428872
2.0873058e-12,3.1038608e-13,0.0037110297,0.016068615,0.0,0.046843,8.726513e-28,0.09281005,3.2667665e-14,0.036473785,0.0,0.35969368,0.0,0.119380854,0.0,0.13750236,3.0456056e-17,0.28010738,0.0,0.10456988,0.0,0.07878875,0.0,0.06229008,4.282669e-16,0.22953649
2.0102544e-12,1.5077841e-13,0.00589646,0.05175914,0.0,0.04817086,8.550342e-28,0.07546425,2.1582474e-14,0.016271655,0.0,0.26080203,0.0,0.05168704,0.0,0.14021532,6.9072046e-18,0.15472545,0.0,0.10649201,0.0,0.07932533,0.0,0.062411487,2.0843191e-16,0.1630837
1.8723918e-12,9.031491e-16,0.004012789,0.013304357,0.0,0.0515217,6.5943774e-28,0.11094443,5.994687e-14,0.103413224,0.0,0.1733769,0.0,0.101516135,0.0,0.14410454,7.978315e-18,0.11619417,0.0,0.10952149,0.0,0.08999665,0.0,0.07066703,2.0058219e-16,0.09019618
1.8139496e-12,8.233623500000001e-16,0.0034207476,0.04975805,0.0,0.05545759,3.4357856e-28,0.13078956,3.742511e-14,0.042571187,0.0,0.09593643,0.0,0.111392066,0.0,0.14867094,4.4921115e-17,0.14624457,0.0,0.114734486,0.0,0.090553194,0.0,0.07341802,2.2261881e-16,0.026600262
1.7669089e-12,6.2389556000000015e-16,0.003411302,0.018905029,0.0,0.057844266,2.5413597e-28,0.15855892,6.2754164e-14,0.08949039,0.0,0.033779215,0.0,0.0532318,0.0,0.15216604,2.6696172e-17,0.1301853,0.0,0.11821188,0.0,0.095182344,0.0,0.07702348,2.7560927000000004e-16,0.19096117
1.7190974e-12,5.504341400000001e-16,0.0034040888,0.114095666,0.0,0.06075624,2.3854482e-28,0.1052064,3.643178e-14,0.08431175,0.0,0.09618017,0.0,0.3933477,0.0,0.15541299,1.5688619e-17,0.07410723,0.0,0.12242171,0.0,0.097958356,0.0,0.08001792,1.7438943e-16,0.2629313
1.6419616e-12,7.390016e-14,0.0020444095,0.03618759,0.0,0.06058958,1.8790786e-28,0.077015005,1.813952e-14,0.0585149,0.0,0.06929139,0.0,0.17755155,0.0,0.15730585,1.4298833e-17,0.018038869,0.0,0.12546663,0.0,0.10490611,0.0,0.086244166,1.02054904e-16,0.19390014
1.5794278e-12,6.144506e-14,0.008011287,0.0105439825,0.0,0.060312524,1.4700798e-28,0.10355976,1.5423701e-14,0.07254878,0.0,0.037051894,0.0,0.09810649,0.0,0.15876953,1.938013e-17,0.8002183,0.0,0.12579188,0.0,0.103202544,0.0,0.08539571,1.0822027e-16,0.122410834
1.4851676e-12,1.0407312e-11,0.007989166,0.021154143,0.0,0.056390945,1.3386756e-28,0.12361744,4.26272e-14,0.029156052,0.0,0.11096328,0.0,0.05894259,0.0,0.15836976,2.2414805e-16,0.3582704,0.0,0.123848416,0.0,0.10399312,0.0,0.083833046,1.08864685e-16,0.049408253
1.3986815e-12,1.8069667e-16,0.0068047876,0.031402316,0.0,0.058440268,1.2530863e-28,0.15937597,8.058569e-14,0.048073605,0.0,0.0919128,0.0,0.05166864,0.0,0.16045098,3.430444000000001e-17,0.27669019,0.0,0.1251188,0.0,0.10302662,0.0,0.08355925,1.5039963e-16,0.027988939
1.3277672e-12,1.5317523e-16,0.0051723206,0.021628907,0.0,0.058490902,6.539034e-29,0.20947832,4.867314e-14,0.022713508,0.0,0.0468512,0.0,0.071559384,0.0,0.16130082,4.433402e-17,0.24550523,0.0,0.125819,0.0,0.106040195,0.0,0.08466302,1.5720246000000002e-16,0.10020848
1.2757587e-12,1.3620404e-16,0.0049667037,0.04264195,0.0,0.057548642,4.6010006e-29,0.18929379,4.6972622e-14,0.054452576,0.0,0.035627585,0.0,0.27222228,0.0,0.16150081,1.9571292e-17,0.19549781,0.0,0.12488021,0.0,0.10104448,0.0,0.08172555,1.7856668000000002e-16,0.21515933
1.222017e-12,1.0904008999999999e-16,0.0034462472,0.0087462915,0.0,0.05451505,8.179311299999998e-29,0.15284035,5.2904218e-14,0.025391707,0.0,0.110903285,0.0,0.11730716,0.0,0.16071947,1.04704894e-17,0.11922358,0.0,0.123991154,0.0,0.10205425,0.0,0.080746755,7.465296000000001e-17,0.1410205
1.1900936e-12,1.00481824e-16,0.0034367319,0.01770608,0.0,0.05389542,5.568839699999998e-29,0.09785559,7.194434e-14,0.039704807,0.0,0.090999834,0.0,0.19900909,0.0,0.16086978,9.3929105e-18,0.032000374,0.0,0.12436768,0.0,0.098334745,0.0,0.07788096,6.128872e-17,0.08433454
1.1590889e-12,9.083375e-17,0.0034272424,0.055391308,0.0,0.054377355,3.3035377e-29,0.09455353,5.85983e-14,0.026782244,0.0,0.04948639,0.0,0.12120244,0.0,0.16135576,1.24113405e-17,0.12510759,0.0,0.12521148,0.0,0.104603894,0.0,0.082425386,5.981754e-17,0.08919065
1.1126738e-12,6.776627500000001e-17,0.0017903466,0.022167964,0.0,0.054274697,3.8752780000000003e-29,0.11499815,8.162703e-14,0.072493486,0.0,0.019309267,0.0,0.048012458,0.0,0.16154133,7.986644e-18,0.07554124,0.0,0.122877814,0.0,0.09637459,0.0,0.076148905,7.2480087e-17,0.022681646
1.0761845e-12,6.041478000000001e-17,0.0030318638,0.032646857,0.0,0.054896433,2.4726795e-29,0.08983116,5.0207197e-14,0.024575599,0.0,0.18884978,0.0,0.057091374,0.0,0.16233629,5.784292499999999e-18,0.04833006,0.0,0.122196436,0.0,0.09976523,0.0,0.0776208,9.313315e-17,0.17013629
1.0337794e-12,5.113713e-17,0.0015336649,0.013352317,0.0,0.054709334,1.4348941e-29,0.0803014,5.759232e-14,0.051583122,0.0,0.18430221,0.0,0.112457305,0.0,0.16222072,3.773626e-18,0.20912685,0.0,0.12266582,0.0,0.09680633,0.0,0.075409785,4.4897425e-17,0.10754351
9.970507e-13,4.2092936e-14,0.0022545094,0.035555158,0.0,0.052339647,1.9874667e-29,0.049067244,3.6871544e-14,0.012792546,0.0,0.13969864,0.0,0.10862588,0.0,0.16111085,2.0503853e-18,0.17218405,0.0,0.12147302,0.0,0.10013408,0.0,0.07714915,3.7935297e-17,0.114406385
9.624399e-13,3.8648042e-17,0.0011097309,0.02176535,0.0,0.05030032,2.387853e-29,0.02524461,2.8777853e-14,0.08164574,0.0,0.08424908,0.0,0.16679844,0.0,0.15993035,1.9329019e-18,0.1026952,0.0,0.12027841,0.0,0.093082935,0.0,0.07155632,4.90708e-17,0.036745876
8.558554e-13,3.4487843e-17,0.00069029577,0.033145465,0.0,0.052554607,2.7613737e-29,0.07368091,1.6785547e-14,0.03075733,0.0,0.048425365,0.0,0.09862901,0.0,0.16080512,2.220435e-18,0.26658309,0.0,0.12227395,0.0,0.10664049,0.0,0.08180786,6.322876000000001e-17,0.019294808
8.007803e-13,1.2432647e-13,0.0020227213,0.012251365,0.0,0.0540984,1.4222311e-29,0.13534412,1.1628123e-14,0.030637793,0.0,0.017519204,0.0,0.037875466,0.0,0.16134162,2.5097142e-18,0.34783965,0.0,0.12220078,0.0,0.09784474,0.0,0.077659406,7.723971e-17,0.20352782
7.789278e-13,9.602207e-14,0.0017699661,0.030708987,0.0,0.051948484,1.3745664e-29,0.15303259,7.8026625e-15,0.032304052,0.0,0.20257242,0.0,0.06407258,0.0,0.16020155,2.2407641e-17,0.33047265,0.0,0.12034508,0.0,0.09322907,0.0,0.07247901,3.4053770000000005e-17,0.126933
7.6840975e-13,1.6179682e-13,0.0017650794,0.0058689895,0.0,0.05099267,1.241172e-29,0.13984852,5.5562964e-15,0.021577219,0.0,0.22406527,0.0,0.5862544,0.0,0.15962897,1.5991112e-17,0.2616533,0.0,0.11914133,0.0,0.098414615,0.0,0.07507003,2.9430153e-17,0.07699475
7.5642075e-13,1.7291421e-13,0.0015314791,0.018816045,0.0,0.052332245,1.3282616999999998e-29,0.13447692,4.16451e-15,0.031328935,0.0,0.18888356,0.0,0.30798283,0.0,0.15992467,2.8875002e-18,0.17078859,0.0,0.119698405,0.0,0.09360781,0.0,0.07282344,3.2684007e-17,0.099967815
7.458567e-13,7.3544395e-14,0.0021560786,0.03067763,0.0,0.054181878,7.1488556e-30,0.080181524,3.741705e-15,0.024063945,0.0,0.13257045,0.0,0.1522638,0.0,0.16074942,7.897667e-19,0.087043606,0.0,0.121125124,0.0,0.097711794,0.0,0.07609492,4.6733663e-17,0.052910637
6.4268637e-13,4.9251734e-14,0.0090103615,0.010362048,0.0,0.051346824,5.9405256e-30,0.06456377,2.8638089e-15,0.041660395,0.0,0.064327665,0.0,0.061790247,0.0,0.159409,5.100843e-19,0.03143012,0.0,0.12007607,0.0,0.09315421,0.0,0.07242664,5.962861000000001e-17,0.16443813
5.5937687e-13,9.3727895e-14,0.0017704124,0.022791293,0.0,0.04997496,1.0556273e-29,0.06518092,1.856884e-15,0.0068650777,0.0,0.03321682,0.0,0.21523705,0.0,0.15823722,7.517236499999999e-19,0.098450966,0.0,0.11867406,0.0,0.09793911,0.0,0.07455869,3.1190777e-17,0.18438305
4.994814e-13,2.4411518e-14,0.0010422197,0.014789392,0.0,0.050268047,8.836825e-30,0.07744864,1.5013897e-15,0.031598434,0.0,0.26971993,0.0,0.14929248,0.0,0.15798743,1.0739512e-18,0.089131884,0.0,0.12007018,0.0,0.093330175,0.0,0.072950065,2.2808673e-17,0.10557711
4.4920654e-13,3.6851988e-14,0.011351631,0.017243963,0.0,0.049337514,5.933665700000001e-30,0.060877807,1.1022045e-15,0.023917109,0.0,0.27237916,0.0,0.062465005,0.0,0.15720876,1.1897705999999998e-18,0.047150567,0.0,0.11896263,0.0,0.09337668,0.0,0.07167399,2.6057232e-17,0.037541833
4.1149397e-13,9.997223e-18,0.005120635,0.0368676,0.0,0.04593671,3.3716217e-30,0.0640987,2.7352638e-15,0.04247251,0.0,0.21628155,0.0,0.017131906,0.0,0.15495007,1.1456003e-18,0.024258116,0.0,0.11569676,0.0,0.086980894,0.0,0.066239886,3.3494647e-17,0.077188805
3.8566505e-13,4.7571827e-14,0.012597254,0.010936657,0.0,0.04799423,6.750534e-30,0.038223557,1.9078259e-15,0.013264866,0.0,0.19406459,0.0,0.6576728,0.0,0.15586612,1.1720409e-18,0.36614984,0.0,0.11644419,0.0,0.09742928,0.0,0.07339869,4.3367094e-17,0.117364876
3.500966e-13,2.3330679e-14,0.01256248,0.015996426,0.0,0.049856696,6.532501e-30,0.03776253,1.6560634e-15,0.036242183,0.0,0.17152053,0.0,0.40771842,0.0,0.15681647,1.1823392e-18,0.2629934,0.0,0.116916634,0.0,0.089606695,0.0,0.069118716,2.6652323e-17,0.040608663
3.1789342e-13,1.8785398e-14,0.012527802,0.027200248,0.0,0.045823485,5.499047e-30,0.05414684,1.138929e-15,0.013467901,0.0,0.13196881,0.0,0.23105682,0.0,0.15433516,1.0672865e-18,0.20538133,0.0,0.11566416,0.0,0.08811474,0.0,0.067048624,2.6597511e-17,0.05911287
2.807303e-13,5.7989285e-14,0.003130949,0.011644456,0.0,0.044441197,3.7402195e-30,0.065329246,7.556364e-16,0.025668964,0.0,0.09754123,0.0,0.12473296,0.0,0.15283924,1.174959e-18,0.22946808,0.0,0.11480777,0.0,0.08966832,0.0,0.06710105,3.2247692e-17,0.118117
2.7367903e-13,2.0794283e-14,0.0027531786,0.013029041,0.0,0.0423529,3.6783558e-30,0.05805151,6.805811e-16,0.013499333,0.0,0.25967306,0.0,0.040690113,0.0,0.1508067,7.638923999999999e-19,0.16674009,0.0,0.11134621,0.0,0.081843644,0.0,0.061044242,1.4798642e-17,0.06260645
2.6795225e-13,5.2192197e-18,0.0027455788,0.009261154,0.0,0.042325176,5.081376e-30,0.0559932,2.4418874e-15,0.022251781,0.0,0.24807619,0.0,0.21731628,0.0,0.15007617,1.0162194e-18,0.07204291,0.0,0.10922371,0.0,0.08738496,0.0,0.06407347,1.3960129e-17,0.048446193
2.6139797e-13,4.8361860000000004e-18,0.002075473,0.015527232,0.0,0.041050956,2.0800455e-30,0.020188442,5.497436e-15,0.015436254,0.0,0.22855483,0.0,0.17919664,0.0,0.14855145,1.3891559e-18,0.082634084,0.0,0.108017035,0.0,0.07844398,0.0,0.057758756,1.7529931e-17,0.019029748
2.5486015e-13,4.4302007e-18,0.0013007189,0.021676123,0.0,0.040126204,2.472104e-30,0.06374711,4.9960536e-15,0.037902787,0.0,0.15797822,0.0,0.10958203,0.0,0.147155,1.243471e-18,0.06722017,0.0,0.105716065,0.0,0.07939459,0.0,0.05701907,2.1074782e-17,0.07968685
2.4538685e-13,1.970046e-14,0.0006310884,0.03317276,0.0,0.041642226,1.5099564e-30,0.050477035,3.6918545e-15,0.021240633,0.0,0.08573206,0.0,0.035325877,0.0,0.1473531,2.1353558e-18,0.038536288,0.0,0.104544125,0.0,0.07500043,0.0,0.05527055,1.7143219e-17,0.020083811
2.4351381e-13,1.8089981e-14,0.00058496324,0.008495008,0.0,0.040322397,7.7236073e-31,0.042913422,2.6116129e-15,0.028205812,0.0,0.02842175,0.0,0.10287108,0.0,0.1459297,2.7898116e-18,0.1119753,0.0,0.10335134,0.0,0.08060798,0.0,0.05789904,1.9134880000000002e-17,0.07905697
2.41027e-13,4.609316e-14,0.0026531497,0.0147944065,0.0,0.04117709,1.5259129e-30,0.032577716,1.7957198e-15,0.021133764,0.0,0.09527472,0.0,0.23190892,0.0,0.14605281,1.9524643e-18,0.14635538,0.0,0.106041975,0.0,0.07387489,0.0,0.054533813,1.4628605e-17,0.030735942
2.314137e-13,1.7318463e-15,0.0037365665,0.03030689,0.0,0.041191567,2.271655e-30,0.03466702,1.4905817e-15,0.027093556,0.0,0.06406851,0.0,0.11453372,0.0,0.14563939,2.5587087e-18,0.19013551,0.0,0.10318779,0.0,0.0781188,0.0,0.056173634,1.6551850000000002e-17,0.03666266
2.225896e-13,2.4019704e-18,0.00213582,0.014059119,0.0,0.038085207,1.0676564e-30,0.01252096,7.156613e-15,0.029362747,0.0,0.026902547,0.0,0.09162191,0.0,0.14274117,7.987943999999999e-19,0.18339318,0.0,0.09968943,0.0,0.06742523,0.0,0.048192564,1.7622105e-17,0.04198778
2.097997e-13,2.3005716e-13,0.004900574,0.0152106555,0.0,0.038426798,4.955128e-31,0.088941835,8.719958e-15,0.02637105,0.0,0.016931085,0.0,0.06247397,0.0,0.14190926,4.0223275e-19,0.13794768,0.0,0.10050383,0.0,0.08159477,0.0,0.058410566,1.5671589e-17,0.0379545
2.0140955e-13,3.7061205e-14,0.0033579087,0.048276354,0.0,0.039365236,1.2597847e-30,0.048734084,6.3965912e-15,0.011595148,0.0,0.049261518,0.0,0.10087516,0.0,0.14212109,6.08473e-19,0.094395585,0.0,0.102541365,0.0,0.07495445,0.0,0.05574747,1.7489846e-17,0.10998451
1.9191006e-13,8.548259e-17,0.0024290115,0.019316593,0.0,0.041126482,7.451e-31,0.051792786,1.1699039e-14,0.0488307,0.0,0.022350442,0.0,0.06634231,0.0,0.1432074,5.9876787e-19,0.047693547,0.0,0.10318684,0.0,0.07365824,0.0,0.054994423,8.6095125e-18,0.12544307
1.88026e-13,1.5460238e-14,0.0020913328,0.01978898,0.0,0.038990792,6.696162e-31,0.03172887,6.5036833e-15,0.011199681,0.0,0.027796848,0.0,0.41778618,0.0,0.14158991,5.652738999999999e-19,0.023421997,0.0,0.0996099,0.0,0.07576442,0.0,0.054397378,8.181421000000001e-18,0.046972904
1.8082095e-13,5.906813e-14,0.0049054,0.02419586,0.0,0.039529484,5.4183853e-31,0.020689901,4.1718685e-15,0.04231164,0.0,0.08565957,0.0,0.23365591,0.0,0.14143375,5.3242855e-19,0.2728126,0.0,0.10042758,0.0,0.07078229,0.0,0.052186467,1.0561691e-17,0.029617265
1.7413462e-13,8.368507e-15,0.00489186,0.017799137,0.0,0.038387474,8.879834e-31,0.023064418,4.5835723e-15,0.011182206,0.0,0.05046585,0.0,0.12975916,0.0,0.14056192,3.9309724e-19,0.18793102,0.0,0.10257209,0.0,0.08019246,0.0,0.058065034,1.0965075e-17,0.06434258
1.529253e-13,1.0157384999999999e-16,0.026269887,0.018343152,0.0,0.039315965,4.743996000000001e-31,0.06482014,6.2276065e-15,0.033490963,0.0,0.019911533,0.0,0.05819689,0.0,0.14079562,3.419017e-19,0.09015841,0.0,0.10091079,0.0,0.07195761,0.0,0.05355365,1.25190055e-17,0.08088445
1.2866719e-13,9.9761244e-17,0.011056077,0.019766236,0.0,0.03857384,5.5071163e-31,0.06543807,4.361903e-15,0.01554045,0.0,0.1309483,0.0,0.024122065,0.0,0.14016019,4.3544995e-19,0.14844675,0.0,0.10030968,0.0,0.07202327,0.0,0.05288076,8.477378000000001e-18,0.029163625
1.1819158e-13,1.1068295e-13,0.011025561,0.08382677,0.0,0.039171916,5.3453104e-31,0.07995467,2.784883e-15,0.08296538,0.0,0.14336681,0.0,0.3966262,0.0,0.14046535,5.262425e-19,0.17842172,0.0,0.10115045,0.0,0.07178898,0.0,0.052850302,8.830901000000001e-18,0.05372134
1.0890359e-13,6.8485995e-17,0.005824056,0.03317594,0.0,0.037057098,2.7326484e-31,0.07400701,2.7529843e-15,0.024739876,0.0,0.12373942,0.0,0.21793547,0.0,0.13858451,2.70279e-19,0.16330335,0.0,0.098303646,0.0,0.0730549,0.0,0.052654166,8.93596e-18,0.009064703
1.0064703e-13,6.056424e-17,0.0021156252,0.015443367,0.0,0.0358923,2.718242e-31,0.0749164,6.5828233e-15,0.03185221,0.0,0.0798845,0.0,0.15461302,0.0,0.13699782,1.953131e-19,0.1112637,0.0,0.097817495,0.0,0.06741769,0.0,0.04936907,1.0005255e-17,0.08418491
8.430594e-14,3.5431612e-14,0.03021066,0.011707618,0.0,0.035064287,3.1335233e-31,0.02040179,4.3226844e-15,0.01327993,0.0,0.030912569,0.0,0.0773512,0.0,0.13561115,2.4623438e-19,0.04401413,0.0,0.097278416,0.0,0.07670657,0.0,0.05506909,8.457531e-18,0.020768415
6.7421505e-14,5.3150702000000004e-17,0.009390893,0.02547063,0.0,0.03721242,2.7899536000000003e-31,0.046096202,4.2109197e-15,0.037625175,0.0,0.2384607,0.0,0.049489375,0.0,0.13690327,4.2587156e-19,0.11998261,0.0,0.09690536,0.0,0.06827639,0.0,0.050394334,8.9705115e-18,0.08417767
6.261293e-14,4.8637962e-17,0.004650433,0.016823396,0.0,0.035726182,2.0482933e-31,0.026332494,9.603631e-15,0.033982903,0.0,0.2455026,0.0,0.032598324,0.0,0.13561475,2.7327863e-19,0.2328407,0.0,0.096151195,0.0,0.06696735,0.0,0.04855116,5.3781447e-18,0.068618186
5.4997107e-14,4.601364000000001e-17,0.005168307,0.020686906,0.0,0.035135545,2.0364708e-31,0.04102693,6.603787e-15,0.030529432,0.0,0.21371984,0.0,0.037787683,0.0,0.13433717,1.4299823999999998e-19,0.24782409,0.0,0.096093886,0.0,0.067618616,0.0,0.048336558,5.3806767e-18,0.017074676
4.966696e-14,4.2830985e-17,0.0012388659,0.026314486,0.0,0.035352558,1.1385034e-31,0.023789037,6.341113e-15,0.01979781,0.0,0.17139918,0.0,0.1261602,0.0,0.13435441,1.3998662e-19,0.19992827,0.0,0.09543307,0.0,0.064938344,0.0,0.046774685,6.062761e-18,0.08120351
4.769585e-14,9.868852e-13,0.00060872675,0.0059368615,0.0,0.03182491,1.1883447e-31,0.013054652,7.107604e-15,0.01247307,0.0,0.107483365,0.0,0.11488927,0.0,0.130821,1.5186055999999998e-19,0.13739412,0.0,0.09107703,0.0,0.0657532,0.0,0.04593683,4.673278499999999e-18,0.023798196
4.622261e-14,3.6958274e-17,0.0007637156,0.014341397,0.0,0.03021197,1.3763063e-31,0.028259955,6.7191503e-15,0.02993877,0.0,0.04761043,0.0,0.0648342,0.0,0.12831901,2.1406024e-19,0.17827179,0.0,0.09048451,0.0,0.058720414,0.0,0.041493736,5.3131717e-18,0.07008826
4.5826563e-14,3.429531e-14,0.0014797174,0.020355957,0.0,0.032409552,1.802759e-31,0.0414002,5.3572627e-15,0.010742373,0.0,0.028056502,0.0,0.05944521,0.0,0.12926257,1.08408423e-19,0.1463134,0.0,0.09243394,0.0,0.07281136,0.0,0.05126725,4.945651e-18,0.012075152
4.395551e-14,5.5552215e-15,0.002916739,0.022075377,0.0,0.03477734,8.6315475e-32,0.027839873,4.8105487e-15,0.047597684,0.0,0.031005789,0.0,0.48288617,0.0,0.13103852,1.00152734e-19,0.16103867,0.0,0.095170245,0.0,0.065982655,0.0,0.048527747,5.834318299999999e-18,0.12689681
3.9739913e-14,2.803996e-17,0.00081560196,0.018772777,0.0,0.032031253,5.6459646e-32,0.013605487,5.7994834e-15,0.014672567,0.0,0.23683548,0.0,0.27905846,0.0,0.12886076,7.805833e-20,0.15143955,0.0,0.0918555,0.0,0.062994435,0.0,0.044937503,3.4144231e-18,0.051291734
3.4134418e-14,2.5840469000000002e-17,0.0011302872,0.016905332,0.0,0.030115345,7.5110557e-32,0.0501496,9.247095e-15,0.04151246,0.0,0.24419846,0.0,0.22311185,0.0,0.12679215,1.4331554e-19,0.11678194,0.0,0.08820122,0.0,0.062424388,0.0,0.043008484,3.584677e-18,0.01253463
2.961493e-14,2.3902615e-17,0.012333283,0.025127739,0.0,0.032513976,4.9084547e-32,0.044686813,7.1797215e-15,0.015578534,0.0,0.21101356,0.0,0.11197611,0.0,0.12813082,3.0410504e-19,0.07324171,0.0,0.089626685,0.0,0.059378378,0.0,0.041997287,4.4523195e-18,0.10397584
2.7110924e-14,2.1426740000000002e-17,0.008006107,0.019698167,0.0,0.031427607,6.892262e-32,0.039784167,6.2771308e-15,0.045738235,0.0,0.14191997,0.0,0.047741998,0.0,0.12719591,4.1330981e-19,0.16217048,0.0,0.08945055,0.0,0.0713464,0.0,0.050472565,3.7727588e-18,0.027310671
2.5438866e-14,1.9509697e-17,0.005436245,0.031441014,0.0,0.03132477,3.7938695e-32,0.052651357,3.5924205e-15,0.008324135,0.0,0.08233366,0.0,0.02802068,0.0,0.12631848,2.3730444e-19,0.122544594,0.0,0.087008074,0.0,0.059286565,0.0,0.04262601,4.3900063e-18,0.060146604
2.3251532e-14,3.231413e-14,0.0014213941,0.0052089067,0.0,0.029868392,3.8240689e-32,0.038789056,3.8658567e-15,0.015882185,0.0,0.05304088,0.0,0.08900046,0.0,0.1243417,1.5013534999999998e-19,0.15208489,0.0,0.08819541,0.0,0.05933383,0.0,0.042411078,4.224586e-18,0.010719775
2.2999059e-14,2.2826418e-14,0.001417471,0.009354285,0.0,0.029725784,2.9891816e-32,0.027683038,3.651147e-15,0.018980281,0.0,0.025709633,0.0,0.06909217,0.0,0.12356137,1.494131e-19,0.120425105,0.0,0.086137764,0.0,0.06104729,0.0,0.042707097,4.8164647e-18,0.086414345
2.2637382e-14,1.4834839000000002e-17,0.0011625576,0.022157844,0.0,0.030902682,3.2597484e-32,0.025819141,3.5322642e-15,0.018662,0.0,0.25236636,0.0,0.08931016,0.0,0.12416984,1.9778214e-19,0.0669761,0.0,0.087525,0.0,0.057329174,0.0,0.040939476,3.3959234e-18,0.029858457
1.9887307e-14,1.3357009000000001e-17,0.039213452,0.028856609,0.0,0.030833744,1.5345683e-32,0.053759433,5.7365124e-15,0.027792636,0.0,0.2480522,0.0,0.04605594,0.0,0.12376634,2.8361157e-19,0.16859992,0.0,0.08687987,0.0,0.065359645,0.0,0.04504876,3.86051e-18,0.044746064
1.546438e-14,1.1574462e-17,0.024478758,0.01832058,0.0,0.03134604,2.889304e-32,0.03129689,4.6972627e-15,0.026228013,0.0,0.20535521,0.0,0.04804354,0.0,0.12404227,3.1779336e-19,0.11799172,0.0,0.088600025,0.0,0.06024267,0.0,0.04299031,4.0893146e-18,0.06213327
1.3115617e-14,1.05526905e-17,0.015840417,0.02212098,0.0,0.031935077,2.87911e-32,0.040517434,5.286945e-15,0.022397902,0.0,0.15167123,0.0,0.08346588,0.0,0.12480377,3.0054336e-19,0.18740527,0.0,0.08825742,0.0,0.06615273,0.0,0.046893872,2.9423265e-18,0.06471606
1.1737601e-14,9.114689e-15,0.008853964,0.03326268,0.0,0.03175102,2.9687947000000003e-32,0.017045248,3.59373e-15,0.026963288,0.0,0.09387811,0.0,0.050389588,0.0,0.1246672,2.5759991e-19,0.15291333,0.0,0.088775314,0.0,0.059724424,0.0,0.04324378,3.281699e-18,0.054335114
1.0965892e-14,1.3117628e-14,0.008829527,0.0100950515,0.0,0.03112115,2.1203173e-32,0.02193666,3.313276e-15,0.013518016,0.0,0.044267584,0.0,0.0516777,0.0,0.123668656,2.7264129999999995e-19,0.09507027,0.0,0.088470444,0.0,0.06545175,0.0,0.04650792,2.923526e-18,0.010485317
1.0139499e-14,7.304861000000001e-18,0.00350277,0.02018842,0.0,0.031425767,1.8237764e-32,0.04374298,2.1942075e-15,0.04650389,0.0,0.017064108,0.0,0.16627158,0.0,0.12349179,2.9716725e-19,0.15019694,0.0,0.08719693,0.0,0.057865813,0.0,0.04159089,3.3803104e-18,0.103792585
9.55064e-15,6.631878e-18,0.0025701402,0.015270777,0.0,0.030415824,2.2643208e-32,0.038781833,2.7151457e-15,0.0146040805,0.0,0.17736301,0.0,0.15399559,0.0,0.12259855,1.4848106999999998e-19,0.104221195,0.0,0.08411855,0.0,0.06146798,0.0,0.04224133,2.5195791e-18,0.027313577
9.111383e-15,6.0923647e-18,0.0013823273,0.026156323,0.0,0.030344067,1.8268474e-32,0.015182744,2.9493988e-15,0.03392287,0.0,0.17878829,0.0,0.10598653,0.0,0.12193762,1.3699508e-19,0.03936779,0.0,0.08597858,0.0,0.055821165,0.0,0.039586723,2.8081436e-18,0.06370087
8.895777e-15,5.327018e-18,0.0057507562,0.024192655,0.0,0.03306305,1.3180432e-32,0.04005976,2.9259502e-15,0.026880186,0.0,0.1479757,0.0,0.044677537,0.0,0.1244216,1.7821402e-19,0.21349496,0.0,0.09136985,0.0,0.072854154,0.0,0.05302074,2.3882344e-18,0.027078737
8.412503e-15,4.7120083e-18,0.004818332,0.041317903,0.0,0.032924604,1.1591528499999999e-32,0.06549179,3.387546e-15,0.041054726,0.0,0.107391804,0.0,0.13147609,0.0,0.12483432,1.2686819999999998e-19,0.23594642,0.0,0.088307425,0.0,0.061626885,0.0,0.045358106,2.7402477e-18,0.09320588
8.093291e-15,3.805906e-18,0.0036566749,0.019831225,0.0,0.036293373,1.3603962e-32,0.123772524,2.5380129e-15,0.016140718,0.0,0.0867938,0.0,0.50005764,0.0,0.12820046,1.3089093e-19,0.19917297,0.0,0.091832355,0.0,0.06350342,0.0,0.04697513,1.5706963999999998e-18,0.10630012
7.831699e-15,3.4480343e-18,0.0028246588,0.02318118,0.0,0.034113556,5.450393e-33,0.1406402,2.9978122e-15,0.02228042,0.0,0.05116161,0.0,0.34078208,0.0,0.1266646,1.3643017e-19,0.14754179,0.0,0.086984366,0.0,0.059795547,0.0,0.042770293,1.6346543e-18,0.038586505
7.651635e-15,3.0647544e-18,0.0024182396,0.027024666,0.0,0.0344095,5.0595003e-33,0.17219968,3.2058797e-15,0.03667053,0.0,0.25143182,0.0,0.21991369,0.0,0.1265298,1.5739905e-19,0.13447802,0.0,0.0876417,0.0,0.062285133,0.0,0.04515182,1.9738713e-18,0.09113977
7.406002e-15,2.6523848e-18,0.0019565201,0.02500766,0.0,0.033913463,2.9066868e-33,0.1770619,2.4667562e-15,0.011767179,0.0,0.2641721,0.0,0.13980255,0.0,0.12619375,1.2394757e-19,0.061173648,0.0,0.08766473,0.0,0.058029816,0.0,0.041705523,1.3015859e-18,0.068798095
7.295536e-15,2.3368167e-18,0.00195112,0.03678327,0.0,0.036175106,3.9041334e-33,0.15010655,2.6919317e-15,0.05854717,0.0,0.2049093,0.0,0.09836316,0.0,0.12847687,1.4371639e-19,0.12813596,0.0,0.09092115,0.0,0.07281798,0.0,0.05259406,1.4157916e-18,0.011634407
6.937887e-15,4.3693915e-15,0.0021450794,0.012413072,0.0,0.035193097,2.5554762e-33,0.12327553,1.623529e-15,0.026215628,0.0,0.14672202,0.0,0.037417755,0.0,0.12797542,1.1063265e-19,0.14107777,0.0,0.08894759,0.0,0.062744655,0.0,0.046542484,1.6883826e-18,0.14343224
6.7984995e-15,1.7925075999999997e-18,0.0016798789,0.020022037,0.0,0.032245707,1.9160782e-33,0.13755122,1.7770474e-15,0.017662248,0.0,0.07852624,0.0,0.035413694,0.0,0.12501688,9.04263e-20,0.1294399,0.0,0.087707415,0.0,0.05900839,0.0,0.04271635,1.1085824e-18,0.06391182
6.71134e-15,8.716505e-14,0.0016752422,0.021730606,0.0,0.0354335,3.4588430000000005e-33,0.1021106,1.7184097e-15,0.035995945,0.0,0.046117183,0.0,0.3562294,0.0,0.12769534,1.07597696e-19,0.12251396,0.0,0.09113245,0.0,0.07858486,0.0,0.056146104,1.2310117e-18,0.012956046
6.523376e-15,1.4476978999999998e-18,0.00090124767,0.015583286,0.0,0.03616715,3.1810490000000004e-33,0.10581291,2.3830323e-15,0.01788471,0.0,0.0681244,0.0,0.35234544,0.0,0.1285771,8.684067e-20,0.0740185,0.0,0.09106697,0.0,0.066743694,0.0,0.04969227,1.4607645e-18,0.16374922
6.4611605e-15,1.3233837e-18,0.00077381806,0.040505905,0.0,0.036120825,2.655659e-33,0.082563475,2.4070328e-15,0.040408075,0.0,0.044893693,0.0,0.28492063,0.0,0.1289032,1.0288367e-19,0.068303086,0.0,0.08942154,0.0,0.060914297,0.0,0.044736013,7.227065999999999e-19,0.08672234
6.2749272e-15,1.0812438e-18,0.00044084125,0.012726327,0.0,0.034865033,3.4087345e-33,0.08770975,1.8618026e-15,0.027553553,0.0,0.07958472,0.0,0.20188951,0.0,0.12813045,6.947705e-20,0.08358134,0.0,0.08958822,0.0,0.07584727,0.0,0.0538828,7.5967673e-19,0.022319822
6.123442e-15,1.7353949e-15,0.00052894914,0.036407817,0.0,0.036859687,1.7122936e-33,0.06297,1.2883153e-15,0.03280779,0.0,0.05122035,0.0,0.10159161,0.0,0.12986407,4.2905759999999997e-20,0.07561277,0.0,0.09514762,0.0,0.07113289,0.0,0.053787887,9.255602e-19,0.0506449
5.9727245e-15,1.8397263e-15,0.00801091,0.010816278,0.0,0.037207138,1.8270308e-33,0.09434673,9.327535e-16,0.014340746,0.0,0.020187084,0.0,0.032615386,0.0,0.13087507,3.2690404e-20,0.05483154,0.0,0.09486669,0.0,0.06573643,0.0,0.049077313,1.0682417e-18,0.084842294
5.6240434e-15,2.9001347e-15,0.00711793,0.0076820296,0.0,0.03769966,1.2662945e-33,0.07323925,8.0252846e-16,0.017856533,0.0,0.16168022,0.0,0.34065905,0.0,0.13177806,3.262597e-20,0.033940174,0.0,0.091217294,0.0,0.07136369,0.0,0.05065589,7.995247999999999e-19,0.04952094
5.3282684e-15,1.7615018e-15,0.0055074454,0.016705774,0.0,0.038104206,1.6629223e-33,0.10453577,6.367470700000001e-16,0.023334686,0.0,0.15524252,0.0,0.33390754,0.0,0.13295275,3.291828e-20,0.032049205,0.0,0.094109125,0.0,0.06744227,0.0,0.04983849,9.383321e-19,0.011297278
4.9947796e-15,5.7012636e-13,0.00443404,0.017919777,0.0,0.03832086,7.101481e-34,0.075102076,4.767341e-16,0.013870433,0.0,0.123795,0.0,0.2170728,0.0,0.13335128,3.3313817e-20,0.14067961,0.0,0.09380158,0.0,0.069400534,0.0,0.05045412,1.1102096e-18,0.13555671
4.7792813e-15,4.4176487e-15,0.0023505783,0.018661514,0.0,0.036648534,7.146285e-34,0.07977195,3.390293e-16,0.0397679,0.0,0.06827918,0.0,0.11069779,0.0,0.13225654,3.1946187e-20,0.07173318,0.0,0.092706166,0.0,0.06251556,0.0,0.04553621,6.346605999999999e-19,0.0664088
4.685166e-15,4.429646e-15,0.0020176326,0.011651226,0.0,0.0360881,4.6364124e-34,0.047077354,2.889199e-16,0.01038698,0.0,0.024056325,0.0,0.10955608,0.0,0.13205622,3.57386e-20,0.022906741,0.0,0.09185065,0.0,0.075467154,0.0,0.05363457,6.3595476e-19,0.016973693
4.2955e-15,4.8663097e-15,0.0049511828,0.022080211,0.0,0.0365287,7.674926e-34,0.04912973,2.2646326000000004e-16,0.029093567,0.0,0.26216248,0.0,0.060604416,0.0,0.13233857,3.883854e-20,0.30520988,0.0,0.09462547,0.0,0.068796806,0.0,0.051455095,7.6812876e-19,0.12127811
3.8035333e-15,4.3087948e-15,0.0010456679,0.016285408,0.0,0.039769653,3.882252e-34,0.04435115,1.5770643e-16,0.008102336,0.0,0.26763937,0.0,0.110885106,0.0,0.1353026,3.9274473999999997e-20,0.14183867,0.0,0.09653187,0.0,0.0685032,0.0,0.051020194,6.082154999999999e-19,0.04861774
3.5330926e-15,1.6845982e-15,0.00048090413,0.029037165,0.0,0.041532923,3.9026357e-34,0.06516513,1.5137827000000002e-16,0.032228656,0.0,0.2044252,0.0,0.08529774,0.0,0.13759813,3.472988e-20,0.07217696,0.0,0.099187106,0.0,0.079788096,0.0,0.05853684,7.620922999999999e-19,0.010556453
3.5200659e-15,1.2921246e-15,0.00047957656,0.008759258,0.0,0.04193918,3.5134482e-34,0.025215756,1.2013755e-16,0.013728383,0.0,0.14093673,0.0,0.25069323,0.0,0.13890256,3.5979562e-20,0.044281654,0.0,0.10003061,0.0,0.07273588,0.0,0.054910474,9.274529e-19,0.119589925
3.2095614e-15,2.8729495e-19,0.029415721,0.049674883,0.0,0.04141147,2.2949353e-34,0.028996812,1.4552917000000002e-16,0.06327543,0.0,0.09121638,0.0,0.17881861,0.0,0.13929765,3.1122512e-20,0.039043613,0.0,0.10032948,0.0,0.0725896,0.0,0.05426541,8.212507e-19,0.05123135
2.666455e-15,2.239965e-19,0.014549515,0.020232793,0.0,0.0412763,2.8817425e-34,0.05305295,1.2934914e-16,0.026686857,0.0,0.03918964,0.0,0.09423264,0.0,0.13978231,2.2433799e-20,0.084300846,0.0,0.10192658,0.0,0.07706421,0.0,0.057269916,9.041994e-19,0.06436023
2.40614e-15,3.024743e-15,0.009935269,0.029005947,0.0,0.040412128,1.6208423e-34,0.10203908,8.791549e-17,0.022378298,0.0,0.03961888,0.0,0.117177986,0.0,0.13964957,1.5425193e-20,0.0424821,0.0,0.10241265,0.0,0.07245258,0.0,0.05402917,7.046122999999999e-19,0.05506755
2.2293511e-15,1.6862629e-19,0.009907841,0.008188237,0.0,0.042361535,1.1034199e-34,0.10110341,8.869591e-17,0.035630208,0.0,0.017058985,0.0,0.069450036,0.0,0.14134747,1.560927e-20,0.08852181,0.0,0.1032679,0.0,0.08606018,0.0,0.06419133,8.152696999999999e-19,0.11168811
2.0417952e-15,1.5458983e-19,0.0034519455,0.040640954,0.0,0.041445103,1.0632497e-34,0.10149636,1.4036552000000002e-16,0.025507944,0.0,0.19888453,0.0,0.32039636,0.0,0.14146307,1.4685715e-20,0.07931429,0.0,0.10426259,0.0,0.07734458,0.0,0.059281226,4.468278699999999e-19,0.052214973
1.9445638e-15,1.2559285e-19,0.0014647923,0.017076427,0.0,0.041807253,7.106802e-35,0.10442155,4.109516e-16,0.05113904,0.0,0.19935161,0.0,0.15694197,0.0,0.14205207,1.5610664e-20,0.06804819,0.0,0.10445041,0.0,0.07590471,0.0,0.057406574,4.5518157e-19,0.072258204
1.865307e-15,1.1420959e-19,0.0008995988,0.032680795,0.0,0.042893134,2.532434e-35,0.098669395,4.259417e-16,0.026059266,0.0,0.15229726,0.0,0.08487092,0.0,0.14273334,1.7974829e-20,0.036555428,0.0,0.102655135,0.0,0.081353724,0.0,0.059607442,5.711273999999999e-19,0.13705957
1.8445767e-15,2.1818355000000003e-16,0.0020030043,0.007974916,0.0,0.043180063,3.8384778e-35,0.037153427,5.137242e-16,0.037856575,0.0,0.0888895,0.0,0.04183288,0.0,0.14342265,2.1405555e-20,0.18210506,0.0,0.102714255,0.0,0.07460779,0.0,0.055884566,3.176289e-19,0.07132737
1.7375041e-15,5.23029e-16,0.0037616668,0.047293793,0.0,0.04483734,7.503713699999998e-35,0.06700861,9.245498e-16,0.029239522,0.0,0.03378979,0.0,0.055844676,0.0,0.14524138,1.7204305e-20,0.2518504,0.0,0.10647203,0.0,0.082656175,0.0,0.06239634,3.5833723e-19,0.09507442
1.6390402e-15,5.408694e-16,0.0013644368,0.023113994,0.0,0.042741455,5.719147e-35,0.04218035,8.1989846000000015e-16,0.030469336,0.0,0.024151772,0.0,0.30703846,0.0,0.1444746,1.1635506999999999e-20,0.19382285,0.0,0.10487659,0.0,0.07533277,0.0,0.056627367,4.0928044e-19,0.0479959
1.6094681e-15,5.294045400000002e-16,0.0009724562,0.027080849,0.0,0.0410711,4.3538663e-35,0.0597436,7.2968405e-16,0.028060371,0.0,0.27877566,0.0,0.1537374,0.0,0.1435094,7.4174635e-21,0.12381696,0.0,0.10286344,0.0,0.07911292,0.0,0.057886258,5.2039106e-19,0.07420009
1.5384904e-15,5.229082700000002e-16,0.0020427788,0.015939575,0.0,0.040208634,3.001044e-35,0.05157669,6.096598500000002e-16,0.024831953,0.0,0.27672225,0.0,0.17307755,0.0,0.14288986,6.7609615000000004e-21,0.049298935,0.0,0.10384252,0.0,0.07458729,0.0,0.055562843,3.7261506e-19,0.0667869
1.5079552e-15,5.362407300000001e-16,0.0015485487,0.01590376,0.0,0.040587246,3.1713113e-35,0.05120009,6.639662e-16,0.020410646,0.0,0.21318935,0.0,0.09070383,0.0,0.14303295,9.262517e-21,0.15293665,0.0,0.10242079,0.0,0.07902824,0.0,0.05723866,4.4604034e-19,0.02935164
1.4375304e-15,5.528429e-16,0.00064081105,0.04379873,0.0,0.041265998,1.4093236e-35,0.01588248,9.076096e-16,0.034365125,0.0,0.15337071,0.0,0.05155068,0.0,0.14361249,1.04604986e-20,0.24867857,0.0,0.10214901,0.0,0.071805626,0.0,0.05252405,4.9581283e-19,0.09205643
1.3762908e-15,4.6701066e-16,0.00052300526,0.019243708,0.0,0.03902616,1.928889e-35,0.078035906,7.017603e-16,0.014816936,0.0,0.105381906,0.0,0.4396576,0.0,0.14208291,1.0871076e-20,0.23844688,0.0,0.09914851,0.0,0.073856935,0.0,0.052525796,2.90623e-19,0.082630746
1.3263497e-15,4.3763736e-16,0.0044499654,0.047200233,0.0,0.04061041,1.7936817e-35,0.054291364,6.297359e-16,0.063392214,0.0,0.053998154,0.0,0.22316831,0.0,0.1433653,1.2298975e-20,0.1723979,0.0,0.10483175,0.0,0.073546104,0.0,0.054755986,2.751233e-19,0.031680215
1.2769837e-15,3.5520017e-16,0.0031294296,0.008110896,0.0,0.04268031,2.8305936e-35,0.13312931,4.4630844e-16,0.015223604,0.0,0.04562817,0.0,0.2137509,0.0,0.14553027,1.3161976e-20,0.08511186,0.0,0.10671137,0.0,0.08614975,0.0,0.06362167,3.5203517e-19,0.121236496
1.2425419e-15,9.579176e-16,0.0043765972,0.013304238,0.0,0.042270895,8.870932e-36,0.07787248,3.8409003e-16,0.04064763,0.0,0.28155383,0.0,0.12213746,0.0,0.14615609,1.6609426e-20,0.02705193,0.0,0.106867194,0.0,0.079215296,0.0,0.059781432,2.086905e-19,0.13767757
1.1945132e-15,3.1651895e-16,0.0037467515,0.036920838,0.0,0.044316545,1.0283675e-35,0.030019756,3.4078526000000003e-16,0.035854895,0.0,0.26122257,0.0,0.052450724,0.0,0.14802365,2.8138277e-20,0.25883147,0.0,0.10849026,0.0,0.08007588,0.0,0.05970677,2.0693721e-19,0.053686913
1.1299284e-15,1.6554647e-15,0.0014938758,0.0067476346,0.0,0.042772174,1.0100301e-35,0.01990508,2.2113442e-16,0.019824008,0.0,0.22072251,0.0,0.3348983,0.0,0.14753342,2.5562387e-20,0.2748157,0.0,0.107805595,0.0,0.07834272,0.0,0.057562724,2.5235546e-19,0.01252764
1.0346424e-15,2.4944747e-16,0.0025548043,0.012856608,0.0,0.042795062,1.0705319e-35,0.09585311,2.6313367000000003e-16,0.03606207,0.0,0.17442144,0.0,0.18745646,0.0,0.14832512,1.3577103e-20,0.19434008,0.0,0.109994136,0.0,0.085019685,0.0,0.063230954,3.2285325e-19,0.15908763
9.894781e-16,2.3279406000000004e-16,0.0028408102,0.029967643,0.0,0.042968936,7.404914e-36,0.08095158,3.3552727e-16,0.022739835,0.0,0.11914471,0.0,0.21658672,0.0,0.14896737,1.4684922999999998e-20,0.21248785,0.0,0.110822275,0.0,0.08311191,0.0,0.06259773,1.7493765e-19,0.084440485
9.557704e-16,4.297055e-16,0.0015282594,0.014350844,0.0,0.041885205,8.344966e-36,0.11480968,2.1761069e-16,0.039743163,0.0,0.064535685,0.0,0.11485289,0.0,0.1484687,1.1224063e-20,0.21945767,0.0,0.1098574,0.0,0.090108946,0.0,0.0668758,1.4391783e-19,0.03948315
8.586928e-16,2.3046252000000004e-16,0.0006439846,0.036369085,0.0,0.04312815,4.643165e-36,0.0981421,2.1715123e-16,0.020579105,0.0,0.028757157,0.0,0.14851215,0.0,0.14920345,6.0292302000000004e-21,0.18674704,0.0,0.109888166,0.0,0.081756525,0.0,0.061712373,1.9160623e-19,0.019002102
8.361391e-16,1.5520013e-16,0.00064927194,0.0102757905,0.0,0.04323775,5.6686622e-36,0.1109237,2.1823277e-16,0.06771453,0.0,0.2590559,0.0,0.08651156,0.0,0.14996055,4.0350363e-21,0.12234362,0.0,0.11078185,0.0,0.08115195,0.0,0.06068386,2.3825231e-19,0.10276715
7.794016e-16,5.461075e-14,0.023474026,0.016758516,0.0,0.044497665,1.7963916e-36,0.06685746,7.938134e-16,0.02679552,0.0,0.27473772,0.0,0.023425486,0.0,0.15129718,5.3816334000000004e-21,0.051465202,0.0,0.11222782,0.0,0.08635976,0.0,0.065113984,1.5629415e-19,0.040736765
6.639465600000001e-16,1.1078822e-14,0.016987085,0.05636641,0.0,0.04426015,1.2795927e-36,0.026507238,5.1899196e-16,0.019984322,0.0,0.24829671,0.0,0.2562967,0.0,0.15175815,7.720601e-21,0.10279405,0.0,0.111712664,0.0,0.08075194,0.0,0.060939707,1.6025025999999998e-19,0.036560114
5.905608e-16,3.7908883e-15,0.010619894,0.014040629,0.0,0.044808388,2.388369e-36,0.024411961,4.444446e-16,0.05256371,0.0,0.18071753,0.0,0.14781517,0.0,0.15262343,6.7704644e-21,0.10455976,0.0,0.11246497,0.0,0.090762734,0.0,0.06783351,1.9932942e-19,0.073398106
5.357869e-16,3.7924647e-14,0.008647055,0.051780384,0.0,0.045885064,1.8149322e-36,0.066828445,3.3819508e-16,0.01810789,0.0,0.12073905,0.0,0.076447904,0.0,0.153725,7.737154e-21,0.119190685,0.0,0.11098914,0.0,0.08259095,0.0,0.06248973,1.412934e-19,0.077691264
5.021387e-16,7.0178466e-17,0.0075974097,0.012442682,0.0,0.045410465,1.5223536e-36,0.03804425,3.8168866e-16,0.056956485,0.0,0.04519861,0.0,0.02005158,0.0,0.15383545,8.240457e-21,0.10749453,0.0,0.10944453,0.0,0.08233036,0.0,0.060634024,1.5263425e-19,0.022311654
4.726256e-16,2.8838528e-16,0.0075228964,0.018385418,0.0,0.04151457,1.4377126e-36,0.010427401,3.084835e-16,0.022679193,0.0,0.037296526,0.0,0.31441644,0.0,0.15125844,8.393104e-21,0.08684493,0.0,0.10768511,0.0,0.07723009,0.0,0.05657845,1.6776006e-19,0.06310514
4.460896400000001e-16,5.994317e-17,0.00750212,0.024872504,0.0,0.041343756,9.527071e-37,0.08990745,2.5817413e-16,0.015706347,0.0,0.25460038,0.0,0.184305,0.0,0.15054065,1.002898e-20,0.09767182,0.0,0.10683074,0.0,0.08397009,0.0,0.060718708,1.3520341e-19,0.048937973
3.9612266e-16,5.3428142e-17,0.0015474635,0.01532194,0.0,0.04041703,1.5865561e-36,0.060076185,4.2315828e-16,0.039826233,0.0,0.23822552,0.0,0.09461027,0.0,0.14952964,6.185080300000001e-21,0.055141248,0.0,0.10628322,0.0,0.07707577,0.0,0.056561485,1.4825998e-19,0.053941872
3.4592796e-16,4.9430997e-17,0.00052040577,0.011399624,0.0,0.04074099,8.566855e-37,0.076048255,5.584147e-16,0.018301522,0.0,0.18936491,0.0,0.022748295,0.0,0.14897262,4.2640155e-21,0.07741573,0.0,0.104744576,0.0,0.07898078,0.0,0.056917455,1.2440692e-19,0.05652616
3.3974762000000003e-16,4.977446e-13,0.00035233598,0.01565161,0.0,0.041451667,9.242203e-37,0.059211273,1.4521862e-15,0.023568392,0.0,0.14383169,0.0,0.26556075,0.0,0.14921032,3.617429e-21,0.048487112,0.0,0.104784824,0.0,0.07533287,0.0,0.054589905,1.4404912e-19,0.093101546
3.2616396000000004e-16,4.174853000000001e-17,0.0005504718,0.026660193,0.0,0.039418213,1.1437747e-36,0.052785948,1.8200269e-15,0.013025975,0.0,0.08130392,0.0,0.16031082,0.0,0.14782596,4.003583e-21,0.04568629,0.0,0.10611168,0.0,0.08527291,0.0,0.061758183,9.5598795e-20,0.04953729
3.2385992e-16,1.17117204e-14,0.0011086977,0.012648697,0.0,0.03610595,1.2338065e-36,0.011990856,1.5991129e-15,0.028603729,0.0,0.028142557,0.0,0.07785301,0.0,0.14514036,3.8740103e-21,0.013156033,0.0,0.10592986,0.0,0.076818995,0.0,0.05666066,1.01486466e-19,0.018772
3.130436e-16,3.410504e-17,0.0019049008,0.005613642,0.0,0.03420688,7.493972399999999e-37,0.030403718,2.9260857e-15,0.009468272,0.0,0.05130531,0.0,0.03357045,0.0,0.14285533,5.222297e-21,0.5237726,0.0,0.101933055,0.0,0.07362377,0.0,0.0524441,1.2040752e-19,0.086862564
2.9792044000000004e-16,3.1992544e-17,0.00070683367,0.008471491,0.0,0.03703825,4.402284e-37,0.009568865,4.544635e-15,0.0201305,0.0,0.032276187,0.0,0.093762994,0.0,0.14437108,6.804602e-21,0.2936821,0.0,0.105498254,0.0,0.07569033,0.0,0.054820597,9.179831e-20,0.021464469
2.94637e-16,7.215351e-15,0.00054419163,0.013527796,0.0,0.03651143,8.575835e-37,0.06889089,2.9636798e-15,0.008509137,0.0,0.021791006,0.0,0.1846655,0.0,0.14443901,2.2015257e-21,0.19756578,0.0,0.10638253,0.0,0.07444352,0.0,0.05421773,9.748554e-20,0.049893722
2.93408e-16,2.7448156e-17,0.0005426884,0.010851571,0.0,0.034358364,6.284238e-37,0.027758643,3.116871e-15,0.017013246,0.0,0.14201969,0.0,0.09575942,0.0,0.14253931,2.1336995e-21,0.10873654,0.0,0.1024601,0.0,0.071518935,0.0,0.04992228,1.0001444e-19,0.02104589
2.8963e-16,4.492348e-15,0.0004027911,0.013608393,0.0,0.03523416,5.6956034e-37,0.019388987,2.1646975e-15,0.022374988,0.0,0.15779851,0.0,0.069982044,0.0,0.14238305,3.2365944e-21,0.033920433,0.0,0.098882936,0.0,0.066808715,0.0,0.046516817,1.1155844e-19,0.096877955
2.887353e-16,1.0636036e-14,0.00040167847,0.024622085,0.0,0.034236513,5.9679104e-37,0.025294602,1.9149494e-15,0.012783834,0.0,0.12361931,0.0,0.044014703,0.0,0.14128082,5.429954400000001e-21,0.12375086,0.0,0.09681916,0.0,0.070167646,0.0,0.04816195,7.947271e-20,0.026390135
2.8784583000000004e-16,7.227044e-15,0.00040056894,0.00884815,0.0,0.032623112,7.265276499999999e-37,0.04571586,1.9381202e-15,0.028848697,0.0,0.08838369,0.0,0.07692047,0.0,0.13961118,3.2501092e-21,0.16211176,0.0,0.09585709,0.0,0.0648165,0.0,0.045614928,8.387901e-20,0.04111148
2.8696155e-16,1.8898750000000006e-17,0.00039946244,0.008625149,0.0,0.032597307,4.212624e-37,0.037110418,1.895331e-15,0.008826716,0.0,0.03721565,0.0,0.1193167,0.0,0.13870613,3.6336316e-21,0.12137441,0.0,0.09601554,0.0,0.07340587,0.0,0.050547477,8.062971e-20,0.020090368
2.8608244e-16,1.7640313e-17,0.00039835903,0.010875643,0.0,0.030489532,4.3745686e-37,0.041484002,1.5545846e-15,0.020277329,0.0,0.021711009,0.0,0.16128065,0.0,0.1362816,4.699751e-21,0.06875762,0.0,0.09280286,0.0,0.0612881,0.0,0.042851962,9.2066676e-20,0.023031881
2.8436892e-16,1.6338928e-17,0.0003652011,0.015751354,0.0,0.032065667,2.0649422e-37,0.047886115,2.1557836e-15,0.018926013,0.0,0.03509827,0.0,0.15879612,0.0,0.13678575,5.1000758000000004e-21,0.026428824,0.0,0.094682366,0.0,0.063856386,0.0,0.044364326,9.2668533e-20,0.04738003
2.6537942000000004e-16,1.5092038e-17,0.00666587,0.009554598,0.0,0.029712107,3.0469107e-37,0.023129458,2.8137801e-15,0.00976378,0.0,0.015119393,0.0,0.09381159,0.0,0.1342734,5.941335e-21,0.11433039,0.0,0.09152517,0.0,0.05812896,0.0,0.039193343,9.4316956e-20,0.038660996
2.486302e-16,4.4574118e-15,0.0028946006,0.006893713,0.0,0.02908081,2.8222324e-37,0.0114695635,2.02688e-15,0.017497862,0.0,0.090057075,0.0,0.029754294,0.0,0.1326582,7.229521e-21,0.12868051,0.0,0.08783595,0.0,0.05951473,0.0,0.03943745,8.4712756e-20,0.03849368
2.4316325e-16,2.9319016e-16,0.0028866045,0.008977185,0.0,0.027699178,3.023725e-37,0.03683824,1.780377e-15,0.012596729,0.0,0.0908214,0.0,0.055789035,0.0,0.13039084,3.2820558000000002e-21,0.09177708,0.0,0.08669993,0.0,0.053615797,0.0,0.03597116,8.599508e-20,0.028293872
2.3746788000000003e-16,1.2274249e-17,0.0024776482,0.008026578,0.0,0.026136702,1.7371718e-37,0.014296025,2.060397e-15,0.0287628,0.0,0.06986269,0.0,0.027795793,0.0,0.12748711,2.7280554e-21,0.11472428,0.0,0.08121505,0.0,0.050847262,0.0,0.032600638,8.666787e-20,0.02060415
2.1711661e-16,1.15341535e-17,0.006558333,0.006422491,0.0,0.027052479,1.1829957e-37,0.018675685,3.1198665e-15,0.0105015095,0.0,0.032243434,0.0,0.07953716,0.0,0.12662725,3.59548e-21,0.105423756,0.0,0.080016345,0.0,0.04709638,0.0,0.030265315,9.271284e-20,0.031852353
1.8706782e-16,1.0888523e-17,0.0014435535,0.0026784071,0.0,0.027342644,1.3743469e-37,0.017540189,3.5317356e-15,0.019126747,0.0,0.028782658,0.0,0.0519558,0.0,0.12562254,3.2287214000000002e-21,0.060052466,0.0,0.079387605,0.0,0.052171968,0.0,0.033890016,8.345627e-20,0.028125051
1.8154895e-16,1.0289844e-17,0.0009802694,0.004915117,0.0,0.02560542,1.4481516999999998e-37,0.009608501,2.413634e-15,0.016592432,0.0,0.012011438,0.0,0.029291986,0.0,0.12263472,3.609804500000001e-21,0.016359068,0.0,0.077785,0.0,0.04426383,0.0,0.028707784,8.766836e-20,0.011885974
1.7560253000000002e-16,1.7992128e-15,0.0047271964,0.0012477832,0.0,0.02202057,1.0967493e-37,0.013504653,1.9022643e-15,0.005187757,0.0,0.04276458,0.0,0.03742322,0.0,0.11644334,4.0425213e-21,0.24399126,0.0,0.07594552,0.0,0.047487803,0.0,0.030112658,9.14914e-20,0.033728357
1.6615774e-16,9.368505e-18,0.0028366065,0.0036229333,0.0,0.021307645,1.1655747999999998e-37,0.03227892,2.383191e-15,0.005496111,0.0,0.046390936,0.0,0.10812833,0.0,0.11290821,3.30277e-21,0.09274788,0.0,0.07324132,0.0,0.04079845,0.0,0.026123615,8.1946664e-20,0.019763097
1.5106406000000002e-16,4.278518e-15,0.0023480225,0.0016670714,0.0,0.020232089,1.0246074e-37,0.014475282,1.7310728e-15,0.009221065,0.0,0.024069833,0.0,0.081388935,0.0,0.10942997,3.3472693e-21,0.028654667,0.0,0.06848065,0.0,0.03989322,0.0,0.024650864,8.481393699999999e-20,0.01067087
1.3359146e-16,8.4410986e-18,0.013851245,0.0015785272,0.0,0.018391104,1.1692918999999998e-37,0.00982539,1.3798684e-15,0.0076037413,0.0,0.006101083,0.0,0.042268597,0.0,0.10484853,3.3830912e-21,0.051340614,0.0,0.069595836,0.0,0.036786288,0.0,0.023309108,8.902642999999999e-20,0.028432837
1.2010837000000002e-16,8.098693e-18,0.013812971,0.0012757706,0.0,0.018281091,1.0587485e-37,0.023012647,1.8711995e-15,0.0023857816,0.0,0.0716216,0.0,0.022976426,0.0,0.10187753,3.2339567e-21,0.0820295,0.0,0.06679443,0.0,0.041966498,0.0,0.02627556,8.557184999999999e-20,0.022288602
1.0852107999999999e-16,6.346226e-14,0.012252429,0.001290182,0.0,0.016720206,9.594446e-38,0.009682373,1.5650381e-15,0.0042390204,0.0,0.06642025,0.0,0.17595181,0.0,0.09731841,2.1780819e-21,0.030891225,0.0,0.064797275,0.0,0.03145658,0.0,0.019269984,8.6697685e-20,0.032069013
9.877387e-17,1.3271545e-15,0.012218572,0.0009932523,0.0,0.01585673,7.054837700000001e-38,0.015784966,1.288575e-15,0.0038363067,0.0,0.040277068,0.0,0.09185586,0.0,0.09327965,2.478506e-21,0.06431882,0.0,0.058529712,0.0,0.033252507,0.0,0.01944524,7.933812e-20,0.019794647
8.927827000000001e-17,4.138918e-15,0.0044292905,0.00097069814,0.0,0.015731217,1.7741044e-38,0.027849229,1.1434915e-15,0.0020971296,0.0,0.036092255,0.0,0.13469468,0.0,0.09061634,3.033221e-21,0.094723225,0.0,0.06486862,0.0,0.02902496,0.0,0.01778067,8.0341087e-20,0.0060694404
8.629197000000001e-17,4.324579e-15,0.0044170516,0.00064130407,0.0,0.01413826,2.6765857e-38,0.0155423675,9.781531e-16,0.0015202787,0.0,0.017472098,0.0,0.08875474,0.0,0.08599724,1.8931543e-21,0.062927626,0.0,0.049941376,0.0,0.025222404,0.0,0.014430761,8.206218e-20,0.007345995
8.218763e-17,6.395695e-15,0.0021717108,0.0012791954,0.0,0.013028795,2.150374e-39,0.019389588,7.682960500000001e-16,0.0012337394,0.0,0.0065367343,0.0,0.03427606,0.0,0.0815441,1.9739773e-21,0.020792233,0.0,0.062793866,0.0,0.023700362,0.0,0.013675019,8.437589e-20,0.013865721
8.028965000000001e-17,1.3613311e-15,0.0019602266,0.0009657259,0.0,0.01172671,1.0195058e-37,0.014064608,7.777559e-16,0.0031048437,0.0,0.08118753,0.0,0.02834489,0.0,0.07698823,2.794047e-21,0.1966464,0.0,0.047374774,0.0,0.023091368,0.0,0.013404538,8.5604165e-20,0.022906061
7.9089815e-17,2.0701752e-15,0.0019548098,0.0041077146,0.0,0.011112898,1.0297563e-37,0.009821614,6.143392e-16,0.0047929543,0.0,0.079452224,0.0,0.15751867,0.0,0.073730305,3.0190517000000007e-21,0.1232677,0.0,0.057426263,0.0,0.022728702,0.0,0.013224862,8.068629e-20,0.02700132
7.696229e-17,7.664159e-15,0.0011297694,0.0015407087,0.0,0.009948678,8.1972384e-38,0.008527662,3.7422704e-16,0.007433771,0.0,0.062344648,0.0,0.11051772,0.0,0.069081165,1.759168e-21,0.067184046,0.0,0.04264962,0.0,0.021088716,0.0,0.011795413,8.2117754e-20,0.024791868
7.629731e-17,7.107744e-15,0.0011266475,0.002650056,0.0,0.008968783,6.6578055e-38,0.010866763,3.8143956e-16,0.008442978,0.0,0.042084295,0.0,0.053180482,0.0,0.064732835,1.6187624000000001e-21,0.022888897,0.0,0.05330844,0.0,0.01674862,0.0,0.009152067,7.6556406e-20,0.008066123
7.077571000000001e-17,5.0208407e-18,0.00033367705,0.00094148086,0.0,0.0071642566,5.126318999999999e-38,0.0049867164,4.1835796e-16,0.004037459,0.0,0.01707807,0.0,0.013765706,0.0,0.05754585,1.9972755000000002e-21,0.09209354,0.0,0.032866854,0.0,0.012899401,0.0,0.0067921793,7.867569e-20,0.0068403394
7.0384156e-17,1.2161737e-15,0.000285452,0.0021547882,0.0,0.0072460533,8.050403999999999e-38,0.007435704,3.6783835e-16,0.006509199,0.0,0.012051656,0.0,0.17875175,0.0,0.055474978,2.327605e-21,0.042753827,0.0,0.05457207,0.0,0.0134297125,0.0,0.007192235,8.044700999999999e-20,0.0071678404
6.811665000000001e-17,4.5765016e-18,0.00011722607,0.0005532858,0.0,0.006252317,7.8816155e-38,0.0032592237,3.7932129e-16,0.0031377743,0.0,0.022861468,0.0,0.12787117,0.0,0.051385522,2.7924975000000007e-21,0.016076744,0.0,0.032631427,0.0,0.011883884,0.0,0.0061611296,8.1062395e-20,0.004861156
6.597821e-17,6.208941e-15,4.7483616e-05,0.00015347553,0.0,0.005187274,7.3081386e-38,0.002902569,3.0708436e-16,0.0012114209,0.0,0.009080564,0.0,0.06653933,0.0,0.046076793,3.1111232e-21,0.1358792,0.0,0.035330977,0.0,0.0104412455,0.0,0.0053881686,8.031932e-20,0.0029943553
6.595415000000001e-17,4.264285e-18,4.7352394e-05,0.00012422445,0.0,0.004909564,6.474020999999999e-38,0.0021563813,4.5079205e-16,0.00094989844,0.0,0.039353833,0.0,0.030304221,0.0,0.043553747,2.5811886e-21,0.030865006,0.0,0.026885845,0.0,0.010294282,0.0,0.005326076,7.856153e-20,0.001374929
6.167952000000001e-17,1.6151756e-15,1.1622718e-05,4.4866887e-05,0.0,0.0046681045,6.533737999999999e-38,0.0023210647,4.1288483e-16,0.0008047731,0.0,0.022676915,0.0,0.026365694,0.0,0.041180134,3.1337235e-21,0.08115056,0.0,0.03635172,0.0,0.008746492,0.0,0.004486126,8.167539e-20,0.00079951383
6.021865e-17,5.7510945e-15,5.521555e-06,1.7309392e-05,0.0,0.004638851,5.1622406e-38,0.003229763,2.654016e-16,0.0020576345,0.0,0.0055694287,0.0,0.03917492,0.0,0.03985252,3.1263778e-21,0.03881736,0.0,0.024042383,0.0,0.008371967,0.0,0.004312764,8.246091999999999e-20,0.0010772299
5.8967026e-17,4.2262904e-15,2.8707657e-06,6.6487446e-06,0.0,0.004341995,6.429153400000001e-38,0.0024129963,2.2047057e-16,0.0010265152,0.0,0.02087925,0.0,0.013130309,0.0,0.037345048,2.762106e-21,0.01957493,0.0,0.044630185,0.0,0.008812786,0.0,0.004705604,8.027151e-20,0.0004492609
5.732531e-17,2.7973335e-15,1.3589388e-06,2.5939362e-06,0.0,0.0034600636,8.7208857e-38,0.001320704,2.7832097000000003e-16,0.000648424,0.0,0.0065168287,0.0,0.07377573,0.0,0.03264627,2.9477056e-21,0.1230539,0.0,0.023094421,0.0,0.00669698,0.0,0.0033780439,8.2295915e-20,0.00022753626
5.5388047e-17,4.8363608e-15,6.524327e-07,7.4602656e-07,0.0,0.0031906662,1.0262294e-37,0.00034679464,2.4288267000000003e-16,0.000379122,0.0,0.0155500565,0.0,0.02607867,0.0,0.030541595,2.3537024e-21,0.024735805,0.0,0.027282678,0.0,0.0064530643,0.0,0.0032870418,8.492038e-20,0.00033477924
5.1459607e-17,4.63327e-15,3.9199548e-07,5.025514e-07,0.0,0.0026216945,6.027883e-38,0.002536571,2.123052e-16,0.0006316893,0.0,0.013087662,0.0,0.027692417,0.0,0.02640888,3.156323e-21,0.10921566,0.0,0.014733947,0.0,0.0046690847,0.0,0.0022742215,8.387242999999999e-20,0.00042370846
5.1459452e-17,3.3824331e-18,3.9091205e-07,2.4420623e-07,0.0,0.0018688224,7.1204874e-38,0.001046452,2.9458236e-16,0.00033404416,0.0,0.005399793,0.0,0.022665912,0.0,0.021651898,2.8014564000000007e-21,0.02116433,0.0,0.020751929,0.0,0.0040669776,0.0,0.0018420472,8.330564999999999e-20,0.0005089918
