bulk_species_node [MG] at P @ dist64,bulk_species_node [MG] at P @ dist648,bulk_species_node [MG] at Chlorine @ dist64,bulk_species_node [MG] at Chlorine @ dist648,bulk_species_node [MG] at P @ dist420,bulk_species_node [MG] at Chlorine @ dist420
0.0,0.0,0.0,0.0,0.0,0.0
0.0,0.0,0.0,0.0,0.0,0.0
0.0,0.0,0.0,0.0,0.0,0.0
0.0,0.0,0.0,0.0,0.0,0.0
0.0,0.0,0.0,0.0,0.0,0.0
0.0,0.0,0.0,0.0,0.0,0.0
0.0,0.0,0.0,0.0,0.0,0.0
0.0,0.0,0.0,0.0,0.0,0.0
0.0,0.0,0.0,0.0,0.0,0.0
0.0,0.0,0.0,0.0,0.0,0.0
0.0,0.0,0.0,0.0,0.0,0.0
0.0,0.0,0.0,0.0,0.0,0.0
0.0,0.0,0.0,0.0,0.0,0.0
0.0,0.0,0.0,0.0,0.0,0.0
0.0,0.0,0.0,0.0,0.0,0.0
0.0,0.0,0.0,0.0,0.0,0.0
0.0,0.0,0.0,9.300197e-18,0.0,1.9372766e-05
0.0,0.0,0.0,3.2440175e-19,0.0,2.2994262e-05
0.0,0.0,0.0,2.9726488e-19,0.0,1.8798744e-05
0.0,0.0,0.0,5.766105e-20,0.0,1.9038567e-05
0.0,0.0,0.0,0.0,0.0,1.857367e-05
0.0,0.0,0.0,0.0,0.0,2.1986918e-05
0.0,0.0,0.0,0.0,0.0,2.6432726e-05
0.0,0.0,0.0,0.0,0.0,1.913143e-05
0.0,0.0,0.0,0.0,0.0,2.9370984e-05
0.0,0.0,0.0,0.0,0.0,2.5463965e-05
0.0,0.0,0.0,3.0412388e-15,0.0,2.4600202e-05
0.0,0.0,0.0,0.0,0.0,1.615219e-05
0.0,0.0,0.0,0.0,0.0,2.2520895e-05
0.0,0.0,0.0,6.550874599999999e-18,0.0,2.2808188e-05
0.0,0.0,0.0,6.7697785e-18,0.0,1.5718824e-05
0.0,0.0,0.0,5.8695686e-18,0.0,2.0014602e-05
0.0,0.0,0.0,4.588068999999999e-19,0.0,2.2273662e-05
0.0,0.0,0.0,1.3326993999999998e-19,0.0,2.3219049e-05
0.0,0.0,0.0,0.0,0.0,1.3988052e-05
0.0,0.0,0.0,0.0,0.0,1.3153655e-05
0.0,0.0,0.0,0.0,0.0,1.40771945e-05
0.0,0.0,0.0,0.0,0.0,1.5313093e-05
0.0,0.0,0.0,5.317378e-15,0.0,1.4612884e-05
0.0,0.0,0.0,9.966727e-15,0.0,1.6787204e-05
0.0,0.0,0.0,2.5004247e-15,0.0,1.982641e-05
0.0,0.0,0.0,9.451087e-16,0.0,2.67686e-05
0.0,0.0,0.0,1.1859589e-08,0.0,2.918456e-05
0.0,0.0,0.0,1.6754695e-08,0.0,2.4534838e-05
0.0,0.0,0.0,2.6947687e-08,0.0,2.1895588e-05
0.0,0.0,0.0,2.783632e-08,0.0,2.1505417e-05
0.0,0.0,0.0,5.7958566e-08,0.0,2.396472e-05
0.0,0.0,0.0,5.5712334e-08,0.0,1.916344e-05
0.0,0.0,0.0,7.837268e-08,0.0,1.8346176e-05
0.0,0.0,0.0,9.207266e-08,0.0,2.6008422e-05
0.0,0.0,0.0,8.0345174e-08,0.0,2.5122912e-05
0.0,0.0,0.0,8.588091e-08,0.0,2.106445e-05
0.0,0.0,0.0,1.5285524e-07,0.0,2.8616389e-05
0.0,0.0,0.0,1.3166238e-07,0.0,3.2045067e-05
0.0,0.0,2.3215316e-13,1.5503862e-07,0.0,4.650798e-05
0.0,0.0,1.243877e-13,1.04346206e-07,0.0,5.5002387e-05
0.0,0.0,4.8980832e-14,8.779657e-08,0.0,4.016613e-05
0.0,0.0,4.8980832e-14,4.4457078e-08,0.0,3.6083493e-05
0.0,0.0,3.6881038e-14,7.501849e-08,0.0,3.9066115e-05
0.0,0.0,3.6881038e-14,1.7912838e-07,0.0,4.2477935e-05
0.0,0.0,2.7767678e-14,3.767529e-07,0.0,3.6714155e-05
0.0,0.0,2.3664029e-14,3.442021e-07,0.0,4.1789142e-05
0.0,0.0,8.022808e-15,3.4133026e-07,0.0,6.310801e-05
0.0,0.0,6.009561e-15,2.620706e-07,0.0,7.355839e-05
0.0,0.0,2.3430846e-15,2.5247658e-07,0.0,9.196467e-05
0.0,0.0,2.2221935e-15,2.530282e-07,0.0,0.00010591538
0.0,0.0,2.2221933e-15,2.7626086e-07,0.0,9.766637e-05
0.0,0.0,2.222193e-15,2.408096e-07,0.0,9.006107e-05
0.0,0.0,2.2221928e-15,1.9026784e-07,0.0,9.0052104e-05
0.0,0.0,2.2221926e-15,2.1686368e-07,0.0,0.00012284907
0.0,0.0,2.2221924e-15,2.619945e-07,0.0,0.0001361865
0.0,0.0,1.265084e-15,2.0623541e-07,0.0,0.00012247093
0.0,0.0,9.585202e-16,2.5903663e-07,0.0,0.00013100934
0.0,0.0,6.941667e-16,2.57567e-07,0.0,0.00014695669
0.0,0.0,1.2707505e-16,3.3168143e-07,0.0,0.0002425227
0.0,0.0,2.3344501000000002e-17,5.5672325e-07,0.0,0.0003851328
0.0,0.0,4.4009714e-18,8.597483e-07,0.0,0.0010816044
0.0,0.0,8.434157999999999e-19,9.5153575e-07,0.0,0.018034905
0.0,0.0,2.0039328e-19,1.3747549e-06,0.0,0.032290757
0.0,0.0,1.6664709e-20,2.9941236e-07,0.0,0.003805024
0.0,0.0,2.5346573e-20,1.1648294e-07,0.0,0.057159398
0.0,0.0,1.2050168e-20,5.5847286e-06,0.0,0.01211917
0.0,0.0,5.586657e-20,1.5703385e-08,0.0,0.07184864
0.0,0.0,3.5290526e-19,4.7184704e-07,0.0,0.0198799
0.0,0.0,5.9158034e-19,3.806549e-07,0.0,0.01102494
0.0,0.0,2.1611374e-19,3.609801e-07,0.0,0.08946164
0.0,0.0,4.2547569999999996e-20,3.1540498e-10,0.0,0.13085318
0.0,0.0,1.5844694e-19,1.4128207e-10,0.0,0.07266776
0.0,0.0,3.5705962e-20,5.6928805e-11,0.0,0.13320675
0.0,0.0,3.5699348e-20,1.2099517e-10,0.0,0.13740681
0.0,0.0,9.090432e-20,6.884404e-11,0.0,0.0050590835
0.0,0.0,4.8994135e-19,9.125563e-12,0.0,0.2629215
0.0,0.0,1.5747975e-18,1.0967641e-11,0.0,0.15480475
0.0,0.0,1.5298934e-18,3.573503e-12,0.0,0.021227097
0.0,0.0,4.445275e-19,1.1131087e-12,0.0,0.0125079
0.0,0.0,1.3905404e-19,2.2967349e-13,0.0,0.023704479
0.0,0.0,1.8030299e-19,2.7943241e-14,0.0,0.02495349
0.0,0.0,6.897649e-20,3.7947262e-15,0.0,0.0035888518
0.0,0.0,7.7324055e-20,2.002115e-15,0.0,0.01653303
0.0,0.0,7.046443999999999e-19,3.7856003e-15,0.0,0.16289935
0.0,0.0,1.2284765999999998e-18,4.2654644e-15,0.0,0.14115189
0.0,0.0,1.2280964999999998e-18,3.3613056e-15,0.0,0.04976345
0.0,0.0,1.260849e-18,2.152279e-15,0.0,0.051629577
0.0,0.0,2.8078623e-17,2.2614183e-15,0.0,0.029874831
0.0,0.0,2.9935127e-14,1.4037707e-15,0.0,0.04406767
0.0,0.0,9.8039056e-14,4.97366e-16,0.0,0.013452295
0.0,0.0,2.3946743e-14,3.2000577e-16,0.0,0.08510115
0.0,0.0,4.1156802e-14,7.536384e-16,0.0,0.045994535
0.0,0.0,5.0954083e-14,1.3440722e-15,0.0,0.020862296
0.0,0.0,5.0932352e-14,4.2136844e-15,0.0,0.015886521
0.0,0.0,1.0645793e-14,1.9329792e-15,0.0,0.015983906
0.0,0.0,5.7837625e-14,8.2760675e-15,0.0,0.057615433
0.0,0.0,6.9750216e-14,2.4652348e-14,0.0,0.14622854
0.0,0.0,5.9604055e-14,3.1704953e-13,0.0,0.0631963
0.0,0.0,3.1337068e-14,1.9225524e-13,0.0,0.0074354205
0.0,0.0,3.1322906e-14,1.7682443e-13,0.0,0.060180884
0.0,0.0,1.1332939e-14,7.7075045e-14,0.0,0.009877208
0.0,0.0,1.1327818e-14,1.3650214e-14,0.0,0.014790365
0.0,0.0,2.3603056e-15,4.178883e-15,0.0,0.025051473
0.0,0.0,1.0833889e-15,6.833295e-15,0.0,0.0044290423
0.0,0.0,2.0916621e-16,2.838416e-15,0.0,0.07275699
0.0,0.0,1.7873885e-16,8.63736e-16,0.0,0.060993884
0.0,0.0,1.1084781999999999e-16,1.1236553e-15,0.0,0.056846187
0.0,0.0,1.10797025e-16,2.5200111e-15,0.0,0.010248148
0.0,0.0,4.4702587e-17,1.114357e-15,0.0,0.08171872
0.0,0.0,3.0470313e-17,3.332406e-16,0.0,0.035389017
0.0,0.0,2.0769266e-17,2.983981e-15,0.0,0.041222982
0.0,0.0,2.0759749e-17,5.380463e-15,0.0,0.021835472
0.0,0.0,1.0914450000000001e-17,3.686171e-15,0.0,0.030578777
0.0,0.0,8.265797e-18,1.5540063e-15,0.0,0.0031232452
0.0,0.0,8.262008e-18,1.1327251e-15,0.0,0.009260612
0.0,0.0,7.060136000000001e-18,1.4909182e-15,0.0,0.050547443
0.0,0.0,1.609152e-17,7.115346e-16,0.0,0.024665479
0.0,0.0,2.9072034e-17,2.3551148000000003e-16,0.0,0.004359124
0.0,0.0,7.098229599999999e-18,8.36659e-17,0.0,0.013357292
0.0,0.0,6.065599e-18,2.9583536e-17,0.0,0.051431485
0.0,0.0,6.0627657e-18,9.823459e-18,0.0,0.010115103
0.0,0.0,3.9959123e-17,1.6860884e-15,0.0,0.056648012
0.0,0.0,3.1018380000000005e-17,9.376486e-16,0.0,0.024846226
0.0,0.0,3.1003537e-17,2.3846613e-14,0.0,0.0044469843
0.0,0.0,2.6492926e-17,7.635563e-15,0.0,0.010093968
0.0,0.0,2.6480250000000002e-17,1.2263452e-15,0.0,0.03990797
0.0,0.0,2.6467580000000006e-17,1.4100031000000002e-16,0.0,0.0066787293
0.0,0.0,2.261689e-17,6.6567115e-17,0.0,0.010616608
0.0,0.0,1.1890603e-17,2.1132891e-17,0.0,0.026307264
0.0,0.0,4.797331e-18,9.879579e-18,0.0,0.0037583888
0.0,0.0,1.9355104e-18,1.3487644e-17,0.0,0.015405651
0.0,0.0,1.6539189e-18,8.2265726e-18,0.0,0.007472394
0.0,0.0,1.6531275e-18,3.0109356e-18,0.0,0.020450303
0.0,0.0,1.1267868999999998e-18,4.05376e-18,0.0,0.006153395
0.0,0.0,1.1262477999999998e-18,1.0850958e-18,0.0,0.016535021
0.0,0.0,5.140375999999999e-19,3.2571798e-19,0.0,0.018649532
0.0,0.0,5.1379166e-19,9.9162774e-20,0.0,0.011064405
0.0,0.0,1.9794437e-19,4.0405753e-20,0.0,0.012318615
0.0,0.0,1.4990537999999998e-19,2.3029848e-19,0.0,0.03857654
0.0,0.0,1.2809609e-19,1.1201872e-19,0.0,0.004635616
0.0,0.0,1.280348e-19,3.4435112e-20,0.0,0.021891525
0.0,0.0,1.0940739e-19,1.4892736e-18,0.0,0.0032864914
0.0,0.0,9.3490047e-20,8.6456204e-19,0.0,0.006282061
0.0,0.0,9.344531e-20,2.8363028e-19,0.0,0.0031293763
0.0,0.0,6.124173299999999e-19,6.97669e-20,0.0,0.0020211677
0.0,0.0,1.2872379e-18,1.8131625e-20,0.0,0.005298946
0.0,0.0,8.789152999999999e-19,5.827398e-21,0.0,0.047158998
0.0,0.0,8.784813e-19,1.8214509e-20,0.0,0.0073218835
0.0,0.0,8.780475e-19,8.58287e-21,0.0,0.04379869
0.0,0.0,5.445161e-19,7.7945727e-20,0.0,0.007659765
0.0,0.0,1.0041271e-19,2.8602235e-20,0.0,0.012676114
0.0,0.0,6.373928999999999e-19,7.428296e-21,0.0,0.012473281
0.0,0.0,4.1625789e-19,1.985798e-21,0.0,0.022989497
0.0,0.0,5.5558067e-19,7.291759e-22,0.0,0.0065153935
0.0,0.0,6.4906097e-19,1.2333873e-20,0.0,0.021523071
0.0,0.0,4.5744887e-19,4.063447e-20,0.0,0.00566123
0.0,0.0,4.5717497e-19,1.32183236e-20,0.0,0.0336488
0.0,0.0,4.5690117e-19,3.8603605e-20,0.0,0.0047646654
0.0,0.0,7.3367317e-19,1.3814836e-19,0.0,0.0074735465
0.0,0.0,1.1603186e-18,5.2022823e-20,0.0,0.02710224
0.0,0.0,6.09947e-19,3.7474198e-19,0.0,0.008545707
0.0,0.0,2.0991773e-19,4.407665999999999e-19,0.0,0.016756287
0.0,0.0,2.7628928e-19,1.7331806999999998e-19,0.0,0.016498893
0.0,0.0,2.0487872e-19,6.143325999999999e-20,0.0,0.029988652
0.0,0.0,5.198903999999999e-19,4.897042e-20,0.0,0.007189911
0.0,0.0,1.5650828e-19,1.8645715e-19,0.0,0.04804564
0.0,0.0,1.5640433e-19,6.960693999999999e-20,0.0,0.010345642
0.0,0.0,1.3362471e-19,1.6731201e-19,0.0,0.051136173
0.0,0.0,1.3353597e-19,2.3659056e-19,0.0,0.011146061
0.0,0.0,1.2008172e-19,7.329339999999999e-20,0.0,0.040800747
0.0,0.0,1.3089663e-19,6.938234999999999e-19,0.0,0.030779084
0.0,0.0,2.618481e-19,6.3163677e-19,0.0,0.012394553
0.0,0.0,2.5339313e-19,1.9291168e-19,0.0,0.008151121
0.0,0.0,1.2535604999999998e-18,5.9196243e-20,0.0,0.017825134
0.0,0.0,6.3810946e-19,4.7667736e-19,0.0,0.015493701
0.0,0.0,6.376231e-19,5.019345399999999e-19,0.0,0.030315371
0.0,0.0,4.344864e-19,1.3722643999999998e-18,0.0,0.055003382
0.0,0.0,1.8601794e-19,5.849616999999999e-19,0.0,0.011327929
0.0,0.0,1.8587614e-19,4.1204145e-18,0.0,0.043722022
0.0,0.0,1.5878849999999998e-19,2.0074234e-16,0.0,0.0044800662
0.0,0.0,1.2021807e-19,7.1323423e-17,0.0,0.014974442
0.0,0.0,8.191849e-20,2.3997990000000006e-17,0.0,0.058569007
0.0,0.0,6.9980546e-20,1.06685434e-16,0.0,0.018643288
0.0,0.0,5.978231e-20,3.8315304e-17,0.0,0.020962264
0.0,0.0,2.920194e-20,1.1230828e-17,0.0,0.021082656
0.0,0.0,2.1202977e-20,4.7264126e-16,0.0,0.012638467
0.0,0.0,8.74549e-21,3.796689e-15,0.0,0.026111864
0.0,0.0,1.7048887e-20,1.5474653e-15,0.0,0.028707473
0.0,0.0,1.4416126e-20,3.4200353e-15,0.0,0.025484787
0.0,0.0,1.4405029999999998e-20,1.0378632e-15,0.0,0.0035424817
0.0,0.0,1.09059054e-20,1.0579247e-15,0.0,0.0338369
0.0,0.0,1.0897512e-20,4.6013006e-16,0.0,0.011233537
0.0,0.0,4.523826e-21,5.127371e-16,0.0,0.042331014
0.0,0.0,1.1381829000000001e-21,1.645428e-16,0.0,0.007890775
0.0,0.0,9.723087e-22,1.331811e-16,0.0,0.036335543
0.0,0.0,9.715604e-22,4.18333e-17,0.0,0.0334825
0.0,0.0,6.6203166e-22,1.1871733e-17,0.0,0.006265191
0.0,0.0,6.615221e-22,1.9657527e-18,0.0,0.0036749414
0.0,0.0,6.61013e-22,4.279602e-19,0.0,0.009525657
0.0,0.0,6.605042e-22,1.2152719999999998e-19,0.0,0.043612134
0.0,0.0,6.599958700000001e-22,3.5061236e-20,0.0,0.0047757938
0.0,0.0,5.638108000000002e-22,5.7112976e-20,0.0,0.009941689
0.0,0.0,4.816433e-22,2.7613118e-20,0.0,0.04986695
0.0,0.0,2.1976584e-22,2.3055556e-20,0.0,0.03739881
0.0,0.0,2.746591e-22,4.103023e-20,0.0,0.004230635
0.0,0.0,3.0569880000000003e-22,1.5501064e-20,0.0,0.014400682
0.0,0.0,7.8489445e-23,2.000664e-19,0.0,0.038378894
0.0,0.0,6.7050255e-23,4.523458699999999e-18,0.0,0.014766047
0.0,0.0,3.6853114e-23,2.5270318e-18,0.0,0.040613998
0.0,0.0,2.0017114e-23,2.3609078e-17,0.0,0.010474433
0.0,0.0,2.0001571e-23,8.219278e-17,0.0,0.04467597
0.0,0.0,1.7086508e-23,1.1043627e-16,0.0,0.005667968
0.0,0.0,1.2935937e-23,4.4127922e-17,0.0,0.011084595
0.0,0.0,9.7936024e-24,1.1161551e-17,0.0,0.022119595
0.0,0.0,9.785998e-24,3.0342626e-17,0.0,0.0032672628
0.0,0.0,6.067015e-24,1.23329205e-17,0.0,0.008143287
0.0,0.0,7.551038e-24,2.5758970000000002e-17,0.0,0.010228917
0.0,0.0,3.305613e-23,1.3434663000000001e-17,0.0,0.031915907
0.0,0.0,2.749644e-23,4.147644e-18,0.0,0.012400125
0.0,0.0,1.7046279e-23,2.1088196e-18,0.0,0.027824398
0.0,0.0,1.0416091e-23,8.587611999999999e-19,0.0,0.0557073
0.0,0.0,1.2811979e-23,6.465440999999999e-19,0.0,0.054481797
0.0,0.0,1.09928446e-23,1.833166e-19,0.0,0.013281076
0.0,0.0,1.53732e-23,4.1764752999999997e-20,0.0,0.007467622
0.0,0.0,5.328239700000001e-22,4.5326767e-20,0.0,0.026704693
0.0,0.0,6.133756e-22,3.4089738e-20,0.0,0.0041438574
0.0,0.0,2.7984165000000003e-22,3.76704e-20,0.0,0.0094872
0.0,0.0,2.7959477000000003e-22,7.6326986e-20,0.0,0.019157741
0.0,0.0,2.0609777e-22,4.4055552e-20,0.0,0.008556062
0.0,0.0,8.987192000000001e-23,8.282620999999999e-20,0.0,0.01909429
0.0,0.0,4.7788155e-23,4.1762908e-20,0.0,0.019211587
0.0,0.0,4.7746e-23,1.32820334e-20,0.0,0.0120088095
0.0,0.0,2.799625e-23,3.6651234e-21,0.0,0.014681906
0.0,0.0,1.3858349e-23,1.2637589e-19,0.0,0.025651462
0.0,0.0,8.167195e-22,8.7153e-20,0.0,0.018077377
0.0,0.0,1.9673093e-21,2.6260429e-20,0.0,0.0110240355
0.0,0.0,1.9654221e-21,7.268368e-20,0.0,0.005891972
0.0,0.0,1.6786708000000001e-21,2.612986e-19,0.0,0.029712263
0.0,0.0,9.308674e-21,1.0547644e-19,0.0,0.0034838628
0.0,0.0,9.705643e-21,2.784089e-20,0.0,0.010220229
0.0,0.0,6.798593400000001e-21,4.7313636e-20,0.0,0.013306646
0.0,0.0,7.820249e-21,1.8656155e-18,0.0,0.014580249
0.0,0.0,8.030737e-21,1.0403389e-18,0.0,0.014136008
0.0,0.0,9.39712e-21,2.8672887e-19,0.0,0.013863297
0.0,0.0,2.6942405e-20,2.763369e-19,0.0,0.018035403
0.0,0.0,1.1291497e-20,1.2596344999999998e-19,0.0,0.0061657387
0.0,0.0,1.21589096e-20,4.1623945e-20,0.0,0.008149346
0.0,0.0,1.3805339999999998e-20,9.910189999999999e-21,0.0,0.004961184
0.0,0.0,7.570204e-21,1.6358787e-21,0.0,0.0032230977
0.0,0.0,6.4651318e-21,3.8350608e-22,0.0,0.0026114217
0.0,0.0,6.458336e-21,8.3958586e-23,0.0,0.00091105624
0.0,0.0,4.888164e-21,1.4384468e-21,0.0,0.00027605298
0.0,0.0,4.8830257e-21,2.5991177000000003e-22,0.0,0.00072302745
0.0,0.0,4.877893e-21,6.262457e-23,0.0,0.00022222864
0.0,0.0,4.8727655000000004e-21,6.6954544e-23,0.0,6.58071e-05
0.0,0.0,4.8676433e-21,1.3478990000000001e-22,0.0,1.7248443e-05
0.0,0.0,4.1570814e-21,2.5062363000000004e-22,0.0,3.0829524e-06
0.0,0.0,4.1527116e-21,4.8829350000000004e-23,0.0,0.00040478143
0.0,0.0,1.0483234e-20,1.2551763e-23,0.0,0.00014802643
0.0,0.0,4.9098094e-20,1.8228252e-24,0.0,3.37845e-05
0.0,0.0,4.9044339999999996e-20,2.2076278e-24,0.0,1.07904725e-05
0.0,0.0,4.8990644e-20,7.410649599999998e-25,0.0,1.9496608e-06
0.0,0.0,4.893701e-20,4.2225836e-25,0.0,1.7474109e-07
0.0,0.0,3.8219625e-20,3.1681526e-26,0.0,3.0280912e-08
0.0,0.0,1.0692071e-19,5.142305e-27,0.0,5.680212e-09
0.0,0.0,1.0680244e-19,6.098672e-28,0.0,1.2141241e-09
0.0,0.0,1.0668431e-19,1.0841054e-28,0.0,6.4653043e-09
0.0,0.0,1.0656631e-19,2.4857845e-29,0.0,1.4667132e-09
0.0,0.0,4.074246e-20,5.1072412e-30,0.0,3.3368477e-10
0.0,0.0,1.3923118e-19,8.549354e-31,0.0,7.898618e-11
0.0,0.0,1.3907582e-19,1.3453104e-31,0.0,1.3060238e-11
0.0,0.0,7.8810673e-20,2.8145846e-32,0.0,3.1293015e-10
0.0,0.0,8.440266e-20,5.2835132e-33,0.0,1.05262764e-10
0.0,0.0,1.5143959e-19,2.8038341e-33,0.0,2.3854462e-11
0.0,0.0,7.8961194e-20,5.7921116e-34,0.0,5.973495e-12
0.0,0.0,6.7429825e-20,2.1876169e-28,0.0,1.9029739e-12
0.0,0.0,8.699437999999999e-20,9.1692177e-29,0.0,1.3517093e-13
0.0,0.0,3.3165354e-19,1.7687611e-29,0.0,5.202807e-16
0.0,0.0,2.8675072e-19,4.5945256e-30,0.0,1.288335e-13
0.0,0.0,2.8642576e-19,7.8555527e-31,0.0,1.205725e-13
0.0,0.0,2.1677118e-19,2.951185e-31,0.0,1.9579848e-14
0.0,0.0,2.1652552e-19,4.513331e-32,0.0,3.2638803e-15
0.0,0.0,2.1628015e-19,2.2524964000000003e-32,0.0,6.681625e-16
0.0,0.0,6.844936e-20,3.477852e-32,0.0,1.2332254e-16
0.0,0.0,6.837179e-20,1.4331379e-34,0.0,2.4499366e-17
0.0,0.0,6.8294306e-20,5.6095555e-34,0.0,5.0238893e-18
0.0,0.0,5.832014e-20,7.5991953e-31,0.0,8.105803e-19
0.0,0.0,4.4137534e-20,4.1065547e-31,0.0,5.8663564e-14
0.0,0.0,3.7691389999999997e-20,8.7372867e-32,0.0,1.34894656e-14
0.0,0.0,3.7648676e-20,1.5166844000000002e-32,0.0,3.837729e-15
0.0,0.0,3.7606012e-20,3.3565734e-33,0.0,6.034165e-16
0.0,0.0,3.7563396e-20,5.856813e-34,0.0,9.95924e-17
0.0,0.0,3.7520825e-20,1.2474894e-34,0.0,1.7722068e-17
0.0,0.0,3.7478306e-20,1.4467318e-35,0.0,3.1107494e-18
0.0,0.0,3.7435833e-20,5.5221143e-36,0.0,2.8540295e-17
0.0,0.0,3.739341e-20,1.10851715e-35,0.0,4.4532757e-18
0.0,0.0,3.7351034e-20,4.85948e-36,0.0,1.2707724e-18
0.0,0.0,1.8238142e-20,9.853066e-37,0.0,2.2395408e-19
0.0,0.0,1.557452e-20,3.1560809e-37,0.0,4.7098078e-20
0.0,0.0,7.103814e-21,6.514996400000001e-38,0.0,7.46028e-21
0.0,0.0,7.095764e-21,6.539314e-37,0.0,1.213605e-21
0.0,0.0,7.087723e-21,2.2989582e-37,0.0,2.2961936000000003e-22
0.0,0.0,5.3640918e-21,5.341682e-37,0.0,4.0501425e-23
0.0,0.0,4.5806835e-21,1.0911253e-37,0.0,1.3940231e-20
0.0,0.0,4.5754926e-21,2.3850052e-38,0.0,2.7569673e-21
0.0,0.0,4.5703074e-21,3.7393070000000005e-39,0.0,5.944354000000002e-22
0.0,0.0,4.5651282e-21,1.024159e-39,0.0,9.101066000000001e-23
0.0,0.0,4.559954700000001e-21,1.77941e-40,0.0,2.4867569999999995e-19
0.0,0.0,4.5547872e-21,6.702600000000001e-41,0.0,1.3115939999999998e-19
0.0,0.0,4.5496254e-21,9.144956e-37,0.0,1.8935638e-20
0.0,0.0,4.5444697e-21,3.0030772e-37,0.0,3.8254684e-21
0.0,0.0,4.5393196e-21,4.4720367000000006e-38,0.0,6.951409e-22
0.0,0.0,4.534175600000001e-21,7.322307e-39,0.0,1.2891793e-22
0.0,0.0,4.5290372e-21,2.003589e-39,0.0,2.0305117e-23
0.0,0.0,1.8260747e-21,3.53644e-40,0.0,1.9517044e-21
0.0,0.0,1.5593824e-21,7.147600000000001e-41,0.0,4.6294464e-21
0.0,0.0,1.5576152e-21,2.528e-41,0.0,8.394791e-22
0.0,0.0,1.55585e-21,2.2e-42,0.0,1.3075151000000002e-22
0.0,0.0,1.5540869e-21,3.81e-43,0.0,2.8947447e-23
0.0,0.0,8.837323e-22,2.9130000000000005e-42,0.0,5.4372494e-24
0.0,0.0,8.827309e-22,1.4220000000000003e-42,0.0,1.3558656e-23
0.0,0.0,8.817305e-22,1.9800000000000003e-43,0.0,5.4461466e-24
0.0,0.0,4.632574400000002e-22,5.200000000000002e-44,0.0,9.218411e-25
0.0,0.0,2.6343160000000003e-22,8.000000000000001e-45,0.0,1.4776834e-25
0.0,0.0,3.933659800000001e-22,1e-45,0.0,9.0138123e-20
0.0,0.0,1.3179887e-21,0.0,0.0,6.247869399999999e-19
0.0,0.0,1.3164636e-21,0.0,0.0,1.4853982999999998e-19
0.0,0.0,1.3149402e-21,0.0,0.0,4.450705e-20
0.0,0.0,1.3134186000000001e-21,0.0,0.0,7.028434e-17
0.0,0.0,1.3118988e-21,0.0,0.0,8.077274e-17
0.0,0.0,1.3103807000000001e-21,0.0,0.0,1.7822124e-17
0.0,0.0,1.3088644e-21,0.0,0.0,5.330965e-18
0.0,0.0,1.3073498000000001e-21,0.0,0.0,1.4253665e-14
0.0,0.0,1.305837e-21,0.0,0.0,9.414686e-15
0.0,0.0,4.2850273e-22,0.0,0.0,2.8475304e-15
0.0,0.0,4.280069e-22,0.0,0.0,7.383186e-16
0.0,0.0,1.4700039e-21,0.0,0.0,4.1289845e-15
0.0,0.0,2.374902e-21,0.0,0.0,1.7540016e-15
0.0,0.0,7.759020300000002e-22,0.0,0.0,8.637689e-14
0.0,0.0,3.3205157000000004e-22,0.0,0.0,3.0628695e-13
0.0,0.0,3.3166055000000004e-22,0.0,0.0,8.7632606e-14
0.0,0.0,3.3126998e-22,1.67e-43,0.0,3.0895037e-05
0.0,0.0,2.5069880000000002e-22,9.7e-44,0.0,1.958396e-05
0.0,0.0,2.311794e-22,2.8e-44,0.0,6.803998e-06
0.0,0.0,3.1443506000000003e-22,9.082206e-38,0.0,0.022129558
0.0,0.0,2.1416821e-22,9.185012e-38,0.0,0.0031857737
0.0,0.0,8.634575e-23,3.1386513000000003e-38,0.0,0.018056419
0.0,0.0,8.624257000000001e-23,4.7640090000000004e-33,0.0,0.009559725
0.0,0.0,8.6139515e-23,7.355162599999998e-29,0.0,0.015701324
0.0,0.0,4.4558887e-23,4.67302e-29,0.0,0.043770887
0.0,0.0,3.451605000000001e-23,1.4466945000000002e-27,0.0,0.014530398
0.0,0.0,1.2887493600000001e-23,1.2651816e-23,0.0,0.043788724
0.0,0.0,5.633449e-24,1.5778440000000002e-23,0.0,0.072065726
0.0,0.0,3.1458481e-24,5.255557000000001e-23,0.0,0.01648168
0.0,0.0,1.3464889e-24,4.738725e-21,0.0,0.037439626
0.0,0.0,1.9718183e-27,2.170209e-21,0.0,0.024536075
0.0,0.0,7.5228037e-31,1.3251497999999999e-20,0.0,0.033914845
0.0,0.0,1.4632743e-30,8.458218999999999e-20,0.0,0.112501174
0.0,0.0,2.2954158e-30,3.2233775e-18,0.0,0.09342584
0.0,0.0,7.3591777e-31,2.4540993e-18,0.0,0.15806527
0.0,0.0,1.3780959e-29,9.155835e-19,0.0,0.17606534
0.0,0.0,9.7799674e-23,3.2452128e-18,0.0,0.022244874
0.0,0.0,2.8351954e-22,1.9686583000000002e-17,0.0,0.025404736
0.0,0.0,1.0369739e-20,6.734575e-17,0.0,0.0028868061
0.0,0.0,3.2904786e-20,3.4716827e-17,0.0,0.011042248
0.0,0.0,1.7755338999999998e-19,6.2454763e-18,0.0,0.01518173
0.0,0.0,2.4785761e-19,1.0536341e-17,0.0,0.048015427
0.0,0.0,2.713324e-18,5.556961e-17,0.0,0.06497766
0.0,0.0,1.4267984e-18,2.9228434e-17,0.0,0.0586866
0.0,0.0,3.2857783e-19,8.198932e-17,0.0,0.012040755
0.0,0.0,3.280589e-19,3.5435226e-16,0.0,0.05682597
0.0,0.0,3.2754079999999995e-19,2.718781e-15,0.0,0.01907336
0.0,0.0,2.4777696e-19,1.9137962e-14,0.0,0.05844988
0.0,0.0,6.128933999999999e-19,1.443956e-13,0.0,0.014961692
0.0,0.0,9.1599665e-17,1.0034503e-12,0.0,0.003997655
0.0,0.0,2.6057235e-17,1.996038e-12,0.0,0.02689125
0.0,0.0,1.1146544e-17,2.162005e-12,0.0,0.00703445
0.0,0.0,1.1128616000000001e-17,8.376867e-10,0.0,0.027716434
0.0,0.0,3.0970068e-18,1.2261978e-09,0.0,0.03075442
0.0,0.0,3.0920255e-18,1.9239497e-08,0.0,0.040541086
0.0,0.0,2.3389766e-18,0.01313302,0.0,0.019468209
0.0,0.0,1.2283042e-18,0.06516499,0.0,0.048935436
0.0,0.0,9.291562999999998e-19,0.027221905,0.0,0.065894306
0.0,0.0,4.534823e-19,0.007048269,0.0,0.012054387
0.0,0.0,1.6388649e-19,0.013475043,0.0,0.052127574
0.0,0.0,1.3988482e-19,0.042713843,0.0,0.06723395
0.0,0.0,6.827193e-20,0.014905771,0.0,0.028623097
0.0,0.0,3.43814e-20,0.004733765,0.0,0.012779887
0.0,0.0,2.789614e-20,0.008581933,0.0,0.017767077
0.0,0.0,7.765819000000001e-17,0.019815464,0.0,0.047784742
0.0,0.0,7.017327e-17,0.03947791,0.0,0.0106474
0.0,0.0,3.988398000000001e-17,0.024889454,0.0,0.06583863
0.0,0.0,3.9818718e-17,0.0072162827,0.0,0.015469158
0.0,0.0,2.2631534e-17,0.0193943,0.0,0.033281397
0.0,0.0,7.099566e-18,0.03927888,0.0,0.024337959
0.0,0.0,7.087949e-18,0.0048109083,0.0,0.0186199
0.0,0.0,7.0763515e-18,0.008797075,0.0,0.07173471
0.0,0.0,3.1787298e-18,0.045255702,0.0,0.034611657
0.0,0.0,1.5958831e-15,0.006577665,0.0,0.020186942
0.0,0.0,1.8975791e-14,0.018004857,0.0,0.062156938
0.0,0.0,1.8943878e-14,0.022671882,0.0,0.01081007
0.0,0.0,9.245036e-15,0.005809671,0.0,0.04351944
0.0,0.0,4.214514e-15,0.008625855,0.0,0.018889608
0.0,0.0,3.0724208e-15,0.009740942,0.0,0.01310633
0.0,0.0,1.962567e-15,0.017584985,0.0,0.029187843
0.0,0.0,1.6750205e-15,0.019211367,0.0,0.010724611
0.0,0.0,8.1848346e-14,0.03628141,0.0,0.03789821
0.0,0.0,6.352626e-14,0.0055231135,0.0,0.013070133
0.0,0.0,6.3418455e-14,0.0065374984,0.0,0.05957001
0.0,0.0,6.331083e-14,0.008682258,0.0,0.021379607
0.0,0.0,4.7887516e-14,0.011984109,0.0,0.030180288
0.0,0.0,2.5145704e-14,0.016943373,0.0,0.01660349
0.0,0.0,4.609967e-15,0.024922306,0.0,0.022028144
0.0,0.0,1.2954769e-15,0.018130826,0.0,0.045792203
0.0,0.0,2.3536534e-15,0.023397174,0.0,0.041549657
0.0,0.0,6.1514993e-15,0.018428903,0.0,0.008697865
0.0,0.0,5.250068e-15,0.04085031,0.0,0.044164862
0.0,0.0,2.7098964e-15,0.004791076,0.0,0.012567389
0.0,0.0,1.4790297e-15,0.005353583,0.0,0.043963842
0.0,0.0,5.1199944e-16,0.007823273,0.0,0.009082314
0.0,0.0,1.913462e-16,0.009130934,0.0,0.016123477
0.0,0.0,1.9101726e-16,0.023184963,0.0,0.04584392
0.0,0.0,2.1600228e-16,0.023837863,0.0,0.010843521
0.0,0.0,3.4313297e-16,0.018292364,0.0,0.038210575
0.0,0.0,3.9371265e-15,0.018824711,0.0,0.0073230173
0.0,0.0,9.664343e-15,0.017223824,0.0,0.02271773
0.0,0.0,4.6743407e-15,0.028533356,0.0,0.020968698
0.0,0.0,2.3017985e-15,0.008745236,0.0,0.031773224
0.0,0.0,1.495302e-15,0.02921467,0.0,0.007928081
0.0,0.0,5.71263e-16,0.009290553,0.0,0.03471152
0.0,0.0,7.980809e-16,0.0068099354,0.0,0.0065811723
0.0,0.0,5.6563897e-16,0.0052206917,0.0,0.010040306
0.0,0.0,3.864455e-15,0.00886517,0.0,0.030468663
0.0,0.0,6.317414e-15,0.020788638,0.0,0.0075499
0.0,0.0,2.5455434e-15,0.002069461,0.0,0.0062011727
0.0,0.0,2.541062e-15,6.2330328e-06,0.0,0.012995657
0.0,0.0,1.3342252e-15,3.6310706e-05,0.0,0.024219215
0.0,0.0,5.7065695e-16,2.0161233e-06,0.0,0.0049588312
0.0,0.0,1.8714673e-16,9.827335e-08,0.0,0.012876739
0.0,0.0,1.8681725e-16,3.272136e-08,0.0,0.025138222
0.0,0.0,9.809139e-17,9.140101e-09,0.0,0.009531534
0.0,0.0,8.3712855e-17,2.69484e-09,0.0,0.026018377
0.0,0.0,7.1441975e-17,0.010315475,0.0,0.012272086
0.0,0.0,7.13162e-17,0.016964585,0.0,0.025588877
0.0,0.0,7.1190644e-17,0.018567583,0.0,0.007287111
0.0,0.0,7.106531000000001e-17,0.019218603,0.0,0.020526726
0.0,0.0,1.7331073e-17,0.02013399,0.0,0.021649694
0.0,0.0,1.7300562000000002e-17,0.006853818,0.0,0.009938169
0.0,0.0,1.0715249e-17,0.0023934294,0.0,0.0131491
0.0,0.0,6.089406699999999e-18,0.00080847566,0.0,0.008487931
0.0,0.0,6.078686e-18,0.0002832695,0.0,0.017204747
0.0,0.0,1.7453763e-18,8.452422e-05,0.0,0.03249941
0.0,0.0,5.7180974e-19,2.6930138e-05,0.0,0.012143712
0.0,0.0,1.0062235e-18,7.706898e-06,0.0,0.035445698
0.0,0.0,2.5345259e-18,2.1933733e-06,0.0,0.0042697075
0.0,0.0,4.120765e-18,6.725336e-07,0.0,0.015328554
0.0,0.0,1.3698415999999998e-18,2.450882e-07,0.0,0.010302718
0.0,0.0,7.802321999999999e-19,3.1595782e-08,0.0,0.009253847
0.0,0.0,3.436989e-19,5.948894e-09,0.0,0.027121257
0.0,0.0,3.430834e-19,1.6985682e-09,0.0,0.0127584925
0.0,0.0,2.3354178e-19,0.00090544845,0.0,0.043265257
0.0,0.0,2.3312354e-19,0.022669131,0.0,0.041995835
0.0,0.0,1.5146088e-19,0.014344178,0.0,0.015164551
0.0,0.0,3.9342303e-20,0.02489499,0.0,0.028768107
0.0,0.0,2.8058037e-20,0.008431458,0.0,0.012125535
0.0,0.0,1.2000244e-20,0.00797545,0.0,0.015273
0.0,0.0,1.1978755e-20,0.00690727,0.0,0.0202307
0.0,0.0,3.928311e-21,0.016251368,0.0,0.07334113
0.0,0.0,3.754534e-19,0.037080746,0.0,0.024728004
0.0,0.0,2.9161247e-19,0.0061093974,0.0,0.0116724875
0.0,0.0,6.609633e-18,0.008543404,0.0,0.0138672395
0.0,0.0,1.6289163e-17,0.0005398521,0.0,0.03691728
0.0,0.0,2.9521547e-17,0.00013383299,0.0,0.013679471
0.0,0.0,1.5492886e-17,4.2361713e-05,0.0,0.023422368
0.0,0.0,2.1492253e-16,1.3564168e-05,0.0,0.041896123
0.0,0.0,2.7369392e-16,0.006859572,0.0,0.008845925
0.0,0.0,2.6351584e-16,0.00981693,0.0,0.013301683
0.0,0.0,4.8678124e-15,0.020544207,0.0,0.03980065
0.0,0.0,2.7707085e-14,0.019013008,0.0,0.005893154
0.0,0.0,8.91761e-14,0.028655013,0.0,0.024696926
0.0,0.0,2.456349e-13,0.0077237603,0.0,0.015148459
0.0,0.0,9.736742e-14,0.009181458,0.0,0.038982835
0.0,0.0,2.2214146e-13,0.016384391,0.0,0.0057323384
0.0,0.0,3.1055448e-13,0.041324213,0.0,0.02961036
0.0,0.0,1.953444e-13,0.007267509,0.0,0.046901483
0.0,0.0,1.4591067e-13,0.021865075,0.0,0.008434865
0.0,0.0,9.9309693e-14,0.012166268,0.0,0.010740483
0.0,0.0,6.9301715e-14,0.032203227,0.0,0.05401108
0.0,0.0,4.6034784e-14,0.0063992892,0.0,0.032208927
0.0,0.0,4.5945967e-14,0.008920148,0.0,0.016076203
0.0,0.0,3.474486e-14,0.028325196,0.0,0.06983627
0.0,0.0,2.019918e-14,0.015254102,0.0,0.022112813
0.0,0.0,1.19130085e-14,0.046084825,0.0,0.046377074
0.0,0.0,8.382238e-15,0.00600951,0.0,0.006561467
0.0,0.0,5.5254805e-15,0.010425326,0.0,0.016602267
0.0,0.0,5.5148198e-15,0.018946497,0.0,0.05478914
0.0,0.0,4.1703693e-15,0.02877944,0.0,0.02743575
0.0,0.0,3.558462e-15,0.011631034,0.0,0.020026328
0.0,0.0,1.7361787e-15,0.010030699,0.0,0.021541126
0.0,0.0,3.8644467e-16,0.016082793,0.0,0.013359442
0.0,0.0,4.3633176000000006e-16,0.024061456,0.0,0.057903748
0.0,0.0,2.7019798e-16,0.007683413,0.0,0.016426517
0.0,0.0,2.6967462e-16,0.004879893,0.0,0.020288613
0.0,0.0,2.301042e-16,0.009856401,0.0,0.009425016
0.0,0.0,2.296585e-16,0.017968155,0.0,0.05493788
0.0,0.0,2.2921365e-16,0.017500293,0.0,0.0122955665
0.0,0.0,6.647098000000001e-17,0.011993112,0.0,0.019659033
0.0,0.0,3.3751563e-17,0.000795162,0.0,0.020025408
0.0,0.0,2.5523121e-17,0.00025517403,0.0,0.0042662155
0.0,0.0,8.105482e-18,8.1543396e-05,0.0,0.017812518
0.0,0.0,2.747655e-18,2.7168362e-05,0.0,0.05765207
0.0,0.0,2.344481e-18,7.895867e-06,0.0,0.043750525
0.0,0.0,1.4518173e-18,1.4053533e-06,0.0,0.0075906455
0.0,0.0,2.5404667e-16,2.2194834e-08,0.0,0.014016856
0.0,0.0,1.3060527e-16,8.205263e-09,0.0,0.044443116
0.0,0.0,4.8603588e-17,0.006197683,0.0,0.019881923
0.0,0.0,8.870979e-18,0.026167506,0.0,0.038954698
0.0,0.0,1.9216371e-18,0.0063855466,0.0,0.0056049274
0.0,0.0,3.0743447000000003e-16,0.0116194235,0.0,0.013971847
0.0,0.0,2.8672243e-16,0.030055204,0.0,0.038860407
0.0,0.0,2.1681656e-16,0.0101635065,0.0,0.010310084
0.0,0.0,1.8499835e-16,0.011368751,0.0,0.024799628
0.0,0.0,7.046172e-17,0.014702566,0.0,0.004995898
0.0,0.0,5.328243000000001e-17,0.013393135,0.0,0.009954069
0.0,0.0,4.546314000000001e-17,0.006429623,0.0,0.013793116
0.0,0.0,1.3542461e-17,0.0035232801,0.0,0.011719881
0.0,0.0,9.57322e-18,0.0010548786,0.0,0.009701661
0.0,0.0,4.5782966e-18,0.00024178758,0.0,0.009505418
0.0,0.0,3.9064237e-18,5.1881012e-05,0.0,0.010377219
0.0,0.0,3.3331489000000003e-18,1.1382587e-05,0.0,0.023456864
0.0,0.0,3.326623e-18,3.3292697e-06,0.0,0.004521721
0.0,0.0,3.3201098e-18,7.727346e-07,0.0,0.0057116286
0.0,0.0,3.3136094e-18,2.0054743e-07,0.0,0.019590167
0.0,0.0,8.531669e-18,5.009236e-08,0.0,0.009002576
0.0,0.0,6.6474760000000004e-18,1.6055084e-08,0.0,0.0099938195
0.0,0.0,9.325001e-18,2.7309826e-09,0.0,0.008833056
0.0,0.0,6.4702684e-18,5.64972e-10,0.0,0.008127116
0.0,0.0,4.381392e-18,6.9226522e-09,0.0,0.005369297
0.0,0.0,8.059141000000001e-17,1.5486735e-09,0.0,0.0003140431
0.0,0.0,8.970831e-17,3.60442e-10,0.0,8.2186605e-05
0.0,0.0,8.9529344e-17,1.1510589e-10,0.0,2.6841713e-05
0.0,0.0,4.0800757e-17,3.045648e-11,0.0,8.455211e-06
0.0,0.0,3.481188000000001e-17,6.7099694e-12,0.0,1.8681374e-06
0.0,0.0,1.4023845e-17,1.66103e-12,0.0,4.1646928e-07
0.0,0.0,1.3995866e-17,3.6270048e-13,0.0,9.921007e-08
0.0,0.0,1.3967944e-17,5.01363e-14,0.0,7.8834695e-05
0.0,0.0,8.649132e-18,1.7859978e-14,0.0,2.2486001e-05
0.0,0.0,3.18099e-17,3.6582362e-10,0.0,3.858282e-06
0.0,0.0,4.8599147e-17,1.6150033e-10,0.0,7.0425716e-07
0.0,0.0,4.850128e-17,3.4016838e-11,0.0,2.1292523e-07
0.0,0.0,4.138131000000001e-17,5.2330735e-12,0.0,3.758492e-08
0.0,0.0,1.5760337e-17,1.5690045e-12,0.0,3.187592e-08
0.0,0.0,1.5728598e-17,1.6839758e-13,0.0,2.4268225e-08
0.0,0.0,1.3419647000000001e-17,2.7708127e-14,0.0,5.9620833e-09
0.0,0.0,3.0368195e-18,5.8564997e-15,0.0,1.0860727e-09
0.0,0.0,3.5902987e-16,1.0160183e-15,0.0,2.0326497e-10
0.0,0.0,1.02185135e-16,1.7627278000000002e-16,0.0,4.136254e-11
0.0,0.0,1.8159304e-17,6.1688245e-17,0.0,1.1253948e-11
0.0,0.0,1.8122473e-17,5.463583399999999e-18,0.0,1.6554955e-12
0.0,0.0,1.8085715e-17,9.380262999999998e-19,0.0,3.2238925e-06
0.0,0.0,1.8049033e-17,1.329914e-19,0.0,2.3014923e-06
0.0,0.0,1.2283313e-17,2.2604218e-20,0.0,4.2993585e-07
0.0,0.0,1.2258399e-17,8.182786e-21,0.0,1.0216693e-07
0.0,0.0,1.0673066e-15,1.6315891e-21,0.0,1.6208288e-08
0.0,0.0,6.0686247e-16,1.8420837e-22,0.0,3.6660313e-09
0.0,0.0,4.3915964e-16,1.7864655e-19,0.0,8.544563e-10
0.0,0.0,2.988685e-16,2.4567253e-20,0.0,2.0646032e-10
0.0,0.0,2.5498879e-16,5.129884e-21,0.0,3.6865892e-11
0.0,0.0,2.5446934000000004e-16,1.1902041000000001e-21,0.0,6.1948203e-12
0.0,0.0,1.335762e-16,2.0805705e-22,0.0,1.0908681e-12
0.0,0.0,1.3330409000000002e-16,4.407426e-23,0.0,2.6118696e-13
0.0,0.0,1.3303252e-16,6.728299e-24,0.0,5.1505417e-14
0.0,0.0,6.506306000000001e-17,1.1902894e-24,0.0,1.0861691e-14
0.0,0.0,5.5166048e-17,1.8775308e-24,0.0,1.9523197e-15
0.0,0.0,5.505311e-17,5.751199e-25,0.0,3.8798954e-11
0.0,0.0,4.1626875e-17,1.0452974e-25,0.0,9.392462e-12
0.0,0.0,4.1541656e-17,2.0387115e-26,0.0,1.5919471e-12
0.0,0.0,4.145661000000001e-17,3.540225e-27,0.0,3.0600923e-13
0.0,0.0,4.1371743e-17,6.165726000000001e-28,0.0,5.2562067e-14
0.0,0.0,4.1287046e-17,1.1373306e-28,0.0,9.3681895e-15
0.0,0.0,4.120252000000001e-17,5.589117e-29,0.0,2.1587988e-15
0.0,0.0,2.0100398e-17,3.4767745000000005e-30,0.0,4.548087e-16
0.0,0.0,1.6658863e-17,6.0213510000000005e-31,0.0,7.882403e-17
0.0,0.0,3.8695714e-17,1.0657464e-31,0.0,1.12994625e-17
0.0,0.0,1.8646387e-16,2.0592989e-32,0.0,6.43543e-13
0.0,0.0,1.8607686e-16,4.4267663e-33,0.0,8.6360205e-13
0.0,0.0,1.4069283e-16,7.714233e-34,0.0,1.8492819e-13
0.0,0.0,5.667307000000001e-17,4.1650377e-32,0.0,3.6071294e-14
0.0,0.0,5.6555444e-17,2.5985175e-35,0.0,5.5379586e-15
0.0,0.0,2.4181527e-17,2.453916e-30,0.0,9.676887e-16
0.0,0.0,2.4131338e-17,4.4772196e-31,0.0,1.9361026e-16
0.0,0.0,1.1322115e-17,7.6321657e-32,0.0,3.6515746e-17
0.0,0.0,6.438219e-18,1.1473675e-32,0.0,6.4512474e-18
0.0,0.0,6.4247867e-18,2.1225472e-33,0.0,1.2167471e-18
0.0,0.0,2.4467446e-18,5.721341e-34,0.0,2.1400405e-19
0.0,0.0,2.4416400000000007e-18,7.345385e-35,0.0,3.4363012e-20
0.0,0.0,2.4365461e-18,1.36534e-35,0.0,1.3909630000000006e-17
0.0,0.0,1.2789301999999998e-18,2.2951082e-36,0.0,3.6164506e-18
0.0,0.0,1.0911046e-18,6.609411e-37,0.0,5.137668999999999e-19
0.0,0.0,1.0888281999999998e-18,1.1538278999999998e-37,0.0,9.6659215e-20
0.0,0.0,3.562875e-19,2.8903474e-38,0.0,1.8190859999999998e-20
0.0,0.0,2.7061981e-19,3.69256e-39,0.0,3.0648354e-21
0.0,0.0,1.1570823e-19,6.42874e-40,0.0,6.044774000000002e-22
0.0,0.0,1.1546683e-19,1.11419e-40,0.0,1.2173205000000001e-22
0.0,0.0,1.1522592e-19,7.3638e-41,0.0,2.6819942e-23
0.0,0.0,1.1498554e-19,2.0819e-41,0.0,4.885574e-24
0.0,0.0,1.1474564e-19,6.443e-42,0.0,7.3937467e-25
0.0,0.0,5.2287676e-20,1.71e-42,0.0,2.1423692e-25
0.0,0.0,2.3826624e-20,3.9e-44,0.0,2.5954784e-26
0.0,0.0,2.3776914e-20,8.000000000000001e-45,0.0,4.755006e-27
0.0,0.0,1.6180496e-20,1e-45,0.0,9.16856e-28
0.0,0.0,9.332384e-21,0.0,0.0,1.0608946e-08
0.0,0.0,5.501853e-21,0.0,0.0,6.8432895e-09
0.0,0.0,5.1897602e-21,0.0,0.0,1.2750183e-09
0.0,0.0,4.6127836e-21,0.0,0.0,2.0582813e-10
0.0,0.0,3.1390585e-21,0.0,0.0,3.7264317e-11
0.0,0.0,2.0259131e-21,0.0,0.0,1.0954944e-11
0.0,0.0,1.1097655e-21,2.2715e-41,0.0,2.6408652e-12
0.0,0.0,1.1074501e-21,5.028e-42,0.0,6.285912e-13
0.0,0.0,1.1051397e-21,1.062e-42,0.0,1.379052e-13
0.0,0.0,5.391145e-22,2.47e-43,0.0,3.957224e-14
0.0,0.0,1.1496699e-22,6.9e-44,0.0,1.0723748e-14
0.0,0.0,1.8885849e-23,1.8000000000000002e-44,0.0,2.4500775e-11
0.0,0.0,5.9063803e-24,4.000000000000001e-45,0.0,1.13511235e-10
0.0,0.0,4.620275e-25,1e-45,0.0,2.5008289e-11
0.0,0.0,9.7868703e-26,0.0,0.0,8.270554e-12
0.0,0.0,3.2196665e-26,1.4546382e-33,0.0,2.0223705e-07
0.0,0.0,1.4671049999999998e-26,3.6926665e-34,0.0,1.7875651e-07
0.0,0.0,1.4640009e-26,9.200689e-35,0.0,6.01458e-08
0.0,0.0,1.10688725e-26,2.6176365e-35,0.0,1.9943366e-08
0.0,0.0,9.253813e-27,6.564673e-36,0.0,0.00972464
0.0,0.0,5.8116303000000005e-27,1.5216889e-36,0.0,0.006240939
0.0,0.0,1.3769354e-27,3.6044306e-26,0.0,0.016522774
0.0,0.0,9.369945e-28,3.4098898000000004e-26,0.0,0.009105869
0.0,0.0,7.9936238e-28,1.1505297e-26,0.0,0.038147777
0.0,0.0,4.2470675e-28,2.9887914e-27,0.0,0.0055721565
0.0,0.0,1.9152028e-28,1.6057494999999999e-25,0.0,0.03847246
0.0,0.0,1.033232e-28,6.611645400000001e-26,0.0,0.057714533
0.0,0.0,4.0776707e-29,2.3241082000000003e-22,0.0,0.008858034
0.0,0.0,3.0830046e-29,4.0309265e-22,0.0,0.008604068
0.0,0.0,1.4524294e-29,1.4661818000000002e-22,0.0,0.06370978
0.0,0.0,1.0076972e-29,2.7888985e-12,0.0,0.035953276
0.0,0.0,3.1596596e-30,1.611807e-12,0.0,0.040945
0.0,0.0,5.5918675e-31,1.6696331e-12,0.0,0.0067606606
0.0,0.0,5.656545e-30,5.6331727e-12,0.0,0.08362648
0.0,0.0,4.3472015e-29,2.2256069e-12,0.0,0.02571195
0.0,0.0,3.2866912e-29,7.480023e-13,0.0,0.09978591
0.0,0.0,1.2474990000000001e-29,2.450919e-13,0.0,0.050841734
0.0,0.0,7.859618e-30,6.874506e-15,0.0,0.00617955
0.0,0.0,4.4157392e-26,2.6156255e-15,0.0,0.06759257
0.0,0.0,4.8225453e-25,9.368733e-16,0.0,0.020948334
0.0,0.0,4.6226366999999985e-25,4.3176556e-12,0.0,0.0452835
0.0,0.0,1.3276624e-25,2.820645e-12,0.0,0.12495591
0.0,0.0,1.4460626e-21,1.6576109e-12,0.0,0.1693047
0.0,0.0,8.391608999999999e-20,7.7621614e-08,0.0,0.15201673
0.0,0.0,6.965822700000002e-16,8.3716394e-08,0.0,0.13125584
0.0,0.0,6.3155126e-16,3.8309928e-08,0.0,0.092372395
0.0,0.0,3.9097013000000005e-16,0.006702761,0.0,0.04196976
0.0,0.0,1.539113e-13,0.005949095,0.0,0.0078115384
0.0,0.0,1.3388712e-13,0.009863584,0.0,0.029910628
0.0,0.0,1.261966e-13,0.04301141,0.0,0.009987261
0.0,0.0,1.2591299e-13,0.0071668746,0.0,0.034215707
0.0,0.0,4.5475576e-14,0.0077715092,0.0,0.023219055
0.0,0.0,4.5373376e-14,0.013867706,0.0,0.09950963
0.0,0.0,4.5271404e-14,0.038100794,0.0,0.031286433
0.0,0.0,2.57149e-14,0.005073725,0.0,0.009568339
0.0,0.0,1.1073836e-11,0.01999841,0.0,0.02904277
0.0,0.0,8.4901884e-11,0.0055554113,0.0,0.04646912
0.0,0.0,8.470986e-11,0.025855502,0.0,0.0075636753
0.0,0.0,7.225653e-11,0.008855131,0.0,0.08902104
0.0,0.0,3.0889125e-11,0.034850363,0.0,0.036542736
0.0,0.0,1.32048695e-11,0.0063860873,0.0,0.05807602
0.0,0.0,1.3175003e-11,0.009318822,0.0,0.028674161
0.0,0.0,1.1238125e-11,0.025477275,0.0,0.025209052
0.0,0.0,8.495567e-12,0.021885103,0.0,0.054280713
0.0,0.0,7.2466204e-12,0.037429713,0.0,0.016352627
0.0,0.0,4.486002e-12,0.006561906,0.0,0.07250485
0.0,0.0,4.4758555e-12,0.0101377,0.0,0.022268374
0.0,0.0,4.465732e-12,0.028764429,0.0,0.034578543
0.0,0.0,2.178112e-12,0.021368122,0.0,0.029174345
0.0,0.0,1.0240494e-12,0.026991747,0.0,0.065780394
0.0,0.0,4.7986197e-13,0.017693533,0.0,0.012701523
0.0,0.0,2.0513741e-13,0.043588955,0.0,0.06889031
0.0,0.0,9.772495e-14,0.009419403,0.0,0.03819965
0.0,0.0,1.7818402e-14,0.019906651,0.0,0.010466532
0.0,0.0,4.5241423e-15,0.026210383,0.0,0.032760307
0.0,0.0,1.0031269e-11,0.009841479,0.0,0.07414655
0.0,0.0,2.011105e-11,0.013629268,0.0,0.029611561
0.0,0.0,1.7154288e-11,0.020965302,0.0,0.010094692
0.0,0.0,1.4632235e-11,0.013538288,0.0,0.05370831
0.0,0.0,2.5369954e-12,0.029828558,0.0,0.017645972
0.0,0.0,4.734932e-13,0.0074395156,0.0,0.059670065
0.0,0.0,8.8387434e-14,0.013384382,0.0,0.013180292
0.0,0.0,6.557353e-11,0.01665283,0.0,0.039429605
0.0,0.0,4.6374935e-11,0.024983145,0.0,0.022901325
0.0,0.0,1.5933817e-11,0.013336134,0.0,0.011424004
0.0,0.0,1.589736e-11,0.018150559,0.0,0.024750726
0.0,0.0,1.5860986e-11,0.019620918,0.0,0.021127768
0.0,0.0,3.049633e-12,0.0190129,0.0,0.02122318
0.0,0.0,8.5197355e-13,0.011489428,0.0,0.010888921
0.0,0.0,8.500153e-13,0.0073768473,0.0,0.016733006
0.0,0.0,6.425535e-13,0.0083891805,0.0,0.019725172
0.0,0.0,3.9775648e-13,0.010589396,0.0,0.033012334
0.0,0.0,1.955981e-11,0.023416623,0.0,0.017792802
0.0,0.0,3.0300165e-11,0.016570391,0.0,0.009906108
0.0,0.0,2.2904581e-11,0.027505815,0.0,0.041411895
0.0,0.0,1.0086794e-11,0.008221172,0.0,0.018702105
0.0,0.0,5.513225e-12,0.0197569,0.0,0.021256853
0.0,0.0,1.6570574e-12,0.015980827,0.0,0.016972048
0.0,0.0,1.1273955e-12,0.03275242,0.0,0.036922097
0.0,0.0,4.540245e-13,0.0058368705,0.0,0.027559161
0.0,0.0,3.8725875e-13,0.0041926373,0.0,0.009666735
0.0,0.0,1.6554215e-13,0.0035608655,0.0,0.045194753
0.0,0.0,1.6515967e-13,0.002929679,0.0,0.005821068
0.0,0.0,3.0155227e-14,0.0011695211,0.0,0.01735194
0.0,0.0,4.7837142e-12,0.00037082582,0.0,0.014554808
0.0,0.0,6.2107875e-12,0.00014735723,0.0,0.026545353
0.0,0.0,3.2592486e-12,4.216183e-05,0.0,0.021352395
0.0,0.0,9.349892e-13,0.008156128,0.0,0.025277516
0.0,0.0,1.646073e-13,0.008665993,0.0,0.018905615
0.0,0.0,3.07943e-14,0.017241143,0.0,0.024562044
0.0,0.0,1.4964975e-14,0.025437362,0.0,0.02943664
0.0,0.0,2.7263325e-15,0.011458993,0.0,0.03170165
0.0,0.0,8.366074e-13,0.021883093,0.0,0.008215706
0.0,0.0,3.350787e-13,0.006527609,0.0,0.0039907987
0.0,0.0,1.4323394e-13,0.0077307,0.0,0.0038074
0.0,0.0,1.2216859e-13,0.00838959,0.0,0.013182039
0.0,0.0,2.1821583e-11,0.020895377,0.0,0.015004918
0.0,0.0,9.708028e-12,0.017378658,0.0,0.019800738
0.0,0.0,1.6810022e-12,0.016349005,0.0,0.016414395
0.0,0.0,4.6644555e-10,0.025052901,0.0,0.053075403
0.0,0.0,4.1828374e-10,0.014255582,0.0,0.008962239
0.0,0.0,2.2900237e-10,0.031083655,0.0,0.029777743
0.0,0.0,5.581842e-11,0.0053252014,0.0,0.0040777875
0.0,0.0,5.568736e-11,0.0038007812,0.0,0.00511263
0.0,0.0,4.2093756e-11,0.004174696,0.0,0.014972382
0.0,0.0,7.4398526e-12,0.0030291672,0.0,0.042448588
0.0,0.0,4.2255327e-12,0.0020312124,0.0,0.007463423
0.0,0.0,2.7040772e-12,0.0008152239,0.0,0.018159209
0.0,0.0,1.2031687e-12,0.0002749039,0.0,0.017302532
0.0,0.0,1.2003439e-12,7.304002e-05,0.0,0.016598754
0.0,0.0,4.570067e-13,2.4114815e-05,0.0,0.01698722
0.0,0.0,1.4978864e-13,6.2094873e-06,0.0,0.015818875
0.0,0.0,5.7029e-14,1.8726266e-06,0.0,0.026724286
0.0,0.0,3.2345783e-14,0.018797144,0.0,0.03365537
0.0,0.0,1.4752647e-14,0.00558941,0.0,0.016322453
0.0,0.0,1.1151442e-14,0.008872734,0.0,0.017333623
0.0,0.0,7.58671e-15,0.0091369385,0.0,0.037703212
0.0,0.0,6.4708176e-15,0.017766815,0.0,0.00916391
0.0,0.0,3.3956083e-15,0.05433194,0.0,0.027588017
0.0,0.0,3.3876356e-15,0.007183259,0.0,0.03617447
0.0,0.0,4.4311852e-13,0.0086787315,0.0,0.015306034
0.0,0.0,4.1544069e-13,0.01258029,0.0,0.027401526
0.0,0.0,4.1446179e-13,0.019226264,0.0,0.0149485795
0.0,0.0,2.1749001e-13,0.017103355,0.0,0.02943474
0.0,0.0,1.8549889e-13,0.029663071,0.0,0.021291438
0.0,0.0,8.4505936e-14,0.011218426,0.0,0.04167889
0.0,0.0,4.121295e-14,0.032664653,0.0,0.00896728
0.0,0.0,2.0099265e-14,0.0062958845,0.0,0.013034453
0.0,0.0,1.7142817e-14,0.0030518766,0.0,0.018716073
0.0,0.0,1.32354836e-14,0.0015988764,0.0,0.02508074
0.0,0.0,4.7343335e-15,0.00050364115,0.0,0.015535021
0.0,0.0,2.484355e-15,0.00016045675,0.0,0.033538602
0.0,0.0,2.1189253e-15,4.2232423e-05,0.0,0.0069771134
0.0,0.0,4.66702e-16,0.004836505,0.0,0.010968441
0.0,0.0,8.818931000000001e-17,0.018442074,0.0,0.039480425
0.0,0.0,2.1100315e-17,0.022413893,0.0,0.009098554
0.0,0.0,2.1050598e-17,0.016820611,0.0,0.019247862
0.0,0.0,3.6255716e-15,0.046169057,0.0,0.08226704
0.0,0.0,4.557049e-15,0.005786494,0.0,0.011223725
0.0,0.0,3.100265e-15,0.0062482376,0.0,0.049867526
0.0,0.0,3.0929338e-15,0.011494559,0.0,0.010172688
0.0,0.0,1.0626108e-15,0.036885418,0.0,0.06980688
0.0,0.0,4.2791125000000006e-16,0.006494308,0.0,0.02413535
0.0,0.0,1.6291584e-16,0.008849933,0.0,0.045954436
0.0,0.0,1.2932436e-16,0.011459546,0.0,0.015041665
0.0,0.0,3.8204822e-17,0.03619147,0.0,0.0779045
0.0,0.0,1.1348976e-15,0.005900485,0.0,0.02084317
0.0,0.0,1.7949098e-15,0.0052593984,0.0,0.018889781
0.0,0.0,6.166549e-16,0.0040183375,0.0,0.028480275
0.0,0.0,4.6611365e-16,0.0020105971,0.0,0.012538008
0.0,0.0,1.6013687000000002e-16,0.0008053471,0.0,0.051943664
0.0,0.0,5.5016240000000004e-17,0.00018115401,0.0,0.019731607
0.0,0.0,5.04136e-15,6.350437e-05,0.0,0.075336725
0.0,0.0,6.7774287e-15,2.1049133e-05,0.0,0.027201038
0.0,0.0,5.1228337e-15,6.5612235e-06,0.0,0.015077071
0.0,0.0,3.1708882e-15,2.080614e-06,0.0,0.04895508
0.0,0.0,1.1450639e-15,5.368666e-07,0.0,0.017537976
0.0,0.0,8.459432e-15,1.5597968e-07,0.0,0.037833214
0.0,0.0,5.1435796e-15,4.5511072e-08,0.0,0.015244284
0.0,0.0,2.7289428e-15,0.014695584,0.0,0.026868891
0.0,0.0,5.2146593e-16,0.017470209,0.0,0.018047081
0.0,0.0,2.481019e-16,0.043099824,0.0,0.048264492
0.0,0.0,6.047122e-17,0.005456027,0.0,0.017874734
0.0,0.0,4.113866e-17,0.008470031,0.0,0.03875894
0.0,0.0,2.5463352e-17,0.020505521,0.0,0.015920669
0.0,0.0,7.712078e-18,0.019946253,0.0,0.0063018454
0.0,0.0,6.7683417e-18,0.030671287,0.0,0.03797259
0.0,0.0,3.843956299999999e-18,0.008947312,0.0,0.014729649
0.0,0.0,3.8347456e-18,0.011195923,0.0,0.028917499
0.0,0.0,4.133679e-14,0.0135601275,0.0,0.0040361118
0.0,0.0,3.476432e-14,0.010481101,0.0,0.004901745
0.0,0.0,2.0188214e-14,0.006623296,0.0,0.0114274975
0.0,0.0,7.091598e-15,0.014765427,0.0,0.029374337
0.0,0.0,6.048167e-15,0.01476532,0.0,0.003432322
0.0,0.0,2.5851698e-15,0.0051946514,0.0,0.0011015285
0.0,0.0,5.3854e-12,0.0027567823,0.0,0.0010777194
0.0,0.0,7.414845e-12,0.0012155734,0.0,0.0035188769
0.0,0.0,7.396903e-12,0.00031786005,0.0,0.006847168
0.0,0.0,5.032006e-12,8.992428e-05,0.0,0.020744562
0.0,0.0,5.01983e-12,2.442254e-05,0.0,0.012852695
0.0,0.0,5.0076835e-12,6.501004e-06,0.0,0.023438815
0.0,0.0,4.9955665e-12,1.7637227e-06,0.0,0.0042836056
0.0,0.0,4.9834785e-12,4.4972714e-07,0.0,0.005305021
0.0,0.0,4.250177e-12,1.3006704e-07,0.0,0.013595966
0.0,0.0,1.0358966e-12,2.7347062e-08,0.0,0.01113646
0.0,0.0,4.1713066e-13,7.1656636e-09,0.0,0.018484702
0.0,0.0,4.1612132e-13,1.7832447e-09,0.0,0.01086631
0.0,0.0,3.548905e-13,0.0020377818,0.0,0.01889033
0.0,0.0,7.754001e-14,0.00047307689,0.0,0.011623349
0.0,0.0,3.913492e-13,9.787147e-05,0.0,0.013120687
0.0,0.0,5.2754323e-13,2.2581857e-05,0.0,0.014882668
0.0,0.0,2.2548346e-13,6.1817304e-06,0.0,0.0042147217
0.0,0.0,9.079607e-14,8.468088e-07,0.0,0.005251218
0.0,0.0,1.9192613e-14,5.0724384e-07,0.0,0.008864516
0.0,0.0,3.0429047e-13,3.910136e-08,0.0,0.0059839217
0.0,0.0,2.535973e-12,7.3715305e-09,0.0,0.0026722965
0.0,0.0,2.1627771e-12,1.6346018e-09,0.0,0.0017209098
0.0,0.0,2.157508e-12,6.042956e-09,0.0,0.0010991406
0.0,0.0,7.070839e-13,6.880404e-09,0.0,0.0006546023
0.0,0.0,7.053612e-13,2.6046074e-09,0.0,0.0006556033
0.0,0.0,3.2130884e-13,9.972063e-10,0.0,0.0012533214
0.0,0.0,2.185781e-13,1.2618634e-10,0.0,0.0018092783
0.0,0.0,2.1804558e-13,7.964898e-11,0.0,0.0032699236
0.0,0.0,1.2383002e-13,5.6037095e-11,0.0,0.003788306
0.0,0.0,1.2352833e-13,9.879654e-12,0.0,0.0057133036
0.0,0.0,2.9258954e-14,1.0031762e-15,0.0,0.0021255964
0.0,0.0,2.4953182e-14,2.73308e-13,0.0,0.0012349183
0.0,0.0,1.004788e-14,4.0917822e-17,0.0,0.00031364022
0.0,0.0,4.0459727e-15,6.033664e-18,0.0,7.1824565e-05
0.0,0.0,4.0361154e-15,4.0733204e-07,0.0,4.2176795e-05
0.0,0.0,9.91696e-16,9.347256e-08,0.0,1.2105426e-05
0.0,0.0,4.637192e-16,1.3086356e-08,0.0,2.3866405e-06
0.0,0.0,2.3162563000000003e-16,2.4694558e-09,0.0,5.260618e-07
0.0,0.0,3.510272e-14,4.931604e-10,0.0,1.5250349e-07
0.0,0.0,3.377556e-14,7.1905606e-11,0.0,3.0297084e-08
0.0,0.0,1.6162143e-11,1.34309066e-11,0.0,6.3185444e-09
0.0,0.0,1.5136581e-10,3.472369e-12,0.0,1.4698319e-09
0.0,0.0,1.5099395e-10,6.221554e-13,0.0,4.1052806e-10
0.0,0.0,1.5749185e-10,1.4785707e-13,0.0,0.00056402845
0.0,0.0,1.1903419e-10,2.3151821e-14,0.0,0.0032138051
0.0,0.0,1.01514935e-10,5.2380945e-15,0.0,0.0016969071
0.0,0.0,1.0126553e-10,1.1641987e-15,0.0,0.0014221823
0.0,0.0,4.6127914e-11,2.4320666e-16,0.0,0.0025008654
0.0,0.0,3.4864018e-11,5.4339940000000004e-17,0.0,0.0008173778
0.0,0.0,2.9732793e-11,9.5386126e-18,0.0,0.00024640892
0.0,0.0,2.9659743e-11,1.8041303e-18,0.0,0.0001807759
0.0,0.0,2.9586875e-11,4.1362833e-19,0.0,0.00017467773
0.0,0.0,2.9514183e-11,2.4961268e-19,0.0,0.00011073562
0.0,0.0,2.944167e-11,1.1126436e-20,0.0,5.8160284e-05
0.0,0.0,2.5108497e-11,1.9264962e-21,0.0,3.6492136e-05
0.0,0.0,2.504681e-11,6.841201e-21,0.0,3.5611953e-05
0.0,0.0,2.4985274e-11,5.8381627e-23,0.0,2.5703153e-05
0.0,0.0,1.031019e-11,1.136077e-05,0.0,2.630499e-05
0.0,0.0,1.028486e-11,2.8650572e-06,0.0,2.40293e-05
0.0,0.0,8.771151e-12,4.8535526e-07,0.0,2.284419e-05
0.0,0.0,4.602223e-12,8.485872e-08,0.0,2.0760766e-05
0.0,0.0,8.7320033e-13,1.1464104e-08,0.0,1.7051121e-05
0.0,0.0,1.5296336e-13,1.889801e-09,0.0,6.6754637e-06
0.0,0.0,9.634947e-14,4.1686896e-10,0.0,1.9477902e-06
0.0,0.0,9.6112754e-14,1.0174801e-10,0.0,5.468218e-07
0.0,0.0,9.587662e-14,1.5792628e-11,0.0,1.4947909e-07
0.0,0.0,9.5641065e-14,3.887968e-12,0.0,4.2541615e-08
0.0,0.0,9.540609e-14,4.7963754e-13,0.0,9.070034e-09
0.0,0.0,9.5171694e-14,1.07086716e-13,0.0,1.8242792e-09
0.0,0.0,5.4047743e-14,1.9688581e-14,0.0,4.5854304e-10
0.0,0.0,5.3914958e-14,3.1035323e-15,0.0,8.2811806e-11
0.0,0.0,5.3782496e-14,5.831982e-16,0.0,1.7900974e-11
0.0,0.0,5.3650362e-14,1.1462471000000002e-16,0.0,3.6003808e-12
0.0,0.0,5.3518554e-14,2.4711086000000002e-17,0.0,1.0561168e-12
0.0,0.0,5.3387067e-14,7.9857886e-18,0.0,2.3839882e-13
0.0,0.0,4.5529647e-14,5.6761826e-19,0.0,3.8195033e-14
0.0,0.0,2.5030478e-14,1.0277788e-19,0.0,7.30751e-15
0.0,0.0,1.1711392e-14,1.9910575e-20,0.0,1.2163959e-15
0.0,0.0,1.1682619e-14,2.4845751e-21,0.0,2.5644124e-16
0.0,0.0,1.1653916e-14,4.530477400000002e-22,0.0,4.705991000000001e-17
0.0,0.0,1.1625285e-14,9.642158000000001e-23,0.0,1.1734952399999998e-17
0.0,0.0,1.1596724e-14,2.5999669e-23,0.0,2.2597836e-18
0.0,0.0,9.889937e-15,4.5381176e-24,0.0,4.6282425e-19
0.0,0.0,8.434353e-15,6.3277772e-25,0.0,1.1402707e-19
0.0,0.0,8.413632e-15,1.3082087e-24,0.0,2.8293224999999997e-20
0.0,0.0,8.392961e-15,2.5445985e-25,0.0,4.757401e-21
0.0,0.0,3.122244e-15,1.2337757e-26,0.0,8.105569300000001e-22
0.0,0.0,1.3707531e-15,8.153997e-27,0.0,1.327107e-22
0.0,0.0,1.169008e-15,3.966969e-28,0.0,2.4580417e-23
0.0,0.0,1.1661359e-15,2.1657768000000003e-27,0.0,4.1678697e-24
0.0,0.0,1.1632709e-15,2.6958375e-28,0.0,2.7373352e-22
0.0,0.0,5.2988677e-16,5.1405584e-28,0.0,2.950042e-22
0.0,0.0,4.518989e-16,3.6640935e-31,0.0,6.118958e-10
0.0,0.0,4.5078866e-16,1.0130953e-29,0.0,2.7772282e-09
0.0,0.0,4.4968116e-16,7.7274634e-31,0.0,1.1570722e-09
0.0,0.0,3.8349785e-16,1.2549792e-31,0.0,5.909062e-06
0.0,0.0,3.8255565e-16,4.0861093e-34,0.0,3.0375393e-05
0.0,0.0,3.2625176e-16,7.203493999999998e-35,0.0,3.1724398e-05
0.0,0.0,2.33742e-16,2.2894016e-13,0.0,3.819448e-05
0.0,0.0,4.2061942000000004e-17,2.344425e-13,0.0,3.6756195e-05
0.0,0.0,7.814972499999999e-18,4.2804905e-14,0.0,1.9542136e-05
0.0,0.0,3.511936e-18,8.33058e-15,0.0,1.0128886e-05
0.0,0.0,2.604554e-18,1.6420832e-15,0.0,4.9170653e-06
0.0,0.0,7.571456e-19,3.726672e-16,0.0,2.2058225e-06
0.0,0.0,6.457102e-19,1.3448332e-16,0.0,1.003336e-06
0.0,0.0,6.441238e-19,2.838121e-17,0.0,3.9674163e-07
0.0,0.0,4.381717399999999e-19,7.1586e-18,0.0,1.4296691e-07
0.0,0.0,4.3709526e-19,1.7925634999999997e-18,0.0,4.5959247e-08
0.0,0.0,1.9910321e-19,4.9218394e-19,0.0,1.8229793e-08
0.0,0.0,1.9861405e-19,7.980809999999999e-20,0.0,5.5954965e-09
0.0,0.0,1.6938236999999998e-19,2.0015606e-20,0.0,1.3599408e-09
0.0,0.0,1.1522408e-19,5.731856800000001e-21,0.0,4.229893e-10
0.0,0.0,5.618830999999999e-20,1.773335e-21,0.0,1.7305761e-10
0.0,0.0,4.2467785e-20,1.5514768e-13,0.0,0.014155804
0.0,0.0,4.2363449999999995e-20,8.526449e-14,0.0,0.006801596
0.0,0.0,4.2259368e-20,3.0000653e-14,0.0,0.03460287
0.0,0.0,8.995043000000001e-18,8.128106e-15,0.0,0.0048720236
0.0,0.0,3.856070799999999e-18,3.5007406e-15,0.0,0.014207714
0.0,0.0,7.917170999999999e-19,9.90072e-16,0.0,0.031918425
0.0,0.0,1.5250062999999998e-19,3.017333e-16,0.0,0.004863395
0.0,0.0,1.1936605e-19,1.0501797e-16,0.0,0.05586903
0.0,0.0,5.901981199999999e-18,1.2865306e-15,0.0,0.011564619
0.0,0.0,1.4538045e-17,6.9647517e-16,0.0,0.049389273
0.0,0.0,3.5622608e-18,2.4030002000000003e-16,0.0,0.018875059
0.0,0.0,6.2977174e-19,8.14982e-17,0.0,0.0039709094
0.0,0.0,2.5170349e-19,2.8105036000000004e-17,0.0,0.0159402
0.0,0.0,1.9023345e-19,1.2460834e-17,0.0,0.051251043
0.0,0.0,1.8975911e-19,4.348097e-18,0.0,0.009648466
0.0,0.0,9.037402e-12,1.904449e-13,0.0,0.095267765
0.0,0.0,8.600639e-12,1.0860362e-12,0.0,0.012731303
0.0,0.0,3.1997742e-12,3.6474486e-13,0.0,0.020809667
0.0,0.0,1.7570667e-10,2.475624e-13,0.0,0.05165593
0.0,0.0,3.2271263e-10,1.722005e-07,0.0,0.08335661
0.0,0.0,1.2993435e-10,3.0715574e-07,0.0,0.06543807
0.0,0.0,4.4633068e-11,1.1129524e-07,0.0,0.03624922
0.0,0.0,4.452016e-11,4.368241e-08,0.0,0.004663137
0.0,0.0,2.3358019e-11,1.5132997e-08,0.0,0.030789984
0.0,0.0,2.3298929e-11,5.6399085e-09,0.0,0.012272688
0.0,0.0,1.986838e-11,0.016286084,0.0,0.02624238
0.0,0.0,1.9818116e-11,0.06573812,0.0,0.019060286
0.0,0.0,1.1253831e-11,0.009251981,0.0,0.05621239
0.0,0.0,3.5272718e-12,0.047079135,0.0,0.04256529
0.0,0.0,2.742368e-12,0.006472493,0.0,0.021423062
0.0,0.0,5.026361e-13,0.018452208,0.0,0.06289067
0.0,0.0,2.179348e-13,0.034168534,0.0,0.023944834
0.0,0.0,4.1336123e-14,0.020475507,0.0,0.034893908
0.0,0.0,4.123155e-14,0.024484871,0.0,0.013280525
0.0,0.0,8.317694e-15,0.040172152,0.0,0.06985024
0.0,0.0,1.831306e-15,0.0057264483,0.0,0.0102467965
0.0,0.0,1.0931721e-15,0.010498761,0.0,0.074327745
0.0,0.0,3.831111e-16,0.027533563,0.0,0.03526964
0.0,0.0,3.821419e-16,0.0103870025,0.0,0.023905586
0.0,0.0,3.8117518e-16,0.038603112,0.0,0.025551822
0.0,0.0,3.250507e-16,0.0061614793,0.0,0.026455002
0.0,0.0,3.2422838000000004e-16,0.011800464,0.0,0.029197184
0.0,0.0,1.2107294e-11,0.031035867,0.0,0.06223708
0.0,0.0,3.802701e-12,0.012145774,0.0,0.060121655
0.0,0.0,1.4863405e-12,0.03485022,0.0,0.05105827
0.0,0.0,7.5241186e-13,0.007918279,0.0,0.05231211
0.0,0.0,6.4161903e-13,0.024603274,0.0,0.044100456
0.0,0.0,3.3662913e-13,0.021798009,0.0,0.028566262
0.0,0.0,2.3148882e-13,0.034812354,0.0,0.030635897
0.0,0.0,1.7283771e-13,0.00823501,0.0,0.02627733
0.0,0.0,4.9399853e-14,0.027418273,0.0,0.021881493
0.0,0.0,1.6147757e-06,0.008399641,0.0,0.038673952
0.0,0.0,4.1233258e-07,0.027196657,0.0,0.033940412
0.0,0.0,3.5161176e-07,0.01999571,0.0,0.022079851
0.0,0.0,2.657263e-07,0.02238046,0.0,0.027221832
0.0,0.0,2.6504753e-07,0.018814942,0.0,0.024965784
0.0,0.0,4.609625e-08,0.025452975,0.0,0.035761632
0.0,0.0,1.21451516e-08,0.019652063,0.0,0.021972418
0.0,0.0,7.402282e-09,0.063434884,0.0,0.046303023
0.0,0.0,4.0006682e-09,0.023492131,0.0,0.011306315
0.0,0.0,3.2490495e-09,0.038287375,0.0,0.07250807
0.0,0.0,3.24075e-09,0.007303282,0.0,0.020857763
0.0,0.0,2.7635114e-09,0.022993382,0.0,0.022430548
0.0,0.0,2.7564522e-09,0.031346586,0.0,0.030218266
0.0,0.0,2.350532e-09,0.011715918,0.0,0.01620361
0.0,0.0,1.1461104e-09,0.01735269,0.0,0.039824884
0.0,0.0,8.66159e-10,0.029677108,0.0,0.016548462
0.0,0.0,4.2460938e-10,0.014278896,0.0,0.025049305
0.0,0.0,2.3961375e-10,0.016729956,0.0,0.011997171
0.0,0.0,1.02403135e-10,0.012252784,0.0,0.018416107
0.0,0.0,8.7323065e-11,0.02947993,0.0,0.02135402
0.0,0.0,7.446371e-11,0.01413286,0.0,0.022481918
0.0,0.0,6.3498054e-11,0.028077492,0.0,0.019559361
0.0,0.0,4.798788e-11,0.017026715,0.0,0.0135679
0.0,0.0,4.09211e-11,0.012429745,0.0,0.019942341
0.0,0.0,4.081657e-11,0.014915781,0.0,0.010622996
0.0,0.0,2.5259982e-11,0.01817452,0.0,0.028827688
0.0,0.0,2.5195457e-11,0.0155109465,0.0,0.01566699
0.0,0.0,2.5131097e-11,0.03835485,0.0,0.042256262
0.0,0.0,1.4270484e-11,0.011328248,0.0,0.01579562
0.0,0.0,1.8542985e-07,0.01599939,0.0,0.03953248
0.0,0.0,1.2358706e-06,0.02595688,0.0,0.021872204
0.0,0.0,7.949557e-07,0.012272768,0.0,0.04896123
0.0,0.0,1.828702e-07,0.018481327,0.0,0.008492322
0.0,0.0,3.7761183e-08,0.059140645,0.0,0.045981776
0.0,0.0,2.8537254e-08,0.018565862,0.0,0.028565468
0.0,0.0,2.4334554e-08,0.015492487,0.0,0.022215884
0.0,0.0,4.3171977e-09,0.015752383,0.0,0.030464357
0.0,0.0,1.2413731e-09,0.028275555,0.0,0.02601244
0.0,0.0,8.350785e-10,0.01029589,0.0,0.03513199
0.0,0.0,1.7739608e-10,0.006791024,0.0,0.008186291
0.0,0.0,3.1605853e-11,0.0042840336,0.0,0.021728834
0.0,0.0,3.152479e-11,0.0041581825,0.0,0.014627952
0.0,0.0,1.3472532e-11,0.003278885,0.0,0.046560206
0.0,0.0,6.569087e-12,0.0014121933,0.0,0.0252234
0.0,0.0,5.6016533e-12,0.00024645592,0.0,0.012102037
0.0,0.0,2.7313163e-12,9.0261434e-05,0.0,0.030536069
0.0,0.0,1.1693301e-12,2.4327608e-05,0.0,0.008588638
0.0,0.0,7.4226955e-07,7.8233215e-06,0.0,0.024857368
0.0,0.0,5.3157805e-07,1.9994434e-06,0.0,0.0127871595
0.0,0.0,3.4245838e-07,5.023241e-07,0.0,0.032107256
0.0,0.0,2.2976471e-07,0.009708363,0.0,0.008480991
0.0,0.0,1.0330846e-07,0.010409691,0.0,0.014945039
0.0,0.0,3.9323517e-08,0.012229612,0.0,0.03491989
0.0,0.0,1.4197652e-08,0.024392454,0.0,0.01858249
0.0,0.0,7.012294e-09,0.018190922,0.0,0.08840202
0.0,0.0,4.339556e-09,0.022361958,0.0,0.026203701
0.0,0.0,4.3283577e-09,0.027816238,0.0,0.0145281935
0.0,0.0,1.5627422e-09,0.020724293,0.0,0.06229633
0.0,0.0,1.5587095e-09,0.015775297,0.0,0.031232521
0.0,0.0,7.629903e-10,0.008998286,0.0,0.018070653
0.0,0.0,3.4397057e-10,0.009193003,0.0,0.02389782
0.0,0.0,3.4308295e-10,0.011816162,0.0,0.021325635
0.0,0.0,1.2386919e-10,0.020130374,0.0,0.023713365
0.0,0.0,3.5765155e-11,0.017282832,0.0,0.012490973
0.0,0.0,3.5672864e-11,0.017012438,0.0,0.02977197
0.0,0.0,3.558081e-11,0.020720815,0.0,0.014186608
0.0,0.0,1.1151488e-11,0.031346742,0.0,0.046609085
0.0,0.0,1.1122711e-11,0.009279973,0.0,0.017249376
0.0,0.0,6.883287e-12,0.014126728,0.0,0.028634274
0.0,0.0,5.201824e-12,0.021847526,0.0,0.009604331
0.0,0.0,2.7290587e-12,0.010660143,0.0,0.019731859
0.0,0.0,1.4317597e-12,0.023408588,0.0,0.02375058
0.0,0.0,5.576943e-13,0.025334794,0.0,0.023012955
0.0,0.0,1.4463687e-13,0.018145487,0.0,0.03534885
0.0,0.0,1.0930469e-13,0.01476302,0.0,0.012186083
0.0,0.0,2.3374726e-14,0.030914387,0.0,0.06218066
0.0,0.0,1.1531605e-09,0.015322988,0.0,0.014448483
0.0,0.0,2.3918807e-09,0.021938602,0.0,0.040831435
0.0,0.0,5.0310944e-10,0.013658493,0.0,0.018272055
0.0,0.0,4.290051e-10,0.02532687,0.0,0.032358535
0.0,0.0,7.439666e-11,0.019955467,0.0,0.011970555
0.0,0.0,2.0276726e-11,0.015737463,0.0,0.035765782
0.0,0.0,2.0224197e-11,0.032451373,0.0,0.0300423
0.0,0.0,1.745859e-05,0.018066673,0.0,0.041433357
0.0,0.0,9.312877e-05,0.041740112,0.0,0.029519562
0.0,0.0,4.6839643e-05,0.0054776133,0.0,0.02711762
0.0,0.0,4.1066964e-05,0.007844401,0.0,0.035225965
0.0,0.0,2.8950066e-05,0.025538566,0.0,0.029390475
0.0,0.0,2.8874698e-05,0.02619161,0.0,0.015882134
0.0,0.0,2.8799524e-05,0.025075585,0.0,0.052350335
0.0,0.0,2.7600636e-05,0.022856573,0.0,0.05373396
0.0,0.0,2.1034697e-05,0.030847093,0.0,0.02792846
0.0,0.0,1.3368959e-05,0.010219246,0.0,0.023678618
0.0,0.0,7.013779e-06,0.022827996,0.0,0.038584996
0.0,0.0,5.410357e-06,0.01932201,0.0,0.012449161
0.0,0.0,1.7582244e-06,0.018278776,0.0,0.036109436
0.0,0.0,1.0076369e-06,0.019887045,0.0,0.027725218
0.0,0.0,2.2095332e-07,0.019102195,0.0,0.031844728
0.0,0.0,4.7067573e-08,0.04004471,0.0,0.031245643
0.0,0.0,8.764655e-09,0.013078579,0.0,0.026987577
0.0,0.0,3.5286678e-09,0.05264081,0.0,0.030551791
0.0,0.0,8.03451e-10,0.0066204267,0.0,0.037254386
0.0,0.0,1.3969174e-10,0.017499898,0.0,0.018041553
0.0,0.0,1.3932801e-10,0.018549085,0.0,0.02966211
0.0,0.0,8.7178965e-11,0.026604142,0.0,0.024513772
0.0,0.0,1.566071e-05,0.014936991,0.0,0.059658
0.0,0.0,3.398123e-05,0.025337113,0.0,0.025404155
0.0,0.0,2.169467e-05,0.0153858485,0.0,0.051683117
0.0,0.0,2.1637967e-05,0.023118662,0.0,0.032550775
0.0,0.0,1.5420079e-05,0.031439863,0.0,0.026334282
0.0,0.0,1.2771749e-05,0.011324974,0.0,0.027342046
0.0,0.0,1.7583961e-05,0.017907003,0.0,0.019614965
0.0,0.0,1.4235172e-05,0.016861938,0.0,0.02815077
0.0,0.0,1.4197956e-05,0.021868436,0.0,0.018216124
0.0,0.0,1.6130813e-05,0.019293655,0.0,0.036540028
0.0,0.0,1.9091754e-05,0.014391845,0.0,0.014848007
0.0,0.0,1.6918848e-05,0.015847731,0.0,0.027682502
0.0,0.0,1.1929643e-05,0.017806502,0.0,0.009076978
0.0,0.0,4.139804e-05,0.018763538,0.0,0.025338145
0.0,0.0,2.9174844e-05,0.014244056,0.0,0.010484178
0.0,0.0,1.9760826e-05,0.009415717,0.0,0.018510511
0.0,0.0,1.5687943e-05,0.008532707,0.0,0.013777685
0.0,0.0,1.3376895e-05,0.01572305,0.0,0.029611278
0.0,0.0,1.3341894e-05,0.018634137,0.0,0.00996555
0.0,0.0,1.3306984e-05,0.009339755,0.0,0.0127816405
0.0,0.0,1.3272166e-05,0.008367835,0.0,0.023297831
0.0,0.0,1.3237439e-05,0.013036589,0.0,0.012383017
0.0,0.0,5.6570498e-06,0.009747463,0.0,0.017427467
0.0,0.0,4.9668597e-06,0.004699667,0.0,0.009544108
0.0,0.0,1.6414489e-06,0.0025478317,0.0,0.014792266
0.0,0.0,6.6084465e-07,0.0005343409,0.0,0.009782839
0.0,0.0,5.6349245e-07,0.00012814609,0.0,0.015399165
0.0,0.0,2.747399e-07,2.3549874e-05,0.0,0.0044063265
0.0,0.0,2.7402103e-07,9.656038e-06,0.0,0.002894487
0.0,0.0,2.3365367e-07,7.931799e-07,0.0,0.0048615118
0.0,0.0,7.322756e-08,1.9502895e-07,0.0,0.0027195993
0.0,0.0,6.244005e-08,5.237224e-08,0.0,0.00754759
0.0,0.0,3.044364e-08,1.32594105e-08,0.0,0.015768213
0.0,0.0,2.595884e-08,2.9340248e-09,0.0,0.0067073414
0.0,0.0,2.5890918e-08,4.791432e-10,0.0,0.012702673
0.0,0.0,2.20768e-08,1.1928873e-10,0.0,0.007927743
0.0,0.0,1.3661729e-08,2.685843e-11,0.0,0.012081424
0.0,0.0,1.3625982e-08,5.458868e-05,0.0,0.014038667
0.0,0.0,5.186431e-09,0.0020302015,0.0,0.015552233
0.0,0.0,5.1728604e-09,0.002813153,0.0,0.006423558
0.0,0.0,3.9090824e-09,0.0014158787,0.0,0.006828121
0.0,0.0,2.4190472e-09,0.003398387,0.0,0.010350339
0.0,0.0,2.4127176e-09,0.0010418108,0.0,0.0062724855
0.0,0.0,9.713527e-10,0.0011637862,0.0,0.0049038543
0.0,0.0,3.6972403e-10,0.0004912629,0.0,0.0022128967
0.0,0.0,3.6875664e-10,0.00084818085,0.0,0.002117233
0.0,0.0,3.144333e-10,0.00091270293,0.0,0.00078046275
0.0,0.0,2.681126e-10,0.0010053096,0.0,0.0017602354
0.0,0.0,1.079413e-10,0.0019157415,0.0,0.0020532282
0.0,0.0,1.0765887e-10,0.00076148025,0.0,0.002532162
0.0,0.0,1.0737717e-10,0.0005833302,0.0,0.0013242828
0.0,0.0,1.07096214e-10,0.0011383315,0.0,0.0019457459
0.0,0.0,5.6184387e-11,0.00041098555,0.0,0.0007322701
0.0,0.0,5.603738e-11,0.0004911842,0.0,0.00071168225
0.0,0.0,5.5890754e-11,0.0015783901,0.0,0.0014846566
0.0,0.0,5.5744513e-11,0.0005334681,0.0,0.0008197456
0.0,0.0,5.5598654e-11,0.00031561183,0.0,0.0006086169
0.0,0.0,5.545318e-11,0.000347625,0.0,0.0009824304
0.0,0.0,3.1486667e-11,0.0004731609,0.0,0.00081879226
0.0,0.0,3.140428e-11,0.000715311,0.0,0.00094072666
0.0,0.0,3.1322108e-11,0.0004984254,0.0,0.00045280243
0.0,0.0,3.1240153e-11,0.00036696077,0.0,0.00053493696
0.0,0.0,1.9332261e-11,0.0024973333,0.0,0.0037918997
0.0,0.0,1.9281677e-11,0.00065441855,0.0,0.0025015029
0.0,0.0,1.9231226e-11,0.000345501,0.0,0.0023564645
0.0,0.0,1.9180907e-11,0.0007672571,0.0,0.00090397854
0.0,0.0,1.6355273e-11,0.0001569263,0.0,0.0010287379
0.0,0.0,8.580238e-12,2.7482633e-05,0.0,0.00082330604
0.0,0.0,8.557788e-12,4.921783e-06,0.0,0.0010531086
0.0,0.0,8.535396e-12,1.2274918e-06,0.0,0.00060351373
0.0,0.0,3.248811e-12,1.5036977e-07,0.0,0.00126371
0.0,0.0,9.834918e-13,1.4916502e-07,0.0,0.000626688
0.0,0.0,9.809185e-13,7.8333564e-08,0.0,0.00047541357
0.0,0.0,9.783518e-13,7.930104e-10,0.0,0.00083130883
0.0,0.0,7.847298e-13,1.373179e-10,0.0,0.0004763648
0.0,0.0,7.1600256e-13,1.3018304e-09,0.0,0.00027043305
0.0,0.0,7.141291e-13,1.2114397e-10,0.0,0.00016207289
0.0,0.0,7.1226055e-13,7.35032e-13,0.0,9.2292954e-05
0.0,0.0,7.103969e-13,1.2737607e-13,0.0,0.000103980325
0.0,0.0,6.0574484e-13,2.7123577e-14,0.0,4.667966e-05
0.0,0.0,6.041599e-13,5.1977313e-15,0.0,2.6089236e-05
0.0,0.0,2.7515962e-13,7.598943e-12,0.0,3.4564884e-05
0.0,0.0,2.7443965e-13,2.563383e-12,0.0,2.5206184e-05
0.0,0.0,2.7372156e-13,6.7756174e-12,0.0,5.143603e-05
0.0,0.0,2.7300536e-13,1.3486729e-12,0.0,5.7961395e-05
0.0,0.0,2.7229103e-13,2.6120095e-13,0.0,5.5821478e-05
0.0,0.0,2.7157855e-13,1.3371008e-19,0.0,6.287744e-05
0.0,0.0,2.7086796e-13,2.2315833999999998e-20,0.0,0.00010942347
0.0,0.0,1.2336456e-13,5.350545e-21,0.0,5.04934e-05
0.0,0.0,1.2304177e-13,1.0990599e-21,0.0,4.2516596e-05
0.0,0.0,1.2271983e-13,5.441097500000001e-22,0.0,2.593501e-05
0.0,0.0,1.2239873e-13,6.3672075e-23,0.0,5.6267658e-05
0.0,0.0,1.2207847e-13,6.0121874e-24,0.0,6.2329345e-05
0.0,0.0,7.554549e-14,1.0511475e-24,0.0,4.3476877e-05
0.0,0.0,7.534782e-14,1.9470542e-25,0.0,2.3960567e-05
0.0,0.0,7.5150674e-14,3.522391e-26,0.0,2.8072664e-05
0.0,0.0,7.495404e-14,6.2939733e-27,0.0,3.0429763e-05
0.0,0.0,7.4757915e-14,1.2318702e-27,0.0,2.7794595e-05
0.0,0.0,7.456231e-14,6.527212000000001e-27,0.0,3.8885737e-05
0.0,0.0,7.4367216e-14,3.7806905e-29,0.0,4.8169662e-05
0.0,0.0,7.417263e-14,6.645324e-30,0.0,7.1028015e-05
0.0,0.0,6.658843e-14,1.2144912e-30,0.0,0.00010571373
0.0,0.0,3.6674955e-14,2.1077166e-31,0.0,0.00013878678
0.0,0.0,3.6578992e-14,1.7770310000000001e-29,0.0,0.00012867719
0.0,0.0,8.220749e-15,1.16188525e-29,0.0,0.0001253218
0.0,0.0,8.199239e-15,1.9001984e-09,0.0,0.00013035836
0.0,0.0,8.1777855e-15,2.217761e-08,0.0,0.00015283756
0.0,0.0,8.156388e-15,2.2946322e-08,0.0,0.00017069669
0.0,0.0,8.135046e-15,2.841327e-08,0.0,0.00025486774
0.0,0.0,8.11376e-15,3.436254e-08,0.0,0.0002095161
0.0,0.0,8.09253e-15,6.85577e-08,0.0,0.00042744877
0.0,0.0,3.45827e-15,3.8797972e-07,0.0,0.0015386496
0.0,0.0,3.4492213e-15,3.6313713e-07,0.0,0.00081576227
0.0,0.0,1.0809927e-15,2.380532e-07,0.0,0.00074714224
0.0,0.0,1.0781641e-15,1.8438163e-07,0.0,0.0010295645
0.0,0.0,3.8925436e-16,7.3915226e-07,0.0,0.0023938434
0.0,0.0,3.3191142000000004e-16,6.863326e-07,0.0,0.00092092843
0.0,0.0,2.8301594e-16,5.19121e-07,0.0,0.000495191
0.0,0.0,2.822754e-16,6.548059e-07,0.0,0.002197313
0.0,0.0,1.2855999e-16,1.3743863e-06,0.0,0.0021571435
0.0,0.0,1.0962118999999999e-16,2.0684222e-06,0.0,0.003530041
0.0,0.0,1.09334364e-16,7.975058e-06,0.0,0.002251681
0.0,0.0,1.09048286e-16,9.110086e-06,0.0,0.005652346
0.0,0.0,9.298385e-17,8.379215e-06,0.0,0.00848209
0.0,0.0,7.0267034e-17,5.0194917e-06,0.0,0.0052292557
0.0,0.0,7.0083175e-17,2.8331315e-06,0.0,0.0050477996
0.0,0.0,5.2961205e-17,3.391545e-06,0.0,0.009940568
0.0,0.0,3.602163e-17,3.508944e-06,0.0,0.021614302
0.0,0.0,9.048388e-18,2.2637012e-05,0.0,0.0050093387
0.0,0.0,5.136949e-18,5.2066875e-06,0.0,0.011536639
0.0,0.0,5.123508000000001e-18,1.2877055e-06,0.0,0.01730706
0.0,0.0,5.110102199999999e-18,3.4269618e-07,0.0,0.012112093
0.0,0.0,5.0967312e-18,9.964462e-08,0.0,0.019609401
0.0,0.0,5.0833954e-18,2.8846005e-08,0.0,0.023793276
0.0,0.0,3.7902505e-15,8.6392e-09,0.0,0.019509662
0.0,0.0,2.985901e-14,2.5047588e-09,0.0,0.018901035
0.0,0.0,2.5460018e-14,5.322032e-10,0.0,0.010226375
0.0,0.0,1.1595411e-14,1.7421001e-10,0.0,0.07735781
0.0,0.0,2.3296394e-15,4.405581e-11,0.0,0.05282507
0.0,0.0,4.3651695000000005e-16,1.621602e-11,0.0,0.032614432
0.0,0.0,8.1931816e-17,4.9966403e-12,0.0,0.022631206
0.0,0.0,1.0897591e-13,2.3399776e-12,0.0,0.070845336
0.0,0.0,4.2517487e-13,0.029060418,0.0,0.031152504
0.0,0.0,1.816901e-13,0.010846133,0.0,0.030654116
0.0,0.0,1.3729806e-13,0.047917712,0.0,0.0429308
0.0,0.0,1.0375226e-13,0.00820767,0.0,0.021903865
0.0,0.0,5.8909705e-14,0.022771884,0.0,0.03946966
0.0,0.0,1.876483e-14,0.010785449,0.0,0.007711361
0.0,0.0,7.839246e-15,0.044337016,0.0,0.069676146
0.0,0.0,2.51738e-15,0.005390732,0.0,0.071636446
0.0,0.0,5.524596e-16,0.008832116,0.0,0.042450204
0.0,0.0,3.193036e-16,0.02753629,0.0,0.045021057
0.0,0.0,2.3058566e-16,0.014736606,0.0,0.030110387
0.0,0.0,9.9932305e-17,0.030780898,0.0,0.03284195
0.0,0.0,9.297778e-14,0.016058888,0.0,0.03747116
0.0,0.0,2.5548547e-13,0.076974474,0.0,0.035774395
0.0,0.0,8.749116e-14,0.052862164,0.0,0.049403053
0.0,0.0,4.5443802e-14,0.03253464,0.0,0.02956749
0.0,0.0,4.6802224e-08,0.028849252,0.0,0.030886762
0.0,0.0,7.584202e-08,0.021921055,0.0,0.03126947
0.0,0.0,3.697627e-08,0.025774084,0.0,0.045434836
0.0,0.0,3.1527655e-08,0.03672275,0.0,0.03963777
0.0,0.0,9.8539426e-09,0.030004444,0.0,0.047386423
0.0,0.0,5.6235843e-09,0.023676125,0.0,0.028578997
0.0,0.0,2.8510518e-09,0.03285201,0.0,0.030053424
0.0,0.0,6.440952e-10,0.007877024,0.0,0.025451541
0.0,0.0,1.2707818e-10,0.04418256,0.0,0.05577643
0.0,0.0,2.3559953e-11,0.017577512,0.0,0.022422707
0.0,0.0,8.885329e-12,0.038315546,0.0,0.04291483
0.0,0.0,5.49823e-12,0.00736288,0.0,0.023356568
0.0,0.0,2.3495103e-12,0.012087545,0.0,0.030921765
0.0,0.0,2.0032997e-12,0.03289406,0.0,0.024810888
0.0,0.0,9.12344e-13,0.009219029,0.0,0.02863126
0.0,0.0,7.779061e-13,0.023337558,0.0,0.012270101
0.0,0.0,3.5427447e-13,0.04881086,0.0,0.11059688
0.0,0.0,3.5333113e-13,0.010308936,0.0,0.052797843
0.0,0.0,3.0126623e-13,0.035780806,0.0,0.025479903
0.0,0.0,2.2765354e-13,0.008174896,0.0,0.051517155
0.0,0.0,7.1700255e-14,0.061428502,0.0,0.034034777
0.0,0.0,2.2358097e-14,0.019109456,0.0,0.027039908
0.0,0.0,1.6895023e-14,0.03419679,0.0,0.032618005
0.0,0.0,0.00052549713,0.011709128,0.0,0.023183612
0.0,0.0,0.00041208885,0.056557037,0.0,0.06286945
0.0,0.0,0.00035647443,0.010350426,0.0,0.019879859
0.0,0.0,0.00028933756,0.027322242,0.0,0.05324266
0.0,0.0,0.00023562986,0.039229512,0.0,0.019712789
0.0,0.0,0.00054428575,0.019670825,0.0,0.081478536
0.0,0.0,0.03084753,0.0368166,0.0,0.03152958
0.0,0.0,0.023916665,0.012506712,0.0,0.029353073
0.0,0.0,0.007629597,0.07019189,0.0,0.026618578
0.0,0.0,0.0049567167,0.016735677,0.0,0.0331594
0.0,0.0,0.009136627,0.06092102,0.0,0.014902421
0.0,0.0,0.0066635595,0.02381647,0.0,0.096000776
0.0,0.0,0.0017575064,0.025374385,0.0,0.065684505
0.0,0.0,0.0041654827,0.013047642,0.0,0.032969274
0.0,0.0,0.0025788823,0.05119671,0.0,0.04204889
0.0,0.0,0.001065832,0.018957192,0.0,0.02582465
0.0,0.0,0.0005096634,0.03168628,0.0,0.023983663
0.0,0.0,0.00043651438,0.008470706,0.0,0.016216174
0.0,0.0,0.013081176,0.009324879,0.0,0.021757927
0.0,0.0,0.013046181,0.019655077,0.0,0.017652575
0.0,0.0,0.0130112795,0.027398206,0.0,0.04060416
0.0,0.0,0.008869895,0.011474285,0.0,0.018342819
0.0,0.0,0.0075540263,0.033804826,0.0,0.042350885
0.0,0.0,0.0038344006,0.01300123,0.0,0.029682862
0.0,0.0,0.0027366937,0.02693029,0.0,0.026574587
0.0,0.0,0.010974398,0.0051451456,0.0,0.019827187
0.0,0.0,0.010945033,0.016757177,0.0,0.030707426
0.0,0.0,0.008272798,0.037353024,0.0,0.0075194803
0.0,0.0,0.0070112897,0.006497958,0.0,0.042790852
0.0,0.0,0.0043993816,0.008440788,0.0,0.025345124
0.0,0.0,0.0021595675,0.011544246,0.0,0.020613758
0.0,0.0,0.0018417061,0.01255659,0.0,0.022816248
0.0,0.0,0.0012537536,0.023204604,0.0,0.01710787
0.0,0.0,0.0003470252,0.0077809286,0.0,0.013605838
0.0,0.0,0.00013884592,0.008666546,0.0,0.045174062
0.0,0.0,6.3182655e-05,0.02146379,0.0,0.017243262
0.0,0.0,4.9445287e-05,0.015459223,0.0,0.03237692
0.0,0.0,8.658246e-06,0.029645761,0.0,0.014933002
0.0,0.0,1.5000386e-06,0.015595914,0.0,0.044027865
0.0,0.0,2.7627914e-07,0.030069277,0.0,0.01107677
0.0,0.0,5.1805632e-08,0.017683584,0.0,0.043109685
0.0,0.0,2.8363692e-08,0.015620163,0.0,0.017865026
0.0,0.0,2.8287799e-08,0.010626201,0.0,0.02706392
0.0,0.0,2.4119155e-08,0.025660045,0.0,0.0128093995
0.0,0.0,4.1763895e-09,0.00953969,0.0,0.030134136
0.0,0.0,2.1225782e-05,0.015755504,0.0,0.01806739
0.0,0.0,1.5746835e-05,0.06411095,0.0,0.059878703
0.0,0.0,1.23415275e-05,0.017448593,0.0,0.016028415
0.0,0.0,3.183607e-05,0.015180237,0.0,0.024744047
0.0,0.0,1.6959953e-05,0.01700955,0.0,0.011868696
0.0,0.0,1.691443e-05,0.03178705,0.0,0.030170478
0.0,0.0,1.3675565e-05,0.013807626,0.0,0.007918732
0.0,0.0,1.1264831e-05,0.024398008,0.0,0.026142936
0.0,0.0,1.1234594e-05,0.010102625,0.0,0.015243032
0.0,0.0,1.0168855e-05,0.036168497,0.0,0.06045266
0.0,0.0,8.978174e-06,0.017298754,0.0,0.01409716
0.0,0.0,1.0593548e-05,0.0139874285,0.0,0.034223877
0.0,0.0,1.0565111e-05,0.01691206,0.0,0.013932678
0.0,0.0,9.030965e-06,0.018783756,0.0,0.02828126
0.0,0.0,7.966134e-06,0.018547967,0.0,0.008781216
0.0,0.0,7.3075867e-06,0.02506673,0.0,0.027596021
0.0,0.0,8.985817e-06,0.024733594,0.0,0.01740174
0.0,0.0,8.300172e-06,0.012136771,0.0,0.036546938
0.0,0.0,9.606172e-06,0.013793416,0.0,0.006908577
0.0,0.0,8.743408e-06,0.026980298,0.0,0.029188901
0.0,0.0,7.757731e-06,0.008524799,0.0,0.013005497
0.0,0.0,8.91071e-06,0.0392948,0.0,0.05828324
0.0,0.0,2.2462698e-05,0.006989755,0.0,0.03132899
0.0,0.0,1.5038511e-05,0.011285787,0.0,0.0244145
0.0,0.0,1.4150455e-05,0.0251563,0.0,0.02789958
0.0,0.0,1.2889137e-05,0.014495642,0.0,0.028585045
0.0,0.0,1.285452e-05,0.03771848,0.0,0.029039035
0.0,0.0,1.2050776e-05,0.018650603,0.0,0.019721635
0.0,0.0,1.2018409e-05,0.03453303,0.0,0.03774068
0.0,0.0,1.4359224e-05,0.00762982,0.0,0.01076313
0.0,0.0,1.2382631e-05,0.030063981,0.0,0.030656898
0.0,0.0,1.0543106e-05,0.012524356,0.0,0.010130297
0.0,0.0,3.6946174e-06,0.0121840155,0.0,0.023559244
0.0,0.0,6.4278936e-07,0.015532071,0.0,0.030826898
0.0,0.0,1.1690221e-07,0.036640286,0.0,0.026861075
0.0,0.0,2.1658128e-08,0.009848763,0.0,0.041152928
0.0,0.0,8.0315e-09,0.0198769,0.0,0.012083781
0.0,0.0,1.4311567e-09,0.027970934,0.0,0.032522995
0.0,0.0,5.761392e-10,0.015412908,0.0,0.021459758
0.0,0.0,1.637732e-10,0.02065203,0.0,0.037203178
0.0,0.0,2.8508484e-11,0.029971747,0.0,0.012342971
0.0,0.0,1.03232e-11,0.007321538,0.0,0.06733874
0.0,0.0,4.4112192e-12,0.055538993,0.0,0.045602743
0.0,0.0,3.1583354e-06,0.028390747,0.0,0.033706944
0.0,0.0,4.7085632e-05,0.01782918,0.0,0.02600202
0.0,0.0,4.1167295e-05,0.02388992,0.0,0.031503282
0.0,0.0,2.9898658e-05,0.036980357,0.0,0.031241957
0.0,0.0,2.508011e-05,0.014815239,0.0,0.008754052
0.0,0.0,2.5012556e-05,0.04322126,0.0,0.06689161
0.0,0.0,2.162161e-05,0.0071060173,0.0,0.04212558
0.0,0.0,2.879447e-05,0.010138065,0.0,0.03345057
0.0,0.0,2.6992231e-05,0.015211263,0.0,0.017373672
0.0,0.0,2.4114606e-05,0.017765885,0.0,0.034286976
0.0,0.0,2.0401585e-05,0.029328141,0.0,0.045738652
0.0,0.0,2.1751192e-05,0.019229572,0.0,0.04794407
0.0,0.0,2.1782938e-05,0.03355158,0.0,0.026690435
0.0,0.0,2.0162257e-05,0.007649348,0.0,0.06861811
0.0,0.0,1.9757037e-05,0.029112525,0.0,0.025441537
0.0,0.0,2.1477223e-05,0.014943673,0.0,0.051982965
0.0,0.0,2.6902577e-05,0.02226265,0.0,0.031745203
0.0,0.0,2.2680459e-05,0.023835534,0.0,0.037039246
0.0,0.0,1.8161509e-05,0.033237558,0.0,0.030699162
0.0,0.0,1.532673e-05,0.012717059,0.0,0.01886596
0.0,0.0,1.6123424e-05,0.025214804,0.0,0.033143762
0.0,0.0,1.5388085e-05,0.011103673,0.0,0.009658323
0.0,0.0,1.3989456e-05,0.028846355,0.0,0.04246757
0.0,0.0,1.3951755e-05,0.0139103355,0.0,0.012566726
0.0,0.0,1.3914157e-05,0.016975176,0.0,0.028481018
0.0,0.0,1.2277843e-05,0.019407127,0.0,0.007633574
0.0,0.0,1.2244754e-05,0.03500618,0.0,0.032401428
0.0,0.0,1.12879125e-05,0.015987338,0.0,0.007966843
0.0,0.0,1.0495075e-05,0.030946502,0.0,0.029414145
0.0,0.0,1.046679e-05,0.008445072,0.0,0.009200707
0.0,0.0,9.433595e-06,0.017865796,0.0,0.037730657
0.0,0.0,1.1579753e-05,0.024363788,0.0,0.013547037
0.0,0.0,1.1548542e-05,0.0162649,0.0,0.046106942
0.0,0.0,9.846503e-06,0.030335052,0.0,0.0146055035
0.0,0.0,6.09285e-06,0.00985215,0.0,0.016913336
0.0,0.0,2.7747492e-06,0.008982987,0.0,0.016508793
0.0,0.0,1.0017088e-06,0.04244597,0.0,0.07149518
0.0,0.0,9.990089e-07,0.0067788917,0.0,0.047389355
0.0,0.0,8.517728e-07,0.02424855,0.0,0.039201647
0.0,0.0,3.8790287e-07,0.023711823,0.0,0.032091282
0.0,0.0,7.2074606e-08,0.016310778,0.0,0.03405072
0.0,0.0,1.9314228e-08,0.014996959,0.0,0.02053916
0.0,0.0,9.901971e-09,0.0110624265,0.0,0.016115637
0.0,0.0,9.875282e-09,0.014516719,0.0,0.026129361
0.0,0.0,1.7098568e-09,0.014906378,0.0,0.005043493
0.0,0.0,1.4578544e-09,0.009733783,0.0,0.009381738
0.0,0.0,4.3925935e-10,0.0101255905,0.0,0.01471271
0.0,0.0,7.609338e-11,0.0060762507,0.0,0.014651737
0.0,0.0,5.7439047e-11,0.0060079964,0.0,0.011970147
0.0,0.0,3.554205e-11,0.007117375,0.0,0.04210826
0.0,0.0,3.544625e-11,0.014094321,0.0,0.0077765747
0.0,0.0,3.0222106e-11,0.011425591,0.0,0.023466416
0.0,0.0,2.283676e-11,0.0050304104,0.0,0.008584932
0.0,0.0,1.9471029e-11,0.0061762985,0.0,0.016687058
0.0,0.0,1.6601345e-11,0.0083545605,0.0,0.014532682
0.0,0.0,1.65566e-11,0.0052099605,0.0,0.014348826
0.0,0.0,7.539971e-12,0.009299498,0.0,0.017990371
0.0,0.0,7.519649e-12,0.009332726,0.0,0.017350975
0.0,0.0,3.666035e-12,0.0048934473,0.0,0.010453827
0.0,0.0,3.4290203e-12,0.0026655481,0.0,0.011493006
0.0,0.0,2.6973838e-12,0.0011420154,0.0,0.010763329
0.0,0.0,2.6901135e-12,0.0020878494,0.0,0.01680267
0.0,0.0,1.8295396e-12,0.00086128886,0.0,0.005574195
0.0,0.0,1.8246084e-12,0.001712006,0.0,0.01013354
0.0,0.0,1.8196904e-12,0.0010686094,0.0,0.0073008416
0.0,0.0,6.0867164e-13,0.0006377186,0.0,0.002247704
0.0,0.0,2.1481707e-13,0.0006646532,0.0,0.0015911051
0.0,0.0,2.1423808e-13,0.0013889357,0.0,0.0016303961
0.0,0.0,2.1366063e-13,0.0005569887,0.0,0.0012122059
0.0,0.0,1.8217086e-13,0.0007080465,0.0,0.0017056884
0.0,0.0,1.8167985e-13,0.00066189514,0.0,0.0008187972
0.0,0.0,1.8119017e-13,0.0006632746,0.0,0.000886148
0.0,0.0,1.5448598e-13,0.00023423582,0.0,0.00031590645
0.0,0.0,1.5406959e-13,0.0002558674,0.0,0.00035762982
0.0,0.0,1.5365431e-13,0.0007569042,0.0,0.0010894897
0.0,0.0,1.1610598e-13,0.002257589,0.0,0.0026946024
0.0,0.0,1.1579304e-13,0.0004985957,0.0,0.0007311474
0.0,0.0,9.87272e-14,0.00038922805,0.0,0.0004721912
0.0,0.0,9.8461095e-14,0.0008238806,0.0,0.0007134254
0.0,0.0,7.4400264e-14,0.0002956735,0.0,0.0003761547
0.0,0.0,6.343499e-14,0.00018948199,0.0,0.0003776454
0.0,0.0,3.9252205e-14,0.00043316474,0.0,0.0021967262
0.0,0.0,1.2128327e-08,0.0008473124,0.0,0.0010228975
0.0,0.0,7.3304403e-07,0.0009809677,0.0,0.0008544273
0.0,0.0,4.946066e-07,0.00045781583,0.0,0.0021831738
0.0,0.0,3.8035256e-07,0.0013447884,0.0,0.0007378211
0.0,0.0,3.396556e-07,0.00024194607,0.0,0.00034620953
0.0,0.0,2.9082815e-07,0.00020229624,0.0,0.00027836143
0.0,0.0,2.1587549e-07,0.000110910885,0.0,0.00028696115
0.0,0.0,1.4925594e-07,4.7830097e-05,0.0,0.00031124378
0.0,0.0,1.3183654e-07,1.26022105e-05,0.0,0.0010340484
0.0,0.0,1.3147987e-07,6.688468e-06,0.0,0.00093442533
0.0,0.0,9.0762775e-08,1.8723132e-06,0.0,0.00042896482
0.0,0.0,6.35275e-08,5.3640775e-07,0.0,0.00069323176
0.0,0.0,5.0625992e-08,2.529396e-07,0.0,0.0013848109
0.0,0.0,5.0489017e-08,6.840647e-08,0.0,0.00073866604
0.0,0.0,5.035241e-08,8.072009e-08,0.0,0.00025881425
0.0,0.0,4.018125e-08,4.683386e-08,0.0,0.00016161778
0.0,0.0,4.0072532e-08,1.5603453e-08,0.0,0.00012481822
0.0,0.0,3.996411e-08,1.6112402e-08,0.0,8.280938e-05
0.0,0.0,3.985598e-08,1.1865305e-08,0.0,5.2169522e-05
0.0,0.0,2.7975256e-08,1.00355315e-07,0.0,0.00011101401
0.0,0.0,2.7899556e-08,2.0169868e-07,0.0,0.00012816413
0.0,0.0,2.7824061e-08,1.2941733e-07,0.0,0.0001035938
0.0,0.0,1.912319e-08,1.3580707e-07,0.0,6.312092e-05
0.0,0.0,1.9071443e-08,3.0625225e-07,0.0,9.0843576e-05
0.0,0.0,1.9019835e-08,1.5962198e-07,0.0,5.5444736e-05
0.0,0.0,1.8968366e-08,7.029006e-08,0.0,4.2985306e-05
0.0,0.0,1.3526552e-08,8.070218e-08,0.0,4.9150578e-05
0.0,0.0,1.089504e-08,5.3129273e-08,0.0,4.0325645e-05
0.0,0.0,1.08655565e-08,8.274272e-08,0.0,4.467302e-05
0.0,0.0,1.08361515e-08,6.103085e-08,0.0,3.8083628e-05
0.0,0.0,9.854481e-09,4.8623438e-08,0.0,3.7651695e-05
0.0,0.0,9.827812e-09,7.617638e-08,0.0,2.9655594e-05
0.0,0.0,9.801216e-09,1.1056308e-07,0.0,4.4659868e-05
0.0,0.0,9.774691e-09,1.7462025e-07,0.0,6.0558323e-05
0.0,0.0,9.748239e-09,1.05824725e-07,0.0,6.5110624e-05
0.0,0.0,7.414067e-09,4.6796725e-08,0.0,2.756345e-05
0.0,0.0,7.3940023e-09,1.8080133e-08,0.0,2.6161346e-05
0.0,0.0,7.3739916e-09,3.202087e-08,0.0,2.44195e-05
0.0,0.0,7.354035e-09,2.2634175e-08,0.0,2.1641159e-05
0.0,0.0,7.3341324e-09,3.8393953e-08,0.0,2.4161605e-05
0.0,0.0,5.547582e-09,2.0506059e-08,0.0,2.391748e-05
0.0,0.0,4.1879757e-09,1.4280783e-08,0.0,2.5959125e-05
0.0,0.0,4.1766417e-09,4.3950614e-08,0.0,3.107914e-05
0.0,0.0,4.1653383e-09,3.714539e-08,0.0,2.2351596e-05
0.0,0.0,4.1540655e-09,1.6865567e-08,0.0,2.1053516e-05
0.0,0.0,3.541791e-09,2.1145754e-08,0.0,1.3557808e-05
0.0,0.0,3.0197607e-09,4.781064e-08,0.0,1.830391e-05
0.0,0.0,3.0115883e-09,4.319246e-08,0.0,2.4738873e-05
0.0,0.0,3.003438e-09,6.011991e-08,0.0,1.7163362e-05
0.0,0.0,2.5607563e-09,5.1560896e-08,0.0,2.420187e-05
0.0,0.0,2.553826e-09,9.375856e-08,0.0,3.5464334e-05
0.0,0.0,2.5469145e-09,7.238107e-08,0.0,3.020578e-05
0.0,0.0,1.1929344e-09,6.87458e-08,0.0,4.0603132e-05
0.0,0.0,8.6108537e-10,5.321829e-08,0.0,3.4694396e-05
0.0,0.0,7.887507e-10,3.2995768e-08,0.0,3.2142227e-05
0.0,0.0,6.3055655e-10,7.258501e-08,0.0,3.110191e-05
0.0,0.0,4.764628e-10,1.7724037e-07,0.0,4.8945025e-05
0.0,0.0,4.7517335e-10,1.1124477e-07,0.0,4.4969478e-05
0.0,0.0,4.738874e-10,1.9101974e-06,0.0,6.585541e-05
0.0,0.0,2.9364353e-10,2.5435402e-06,0.0,8.1899e-05
0.0,0.0,1.9939238e-10,4.896871e-06,0.0,0.00010306837
0.0,0.0,1.506654e-10,6.7374203e-06,0.0,9.237476e-05
0.0,0.0,1.2845858e-10,3.9564093e-06,0.0,0.00010125287
0.0,0.0,1.2811092e-10,3.7814266e-06,0.0,8.343607e-05
0.0,0.0,1.2776422e-10,2.669174e-06,0.0,8.6453816e-05
0.0,0.0,1.2741845e-10,3.1775257e-06,0.0,8.45448e-05
0.0,0.0,3.077268e-11,9.5330915e-06,0.0,9.093042e-05
0.0,0.0,5.461807e-12,2.9831128e-05,0.0,0.00010746564
0.0,0.0,3.784874e-12,5.0673756e-05,0.0,0.00011846209
0.0,0.0,6.705683e-13,0.0001368258,0.0,0.00012623635
0.0,0.0,1.897137e-13,0.00074441754,0.0,0.00017453285
0.0,0.0,7.294994e-14,0.01676583,0.0,0.0010697447
0.0,0.0,1.2749071e-14,0.054478884,0.0,0.0072998754
0.0,0.0,4.0126043e-15,0.01145007,0.0,0.0054743807
0.0,0.0,1.5420887e-15,0.012975472,0.0,0.009482651
0.0,0.0,2.7358926e-16,0.03030262,0.0,0.013746689
0.0,0.0,6.6142363e-14,0.020215554,0.0,0.017062558
0.0,0.0,1.2365735e-14,0.018172082,0.0,0.013525127
0.0,0.0,2.1414545e-15,0.041552283,0.0,0.061447404
0.0,0.0,1.6181144e-15,0.0054368065,0.0,0.050914325
0.0,0.0,1.3796031e-15,0.008909861,0.0,0.016169563
0.0,0.0,1.0424482e-15,0.03361184,0.0,0.09302836
0.0,0.0,8.887906e-16,0.009849395,0.0,0.03843412
0.0,0.0,6.715831500000001e-16,0.038162634,0.0,0.017788408
0.0,0.0,2.2828835e-16,0.007161725,0.00018519335,0.026382288
0.0,0.0,5.6755145e-17,0.025722276,0.00019663775,0.05752586
0.0,0.0,3.6801097000000004e-17,0.032364547,0.36976853,0.036710195
0.0,0.0,2.1678730000000002e-17,0.011345422,389.31946,0.006316707
0.0,1.1046981e-05,6.6669624e-18,0.04105301,6906.5933,1.0376575e-05
0.0,0.57171804,4.534086e-18,0.0053802435,22085.18,1.5662331e-06
0.0,38.560715,2.5742235e-18,3.4346872e-08,52625.67,2.6980238e-06
0.0,489.9431,1.750685e-18,1.1938841e-09,117905.53,3.0375052e-06
0.0,5095.5747,4.2658032e-19,2.945156e-11,144250.2,1.8648458e-06
0.0,20731.549,4.2542132e-19,2.8341638e-11,147637.88,1.0141212e-06
273.6856,42909.902,8.703425e-20,6.2919565e-11,131444.8,1.4851552e-06
511.98245,40158.812,3.5323834e-20,1.0614699e-10,127740.73,1.2425827e-06
16677.357,49569.98,6.9969035e-21,1.6537402e-10,132198.17,1.1884648e-06
77509.04,69608.77,1.5355931e-21,8.168056e-11,122627.375,1.7584916e-06
140342.38,77188.266,3.885026e-22,2.04328e-12,123359.484,1.3208924e-06
192257.08,96866.54,1.8009722000000002e-22,5.9917495e-13,124954.53,8.7859945e-07
192257.08,106825.516,3.4288133e-23,6.124328e-12,131709.34,8.7031674e-07
192257.08,105150.73,1.1696643e-23,1.7597989e-11,131190.06,1.0146289e-06
230497.28,142805.95,4.4949130000000004e-23,1.9806103e-11,128663.78,5.865942e-07
241984.94,134796.83,1.2363304e-23,1.6947617e-11,123548.31,4.871451e-07
234978.03,143942.98,6.8769984e-23,1.0624103e-11,118334.27,1.7238959e-07
168782.86,135321.64,3.911342e-21,3.4549074e-12,112583.22,6.4314996e-08
152076.86,132101.67,1.3132733e-20,2.3173171e-12,112478.33,2.1830589e-07
152076.86,133236.75,6.7916714e-21,2.11915e-12,108744.85,1.8779998e-07
148625.11,135421.31,9.095611e-21,2.566867e-12,104476.33,1.5920041e-07
142634.36,133072.53,6.154519e-21,6.141902e-12,100470.64,1.1189807e-07
140494.66,128960.61,4.9730365e-21,7.343715e-12,95815.945,2.960668e-07
131286.9,127047.98,2.0287517e-20,3.5861724e-12,95775.73,1.5259683e-07
125125.625,125971.4,6.5307286e-20,2.0871638e-12,93458.17,3.6939667e-08
125125.625,126455.82,4.7658683e-20,2.3390571e-12,95758.11,1.20097e-07
125125.625,127604.21,1.9893824999999998e-20,1.0141049e-12,98010.516,1.7617717e-07
125125.625,120884.06,1.0461693e-20,5.1147546e-13,90394.555,6.154407e-08
117441.17,112528.13,3.5409529999999997e-20,3.8713523e-13,82344.78,4.063055e-08
106455.26,105391.24,2.2911365e-19,3.6754535e-13,77671.375,2.2565575e-07
106040.95,98387.12,1.2130941e-19,3.3893027e-13,78618.39,1.2250192e-07
106040.95,97455.82,7.940146999999999e-20,3.8115705e-13,69356.41,8.344809e-08
106040.95,93154.586,4.6776537e-20,3.1716765e-13,67759.91,5.255744e-07
100360.56,88227.914,9.394119e-20,1.7816767e-13,69468.555,2.5211423e-07
89580.52,86718.21,2.923311e-19,9.5561823e-14,66791.45,8.424736e-08
89160.97,84288.37,2.3072321e-19,4.7179484e-14,65087.617,3.0938185e-07
89160.97,80923.73,1.2487455e-19,2.6658864e-14,63277.914,2.0183154e-07
87562.05,82924.984,9.583291e-20,1.7825258e-14,62103.19,8.535665e-08
84146.23,77249.8,4.7608015e-20,3.095219e-14,61293.93,6.094888e-08
84146.23,83533.17,1.5343856e-20,1.8519184e-14,59735.523,8.0362895e-08
84146.23,68987.23,9.3617854e-21,1.41270205e-14,61790.203,5.9908906e-08
83118.12,68266.63,3.572404e-21,5.741952e-15,58991.05,8.44358e-08
75992.21,65925.75,7.233347e-21,7.348545e-15,59362.91,8.614107e-08
73543.52,64523.137,8.8564096e-21,4.338614e-15,59486.246,7.358374e-08
73229.41,71969.07,4.729888e-21,1.4917503e-15,60709.38,3.1069174e-08
71375.79,73775.48,5.091403e-21,6.073197e-16,59562.117,4.2129013e-08
70482.695,64771.066,4.88567e-21,3.7774819000000005e-16,58213.87,3.1995857e-08
68506.75,77662.23,3.0555606e-21,2.1525067e-16,55484.57,9.7362665e-08
66015.875,79062.805,2.7278993e-21,2.2532146e-16,53493.875,1.4669433e-07
64722.168,77623.38,2.7616156e-21,1.6017765000000003e-16,50002.19,1.7067653e-07
64722.168,55666.516,2.0822493e-21,1.5794413e-16,48462.73,7.153475e-08
60501.94,55507.973,4.334706e-21,8.603881e-17,49025.336,6.278198e-08
54810.87,42076.062,1.951763e-20,2.0612631e-16,48109.848,1.790375e-07
51693.715,42414.89,5.2022733e-20,3.535914e-16,46643.97,2.6992427e-07
50366.293,49702.67,8.810088999999999e-20,3.448638e-16,45897.402,2.0213878e-07
50326.523,52111.02,4.3990538e-20,2.5859447e-16,46593.426,2.9038836e-07
48498.484,54537.473,7.215864e-20,1.7291524000000003e-16,45976.26,3.1960818e-07
45665.914,55614.523,1.2475528e-19,1.462641e-16,44148.4,1.7819536e-07
45751.6,49932.77,7.151476e-20,3.8174764e-16,42045.79,3.9079925e-08
44250.78,48763.195,4.780063e-20,5.0064594e-15,44458.195,9.314232e-08
42891.957,47960.68,8.5199564e-20,7.8766636e-15,44209.547,9.1476664e-08
43094.613,47184.39,3.5937792e-20,3.3167e-14,44256.73,1.14387866e-07
43035.676,46606.656,2.0253377e-20,2.1719688e-14,43419.465,1.2723162e-07
42895.86,46190.332,1.5729098e-20,2.3864047e-14,43985.344,8.349994e-08
42895.86,45537.688,1.15884934e-20,6.3681895e-14,43828.684,5.8632107e-08
41810.44,45140.93,1.0510894e-20,4.5219487e-14,43772.766,1.071509e-07
41365.066,44821.234,6.1490506000000004e-21,2.6607795e-14,43954.03,4.0458485e-08
42030.402,44470.64,4.819576e-21,1.8370937e-14,43828.64,8.693932e-08
42308.805,44283.86,1.7017553000000002e-21,9.982371e-15,43666.965,9.338837e-08
42308.805,44034.953,1.4620375e-21,4.1525807e-15,43944.17,8.1430294e-08
42308.805,43729.195,8.360043400000001e-22,3.8470246e-15,44769.113,7.914969e-08
42179.098,43573.777,7.157897700000002e-22,5.0309624e-15,45795.36,4.6112024e-08
41298.76,43518.48,5.161013e-22,2.4889485e-15,47404.086,7.656059e-08
42976.703,43361.63,7.149929300000002e-22,8.742774e-16,49553.51,1.381592e-07
44185.297,43631.33,8.340170700000002e-22,3.9623336e-16,50160.668,1.1939012e-07
44127.793,43807.324,5.227936500000002e-22,1.7207034000000002e-16,49458.65,5.999349e-08
44491.703,43905.293,1.5631992000000001e-21,8.9084685e-17,50828.8,6.120243e-08
44491.703,43816.086,1.3270018e-21,6.236885600000001e-17,50070.89,6.004475e-08
44491.703,43971.477,4.831244e-22,3.1329648e-17,49484.69,4.1026997e-08
44491.703,44918.418,3.1074188000000003e-22,1.7673146e-17,50029.406,2.789372e-08
44491.703,45041.355,1.7989005e-22,1.0903834499999998e-17,51147.324,2.6768769e-08
44491.703,45752.375,1.3055427e-22,8.218032e-18,51012.363,1.8423629e-08
44491.703,46157.594,4.0231272e-23,4.687548e-18,52375.33,1.869279e-08
44491.703,46185.32,3.4152376e-23,2.5941408e-18,52256.867,1.722066e-08
44491.703,46440.508,1.3246952999999998e-23,2.3728803e-18,52979.45,1.2709604e-08
44491.703,47522.695,7.668728e-24,3.4494863e-18,53451.902,7.880429e-09
44491.703,48331.01,6.509993e-24,3.9322193e-18,54032.477,2.1182375e-08
44491.703,49624.66,2.3701071e-24,4.3005630000000004e-18,53234.69,2.9664617e-08
46231.92,50612.418,6.2695265e-24,3.0996228000000003e-18,53850.742,3.2484248e-08
46244.62,51504.984,3.3080856e-24,2.048465e-18,55285.97,5.0461054e-08
46244.62,52109.645,1.1307768e-24,2.870045e-18,55723.5,6.198642e-08
46244.62,52369.902,4.1008084e-25,2.4997872e-18,56942.906,6.3997206e-08
46244.62,51796.36,3.4674867e-25,1.2900926999999998e-18,57758.297,6.209371e-08
47632.01,53419.277,1.5475654e-25,2.5866254e-18,58141.816,6.699433e-08
51562.145,53971.1,1.8129584e-25,1.1158478e-17,58482.28,4.2738485e-08
53055.37,54972.973,3.5976603e-25,1.6933484000000002e-17,59756.285,3.1562212e-08
53274.973,55306.223,1.4945608e-25,1.8247548e-17,60808.57,3.388438e-08
53274.973,56054.97,8.251271e-26,6.224324300000001e-17,60441.867,2.8206093e-08
53709.0,56271.605,9.797953e-26,7.206974e-17,60856.832,2.1970063e-08
54004.367,55171.93,7.683426e-26,5.880355e-17,62424.79,2.2569806e-08
54004.367,57788.746,4.374831e-26,5.1356673e-17,63211.94,2.6708882e-08
54004.367,58496.996,3.1227885e-26,5.2443195e-17,66044.68,7.438356e-08
53791.516,58145.14,5.502672999999999e-26,3.0698893e-17,67005.82,1.16058104e-07
53765.457,56305.516,3.2663544e-26,2.2305251000000002e-17,67072.8,1.3053736e-07
54576.758,59749.184,7.403188400000001e-26,4.1001632e-17,68399.36,2.3428953e-07
55832.324,58480.168,3.2327515e-25,1.9480870000000002e-17,69527.875,2.2866395e-07
57284.637,60235.863,4.3036987e-25,6.571839499999999e-18,70861.05,1.8203646e-07
57245.867,62364.9,2.4619683e-25,4.809362e-18,71817.77,2.6383975e-07
59602.01,63722.348,5.2460335e-25,8.833057e-18,74682.78,3.058737e-07
61314.043,65224.082,1.0254971e-24,2.1542366e-17,76426.484,3.771599e-07
61314.043,66812.76,5.2225544999999985e-25,2.1981876e-17,77428.35,2.481155e-07
65845.766,67588.91,6.837595e-24,1.2174009e-17,77548.19,4.919509e-08
71753.336,68849.56,2.1340396e-23,8.259248e-18,77465.2,8.865634e-08
71745.2,69730.07,1.3612628e-23,7.802607e-18,78088.31,2.24138e-07
78442.664,71583.7,3.7238786000000002e-22,2.2919562e-17,79463.13,1.7566923e-07
84326.98,73471.15,1.9918501e-20,4.13668e-16,80063.484,1.6865945e-07
85556.97,75232.35,4.4270438e-18,2.7307617000000004e-16,81384.66,1.8529595e-07
86232.76,75886.445,7.572148e-18,2.2944211e-16,82699.805,2.125195e-07
90693.59,76440.65,1.8381315e-17,3.8516012e-16,82562.04,2.7858442e-07
91729.35,77542.22,6.6480016e-17,5.2061917e-16,81685.414,4.6202223e-07
85614.49,78492.836,1.3717201e-16,1.4668006e-15,81451.78,5.5377484e-07
50711.863,79835.14,2.338864e-14,7.0187573e-15,80967.664,5.435785e-07
3943.5266,81284.875,2.8197387e-11,7.167584e-15,83333.73,6.093317e-07
15.356705,81922.24,1.8785216e-11,3.2699171e-15,85776.43,5.344231e-07
15.356705,81381.555,1.3960791e-11,1.7378509e-15,87107.84,6.151158e-07
2.583043,83633.89,3.2502576e-05,4.3701365e-15,80818.086,3.8222163e-07
0.0006914823,84151.01,0.00014416639,2.1364358e-15,67185.03,1.7956631e-07
0.00068596215,85048.3,0.000109275476,3.1006823e-15,48655.477,1.2661607e-07
0.00067689334,81927.41,7.302303e-05,8.186161e-15,39955.203,2.7537432e-08
0.00067245914,78131.91,5.8449594e-05,4.3257583e-15,32980.504,7.780018e-09
0.0006574376,75404.75,3.8386817e-05,6.691002e-15,30204.035,6.718951e-09
0.00064902694,70835.445,2.9596933e-05,1.3061449e-13,27279.877,7.0547888e-09
0.0006387567,67369.08,2.3562088e-05,4.768181e-13,26589.95,5.574216e-09
0.00062283,66044.9,2.2582542e-05,4.1443755e-13,25013.363,4.1874415e-09
0.00060356525,59794.113,2.4702795e-05,1.212176e-11,20563.299,1.4787034e-06
0.00056808995,46605.44,3.57834e-05,9.96102e-12,19156.559,0.0027460062
0.0005398465,45589.8,3.304042e-05,6.897982e-12,21241.447,0.014075484
0.0005312932,43977.81,2.51827e-05,3.8134205e-12,25263.928,0.023576021
0.0005164417,41527.586,2.1923302e-05,2.4148743e-12,16328.019,0.0047984202
0.00047330192,39359.438,4.6180296e-05,1.3030677e-12,16607.082,0.0224568
0.00039312718,33034.742,8.8161854e-05,7.5249366e-13,19818.367,0.004447112
0.0003379038,29355.209,7.474377e-05,3.3429753e-13,19553.701,0.023443185
0.00033770985,25686.455,7.4539435e-05,2.276432e-13,15798.6045,0.01297025
0.0003251793,20457.22,4.0827723e-05,1.334283e-13,17522.688,0.02443227
0.00031770344,26073.324,2.7767728e-05,3.690933e-14,11398.376,0.016949683
0.0002936908,17370.154,3.1659878e-05,1.5675476e-14,7817.2217,0.019599635
0.00029269382,12851.562,2.7991277e-05,2.4110747e-14,5108.995,0.0100497315
0.0002898758,23631.578,2.1951062e-05,4.2273107e-14,2189.3835,0.036467753
0.00028891172,6220.84,1.963512e-05,4.4917368e-14,2197.9426,0.0050291284
0.0002861454,4419.9043,1.5776253e-05,3.7388363e-14,1518.7166,0.020202488
0.00028076224,4144.4775,1.34911115e-05,4.3936144e-14,1067.3833,0.0064515243
0.00027984532,4182.568,1.2299252e-05,7.867115e-14,730.2717,0.050310213
0.00027651308,2411.0503,1.0691664e-05,1.5570299e-13,875.87994,0.013952383
0.0002702787,1078.5917,1.0977998e-05,3.8728358e-13,1227.4432,0.041905105
0.00026855062,3515.1243,9.739773e-06,1.7098772e-12,1072.8466,0.00675054
0.00026853054,3920.4514,9.713143e-06,5.362985e-12,1373.6616,0.033841014
0.0002571049,2544.46,1.2477758e-05,6.218256e-12,2161.6077,0.009449072
0.00025067743,920.0536,1.08468885e-05,5.3582177e-11,4033.1118,0.043740638
0.00023497359,1352.8456,1.5259067e-05,2.246085e-10,3943.22,0.008292042
0.00023055381,4597.189,1.108654e-05,2.0338158e-11,1498.8286,0.03678877
0.00023053416,5187.1743,1.1056223e-05,4.289398e-12,796.7049,0.0076895314
0.00022137031,2888.4214,1.1023215e-05,3.4315553e-10,2098.7297,0.022926483
0.00021995488,661.3749,9.426852e-06,5.735123e-10,441.35458,0.0077591394
0.00021515363,550.2766,7.836135e-06,0.009009764,1600.5101,0.012608078
0.00020550951,362.19702,7.671642e-06,0.005765238,3697.232,0.011534013
0.0002033938,168.33052,5.9885874e-06,0.007888027,2229.5366,0.024428027
0.00020274037,430.1752,5.387273e-06,0.007964526,418.58954,0.005639963
0.00019770437,3.1731204e-05,4.692941e-06,0.011676072,6.596057e-06,0.011682265
0.00019769726,615.3612,4.680106e-06,0.004610998,6.9678704e-06,0.0117780315
0.00019706394,2.8248987e-05,4.269968e-06,0.011370196,6.9457847e-06,0.026971575
0.00016722956,2.6478272e-05,1.4303203e-05,0.010471736,4.9500427e-06,0.010580531
0.00016413273,2.4904326e-05,8.7555445e-06,0.007819,4.8359475e-06,0.018071484
0.0001641217,2.3422812e-05,8.731595e-06,0.010284437,5.4781826e-06,0.02663494
0.00016004212,2.2054855e-05,5.5047235e-06,0.007160621,3.6654426e-06,0.006443866
0.0001595285,2.0913129e-05,4.8424263e-06,0.0054237144,5.0891063e-06,0.006876074
0.00015366088,1.9624864e-05,3.1279774e-06,0.0021273345,4.0881864e-06,0.011391251
0.00015268645,1.8839875e-05,2.5563509e-06,0.003910162,3.6481595e-06,0.016487345
0.00014807661,1.8185783e-05,2.0658365e-06,0.0017941114,3.8839635e-06,0.011764705
0.0001470385,1.7458591e-05,1.7083781e-06,0.0011637236,4.255403e-06,0.007323874
0.00014657057,1.683587e-05,1.5256212e-06,0.0016368756,3.882356e-06,0.01007502
0.00014610433,1.6528393e-05,1.3609089e-06,0.0009774514,3.4467846e-06,0.008728763
0.00013941797,1.538749e-05,1.1086693e-06,0.0021056233,2.7654926e-06,0.008365108
0.00013941679,1.4886054e-05,1.1056361e-06,0.0011776399,2.155585e-06,0.010892395
0.00013186755,1.4407434e-05,9.941573e-07,0.0015048586,2.9147964e-06,0.0058589526
0.00012663176,1.3553449e-05,7.9191386e-07,0.0009455245,2.4296799e-06,0.007764992
0.00012543434,1.3091109e-05,6.199745e-07,0.0015354197,2.4494327e-06,0.004666608
0.00012518995,1.401216e-05,5.704482e-07,0.00047096057,2.0785305e-06,0.0022028934
0.00012346664,1.346419e-05,4.3114338e-07,0.0011577414,2.6167443e-06,0.0010509702
0.00012307485,1.35499595e-05,3.851855e-07,0.00044818418,2.252493e-06,0.0016253156
0.00012307448,1.1787355e-05,3.8413157e-07,0.0010049196,2.316471e-06,0.0013186261
0.00012268397,1.2230832e-05,3.3702963e-07,0.0007954595,1.3639444e-06,0.0016605183
0.00012229473,1.2412407e-05,2.963117e-07,0.00069748017,1.9923561e-06,0.001184772
0.00012229444,1.0276965e-05,2.955009e-07,0.0009012205,1.9845627e-06,0.0010138872
0.00012190649,10117.855,2.5905888e-07,0.0006540649,1.9262543e-06,0.001113339
0.0001133533,2914.206,2.1441757e-07,0.00043401134,2.5120269e-06,0.00041439958
0.00010339816,14958.849,1.7675238e-07,0.00029991288,1.9946103e-06,0.00042013027
0.00010146195,1562.8054,1.07877234e-07,0.0002679941,1.9057047e-06,0.00024151847
0.000101140206,19532.322,9.387258e-08,0.00017542823,1.7532956e-06,0.00013933558
0.00010114013,20732.477,9.3615675e-08,0.00045106292,1.4492377e-06,0.00015859322
0.00010114006,23453.342,9.335947e-08,9.042299e-05,6.0173625e-07,6.007385e-05
0.00010081935,10094.821,8.152733e-08,5.1501567e-05,1.6355231e-06,4.5397584e-05
9.7712e-05,7767.5557,9.835669e-08,2.5906545e-05,1.5237761e-06,5.2183022e-05
9.771193e-05,7.945274e-06,9.808751e-08,9.198309e-06,1.8754645e-06,3.9409668e-05
9.7711854e-05,7.732497e-06,9.7819054e-08,2.8153233e-06,1.6963802e-06,3.434174e-05
9.771178e-05,7.5498283e-06,9.755134e-08,7.1532753e-07,1.4086495e-06,2.655382e-05
9.771171e-05,7.487796e-06,9.728436e-08,3.2772004e-07,1.3697844e-06,2.5753334e-05
9.740187e-05,15961.804,8.904879e-08,7.090346e-08,1.1760196e-06,2.543713e-05
9.4691444e-05,6.98873e-06,1.0596464e-07,5.055046e-08,1.3744117e-06,3.5372475e-05
9.469137e-05,6.804003e-06,1.05674616e-07,5.683038e-08,1.5100326e-06,3.5509904e-05
9.363975e-05,6.657147e-06,8.7959414e-08,2.303407e-08,1.3043566e-06,2.8184973e-05
8.4142404e-05,6.5862428e-06,1.6339781e-07,1.0973508e-08,1.2740406e-06,2.2270206e-05
7.595952e-05,17031.451,1.7628162e-07,4.0775813e-08,1.095967e-06,2.615959e-05
6.7278015e-05,6.2420695e-06,2.1538507e-07,8.66129e-08,1.159186e-06,2.9380219e-05
6.0429284e-05,10518.479,1.7659178e-07,5.2645618e-08,1.1541559e-06,2.3645023e-05
6.0429204e-05,6.0156294e-06,1.7610823e-07,4.5081013e-08,1.2100382e-06,2.3602237e-05
5.8935042e-05,5.8804885e-06,1.02949436e-07,4.5231996e-08,1.1158122e-06,2.9663945e-05
5.874816e-05,5.7786847e-06,9.0148774e-08,3.071323e-08,1.1290193e-06,2.2885828e-05
5.874812e-05,5.729733e-06,8.990191e-08,1.0559295e-08,9.0597354e-07,1.878482e-05
5.874808e-05,6035.075,8.965573e-08,2.4477304e-08,1.1112386e-06,1.905051e-05
5.874804e-05,5.468474e-06,8.941022e-08,3.8350468e-08,1.2366331e-06,1.8591867e-05
5.8748e-05,14613.156,8.916539e-08,3.9160106e-08,7.2811395e-07,2.2003047e-05
5.8561713e-05,17293.402,7.68603e-08,4.6311662e-08,9.549577e-07,2.6469432e-05
5.856168e-05,5.160093e-06,7.664983e-08,2.3519382e-08,1.0992824e-06,1.9157867e-05
5.8561644e-05,809.61096,7.643994e-08,2.4456902e-08,8.996226e-07,2.941631e-05
5.856161e-05,4.9431237e-06,7.623062e-08,2.0929399e-08,8.8835844e-07,2.5499123e-05
5.8561574e-05,218.83624,7.602188e-08,9.708959e-09,7.857549e-07,2.4632674e-05
5.856154e-05,4.78502e-06,7.58137e-08,7.073669e-09,1.1244481e-06,1.6171354e-05
5.8008052e-05,4.6931495e-06,5.2191428e-08,1.7210727e-08,9.1238275e-07,2.2549706e-05
5.800803e-05,4.619183e-06,5.204851e-08,1.5090167e-08,8.483929e-07,2.283464e-05
5.8008005e-05,4.612316e-06,5.190598e-08,4.2306287e-09,7.5023024e-07,1.5722497e-05
5.8007983e-05,16.598951,5.1763845e-08,1.5435191e-09,7.401485e-07,2.0025524e-05
5.800796e-05,32.04231,5.1622095e-08,6.39605e-10,7.604247e-07,2.2287928e-05
5.8007936e-05,1135.5824,5.1480733e-08,1.5420626e-09,6.3705664e-07,2.3231261e-05
5.6509474e-05,1649.3374,2.5523716e-08,5.4086163e-10,5.6394737e-07,1.3982583e-05
5.480141e-05,1077.9893,1.5153974e-08,2.3425681e-09,7.4400214e-07,1.3155689e-05
5.390988e-05,1079.4396,1.1481886e-08,6.3171663e-09,7.3845786e-07,1.4081558e-05
5.3909876e-05,4.037518e-06,1.14504415e-08,2.4614506e-08,8.1199545e-07,1.5325462e-05
5.3909873e-05,3.9654583e-06,1.1419083e-08,1.1804266e-08,7.822049e-07,1.4612394e-05
5.3909866e-05,3.894324e-06,1.1387811e-08,4.0646203e-08,7.696517e-07,1.679407e-05
5.3738953e-05,3.8576236e-06,1.0609648e-08,6.158996e-08,7.157812e-07,1.9845644e-05
5.24056e-05,1221.09,1.2327823e-08,7.618747e-08,5.4851427e-07,2.6804082e-05
5.2405594e-05,3.4903105e-06,1.2294061e-08,7.628856e-08,6.3281277e-07,2.9227434e-05
5.240559e-05,3.2968785e-06,1.2260391e-08,3.536884e-08,5.5345475e-07,2.4562867e-05
5.2074356e-05,3.2473085e-06,1.1676368e-08,3.335977e-08,6.059562e-07,2.192484e-05
5.2074352e-05,3.3163226e-06,1.164439e-08,2.9963495e-08,6.705859e-07,2.1536003e-05
5.2074345e-05,3.2638113e-06,1.1612499e-08,5.865305e-08,6.7210806e-07,2.4004115e-05
5.207434e-05,3.256482e-06,1.15806955e-08,5.6418383e-08,6.619597e-07,1.919293e-05
5.2074338e-05,3.2131863e-06,1.1548979e-08,7.8824314e-08,6.737945e-07,1.8374138e-05
5.0469374e-05,3.0460756e-06,2.0180734e-08,9.2789e-08,6.061959e-07,2.6050313e-05
5.0469367e-05,2.9940238e-06,2.012546e-08,8.0952425e-08,5.784286e-07,2.516413e-05
5.0309358e-05,2.9540504e-06,1.9002703e-08,8.6280274e-08,5.963813e-07,2.1099066e-05
4.8276994e-05,2.896279e-06,6.512866e-08,1.533402e-07,5.4989175e-07,2.8676706e-05
3.999994e-05,2.7799138e-06,4.4473444e-07,1.3337717e-07,5.250253e-07,3.2126663e-05
3.531682e-05,2.7077747e-06,4.0388775e-07,1.5720367e-07,5.107563e-07,4.665784e-05
3.4540768e-05,2.608511e-06,2.55689e-07,1.08390005e-07,4.865625e-07,5.523828e-05
3.3482745e-05,2.562508e-06,1.9856235e-07,8.8283755e-08,4.992404e-07,4.034378e-05
3.3482695e-05,2.4926028e-06,1.9801821e-07,5.8990555e-08,4.5735922e-07,3.6238274e-05
3.3271022e-05,2.4142591e-06,1.744309e-07,8.530063e-08,4.0368536e-07,3.9212387e-05
3.327098e-05,2.316749e-06,1.739529e-07,2.0475058e-07,3.6842934e-07,4.265684e-05
3.306065e-05,2.2633137e-06,1.5829366e-07,3.7985984e-07,4.2416963e-07,3.686386e-05
3.29558e-05,2.1912463e-06,1.5180665e-07,3.4981858e-07,4.1418315e-07,4.1966763e-05
3.1693533e-05,2.094535e-06,3.4413077e-07,3.4726702e-07,3.8823788e-07,6.344406e-05
3.1488722e-05,2.0100067e-06,3.2551398e-07,2.7107745e-07,3.3574673e-07,7.407039e-05
3.051295e-05,1.9058286e-06,5.8872e-07,2.615992e-07,2.9004593e-07,9.2755356e-05
3.0486088e-05,1.7712018e-06,5.7689334e-07,2.6256646e-07,3.0378789e-07,0.00010713152
3.0485953e-05,1.7131396e-06,5.753123e-07,2.8244983e-07,2.740937e-07,9.910306e-05
3.0485819e-05,1.6329902e-06,5.737356e-07,2.961835e-07,2.2174093e-07,9.1508016e-05
3.0485684e-05,1.5912602e-06,5.721632e-07,3.067962e-07,2.518702e-07,9.171765e-05
3.048555e-05,1.4746062e-06,5.7059503e-07,3.6256907e-07,2.1161125e-07,0.00012569649
3.0485417e-05,1.3400613e-06,5.690313e-07,3.928857e-07,2.1122585e-07,0.0001403097
3.000813e-05,1.3427282e-06,1.6503299e-06,2.8303143e-07,2.1545799e-07,0.00012726287
2.9818133e-05,1.2472417e-06,1.8872071e-06,6.1780145e-07,1.8656391e-07,0.00013793797
2.9590545e-05,1.1355997e-06,2.2830695e-06,8.620173e-06,2.0885312e-07,0.00015898157
2.6436992e-05,1.1577295e-06,1.5304127e-05,1.663813e-05,1.5985962e-07,0.00027721364
2.3642757e-05,1.1281587e-06,2.0319994e-05,6.118182e-05,1.3062171e-07,0.00050752825
2.1284926e-05,9.3032855e-07,2.2569406e-05,0.0003032834,1.3378362e-07,0.002367733
1.7211896e-05,8.6719984e-07,4.8534253e-05,0.001461791,1.0387214e-07,0.030139716
1.2928695e-05,8.1916346e-07,7.6168624e-05,0.022203257,9.6013714e-08,0.018396093
1.0659035e-05,6.4933687e-07,6.99346e-05,0.05332773,1.12069564e-07,0.053147092
9.906699e-06,4.8746153e-07,3.8948063e-05,0.013444598,8.4045446e-08,0.01173204
9.676905e-06,5.672345e-07,2.6438716e-05,0.04213052,6.396224e-08,0.043303017
8.792666e-06,3.407352e-07,3.8128368e-05,0.013279151,6.3436175e-08,0.016206563
7.6074834e-06,3.743015e-07,6.552738e-05,0.06658541,4.9862734e-08,0.03096338
6.3952402e-06,3.125035e-07,8.955092e-05,0.018864807,3.5484817e-08,0.02509434
5.7050074e-06,3.3546615e-07,6.919981e-05,0.03724619,2.8385994e-08,0.05798611
5.1812085e-06,1.4689176e-07,6.271653e-05,0.009117588,4.016829e-08,0.07722045
4.711111e-06,1.3233227e-07,8.021917e-05,0.06311868,2.8464306e-08,0.043381594
4.1783155e-06,9.4480136e-08,0.00010566525,0.024498641,2.0348672e-08,0.038154583
4.174926e-06,8.180821e-08,0.00010537514,0.07536259,2.3842434e-08,0.021329192
3.838273e-06,5.4480704e-08,9.420494e-05,0.028498324,2.3770028e-08,0.083969355
3.4456905e-06,1.5150002e-07,0.0001171739,0.025582004,1.523218e-08,0.034995157
3.2970333e-06,4.004437e-08,8.322184e-05,0.019066246,1.6062778e-08,0.007388135
3.284637e-06,3.601832e-08,7.434967e-05,0.048200186,2.1441627e-08,0.0625931
3.116133e-06,2.78856e-08,7.913868e-05,0.035764363,2.1924835e-08,0.04048744
2.934059e-06,2.3039922e-08,8.453585e-05,0.025141284,2.0218627e-08,0.02486267
2.616953e-06,2.001017e-08,0.00014520712,0.051172033,1.7926201e-08,0.06858494
2.5270806e-06,1.524913e-08,0.00010234785,0.0069883,2.1181627e-08,0.050374597
2.288698e-06,1.4050439e-08,0.00018596428,0.05962475,1.4505053e-08,0.014758748
1.8738035e-06,1.0365486e-08,0.00045651017,0.037165433,1.72303e-08,0.09800053
1.847596e-06,8.533615e-09,0.0003359163,0.026620178,1.3637682e-08,0.044917237
1.8428349e-06,7.433622e-09,0.0003349938,0.033139214,1.22804495e-08,0.025696417
1.8048975e-06,5.318268e-08,0.0083804745,0.011218848,7.547264e-09,0.046262812
1.4390533e-06,2.2270022e-08,0.01842045,0.03409077,6.2395555e-09,0.02443559
1.0748599e-06,6.343899e-08,0.0060068527,0.02147632,3.912031e-09,0.061079696
1.0056972e-06,1.3326556e-08,0.0030810162,0.027102584,3.0576583e-09,0.023253733
9.136934e-07,3.6455554e-09,0.010516772,0.034210656,2.9999048e-09,0.07835025
7.9069775e-07,8.511334e-09,0.0026616212,0.012631922,2.3047377e-09,0.019939529
6.9751815e-07,4.6525376e-08,0.027081903,0.052825768,1.439412e-09,0.06236687
5.665185e-07,3.4859927e-08,0.027007528,0.0135274315,1.152219e-09,0.014980787
4.6587743e-07,3.3923893e-08,0.0058831824,0.04073784,8.51093e-10,0.06166982
4.190336e-07,1.4306544e-09,0.001347242,0.007592254,1.0937029e-09,0.04371221
4.1471966e-07,3.6595495e-08,0.0013435421,0.01611397,7.749471e-10,0.017714635
4.0947455e-07,1.4076136e-08,0.0011989551,0.028771544,7.6059364e-10,0.041188043
3.9908414e-07,1.0228342e-09,0.007683364,0.02590143,5.0773896e-09,0.0284261
3.7621305e-07,8.872352e-10,0.0076622632,0.039972465,3.0343248e-09,0.07921745
3.4912472e-07,7.2044976e-10,0.002884357,0.00821553,2.9310678e-09,0.053401764
3.414749e-07,6.674879e-10,0.0028764356,0.012114597,4.569072e-09,0.03411725
2.9900232e-07,1.2973335e-08,0.021646256,0.036132213,3.135607e-09,0.018185146
2.5150504e-07,1.7946485e-08,0.0072114947,0.020247318,2.0900788e-09,0.05567667
2.2178145e-07,4.4258558e-10,0.0026920747,0.036007725,4.6233297e-09,0.045300815
2.1688668e-07,3.7409337e-10,0.0033836514,0.008423847,4.2037946e-09,0.025106834
2.0977551e-07,1.5840719e-08,0.0032219768,0.016015906,2.5929556e-09,0.022531236
2.0464763e-07,1.9946436e-09,0.0032131283,0.059948925,2.3192765e-09,0.033105407
1.9513894e-07,1.07708376e-08,0.0024225179,0.019718856,1.5688651e-09,0.030986402
1.9032726e-07,1.5121657e-08,0.0016850833,0.026063237,1.1346907e-09,0.018023193
1.865109e-07,7.837647e-09,0.0015226367,0.009862266,8.708918e-10,0.051230226
1.8434227e-07,1.4270221e-08,0.0015184551,0.013084592,1.6359354e-09,0.016310994
1.79339e-07,1.5150593e-10,0.00089192414,0.046861704,1.6471386e-09,0.049852636
1.7714234e-07,1.1933436e-10,0.0010158991,0.018775221,1.3647729e-09,0.035531785
1.7576544e-07,1.080664e-10,0.0010131091,0.037767276,9.673798e-10,0.018500738
1.739507e-07,2.6182811e-09,0.00086829765,0.009021874,7.241148e-10,0.058750506
1.6885174e-07,6.4724764e-10,0.00046643018,0.023213668,4.8237325e-10,0.029723711
1.677592e-07,7.335282e-11,0.00042305604,0.045412995,1.2595816e-09,0.022356076
1.5651975e-07,5.8006277e-11,0.010362337,0.022877283,9.647471e-10,0.06529293
1.4493651e-07,5.142953e-11,0.008889125,0.04410533,7.079886e-10,0.026069745
1.3537077e-07,2.8685474e-09,0.008864713,0.008136926,7.706715e-10,0.01895025
1.2514698e-07,3.8589e-11,0.0044812765,0.025673566,5.9358e-10,0.08816682
1.2067115e-07,5.092152e-10,0.0034574878,0.031724975,4.4764664e-10,0.04775682
1.1750863e-07,2.996849e-11,0.0034479927,0.0117906695,8.159469e-10,0.010412514
1.1429907e-07,2.8065267e-11,0.003216414,0.015232829,9.420488e-10,0.02583269
1.11509834e-07,2.610304e-11,0.0032075811,0.031205947,1.3562615e-09,0.010964347
1.0879605e-07,8.594398e-10,0.0031987722,0.010698553,1.4688321e-09,0.018054223
1.06012195e-07,7.005288e-09,0.0027355948,0.00738276,2.2484334e-09,0.040226836
1.02423996e-07,2.4284552e-09,0.0019985677,0.014267005,1.2979934e-09,0.017981544
9.82689e-08,1.8295913e-11,0.0016728619,0.049582798,1.2893699e-09,0.049594328
9.4438086e-08,1.4344915e-11,0.0022414844,0.0097097065,1.0469546e-09,0.014413912
9.265022e-08,1.344688e-11,0.0019110782,0.013721306,9.633095e-10,0.026594974
9.1300116e-08,1.2537991e-11,0.00190583,0.03703354,8.395166e-10,0.015716525
8.934333e-08,1.0648357e-11,0.0013013371,0.010187586,8.19227e-10,0.027703809
8.845473e-08,1.0135438e-11,0.0012977634,0.011091843,5.8340566e-10,0.020330658
8.5665434e-08,9.801982e-12,0.00061673345,0.02882872,5.3385524e-10,0.027776113
8.526058e-08,9.003591e-12,0.0006150398,0.018136105,2.920548e-10,0.008459502
8.217442e-08,2.5644702e-09,0.0002619618,0.016863246,2.40904e-10,0.021310974
8.1511665e-08,3.0217517e-09,0.00020075392,0.023268988,2.8751465e-10,0.021553406
8.113736e-08,1.5573771e-09,0.00017197321,0.007561151,3.023373e-10,0.013098876
8.103025e-08,7.2550564e-12,0.00017150093,0.010173305,5.8008665e-10,0.023173725
8.067494e-08,1.0521847e-09,0.00014676954,0.01317311,4.106318e-10,0.008296266
8.0335305e-08,1.636018e-09,0.0001257419,0.02219021,2.5953734e-10,0.022009147
8.025775e-08,6.2940386e-12,0.00012539659,0.0076482315,4.5147044e-10,0.006687265
7.749724e-08,6.1126534e-12,5.4817763e-05,0.0053423033,4.560649e-10,0.013716507
7.746461e-08,8.1474905e-10,5.4667216e-05,0.008959244,2.913488e-10,0.020436067
7.670996e-08,5.832827e-12,3.9695962e-05,0.023058424,3.255259e-10,0.023977077
7.6686575e-08,5.403974e-12,3.9586947e-05,0.03319856,4.802139e-10,0.020300783
7.666326e-08,4.7834644e-12,3.9478233e-05,0.01079289,3.8586362e-10,0.03671506
7.568199e-08,9.492556e-10,2.8225317e-05,0.018085742,2.4959934e-10,0.018506654
6.775735e-08,1.5775041e-10,4.0224782e-05,0.01670789,3.1174652e-10,0.02523637
6.0029734e-08,4.320705e-10,4.300537e-05,0.026891332,2.4734026e-10,0.0088603385
4.9359777e-08,6.2926675e-10,5.8342248e-05,0.013372589,1.696898e-10,0.0100762965
4.2708844e-08,3.3923235e-12,4.8687838e-05,0.027277647,1.5159139e-10,0.042424534
4.1767585e-08,3.9890677e-10,2.956567e-05,0.015553574,1.2054883e-10,0.012992433
4.1365038e-08,2.8755058e-12,2.277853e-05,0.019930301,2.0664004e-10,0.032482818
4.13578e-08,2.7340242e-12,2.2715967e-05,0.03636087,1.4223629e-10,0.016017042
4.1350585e-08,2.3998514e-12,2.2653578e-05,0.008173694,1.0984973e-10,0.04489904
4.1212854e-08,6.1306814e-11,2.0058867e-05,0.011432875,9.8611494e-11,0.018677529
4.107634e-08,2.307906e-12,1.7691818e-05,0.02576026,1.00376665e-10,0.031300794
4.030315e-08,3.9876363e-10,1.2840836e-05,0.014445686,6.594227e-11,0.005549397
3.870075e-08,2.319196e-11,1.2854402e-05,0.025199967,5.9572444e-11,0.015460477
3.7275857e-08,1.3451364e-10,1.3929104e-05,0.019733004,5.0028374e-11,0.033435166
3.56847e-08,1.7871083e-12,1.5878211e-05,0.0330374,9.166153e-11,0.032622006
3.5680348e-08,7.846598e-11,1.58346e-05,0.016908126,6.3753246e-11,0.019865729
3.395034e-08,1.5035717e-12,1.8616929e-05,0.04071777,6.452376e-11,0.040150434
3.3945483e-08,1.2728711e-12,1.8565794e-05,0.006924477,7.755517e-11,0.010541121
3.3833402e-08,1.2329598e-12,1.6539987e-05,0.017101277,9.618046e-11,0.030032858
3.3829103e-08,1.1757698e-12,1.6494556e-05,0.029392263,8.635338e-11,0.04683584
3.3717903e-08,1.0639633e-12,1.4679264e-05,0.012787212,7.748737e-11,0.033567093
3.37141e-08,1.0367487e-12,1.4638945e-05,0.05706731,5.585342e-11,0.026560826
3.3218793e-08,8.177971e-13,1.2925037e-05,0.01615916,4.524786e-11,0.0131047955
3.1575407e-08,7.640654e-11,1.9022309e-05,0.030788705,3.8074762e-11,0.04521042
2.8296814e-08,2.2168598e-10,3.2747954e-05,0.010027162,6.290001e-11,0.020128822
2.6241617e-08,6.31358e-13,2.7578279e-05,0.01947904,4.5837563e-11,0.024084905
2.6236059e-08,1.725606e-10,2.7502525e-05,0.044859793,4.7286314e-11,0.01570337
2.5983542e-08,3.0432218e-10,2.1092035e-05,0.018804694,3.1614857e-11,0.07526961
2.5257746e-08,2.4294716e-10,1.7952398e-05,0.024452448,2.2235335e-11,0.03653377
2.5254263e-08,4.7969025e-12,1.7903083e-05,0.013827455,1.9340087e-11,0.011299884
2.5170996e-08,7.671095e-11,1.6357148e-05,0.022083506,1.9619742e-11,0.04105026
2.500916e-08,8.1133184e-10,1.4352459e-05,0.025268914,1.6668038e-11,0.014211821
2.477053e-08,1.5512373e-10,1.26659315e-05,0.018375445,1.27889045e-11,0.07265999
2.4689777e-08,1.6221528e-10,1.1663635e-05,0.02654572,9.330297e-12,0.024741992
2.4609463e-08,1.2357486e-10,1.0805684e-05,0.021717042,8.596701e-12,0.023259895
2.4072099e-08,1.805768e-10,1.214428e-05,0.025727332,5.2700925e-12,0.06926019
2.3889127e-08,8.60633e-11,1.1293544e-05,0.008773042,4.769651e-12,0.024774171
2.3178814e-08,4.0483346e-12,1.6295562e-05,0.020280872,3.7579883e-12,0.02548594
2.2256893e-08,1.404871e-13,2.2268867e-05,0.031384215,2.4975447e-12,0.037741773
2.2112914e-08,2.5357487e-11,1.959468e-05,0.017308706,1.847407e-12,0.03574564
2.2109587e-08,1.1743731e-13,1.9540852e-05,0.021028943,3.888538e-12,0.016908132
2.1966963e-08,1.1188117e-13,1.7375149e-05,0.043377824,4.0981684e-12,0.032986104
2.1964032e-08,6.122463e-11,1.7327417e-05,0.010988621,3.4235336e-12,0.014840492
2.1317419e-08,1.23007585e-11,1.8897703e-05,0.02231516,2.723162e-12,0.044332527
1.9981313e-08,8.5705775e-14,3.3092372e-05,0.027823545,9.820379e-12,0.007944596
1.9913282e-08,7.9143465e-14,2.9676436e-05,0.013901075,1.1241541e-11,0.02904299
1.9908743e-08,7.810148e-14,2.9594907e-05,0.03613427,1.3940018e-11,0.016709555
1.9716863e-08,9.2259256e-11,2.4376171e-05,0.013710762,8.28721e-12,0.04725266
1.9713172e-08,7.625652e-11,2.4309204e-05,0.0218041,6.6310755e-12,0.015451597
1.9709491e-08,5.7379354e-14,2.4242418e-05,0.016939413,6.262559e-12,0.05080533
1.9705821e-08,5.0262475e-11,2.4175817e-05,0.026032368,5.9720436e-12,0.01627697
1.9702162e-08,5.5937296e-11,2.4109399e-05,0.018355554,4.726754e-12,0.04934267
1.9636333e-08,4.501069e-14,2.18877e-05,0.039263975,5.0121734e-12,0.02001114
1.9571036e-08,3.5714782e-11,1.9807041e-05,0.0089934,4.1678826e-12,0.04190978
1.9083435e-08,4.6787896e-11,1.851495e-05,0.014041106,3.0159807e-12,0.019281957
1.7994628e-08,3.3126446e-14,2.835163e-05,0.024065705,4.5498514e-12,0.019354202
1.7841508e-08,2.638499e-11,2.3617695e-05,0.02222324,3.1596635e-12,0.02092719
1.6754896e-08,2.8511516e-11,3.3277753e-05,0.019111674,2.3434794e-12,0.036051627
1.6697829e-08,2.0202073e-11,2.975854e-05,0.02086111,1.4172888e-12,0.0055561853
1.6411814e-08,2.1023283e-14,2.4250357e-05,0.028424818,4.036539e-12,0.024182756
1.6123673e-08,7.374995e-12,2.1753314e-05,0.016374774,3.2319748e-12,0.018607164
1.6120978e-08,3.101506e-11,2.1693542e-05,0.025965346,2.076506e-12,0.059730444
1.6067393e-08,6.1869586e-11,2.0011754e-05,0.008971294,4.429209e-12,0.016554857
1.5963694e-08,2.0011805e-11,1.797981e-05,0.01146841,6.6459884e-12,0.016574705
1.5860882e-08,7.3304425e-11,1.6777467e-05,0.011962208,8.36264e-12,0.032063376
1.585884e-08,9.920425e-12,1.6731368e-05,0.01725188,6.239691e-12,0.018093131
1.5658026e-08,1.1285659e-14,1.6254671e-05,0.039706502,5.3178096e-12,0.047485277
1.5606581e-08,9.505816e-15,1.5457405e-05,0.0095027825,5.292549e-12,0.03217746
1.5265412e-08,9.074152e-15,1.9632838e-05,0.020035928,5.4336865e-12,0.018453669
1.4931357e-08,2.445378e-12,2.0650108e-05,0.025256334,3.9789266e-12,0.036433738
1.4741936e-08,7.5817995e-15,1.8916655e-05,0.024829775,3.3157578e-12,0.015831338
1.4547686e-08,6.94252e-15,1.8245091e-05,0.034328084,2.3468304e-12,0.058426037
1.4105053e-08,6.100776e-15,2.2126365e-05,0.014378259,2.5353164e-12,0.016515316
1.3905139e-08,6.3643643e-12,1.9042975e-05,0.0141972955,2.2002675e-12,0.023393298
1.2769733e-08,5.3984595e-15,3.580678e-05,0.009244473,2.8794502e-12,0.0093875155
1.1261707e-08,5.171654e-15,5.6569163e-05,0.027757023,2.7654853e-12,0.03923218
1.1029932e-08,5.4634543e-12,3.720419e-05,0.017464336,2.0763096e-12,0.009923924
1.0754131e-08,4.381534e-15,2.7703632e-05,0.018567739,3.0881946e-12,0.024726713
1.0751843e-08,4.113163e-15,2.762749e-05,0.0127232075,2.8345956e-12,0.009787259
1.0673786e-08,8.276461e-12,2.2964503e-05,0.01514571,1.8224133e-12,0.02530914
1.0385061e-08,5.494466e-12,1.8368082e-05,0.024234813,1.6346136e-12,0.011401427
1.019442e-08,3.4152377e-15,1.48491e-05,0.009861519,2.9509479e-12,0.020864146
1.0193258e-08,4.095466e-12,1.4808286e-05,0.020173788,2.0891817e-12,0.019158717
1.0044251e-08,8.499414e-12,1.28593565e-05,0.029387392,1.2197457e-12,0.07123183
9.830584e-09,1.9446044e-12,1.2481427e-05,0.011652436,8.0871594e-13,0.029493969
8.399685e-09,2.4005698e-12,4.5749242e-05,0.024707602,8.393539e-13,0.00788962
8.396735e-09,5.322791e-12,4.562348e-05,0.01754271,7.0992013e-13,0.045556623
8.393792e-09,4.2663347e-12,4.549806e-05,0.020204341,5.5401164e-13,0.008841469
8.364475e-09,1.9027505e-15,3.932112e-05,0.02210117,7.259426e-13,0.04178667
8.293361e-09,1.8048428e-15,2.9268864e-05,0.018039646,1.341155e-12,0.022843467
7.619051e-09,1.7420569e-15,2.2706039e-05,0.020137792,1.1441681e-12,0.026004352
7.5556175e-09,1.6445782e-15,1.7409373e-05,0.011635935,1.0900509e-12,0.009202044
7.506985e-09,1.5894927e-15,1.3985045e-05,0.010771688,9.149612e-13,0.01425432
7.482441e-09,1.5400109e-15,1.22677075e-05,0.01380086,8.993969e-13,0.021783298
7.45807e-09,2.5797287e-12,1.074344e-05,0.010001118,6.7785344e-13,0.011511026
7.272607e-09,1.4291056e-15,6.904677e-06,0.018732134,6.3075494e-13,0.030902773
6.990703e-09,4.2044922e-12,5.908118e-06,0.010044208,4.1974982e-13,0.0066974903
6.6918675e-09,1.2982673e-15,5.3116582e-06,0.0087518785,6.7507187e-13,0.008854237
6.5962333e-09,2.3791824e-12,4.0563655e-06,0.006025996,3.3776955e-13,0.018230308
6.483687e-09,3.057305e-12,3.3350134e-06,0.002301781,4.0484714e-13,0.008363351
6.4629786e-09,2.8157641e-12,3.0406068e-06,0.0020946006,3.546902e-13,0.013690329
6.4628276e-09,2.1309998e-12,3.0322467e-06,0.0008706269,3.5096698e-13,0.008013021
6.4218484e-09,1.248031e-15,2.4903143e-06,0.002475416,3.6369258e-13,0.009294361
6.421726e-09,2.5399418e-12,2.4834674e-06,0.0011242225,2.6487458e-13,0.013985835
6.4216032e-09,1.6145167e-12,2.476639e-06,0.0020924464,2.5272164e-13,0.012054513
6.421481e-09,2.5480629e-12,2.4698297e-06,0.00093056343,1.9969192e-13,0.012529395
6.421359e-09,2.869052e-12,2.463039e-06,0.0012698943,1.382507e-13,0.0066129835
6.4008896e-09,1.2019843e-15,2.1555027e-06,0.00051852013,2.057473e-13,0.0025415642
6.4007835e-09,1.1949237e-15,2.1495762e-06,0.0006588881,2.1855305e-13,0.002452801
5.9942487e-09,3.9041706e-13,1.5033862e-06,0.0013344996,1.9877263e-13,0.0014841224
5.962384e-09,1.1754069e-15,1.2472381e-06,0.00059984345,2.0344502e-13,0.0009781034
5.962327e-09,7.533647e-13,1.2438087e-06,0.0018680475,1.4572213e-13,0.0032310553
5.96227e-09,5.685967e-14,1.2403887e-06,0.0006460316,1.3643694e-13,0.0017906517
5.9622134e-09,6.762035e-13,1.2369782e-06,0.00025497234,7.725602e-14,0.000711885
5.9244796e-09,2.8195488e-12,9.645605e-07,0.000111267225,1.0399612e-13,0.00021349007
5.924436e-09,1.0779328e-12,9.619083e-07,5.6264777e-05,1.3037556e-13,0.000107987194
5.924392e-09,1.5290469e-12,9.592634e-07,2.1642858e-05,1.2221829e-13,6.9137175e-05
5.9243486e-09,1.1171376e-12,9.566259e-07,7.659375e-06,1.0806e-13,4.763554e-05
5.924305e-09,1.0578157e-15,9.539955e-07,3.7674056e-06,2.0227135e-13,3.9060273e-05
5.6545435e-09,1.2783099e-12,4.0693473e-07,8.9125393e-07,1.4798233e-13,3.3483873e-05
5.6545257e-09,1.2220939e-12,4.058158e-07,4.067857e-07,9.762673e-14,4.153899e-05
5.6545084e-09,1.0140086e-15,4.046999e-07,2.3564905e-07,1.2865669e-13,2.8709748e-05
5.5652443e-09,6.250794e-12,2.5135148e-07,1.4714763e-07,1.559041e-13,2.5785908e-05
5.5118035e-09,4.5907944e-13,1.8047265e-07,1.2304099e-07,1.8431217e-13,2.1110403e-05
5.511796e-09,3.6750786e-13,1.799764e-07,3.2577483e-07,1.7173994e-13,3.3193835e-05
5.406881e-09,9.412772e-16,2.0530499e-07,1.2226831e-06,1.6616321e-13,3.6867368e-05
5.389732e-09,5.7075986e-13,1.9277559e-07,1.6687652e-06,1.1694137e-13,5.197592e-05
5.2723506e-09,8.690596e-13,1.9563085e-07,8.8241416e-07,1.1248773e-13,3.8434042e-05
5.204603e-09,8.442857e-13,1.7353463e-07,6.373897e-07,9.8503e-14,4.363451e-05
5.1896336e-09,8.426094e-16,1.6169146e-07,8.6564114e-07,7.437522e-14,4.5651228e-05
5.1896274e-09,1.7842673e-12,1.6124683e-07,7.273936e-07,6.665267e-14,4.3896303e-05
5.1568207e-09,5.1915998e-12,1.4448909e-07,4.1199044e-07,8.123156e-14,2.205851e-05
5.156815e-09,4.3851985e-13,1.4409176e-07,1.619932e-07,8.236744e-14,1.3971531e-05
5.156809e-09,3.896733e-12,1.4369552e-07,1.4893908e-07,6.8332127e-14,1.9217561e-05
4.924876e-09,2.491677e-11,1.6511063e-07,2.9380934e-07,6.773442e-14,2.475382e-05
4.92487e-09,5.0298773e-13,1.6465657e-07,4.7437217e-07,5.696868e-14,2.5710107e-05
4.9248636e-09,2.1621706e-11,1.6420375e-07,2.8136566e-07,5.0298917e-14,2.113575e-05
4.909245e-09,7.435779e-13,1.4337101e-07,1.6907616e-07,6.5131894e-14,2.0338364e-05
4.878211e-09,3.2599907e-13,1.1522326e-07,1.3057296e-07,6.308744e-14,1.8546503e-05
4.8627418e-09,6.866645e-16,1.0124795e-07,7.553553e-08,7.34182e-14,1.42556055e-05
4.862738e-09,6.731983300000001e-16,1.0096951e-07,7.02192e-08,2.1080553e-14,3.1432395e-05
4.862734e-09,2.0748609e-13,1.00691835e-07,8.3058744e-08,3.82627e-14,2.8590643e-05
4.8627307e-09,3.727664e-11,1.0041492e-07,8.672745e-08,7.946755e-14,3.2200875e-05
4.8627267e-09,1.6147136e-11,1.0013877e-07,5.4998967e-08,1.919873e-13,2.6068748e-05
4.862723e-09,6.3523405e-16,9.9863385e-08,2.3769603e-08,2.5429582e-13,1.8187975e-05
4.8627196e-09,1.4658024e-12,9.958875e-08,1.2912136e-08,1.9079952e-13,1.7022516e-05
4.8627156e-09,1.2203082e-10,9.9314875e-08,9.4590185e-09,4.5612754e-13,5.579591e-06
4.862712e-09,6.3157116e-16,9.904175e-08,1.4561848e-08,3.201828e-13,1.11274685e-05
4.7568105e-09,6.304806e-16,5.0376777e-08,1.5038971e-08,3.2460926e-13,1.3418587e-05
4.741729e-09,2.731632e-12,4.3403965e-08,2.3327253e-08,2.2800335e-13,2.33348e-05
4.6240776e-09,1.3851817e-12,2.4105507e-08,3.7627004e-08,2.6910922e-13,2.3044038e-05
4.6240767e-09,1.3018622e-12,2.4039212e-08,3.370904e-08,2.778804e-13,2.1158407e-05
4.624076e-09,2.4451359e-12,2.3973099e-08,1.6507622e-08,2.2840538e-13,2.2095215e-05
4.5948485e-09,2.3188372e-12,1.8996591e-08,2.3360988e-08,2.1313169e-13,2.2440985e-05
4.580281e-09,1.9530026e-12,1.6622087e-08,1.0629617e-08,2.118512e-13,1.6255299e-05
4.5802806e-09,1.2437385e-12,1.6576372e-08,4.572095e-09,1.9328675e-13,1.3639613e-05
4.5802797e-09,1.9591572e-12,1.6530782e-08,3.6017973e-09,1.1637143e-13,2.2376698e-05
4.5802793e-09,5.99065e-16,1.648532e-08,2.2809197e-09,1.8095425e-13,1.3324015e-05
4.580279e-09,5.998329500000001e-16,1.643998e-08,1.095472e-08,1.1992576e-13,2.5038267e-05
4.580278e-09,9.992955e-13,1.6394766e-08,6.8281174e-08,1.06803225e-13,3.6825804e-05
4.5802775e-09,1.2382252e-12,1.6349677e-08,4.742905e-08,1.8725722e-13,2.6592097e-05
4.580277e-09,7.9522033e-13,1.630471e-08,4.7314956e-08,1.613659e-13,3.3132266e-05
4.580276e-09,2.0964595e-12,1.625987e-08,2.318004e-08,1.4749882e-13,1.6637552e-05
4.5802757e-09,2.2792794e-12,1.621515e-08,2.3905862e-08,1.2345336e-13,2.0178897e-05
4.5802753e-09,6.0575387e-16,1.6170555e-08,3.9055656e-08,1.4808062e-13,2.3909888e-05
4.439108e-09,6.1324635e-16,1.561127e-08,2.9681953e-08,1.8035867e-13,3.116791e-05
4.4250346e-09,3.4176684e-13,1.4207032e-08,2.2016819e-08,1.544628e-13,2.7408156e-05
4.425034e-09,9.686286e-13,1.41679575e-08,2.4284523e-08,1.3578669e-13,1.8459747e-05
4.4250337e-09,6.2727835e-16,1.4128991e-08,3.836539e-08,2.2065086e-13,1.8269853e-05
4.4250332e-09,6.316345e-16,1.4090131e-08,6.843553e-08,1.8984094e-13,2.5788568e-05
4.355768e-09,9.720626e-13,1.3783709e-08,3.7895024e-08,1.7572737e-13,2.8896093e-05
4.3557677e-09,9.890925e-13,1.3745798e-08,6.016875e-08,1.6159091e-13,3.3010754e-05
4.3557673e-09,1.8301732e-12,1.3707992e-08,3.7741636e-08,1.0378738e-13,2.8106759e-05
4.274206e-09,6.524230500000001e-16,1.627456e-08,3.0934125e-08,1.2120526e-13,2.4351035e-05
4.2073016e-09,1.3955222e-12,1.6017884e-08,3.3967588e-08,1.3444602e-13,1.9815103e-05
4.0279677e-09,6.539271700000002e-16,2.863552e-08,7.378236e-08,2.0390453e-13,3.0294133e-05
4.027967e-09,6.517831e-16,2.8556755e-08,1.2501636e-07,1.7214921e-13,3.9604372e-05
4.027966e-09,2.7552922e-13,2.8478205e-08,1.9367893e-07,1.4414353e-13,3.308346e-05
4.027965e-09,1.4016431e-12,2.8399871e-08,4.5927592e-07,9.892916e-14,4.4277087e-05
4.027964e-09,6.339625e-16,2.8321752e-08,1.1434643e-06,1.6243928e-13,3.2453798e-05
4.0279633e-09,1.0477432e-12,2.824385e-08,1.1081108e-06,1.148814e-13,4.0304447e-05
4.0279624e-09,6.1433447e-16,2.816616e-08,2.15341e-06,1.1132944e-13,4.271078e-05
4.0279615e-09,4.5763567e-13,2.8088685e-08,6.7277215e-06,8.9657435e-14,6.272868e-05
4.0279606e-09,5.885546e-16,2.8011423e-08,7.178704e-06,1.331977e-13,4.6210276e-05
4.0279597e-09,5.772636500000002e-16,2.7934371e-08,1.1609747e-05,1.2688392e-13,4.146575e-05
3.85627e-09,5.601175300000002e-16,6.6258406e-07,4.847195e-05,1.441582e-13,6.4777e-05
3.8562504e-09,2.3872137e-13,6.607614e-07,0.000115399314,1.11363785e-13,5.839909e-05
3.725902e-09,5.26319e-16,8.708487e-07,0.0012205667,1.0027987e-13,9.171678e-05
3.4413374e-09,4.975956e-13,1.645392e-06,0.0018678698,1.01036035e-13,0.00014172
3.2846268e-09,6.841359e-13,1.6481985e-06,0.0011228689,8.855068e-14,0.00015441618
3.193199e-09,4.695754e-16,1.5071238e-06,0.0011323956,9.1224405e-14,9.7403325e-05
3.1931622e-09,3.6387824e-14,1.5029769e-06,0.0021814522,7.5248205e-14,0.00020106207
3.1931253e-09,4.8514442e-14,1.4988416e-06,0.0012793555,5.6134198e-14,0.00036969833
3.1729113e-09,1.07667706e-13,1.6515361e-06,0.008961725,3.7242924e-14,0.00092073984
3.1134697e-09,2.0465978e-13,2.7838378e-06,0.01374458,2.8719933e-14,0.0017868404
3.113403e-09,3.4265265e-16,2.776178e-06,0.021536684,5.6209178e-14,0.0028264234
3.083924e-09,3.1075519e-16,2.830166e-06,0.026085148,8.426685e-14,0.0050853062
2.988833e-09,2.7329616e-16,4.7310045e-06,0.025486793,1.34749e-13,0.015244338
2.9887244e-09,2.4068108e-16,4.717986e-06,0.027577022,1.2406607e-13,0.006061242
2.9886162e-09,2.0770606e-16,4.705004e-06,0.028161388,9.378304e-14,0.011871513
2.9306988e-09,2.9021745e-13,6.7688015e-06,0.02469229,6.973809e-14,0.008460278
2.9139327e-09,3.123057e-13,6.5942354e-06,0.02243213,5.2629867e-14,0.014880231
2.798422e-09,1.3563511e-16,1.4475318e-05,0.032509953,5.099013e-14,0.031669453
2.3623343e-09,1.7975797e-13,6.472269e-05,0.012852178,3.2222712e-14,0.035175867
2.2887783e-09,1.0416124e-16,3.954555e-05,0.0602023,3.0516917e-14,0.019906227
2.2454179e-09,3.4263453e-13,2.8874882e-05,0.008660728,1.8745713e-14,0.024319965
1.9088635e-09,3.2695998e-13,8.534894e-05,0.049206197,1.31004665e-14,0.025343738
1.5468137e-09,1.0862246e-13,0.00014958688,0.009116009,8.194637e-15,0.09804835
1.4750134e-09,6.000157e-14,8.707324e-05,0.06286359,7.151498e-15,0.053485163
1.4740272e-09,7.37713e-14,8.68335e-05,0.021827707,4.134982e-15,0.011847467
1.4084548e-09,6.871074e-14,7.5397475e-05,0.03397869,3.074676e-15,0.050551314
1.2616657e-09,5.6704814e-14,0.00014475365,0.009723751,1.9471706e-15,0.011682815
1.189044e-09,1.3121776e-13,0.00011464094,0.036078595,1.240913e-15,0.045975752
1.1806204e-09,1.7369526e-13,9.4631774e-05,0.017228724,8.955483e-16,0.014309865
1.1614945e-09,1.5702593e-17,7.515006e-05,0.04396627,8.636934e-15,0.06471043
1.1608242e-09,1.2609668e-17,7.494312e-05,0.0068626413,1.4374388e-14,0.038255513
1.1042492e-09,1.1686085000000001e-17,0.000119405595,0.02936963,1.5242768e-14,0.03190719
1.0998145e-09,8.422101e-14,0.000110234454,0.024720713,1.0427281e-14,0.02883092
1.0767585e-09,3.5798523e-14,0.00017436629,0.03560842,7.0814407e-15,0.033174455
1.031934e-09,5.0249172e-14,0.0027008925,0.008134187,3.7378264e-15,0.117581315
9.483221e-10,3.8747803e-14,0.0007814344,0.06546225,2.1692368e-15,0.07180463
9.426471e-10,4.4751948e-18,0.00077928253,0.03227068,1.8601538e-14,0.0479096
9.370216e-10,9.1984195e-15,0.00077713653,0.02099554,9.734788e-15,0.05910903
9.2625746e-10,8.503034e-14,0.00062787504,0.037890323,6.9454372e-15,0.023980014
8.579992e-10,6.866997e-14,0.007974863,0.023573888,4.63593e-15,0.09700944
7.446282e-10,2.342927e-18,0.0020974446,0.04104,1.8211588e-14,0.085625514
6.8863376e-10,1.7767638e-14,0.012264132,0.01579539,9.228975e-15,0.03017113
6.277723e-10,1.6919296e-18,0.006008642,0.06707847,8.3140926e-15,0.03205897
5.9945726e-10,1.2159440000000001e-18,0.005992095,0.01175262,1.1060184e-14,0.032393172
5.5241167e-10,1.1230444e-18,0.0017780634,0.045667045,1.0928022e-14,0.027359942
5.4491844e-10,2.3233045e-14,0.0017731669,0.012438063,6.6447422e-15,0.048052058
5.350705e-10,8.17386e-19,0.0028284495,0.04159881,1.4620771e-14,0.059032083
5.16687e-10,6.607106e-19,0.0023636718,0.042584747,1.9075075e-14,0.038016614
5.0534243e-10,2.1312702e-17,0.0017904077,0.030926356,1.6727491e-14,0.047644258
4.894992e-10,5.3630826e-14,0.00094166794,0.023103287,8.71506e-15,0.02004897
4.693695e-10,2.321564e-17,0.0009078823,0.024590932,6.7559505e-15,0.03773142
4.6487103e-10,6.0248347e-16,0.0020281768,0.02988502,5.347175e-15,0.025723187
4.49708e-10,1.6266456e-14,0.0029711544,0.014903867,3.8460475e-15,0.05167595
4.2582196e-10,3.7408858e-14,0.0012047444,0.052440915,2.5365465e-15,0.018901175
4.0779236e-10,2.7386728e-14,0.002002758,0.02332995,1.8649933e-15,0.07597932
3.9344944e-10,2.1497718e-14,0.00095494173,0.025029713,1.1162654e-15,0.040921405
3.8954823e-10,5.4967756e-14,0.0008265487,0.021038815,7.500070700000002e-16,0.029665897
3.81593e-10,3.0966535e-14,0.0008930785,0.018482836,6.1652823e-16,0.029909667
3.7898432e-10,4.080144e-14,0.0008906192,0.06287043,3.9102138e-16,0.048339766
3.7110506e-10,1.3784734e-14,0.0005587105,0.03160516,1.3055764e-15,0.043830298
3.5331113e-10,4.9009593e-15,0.0008579771,0.021319477,8.896577e-16,0.027965566
3.509904e-10,1.9121284e-14,0.00085561443,0.03073786,6.45616e-16,0.03123245
3.4869124e-10,2.4252486e-14,0.0008532583,0.03175439,3.8362419e-16,0.044439115
3.211875e-10,1.7792323e-14,0.0007686411,0.024614453,2.7599454000000004e-16,0.03673823
2.7259345e-10,1.0268759e-14,0.020765876,0.01996273,2.0390923e-16,0.01720084
2.3240403e-10,8.887308e-15,0.020708697,0.03683218,1.5023262000000002e-16,0.07325305
1.9822691e-10,2.273687e-14,0.020651674,0.008828799,7.522608000000001e-17,0.029131662
1.7280677e-10,1.6200743e-14,0.011874151,0.021518527,7.1246515e-17,0.0133089805
1.5808728e-10,1.2964807e-17,0.005482895,0.014532957,1.5851205e-16,0.043339793
1.5134582e-10,1.330926e-14,0.004067078,0.03004966,1.1491234e-16,0.012702838
1.4587499e-10,5.556396e-15,0.0057272296,0.01371519,9.1122256e-17,0.03334048
1.396089e-10,9.743531000000001e-18,0.005108896,0.021309074,6.4562556e-16,0.018492471
1.3353406e-10,8.980382e-18,0.0030952378,0.034262374,7.213369600000002e-16,0.06429522
1.2869361e-10,6.932549e-15,0.0017706886,0.0061632064,5.2435183e-16,0.021566927
1.2695513e-10,7.437467e-18,0.0017658132,0.018283386,7.060199600000001e-16,0.030811097
1.2524481e-10,6.897550599999999e-18,0.0017609511,0.031482622,1.4040708e-15,0.026524665
1.2299142e-10,6.0098733e-18,0.0013375866,0.0095447,2.227328e-15,0.027958825
1.1977622e-10,5.654126499999999e-18,0.00075490493,0.019226877,2.0572217e-15,0.028007157
1.06806244e-10,5.168806399999999e-18,0.0011650542,0.025885038,2.104504e-15,0.029461164
1.00594644e-10,4.5870494e-18,0.011664437,0.016363999,2.1774657e-15,0.022340218
8.93648e-11,4.2062436e-15,0.0061037666,0.038798876,1.4461924e-15,0.037841484
8.527176e-11,3.3912747e-18,0.006086961,0.019137435,1.1385549e-15,0.010946933
8.140032e-11,3.0638398e-18,0.005183097,0.044247765,1.6577323e-15,0.074055105
7.751837e-11,6.295836e-15,0.0026965335,0.0051842034,8.523482e-16,0.026276706
7.500809e-11,5.1103264e-15,0.0015565385,0.02235853,6.475935e-16,0.019708417
7.229741e-11,1.9864052e-18,0.002335133,0.022802206,8.666554e-16,0.040313702
7.061261e-11,5.590063e-15,0.0016503729,0.01902334,5.663114e-16,0.022828469
6.972314e-11,3.3937042e-15,0.0016458291,0.023675473,4.734534e-16,0.02983983
6.380626e-11,1.3537368e-18,0.0008641871,0.017485498,7.917069e-16,0.008615369
6.3384124e-11,2.7868775e-14,0.0008618078,0.023943072,9.126988e-16,0.032851998
6.189406e-11,2.5183086e-13,0.00050887035,0.024370894,8.727366e-16,0.014767975
6.1110284e-11,9.620367e-19,0.00042959212,0.016553719,1.3168116e-15,0.049687624
5.961573e-11,7.973219e-16,0.0042111077,0.032532513,7.671676e-16,0.010922457
5.6998864e-11,3.4924594e-15,0.0028062519,0.008851804,5.712987400000002e-16,0.032507963
5.539425e-11,3.8894099e-16,0.0018980493,0.025604725,4.041552e-16,0.0068905265
5.303058e-11,5.97988e-19,0.0055217464,0.021537295,4.794171e-16,0.026790109
4.9854176e-11,1.5403698e-15,0.0027416053,0.013081564,3.5884366e-16,0.01298909
4.7520845e-11,3.4985387e-15,0.009350329,0.012511135,2.1562735e-16,0.01604989
4.407285e-11,4.5260475e-19,0.0058779344,0.026934182,1.7164469e-16,0.029314533
4.2134494e-11,7.632219e-16,0.005006835,0.019734943,1.8069919e-16,0.0059442655
3.9811453e-11,3.5443542e-19,0.0021264602,0.022583965,3.928217e-16,0.01171323
3.9166472e-11,3.1724747e-19,0.002120606,0.021844685,3.004357e-16,0.03807045
3.7973336e-11,2.3454467e-15,0.0022839112,0.012977165,2.3850973e-16,0.013766249
3.648166e-11,7.991476e-16,0.0010223393,0.015075295,2.0767034e-16,0.028959056
3.476175e-11,5.5403933e-16,0.0004866659,0.013929201,1.7620023000000002e-16,0.01758274
3.4632047e-11,2.1980797e-19,0.00048532602,0.028555663,1.4303893000000002e-16,0.038142715
3.3890196e-11,1.9149738e-19,0.006125585,0.018299077,2.2642874000000004e-16,0.010674513
3.234265e-11,1.0601678e-15,0.005500196,0.021537961,1.6207131e-16,0.030350352
3.100339e-11,1.5133685e-15,0.004695791,0.010531498,1.2373211e-16,0.010718282
2.9905065e-11,1.4262191e-19,0.004682862,0.022702398,1.4153297e-16,0.0196688
2.8848514e-11,6.669893e-16,0.00466997,0.016696969,1.075776e-16,0.016366936
2.7832046e-11,4.031897e-16,0.0046571125,0.019374305,1.0564012e-16,0.038708292
2.5520943e-11,1.04432367e-19,0.0011621304,0.027077653,1.3008622e-16,0.016372092
2.5294147e-11,9.2331697e-20,0.0011589308,0.008033068,2.3611433e-16,0.011573269
2.4800143e-11,8.6772306e-20,0.0007186614,0.003490488,3.3637807e-16,0.02489258
2.4309093e-11,1.1624058e-15,0.00041008528,0.007938434,2.1748773e-16,0.015586857
2.4232644e-11,5.619451e-16,0.00040895623,0.014827062,1.749797e-16,0.042910263
2.3508471e-11,5.519188e-16,0.0001805799,0.020493455,1.3147029000000002e-16,0.010659782
2.338241e-11,6.097113e-20,0.00014938276,0.030640211,1.4193374e-16,0.037536766
2.2115828e-11,5.2487072e-20,6.284012e-05,0.014617499,1.904347e-16,0.019124016
2.1499491e-11,6.4376214e-16,3.7707734e-05,0.022000948,1.3367832000000002e-16,0.038960457
2.1493266e-11,7.900602e-16,3.7603917e-05,0.023303961,9.148105e-17,0.010821649
2.0591974e-11,6.361941000000001e-17,3.298649e-05,0.01360716,7.348262000000001e-17,0.022455387
2.026748e-11,3.340721e-20,2.5826477e-05,0.026758619,5.737896000000001e-17,0.052229997
1.9729614e-11,2.9381604e-20,2.3205428e-05,0.023377085,6.371815e-17,0.017011192
1.9726097e-11,6.3336644e-17,2.3141536e-05,0.02070125,5.414629000000001e-17,0.036674008
1.9536782e-11,2.3447409999999998e-20,1.9970197e-05,0.030494625,1.2848706e-16,0.01877669
1.9533784e-11,2.0123996e-20,1.9915213e-05,0.016150273,9.993187e-17,0.031968996
1.9317492e-11,7.9448834e-13,1.8862323e-05,0.017337753,4.2604106e-16,0.016032733
1.8162217e-11,6.628523e-15,3.3761025e-05,0.019633554,3.009214e-16,0.038584214
1.8012536e-11,5.3658944e-15,2.7289894e-05,0.026933577,2.5692299000000005e-16,0.018458342
1.7508831e-11,1.2449155e-20,2.2603803e-05,0.009953441,5.663381400000001e-16,0.01842006
1.7505792e-11,7.589666e-16,2.2541564e-05,0.009682271,4.539644500000001e-16,0.023223566
1.6757871e-11,1.199352e-15,2.546328e-05,0.050137907,3.2148585000000003e-16,0.03814571
1.6289406e-11,8.127533e-21,2.4564422e-05,0.019538019,3.990181e-16,0.06229416
1.6183782e-11,7.33939e-21,2.1629085e-05,0.028904244,3.128834e-16,0.03335835
1.30930015e-11,3.705455e-15,0.00010095406,0.01292052,2.0351254e-16,0.01504068
1.3063622e-11,4.318375e-15,9.330548e-05,0.024760857,1.5230026e-16,0.032389592
1.26162865e-11,6.327331e-16,5.1691764e-05,0.011437714,1.3358209e-16,0.01801169
1.2186768e-11,4.63642e-21,3.847086e-05,0.026455881,5.175344e-16,0.014341376
1.0290096e-11,1.6206215e-15,9.524894e-05,0.018974943,3.835873e-16,0.048638266
9.769531e-12,5.3729216e-16,5.5400636e-05,0.02644359,2.7259177000000003e-16,0.011702914
9.765374e-12,3.5675427e-15,5.5248063e-05,0.014340878,1.9321716e-16,0.03411205
8.314293e-12,3.8568514e-15,0.00010074525,0.027251853,1.2738617e-16,0.008382158
8.079407e-12,1.5839302e-15,5.9853584e-05,0.009479083,1.2300602e-16,0.045414437
7.549256e-12,2.144386e-15,5.212104e-05,0.024430666,8.8578755e-17,0.019290583
7.308691e-12,5.160243300000002e-16,3.9285693e-05,0.014511484,6.5727944e-17,0.05040446
6.6569584e-12,2.8280637e-15,6.429576e-05,0.026770517,5.287558e-17,0.01908966
6.6536715e-12,1.5307554e-21,6.411866e-05,0.01017759,1.1182198e-16,0.03712566
6.19339e-12,2.5249707e-15,5.7151705e-05,0.027256796,8.331756000000001e-17,0.03652325
5.683618e-12,1.1795841e-21,7.0606424e-05,0.024379635,7.863709600000001e-17,0.033677015
5.6430563e-12,4.0119903e-16,5.8253165e-05,0.0473504,4.8135334e-17,0.031049943
5.5876467e-12,8.3070385e-14,4.668495e-05,0.0082637165,1.8688443e-16,0.01016739
5.537495e-12,7.494137e-22,3.8831156e-05,0.023780623,3.1796222000000004e-16,0.056348212
5.479537e-12,3.001847e-16,3.3470722e-05,0.03296323,2.2788469e-16,0.021363711
5.4781284e-12,5.606350400000001e-22,3.3378525e-05,0.017270166,3.2719874e-16,0.028794868
5.442285e-12,5.0653347000000005e-22,2.9804018e-05,0.051015623,3.1202563e-16,0.027272208
5.360761e-12,3.9151008e-22,2.7114642e-05,0.011226627,5.092831700000001e-16,0.043517984
5.2833393e-12,1.0702512e-15,2.5080551e-05,0.033911247,2.641974e-16,0.047851168
5.237975e-12,1.4749632e-15,2.2717206e-05,0.012546262,1.8749275e-16,0.015679045
5.182384e-12,2.752853e-22,2.1590411e-05,0.03474653,2.8835934000000004e-16,0.04168871
5.1815245e-12,3.7430476e-16,2.1530937e-05,0.010123974,2.2968463e-16,0.03600392
5.148031e-12,2.1532646e-22,1.9886507e-05,0.021219594,2.940144e-16,0.024302177
5.130985e-12,1.9401094e-22,1.8523362e-05,0.033675227,3.7079098e-16,0.037293173
5.0187337e-12,1.6587694e-22,1.9278703e-05,0.01252018,3.303207e-16,0.009599777
4.5680374e-12,1.5286453e-22,5.4447726e-05,0.027524425,2.9843824000000004e-16,0.03751605
4.5517934e-12,7.810935500000001e-16,4.808474e-05,0.014523533,2.2381932000000003e-16,0.017014898
4.493295e-12,1.240774e-22,3.597433e-05,0.01132246,1.9514657000000003e-16,0.009142325
4.492054e-12,5.877038e-16,3.587523e-05,0.013965279,1.513572e-16,0.022649199
4.4766708e-12,1.0707368e-22,3.2221633e-05,0.02279031,1.7626824e-16,0.025067974
4.4755627e-12,9.389955e-16,3.213287e-05,0.022055252,1.1510161000000002e-16,0.04569097
4.4744586e-12,9.287013e-16,3.204435e-05,0.01388859,8.552285e-17,0.012215356
4.245598e-12,8.122915000000001e-23,4.1115964e-05,0.017060747,9.1738254e-17,0.03436966
4.159355e-12,7.676045e-23,3.274527e-05,0.012855999,1.224244e-16,0.01642526
4.132158e-12,1.042982e-16,2.8360488e-05,0.025966363,9.133008e-17,0.038763534
3.9469556e-12,6.684940499999999e-23,3.644103e-05,0.018940601,7.0014804e-17,0.010413419
3.7862855e-12,6.245515000000001e-23,3.645619e-05,0.045048703,1.1953586000000002e-16,0.042314038
3.7733037e-12,9.685398e-16,3.2849497e-05,0.010789504,8.941942e-17,0.012400257
3.7251573e-12,1.0921201e-15,2.7187963e-05,0.014877622,6.9251356e-17,0.024988784
3.6039173e-12,8.8720523e-16,2.9070323e-05,0.01545582,5.3151493e-17,0.008471183
3.4873241e-12,5.5938755000000005e-16,2.9807976e-05,0.03978638,5.1400047e-17,0.058340885
3.3645007e-12,3.87824e-16,3.1517055e-05,0.0147348475,3.572066e-17,0.033709064
3.0037934e-12,6.042696e-16,6.794188e-05,0.03563404,2.267198e-17,0.017244222
2.7688641e-12,5.822407e-16,5.429765e-05,0.0060778023,1.39049e-17,0.057164434
2.5929632e-12,2.5473036e-23,4.3412394e-05,0.010693849,2.6715935e-17,0.010513989
2.5839452e-12,2.4487861e-23,3.8507147e-05,0.033453055,5.2537394e-17,0.067265145
2.5669501e-12,3.5353763e-16,3.2124728e-05,0.008833773,4.541928000000001e-17,0.025000269
2.558228e-12,4.7632045e-16,2.8688459e-05,0.010357337,3.7849796e-17,0.008337252
2.4714137e-12,3.2511803e-16,2.3378316e-05,0.01757134,3.514247e-17,0.027819594
2.455408e-12,2.494702e-16,1.975028e-05,0.012560283,2.875828e-17,0.0076559596
2.44728e-12,2.8640217000000003e-16,1.7700173e-05,0.008543745,2.3450385e-17,0.008482928
2.3269928e-12,1.6362761e-23,1.8869354e-05,0.005354839,2.2096213e-17,0.014332062
2.3074346e-12,1.2450511000000002e-16,1.5459942e-05,0.0038899998,1.8172849000000002e-17,0.012529753
2.254989e-12,9.170514e-17,1.2892001e-05,0.0015458801,1.4553563e-17,0.015893474
2.247634e-12,1.4897252e-23,1.1650632e-05,0.0011481749,4.3419365e-17,0.0073290505
2.2403227e-12,3.5909027000000003e-16,1.06509e-05,0.004967405,2.7124076e-17,0.021482818
2.2401395e-12,7.6067046e-17,1.06215475e-05,0.005192908,2.818652e-17,0.008659321
2.2399567e-12,1.328818e-23,1.0592276e-05,0.0031424575,3.1071028e-17,0.010665704
2.2397746e-12,1.2752677e-23,1.0563086e-05,0.0030334727,4.0508762e-17,0.02636267
2.0477049e-12,1.22587786e-23,1.5962518e-05,0.0018231787,3.229036e-17,0.0058383974
1.9873727e-12,2.442664e-16,1.1210313e-05,0.0050914874,2.4379802e-17,0.007950331
1.9872016e-12,3.60936e-14,1.1179416e-05,0.002222958,2.7996993e-17,0.007958141
1.9694728e-12,1.0930872e-23,8.734843e-06,0.0027195446,2.5234468e-17,0.006810909
1.9504385e-12,1.9807037e-16,6.698384e-06,0.0013063969,2.5377040000000002e-17,0.007010281
1.8337495e-12,3.3574912000000004e-16,6.222278e-06,0.0022129845,2.4086714e-17,0.008599546
1.833662e-12,2.6062036e-16,6.2051286e-06,0.0017746176,2.4372794e-17,0.010273504
1.8335745e-12,9.3089926e-24,6.188026e-06,0.0023022743,3.2131073e-17,0.02282634
1.7880216e-12,8.849596999999999e-24,4.552383e-06,0.0041494984,3.494958e-17,0.011268434
1.7822953e-12,9.481865e-17,4.0773266e-06,0.0011656241,3.6806086e-17,0.006629471
1.7273285e-12,2.4577722000000003e-16,3.2690205e-06,0.00112201,3.263106e-17,0.004810171
1.7272851e-12,2.9048804e-16,3.26001e-06,0.00056358095,2.7418316e-17,0.002553325
1.7272418e-12,7.624522e-24,3.2510245e-06,0.0020509956,3.5182463000000003e-17,0.0014955983
1.7055111e-12,2.7191597e-16,2.2859765e-06,0.00053024816,2.8251017e-17,0.0009895712
1.6478484e-12,7.199474e-24,1.6847674e-06,0.0006669825,3.4412255e-17,0.0006797633
1.6478271e-12,1.285174e-14,1.6801235e-06,0.0013294856,5.227403000000001e-17,0.001031067
1.6478058e-12,2.0963311e-16,1.6754926e-06,0.0006852032,3.9475924e-17,0.0011617263
1.6425622e-12,6.646960000000001e-24,1.4658889e-06,0.0011197117,4.7014438e-17,0.0012139848
1.5870342e-12,1.0133884e-14,9.578923e-07,0.0003386584,3.6584478e-17,0.00070916145
1.5870226e-12,5.1057892e-17,9.55252e-07,0.00041297235,3.9041323e-17,0.0006104299
1.5819805e-12,2.0294122000000003e-16,8.349797e-07,0.0008166139,3.0671660000000004e-17,0.0012469954
1.4665733e-12,5.9251575e-24,6.58895e-07,0.00079630094,3.9498778e-17,0.0007410636
1.3328846e-12,5.793234e-24,6.2018063e-07,0.0006099491,4.3774352e-17,0.00040824423
1.2114088e-12,5.6544102e-24,5.076646e-07,0.00077132136,4.2966772e-17,0.000513247
1.0711066e-12,3.9831648e-16,4.2590193e-07,0.0002542244,1.7293094e-17,0.0004107967
1.0711031e-12,1.5471183e-15,4.247277e-07,0.00024251798,3.5224927e-17,0.00019304924
1.0710996e-12,2.4132541e-17,4.2355668e-07,0.000116916905,3.518762e-17,7.991623e-05
1.0710961e-12,2.3498573000000003e-16,4.2238892e-07,3.5803467e-05,3.0345852e-17,3.870284e-05
1.0609704e-12,2.4855382e-16,3.0455652e-07,1.1744599e-05,2.5592915e-17,2.6112675e-05
1.0609679e-12,2.3904422e-13,3.0371683e-07,4.3448813e-06,4.4525203e-17,3.6789654e-05
1.0035214e-12,7.444008e-14,4.4326498e-07,2.4461724e-06,2.2916828e-16,3.061165e-05
9.798429e-13,4.6851108e-24,3.5937526e-07,1.4306767e-06,4.896703e-16,3.584012e-05
9.72411e-13,1.7883476e-15,3.0232792e-07,7.678058e-07,3.8452048000000005e-16,3.2549506e-05
9.632189e-13,4.6428853e-15,2.4610358e-07,4.593897e-07,2.387813e-16,3.8079976e-05
9.601636e-13,2.96376e-15,2.1998105e-07,4.2693608e-07,2.8607585e-16,3.4749537e-05
9.60162e-13,1.203134e-16,2.193745e-07,7.8204226e-07,3.3306225e-16,2.8176377e-05
9.421819e-13,2.7003796e-20,1.6749381e-07,5.94466e-07,4.16131e-16,2.4692377e-05
9.421807e-13,1.2913463e-15,1.6703198e-07,6.573483e-07,3.448841e-16,3.4386398e-05
9.421795e-13,5.100202e-20,1.6657144e-07,6.1675723e-07,4.3404692e-16,2.98567e-05
9.303432e-13,6.468454999999999e-20,1.2364173e-07,6.074875e-07,3.911536e-16,2.6779877e-05
9.303423e-13,3.24443e-16,1.2330081e-07,3.411495e-07,3.6298033e-16,2.3098e-05
9.303414e-13,2.2438381e-13,1.2296083e-07,1.5840328e-07,3.2444176000000003e-16,2.4896526e-05
9.244604e-13,1.6320245e-14,1.0224959e-07,1.6954736e-07,3.5133913e-16,2.4228637e-05
9.244597e-13,1.4649626e-19,1.0196766e-07,5.8545627e-08,3.8482557e-16,1.7960769e-05
9.24459e-13,1.7093674e-19,1.016865e-07,3.177026e-08,4.3212034000000005e-16,2.468963e-05
9.244582e-13,1.9638333e-19,1.0140612e-07,1.5739165e-08,6.219273e-16,2.5891217e-05
9.244576e-13,2.182873e-19,1.0112652e-07,1.5533384e-08,6.019671e-16,1.8443494e-05
9.244568e-13,2.1999383e-15,1.0084768e-07,3.0756077e-08,4.535397e-16,3.1066404e-05
9.0432376e-13,2.748321e-19,5.2790472e-08,3.5720575e-08,3.3289178000000005e-16,3.1606385e-05
8.316364e-13,2.9696627e-19,2.7299135e-08,5.444318e-08,4.1745121e-16,2.9618164e-05
6.9197117e-13,3.1140972e-19,4.467239e-08,4.7878725e-08,5.773381300000002e-16,2.029711e-05
6.831715e-13,3.2048402e-19,3.0178462e-08,4.7890786e-08,5.2362873e-16,1.601553e-05
6.8317135e-13,3.2637892e-19,3.0095237e-08,4.9962225e-08,4.909274e-16,1.3230763e-05
6.7885324e-13,3.3342397e-19,2.375169e-08,8.61813e-08,3.266489e-16,2.4420335e-05
6.579305e-13,1.5044815e-15,1.6236998e-08,8.188297e-08,2.939093e-16,3.257449e-05
6.579304e-13,3.494447e-19,1.6192217e-08,3.624791e-08,4.0774467e-16,1.9181172e-05
6.396223e-13,1.950477e-15,1.316433e-08,1.3660407e-08,4.3038612e-16,2.1072223e-05
6.3962225e-13,1.9694475e-15,1.3128023e-08,3.2901738e-08,3.6361568e-16,2.7221635e-05
6.2764534e-13,2.05953e-15,1.1399273e-08,3.5049418e-08,2.9475346000000003e-16,2.5446494e-05
6.19761e-13,2.6706468e-15,9.580524e-09,3.4028158e-08,2.839855e-16,2.5883897e-05
6.19761e-13,2.4900028e-15,9.5541e-09,4.6028614e-08,2.6842336e-16,2.9927647e-05
5.9881386e-13,2.431834e-15,1.3802811e-08,1.8389477e-08,2.471912e-16,1.9895206e-05
5.988138e-13,1.5607427e-15,1.3764742e-08,3.9066343e-08,2.7812584e-16,2.0424086e-05
5.988137e-13,1.468039e-15,1.3726778e-08,3.398639e-08,2.850056e-16,1.8088218e-05
5.87601e-13,1.762437e-15,1.1483327e-08,1.7874838e-08,2.4448166000000003e-16,1.8242967e-05
5.8573806e-13,3.6647063e-19,1.0455209e-08,9.658943e-09,3.2370722000000005e-16,1.1435034e-05
5.85738e-13,3.6892700000000003e-19,1.0426373e-08,8.980927e-09,3.1305867000000005e-16,1.9000434e-05
5.607002e-13,4.644736400000002e-16,1.4328732e-08,3.632654e-08,2.7210084e-16,2.0911693e-05
5.5722793e-13,3.728067e-19,1.2606514e-08,1.718622e-08,2.9902113e-16,1.5221979e-05
5.4172205e-13,3.8031973e-19,1.4893586e-08,5.0620724e-08,3.1436156e-16,2.424728e-05
5.4172194e-13,3.8993514e-19,1.4852505e-08,4.845659e-08,3.4785338e-16,2.5894298e-05
5.417219e-13,1.6373745e-15,1.4811538e-08,3.8201e-08,2.3176015e-16,2.2886885e-05
5.4172183e-13,2.1294753e-15,1.47706825e-08,2.5366347e-08,2.2671618e-16,1.644641e-05
5.417218e-13,4.8161894e-14,1.4729941e-08,1.5136221e-08,2.745859e-16,1.585431e-05
5.2828076e-13,6.029655e-14,1.8977257e-08,1.5250155e-08,1.2612956000000001e-22,2.4737374e-05
5.151732e-13,8.531165500000002e-16,2.3329033e-08,2.1158371e-08,2.3227925000000004e-16,1.7831073e-05
5.1517314e-13,1.3287204e-15,2.3264683e-08,5.065831e-08,1.9164915e-16,2.5170879e-05
5.103042e-13,1.2061501e-15,2.6599913e-08,8.511002e-08,1.7365805000000003e-16,2.8829587e-05
5.026031e-13,1.0364437e-15,3.815328e-08,1.3530759e-07,1.669121e-16,3.428402e-05
4.9542017e-13,1.0277264e-15,4.3279357e-08,2.2799233e-07,1.5693441e-16,4.3985918e-05
4.949453e-13,2.380618e-16,4.2708674e-08,5.25129e-07,1.6850001e-16,3.2889828e-05
4.938482e-13,1.0070062e-14,4.3721116e-08,3.254535e-07,2.3617221e-16,1.9881767e-05
4.8918074e-13,8.177631e-19,5.761172e-08,4.4764028e-07,2.7556348e-16,1.92536e-05
4.837214e-13,3.5284192000000003e-16,7.2594304e-08,9.262308e-07,1.8317147e-16,4.3083022e-05
4.75479e-13,8.717485e-16,9.225026e-08,1.1860521e-06,1.687881e-16,4.541076e-05
4.7547865e-13,8.385177e-16,9.199578e-08,2.1681462e-06,1.4275828000000002e-16,4.2989806e-05
4.754783e-13,6.2367814e-16,9.1742e-08,3.4140849e-06,1.4280765e-16,4.472433e-05
4.651232e-13,5.375936500000002e-16,2.1073372e-07,9.078046e-06,1.1534626e-16,5.794452e-05
4.279633e-13,2.1150506e-14,9.543786e-07,1.5298376e-05,1.2835896000000002e-16,6.103753e-05
3.7875478e-13,3.1037802000000004e-16,1.8557681e-06,3.6500413e-05,8.026793000000001e-17,8.810162e-05
3.627781e-13,1.814334e-14,1.4160905e-06,6.5976434e-05,8.4452295e-17,7.283476e-05
3.4673062e-13,1.0778667e-18,1.4019262e-06,0.0003311763,1.0290111999999999e-16,8.185526e-05
3.2164256e-13,1.0802394999999998e-18,2.3432588e-06,0.0047728783,8.399876000000001e-17,0.00047126456
3.0800053e-13,1.0536455e-18,2.3392595e-06,0.0037683048,1.4300453e-16,0.00067597226
3.003548e-13,4.868987e-14,2.1999222e-06,0.0023766707,2.0377952e-16,0.0004412469
3.0034972e-13,9.211916e-16,2.193851e-06,0.0024769555,1.6206796e-16,0.00043249497
2.9844698e-13,6.441977e-16,2.1053734e-06,0.002352251,1.4209671e-16,0.0008800909
2.9734903e-13,1.2472395e-15,2.0279133e-06,0.0067710653,1.0609772e-16,0.0016937209
2.9375525e-13,1.2989699e-15,2.2059924e-06,0.01007874,6.722868e-17,0.0010249256
2.7373053e-13,8.001398699999999e-19,6.548021e-06,0.017681558,1.9209688e-16,0.0032616595
2.7113218e-13,4.848926e-16,5.375448e-06,0.02189777,1.4380927000000002e-16,0.0066184616
2.702623e-13,6.628065e-19,4.998796e-06,0.028694805,1.3153932e-16,0.0142420335
2.6532587e-13,5.0627278e-15,5.790757e-06,0.011072558,1.8713562e-16,0.0062099374
2.5860715e-13,5.427875e-19,7.672971e-06,0.044816162,1.954318e-16,0.027342493
2.5403594e-13,4.555732e-16,7.822215e-06,0.020390952,1.0988475e-16,0.0134392055
2.459261e-13,5.1822513e-16,1.242942e-05,0.048810128,7.673316e-17,0.106179625
2.4435136e-13,2.918711e-19,1.1816504e-05,0.009711042,1.0138007e-16,0.05364268
2.3535595e-13,3.878002e-17,2.0083859e-05,0.03213461,7.485347e-17,0.042919125
2.2461959e-13,3.562545e-16,2.794646e-05,0.011315904,4.3083894e-17,0.018709581
2.1436535e-13,2.0883609e-19,3.4353703e-05,0.06275636,4.4568382e-17,0.07440391
2.0519557e-13,1.147031e-16,3.6226364e-05,0.025231494,3.0022146e-17,0.03270186
1.9174958e-13,1.461898e-16,5.581629e-05,0.036847718,1.9586702e-17,0.017756155
1.8986971e-13,1.04315605e-19,4.6563946e-05,0.01032601,2.5323878e-17,0.11253246
1.8861072e-13,9.5294774e-20,4.151999e-05,0.04506864,7.834275e-17,0.07657398
1.7898512e-13,7.440017e-20,7.233905e-05,0.012178166,9.931681e-17,0.0668712
1.50679e-13,6.727026e-20,0.0002373618,0.100308634,7.651631000000001e-17,0.025256174
1.361892e-13,3.8324767e-20,0.00022303402,0.038788956,7.72761e-17,0.043636348
1.2792558e-13,2.069278e-16,0.00023213707,0.016676832,4.795845e-17,0.05363817
1.2536513e-13,4.0317675e-16,0.0002583684,0.042774636,2.8989908e-17,0.035962865
1.1874816e-13,2.5209487000000003e-16,0.0070674075,0.0074830973,2.2340188e-17,0.029525362
1.0808597e-13,1.7931389e-20,0.0025221983,0.103160225,3.6385303000000003e-17,0.0628358
9.477349e-14,9.706642999999999e-21,0.051981684,0.059550237,1.7178978e-17,0.0466756
6.660954e-14,1.483598e-16,0.02201447,0.023165442,7.555344e-18,0.0991026
5.742545e-14,6.105346e-21,0.013772025,0.03458835,6.2829992e-18,0.03305595
5.2104578e-14,5.0581174e-21,0.009183517,0.010576824,1.9650051e-17,0.043672998
4.8280763e-14,5.68236e-17,0.003951579,0.0836561,8.379404e-18,0.123256154
4.6358198e-14,1.08331524e-16,0.002166163,0.024691466,7.132068e-18,0.06314644
4.5570176e-14,6.400155000000001e-17,0.0020559884,0.02644587,4.607772e-18,0.0190435
4.4856178e-14,2.0050418e-21,0.002050311,0.026445504,7.429895e-18,0.070008755
4.2781618e-14,1.7184532000000002e-21,0.0037316093,0.045735303,1.3514107000000001e-17,0.06322169
4.157279e-14,1.3331154e-21,0.0037213052,0.0071532964,1.4431372e-17,0.027057039
4.0401317e-14,7.5085606e-17,0.0037110297,0.022458922,1.0205347000000001e-17,0.025253868
3.890993e-14,3.669106000000001e-17,0.00589646,0.027164793,6.584771299999999e-18,0.06307495
3.62415e-14,8.928276e-22,0.004012789,0.019102555,1.5469526e-17,0.028360687
3.511031e-14,8.0073890000000015e-22,0.0034207476,0.050363276,1.175455e-17,0.09414781
3.4199802e-14,6.0527023000000005e-22,0.003411302,0.03151695,1.6479954e-17,0.06058799
3.3274378e-14,4.972799999999999e-22,0.0034040888,0.051972054,1.3554569e-17,0.012032971
3.1781357e-14,1.8339352e-17,0.0020444095,0.023768123,8.935818e-18,0.07864858
3.057097e-14,1.5323686e-17,0.008011287,0.04338974,7.18289e-18,0.047287807
2.8746496e-14,3.1293145e-15,0.007989166,0.008598889,1.4618677e-17,0.017275095
2.7072494e-14,2.3384059e-22,0.006804787,0.030445889,2.4936369e-17,0.076406434
2.5699896e-14,1.9912996000000005e-22,0.0051723206,0.038854938,1.5708939e-17,0.023222752
2.4693235e-14,1.6215085e-22,0.0049667032,0.022133145,1.3858541e-17,0.098105
2.3653024e-14,1.4398779000000002e-22,0.0034462472,0.03957861,1.6796248e-17,0.090586156
2.3035124e-14,1.1761699e-22,0.0034367316,0.006765374,2.1104087e-17,0.08657203
2.2435006e-14,1.0789141000000002e-22,0.0034272424,0.03261508,1.6889625e-17,0.06400484
2.1536607e-14,9.026477e-23,0.0017903465,0.02525444,2.3346920000000006e-17,0.09448677
2.083033e-14,7.933668000000001e-23,0.0030318638,0.022468157,1.4732982e-17,0.04144874
2.0009549e-14,7.058517e-23,0.0015336649,0.027095854,1.6973809e-17,0.047113873
1.9298641e-14,1.1869550000000003e-17,0.0022545094,0.019454988,9.583222e-18,0.01916982
1.8628723e-14,5.4918906e-23,0.0011097308,0.04675364,7.560258e-18,0.034702204
1.6565703e-14,4.3300802e-23,0.00069029577,0.017330348,5.323193e-18,0.019806456
1.5499683e-14,3.4858533e-17,0.0020227213,0.029992383,3.3792506e-18,0.039467454
1.5076712e-14,2.7071936e-17,0.0017699661,0.008557675,2.4344953e-18,0.025282491
1.4873128e-14,4.561271e-17,0.0017650794,0.0120101515,1.6485349e-18,0.03435381
1.4641073e-14,4.8594638e-17,0.0015314791,0.029364688,1.225185e-18,0.014862913
1.4436597e-14,2.0886307e-17,0.0021560786,0.010668394,1.1005938e-18,0.07804012
1.2439661e-14,1.3803702e-17,0.0090103615,0.023533426,8.010135299999999e-19,0.023122292
1.0827145e-14,2.6297625e-17,0.0017704124,0.029652048,5.7029657e-19,0.025942372
9.667825e-15,6.692086799999999e-18,0.0010422197,0.012510703,4.1726136e-19,0.049075454
8.694719e-15,1.0009530000000001e-17,0.011351631,0.018045919,3.0836572e-19,0.02474674
7.964764e-15,1.2447614e-23,0.005120635,0.023691341,7.536283999999999e-19,0.03238893
7.464827e-15,1.2860326e-17,0.012597254,0.02166714,5.096810999999999e-19,0.015221015
6.7763737e-15,6.302515e-18,0.01256248,0.01890512,4.443429e-19,0.03628151
6.153058e-15,5.0716565e-18,0.012527802,0.020509448,3.1034547e-19,0.0143662775
5.433739e-15,1.5662605e-17,0.003130949,0.017709263,2.0446835e-19,0.026573915
5.2972564e-15,5.6150046e-18,0.0027531786,0.018301364,1.8418608e-19,0.012924183
5.18641e-15,6.5242986e-24,0.0027455788,0.010658201,6.594919699999999e-19,0.022563048
5.0595476e-15,6.0349528e-24,0.002075473,0.015577208,1.4831811999999998e-18,0.016811535
4.933003e-15,5.5267347e-24,0.0013007188,0.030141484,1.3397143e-18,0.039183423
4.7496403e-15,5.315686e-18,0.0006310884,0.017407695,9.7664e-19,0.021787984
4.713387e-15,4.877768e-18,0.00058496324,0.023911972,6.8531433e-19,0.02764745
4.6652525e-15,1.2426732e-17,0.0026531497,0.020041825,4.7124273e-19,0.02153807
4.4791805e-15,4.6502166e-19,0.0037365665,0.0179892,3.9053045e-19,0.026519338
4.3083835e-15,3.0520877000000003e-24,0.00213582,0.022133408,1.9136536e-18,0.024132326
4.0608255e-15,2.6822375e-17,0.004900574,0.020908682,2.390492e-18,0.030663842
3.898428e-15,9.698768e-18,0.0033579087,0.031484142,1.7252984e-18,0.018517561
3.7145584e-15,5.670108000000001e-23,0.0024290115,0.010484018,3.0009873000000003e-18,0.032467004
3.6393795e-15,4.0598587e-18,0.0020913328,0.012652876,1.9331734e-18,0.010917058
3.4999204e-15,1.5609143e-17,0.0049054,0.02542655,1.2387464999999998e-18,0.041800763
3.3705019e-15,2.197807e-18,0.00489186,0.02030035,1.3590188e-18,0.011424444
2.95998e-15,7.858508e-23,0.026269887,0.020750022,1.766778e-18,0.033838157
2.4904467e-15,7.471356e-23,0.011056077,0.020035842,1.2231587e-18,0.015432965
2.2876837e-15,1.14213625e-17,0.011025561,0.05932572,7.787558999999999e-19,0.08057596
2.107908e-15,5.8110435e-23,0.005824056,0.012772922,7.866224e-19,0.028552366
1.9480964e-15,5.657964e-23,0.0021156252,0.018081712,1.771748e-18,0.02747455
1.6318026e-15,9.405623e-18,0.03021066,0.011035395,1.2096178e-18,0.013458112
1.3049922e-15,5.083013000000001e-23,0.009390893,0.03137761,1.1718686e-18,0.037668888
1.2119186e-15,4.4840684e-23,0.004650433,0.013221619,2.598909e-18,0.03499384
1.0645089e-15,4.2392517e-23,0.005168307,0.014183683,1.7568173e-18,0.030369423
9.6134e-16,4.0180993e-23,0.0012388659,0.03746978,1.683768e-18,0.01775994
9.231878e-16,1.01346645e-16,0.00060872675,0.008115844,1.7119306e-18,0.012675173
8.946722e-16,3.2114767e-23,0.0007637156,0.011688611,1.5949282e-18,0.0394135
8.870064e-16,6.78596e-18,0.0014797174,0.023916297,1.2663891e-18,0.01934877
8.507908e-16,1.096056e-18,0.002916739,0.01772227,1.1360416e-18,0.03820897
7.691948e-16,2.4093527e-23,0.00081560196,0.020082338,1.2666296e-18,0.01403114
6.6069645e-16,2.2034242e-23,0.0011302872,0.021453796,1.9266054e-18,0.03750421
5.732185e-16,1.9931776e-23,0.012333283,0.02356912,1.4982425e-18,0.021254173
5.247516e-16,1.7900863e-23,0.008006107,0.015446852,1.286349e-18,0.03823231
4.923877e-16,1.6519711e-23,0.005436245,0.038067378,7.388775999999999e-19,0.008033293
4.500503e-16,6.384144399999999e-18,0.0014213941,0.0058147013,7.965703e-19,0.010236462
4.4516346e-16,4.498318e-18,0.001417471,0.0050476594,7.513033299999999e-19,0.020378914
4.3816297000000006e-16,1.2144786e-23,0.0011625576,0.018963521,7.187792999999999e-19,0.016004793
3.8493325e-16,1.103939e-23,0.039213452,0.027223349,1.1475922e-18,0.04134692
2.993243e-16,9.640118e-24,0.024478758,0.017519047,9.311675e-19,0.018456036
2.5386229000000003e-16,8.811166e-24,0.015840417,0.027502026,1.0501500000000001e-18,0.03269062
2.2718977000000004e-16,1.7973345999999998e-18,0.008853964,0.019339854,7.133317999999999e-19,0.01172946
2.1225278e-16,2.5829281e-18,0.008829527,0.015582294,6.527419e-19,0.023371074
1.9625736e-16,6.2813523e-24,0.00350277,0.022811888,4.3207903e-19,0.018396785
1.8485957e-16,5.6424775000000006e-24,0.0025701402,0.019430462,5.353482999999999e-19,0.020574637
1.7635743e-16,5.107648e-24,0.0013823273,0.025707487,5.807817e-19,0.015623016
1.7218422e-16,4.4696224000000005e-24,0.0057507562,0.03093156,5.769085e-19,0.0731961
1.628301e-16,3.813174e-24,0.004818332,0.017476665,6.509910999999999e-19,0.01877753
1.5665153e-16,3.457252e-24,0.0036566749,0.04243681,5.1132836e-19,0.035687726
1.5158822e-16,2.8214847e-24,0.0028246588,0.005988641,6.039002e-19,0.017188413
1.4810294000000002e-16,2.6082379999999998e-24,0.0024182396,0.028505787,6.5088604e-19,0.052261736
1.4334855000000002e-16,2.2368973e-24,0.0019565201,0.036189567,5.059755e-19,0.013277351
1.412104e-16,1.8602644e-24,0.00195112,0.013258019,5.4911584e-19,0.06642424
1.3428784e-16,8.879705e-19,0.0021450794,0.021304403,3.31733e-19,0.0287005
1.3158989e-16,1.5218976e-24,0.0016798789,0.029677834,3.6305515e-19,0.01753263
1.2990287e-16,2.6284799e-17,0.0016752422,0.017668173,3.506116e-19,0.039463226
1.2626467e-16,1.1952567e-24,0.00090124767,0.019054096,4.915360999999999e-19,0.017935112
1.2506044e-16,1.0799587e-24,0.00077381806,0.031563364,5.003479e-19,0.03976524
1.2145576e-16,9.225061e-25,0.00044084125,0.01128261,3.9478242e-19,0.030537667
1.1852367e-16,3.6654449e-19,0.00052894914,0.031185245,2.6239162e-19,0.024360806
1.1560642e-16,3.912725e-19,0.00801091,0.017937858,2.0641038e-19,0.014814766
1.0885744e-16,6.1795345e-19,0.00711793,0.014265324,1.76398e-19,0.01878647
1.031325e-16,3.7550389e-19,0.0055074454,0.01985802,1.3982899e-19,0.02382728
9.667759e-17,1.5448527e-16,0.00443404,0.014941538,1.04231265e-19,0.014614595
9.2506453e-17,9.428123e-19,0.0023505783,0.032746457,7.3992223e-20,0.04063712
9.0684783e-17,9.432177e-19,0.0020176326,0.011857926,6.271393e-20,0.010731999
8.314252000000001e-17,1.0361515e-18,0.0049511828,0.019783597,4.9087757e-20,0.02923047
7.3620147e-17,9.17847e-19,0.0010456679,0.019898348,3.4154446e-20,0.008130976
6.838557000000001e-17,3.5891672e-19,0.00048090413,0.02110204,3.278258e-20,0.032068945
6.813343000000001e-17,2.7542535e-19,0.00047957656,0.019625176,2.6039062e-20,0.013605113
6.212339e-17,2.2666971e-25,0.029415721,0.044205282,3.135997e-20,0.06251801
5.161117000000001e-17,1.8153277e-25,0.014549515,0.0071786456,2.79854e-20,0.025385933
4.6572585e-17,6.455466399999999e-19,0.009935269,0.012743417,1.9103667e-20,0.021013465
4.3150707e-17,1.5319419e-25,0.009907841,0.03165836,1.9327988e-20,0.035616603
3.9520427e-17,1.2948517e-25,0.0034519455,0.015556265,3.0309937e-20,0.024874961
3.7638442e-17,1.1811702e-25,0.0014647923,0.033042695,8.8022144e-20,0.049762804
3.610437000000001e-17,9.994594e-26,0.0008995988,0.023815734,9.094875e-20,0.019375848
3.5703120000000005e-17,1.49474e-22,0.0020030043,0.024408272,1.1069468e-19,0.04265582
3.3630652e-17,3.0629962000000003e-22,0.0037616668,0.029919654,1.8363845e-19,0.04611243
3.1724812e-17,3.731552e-22,0.0013644368,0.009936329,1.3055495999999998e-19,0.024488468
3.1152423000000003e-17,4.3583144e-22,0.0009724562,0.021694869,1.1765799e-19,0.026839126
2.9778598e-17,4.478371e-22,0.0020427788,0.019651415,9.8353746e-20,0.024087517
2.9187568000000004e-17,4.518544e-22,0.0015485487,0.015111638,1.0969719e-19,0.020377364
2.7824443e-17,4.634245e-22,0.00064081105,0.041898765,1.53297e-19,0.03292549
2.6639105e-17,3.9155418e-22,0.00052300526,0.017708179,1.1593212e-19,0.016002353
2.5672462e-17,3.663551300000001e-22,0.0044499654,0.046338744,1.0190913e-19,0.063068576
2.4716946e-17,2.9791508000000005e-22,0.0031294296,0.0069992105,7.0018583e-20,0.014637288
2.40503e-17,1.3674396999999998e-19,0.0043765972,0.020527001,5.664719e-20,0.03826799
2.3120668e-17,2.540917e-22,0.0037467515,0.025884131,4.8032242e-20,0.033164393
2.1870583e-17,3.0362979999999995e-19,0.0014938758,0.0088212555,3.059884e-20,0.01969506
2.0026253e-17,2.0943714000000005e-22,0.0025548043,0.019615859,3.7080226e-20,0.036134113
1.9152067e-17,1.9121186e-22,0.0028408102,0.027074292,5.3094675e-20,0.022291228
1.8499628e-17,4.9388247e-20,0.0015282594,0.017310461,3.3754517e-20,0.039600547
1.6620623e-17,9.766256e-21,0.0006439846,0.033068452,3.1779804e-20,0.019877395
1.6184078e-17,1.3023581000000002e-22,0.00064927194,0.010022381,3.39739e-20,0.06702738
1.5085883e-17,1.9371234e-18,0.023474026,0.034494136,6.735386e-20,0.030026263
1.2851167e-17,3.8283602e-19,0.016987085,0.020279396,4.1493902999999997e-20,0.019404382
1.1430732e-17,2.4775264e-19,0.010619894,0.039644897,3.5326005e-20,0.049565177
1.0370544e-17,1.5331328e-18,0.008647055,0.006847439,2.6559847e-20,0.01267341
9.719259e-18,6.498518e-23,0.0075974097,0.033337794,2.9964763e-20,0.060324464
9.148011e-18,1.4681304e-20,0.0075228964,0.016855335,2.220033e-20,0.018604118
8.634388e-18,5.0746693e-23,0.00750212,0.022525197,1.820314e-20,0.020600334
7.667241e-18,4.5568420000000004e-23,0.0015474635,0.017545326,2.9022314e-20,0.02841189
6.695687e-18,4.1801178e-23,0.00052040577,0.012326979,3.7542245e-20,0.014930058
6.5760615e-18,4.6289318e-17,0.00035233598,0.01358371,1.2447844e-19,0.027319843
6.3131400000000004e-18,3.5505326e-23,0.0005504718,0.026761077,1.5674699e-19,0.009543736
6.268544e-18,1.0617783e-18,0.0011086977,0.010161001,1.3805868e-19,0.026219243
6.059186e-18,2.9218824e-23,0.0019049008,0.00898904,2.5863081e-19,0.009681454
5.7664663e-18,2.7273925e-23,0.00070683367,0.01194082,4.0707373e-19,0.021131774
5.7029128e-18,6.5139465e-19,0.00054419163,0.018014219,2.6492113e-19,0.008143856
5.6791247e-18,2.2897349e-23,0.0005426884,0.009950983,2.7952939999999995e-19,0.016968744
5.6059986e-18,4.05293e-19,0.0004027911,0.017088005,1.9419555e-19,0.023130368
5.588681e-18,9.624409e-19,0.00040167847,0.018488048,1.7145338e-19,0.012090711
5.571465e-18,6.535466e-19,0.00040056894,0.016680747,1.7344118e-19,0.028125267
5.554349e-18,1.5748226e-23,0.00039946244,0.015259745,1.7001152999999998e-19,0.00892756
5.5373327e-18,1.4498848e-23,0.000398359,0.012653855,1.3906191e-19,0.019840067
5.504167e-18,1.3386539e-23,0.0003652011,0.024972308,1.9316609e-19,0.020417662
5.1366113e-18,1.1951519600000001e-23,0.00666587,0.0066573787,2.5236066e-19,0.008688232
4.8124177e-18,4.0009822e-19,0.0028946006,0.00605313,1.8178656e-19,0.015719023
4.7066014e-18,2.5229035e-20,0.0028866045,0.0046870536,1.5967548e-19,0.015413628
4.596363e-18,9.806625e-24,0.0024776482,0.005685765,1.8498575e-19,0.022097778
4.2024493e-18,9.248010000000001e-24,0.006558333,0.0022163815,2.8049925e-19,0.009281905
3.6208334e-18,8.7973705e-24,0.0014435535,0.0024026483,3.1890398e-19,0.016985325
3.5140117e-18,8.315394e-24,0.0009802694,0.0008833644,2.2303708e-19,0.01694192
3.3989143e-18,1.6168622e-19,0.0047271964,0.00036823677,1.7571654e-19,0.0051219636
3.2161037e-18,7.665721e-24,0.0028366065,0.0013177495,2.1915907e-19,0.005214525
2.9239546e-18,3.860901e-19,0.0023480225,0.0018075192,1.5926428e-19,0.008976366
2.5857596e-18,6.928807999999999e-24,0.013851245,0.0007328249,1.2706811e-19,0.007532702
2.3247845e-18,6.661717e-24,0.013812971,0.0023485422,1.7191445e-19,0.0023927444
2.1005042e-18,7.203445000000001e-18,0.012252429,0.0006751888,1.4366731e-19,0.0041917386
1.9118400000000002e-18,1.2095927e-19,0.012218572,0.0009865052,1.1829388e-19,0.0038001265
1.7280456e-18,3.7868995e-19,0.0044292905,0.0009026736,1.04978913e-19,0.0020777753
1.6702437e-18,3.9573856e-19,0.0044170516,0.0007331312,8.9797693e-20,0.001517389
1.5908011999999998e-18,5.8558525e-19,0.0021717108,0.0012136651,7.0527384e-20,0.0012316022
1.5540644e-18,1.2420046e-19,0.0019602266,0.00096251885,7.138834e-20,0.0031047869
1.5308408e-18,1.8920106e-19,0.0019548098,0.0041028545,5.6378924e-20,0.004794138
1.489661e-18,7.019374999999999e-19,0.0011297694,0.0015236537,3.4340177e-20,0.0074363933
1.4767898e-18,6.5097424e-19,0.0011266475,0.00264165,3.4998115e-20,0.008446453
1.3699151999999998e-18,4.1246405000000005e-24,0.00033367705,0.0009171052,3.837791e-20,0.0040383195
1.3623365e-18,1.110336e-19,0.000285452,0.0018412946,3.3736684e-20,0.0064960727
1.3184472e-18,3.762722e-24,0.00011722607,0.00055512734,3.4783522999999997e-20,0.0031354295
1.2770561e-18,5.6867985e-19,4.7483616e-05,0.00022170933,2.81572e-20,0.0012121456
1.2765903999999998e-18,3.504852e-24,4.7352394e-05,0.0003677406,4.1323013e-20,0.0009567759
1.193852e-18,1.476553e-19,1.1622718e-05,0.00033677756,3.7841645e-20,0.0008134787
1.1655754999999998e-18,5.267226999999999e-19,5.521555e-06,0.0009329057,2.4320661e-20,0.0020729112
1.1413495e-18,3.8691528e-19,2.8707657e-06,0.00046149295,2.019825e-20,0.0010352053
1.1095729e-18,2.5595357e-19,1.3589388e-06,0.00026732235,2.5493093e-20,0.00065691175
1.0720758e-18,4.427482e-19,6.524327e-07,8.717481e-05,2.2243676999999998e-20,0.00038184272
9.96038e-19,4.241464e-19,3.9199548e-07,4.7271285e-05,1.9440707e-20,0.0006332057
9.96035e-19,2.7571568e-24,3.9091205e-07,1.6810322e-05,2.6973746e-20,0.00033464222
