bulk_species_node [MG] at P @ dist64,bulk_species_node [MG] at P @ dist648,bulk_species_node [MG] at Chlorine @ dist64,bulk_species_node [MG] at Chlorine @ dist648,bulk_species_node [MG] at P @ dist420,bulk_species_node [MG] at Chlorine @ dist420
0.0,0.0,0.0,0.0,0.0,0.0
0.0,0.0,0.0,0.0,0.0,0.0
0.0,0.0,0.0,0.0,0.0,0.0
0.0,0.0,0.0,0.0,0.0,0.0
0.0,0.0,0.0,0.0,0.0,0.0
0.0,0.0,0.0,0.0,0.0,0.0
0.0,0.0,0.0,0.0,0.0,0.0
0.0,0.0,0.0,0.0,0.0,0.0
0.0,0.0,0.0,0.0,0.0,0.0
0.0,0.0,0.0,0.0,0.0,0.0
0.0,0.0,0.0,0.0,0.0,0.0
0.0,0.0,0.0,0.0,0.0,0.0
0.0,0.0,0.0,0.0,0.0,0.0
0.0,0.0,0.0,0.0,0.0,0.0
0.0,0.0,0.0,0.0,0.0,0.0
0.0,0.0,0.0,0.0,0.0,0.0
0.0,0.0,0.0,9.300197e-18,0.0,1.9372766e-05
0.0,0.0,0.0,3.2440175e-19,0.0,2.2994262e-05
0.0,0.0,0.0,2.9726488e-19,0.0,1.8798744e-05
0.0,0.0,0.0,5.766105e-20,0.0,1.9038567e-05
0.0,0.0,0.0,0.0,0.0,1.857367e-05
0.0,0.0,0.0,0.0,0.0,2.1986918e-05
0.0,0.0,0.0,0.0,0.0,2.6432726e-05
0.0,0.0,0.0,0.0,0.0,1.913143e-05
0.0,0.0,0.0,0.0,0.0,2.9370984e-05
0.0,0.0,0.0,0.0,0.0,2.5463965e-05
0.0,0.0,0.0,3.0412388e-15,0.0,2.4600202e-05
0.0,0.0,0.0,0.0,0.0,1.615219e-05
0.0,0.0,0.0,0.0,0.0,2.2520895e-05
0.0,0.0,0.0,6.550874599999999e-18,0.0,2.2808188e-05
0.0,0.0,0.0,6.7697785e-18,0.0,1.5718824e-05
0.0,0.0,0.0,5.8695686e-18,0.0,2.0014602e-05
0.0,0.0,0.0,4.588068999999999e-19,0.0,2.2273662e-05
0.0,0.0,0.0,1.3326993999999998e-19,0.0,2.3219049e-05
0.0,0.0,0.0,0.0,0.0,1.3988052e-05
0.0,0.0,0.0,0.0,0.0,1.3153655e-05
0.0,0.0,0.0,0.0,0.0,1.40771945e-05
0.0,0.0,0.0,0.0,0.0,1.5313093e-05
0.0,0.0,0.0,5.317378e-15,0.0,1.4612884e-05
0.0,0.0,0.0,9.966727e-15,0.0,1.6787204e-05
0.0,0.0,0.0,2.5004247e-15,0.0,1.982641e-05
0.0,0.0,0.0,9.451087e-16,0.0,2.67686e-05
0.0,0.0,0.0,1.1859589e-08,0.0,2.918456e-05
0.0,0.0,0.0,1.6754695e-08,0.0,2.4534838e-05
0.0,0.0,0.0,2.6947687e-08,0.0,2.1895588e-05
0.0,0.0,0.0,2.783632e-08,0.0,2.1505417e-05
0.0,0.0,0.0,5.7958566e-08,0.0,2.396472e-05
0.0,0.0,0.0,5.5712334e-08,0.0,1.916344e-05
0.0,0.0,0.0,7.837268e-08,0.0,1.8346176e-05
0.0,0.0,0.0,9.207266e-08,0.0,2.6008422e-05
0.0,0.0,0.0,8.0345174e-08,0.0,2.5122912e-05
0.0,0.0,0.0,8.588091e-08,0.0,2.106445e-05
0.0,0.0,0.0,1.5285524e-07,0.0,2.8616389e-05
0.0,0.0,0.0,1.3166238e-07,0.0,3.2045067e-05
0.0,0.0,2.3215316e-13,1.5503862e-07,0.0,4.650798e-05
0.0,0.0,1.243877e-13,1.04346206e-07,0.0,5.5002387e-05
0.0,0.0,4.8980832e-14,8.779657e-08,0.0,4.016613e-05
0.0,0.0,4.8980832e-14,4.4457078e-08,0.0,3.6083493e-05
0.0,0.0,3.6881038e-14,7.501849e-08,0.0,3.9066115e-05
0.0,0.0,3.6881038e-14,1.7912838e-07,0.0,4.2477935e-05
0.0,0.0,2.7767678e-14,3.767529e-07,0.0,3.6714155e-05
0.0,0.0,2.3664029e-14,3.442021e-07,0.0,4.1789142e-05
0.0,0.0,8.022808e-15,3.4133026e-07,0.0,6.310801e-05
0.0,0.0,6.009561e-15,2.620706e-07,0.0,7.355839e-05
0.0,0.0,2.3430846e-15,2.5247658e-07,0.0,9.196467e-05
0.0,0.0,2.2221935e-15,2.530282e-07,0.0,0.00010591538
0.0,0.0,2.2221933e-15,2.7626086e-07,0.0,9.766637e-05
0.0,0.0,2.222193e-15,2.408096e-07,0.0,9.006107e-05
0.0,0.0,2.2221928e-15,1.9026784e-07,0.0,9.0052104e-05
0.0,0.0,2.2221926e-15,2.1686368e-07,0.0,0.00012284907
0.0,0.0,2.2221924e-15,2.619945e-07,0.0,0.0001361865
0.0,0.0,1.265084e-15,2.0623541e-07,0.0,0.00012247093
0.0,0.0,9.585202e-16,2.5903663e-07,0.0,0.00013100934
0.0,0.0,6.941667e-16,2.57567e-07,0.0,0.00014695669
0.0,0.0,1.2707505e-16,3.3168143e-07,0.0,0.0002425227
0.0,0.0,2.3344501000000002e-17,5.5672325e-07,0.0,0.0003851328
0.0,0.0,4.4009714e-18,8.597483e-07,0.0,0.0010816044
0.0,0.0,8.434157999999999e-19,9.5153575e-07,0.0,0.018034905
0.0,0.0,2.0039328e-19,1.3747549e-06,0.0,0.032290757
0.0,0.0,1.6664709e-20,2.9941236e-07,0.0,0.003805024
0.0,0.0,2.5346573e-20,1.1648294e-07,0.0,0.057159398
0.0,0.0,1.2050168e-20,5.5847286e-06,0.0,0.01211917
0.0,0.0,5.586657e-20,1.5703385e-08,0.0,0.07184864
0.0,0.0,3.5290526e-19,4.7184704e-07,0.0,0.0198799
0.0,0.0,5.9158034e-19,3.806549e-07,0.0,0.01102494
0.0,0.0,2.1611374e-19,3.609801e-07,0.0,0.08946164
0.0,0.0,4.2547569999999996e-20,3.1540498e-10,0.0,0.13085318
0.0,0.0,1.5844694e-19,1.4128207e-10,0.0,0.07266776
0.0,0.0,3.5705962e-20,5.6928805e-11,0.0,0.13320675
0.0,0.0,3.5699348e-20,1.2099517e-10,0.0,0.13740681
0.0,0.0,9.090432e-20,6.884404e-11,0.0,0.0050590835
0.0,0.0,4.8994135e-19,9.125563e-12,0.0,0.2629215
0.0,0.0,1.5747975e-18,1.0967641e-11,0.0,0.15480475
0.0,0.0,1.5298934e-18,3.573503e-12,0.0,0.021227097
0.0,0.0,4.445275e-19,1.1131087e-12,0.0,0.0125079
0.0,0.0,1.3905404e-19,2.2967349e-13,0.0,0.023704479
0.0,0.0,1.8030299e-19,2.7943241e-14,0.0,0.02495349
0.0,0.0,6.897649e-20,3.7947262e-15,0.0,0.0035888518
0.0,0.0,7.7324055e-20,2.002115e-15,0.0,0.01653303
0.0,0.0,7.046443999999999e-19,3.7856003e-15,0.0,0.16289935
0.0,0.0,1.2284765999999998e-18,4.2654644e-15,0.0,0.14115189
0.0,0.0,1.2280964999999998e-18,3.3613056e-15,0.0,0.04976345
0.0,0.0,1.260849e-18,2.152279e-15,0.0,0.051629577
0.0,0.0,2.8078623e-17,2.2614183e-15,0.0,0.029874831
0.0,0.0,2.9935127e-14,1.4037707e-15,0.0,0.04406767
0.0,0.0,9.8039056e-14,4.97366e-16,0.0,0.013452295
0.0,0.0,2.3946743e-14,3.2000577e-16,0.0,0.08510115
0.0,0.0,4.1156802e-14,7.536384e-16,0.0,0.045994535
0.0,0.0,5.0954083e-14,1.3440722e-15,0.0,0.020862296
0.0,0.0,5.0932352e-14,4.2136844e-15,0.0,0.015886521
0.0,0.0,1.0645793e-14,1.9329792e-15,0.0,0.015983906
0.0,0.0,5.7837625e-14,8.2760675e-15,0.0,0.057615433
0.0,0.0,6.9750216e-14,2.4652348e-14,0.0,0.14622854
0.0,0.0,5.9604055e-14,3.1704953e-13,0.0,0.0631963
0.0,0.0,3.1337068e-14,1.9225524e-13,0.0,0.0074354205
0.0,0.0,3.1322906e-14,1.7682443e-13,0.0,0.060180884
0.0,0.0,1.1332939e-14,7.7075045e-14,0.0,0.009877208
0.0,0.0,1.1327818e-14,1.3650214e-14,0.0,0.014790365
0.0,0.0,2.3603056e-15,4.178883e-15,0.0,0.025051473
0.0,0.0,1.0833889e-15,6.833295e-15,0.0,0.0044290423
0.0,0.0,2.0916621e-16,2.838416e-15,0.0,0.07275699
0.0,0.0,1.7873885e-16,8.63736e-16,0.0,0.060993884
0.0,0.0,1.1084781999999999e-16,1.1236553e-15,0.0,0.056846187
0.0,0.0,1.10797025e-16,2.5200111e-15,0.0,0.010248148
0.0,0.0,4.4702587e-17,1.114357e-15,0.0,0.08171872
0.0,0.0,3.0470313e-17,3.332406e-16,0.0,0.035389017
0.0,0.0,2.0769266e-17,2.983981e-15,0.0,0.041222982
0.0,0.0,2.0759749e-17,5.380463e-15,0.0,0.021835472
0.0,0.0,1.0914450000000001e-17,3.686171e-15,0.0,0.030578777
0.0,0.0,8.265797e-18,1.5540063e-15,0.0,0.0031232452
0.0,0.0,8.262008e-18,1.1327251e-15,0.0,0.009260612
0.0,0.0,7.060136000000001e-18,1.4909182e-15,0.0,0.050547443
0.0,0.0,1.609152e-17,7.115346e-16,0.0,0.024665479
0.0,0.0,2.9072034e-17,2.3551148000000003e-16,0.0,0.004359124
0.0,0.0,7.098229599999999e-18,8.36659e-17,0.0,0.013357292
0.0,0.0,6.065599e-18,2.9583536e-17,0.0,0.051431485
0.0,0.0,6.0627657e-18,9.823459e-18,0.0,0.010115103
0.0,0.0,3.9959123e-17,1.6860884e-15,0.0,0.056648012
0.0,0.0,3.1018380000000005e-17,9.376486e-16,0.0,0.024846226
0.0,0.0,3.1003537e-17,2.3846613e-14,0.0,0.0044469843
0.0,0.0,2.6492926e-17,7.635563e-15,0.0,0.010093968
0.0,0.0,2.6480250000000002e-17,1.2263452e-15,0.0,0.03990797
0.0,0.0,2.6467580000000006e-17,1.4100031000000002e-16,0.0,0.0066787293
0.0,0.0,2.261689e-17,6.6567115e-17,0.0,0.010616608
0.0,0.0,1.1890603e-17,2.1132891e-17,0.0,0.026307264
0.0,0.0,4.797331e-18,9.879579e-18,0.0,0.0037583888
0.0,0.0,1.9355104e-18,1.3487644e-17,0.0,0.015405651
0.0,0.0,1.6539189e-18,8.2265726e-18,0.0,0.007472394
0.0,0.0,1.6531275e-18,3.0109356e-18,0.0,0.020450303
0.0,0.0,1.1267868999999998e-18,4.05376e-18,0.0,0.006153395
0.0,0.0,1.1262477999999998e-18,1.0850958e-18,0.0,0.016535021
0.0,0.0,5.140375999999999e-19,3.2571798e-19,0.0,0.018649532
0.0,0.0,5.1379166e-19,9.9162774e-20,0.0,0.011064405
0.0,0.0,1.9794437e-19,4.0405753e-20,0.0,0.012318615
0.0,0.0,1.4990537999999998e-19,2.3029848e-19,0.0,0.03857654
0.0,0.0,1.2809609e-19,1.1201872e-19,0.0,0.004635616
0.0,0.0,1.280348e-19,3.4435112e-20,0.0,0.021891525
0.0,0.0,1.0940739e-19,1.4892736e-18,0.0,0.0032864914
0.0,0.0,9.3490047e-20,8.6456204e-19,0.0,0.006282061
0.0,0.0,9.344531e-20,2.8363028e-19,0.0,0.0031293763
0.0,0.0,6.124173299999999e-19,6.97669e-20,0.0,0.0020211677
0.0,0.0,1.2872379e-18,1.8131625e-20,0.0,0.005298946
0.0,0.0,8.789152999999999e-19,5.827398e-21,0.0,0.047158998
0.0,0.0,8.784813e-19,1.8214509e-20,0.0,0.0073218835
0.0,0.0,8.780475e-19,8.58287e-21,0.0,0.04379869
0.0,0.0,5.445161e-19,7.7945727e-20,0.0,0.007659765
0.0,0.0,1.0041271e-19,2.8602235e-20,0.0,0.012676114
0.0,0.0,6.373928999999999e-19,7.428296e-21,0.0,0.012473281
0.0,0.0,4.1625789e-19,1.985798e-21,0.0,0.022989497
0.0,0.0,5.5558067e-19,7.291759e-22,0.0,0.0065153935
0.0,0.0,6.4906097e-19,1.2333873e-20,0.0,0.021523071
0.0,0.0,4.5744887e-19,4.063447e-20,0.0,0.00566123
0.0,0.0,4.5717497e-19,1.32183236e-20,0.0,0.0336488
0.0,0.0,4.5690117e-19,3.8603605e-20,0.0,0.0047646654
0.0,0.0,7.3367317e-19,1.3814836e-19,0.0,0.0074735465
0.0,0.0,1.1603186e-18,5.2022823e-20,0.0,0.02710224
0.0,0.0,6.09947e-19,3.7474198e-19,0.0,0.008545707
0.0,0.0,2.0991773e-19,4.407665999999999e-19,0.0,0.016756287
0.0,0.0,2.7628928e-19,1.7331806999999998e-19,0.0,0.016498893
0.0,0.0,2.0487872e-19,6.143325999999999e-20,0.0,0.029988652
0.0,0.0,5.198903999999999e-19,4.897042e-20,0.0,0.007189911
0.0,0.0,1.5650828e-19,1.8645715e-19,0.0,0.04804564
0.0,0.0,1.5640433e-19,6.960693999999999e-20,0.0,0.010345642
0.0,0.0,1.3362471e-19,1.6731201e-19,0.0,0.051136173
0.0,0.0,1.3353597e-19,2.3659056e-19,0.0,0.011146061
0.0,0.0,1.2008172e-19,7.329339999999999e-20,0.0,0.040800747
0.0,0.0,1.3089663e-19,6.938234999999999e-19,0.0,0.030779084
0.0,0.0,2.618481e-19,6.3163677e-19,0.0,0.012394553
0.0,0.0,2.5339313e-19,1.9291168e-19,0.0,0.008151121
0.0,0.0,1.2535604999999998e-18,5.9196243e-20,0.0,0.017825134
0.0,0.0,6.3810946e-19,4.7667736e-19,0.0,0.015493701
0.0,0.0,6.376231e-19,5.019345399999999e-19,0.0,0.030315371
0.0,0.0,4.344864e-19,1.3722643999999998e-18,0.0,0.055003382
0.0,0.0,1.8601794e-19,5.849616999999999e-19,0.0,0.011327929
0.0,0.0,1.8587614e-19,4.1204145e-18,0.0,0.043722022
0.0,0.0,1.5878849999999998e-19,2.0074234e-16,0.0,0.0044800662
0.0,0.0,1.2021807e-19,7.1323423e-17,0.0,0.014974442
0.0,0.0,8.191849e-20,2.3997990000000006e-17,0.0,0.058569007
0.0,0.0,6.9980546e-20,1.06685434e-16,0.0,0.018643288
0.0,0.0,5.978231e-20,3.8315304e-17,0.0,0.020962264
0.0,0.0,2.920194e-20,1.1230828e-17,0.0,0.021082656
0.0,0.0,2.1202977e-20,4.7264126e-16,0.0,0.012638467
0.0,0.0,8.74549e-21,3.796689e-15,0.0,0.026111864
0.0,0.0,1.7048887e-20,1.5474653e-15,0.0,0.028707473
0.0,0.0,1.4416126e-20,3.4200353e-15,0.0,0.025484787
0.0,0.0,1.4405029999999998e-20,1.0378632e-15,0.0,0.0035424817
0.0,0.0,1.09059054e-20,1.0579247e-15,0.0,0.0338369
0.0,0.0,1.0897512e-20,4.6013006e-16,0.0,0.011233537
0.0,0.0,4.523826e-21,5.127371e-16,0.0,0.042331014
0.0,0.0,1.1381829000000001e-21,1.645428e-16,0.0,0.007890775
0.0,0.0,9.723087e-22,1.331811e-16,0.0,0.036335543
0.0,0.0,9.715604e-22,4.18333e-17,0.0,0.0334825
0.0,0.0,6.6203166e-22,1.1871733e-17,0.0,0.006265191
0.0,0.0,6.615221e-22,1.9657527e-18,0.0,0.0036749414
0.0,0.0,6.61013e-22,4.279602e-19,0.0,0.009525657
0.0,0.0,6.605042e-22,1.2152719999999998e-19,0.0,0.043612134
0.0,0.0,6.599958700000001e-22,3.5061236e-20,0.0,0.0047757938
0.0,0.0,5.638108000000002e-22,5.7112976e-20,0.0,0.009941689
0.0,0.0,4.816433e-22,2.7613118e-20,0.0,0.04986695
0.0,0.0,2.1976584e-22,2.3055556e-20,0.0,0.03739881
0.0,0.0,2.746591e-22,4.103023e-20,0.0,0.004230635
0.0,0.0,3.0569880000000003e-22,1.5501064e-20,0.0,0.014400682
0.0,0.0,7.8489445e-23,2.000664e-19,0.0,0.038378894
0.0,0.0,6.7050255e-23,4.523458699999999e-18,0.0,0.014766047
0.0,0.0,3.6853114e-23,2.5270318e-18,0.0,0.040613998
0.0,0.0,2.0017114e-23,2.3609078e-17,0.0,0.010474433
0.0,0.0,2.0001571e-23,8.219278e-17,0.0,0.04467597
0.0,0.0,1.7086508e-23,1.1043627e-16,0.0,0.005667968
0.0,0.0,1.2935937e-23,4.4127922e-17,0.0,0.011084595
0.0,0.0,9.7936024e-24,1.1161551e-17,0.0,0.022119595
0.0,0.0,9.785998e-24,3.0342626e-17,0.0,0.0032672628
0.0,0.0,6.067015e-24,1.23329205e-17,0.0,0.008143287
0.0,0.0,7.551038e-24,2.5758970000000002e-17,0.0,0.010228917
0.0,0.0,3.305613e-23,1.3434663000000001e-17,0.0,0.031915907
0.0,0.0,2.749644e-23,4.147644e-18,0.0,0.012400125
0.0,0.0,1.7046279e-23,2.1088196e-18,0.0,0.027824398
0.0,0.0,1.0416091e-23,8.587611999999999e-19,0.0,0.0557073
0.0,0.0,1.2811979e-23,6.465440999999999e-19,0.0,0.054481797
0.0,0.0,1.09928446e-23,1.833166e-19,0.0,0.013281076
0.0,0.0,1.53732e-23,4.1764752999999997e-20,0.0,0.007467622
0.0,0.0,5.328239700000001e-22,4.5326767e-20,0.0,0.026704693
0.0,0.0,6.133756e-22,3.4089738e-20,0.0,0.0041438574
0.0,0.0,2.7984165000000003e-22,3.76704e-20,0.0,0.0094872
0.0,0.0,2.7959477000000003e-22,7.6326986e-20,0.0,0.019157741
0.0,0.0,2.0609777e-22,4.4055552e-20,0.0,0.008556062
0.0,0.0,8.987192000000001e-23,8.282620999999999e-20,0.0,0.01909429
0.0,0.0,4.7788155e-23,4.1762908e-20,0.0,0.019211587
0.0,0.0,4.7746e-23,1.32820334e-20,0.0,0.0120088095
0.0,0.0,2.799625e-23,3.6651234e-21,0.0,0.014681906
0.0,0.0,1.3858349e-23,1.2637589e-19,0.0,0.025651462
0.0,0.0,8.167195e-22,8.7153e-20,0.0,0.018077377
0.0,0.0,1.9673093e-21,2.6260429e-20,0.0,0.0110240355
0.0,0.0,1.9654221e-21,7.268368e-20,0.0,0.005891972
0.0,0.0,1.6786708000000001e-21,2.612986e-19,0.0,0.029712263
0.0,0.0,9.308674e-21,1.0547644e-19,0.0,0.0034838628
0.0,0.0,9.705643e-21,2.784089e-20,0.0,0.010220229
0.0,0.0,6.798593400000001e-21,4.7313636e-20,0.0,0.013306646
0.0,0.0,7.820249e-21,1.8656155e-18,0.0,0.014580249
0.0,0.0,8.030737e-21,1.0403389e-18,0.0,0.014136008
0.0,0.0,9.39712e-21,2.8672887e-19,0.0,0.013863297
0.0,0.0,2.6942405e-20,2.763369e-19,0.0,0.018035403
0.0,0.0,1.1291497e-20,1.2596344999999998e-19,0.0,0.0061657387
0.0,0.0,1.21589096e-20,4.1623945e-20,0.0,0.008149346
0.0,0.0,1.3805339999999998e-20,9.910189999999999e-21,0.0,0.004961184
0.0,0.0,7.570204e-21,1.6358787e-21,0.0,0.0032230977
0.0,0.0,6.4651318e-21,3.8350608e-22,0.0,0.0026114217
0.0,0.0,6.458336e-21,8.3958586e-23,0.0,0.00091105624
0.0,0.0,4.888164e-21,1.4384468e-21,0.0,0.00027605298
0.0,0.0,4.8830257e-21,2.5991177000000003e-22,0.0,0.00072302745
0.0,0.0,4.877893e-21,6.262457e-23,0.0,0.00022222864
0.0,0.0,4.8727655000000004e-21,6.6954544e-23,0.0,6.58071e-05
0.0,0.0,4.8676433e-21,1.3478990000000001e-22,0.0,1.7248443e-05
0.0,0.0,4.1570814e-21,2.5062363000000004e-22,0.0,3.0829524e-06
0.0,0.0,4.1527116e-21,4.8829350000000004e-23,0.0,0.00040478143
0.0,0.0,1.0483234e-20,1.2551763e-23,0.0,0.00014802643
0.0,0.0,4.9098094e-20,1.8228252e-24,0.0,3.37845e-05
0.0,0.0,4.9044339999999996e-20,2.2076278e-24,0.0,1.07904725e-05
0.0,0.0,4.8990644e-20,7.410649599999998e-25,0.0,1.9496608e-06
0.0,0.0,4.893701e-20,4.2225836e-25,0.0,1.7474109e-07
0.0,0.0,3.8219625e-20,3.1681526e-26,0.0,3.0280912e-08
0.0,0.0,1.0692071e-19,5.142305e-27,0.0,5.680212e-09
0.0,0.0,1.0680244e-19,6.098672e-28,0.0,1.2141241e-09
0.0,0.0,1.0668431e-19,1.0841054e-28,0.0,6.4653043e-09
0.0,0.0,1.0656631e-19,2.4857845e-29,0.0,1.4667132e-09
0.0,0.0,4.074246e-20,5.1072412e-30,0.0,3.3368477e-10
0.0,0.0,1.3923118e-19,8.549354e-31,0.0,7.898618e-11
0.0,0.0,1.3907582e-19,1.3453104e-31,0.0,1.3060238e-11
0.0,0.0,7.8810673e-20,2.8145846e-32,0.0,3.1293015e-10
0.0,0.0,8.440266e-20,5.2835132e-33,0.0,1.05262764e-10
0.0,0.0,1.5143959e-19,2.8038341e-33,0.0,2.3854462e-11
0.0,0.0,7.8961194e-20,5.7921116e-34,0.0,5.973495e-12
0.0,0.0,6.7429825e-20,2.1876169e-28,0.0,1.9029739e-12
0.0,0.0,8.699437999999999e-20,9.1692177e-29,0.0,1.3517093e-13
0.0,0.0,3.3165354e-19,1.7687611e-29,0.0,5.202807e-16
0.0,0.0,2.8675072e-19,4.5945256e-30,0.0,1.288335e-13
0.0,0.0,2.8642576e-19,7.8555527e-31,0.0,1.205725e-13
0.0,0.0,2.1677118e-19,2.951185e-31,0.0,1.9579848e-14
0.0,0.0,2.1652552e-19,4.513331e-32,0.0,3.2638803e-15
0.0,0.0,2.1628015e-19,2.2524964000000003e-32,0.0,6.681625e-16
0.0,0.0,6.844936e-20,3.477852e-32,0.0,1.2332254e-16
0.0,0.0,6.837179e-20,1.4331379e-34,0.0,2.4499366e-17
0.0,0.0,6.8294306e-20,5.6095555e-34,0.0,5.0238893e-18
0.0,0.0,5.832014e-20,7.5991953e-31,0.0,8.105803e-19
0.0,0.0,4.4137534e-20,4.1065547e-31,0.0,5.8663564e-14
0.0,0.0,3.7691389999999997e-20,8.7372867e-32,0.0,1.34894656e-14
0.0,0.0,3.7648676e-20,1.5166844000000002e-32,0.0,3.837729e-15
0.0,0.0,3.7606012e-20,3.3565734e-33,0.0,6.034165e-16
0.0,0.0,3.7563396e-20,5.856813e-34,0.0,9.95924e-17
0.0,0.0,3.7520825e-20,1.2474894e-34,0.0,1.7722068e-17
0.0,0.0,3.7478306e-20,1.4467318e-35,0.0,3.1107494e-18
0.0,0.0,3.7435833e-20,5.5221143e-36,0.0,2.8540295e-17
0.0,0.0,3.739341e-20,1.10851715e-35,0.0,4.4532757e-18
0.0,0.0,3.7351034e-20,4.85948e-36,0.0,1.2707724e-18
0.0,0.0,1.8238142e-20,9.853066e-37,0.0,2.2395408e-19
0.0,0.0,1.557452e-20,3.1560809e-37,0.0,4.7098078e-20
0.0,0.0,7.103814e-21,6.514996400000001e-38,0.0,7.46028e-21
0.0,0.0,7.095764e-21,6.539314e-37,0.0,1.213605e-21
0.0,0.0,7.087723e-21,2.2989582e-37,0.0,2.2961936000000003e-22
0.0,0.0,5.3640918e-21,5.341682e-37,0.0,4.0501425e-23
0.0,0.0,4.5806835e-21,1.0911253e-37,0.0,1.3940231e-20
0.0,0.0,4.5754926e-21,2.3850052e-38,0.0,2.7569673e-21
0.0,0.0,4.5703074e-21,3.7393070000000005e-39,0.0,5.944354000000002e-22
0.0,0.0,4.5651282e-21,1.024159e-39,0.0,9.101066000000001e-23
0.0,0.0,4.559954700000001e-21,1.77941e-40,0.0,2.4867569999999995e-19
0.0,0.0,4.5547872e-21,6.702600000000001e-41,0.0,1.3115939999999998e-19
0.0,0.0,4.5496254e-21,9.144956e-37,0.0,1.8935638e-20
0.0,0.0,4.5444697e-21,3.0030772e-37,0.0,3.8254684e-21
0.0,0.0,4.5393196e-21,4.4720367000000006e-38,0.0,6.951409e-22
0.0,0.0,4.534175600000001e-21,7.322307e-39,0.0,1.2891793e-22
0.0,0.0,4.5290372e-21,2.003589e-39,0.0,2.0305117e-23
0.0,0.0,1.8260747e-21,3.53644e-40,0.0,1.9517044e-21
0.0,0.0,1.5593824e-21,7.147600000000001e-41,0.0,4.6294464e-21
0.0,0.0,1.5576152e-21,2.528e-41,0.0,8.394791e-22
0.0,0.0,1.55585e-21,2.2e-42,0.0,1.3075151000000002e-22
0.0,0.0,1.5540869e-21,3.81e-43,0.0,2.8947447e-23
0.0,0.0,8.837323e-22,2.9130000000000005e-42,0.0,5.4372494e-24
0.0,0.0,8.827309e-22,1.4220000000000003e-42,0.0,1.3558656e-23
0.0,0.0,8.817305e-22,1.9800000000000003e-43,0.0,5.4461466e-24
0.0,0.0,4.632574400000002e-22,5.200000000000002e-44,0.0,9.218411e-25
0.0,0.0,2.6343160000000003e-22,8.000000000000001e-45,0.0,1.4776834e-25
0.0,0.0,3.933659800000001e-22,1e-45,0.0,9.0138123e-20
0.0,0.0,1.3179887e-21,0.0,0.0,6.247869399999999e-19
0.0,0.0,1.3164636e-21,0.0,0.0,1.4853982999999998e-19
0.0,0.0,1.3149402e-21,0.0,0.0,4.450705e-20
0.0,0.0,1.3134186000000001e-21,0.0,0.0,7.028434e-17
0.0,0.0,1.3118988e-21,0.0,0.0,8.077274e-17
0.0,0.0,1.3103807000000001e-21,0.0,0.0,1.7822124e-17
0.0,0.0,1.3088644e-21,0.0,0.0,5.330965e-18
0.0,0.0,1.3073498000000001e-21,0.0,0.0,1.4253665e-14
0.0,0.0,1.305837e-21,0.0,0.0,9.414686e-15
0.0,0.0,4.2850273e-22,0.0,0.0,2.8475304e-15
0.0,0.0,4.280069e-22,0.0,0.0,7.383186e-16
0.0,0.0,1.4700039e-21,0.0,0.0,4.1289845e-15
0.0,0.0,2.374902e-21,0.0,0.0,1.7540016e-15
0.0,0.0,7.759020300000002e-22,0.0,0.0,8.637689e-14
0.0,0.0,3.3205157000000004e-22,0.0,0.0,3.0628695e-13
0.0,0.0,3.3166055000000004e-22,0.0,0.0,8.7632606e-14
0.0,0.0,3.3126998e-22,1.67e-43,0.0,3.0895037e-05
0.0,0.0,2.5069880000000002e-22,9.7e-44,0.0,1.958396e-05
0.0,0.0,2.311794e-22,2.8e-44,0.0,6.803998e-06
0.0,0.0,3.1443506000000003e-22,9.082206e-38,0.0,0.022129558
0.0,0.0,2.1416821e-22,9.185012e-38,0.0,0.0031857737
0.0,0.0,8.634575e-23,3.1386513000000003e-38,0.0,0.018056419
0.0,0.0,8.624257000000001e-23,4.7640090000000004e-33,0.0,0.009559725
0.0,0.0,8.6139515e-23,7.355162599999998e-29,0.0,0.015701324
0.0,0.0,4.4558887e-23,4.67302e-29,0.0,0.043770887
0.0,0.0,3.451605000000001e-23,1.4466945000000002e-27,0.0,0.014530398
0.0,0.0,1.2887493600000001e-23,1.2651816e-23,0.0,0.043788724
0.0,0.0,5.633449e-24,1.5778440000000002e-23,0.0,0.072065726
0.0,0.0,3.1458481e-24,5.255557000000001e-23,0.0,0.01648168
0.0,0.0,1.3464889e-24,4.738725e-21,0.0,0.037439626
0.0,0.0,1.9718183e-27,2.170209e-21,0.0,0.024536075
0.0,0.0,7.5228037e-31,1.3251497999999999e-20,0.0,0.033914845
0.0,0.0,1.4632743e-30,8.458218999999999e-20,0.0,0.112501174
0.0,0.0,2.2954158e-30,3.2233775e-18,0.0,0.09342584
0.0,0.0,7.3591777e-31,2.4540993e-18,0.0,0.15806527
0.0,0.0,1.3780959e-29,9.155835e-19,0.0,0.17606534
0.0,0.0,9.7799674e-23,3.2452128e-18,0.0,0.022244874
0.0,0.0,2.8351954e-22,1.9686583000000002e-17,0.0,0.025404736
0.0,0.0,1.0369739e-20,6.734575e-17,0.0,0.0028868061
0.0,0.0,3.2904786e-20,3.4716827e-17,0.0,0.011042248
0.0,0.0,1.7755338999999998e-19,6.2454763e-18,0.0,0.01518173
0.0,0.0,2.4785761e-19,1.0536341e-17,0.0,0.048015427
0.0,0.0,2.713324e-18,5.556961e-17,0.0,0.06497766
0.0,0.0,1.4267984e-18,2.9228434e-17,0.0,0.0586866
0.0,0.0,3.2857783e-19,8.198932e-17,0.0,0.012040755
0.0,0.0,3.280589e-19,3.5435226e-16,0.0,0.05682597
0.0,0.0,3.2754079999999995e-19,2.718781e-15,0.0,0.01907336
0.0,0.0,2.4777696e-19,1.9137962e-14,0.0,0.05844988
0.0,0.0,6.128933999999999e-19,1.443956e-13,0.0,0.014961692
0.0,0.0,9.1599665e-17,1.0034503e-12,0.0,0.003997655
0.0,0.0,2.6057235e-17,1.996038e-12,0.0,0.02689125
0.0,0.0,1.1146544e-17,2.162005e-12,0.0,0.00703445
0.0,0.0,1.1128616000000001e-17,8.376867e-10,0.0,0.027716434
0.0,0.0,3.0970068e-18,1.2261978e-09,0.0,0.03075442
0.0,0.0,3.0920255e-18,1.9239497e-08,0.0,0.040541086
0.0,0.0,2.3389766e-18,0.01313302,0.0,0.019468209
0.0,0.0,1.2283042e-18,0.06516499,0.0,0.048935436
0.0,0.0,9.291562999999998e-19,0.027221905,0.0,0.065894306
0.0,0.0,4.534823e-19,0.007048269,0.0,0.012054387
0.0,0.0,1.6388649e-19,0.013475043,0.0,0.052127574
0.0,0.0,1.3988482e-19,0.042713843,0.0,0.06723395
0.0,0.0,6.827193e-20,0.014905771,0.0,0.028623097
0.0,0.0,3.43814e-20,0.004733765,0.0,0.012779887
0.0,0.0,2.789614e-20,0.008581933,0.0,0.017767077
0.0,0.0,7.765819000000001e-17,0.019815464,0.0,0.047784742
0.0,0.0,7.017327e-17,0.03947791,0.0,0.0106474
0.0,0.0,3.988398000000001e-17,0.024889454,0.0,0.06583863
0.0,0.0,3.9818718e-17,0.0072162827,0.0,0.015469158
0.0,0.0,2.2631534e-17,0.0193943,0.0,0.033281397
0.0,0.0,7.099566e-18,0.03927888,0.0,0.024337959
0.0,0.0,7.087949e-18,0.0048109083,0.0,0.0186199
0.0,0.0,7.0763515e-18,0.008797075,0.0,0.07173471
0.0,0.0,3.1787298e-18,0.045255702,0.0,0.034611657
0.0,0.0,1.5958831e-15,0.006577665,0.0,0.020186942
0.0,0.0,1.8975791e-14,0.018004857,0.0,0.062156938
0.0,0.0,1.8943878e-14,0.022671882,0.0,0.01081007
0.0,0.0,9.245036e-15,0.005809671,0.0,0.04351944
0.0,0.0,4.214514e-15,0.008625855,0.0,0.018889608
0.0,0.0,3.0724208e-15,0.009740942,0.0,0.01310633
0.0,0.0,1.962567e-15,0.017584985,0.0,0.029187843
0.0,0.0,1.6750205e-15,0.019211367,0.0,0.010724611
0.0,0.0,8.1848346e-14,0.03628141,0.0,0.03789821
0.0,0.0,6.352626e-14,0.0055231135,0.0,0.013070133
0.0,0.0,6.3418455e-14,0.0065374984,0.0,0.05957001
0.0,0.0,6.331083e-14,0.008682258,0.0,0.021379607
0.0,0.0,4.7887516e-14,0.011984109,0.0,0.030180288
0.0,0.0,2.5145704e-14,0.016943373,0.0,0.01660349
0.0,0.0,4.609967e-15,0.024922306,0.0,0.022028144
0.0,0.0,1.2954769e-15,0.018130826,0.0,0.045792203
0.0,0.0,2.3536534e-15,0.023397174,0.0,0.041549657
0.0,0.0,6.1514993e-15,0.018428903,0.0,0.008697865
0.0,0.0,5.250068e-15,0.04085031,0.0,0.044164862
0.0,0.0,2.7098964e-15,0.004791076,0.0,0.012567389
0.0,0.0,1.4790297e-15,0.005353583,0.0,0.043963842
0.0,0.0,5.1199944e-16,0.007823273,0.0,0.009082314
0.0,0.0,1.913462e-16,0.009130934,0.0,0.016123477
0.0,0.0,1.9101726e-16,0.023184963,0.0,0.04584392
0.0,0.0,2.1600228e-16,0.023837863,0.0,0.010843521
0.0,0.0,3.4313297e-16,0.018292364,0.0,0.038210575
0.0,0.0,3.9371265e-15,0.018824711,0.0,0.0073230173
0.0,0.0,9.664343e-15,0.017223824,0.0,0.02271773
0.0,0.0,4.6743407e-15,0.028533356,0.0,0.020968698
0.0,0.0,2.3017985e-15,0.008745236,0.0,0.031773224
0.0,0.0,1.495302e-15,0.02921467,0.0,0.007928081
0.0,0.0,5.71263e-16,0.009290553,0.0,0.03471152
0.0,0.0,7.980809e-16,0.0068099354,0.0,0.0065811723
0.0,0.0,5.6563897e-16,0.0052206917,0.0,0.010040306
0.0,0.0,3.864455e-15,0.00886517,0.0,0.030468663
0.0,0.0,6.317414e-15,0.020788638,0.0,0.0075499
0.0,0.0,2.5455434e-15,0.002069461,0.0,0.0062011727
0.0,0.0,2.541062e-15,6.2330328e-06,0.0,0.012995657
0.0,0.0,1.3342252e-15,3.6310706e-05,0.0,0.024219215
0.0,0.0,5.7065695e-16,2.0161233e-06,0.0,0.0049588312
0.0,0.0,1.8714673e-16,9.827335e-08,0.0,0.012876739
0.0,0.0,1.8681725e-16,3.272136e-08,0.0,0.025138222
0.0,0.0,9.809139e-17,9.140101e-09,0.0,0.009531534
0.0,0.0,8.3712855e-17,2.69484e-09,0.0,0.026018377
0.0,0.0,7.1441975e-17,0.010315475,0.0,0.012272086
0.0,0.0,7.13162e-17,0.016964585,0.0,0.025588877
0.0,0.0,7.1190644e-17,0.018567583,0.0,0.007287111
0.0,0.0,7.106531000000001e-17,0.019218603,0.0,0.020526726
0.0,0.0,1.7331073e-17,0.02013399,0.0,0.021649694
0.0,0.0,1.7300562000000002e-17,0.006853818,0.0,0.009938169
0.0,0.0,1.0715249e-17,0.0023934294,0.0,0.0131491
0.0,0.0,6.089406699999999e-18,0.00080847566,0.0,0.008487931
0.0,0.0,6.078686e-18,0.0002832695,0.0,0.017204747
0.0,0.0,1.7453763e-18,8.452422e-05,0.0,0.03249941
0.0,0.0,5.7180974e-19,2.6930138e-05,0.0,0.012143712
0.0,0.0,1.0062235e-18,7.706898e-06,0.0,0.035445698
0.0,0.0,2.5345259e-18,2.1933733e-06,0.0,0.0042697075
0.0,0.0,4.120765e-18,6.725336e-07,0.0,0.015328554
0.0,0.0,1.3698415999999998e-18,2.450882e-07,0.0,0.010302718
0.0,0.0,7.802321999999999e-19,3.1595782e-08,0.0,0.009253847
0.0,0.0,3.436989e-19,5.948894e-09,0.0,0.027121257
0.0,0.0,3.430834e-19,1.6985682e-09,0.0,0.0127584925
0.0,0.0,2.3354178e-19,0.00090544845,0.0,0.043265257
0.0,0.0,2.3312354e-19,0.022669131,0.0,0.041995835
0.0,0.0,1.5146088e-19,0.014344178,0.0,0.015164551
0.0,0.0,3.9342303e-20,0.02489499,0.0,0.028768107
0.0,0.0,2.8058037e-20,0.008431458,0.0,0.012125535
0.0,0.0,1.2000244e-20,0.00797545,0.0,0.015273
0.0,0.0,1.1978755e-20,0.00690727,0.0,0.0202307
0.0,0.0,3.928311e-21,0.016251368,0.0,0.07334113
0.0,0.0,3.754534e-19,0.037080746,0.0,0.024728004
0.0,0.0,2.9161247e-19,0.0061093974,0.0,0.0116724875
0.0,0.0,6.609633e-18,0.008543404,0.0,0.0138672395
0.0,0.0,1.6289163e-17,0.0005398521,0.0,0.03691728
0.0,0.0,2.9521547e-17,0.00013383299,0.0,0.013679471
0.0,0.0,1.5492886e-17,4.2361713e-05,0.0,0.023422368
0.0,0.0,2.1492253e-16,1.3564168e-05,0.0,0.041896123
0.0,0.0,2.7369392e-16,0.006859572,0.0,0.008845925
0.0,0.0,2.6351584e-16,0.00981693,0.0,0.013301683
0.0,0.0,4.8678124e-15,0.020544207,0.0,0.03980065
0.0,0.0,2.7707085e-14,0.019013008,0.0,0.005893154
0.0,0.0,8.91761e-14,0.028655013,0.0,0.024696926
0.0,0.0,2.456349e-13,0.0077237603,0.0,0.015148459
0.0,0.0,9.736742e-14,0.009181458,0.0,0.038982835
0.0,0.0,2.2214146e-13,0.016384391,0.0,0.0057323384
0.0,0.0,3.1055448e-13,0.041324213,0.0,0.02961036
0.0,0.0,1.953444e-13,0.007267509,0.0,0.046901483
0.0,0.0,1.4591067e-13,0.021865075,0.0,0.008434865
0.0,0.0,9.9309693e-14,0.012166268,0.0,0.010740483
0.0,0.0,6.9301715e-14,0.032203227,0.0,0.05401108
0.0,0.0,4.6034784e-14,0.0063992892,0.0,0.032208927
0.0,0.0,4.5945967e-14,0.008920148,0.0,0.016076203
0.0,0.0,3.474486e-14,0.028325196,0.0,0.06983627
0.0,0.0,2.019918e-14,0.015254102,0.0,0.022112813
0.0,0.0,1.19130085e-14,0.046084825,0.0,0.046377074
0.0,0.0,8.382238e-15,0.00600951,0.0,0.006561467
0.0,0.0,5.5254805e-15,0.010425326,0.0,0.016602267
0.0,0.0,5.5148198e-15,0.018946497,0.0,0.05478914
0.0,0.0,4.1703693e-15,0.02877944,0.0,0.02743575
0.0,0.0,3.558462e-15,0.011631034,0.0,0.020026328
0.0,0.0,1.7361787e-15,0.010030699,0.0,0.021541126
0.0,0.0,3.8644467e-16,0.016082793,0.0,0.013359442
0.0,0.0,4.3633176000000006e-16,0.024061456,0.0,0.057903748
0.0,0.0,2.7019798e-16,0.007683413,0.0,0.016426517
0.0,0.0,2.6967462e-16,0.004879893,0.0,0.020288613
0.0,0.0,2.301042e-16,0.009856401,0.0,0.009425016
0.0,0.0,2.296585e-16,0.017968155,0.0,0.05493788
0.0,0.0,2.2921365e-16,0.017500293,0.0,0.0122955665
0.0,0.0,6.647098000000001e-17,0.011993112,0.0,0.019659033
0.0,0.0,3.3751563e-17,0.000795162,0.0,0.020025408
0.0,0.0,2.5523121e-17,0.00025517403,0.0,0.0042662155
0.0,0.0,8.105482e-18,8.1543396e-05,0.0,0.017812518
0.0,0.0,2.747655e-18,2.7168362e-05,0.0,0.05765207
0.0,0.0,2.344481e-18,7.895867e-06,0.0,0.043750525
0.0,0.0,1.4518173e-18,1.4053533e-06,0.0,0.0075906455
0.0,0.0,2.5404667e-16,2.2194834e-08,0.0,0.014016856
0.0,0.0,1.3060527e-16,8.205263e-09,0.0,0.044443116
0.0,0.0,4.8603588e-17,0.006197683,0.0,0.019881923
0.0,0.0,8.870979e-18,0.026167506,0.0,0.038954698
0.0,0.0,1.9216371e-18,0.0063855466,0.0,0.0056049274
0.0,0.0,3.0743447000000003e-16,0.0116194235,0.0,0.013971847
0.0,0.0,2.8672243e-16,0.030055204,0.0,0.038860407
0.0,0.0,2.1681656e-16,0.0101635065,0.0,0.010310084
0.0,0.0,1.8499835e-16,0.011368751,0.0,0.024799628
0.0,0.0,7.046172e-17,0.014702566,0.0,0.004995898
0.0,0.0,5.328243000000001e-17,0.013393135,0.0,0.009954069
0.0,0.0,4.546314000000001e-17,0.006429623,0.0,0.013793116
0.0,0.0,1.3542461e-17,0.0035232801,0.0,0.011719881
0.0,0.0,9.57322e-18,0.0010548786,0.0,0.009701661
0.0,0.0,4.5782966e-18,0.00024178758,0.0,0.009505418
0.0,0.0,3.9064237e-18,5.1881012e-05,0.0,0.010377219
0.0,0.0,3.3331489000000003e-18,1.1382587e-05,0.0,0.023456864
0.0,0.0,3.326623e-18,3.3292697e-06,0.0,0.004521721
0.0,0.0,3.3201098e-18,7.727346e-07,0.0,0.0057116286
0.0,0.0,3.3136094e-18,2.0054743e-07,0.0,0.019590167
0.0,0.0,8.531669e-18,5.009236e-08,0.0,0.009002576
0.0,0.0,6.6474760000000004e-18,1.6055084e-08,0.0,0.0099938195
0.0,0.0,9.325001e-18,2.7309826e-09,0.0,0.008833056
0.0,0.0,6.4702684e-18,5.64972e-10,0.0,0.008127116
0.0,0.0,4.381392e-18,6.9226522e-09,0.0,0.005369297
0.0,0.0,8.059141000000001e-17,1.5486735e-09,0.0,0.0003140431
0.0,0.0,8.970831e-17,3.60442e-10,0.0,8.2186605e-05
0.0,0.0,8.9529344e-17,1.1510589e-10,0.0,2.6841713e-05
0.0,0.0,4.0800757e-17,3.045648e-11,0.0,8.455211e-06
0.0,0.0,3.481188000000001e-17,6.7099694e-12,0.0,1.8681374e-06
0.0,0.0,1.4023845e-17,1.66103e-12,0.0,4.1646928e-07
0.0,0.0,1.3995866e-17,3.6270048e-13,0.0,9.921007e-08
0.0,0.0,1.3967944e-17,5.01363e-14,0.0,7.8834695e-05
0.0,0.0,8.649132e-18,1.7859978e-14,0.0,2.2486001e-05
0.0,0.0,3.18099e-17,3.6582362e-10,0.0,3.858282e-06
0.0,0.0,4.8599147e-17,1.6150033e-10,0.0,7.0425716e-07
0.0,0.0,4.850128e-17,3.4016838e-11,0.0,2.1292523e-07
0.0,0.0,4.138131000000001e-17,5.2330735e-12,0.0,3.758492e-08
0.0,0.0,1.5760337e-17,1.5690045e-12,0.0,3.187592e-08
0.0,0.0,1.5728598e-17,1.6839758e-13,0.0,2.4268225e-08
0.0,0.0,1.3419647000000001e-17,2.7708127e-14,0.0,5.9620833e-09
0.0,0.0,3.0368195e-18,5.8564997e-15,0.0,1.0860727e-09
0.0,0.0,3.5902987e-16,1.0160183e-15,0.0,2.0326497e-10
0.0,0.0,1.02185135e-16,1.7627278000000002e-16,0.0,4.136254e-11
0.0,0.0,1.8159304e-17,6.1688245e-17,0.0,1.1253948e-11
0.0,0.0,1.8122473e-17,5.463583399999999e-18,0.0,1.6554955e-12
0.0,0.0,1.8085715e-17,9.380262999999998e-19,0.0,3.2238925e-06
0.0,0.0,1.8049033e-17,1.329914e-19,0.0,2.3014923e-06
0.0,0.0,1.2283313e-17,2.2604218e-20,0.0,4.2993585e-07
0.0,0.0,1.2258399e-17,8.182786e-21,0.0,1.0216693e-07
0.0,0.0,1.0673066e-15,1.6315891e-21,0.0,1.6208288e-08
0.0,0.0,6.0686247e-16,1.8420837e-22,0.0,3.6660313e-09
0.0,0.0,4.3915964e-16,1.7864655e-19,0.0,8.544563e-10
0.0,0.0,2.988685e-16,2.4567253e-20,0.0,2.0646032e-10
0.0,0.0,2.5498879e-16,5.129884e-21,0.0,3.6865892e-11
0.0,0.0,2.5446934000000004e-16,1.1902041000000001e-21,0.0,6.1948203e-12
0.0,0.0,1.335762e-16,2.0805705e-22,0.0,1.0908681e-12
0.0,0.0,1.3330409000000002e-16,4.407426e-23,0.0,2.6118696e-13
0.0,0.0,1.3303252e-16,6.728299e-24,0.0,5.1505417e-14
0.0,0.0,6.506306000000001e-17,1.1902894e-24,0.0,1.0861691e-14
0.0,0.0,5.5166048e-17,1.8775308e-24,0.0,1.9523197e-15
0.0,0.0,5.505311e-17,5.751199e-25,0.0,3.8798954e-11
0.0,0.0,4.1626875e-17,1.0452974e-25,0.0,9.392462e-12
0.0,0.0,4.1541656e-17,2.0387115e-26,0.0,1.5919471e-12
0.0,0.0,4.145661000000001e-17,3.540225e-27,0.0,3.0600923e-13
0.0,0.0,4.1371743e-17,6.165726000000001e-28,0.0,5.2562067e-14
0.0,0.0,4.1287046e-17,1.1373306e-28,0.0,9.3681895e-15
0.0,0.0,4.120252000000001e-17,5.589117e-29,0.0,2.1587988e-15
0.0,0.0,2.0100398e-17,3.4767745000000005e-30,0.0,4.548087e-16
0.0,0.0,1.6658863e-17,6.0213510000000005e-31,0.0,7.882403e-17
0.0,0.0,3.8695714e-17,1.0657464e-31,0.0,1.12994625e-17
0.0,0.0,1.8646387e-16,2.0592989e-32,0.0,6.43543e-13
0.0,0.0,1.8607686e-16,4.4267663e-33,0.0,8.6360205e-13
0.0,0.0,1.4069283e-16,7.714233e-34,0.0,1.8492819e-13
0.0,0.0,5.667307000000001e-17,4.1650377e-32,0.0,3.6071294e-14
0.0,0.0,5.6555444e-17,2.5985175e-35,0.0,5.5379586e-15
0.0,0.0,2.4181527e-17,2.453916e-30,0.0,9.676887e-16
0.0,0.0,2.4131338e-17,4.4772196e-31,0.0,1.9361026e-16
0.0,0.0,1.1322115e-17,7.6321657e-32,0.0,3.6515746e-17
0.0,0.0,6.438219e-18,1.1473675e-32,0.0,6.4512474e-18
0.0,0.0,6.4247867e-18,2.1225472e-33,0.0,1.2167471e-18
0.0,0.0,2.4467446e-18,5.721341e-34,0.0,2.1400405e-19
0.0,0.0,2.4416400000000007e-18,7.345385e-35,0.0,3.4363012e-20
0.0,0.0,2.4365461e-18,1.36534e-35,0.0,1.3909630000000006e-17
0.0,0.0,1.2789301999999998e-18,2.2951082e-36,0.0,3.6164506e-18
0.0,0.0,1.0911046e-18,6.609411e-37,0.0,5.137668999999999e-19
0.0,0.0,1.0888281999999998e-18,1.1538278999999998e-37,0.0,9.6659215e-20
0.0,0.0,3.562875e-19,2.8903474e-38,0.0,1.8190859999999998e-20
0.0,0.0,2.7061981e-19,3.69256e-39,0.0,3.0648354e-21
0.0,0.0,1.1570823e-19,6.42874e-40,0.0,6.044774000000002e-22
0.0,0.0,1.1546683e-19,1.11419e-40,0.0,1.2173205000000001e-22
0.0,0.0,1.1522592e-19,7.3638e-41,0.0,2.6819942e-23
0.0,0.0,1.1498554e-19,2.0819e-41,0.0,4.885574e-24
0.0,0.0,1.1474564e-19,6.443e-42,0.0,7.3937467e-25
0.0,0.0,5.2287676e-20,1.71e-42,0.0,2.1423692e-25
0.0,0.0,2.3826624e-20,3.9e-44,0.0,2.5954784e-26
0.0,0.0,2.3776914e-20,8.000000000000001e-45,0.0,4.755006e-27
0.0,0.0,1.6180496e-20,1e-45,0.0,9.16856e-28
0.0,0.0,9.332384e-21,0.0,0.0,1.0608946e-08
0.0,0.0,5.501853e-21,0.0,0.0,6.8432895e-09
0.0,0.0,5.1897602e-21,0.0,0.0,1.2750183e-09
0.0,0.0,4.6127836e-21,0.0,0.0,2.0582813e-10
0.0,0.0,3.1390585e-21,0.0,0.0,3.7264317e-11
0.0,0.0,2.0259131e-21,0.0,0.0,1.0954944e-11
0.0,0.0,1.1097655e-21,2.2715e-41,0.0,2.6408652e-12
0.0,0.0,1.1074501e-21,5.028e-42,0.0,6.285912e-13
0.0,0.0,1.1051397e-21,1.062e-42,0.0,1.379052e-13
0.0,0.0,5.391145e-22,2.47e-43,0.0,3.957224e-14
0.0,0.0,1.1496699e-22,6.9e-44,0.0,1.0723748e-14
0.0,0.0,1.8885849e-23,1.8000000000000002e-44,0.0,2.4500775e-11
0.0,0.0,5.9063803e-24,4.000000000000001e-45,0.0,1.13511235e-10
0.0,0.0,4.620275e-25,1e-45,0.0,2.5008289e-11
0.0,0.0,9.7868703e-26,0.0,0.0,8.270554e-12
0.0,0.0,3.2196665e-26,1.4546382e-33,0.0,2.0223705e-07
0.0,0.0,1.4671049999999998e-26,3.6926665e-34,0.0,1.7875651e-07
0.0,0.0,1.4640009e-26,9.200689e-35,0.0,6.01458e-08
0.0,0.0,1.10688725e-26,2.6176365e-35,0.0,1.9943366e-08
0.0,0.0,9.253813e-27,6.564673e-36,0.0,0.00972464
0.0,0.0,5.8116303000000005e-27,1.5216889e-36,0.0,0.006240939
0.0,0.0,1.3769354e-27,3.6044306e-26,0.0,0.016522774
0.0,0.0,9.369945e-28,3.4098898000000004e-26,0.0,0.009105869
0.0,0.0,7.9936238e-28,1.1505297e-26,0.0,0.038147777
0.0,0.0,4.2470675e-28,2.9887914e-27,0.0,0.0055721565
0.0,0.0,1.9152028e-28,1.6057494999999999e-25,0.0,0.03847246
0.0,0.0,1.033232e-28,6.611645400000001e-26,0.0,0.057714533
0.0,0.0,4.0776707e-29,2.3241082000000003e-22,0.0,0.008858034
0.0,0.0,3.0830046e-29,4.0309265e-22,0.0,0.008604068
0.0,0.0,1.4524294e-29,1.4661818000000002e-22,0.0,0.06370978
0.0,0.0,1.0076972e-29,2.7888985e-12,0.0,0.035953276
0.0,0.0,3.1596596e-30,1.611807e-12,0.0,0.040945
0.0,0.0,5.5918675e-31,1.6696331e-12,0.0,0.0067606606
0.0,0.0,5.656545e-30,5.6331727e-12,0.0,0.08362648
0.0,0.0,4.3472015e-29,2.2256069e-12,0.0,0.02571195
0.0,0.0,3.2866912e-29,7.480023e-13,0.0,0.09978591
0.0,0.0,1.2474990000000001e-29,2.450919e-13,0.0,0.050841734
0.0,0.0,7.859618e-30,6.874506e-15,0.0,0.00617955
0.0,0.0,4.4157392e-26,2.6156255e-15,0.0,0.06759257
0.0,0.0,4.8225453e-25,9.368733e-16,0.0,0.020948334
0.0,0.0,4.6226366999999985e-25,4.3176556e-12,0.0,0.0452835
0.0,0.0,1.3276624e-25,2.820645e-12,0.0,0.12495591
0.0,0.0,1.4460626e-21,1.6576109e-12,0.0,0.1693047
0.0,0.0,8.391608999999999e-20,7.7621614e-08,0.0,0.15201673
0.0,0.0,6.965822700000002e-16,8.3716394e-08,0.0,0.13125584
0.0,0.0,6.3155126e-16,3.8309928e-08,0.0,0.092372395
0.0,0.0,3.9097013000000005e-16,0.006702761,0.0,0.04196976
0.0,0.0,1.539113e-13,0.005949095,0.0,0.0078115384
0.0,0.0,1.3388712e-13,0.009863584,0.0,0.029910628
0.0,0.0,1.261966e-13,0.04301141,0.0,0.009987261
0.0,0.0,1.2591299e-13,0.0071668746,0.0,0.034215707
0.0,0.0,4.5475576e-14,0.0077715092,0.0,0.023219055
0.0,0.0,4.5373376e-14,0.013867706,0.0,0.09950963
0.0,0.0,4.5271404e-14,0.038100794,0.0,0.031286433
0.0,0.0,2.57149e-14,0.005073725,0.0,0.009568339
0.0,0.0,1.1073836e-11,0.01999841,0.0,0.02904277
0.0,0.0,8.4901884e-11,0.0055554113,0.0,0.04646912
0.0,0.0,8.470986e-11,0.025855502,0.0,0.0075636753
0.0,0.0,7.225653e-11,0.008855131,0.0,0.08902104
0.0,0.0,3.0889125e-11,0.034850363,0.0,0.036542736
0.0,0.0,1.32048695e-11,0.0063860873,0.0,0.05807602
0.0,0.0,1.3175003e-11,0.009318822,0.0,0.028674161
0.0,0.0,1.1238125e-11,0.025477275,0.0,0.025209052
0.0,0.0,8.495567e-12,0.021885103,0.0,0.054280713
0.0,0.0,7.2466204e-12,0.037429713,0.0,0.016352627
0.0,0.0,4.486002e-12,0.006561906,0.0,0.07250485
0.0,0.0,4.4758555e-12,0.0101377,0.0,0.022268374
0.0,0.0,4.465732e-12,0.028764429,0.0,0.034578543
0.0,0.0,2.178112e-12,0.021368122,0.0,0.029174345
0.0,0.0,1.0240494e-12,0.026991747,0.0,0.065780394
0.0,0.0,4.7986197e-13,0.017693533,0.0,0.012701523
0.0,0.0,2.0513741e-13,0.043588955,0.0,0.06889031
0.0,0.0,9.772495e-14,0.009419403,0.0,0.03819965
0.0,0.0,1.7818402e-14,0.019906651,0.0,0.010466532
0.0,0.0,4.5241423e-15,0.026210383,0.0,0.032760307
0.0,0.0,1.0031269e-11,0.009841479,0.0,0.07414655
0.0,0.0,2.011105e-11,0.013629268,0.0,0.029611561
0.0,0.0,1.7154288e-11,0.020965302,0.0,0.010094692
0.0,0.0,1.4632235e-11,0.013538288,0.0,0.05370831
0.0,0.0,2.5369954e-12,0.029828558,0.0,0.017645972
0.0,0.0,4.734932e-13,0.0074395156,0.0,0.059670065
0.0,0.0,8.8387434e-14,0.013384382,0.0,0.013180292
0.0,0.0,6.557353e-11,0.01665283,0.0,0.039429605
0.0,0.0,4.6374935e-11,0.024983145,0.0,0.022901325
0.0,0.0,1.5933817e-11,0.013336134,0.0,0.011424004
0.0,0.0,1.589736e-11,0.018150559,0.0,0.024750726
0.0,0.0,1.5860986e-11,0.019620918,0.0,0.021127768
0.0,0.0,3.049633e-12,0.0190129,0.0,0.02122318
0.0,0.0,8.5197355e-13,0.011489428,0.0,0.010888921
0.0,0.0,8.500153e-13,0.0073768473,0.0,0.016733006
0.0,0.0,6.425535e-13,0.0083891805,0.0,0.019725172
0.0,0.0,3.9775648e-13,0.010589396,0.0,0.033012334
0.0,0.0,1.955981e-11,0.023416623,0.0,0.017792802
0.0,0.0,3.0300165e-11,0.016570391,0.0,0.009906108
0.0,0.0,2.2904581e-11,0.027505815,0.0,0.041411895
0.0,0.0,1.0086794e-11,0.008221172,0.0,0.018702105
0.0,0.0,5.513225e-12,0.0197569,0.0,0.021256853
0.0,0.0,1.6570574e-12,0.015980827,0.0,0.016972048
0.0,0.0,1.1273955e-12,0.03275242,0.0,0.036922097
0.0,0.0,4.540245e-13,0.0058368705,0.0,0.027559161
0.0,0.0,3.8725875e-13,0.0041926373,0.0,0.009666735
0.0,0.0,1.6554215e-13,0.0035608655,0.0,0.045194753
0.0,0.0,1.6515967e-13,0.002929679,0.0,0.005821068
0.0,0.0,3.0155227e-14,0.0011695211,0.0,0.01735194
0.0,0.0,4.7837142e-12,0.00037082582,0.0,0.014554808
0.0,0.0,6.2107875e-12,0.00014735723,0.0,0.026545353
0.0,0.0,3.2592486e-12,4.216183e-05,0.0,0.021352395
0.0,0.0,9.349892e-13,0.008156128,0.0,0.025277516
0.0,0.0,1.646073e-13,0.008665993,0.0,0.018905615
0.0,0.0,3.07943e-14,0.017241143,0.0,0.024562044
0.0,0.0,1.4964975e-14,0.025437362,0.0,0.02943664
0.0,0.0,2.7263325e-15,0.011458993,0.0,0.03170165
0.0,0.0,8.366074e-13,0.021883093,0.0,0.008215706
0.0,0.0,3.350787e-13,0.006527609,0.0,0.0039907987
0.0,0.0,1.4323394e-13,0.0077307,0.0,0.0038074
0.0,0.0,1.2216859e-13,0.00838959,0.0,0.013182039
0.0,0.0,2.1821583e-11,0.020895377,0.0,0.015004918
0.0,0.0,9.708028e-12,0.017378658,0.0,0.019800738
0.0,0.0,1.6810022e-12,0.016349005,0.0,0.016414395
0.0,0.0,4.6644555e-10,0.025052901,0.0,0.053075403
0.0,0.0,4.1828374e-10,0.014255582,0.0,0.008962239
0.0,0.0,2.2900237e-10,0.031083655,0.0,0.029777743
0.0,0.0,5.581842e-11,0.0053252014,0.0,0.0040777875
0.0,0.0,5.568736e-11,0.0038007812,0.0,0.00511263
0.0,0.0,4.2093756e-11,0.004174696,0.0,0.014972382
0.0,0.0,7.4398526e-12,0.0030291672,0.0,0.042448588
0.0,0.0,4.2255327e-12,0.0020312124,0.0,0.007463423
0.0,0.0,2.7040772e-12,0.0008152239,0.0,0.018159209
0.0,0.0,1.2031687e-12,0.0002749039,0.0,0.017302532
0.0,0.0,1.2003439e-12,7.304002e-05,0.0,0.016598754
0.0,0.0,4.570067e-13,2.4114815e-05,0.0,0.01698722
0.0,0.0,1.4978864e-13,6.2094873e-06,0.0,0.015818875
0.0,0.0,5.7029e-14,1.8726266e-06,0.0,0.026724286
0.0,0.0,3.2345783e-14,0.018797144,0.0,0.03365537
0.0,0.0,1.4752647e-14,0.00558941,0.0,0.016322453
0.0,0.0,1.1151442e-14,0.008872734,0.0,0.017333623
0.0,0.0,7.58671e-15,0.0091369385,0.0,0.037703212
0.0,0.0,6.4708176e-15,0.017766815,0.0,0.00916391
0.0,0.0,3.3956083e-15,0.05433194,0.0,0.027588017
0.0,0.0,3.3876356e-15,0.007183259,0.0,0.03617447
0.0,0.0,4.4311852e-13,0.0086787315,0.0,0.015306034
0.0,0.0,4.1544069e-13,0.01258029,0.0,0.027401526
0.0,0.0,4.1446179e-13,0.019226264,0.0,0.0149485795
0.0,0.0,2.1749001e-13,0.017103355,0.0,0.02943474
0.0,0.0,1.8549889e-13,0.029663071,0.0,0.021291438
0.0,0.0,8.4505936e-14,0.011218426,0.0,0.04167889
0.0,0.0,4.121295e-14,0.032664653,0.0,0.00896728
0.0,0.0,2.0099265e-14,0.0062958845,0.0,0.013034453
0.0,0.0,1.7142817e-14,0.0030518766,0.0,0.018716073
0.0,0.0,1.32354836e-14,0.0015988764,0.0,0.02508074
0.0,0.0,4.7343335e-15,0.00050364115,0.0,0.015535021
0.0,0.0,2.484355e-15,0.00016045675,0.0,0.033538602
0.0,0.0,2.1189253e-15,4.2232423e-05,0.0,0.0069771134
0.0,0.0,4.66702e-16,0.004836505,0.0,0.010968441
0.0,0.0,8.818931000000001e-17,0.018442074,0.0,0.039480425
0.0,0.0,2.1100315e-17,0.022413893,0.0,0.009098554
0.0,0.0,2.1050598e-17,0.016820611,0.0,0.019247862
0.0,0.0,3.6255716e-15,0.046169057,0.0,0.08226704
0.0,0.0,4.557049e-15,0.005786494,0.0,0.011223725
0.0,0.0,3.100265e-15,0.0062482376,0.0,0.049867526
0.0,0.0,3.0929338e-15,0.011494559,0.0,0.010172688
0.0,0.0,1.0626108e-15,0.036885418,0.0,0.06980688
0.0,0.0,4.2791125000000006e-16,0.006494308,0.0,0.02413535
0.0,0.0,1.6291584e-16,0.008849933,0.0,0.045954436
0.0,0.0,1.2932436e-16,0.011459546,0.0,0.015041665
0.0,0.0,3.8204822e-17,0.03619147,0.0,0.0779045
0.0,0.0,1.1348976e-15,0.005900485,0.0,0.02084317
0.0,0.0,1.7949098e-15,0.0052593984,0.0,0.018889781
0.0,0.0,6.166549e-16,0.0040183375,0.0,0.028480275
0.0,0.0,4.6611365e-16,0.0020105971,0.0,0.012538008
0.0,0.0,1.6013687000000002e-16,0.0008053471,0.0,0.051943664
0.0,0.0,5.5016240000000004e-17,0.00018115401,0.0,0.019731607
0.0,0.0,5.04136e-15,6.350437e-05,0.0,0.075336725
0.0,0.0,6.7774287e-15,2.1049133e-05,0.0,0.027201038
0.0,0.0,5.1228337e-15,6.5612235e-06,0.0,0.015077071
0.0,0.0,3.1708882e-15,2.080614e-06,0.0,0.04895508
0.0,0.0,1.1450639e-15,5.368666e-07,0.0,0.017537976
0.0,0.0,8.459432e-15,1.5597968e-07,0.0,0.037833214
0.0,0.0,5.1435796e-15,4.5511072e-08,0.0,0.015244284
0.0,0.0,2.7289428e-15,0.014695584,0.0,0.026868891
0.0,0.0,5.2146593e-16,0.017470209,0.0,0.018047081
0.0,0.0,2.481019e-16,0.043099824,0.0,0.048264492
0.0,0.0,6.047122e-17,0.005456027,0.0,0.017874734
0.0,0.0,4.113866e-17,0.008470031,0.0,0.03875894
0.0,0.0,2.5463352e-17,0.020505521,0.0,0.015920669
0.0,0.0,7.712078e-18,0.019946253,0.0,0.0063018454
0.0,0.0,6.7683417e-18,0.030671287,0.0,0.03797259
0.0,0.0,3.843956299999999e-18,0.008947312,0.0,0.014729649
0.0,0.0,3.8347456e-18,0.011195923,0.0,0.028917499
0.0,0.0,4.133679e-14,0.0135601275,0.0,0.0040361118
0.0,0.0,3.476432e-14,0.010481101,0.0,0.004901745
0.0,0.0,2.0188214e-14,0.006623296,0.0,0.0114274975
0.0,0.0,7.091598e-15,0.014765427,0.0,0.029374337
0.0,0.0,6.048167e-15,0.01476532,0.0,0.003432322
0.0,0.0,2.5851698e-15,0.0051946514,0.0,0.0011015285
0.0,0.0,5.3854e-12,0.0027567823,0.0,0.0010777194
0.0,0.0,7.414845e-12,0.0012155734,0.0,0.0035188769
0.0,0.0,7.396903e-12,0.00031786005,0.0,0.006847168
0.0,0.0,5.032006e-12,8.992428e-05,0.0,0.020744562
0.0,0.0,5.01983e-12,2.442254e-05,0.0,0.012852695
0.0,0.0,5.0076835e-12,6.501004e-06,0.0,0.023438815
0.0,0.0,4.9955665e-12,1.7637227e-06,0.0,0.0042836056
0.0,0.0,4.9834785e-12,4.4972714e-07,0.0,0.005305021
0.0,0.0,4.250177e-12,1.3006704e-07,0.0,0.013595966
0.0,0.0,1.0358966e-12,2.7347062e-08,0.0,0.01113646
0.0,0.0,4.1713066e-13,7.1656636e-09,0.0,0.018484702
0.0,0.0,4.1612132e-13,1.7832447e-09,0.0,0.01086631
0.0,0.0,3.548905e-13,0.0020377818,0.0,0.01889033
0.0,0.0,7.754001e-14,0.00047307689,0.0,0.011623349
0.0,0.0,3.913492e-13,9.787147e-05,0.0,0.013120687
0.0,0.0,5.2754323e-13,2.2581857e-05,0.0,0.014882668
0.0,0.0,2.2548346e-13,6.1817304e-06,0.0,0.0042147217
0.0,0.0,9.079607e-14,8.468088e-07,0.0,0.005251218
0.0,0.0,1.9192613e-14,5.0724384e-07,0.0,0.008864516
0.0,0.0,3.0429047e-13,3.910136e-08,0.0,0.0059839217
0.0,0.0,2.535973e-12,7.3715305e-09,0.0,0.0026722965
0.0,0.0,2.1627771e-12,1.6346018e-09,0.0,0.0017209098
0.0,0.0,2.157508e-12,6.042956e-09,0.0,0.0010991406
0.0,0.0,7.070839e-13,6.880404e-09,0.0,0.0006546023
0.0,0.0,7.053612e-13,2.6046074e-09,0.0,0.0006556033
0.0,0.0,3.2130884e-13,9.972063e-10,0.0,0.0012533214
0.0,0.0,2.185781e-13,1.2618634e-10,0.0,0.0018092783
0.0,0.0,2.1804558e-13,7.964898e-11,0.0,0.0032699236
0.0,0.0,1.2383002e-13,5.6037095e-11,0.0,0.003788306
0.0,0.0,1.2352833e-13,9.879654e-12,0.0,0.0057133036
0.0,0.0,2.9258954e-14,1.0031762e-15,0.0,0.0021255964
0.0,0.0,2.4953182e-14,2.73308e-13,0.0,0.0012349183
0.0,0.0,1.004788e-14,4.0917822e-17,0.0,0.00031364022
0.0,0.0,4.0459727e-15,6.033664e-18,0.0,7.1824565e-05
0.0,0.0,4.0361154e-15,4.0733204e-07,0.0,4.2176795e-05
0.0,0.0,9.91696e-16,9.347256e-08,0.0,1.2105426e-05
0.0,0.0,4.637192e-16,1.3086356e-08,0.0,2.3866405e-06
0.0,0.0,2.3162563000000003e-16,2.4694558e-09,0.0,5.260618e-07
0.0,0.0,3.510272e-14,4.931604e-10,0.0,1.5250349e-07
0.0,0.0,3.377556e-14,7.1905606e-11,0.0,3.0297084e-08
0.0,0.0,1.6162143e-11,1.34309066e-11,0.0,6.3185444e-09
0.0,0.0,1.5136581e-10,3.472369e-12,0.0,1.4698319e-09
0.0,0.0,1.5099395e-10,6.221554e-13,0.0,4.1052806e-10
0.0,0.0,1.5749185e-10,1.4785707e-13,0.0,0.00056402845
0.0,0.0,1.1903419e-10,2.3151821e-14,0.0,0.0032138051
0.0,0.0,1.01514935e-10,5.2380945e-15,0.0,0.0016969071
0.0,0.0,1.0126553e-10,1.1641987e-15,0.0,0.0014221823
0.0,0.0,4.6127914e-11,2.4320666e-16,0.0,0.0025008654
0.0,0.0,3.4864018e-11,5.4339940000000004e-17,0.0,0.0008173778
0.0,0.0,2.9732793e-11,9.5386126e-18,0.0,0.00024640892
0.0,0.0,2.9659743e-11,1.8041303e-18,0.0,0.0001807759
0.0,0.0,2.9586875e-11,4.1362833e-19,0.0,0.00017467773
0.0,0.0,2.9514183e-11,2.4961268e-19,0.0,0.00011073562
0.0,0.0,2.944167e-11,1.1126436e-20,0.0,5.8160284e-05
0.0,0.0,2.5108497e-11,1.9264962e-21,0.0,3.6492136e-05
0.0,0.0,2.504681e-11,6.841201e-21,0.0,3.5611953e-05
0.0,0.0,2.4985274e-11,5.8381627e-23,0.0,2.5703153e-05
0.0,0.0,1.031019e-11,1.136077e-05,0.0,2.630499e-05
0.0,0.0,1.028486e-11,2.8650572e-06,0.0,2.40293e-05
0.0,0.0,8.771151e-12,4.8535526e-07,0.0,2.284419e-05
0.0,0.0,4.602223e-12,8.485872e-08,0.0,2.0760766e-05
0.0,0.0,8.7320033e-13,1.1464104e-08,0.0,1.7051121e-05
0.0,0.0,1.5296336e-13,1.889801e-09,0.0,6.6754637e-06
0.0,0.0,9.634947e-14,4.1686896e-10,0.0,1.9477902e-06
0.0,0.0,9.6112754e-14,1.0174801e-10,0.0,5.468218e-07
0.0,0.0,9.587662e-14,1.5792628e-11,0.0,1.4947909e-07
0.0,0.0,9.5641065e-14,3.887968e-12,0.0,4.2541615e-08
0.0,0.0,9.540609e-14,4.7963754e-13,0.0,9.070034e-09
0.0,0.0,9.5171694e-14,1.07086716e-13,0.0,1.8242792e-09
0.0,0.0,5.4047743e-14,1.9688581e-14,0.0,4.5854304e-10
0.0,0.0,5.3914958e-14,3.1035323e-15,0.0,8.2811806e-11
0.0,0.0,5.3782496e-14,5.831982e-16,0.0,1.7900974e-11
0.0,0.0,5.3650362e-14,1.1462471000000002e-16,0.0,3.6003808e-12
0.0,0.0,5.3518554e-14,2.4711086000000002e-17,0.0,1.0561168e-12
0.0,0.0,5.3387067e-14,7.9857886e-18,0.0,2.3839882e-13
0.0,0.0,4.5529647e-14,5.6761826e-19,0.0,3.8195033e-14
0.0,0.0,2.5030478e-14,1.0277788e-19,0.0,7.30751e-15
0.0,0.0,1.1711392e-14,1.9910575e-20,0.0,1.2163959e-15
0.0,0.0,1.1682619e-14,2.4845751e-21,0.0,2.5644124e-16
0.0,0.0,1.1653916e-14,4.530477400000002e-22,0.0,4.705991000000001e-17
0.0,0.0,1.1625285e-14,9.642158000000001e-23,0.0,1.1734952399999998e-17
0.0,0.0,1.1596724e-14,2.5999669e-23,0.0,2.2597836e-18
0.0,0.0,9.889937e-15,4.5381176e-24,0.0,4.6282425e-19
0.0,0.0,8.434353e-15,6.3277772e-25,0.0,1.1402707e-19
0.0,0.0,8.413632e-15,1.3082087e-24,0.0,2.8293224999999997e-20
0.0,0.0,8.392961e-15,2.5445985e-25,0.0,4.757401e-21
0.0,0.0,3.122244e-15,1.2337757e-26,0.0,8.105569300000001e-22
0.0,0.0,1.3707531e-15,8.153997e-27,0.0,1.327107e-22
0.0,0.0,1.169008e-15,3.966969e-28,0.0,2.4580417e-23
0.0,0.0,1.1661359e-15,2.1657768000000003e-27,0.0,4.1678697e-24
0.0,0.0,1.1632709e-15,2.6958375e-28,0.0,2.7373352e-22
0.0,0.0,5.2988677e-16,5.1405584e-28,0.0,2.950042e-22
0.0,0.0,4.518989e-16,3.6640935e-31,0.0,6.118958e-10
0.0,0.0,4.5078866e-16,1.0130953e-29,0.0,2.7772282e-09
0.0,0.0,4.4968116e-16,7.7274634e-31,0.0,1.1570722e-09
0.0,0.0,3.8349785e-16,1.2549792e-31,0.0,5.909062e-06
0.0,0.0,3.8255565e-16,4.0861093e-34,0.0,3.0375393e-05
0.0,0.0,3.2625176e-16,7.203493999999998e-35,0.0,3.1724398e-05
0.0,0.0,2.33742e-16,2.2894016e-13,0.0,3.819448e-05
0.0,0.0,4.2061942000000004e-17,2.344425e-13,0.0,3.6756195e-05
0.0,0.0,7.814972499999999e-18,4.2804905e-14,0.0,1.9542136e-05
0.0,0.0,3.511936e-18,8.33058e-15,0.0,1.0128886e-05
0.0,0.0,2.604554e-18,1.6420832e-15,0.0,4.9170653e-06
0.0,0.0,7.571456e-19,3.726672e-16,0.0,2.2058225e-06
0.0,0.0,6.457102e-19,1.3448332e-16,0.0,1.003336e-06
0.0,0.0,6.441238e-19,2.838121e-17,0.0,3.9674163e-07
0.0,0.0,4.381717399999999e-19,7.1586e-18,0.0,1.4296691e-07
0.0,0.0,4.3709526e-19,1.7925634999999997e-18,0.0,4.5959247e-08
0.0,0.0,1.9910321e-19,4.9218394e-19,0.0,1.8229793e-08
0.0,0.0,1.9861405e-19,7.980809999999999e-20,0.0,5.5954965e-09
0.0,0.0,1.6938236999999998e-19,2.0015606e-20,0.0,1.3599408e-09
0.0,0.0,1.1522408e-19,5.731856800000001e-21,0.0,4.229893e-10
0.0,0.0,5.618830999999999e-20,1.773335e-21,0.0,1.7305761e-10
0.0,0.0,4.2467785e-20,1.5514768e-13,0.0,0.014155804
0.0,0.0,4.2363449999999995e-20,8.526449e-14,0.0,0.006801596
0.0,0.0,4.2259368e-20,3.0000653e-14,0.0,0.03460287
0.0,0.0,8.995043000000001e-18,8.128106e-15,0.0,0.0048720236
0.0,0.0,3.856070799999999e-18,3.5007406e-15,0.0,0.014207714
0.0,0.0,7.917170999999999e-19,9.90072e-16,0.0,0.031918425
0.0,0.0,1.5250062999999998e-19,3.017333e-16,0.0,0.004863395
0.0,0.0,1.1936605e-19,1.0501797e-16,0.0,0.05586903
0.0,0.0,5.901981199999999e-18,1.2865306e-15,0.0,0.011564619
0.0,0.0,1.4538045e-17,6.9647517e-16,0.0,0.049389273
0.0,0.0,3.5622608e-18,2.4030002000000003e-16,0.0,0.018875059
0.0,0.0,6.2977174e-19,8.14982e-17,0.0,0.0039709094
0.0,0.0,2.5170349e-19,2.8105036000000004e-17,0.0,0.0159402
0.0,0.0,1.9023345e-19,1.2460834e-17,0.0,0.051251043
0.0,0.0,1.8975911e-19,4.348097e-18,0.0,0.009648466
0.0,0.0,9.037402e-12,1.904449e-13,0.0,0.095267765
0.0,0.0,8.600639e-12,1.0860362e-12,0.0,0.012731303
0.0,0.0,3.1997742e-12,3.6474486e-13,0.0,0.020809667
0.0,0.0,1.7570667e-10,2.475624e-13,0.0,0.05165593
0.0,0.0,3.2271263e-10,1.722005e-07,0.0,0.08335661
0.0,0.0,1.2993435e-10,3.0715574e-07,0.0,0.06543807
0.0,0.0,4.4633068e-11,1.1129524e-07,0.0,0.03624922
0.0,0.0,4.452016e-11,4.368241e-08,0.0,0.004663137
0.0,0.0,2.3358019e-11,1.5132997e-08,0.0,0.030789984
0.0,0.0,2.3298929e-11,5.6399085e-09,0.0,0.012272688
0.0,0.0,1.986838e-11,0.016286084,0.0,0.02624238
0.0,0.0,1.9818116e-11,0.06573812,0.0,0.019060286
0.0,0.0,1.1253831e-11,0.009251981,0.0,0.05621239
0.0,0.0,3.5272718e-12,0.047079135,0.0,0.04256529
0.0,0.0,2.742368e-12,0.006472493,0.0,0.021423062
0.0,0.0,5.026361e-13,0.018452208,0.0,0.06289067
0.0,0.0,2.179348e-13,0.034168534,0.0,0.023944834
0.0,0.0,4.1336123e-14,0.020475507,0.0,0.034893908
0.0,0.0,4.123155e-14,0.024484871,0.0,0.013280525
0.0,0.0,8.317694e-15,0.040172152,0.0,0.06985024
0.0,0.0,1.831306e-15,0.0057264483,0.0,0.0102467965
0.0,0.0,1.0931721e-15,0.010498761,0.0,0.074327745
0.0,0.0,3.831111e-16,0.027533563,0.0,0.03526964
0.0,0.0,3.821419e-16,0.0103870025,0.0,0.023905586
0.0,0.0,3.8117518e-16,0.038603112,0.0,0.025551822
0.0,0.0,3.250507e-16,0.0061614793,0.0,0.026455002
0.0,0.0,3.2422838000000004e-16,0.011800464,0.0,0.029197184
0.0,0.0,1.2107294e-11,0.031035867,0.0,0.06223708
0.0,0.0,3.802701e-12,0.012145774,0.0,0.060121655
0.0,0.0,1.4863405e-12,0.03485022,0.0,0.05105827
0.0,0.0,7.5241186e-13,0.007918279,0.0,0.05231211
0.0,0.0,6.4161903e-13,0.024603274,0.0,0.044100456
0.0,0.0,3.3662913e-13,0.021798009,0.0,0.028566262
0.0,0.0,2.3148882e-13,0.034812354,0.0,0.030635897
0.0,0.0,1.7283771e-13,0.00823501,0.0,0.02627733
0.0,0.0,4.9399853e-14,0.027418273,0.0,0.021881493
0.0,0.0,1.6147757e-06,0.008399641,0.0,0.038673952
0.0,0.0,4.1233258e-07,0.027196657,0.0,0.033940412
0.0,0.0,3.5161176e-07,0.01999571,0.0,0.022079851
0.0,0.0,2.657263e-07,0.02238046,0.0,0.027221832
0.0,0.0,2.6504753e-07,0.018814942,0.0,0.024965784
0.0,0.0,4.609625e-08,0.025452975,0.0,0.035761632
0.0,0.0,1.21451516e-08,0.019652063,0.0,0.021972418
0.0,0.0,7.402282e-09,0.063434884,0.0,0.046303023
0.0,0.0,4.0006682e-09,0.023492131,0.0,0.011306315
0.0,0.0,3.2490495e-09,0.038287375,0.0,0.07250807
0.0,0.0,3.24075e-09,0.007303282,0.0,0.020857763
0.0,0.0,2.7635114e-09,0.022993382,0.0,0.022430548
0.0,0.0,2.7564522e-09,0.031346586,0.0,0.030218266
0.0,0.0,2.350532e-09,0.011715918,0.0,0.01620361
0.0,0.0,1.1461104e-09,0.01735269,0.0,0.039824884
0.0,0.0,8.66159e-10,0.029677108,0.0,0.016548462
0.0,0.0,4.2460938e-10,0.014278896,0.0,0.025049305
0.0,0.0,2.3961375e-10,0.016729956,0.0,0.011997171
0.0,0.0,1.02403135e-10,0.012252784,0.0,0.018416107
0.0,0.0,8.7323065e-11,0.02947993,0.0,0.02135402
0.0,0.0,7.446371e-11,0.01413286,0.0,0.022481918
0.0,0.0,6.3498054e-11,0.028077492,0.0,0.019559361
0.0,0.0,4.798788e-11,0.017026715,0.0,0.0135679
0.0,0.0,4.09211e-11,0.012429745,0.0,0.019942341
0.0,0.0,4.081657e-11,0.014915781,0.0,0.010622996
0.0,0.0,2.5259982e-11,0.01817452,0.0,0.028827688
0.0,0.0,2.5195457e-11,0.0155109465,0.0,0.01566699
0.0,0.0,2.5131097e-11,0.03835485,0.0,0.042256262
0.0,0.0,1.4270484e-11,0.011328248,0.0,0.01579562
0.0,0.0,1.8542985e-07,0.01599939,0.0,0.03953248
0.0,0.0,1.2358706e-06,0.02595688,0.0,0.021872204
0.0,0.0,7.949557e-07,0.012272768,0.0,0.04896123
0.0,0.0,1.828702e-07,0.018481327,0.0,0.008492322
0.0,0.0,3.7761183e-08,0.059140645,0.0,0.045981776
0.0,0.0,2.8537254e-08,0.018565862,0.0,0.028565468
0.0,0.0,2.4334554e-08,0.015492487,0.0,0.022215884
0.0,0.0,4.3171977e-09,0.015752383,0.0,0.030464357
0.0,0.0,1.2413731e-09,0.028275555,0.0,0.02601244
0.0,0.0,8.350785e-10,0.01029589,0.0,0.03513199
0.0,0.0,1.7739608e-10,0.006791024,0.0,0.008186291
0.0,0.0,3.1605853e-11,0.0042840336,0.0,0.021728834
0.0,0.0,3.152479e-11,0.0041581825,0.0,0.014627952
0.0,0.0,1.3472532e-11,0.003278885,0.0,0.046560206
0.0,0.0,6.569087e-12,0.0014121933,0.0,0.0252234
0.0,0.0,5.6016533e-12,0.00024645592,0.0,0.012102037
0.0,0.0,2.7313163e-12,9.0261434e-05,0.0,0.030536069
0.0,0.0,1.1693301e-12,2.4327608e-05,0.0,0.008588638
0.0,0.0,7.4226955e-07,7.8233215e-06,0.0,0.024857368
0.0,0.0,5.3157805e-07,1.9994434e-06,0.0,0.0127871595
0.0,0.0,3.4245838e-07,5.023241e-07,0.0,0.032107256
0.0,0.0,2.2976471e-07,0.009708363,0.0,0.008480991
0.0,0.0,1.0330846e-07,0.010409691,0.0,0.014945039
0.0,0.0,3.9323517e-08,0.012229612,0.0,0.03491989
0.0,0.0,1.4197652e-08,0.024392454,0.0,0.01858249
0.0,0.0,7.012294e-09,0.018190922,0.0,0.08840202
0.0,0.0,4.339556e-09,0.022361958,0.0,0.026203701
0.0,0.0,4.3283577e-09,0.027816238,0.0,0.0145281935
0.0,0.0,1.5627422e-09,0.020724293,0.0,0.06229633
0.0,0.0,1.5587095e-09,0.015775297,0.0,0.031232521
0.0,0.0,7.629903e-10,0.008998286,0.0,0.018070653
0.0,0.0,3.4397057e-10,0.009193003,0.0,0.02389782
0.0,0.0,3.4308295e-10,0.011816162,0.0,0.021325635
0.0,0.0,1.2386919e-10,0.020130374,0.0,0.023713365
0.0,0.0,3.5765155e-11,0.017282832,0.0,0.012490973
0.0,0.0,3.5672864e-11,0.017012438,0.0,0.02977197
0.0,0.0,3.558081e-11,0.020720815,0.0,0.014186608
0.0,0.0,1.1151488e-11,0.031346742,0.0,0.046609085
0.0,0.0,1.1122711e-11,0.009279973,0.0,0.017249376
0.0,0.0,6.883287e-12,0.014126728,0.0,0.028634274
0.0,0.0,5.201824e-12,0.021847526,0.0,0.009604331
0.0,0.0,2.7290587e-12,0.010660143,0.0,0.019731859
0.0,0.0,1.4317597e-12,0.023408588,0.0,0.02375058
0.0,0.0,5.576943e-13,0.025334794,0.0,0.023012955
0.0,0.0,1.4463687e-13,0.018145487,0.0,0.03534885
0.0,0.0,1.0930469e-13,0.01476302,0.0,0.012186083
0.0,0.0,2.3374726e-14,0.030914387,0.0,0.06218066
0.0,0.0,1.1531605e-09,0.015322988,0.0,0.014448483
0.0,0.0,2.3918807e-09,0.021938602,0.0,0.040831435
0.0,0.0,5.0310944e-10,0.013658493,0.0,0.018272055
0.0,0.0,4.290051e-10,0.02532687,0.0,0.032358535
0.0,0.0,7.439666e-11,0.019955467,0.0,0.011970555
0.0,0.0,2.0276726e-11,0.015737463,0.0,0.035765782
0.0,0.0,2.0224197e-11,0.032451373,0.0,0.0300423
0.0,0.0,1.745859e-05,0.018066673,0.0,0.041433357
0.0,0.0,9.312877e-05,0.041740112,0.0,0.029519562
0.0,0.0,4.6839643e-05,0.0054776133,0.0,0.02711762
0.0,0.0,4.1066964e-05,0.007844401,0.0,0.035225965
0.0,0.0,2.8950066e-05,0.025538566,0.0,0.029390475
0.0,0.0,2.8874698e-05,0.02619161,0.0,0.015882134
0.0,0.0,2.8799524e-05,0.025075585,0.0,0.052350335
0.0,0.0,2.7600636e-05,0.022856573,0.0,0.05373396
0.0,0.0,2.1034697e-05,0.030847093,0.0,0.02792846
0.0,0.0,1.3368959e-05,0.010219246,0.0,0.023678618
0.0,0.0,7.013779e-06,0.022827996,0.0,0.038584996
0.0,0.0,5.410357e-06,0.01932201,0.0,0.012449161
0.0,0.0,1.7582244e-06,0.018278776,0.0,0.036109436
0.0,0.0,1.0076369e-06,0.019887045,0.0,0.027725218
0.0,0.0,2.2095332e-07,0.019102195,0.0,0.031844728
0.0,0.0,4.7067573e-08,0.04004471,0.0,0.031245643
0.0,0.0,8.764655e-09,0.013078579,0.0,0.026987577
0.0,0.0,3.5286678e-09,0.05264081,0.0,0.030551791
0.0,0.0,8.03451e-10,0.0066204267,0.0,0.037254386
0.0,0.0,1.3969174e-10,0.017499898,0.0,0.018041553
0.0,0.0,1.3932801e-10,0.018549085,0.0,0.02966211
0.0,0.0,8.7178965e-11,0.026604142,0.0,0.024513772
0.0,0.0,1.566071e-05,0.014936991,0.0,0.059658
0.0,0.0,3.398123e-05,0.025337113,0.0,0.025404155
0.0,0.0,2.169467e-05,0.0153858485,0.0,0.051683117
0.0,0.0,2.1637967e-05,0.023118662,0.0,0.032550775
0.0,0.0,1.5420079e-05,0.031439863,0.0,0.026334282
0.0,0.0,1.2771749e-05,0.011324974,0.0,0.027342046
0.0,0.0,1.7583961e-05,0.017907003,0.0,0.019614965
0.0,0.0,1.4235172e-05,0.016861938,0.0,0.02815077
0.0,0.0,1.4197956e-05,0.021868436,0.0,0.018216124
0.0,0.0,1.6130813e-05,0.019293655,0.0,0.036540028
0.0,0.0,1.9091754e-05,0.014391845,0.0,0.014848007
0.0,0.0,1.6918848e-05,0.015847731,0.0,0.027682502
0.0,0.0,1.1929643e-05,0.017806502,0.0,0.009076978
0.0,0.0,4.139804e-05,0.018763538,0.0,0.025338145
0.0,0.0,2.9174844e-05,0.014244056,0.0,0.010484178
0.0,0.0,1.9760826e-05,0.009415717,0.0,0.018510511
0.0,0.0,1.5687943e-05,0.008532707,0.0,0.013777685
0.0,0.0,1.3376895e-05,0.01572305,0.0,0.029611278
0.0,0.0,1.3341894e-05,0.018634137,0.0,0.00996555
0.0,0.0,1.3306984e-05,0.009339755,0.0,0.0127816405
0.0,0.0,1.3272166e-05,0.008367835,0.0,0.023297831
0.0,0.0,1.3237439e-05,0.013036589,0.0,0.012383017
0.0,0.0,5.6570498e-06,0.009747463,0.0,0.017427467
0.0,0.0,4.9668597e-06,0.004699667,0.0,0.009544108
0.0,0.0,1.6414489e-06,0.0025478317,0.0,0.014792266
0.0,0.0,6.6084465e-07,0.0005343409,0.0,0.009782839
0.0,0.0,5.6349245e-07,0.00012814609,0.0,0.015399165
0.0,0.0,2.747399e-07,2.3549874e-05,0.0,0.0044063265
0.0,0.0,2.7402103e-07,9.656038e-06,0.0,0.002894487
0.0,0.0,2.3365367e-07,7.931799e-07,0.0,0.0048615118
0.0,0.0,7.322756e-08,1.9502895e-07,0.0,0.0027195993
0.0,0.0,6.244005e-08,5.237224e-08,0.0,0.00754759
0.0,0.0,3.044364e-08,1.32594105e-08,0.0,0.015768213
0.0,0.0,2.595884e-08,2.9340248e-09,0.0,0.0067073414
0.0,0.0,2.5890918e-08,4.791432e-10,0.0,0.012702673
0.0,0.0,2.20768e-08,1.1928873e-10,0.0,0.007927743
0.0,0.0,1.3661729e-08,2.685843e-11,0.0,0.012081424
0.0,0.0,1.3625982e-08,5.458868e-05,0.0,0.014038667
0.0,0.0,5.186431e-09,0.0020302015,0.0,0.015552233
0.0,0.0,5.1728604e-09,0.002813153,0.0,0.006423558
0.0,0.0,3.9090824e-09,0.0014158787,0.0,0.006828121
0.0,0.0,2.4190472e-09,0.003398387,0.0,0.010350339
0.0,0.0,2.4127176e-09,0.0010418108,0.0,0.0062724855
0.0,0.0,9.713527e-10,0.0011637862,0.0,0.0049038543
0.0,0.0,3.6972403e-10,0.0004912629,0.0,0.0022128967
0.0,0.0,3.6875664e-10,0.00084818085,0.0,0.002117233
0.0,0.0,3.144333e-10,0.00091270293,0.0,0.00078046275
0.0,0.0,2.681126e-10,0.0010053096,0.0,0.0017602354
0.0,0.0,1.079413e-10,0.0019157415,0.0,0.0020532282
0.0,0.0,1.0765887e-10,0.00076148025,0.0,0.002532162
0.0,0.0,1.0737717e-10,0.0005833302,0.0,0.0013242828
0.0,0.0,1.07096214e-10,0.0011383315,0.0,0.0019457459
0.0,0.0,5.6184387e-11,0.00041098555,0.0,0.0007322701
0.0,0.0,5.603738e-11,0.0004911842,0.0,0.00071168225
0.0,0.0,5.5890754e-11,0.0015783901,0.0,0.0014846566
0.0,0.0,5.5744513e-11,0.0005334681,0.0,0.0008197456
0.0,0.0,5.5598654e-11,0.00031561183,0.0,0.0006086169
0.0,0.0,5.545318e-11,0.000347625,0.0,0.0009824304
0.0,0.0,3.1486667e-11,0.0004731609,0.0,0.00081879226
0.0,0.0,3.140428e-11,0.000715311,0.0,0.00094072666
0.0,0.0,3.1322108e-11,0.0004984254,0.0,0.00045280243
0.0,0.0,3.1240153e-11,0.00036696077,0.0,0.00053493696
0.0,0.0,1.9332261e-11,0.0024973333,0.0,0.0037918997
0.0,0.0,1.9281677e-11,0.00065441855,0.0,0.0025015029
0.0,0.0,1.9231226e-11,0.000345501,0.0,0.0023564645
0.0,0.0,1.9180907e-11,0.0007672571,0.0,0.00090397854
0.0,0.0,1.6355273e-11,0.0001569263,0.0,0.0010287379
0.0,0.0,8.580238e-12,2.7482633e-05,0.0,0.00082330604
0.0,0.0,8.557788e-12,4.921783e-06,0.0,0.0010531086
0.0,0.0,8.535396e-12,1.2274918e-06,0.0,0.00060351373
0.0,0.0,3.248811e-12,1.5036977e-07,0.0,0.00126371
0.0,0.0,9.834918e-13,1.4916502e-07,0.0,0.000626688
0.0,0.0,9.809185e-13,7.8333564e-08,0.0,0.00047541357
0.0,0.0,9.783518e-13,7.930104e-10,0.0,0.00083130883
0.0,0.0,7.847298e-13,1.373179e-10,0.0,0.0004763648
0.0,0.0,7.1600256e-13,1.3018304e-09,0.0,0.00027043305
0.0,0.0,7.141291e-13,1.2114397e-10,0.0,0.00016207289
0.0,0.0,7.1226055e-13,7.35032e-13,0.0,9.2292954e-05
0.0,0.0,7.103969e-13,1.2737607e-13,0.0,0.000103980325
0.0,0.0,6.0574484e-13,2.7123577e-14,0.0,4.667966e-05
0.0,0.0,6.041599e-13,5.1977313e-15,0.0,2.6089236e-05
0.0,0.0,2.7515962e-13,7.598943e-12,0.0,3.4564884e-05
0.0,0.0,2.7443965e-13,2.563383e-12,0.0,2.5206184e-05
0.0,0.0,2.7372156e-13,6.7756174e-12,0.0,5.143603e-05
0.0,0.0,2.7300536e-13,1.3486729e-12,0.0,5.7961395e-05
0.0,0.0,2.7229103e-13,2.6120095e-13,0.0,5.5821478e-05
0.0,0.0,2.7157855e-13,1.3371008e-19,0.0,6.287744e-05
0.0,0.0,2.7086796e-13,2.2315833999999998e-20,0.0,0.00010942347
0.0,0.0,1.2336456e-13,5.350545e-21,0.0,5.04934e-05
0.0,0.0,1.2304177e-13,1.0990599e-21,0.0,4.2516596e-05
0.0,0.0,1.2271983e-13,5.441097500000001e-22,0.0,2.593501e-05
0.0,0.0,1.2239873e-13,6.3672075e-23,0.0,5.6267658e-05
0.0,0.0,1.2207847e-13,6.0121874e-24,0.0,6.2329345e-05
0.0,0.0,7.554549e-14,1.0511475e-24,0.0,4.3476877e-05
0.0,0.0,7.534782e-14,1.9470542e-25,0.0,2.3960567e-05
0.0,0.0,7.5150674e-14,3.522391e-26,0.0,2.8072664e-05
0.0,0.0,7.495404e-14,6.2939733e-27,0.0,3.0429763e-05
0.0,0.0,7.4757915e-14,1.2318702e-27,0.0,2.7794595e-05
0.0,0.0,7.456231e-14,6.527212000000001e-27,0.0,3.8885737e-05
0.0,0.0,7.4367216e-14,3.7806905e-29,0.0,4.8169662e-05
0.0,0.0,7.417263e-14,6.645324e-30,0.0,7.1028015e-05
0.0,0.0,6.658843e-14,1.2144912e-30,0.0,0.00010571373
0.0,0.0,3.6674955e-14,2.1077166e-31,0.0,0.00013878678
0.0,0.0,3.6578992e-14,1.7770310000000001e-29,0.0,0.00012867719
0.0,0.0,8.220749e-15,1.16188525e-29,0.0,0.0001253218
0.0,0.0,8.199239e-15,1.9001984e-09,0.0,0.00013035836
0.0,0.0,8.1777855e-15,2.217761e-08,0.0,0.00015283756
0.0,0.0,8.156388e-15,2.2946322e-08,0.0,0.00017069669
0.0,0.0,8.135046e-15,2.841327e-08,0.0,0.00025486774
0.0,0.0,8.11376e-15,3.436254e-08,0.0,0.0002095161
0.0,0.0,8.09253e-15,6.85577e-08,0.0,0.00042744877
0.0,0.0,3.45827e-15,3.8797972e-07,0.0,0.0015386496
0.0,0.0,3.4492213e-15,3.6313713e-07,0.0,0.00081576227
0.0,0.0,1.0809927e-15,2.380532e-07,0.0,0.00074714224
0.0,0.0,1.0781641e-15,1.8438163e-07,0.0,0.0010295645
0.0,0.0,3.8925436e-16,7.3915226e-07,0.0,0.0023938434
0.0,0.0,3.3191142000000004e-16,6.863326e-07,0.0,0.00092092843
0.0,0.0,2.8301594e-16,5.19121e-07,0.0,0.000495191
0.0,0.0,2.822754e-16,6.548059e-07,0.0,0.002197313
0.0,0.0,1.2855999e-16,1.3743863e-06,0.0,0.0021571435
0.0,0.0,1.0962118999999999e-16,2.0684222e-06,0.0,0.003530041
0.0,0.0,1.09334364e-16,7.975058e-06,0.0,0.002251681
0.0,0.0,1.09048286e-16,9.110086e-06,0.0,0.005652346
0.0,0.0,9.298385e-17,8.379215e-06,0.0,0.00848209
0.0,0.0,7.0267034e-17,5.0194917e-06,0.0,0.0052292557
0.0,0.0,7.0083175e-17,2.8331315e-06,0.0,0.0050477996
0.0,0.0,5.2961205e-17,3.391545e-06,0.0,0.009940568
0.0,0.0,3.602163e-17,3.508944e-06,0.0,0.021614302
0.0,0.0,9.048388e-18,2.2637012e-05,0.0,0.0050093387
0.0,0.0,5.136949e-18,5.2066875e-06,0.0,0.011536639
0.0,0.0,5.123508000000001e-18,1.2877055e-06,0.0,0.01730706
0.0,0.0,5.110102199999999e-18,3.4269618e-07,0.0,0.012112093
0.0,0.0,5.0967312e-18,9.964462e-08,0.0,0.019609401
0.0,0.0,5.0833954e-18,2.8846005e-08,0.0,0.023793276
0.0,0.0,3.7902505e-15,8.6392e-09,0.0,0.019509662
0.0,0.0,2.985901e-14,2.5047588e-09,0.0,0.018901035
0.0,0.0,2.5460018e-14,5.322032e-10,0.0,0.010226375
0.0,0.0,1.1595411e-14,1.7421001e-10,0.0,0.07735781
0.0,0.0,2.3296394e-15,4.405581e-11,0.0,0.05282507
0.0,0.0,4.3651695000000005e-16,1.621602e-11,0.0,0.032614432
0.0,0.0,8.1931816e-17,4.9966403e-12,0.0,0.022631206
0.0,0.0,1.0897591e-13,2.3399776e-12,0.0,0.070845336
0.0,0.0,4.2517487e-13,0.029060418,0.0,0.031152504
0.0,0.0,1.816901e-13,0.010846133,0.0,0.030654116
0.0,0.0,1.3729806e-13,0.047917712,0.0,0.0429308
0.0,0.0,1.0375226e-13,0.00820767,0.0,0.021903865
0.0,0.0,5.8909705e-14,0.022771884,0.0,0.03946966
0.0,0.0,1.876483e-14,0.010785449,0.0,0.007711361
0.0,0.0,7.839246e-15,0.044337016,0.0,0.069676146
0.0,0.0,2.51738e-15,0.005390732,0.0,0.071636446
0.0,0.0,5.524596e-16,0.008832116,0.0,0.042450204
0.0,0.0,3.193036e-16,0.02753629,0.0,0.045021057
0.0,0.0,2.3058566e-16,0.014736606,0.0,0.030110387
0.0,0.0,9.9932305e-17,0.030780898,0.0,0.03284195
0.0,0.0,9.297778e-14,0.016058888,0.0,0.03747116
0.0,0.0,2.5548547e-13,0.076974474,0.0,0.035774395
0.0,0.0,8.749116e-14,0.052862164,0.0,0.049403053
0.0,0.0,4.5443802e-14,0.03253464,0.0,0.02956749
0.0,0.0,4.6802224e-08,0.028849252,0.0,0.030886762
0.0,0.0,7.584202e-08,0.021921055,0.0,0.03126947
0.0,0.0,3.697627e-08,0.025774084,0.0,0.045434836
0.0,0.0,3.1527655e-08,0.03672275,0.0,0.03963777
0.0,0.0,9.8539426e-09,0.030004444,0.0,0.047386423
0.0,0.0,5.6235843e-09,0.023676125,0.0,0.028578997
0.0,0.0,2.8510518e-09,0.03285201,0.0,0.030053424
0.0,0.0,6.440952e-10,0.007877024,0.0,0.025451541
0.0,0.0,1.2707818e-10,0.04418256,0.0,0.05577643
0.0,0.0,2.3559953e-11,0.017577512,0.0,0.022422707
0.0,0.0,8.885329e-12,0.038315546,0.0,0.04291483
0.0,0.0,5.49823e-12,0.00736288,0.0,0.023356568
0.0,0.0,2.3495103e-12,0.012087545,0.0,0.030921765
0.0,0.0,2.0032997e-12,0.03289406,0.0,0.024810888
0.0,0.0,9.12344e-13,0.009219029,0.0,0.02863126
0.0,0.0,7.779061e-13,0.023337558,0.0,0.012270101
0.0,0.0,3.5427447e-13,0.04881086,0.0,0.11059688
0.0,0.0,3.5333113e-13,0.010308936,0.0,0.052797843
0.0,0.0,3.0126623e-13,0.035780806,0.0,0.025479903
0.0,0.0,2.2765354e-13,0.008174896,0.0,0.051517155
0.0,0.0,7.1700255e-14,0.061428502,0.0,0.034034777
0.0,0.0,2.2358097e-14,0.019109456,0.0,0.027039908
0.0,0.0,1.6895023e-14,0.03419679,0.0,0.032618005
0.0,0.0,0.00052549713,0.011709128,0.0,0.023183612
0.0,0.0,0.00041208885,0.056557037,0.0,0.06286945
0.0,0.0,0.00035647443,0.010350426,0.0,0.019879859
0.0,0.0,0.00028933756,0.027322242,0.0,0.05324266
0.0,0.0,0.00023562986,0.039229512,0.0,0.019712789
0.0,0.0,0.00054428575,0.019670825,0.0,0.081478536
0.0,0.0,0.03084753,0.0368166,0.0,0.03152958
0.0,0.0,0.023916665,0.012506712,0.0,0.029353073
0.0,0.0,0.007629597,0.07019189,0.0,0.026618578
0.0,0.0,0.0049567167,0.016735677,0.0,0.0331594
0.0,0.0,0.009136627,0.06092102,0.0,0.014902421
0.0,0.0,0.0066635595,0.02381647,0.0,0.096000776
0.0,0.0,0.0017575064,0.025374385,0.0,0.065684505
0.0,0.0,0.0041654827,0.013047642,0.0,0.032969274
0.0,0.0,0.0025788823,0.05119671,0.0,0.04204889
0.0,0.0,0.001065832,0.018957192,0.0,0.02582465
0.0,0.0,0.0005096634,0.03168628,0.0,0.023983663
0.0,0.0,0.00043651438,0.008470706,0.0,0.016216174
0.0,0.0,0.013081176,0.009324879,0.0,0.021757927
0.0,0.0,0.013046181,0.019655077,0.0,0.017652575
0.0,0.0,0.0130112795,0.027398206,0.0,0.04060416
0.0,0.0,0.008869895,0.011474285,0.0,0.018342819
0.0,0.0,0.0075540263,0.033804826,0.0,0.042350885
0.0,0.0,0.0038344006,0.01300123,0.0,0.029682862
0.0,0.0,0.0027366937,0.02693029,0.0,0.026574587
0.0,0.0,0.010974398,0.0051451456,0.0,0.019827187
0.0,0.0,0.010945033,0.016757177,0.0,0.030707426
0.0,0.0,0.008272798,0.037353024,0.0,0.0075194803
0.0,0.0,0.0070112897,0.006497958,0.0,0.042790852
0.0,0.0,0.0043993816,0.008440788,0.0,0.025345124
0.0,0.0,0.0021595675,0.011544246,0.0,0.020613758
0.0,0.0,0.0018417061,0.01255659,0.0,0.022816248
0.0,0.0,0.0012537536,0.023204604,0.0,0.01710787
0.0,0.0,0.0003470252,0.0077809286,0.0,0.013605838
0.0,0.0,0.00013884592,0.008666546,0.0,0.045174062
0.0,0.0,6.3182655e-05,0.02146379,0.0,0.017243262
0.0,0.0,4.9445287e-05,0.015459223,0.0,0.03237692
0.0,0.0,8.658246e-06,0.029645761,0.0,0.014933002
0.0,0.0,1.5000386e-06,0.015595914,0.0,0.044027865
0.0,0.0,2.7627914e-07,0.030069277,0.0,0.01107677
0.0,0.0,5.1805632e-08,0.017683584,0.0,0.043109685
0.0,0.0,2.8363692e-08,0.015620163,0.0,0.017865026
0.0,0.0,2.8287799e-08,0.010626201,0.0,0.02706392
0.0,0.0,2.4119155e-08,0.025660045,0.0,0.0128093995
0.0,0.0,4.1763895e-09,0.00953969,0.0,0.030134136
0.0,0.0,2.1225782e-05,0.015755504,0.0,0.01806739
0.0,0.0,1.5746835e-05,0.06411095,0.0,0.059878703
0.0,0.0,1.23415275e-05,0.017448593,0.0,0.016028415
0.0,0.0,3.183607e-05,0.015180237,0.0,0.024744047
0.0,0.0,1.6959953e-05,0.01700955,0.0,0.011868696
0.0,0.0,1.691443e-05,0.03178705,0.0,0.030170478
0.0,0.0,1.3675565e-05,0.013807626,0.0,0.007918732
0.0,0.0,1.1264831e-05,0.024398008,0.0,0.026142936
0.0,0.0,1.1234594e-05,0.010102625,0.0,0.015243032
0.0,0.0,1.0168855e-05,0.036168497,0.0,0.06045266
0.0,0.0,8.978174e-06,0.017298754,0.0,0.01409716
0.0,0.0,1.0593548e-05,0.0139874285,0.0,0.034223877
0.0,0.0,1.0565111e-05,0.01691206,0.0,0.013932678
0.0,0.0,9.030965e-06,0.018783756,0.0,0.02828126
0.0,0.0,7.966134e-06,0.018547967,0.0,0.008781216
0.0,0.0,7.3075867e-06,0.02506673,0.0,0.027596021
0.0,0.0,8.985817e-06,0.024733594,0.0,0.01740174
0.0,0.0,8.300172e-06,0.012136771,0.0,0.036546938
0.0,0.0,9.606172e-06,0.013793416,0.0,0.006908577
0.0,0.0,8.743408e-06,0.026980298,0.0,0.029188901
0.0,0.0,7.757731e-06,0.008524799,0.0,0.013005497
0.0,0.0,8.91071e-06,0.0392948,0.0,0.05828324
0.0,0.0,2.2462698e-05,0.006989755,0.0,0.03132899
0.0,0.0,1.5038511e-05,0.011285787,0.0,0.0244145
0.0,0.0,1.4150455e-05,0.0251563,0.0,0.02789958
0.0,0.0,1.2889137e-05,0.014495642,0.0,0.028585045
0.0,0.0,1.285452e-05,0.03771848,0.0,0.029039035
0.0,0.0,1.2050776e-05,0.018650603,0.0,0.019721635
0.0,0.0,1.2018409e-05,0.03453303,0.0,0.03774068
0.0,0.0,1.4359224e-05,0.00762982,0.0,0.01076313
0.0,0.0,1.2382631e-05,0.030063981,0.0,0.030656898
0.0,0.0,1.0543106e-05,0.012524356,0.0,0.010130297
0.0,0.0,3.6946174e-06,0.0121840155,0.0,0.023559244
0.0,0.0,6.4278936e-07,0.015532071,0.0,0.030826898
0.0,0.0,1.1690221e-07,0.036640286,0.0,0.026861075
0.0,0.0,2.1658128e-08,0.009848763,0.0,0.041152928
0.0,0.0,8.0315e-09,0.0198769,0.0,0.012083781
0.0,0.0,1.4311567e-09,0.027970934,0.0,0.032522995
0.0,0.0,5.761392e-10,0.015412908,0.0,0.021459758
0.0,0.0,1.637732e-10,0.02065203,0.0,0.037203178
0.0,0.0,2.8508484e-11,0.029971747,0.0,0.012342971
0.0,0.0,1.03232e-11,0.007321538,0.0,0.06733874
0.0,0.0,4.4112192e-12,0.055538993,0.0,0.045602743
0.0,0.0,3.1583354e-06,0.028390747,0.0,0.033706944
0.0,0.0,4.7085632e-05,0.01782918,0.0,0.02600202
0.0,0.0,4.1167295e-05,0.02388992,0.0,0.031503282
0.0,0.0,2.9898658e-05,0.036980357,0.0,0.031241957
0.0,0.0,2.508011e-05,0.014815239,0.0,0.008754052
0.0,0.0,2.5012556e-05,0.04322126,0.0,0.06689161
0.0,0.0,2.162161e-05,0.0071060173,0.0,0.04212558
0.0,0.0,2.879447e-05,0.010138065,0.0,0.03345057
0.0,0.0,2.6992231e-05,0.015211263,0.0,0.017373672
0.0,0.0,2.4114606e-05,0.017765885,0.0,0.034286976
0.0,0.0,2.0401585e-05,0.029328141,0.0,0.045738652
0.0,0.0,2.1751192e-05,0.019229572,0.0,0.04794407
0.0,0.0,2.1782938e-05,0.03355158,0.0,0.026690435
0.0,0.0,2.0162257e-05,0.007649348,0.0,0.06861811
0.0,0.0,1.9757037e-05,0.029112525,0.0,0.025441537
0.0,0.0,2.1477223e-05,0.014943673,0.0,0.051982965
0.0,0.0,2.6902577e-05,0.02226265,0.0,0.031745203
0.0,0.0,2.2680459e-05,0.023835534,0.0,0.037039246
0.0,0.0,1.8161509e-05,0.033237558,0.0,0.030699162
0.0,0.0,1.532673e-05,0.012717059,0.0,0.01886596
0.0,0.0,1.6123424e-05,0.025214804,0.0,0.033143762
0.0,0.0,1.5388085e-05,0.011103673,0.0,0.009658323
0.0,0.0,1.3989456e-05,0.028846355,0.0,0.04246757
0.0,0.0,1.3951755e-05,0.0139103355,0.0,0.012566726
0.0,0.0,1.3914157e-05,0.016975176,0.0,0.028481018
0.0,0.0,1.2277843e-05,0.019407127,0.0,0.007633574
0.0,0.0,1.2244754e-05,0.03500618,0.0,0.032401428
0.0,0.0,1.12879125e-05,0.015987338,0.0,0.007966843
0.0,0.0,1.0495075e-05,0.030946502,0.0,0.029414145
0.0,0.0,1.046679e-05,0.008445072,0.0,0.009200707
0.0,0.0,9.433595e-06,0.017865796,0.0,0.037730657
0.0,0.0,1.1579753e-05,0.024363788,0.0,0.013547037
0.0,0.0,1.1548542e-05,0.0162649,0.0,0.046106942
0.0,0.0,9.846503e-06,0.030335052,0.0,0.0146055035
0.0,0.0,6.09285e-06,0.00985215,0.0,0.016913336
0.0,0.0,2.7747492e-06,0.008982987,0.0,0.016508793
0.0,0.0,1.0017088e-06,0.04244597,0.0,0.07149518
0.0,0.0,9.990089e-07,0.0067788917,0.0,0.047389355
0.0,0.0,8.517728e-07,0.02424855,0.0,0.039201647
0.0,0.0,3.8790287e-07,0.023711823,0.0,0.032091282
0.0,0.0,7.2074606e-08,0.016310778,0.0,0.03405072
0.0,0.0,1.9314228e-08,0.014996959,0.0,0.02053916
0.0,0.0,9.901971e-09,0.0110624265,0.0,0.016115637
0.0,0.0,9.875282e-09,0.014516719,0.0,0.026129361
0.0,0.0,1.7098568e-09,0.014906378,0.0,0.005043493
0.0,0.0,1.4578544e-09,0.009733783,0.0,0.009381738
0.0,0.0,4.3925935e-10,0.0101255905,0.0,0.01471271
0.0,0.0,7.609338e-11,0.0060762507,0.0,0.014651737
0.0,0.0,5.7439047e-11,0.0060079964,0.0,0.011970147
0.0,0.0,3.554205e-11,0.007117375,0.0,0.04210826
0.0,0.0,3.544625e-11,0.014094321,0.0,0.0077765747
0.0,0.0,3.0222106e-11,0.011425591,0.0,0.023466416
0.0,0.0,2.283676e-11,0.0050304104,0.0,0.008584932
0.0,0.0,1.9471029e-11,0.0061762985,0.0,0.016687058
0.0,0.0,1.6601345e-11,0.0083545605,0.0,0.014532682
0.0,0.0,1.65566e-11,0.0052099605,0.0,0.014348826
0.0,0.0,7.539971e-12,0.009299498,0.0,0.017990371
0.0,0.0,7.519649e-12,0.009332726,0.0,0.017350975
0.0,0.0,3.666035e-12,0.0048934473,0.0,0.010453827
0.0,0.0,3.4290203e-12,0.0026655481,0.0,0.011493006
0.0,0.0,2.6973838e-12,0.0011420154,0.0,0.010763329
0.0,0.0,2.6901135e-12,0.0020878494,0.0,0.01680267
0.0,0.0,1.8295396e-12,0.00086128886,0.0,0.005574195
0.0,0.0,1.8246084e-12,0.001712006,0.0,0.01013354
0.0,0.0,1.8196904e-12,0.0010686094,0.0,0.0073008416
0.0,0.0,6.0867164e-13,0.0006377186,0.0,0.002247704
0.0,0.0,2.1481707e-13,0.0006646532,0.0,0.0015911051
0.0,0.0,2.1423808e-13,0.0013889357,0.0,0.0016303961
0.0,0.0,2.1366063e-13,0.0005569887,0.0,0.0012122059
0.0,0.0,1.8217086e-13,0.0007080465,0.0,0.0017056884
0.0,0.0,1.8167985e-13,0.00066189514,0.0,0.0008187972
0.0,0.0,1.8119017e-13,0.0006632746,0.0,0.000886148
0.0,0.0,1.5448598e-13,0.00023423582,0.0,0.00031590645
0.0,0.0,1.5406959e-13,0.0002558674,0.0,0.00035762982
0.0,0.0,1.5365431e-13,0.0007569042,0.0,0.0010894897
0.0,0.0,1.1610598e-13,0.002257589,0.0,0.0026946024
0.0,0.0,1.1579304e-13,0.0004985957,0.0,0.0007311474
0.0,0.0,9.87272e-14,0.00038922805,0.0,0.0004721912
0.0,0.0,9.8461095e-14,0.0008238806,0.0,0.0007134254
0.0,0.0,7.4400264e-14,0.0002956735,0.0,0.0003761547
0.0,0.0,6.343499e-14,0.00018948199,0.0,0.0003776454
0.0,0.0,3.9252205e-14,0.00043316474,0.0,0.0021967262
0.0,0.0,1.2128327e-08,0.0008473124,0.0,0.0010228975
0.0,0.0,7.3304403e-07,0.0009809677,0.0,0.0008544273
0.0,0.0,4.946066e-07,0.00045781583,0.0,0.0021831738
0.0,0.0,3.8035256e-07,0.0013447884,0.0,0.0007378211
0.0,0.0,3.396556e-07,0.00024194607,0.0,0.00034620953
0.0,0.0,2.9082815e-07,0.00020229624,0.0,0.00027836143
0.0,0.0,2.1587549e-07,0.000110910885,0.0,0.00028696115
0.0,0.0,1.4925594e-07,4.7830097e-05,0.0,0.00031124378
0.0,0.0,1.3183654e-07,1.26022105e-05,0.0,0.0010340484
0.0,0.0,1.3147987e-07,6.688468e-06,0.0,0.00093442533
0.0,0.0,9.0762775e-08,1.8723132e-06,0.0,0.00042896482
0.0,0.0,6.35275e-08,5.3640775e-07,0.0,0.00069323176
0.0,0.0,5.0625992e-08,2.529396e-07,0.0,0.0013848109
0.0,0.0,5.0489017e-08,6.840647e-08,0.0,0.00073866604
0.0,0.0,5.035241e-08,8.072009e-08,0.0,0.00025881425
0.0,0.0,4.018125e-08,4.683386e-08,0.0,0.00016161778
0.0,0.0,4.0072532e-08,1.5603453e-08,0.0,0.00012481822
0.0,0.0,3.996411e-08,1.6112402e-08,0.0,8.280938e-05
0.0,0.0,3.985598e-08,1.1865305e-08,0.0,5.2169522e-05
0.0,0.0,2.7975256e-08,1.00355315e-07,0.0,0.00011101401
0.0,0.0,2.7899556e-08,2.0169868e-07,0.0,0.00012816413
0.0,0.0,2.7824061e-08,1.2941733e-07,0.0,0.0001035938
0.0,0.0,1.912319e-08,1.3580707e-07,0.0,6.312092e-05
0.0,0.0,1.9071443e-08,3.0625225e-07,0.0,9.0843576e-05
0.0,0.0,1.9019835e-08,1.5962198e-07,0.0,5.5444736e-05
0.0,0.0,1.8968366e-08,7.029006e-08,0.0,4.2985306e-05
0.0,0.0,1.3526552e-08,8.070218e-08,0.0,4.9150578e-05
0.0,0.0,1.089504e-08,5.3129273e-08,0.0,4.0325645e-05
0.0,0.0,1.08655565e-08,8.274272e-08,0.0,4.467302e-05
0.0,0.0,1.08361515e-08,6.103085e-08,0.0,3.8083628e-05
0.0,0.0,9.854481e-09,4.8623438e-08,0.0,3.7651695e-05
0.0,0.0,9.827812e-09,7.617638e-08,0.0,2.9655594e-05
0.0,0.0,9.801216e-09,1.1056308e-07,0.0,4.4659868e-05
0.0,0.0,9.774691e-09,1.7462025e-07,0.0,6.0558323e-05
0.0,0.0,9.748239e-09,1.05824725e-07,0.0,6.5110624e-05
0.0,0.0,7.414067e-09,4.6796725e-08,0.0,2.756345e-05
0.0,0.0,7.3940023e-09,1.8080133e-08,0.0,2.6161346e-05
0.0,0.0,7.3739916e-09,3.202087e-08,0.0,2.44195e-05
0.0,0.0,7.354035e-09,2.2634175e-08,0.0,2.1641159e-05
0.0,0.0,7.3341324e-09,3.8393953e-08,0.0,2.4161605e-05
0.0,0.0,5.547582e-09,2.0506059e-08,0.0,2.391748e-05
0.0,0.0,4.1879757e-09,1.4280783e-08,0.0,2.5959125e-05
0.0,0.0,4.1766417e-09,4.3950614e-08,0.0,3.107914e-05
0.0,0.0,4.1653383e-09,3.714539e-08,0.0,2.2351596e-05
0.0,0.0,4.1540655e-09,1.6865567e-08,0.0,2.1053516e-05
0.0,0.0,3.541791e-09,2.1145754e-08,0.0,1.3557808e-05
0.0,0.0,3.0197607e-09,4.781064e-08,0.0,1.830391e-05
0.0,0.0,3.0115883e-09,4.319246e-08,0.0,2.4738873e-05
0.0,0.0,3.003438e-09,6.011991e-08,0.0,1.7163362e-05
0.0,0.0,2.5607563e-09,5.1560896e-08,0.0,2.420187e-05
0.0,0.0,2.553826e-09,9.375856e-08,0.0,3.5464334e-05
0.0,0.0,2.5469145e-09,7.238107e-08,0.0,3.020578e-05
0.0,0.0,1.1929344e-09,6.87458e-08,0.0,4.0603132e-05
0.0,0.0,8.6108537e-10,5.321829e-08,0.0,3.4694396e-05
0.0,0.0,7.887507e-10,3.2995768e-08,0.0,3.2142227e-05
0.0,0.0,6.3055655e-10,7.258501e-08,0.0,3.110191e-05
0.0,0.0,4.764628e-10,1.7724037e-07,0.0,4.8945025e-05
0.0,0.0,4.7517335e-10,1.1124477e-07,0.0,4.4969478e-05
0.0,0.0,4.738874e-10,1.9101974e-06,0.0,6.585541e-05
0.0,0.0,2.9364353e-10,2.5436289e-06,0.0,8.189938e-05
0.0,0.0,1.9939238e-10,4.906743e-06,0.0,0.00010307103
0.0,0.0,1.506654e-10,6.7542483e-06,0.0,9.238102e-05
0.0,0.0,1.2845858e-10,3.9691026e-06,0.0,0.00010126437
0.0,0.0,1.2811092e-10,3.7617674e-06,0.0,8.3449726e-05
0.0,0.0,1.2776422e-10,2.6507457e-06,0.0,8.64743e-05
0.0,0.0,1.2741845e-10,3.296643e-06,0.0,8.457594e-05
0.0,0.0,3.077268e-11,1.267255e-05,0.0,9.1074624e-05
0.0,0.0,5.461807e-12,2.867208e-05,0.0,0.000107569824
0.0,0.0,3.784874e-12,4.1319316e-05,0.0,0.00011796882
0.0,0.0,6.705683e-13,8.300849e-05,0.0,0.000121546764
0.0,0.0,1.897137e-13,0.00026098517,0.0,0.0001387455
0.0,0.0,7.294994e-14,0.0064057074,0.0,0.00050666847
0.0,0.0,1.2749071e-14,0.0149968695,0.0,0.0015277356
0.0,0.0,4.0126043e-15,0.018277774,0.0,0.0029468283
0.0,0.0,1.5420887e-15,0.026681302,0.0,0.0043604006
0.0,0.0,2.7358926e-16,0.018027881,0.0,0.013448132
0.0,0.0,3.389145e-05,0.049232338,0.0,0.009217963
0.0,0.0,3.8423314e-05,0.006627931,0.0,0.019669594
0.0,0.0,4.2914256e-05,0.028480615,0.0,0.06071077
0.0,0.0,3.415648e-05,0.030032506,0.0,0.032192215
0.0,0.0,3.003965e-05,0.024242595,0.0,0.06303089
0.0,0.0,2.4982315e-05,0.03944589,0.0,0.03770654
0.0,0.0,2.2510445e-05,0.008399923,0.0,0.017914316
0.0,0.0,1.9222029e-05,0.02782113,0.0,0.075494885
0.0,0.0,2.2775912e-05,0.06357995,0.0,0.046578187
0.0,0.0,3.9617804e-05,0.025831904,0.0,0.018230125
0.0,0.0,3.2178512e-05,0.036996353,0.0,0.07879997
0.0,0.0,2.8148927e-05,0.0077728163,0.0,0.041808337
0.0,0.0,4.5508423e-05,0.056661803,0.0,0.064827204
0.0,0.0,3.894271e-05,0.029520666,0.0,0.05510563
0.0,0.0,3.642704e-05,0.026590917,0.0,0.030090755
0.0,0.0,3.4673554e-05,0.03579141,0.0,0.037906725
0.0,0.0,8.780945e-05,0.009668203,0.0,0.026897926
0.0,0.0,8.757064e-05,0.03204698,0.0,0.020132022
0.0,0.0,9.230168e-05,0.03617089,0.0,0.044476792
0.0,0.0,8.399378e-05,0.01906074,0.0,0.022195015
0.0,0.0,0.00022325283,0.055392273,0.0,0.062383786
0.0,0.0,0.0005026636,0.011754735,0.0,0.030812351
0.0,0.0,0.0005178024,0.024923792,0.0,0.054638457
0.0,0.0,0.00201846,0.019583808,0.0,0.029216882
0.0,0.0,0.0016344748,0.05202628,0.0,0.033567194
0.0,0.0,0.012419016,0.028158883,0.0,0.03884039
0.0,0.0,0.0089636,0.016956937,0.0,0.020821217
0.0,0.0,0.0026661602,0.06736155,0.0,0.06819746
0.0,0.0,0.0042052143,0.02099083,0.0,0.010902766
0.0,0.0,0.0027029254,0.026468115,0.0,0.054700892
0.0,0.0,0.0020481842,0.029825691,0.0,0.014229566
0.0,0.0,0.001315977,0.030261805,0.0,0.08397689
0.0,0.0,0.0019475332,0.015929962,0.0,0.02150643
0.0,0.0,0.00072790595,0.026166357,0.0,0.018681293
0.0,0.0,0.00040904531,0.054626483,0.0,0.08790542
0.0,0.0,0.0003236016,0.02318851,0.0,0.05268585
0.0,0.0,0.0004695178,0.02521952,0.0,0.021373805
0.0,0.0,0.00040612926,0.015224153,0.0,0.027514488
0.0,0.0,0.00026794104,0.041089293,0.0,0.02705756
0.0,0.0,0.00028897705,0.015889032,0.0,0.039359488
0.0,0.0,0.009105157,0.061145205,0.0,0.009882099
0.0,0.0,0.0053371885,0.020296916,0.0,0.080894925
0.0,0.0,0.0030309195,0.0491236,0.0,0.0297206
0.0,0.0,0.002293738,0.009686734,0.0,0.056385778
0.0,0.0,0.0015868942,0.028193526,0.0,0.034274645
0.0,0.0,0.0013476445,0.013328999,0.0,0.017169237
0.0,0.0,0.023013655,0.045136496,0.0,0.08610889
0.0,0.0,0.01991882,0.009080724,0.0,0.02078353
0.0,0.0,0.012448424,0.019723073,0.0,0.03633528
0.0,0.0,0.0065553687,0.027216392,0.0,0.009508762
0.0,0.0,0.0016157129,0.011894483,0.0,0.041866932
0.0,0.0,0.00066240854,0.017307503,0.0,0.013953843
0.0,0.0,0.0004902707,0.013668875,0.0,0.020423107
0.0,0.0,0.00089933904,0.017325105,0.0,0.02818379
0.0,0.0,0.029408429,0.026287792,0.0,0.019212795
0.0,0.0,0.025330529,0.029281618,0.0,0.04538387
0.0,0.0,0.012686396,0.013522291,0.0,0.025001999
0.0,0.0,0.007375042,0.028134892,0.0,0.029843101
0.0,0.0,0.008530606,0.019179901,0.0,0.015081408
0.0,0.0,0.0058917524,0.017752174,0.0,0.02755093
0.0,0.0,0.002105959,0.020846548,0.0,0.032610837
0.0,0.0,0.0018167545,0.013876019,0.0,0.018527007
0.0,0.0,0.0019641456,0.045914512,0.0,0.05592436
0.0,0.0,0.002354448,0.0078696245,0.0,0.010016037
0.0,0.0,0.034485597,0.019231047,0.0,0.084141865
0.0,0.0,0.020497084,0.0339782,0.0,0.045284104
0.0,0.0,0.011812137,0.016201455,0.0,0.015080306
0.0,0.0,0.0062984563,0.031701274,0.0,0.042607643
0.0,0.0,0.0015303079,0.009227483,0.0,0.025555806
0.0,0.0,0.0011590789,0.013429086,0.0,0.017459193
0.0,0.0,0.00038520875,0.022496725,0.0,0.034749553
0.0,0.0,0.00015226146,0.024544884,0.0,0.010082088
0.0,0.0,8.681197e-05,0.016329776,0.0,0.033694673
0.0,0.0,4.914121e-05,0.031698707,0.0,0.00978759
0.0,0.0,3.223434e-05,0.017422179,0.0,0.037060726
0.0,0.0,2.3619317e-05,0.026003988,0.0,0.012212199
0.0,0.0,2.1097701e-05,0.016308293,0.0,0.040689047
0.0,0.0,1.6894048e-05,0.035379436,0.0,0.011790557
0.0,0.0,1.4783259e-05,0.01374052,0.0,0.030005705
0.0,0.0,2.0099287e-05,0.020880252,0.0,0.011226593
0.0,0.0,1.9645184e-05,0.015755473,0.0,0.02361174
0.0,0.0,1.9591651e-05,0.026054606,0.0,0.013104237
0.0,0.0,1.5558886e-05,0.01818815,0.0,0.0485753
0.0,0.0,1.2814252e-05,0.042581677,0.0,0.011078452
0.0,0.0,1.4714399e-05,0.009627661,0.0,0.04461508
0.0,0.0,1.72752e-05,0.024423437,0.0,0.013389851
0.0,0.0,1.3299783e-05,0.013902933,0.0,0.022762205
0.0,0.0,1.1813638e-05,0.00733534,0.0,0.0081233885
0.0,0.0,1.0392519e-05,0.0070774904,0.0,0.023555852
0.0,0.0,1.0364195e-05,0.01904003,0.0,0.022919623
0.0,0.0,1.09478315e-05,0.015047455,0.0,0.012522477
0.0,0.0,9.905303e-06,0.015693413,0.0,0.023161251
0.0,0.0,9.2551745e-06,0.019461352,0.0,0.010679613
0.0,0.0,8.713357e-06,0.017393213,0.0,0.025466667
0.0,0.0,1.3245903e-05,0.009282978,0.0,0.006284302
0.0,0.0,1.3209799e-05,0.0042415042,0.0,0.0096068345
0.0,0.0,1.2606161e-05,0.008408624,0.0,0.025295911
0.0,0.0,1.1222599e-05,0.0125472415,0.0,0.023174893
0.0,0.0,1.1192009e-05,0.02713331,0.0,0.026066363
0.0,0.0,1.2679158e-05,0.026081849,0.0,0.011417168
0.0,0.0,1.1408707e-05,0.021490792,0.0,0.053951014
0.0,0.0,1.0717575e-05,0.019864265,0.0,0.015160259
0.0,0.0,1.2403092e-05,0.015325984,0.0,0.018454516
0.0,0.0,1.2517268e-05,0.017847544,0.0,0.015149277
0.0,0.0,1.2483145e-05,0.009889254,0.0,0.021981325
0.0,0.0,1.3240122e-05,0.030315015,0.0,0.012162479
0.0,0.0,1.3142326e-05,0.008046819,0.0,0.013907594
0.0,0.0,1.178016e-05,0.005763237,0.0,0.02553568
0.0,0.0,1.1818376e-05,0.015430354,0.0,0.008665805
0.0,0.0,1.0278438e-05,0.015663834,0.0,0.014139264
0.0,0.0,1.3549826e-05,0.009310194,0.0,0.017655706
0.0,0.0,1.1826756e-05,0.017632484,0.0,0.019353604
0.0,0.0,1.0710966e-05,0.036741503,0.0,0.036631897
0.0,0.0,1.01543565e-05,0.007819289,0.0,0.015553585
0.0,0.0,1.2821752e-05,0.027828548,0.0,0.023934213
0.0,0.0,1.1540381e-05,0.012899933,0.0,0.018420273
0.0,0.0,4.822723e-05,0.029704846,0.0,0.04718142
0.0,0.0,3.1021358e-05,0.007590527,0.0,0.009116954
0.0,0.0,2.148848e-05,0.021820925,0.0,0.017927872
0.0,0.0,1.7713572e-05,0.039660163,0.0,0.079578705
0.0,0.0,3.8995753e-05,0.011331489,0.0,0.029333802
0.0,0.0,3.888936e-05,0.033956654,0.0,0.014457475
0.0,0.0,2.7358137e-05,0.014250825,0.0,0.022958849
0.0,0.0,3.687064e-05,0.020957159,0.0,0.018967643
0.0,0.0,3.677003e-05,0.014550667,0.0,0.03520208
0.0,0.0,2.5791996e-05,0.010523249,0.0,0.007887701
0.0,0.0,4.0415795e-05,0.01564105,0.0,0.023026746
0.0,0.0,4.9192924e-05,0.058494855,0.0,0.030689819
0.0,0.0,6.317092e-05,0.013961365,0.0,0.044478875
0.0,0.0,5.5896497e-05,0.04916625,0.0,0.030203296
0.0,0.0,4.8526497e-05,0.0092668,0.0,0.041201465
0.0,0.0,3.462113e-05,0.02002673,0.0,0.018822534
0.0,0.0,2.5966277e-05,0.0345052,0.0,0.049196444
0.0,0.0,7.8050354e-05,0.009590789,0.0,0.038880333
0.0,0.0,5.3501128e-05,0.028062798,0.0,0.01627742
0.0,0.0,3.668349e-05,0.024147836,0.0,0.050237164
0.0,0.0,3.087919e-05,0.029715316,0.0,0.027221765
0.0,0.0,0.0001249439,0.010235061,0.0,0.023804609
0.0,0.0,0.00014048102,0.028626733,0.0,0.05389715
0.0,0.0,0.00010657878,0.028728327,0.0,0.020613858
0.0,0.0,7.1375194e-05,0.023162365,0.0,0.058319684
0.0,0.0,5.720052e-05,0.016540559,0.0,0.024450537
0.0,0.0,3.779462e-05,0.02997428,0.0,0.027990824
0.0,0.0,2.9235112e-05,0.008734982,0.0,0.030507468
0.0,0.0,2.3359888e-05,0.029332824,0.0,0.025073072
0.0,0.0,2.249275e-05,0.016185576,0.0,0.024682125
0.0,0.0,2.4667768e-05,0.036750894,0.0,0.03284717
0.0,0.0,3.5774738e-05,0.007687431,0.0,0.023062697
0.0,0.0,3.303799e-05,0.015397471,0.0,0.022446804
0.0,0.0,2.5181362e-05,0.04114164,0.0,0.040336065
0.0,0.0,2.1922755e-05,0.011769947,0.0,0.027001766
0.0,0.0,4.6180194e-05,0.023203563,0.0,0.021722347
0.0,0.0,8.816184e-05,0.018534511,0.0,0.028789712
0.0,0.0,7.474377e-05,0.018196665,0.0,0.011531435
0.0,0.0,7.453947e-05,0.020215116,0.0,0.019902844
0.0,0.0,4.0827752e-05,0.023432372,0.0,0.028830625
0.0,0.0,2.7767752e-05,0.024331879,0.0,0.011439866
0.0,0.0,3.1659885e-05,0.010913391,0.0,0.027132163
0.0,0.0,2.7991295e-05,0.018551048,0.0,0.0122656245
0.0,0.0,2.1951082e-05,0.031043075,0.0,0.042629343
0.0,0.0,1.9635147e-05,0.00955261,0.0,0.017160889
0.0,0.0,1.5776279e-05,0.011008175,0.0,0.032113172
0.0,0.0,1.3491128e-05,0.028594764,0.0,0.03647535
0.0,0.0,1.22992715e-05,0.017018,0.0,0.030515816
0.0,0.0,1.06916805e-05,0.029433629,0.0,0.00585155
0.0,0.0,1.0978007e-05,0.03177919,0.0,0.014035612
0.0,0.0,9.739784e-06,0.019233841,0.0,0.046516724
0.0,0.0,9.713158e-06,0.023514077,0.0,0.014058196
0.0,0.0,1.2477764e-05,0.031622585,0.0,0.07287854
0.0,0.0,1.0846893e-05,0.008341541,0.0,0.017445486
0.0,0.0,1.525907e-05,0.011313227,0.0,0.013996335
0.0,0.0,1.1086544e-05,0.014179133,0.0,0.030511627
0.0,0.0,1.1056232e-05,0.027040143,0.0,0.018215464
0.0,0.0,1.10232195e-05,0.013459539,0.0,0.02404393
0.0,0.0,9.426858e-06,0.011809553,0.0,0.0076728216
0.0,0.0,7.83614e-06,0.01025132,0.0,0.010762438
0.0,0.0,7.671644e-06,0.008736392,0.0,0.015083134
0.0,0.0,5.9885906e-06,0.009649081,0.0,0.016463812
0.0,0.0,5.3872777e-06,0.016272554,0.0,0.027858334
0.0,0.0,4.6929435e-06,0.013940035,0.0,0.0051004537
0.0,0.0,4.6801106e-06,0.0054410147,0.0,0.007092708
0.0,0.0,4.269973e-06,0.011356527,0.0,0.018766778
0.0,0.0,1.4303204e-05,0.009602782,0.0,0.009746893
0.0,0.0,8.755546e-06,0.011254436,0.0,0.020054527
0.0,0.0,8.731599e-06,0.014559307,0.0,0.013706264
0.0,0.0,5.5047267e-06,0.013293696,0.0,0.014807316
0.0,0.0,4.84243e-06,0.007347006,0.0,0.01541435
0.0,0.0,3.1279792e-06,0.0058674403,0.0,0.009553885
0.0,0.0,2.5563527e-06,0.004502978,0.0,0.016107189
0.0,0.0,2.0658374e-06,0.0062178844,0.0,0.017528139
0.0,0.0,1.7083793e-06,0.0021196327,0.0,0.0054971757
0.0,0.0,1.5256226e-06,0.0019260226,0.0,0.010216794
0.0,0.0,1.3609102e-06,0.0012606925,0.0,0.008235351
0.0,0.0,1.1086697e-06,0.0013879128,0.0,0.007417584
0.0,0.0,1.1056369e-06,0.002112723,0.0,0.009353121
0.0,0.0,9.941575e-07,0.00063735165,0.0,0.004991409
0.0,0.0,7.91914e-07,0.0011267905,0.0,0.005216368
0.0,0.0,6.199747e-07,0.0013701833,0.0,0.0038918906
0.0,0.0,5.704485e-07,0.00045377127,0.0,0.0020035463
0.0,0.0,4.3114363e-07,0.0011194869,0.0,0.0018124429
0.0,0.0,3.8518579e-07,0.00048328144,0.0,0.0016768631
0.0,0.0,3.841319e-07,0.0011685481,0.0,0.0016789479
0.0,0.0,3.3703003e-07,0.00065198063,0.0,0.0013087115
0.0,0.0,2.9631207e-07,0.0007246083,0.0,0.0012712685
0.0,0.0,2.9550137e-07,0.00083512935,0.0,0.0009480135
0.0,0.0,2.590593e-07,0.0007008679,0.0,0.0010878639
0.0,0.0,2.1441767e-07,0.00034218954,0.0,0.00041367568
0.0,0.0,1.7675241e-07,0.00027309387,0.0,0.00042167888
0.0,0.0,1.0787726e-07,0.00024021941,0.0,0.00024289
0.0,0.0,9.387262e-08,0.00014831925,0.0,0.0001405532
0.0,0.0,9.3615725e-08,0.00032426018,0.0,0.00015864492
0.0,0.0,9.335954e-08,6.802296e-05,0.0,6.0262315e-05
0.0,0.0,8.15274e-08,3.255352e-05,0.0,4.458658e-05
0.0,0.0,9.835673e-08,1.4295142e-05,0.0,5.1577274e-05
0.0,0.0,9.8087554e-08,5.2478485e-06,0.0,3.898866e-05
0.0,0.0,9.781912e-08,1.8239159e-06,0.0,3.421287e-05
0.0,0.0,9.755142e-08,6.1397725e-07,0.0,2.6532336e-05
0.0,0.0,9.728445e-08,2.0211696e-07,0.0,2.5749134e-05
0.0,0.0,8.904888e-08,7.8065554e-08,0.0,2.5436564e-05
0.0,0.0,1.0596468e-07,1.0191511e-07,0.0,3.5373687e-05
0.0,0.0,1.0567467e-07,1.02848844e-07,0.0,3.5511734e-05
0.0,0.0,8.7959464e-08,5.950156e-08,0.0,2.8186e-05
0.0,0.0,1.6339783e-07,2.9196004e-08,0.0,2.2270862e-05
0.0,0.0,1.7628162e-07,5.010471e-08,0.0,2.6159903e-05
0.0,0.0,2.1538507e-07,9.2195776e-08,0.0,2.938042e-05
0.0,0.0,1.7659178e-07,5.225445e-08,0.0,2.36451e-05
0.0,0.0,1.7610824e-07,5.017713e-08,0.0,2.3602333e-05
0.0,0.0,1.0294945e-07,4.8522807e-08,0.0,2.9664034e-05
0.0,0.0,9.0148795e-08,3.003678e-08,0.0,2.288587e-05
0.0,0.0,8.9901945e-08,9.850987e-09,0.0,1.878483e-05
0.0,0.0,8.965577e-08,2.497698e-08,0.0,1.905052e-05
0.0,0.0,8.941027e-08,3.949718e-08,0.0,1.8591898e-05
0.0,0.0,8.916545e-08,3.9318216e-08,0.0,2.2003052e-05
0.0,0.0,7.686036e-08,4.7863747e-08,0.0,2.646944e-05
0.0,0.0,7.66499e-08,2.378501e-08,0.0,1.9157873e-05
0.0,0.0,7.644001e-08,2.5131099e-08,0.0,2.941632e-05
0.0,0.0,7.62307e-08,2.1231255e-08,0.0,2.5499128e-05
0.0,0.0,7.602196e-08,9.44333e-09,0.0,2.4632682e-05
0.0,0.0,7.5813794e-08,8.2003995e-09,0.0,1.6171387e-05
0.0,0.0,5.2191496e-08,1.7672832e-08,0.0,2.2549722e-05
0.0,0.0,5.204858e-08,1.5105794e-08,0.0,2.2834649e-05
0.0,0.0,5.1906056e-08,4.168975e-09,0.0,1.57225e-05
0.0,0.0,5.1763923e-08,2.085048e-09,0.0,2.0025529e-05
0.0,0.0,5.162218e-08,1.0565312e-09,0.0,2.2287933e-05
0.0,0.0,5.1480825e-08,1.933086e-09,0.0,2.3231263e-05
0.0,0.0,2.5523759e-08,8.4272095e-10,0.0,1.3982584e-05
0.0,0.0,1.515399e-08,2.7185454e-09,0.0,1.3155689e-05
0.0,0.0,1.1481896e-08,6.6521655e-09,0.0,1.4081558e-05
0.0,0.0,1.1450452e-08,2.524682e-08,0.0,1.5325471e-05
0.0,0.0,1.1419095e-08,1.3003501e-08,0.0,1.46124075e-05
0.0,0.0,1.1387823e-08,4.1265412e-08,0.0,1.679408e-05
0.0,0.0,1.060966e-08,6.1750676e-08,0.0,1.9845647e-05
0.0,0.0,1.2327829e-08,7.91449e-08,0.0,2.6804084e-05
0.0,0.0,1.2294068e-08,7.651395e-08,0.0,2.9227438e-05
0.0,0.0,1.2260399e-08,3.5542698e-08,0.0,2.456287e-05
0.0,0.0,1.1676375e-08,3.4551224e-08,0.0,2.1924858e-05
0.0,0.0,1.16443974e-08,3.088158e-08,0.0,2.1536023e-05
0.0,0.0,1.1612507e-08,5.9364375e-08,0.0,2.4004135e-05
0.0,0.0,1.1580705e-08,7.314428e-08,0.0,1.9193174e-05
0.0,0.0,1.1548989e-08,9.32695e-08,0.0,1.8374572e-05
0.0,0.0,2.0180737e-08,1.0077636e-07,0.0,2.6050619e-05
0.0,0.0,2.0125468e-08,8.650808e-08,0.0,2.5164292e-05
0.0,0.0,1.900271e-08,8.857985e-08,0.0,2.1099151e-05
0.0,0.0,6.512867e-08,1.5604343e-07,0.0,2.867678e-05
0.0,0.0,4.4473444e-07,1.348007e-07,0.0,3.212671e-05
0.0,0.0,4.0388775e-07,2.5288844e-07,0.0,4.6660945e-05
0.0,0.0,2.5568903e-07,6.5412866e-07,0.0,5.5255452e-05
0.0,0.0,1.9856235e-07,4.8510964e-07,0.0,4.0361298e-05
0.0,0.0,1.9801824e-07,6.98833e-07,0.0,3.6253252e-05
0.0,0.0,1.7443092e-07,7.4671107e-07,0.0,3.9228136e-05
0.0,0.0,1.7395294e-07,7.5866774e-07,0.0,4.2665815e-05
0.0,0.0,1.582937e-07,6.814652e-07,0.0,3.6873047e-05
0.0,0.0,1.5180667e-07,5.7074374e-07,0.0,4.197852e-05
0.0,0.0,3.4413077e-07,8.042357e-07,0.0,6.347716e-05
0.0,0.0,3.25514e-07,5.629115e-07,0.0,7.409668e-05
0.0,0.0,5.8872007e-07,1.5404861e-06,0.0,9.2832845e-05
0.0,0.0,5.768934e-07,5.857773e-06,0.0,0.00010748745
0.0,0.0,5.7531236e-07,6.173146e-06,0.0,9.9490266e-05
0.0,0.0,5.737357e-07,7.9951305e-06,0.0,9.182278e-05
0.0,0.0,5.721633e-07,5.1397106e-05,0.0,9.606595e-05
0.0,0.0,5.705952e-07,8.288822e-05,0.0,0.00013280674
0.0,0.0,5.6903144e-07,0.00012883727,0.0,0.00014851366
0.0,0.0,1.65033e-06,0.000115890136,0.0,0.00013748808
0.0,0.0,1.8872072e-06,0.00034111604,0.0,0.00015646433
0.0,0.0,2.2830695e-06,0.0049243607,0.0,0.0003884737
0.0,0.0,1.5304127e-05,0.006590188,0.0,0.0006570897
0.0,0.0,2.0319994e-05,0.009918575,0.0,0.0010219913
0.0,0.0,2.2569406e-05,0.06869042,0.0,0.009255952
0.0,0.0,4.8534253e-05,0.029499665,0.0,0.037681554
0.0,0.0,7.6168624e-05,0.020536182,0.0,0.022385756
0.0,0.0,6.99346e-05,0.048539583,0.0,0.06528317
0.0,0.0,3.8948063e-05,0.017982798,0.0,0.010044035
0.0,0.0,2.6438716e-05,0.05108366,0.0,0.0448896
0.0,0.0,3.8128368e-05,0.013463233,0.0,0.01159212
0.0,0.0,6.552738e-05,0.057866003,0.0,0.05095001
0.0,0.0,8.955092e-05,0.013952672,0.0,0.017398128
0.0,0.0,6.919981e-05,0.0437987,0.0,0.078587994
0.0,0.0,6.271653e-05,0.007309216,0.0,0.059350565
0.0,0.0,8.021917e-05,0.09560538,0.0,0.07744636
0.0,0.0,0.00010566525,0.050191272,0.0,0.044709414
0.0,0.0,0.00010537514,0.021299008,0.0,0.026650162
0.0,0.0,9.420494e-05,0.06588447,0.0,0.07588871
0.0,0.0,0.0001171739,0.0090327915,0.0,0.060635354
0.0,0.0,8.322184e-05,0.05047421,0.0,0.03930078
0.0,0.0,7.434967e-05,0.016114442,0.0,0.027023178
0.0,0.0,7.913868e-05,0.07569022,0.0,0.033807416
0.0,0.0,8.453585e-05,0.023378985,0.0,0.012886852
0.0,0.0,0.00014520712,0.058722958,0.0,0.07685795
0.0,0.0,0.00010234785,0.009807969,0.0,0.014008868
0.0,0.0,0.00018596428,0.042616267,0.0,0.103623874
0.0,0.0,0.00045651017,0.016405527,0.0,0.03518095
0.0,0.0,0.0003359163,0.057476632,0.0,0.020407613
0.0,0.0,0.00033499382,0.013215088,0.0,0.055101506
0.0,0.0,0.0083804745,0.029212307,0.0,0.020806741
0.0,0.0,0.01842045,0.014236571,0.0,0.081761785
0.0,0.0,0.0060068527,0.03874576,0.0,0.04958277
0.0,0.0,0.0030810162,0.007534116,0.0,0.011405386
0.0,0.0,0.010516772,0.035704322,0.0,0.094037496
0.0,0.0,0.0026616212,0.018176857,0.0,0.0361001
0.0,0.0,0.027081903,0.055833235,0.0,0.010898134
0.0,0.0,0.027007528,0.01190882,0.0,0.048078418
0.0,0.0,0.0058831824,0.035389062,0.0,0.024057949
0.0,0.0,0.001347242,0.035957556,0.0,0.035397813
0.0,0.0,0.0013435421,0.019936604,0.0,0.011501943
0.0,0.0,0.0011989551,0.02920934,0.0,0.04925584
0.0,0.0,0.007683364,0.015705712,0.0,0.023689283
0.0,0.0,0.0076622632,0.07256827,0.0,0.07715388
0.0,0.0,0.002884357,0.020284489,0.0,0.05280202
0.0,0.0,0.0028764359,0.025782242,0.0,0.02321136
0.0,0.0,0.021646256,0.01663092,0.0,0.03203842
0.0,0.0,0.0072114947,0.04349874,0.0,0.012164843
0.0,0.0,0.0026920747,0.018864028,0.0,0.085914835
0.0,0.0,0.0033836514,0.033305027,0.0,0.031712852
0.0,0.0,0.0032219768,0.013386553,0.0,0.013869545
0.0,0.0,0.0032131283,0.048747364,0.0,0.064851135
0.0,0.0,0.0024225179,0.006910145,0.0,0.025649875
0.0,0.0,0.0016850833,0.023285246,0.0,0.04436116
0.0,0.0,0.0015226367,0.025229903,0.0,0.02214854
0.0,0.0,0.0015184551,0.015461835,0.0,0.022213599
0.0,0.0,0.00089192414,0.038881022,0.0,0.03962399
0.0,0.0,0.0010158996,0.009882658,0.0,0.032720156
0.0,0.0,0.0010131097,0.020930033,0.0,0.021482436
0.0,0.0,0.0008682981,0.044304226,0.0,0.03141004
0.0,0.0,0.00046643114,0.018086387,0.0,0.017471164
0.0,0.0,0.0004230576,0.039708525,0.0,0.058793943
0.0,0.0,0.010363051,0.008935062,0.0,0.04279215
0.0,0.0,0.008889746,0.024967391,0.0,0.019830989
0.0,0.0,0.008865332,0.033785705,0.0,0.037230037
0.0,0.0,0.0044797943,0.01429851,0.0,0.013528564
0.0,0.0,0.0034576,0.036925238,0.0,0.019723957
0.0,0.0,0.0034481045,0.0076382807,0.0,0.037639707
0.0,0.0,0.003218596,0.008279434,0.0,0.007466733
0.0,0.0,0.003209757,0.023790678,0.0,0.036542498
0.0,0.0,0.0032009422,0.017405277,0.0,0.013955548
0.0,0.0,0.002731101,0.010175613,0.0,0.029404432
0.0,0.0,0.001540557,0.019508349,0.0,0.022584021
0.0,0.0,0.0032556492,0.04878481,0.0,0.023148166
0.0,0.0,0.0014280909,0.012743704,0.0,0.060163174
0.0,0.0,0.0012940158,0.019776482,0.0,0.030911671
0.0,0.0,0.0012904621,0.04483797,0.0,0.025047984
0.0,0.0,0.0009555818,0.015981287,0.0,0.03873224
0.0,0.0,0.00095295755,0.018134037,0.0,0.0101359235
0.0,0.0,0.0013147284,0.024415372,0.0,0.031775035
0.0,0.0,0.0013111179,0.028002406,0.0,0.008716849
0.0,0.0,0.004314365,0.011103631,0.0,0.019091194
0.0,0.0,0.0033103167,0.02007121,0.0,0.027401375
0.0,0.0,0.0035483604,0.008545005,0.0,0.011104282
0.0,0.0,0.003538616,0.018284142,0.0,0.02424331
0.0,0.0,0.0030145627,0.022003919,0.0,0.018648714
0.0,0.0,0.0025692966,0.013429505,0.0,0.024645342
0.0,0.0,0.002562241,0.00741875,0.0,0.0047631264
0.0,0.0,0.0010487938,0.010539088,0.0,0.010155308
0.0,0.0,0.0010459137,0.009478259,0.0,0.023035787
0.0,0.0,0.0011758099,0.03169133,0.0,0.02051801
0.0,0.0,0.0011725809,0.01518155,0.0,0.042965025
0.0,0.0,0.0011693607,0.029703284,0.0,0.019006243
0.0,0.0,0.00072799984,0.016113194,0.0,0.031513784
0.0,0.0,0.00019289428,0.022558331,0.0,0.0064747604
0.0,0.0,8.424907e-05,0.014291055,0.0,0.009704562
0.0,0.0,7.370361e-05,0.01950405,0.0,0.025642551
0.0,0.0,5.3060263e-05,0.021415709,0.0,0.008893393
0.0,0.0,3.1751806e-05,0.019465648,0.0,0.021242158
0.0,0.0,2.4264044e-05,0.01803228,0.0,0.016656313
0.0,0.0,2.4197403e-05,0.032656465,0.0,0.053227752
0.0,0.0,2.4130944e-05,0.023083657,0.0,0.0103033325
0.0,0.0,2.1314556e-05,0.019985422,0.0,0.02734444
0.0,0.0,1.875903e-05,0.02845708,0.0,0.008582958
0.0,0.0,1.3390233e-05,0.011024001,0.0,0.03410055
0.0,0.0,1.3035632e-05,0.022942675,0.0,0.00833505
0.0,0.0,1.3992133e-05,0.02199951,0.0,0.028042955
0.0,0.0,1.5897986e-05,0.028673885,0.0,0.016839463
0.0,0.0,1.5854319e-05,0.01666619,0.0,0.030970706
0.0,0.0,1.8622566e-05,0.038674086,0.0,0.014023645
0.0,0.0,1.8571418e-05,0.0067347954,0.0,0.033552557
0.0,0.0,1.6544765e-05,0.02285249,0.0,0.020533219
0.0,0.0,1.6499323e-05,0.024671987,0.0,0.03212424
0.0,0.0,1.46833145e-05,0.023141034,0.0,0.029641453
0.0,0.0,1.4642985e-05,0.039229978,0.0,0.042714853
0.0,0.0,1.2927362e-05,0.007428397,0.0,0.009296794
0.0,0.0,1.9022964e-05,0.015143729,0.0,0.029435335
0.0,0.0,3.2748063e-05,0.026066925,0.0,0.032757547
0.0,0.0,2.7578302e-05,0.014764984,0.0,0.01798406
0.0,0.0,2.7502547e-05,0.030513516,0.0,0.043238107
0.0,0.0,2.1092052e-05,0.0108783515,0.0,0.012883562
0.0,0.0,1.7952405e-05,0.022287456,0.0,0.04629505
0.0,0.0,1.790309e-05,0.0117621785,0.0,0.014875784
0.0,0.0,1.6357153e-05,0.028979242,0.0,0.040286086
0.0,0.0,1.4352464e-05,0.01167822,0.0,0.020591477
0.0,0.0,1.2665935e-05,0.037147794,0.0,0.040757455
0.0,0.0,1.1663637e-05,0.019051872,0.0,0.007994664
0.0,0.0,1.08056865e-05,0.03094318,0.0,0.027099531
0.0,0.0,1.2144282e-05,0.009401041,0.0,0.05101326
0.0,0.0,1.1293545e-05,0.022046259,0.0,0.012840361
0.0,0.0,1.6295562e-05,0.028168935,0.0,0.04226607
0.0,0.0,2.2268867e-05,0.020459892,0.0,0.029522985
0.0,0.0,1.9594681e-05,0.041132163,0.0,0.03049535
0.0,0.0,1.9540852e-05,0.023367433,0.0,0.017882235
0.0,0.0,1.7375149e-05,0.037258625,0.0,0.058208365
0.0,0.0,1.7327418e-05,0.0106465295,0.0,0.018063068
0.0,0.0,1.8897703e-05,0.02041781,0.0,0.055233806
0.0,0.0,3.3092372e-05,0.038014006,0.0,0.021290096
0.0,0.0,2.9676436e-05,0.012700723,0.0,0.04425725
0.0,0.0,2.9594907e-05,0.02148621,0.0,0.018268522
0.0,0.0,2.4376171e-05,0.037969884,0.0,0.04431331
0.0,0.0,2.4309204e-05,0.015468778,0.0,0.012257336
0.0,0.0,2.424242e-05,0.03602092,0.0,0.04369792
0.0,0.0,2.4175819e-05,0.0064252834,0.0,0.015019405
0.0,0.0,2.41094e-05,0.02891294,0.0,0.05217554
0.0,0.0,2.1887701e-05,0.021905603,0.0,0.020243546
0.0,0.0,1.9807043e-05,0.031154314,0.0,0.04198806
0.0,0.0,1.851495e-05,0.0059508756,0.0,0.023491058
0.0,0.0,2.835163e-05,0.010673578,0.0,0.016851915
0.0,0.0,2.3617695e-05,0.02045129,0.0,0.030929135
0.0,0.0,3.3277753e-05,0.024956604,0.0,0.011514109
0.0,0.0,2.975854e-05,0.010195679,0.0,0.029710503
0.0,0.0,2.4250357e-05,0.034549188,0.0,0.009629685
0.0,0.0,2.1753314e-05,0.011952877,0.0,0.04756363
0.0,0.0,2.1693542e-05,0.023204466,0.0,0.018963508
0.0,0.0,2.0011754e-05,0.010180196,0.0,0.012691831
0.0,0.0,1.797981e-05,0.012502578,0.0,0.031954613
0.0,0.0,1.6777469e-05,0.011655738,0.0,0.016888205
0.0,0.0,1.6731368e-05,0.024219964,0.0,0.040961854
0.0,0.0,1.6254671e-05,0.018290212,0.0,0.010170747
0.0,0.0,1.5457405e-05,0.026569387,0.0,0.03678255
0.0,0.0,1.9632838e-05,0.015419936,0.0,0.020324824
0.0,0.0,2.0650108e-05,0.026973486,0.0,0.03850896
0.0,0.0,1.8916655e-05,0.02110446,0.0,0.045444883
0.0,0.0,1.8245091e-05,0.039657474,0.0,0.027301788
0.0,0.0,2.2126365e-05,0.009607904,0.0,0.02479491
0.0,0.0,1.9042976e-05,0.008302758,0.0,0.015513347
0.0,0.0,3.580678e-05,0.0129487375,0.0,0.017612953
0.0,0.0,5.6569163e-05,0.02715847,0.0,0.04197089
0.0,0.0,3.720419e-05,0.013669991,0.0,0.017071174
0.0,0.0,2.7703632e-05,0.018832864,0.0,0.024823265
0.0,0.0,2.762749e-05,0.011984834,0.0,0.007564796
0.0,0.0,2.2964505e-05,0.022280183,0.0,0.020515474
0.0,0.0,1.8368082e-05,0.019488169,0.0,0.030958751
0.0,0.0,1.4849101e-05,0.014165811,0.0,0.010362395
0.0,0.0,1.4808286e-05,0.029043151,0.0,0.053009674
0.0,0.0,1.28593565e-05,0.019599807,0.0,0.0323942
0.0,0.0,1.2481427e-05,0.023021873,0.0,0.01661283
0.0,0.0,4.5749242e-05,0.01925856,0.0,0.037914004
0.0,0.0,4.562348e-05,0.03867376,0.0,0.009715443
0.0,0.0,4.549806e-05,0.009012091,0.0,0.0173576
0.0,0.0,3.932112e-05,0.018315041,0.0,0.028250195
0.0,0.0,2.9268864e-05,0.03187935,0.0,0.017670307
0.0,0.0,2.2706039e-05,0.01176706,0.0,0.020024626
0.0,0.0,1.7409373e-05,0.009601937,0.0,0.018752435
0.0,0.0,1.3985045e-05,0.008830439,0.0,0.020020468
0.0,0.0,1.22677075e-05,0.010687432,0.0,0.016341083
0.0,0.0,1.074344e-05,0.0076946863,0.0,0.027468625
0.0,0.0,6.904677e-06,0.015286728,0.0,0.0098199565
0.0,0.0,5.908118e-06,0.009474421,0.0,0.009530942
0.0,0.0,5.3116582e-06,0.009629919,0.0,0.013263658
0.0,0.0,4.0563655e-06,0.0060948557,0.0,0.014664918
0.0,0.0,3.3350134e-06,0.004041521,0.0,0.013723162
0.0,0.0,3.0406068e-06,0.0023006124,0.0,0.014727366
0.0,0.0,3.0322467e-06,0.0018928727,0.0,0.007552411
0.0,0.0,2.4903143e-06,0.0008123178,0.0,0.009886182
0.0,0.0,2.4834674e-06,0.0017098472,0.0,0.010701388
0.0,0.0,2.476639e-06,0.00084578386,0.0,0.015038734
0.0,0.0,2.4698297e-06,0.0018330544,0.0,0.008721161
0.0,0.0,2.4630392e-06,0.00049426575,0.0,0.0064390562
0.0,0.0,2.1555027e-06,0.00035453058,0.0,0.0025831547
0.0,0.0,2.1495764e-06,0.00074173464,0.0,0.0025030035
0.0,0.0,1.5033862e-06,0.0013827148,0.0,0.0015016635
0.0,0.0,1.2472381e-06,0.00059690187,0.0,0.00093717146
0.0,0.0,1.2438087e-06,0.0018710889,0.0,0.0030197012
0.0,0.0,1.2403888e-06,0.00064789073,0.0,0.0016023831
0.0,0.0,1.2369782e-06,0.00026037727,0.0,0.0006262937
0.0,0.0,9.645605e-07,0.000118940865,0.0,0.00018536662
0.0,0.0,9.619083e-07,6.7493245e-05,0.0,9.281723e-05
0.0,0.0,9.592635e-07,2.9040866e-05,0.0,6.157681e-05
0.0,0.0,9.566259e-07,1.0943748e-05,0.0,4.4691056e-05
0.0,0.0,9.539955e-07,5.357155e-06,0.0,3.8005863e-05
0.0,0.0,4.0693476e-07,1.1810675e-06,0.0,3.3111217e-05
0.0,0.0,4.058158e-07,4.2860003e-07,0.0,4.1399908e-05
0.0,0.0,4.0469993e-07,2.1807313e-07,0.0,2.8679806e-05
0.0,0.0,2.5135148e-07,1.2717227e-07,0.0,2.5778621e-05
0.0,0.0,1.8047265e-07,1.0410958e-07,0.0,2.1108443e-05
0.0,0.0,1.799764e-07,2.5297527e-07,0.0,3.3189408e-05
0.0,0.0,2.0530499e-07,1.0308153e-06,0.0,3.6852776e-05
0.0,0.0,1.9277559e-07,1.4522398e-06,0.0,5.1963936e-05
0.0,0.0,1.9563085e-07,8.067922e-07,0.0,3.8429265e-05
0.0,0.0,1.7353463e-07,6.543768e-07,0.0,4.3633718e-05
0.0,0.0,1.6169146e-07,1.0781404e-06,0.0,4.566302e-05
0.0,0.0,1.6124683e-07,8.440886e-07,0.0,4.3905566e-05
0.0,0.0,1.4448909e-07,4.625925e-07,0.0,2.2061939e-05
0.0,0.0,1.4409176e-07,1.8491934e-07,0.0,1.3972725e-05
0.0,0.0,1.4369552e-07,1.4889152e-07,0.0,1.9217843e-05
0.0,0.0,1.6511063e-07,2.722916e-07,0.0,2.4752913e-05
0.0,0.0,1.6465657e-07,4.6685835e-07,0.0,2.570963e-05
0.0,0.0,1.6420375e-07,2.816114e-07,0.0,2.113566e-05
0.0,0.0,1.4337101e-07,1.6819449e-07,0.0,2.033824e-05
0.0,0.0,1.1522326e-07,1.2558182e-07,0.0,1.8546398e-05
0.0,0.0,1.0124795e-07,7.085193e-08,0.0,1.4255522e-05
0.0,0.0,1.0096951e-07,6.473001e-08,0.0,3.1432377e-05
0.0,0.0,1.00691835e-07,7.996409e-08,0.0,2.859062e-05
0.0,0.0,1.0041492e-07,8.6846576e-08,0.0,3.2200867e-05
0.0,0.0,1.0013878e-07,6.094997e-08,0.0,2.6068947e-05
0.0,0.0,9.9863385e-08,2.786124e-08,0.0,1.818811e-05
0.0,0.0,9.958875e-08,1.4183641e-08,0.0,1.702256e-05
0.0,0.0,9.931488e-08,9.927508e-09,0.0,5.579617e-06
0.0,0.0,9.9041756e-08,1.4833692e-08,0.0,1.1127476e-05
0.0,0.0,5.037678e-08,1.5129975e-08,0.0,1.3418589e-05
0.0,0.0,4.340397e-08,2.338294e-08,0.0,2.33348e-05
0.0,0.0,2.4105509e-08,3.7728864e-08,0.0,2.304404e-05
0.0,0.0,2.4039213e-08,3.3794233e-08,0.0,2.1158408e-05
0.0,0.0,2.39731e-08,1.6559575e-08,0.0,2.2095215e-05
0.0,0.0,1.8996591e-08,2.337713e-08,0.0,2.2440985e-05
0.0,0.0,1.6622087e-08,1.0602751e-08,0.0,1.6255299e-05
0.0,0.0,1.6576372e-08,4.5480695e-09,0.0,1.3639612e-05
0.0,0.0,1.6530784e-08,3.4157008e-09,0.0,2.2376697e-05
0.0,0.0,1.648532e-08,2.4276727e-09,0.0,1.3324015e-05
0.0,0.0,1.6439982e-08,1.2305569e-08,0.0,2.5038269e-05
0.0,0.0,1.6394766e-08,7.142941e-08,0.0,3.6825815e-05
0.0,0.0,1.6349677e-08,4.914279e-08,0.0,2.6592128e-05
0.0,0.0,1.6304712e-08,4.5666212e-08,0.0,3.313225e-05
0.0,0.0,1.625987e-08,2.2529141e-08,0.0,1.6637545e-05
0.0,0.0,1.6215152e-08,2.3680848e-08,0.0,2.0178893e-05
0.0,0.0,1.6170556e-08,3.8837427e-08,0.0,2.3909883e-05
0.0,0.0,1.561127e-08,2.871307e-08,0.0,3.1167878e-05
0.0,0.0,1.4207033e-08,2.202743e-08,0.0,2.740821e-05
0.0,0.0,1.4167958e-08,2.4324104e-08,0.0,1.8459772e-05
0.0,0.0,1.4128991e-08,3.8193825e-08,0.0,1.8269862e-05
0.0,0.0,1.4090132e-08,7.046496e-08,0.0,2.5788586e-05
0.0,0.0,1.3783709e-08,3.852983e-08,0.0,2.8896124e-05
0.0,0.0,1.3745799e-08,6.099448e-08,0.0,3.301079e-05
0.0,0.0,1.3707992e-08,3.767061e-08,0.0,2.810677e-05
0.0,0.0,1.627456e-08,2.978745e-08,0.0,2.4351026e-05
0.0,0.0,1.6017884e-08,3.353867e-08,0.0,1.9815096e-05
0.0,0.0,2.8635522e-08,6.917825e-08,0.0,3.0293953e-05
0.0,0.0,2.8556755e-08,1.18544776e-07,0.0,3.9604078e-05
0.0,0.0,2.8478205e-08,2.0539866e-07,0.0,3.3083717e-05
0.0,0.0,2.8399871e-08,4.786493e-07,0.0,4.4277574e-05
0.0,0.0,2.8321754e-08,1.2090129e-06,0.0,3.245778e-05
0.0,0.0,2.824385e-08,1.0888575e-06,0.0,4.0305033e-05
0.0,0.0,2.8166161e-08,2.150499e-06,0.0,4.2710875e-05
0.0,0.0,2.8088685e-08,6.7854116e-06,0.0,6.272972e-05
0.0,0.0,2.8011423e-08,7.3164133e-06,0.0,4.621155e-05
0.0,0.0,2.7934373e-08,1.1692977e-05,0.0,4.1467785e-05
0.0,0.0,6.6258406e-07,4.7708505e-05,0.0,6.4753214e-05
0.0,0.0,6.607614e-07,0.000112369475,0.0,5.8369595e-05
0.0,0.0,8.708487e-07,0.001165654,0.0,9.083945e-05
0.0,0.0,1.645392e-06,0.002034036,0.0,0.00014730917
0.0,0.0,1.6481985e-06,0.0011525826,0.0,0.00015597806
0.0,0.0,1.5071238e-06,0.00114576,0.0,9.777339e-05
0.0,0.0,1.5029769e-06,0.0021526248,0.0,0.00019931006
0.0,0.0,1.4988416e-06,0.0012516717,0.0,0.0003703715
0.0,0.0,1.6515361e-06,0.008155234,0.0,0.0008772406
0.0,0.0,2.7838378e-06,0.011454559,0.0,0.0016079369
0.0,0.0,2.776178e-06,0.02109078,0.0,0.0032383506
0.0,0.0,2.830166e-06,0.01955586,0.0,0.0041765156
0.0,0.0,4.7310045e-06,0.03795795,0.0,0.013638313
0.0,0.0,4.717986e-06,0.012725865,0.0,0.0051925075
0.0,0.0,4.705004e-06,0.06658823,0.0,0.017125662
0.0,0.0,6.7688015e-06,0.013870352,0.0,0.0047337553
0.0,0.0,6.5942354e-06,0.037183028,0.0,0.013185276
0.0,0.0,1.4475318e-05,0.009262115,0.0,0.040689822
0.0,0.0,6.472269e-05,0.030426614,0.0,0.030250425
0.0,0.0,3.954555e-05,0.031548485,0.0,0.029958135
0.0,0.0,2.8874882e-05,0.0285808,0.0,0.040387835
0.0,0.0,8.534894e-05,0.02007098,0.0,0.052991316
0.0,0.0,0.00014958688,0.04611253,0.0,0.034570087
0.0,0.0,8.707324e-05,0.0095120175,0.0,0.04139172
0.0,0.0,8.68335e-05,0.04835479,0.0,0.03410625
0.0,0.0,7.5397475e-05,0.009991286,0.0,0.018534208
0.0,0.0,0.00014475365,0.045249637,0.0,0.044033233
0.0,0.0,0.00011464094,0.012952056,0.0,0.017105892
0.0,0.0,9.4631774e-05,0.04077401,0.0,0.07273691
0.0,0.0,7.515006e-05,0.007324309,0.0,0.037875786
0.0,0.0,7.494312e-05,0.027464744,0.0,0.043353513
0.0,0.0,0.000119405595,0.030647362,0.0,0.018669475
0.0,0.0,0.000110234454,0.021068137,0.0,0.05241681
0.0,0.0,0.00017436629,0.05473408,0.0,0.028986847
0.0,0.0,0.0027008925,0.0072696055,0.0,0.041099608
0.0,0.0,0.0007814344,0.05811329,0.0,0.052216467
0.0,0.0,0.00077928253,0.03576783,0.0,0.06295658
0.0,0.0,0.00077713653,0.02430774,0.0,0.026480258
0.0,0.0,0.00062787504,0.034953613,0.0,0.02999609
0.0,0.0,0.007974863,0.006977084,0.0,0.02418866
0.0,0.0,0.0020974446,0.030870596,0.0,0.08686296
0.0,0.0,0.012264132,0.023235654,0.0,0.055363096
0.0,0.0,0.006008642,0.042275097,0.0,0.022504164
0.0,0.0,0.005992095,0.018607302,0.0,0.031852435
0.0,0.0,0.0017780634,0.0471145,0.0,0.025851397
0.0,0.0,0.0017731669,0.009518156,0.0,0.05574996
0.0,0.0,0.0028284495,0.03034147,0.0,0.02711544
0.0,0.0,0.0023636718,0.044050846,0.0,0.05831239
0.0,0.0,0.0017904077,0.01803097,0.0,0.0458226
0.0,0.0,0.00094166794,0.032639604,0.0,0.037305404
0.0,0.0,0.0009078823,0.0063933595,0.0,0.024250166
0.0,0.0,0.0020281768,0.030872691,0.0,0.0423389
0.0,0.0,0.0029711544,0.020711334,0.0,0.009852335
0.0,0.0,0.0012047444,0.027390325,0.0,0.048639856
0.0,0.0,0.002002758,0.02755596,0.0,0.03680169
0.0,0.0,0.00095494173,0.021031713,0.0,0.020527493
0.0,0.0,0.0008265487,0.035395954,0.0,0.038588755
0.0,0.0,0.0008930785,0.0061268597,0.0,0.027666911
0.0,0.0,0.0008906192,0.03546644,0.0,0.041240446
0.0,0.0,0.0005587105,0.014058377,0.0,0.01124915
0.0,0.0,0.0008579771,0.059258107,0.0,0.033372846
0.0,0.0,0.00085561443,0.008534077,0.0,0.06339139
0.0,0.0,0.0008532583,0.049183622,0.0,0.027610958
0.0,0.0,0.0007686411,0.028320381,0.0,0.041451167
0.0,0.0,0.020765876,0.018977074,0.0,0.013512316
0.0,0.0,0.020708697,0.044858,0.0,0.06634008
0.0,0.0,0.020651674,0.0056883446,0.0,0.028631276
0.0,0.0,0.011874151,0.016295608,0.0,0.014929212
0.0,0.0,0.005482895,0.024065277,0.0,0.04085436
0.0,0.0,0.004067078,0.019919088,0.0,0.026192011
0.0,0.0,0.0057272296,0.016729249,0.0,0.02355799
0.0,0.0,0.005108896,0.019268125,0.0,0.019014286
0.0,0.0,0.0030952378,0.05107052,0.0,0.083048336
0.0,0.0,0.0017706886,0.013574561,0.0,0.02929803
0.0,0.0,0.0017658132,0.031013137,0.0,0.025626138
0.0,0.0,0.0017609511,0.010578778,0.0,0.03861787
0.0,0.0,0.0013375866,0.030959308,0.0,0.01207706
0.0,0.0,0.00075490493,0.016446557,0.0,0.046162993
0.0,0.0,0.0011650542,0.025634838,0.0,0.008723902
0.0,0.0,0.011664437,0.019961627,0.0,0.045891445
0.0,0.0,0.0061037666,0.021136517,0.0,0.011372324
0.0,0.0,0.006086961,0.041717436,0.0,0.04547404
0.0,0.0,0.005183097,0.020059656,0.0,0.037889276
0.0,0.0,0.0026965335,0.033061665,0.0,0.01823681
0.0,0.0,0.0015565385,0.0060642264,0.0,0.03192018
0.0,0.0,0.002335133,0.020170689,0.0,0.011958027
0.0,0.0,0.0016503729,0.023205206,0.0,0.0169464
0.0,0.0,0.0016458291,0.016662879,0.0,0.052537475
0.0,0.0,0.0008641871,0.024812741,0.0,0.019809851
0.0,0.0,0.0008618078,0.017662754,0.0,0.030026851
0.0,0.0,0.00050887035,0.020354116,0.0,0.02122329
0.0,0.0,0.00042959212,0.01556622,0.0,0.04304624
0.0,0.0,0.0042111077,0.039453886,0.0,0.013879303
0.0,0.0,0.0028062519,0.009337109,0.0,0.034847043
0.0,0.0,0.0018980493,0.029327154,0.0,0.014803231
0.0,0.0,0.0055217464,0.022444056,0.0,0.04468402
0.0,0.0,0.0027416053,0.015786976,0.0,0.014630905
0.0,0.0,0.009350329,0.013989596,0.0,0.020566097
0.0,0.0,0.0058779344,0.02271132,0.0,0.018044764
0.0,0.0,0.005006835,0.032944713,0.0,0.035104528
0.0,0.0,0.0021264602,0.0066750105,0.0,0.009898121
0.0,0.0,0.002120606,0.016732916,0.0,0.02197337
0.0,0.0,0.0022839112,0.015245973,0.0,0.012474086
0.0,0.0,0.0010223393,0.01499451,0.0,0.032036263
0.0,0.0,0.0004866659,0.009915199,0.0,0.0066992915
0.0,0.0,0.00048532602,0.03400981,0.0,0.013902695
0.0,0.0,0.006125585,0.014123793,0.0,0.04367526
0.0,0.0,0.005500196,0.01995118,0.0,0.014160766
0.0,0.0,0.004695791,0.011440336,0.0,0.028849253
0.0,0.0,0.004682862,0.019204602,0.0,0.009430659
0.0,0.0,0.00466997,0.017172305,0.0,0.020769976
0.0,0.0,0.0046571125,0.028031213,0.0,0.016738955
0.0,0.0,0.0011621304,0.013324718,0.0,0.036535196
0.0,0.0,0.0011589308,0.006214405,0.0,0.009725444
0.0,0.0,0.0007186614,0.010142887,0.0,0.020211292
0.0,0.0,0.00041008528,0.013557071,0.0,0.026548842
0.0,0.0,0.00040895623,0.02275321,0.0,0.018826082
0.0,0.0,0.0001805799,0.013696651,0.0,0.03287155
0.0,0.0,0.00014938276,0.035003636,0.0,0.019754048
0.0,0.0,6.284012e-05,0.012992453,0.0,0.0374757
0.0,0.0,3.7707734e-05,0.018313002,0.0,0.024063367
0.0,0.0,3.7603917e-05,0.036225293,0.0,0.048422698
0.0,0.0,3.298649e-05,0.007726066,0.0,0.019019367
0.0,0.0,2.5826477e-05,0.01361287,0.0,0.02449855
0.0,0.0,2.3205428e-05,0.019954942,0.0,0.018792631
0.0,0.0,2.3141536e-05,0.018632634,0.0,0.030713707
0.0,0.0,1.9970197e-05,0.032651804,0.0,0.024851056
0.0,0.0,1.9915213e-05,0.0205827,0.0,0.021604516
0.0,0.0,1.8862323e-05,0.019013748,0.0,0.023305463
0.0,0.0,3.3761025e-05,0.01757607,0.0,0.03368326
0.0,0.0,2.7289894e-05,0.031786684,0.0,0.020986611
0.0,0.0,2.2603803e-05,0.009479757,0.0,0.029682897
0.0,0.0,2.2541564e-05,0.009143802,0.0,0.020812117
0.0,0.0,2.546328e-05,0.047249734,0.0,0.080747485
0.0,0.0,2.4564422e-05,0.017229386,0.0,0.016683754
0.0,0.0,2.1629085e-05,0.028099835,0.0,0.04952267
0.0,0.0,0.00010095406,0.017016416,0.0,0.013487385
0.0,0.0,9.330548e-05,0.01869619,0.0,0.020731222
0.0,0.0,5.1691764e-05,0.023616754,0.0,0.034817617
0.0,0.0,3.847086e-05,0.022313831,0.0,0.014574773
0.0,0.0,9.524894e-05,0.024960797,0.0,0.044310667
0.0,0.0,5.5400636e-05,0.0153923845,0.0,0.02321089
0.0,0.0,5.5248063e-05,0.027717516,0.0,0.020385763
0.0,0.0,0.00010074525,0.010799195,0.0,0.026825173
0.0,0.0,5.9853584e-05,0.038326155,0.0,0.033789106
0.0,0.0,5.212104e-05,0.0054387418,0.0,0.025230391
0.0,0.0,3.9285693e-05,0.021571936,0.0,0.03406772
0.0,0.0,6.429576e-05,0.024142664,0.0,0.009770488
0.0,0.0,6.411866e-05,0.013018632,0.0,0.013928682
0.0,0.0,5.7151705e-05,0.037188366,0.0,0.09441069
0.0,0.0,7.0606424e-05,0.019220144,0.0,0.049881052
0.0,0.0,5.8253165e-05,0.06385849,0.0,0.047200542
0.0,0.0,4.668495e-05,0.012488486,0.0,0.018526876
0.0,0.0,3.8831156e-05,0.0383734,0.0,0.079737864
0.0,0.0,3.3470722e-05,0.01882327,0.0,0.02284283
0.0,0.0,3.3378525e-05,0.037728075,0.0,0.020592881
0.0,0.0,2.9804018e-05,0.013686747,0.0,0.08107088
0.0,0.0,2.7114642e-05,0.033516478,0.0,0.05786625
0.0,0.0,2.5080551e-05,0.010778226,0.0,0.007313439
0.0,0.0,2.2717206e-05,0.015592724,0.0,0.008484678
0.0,0.0,2.1590411e-05,0.031333804,0.0,0.04317318
0.0,0.0,2.1530937e-05,0.010609122,0.0,0.021295756
0.0,0.0,1.9886507e-05,0.026676405,0.0,0.04988399
0.0,0.0,1.8523362e-05,0.017692082,0.0,0.030074356
0.0,0.0,1.9278703e-05,0.014577486,0.0,0.032708533
0.0,0.0,5.4447726e-05,0.030014103,0.0,0.015658729
0.0,0.0,4.808474e-05,0.016743895,0.0,0.0577436
0.0,0.0,3.597433e-05,0.013483497,0.0,0.017686905
0.0,0.0,3.587523e-05,0.011065307,0.0,0.017395753
0.0,0.0,3.2221633e-05,0.01880619,0.0,0.03733599
0.0,0.0,3.213287e-05,0.030493869,0.0,0.009382805
0.0,0.0,3.204435e-05,0.008326658,0.0,0.01562631
0.0,0.0,4.1115964e-05,0.010795346,0.0,0.03543701
0.0,0.0,3.274527e-05,0.010635151,0.0,0.01819711
0.0,0.0,2.8360488e-05,0.018641578,0.0,0.038239297
0.0,0.0,3.644103e-05,0.03135891,0.0,0.01576243
0.0,0.0,3.645619e-05,0.016543655,0.0,0.05073019
0.0,0.0,3.2849497e-05,0.030318012,0.0,0.034599956
0.0,0.0,2.7187963e-05,0.0058102696,0.0,0.017761253
0.0,0.0,2.9070323e-05,0.007330282,0.0,0.024389554
0.0,0.0,2.9807976e-05,0.03288234,0.0,0.014555495
0.0,0.0,3.1517055e-05,0.016919514,0.0,0.07600464
0.0,0.0,6.794188e-05,0.034340188,0.0,0.020593902
0.0,0.0,5.429765e-05,0.009214967,0.0,0.047594007
0.0,0.0,4.3412394e-05,0.021567248,0.0,0.013180394
0.0,0.0,3.8507147e-05,0.03127288,0.0,0.053973924
0.0,0.0,3.2124728e-05,0.011004846,0.0,0.01733626
0.0,0.0,2.8688459e-05,0.015758382,0.0,0.022651479
0.0,0.0,2.3378316e-05,0.014302523,0.0,0.018230896
0.0,0.0,1.975028e-05,0.017539162,0.0,0.018202916
0.0,0.0,1.7700173e-05,0.00764089,0.0,0.010565289
0.0,0.0,1.8869354e-05,0.005064415,0.0,0.013341211
0.0,0.0,1.5459942e-05,0.005128976,0.0,0.014278278
0.0,0.0,1.2892001e-05,0.0025453449,0.0,0.012686711
0.0,0.0,1.1650632e-05,0.0031353529,0.0,0.00913186
0.0,0.0,1.06509e-05,0.0015418166,0.0,0.022738608
0.0,0.0,1.06215475e-05,0.0050163846,0.0,0.012534508
0.0,0.0,1.0592276e-05,0.0024830543,0.0,0.011665816
0.0,0.0,1.0563086e-05,0.0061969664,0.0,0.026682723
0.0,0.0,1.5962518e-05,0.0048982403,0.0,0.0057482678
0.0,0.0,1.1210313e-05,0.0037410161,0.0,0.009775174
0.0,0.0,1.1179416e-05,0.0017876278,0.0,0.008821075
0.0,0.0,8.734843e-06,0.0021661867,0.0,0.007851687
0.0,0.0,6.698384e-06,0.0009877764,0.0,0.009657292
0.0,0.0,6.222278e-06,0.0022107419,0.0,0.008569057
0.0,0.0,6.2051286e-06,0.0011522123,0.0,0.010879298
0.0,0.0,6.188026e-06,0.0076538934,0.0,0.030983176
0.0,0.0,4.552383e-06,0.008838911,0.0,0.007233597
0.0,0.0,4.0773266e-06,0.0026357002,0.0,0.004206987
0.0,0.0,3.2690205e-06,0.0011157512,0.0,0.0018570975
0.0,0.0,3.26001e-06,0.000910658,0.0,0.0011010478
0.0,0.0,3.2510245e-06,0.0018578972,0.0,0.001943904
0.0,0.0,2.2859765e-06,0.00047305448,0.0,0.0010993078
0.0,0.0,1.6847674e-06,0.00053219043,0.0,0.00064077915
0.0,0.0,1.6801235e-06,0.0013568655,0.0,0.0010586563
0.0,0.0,1.6754926e-06,0.0006566357,0.0,0.0010613202
0.0,0.0,1.4658889e-06,0.0010697973,0.0,0.0011953679
0.0,0.0,9.578923e-07,0.00036356036,0.0,0.00070663966
0.0,0.0,9.55252e-07,0.0005076418,0.0,0.00061540515
0.0,0.0,8.349797e-07,0.0009901761,0.0,0.0012579422
0.0,0.0,6.58895e-07,0.00058836606,0.0,0.00073253753
0.0,0.0,6.2018063e-07,0.00053750986,0.0,0.00040256695
0.0,0.0,5.076646e-07,0.0007868189,0.0,0.00050761056
0.0,0.0,4.2590193e-07,0.0002466837,0.0,0.00040678564
0.0,0.0,4.247277e-07,0.00022374408,0.0,0.0001899707
0.0,0.0,4.2355668e-07,0.00010286131,0.0,7.8218734e-05
0.0,0.0,4.2238892e-07,2.965191e-05,0.0,3.7996022e-05
0.0,0.0,3.0455652e-07,9.288613e-06,0.0,2.5829915e-05
0.0,0.0,3.0371683e-07,3.3450274e-06,0.0,3.665253e-05
0.0,0.0,4.4326498e-07,2.0275158e-06,0.0,3.0545805e-05
0.0,0.0,3.5937526e-07,1.514898e-06,0.0,3.5811994e-05
0.0,0.0,3.0232792e-07,8.548333e-07,0.0,3.254332e-05
0.0,0.0,2.4610358e-07,5.1501587e-07,0.0,3.807814e-05
0.0,0.0,2.1998105e-07,5.1067747e-07,0.0,3.4749843e-05
0.0,0.0,2.193745e-07,1.054278e-06,0.0,2.8186329e-05
0.0,0.0,1.6749381e-07,7.212073e-07,0.0,2.46991e-05
0.0,0.0,1.6703198e-07,8.046466e-07,0.0,3.4392127e-05
0.0,0.0,1.6657144e-07,7.516648e-07,0.0,2.9862547e-05
0.0,0.0,1.2364173e-07,7.1899245e-07,0.0,2.6783968e-05
0.0,0.0,1.2330081e-07,3.9063823e-07,0.0,2.3100063e-05
0.0,0.0,1.2296083e-07,1.5017606e-07,0.0,2.4896717e-05
0.0,0.0,1.0224959e-07,1.4418879e-07,0.0,2.4228028e-05
0.0,0.0,1.0196766e-07,4.8731046e-08,0.0,1.796049e-05
0.0,0.0,1.016865e-07,2.661725e-08,0.0,2.468949e-05
0.0,0.0,1.0140612e-07,1.386707e-08,0.0,2.5891026e-05
0.0,0.0,1.0112652e-07,1.4970027e-08,0.0,1.8443421e-05
0.0,0.0,1.0084768e-07,3.0942203e-08,0.0,3.106637e-05
0.0,0.0,5.2790472e-08,3.6245194e-08,0.0,3.1606378e-05
0.0,0.0,2.7299135e-08,5.4730332e-08,0.0,2.9618164e-05
0.0,0.0,4.467239e-08,4.7966896e-08,0.0,2.0297111e-05
0.0,0.0,3.0178462e-08,4.7913122e-08,0.0,1.601553e-05
0.0,0.0,3.0095237e-08,4.99491e-08,0.0,1.3230763e-05
0.0,0.0,2.375169e-08,8.60758e-08,0.0,2.4420335e-05
0.0,0.0,1.6236998e-08,8.220026e-08,0.0,3.257449e-05
0.0,0.0,1.6192217e-08,3.6472144e-08,0.0,1.9181174e-05
0.0,0.0,1.316433e-08,1.3929713e-08,0.0,2.1072228e-05
0.0,0.0,1.3128023e-08,3.3183476e-08,0.0,2.7221638e-05
0.0,0.0,1.1399273e-08,3.5048078e-08,0.0,2.5446494e-05
0.0,0.0,9.580524e-09,3.387968e-08,0.0,2.5883895e-05
0.0,0.0,9.5541e-09,4.6035577e-08,0.0,2.9927647e-05
0.0,0.0,1.3802811e-08,1.8470685e-08,0.0,1.9895208e-05
0.0,0.0,1.3764742e-08,3.9210313e-08,0.0,2.0424088e-05
0.0,0.0,1.3726778e-08,3.4199456e-08,0.0,1.808822e-05
0.0,0.0,1.1483327e-08,1.79636e-08,0.0,1.8242969e-05
0.0,0.0,1.0455209e-08,9.933162e-09,0.0,1.1435035e-05
0.0,0.0,1.0426373e-08,9.098549e-09,0.0,1.9000438e-05
0.0,0.0,1.4328732e-08,3.6259973e-08,0.0,2.0911693e-05
0.0,0.0,1.2606514e-08,1.7264151e-08,0.0,1.5221979e-05
0.0,0.0,1.4893586e-08,5.3164673e-08,0.0,2.4247342e-05
0.0,0.0,1.4852505e-08,5.4886033e-08,0.0,2.5894447e-05
0.0,0.0,1.4811538e-08,4.4308585e-08,0.0,2.2886965e-05
0.0,0.0,1.47706825e-08,2.8116832e-08,0.0,1.6446455e-05
0.0,0.0,1.4729941e-08,1.6937783e-08,0.0,1.5854364e-05
0.0,0.0,1.8977257e-08,1.5750059e-08,0.0,2.4737374e-05
0.0,0.0,2.3329033e-08,2.1799968e-08,0.0,1.7831066e-05
0.0,0.0,2.3264683e-08,5.0188632e-08,0.0,2.5170868e-05
0.0,0.0,2.6599913e-08,8.427702e-08,0.0,2.8829576e-05
0.0,0.0,3.815328e-08,1.3261875e-07,0.0,3.428398e-05
0.0,0.0,4.3279357e-08,2.5946048e-07,0.0,4.3986794e-05
0.0,0.0,4.2708674e-08,5.30724e-07,0.0,3.2890373e-05
0.0,0.0,4.3721116e-08,3.108799e-07,0.0,1.9881569e-05
0.0,0.0,5.761172e-08,4.121114e-07,0.0,1.925212e-05
0.0,0.0,7.2594304e-08,9.1033905e-07,0.0,4.3082193e-05
0.0,0.0,9.225026e-08,1.1291281e-06,0.0,4.5409146e-05
0.0,0.0,9.199578e-08,1.9631698e-06,0.0,4.29832e-05
0.0,0.0,9.1742e-08,2.8222305e-06,0.0,4.469829e-05
0.0,0.0,2.1073372e-07,7.733293e-06,0.0,5.78571e-05
0.0,0.0,9.543786e-07,1.3021885e-05,0.0,6.082855e-05
0.0,0.0,1.8557681e-06,2.9524173e-05,0.0,8.78758e-05
0.0,0.0,1.4160905e-06,4.577752e-05,0.0,7.2171206e-05
0.0,0.0,1.4019262e-06,0.00018158066,0.0,7.293833e-05
0.0,0.0,2.3432588e-06,0.002132314,0.0,0.00025712512
0.0,0.0,2.3392595e-06,0.0018674189,0.0,0.0004292857
0.0,0.0,2.1999222e-06,0.0035437613,0.0,0.00041157805
0.0,0.0,2.193851e-06,0.0037792448,0.0,0.00049016555
0.0,0.0,2.1053734e-06,0.00303401,0.0,0.0010283908
0.0,0.0,2.0279133e-06,0.009105773,0.0,0.0022049581
0.0,0.0,2.2059924e-06,0.012804588,0.0,0.00078824034
0.0,0.0,6.548021e-06,0.018323166,0.0,0.0038314138
0.0,0.0,5.375448e-06,0.028272256,0.0,0.006195255
0.0,0.0,4.998796e-06,0.0121657,0.0,0.016273115
0.0,0.0,5.790757e-06,0.010278363,0.0,0.0030879832
0.0,0.0,7.672971e-06,0.06643949,0.0,0.011590063
0.0,0.0,7.822215e-06,0.02552716,0.0,0.020506674
0.0,0.0,1.242942e-05,0.03191277,0.0,0.098961614
0.0,0.0,1.1816504e-05,0.011938628,0.0,0.058782827
0.0,0.0,2.0083859e-05,0.039731737,0.0,0.053216808
0.0,0.0,2.794646e-05,0.016227484,0.0,0.020522358
0.0,0.0,3.4353703e-05,0.05125468,0.0,0.044793263
0.0,0.0,3.6226364e-05,0.0070003867,0.0,0.009268912
0.0,0.0,5.581629e-05,0.06192893,0.0,0.102101736
0.0,0.0,4.6563946e-05,0.038656645,0.0,0.06315959
0.0,0.0,4.151999e-05,0.027447836,0.0,0.03486482
0.0,0.0,7.233905e-05,0.04166128,0.0,0.039565843
0.0,0.0,0.0002373618,0.010706216,0.0,0.07618871
0.0,0.0,0.00022303402,0.043374613,0.0,0.06411256
0.0,0.0,0.00023213707,0.026775127,0.0,0.03493012
0.0,0.0,0.0002583684,0.02098706,0.0,0.01913895
0.0,0.0,0.0070674075,0.0244604,0.0,0.0982036
0.0,0.0,0.0025221983,0.05007353,0.0,0.08125665
0.0,0.0,0.051981684,0.021607332,0.0,0.110687636
0.0,0.0,0.02201447,0.0533435,0.0,0.052585427
0.0,0.0,0.013772025,0.012425549,0.0,0.026299747
0.0,0.0,0.009183517,0.04714346,0.0,0.05155918
0.0,0.0,0.003951579,0.04198502,0.0,0.022848956
0.0,0.0,0.002166163,0.023612153,0.0,0.06502246
0.0,0.0,0.0020559884,0.03496133,0.0,0.01705269
0.0,0.0,0.002050311,0.011064296,0.0,0.08806804
0.0,0.0,0.0037316093,0.08134764,0.0,0.05430835
0.0,0.0,0.0037213052,0.032104526,0.0,0.015580775
0.0,0.0,0.0037110297,0.019137584,0.0,0.053966258
0.0,0.0,0.00589646,0.03942867,0.0,0.034819525
0.0,0.0,0.004012789,0.007871651,0.0,0.02493731
0.0,0.0,0.0034207476,0.02397204,0.0,0.07524714
0.0,0.0,0.003411302,0.075980484,0.0,0.069028765
0.0,0.0,0.0034040888,0.032944016,0.0,0.040893637
0.0,0.0,0.0020444095,0.020825312,0.0,0.02416375
0.0,0.0,0.008011287,0.04688222,0.0,0.071354784
0.0,0.0,0.007989166,0.0063934643,0.0,0.028062837
0.0,0.0,0.006804787,0.04023868,0.0,0.042434234
0.0,0.0,0.0051723206,0.018424112,0.0,0.034289535
0.0,0.0,0.0049667032,0.046181973,0.0,0.03893867
0.0,0.0,0.0034462472,0.0116104465,0.0,0.045280315
0.0,0.0,0.0034367316,0.02891936,0.0,0.03980372
0.0,0.0,0.0034272424,0.016907658,0.0,0.030911447
0.0,0.0,0.0017903465,0.07968669,0.0,0.07471446
0.0,0.0,0.0030318638,0.02488591,0.0,0.024986845
0.0,0.0,0.0015336649,0.026349908,0.0,0.053238757
0.0,0.0,0.0022545094,0.022306072,0.0,0.011297378
0.0,0.0,0.0011097308,0.025137272,0.0,0.078591764
0.0,0.0,0.00069029577,0.020775575,0.0,0.03587628
0.0,0.0,0.0020227213,0.03846508,0.0,0.033374574
0.0,0.0,0.0017699661,0.013719745,0.0,0.02951026
0.0,0.0,0.0017650794,0.019300956,0.0,0.026687317
0.0,0.0,0.0015314791,0.018038513,0.0,0.027294612
0.0,0.0,0.0021560786,0.027493704,0.0,0.03203407
0.0,0.0,0.0090103615,0.010292884,0.0,0.022956952
0.0,0.0,0.0017704124,0.03190868,0.0,0.043893438
0.0,0.0,0.0010422197,0.012032452,0.0,0.010381513
0.0,0.0,0.011351631,0.016532613,0.0,0.02989423
0.0,0.0,0.005120635,0.024357695,0.0,0.020435123
0.0,0.0,0.012597254,0.024926031,0.0,0.034710396
0.0,0.0,0.01256248,0.016925259,0.0,0.016700326
0.0,0.0,0.012527802,0.021482568,0.0,0.028423898
0.0,0.0,0.003130949,0.016733473,0.0,0.015931081
0.0,0.0,0.0027531786,0.01896858,0.0,0.029379519
0.0,0.0,0.0027455788,0.010825174,0.0,0.010980485
0.0,0.0,0.002075473,0.015152312,0.0,0.036846705
0.0,0.0,0.0013007188,0.025040604,0.0,0.014852876
0.0,0.0,0.0006310884,0.02059811,0.0,0.059051804
0.0,0.0,0.00058496324,0.029749636,0.0,0.01158676
0.0,0.0,0.0026531497,0.012697236,0.0,0.057315897
0.0,0.0,0.0037365665,0.02028887,0.0,0.0234989
0.0,0.0,0.00213582,0.023864027,0.0,0.03686244
0.0,0.0,0.004900574,0.013443225,0.0,0.015064244
0.0,0.0,0.0033579087,0.03421833,0.0,0.056308325
0.0,0.0,0.0024290115,0.007780919,0.0,0.02122522
0.0,0.0,0.0020913328,0.007807645,0.0,0.03513263
0.0,0.0,0.0049054,0.022689933,0.0,0.010985028
0.0,0.0,0.00489186,0.014654589,0.0,0.023203436
0.0,0.0,0.026269887,0.015247049,0.0,0.03159442
0.0,0.0,0.011056077,0.019321127,0.0,0.017320633
0.0,0.0,0.011025561,0.08490044,0.0,0.07359822
0.0,0.0,0.005824056,0.035090838,0.0,0.018969871
0.0,0.0,0.0021156252,0.017064082,0.0,0.053801864
0.0,0.0,0.03021066,0.013879445,0.0,0.013663433
0.0,0.0,0.009390893,0.023903787,0.0,0.03688077
0.0,0.0,0.004650433,0.03361205,0.0,0.032844484
0.0,0.0,0.005168307,0.014207524,0.0,0.02945208
0.0,0.0,0.0012388659,0.027623544,0.0,0.01642165
0.0,0.0,0.00060872675,0.0062325797,0.0,0.01248947
0.0,0.0,0.0007637156,0.011359699,0.0,0.039095502
0.0,0.0,0.0014797174,0.01813213,0.0,0.019894548
0.0,0.0,0.002916739,0.02738002,0.0,0.036779918
0.0,0.0,0.00081560196,0.011393324,0.0,0.013112297
0.0,0.0,0.0011302872,0.018965768,0.0,0.038824663
0.0,0.0,0.012333283,0.02564808,0.0,0.017260479
0.0,0.0,0.008006107,0.013372831,0.0,0.036130432
0.0,0.0,0.005436245,0.037878044,0.0,0.008202431
0.0,0.0,0.0014213941,0.006400001,0.0,0.010730771
0.0,0.0,0.001417471,0.0057881493,0.0,0.020092692
0.0,0.0,0.0011625576,0.016293626,0.0,0.015472634
0.0,0.0,0.039213452,0.02496018,0.0,0.041968457
0.0,0.0,0.024478758,0.022868866,0.0,0.017988125
0.0,0.0,0.015840417,0.017845754,0.0,0.030326525
0.0,0.0,0.008853964,0.039393816,0.0,0.010387887
0.0,0.0,0.008829527,0.009308796,0.0,0.022935068
0.0,0.0,0.00350277,0.020301165,0.0,0.018847788
0.0,0.0,0.0025701402,0.013475423,0.0,0.019465609
0.0,0.0,0.0013823273,0.03269262,0.0,0.017025538
0.0,0.0,0.0057507562,0.018909868,0.0,0.06386575
0.0,0.0,0.004818332,0.03986569,0.0,0.022883696
0.0,0.0,0.0036566749,0.006483828,0.0,0.056285605
0.0,0.0,0.0028246588,0.016508795,0.0,0.024634963
0.0,0.0,0.0024182396,0.03616659,0.0,0.0444864
0.0,0.0,0.0019565201,0.008729352,0.0,0.046189316
0.0,0.0,0.00195112,0.03633441,0.0,0.018395016
0.0,0.0,0.0021450794,0.016022958,0.0,0.03651179
0.0,0.0,0.0016798789,0.02325,0.0,0.012601219
0.0,0.0,0.0016752422,0.021102225,0.0,0.030349577
0.0,0.0,0.00090124767,0.017697096,0.0,0.01951355
0.0,0.0,0.00077381806,0.028437337,0.0,0.039109036
0.0,0.0,0.00044084125,0.027033368,0.0,0.020265017
0.0,0.0,0.00052894914,0.026789889,0.0,0.0453044
0.0,0.0,0.00801091,0.01218377,0.0,0.021804228
0.0,0.0,0.00711793,0.007993851,0.0,0.016105022
0.0,0.0,0.0055074454,0.019810556,0.0,0.030311964
0.0,0.0,0.00443404,0.018129718,0.0,0.011333195
0.0,0.0,0.0023505783,0.016527513,0.0,0.028659318
0.0,0.0,0.0020176326,0.015945528,0.0,0.009613222
0.0,0.0,0.0049511828,0.021053817,0.0,0.023794353
0.0,0.0,0.0010456679,0.015802167,0.0,0.013111547
0.0,0.0,0.00048090413,0.029522624,0.0,0.048158843
0.0,0.0,0.00047957656,0.0129846195,0.0,0.017750695
0.0,0.0,0.029415721,0.047437213,0.0,0.08189628
0.0,0.0,0.014549515,0.009027215,0.0,0.038997952
0.0,0.0,0.009935269,0.014126365,0.0,0.021626117
0.0,0.0,0.009907841,0.04313744,0.0,0.033119246
0.0,0.0,0.0034519455,0.013442825,0.0,0.03176656
0.0,0.0,0.0014647923,0.031700313,0.0,0.05032859
0.0,0.0,0.0008995988,0.01189778,0.0,0.019192263
0.0,0.0,0.0020030043,0.017527144,0.0,0.04259949
0.0,0.0,0.0037616668,0.06999466,0.0,0.04872085
0.0,0.0,0.0013644368,0.029287003,0.0,0.028925255
0.0,0.0,0.0009724562,0.02159021,0.0,0.029213108
0.0,0.0,0.0020427788,0.022460138,0.0,0.024799002
0.0,0.0,0.0015485487,0.014308525,0.0,0.020354707
0.0,0.0,0.00064081105,0.03169338,0.0,0.0329001
0.0,0.0,0.00052300526,0.011550955,0.0,0.014953778
0.0,0.0,0.0044499654,0.032373432,0.0,0.06490068
0.0,0.0,0.0031294296,0.03441912,0.0,0.016556634
0.0,0.0,0.0043765972,0.021851454,0.0,0.041333914
0.0,0.0,0.0037467515,0.029902587,0.0,0.035675243
0.0,0.0,0.0014938758,0.00820667,0.0,0.019862752
0.0,0.0,0.0025548043,0.017627997,0.0,0.03603457
0.0,0.0,0.0028408102,0.029593285,0.0,0.022617226
0.0,0.0,0.0015282594,0.016328394,0.0,0.039920088
0.0,0.0,0.0006439846,0.035311863,0.0,0.020915927
0.0,0.0,0.00064927194,0.0084727965,0.0,0.064596705
0.0,0.0,0.023474026,0.02754528,0.0,0.031487435
0.0,0.0,0.016987085,0.02567401,0.0,0.020569874
0.0,0.0,0.010619894,0.024413975,0.0,0.04084286
0.0,0.0,0.008647055,0.013177664,0.0,0.011623683
0.0,0.0,0.0075974097,0.038435213,0.0,0.05095507
0.0,0.0,0.0075228964,0.009551664,0.0,0.0143982535
0.0,0.0,0.00750212,0.01406206,0.0,0.028815605
0.0,0.0,0.0015474635,0.01700067,0.0,0.018828321
0.0,0.0,0.00052040577,0.02038063,0.0,0.018403849
0.0,0.0,0.00035233598,0.011815906,0.0,0.019422716
0.0,0.0,0.0005504718,0.023452267,0.0,0.020067515
0.0,0.0,0.0011086977,0.01369566,0.0,0.013187158
0.0,0.0,0.0019049008,0.0059129302,0.0,0.010581417
0.0,0.0,0.00070683367,0.007988159,0.0,0.020286625
0.0,0.0,0.00054419163,0.012137012,0.0,0.008060258
0.0,0.0,0.0005426884,0.009921623,0.0,0.016586654
0.0,0.0,0.0004027911,0.012598609,0.0,0.023649745
0.0,0.0,0.00040167847,0.022522954,0.0,0.010804096
0.0,0.0,0.00040056894,0.009060722,0.0,0.026530866
0.0,0.0,0.00039946244,0.009688317,0.0,0.008643333
0.0,0.0,0.000398359,0.010256459,0.0,0.019879585
0.0,0.0,0.0003652011,0.015227444,0.0,0.019810872
0.0,0.0,0.00666587,0.0072310716,0.0,0.009177514
0.0,0.0,0.0028946006,0.0051373034,0.0,0.016519891
0.0,0.0,0.0028866045,0.0048367777,0.0,0.013580348
0.0,0.0,0.0024776482,0.0045807706,0.0,0.025080498
0.0,0.0,0.006558333,0.0016631103,0.0,0.007588955
0.0,0.0,0.0014435535,0.0019703181,0.0,0.01314557
0.0,0.0,0.0009802694,0.0009644697,0.0,0.015780138
0.0,0.0,0.0047271964,0.00078419107,0.0,0.0050893896
0.0,0.0,0.0028366065,0.0034626403,0.0,0.005441525
0.0,0.0,0.0023480225,0.0014613104,0.0,0.009219437
0.0,0.0,0.013851245,0.0015108798,0.0,0.0075698537
0.0,0.0,0.013812971,0.0010888615,0.0,0.0023692388
0.0,0.0,0.012252429,0.0022554153,0.0,0.0043039476
0.0,0.0,0.012218572,0.0008572985,0.0,0.0038821595
0.0,0.0,0.0044292905,0.0005600397,0.0,0.0021093308
0.0,0.0,0.0044170516,0.00090138946,0.0,0.0015315847
0.0,0.0,0.0021717108,0.00073592993,0.0,0.001224937
0.0,0.0,0.0019602266,0.0021624244,0.0,0.003143917
0.0,0.0,0.0019548098,0.000970824,0.0,0.004605298
0.0,0.0,0.0011297694,0.0009930049,0.0,0.0073906034
0.0,0.0,0.0011266475,0.0018084502,0.0,0.008394611
0.0,0.0,0.00033367705,0.00067496573,0.0,0.004016246
0.0,0.0,0.000285452,0.0016496156,0.0,0.00647186
0.0,0.0,0.00011722607,0.00057389017,0.0,0.0031284608
0.0,0.0,4.7483616e-05,0.0002793669,0.0,0.0012111461
0.0,0.0,4.7352394e-05,0.0006236227,0.0,0.0009634574
0.0,0.0,1.1622718e-05,0.0006179899,0.0,0.0008219714
0.0,0.0,5.521555e-06,0.001248822,0.0,0.0020793944
0.0,0.0,2.8707657e-06,0.00042454165,0.0,0.0010365312
0.0,0.0,1.3589388e-06,0.00017532246,0.0,0.00065570866
0.0,0.0,6.524327e-07,4.5962748e-05,0.0,0.00038116457
0.0,0.0,3.9199548e-07,1.8690012e-05,0.0,0.000632498
0.0,0.0,3.9091205e-07,6.494507e-06,0.0,0.0003343284
