bulk_species_node [MG] at P @ dist64,bulk_species_node [MG] at P @ dist648,bulk_species_node [MG] at Chlorine @ dist64,bulk_species_node [MG] at Chlorine @ dist648,bulk_species_node [MG] at P @ dist420,bulk_species_node [MG] at Chlorine @ dist420
0.0,0.0,0.0,0.0,0.0,0.0
0.0,0.0,0.0,0.0,0.0,0.0
0.0,0.0,0.0,0.0,0.0,0.0
0.0,0.0,0.0,0.0,0.0,0.0
0.0,0.0,0.0,0.0,0.0,0.0
0.0,0.0,0.0,0.0,0.0,0.0
0.0,0.0,0.0,0.0,0.0,0.0
0.0,0.0,0.0,0.0,0.0,0.0
0.0,0.0,0.0,0.0,0.0,0.0
0.0,0.0,0.0,0.0,0.0,0.0
0.0,0.0,0.0,0.0,0.0,0.0
0.0,0.0,0.0,0.0,0.0,0.0
0.0,0.0,0.0,0.0,0.0,0.0
0.0,0.0,0.0,0.0,0.0,0.0
0.0,0.0,0.0,0.0,0.0,0.0
0.0,0.0,0.0,0.0,0.0,0.0
0.0,0.0,0.0,9.300197e-18,0.0,1.9372766e-05
0.0,0.0,0.0,3.2440175e-19,0.0,2.2994262e-05
0.0,0.0,0.0,2.9726488e-19,0.0,1.8798744e-05
0.0,0.0,0.0,5.766105e-20,0.0,1.9038567e-05
0.0,0.0,0.0,0.0,0.0,1.857367e-05
0.0,0.0,0.0,0.0,0.0,2.1986918e-05
0.0,0.0,0.0,0.0,0.0,2.6432726e-05
0.0,0.0,0.0,0.0,0.0,1.913143e-05
0.0,0.0,0.0,0.0,0.0,2.9370984e-05
0.0,0.0,0.0,0.0,0.0,2.5463965e-05
0.0,0.0,0.0,3.0412388e-15,0.0,2.4600202e-05
0.0,0.0,0.0,0.0,0.0,1.615219e-05
0.0,0.0,0.0,0.0,0.0,2.2520895e-05
0.0,0.0,0.0,6.550874599999999e-18,0.0,2.2808188e-05
0.0,0.0,0.0,6.7697785e-18,0.0,1.5718824e-05
0.0,0.0,0.0,5.8695686e-18,0.0,2.0014602e-05
0.0,0.0,0.0,4.588068999999999e-19,0.0,2.2273662e-05
0.0,0.0,0.0,1.3326993999999998e-19,0.0,2.3219049e-05
0.0,0.0,0.0,0.0,0.0,1.3988052e-05
0.0,0.0,0.0,0.0,0.0,1.3153655e-05
0.0,0.0,0.0,0.0,0.0,1.40771945e-05
0.0,0.0,0.0,0.0,0.0,1.5313093e-05
0.0,0.0,0.0,5.317378e-15,0.0,1.4612884e-05
0.0,0.0,0.0,9.966727e-15,0.0,1.6787204e-05
0.0,0.0,0.0,2.5004247e-15,0.0,1.982641e-05
0.0,0.0,0.0,9.451087e-16,0.0,2.67686e-05
0.0,0.0,0.0,1.1859589e-08,0.0,2.918456e-05
0.0,0.0,0.0,1.6754695e-08,0.0,2.4534838e-05
0.0,0.0,0.0,2.6947687e-08,0.0,2.1895588e-05
0.0,0.0,0.0,2.783632e-08,0.0,2.1505417e-05
0.0,0.0,0.0,5.7958566e-08,0.0,2.396472e-05
0.0,0.0,0.0,5.5712334e-08,0.0,1.916344e-05
0.0,0.0,0.0,7.837268e-08,0.0,1.8346176e-05
0.0,0.0,0.0,9.207266e-08,0.0,2.6008422e-05
0.0,0.0,0.0,8.0345174e-08,0.0,2.5122912e-05
0.0,0.0,0.0,8.588091e-08,0.0,2.106445e-05
0.0,0.0,0.0,1.5285524e-07,0.0,2.8616389e-05
0.0,0.0,0.0,1.3166238e-07,0.0,3.2045067e-05
0.0,0.0,2.3215316e-13,1.5503862e-07,0.0,4.650798e-05
0.0,0.0,1.243877e-13,1.04346206e-07,0.0,5.5002387e-05
0.0,0.0,4.8980832e-14,8.779657e-08,0.0,4.016613e-05
0.0,0.0,4.8980832e-14,4.4457078e-08,0.0,3.6083493e-05
0.0,0.0,3.6881038e-14,7.501849e-08,0.0,3.9066115e-05
0.0,0.0,3.6881038e-14,1.7912838e-07,0.0,4.2477935e-05
0.0,0.0,2.7767678e-14,3.767529e-07,0.0,3.6714155e-05
0.0,0.0,2.3664029e-14,3.442021e-07,0.0,4.1789142e-05
0.0,0.0,8.022808e-15,3.4133026e-07,0.0,6.310801e-05
0.0,0.0,6.009561e-15,2.620706e-07,0.0,7.355839e-05
0.0,0.0,2.3430846e-15,2.5247658e-07,0.0,9.196467e-05
0.0,0.0,2.2221935e-15,2.530282e-07,0.0,0.00010591538
0.0,0.0,2.2221933e-15,2.7626086e-07,0.0,9.766637e-05
0.0,0.0,2.222193e-15,2.408096e-07,0.0,9.006107e-05
0.0,0.0,2.2221928e-15,1.9026784e-07,0.0,9.0052104e-05
0.0,0.0,2.2221926e-15,2.1686368e-07,0.0,0.00012284907
0.0,0.0,2.2221924e-15,2.619945e-07,0.0,0.0001361865
0.0,0.0,1.265084e-15,2.0623541e-07,0.0,0.00012247093
0.0,0.0,9.585202e-16,2.5903663e-07,0.0,0.00013100934
0.0,0.0,6.941667e-16,2.57567e-07,0.0,0.00014695669
0.0,0.0,1.2707505e-16,3.3168143e-07,0.0,0.0002425227
0.0,0.0,2.3344501000000002e-17,5.5672325e-07,0.0,0.0003851328
0.0,0.0,4.4009714e-18,8.597483e-07,0.0,0.0010816044
0.0,0.0,8.434157999999999e-19,9.5153575e-07,0.0,0.018034905
0.0,0.0,2.0039328e-19,1.3747549e-06,0.0,0.032290757
0.0,0.0,1.6664709e-20,2.9941236e-07,0.0,0.003805024
0.0,0.0,2.5346573e-20,1.1648294e-07,0.0,0.057159398
0.0,0.0,1.2050168e-20,5.5847286e-06,0.0,0.01211917
0.0,0.0,5.586657e-20,1.5703385e-08,0.0,0.07184864
0.0,0.0,3.5290526e-19,4.7184704e-07,0.0,0.0198799
0.0,0.0,5.9158034e-19,3.806549e-07,0.0,0.01102494
0.0,0.0,2.1611374e-19,3.609801e-07,0.0,0.08946164
0.0,0.0,4.2547569999999996e-20,3.1540498e-10,0.0,0.13085318
0.0,0.0,1.5844694e-19,1.4128207e-10,0.0,0.07266776
0.0,0.0,3.5705962e-20,5.6928805e-11,0.0,0.13320675
0.0,0.0,3.5699348e-20,1.2099517e-10,0.0,0.13740681
0.0,0.0,9.090432e-20,6.884404e-11,0.0,0.0050590835
0.0,0.0,4.8994135e-19,9.125563e-12,0.0,0.2629215
0.0,0.0,1.5747975e-18,1.0967641e-11,0.0,0.15480475
0.0,0.0,1.5298934e-18,3.573503e-12,0.0,0.021227097
0.0,0.0,4.445275e-19,1.1131087e-12,0.0,0.0125079
0.0,0.0,1.3905404e-19,2.2967349e-13,0.0,0.023704479
0.0,0.0,1.8030299e-19,2.7943241e-14,0.0,0.02495349
0.0,0.0,6.897649e-20,3.7947262e-15,0.0,0.0035888518
0.0,0.0,7.7324055e-20,2.002115e-15,0.0,0.01653303
0.0,0.0,7.046443999999999e-19,3.7856003e-15,0.0,0.16289935
0.0,0.0,1.2284765999999998e-18,4.2654644e-15,0.0,0.14115189
0.0,0.0,1.2280964999999998e-18,3.3613056e-15,0.0,0.04976345
0.0,0.0,1.260849e-18,2.152279e-15,0.0,0.051629577
0.0,0.0,2.8078623e-17,2.2614183e-15,0.0,0.029874831
0.0,0.0,2.9935127e-14,1.4037707e-15,0.0,0.04406767
0.0,0.0,9.8039056e-14,4.97366e-16,0.0,0.013452295
0.0,0.0,2.3946743e-14,3.2000577e-16,0.0,0.08510115
0.0,0.0,4.1156802e-14,7.536384e-16,0.0,0.045994535
0.0,0.0,5.0954083e-14,1.3440722e-15,0.0,0.020862296
0.0,0.0,5.0932352e-14,4.2136844e-15,0.0,0.015886521
0.0,0.0,1.0645793e-14,1.9329792e-15,0.0,0.015983906
0.0,0.0,5.7837625e-14,8.2760675e-15,0.0,0.057615433
0.0,0.0,6.9750216e-14,2.4652348e-14,0.0,0.14622854
0.0,0.0,5.9604055e-14,3.1704953e-13,0.0,0.0631963
0.0,0.0,3.1337068e-14,1.9225524e-13,0.0,0.0074354205
0.0,0.0,3.1322906e-14,1.7682443e-13,0.0,0.060180884
0.0,0.0,1.1332939e-14,7.7075045e-14,0.0,0.009877208
0.0,0.0,1.1327818e-14,1.3650214e-14,0.0,0.014790365
0.0,0.0,2.3603056e-15,4.178883e-15,0.0,0.025051473
0.0,0.0,1.0833889e-15,6.833295e-15,0.0,0.0044290423
0.0,0.0,2.0916621e-16,2.838416e-15,0.0,0.07275699
0.0,0.0,1.7873885e-16,8.63736e-16,0.0,0.060993884
0.0,0.0,1.1084781999999999e-16,1.1236553e-15,0.0,0.056846187
0.0,0.0,1.10797025e-16,2.5200111e-15,0.0,0.010248148
0.0,0.0,4.4702587e-17,1.114357e-15,0.0,0.08171872
0.0,0.0,3.0470313e-17,3.332406e-16,0.0,0.035389017
0.0,0.0,2.0769266e-17,2.983981e-15,0.0,0.041222982
0.0,0.0,2.0759749e-17,5.380463e-15,0.0,0.021835472
0.0,0.0,1.0914450000000001e-17,3.686171e-15,0.0,0.030578777
0.0,0.0,8.265797e-18,1.5540063e-15,0.0,0.0031232452
0.0,0.0,8.262008e-18,1.1327251e-15,0.0,0.009260612
0.0,0.0,7.060136000000001e-18,1.4909182e-15,0.0,0.050547443
0.0,0.0,1.609152e-17,7.115346e-16,0.0,0.024665479
0.0,0.0,2.9072034e-17,2.3551148000000003e-16,0.0,0.004359124
0.0,0.0,7.098229599999999e-18,8.36659e-17,0.0,0.013357292
0.0,0.0,6.065599e-18,2.9583536e-17,0.0,0.051431485
0.0,0.0,6.0627657e-18,9.823459e-18,0.0,0.010115103
0.0,0.0,3.9959123e-17,1.6860884e-15,0.0,0.056648012
0.0,0.0,3.1018380000000005e-17,9.376486e-16,0.0,0.024846226
0.0,0.0,3.1003537e-17,2.3846613e-14,0.0,0.0044469843
0.0,0.0,2.6492926e-17,7.635563e-15,0.0,0.010093968
0.0,0.0,2.6480250000000002e-17,1.2263452e-15,0.0,0.03990797
0.0,0.0,2.6467580000000006e-17,1.4100031000000002e-16,0.0,0.0066787293
0.0,0.0,2.261689e-17,6.6567115e-17,0.0,0.010616608
0.0,0.0,1.1890603e-17,2.1132891e-17,0.0,0.026307264
0.0,0.0,4.797331e-18,9.879579e-18,0.0,0.0037583888
0.0,0.0,1.9355104e-18,1.3487644e-17,0.0,0.015405651
0.0,0.0,1.6539189e-18,8.2265726e-18,0.0,0.007472394
0.0,0.0,1.6531275e-18,3.0109356e-18,0.0,0.020450303
0.0,0.0,1.1267868999999998e-18,4.05376e-18,0.0,0.006153395
0.0,0.0,1.1262477999999998e-18,1.0850958e-18,0.0,0.016535021
0.0,0.0,5.140375999999999e-19,3.2571798e-19,0.0,0.018649532
0.0,0.0,5.1379166e-19,9.9162774e-20,0.0,0.011064405
0.0,0.0,1.9794437e-19,4.0405753e-20,0.0,0.012318615
0.0,0.0,1.4990537999999998e-19,2.3029848e-19,0.0,0.03857654
0.0,0.0,1.2809609e-19,1.1201872e-19,0.0,0.004635616
0.0,0.0,1.280348e-19,3.4435112e-20,0.0,0.021891525
0.0,0.0,1.0940739e-19,1.4892736e-18,0.0,0.0032864914
0.0,0.0,9.3490047e-20,8.6456204e-19,0.0,0.006282061
0.0,0.0,9.344531e-20,2.8363028e-19,0.0,0.0031293763
0.0,0.0,6.124173299999999e-19,6.97669e-20,0.0,0.0020211677
0.0,0.0,1.2872379e-18,1.8131625e-20,0.0,0.005298946
0.0,0.0,8.789152999999999e-19,5.827398e-21,0.0,0.047158998
0.0,0.0,8.784813e-19,1.8214509e-20,0.0,0.0073218835
0.0,0.0,8.780475e-19,8.58287e-21,0.0,0.04379869
0.0,0.0,5.445161e-19,7.7945727e-20,0.0,0.007659765
0.0,0.0,1.0041271e-19,2.8602235e-20,0.0,0.012676114
0.0,0.0,6.373928999999999e-19,7.428296e-21,0.0,0.012473281
0.0,0.0,4.1625789e-19,1.985798e-21,0.0,0.022989497
0.0,0.0,5.5558067e-19,7.291759e-22,0.0,0.0065153935
0.0,0.0,6.4906097e-19,1.2333873e-20,0.0,0.021523071
0.0,0.0,4.5744887e-19,4.063447e-20,0.0,0.00566123
0.0,0.0,4.5717497e-19,1.32183236e-20,0.0,0.0336488
0.0,0.0,4.5690117e-19,3.8603605e-20,0.0,0.0047646654
0.0,0.0,7.3367317e-19,1.3814836e-19,0.0,0.0074735465
0.0,0.0,1.1603186e-18,5.2022823e-20,0.0,0.02710224
0.0,0.0,6.09947e-19,3.7474198e-19,0.0,0.008545707
0.0,0.0,2.0991773e-19,4.407665999999999e-19,0.0,0.016756287
0.0,0.0,2.7628928e-19,1.7331806999999998e-19,0.0,0.016498893
0.0,0.0,2.0487872e-19,6.143325999999999e-20,0.0,0.029988652
0.0,0.0,5.198903999999999e-19,4.897042e-20,0.0,0.007189911
0.0,0.0,1.5650828e-19,1.8645715e-19,0.0,0.04804564
0.0,0.0,1.5640433e-19,6.960693999999999e-20,0.0,0.010345642
0.0,0.0,1.3362471e-19,1.6731201e-19,0.0,0.051136173
0.0,0.0,1.3353597e-19,2.3659056e-19,0.0,0.011146061
0.0,0.0,1.2008172e-19,7.329339999999999e-20,0.0,0.040800747
0.0,0.0,1.3089663e-19,6.938234999999999e-19,0.0,0.030779084
0.0,0.0,2.618481e-19,6.3163677e-19,0.0,0.012394553
0.0,0.0,2.5339313e-19,1.9291168e-19,0.0,0.008151121
0.0,0.0,1.2535604999999998e-18,5.9196243e-20,0.0,0.017825134
0.0,0.0,6.3810946e-19,4.7667736e-19,0.0,0.015493701
0.0,0.0,6.376231e-19,5.019345399999999e-19,0.0,0.030315371
0.0,0.0,4.344864e-19,1.3722643999999998e-18,0.0,0.055003382
0.0,0.0,1.8601794e-19,5.849616999999999e-19,0.0,0.011327929
0.0,0.0,1.8587614e-19,4.1204145e-18,0.0,0.043722022
0.0,0.0,1.5878849999999998e-19,2.0074234e-16,0.0,0.0044800662
0.0,0.0,1.2021807e-19,7.1323423e-17,0.0,0.014974442
0.0,0.0,8.191849e-20,2.3997990000000006e-17,0.0,0.058569007
0.0,0.0,6.9980546e-20,1.06685434e-16,0.0,0.018643288
0.0,0.0,5.978231e-20,3.8315304e-17,0.0,0.020962264
0.0,0.0,2.920194e-20,1.1230828e-17,0.0,0.021082656
0.0,0.0,2.1202977e-20,4.7264126e-16,0.0,0.012638467
0.0,0.0,8.74549e-21,3.796689e-15,0.0,0.026111864
0.0,0.0,1.7048887e-20,1.5474653e-15,0.0,0.028707473
0.0,0.0,1.4416126e-20,3.4200353e-15,0.0,0.025484787
0.0,0.0,1.4405029999999998e-20,1.0378632e-15,0.0,0.0035424817
0.0,0.0,1.09059054e-20,1.0579247e-15,0.0,0.0338369
0.0,0.0,1.0897512e-20,4.6013006e-16,0.0,0.011233537
0.0,0.0,4.523826e-21,5.127371e-16,0.0,0.042331014
0.0,0.0,1.1381829000000001e-21,1.645428e-16,0.0,0.007890775
0.0,0.0,9.723087e-22,1.331811e-16,0.0,0.036335543
0.0,0.0,9.715604e-22,4.18333e-17,0.0,0.0334825
0.0,0.0,6.6203166e-22,1.1871733e-17,0.0,0.006265191
0.0,0.0,6.615221e-22,1.9657527e-18,0.0,0.0036749414
0.0,0.0,6.61013e-22,4.279602e-19,0.0,0.009525657
0.0,0.0,6.605042e-22,1.2152719999999998e-19,0.0,0.043612134
0.0,0.0,6.599958700000001e-22,3.5061236e-20,0.0,0.0047757938
0.0,0.0,5.638108000000002e-22,5.7112976e-20,0.0,0.009941689
0.0,0.0,4.816433e-22,2.7613118e-20,0.0,0.04986695
0.0,0.0,2.1976584e-22,2.3055556e-20,0.0,0.03739881
0.0,0.0,2.746591e-22,4.103023e-20,0.0,0.004230635
0.0,0.0,3.0569880000000003e-22,1.5501064e-20,0.0,0.014400682
0.0,0.0,7.8489445e-23,2.000664e-19,0.0,0.038378894
0.0,0.0,6.7050255e-23,4.523458699999999e-18,0.0,0.014766047
0.0,0.0,3.6853114e-23,2.5270318e-18,0.0,0.040613998
0.0,0.0,2.0017114e-23,2.3609078e-17,0.0,0.010474433
0.0,0.0,2.0001571e-23,8.219278e-17,0.0,0.04467597
0.0,0.0,1.7086508e-23,1.1043627e-16,0.0,0.005667968
0.0,0.0,1.2935937e-23,4.4127922e-17,0.0,0.011084595
0.0,0.0,9.7936024e-24,1.1161551e-17,0.0,0.022119595
0.0,0.0,9.785998e-24,3.0342626e-17,0.0,0.0032672628
0.0,0.0,6.067015e-24,1.23329205e-17,0.0,0.008143287
0.0,0.0,7.551038e-24,2.5758970000000002e-17,0.0,0.010228917
0.0,0.0,3.305613e-23,1.3434663000000001e-17,0.0,0.031915907
0.0,0.0,2.749644e-23,4.147644e-18,0.0,0.012400125
0.0,0.0,1.7046279e-23,2.1088196e-18,0.0,0.027824398
0.0,0.0,1.0416091e-23,8.587611999999999e-19,0.0,0.0557073
0.0,0.0,1.2811979e-23,6.465440999999999e-19,0.0,0.054481797
0.0,0.0,1.09928446e-23,1.833166e-19,0.0,0.013281076
0.0,0.0,1.53732e-23,4.1764752999999997e-20,0.0,0.007467622
0.0,0.0,5.328239700000001e-22,4.5326767e-20,0.0,0.026704693
0.0,0.0,6.133756e-22,3.4089738e-20,0.0,0.0041438574
0.0,0.0,2.7984165000000003e-22,3.76704e-20,0.0,0.0094872
0.0,0.0,2.7959477000000003e-22,7.6326986e-20,0.0,0.019157741
0.0,0.0,2.0609777e-22,4.4055552e-20,0.0,0.008556062
0.0,0.0,8.987192000000001e-23,8.282620999999999e-20,0.0,0.01909429
0.0,0.0,4.7788155e-23,4.1762908e-20,0.0,0.019211587
0.0,0.0,4.7746e-23,1.32820334e-20,0.0,0.0120088095
0.0,0.0,2.799625e-23,3.6651234e-21,0.0,0.014681906
0.0,0.0,1.3858349e-23,1.2637589e-19,0.0,0.025651462
0.0,0.0,8.167195e-22,8.7153e-20,0.0,0.018077377
0.0,0.0,1.9673093e-21,2.6260429e-20,0.0,0.0110240355
0.0,0.0,1.9654221e-21,7.268368e-20,0.0,0.005891972
0.0,0.0,1.6786708000000001e-21,2.612986e-19,0.0,0.029712263
0.0,0.0,9.308674e-21,1.0547644e-19,0.0,0.0034838628
0.0,0.0,9.705643e-21,2.784089e-20,0.0,0.010220229
0.0,0.0,6.798593400000001e-21,4.7313636e-20,0.0,0.013306646
0.0,0.0,7.820249e-21,1.8656155e-18,0.0,0.014580249
0.0,0.0,8.030737e-21,1.0403389e-18,0.0,0.014136008
0.0,0.0,9.39712e-21,2.8672887e-19,0.0,0.013863297
0.0,0.0,2.6942405e-20,2.763369e-19,0.0,0.018035403
0.0,0.0,1.1291497e-20,1.2596344999999998e-19,0.0,0.0061657387
0.0,0.0,1.21589096e-20,4.1623945e-20,0.0,0.008149346
0.0,0.0,1.3805339999999998e-20,9.910189999999999e-21,0.0,0.004961184
0.0,0.0,7.570204e-21,1.6358787e-21,0.0,0.0032230977
0.0,0.0,6.4651318e-21,3.8350608e-22,0.0,0.0026114217
0.0,0.0,6.458336e-21,8.3958586e-23,0.0,0.00091105624
0.0,0.0,4.888164e-21,1.4384468e-21,0.0,0.00027605298
0.0,0.0,4.8830257e-21,2.5991177000000003e-22,0.0,0.00072302745
0.0,0.0,4.877893e-21,6.262457e-23,0.0,0.00022222864
0.0,0.0,4.8727655000000004e-21,6.6954544e-23,0.0,6.58071e-05
0.0,0.0,4.8676433e-21,1.3478990000000001e-22,0.0,1.7248443e-05
0.0,0.0,4.1570814e-21,2.5062363000000004e-22,0.0,3.0829524e-06
0.0,0.0,4.1527116e-21,4.8829350000000004e-23,0.0,0.00040478143
0.0,0.0,1.0483234e-20,1.2551763e-23,0.0,0.00014802643
0.0,0.0,4.9098094e-20,1.8228252e-24,0.0,3.37845e-05
0.0,0.0,4.9044339999999996e-20,2.2076278e-24,0.0,1.07904725e-05
0.0,0.0,4.8990644e-20,7.410649599999998e-25,0.0,1.9496608e-06
0.0,0.0,4.893701e-20,4.2225836e-25,0.0,1.7474109e-07
0.0,0.0,3.8219625e-20,3.1681526e-26,0.0,3.0280912e-08
0.0,0.0,1.0692071e-19,5.142305e-27,0.0,5.680212e-09
0.0,0.0,1.0680244e-19,6.098672e-28,0.0,1.2141241e-09
0.0,0.0,1.0668431e-19,1.0841054e-28,0.0,6.4653043e-09
0.0,0.0,1.0656631e-19,2.4857845e-29,0.0,1.4667132e-09
0.0,0.0,4.074246e-20,5.1072412e-30,0.0,3.3368477e-10
0.0,0.0,1.3923118e-19,8.549354e-31,0.0,7.898618e-11
0.0,0.0,1.3907582e-19,1.3453104e-31,0.0,1.3060238e-11
0.0,0.0,7.8810673e-20,2.8145846e-32,0.0,3.1293015e-10
0.0,0.0,8.440266e-20,5.2835132e-33,0.0,1.05262764e-10
0.0,0.0,1.5143959e-19,2.8038341e-33,0.0,2.3854462e-11
0.0,0.0,7.8961194e-20,5.7921116e-34,0.0,5.973495e-12
0.0,0.0,6.7429825e-20,2.1876169e-28,0.0,1.9029739e-12
0.0,0.0,8.699437999999999e-20,9.1692177e-29,0.0,1.3517093e-13
0.0,0.0,3.3165354e-19,1.7687611e-29,0.0,5.202807e-16
0.0,0.0,2.8675072e-19,4.5945256e-30,0.0,1.288335e-13
0.0,0.0,2.8642576e-19,7.8555527e-31,0.0,1.205725e-13
0.0,0.0,2.1677118e-19,2.951185e-31,0.0,1.9579848e-14
0.0,0.0,2.1652552e-19,4.513331e-32,0.0,3.2638803e-15
0.0,0.0,2.1628015e-19,2.2524964000000003e-32,0.0,6.681625e-16
0.0,0.0,6.844936e-20,3.477852e-32,0.0,1.2332254e-16
0.0,0.0,6.837179e-20,1.4331379e-34,0.0,2.4499366e-17
0.0,0.0,6.8294306e-20,5.6095555e-34,0.0,5.0238893e-18
0.0,0.0,5.832014e-20,7.5991953e-31,0.0,8.105803e-19
0.0,0.0,4.4137534e-20,4.1065547e-31,0.0,5.8663564e-14
0.0,0.0,3.7691389999999997e-20,8.7372867e-32,0.0,1.34894656e-14
0.0,0.0,3.7648676e-20,1.5166844000000002e-32,0.0,3.837729e-15
0.0,0.0,3.7606012e-20,3.3565734e-33,0.0,6.034165e-16
0.0,0.0,3.7563396e-20,5.856813e-34,0.0,9.95924e-17
0.0,0.0,3.7520825e-20,1.2474894e-34,0.0,1.7722068e-17
0.0,0.0,3.7478306e-20,1.4467318e-35,0.0,3.1107494e-18
0.0,0.0,3.7435833e-20,5.5221143e-36,0.0,2.8540295e-17
0.0,0.0,3.739341e-20,1.10851715e-35,0.0,4.4532757e-18
0.0,0.0,3.7351034e-20,4.85948e-36,0.0,1.2707724e-18
0.0,0.0,1.8238142e-20,9.853066e-37,0.0,2.2395408e-19
0.0,0.0,1.557452e-20,3.1560809e-37,0.0,4.7098078e-20
0.0,0.0,7.103814e-21,6.514996400000001e-38,0.0,7.46028e-21
0.0,0.0,7.095764e-21,6.539314e-37,0.0,1.213605e-21
0.0,0.0,7.087723e-21,2.2989582e-37,0.0,2.2961936000000003e-22
0.0,0.0,5.3640918e-21,5.341682e-37,0.0,4.0501425e-23
0.0,0.0,4.5806835e-21,1.0911253e-37,0.0,1.3940231e-20
0.0,0.0,4.5754926e-21,2.3850052e-38,0.0,2.7569673e-21
0.0,0.0,4.5703074e-21,3.7393070000000005e-39,0.0,5.944354000000002e-22
0.0,0.0,4.5651282e-21,1.024159e-39,0.0,9.101066000000001e-23
0.0,0.0,4.559954700000001e-21,1.77941e-40,0.0,2.4867569999999995e-19
0.0,0.0,4.5547872e-21,6.702600000000001e-41,0.0,1.3115939999999998e-19
0.0,0.0,4.5496254e-21,9.144956e-37,0.0,1.8935638e-20
0.0,0.0,4.5444697e-21,3.0030772e-37,0.0,3.8254684e-21
0.0,0.0,4.5393196e-21,4.4720367000000006e-38,0.0,6.951409e-22
0.0,0.0,4.534175600000001e-21,7.322307e-39,0.0,1.2891793e-22
0.0,0.0,4.5290372e-21,2.003589e-39,0.0,2.0305117e-23
0.0,0.0,1.8260747e-21,3.53644e-40,0.0,1.9517044e-21
0.0,0.0,1.5593824e-21,7.147600000000001e-41,0.0,4.6294464e-21
0.0,0.0,1.5576152e-21,2.528e-41,0.0,8.394791e-22
0.0,0.0,1.55585e-21,2.2e-42,0.0,1.3075151000000002e-22
0.0,0.0,1.5540869e-21,3.81e-43,0.0,2.8947447e-23
0.0,0.0,8.837323e-22,2.9130000000000005e-42,0.0,5.4372494e-24
0.0,0.0,8.827309e-22,1.4220000000000003e-42,0.0,1.3558656e-23
0.0,0.0,8.817305e-22,1.9800000000000003e-43,0.0,5.4461466e-24
0.0,0.0,4.632574400000002e-22,5.200000000000002e-44,0.0,9.218411e-25
0.0,0.0,2.6343160000000003e-22,8.000000000000001e-45,0.0,1.4776834e-25
0.0,0.0,3.933659800000001e-22,1e-45,0.0,9.0138123e-20
0.0,0.0,1.3179887e-21,0.0,0.0,6.247869399999999e-19
0.0,0.0,1.3164636e-21,0.0,0.0,1.4853982999999998e-19
0.0,0.0,1.3149402e-21,0.0,0.0,4.450705e-20
0.0,0.0,1.3134186000000001e-21,0.0,0.0,7.028434e-17
0.0,0.0,1.3118988e-21,0.0,0.0,8.077274e-17
0.0,0.0,1.3103807000000001e-21,0.0,0.0,1.7822124e-17
0.0,0.0,1.3088644e-21,0.0,0.0,5.330965e-18
0.0,0.0,1.3073498000000001e-21,0.0,0.0,1.4253665e-14
0.0,0.0,1.305837e-21,0.0,0.0,9.414686e-15
0.0,0.0,4.2850273e-22,0.0,0.0,2.8475304e-15
0.0,0.0,4.280069e-22,0.0,0.0,7.383186e-16
0.0,0.0,1.4700039e-21,0.0,0.0,4.1289845e-15
0.0,0.0,2.374902e-21,0.0,0.0,1.7540016e-15
0.0,0.0,7.759020300000002e-22,0.0,0.0,8.637689e-14
0.0,0.0,3.3205157000000004e-22,0.0,0.0,3.0628695e-13
0.0,0.0,3.3166055000000004e-22,0.0,0.0,8.7632606e-14
0.0,0.0,3.3126998e-22,1.67e-43,0.0,3.0895037e-05
0.0,0.0,2.5069880000000002e-22,9.7e-44,0.0,1.958396e-05
0.0,0.0,2.311794e-22,2.8e-44,0.0,6.803998e-06
0.0,0.0,3.1443506000000003e-22,9.082206e-38,0.0,0.022129558
0.0,0.0,2.1416821e-22,9.185012e-38,0.0,0.0031857737
0.0,0.0,8.634575e-23,3.1386513000000003e-38,0.0,0.018056419
0.0,0.0,8.624257000000001e-23,4.7640090000000004e-33,0.0,0.009559725
0.0,0.0,8.6139515e-23,7.355162599999998e-29,0.0,0.015701324
0.0,0.0,4.4558887e-23,4.67302e-29,0.0,0.043770887
0.0,0.0,3.451605000000001e-23,1.4466945000000002e-27,0.0,0.014530398
0.0,0.0,1.2887493600000001e-23,1.2651816e-23,0.0,0.043788724
0.0,0.0,5.633449e-24,1.5778440000000002e-23,0.0,0.072065726
0.0,0.0,3.1458481e-24,5.255557000000001e-23,0.0,0.01648168
0.0,0.0,1.3464889e-24,4.738725e-21,0.0,0.037439626
0.0,0.0,1.9718183e-27,2.170209e-21,0.0,0.024536075
0.0,0.0,7.5228037e-31,1.3251497999999999e-20,0.0,0.033914845
0.0,0.0,1.4632743e-30,8.458218999999999e-20,0.0,0.112501174
0.0,0.0,2.2954158e-30,3.2233775e-18,0.0,0.09342584
0.0,0.0,7.3591777e-31,2.4540993e-18,0.0,0.15806527
0.0,0.0,1.3780959e-29,9.155835e-19,0.0,0.17606534
0.0,0.0,9.7799674e-23,3.2452128e-18,0.0,0.022244874
0.0,0.0,2.8351954e-22,1.9686583000000002e-17,0.0,0.025404736
0.0,0.0,1.0369739e-20,6.734575e-17,0.0,0.0028868061
0.0,0.0,3.2904786e-20,3.4716827e-17,0.0,0.011042248
0.0,0.0,1.7755338999999998e-19,6.2454763e-18,0.0,0.01518173
0.0,0.0,2.4785761e-19,1.0536341e-17,0.0,0.048015427
0.0,0.0,2.713324e-18,5.556961e-17,0.0,0.06497766
0.0,0.0,1.4267984e-18,2.9228434e-17,0.0,0.0586866
0.0,0.0,3.2857783e-19,8.198932e-17,0.0,0.012040755
0.0,0.0,3.280589e-19,3.5435226e-16,0.0,0.05682597
0.0,0.0,3.2754079999999995e-19,2.718781e-15,0.0,0.01907336
0.0,0.0,2.4777696e-19,1.9137962e-14,0.0,0.05844988
0.0,0.0,6.128933999999999e-19,1.443956e-13,0.0,0.014961692
0.0,0.0,9.1599665e-17,1.0034503e-12,0.0,0.003997655
0.0,0.0,2.6057235e-17,1.996038e-12,0.0,0.02689125
0.0,0.0,1.1146544e-17,2.162005e-12,0.0,0.00703445
0.0,0.0,1.1128616000000001e-17,8.376867e-10,0.0,0.027716434
0.0,0.0,3.0970068e-18,1.2261978e-09,0.0,0.03075442
0.0,0.0,3.0920255e-18,1.9239497e-08,0.0,0.040541086
0.0,0.0,2.3389766e-18,0.01313302,0.0,0.019468209
0.0,0.0,1.2283042e-18,0.06516499,0.0,0.048935436
0.0,0.0,9.291562999999998e-19,0.027221905,0.0,0.065894306
0.0,0.0,4.534823e-19,0.007048269,0.0,0.012054387
0.0,0.0,1.6388649e-19,0.013475043,0.0,0.052127574
0.0,0.0,1.3988482e-19,0.042713843,0.0,0.06723395
0.0,0.0,6.827193e-20,0.014905771,0.0,0.028623097
0.0,0.0,3.43814e-20,0.004733765,0.0,0.012779887
0.0,0.0,2.789614e-20,0.008581933,0.0,0.017767077
0.0,0.0,7.765819000000001e-17,0.019815464,0.0,0.047784742
0.0,0.0,7.017327e-17,0.03947791,0.0,0.0106474
0.0,0.0,3.988398000000001e-17,0.024889454,0.0,0.06583863
0.0,0.0,3.9818718e-17,0.0072162827,0.0,0.015469158
0.0,0.0,2.2631534e-17,0.0193943,0.0,0.033281397
0.0,0.0,7.099566e-18,0.03927888,0.0,0.024337959
0.0,0.0,7.087949e-18,0.0048109083,0.0,0.0186199
0.0,0.0,7.0763515e-18,0.008797075,0.0,0.07173471
0.0,0.0,3.1787298e-18,0.045255702,0.0,0.034611657
0.0,0.0,1.5958831e-15,0.006577665,0.0,0.020186942
0.0,0.0,1.8975791e-14,0.018004857,0.0,0.062156938
0.0,0.0,1.8943878e-14,0.022671882,0.0,0.01081007
0.0,0.0,9.245036e-15,0.005809671,0.0,0.04351944
0.0,0.0,4.214514e-15,0.008625855,0.0,0.018889608
0.0,0.0,3.0724208e-15,0.009740942,0.0,0.01310633
0.0,0.0,1.962567e-15,0.017584985,0.0,0.029187843
0.0,0.0,1.6750205e-15,0.019211367,0.0,0.010724611
0.0,0.0,8.1848346e-14,0.03628141,0.0,0.03789821
0.0,0.0,6.352626e-14,0.0055231135,0.0,0.013070133
0.0,0.0,6.3418455e-14,0.0065374984,0.0,0.05957001
0.0,0.0,6.331083e-14,0.008682258,0.0,0.021379607
0.0,0.0,4.7887516e-14,0.011984109,0.0,0.030180288
0.0,0.0,2.5145704e-14,0.016943373,0.0,0.01660349
0.0,0.0,4.609967e-15,0.024922306,0.0,0.022028144
0.0,0.0,1.2954769e-15,0.018130826,0.0,0.045792203
0.0,0.0,2.3536534e-15,0.023397174,0.0,0.041549657
0.0,0.0,6.1514993e-15,0.018428903,0.0,0.008697865
0.0,0.0,5.250068e-15,0.04085031,0.0,0.044164862
0.0,0.0,2.7098964e-15,0.004791076,0.0,0.012567389
0.0,0.0,1.4790297e-15,0.005353583,0.0,0.043963842
0.0,0.0,5.1199944e-16,0.007823273,0.0,0.009082314
0.0,0.0,1.913462e-16,0.009130934,0.0,0.016123477
0.0,0.0,1.9101726e-16,0.023184963,0.0,0.04584392
0.0,0.0,2.1600228e-16,0.023837863,0.0,0.010843521
0.0,0.0,3.4313297e-16,0.018292364,0.0,0.038210575
0.0,0.0,3.9371265e-15,0.018824711,0.0,0.0073230173
0.0,0.0,9.664343e-15,0.017223824,0.0,0.02271773
0.0,0.0,4.6743407e-15,0.028533356,0.0,0.020968698
0.0,0.0,2.3017985e-15,0.008745236,0.0,0.031773224
0.0,0.0,1.495302e-15,0.02921467,0.0,0.007928081
0.0,0.0,5.71263e-16,0.009290553,0.0,0.03471152
0.0,0.0,7.980809e-16,0.0068099354,0.0,0.0065811723
0.0,0.0,5.6563897e-16,0.0052206917,0.0,0.010040306
0.0,0.0,3.864455e-15,0.00886517,0.0,0.030468663
0.0,0.0,6.317414e-15,0.020788638,0.0,0.0075499
0.0,0.0,2.5455434e-15,0.002069461,0.0,0.0062011727
0.0,0.0,2.541062e-15,6.2330328e-06,0.0,0.012995657
0.0,0.0,1.3342252e-15,3.6310706e-05,0.0,0.024219215
0.0,0.0,5.7065695e-16,2.0161233e-06,0.0,0.0049588312
0.0,0.0,1.8714673e-16,9.827335e-08,0.0,0.012876739
0.0,0.0,1.8681725e-16,3.272136e-08,0.0,0.025138222
0.0,0.0,9.809139e-17,9.140101e-09,0.0,0.009531534
0.0,0.0,8.3712855e-17,2.69484e-09,0.0,0.026018377
0.0,0.0,7.1441975e-17,0.010315475,0.0,0.012272086
0.0,0.0,7.13162e-17,0.016964585,0.0,0.025588877
0.0,0.0,7.1190644e-17,0.018567583,0.0,0.007287111
0.0,0.0,7.106531000000001e-17,0.019218603,0.0,0.020526726
0.0,0.0,1.7331073e-17,0.02013399,0.0,0.021649694
0.0,0.0,1.7300562000000002e-17,0.006853818,0.0,0.009938169
0.0,0.0,1.0715249e-17,0.0023934294,0.0,0.0131491
0.0,0.0,6.089406699999999e-18,0.00080847566,0.0,0.008487931
0.0,0.0,6.078686e-18,0.0002832695,0.0,0.017204747
0.0,0.0,1.7453763e-18,8.452422e-05,0.0,0.03249941
0.0,0.0,5.7180974e-19,2.6930138e-05,0.0,0.012143712
0.0,0.0,1.0062235e-18,7.706898e-06,0.0,0.035445698
0.0,0.0,2.5345259e-18,2.1933733e-06,0.0,0.0042697075
0.0,0.0,4.120765e-18,6.725336e-07,0.0,0.015328554
0.0,0.0,1.3698415999999998e-18,2.450882e-07,0.0,0.010302718
0.0,0.0,7.802321999999999e-19,3.1595782e-08,0.0,0.009253847
0.0,0.0,3.436989e-19,5.948894e-09,0.0,0.027121257
0.0,0.0,3.430834e-19,1.6985682e-09,0.0,0.0127584925
0.0,0.0,2.3354178e-19,0.00090544845,0.0,0.043265257
0.0,0.0,2.3312354e-19,0.022669131,0.0,0.041995835
0.0,0.0,1.5146088e-19,0.014344178,0.0,0.015164551
0.0,0.0,3.9342303e-20,0.02489499,0.0,0.028768107
0.0,0.0,2.8058037e-20,0.008431458,0.0,0.012125535
0.0,0.0,1.2000244e-20,0.00797545,0.0,0.015273
0.0,0.0,1.1978755e-20,0.00690727,0.0,0.0202307
0.0,0.0,3.928311e-21,0.016251368,0.0,0.07334113
0.0,0.0,3.754534e-19,0.037080746,0.0,0.024728004
0.0,0.0,2.9161247e-19,0.0061093974,0.0,0.0116724875
0.0,0.0,6.609633e-18,0.008543404,0.0,0.0138672395
0.0,0.0,1.6289163e-17,0.0005398521,0.0,0.03691728
0.0,0.0,2.9521547e-17,0.00013383299,0.0,0.013679471
0.0,0.0,1.5492886e-17,4.2361713e-05,0.0,0.023422368
0.0,0.0,2.1492253e-16,1.3564168e-05,0.0,0.041896123
0.0,0.0,2.7369392e-16,0.006859572,0.0,0.008845925
0.0,0.0,2.6351584e-16,0.00981693,0.0,0.013301683
0.0,0.0,4.8678124e-15,0.020544207,0.0,0.03980065
0.0,0.0,2.7707085e-14,0.019013008,0.0,0.005893154
0.0,0.0,8.91761e-14,0.028655013,0.0,0.024696926
0.0,0.0,2.456349e-13,0.0077237603,0.0,0.015148459
0.0,0.0,9.736742e-14,0.009181458,0.0,0.038982835
0.0,0.0,2.2214146e-13,0.016384391,0.0,0.0057323384
0.0,0.0,3.1055448e-13,0.041324213,0.0,0.02961036
0.0,0.0,1.953444e-13,0.007267509,0.0,0.046901483
0.0,0.0,1.4591067e-13,0.021865075,0.0,0.008434865
0.0,0.0,9.9309693e-14,0.012166268,0.0,0.010740483
0.0,0.0,6.9301715e-14,0.032203227,0.0,0.05401108
0.0,0.0,4.6034784e-14,0.0063992892,0.0,0.032208927
0.0,0.0,4.5945967e-14,0.008920148,0.0,0.016076203
0.0,0.0,3.474486e-14,0.028325196,0.0,0.06983627
0.0,0.0,2.019918e-14,0.015254102,0.0,0.022112813
0.0,0.0,1.19130085e-14,0.046084825,0.0,0.046377074
0.0,0.0,8.382238e-15,0.00600951,0.0,0.006561467
0.0,0.0,5.5254805e-15,0.010425326,0.0,0.016602267
0.0,0.0,5.5148198e-15,0.018946497,0.0,0.05478914
0.0,0.0,4.1703693e-15,0.02877944,0.0,0.02743575
0.0,0.0,3.558462e-15,0.011631034,0.0,0.020026328
0.0,0.0,1.7361787e-15,0.010030699,0.0,0.021541126
0.0,0.0,3.8644467e-16,0.016082793,0.0,0.013359442
0.0,0.0,4.3633176000000006e-16,0.024061456,0.0,0.057903748
0.0,0.0,2.7019798e-16,0.007683413,0.0,0.016426517
0.0,0.0,2.6967462e-16,0.004879893,0.0,0.020288613
0.0,0.0,2.301042e-16,0.009856401,0.0,0.009425016
0.0,0.0,2.296585e-16,0.017968155,0.0,0.05493788
0.0,0.0,2.2921365e-16,0.017500293,0.0,0.0122955665
0.0,0.0,6.647098000000001e-17,0.011993112,0.0,0.019659033
0.0,0.0,3.3751563e-17,0.000795162,0.0,0.020025408
0.0,0.0,2.5523121e-17,0.00025517403,0.0,0.0042662155
0.0,0.0,8.105482e-18,8.1543396e-05,0.0,0.017812518
0.0,0.0,2.747655e-18,2.7168362e-05,0.0,0.05765207
0.0,0.0,2.344481e-18,7.895867e-06,0.0,0.043750525
0.0,0.0,1.4518173e-18,1.4053533e-06,0.0,0.0075906455
0.0,0.0,2.5404667e-16,2.2194834e-08,0.0,0.014016856
0.0,0.0,1.3060527e-16,8.205263e-09,0.0,0.044443116
0.0,0.0,4.8603588e-17,0.006197683,0.0,0.019881923
0.0,0.0,8.870979e-18,0.026167506,0.0,0.038954698
0.0,0.0,1.9216371e-18,0.0063855466,0.0,0.0056049274
0.0,0.0,3.0743447000000003e-16,0.0116194235,0.0,0.013971847
0.0,0.0,2.8672243e-16,0.030055204,0.0,0.038860407
0.0,0.0,2.1681656e-16,0.0101635065,0.0,0.010310084
0.0,0.0,1.8499835e-16,0.011368751,0.0,0.024799628
0.0,0.0,7.046172e-17,0.014702566,0.0,0.004995898
0.0,0.0,5.328243000000001e-17,0.013393135,0.0,0.009954069
0.0,0.0,4.546314000000001e-17,0.006429623,0.0,0.013793116
0.0,0.0,1.3542461e-17,0.0035232801,0.0,0.011719881
0.0,0.0,9.57322e-18,0.0010548786,0.0,0.009701661
0.0,0.0,4.5782966e-18,0.00024178758,0.0,0.009505418
0.0,0.0,3.9064237e-18,5.1881012e-05,0.0,0.010377219
0.0,0.0,3.3331489000000003e-18,1.1382587e-05,0.0,0.023456864
0.0,0.0,3.326623e-18,3.3292697e-06,0.0,0.004521721
0.0,0.0,3.3201098e-18,7.727346e-07,0.0,0.0057116286
0.0,0.0,3.3136094e-18,2.0054743e-07,0.0,0.019590167
0.0,0.0,8.531669e-18,5.009236e-08,0.0,0.009002576
0.0,0.0,6.6474760000000004e-18,1.6055084e-08,0.0,0.0099938195
0.0,0.0,9.325001e-18,2.7309826e-09,0.0,0.008833056
0.0,0.0,6.4702684e-18,5.64972e-10,0.0,0.008127116
0.0,0.0,4.381392e-18,6.9226522e-09,0.0,0.005369297
0.0,0.0,8.059141000000001e-17,1.5486735e-09,0.0,0.0003140431
0.0,0.0,8.970831e-17,3.60442e-10,0.0,8.2186605e-05
0.0,0.0,8.9529344e-17,1.1510589e-10,0.0,2.6841713e-05
0.0,0.0,4.0800757e-17,3.045648e-11,0.0,8.455211e-06
0.0,0.0,3.481188000000001e-17,6.7099694e-12,0.0,1.8681374e-06
0.0,0.0,1.4023845e-17,1.66103e-12,0.0,4.1646928e-07
0.0,0.0,1.3995866e-17,3.6270048e-13,0.0,9.921007e-08
0.0,0.0,1.3967944e-17,5.01363e-14,0.0,7.8834695e-05
0.0,0.0,8.649132e-18,1.7859978e-14,0.0,2.2486001e-05
0.0,0.0,3.18099e-17,3.6582362e-10,0.0,3.858282e-06
0.0,0.0,4.8599147e-17,1.6150033e-10,0.0,7.0425716e-07
0.0,0.0,4.850128e-17,3.4016838e-11,0.0,2.1292523e-07
0.0,0.0,4.138131000000001e-17,5.2330735e-12,0.0,3.758492e-08
0.0,0.0,1.5760337e-17,1.5690045e-12,0.0,3.187592e-08
0.0,0.0,1.5728598e-17,1.6839758e-13,0.0,2.4268225e-08
0.0,0.0,1.3419647000000001e-17,2.7708127e-14,0.0,5.9620833e-09
0.0,0.0,3.0368195e-18,5.8564997e-15,0.0,1.0860727e-09
0.0,0.0,3.5902987e-16,1.0160183e-15,0.0,2.0326497e-10
0.0,0.0,1.02185135e-16,1.7627278000000002e-16,0.0,4.136254e-11
0.0,0.0,1.8159304e-17,6.1688245e-17,0.0,1.1253948e-11
0.0,0.0,1.8122473e-17,5.463583399999999e-18,0.0,1.6554955e-12
0.0,0.0,1.8085715e-17,9.380262999999998e-19,0.0,3.2238925e-06
0.0,0.0,1.8049033e-17,1.329914e-19,0.0,2.3014923e-06
0.0,0.0,1.2283313e-17,2.2604218e-20,0.0,4.2993585e-07
0.0,0.0,1.2258399e-17,8.182786e-21,0.0,1.0216693e-07
0.0,0.0,1.0673066e-15,1.6315891e-21,0.0,1.6208288e-08
0.0,0.0,6.0686247e-16,1.8420837e-22,0.0,3.6660313e-09
0.0,0.0,4.3915964e-16,1.7864655e-19,0.0,8.544563e-10
0.0,0.0,2.988685e-16,2.4567253e-20,0.0,2.0646032e-10
0.0,0.0,2.5498879e-16,5.129884e-21,0.0,3.6865892e-11
0.0,0.0,2.5446934000000004e-16,1.1902041000000001e-21,0.0,6.1948203e-12
0.0,0.0,1.335762e-16,2.0805705e-22,0.0,1.0908681e-12
0.0,0.0,1.3330409000000002e-16,4.407426e-23,0.0,2.6118696e-13
0.0,0.0,1.3303252e-16,6.728299e-24,0.0,5.1505417e-14
0.0,0.0,6.506306000000001e-17,1.1902894e-24,0.0,1.0861691e-14
0.0,0.0,5.5166048e-17,1.8775308e-24,0.0,1.9523197e-15
0.0,0.0,5.505311e-17,5.751199e-25,0.0,3.8798954e-11
0.0,0.0,4.1626875e-17,1.0452974e-25,0.0,9.392462e-12
0.0,0.0,4.1541656e-17,2.0387115e-26,0.0,1.5919471e-12
0.0,0.0,4.145661000000001e-17,3.540225e-27,0.0,3.0600923e-13
0.0,0.0,4.1371743e-17,6.165726000000001e-28,0.0,5.2562067e-14
0.0,0.0,4.1287046e-17,1.1373306e-28,0.0,9.3681895e-15
0.0,0.0,4.120252000000001e-17,5.589117e-29,0.0,2.1587988e-15
0.0,0.0,2.0100398e-17,3.4767745000000005e-30,0.0,4.548087e-16
0.0,0.0,1.6658863e-17,6.0213510000000005e-31,0.0,7.882403e-17
0.0,0.0,3.8695714e-17,1.0657464e-31,0.0,1.12994625e-17
0.0,0.0,1.8646387e-16,2.0592989e-32,0.0,6.43543e-13
0.0,0.0,1.8607686e-16,4.4267663e-33,0.0,8.6360205e-13
0.0,0.0,1.4069283e-16,7.714233e-34,0.0,1.8492819e-13
0.0,0.0,5.667307000000001e-17,4.1650377e-32,0.0,3.6071294e-14
0.0,0.0,5.6555444e-17,2.5985175e-35,0.0,5.5379586e-15
0.0,0.0,2.4181527e-17,2.453916e-30,0.0,9.676887e-16
0.0,0.0,2.4131338e-17,4.4772196e-31,0.0,1.9361026e-16
0.0,0.0,1.1322115e-17,7.6321657e-32,0.0,3.6515746e-17
0.0,0.0,6.438219e-18,1.1473675e-32,0.0,6.4512474e-18
0.0,0.0,6.4247867e-18,2.1225472e-33,0.0,1.2167471e-18
0.0,0.0,2.4467446e-18,5.721341e-34,0.0,2.1400405e-19
0.0,0.0,2.4416400000000007e-18,7.345385e-35,0.0,3.4363012e-20
0.0,0.0,2.4365461e-18,1.36534e-35,0.0,1.3909630000000006e-17
0.0,0.0,1.2789301999999998e-18,2.2951082e-36,0.0,3.6164506e-18
0.0,0.0,1.0911046e-18,6.609411e-37,0.0,5.137668999999999e-19
0.0,0.0,1.0888281999999998e-18,1.1538278999999998e-37,0.0,9.6659215e-20
0.0,0.0,3.562875e-19,2.8903474e-38,0.0,1.8190859999999998e-20
0.0,0.0,2.7061981e-19,3.69256e-39,0.0,3.0648354e-21
0.0,0.0,1.1570823e-19,6.42874e-40,0.0,6.044774000000002e-22
0.0,0.0,1.1546683e-19,1.11419e-40,0.0,1.2173205000000001e-22
0.0,0.0,1.1522592e-19,7.3638e-41,0.0,2.6819942e-23
0.0,0.0,1.1498554e-19,2.0819e-41,0.0,4.885574e-24
0.0,0.0,1.1474564e-19,6.443e-42,0.0,7.3937467e-25
0.0,0.0,5.2287676e-20,1.71e-42,0.0,2.1423692e-25
0.0,0.0,2.3826624e-20,3.9e-44,0.0,2.5954784e-26
0.0,0.0,2.3776914e-20,8.000000000000001e-45,0.0,4.755006e-27
0.0,0.0,1.6180496e-20,1e-45,0.0,9.16856e-28
0.0,0.0,9.332384e-21,0.0,0.0,1.0608946e-08
0.0,0.0,5.501853e-21,0.0,0.0,6.8432895e-09
0.0,0.0,5.1897602e-21,0.0,0.0,1.2750183e-09
0.0,0.0,4.6127836e-21,0.0,0.0,2.0582813e-10
0.0,0.0,3.1390585e-21,0.0,0.0,3.7264317e-11
0.0,0.0,2.0259131e-21,0.0,0.0,1.0954944e-11
0.0,0.0,1.1097655e-21,2.2715e-41,0.0,2.6408652e-12
0.0,0.0,1.1074501e-21,5.028e-42,0.0,6.285912e-13
0.0,0.0,1.1051397e-21,1.062e-42,0.0,1.379052e-13
0.0,0.0,5.391145e-22,2.47e-43,0.0,3.957224e-14
0.0,0.0,1.1496699e-22,6.9e-44,0.0,1.0723748e-14
0.0,0.0,1.8885849e-23,1.8000000000000002e-44,0.0,2.4500775e-11
0.0,0.0,5.9063803e-24,4.000000000000001e-45,0.0,1.13511235e-10
0.0,0.0,4.620275e-25,1e-45,0.0,2.5008289e-11
0.0,0.0,9.7868703e-26,0.0,0.0,8.270554e-12
0.0,0.0,3.2196665e-26,1.4546382e-33,0.0,2.0223705e-07
0.0,0.0,1.4671049999999998e-26,3.6926665e-34,0.0,1.7875651e-07
0.0,0.0,1.4640009e-26,9.200689e-35,0.0,6.01458e-08
0.0,0.0,1.10688725e-26,2.6176365e-35,0.0,1.9943366e-08
0.0,0.0,9.253813e-27,6.564673e-36,0.0,0.00972464
0.0,0.0,5.8116303000000005e-27,1.5216889e-36,0.0,0.006240939
0.0,0.0,1.3769354e-27,3.6044306e-26,0.0,0.016522774
0.0,0.0,9.369945e-28,3.4098898000000004e-26,0.0,0.009105869
0.0,0.0,7.9936238e-28,1.1505297e-26,0.0,0.038147777
0.0,0.0,4.2470675e-28,2.9887914e-27,0.0,0.0055721565
0.0,0.0,1.9152028e-28,1.6057494999999999e-25,0.0,0.03847246
0.0,0.0,1.033232e-28,6.611645400000001e-26,0.0,0.057714533
0.0,0.0,4.0776707e-29,2.3241082000000003e-22,0.0,0.008858034
0.0,0.0,3.0830046e-29,4.0309265e-22,0.0,0.008604068
0.0,0.0,1.4524294e-29,1.4661818000000002e-22,0.0,0.06370978
0.0,0.0,1.0076972e-29,2.7888985e-12,0.0,0.035953276
0.0,0.0,3.1596596e-30,1.611807e-12,0.0,0.040945
0.0,0.0,5.5918675e-31,1.6696331e-12,0.0,0.0067606606
0.0,0.0,5.656545e-30,5.6331727e-12,0.0,0.08362648
0.0,0.0,4.3472015e-29,2.2256069e-12,0.0,0.02571195
0.0,0.0,3.2866912e-29,7.480023e-13,0.0,0.09978591
0.0,0.0,1.2474990000000001e-29,2.450919e-13,0.0,0.050841734
0.0,0.0,7.859618e-30,6.874506e-15,0.0,0.00617955
0.0,0.0,4.4157392e-26,2.6156255e-15,0.0,0.06759257
0.0,0.0,4.8225453e-25,9.368733e-16,0.0,0.020948334
0.0,0.0,4.6226366999999985e-25,4.3176556e-12,0.0,0.0452835
0.0,0.0,1.3276624e-25,2.820645e-12,0.0,0.12495591
0.0,0.0,1.4460626e-21,1.6576109e-12,0.0,0.1693047
0.0,0.0,8.391608999999999e-20,7.7621614e-08,0.0,0.15201673
0.0,0.0,6.965822700000002e-16,8.3716394e-08,0.0,0.13125584
0.0,0.0,6.3155126e-16,3.8309928e-08,0.0,0.092372395
0.0,0.0,3.9097013000000005e-16,0.006702761,0.0,0.04196976
0.0,0.0,1.539113e-13,0.005949095,0.0,0.0078115384
0.0,0.0,1.3388712e-13,0.009863584,0.0,0.029910628
0.0,0.0,1.261966e-13,0.04301141,0.0,0.009987261
0.0,0.0,1.2591299e-13,0.0071668746,0.0,0.034215707
0.0,0.0,4.5475576e-14,0.0077715092,0.0,0.023219055
0.0,0.0,4.5373376e-14,0.013867706,0.0,0.09950963
0.0,0.0,4.5271404e-14,0.038100794,0.0,0.031286433
0.0,0.0,2.57149e-14,0.005073725,0.0,0.009568339
0.0,0.0,1.1073836e-11,0.01999841,0.0,0.02904277
0.0,0.0,8.4901884e-11,0.0055554113,0.0,0.04646912
0.0,0.0,8.470986e-11,0.025855502,0.0,0.0075636753
0.0,0.0,7.225653e-11,0.008855131,0.0,0.08902104
0.0,0.0,3.0889125e-11,0.034850363,0.0,0.036542736
0.0,0.0,1.32048695e-11,0.0063860873,0.0,0.05807602
0.0,0.0,1.3175003e-11,0.009318822,0.0,0.028674161
0.0,0.0,1.1238125e-11,0.025477275,0.0,0.025209052
0.0,0.0,8.495567e-12,0.021885103,0.0,0.054280713
0.0,0.0,7.2466204e-12,0.037429713,0.0,0.016352627
0.0,0.0,4.486002e-12,0.006561906,0.0,0.07250485
0.0,0.0,4.4758555e-12,0.0101377,0.0,0.022268374
0.0,0.0,4.465732e-12,0.028764429,0.0,0.034578543
0.0,0.0,2.178112e-12,0.021368122,0.0,0.029174345
0.0,0.0,1.0240494e-12,0.026991747,0.0,0.065780394
0.0,0.0,4.7986197e-13,0.017693533,0.0,0.012701523
0.0,0.0,2.0513741e-13,0.043588955,0.0,0.06889031
0.0,0.0,9.772495e-14,0.009419403,0.0,0.03819965
0.0,0.0,1.7818402e-14,0.019906651,0.0,0.010466532
0.0,0.0,4.5241423e-15,0.026210383,0.0,0.032760307
0.0,0.0,1.0031269e-11,0.009841479,0.0,0.07414655
0.0,0.0,2.011105e-11,0.013629268,0.0,0.029611561
0.0,0.0,1.7154288e-11,0.020965302,0.0,0.010094692
0.0,0.0,1.4632235e-11,0.013538288,0.0,0.05370831
0.0,0.0,2.5369954e-12,0.029828558,0.0,0.017645972
0.0,0.0,4.734932e-13,0.0074395156,0.0,0.059670065
0.0,0.0,8.8387434e-14,0.013384382,0.0,0.013180292
0.0,0.0,6.557353e-11,0.01665283,0.0,0.039429605
0.0,0.0,4.6374935e-11,0.024983145,0.0,0.022901325
0.0,0.0,1.5933817e-11,0.013336134,0.0,0.011424004
0.0,0.0,1.589736e-11,0.018150559,0.0,0.024750726
0.0,0.0,1.5860986e-11,0.019620918,0.0,0.021127768
0.0,0.0,3.049633e-12,0.0190129,0.0,0.02122318
0.0,0.0,8.5197355e-13,0.011489428,0.0,0.010888921
0.0,0.0,8.500153e-13,0.0073768473,0.0,0.016733006
0.0,0.0,6.425535e-13,0.0083891805,0.0,0.019725172
0.0,0.0,3.9775648e-13,0.010589396,0.0,0.033012334
0.0,0.0,1.955981e-11,0.023416623,0.0,0.017792802
0.0,0.0,3.0300165e-11,0.016570391,0.0,0.009906108
0.0,0.0,2.2904581e-11,0.027505815,0.0,0.041411895
0.0,0.0,1.0086794e-11,0.008221172,0.0,0.018702105
0.0,0.0,5.513225e-12,0.0197569,0.0,0.021256853
0.0,0.0,1.6570574e-12,0.015980827,0.0,0.016972048
0.0,0.0,1.1273955e-12,0.03275242,0.0,0.036922097
0.0,0.0,4.540245e-13,0.0058368705,0.0,0.027559161
0.0,0.0,3.8725875e-13,0.0041926373,0.0,0.009666735
0.0,0.0,1.6554215e-13,0.0035608655,0.0,0.045194753
0.0,0.0,1.6515967e-13,0.002929679,0.0,0.005821068
0.0,0.0,3.0155227e-14,0.0011695211,0.0,0.01735194
0.0,0.0,4.7837142e-12,0.00037082582,0.0,0.014554808
0.0,0.0,6.2107875e-12,0.00014735723,0.0,0.026545353
0.0,0.0,3.2592486e-12,4.216183e-05,0.0,0.021352395
0.0,0.0,9.349892e-13,0.008156128,0.0,0.025277516
0.0,0.0,1.646073e-13,0.008665993,0.0,0.018905615
0.0,0.0,3.07943e-14,0.017241143,0.0,0.024562044
0.0,0.0,1.4964975e-14,0.025437362,0.0,0.02943664
0.0,0.0,2.7263325e-15,0.011458993,0.0,0.03170165
0.0,0.0,8.366074e-13,0.021883093,0.0,0.008215706
0.0,0.0,3.350787e-13,0.006527609,0.0,0.0039907987
0.0,0.0,1.4323394e-13,0.0077307,0.0,0.0038074
0.0,0.0,1.2216859e-13,0.00838959,0.0,0.013182039
0.0,0.0,2.1821583e-11,0.020895377,0.0,0.015004918
0.0,0.0,9.708028e-12,0.017378658,0.0,0.019800738
0.0,0.0,1.6810022e-12,0.016349005,0.0,0.016414395
0.0,0.0,4.6644555e-10,0.025052901,0.0,0.053075403
0.0,0.0,4.1828374e-10,0.014255582,0.0,0.008962239
0.0,0.0,2.2900237e-10,0.031083655,0.0,0.029777743
0.0,0.0,5.581842e-11,0.0053252014,0.0,0.0040777875
0.0,0.0,5.568736e-11,0.0038007812,0.0,0.00511263
0.0,0.0,4.2093756e-11,0.004174696,0.0,0.014972382
0.0,0.0,7.4398526e-12,0.0030291672,0.0,0.042448588
0.0,0.0,4.2255327e-12,0.0020312124,0.0,0.007463423
0.0,0.0,2.7040772e-12,0.0008152239,0.0,0.018159209
0.0,0.0,1.2031687e-12,0.0002749039,0.0,0.017302532
0.0,0.0,1.2003439e-12,7.304002e-05,0.0,0.016598754
0.0,0.0,4.570067e-13,2.4114815e-05,0.0,0.01698722
0.0,0.0,1.4978864e-13,6.2094873e-06,0.0,0.015818875
0.0,0.0,5.7029e-14,1.8726266e-06,0.0,0.026724286
0.0,0.0,3.2345783e-14,0.018797144,0.0,0.03365537
0.0,0.0,1.4752647e-14,0.00558941,0.0,0.016322453
0.0,0.0,1.1151442e-14,0.008872734,0.0,0.017333623
0.0,0.0,7.58671e-15,0.0091369385,0.0,0.037703212
0.0,0.0,6.4708176e-15,0.017766815,0.0,0.00916391
0.0,0.0,3.3956083e-15,0.05433194,0.0,0.027588017
0.0,0.0,3.3876356e-15,0.007183259,0.0,0.03617447
0.0,0.0,4.4311852e-13,0.0086787315,0.0,0.015306034
0.0,0.0,4.1544069e-13,0.01258029,0.0,0.027401526
0.0,0.0,4.1446179e-13,0.019226264,0.0,0.0149485795
0.0,0.0,2.1749001e-13,0.017103355,0.0,0.02943474
0.0,0.0,1.8549889e-13,0.029663071,0.0,0.021291438
0.0,0.0,8.4505936e-14,0.011218426,0.0,0.04167889
0.0,0.0,4.121295e-14,0.032664653,0.0,0.00896728
0.0,0.0,2.0099265e-14,0.0062958845,0.0,0.013034453
0.0,0.0,1.7142817e-14,0.0030518766,0.0,0.018716073
0.0,0.0,1.32354836e-14,0.0015988764,0.0,0.02508074
0.0,0.0,4.7343335e-15,0.00050364115,0.0,0.015535021
0.0,0.0,2.484355e-15,0.00016045675,0.0,0.033538602
0.0,0.0,2.1189253e-15,4.2232423e-05,0.0,0.0069771134
0.0,0.0,4.66702e-16,0.004836505,0.0,0.010968441
0.0,0.0,8.818931000000001e-17,0.018442074,0.0,0.039480425
0.0,0.0,2.1100315e-17,0.022413893,0.0,0.009098554
0.0,0.0,2.1050598e-17,0.016820611,0.0,0.019247862
0.0,0.0,3.6255716e-15,0.046169057,0.0,0.08226704
0.0,0.0,4.557049e-15,0.005786494,0.0,0.011223725
0.0,0.0,3.100265e-15,0.0062482376,0.0,0.049867526
0.0,0.0,3.0929338e-15,0.011494559,0.0,0.010172688
0.0,0.0,1.0626108e-15,0.036885418,0.0,0.06980688
0.0,0.0,4.2791125000000006e-16,0.006494308,0.0,0.02413535
0.0,0.0,1.6291584e-16,0.008849933,0.0,0.045954436
0.0,0.0,1.2932436e-16,0.011459546,0.0,0.015041665
0.0,0.0,3.8204822e-17,0.03619147,0.0,0.0779045
0.0,0.0,1.1348976e-15,0.005900485,0.0,0.02084317
0.0,0.0,1.7949098e-15,0.0052593984,0.0,0.018889781
0.0,0.0,6.166549e-16,0.0040183375,0.0,0.028480275
0.0,0.0,4.6611365e-16,0.0020105971,0.0,0.012538008
0.0,0.0,1.6013687000000002e-16,0.0008053471,0.0,0.051943664
0.0,0.0,5.5016240000000004e-17,0.00018115401,0.0,0.019731607
0.0,0.0,5.04136e-15,6.350437e-05,0.0,0.075336725
0.0,0.0,6.7774287e-15,2.1049133e-05,0.0,0.027201038
0.0,0.0,5.1228337e-15,6.5612235e-06,0.0,0.015077071
0.0,0.0,3.1708882e-15,2.080614e-06,0.0,0.04895508
0.0,0.0,1.1450639e-15,5.368666e-07,0.0,0.017537976
0.0,0.0,8.459432e-15,1.5597968e-07,0.0,0.037833214
0.0,0.0,5.1435796e-15,4.5511072e-08,0.0,0.015244284
0.0,0.0,2.7289428e-15,0.014695584,0.0,0.026868891
0.0,0.0,5.2146593e-16,0.017470209,0.0,0.018047081
0.0,0.0,2.481019e-16,0.043099824,0.0,0.048264492
0.0,0.0,6.047122e-17,0.005456027,0.0,0.017874734
0.0,0.0,4.113866e-17,0.008470031,0.0,0.03875894
0.0,0.0,2.5463352e-17,0.020505521,0.0,0.015920669
0.0,0.0,7.712078e-18,0.019946253,0.0,0.0063018454
0.0,0.0,6.7683417e-18,0.030671287,0.0,0.03797259
0.0,0.0,3.843956299999999e-18,0.008947312,0.0,0.014729649
0.0,0.0,3.8347456e-18,0.011195923,0.0,0.028917499
0.0,0.0,4.133679e-14,0.0135601275,0.0,0.0040361118
0.0,0.0,3.476432e-14,0.010481101,0.0,0.004901745
0.0,0.0,2.0188214e-14,0.006623296,0.0,0.0114274975
0.0,0.0,7.091598e-15,0.014765427,0.0,0.029374337
0.0,0.0,6.048167e-15,0.01476532,0.0,0.003432322
0.0,0.0,2.5851698e-15,0.0051946514,0.0,0.0011015285
0.0,0.0,5.3854e-12,0.0027567823,0.0,0.0010777194
0.0,0.0,7.414845e-12,0.0012155734,0.0,0.0035188769
0.0,0.0,7.396903e-12,0.00031786005,0.0,0.006847168
0.0,0.0,5.032006e-12,8.992428e-05,0.0,0.020744562
0.0,0.0,5.01983e-12,2.442254e-05,0.0,0.012852695
0.0,0.0,5.0076835e-12,6.501004e-06,0.0,0.023438815
0.0,0.0,4.9955665e-12,1.7637227e-06,0.0,0.0042836056
0.0,0.0,4.9834785e-12,4.4972714e-07,0.0,0.005305021
0.0,0.0,4.250177e-12,1.3006704e-07,0.0,0.013595966
0.0,0.0,1.0358966e-12,2.7347062e-08,0.0,0.01113646
0.0,0.0,4.1713066e-13,7.1656636e-09,0.0,0.018484702
0.0,0.0,4.1612132e-13,1.7832447e-09,0.0,0.01086631
0.0,0.0,3.548905e-13,0.0020377818,0.0,0.01889033
0.0,0.0,7.754001e-14,0.00047307689,0.0,0.011623349
0.0,0.0,3.913492e-13,9.787147e-05,0.0,0.013120687
0.0,0.0,5.2754323e-13,2.2581857e-05,0.0,0.014882668
0.0,0.0,2.2548346e-13,6.1817304e-06,0.0,0.0042147217
0.0,0.0,9.079607e-14,8.468088e-07,0.0,0.005251218
0.0,0.0,1.9192613e-14,5.0724384e-07,0.0,0.008864516
0.0,0.0,3.0429047e-13,3.910136e-08,0.0,0.0059839217
0.0,0.0,2.535973e-12,7.3715305e-09,0.0,0.0026722965
0.0,0.0,2.1627771e-12,1.6346018e-09,0.0,0.0017209098
0.0,0.0,2.157508e-12,6.042956e-09,0.0,0.0010991406
0.0,0.0,7.070839e-13,6.880404e-09,0.0,0.0006546023
0.0,0.0,7.053612e-13,2.6046074e-09,0.0,0.0006556033
0.0,0.0,3.2130884e-13,9.972063e-10,0.0,0.0012533214
0.0,0.0,2.185781e-13,1.2618634e-10,0.0,0.0018092783
0.0,0.0,2.1804558e-13,7.964898e-11,0.0,0.0032699236
0.0,0.0,1.2383002e-13,5.6037095e-11,0.0,0.003788306
0.0,0.0,1.2352833e-13,9.879654e-12,0.0,0.0057133036
0.0,0.0,2.9258954e-14,1.0031762e-15,0.0,0.0021255964
0.0,0.0,2.4953182e-14,2.73308e-13,0.0,0.0012349183
0.0,0.0,1.004788e-14,4.0917822e-17,0.0,0.00031364022
0.0,0.0,4.0459727e-15,6.033664e-18,0.0,7.1824565e-05
0.0,0.0,4.0361154e-15,4.0733204e-07,0.0,4.2176795e-05
0.0,0.0,9.91696e-16,9.347256e-08,0.0,1.2105426e-05
0.0,0.0,4.637192e-16,1.3086356e-08,0.0,2.3866405e-06
0.0,0.0,2.3162563000000003e-16,2.4694558e-09,0.0,5.260618e-07
0.0,0.0,3.510272e-14,4.931604e-10,0.0,1.5250349e-07
0.0,0.0,3.377556e-14,7.1905606e-11,0.0,3.0297084e-08
0.0,0.0,1.6162143e-11,1.34309066e-11,0.0,6.3185444e-09
0.0,0.0,1.5136581e-10,3.472369e-12,0.0,1.4698319e-09
0.0,0.0,1.5099395e-10,6.221554e-13,0.0,4.1052806e-10
0.0,0.0,1.5749185e-10,1.4785707e-13,0.0,0.00056402845
0.0,0.0,1.1903419e-10,2.3151821e-14,0.0,0.0032138051
0.0,0.0,1.01514935e-10,5.2380945e-15,0.0,0.0016969071
0.0,0.0,1.0126553e-10,1.1641987e-15,0.0,0.0014221823
0.0,0.0,4.6127914e-11,2.4320666e-16,0.0,0.0025008654
0.0,0.0,3.4864018e-11,5.4339940000000004e-17,0.0,0.0008173778
0.0,0.0,2.9732793e-11,9.5386126e-18,0.0,0.00024640892
0.0,0.0,2.9659743e-11,1.8041303e-18,0.0,0.0001807759
0.0,0.0,2.9586875e-11,4.1362833e-19,0.0,0.00017467773
0.0,0.0,2.9514183e-11,2.4961268e-19,0.0,0.00011073562
0.0,0.0,2.944167e-11,1.1126436e-20,0.0,5.8160284e-05
0.0,0.0,2.5108497e-11,1.9264962e-21,0.0,3.6492136e-05
0.0,0.0,2.504681e-11,6.841201e-21,0.0,3.5611953e-05
0.0,0.0,2.4985274e-11,5.8381627e-23,0.0,2.5703153e-05
0.0,0.0,1.031019e-11,1.136077e-05,0.0,2.630499e-05
0.0,0.0,1.028486e-11,2.8650572e-06,0.0,2.40293e-05
0.0,0.0,8.771151e-12,4.8535526e-07,0.0,2.284419e-05
0.0,0.0,4.602223e-12,8.485872e-08,0.0,2.0760766e-05
0.0,0.0,8.7320033e-13,1.1464104e-08,0.0,1.7051121e-05
0.0,0.0,1.5296336e-13,1.889801e-09,0.0,6.6754637e-06
0.0,0.0,9.634947e-14,4.1686896e-10,0.0,1.9477902e-06
0.0,0.0,9.6112754e-14,1.0174801e-10,0.0,5.468218e-07
0.0,0.0,9.587662e-14,1.5792628e-11,0.0,1.4947909e-07
0.0,0.0,9.5641065e-14,3.887968e-12,0.0,4.2541615e-08
0.0,0.0,9.540609e-14,4.7963754e-13,0.0,9.070034e-09
0.0,0.0,9.5171694e-14,1.07086716e-13,0.0,1.8242792e-09
0.0,0.0,5.4047743e-14,1.9688581e-14,0.0,4.5854304e-10
0.0,0.0,5.3914958e-14,3.1035323e-15,0.0,8.2811806e-11
0.0,0.0,5.3782496e-14,5.831982e-16,0.0,1.7900974e-11
0.0,0.0,5.3650362e-14,1.1462471000000002e-16,0.0,3.6003808e-12
0.0,0.0,5.3518554e-14,2.4711086000000002e-17,0.0,1.0561168e-12
0.0,0.0,5.3387067e-14,7.9857886e-18,0.0,2.3839882e-13
0.0,0.0,4.5529647e-14,5.6761826e-19,0.0,3.8195033e-14
0.0,0.0,2.5030478e-14,1.0277788e-19,0.0,7.30751e-15
0.0,0.0,1.1711392e-14,1.9910575e-20,0.0,1.2163959e-15
0.0,0.0,1.1682619e-14,2.4845751e-21,0.0,2.5644124e-16
0.0,0.0,1.1653916e-14,4.530477400000002e-22,0.0,4.705991000000001e-17
0.0,0.0,1.1625285e-14,9.642158000000001e-23,0.0,1.1734952399999998e-17
0.0,0.0,1.1596724e-14,2.5999669e-23,0.0,2.2597836e-18
0.0,0.0,9.889937e-15,4.5381176e-24,0.0,4.6282425e-19
0.0,0.0,8.434353e-15,6.3277772e-25,0.0,1.1402707e-19
0.0,0.0,8.413632e-15,1.3082087e-24,0.0,2.8293224999999997e-20
0.0,0.0,8.392961e-15,2.5445985e-25,0.0,4.757401e-21
0.0,0.0,3.122244e-15,1.2337757e-26,0.0,8.105569300000001e-22
0.0,0.0,1.3707531e-15,8.153997e-27,0.0,1.327107e-22
0.0,0.0,1.169008e-15,3.966969e-28,0.0,2.4580417e-23
0.0,0.0,1.1661359e-15,2.1657768000000003e-27,0.0,4.1678697e-24
0.0,0.0,1.1632709e-15,2.6958375e-28,0.0,2.7373352e-22
0.0,0.0,5.2988677e-16,5.1405584e-28,0.0,2.950042e-22
0.0,0.0,4.518989e-16,3.6640935e-31,0.0,6.118958e-10
0.0,0.0,4.5078866e-16,1.0130953e-29,0.0,2.7772282e-09
0.0,0.0,4.4968116e-16,7.7274634e-31,0.0,1.1570722e-09
0.0,0.0,3.8349785e-16,1.2549792e-31,0.0,5.909062e-06
0.0,0.0,3.8255565e-16,4.0861093e-34,0.0,3.0375393e-05
0.0,0.0,3.2625176e-16,7.203493999999998e-35,0.0,3.1724398e-05
0.0,0.0,2.33742e-16,2.2894016e-13,0.0,3.819448e-05
0.0,0.0,4.2061942000000004e-17,2.344425e-13,0.0,3.6756195e-05
0.0,0.0,7.814972499999999e-18,4.2804905e-14,0.0,1.9542136e-05
0.0,0.0,3.511936e-18,8.33058e-15,0.0,1.0128886e-05
0.0,0.0,2.604554e-18,1.6420832e-15,0.0,4.9170653e-06
0.0,0.0,7.571456e-19,3.726672e-16,0.0,2.2058225e-06
0.0,0.0,6.457102e-19,1.3448332e-16,0.0,1.003336e-06
0.0,0.0,6.441238e-19,2.838121e-17,0.0,3.9674163e-07
0.0,0.0,4.381717399999999e-19,7.1586e-18,0.0,1.4296691e-07
0.0,0.0,4.3709526e-19,1.7925634999999997e-18,0.0,4.5959247e-08
0.0,0.0,1.9910321e-19,4.9218394e-19,0.0,1.8229793e-08
0.0,0.0,1.9861405e-19,7.980809999999999e-20,0.0,5.5954965e-09
0.0,0.0,1.6938236999999998e-19,2.0015606e-20,0.0,1.3599408e-09
0.0,0.0,1.1522408e-19,5.731856800000001e-21,0.0,4.229893e-10
0.0,0.0,5.618830999999999e-20,1.773335e-21,0.0,1.7305761e-10
0.0,0.0,4.2467785e-20,1.5514768e-13,0.0,0.014155804
0.0,0.0,4.2363449999999995e-20,8.526449e-14,0.0,0.006801596
0.0,0.0,4.2259368e-20,3.0000653e-14,0.0,0.03460287
0.0,0.0,8.995043000000001e-18,8.128106e-15,0.0,0.0048720236
0.0,0.0,3.856070799999999e-18,3.5007406e-15,0.0,0.014207714
0.0,0.0,7.917170999999999e-19,9.90072e-16,0.0,0.031918425
0.0,0.0,1.5250062999999998e-19,3.017333e-16,0.0,0.004863395
0.0,0.0,1.1936605e-19,1.0501797e-16,0.0,0.05586903
0.0,0.0,5.901981199999999e-18,1.2865306e-15,0.0,0.011564619
0.0,0.0,1.4538045e-17,6.9647517e-16,0.0,0.049389273
0.0,0.0,3.5622608e-18,2.4030002000000003e-16,0.0,0.018875059
0.0,0.0,6.2977174e-19,8.14982e-17,0.0,0.0039709094
0.0,0.0,2.5170349e-19,2.8105036000000004e-17,0.0,0.0159402
0.0,0.0,1.9023345e-19,1.2460834e-17,0.0,0.051251043
0.0,0.0,1.8975911e-19,4.348097e-18,0.0,0.009648466
0.0,0.0,9.037402e-12,1.904449e-13,0.0,0.095267765
0.0,0.0,8.600639e-12,1.0860362e-12,0.0,0.012731303
0.0,0.0,3.1997742e-12,3.6474486e-13,0.0,0.020809667
0.0,0.0,1.7570667e-10,2.475624e-13,0.0,0.05165593
0.0,0.0,3.2271263e-10,1.722005e-07,0.0,0.08335661
0.0,0.0,1.2993435e-10,3.0715574e-07,0.0,0.06543807
0.0,0.0,4.4633068e-11,1.1129524e-07,0.0,0.03624922
0.0,0.0,4.452016e-11,4.368241e-08,0.0,0.004663137
0.0,0.0,2.3358019e-11,1.5132997e-08,0.0,0.030789984
0.0,0.0,2.3298929e-11,5.6399085e-09,0.0,0.012272688
0.0,0.0,1.986838e-11,0.016286084,0.0,0.02624238
0.0,0.0,1.9818116e-11,0.06573812,0.0,0.019060286
0.0,0.0,1.1253831e-11,0.009251981,0.0,0.05621239
0.0,0.0,3.5272718e-12,0.047079135,0.0,0.04256529
0.0,0.0,2.742368e-12,0.006472493,0.0,0.021423062
0.0,0.0,5.026361e-13,0.018452208,0.0,0.06289067
0.0,0.0,2.179348e-13,0.034168534,0.0,0.023944834
0.0,0.0,4.1336123e-14,0.020475507,0.0,0.034893908
0.0,0.0,4.123155e-14,0.024484871,0.0,0.013280525
0.0,0.0,8.317694e-15,0.040172152,0.0,0.06985024
0.0,0.0,1.831306e-15,0.0057264483,0.0,0.0102467965
0.0,0.0,1.0931721e-15,0.010498761,0.0,0.074327745
0.0,0.0,3.831111e-16,0.027533563,0.0,0.03526964
0.0,0.0,3.821419e-16,0.0103870025,0.0,0.023905586
0.0,0.0,3.8117518e-16,0.038603112,0.0,0.025551822
0.0,0.0,3.250507e-16,0.0061614793,0.0,0.026455002
0.0,0.0,3.2422838000000004e-16,0.011800464,0.0,0.029197184
0.0,0.0,1.2107294e-11,0.031035867,0.0,0.06223708
0.0,0.0,3.802701e-12,0.012145774,0.0,0.060121655
0.0,0.0,1.4863405e-12,0.03485022,0.0,0.05105827
0.0,0.0,7.5241186e-13,0.007918279,0.0,0.05231211
0.0,0.0,6.4161903e-13,0.024603274,0.0,0.044100456
0.0,0.0,3.3662913e-13,0.021798009,0.0,0.028566262
0.0,0.0,2.3148882e-13,0.034812354,0.0,0.030635897
0.0,0.0,1.7283771e-13,0.00823501,0.0,0.02627733
0.0,0.0,4.9399853e-14,0.027418273,0.0,0.021881493
0.0,0.0,1.6147757e-06,0.008399641,0.0,0.038673952
0.0,0.0,4.1233258e-07,0.027196657,0.0,0.033940412
0.0,0.0,3.5161176e-07,0.01999571,0.0,0.022079851
0.0,0.0,2.657263e-07,0.02238046,0.0,0.027221832
0.0,0.0,2.6504753e-07,0.018814942,0.0,0.024965784
0.0,0.0,4.609625e-08,0.025452975,0.0,0.035761632
0.0,0.0,1.21451516e-08,0.019652063,0.0,0.021972418
0.0,0.0,7.402282e-09,0.063434884,0.0,0.046303023
0.0,0.0,4.0006682e-09,0.023492131,0.0,0.011306315
0.0,0.0,3.2490495e-09,0.038287375,0.0,0.07250807
0.0,0.0,3.24075e-09,0.007303282,0.0,0.020857763
0.0,0.0,2.7635114e-09,0.022993382,0.0,0.022430548
0.0,0.0,2.7564522e-09,0.031346586,0.0,0.030218266
0.0,0.0,2.350532e-09,0.011715918,0.0,0.01620361
0.0,0.0,1.1461104e-09,0.01735269,0.0,0.039824884
0.0,0.0,8.66159e-10,0.029677108,0.0,0.016548462
0.0,0.0,4.2460938e-10,0.014278896,0.0,0.025049305
0.0,0.0,2.3961375e-10,0.016729956,0.0,0.011997171
0.0,0.0,1.02403135e-10,0.012252784,0.0,0.018416107
0.0,0.0,8.7323065e-11,0.02947993,0.0,0.02135402
0.0,0.0,7.446371e-11,0.01413286,0.0,0.022481918
0.0,0.0,6.3498054e-11,0.028077492,0.0,0.019559361
0.0,0.0,4.798788e-11,0.017026715,0.0,0.0135679
0.0,0.0,4.09211e-11,0.012429745,0.0,0.019942341
0.0,0.0,4.081657e-11,0.014915781,0.0,0.010622996
0.0,0.0,2.5259982e-11,0.01817452,0.0,0.028827688
0.0,0.0,2.5195457e-11,0.0155109465,0.0,0.01566699
0.0,0.0,2.5131097e-11,0.03835485,0.0,0.042256262
0.0,0.0,1.4270484e-11,0.011328248,0.0,0.01579562
0.0,0.0,1.8542985e-07,0.01599939,0.0,0.03953248
0.0,0.0,1.2358706e-06,0.02595688,0.0,0.021872204
0.0,0.0,7.949557e-07,0.012272768,0.0,0.04896123
0.0,0.0,1.828702e-07,0.018481327,0.0,0.008492322
0.0,0.0,3.7761183e-08,0.059140645,0.0,0.045981776
0.0,0.0,2.8537254e-08,0.018565862,0.0,0.028565468
0.0,0.0,2.4334554e-08,0.015492487,0.0,0.022215884
0.0,0.0,4.3171977e-09,0.015752383,0.0,0.030464357
0.0,0.0,1.2413731e-09,0.028275555,0.0,0.02601244
0.0,0.0,8.350785e-10,0.01029589,0.0,0.03513199
0.0,0.0,1.7739608e-10,0.006791024,0.0,0.008186291
0.0,0.0,3.1605853e-11,0.0042840336,0.0,0.021728834
0.0,0.0,3.152479e-11,0.0041581825,0.0,0.014627952
0.0,0.0,1.3472532e-11,0.003278885,0.0,0.046560206
0.0,0.0,6.569087e-12,0.0014121933,0.0,0.0252234
0.0,0.0,5.6016533e-12,0.00024645592,0.0,0.012102037
0.0,0.0,2.7313163e-12,9.0261434e-05,0.0,0.030536069
0.0,0.0,1.1693301e-12,2.4327608e-05,0.0,0.008588638
0.0,0.0,7.4226955e-07,7.8233215e-06,0.0,0.024857368
0.0,0.0,5.3157805e-07,1.9994434e-06,0.0,0.0127871595
0.0,0.0,3.4245838e-07,5.023241e-07,0.0,0.032107256
0.0,0.0,2.2976471e-07,0.009708363,0.0,0.008480991
0.0,0.0,1.0330846e-07,0.010409691,0.0,0.014945039
0.0,0.0,3.9323517e-08,0.012229612,0.0,0.03491989
0.0,0.0,1.4197652e-08,0.024392454,0.0,0.01858249
0.0,0.0,7.012294e-09,0.018190922,0.0,0.08840202
0.0,0.0,4.339556e-09,0.022361958,0.0,0.026203701
0.0,0.0,4.3283577e-09,0.027816238,0.0,0.0145281935
0.0,0.0,1.5627422e-09,0.020724293,0.0,0.06229633
0.0,0.0,1.5587095e-09,0.015775297,0.0,0.031232521
0.0,0.0,7.629903e-10,0.008998286,0.0,0.018070653
0.0,0.0,3.4397057e-10,0.009193003,0.0,0.02389782
0.0,0.0,3.4308295e-10,0.011816162,0.0,0.021325635
0.0,0.0,1.2386919e-10,0.020130374,0.0,0.023713365
0.0,0.0,3.5765155e-11,0.017282832,0.0,0.012490973
0.0,0.0,3.5672864e-11,0.017012438,0.0,0.02977197
0.0,0.0,3.558081e-11,0.020720815,0.0,0.014186608
0.0,0.0,1.1151488e-11,0.031346742,0.0,0.046609085
0.0,0.0,1.1122711e-11,0.009279973,0.0,0.017249376
0.0,0.0,6.883287e-12,0.014126728,0.0,0.028634274
0.0,0.0,5.201824e-12,0.021847526,0.0,0.009604331
0.0,0.0,2.7290587e-12,0.010660143,0.0,0.019731859
0.0,0.0,1.4317597e-12,0.023408588,0.0,0.02375058
0.0,0.0,5.576943e-13,0.025334794,0.0,0.023012955
0.0,0.0,1.4463687e-13,0.018145487,0.0,0.03534885
0.0,0.0,1.0930469e-13,0.01476302,0.0,0.012186083
0.0,0.0,2.3374726e-14,0.030914387,0.0,0.06218066
0.0,0.0,1.1531605e-09,0.015322988,0.0,0.014448483
0.0,0.0,2.3918807e-09,0.021938602,0.0,0.040831435
0.0,0.0,5.0310944e-10,0.013658493,0.0,0.018272055
0.0,0.0,4.290051e-10,0.02532687,0.0,0.032358535
0.0,0.0,7.439666e-11,0.019955467,0.0,0.011970555
0.0,0.0,2.0276726e-11,0.015737463,0.0,0.035765782
0.0,0.0,2.0224197e-11,0.032451373,0.0,0.0300423
0.0,0.0,1.745859e-05,0.018066673,0.0,0.041433357
0.0,0.0,9.312877e-05,0.041740112,0.0,0.029519562
0.0,0.0,4.6839643e-05,0.0054776133,0.0,0.02711762
0.0,0.0,4.1066964e-05,0.007844401,0.0,0.035225965
0.0,0.0,2.8950066e-05,0.025538566,0.0,0.029390475
0.0,0.0,2.8874698e-05,0.02619161,0.0,0.015882134
0.0,0.0,2.8799524e-05,0.025075585,0.0,0.052350335
0.0,0.0,2.7600636e-05,0.022856573,0.0,0.05373396
0.0,0.0,2.1034697e-05,0.030847093,0.0,0.02792846
0.0,0.0,1.3368959e-05,0.010219246,0.0,0.023678618
0.0,0.0,7.013779e-06,0.022827996,0.0,0.038584996
0.0,0.0,5.410357e-06,0.01932201,0.0,0.012449161
0.0,0.0,1.7582244e-06,0.018278776,0.0,0.036109436
0.0,0.0,1.0076369e-06,0.019887045,0.0,0.027725218
0.0,0.0,2.2095332e-07,0.019102195,0.0,0.031844728
0.0,0.0,4.7067573e-08,0.04004471,0.0,0.031245643
0.0,0.0,8.764655e-09,0.013078579,0.0,0.026987577
0.0,0.0,3.5286678e-09,0.05264081,0.0,0.030551791
0.0,0.0,8.03451e-10,0.0066204267,0.0,0.037254386
0.0,0.0,1.3969174e-10,0.017499898,0.0,0.018041553
0.0,0.0,1.3932801e-10,0.018549085,0.0,0.02966211
0.0,0.0,8.7178965e-11,0.026604142,0.0,0.024513772
0.0,0.0,1.566071e-05,0.014936991,0.0,0.059658
0.0,0.0,3.398123e-05,0.025337113,0.0,0.025404155
0.0,0.0,2.169467e-05,0.0153858485,0.0,0.051683117
0.0,0.0,2.1637967e-05,0.023118662,0.0,0.032550775
0.0,0.0,1.5420079e-05,0.031439863,0.0,0.026334282
0.0,0.0,1.2771749e-05,0.011324974,0.0,0.027342046
0.0,0.0,1.7583961e-05,0.017907003,0.0,0.019614965
0.0,0.0,1.4235172e-05,0.016861938,0.0,0.02815077
0.0,0.0,1.4197956e-05,0.021868436,0.0,0.018216124
0.0,0.0,1.6130813e-05,0.019293655,0.0,0.036540028
0.0,0.0,1.9091754e-05,0.014391845,0.0,0.014848007
0.0,0.0,1.6918848e-05,0.015847731,0.0,0.027682502
0.0,0.0,1.1929643e-05,0.017806502,0.0,0.009076978
0.0,0.0,4.139804e-05,0.018763538,0.0,0.025338145
0.0,0.0,2.9174844e-05,0.014244056,0.0,0.010484178
0.0,0.0,1.9760826e-05,0.009415717,0.0,0.018510511
0.0,0.0,1.5687943e-05,0.008532707,0.0,0.013777685
0.0,0.0,1.3376895e-05,0.01572305,0.0,0.029611278
0.0,0.0,1.3341894e-05,0.018634137,0.0,0.00996555
0.0,0.0,1.3306984e-05,0.009339755,0.0,0.0127816405
0.0,0.0,1.3272166e-05,0.008367835,0.0,0.023297831
0.0,0.0,1.3237439e-05,0.013036589,0.0,0.012383017
0.0,0.0,5.6570498e-06,0.009747463,0.0,0.017427467
0.0,0.0,4.9668597e-06,0.004699667,0.0,0.009544108
0.0,0.0,1.6414489e-06,0.0025478317,0.0,0.014792266
0.0,0.0,6.6084465e-07,0.0005343409,0.0,0.009782839
0.0,0.0,5.6349245e-07,0.00012814609,0.0,0.015399165
0.0,0.0,2.747399e-07,2.3549874e-05,0.0,0.0044063265
0.0,0.0,2.7402103e-07,9.656038e-06,0.0,0.002894487
0.0,0.0,2.3365367e-07,7.931799e-07,0.0,0.0048615118
0.0,0.0,7.322756e-08,1.9502895e-07,0.0,0.0027195993
0.0,0.0,6.244005e-08,5.237224e-08,0.0,0.00754759
0.0,0.0,3.044364e-08,1.32594105e-08,0.0,0.015768213
0.0,0.0,2.595884e-08,2.9340248e-09,0.0,0.0067073414
0.0,0.0,2.5890918e-08,4.791432e-10,0.0,0.012702673
0.0,0.0,2.20768e-08,1.1928873e-10,0.0,0.007927743
0.0,0.0,1.3661729e-08,2.685843e-11,0.0,0.012081424
0.0,0.0,1.3625982e-08,5.458868e-05,0.0,0.014038667
0.0,0.0,5.186431e-09,0.0020302015,0.0,0.015552233
0.0,0.0,5.1728604e-09,0.002813153,0.0,0.006423558
0.0,0.0,3.9090824e-09,0.0014158787,0.0,0.006828121
0.0,0.0,2.4190472e-09,0.003398387,0.0,0.010350339
0.0,0.0,2.4127176e-09,0.0010418108,0.0,0.0062724855
0.0,0.0,9.713527e-10,0.0011637862,0.0,0.0049038543
0.0,0.0,3.6972403e-10,0.0004912629,0.0,0.0022128967
0.0,0.0,3.6875664e-10,0.00084818085,0.0,0.002117233
0.0,0.0,3.144333e-10,0.00091270293,0.0,0.00078046275
0.0,0.0,2.681126e-10,0.0010053096,0.0,0.0017602354
0.0,0.0,1.079413e-10,0.0019157415,0.0,0.0020532282
0.0,0.0,1.0765887e-10,0.00076148025,0.0,0.002532162
0.0,0.0,1.0737717e-10,0.0005833302,0.0,0.0013242828
0.0,0.0,1.07096214e-10,0.0011383315,0.0,0.0019457459
0.0,0.0,5.6184387e-11,0.00041098555,0.0,0.0007322701
0.0,0.0,5.603738e-11,0.0004911842,0.0,0.00071168225
0.0,0.0,5.5890754e-11,0.0015783901,0.0,0.0014846566
0.0,0.0,5.5744513e-11,0.0005334681,0.0,0.0008197456
0.0,0.0,5.5598654e-11,0.00031561183,0.0,0.0006086169
0.0,0.0,5.545318e-11,0.000347625,0.0,0.0009824304
0.0,0.0,3.1486667e-11,0.0004731609,0.0,0.00081879226
0.0,0.0,3.140428e-11,0.000715311,0.0,0.00094072666
0.0,0.0,3.1322108e-11,0.0004984254,0.0,0.00045280243
0.0,0.0,3.1240153e-11,0.00036696077,0.0,0.00053493696
0.0,0.0,1.9332261e-11,0.0024973333,0.0,0.0037918997
0.0,0.0,1.9281677e-11,0.00065441855,0.0,0.0025015029
0.0,0.0,1.9231226e-11,0.000345501,0.0,0.0023564645
0.0,0.0,1.9180907e-11,0.0007672571,0.0,0.00090397854
0.0,0.0,1.6355273e-11,0.0001569263,0.0,0.0010287379
0.0,0.0,8.580238e-12,2.7482633e-05,0.0,0.00082330604
0.0,0.0,8.557788e-12,4.921783e-06,0.0,0.0010531086
0.0,0.0,8.535396e-12,1.2274918e-06,0.0,0.00060351373
0.0,0.0,3.248811e-12,1.5036977e-07,0.0,0.00126371
0.0,0.0,9.834918e-13,1.4916502e-07,0.0,0.000626688
0.0,0.0,9.809185e-13,7.8333564e-08,0.0,0.00047541357
0.0,0.0,9.783518e-13,7.930104e-10,0.0,0.00083130883
0.0,0.0,7.847298e-13,1.373179e-10,0.0,0.0004763648
0.0,0.0,7.1600256e-13,1.3018304e-09,0.0,0.00027043305
0.0,0.0,7.141291e-13,1.2114397e-10,0.0,0.00016207289
0.0,0.0,7.1226055e-13,7.35032e-13,0.0,9.2292954e-05
0.0,0.0,7.103969e-13,1.2737607e-13,0.0,0.000103980325
0.0,0.0,6.0574484e-13,2.7123577e-14,0.0,4.667966e-05
0.0,0.0,6.041599e-13,5.1977313e-15,0.0,2.6089236e-05
0.0,0.0,2.7515962e-13,7.598943e-12,0.0,3.4564884e-05
0.0,0.0,2.7443965e-13,2.563383e-12,0.0,2.5206184e-05
0.0,0.0,2.7372156e-13,6.7756174e-12,0.0,5.143603e-05
0.0,0.0,2.7300536e-13,1.3486729e-12,0.0,5.7961395e-05
0.0,0.0,2.7229103e-13,2.6120095e-13,0.0,5.5821478e-05
0.0,0.0,2.7157855e-13,1.3371008e-19,0.0,6.287744e-05
0.0,0.0,2.7086796e-13,2.2315833999999998e-20,0.0,0.00010942347
0.0,0.0,1.2336456e-13,5.350545e-21,0.0,5.04934e-05
0.0,0.0,1.2304177e-13,1.0990599e-21,0.0,4.2516596e-05
0.0,0.0,1.2271983e-13,5.441097500000001e-22,0.0,2.593501e-05
0.0,0.0,1.2239873e-13,6.3672075e-23,0.0,5.6267658e-05
0.0,0.0,1.2207847e-13,6.0121874e-24,0.0,6.2329345e-05
0.0,0.0,7.554549e-14,1.0511475e-24,0.0,4.3476877e-05
0.0,0.0,7.534782e-14,1.9470542e-25,0.0,2.3960567e-05
0.0,0.0,7.5150674e-14,3.522391e-26,0.0,2.8072664e-05
0.0,0.0,7.495404e-14,6.2939733e-27,0.0,3.0429763e-05
0.0,0.0,7.4757915e-14,1.2318702e-27,0.0,2.7794595e-05
0.0,0.0,7.456231e-14,6.527212000000001e-27,0.0,3.8885737e-05
0.0,0.0,7.4367216e-14,3.7806905e-29,0.0,4.8169662e-05
0.0,0.0,7.417263e-14,6.645324e-30,0.0,7.1028015e-05
0.0,0.0,6.658843e-14,1.2144912e-30,0.0,0.00010571373
0.0,0.0,3.6674955e-14,2.1077166e-31,0.0,0.00013878678
0.0,0.0,3.6578992e-14,1.7770310000000001e-29,0.0,0.00012867719
0.0,0.0,8.220749e-15,1.16188525e-29,0.0,0.0001253218
0.0,0.0,8.199239e-15,1.9001984e-09,0.0,0.00013035836
0.0,0.0,8.1777855e-15,2.217761e-08,0.0,0.00015283756
0.0,0.0,8.156388e-15,2.2946322e-08,0.0,0.00017069669
0.0,0.0,8.135046e-15,2.841327e-08,0.0,0.00025486774
0.0,0.0,8.11376e-15,3.436254e-08,0.0,0.0002095161
0.0,0.0,8.09253e-15,6.85577e-08,0.0,0.00042744877
0.0,0.0,3.45827e-15,3.8797972e-07,0.0,0.0015386496
0.0,0.0,3.4492213e-15,3.6313713e-07,0.0,0.00081576227
0.0,0.0,1.0809927e-15,2.380532e-07,0.0,0.00074714224
0.0,0.0,1.0781641e-15,1.8438163e-07,0.0,0.0010295645
0.0,0.0,3.8925436e-16,7.3915226e-07,0.0,0.0023938434
0.0,0.0,3.3191142000000004e-16,6.863326e-07,0.0,0.00092092843
0.0,0.0,2.8301594e-16,5.19121e-07,0.0,0.000495191
0.0,0.0,2.822754e-16,6.548059e-07,0.0,0.002197313
0.0,0.0,1.2855999e-16,1.3743863e-06,0.0,0.0021571435
0.0,0.0,1.0962118999999999e-16,2.0684222e-06,0.0,0.003530041
0.0,0.0,1.09334364e-16,7.975058e-06,0.0,0.002251681
0.0,0.0,1.09048286e-16,9.110086e-06,0.0,0.005652346
0.0,0.0,9.298385e-17,8.379215e-06,0.0,0.00848209
0.0,0.0,7.0267034e-17,5.019444e-06,0.0,0.0052292557
0.0,0.0,7.0083175e-17,2.8331135e-06,0.0,0.005047799
0.0,0.0,5.2961205e-17,3.3903962e-06,0.0,0.0099405665
0.0,0.0,3.602163e-17,3.5066248e-06,0.0,0.021614298
0.0,0.0,9.048388e-18,2.2580858e-05,0.0,0.0050093285
0.0,0.0,5.136949e-18,5.1937823e-06,0.0,0.01153662
0.0,0.0,5.123508000000001e-18,1.2845146e-06,0.0,0.017306974
0.0,0.0,5.110102199999999e-18,3.4184703e-07,0.0,0.012112311
0.0,0.0,5.0967312e-18,9.9397695e-08,0.0,0.01960776
0.0,0.0,5.0833954e-18,2.8774533e-08,0.0,0.023813738
0.0,0.0,3.7902505e-15,8.617789e-09,0.0,0.01984617
0.0,0.0,2.985901e-14,2.4985518e-09,0.0,0.01890515
0.0,0.0,2.5460018e-14,5.308843e-10,0.0,0.010690832
0.0,0.0,1.1595411e-14,1.7377826e-10,0.0,0.08180738
0.0,0.0,2.3296394e-15,4.394663e-11,0.0,0.06536326
0.0,0.0,4.3651695000000005e-16,1.6175833e-11,0.0,0.050385237
0.0,0.0,8.1931816e-17,4.984257e-12,0.0,0.03977259
0.0,0.0,1.0897591e-13,2.3341784e-12,0.0,0.055233687
0.0,3.8009362e-05,4.2517487e-13,0.031329323,3.3691083e-06,0.034673065
0.0,5.4225246e-05,1.816901e-13,0.006662072,6.0910465e-06,0.031116907
0.0,5.4446395e-05,1.3729806e-13,0.01973436,1.1285961e-05,0.039765522
0.0,5.3540512e-05,1.0375226e-13,0.058362864,1.407119e-05,0.025829189
0.0,3.711666e-05,5.8909705e-14,0.0060185525,9.443944e-06,0.095459215
0.0,3.4663502e-05,1.876483e-14,0.017729074,8.566423e-06,0.043996036
0.0,4.2076892e-05,7.839246e-15,0.03736086,1.6987047e-05,0.021807678
0.0,3.774605e-05,2.51738e-15,0.0069020432,0.012331089,0.024671787
0.0,3.757982e-05,5.524596e-16,0.015010308,0.25477427,0.048193313
0.0,3.7112117e-05,3.193036e-16,0.042988006,10.598649,0.004208023
0.0,2.4836989e-05,2.3058566e-16,0.0042079366,204.38908,0.0011736861
0.0,0.00018430219,9.9932305e-17,0.41257656,1242.9448,1.5639234e-05
0.0,5.067929,2.815666e-17,0.09005938,4660.9624,1.4542537e-06
0.0,54.472584,2.2224922e-17,8.46106e-09,10455.339,6.2435376e-08
0.0,302.57782,7.6109384e-18,1.2924005e-09,11644.035,6.580865e-08
0.0,902.8597,3.953199e-18,2.1348126e-10,11782.528,2.9047776e-08
39.103016,1499.7045,4.34495e-19,2.9995653e-10,7952.7114,5.463859e-08
97.63558,2223.8147,4.0840960000000003e-23,3.4133818e-10,5656.642,4.8262432e-08
97.63558,3455.3376,1.9910830000000002e-23,1.9694618e-10,3682.0137,8.414244e-08
97.63558,4863.807,1.697611e-23,8.566823e-11,3510.4067,1.5550837e-07
1172.0045,6547.2026,7.162172e-24,1.0904471e-11,4283.6714,2.5515985e-07
2227.5352,6703.1514,5.1222174e-24,1.3929236e-12,4653.5493,2.2824982e-07
2227.5352,5504.2505,2.5937674e-24,3.5067798e-13,4407.597,2.5306053e-07
4881.2266,6524.1206,1.9457714e-24,8.70046e-14,4568.725,2.4739106e-07
11093.812,6923.595,1.5323096e-24,7.707307e-14,4827.2026,2.5484243e-07
18089.672,6738.709,1.1000439999999998e-19,5.438257e-14,4919.394,2.6314018e-07
4443.9644,6417.649,3.6635647e-18,3.598626e-14,5760.3364,3.6635865e-07
2974.3594,6284.36,4.7245566e-18,1.7427552e-14,6168.742,2.5155128e-07
3038.8303,6245.719,2.8419525e-18,7.312859e-15,5927.4346,8.436644e-08
3276.57,6529.4985,5.0224103e-18,8.798557e-15,5509.356,3.032872e-08
3352.051,6827.184,3.758696699999999e-18,4.3295873e-15,4857.809,1.1519549e-08
3666.6267,6017.8823,8.432758000000001e-18,1.353017e-14,4522.618,1.6888556e-08
3666.6267,5410.2354,3.812472e-18,8.212688e-14,4341.224,1.783153e-08
3666.6267,5206.3276,3.774562399999999e-18,8.2950946e-14,4338.4546,5.91874e-08
3666.6267,4693.9595,3.1948691e-18,4.2594952e-14,4068.7778,1.38103e-08
3666.6267,4664.2573,2.3965966e-18,1.7050982e-14,3716.489,7.991371e-09
3896.1763,4645.047,3.8798944e-18,5.0735355e-15,3721.7466,1.7384943e-08
3948.9844,4516.163,1.5019460999999998e-18,8.560419e-16,3713.808,1.7279558e-07
4119.878,4484.7227,1.9589541e-18,6.653378e-16,3678.231,6.225497e-08
4357.7637,4288.295,5.2844884e-18,1.32542e-15,3493.6143,1.7587045e-08
4409.1543,4063.4824,6.513027399999999e-18,9.537505e-15,3297.6216,2.426618e-07
4409.1543,3902.9133,5.5175817e-18,1.6956561e-14,3328.8252,7.792022e-08
4409.1543,3849.344,4.2730753e-18,2.1498469e-14,3240.1086,2.3033426e-08
4412.3584,3690.1843,2.3175256e-18,1.6839433e-14,3177.7961,1.8431695e-08
4429.771,3598.056,2.2304805e-18,2.320968e-14,3044.5063,2.4542217e-07
4258.248,3557.682,1.04552825e-17,1.790817e-14,2994.2024,7.974742e-08
4142.629,3732.891,1.7745822000000002e-17,3.2659666e-14,2873.8225,3.810343e-08
4142.629,3668.5752,5.3008658e-18,3.7794756e-14,2787.8064,2.7608468e-08
4142.629,3211.1606,3.3340292e-18,2.6193181e-14,2921.11,1.8234548e-08
3859.613,3115.0952,3.505205e-18,2.6955272e-14,2795.1409,2.0552859e-08
3678.1484,3012.7747,4.4226816e-18,3.0924746e-14,2678.4126,3.6908933e-08
3517.6833,3074.7202,7.410346e-18,1.6767224e-14,2665.9543,1.975071e-08
3394.9456,2981.38,8.590328e-18,8.522151e-15,2611.7734,1.1706081e-08
3278.666,2881.7712,2.0414902e-17,4.7266755e-15,2542.924,9.632278e-09
3278.666,2836.836,8.015021e-18,3.331541e-15,2479.1958,7.742583e-09
3278.666,2784.4626,3.1038354000000004e-18,2.8057753e-15,2520.4978,4.252868e-09
3278.666,2831.228,2.3319018e-18,9.009968e-16,2551.803,3.2747463e-09
3159.024,2780.6182,2.58245e-18,2.718037e-16,2492.463,1.8398782e-09
3145.1123,2702.095,2.8055477e-18,1.0817866e-16,2466.5254,1.6415374e-09
3145.1123,2634.0208,2.7822400000000002e-18,4.5771166e-17,2381.8467,1.4751422e-09
3145.1123,2641.6458,1.7066479e-18,1.9387651e-17,2232.567,1.4263518e-09
3145.1123,2626.954,1.4469296e-18,1.1188506e-17,2343.301,2.226448e-09
3101.605,2609.682,1.4209239e-18,5.2526254e-18,2393.7637,2.9558438e-09
3058.1704,2623.5212,1.3859721999999998e-18,3.3144912e-18,2429.189,3.071425e-09
2973.3489,2610.5676,9.37361e-19,2.5517999e-18,2414.4158,2.691247e-09
2844.0352,2579.1045,1.4893428999999998e-18,3.1950350000000002e-18,2394.1934,4.465153e-09
2766.5908,2556.771,1.9815804e-18,3.4054449000000003e-18,2359.1594,1.6041183e-08
2741.4722,2595.3794,1.8940815e-18,2.7277664e-18,2388.8228,1.8103073e-08
2741.4722,2541.4224,1.1756976e-18,2.4653973e-18,2400.9497,4.901505e-09
2621.252,2412.031,1.1964994999999998e-18,1.060937e-17,2413.0508,6.0959495e-09
2578.225,2545.253,1.2921333999999998e-18,7.657933e-18,2426.4072,2.8093978e-09
2575.9026,3343.7322,8.992755e-19,4.250383e-18,2453.997,1.8499683e-09
2416.9646,2686.8396,1.0901438e-18,1.3869888e-18,2469.4507,5.9252286e-10
2342.3801,3387.9795,1.197241e-18,4.7332976e-19,2506.9033,5.5419824e-10
2337.1213,3527.7932,8.285771e-19,2.0668445e-19,2531.071,1.3282642e-09
2340.7937,2998.5056,1.3838914e-18,1.2370933e-19,2572.2559,1.3267726e-09
2358.1143,2419.0237,9.665047e-19,9.9226e-20,2609.6553,7.4962775e-10
2390.5212,2175.6765,2.8083555e-18,6.7639916e-20,2712.2622,1.6065799e-09
2389.873,2155.0789,7.034138e-18,5.5865194e-19,2726.0693,9.833582e-10
2495.8525,2460.265,4.329665e-17,5.3589537e-19,2675.9868,7.543933e-09
2749.277,2481.0283,1.7406039000000002e-16,1.2783901e-18,2676.352,5.1009454e-09
2749.277,2495.0298,1.7239835e-16,6.2741867e-19,2735.1204,2.812206e-09
2749.277,2493.7864,1.459798e-16,5.311689399999999e-18,2815.8584,6.891299e-09
2878.868,2581.3457,7.592816000000001e-17,4.8338446e-18,2846.024,3.2000063e-09
3679.435,2599.9114,1.4725586e-16,2.8923878e-18,2966.3718,2.942364e-09
3936.7827,2634.0825,2.4204078000000004e-16,2.461584e-18,3021.132,7.046054e-09
3976.2705,2649.4058,1.9936956000000003e-16,6.925632999999999e-19,3145.844,4.507564e-09
4284.754,2672.4705,5.077497700000002e-16,3.8579288e-19,3189.2288,1.5834262e-09
4380.959,2694.9187,4.3658998e-16,3.1807424e-19,3279.749,1.7713088e-09
4380.959,2744.0576,4.3203524e-16,1.9555487e-19,3363.597,1.483694e-09
4380.959,2770.9065,3.2392655e-16,1.3408092e-19,3374.6711,2.9897078e-09
4380.959,2798.6223,2.4287e-16,1.3846586999999998e-19,3429.0825,5.1613553e-09
4380.959,2900.2002,2.4033625e-16,1.8402083e-19,3473.5474,3.4786733e-09
4380.959,2861.8088,2.0332522e-16,2.4832631e-19,3688.5466,4.72076e-09
4380.959,3204.2712,1.524469e-16,1.2149485999999998e-18,3806.404,8.596152e-09
4387.2407,3051.533,7.491659e-17,9.52115e-19,3897.0398,4.5708366e-09
4463.0835,3119.8374,2.8132066000000003e-16,2.347264e-18,4015.0354,7.255342e-09
4463.0835,3178.8098,1.5848059e-16,1.5342117e-18,4110.05,7.503045e-09
4463.0835,3546.8967,1.0694364999999999e-16,9.233329e-19,4277.074,7.3197244e-09
4463.0835,3602.8118,7.216621e-17,3.6656594e-19,4191.271,5.9027747e-09
4463.0835,3370.761,3.0598e-17,1.7406023e-19,4228.487,4.0045776e-09
4463.0835,3679.2915,2.588541e-17,1.902472e-19,4242.0625,6.250157e-10
4463.0835,3815.3875,9.2728485e-18,2.1081768e-19,4456.0454,1.973821e-09
4463.0835,3914.0994,7.844678e-18,2.5581382e-19,4588.307,3.4954144e-09
4465.2275,3719.3794,6.9343295e-18,1.4050841e-19,4908.8325,3.8705354e-09
4509.2036,4071.1853,1.1635385e-17,1.280925e-19,5002.413,3.6147378e-09
4509.2036,3946.228,2.1068865e-18,5.842370999999999e-20,4992.8086,5.47252e-09
4509.2036,4209.428,8.830133e-19,4.0375063999999997e-20,4882.6733,3.2799075e-09
4509.2036,3896.468,3.0095087e-19,2.1643047e-20,4955.039,4.337794e-09
4514.4746,3929.3364,3.115782e-19,2.4589083e-20,5206.302,9.821132e-09
4525.1426,4453.896,4.2244832e-19,4.327907e-20,5327.458,1.4111723e-08
4649.6304,4580.839,3.1066327e-19,5.0321535999999997e-20,5269.584,7.625217e-09
4860.35,4620.8223,5.9960063e-19,5.480558e-20,5408.0835,1.2550145e-08
4860.35,4675.8574,2.3948525e-19,7.041105e-20,5484.4424,8.536933e-09
4860.35,4888.1953,1.3936034e-19,2.240918e-19,5545.2046,6.4554513e-09
4860.35,4988.0664,1.00145665e-19,2.5266232e-19,5225.4585,6.9752297e-09
4860.35,5065.346,3.4819606e-20,1.5233162e-19,4939.3257,1.8274028e-09
5005.0337,5184.8594,2.3194194e-20,1.284823e-19,4383.695,8.512823e-10
5505.9976,5300.959,9.045327e-20,9.5088257e-20,3294.041,1.0970064e-09
5581.532,5379.6777,2.345493e-20,1.8284336e-19,2262.5735,3.7249919e-09
5573.273,5300.9033,2.2392236e-20,4.766193e-19,1494.8088,8.5733465e-09
5268.964,5059.3745,1.7929250999999997e-18,4.69285e-17,1954.7194,7.105842e-09
526.94586,4802.8896,3.5750106e-15,2.173912e-15,1836.4889,1.8575422e-07
5.0476418,4586.748,7.7283685e-06,2.1273025e-15,1753.2632,0.008889375
2.912969e-05,4276.2925,3.7884747e-05,3.0609331e-15,1260.5564,0.017593307
2.8058883e-05,3999.3333,2.3791548e-05,5.524381e-15,1186.0167,0.039782427
2.7274735e-05,3793.65,1.9267172e-05,7.498481e-15,931.6999,0.009732173
2.4961793e-05,3412.83,3.148558e-05,1.30413224e-14,1129.4227,0.06300061
2.2087044e-05,2910.5625,4.661474e-05,6.7495875e-14,929.0807,0.017776845
2.2009726e-05,2510.259,4.0767092e-05,1.5721886e-13,971.49164,0.0138632655
2.1727838e-05,2274.4766,2.9654126e-05,2.8269149e-13,860.4587,0.04129722
2.1586211e-05,1659.2865,2.4896506e-05,4.676808e-13,864.6864,0.007160666
2.1582084e-05,1154.7228,2.4829456e-05,7.053955e-13,873.5637,0.038909417
2.1006374e-05,933.3817,2.1543397e-05,1.3557925e-12,863.7231,0.0044588335
1.9751402e-05,791.282,2.8775365e-05,1.8432688e-12,855.29926,0.016010419
1.9717396e-05,754.9002,2.697474e-05,1.5268248e-12,619.7531,0.008924975
1.9651117e-05,732.107,2.4099747e-05,1.2650722e-12,233.31038,0.027808884
1.9525463e-05,675.616,2.0390398e-05,1.7755565e-12,505.2337,0.0030110432
1.8712193e-05,576.9224,2.174762e-05,2.640472e-12,376.346,0.016397104
1.7830682e-05,548.94464,2.1781896e-05,2.9316148e-12,377.81424,0.01971266
1.7179822e-05,534.9845,2.0161895e-05,6.451319e-12,424.4607,0.019162841
1.6648635e-05,328.34747,1.9756897e-05,1.5825759e-11,225.10715,0.015757624
1.606707e-05,121.733185,2.1477175e-05,1.4746274e-11,24.73304,0.022694718
1.51830145e-05,124.300476,2.6902566e-05,1.4342872e-09,7.6343064,0.006285325
1.5087713e-05,3.0218654,2.2680455e-05,5.085809e-10,87.46213,0.036589883
1.4896123e-05,0.8021611,1.816151e-05,0.0016153975,58.04114,0.015417131
1.47073715e-05,0.35679424,1.5326734e-05,0.0057143993,7.0024376,0.020917337
1.4354868e-05,108.045006,1.6123427e-05,0.01743301,0.00012693966,0.022229796
1.41154005e-05,7.701103e-05,1.538809e-05,0.04064247,0.00014510825,0.0129930945
1.3980624e-05,14.814935,1.3989462e-05,0.012969891,0.1036983,0.052889407
1.3979122e-05,79.33898,1.3951765e-05,0.024890639,1.5090095,0.012725048
1.3977624e-05,119.23855,1.3914169e-05,0.008339782,2.4111762,0.024870247
1.3800869e-05,1.9015753,1.2277853e-05,0.02027662,0.9460535,0.0064689135
1.3799568e-05,4.2685257e-05,1.2244767e-05,0.025779177,0.18023844,0.033846322
1.3754621e-05,3.764544e-05,1.1287926e-05,0.020933762,0.021597063,0.0047290605
1.3709915e-05,3.4033837e-05,1.0495089e-05,0.026821153,1.4695333e-06,0.02312513
1.370881e-05,3.0138195e-05,1.0466807e-05,0.011961828,2.1476321e-06,0.013615401
1.3707848e-05,2.8057844e-05,7.909071e-06,0.018192403,2.2414965e-06,0.037961517
1.3707336e-05,2.5684976e-05,2.7164185e-06,0.030612417,2.0437285e-06,0.0075363745
1.370705e-05,2.350397e-05,2.7090985e-06,0.011036333,1.803489e-06,0.017619206
1.3706786e-05,75.88592,2.3098273e-06,0.02846931,1.8213876e-06,0.038407154
1.3706593e-05,4.653885,1.4292747e-06,0.006688843,1.2794018e-06,0.0069218003
1.3706488e-05,0.75568223,6.50902e-07,0.008083076,1.5578918e-06,0.017326757
1.3706445e-05,1.5096656e-05,2.3498018e-07,0.030041061,1.582857e-06,0.037787203
1.3706421e-05,1.3105494e-05,2.3434696e-07,0.013792079,1.3070332e-06,0.02108671
1.3706398e-05,1.2118896e-05,1.998085e-07,0.03572958,9.322411e-07,0.044359546
1.37063835e-05,1.0353905e-05,9.099403e-08,0.009100436,8.87478e-07,0.008615993
1.3706379e-05,5.8820596,1.690729e-08,0.01933108,8.255695e-07,0.025554558
1.3706378e-05,106.21071,4.5307407e-09,0.013854374,7.0313615e-07,0.013911498
1.3706377e-05,33.551323,2.32281e-09,0.010320988,6.5269546e-07,0.021288518
1.3706377e-05,7.230844e-06,2.3165505e-09,0.017578727,7.041968e-07,0.012539611
1.3706377e-05,6.649299e-06,4.0109951e-10,0.011857601,6.113527e-07,0.023910187
1.3706377e-05,6.256738e-06,3.4198477e-10,0.00825228,5.189943e-07,0.005264497
1.3706377e-05,5.8848077e-06,1.030419e-10,0.008768938,4.4691606e-07,0.009486552
1.3706377e-05,5.47459e-06,1.7850062e-11,0.0052882936,5.201087e-07,0.012189872
1.3706377e-05,5.18138e-06,1.3474117e-11,0.008116129,5.7046634e-07,0.013956559
1.3706377e-05,4.817724e-06,8.337498e-12,0.014324886,4.0005702e-07,0.025217623
1.3706377e-05,4.453967e-06,8.31503e-12,0.018962236,4.0864776e-07,0.008253959
1.3706377e-05,4.290718e-06,7.0895464e-12,0.01442885,4.7667328e-07,0.018529408
1.3706377e-05,4.4359626e-06,5.357084e-12,0.004667155,3.769971e-07,0.00513237
1.3706377e-05,3.7428933e-06,4.5675477e-12,0.008113079,4.178105e-07,0.0077511547
1.3706377e-05,3.2880153e-06,3.8943744e-12,0.009164363,4.2024809e-07,0.020376433
1.3706377e-05,3.08756e-06,3.88388e-12,0.0053676865,0.22208896,0.0049881395
1.3706377e-05,2.9058058e-06,1.7687425e-12,0.009279938,0.58950394,0.015574453
1.3706377e-05,2.8184832e-06,1.763976e-12,0.007829169,0.121489964,0.013342248
1.3706377e-05,2.5591867e-06,8.599871e-13,0.005471748,1.786671e-07,0.012966347
1.3706377e-05,2.6467892e-06,8.043881e-13,0.0014444456,1.733267e-07,0.010810178
1.3706377e-05,2.5920551e-06,6.327593e-13,0.0009776441,1.8239386e-07,0.009903398
1.3706377e-05,2.4184576e-06,6.3105413e-13,0.0021470618,1.8282972e-07,0.013896838
1.3706377e-05,2.2792913e-06,4.2917858e-13,0.0009856214,1.5726575e-07,0.008112708
1.3706377e-05,2.1176204e-06,4.2802204e-13,0.0018361046,1.2652758e-07,0.010273696
1.3706377e-05,1.9433623e-06,4.268686e-13,0.0008732127,0.21990429,0.00643558
1.3706377e-05,2.0684834e-06,1.4278414e-13,0.0005650205,0.31115004,0.0016085391
1.3706377e-05,2.1666865e-06,5.0392504e-14,0.0007355215,0.08831837,0.0010293124
1.3706377e-05,1.7638553e-06,5.0256708e-14,0.0011407717,1.2941213e-07,0.0015871645
1.3706377e-05,1.7020905e-06,5.0121277e-14,0.000909372,1.3571842e-07,0.0008292419
1.3706377e-05,2.0552538e-06,4.2734317e-14,0.0011238757,1.1426513e-07,0.0009992752
1.3706377e-05,1.8277563e-06,4.2619154e-14,0.00045570233,1.1824022e-07,0.0011390257
1.3706377e-05,2.084992e-06,4.2504306e-14,0.0003235137,9.193835e-08,0.0009857569
1.3706377e-05,1.9448933e-06,3.623995e-14,0.00016180005,9.100427e-08,0.00031798944
1.3706377e-05,1.4706291e-06,3.614229e-14,0.00027799295,1.2528079e-07,0.00022712968
1.3706377e-05,1.5184271e-06,3.6044894e-14,0.00103261,1.363719e-07,0.0004119087
1.3706377e-05,3.6645388e-06,2.7236654e-14,0.000922447,1.3605268e-07,0.0011255564
1.3706377e-05,7.703016e-06,2.7163257e-14,0.0008568627,1.2473778e-07,0.0009883532
1.3706377e-05,9.732764e-06,2.3159888e-14,0.00032227673,1.0650745e-07,0.00045292338
1.3706377e-05,6.2960617e-06,2.3097477e-14,0.00045466263,1.2011087e-07,0.00048336136
1.3706377e-05,1.2212324e-06,1.745318e-14,0.0002812331,1.1693856e-07,0.00024825492
1.3706377e-05,1.1925819e-06,1.48809e-14,0.00034056872,1.1975168e-07,0.00018273557
1.3706377e-05,1.149252e-06,9.207986e-15,0.0017326988,4.46053e-06,0.00055287353
6.997688e-06,1.1076032e-06,2.3924846e-07,0.00043162788,7.879561e-06,0.00096334337
0.0,1.5636832e-06,7.293922e-07,0.00016930685,6.6840385e-06,0.001423854
0.0,7.77181e-06,4.9337325e-07,0.000110512345,6.624158e-06,0.0010411938
0.0,8.4841195e-06,3.798402e-07,0.00013086956,6.289057e-06,0.001639727
0.0,1.726604e-05,3.392202e-07,6.6845205e-05,5.7158013e-06,0.0004398448
0.0,9.550155e-07,2.906911e-07,8.922274e-05,5.9654367e-06,0.00017853816
0.0,9.32263e-07,2.1579233e-07,3.881792e-05,5.2358637e-06,9.731192e-05
0.0,9.130823e-07,1.4923216e-07,1.1996997e-05,4.8522343e-06,4.9961407e-05
0.0,1.5447325e-05,1.3181636e-07,2.3732116e-06,3.1530622e-06,5.649563e-05
0.0,5.4529924e-06,1.3145976e-07,1.1046822e-06,2.8089705e-06,4.9029204e-05
0.0,1.3447088e-06,9.075179e-08,3.063978e-07,4.781707e-06,2.4995212e-05
0.0,8.2427914e-07,6.3522386e-08,1.0631297e-07,4.5288816e-06,2.9778506e-05
0.0,7.994265e-07,5.0623363e-08,5.6189226e-08,3.813608e-06,3.5798985e-05
0.0,1.4274951e-05,5.04864e-08,1.743284e-08,1.4441479e-08,4.5526882e-05
0.0,7.5950396e-07,5.0349804e-08,1.9844348e-08,4.25583e-06,2.8753851e-05
0.0,1.7485227e-06,4.0179298e-08,1.3143163e-08,3.4076184e-06,3.0463858e-05
0.0,1.6068896e-05,4.007059e-08,6.8034405e-09,1.5616914e-06,2.647756e-05
0.0,4.673748e-06,3.9962174e-08,9.609013e-09,2.1161372e-06,2.6108446e-05
0.0,1.2365058e-06,3.9854054e-08,5.8961924e-09,4.001496e-06,2.3021226e-05
0.0,3.0512808e-06,2.7974728e-08,2.5277808e-08,3.039568e-06,3.734066e-05
0.0,3.8322414e-06,2.7899034e-08,4.2337835e-08,2.0427503e-06,3.7028058e-05
0.0,7.173965e-06,2.7823544e-08,3.0681544e-08,2.8573877e-06,3.036623e-05
0.0,2.403566e-06,1.9122945e-08,3.9699238e-08,187.39069,2.134176e-05
0.0,6.1341495e-07,1.90712e-08,7.253639e-08,556.94116,2.0735659e-05
0.0,6.020838e-07,1.9019595e-08,4.0468876e-08,480.92047,1.963739e-05
0.0,5.9066514e-07,1.8968128e-08,1.9188242e-08,313.89655,1.9967014e-05
0.0,2.718889e-06,1.352644e-08,2.8017963e-08,135.92609,2.247444e-05
0.0,1.4809494e-06,1.0894978e-08,1.8164805e-08,134.08698,2.4069739e-05
0.0,3.0238673e-06,1.0865495e-08,3.56247e-08,91.4218,2.6870748e-05
0.0,3.3307795e-06,1.0836092e-08,3.000078e-08,44.65103,2.4572148e-05
0.0,2.962094e-06,9.854431e-09,2.3331562e-08,51.17726,2.0885818e-05
0.0,5.266183e-07,9.8277635e-09,3.4244497e-08,66.87007,1.3408839e-05
0.0,5.1675164e-07,9.801168e-09,4.901723e-08,53.964123,2.0745783e-05
0.0,5.054996e-07,9.774644e-09,6.010604e-08,39.082207,1.9966088e-05
0.0,2.0659918e-06,9.7481925e-09,3.3417134e-08,3.9651212e-08,2.642452e-05
0.0,4.85924e-07,7.414044e-09,1.492833e-08,4.990992e-08,1.6480837e-05
0.0,2.250541e-06,7.3939797e-09,5.755762e-09,4.2806228e-08,2.1498867e-05
0.0,1.5061651e-06,7.37397e-09,1.968941e-08,4.695443e-08,2.2548127e-05
0.0,4.5661048e-07,7.354014e-09,1.5039392e-08,4.6860965e-08,2.0897525e-05
0.0,4.434352e-07,7.334112e-09,3.9917737e-08,3.8724835e-08,2.374279e-05
0.0,1.4708985e-06,5.547567e-09,2.067664e-08,4.3146677e-08,2.37256e-05
0.0,1.7579366e-06,4.187965e-09,1.3247619e-08,3.867286e-08,2.5877593e-05
0.0,4.1281487e-07,4.1766315e-09,4.343583e-08,3.5954784e-08,3.1043484e-05
0.0,4.9208757e-07,4.1653285e-09,3.6914827e-08,3.1964625e-08,2.234083e-05
0.0,2.0045254e-06,4.154056e-09,1.6504178e-08,2.8129495e-08,2.1049847e-05
0.0,3.910207e-07,3.5417833e-09,2.1466864e-08,3.9074948e-08,1.3556912e-05
0.0,3.8365275e-07,3.0197542e-09,4.814445e-08,3.749913e-08,1.8303586e-05
0.0,1.7947169e-06,3.011582e-09,4.1255273e-08,3.0369375e-08,2.4738743e-05
0.0,3.7038166e-07,3.003432e-09,5.8640936e-08,4.737687e-08,1.7163322e-05
0.0,1.5049035e-06,2.5607516e-09,4.9102134e-08,3.311386e-08,2.4201829e-05
0.0,3.521111e-07,2.5538214e-09,9.2064504e-08,2.4469289e-08,3.5464313e-05
0.0,3.4233304e-07,2.5469102e-09,7.1889275e-08,3.5269835e-08,3.0205745e-05
0.0,1.1045531e-06,1.1929324e-09,6.573547e-08,2.8311161e-08,4.0603118e-05
0.0,6.0234885e-07,8.610841e-10,5.2497e-08,3.179647e-08,3.469439e-05
0.0,1.2561632e-06,7.8874957e-10,3.026738e-08,2.9852874e-08,3.21422e-05
0.0,5.303763e-07,6.305557e-10,7.060698e-08,3.3983923e-08,3.110185e-05
0.0,2.8815958e-07,4.7646226e-10,1.728926e-07,2.511774e-08,4.8944945e-05
0.0,1.1657687e-06,4.7517285e-10,1.04475895e-07,2.6775721e-08,4.4969383e-05
0.0,2.6243148e-07,4.738869e-10,2.911144e-06,2.995681e-08,6.592795e-05
0.0,8.3309885e-07,2.9364325e-10,3.2655867e-06,2.5507806e-08,8.1960134e-05
0.0,2.3260453e-07,1.9939221e-10,5.58516e-06,2.2727265e-08,0.00010312102
0.0,2.2006583e-07,1.5066529e-10,7.397497e-06,2.4906873e-08,9.24197e-05
0.0,2.4765785e-07,1.284585e-10,4.355236e-06,1.8223833e-08,0.000101281
0.0,1.9910848e-07,1.2811086e-10,5.1621037e-06,1.751776e-08,8.346247e-05
0.0,1.8899819e-07,1.2776416e-10,3.8474227e-06,1.7484867e-08,8.64953e-05
0.0,2.2346198e-07,1.274184e-10,3.2098521e-06,1.2585771e-08,8.457722e-05
0.0,1.6981679e-07,3.077267e-11,1.7798266e-05,1.4971233e-08,9.121351e-05
0.0,1.5850205e-07,5.4618046e-12,1.6519312e-05,1.7561515e-08,0.00010688599
0.0,3.461462e-07,3.784873e-12,1.3650702e-05,1.5450567e-08,0.00011577578
0.0,3.621665e-07,6.7056815e-13,2.8433013e-05,1.4496086e-08,0.000115964845
0.0,4.6423213e-07,1.8971367e-13,0.00018565472,1.2647458e-08,0.00013141203
0.0,1.1999944e-07,7.294994e-14,0.0017704649,1.0593731e-08,0.0002685663
0.0,1.1014989e-07,1.274907e-14,0.01667985,1.0587772e-08,0.0018681848
0.0,2.6286634e-07,4.0126043e-15,0.025954599,9.47537e-09,0.0035277277
0.0,1.6383082e-07,1.5420889e-15,0.01095674,1.0159188e-08,0.004780844
0.0,8.115132e-08,2.735893e-16,0.017930022,1.0345513e-08,0.012534465
0.0,7.330961e-08,3.389145e-05,0.06297103,9.0826395e-09,0.018091187
0.0,1.3154553e-07,3.8423314e-05,0.019173779,6.4006787e-09,0.008069851
0.0,1.509856e-07,4.2914256e-05,0.033625253,4.959941e-09,0.026006414
0.0,3.9608796e-08,3.415648e-05,0.008866191,5.8717595e-09,0.049498543
0.0,3.6378616e-08,3.003965e-05,0.030956328,4.0714374e-09,0.034154292
0.0,3.0702047e-08,2.4982315e-05,0.027208189,3.6144066e-09,0.022294268
0.0,2.6573332e-08,2.2510445e-05,0.028815698,7.9255815,0.062618636
0.0,2.2701634e-08,1.9222029e-05,0.025701119,44.153458,0.018263616
0.0,1.9587535e-08,2.2775912e-05,0.04169546,23.919788,0.018920874
0.0,1.5559632e-08,3.9617804e-05,0.009555018,1.3559198,0.051690046
0.0,3.821123e-08,3.2178512e-05,0.03823082,1.3198716e-08,0.0157687
0.0,1.1471013e-08,2.8148927e-05,0.006976162,1.5188617e-08,0.08529942
0.0,1.05307e-08,4.5508423e-05,0.050086413,1.4969958e-08,0.033411812
0.0,8.1853635e-09,3.894271e-05,0.022450915,1.8625991e-08,0.030970331
0.0,7.285507e-09,3.642704e-05,0.034416728,3.074602e-08,0.03821047
0.0,6.0449032e-09,3.4673554e-05,0.021475686,1.9858252e-08,0.07580865
0.0,5.38909e-09,8.780945e-05,0.04357601,2.1132928e-08,0.055074334
0.0,4.2876764e-09,8.757064e-05,0.010186557,2.235092e-08,0.026008911
0.0,3.891438e-09,9.230168e-05,0.0631109,1.6343744e-08,0.058790576
0.0,6.19469e-08,8.399378e-05,0.042850725,8.0615985e-09,0.023477742
0.0,6.558469e-08,0.00022325283,0.024892328,4.6666435e-09,0.10063821
0.0,1.0648254e-08,0.0005026636,0.024124337,3.7535415e-09,0.060191583
0.0,4.9340493e-08,0.0005178024,0.019839268,2.6021583e-09,0.028436653
0.0,1.0649035e-08,0.00201846,0.033149295,1.8508871e-09,0.028996695
0.0,1.3840556e-08,0.0016344748,0.011232105,1.1485577e-09,0.07737553
0.0,6.231488e-08,0.012419016,0.053574964,7.6445517e-10,0.03782937
0.0,7.7499807e-10,0.0089636,0.017349325,6.8573414e-10,0.010443903
0.0,3.7027483e-08,0.0026661602,0.06482617,4.2216117e-10,0.0646434
0.0,4.5934967e-10,0.0042052143,0.027056448,3.3624e-10,0.033366784
0.0,4.0543777e-10,0.0027029254,0.019482981,2.286001e-10,0.020299854
0.0,3.6573447e-10,0.0020481842,0.03678387,1.5794213e-10,0.058123462
0.0,3.062284e-10,0.001315977,0.038269825,1.1814341e-10,0.04607397
0.0,2.5526517e-10,0.0019475332,0.018721642,9.323559e-11,0.026126662
0.0,2.3467608e-10,0.00072790595,0.031965796,8.5329965e-11,0.02130558
0.0,2.0118673e-10,0.00040904531,0.015244498,1.7089785e-09,0.050626423
0.0,1.957305e-10,0.0003236016,0.038206346,1.4012597e-09,0.03461864
0.0,1.7322219e-10,0.0004695178,0.011564132,9.799512e-10,0.0237717
0.0,1.4277074e-10,0.00040612926,0.038917746,1.0039141e-09,0.021677593
0.0,6.3093536e-10,0.00026794104,0.006207256,7.8654105e-10,0.037330046
0.0,1.10403346e-10,0.00028897708,0.02244365,3.3055552e-09,0.02754881
0.0,9.8114475e-11,0.009105157,0.053220756,6.109452e-09,0.02128329
0.0,7.445625e-11,0.0053371885,0.010867622,6.7272254e-09,0.06574731
0.0,6.958635e-11,0.0030309197,0.03440787,8.537739e-09,0.04900195
0.0,6.8880505e-11,0.002293738,0.022502083,5.5317173e-09,0.0267374
0.0,7.32404e-11,0.0015868943,0.03759019,4.0670245e-09,0.026583118
0.0,4.3531637e-11,0.001347646,0.013949417,3.0966345e-09,0.03751265
0.0,4.5302873e-11,0.023013612,0.04324143,2.1031272e-09,0.0354314
0.0,3.8633957e-11,0.019918783,0.0056197485,1.3275124e-09,0.031607516
0.0,5.1304388e-11,0.0124484,0.015611214,9.258703e-10,0.024423674
0.0,5.6875442e-11,0.0065553165,0.029092256,6.7274947e-10,0.034782924
0.0,4.42853e-11,0.0016156969,0.00681521,4.896085e-10,0.010805632
0.0,6.7186e-11,0.000662397,0.015231514,3.4578365e-10,0.009608551
0.0,2.2273041e-11,0.0004902571,0.010628036,3.9501605e-10,0.026092652
0.0,4.8918904e-11,0.0008989394,0.01201516,2.4236274e-10,0.016273452
0.0,1.9492822e-11,0.029396037,0.043443996,1.747727e-10,0.046783946
0.0,2.5248994e-11,0.025319783,0.014207452,1.2679918e-10,0.013251885
0.0,3.857077e-11,0.012680701,0.028669802,1.10180254e-10,0.04971304
0.0,3.5612718e-11,0.007371058,0.0067640697,7.301364e-11,0.017081663
0.0,1.8437517e-11,0.008508731,0.030693669,5.7007885e-11,0.040836737
0.0,4.1276392e-11,0.0058662132,0.010944857,4.3575216e-11,0.009818443
0.0,3.238471e-10,0.0020955205,0.02758387,3.26455e-11,0.044582225
0.0,4.7079243e-09,0.0018068645,0.0043797274,1.7653186e-11,0.011286597
0.0,5.3405333e-09,0.0019158158,0.031523664,1.4329328e-11,0.06666389
0.0,2.2389228e-09,0.001817457,0.017092641,1.6493943e-11,0.013325051
0.0,7.722913e-08,0.027013177,0.04282211,1.2772523e-11,0.09606872
0.0,6.923057e-08,0.015816353,0.019780021,9.364866e-12,0.04904503
0.0,2.8298176e-08,0.009038896,0.03703562,7.609153e-12,0.012684494
0.0,3.292075e-12,0.003783251,0.01123341,8.412474e-12,0.04237329
0.0,3.0651842e-12,0.0046665627,0.019103568,6.4795955e-12,0.020726945
0.0,2.7877266e-12,0.003520948,0.020614628,3.5548626e-12,0.03078884
0.0,4.786038e-10,0.0010872737,0.01759755,8.553684e-13,0.01171215
0.0,2.2568809e-12,0.0004181457,0.023222132,3.9750746e-12,0.0302068
0.0,3.840391e-12,0.00028803988,0.019220615,3.2330538e-12,0.0071048164
0.0,4.3931287e-12,0.00073189597,0.028053347,2.725226e-12,0.03166506
0.0,1.772582e-12,0.0072577335,0.023649199,1.9743695e-12,0.0052340934
0.0,1.7728275e-12,0.0052500265,0.025415692,2.2397253e-12,0.015693339
0.0,1.4366055e-12,0.00447711,0.02012997,1.7093747e-12,0.060226653
0.0,1.3256266e-12,0.002198453,0.021332351,1.0162566e-12,0.014564266
0.0,1.2344363e-12,0.009094631,0.024433263,1.0831258e-12,0.031662647
0.0,1.6989551e-12,0.0075707436,0.018210389,9.243307e-13,0.01794904
0.0,1.05007e-12,0.0025254325,0.018080963,7.8975265e-13,0.024466215
0.0,2.4841356e-11,0.002518551,0.033774503,1.0013563e-12,0.008642197
0.0,8.514219e-13,0.0033849292,0.020005738,1.0744547e-12,0.039359108
0.0,7.727238e-13,0.0025062466,0.035949808,9.467283e-13,0.017248468
0.0,3.125973e-12,0.0016194776,0.00840852,7.537362e-13,0.03288295
0.0,6.1472106e-13,0.013596159,0.01988876,5.687228e-13,0.009362682
0.0,2.468271e-12,0.008829607,0.018255115,5.6723533e-13,0.017403996
0.0,5.2109104e-13,0.0040575387,0.008818371,6.9784136e-13,0.0073953257
0.0,4.9127564e-13,0.0027935915,0.010498168,4.5546835e-13,0.030439245
0.0,4.659153e-13,0.0027859781,0.01906813,5.0068283e-13,0.008476032
0.0,4.3291382e-13,0.0012151254,0.015361606,5.1210186e-13,0.013916684
0.0,1.0843743e-12,0.0009241142,0.015766723,4.2161026e-13,0.026793433
0.0,2.193567e-12,0.0006391147,0.01985697,3.2258986e-13,0.0075404043
0.0,3.4705458e-13,0.00054808956,0.013338053,3.0856868e-13,0.020113138
0.0,1.2565354e-09,0.00023688818,0.0077023655,2.4403168e-13,0.012134547
0.0,4.3623525e-12,0.00023624254,0.0035848878,2.3158287e-13,0.010849921
0.0,3.280356e-12,0.00011825467,0.008251252,1.5811392e-13,0.0294117
0.0,2.8892492e-13,8.326762e-05,0.011847218,1.4016998e-13,0.005195437
0.0,1.9281668e-12,8.304067e-05,0.029424448,1.4824173e-13,0.012664052
0.0,2.4664933e-13,4.276722e-05,0.010987226,2.843021e-13,0.06599054
0.0,2.3728692e-13,3.17014e-05,0.020638814,3.7867124e-13,0.027497547
0.0,2.2241664e-13,2.3125893e-05,0.021736583,3.8218249e-13,0.008449592
0.0,3.0407142e-12,1.7251523e-05,0.009493308,4.3210948e-13,0.022615582
0.0,3.3536784e-12,1.4533253e-05,0.020448878,3.4609037e-13,0.013470798
0.0,2.7788154e-12,1.4493636e-05,0.011274306,2.9408092e-13,0.021970553
0.0,1.7077408e-13,1.3878229e-05,0.026494907,3.1439684e-13,0.014840926
0.0,1.5419878e-13,1.33618405e-05,0.014180662,3.5945617e-13,0.016009657
0.0,1.4539171e-13,1.1884858e-05,0.014520996,3.3229685e-13,0.023575563
0.0,3.2571772e-13,1.1861874e-05,0.024531992,2.309766e-13,0.010722435
0.0,1.2229757e-13,1.0306841e-05,0.015286729,2.462127e-13,0.019317241
0.0,2.0473224e-12,1.35593455e-05,0.008587524,2.2029885e-13,0.011621135
0.0,2.5449879e-12,1.1831657e-05,0.024793463,1.7103194e-13,0.042389974
0.0,9.1337765e-14,1.0714269e-05,0.01940858,4.5178748e-13,0.026082484
0.0,5.598528e-13,1.0157164e-05,0.03673234,2.771897e-13,0.056405276
0.0,2.224104e-12,1.282296e-05,0.005697099,2.0771378e-13,0.017397447
0.0,1.9185656e-12,1.1541152e-05,0.014614328,1.6163885e-13,0.048568368
0.0,6.2052604e-13,4.8227343e-05,0.02966832,1.1566416e-13,0.016177097
0.0,1.3115667e-12,3.1021387e-05,0.010202593,9.879387e-14,0.035518277
0.0,6.0692846e-13,2.1488491e-05,0.017599799,8.391676e-14,0.011603162
0.0,4.9939707e-14,1.7713575e-05,0.039982513,2.0704858e-13,0.05767318
0.0,4.1772826e-14,3.8995753e-05,0.008465802,1.5544986e-13,0.009082428
0.0,4.0180932e-14,3.8889364e-05,0.023025015,1.1847606e-13,0.068016276
0.0,3.7129266e-14,2.735814e-05,0.017437035,1.12067406e-13,0.025420124
0.0,6.9854094e-13,3.687064e-05,0.019570086,9.928374e-14,0.012013848
0.0,3.2256617e-14,3.677003e-05,0.017218,2.091169e-13,0.035019767
0.0,3.035869e-14,2.5791998e-05,0.009299891,2.5841663e-13,0.008978512
0.0,7.0105667e-13,4.0415798e-05,0.017312841,1.9623033e-13,0.02204418
0.0,2.872618e-14,4.9192924e-05,0.059039872,2.1270523e-13,0.04988183
0.0,2.2402075e-14,6.317092e-05,0.010172319,1.7892111e-13,0.011435897
0.0,2.2417964e-14,5.5896497e-05,0.03190165,2.1313988e-13,0.074846536
0.0,2.1173784e-14,4.8526497e-05,0.014080524,2.2207054e-13,0.015555709
0.0,2.1033537e-14,3.462113e-05,0.03263732,2.0210809e-13,0.06489366
0.0,8.2230886e-13,2.5966277e-05,0.01048724,1.5053152e-13,0.03319462
0.0,3.6249167e-13,7.8050354e-05,0.046882413,1.152544e-13,0.015772223
0.0,1.4481568e-14,5.3501128e-05,0.013955175,1.0778456e-13,0.05483696
0.0,1.7949494e-13,3.668349e-05,0.03582938,9.295243e-14,0.03242345
0.0,5.168519e-13,3.087919e-05,0.0071019023,6.7522444e-14,0.034541238
0.0,1.0220004e-14,0.0001249439,0.028392112,6.460714e-14,0.028823188
0.0,3.7255317e-13,0.00014048102,0.023983587,5.0006423e-14,0.016004339
0.0,8.600996e-15,0.00010657878,0.023076523,3.5374908e-14,0.058109928
0.0,8.0578685e-15,7.1375194e-05,0.026504235,5.300621e-14,0.033822317
0.0,7.643793e-15,5.720052e-05,0.016088596,3.6725638e-14,0.02177665
0.0,1.8990878e-13,3.779462e-05,0.03341037,2.7166878e-14,0.0257267
0.0,6.590861e-14,2.9235114e-05,0.011224424,1.9334064e-14,0.028179428
0.0,6.1637546e-15,2.335989e-05,0.021804642,4.3674896e-14,0.014520782
0.0,5.643109e-15,2.249275e-05,0.015682366,4.337429e-14,0.03749362
0.0,2.1071163e-13,2.4667768e-05,0.049375914,3.1761977e-14,0.026422841
0.0,4.127113e-15,3.5774738e-05,0.019917924,3.8465728e-14,0.027606817
0.0,1.9281572e-14,3.303799e-05,0.041650396,3.2317522e-14,0.03259908
0.0,3.0633893e-15,2.5181362e-05,0.00809228,4.1193543e-14,0.022001216
0.0,2.979612e-15,2.1922755e-05,0.010311336,4.1377614e-14,0.029114824
0.0,2.945388e-15,4.6180194e-05,0.027335795,3.8273024e-14,0.021615919
0.0,8.697795e-14,8.816184e-05,0.019085342,3.0545695e-14,0.03161907
0.0,2.505145e-13,7.474377e-05,0.018351834,2.1157353e-14,0.023664512
0.0,1.5556987e-13,7.453947e-05,0.01944536,1.4141987e-14,0.023739863
0.0,2.1595499e-15,4.0827752e-05,0.024120867,1.9385257e-14,0.015186265
0.0,2.7231489e-13,2.7767752e-05,0.020610483,1.3850208e-14,0.045055497
0.0,6.326906e-14,3.1659885e-05,0.01342282,1.1747514e-14,0.010595939
0.0,2.153527e-15,2.7991295e-05,0.030121163,1.2707239e-14,0.035876762
0.0,2.4177852e-13,2.1951084e-05,0.011300668,9.3765175e-15,0.013945142
0.0,1.9383451e-15,1.9635147e-05,0.008660134,2.7723297e-14,0.015835417
0.0,4.5166924e-14,1.5776279e-05,0.011785014,2.0040711e-14,0.033493526
0.0,1.8742533e-15,1.3491128e-05,0.024467314,4.337482e-14,0.02665615
0.0,4.2580316e-14,1.22992715e-05,0.03548672,2.6107617e-14,0.017104525
0.0,1.4888447e-15,1.06916805e-05,0.011724727,2.5740464e-14,0.038919624
0.0,1.4308521e-15,1.0978007e-05,0.033417445,2.4562206e-14,0.010018942
0.0,1.2740178e-15,9.739784e-06,0.009882743,2.3772844e-14,0.029389964
0.0,1.2374493e-15,9.713158e-06,0.013561186,2.8357464e-14,0.013559498
0.0,4.7836223e-14,1.2477764e-05,0.05280937,1.9594906e-14,0.055231184
0.0,9.120572e-16,1.0846893e-05,0.015576832,2.3072129e-14,0.008386335
0.0,8.6946815e-16,1.525907e-05,0.014220394,2.3986562e-14,0.015022114
0.0,9.373809e-14,1.1086544e-05,0.020386847,1.8484775e-14,0.03344011
0.0,8.89808e-14,1.1056232e-05,0.01731926,1.1619031e-14,0.008936579
0.0,4.6312384e-14,1.10232195e-05,0.015738303,1.0776048e-14,0.021477642
0.0,1.0733295e-11,9.426858e-06,0.010447801,2.615724e-15,0.0122309225
0.0,2.6323315e-13,7.83614e-06,0.01048275,8.415817e-15,0.026767256
0.0,1.1819067e-13,7.671644e-06,0.006180829,1.225284e-14,0.005638046
0.0,5.4144477e-14,5.9885906e-06,0.007327251,8.742325e-15,0.015863124
0.0,1.2969508e-13,5.3872777e-06,0.007864978,8.370329e-15,0.023933375
0.0,7.798675e-16,4.6929435e-06,0.008375391,6.3274945e-15,0.010998414
0.0,1.1060881e-13,4.6801106e-06,0.0045569795,6.019365e-15,0.012095637
0.0,7.523594e-16,4.269973e-06,0.003646045,1.1274818e-14,0.03291898
0.0,7.409729e-16,1.4303204e-05,0.0024796708,8.431347e-15,0.0064817294
0.0,7.341298600000001e-16,8.755546e-06,0.006802934,1.1427558e-14,0.015709436
0.0,7.098481e-16,8.731599e-06,0.007886433,1.4448285e-14,0.024625944
0.0,6.838192e-16,5.5047267e-06,0.005316452,9.6664366e-15,0.00965034
0.0,6.627979e-16,4.84243e-06,0.00412958,1.252884e-14,0.011813824
0.0,9.513824e-14,3.1279792e-06,0.0014609919,9.235809e-15,0.015183807
0.0,5.763128e-14,2.5563527e-06,0.0029109837,7.57135e-15,0.013897251
0.0,5.493305e-12,2.0658374e-06,0.0011902691,2.6393741e-14,0.015158583
0.0,1.8416669e-13,1.7083793e-06,0.00089986314,3.0758765e-14,0.007039066
0.0,1.8084376e-13,1.5256226e-06,0.0025726706,2.5979002e-14,0.009628939
0.0,2.7750127e-13,1.3609102e-06,0.0012693075,2.1225761e-14,0.009066975
0.0,1.8127845e-14,1.1086697e-06,0.001938029,1.5926649e-14,0.006781112
0.0,6.975534e-14,1.1056369e-06,0.001309225,1.1642295e-14,0.010892646
0.0,6.898594e-14,9.941575e-07,0.0014934333,1.4916789e-14,0.005559731
0.0,5.179850500000002e-16,7.91914e-07,0.0008787832,1.7389251e-14,0.0055913287
0.0,5.115764500000001e-16,6.199747e-07,0.0014766429,2.1440183e-14,0.0035004818
0.0,3.0761046e-13,5.704485e-07,0.0004574167,1.8335392e-14,0.0023100944
0.0,6.7071015e-12,4.3114363e-07,0.0011561228,2.2106332e-14,0.001966784
0.0,4.4758405e-11,3.8518579e-07,0.00040818233,1.7738542e-14,0.0016492414
0.0,6.555667e-14,3.841319e-07,0.0008042164,1.6997868e-14,0.0017411483
0.0,1.7147401e-13,3.3703003e-07,0.0009928806,9.421883e-15,0.0012192979
0.0,2.1561729e-13,2.9631207e-07,0.00055138074,1.3231778e-14,0.0011315624
0.0,4.5157e-16,2.9550137e-07,0.0010221238,1.3059706e-14,0.0009901109
0.0,1.987473e-13,2.590593e-07,0.00051445473,1.2128628e-14,0.0011090129
0.0,5.4656068e-11,2.1441767e-07,0.00047998768,1.5496698e-14,0.00041731333
0.0,1.709412e-13,1.7675241e-07,0.00028591364,1.1599153e-14,0.0004206343
0.0,1.560173e-14,1.0787726e-07,0.00023003905,1.0464126e-14,0.00024126397
0.0,1.84854e-13,9.387262e-08,0.00013278205,9.1546635e-15,0.0001387639
0.0,2.1243479e-13,9.361573e-08,0.00025127945,7.099605e-15,0.00015403921
0.0,3.0008824e-13,9.335954e-08,5.2522228e-05,2.6530448e-15,5.8940685e-05
0.0,1.3166643e-13,8.15274e-08,2.3799055e-05,7.515018e-15,4.3819913e-05
0.0,8.601701e-14,9.835673e-08,1.0138767e-05,6.4171568e-15,5.1174953e-05
0.0,3.8115064e-16,9.8087554e-08,4.1461058e-06,1.4386116e-14,3.879568e-05
0.0,4.96758e-14,9.781912e-08,1.7440923e-06,1.2809329e-14,3.416056e-05
0.0,3.6870682e-16,9.755142e-08,6.568146e-07,1.1137419e-14,2.6523272e-05
0.0,1.2640902e-13,9.728445e-08,2.3059643e-07,1.0558732e-14,2.5747744e-05
0.0,1.5233843e-13,8.904888e-08,1.0002328e-07,8.608548e-15,2.543664e-05
0.0,3.562671e-16,1.0596468e-07,1.16386275e-07,9.722512e-15,3.53742e-05
0.0,3.526573e-16,1.0567467e-07,1.2459671e-07,1.2268348e-14,3.5512563e-05
0.0,3.4961682000000003e-16,8.7959464e-08,7.4623244e-08,1.1469921e-14,2.8186465e-05
0.0,1.1494431e-13,1.6339783e-07,3.501274e-08,1.1029502e-14,2.2271099e-05
0.0,1.3432868e-13,1.7628162e-07,5.3354363e-08,8.998157e-15,2.6160016e-05
0.0,3.4119186000000004e-16,2.1538507e-07,9.707312e-08,9.782482e-15,2.9380544e-05
0.0,1.07570514e-13,1.7659178e-07,5.433927e-08,9.449235e-15,2.3645161e-05
0.0,3.3744684e-16,1.7610824e-07,5.1342383e-08,1.0389535e-14,2.3602368e-05
0.0,5.508249e-13,1.0294945e-07,5.1253004e-08,1.1541611e-14,2.9664081e-05
0.0,3.9937522e-14,9.0148795e-08,3.1910343e-08,1.1643549e-14,2.288591e-05
0.0,1.1360155e-13,8.9901945e-08,1.0698152e-08,8.889478e-15,1.8784844e-05
0.0,4.5886692e-14,8.965577e-08,2.5495915e-08,1.048549e-14,1.905053e-05
0.0,3.2840185000000003e-16,8.941027e-08,4.004889e-08,1.3425809e-14,1.8591913e-05
0.0,1.4060292e-13,8.916545e-08,3.9530466e-08,7.527316e-15,2.2003056e-05
0.0,9.858924e-14,7.686036e-08,4.833597e-08,9.750048e-15,2.6469448e-05
0.0,3.2345425000000003e-16,7.66499e-08,2.4807198e-08,1.1003312e-14,1.9157891e-05
0.0,5.733484e-14,7.644001e-08,2.6796224e-08,8.357284e-15,2.9416355e-05
0.0,3.1921575e-16,7.62307e-08,2.2474882e-08,8.193006e-15,2.5499148e-05
0.0,5.6184585e-11,7.602196e-08,9.840721e-09,1.0933037e-14,2.4632687e-05
0.0,3.1517095000000003e-16,7.5813794e-08,8.6176195e-09,4.4161e-14,1.61714e-05
0.0,3.1260974e-16,5.2191496e-08,1.7970837e-08,3.8633058e-14,2.254973e-05
0.0,1.431445e-13,5.204858e-08,1.5230912e-08,3.535126e-14,2.2834653e-05
0.0,4.956592e-13,5.1906056e-08,4.186006e-09,3.0221143e-14,1.5722502e-05
0.0,3.0004029e-12,5.1763923e-08,1.986419e-09,2.8574226e-14,2.0025529e-05
0.0,2.213034e-13,5.162218e-08,9.973905e-10,2.8085793e-14,2.2287933e-05
0.0,3.422916e-13,5.1480825e-08,1.9853463e-09,2.2365417e-14,2.3231263e-05
0.0,4.5149797e-13,2.5523759e-08,8.56481e-10,1.9120332e-14,1.3982584e-05
0.0,3.5589405e-13,1.515399e-08,2.7218747e-09,2.5095306e-14,1.3155689e-05
0.0,3.48638e-13,1.1481896e-08,6.666601e-09,2.3995391e-14,1.4081558e-05
0.0,2.8753354e-16,1.1450452e-08,2.5827285e-08,2.9135697e-14,1.5325477e-05
0.0,2.8410944000000005e-16,1.1419095e-08,1.368893e-08,3.278428e-14,1.4612416e-05
0.0,2.8075018000000004e-16,1.1387823e-08,4.1554134e-08,3.3521176e-14,1.6794085e-05
0.0,3.2031593e-13,1.060966e-08,6.184675e-08,3.010733e-14,1.984565e-05
0.0,4.259131e-13,1.2327829e-08,7.9222076e-08,2.1659252e-14,2.6804086e-05
0.0,1.9256249e-13,1.2294068e-08,7.65917e-08,2.4130305e-14,2.922744e-05
0.0,3.5246816e-13,1.2260399e-08,3.5556535e-08,2.0111593e-14,2.456287e-05
0.0,1.1360915e-12,1.1676375e-08,3.4502907e-08,2.1309326e-14,2.1924856e-05
0.0,1.4259946e-13,1.16443974e-08,3.0883843e-08,2.2437903e-14,2.1536023e-05
0.0,1.2070214e-13,1.1612507e-08,5.923996e-08,2.0998812e-14,2.4004134e-05
0.0,5.405634e-14,1.1580705e-08,7.023446e-08,1.9531723e-14,1.919313e-05
0.0,2.1477208e-14,1.1548989e-08,9.408859e-08,1.8509735e-14,1.8374576e-05
0.0,1.7410009e-13,2.0180737e-08,1.0179235e-07,1.5225324e-14,2.6050642e-05
0.0,1.4975547e-13,2.0125468e-08,8.66609e-08,1.3485821e-14,2.5164301e-05
0.0,1.1400395e-13,1.900271e-08,8.855452e-08,1.295751e-14,2.1099153e-05
0.0,8.099232e-14,6.512867e-08,1.5573514e-07,1.0898643e-14,2.8676775e-05
0.0,1.7389267e-13,4.4473444e-07,1.3461192e-07,9.5020164e-15,3.2126707e-05
0.0,1.12651045e-13,4.0388775e-07,2.7642255e-07,8.186732e-15,4.6661706e-05
0.0,1.1794026e-13,2.5568903e-07,5.141837e-07,6.8407956e-15,5.5251654e-05
0.0,2.1789073e-16,1.9856235e-07,3.7238502e-07,9.40647e-15,4.0356594e-05
0.0,2.1351275e-16,1.9801824e-07,7.022138e-07,1.8480253e-14,3.62524e-05
0.0,6.293335e-14,1.7443092e-07,7.8536135e-07,1.7182672e-14,3.922867e-05
0.0,2.419188e-13,1.7395294e-07,7.933811e-07,1.5047305e-14,4.2666274e-05
0.0,1.9848837e-16,1.582937e-07,7.0292043e-07,1.6340992e-14,3.687365e-05
0.0,8.859051e-14,1.5180667e-07,6.0730395e-07,1.4425862e-14,4.198025e-05
0.0,6.762712e-14,3.4413077e-07,7.594062e-07,1.16949754e-14,6.347517e-05
0.0,1.3018151e-13,3.25514e-07,5.318128e-07,8.8646665e-15,7.409426e-05
0.0,1.1907481e-13,5.8872007e-07,1.5884663e-06,6.75922e-15,9.283475e-05
0.0,1.6326972e-16,5.768934e-07,6.9734247e-06,7.561764e-15,0.00010755199
0.0,7.518405e-14,5.7531236e-07,6.6290554e-06,6.208204e-15,9.953193e-05
0.0,4.0786856e-14,5.737357e-07,7.053354e-06,4.593167e-15,9.1802394e-05
0.0,1.0151587e-13,5.721633e-07,3.5584297e-05,4.6550267e-15,9.475526e-05
0.0,6.2372105e-14,5.705952e-07,9.210175e-05,3.420712e-15,0.00013288854
0.0,1.2719681e-16,5.6903144e-07,0.00012549394,7.729274e-15,0.0001484673
0.0,7.5456555e-14,1.65033e-06,0.00013790316,7.7001385e-15,0.00013866994
0.0,4.3980353e-14,1.8872072e-06,0.000579372,6.008702e-15,0.00016766366
0.0,1.0906096999999999e-16,2.2830695e-06,0.01097464,1.2596242e-14,0.00066847197
0.0,8.1087264e-14,1.5304127e-05,0.024448873,9.117382e-15,0.0018863223
0.0,1.2023517e-13,2.0319994e-05,0.010623842,6.74607e-15,0.0024054735
0.0,2.3456838e-14,2.2569406e-05,0.06818846,6.0257543e-15,0.008506335
0.0,3.299858e-14,4.8534253e-05,0.026631344,4.0165074e-15,0.037059754
0.0,4.2512767e-14,7.6168624e-05,0.022425774,3.1720977e-15,0.023488525
0.0,4.0597763e-17,6.99346e-05,0.037533235,8.216546e-15,0.05898372
0.0,3.3070542e-17,3.8948063e-05,0.02912237,6.993245e-15,0.010792492
0.0,4.9817047e-14,2.6438716e-05,0.02799318,5.1917157e-15,0.043699723
0.0,2.3751007e-17,3.8128368e-05,0.017107481,5.8781706e-15,0.014997583
0.0,2.2050367e-14,6.552738e-05,0.062105052,4.487632e-15,0.03153504
0.0,3.0950757e-14,8.955092e-05,0.010660841,3.0033675e-15,0.024658121
0.0,4.4868426e-14,6.919981e-05,0.04325877,2.229949e-15,0.063009664
0.0,1.0859984000000001e-17,6.271653e-05,0.016150907,5.9751246e-15,0.08942722
0.0,9.855502e-18,8.021917e-05,0.11480889,4.2389383e-15,0.053742222
0.0,5.1452876e-18,0.00010566525,0.033907518,2.9821527e-15,0.03613664
0.0,4.375233e-18,0.00010537514,0.043347068,4.3951625e-15,0.04979405
0.0,3.4982295e-18,9.420494e-05,0.018849336,3.805238e-15,0.07238692
0.0,2.6296641e-14,0.0001171739,0.045231093,2.6630663e-15,0.061879918
0.0,2.5105004e-18,8.322184e-05,0.0077562486,3.1488998e-15,0.044482056
0.0,2.384537e-18,7.434967e-05,0.045917265,4.361013e-15,0.032276325
0.0,1.922713e-18,7.913868e-05,0.018373553,4.6694284e-15,0.02544683
0.0,1.8018967e-18,8.453585e-05,0.06453903,4.3444743e-15,0.043547314
0.0,1.3266581999999998e-18,0.00014520712,0.016865455,3.9656003e-15,0.040469315
0.0,1.2564754999999998e-18,0.00010234785,0.0745271,4.4727947e-15,0.019506821
0.0,9.237951999999998e-19,0.00018596428,0.014239046,3.822847e-15,0.062011443
0.0,9.242015e-19,0.00045651017,0.067768805,3.772175e-15,0.026135428
0.0,6.86743e-19,0.0003359163,0.017628701,3.4340626e-15,0.025715282
0.0,6.505999399999999e-19,0.00033499382,0.04742542,2.8574843e-15,0.050993793
0.0,1.0882915e-14,0.0083804745,0.0055474997,1.8516155e-15,0.014916077
0.0,3.8420135e-15,0.01842045,0.030514495,1.5172895e-15,0.071347356
0.0,1.36252475e-14,0.0060068527,0.01911203,8.904285e-16,0.020335963
0.0,2.1598436e-15,0.0030810162,0.02669506,7.117883e-16,0.030552559
0.0,3.650047e-19,0.010516772,0.03524544,6.961479e-16,0.025904274
0.0,1.3137451e-15,0.0026616212,0.012483436,5.6439356e-16,0.053926658
0.0,1.0485767e-14,0.027081903,0.04713255,2.8973334e-16,0.027614715
0.0,8.085101e-15,0.027007528,0.027309304,2.4966698e-16,0.02173102
0.0,7.842981e-15,0.0058831824,0.020669965,1.7547148e-16,0.05251757
0.0,1.8527362e-19,0.001347242,0.04555762,2.3614866e-16,0.063003965
0.0,8.553847e-15,0.0013435421,0.006501665,1.6697734e-16,0.041263007
0.0,3.1148607e-15,0.0011989551,0.014271225,1.6085385e-16,0.032170366
0.0,1.3784027e-19,0.007683364,0.07490799,1.1982929e-15,0.043207426
0.0,9.322627e-20,0.0076622632,0.031302676,6.983902e-16,0.022709008
0.0,7.92303e-20,0.002884357,0.020734755,6.868357e-16,0.02824796
0.0,7.130365e-20,0.0028764359,0.023364479,1.0313212e-15,0.02117716
0.0,2.7590533e-15,0.021646256,0.01838579,7.375043300000002e-16,0.039976425
0.0,3.893158e-15,0.0072114947,0.06514714,4.840848400000001e-16,0.025513979
0.0,4.2040924999999997e-20,0.0026920747,0.032899506,1.0103577e-15,0.05952068
0.0,3.7302682e-20,0.0033836514,0.018141028,9.753074e-16,0.039962877
0.0,3.40975e-15,0.0032219768,0.033511747,5.598632e-16,0.01857157
0.0,3.5910965000000004e-16,0.0032131283,0.008656934,4.9702596000000005e-16,0.06004261
0.0,2.2466719e-15,0.0024225179,0.025843114,3.451418e-16,0.0347667
0.0,3.1606933e-15,0.0016850833,0.025631672,2.331629e-16,0.013929633
0.0,1.6281853e-15,0.0015226367,0.01887065,1.8461305e-16,0.0544727
0.0,3.3771166e-14,0.0015184551,0.017298214,4.0415568e-16,0.012282728
0.0,2.418661e-20,0.00089192414,0.028848363,4.236325e-16,0.050569985
0.0,2.151054e-20,0.0010158996,0.047741994,3.5970048e-16,0.0278192
0.0,1.7031409999999998e-20,0.0010131097,0.022873549,2.3680122e-16,0.029399632
0.0,7.145230600000002e-16,0.0008682981,0.03625883,1.799842e-16,0.032202896
0.0,1.5919497000000002e-16,0.00046643114,0.00905712,1.1935817e-16,0.021706758
0.0,1.1961516e-20,0.0004230576,0.02369825,3.4137739e-16,0.036892634
0.0,1.0714599e-20,0.010363051,0.03358633,2.5717826000000004e-16,0.014367916
0.0,9.146833e-21,0.008889746,0.011189501,1.9673887e-16,0.064728364
0.0,8.225410400000002e-16,0.008865332,0.035505947,2.1397443e-16,0.025769839
0.0,7.338176e-21,0.0044797943,0.0151383495,1.7016937e-16,0.02941113
0.0,1.4040545e-16,0.0034576,0.034466766,1.1513899000000002e-16,0.045099616
0.0,6.1117908e-21,0.0034481045,0.007355489,2.3351415e-16,0.0088356845
0.0,6.0091973e-21,0.003218596,0.010253358,2.735608e-16,0.02024203
0.0,5.887604e-21,0.003209757,0.01884605,3.969272e-16,0.03272454
0.0,2.2103625e-15,0.0032009422,0.01417151,4.3644455e-16,0.014884035
0.0,2.072631e-14,0.002731101,0.012647818,8.3198064e-16,0.030898867
0.0,7.26242e-15,0.001540557,0.025626933,4.987502e-16,0.026999
0.0,4.354932700000001e-21,0.0032556492,0.020536609,5.1283133e-16,0.02469394
0.0,4.0346445e-21,0.0014280909,0.05001556,4.242673e-16,0.032152176
0.0,3.2514883e-21,0.0012940158,0.015396085,4.0592318e-16,0.010932895
0.0,3.041068e-21,0.0012904621,0.033058602,3.5471342e-16,0.042547174
0.0,2.736239e-21,0.0009555818,0.00824585,3.5165335000000004e-16,0.01675477
0.0,2.7605743e-21,0.00095295755,0.015614759,2.5667642e-16,0.019359732
0.0,2.748328e-21,0.0013147284,0.02696925,2.3613034000000004e-16,0.032041643
0.0,2.7447608e-21,0.0013111179,0.014545065,1.3119026000000002e-16,0.010959764
0.0,1.2215765e-15,0.004314365,0.022952007,1.0735736999999999e-16,0.024916725
0.0,1.4431674e-15,0.0033103167,0.013038541,1.2812156e-16,0.014958139
0.0,7.3839446e-16,0.0035483604,0.012059267,1.3428547e-16,0.018547807
0.0,2.7295597000000002e-21,0.003538616,0.02070101,2.6596776e-16,0.016456783
0.0,4.953542e-16,0.0030145627,0.019497698,1.8889146e-16,0.016907323
0.0,7.703667e-16,0.0025692966,0.015546933,1.191145e-16,0.02896586
0.0,2.5236963e-21,0.002562241,0.0078079905,2.0919595e-16,0.003810709
0.0,2.5247382e-21,0.0010487938,0.012801855,2.1290336000000003e-16,0.0061219228
0.0,3.826714e-16,0.0010459137,0.013018923,1.3642325e-16,0.01368519
0.0,2.4101232e-21,0.0011758099,0.033177216,1.5244074e-16,0.059193477
0.0,2.1429582e-21,0.0011725809,0.0110675115,2.2576168000000004e-16,0.03147825
0.0,2.08787e-21,0.0011693607,0.03463659,1.8241917e-16,0.015742533
0.0,4.456668600000001e-16,0.00072799984,0.009676123,1.1527769000000002e-16,0.053940553
0.0,7.2630825e-17,0.00019289428,0.016940597,1.4378922e-16,0.012793672
0.0,2.0283834e-16,8.424907e-05,0.021476185,1.1380707e-16,0.02680355
0.0,2.9724056e-16,7.370361e-05,0.013881358,7.821186e-17,0.008428024
0.0,1.5457653e-21,5.3060263e-05,0.032600053,6.9822514e-17,0.029593417
0.0,1.8719752e-16,3.1751806e-05,0.007888074,5.5791274e-17,0.012266334
0.0,1.3699852e-21,2.4264044e-05,0.011377742,9.6452105e-17,0.03211882
0.0,1.3854848e-21,2.4197403e-05,0.030916626,6.616845000000001e-17,0.018745508
0.0,1.2836324e-21,2.4130944e-05,0.012056224,5.0980528e-17,0.040164728
0.0,2.815416e-17,2.1314556e-05,0.018904334,4.597002000000001e-17,0.011271116
0.0,1.2451883000000001e-21,1.875903e-05,0.028501227,4.6784396e-17,0.043939766
0.0,1.8938297e-16,1.3390233e-05,0.014318757,3.0634720000000005e-17,0.013695928
0.0,1.0071399e-17,1.3035632e-05,0.020753069,2.7582558000000002e-17,0.029945945
0.0,6.307525000000001e-17,1.3992133e-05,0.02338029,2.3076984e-17,0.010776837
0.0,1.0361083000000001e-21,1.5897986e-05,0.03143037,4.287074e-17,0.06327492
0.0,3.661871e-17,1.5854319e-05,0.01183286,2.96552e-17,0.02017224
0.0,8.952695e-22,1.8622566e-05,0.031534124,3.0365724e-17,0.027937386
0.0,7.984054400000002e-22,1.8571418e-05,0.010507817,3.6540525e-17,0.011860952
0.0,7.763449500000001e-22,1.6544765e-05,0.035545204,4.611842000000001e-17,0.068038784
0.0,6.735732000000002e-22,1.6499323e-05,0.0120359175,4.138456000000001e-17,0.02053441
0.0,6.5152393e-22,1.46833145e-05,0.027246146,3.7230218e-17,0.028758256
0.0,5.92884e-22,1.4642985e-05,0.02613374,2.7037952e-17,0.06900437
0.0,5.436021600000002e-22,1.2927362e-05,0.022461442,2.2010254000000002e-17,0.033283763
0.0,3.6665654e-17,1.9022964e-05,0.022956805,1.8725397e-17,0.01901412
0.0,4.465308e-15,3.2748063e-05,0.018464208,5.2918354e-17,0.038436975
0.0,4.418435e-22,2.7578302e-05,0.026152847,3.8915516e-17,0.008364913
0.0,1.7891095e-16,2.7502547e-05,0.0339997,4.0375748e-17,0.03771056
0.0,3.1689962e-16,2.1092052e-05,0.018472381,2.7232116e-17,0.00962594
0.0,2.5197192000000003e-16,1.7952405e-05,0.025263857,1.9127579e-17,0.025641395
0.0,4.663910199999999e-18,1.790309e-05,0.012339877,1.670643e-17,0.011328154
0.0,8.0731564e-17,1.6357153e-05,0.019811688,1.6925467e-17,0.04984905
0.0,1.7128023e-14,1.4352464e-05,0.027629273,1.6194355e-17,0.016742887
0.0,2.2521825e-16,1.2665935e-05,0.014823917,1.2594764499999998e-17,0.06300147
0.0,2.3652093000000003e-16,1.1663637e-05,0.030887298,9.293615e-18,0.018430583
0.0,1.8051488e-16,1.08056865e-05,0.018332915,8.558177e-18,0.045631614
0.0,2.6488263000000005e-16,1.2144282e-05,0.031158263,5.374174e-18,0.011292416
0.0,1.2664225e-16,1.1293545e-05,0.0068387394,4.8555640000000004e-18,0.038619567
0.0,5.751231699999999e-18,1.6295562e-05,0.017758261,3.7877994e-18,0.028166672
0.0,9.736948e-23,2.2268867e-05,0.03775558,2.5337793e-18,0.030096944
0.0,3.7280196e-17,1.9594681e-05,0.007948292,1.8139058e-18,0.019053202
0.0,7.828922000000001e-23,1.9540852e-05,0.01648658,5.2411508e-18,0.05330203
0.0,7.423828e-23,1.7375149e-05,0.03349026,5.607871e-18,0.027469011
0.0,9.077349e-17,1.7327418e-05,0.018477479,4.5657243e-18,0.021701617
0.0,1.8124449e-17,1.8897703e-05,0.028356826,3.6965395e-18,0.042874057
0.0,5.491022000000001e-23,3.3092372e-05,0.013669134,1.4269860000000002e-17,0.0064450796
0.0,5.303277000000001e-23,2.9676436e-05,0.030832699,1.6507076e-17,0.03146206
0.0,4.7656390000000004e-23,2.9594907e-05,0.011171326,2.0583177e-17,0.019809807
0.0,1.3697263e-16,2.4376171e-05,0.022787709,1.27503894e-17,0.048884556
0.0,1.1346552000000002e-16,2.4309204e-05,0.015348031,1.0061439e-17,0.009643541
0.0,3.993618000000001e-23,2.424242e-05,0.03513522,9.473477e-18,0.02782902
0.0,7.454447000000001e-17,2.4175819e-05,0.008143283,8.993960000000001e-18,0.012893519
0.0,8.3064306e-17,2.41094e-05,0.01934194,7.118322e-18,0.04752246
0.0,2.9719880000000004e-23,2.1887701e-05,0.029011482,7.705286000000001e-18,0.016061757
0.0,5.407923000000001e-17,1.9807043e-05,0.015787814,6.296617499999999e-18,0.05105706
0.0,7.155639000000001e-17,1.851495e-05,0.022032466,4.7024676e-18,0.012190397
0.0,2.202166e-23,2.835163e-05,0.011136436,7.003432e-18,0.031795666
0.0,3.98962e-17,2.3617695e-05,0.02061729,4.828379e-18,0.014747777
0.0,4.317495e-17,3.3277753e-05,0.023261018,3.5679756999999995e-18,0.050629105
0.0,3.0537837e-17,2.975854e-05,0.011874138,2.1451147e-18,0.020488914
0.0,1.5298270000000002e-23,2.4250357e-05,0.04982444,6.098057e-18,0.031541243
0.0,1.0993067e-17,2.1753314e-05,0.01901942,4.9235217e-18,0.01603789
0.0,4.6124736000000003e-17,2.1693542e-05,0.027774898,3.0823337e-18,0.029130396
0.0,3.3229007e-16,2.0011754e-05,0.00558921,7.085225499999999e-18,0.005814588
0.0,1.04738615e-16,1.797981e-05,0.013229957,1.1148333e-17,0.018019632
0.0,3.7860528e-16,1.6777469e-05,0.015247207,1.5273510000000002e-17,0.02121282
0.0,2.0689407e-17,1.6731368e-05,0.019777723,1.1520294e-17,0.017005986
0.0,6.968224e-24,1.6254671e-05,0.030822964,1.0138125e-17,0.060521875
0.0,6.2231702e-24,1.5457405e-05,0.011195119,1.0240307e-17,0.026691005
0.0,5.9951902e-24,1.9632838e-05,0.01929349,1.0772605e-17,0.022254506
0.0,5.0985163e-18,2.0650108e-05,0.03023842,7.905128e-18,0.029898003
0.0,5.0564864e-24,1.8916655e-05,0.016541094,6.689576299999999e-18,0.018257005
0.0,4.7986358000000005e-24,1.8245091e-05,0.045411848,4.706946799999999e-18,0.06387819
0.0,4.0322964e-24,2.2126365e-05,0.01863076,5.0660776e-18,0.0153999375
0.0,1.3179007e-17,1.9042976e-05,0.017546492,4.333913e-18,0.025992082
0.0,3.5086103e-24,3.580678e-05,0.009860437,5.7542046e-18,0.008574597
0.0,3.388084e-24,5.6569163e-05,0.025691535,5.5757776e-18,0.03666742
0.0,1.1302643000000001e-17,3.720419e-05,0.017386774,4.191466e-18,0.015495769
0.0,2.9419867000000003e-24,2.7703632e-05,0.017543195,6.2918972e-18,0.029417349
0.0,2.7935093e-24,2.762749e-05,0.012372276,5.812405399999999e-18,0.011117382
0.0,1.7149380000000006e-17,2.2964505e-05,0.019346481,3.738954e-18,0.031321615
0.0,1.1360354000000001e-17,1.8368082e-05,0.019539721,3.3476266e-18,0.01613166
0.0,2.3539544e-24,1.4849101e-05,0.011497375,6.0708282e-18,0.019877642
0.0,8.475283e-18,1.4808286e-05,0.033387292,4.2936303e-18,0.019127516
0.0,1.758108e-17,1.28593565e-05,0.011636762,2.5097597e-18,0.054485645
0.0,4.01893e-18,1.2481427e-05,0.030435614,1.6635132e-18,0.024449727
0.0,4.9644498e-18,4.5749242e-05,0.009151097,1.7271719e-18,0.016635984
0.0,1.1016837e-17,4.562348e-05,0.030970281,1.4610402e-18,0.039570577
0.0,8.8337504e-18,4.549806e-05,0.007415657,1.1416611e-18,0.0073401923
0.0,1.2752464e-24,3.932112e-05,0.0136334,1.4991149e-18,0.03149076
0.0,4.601833e-24,2.9268864e-05,0.025115674,2.7808265e-18,0.0149068795
0.0,6.738461e-24,2.2706039e-05,0.011791195,2.4474314e-18,0.021477664
0.0,8.946775e-24,1.7409373e-05,0.013327891,2.2755447e-18,0.019456169
0.0,1.028533e-23,1.3985045e-05,0.012016126,1.8798662e-18,0.021850733
0.0,1.1497449e-23,1.22677075e-05,0.016570134,1.8450642e-18,0.01597196
0.0,5.3317564e-18,1.074344e-05,0.01165521,1.3833748e-18,0.023775754
0.0,1.1524547e-23,6.904677e-06,0.015867885,1.2863223999999998e-18,0.012647788
0.0,8.696101e-18,5.908118e-06,0.008701328,8.5379536e-19,0.019349176
0.0,1.13681215e-23,5.3116582e-06,0.011965181,1.3799466e-18,0.010433486
0.0,4.913404e-18,4.0563655e-06,0.007469927,6.872287999999999e-19,0.019866683
0.0,6.307662e-18,3.3350134e-06,0.005254314,8.2223614e-19,0.007676011
0.0,5.804297399999999e-18,3.0406068e-06,0.0034097033,7.195441499999999e-19,0.013086395
0.0,4.3864150000000004e-18,3.0322467e-06,0.0024206024,7.109886e-19,0.007218843
0.0,1.00521634e-23,2.4903143e-06,0.0011345745,7.3754386e-19,0.009147901
0.0,5.221769e-18,2.4834674e-06,0.00176227,5.3653757e-19,0.011087457
0.0,3.3167895e-18,2.476639e-06,0.0008680788,5.115643e-19,0.016761193
0.0,5.2358233e-18,2.4698297e-06,0.0018515551,4.0410565e-19,0.0071137375
0.0,5.8939952e-18,2.4630392e-06,0.00050176465,2.7959123e-19,0.0052303253
0.0,9.130924e-24,2.1555027e-06,0.00036903916,4.170602e-19,0.0021875165
0.0,9.2075506e-24,2.1495764e-06,0.00082089804,4.437631999999999e-19,0.0021891887
0.0,8.001359399999999e-19,1.5033862e-06,0.0013798255,4.0362066e-19,0.0013911081
0.0,9.22526e-24,1.2472381e-06,0.00058562943,4.1373788e-19,0.0011282352
0.0,1.5463128999999998e-18,1.2438087e-06,0.001649207,2.9633969999999995e-19,0.003402759
0.0,1.1454889e-19,1.2403888e-06,0.0007011788,2.7739044e-19,0.0019553432
0.0,1.3878179e-18,1.2369782e-06,0.00043437115,1.5702337e-19,0.00078856666
0.0,8.3667855e-18,9.645605e-07,0.00033359902,2.1197625e-19,0.00023929482
0.0,2.2261174e-18,9.619083e-07,0.0005552259,2.6599735e-19,0.00013386532
0.0,3.1585792e-18,9.592635e-07,0.00079264253,2.4933442e-19,9.926632e-05
0.0,2.3068268e-18,9.566259e-07,0.0005723964,2.203625e-19,6.749342e-05
0.0,8.304453e-24,9.539955e-07,0.0024901729,4.1483483e-19,0.00017540203
0.0,2.6383341e-18,4.0693476e-07,0.00053550064,3.0320871e-19,6.551633e-05
0.0,2.5216493e-18,4.058158e-07,0.00042411522,1.9993569e-19,4.9509214e-05
0.0,7.799906e-24,4.0469993e-07,0.00025394186,2.6358064e-19,3.2748758e-05
0.0,1.5640541e-17,2.5135148e-07,0.00024152693,3.2028728e-19,2.921732e-05
0.0,9.565962e-19,1.8047265e-07,0.00017630523,3.7895504e-19,2.5527643e-05
0.0,7.6537456e-19,1.799764e-07,0.00038410403,3.5312387e-19,5.470947e-05
0.0,7.204039e-24,2.0530499e-07,0.0016956626,3.4214374e-19,0.0001633166
0.0,1.1896856e-18,1.9277559e-07,0.0005404757,2.4059176e-19,0.00011159391
0.0,1.812236e-18,1.9563085e-07,0.00025805784,2.3127277e-19,5.9003018e-05
0.0,1.7604387e-18,1.7353463e-07,0.00038413052,2.0242420000000002e-19,6.184127e-05
0.0,6.464715e-24,1.6169146e-07,0.001311429,1.527669e-19,8.378637e-05
0.0,3.798557e-18,1.6124683e-07,0.0008286048,1.3681273e-19,9.064117e-05
0.0,1.0246323e-17,1.4448909e-07,0.0006394998,1.6699412e-19,4.9859205e-05
0.0,9.124027e-19,1.4409176e-07,0.00031125668,1.6933871e-19,2.6852522e-05
0.0,7.554003e-18,1.4369552e-07,0.00048155198,1.4044796999999998e-19,3.807222e-05
0.0,4.3949916e-17,1.6511063e-07,0.00071797514,1.3915071e-19,6.702375e-05
0.0,1.0464728999999998e-18,1.6465657e-07,0.0005932653,1.1695278e-19,5.6820238e-05
0.0,3.7350760000000004e-17,1.6420375e-07,0.00038867886,1.03148175e-19,3.0639047e-05
0.0,1.5203729e-18,1.4337101e-07,0.0003413293,1.3348808e-19,3.395015e-05
0.0,6.657197599999999e-19,1.1522326e-07,0.00015447004,1.2923685e-19,2.4771702e-05
0.0,5.3271252e-24,1.0124795e-07,5.3882843e-05,1.5033218999999998e-19,1.639475e-05
0.0,5.2209493000000005e-24,1.0096951e-07,1.6195243e-05,4.312551e-20,3.1707154e-05
0.0,4.2321533e-19,1.00691835e-07,3.9964907e-06,7.830449e-20,2.8750595e-05
0.0,6.2974286e-17,1.0041492e-07,1.0406105e-06,1.6077575e-19,3.2272277e-05
0.0,2.7496050000000002e-17,1.0013878e-07,3.1876968e-07,3.774801e-19,2.6097076e-05
0.0,6.008975e-24,9.9863385e-08,8.625486e-08,4.962139e-19,1.8194929e-05
0.0,2.8117083e-18,9.958875e-08,2.6197306e-08,3.7184007e-19,1.7023996e-05
0.0,2.1677184e-16,9.931488e-08,1.4080904e-08,8.803449e-19,5.5802825e-06
0.0,7.240644e-24,9.9041756e-08,1.566107e-08,6.157e-19,1.1127614e-05
0.0,7.6474685e-24,5.037678e-08,1.5353104e-08,6.22919e-19,1.3418622e-05
0.0,5.083854000000001e-18,4.340397e-08,2.3519522e-08,4.371868e-19,2.3334807e-05
0.0,2.5774065e-18,2.4105509e-08,3.7761634e-08,5.158394499999999e-19,2.3044042e-05
0.0,2.4223143e-18,2.4039213e-08,3.3805367e-08,5.325697999999999e-19,2.1158408e-05
0.0,4.550563e-18,2.39731e-08,1.6554358e-08,4.377085e-19,2.2095215e-05
0.0,4.3154674e-18,1.8996591e-08,2.3376076e-08,4.0841216e-19,2.2440985e-05
0.0,3.6344653e-18,1.6622087e-08,1.06092335e-08,4.0593969e-19,1.6255299e-05
0.0,2.3141532e-18,1.6576372e-08,4.5350186e-09,3.7034897e-19,1.3639612e-05
0.0,3.645931699999999e-18,1.6530784e-08,3.4422816e-09,2.229518e-19,2.2376697e-05
0.0,1.0816367e-23,1.648532e-08,2.6012286e-09,3.4572215e-19,1.3324015e-05
0.0,1.1616262e-23,1.6439982e-08,1.234157e-08,2.2879428e-19,2.503827e-05
0.0,1.859122e-18,1.6394766e-08,7.14923e-08,2.036256e-19,3.6825815e-05
0.0,2.3039031e-18,1.6349677e-08,4.8765095e-08,3.568884e-19,2.6592124e-05
0.0,1.4792314999999998e-18,1.6304712e-08,4.4049305e-08,3.0747997e-19,3.3132226e-05
0.0,3.901532e-18,1.625987e-08,2.2166798e-08,2.810337e-19,1.6637534e-05
0.0,4.241863e-18,1.6215152e-08,2.3575076e-08,2.351985e-19,2.017889e-05
0.0,1.5926384999999998e-23,1.6170556e-08,3.8813806e-08,2.8207805e-19,2.390988e-05
0.0,1.7174366e-23,1.561127e-08,2.8656823e-08,3.418332e-19,3.1167878e-05
0.0,6.350765499999999e-19,1.4207033e-08,2.1804361e-08,2.9249006e-19,2.7408205e-05
0.0,1.8020045e-18,1.4167958e-08,2.4273431e-08,2.570564e-19,1.845977e-05
0.0,1.9585386e-23,1.4128991e-08,3.8294317e-08,4.1515435e-19,1.8269862e-05
0.0,2.0454964e-23,1.4090132e-08,7.0887445e-08,3.566376e-19,2.578859e-05
0.0,1.8083804e-18,1.3783709e-08,3.9411535e-08,3.2997839999999995e-19,2.8896131e-05
0.0,1.8400734e-18,1.3745799e-08,5.0931437e-08,3.0336185e-19,3.3010634e-05
0.0,3.4057933e-18,1.3707992e-08,3.4435004e-08,1.9482169e-19,2.8106731e-05
0.0,2.4043412e-23,1.627456e-08,2.8218173e-08,2.2739373e-19,2.4351e-05
0.0,2.5966616e-18,1.6017884e-08,3.321019e-08,2.5217369e-19,1.9815085e-05
0.0,2.5172116e-23,2.8635522e-08,8.055559e-08,3.8154476e-19,3.0294384e-05
0.0,2.5732496e-23,2.8556755e-08,1.2295435e-07,3.2193482e-19,3.9604383e-05
0.0,5.117345e-19,2.8478205e-08,1.9743179e-07,2.6948883e-19,3.3083572e-05
0.0,2.6080825e-18,2.8399871e-08,4.504772e-07,1.8491707e-19,4.4276927e-05
0.0,2.658873e-23,2.8321754e-08,1.1236251e-06,3.0324744e-19,3.2452586e-05
0.0,1.9493007e-18,2.824385e-08,1.0557715e-06,2.1439789e-19,4.0303286e-05
0.0,2.6397938e-23,2.8166161e-08,2.1975034e-06,2.0770541e-19,4.271154e-05
0.0,8.5082335e-19,2.8088685e-08,6.7407805e-06,1.6722322e-19,6.272932e-05
0.0,2.5780360000000006e-23,2.8011423e-08,7.0760834e-06,2.4822863e-19,4.6209883e-05
0.0,2.5466558e-23,2.7934373e-08,1.148095e-05,2.363904e-19,4.1462503e-05
0.0,2.4938940000000006e-23,6.6258406e-07,4.798382e-05,2.6845364e-19,6.475991e-05
0.0,4.433932999999999e-19,6.607614e-07,0.0001132402,2.0735327e-19,5.8378144e-05
0.0,2.3673544e-23,8.708487e-07,0.0011809169,1.866847e-19,9.108343e-05
0.0,9.253594999999998e-19,1.645392e-06,0.0019895704,1.8805878e-19,0.00014582039
0.0,1.2726274e-18,1.6481985e-06,0.0011443354,1.6477593e-19,0.0001555565
0.0,2.1333432e-23,1.5071238e-06,0.0011426716,1.697154e-19,9.768104e-05
0.0,6.691774e-20,1.5029769e-06,0.002163027,1.3994822e-19,0.00019994214
0.0,8.9536996e-20,1.4988416e-06,0.0013157825,1.0434887e-19,0.00037582385
0.0,1.9969509e-19,1.6515361e-06,0.0099854935,6.919124e-20,0.0009889265
0.0,3.8026248e-19,2.7838378e-06,0.016016593,5.3315069999999995e-20,0.0020228147
0.0,1.5718232e-23,2.776178e-06,0.022191076,1.04436793e-19,0.0025354752
0.0,1.4270595e-23,2.830166e-06,0.022942213,1.5680272e-19,0.0054025017
0.0,1.2807505e-23,4.7310045e-06,0.031692334,2.503644e-19,0.014390777
0.0,1.0973053e-23,4.717986e-06,0.012159343,2.3252000000000003e-19,0.007488022
0.0,1.0097697e-23,4.705004e-06,0.08675956,1.7404239999999997e-19,0.013763251
0.0,5.3683293e-19,6.7688015e-06,0.033171542,1.2590759e-19,0.0053853765
0.0,5.7922066e-19,6.5942354e-06,0.016790105,9.719347e-20,0.014820176
0.0,4.729808e-24,1.4475318e-05,0.05682192,9.315464e-20,0.037385438
0.0,3.3050045e-19,6.472269e-05,0.008283792,6.5198576e-20,0.03198333
0.0,3.2520958000000003e-24,3.954555e-05,0.03742564,5.7221065e-20,0.024124647
0.0,6.2720065e-19,2.8874882e-05,0.014870732,3.9391304e-20,0.04159499
0.0,5.9616096e-19,8.534894e-05,0.06684464,2.4658177e-20,0.03180914
0.0,2.0632435e-19,0.00014958688,0.02180247,1.7333365e-20,0.028654195
0.0,1.1361584e-19,8.707324e-05,0.053137828,1.3908368e-20,0.044963412
0.0,1.4043543e-19,8.68335e-05,0.009136696,9.814507e-21,0.0388567
0.0,1.3059835e-19,7.5397475e-05,0.033572003,5.3390667e-21,0.049979325
0.0,1.0778093e-19,0.00014475365,0.017039811,3.7774806000000004e-21,0.04032289
0.0,2.4872527e-19,0.00011464094,0.054994073,1.7993915e-21,0.1008191
0.0,3.2848673e-19,9.4631774e-05,0.009160963,1.3915219e-21,0.0779932
0.0,4.499408e-25,7.515006e-05,0.044460665,1.5895368e-20,0.02394165
0.0,3.594159e-25,7.494312e-05,0.023104616,2.786697e-20,0.03638982
0.0,3.1896765e-25,0.000119405595,0.042357605,2.6159592e-20,0.07813162
0.0,1.5744908999999998e-19,0.000110234454,0.01713045,1.9590444999999998e-20,0.062168673
0.0,6.708239e-20,0.00017436629,0.07872508,1.16117724e-20,0.025824025
0.0,9.4031255e-20,0.0027008925,0.014939443,7.661678e-21,0.03758123
0.0,7.353354999999999e-20,0.0007814344,0.09072094,4.054457e-21,0.057563268
0.0,7.8134257e-26,0.00077928253,0.03841928,3.522777e-20,0.060405012
0.0,1.742317e-20,0.00077713653,0.014134592,2.0871431e-20,0.026371658
0.0,1.6091424e-19,0.00062787504,0.04413377,1.5117928e-20,0.029035106
0.0,1.2921899e-19,0.007974863,0.011907223,1.012308e-20,0.036553983
0.0,4.1061776e-26,0.0020974446,0.04897825,3.5447594e-20,0.060245115
0.0,3.3301919999999996e-20,0.012264132,0.015671222,1.8269969e-20,0.030719643
0.0,2.8480686e-26,0.006008642,0.06667105,1.6214814e-20,0.037446685
0.0,2.0474498e-26,0.005992095,0.014775433,2.1417764e-20,0.03188343
0.0,1.8743572e-26,0.0017780634,0.03902647,2.0955492999999998e-20,0.035008274
0.0,4.342303e-20,0.0017731669,0.032934446,1.35144575e-20,0.023291955
0.0,1.2728079999999999e-26,0.0028284495,0.02294691,2.8069456e-20,0.042221706
0.0,1.1211529e-26,0.0023636718,0.04853425,3.5497794e-20,0.05560414
0.0,1.6870354e-24,0.0017904077,0.014446325,3.1750645999999997e-20,0.05639793
0.0,1.0068925e-19,0.00094166794,0.032788802,1.6382871e-20,0.015873361
0.0,2.4472063e-24,0.0009078823,0.007727668,1.2791354e-20,0.050027017
0.0,1.1088197e-21,0.0020281768,0.02119312,1.0164629e-20,0.038878735
0.0,3.1309642e-20,0.0029711544,0.034794293,7.324519e-21,0.026898572
0.0,7.231911999999999e-20,0.0012047444,0.021172553,4.956359e-21,0.030988608
0.0,5.3101073e-20,0.002002758,0.032855537,3.5824433e-21,0.023038255
0.0,4.164584e-20,0.00095494173,0.0076042325,2.1817337e-21,0.023283785
0.0,1.0680646e-19,0.0008265487,0.033239283,1.4780422e-21,0.024117691
0.0,5.770286e-20,0.0008930785,0.012889331,1.1613321e-21,0.05749529
0.0,7.615668e-20,0.0008906192,0.052616883,7.969868500000001e-22,0.046297144
0.0,6.578052999999999e-20,0.0005587105,0.012567892,2.5190707e-21,0.039500218
0.0,9.387209e-21,0.0008579771,0.07795929,1.6475388000000001e-21,0.023896663
0.0,3.686401e-20,0.00085561443,0.023289004,1.186146e-21,0.036468994
0.0,4.6647025e-20,0.0008532583,0.028918786,6.850689700000002e-22,0.024913995
0.0,3.4828514e-20,0.0007686411,0.015553838,5.146263e-22,0.029105878
0.0,2.0433311e-20,0.020765876,0.028087156,3.698357e-22,0.035012685
0.0,1.7679236e-20,0.020708697,0.013463217,2.6749072e-22,0.023236927
0.0,4.554604e-20,0.020651674,0.029572047,1.3827531e-22,0.039778095
0.0,3.2339864e-20,0.011874151,0.008956455,1.300808e-22,0.008992549
0.0,9.82551e-25,0.005482895,0.01932044,3.0506332000000004e-22,0.033889636
0.0,2.6811669999999997e-20,0.004067078,0.02048826,2.2408517e-22,0.011717336
0.0,1.11776375e-20,0.0057272296,0.014986836,1.7550658000000002e-22,0.027227974
0.0,7.74036e-25,0.005108896,0.019929035,1.295962e-21,0.014036857
0.0,7.202361000000001e-25,0.0030952378,0.051130425,1.4589938e-21,0.07638624
0.0,1.3971859999999998e-20,0.0017706886,0.012418355,9.981726e-22,0.027360544
0.0,5.330074000000001e-25,0.0017658132,0.031901155,1.3760984e-21,0.02361993
0.0,4.6442346999999985e-25,0.0017609511,0.012500046,2.8254278000000007e-21,0.04688605
0.0,4.3554726e-25,0.0013375866,0.019265968,4.49461e-21,0.0325212
0.0,4.0025416999999998e-25,0.00075490493,0.029469835,3.942991e-21,0.018235352
0.0,3.488889e-25,0.0011650542,0.015238772,4.2815143e-21,0.045282852
0.0,3.2216115e-25,0.011664437,0.032026682,4.1893192e-21,0.011855342
0.0,8.45298e-21,0.0061037666,0.012447155,2.8924886000000002e-21,0.029037932
0.0,2.5444728e-25,0.006086961,0.0320787,2.2660005e-21,0.013351932
0.0,2.1644568e-25,0.005183097,0.012270209,3.2904734e-21,0.08145494
0.0,1.27602255e-20,0.0026965335,0.03366066,1.805205e-21,0.03489939
0.0,1.0273504e-20,0.0015565385,0.009420599,1.359861e-21,0.016874773
0.0,1.493872e-25,0.002335133,0.021528153,1.8119004e-21,0.04444704
0.0,1.1347585e-20,0.0016503729,0.017682955,1.1522445e-21,0.023665512
0.0,6.960701e-21,0.0016458291,0.039906077,9.690263000000001e-22,0.025458135
0.0,9.3398845e-26,0.0008641871,0.012834385,1.6178597e-21,0.013531425
0.0,2.3468662e-20,0.0008618078,0.023486312,1.7919004e-21,0.042990085
0.0,2.0305113e-19,0.00050887035,0.014392871,1.697007e-21,0.009281891
0.0,7.01718e-26,0.00042959212,0.02375846,2.5004806e-21,0.029237667
0.0,1.4566509e-21,0.0042111077,0.025487091,1.5113049e-21,0.03976926
0.0,6.3711293e-21,0.0028062519,0.014238984,1.1124163e-21,0.011848375
0.0,7.197623e-22,0.0018980493,0.03479652,7.8988790000000015e-22,0.042153116
0.0,4.1251783e-26,0.0055217464,0.016907679,9.344543e-22,0.015288592
0.0,2.8878418e-21,0.0027416053,0.014719543,6.775579e-22,0.02285509
0.0,6.564473400000001e-21,0.009350329,0.015100595,4.065571e-22,0.0122679975
0.0,3.112625e-26,0.0058779344,0.021179672,3.2331536000000005e-22,0.029539019
0.0,1.4300552e-21,0.005006835,0.041969996,3.4066732000000003e-22,0.018347062
0.0,2.2369422e-26,0.0021264602,0.009311733,7.363376e-22,0.027606364
0.0,2.0767047e-26,0.002120606,0.010914122,5.482517700000002e-22,0.015685454
0.0,4.407025600000001e-21,0.0022839112,0.011961569,4.32813e-22,0.023876267
0.0,1.5048545e-21,0.0010223393,0.015056144,3.7673854e-22,0.014211537
0.0,1.0430679e-21,0.0004866659,0.0113901105,3.185763e-22,0.018728541
0.0,1.4968072e-26,0.00048532602,0.028951665,2.616161e-22,0.029266646
0.0,1.3009574e-26,0.006125585,0.012088515,4.1690844e-22,0.011394608
0.0,1.9981588e-21,0.005500196,0.016329769,2.9640478e-22,0.017532548
0.0,2.8584965e-21,0.004695791,0.017986823,2.2784257000000003e-22,0.037611652
0.0,9.784695e-27,0.004682862,0.016532838,2.608685e-22,0.010616069
0.0,1.2526561e-21,0.00466997,0.017716821,1.9937705e-22,0.022880234
0.0,7.560979e-22,0.0046571125,0.027988978,1.9577493000000001e-22,0.013611981
0.0,6.991800000000001e-27,0.0011621304,0.013856372,2.4191544000000004e-22,0.041392054
0.0,6.483022000000001e-27,0.0011589308,0.0061818147,4.4018893e-22,0.010348669
0.0,6.1114634000000005e-27,0.0007186614,0.007277518,6.294678e-22,0.017030457
0.0,2.1803655e-21,0.00041008528,0.006943326,4.084903500000001e-22,0.037033923
0.0,1.0559879e-21,0.00040895623,0.015280887,3.295501e-22,0.013119227
0.0,1.035501e-21,0.0001805799,0.021380529,2.4568544000000004e-22,0.026590055
0.0,4.2563772e-27,0.00014938276,0.020014234,2.6663085e-22,0.017207596
0.0,3.8416297e-27,6.284012e-05,0.019949602,3.682333e-22,0.049503796
0.0,1.2096653e-21,3.7707734e-05,0.027036684,2.3115556e-22,0.017870018
0.0,1.4885416e-21,3.7603917e-05,0.016807161,1.6624745000000001e-22,0.05101566
0.0,1.1626045e-22,3.298649e-05,0.024374394,1.260742e-22,0.009804017
0.0,2.3260789000000003e-27,2.5826477e-05,0.033574454,1.0700455000000002e-22,0.035668533
0.0,1.9786665e-27,2.3205428e-05,0.01236855,1.0960522e-22,0.020109637
0.0,1.1204877000000002e-22,2.3141536e-05,0.0170565,9.412697e-23,0.022973018
0.0,1.6588023000000003e-27,1.9970197e-05,0.033653602,2.2886016e-22,0.03567669
0.0,1.4003957e-27,1.9915213e-05,0.022099746,1.678378e-22,0.03954107
0.0,2.389588e-18,1.8862323e-05,0.018697621,1.1304566000000001e-21,0.022009633
0.0,1.9177333e-20,3.3761025e-05,0.018830948,8.001145e-22,0.042436846
0.0,1.541969e-20,2.7289894e-05,0.021061309,6.743111e-22,0.014224657
0.0,8.713343000000001e-28,2.2603803e-05,0.010582433,1.6063973e-21,0.024963675
0.0,2.2032668e-21,2.2541564e-05,0.010617236,1.2685076e-21,0.017545298
0.0,3.4858417e-21,2.546328e-05,0.0509007,8.789825e-22,0.093435764
0.0,5.6395682000000005e-28,2.4564422e-05,0.014499143,1.1223348e-21,0.025966145
0.0,5.1702028e-28,2.1629085e-05,0.029370073,8.881413e-22,0.019324355
0.0,1.0804278e-20,0.00010095406,0.013690652,5.745526700000002e-22,0.048234154
0.0,1.2663809999999999e-20,9.330548e-05,0.019069232,4.3989843e-22,0.011257152
0.0,1.856136e-21,5.1691764e-05,0.03581136,3.85576e-22,0.046517495
0.0,2.9962224e-28,3.847086e-05,0.017500341,1.5060529000000001e-21,0.008501134
0.0,4.7653156e-21,9.524894e-05,0.031513467,1.1144602e-21,0.039841253
0.0,1.5861266e-21,5.5400636e-05,0.010046582,8.078536500000002e-22,0.02322806
0.0,1.05432005e-20,5.5248063e-05,0.013209501,5.6065513e-22,0.026719151
0.0,1.1359947e-20,0.00010074525,0.031974506,3.6536354e-22,0.010165102
0.0,4.7160935e-21,5.9853584e-05,0.010016929,3.5310650000000003e-22,0.059750423
0.0,6.335195e-21,5.212104e-05,0.023860823,2.4568294e-22,0.015165326
0.0,1.5277225e-21,3.9285693e-05,0.027918259,1.8711073e-22,0.05760318
0.0,8.3702834e-21,6.429576e-05,0.016091272,1.4862945e-22,0.012796136
0.0,9.5324715e-29,6.411866e-05,0.023946796,3.2549322000000004e-22,0.04124719
0.0,7.481358e-21,5.7151705e-05,0.02755837,2.4251826000000004e-22,0.020044494
0.0,6.957313000000001e-29,7.0606424e-05,0.016250582,2.2935796000000003e-22,0.04725218
0.0,1.1910542000000001e-21,5.8253165e-05,0.06707546,1.4347805000000001e-22,0.042956702
0.0,1.6708221e-19,4.668495e-05,0.01396647,5.107301600000002e-22,0.027443215
0.0,4.0502963e-29,3.8831156e-05,0.0412908,8.614639e-22,0.037675302
0.0,8.0122545e-22,3.3470722e-05,0.0068684956,6.210145300000001e-22,0.01433527
0.0,3.030904e-29,3.3378525e-05,0.023558369,8.816179e-22,0.047011647
0.0,2.6648048e-29,2.9804018e-05,0.041443456,8.675934000000001e-22,0.025962763
0.0,2.1562916e-29,2.7114642e-05,0.0069982475,1.3050483e-21,0.05722476
0.0,2.850079e-21,2.5080551e-05,0.022955937,8.528156e-22,0.026369976
0.0,3.9219904e-21,2.2717206e-05,0.013758974,5.480982e-22,0.033024635
0.0,1.5857091999999998e-29,2.1590411e-05,0.029730659,8.104727e-22,0.010881767
0.0,9.92771e-22,2.1530937e-05,0.02029785,6.476876000000002e-22,0.04532115
0.0,1.22256054e-29,1.9886507e-05,0.031715464,7.900396e-22,0.019336386
0.0,1.0444281e-29,1.8523362e-05,0.01143568,1.0021984e-21,0.029518254
0.0,9.6951524e-30,1.9278703e-05,0.009985047,9.351491000000001e-22,0.008906023
0.0,8.936591e-30,5.4447726e-05,0.038019788,8.406383e-22,0.04016347
0.0,2.0797803e-21,4.808474e-05,0.014303193,6.379052000000002e-22,0.020660514
0.0,6.780869e-30,3.597433e-05,0.012430136,5.44319e-22,0.019315155
0.0,1.5616597e-21,3.587523e-05,0.011041435,4.218800900000001e-22,0.013518613
0.0,5.805142e-30,3.2221633e-05,0.016650353,4.8419823e-22,0.054010082
0.0,2.4981592e-21,3.213287e-05,0.042834476,3.1865157000000004e-22,0.022483844
0.0,2.4746356e-21,3.204435e-05,0.01418676,2.3589342000000004e-22,0.030058963
0.0,3.7564914e-30,4.1115964e-05,0.019570282,2.4959062e-22,0.025106788
0.0,3.4112094e-30,3.274527e-05,0.01195373,3.2679698e-22,0.024520852
0.0,2.7627032e-22,2.8360488e-05,0.033131905,2.4818682e-22,0.022834832
0.0,2.6506816e-30,3.644103e-05,0.0186288,1.8616936e-22,0.04577535
0.0,2.3928295000000003e-30,3.645619e-05,0.03630832,3.170191e-22,0.012659173
0.0,2.567874e-21,3.2849497e-05,0.012027607,2.333039e-22,0.031763595
0.0,2.8971852000000006e-21,2.7187963e-05,0.018067777,1.8039766e-22,0.0069160066
0.0,2.3538717e-21,2.9070323e-05,0.0138220545,1.3842555000000002e-22,0.009927308
0.0,1.4832763000000001e-21,2.9807976e-05,0.029280202,1.338729e-22,0.048902098
0.0,1.029962e-21,3.1517055e-05,0.023719428,9.33313e-23,0.022413015
0.0,1.6044925e-21,6.794188e-05,0.024493223,5.908128e-23,0.062044114
0.0,1.5476035000000001e-21,5.429765e-05,0.01104678,3.634458e-23,0.012819623
0.0,8.308587e-31,4.3412394e-05,0.025835434,7.031848000000001e-23,0.036167584
0.0,7.2672173e-31,3.8507147e-05,0.022350347,1.3911162000000002e-22,0.027341837
0.0,9.435588e-22,3.2124728e-05,0.020044945,1.2085944e-22,0.01843834
0.0,1.2718723e-21,2.8688459e-05,0.01272182,1.0087642e-22,0.021786876
0.0,8.667502e-22,2.3378316e-05,0.0151127195,9.362292e-23,0.010461152
0.0,6.6528813e-22,1.975028e-05,0.018776545,7.6623126e-23,0.024225896
0.0,7.626603700000001e-22,1.7700173e-05,0.0073798643,6.233002000000001e-23,0.010273857
0.0,4.045892e-31,1.8869354e-05,0.0061628027,5.862979000000001e-23,0.012686302
0.0,3.3069183e-22,1.5459942e-05,0.0030515702,4.8131976e-23,0.019086543
0.0,2.4336356e-22,1.2892001e-05,0.003728698,3.8461775e-23,0.0073427893
0.0,3.4059399000000003e-31,1.1650632e-05,0.0012936471,1.1499628000000002e-22,0.008905271
0.0,9.52296e-22,1.06509e-05,0.0051845335,7.161199000000001e-23,0.021569612
0.0,2.0120824000000005e-22,1.06215475e-05,0.005263442,7.4345596e-23,0.011839341
0.0,2.815023e-31,1.0592276e-05,0.0035638302,8.1903054e-23,0.011959102
0.0,2.636805e-31,1.0563086e-05,0.0021019974,1.0685734000000002e-22,0.024251498
0.0,2.4807583e-31,1.5962518e-05,0.0043221037,8.5205996e-23,0.010092148
0.0,6.452480300000002e-22,1.1210313e-05,0.0026481212,6.4248246e-23,0.018779596
0.0,6.7359915e-20,1.1179416e-05,0.0030397256,7.1723593e-23,0.008033501
0.0,2.0930027e-31,8.734843e-06,0.001184896,6.302701000000001e-23,0.009552399
0.0,4.595381e-22,6.698384e-06,0.0025026405,6.3092944e-23,0.009340169
0.0,7.788459300000002e-22,6.222278e-06,0.00081924093,5.97733e-23,0.008739194
0.0,6.0446274e-22,6.2051286e-06,0.0032864432,6.044856e-23,0.0149335265
0.0,1.6849743e-31,6.188026e-06,0.0025349695,7.732622e-23,0.014723952
0.0,1.5779365e-31,4.552383e-06,0.008119364,8.325305000000001e-23,0.02186508
0.0,2.1958853e-22,4.0773266e-06,0.0033822493,8.7416025e-23,0.0044793244
0.0,5.6883076e-22,3.2690205e-06,0.0011224863,7.7360964e-23,0.003459024
0.0,6.721097e-22,3.26001e-06,0.0009666388,6.496054e-23,0.0015769267
0.0,1.2901421e-31,3.2510245e-06,0.0016039885,8.299304e-23,0.0009302397
0.0,6.2898185e-22,2.2859765e-06,0.00059055246,6.660392e-23,0.0008173229
0.0,1.197907e-31,1.6847674e-06,0.0010245393,8.086964699999999e-23,0.0006595573
0.0,2.7018304e-20,1.6801235e-06,0.00054407126,1.208246e-22,0.00100893
0.0,4.702866600000002e-22,1.6754926e-06,0.0016547476,9.105928000000001e-23,0.0011564859
0.0,1.0777936e-31,1.4658889e-06,0.0004774944,1.0798924e-22,0.0012020733
0.0,2.2257088e-20,9.578923e-07,0.0003159536,8.396461e-23,0.0006967847
0.0,1.1455881000000002e-22,9.55252e-07,0.00059288857,8.958491000000001e-23,0.0006010565
0.0,4.553611e-22,8.349797e-07,0.0010881096,7.037482e-23,0.0012312068
0.0,9.3153825e-32,6.58895e-07,0.00050933415,9.0269006e-23,0.0007427767
0.0,9.0706275e-32,6.2018063e-07,0.00038967875,9.9639014e-23,0.0004077176
0.0,8.8112535e-32,5.076646e-07,0.0006568927,9.7621966e-23,0.0005203091
0.0,8.938065e-22,4.2590193e-07,0.0002641123,3.9287293e-23,0.0004213843
0.0,3.3943033e-21,4.247277e-07,0.00028762332,8.0017065e-23,0.00020124302
0.0,5.4153345e-23,4.2355668e-07,0.00015255153,7.992913e-23,8.469346e-05
0.0,5.273087e-22,4.2238892e-07,5.4430977e-05,6.8929726e-23,4.0796116e-05
0.0,5.577550500000002e-22,3.0455652e-07,2.0939013e-05,5.813306e-23,2.7005399e-05
0.0,4.90887e-19,3.0371683e-07,7.910134e-06,9.5555125e-23,3.723311e-05
0.0,1.5255843e-19,4.4326498e-07,4.1861185e-06,4.7850657000000015e-22,3.0840787e-05
0.0,6.9507387e-32,3.5937526e-07,2.16354e-06,1.016082e-21,3.598192e-05
0.0,3.6932867e-21,3.0232792e-07,9.895941e-07,7.976009300000001e-22,3.2588167e-05
0.0,9.5884636e-21,2.4610358e-07,5.414191e-07,4.9525854e-22,3.8090297e-05
0.0,6.120742300000001e-21,2.1998105e-07,5.183697e-07,5.933306e-22,3.475329e-05
0.0,2.484454e-22,2.193745e-07,1.0737695e-06,6.9077104e-22,2.8188011e-05
0.0,1.8787907e-27,1.6749381e-07,7.2753164e-07,8.621675e-22,2.4699775e-05
0.0,2.666808e-21,1.6703198e-07,8.0659896e-07,7.1441660000000015e-22,3.43924e-05
0.0,3.5484828000000005e-27,1.6657144e-07,7.521253e-07,8.984344e-22,2.9862644e-05
0.0,4.5003255000000005e-27,1.2364173e-07,7.210468e-07,8.094206700000002e-22,2.6784044e-05
0.0,6.6988564000000015e-22,1.2330081e-07,3.9204286e-07,7.5107283e-22,2.3100112e-05
0.0,4.3407306e-19,1.2296083e-07,1.5298897e-07,6.713106e-22,2.4896824e-05
0.0,3.1530202e-20,1.0224959e-07,1.5170815e-07,7.267747e-22,2.4228246e-05
0.0,1.0191177e-26,1.0196766e-07,5.194452e-08,7.957618e-22,1.7960581e-05
0.0,1.18912816e-26,1.016865e-07,2.878797e-08,8.930793000000001e-22,2.4689543e-05
0.0,1.3661387000000002e-26,1.0140612e-07,1.4735083e-08,1.284667e-21,2.5891062e-05
0.0,1.5185055000000002e-26,1.0112652e-07,1.5068466e-08,1.2432946e-21,1.844343e-05
0.0,4.5388757e-21,1.0084768e-07,3.090309e-08,9.366869e-22,3.1066375e-05
0.0,1.9118365e-26,5.2790472e-08,3.616704e-08,6.8746847e-22,3.1606378e-05
0.0,2.0658029999999999e-26,2.7299135e-08,5.4699626e-08,8.619946e-22,2.9618164e-05
0.0,2.1662723e-26,4.467239e-08,4.7949506e-08,1.1920394e-21,2.0297111e-05
0.0,2.2293932e-26,3.0178462e-08,4.790818e-08,1.0810868e-21,1.601553e-05
0.0,2.2703982e-26,3.0095237e-08,4.9949765e-08,1.0135191e-21,1.3230763e-05
0.0,2.319403e-26,2.375169e-08,8.608333e-08,6.743474e-22,2.4420335e-05
0.0,3.1037057e-21,1.6236998e-08,8.235882e-08,6.067447000000002e-22,3.2574495e-05
0.0,2.4308418e-26,1.6192217e-08,3.667542e-08,8.417051400000002e-22,1.9181176e-05
0.0,4.023959e-21,1.316433e-08,1.3998675e-08,8.883997e-22,2.107223e-05
0.0,4.063092e-21,1.3128023e-08,3.3191796e-08,7.505443300000001e-22,2.722164e-05
0.0,4.248965e-21,1.1399273e-08,3.5036866e-08,6.083905e-22,2.5446494e-05
0.0,5.509958300000001e-21,9.580524e-09,3.3870744e-08,5.8614895e-22,2.5883895e-05
0.0,5.1372092e-21,9.5541e-09,4.6038135e-08,5.540099000000002e-22,2.9927647e-05
0.0,5.017181e-21,1.3802811e-08,1.8508526e-08,5.1017560000000015e-22,1.9895208e-05
0.0,3.2197488e-21,1.3764742e-08,3.9183846e-08,5.74e-22,2.0424088e-05
0.0,3.02846e-21,1.3726778e-08,3.403085e-08,5.881759500000001e-22,1.8088218e-05
0.0,3.6359285000000004e-21,1.1483327e-08,1.7876777e-08,5.0452716e-22,1.8242967e-05
0.0,2.5492592e-26,1.0455209e-08,9.72754e-09,6.679813600000001e-22,1.1435031e-05
0.0,2.5663442e-26,1.0426373e-08,8.9008045e-09,6.459598500000001e-22,1.9000432e-05
0.0,9.576697e-22,1.4328732e-08,3.618129e-08,5.614140600000001e-22,2.091169e-05
0.0,2.5933288e-26,1.2606514e-08,1.7032491e-08,6.169303e-22,1.5221975e-05
0.0,2.6455874000000004e-26,1.4893586e-08,5.018789e-08,6.4853903000000015e-22,2.4247269e-05
0.0,2.7124708e-26,1.4852505e-08,4.8353268e-08,7.176168400000002e-22,2.5894293e-05
0.0,3.3778122e-21,1.4811538e-08,3.869972e-08,4.781087e-22,2.2886888e-05
0.0,4.3499732e-21,1.47706825e-08,2.5411971e-08,4.67695e-22,1.6446413e-05
0.0,8.7743804e-20,1.4729941e-08,1.5060351e-08,5.6641884e-22,1.5854308e-05
0.0,1.0863201e-19,1.8977257e-08,1.5068103e-08,8.767471999999999e-30,2.4737374e-05
0.0,1.7593392e-21,2.3329033e-08,2.0787711e-08,4.7911903e-22,1.7831038e-05
0.0,2.7406964000000007e-21,2.3264683e-08,4.9700418e-08,3.952864e-22,2.5170853e-05
0.0,2.4877156e-21,2.6599913e-08,8.759476e-08,3.581512e-22,2.8829594e-05
0.0,2.1374767e-21,3.815328e-08,1.3249505e-07,3.4420070000000002e-22,3.4283985e-05
0.0,2.1193936000000002e-21,4.3279357e-08,2.6172438e-07,3.2356593000000004e-22,4.398686e-05
0.0,4.897673e-22,4.2708674e-08,5.060081e-07,3.473173e-22,3.288933e-05
0.0,1.793944e-20,4.3721116e-08,3.0482386e-07,4.8394423e-22,1.9881167e-05
0.0,5.693901e-26,5.761172e-08,4.114991e-07,5.627173e-22,1.9251998e-05
0.0,7.115632e-22,7.2594304e-08,9.188379e-07,3.73812e-22,4.3082393e-05
0.0,1.7604508e-21,9.225026e-08,1.1330351e-06,3.4432554000000004e-22,4.5409324e-05
0.0,1.6932212e-21,9.199578e-08,1.9501192e-06,2.9113673000000004e-22,4.298284e-05
0.0,1.2588737e-21,9.1742e-08,2.8507825e-06,2.9110633000000003e-22,4.4699216e-05
0.0,1.0847732e-21,2.1073372e-07,7.2663374e-06,2.349822e-22,5.782985e-05
0.0,3.2493105e-20,9.543786e-07,1.2095532e-05,2.5929065e-22,6.0746795e-05
0.0,6.0504915000000005e-22,1.8557681e-06,2.7950966e-05,1.6189892e-22,8.781719e-05
0.0,2.6399886e-20,1.4160905e-06,4.1655785e-05,1.6911285e-22,7.2032904e-05
0.0,7.508879e-26,1.4019262e-06,0.00012439988,2.0487171e-22,6.960703e-05
0.0,7.525956999999999e-26,2.3432588e-06,0.0013867439,1.6669369000000002e-22,0.00019691252
0.0,7.43929e-26,2.3392595e-06,0.0069775917,2.7776477000000005e-22,0.00085681636
0.0,6.846643e-20,2.1999222e-06,0.0029503463,3.7207562000000003e-22,0.00063982635
0.0,1.5359743000000001e-21,2.193851e-06,0.0015941644,2.936185e-22,0.0006881487
0.0,1.0728382e-21,2.1053734e-06,0.0055018817,2.5669254e-22,0.002203941
0.0,2.0748152e-21,2.0279133e-06,0.004906135,1.906755e-22,0.0022194977
0.0,2.1609031000000006e-21,2.2059924e-06,0.009994736,1.2033134e-22,0.0012095846
0.0,5.560527e-26,6.548021e-06,0.017324755,3.2971374e-22,0.002977894
0.0,8.04811e-22,5.375448e-06,0.024525352,2.4645449000000003e-22,0.0062563145
0.0,4.5338798000000005e-26,4.998796e-06,0.014679829,2.245243e-22,0.012869578
0.0,8.205501e-21,5.790757e-06,0.020819414,3.1767005000000004e-22,0.006700471
0.0,3.8011663e-26,7.672971e-06,0.055991784,3.2857370000000003e-22,0.03419675
0.0,7.509533000000002e-22,7.822215e-06,0.013570754,1.6773346000000001e-22,0.01621325
0.0,8.521416e-22,1.242942e-05,0.059020594,1.1504764e-22,0.10062822
0.0,1.852105e-26,1.1816504e-05,0.011983654,1.6624973e-22,0.051193204
0.0,6.5111935e-23,2.0083859e-05,0.06821823,1.2325554e-22,0.043925524
0.0,6.026574e-22,2.794646e-05,0.026506513,6.8934793e-23,0.018133549
0.0,1.0200276e-26,3.4353703e-05,0.024590028,7.3176814e-23,0.07349173
0.0,1.9556806e-22,3.6226364e-05,0.047366492,4.9123763e-23,0.030740423
0.0,2.4894274e-22,5.581629e-05,0.030359346,3.000765e-23,0.050420508
0.0,5.7314693e-27,4.6563946e-05,0.034533612,4.1819347e-23,0.04657334
0.0,4.7407193e-27,4.151999e-05,0.027841883,1.2990951e-22,0.045535155
0.0,4.0531458e-27,7.233905e-05,0.03941165,1.6338175e-22,0.062069207
0.0,3.2204569e-27,0.0002373618,0.010854634,1.3161194000000002e-22,0.046312556
0.0,2.9440952e-27,0.00022303402,0.0438718,1.2788324000000002e-22,0.026653768
0.0,3.5567797000000005e-22,0.00023213707,0.03802687,9.082538000000001e-23,0.04680913
0.0,6.910897000000002e-22,0.0002583684,0.02715293,4.3995950000000004e-23,0.032250594
0.0,4.2130781e-22,0.0070674075,0.02890527,3.2000666e-23,0.021585168
0.0,1.2302555e-27,0.0025221983,0.021099553,5.6495164e-23,0.11201106
0.0,1.0712995e-27,0.051981684,0.10946213,3.4986966e-23,0.052028265
0.0,2.5875668000000004e-22,0.02201447,0.056614064,1.8801960000000002e-23,0.02140295
0.0,3.9321187e-28,0.013772025,0.038691778,1.6587336e-23,0.055686984
0.0,3.1892124e-28,0.009183517,0.02676234,3.9247512e-23,0.0500153
0.0,1.0449681e-22,0.003951579,0.048264045,2.137848e-23,0.04462202
0.0,2.008795e-22,0.002166163,0.008122693,1.9005502e-23,0.030204428
0.0,1.1863829e-22,0.0020559884,0.038485356,1.1591719e-23,0.02704344
0.0,1.4982529e-28,0.002050311,0.015657062,1.6746293e-23,0.021588616
0.0,1.3495716e-28,0.0037316093,0.091061495,2.6422244e-23,0.09440872
0.0,8.1437924e-29,0.0037213052,0.02100879,3.205671e-23,0.07684932
0.0,1.3770189000000001e-22,0.0037110297,0.033823248,1.5699425e-23,0.038876403
0.0,6.706584e-23,0.00589646,0.014478351,1.0685861e-23,0.033118617
0.0,5.270306000000001e-29,0.004012789,0.055351216,2.6977115e-23,0.024170322
0.0,3.9420298e-29,0.0034207476,0.008985255,2.2444282e-23,0.06439424
0.0,3.574401e-29,0.003411302,0.054392606,2.716929e-23,0.05166354
0.0,2.608155e-29,0.0034040888,0.010184332,2.6089130000000002e-23,0.0817874
0.0,3.3393198e-23,0.0020444095,0.041765463,1.0912128e-23,0.032314725
0.0,2.8177477e-23,0.008011287,0.03376485,8.927357e-24,0.03824474
0.0,9.1918596e-21,0.007989166,0.017284915,3.0154694e-23,0.036509037
0.0,1.3642588e-29,0.006804787,0.041453782,5.776329e-23,0.057657022
0.0,1.0979079600000001e-29,0.0051723206,0.008557893,3.6277286e-23,0.029889842
0.0,1.0066645e-29,0.0049667032,0.022597961,3.3947174e-23,0.047423758
0.0,8.921426600000001e-30,0.0034462472,0.0535137,3.9958683e-23,0.03974172
0.0,6.804301e-30,0.0034367316,0.018006964,5.2322998e-23,0.05470446
0.0,6.1435593e-30,0.0034272424,0.04332939,4.0841765e-23,0.04246365
0.0,4.8631785e-30,0.0017903465,0.014999088,5.6522294e-23,0.08467429
0.0,4.446650300000001e-30,0.0030318638,0.03517363,3.4876834e-23,0.039333735
0.0,3.7158245e-30,0.0015336649,0.01036673,3.9044490000000004e-23,0.019411013
0.0,2.9826985e-23,0.0022545094,0.026759561,2.7067395e-23,0.034944683
0.0,2.9534865e-30,0.0011097308,0.02995531,1.9815113e-23,0.015434281
0.0,2.5331234e-30,0.00069029577,0.019370489,1.4329999e-23,0.06634292
0.0,8.766597000000001e-23,0.0020227213,0.028209418,8.151515e-24,0.03210427
0.0,6.838554e-23,0.0017699661,0.008171209,5.914118e-24,0.036249325
0.0,1.1483121000000002e-22,0.0017650794,0.018445702,4.078774e-24,0.030969644
0.0,1.229754e-22,0.0015314791,0.018896872,3.0512795000000003e-24,0.031238843
0.0,5.2392576e-23,0.0021560786,0.029841859,2.7407059999999998e-24,0.03639799
0.0,3.5109084e-23,0.0090103615,0.009899933,2.101015e-24,0.034111608
0.0,6.6876756e-23,0.0017704124,0.02086795,1.3667527e-24,0.021080257
0.0,1.7419966e-23,0.0010422197,0.02429075,1.1044203e-24,0.02081105
0.0,2.6298237e-23,0.011351631,0.018403286,8.066389699999999e-25,0.029195078
0.0,7.3757804e-31,0.005120635,0.026329055,1.9638674e-24,0.025151964
0.0,3.396904e-23,0.012597254,0.012049983,1.3949422e-24,0.022677029
0.0,1.6644752e-23,0.01256248,0.028730744,1.2004853e-24,0.027981894
0.0,1.338575e-23,0.012527802,0.014645986,8.1071076999999985e-25,0.019843368
0.0,4.1338738e-23,0.003130949,0.023563815,5.4817250000000005e-25,0.036701974
0.0,1.4789924e-23,0.0027531786,0.009843527,4.920566000000001e-25,0.014167424
0.0,3.8498437e-31,0.0027455788,0.006663903,1.7375306e-24,0.023264255
0.0,3.5726978e-31,0.002075473,0.017848179,3.900368e-24,0.018583346
0.0,3.2492194000000003e-31,0.0013007188,0.02491131,3.4888644e-24,0.03874109
0.0,1.3959162e-23,0.0006310884,0.023383752,2.538256e-24,0.01990596
0.0,1.2827516e-23,0.00058496324,0.017031547,1.820971e-24,0.02731292
0.0,3.2700664e-23,0.0026531497,0.030346839,1.2514338e-24,0.020995412
0.0,1.2299002e-24,0.0037365665,0.009741627,1.039739e-24,0.027074056
0.0,1.7785254e-31,0.00213582,0.014748477,5.076462e-24,0.028662683
0.0,2.2548724e-23,0.004900574,0.019257395,6.168003e-24,0.028436886
0.0,2.5493539e-23,0.0033579087,0.032873496,4.493259e-24,0.015839007
0.0,4.154916e-30,0.0024290115,0.009633838,7.9829805e-24,0.040686313
0.0,1.0674972e-23,0.0020913328,0.011340572,4.7866806e-24,0.008888947
0.0,4.1046216e-23,0.0049054,0.023449428,3.0990385e-24,0.040969457
0.0,5.777958e-24,0.00489186,0.01722821,3.4050684000000004e-24,0.009785143
0.0,5.8259385e-30,0.026269887,0.01822,4.522861e-24,0.029834807
0.0,5.6596054000000006e-30,0.011056077,0.019584456,3.2492214e-24,0.017896695
0.0,1.1454006e-23,0.011025561,0.08516896,2.0222075e-24,0.08377369
0.0,3.7610617e-30,0.005824056,0.035511646,1.9700758e-24,0.025260676
0.0,3.266604e-30,0.0021156252,0.017010843,4.6343385000000005e-24,0.03099233
0.0,2.4776775e-23,0.03021066,0.013846924,3.0587458e-24,0.014167882
0.0,2.8073925e-30,0.009390893,0.02400575,2.9689814e-24,0.036530457
0.0,2.5852059e-30,0.004650433,0.03574882,6.7238796e-24,0.033048417
0.0,2.2147903e-30,0.005168307,0.016110279,4.588366e-24,0.029768344
0.0,2.0707057e-30,0.0012388659,0.031466056,4.388417e-24,0.017432123
0.0,7.677652e-23,0.00060872675,0.005356199,4.2920313e-24,0.012701255
0.0,1.7277455e-30,0.0007637156,0.013959445,3.9698427e-24,0.039832715
0.0,1.4922883e-23,0.0014797174,0.020051809,3.1491935e-24,0.019817125
0.0,2.416052e-24,0.002916739,0.02398164,2.8218065e-24,0.034748543
0.0,1.2952015e-30,0.00081560196,0.015193651,3.0154177e-24,0.013425189
0.0,1.2071453e-30,0.0011302872,0.020114414,4.4632866e-24,0.039359957
0.0,1.1015182e-30,0.012333283,0.024697157,3.393129e-24,0.01667215
0.0,9.871942e-31,0.008006107,0.014485328,2.9480732e-24,0.03807519
0.0,9.159416e-31,0.005436245,0.04081764,1.7146458e-24,0.007956258
0.0,1.4110437e-23,0.0014213941,0.006970104,1.8413181e-24,0.01249371
0.0,9.94934e-24,0.001417471,0.0066113486,1.7361900000000003e-24,0.021196987
0.0,6.643133e-31,0.0011625576,0.019876115,1.6444791e-24,0.013942481
0.0,6.0305597e-31,0.039213452,0.0237389,2.5854238e-24,0.043453272
0.0,5.367218000000001e-31,0.024478758,0.024565775,2.0960681e-24,0.018002968
0.0,4.7780827000000005e-31,0.015840417,0.016330078,2.3775944000000003e-24,0.029861322
0.0,3.9547538e-24,0.008853964,0.04142188,1.6258181e-24,0.0112483045
0.0,5.6762912000000005e-24,0.008829527,0.01198346,1.4942093e-24,0.02394043
0.0,3.2215337e-31,0.00350277,0.023780381,9.810849e-25,0.018852357
0.0,2.8830380000000003e-31,0.0025701402,0.012903975,1.2026749e-24,0.02077773
0.0,2.6633683e-31,0.0013823273,0.022012291,1.2997687e-24,0.012215313
0.0,2.377596e-31,0.0057507562,0.055846177,1.2842902e-24,0.0780548
0.0,1.7905474e-31,0.004818332,0.017847711,1.4516862e-24,0.028214676
0.0,1.6214116e-31,0.0036566749,0.04801803,1.1199507e-24,0.022527719
0.0,1.2878981e-31,0.0028246588,0.0099839,1.2758364e-24,0.026418205
0.0,1.1899194e-31,0.0024182396,0.02162138,1.3915812e-24,0.01864667
0.0,1.0587244e-31,0.0019565201,0.042852953,1.1253488e-24,0.079886645
0.0,8.534785e-32,0.00195112,0.018185303,1.1122118e-24,0.036213554
0.0,1.938977e-24,0.0021450794,0.026562098,7.637772e-25,0.025371393
0.0,6.708448700000001e-32,0.0016798789,0.010138182,8.231793e-25,0.020122472
0.0,5.0202644e-23,0.0016752422,0.0287105,7.904275e-25,0.033932943
0.0,5.373160000000001e-32,0.00090124767,0.017997915,1.0687798e-24,0.012236455
0.0,4.8733995e-32,0.00077381806,0.03247996,1.132576e-24,0.057167754
0.0,4.1441968e-32,0.00044084125,0.008862829,7.615437e-25,0.02160484
0.0,7.907924000000001e-25,0.00052894914,0.04519656,5.4703816e-25,0.02610022
0.0,8.397436000000001e-25,0.00801091,0.020190064,4.193455e-25,0.019653687
0.0,1.3230676499999999e-24,0.00711793,0.01563802,3.5468197e-25,0.01776
0.0,8.027614699999999e-25,0.0055074454,0.020832317,2.806474e-25,0.030553795
0.0,2.1078695e-22,0.00443404,0.016963901,2.0709536e-25,0.011172217
0.0,2.0131466e-24,0.0023505783,0.01964356,1.4659502e-25,0.029455433
0.0,2.0114233e-24,0.0020176326,0.010514243,1.2364401e-25,0.00959956
0.0,2.2137683e-24,0.0049511828,0.025050944,9.6940966e-26,0.025436731
0.0,1.968041e-24,0.0010456679,0.012252388,6.788642999999999e-26,0.01039441
0.0,7.6320296e-25,0.00048090413,0.034041394,6.511402e-26,0.04028768
0.0,5.865676299999998e-25,0.00047957656,0.008952509,5.190005e-26,0.01667213
0.0,9.630537e-33,0.029415721,0.027875308,6.3342696e-26,0.06651937
0.0,8.367588e-33,0.014549515,0.022545524,6.175708e-26,0.03163463
0.0,1.3680784e-24,0.009935269,0.023514843,4.1837987000000005e-26,0.021541791
0.0,6.451662e-33,0.009907841,0.014001722,4.1610394e-26,0.03920074
0.0,5.8870605e-33,0.0034519455,0.06336593,6.494913e-26,0.02618391
0.0,4.269334e-33,0.0014647923,0.01945917,1.8696044e-25,0.052196912
0.0,3.850353e-33,0.0008995988,0.03227099,1.9350015e-25,0.026340796
0.0,1.04930426e-29,0.0020030043,0.009756758,2.270591e-25,0.03680032
0.0,2.3318222e-29,0.0037616668,0.026054367,3.8724736e-25,0.027354665
0.0,2.966378e-29,0.0013644368,0.024470104,3.294023e-25,0.0315013
0.0,2.969313e-29,0.0009724562,0.020498905,2.7798716e-25,0.028148588
0.0,3.036983e-29,0.0020427788,0.018528366,2.2619558e-25,0.024045428
0.0,3.1038097e-29,0.0015485487,0.032591954,2.484572e-25,0.02030053
0.0,2.7981225e-29,0.00064081105,0.020214912,3.4000582999999998e-25,0.03245149
0.0,2.611275e-29,0.00052300526,0.026302902,2.5939216e-25,0.016910544
0.0,2.37232e-29,0.0044499654,0.02277462,2.244459e-25,0.0601543
0.0,2.1846947e-29,0.0031294296,0.052287143,1.5688283e-25,0.01656474
0.0,2.989475e-25,0.0043765972,0.022679577,1.2594925999999998e-25,0.043246064
0.0,1.516026e-29,0.0037467515,0.03106256,1.039021e-25,0.03530457
0.0,6.640578299999998e-25,0.0014938758,0.00988549,6.489517400000001e-26,0.019788064
0.0,1.21243e-29,0.0025548043,0.02254687,7.917783300000001e-26,0.036336306
0.0,1.0939678e-29,0.0028408102,0.020028135,1.1456104e-25,0.022181237
0.0,1.0801573e-25,0.0015282594,0.021827748,7.295943999999999e-26,0.03893394
0.0,2.1182459999999998e-26,0.0006439846,0.036706727,6.8803974e-26,0.020822205
0.0,7.431930999999999e-30,0.00064927194,0.019017933,7.350098999999999e-26,0.06432325
0.0,1.3420836e-24,0.023474026,0.029180985,1.2143927e-25,0.03582147
0.0,2.5162489e-25,0.016987085,0.014419305,6.975444e-26,0.017527258
0.0,3.9335745e-25,0.010619894,0.04000538,5.9545113e-26,0.0538691
0.0,8.328328e-25,0.008647055,0.025017912,4.4946167e-26,0.015238545
0.0,3.6887223e-30,0.0075974097,0.026558692,4.9421587000000005e-26,0.06526097
0.0,2.2831772e-26,0.0075228964,0.014540717,3.718884e-26,0.021069687
0.0,3.0182836e-30,0.00750212,0.019233834,2.9943638e-26,0.013393421
0.0,2.7552645e-30,0.0015474635,0.028022185,4.7180458e-26,0.04177077
0.0,2.4239771e-30,0.00052040577,0.012618106,6.007434e-26,0.018872013
0.0,1.2853525e-23,0.00035233598,0.008610762,7.028629e-26,0.022135606
0.0,2.0931894e-30,0.0005504718,0.02995837,8.293857400000001e-26,0.016267354
0.0,3.8297878e-25,0.0011086977,0.013180448,7.190188999999999e-26,0.025770148
0.0,1.6785708000000002e-30,0.0019049008,0.005734293,1.1498745e-25,0.009547702
0.0,1.5739669000000002e-30,0.00070683367,0.011592731,1.6370486e-25,0.020470295
0.0,2.359331e-25,0.00054419163,0.017909938,1.0606258e-25,0.008568673
0.0,1.3233051e-30,0.0005426884,0.0095902365,1.0981183e-25,0.017265698
0.0,1.4666935e-25,0.0004027911,0.013668563,7.6116646e-26,0.02172845
0.0,3.4853082999999998e-25,0.00040167847,0.017407514,6.733674999999999e-26,0.013395385
0.0,2.3736038e-25,0.00040056894,0.013703604,6.825777400000001e-26,0.028661106
0.0,9.365103e-31,0.00039946244,0.013007853,6.553929e-26,0.009350727
0.0,8.676409e-31,0.000398359,0.015633212,5.326617500000001e-26,0.020064525
0.0,7.9590475e-31,0.0003652011,0.021025715,7.2957246e-26,0.019745985
0.0,7.222137e-31,0.00666587,0.010279674,9.432893e-26,0.009290943
0.0,1.4551559e-25,0.0028946006,0.007345113,6.785542e-26,0.016715968
0.0,9.168527e-27,0.0028866045,0.011556879,5.9576273e-26,0.014257946
0.0,5.8408095e-31,0.0024776482,0.010680688,6.8497754e-26,0.026577868
0.0,5.4612626e-31,0.006558333,0.008836136,1.02929184e-25,0.01100318
0.0,5.1319873e-31,0.0014435535,0.0035913645,1.159244e-25,0.019447267
0.0,4.8436104e-31,0.0009802694,0.0055582053,7.8775724e-26,0.016130036
0.0,5.840959e-26,0.0047271964,0.0014455557,6.214219e-26,0.0052015963
0.0,4.4014195e-31,0.0028366065,0.0037927101,7.782932e-26,0.005485292
0.0,1.3932263e-25,0.0023480225,0.0017705914,5.6522814e-26,0.009239411
0.0,3.9644177e-31,0.013851245,0.00159469,4.5043462e-26,0.00772724
0.0,3.8037403e-31,0.013812971,0.001315969,6.1066265e-26,0.0024067615
0.0,2.4131178e-24,0.012252429,0.0011470153,5.1113897e-26,0.004196917
0.0,4.340316e-26,0.012218572,0.0013422314,4.208954e-26,0.0037820581
0.0,1.3588034e-25,0.0044292905,0.0006902495,3.734735e-26,0.0020455734
0.0,1.4199638e-25,0.0044170516,0.0009663797,3.1946488e-26,0.0015133778
0.0,2.1011258e-25,0.0021717108,0.00066512567,2.5089564e-26,0.0012175671
0.0,4.4567982e-26,0.0019602266,0.0024152435,2.5397745e-26,0.003153851
0.0,6.789490400000001e-26,0.0019548098,0.0010920123,2.0053354e-26,0.0046148775
0.0,2.5193153e-25,0.0011297694,0.0010083285,1.2229928e-26,0.0074021956
0.0,2.3369415e-25,0.0011266475,0.001949812,1.2468702e-26,0.008415642
0.0,2.3783088e-31,0.00033367705,0.00067245297,1.3684986e-26,0.0040239664
0.0,3.9892456e-26,0.000285452,0.0012071009,1.20330516e-26,0.0064612366
0.0,2.1749789e-31,0.00011722607,0.0008863033,1.24263134e-26,0.0031347352
0.0,2.043705e-25,4.7483616e-05,0.00047911043,1.0061668e-26,0.0012161509
0.0,2.0222445e-31,4.7352394e-05,0.0010229488,1.4787951e-26,0.00097631826
0.0,5.305662999999999e-26,1.1622718e-05,0.00047445402,1.354288e-26,0.00082203135
0.0,1.8926229e-25,5.521555e-06,0.0011136092,8.703723500000001e-27,0.0020770938
0.0,1.3901969e-25,2.8707657e-06,0.00039170854,7.2281376e-27,0.0010355712
0.0,9.1963894e-26,1.3589388e-06,0.00014719716,9.122937e-27,0.00065482163
0.0,1.5908053e-25,6.524327e-07,3.3037097e-05,7.9602575e-27,0.00038084885
0.0,1.5239770000000002e-25,3.9199548e-07,1.05336885e-05,6.957226e-27,0.00063225825
0.0,1.5884272e-31,3.9091205e-07,3.3045487e-06,9.661117e-27,0.00033422344
