bulk_species_node [MG] at P @ dist64,bulk_species_node [MG] at P @ dist648,bulk_species_node [MG] at Chlorine @ dist64,bulk_species_node [MG] at Chlorine @ dist648,bulk_species_node [MG] at P @ dist420,bulk_species_node [MG] at Chlorine @ dist420
0.0,0.0,0.0,0.0,0.0,0.0
0.0,0.0,0.0,0.0,0.0,0.0
0.0,0.0,0.0,0.0,0.0,0.0
0.0,0.0,0.0,0.0,0.0,0.0
0.0,0.0,0.0,0.0,0.0,0.0
0.0,0.0,0.0,0.0,0.0,0.0
0.0,0.0,0.0,0.0,0.0,0.0
0.0,0.0,0.0,0.0,0.0,0.0
0.0,0.0,0.0,0.0,0.0,0.0
0.0,0.0,0.0,0.0,0.0,0.0
0.0,0.0,0.0,0.0,0.0,0.0
0.0,0.0,0.0,0.0,0.0,0.0
0.0,0.0,0.0,0.0,0.0,0.0
0.0,0.0,0.0,0.0,0.0,0.0
0.0,0.0,0.0,0.0,0.0,0.0
0.0,0.0,0.0,0.0,0.0,0.0
0.0,0.0,0.0,0.0,0.0,0.0
0.0,0.0,0.0,0.0,0.0,0.0
0.0,0.0,0.0,0.0,0.0,0.0
0.0,0.0,0.0,0.0,0.0,0.0
0.0,0.0,0.0,0.0,0.0,0.0
0.0,0.0,0.0,0.0,0.0,0.0
0.0,0.0,8.495682e-12,0.0,0.0,0.0
0.0,0.0,2.1679077e-11,0.0,0.0,0.0
0.0,0.0,2.1679077e-11,0.0,0.0,3.7849502e-06
0.0,0.0,2.0791313e-11,0.0,0.0,1.4858387e-05
0.0,0.0,2.2304873e-11,0.0,0.0,1.4245925e-05
0.0,0.0,2.2304873e-11,2.1311604e-17,0.0,3.1348234e-05
0.0,0.0,2.2304873e-11,0.0,0.0,2.5388805e-05
0.0,0.0,2.2304873e-11,0.0,0.0,2.3838209e-05
0.0,0.0,2.316527e-11,0.0,0.0,1.7924423e-05
0.0,0.0,2.316527e-11,0.0,0.0,6.852215e-06
0.0,0.0,2.316527e-11,0.0,0.0,1.1640494e-05
0.0,0.0,2.316527e-11,0.0,0.0,1.3742739e-05
0.0,0.0,2.124454e-11,1.0055542e-17,0.0,6.6646453e-06
0.0,0.0,1.9568994e-11,1.5300704e-16,0.0,5.6279114e-06
0.0,0.0,1.9568994e-11,0.0,0.0,1.3500225e-05
0.0,0.0,1.7924886e-11,4.685781e-18,0.0,1.6706324e-05
0.0,0.0,1.7924886e-11,0.0,0.0,1.3259867e-05
0.0,0.0,1.7924886e-11,2.046705e-18,0.0,1.5844122e-05
0.0,0.0,1.7924886e-11,6.020898999999999e-19,0.0,1.9418858e-05
0.0,0.0,1.7924886e-11,4.109416e-19,0.0,2.257666e-05
0.0,0.0,1.7924886e-11,9.4717705e-20,0.0,2.8082417e-05
0.0,0.0,1.7924886e-11,0.0,0.0,3.6861213e-05
0.0,0.0,1.7924886e-11,0.0,0.0,2.3368153e-05
0.0,0.0,1.7924886e-11,0.0,0.0,1.9070403e-05
0.0,0.0,1.7924886e-11,0.0,0.0,1.4660229e-05
0.0,0.0,1.7924886e-11,0.0,0.0,1.8975757e-05
0.0,0.0,1.7924886e-11,0.0,0.0,2.3162895e-05
0.0,0.0,1.7924886e-11,4.6656696e-17,0.0,3.3346245e-05
0.0,0.0,1.7924886e-11,0.0,0.0,3.183848e-05
0.0,0.0,1.5869453e-11,3.430759e-16,0.0,2.30863e-05
0.0,0.0,6.9103707e-12,2.321773e-16,0.0,2.0563344e-05
0.0,0.0,5.5450345e-12,1.4971624e-08,0.0,2.207728e-05
0.0,0.0,5.5450345e-12,1.7746055e-08,0.0,2.3252107e-05
0.0,0.0,2.879186e-12,1.394218e-08,0.0,2.2032662e-05
0.0,0.0,2.109706e-12,1.0713652e-08,0.0,3.1012765e-05
0.0,0.0,1.0307471e-12,8.3288214e-08,0.0,3.2423948e-05
0.0,0.0,6.9770226e-13,8.1548905e-08,0.0,2.7720735e-05
0.0,0.0,6.1553936e-13,5.0282093e-08,0.0,2.3770868e-05
0.0,0.0,5.430294e-13,6.2348676e-08,0.0,3.49334e-05
0.0,0.0,4.790524e-13,3.608628e-08,0.0,4.2489e-05
0.0,0.0,2.6284495e-13,4.0025444e-08,0.0,4.2721145e-05
0.0,0.0,2.6284495e-13,6.6921594e-08,0.0,4.442287e-05
0.0,0.0,2.6284495e-13,7.9025696e-08,0.0,3.29626e-05
0.0,0.0,2.6284495e-13,6.682962e-08,0.0,4.6519548e-05
0.0,0.0,1.2605463e-13,8.789344e-08,0.0,6.1690145e-05
0.0,0.0,3.39462e-14,4.6370403e-08,0.0,5.0509378e-05
0.0,0.0,1.4957978e-14,3.1400646e-08,0.0,4.1910072e-05
0.0,0.0,8.75606e-15,6.2259616e-08,0.0,6.0683076e-05
0.0,0.0,3.943416e-15,1.9003134e-07,0.0,5.7103025e-05
0.0,0.0,3.4787779e-15,2.9069332e-07,0.0,6.8221234e-05
0.0,0.0,6.688611500000002e-16,3.9592766e-07,0.0,7.168964e-05
0.0,0.0,1.0200939e-16,5.163173e-07,0.0,8.5248226e-05
0.0,0.0,2.4731605e-17,6.994459e-07,0.0,0.000117950774
0.0,0.0,1.9762632e-17,6.23141e-07,0.0,0.00012400287
0.0,0.0,1.424706e-17,4.7850574e-07,0.0,0.00011514405
0.0,0.0,5.6550306e-18,5.076015e-07,0.0,0.00011379711
0.0,0.0,2.4895688e-18,4.2898304e-07,0.0,8.869066e-05
0.0,0.0,8.204177e-19,4.5502625e-07,0.0,9.076502e-05
0.0,0.0,3.0419805e-19,7.48535e-07,0.0,0.000108904074
0.0,0.0,8.041507e-20,5.6963677e-07,0.0,0.00011244295
0.0,0.0,4.1080241999999997e-20,6.292887e-07,0.0,0.00011118752
0.0,0.0,1.28773474e-20,1.1136269e-06,0.0,0.00015306988
0.0,0.0,7.010144999999999e-21,9.967454e-07,0.0,0.00017790079
0.0,0.0,3.687235e-21,5.0876514e-07,0.0,0.00013405792
0.0,0.0,7.198883600000001e-22,2.805282e-07,0.0,0.00013540228
0.0,0.0,5.779956000000002e-22,1.3258011e-07,0.0,0.000101328966
0.0,0.0,1.8506124e-22,4.6217444e-08,0.0,0.00011119267
0.0,0.0,1.3035071000000002e-22,1.2716477e-08,0.0,4.7132184e-05
0.0,0.0,4.0955916e-23,5.445795e-09,0.0,1.8420887e-05
0.0,0.0,2.5377662e-23,1.6631929e-09,0.0,6.995214e-06
0.0,0.0,4.5528914e-24,4.5478094e-10,0.0,3.2723092e-06
0.0,0.0,1.3426992e-24,1.2918541e-10,0.0,1.2354767e-06
0.0,0.0,5.4264414999999985e-25,4.5361905e-11,0.0,0.0076990263
0.0,0.0,1.2525012e-25,1.7241606e-11,0.0,0.016728712
0.0,0.0,1.1075588999999998e-25,6.188232e-12,0.0,0.024230892
0.0,0.0,4.7456116e-26,1.7047902e-12,0.0,0.13307813
0.0,0.0,3.6711137e-26,6.4497566e-13,0.0,0.06138778
0.0,0.0,1.9787203e-26,8.1488456e-13,0.0,0.010738182
0.0,0.0,1.7497383e-26,1.7308569e-12,0.0,0.017528955
0.0,0.0,1.7497379e-26,5.5241234e-13,0.0,0.013067638
0.0,0.0,8.262352e-27,1.7866516e-13,0.0,0.016300844
0.0,0.0,6.633809999999999e-27,4.5526774e-14,0.0,0.01421368
0.0,0.0,5.4017516e-27,5.657906e-15,0.0,0.025312139
0.0,0.0,2.4087232e-27,1.3524087e-15,0.0,0.018207554
0.0,0.0,1.4004631e-27,6.0696766e-16,0.0,0.004429912
0.0,0.0,4.3392064e-28,5.827978000000001e-17,0.0,0.008630748
0.0,0.0,3.7925435e-30,1.2825036e-17,0.0,0.02516054
0.0,0.0,3.5123437e-29,1.4280966e-18,0.0,0.020256583
0.0,0.0,3.532924e-29,2.174493e-19,0.0,0.039438143
0.0,0.0,2.5897893000000003e-28,6.827543e-20,0.0,0.0055509093
0.0,0.0,8.297692000000001e-27,1.8274748e-20,0.0,0.017971551
0.0,0.0,3.3158844e-25,5.954937e-21,0.0,0.015012165
0.0,0.0,3.7495884000000005e-24,3.3485455e-21,0.0,0.019502213
0.0,0.0,9.399089e-24,1.0117328e-21,0.0,0.022081524
0.0,0.0,3.9562447e-24,2.9666562000000003e-22,0.0,0.00408262
0.0,0.0,9.791703e-24,2.0537291e-22,0.0,0.0072317654
0.0,0.0,2.3197946e-22,1.4726459e-22,0.0,0.011160179
0.0,0.0,5.95411e-22,1.4640227e-22,0.0,0.016108299
0.0,0.0,4.171844e-19,1.7264886000000002e-22,0.0,0.007844192
0.0,0.0,2.0468977e-18,4.9088785e-23,0.0,0.017632553
0.0,0.0,7.485801999999999e-19,1.1629574e-22,0.0,0.0067411517
0.0,0.0,8.0874335e-17,1.6876703e-22,0.0,0.012219205
0.0,0.0,5.4344456e-17,8.60032e-23,0.0,0.021349529
0.0,0.0,3.2257774e-17,2.2984538e-23,0.0,0.0033970054
0.0,0.0,1.0747707e-17,6.0627917e-24,0.0,0.0032560986
0.0,0.0,2.701339e-18,6.77319e-22,0.0,0.0033509
0.0,0.0,1.1060548e-18,1.1326343e-21,0.0,0.008868777
0.0,0.0,8.877858e-19,7.864868e-22,0.0,0.019783443
0.0,0.0,6.360433999999999e-19,4.374038600000001e-21,0.0,0.008285482
0.0,0.0,2.4689002e-18,5.6583237e-21,0.0,0.014195633
0.0,0.0,2.9280063e-17,1.4715552e-21,0.0,0.006977054
0.0,0.0,2.4526944000000002e-17,3.5359563e-22,0.0,0.0031968937
0.0,0.0,2.0300768e-17,8.602376000000001e-23,0.0,0.003161354
0.0,0.0,1.7945829000000002e-17,2.2180174000000004e-22,0.0,0.003643089
0.0,0.0,7.038006e-18,1.3542465e-22,0.0,0.0139679555
0.0,0.0,5.1860163e-18,1.0879052e-22,0.0,0.0034392856
0.0,0.0,3.8213614e-18,2.4377705e-23,0.0,0.001993084
0.0,0.0,3.378074e-18,2.3557228e-23,0.0,0.0015091407
0.0,0.0,2.9862093e-18,2.409654e-22,0.0,0.0044141593
0.0,0.0,2.9852624e-18,7.722293e-23,0.0,0.0078032236
0.0,0.0,2.6389646e-18,2.1322203e-23,0.0,0.013852203
0.0,0.0,8.870198e-19,4.407435e-24,0.0,0.0072926264
0.0,0.0,8.867385e-19,9.304618e-25,0.0,0.017311491
0.0,0.0,8.864574e-19,2.5878939e-23,0.0,0.008570513
0.0,0.0,7.115077e-19,1.5026257000000002e-22,0.0,0.010124553
0.0,0.0,3.195514e-19,3.404639000000001e-23,0.0,0.015213952
0.0,0.0,9.722693e-20,9.318314e-24,0.0,0.014932155
0.0,0.0,7.164251399999999e-20,2.4119389e-24,0.0,0.0077911983
0.0,0.0,5.7503276e-20,5.8928845999999985e-25,0.0,0.016396407
0.0,0.0,5.0832753e-20,2.0710453e-25,0.0,0.0069699218
0.0,0.0,1.0743065e-20,8.17159e-25,0.0,0.0061310157
0.0,0.0,1.1561046e-20,2.2944217e-25,0.0,0.012408847
0.0,0.0,4.8028064e-20,4.8204763e-26,0.0,0.0042616217
0.0,0.0,4.8012337999999997e-20,3.2623232e-24,0.0,0.004006403
0.0,0.0,2.1400136999999998e-20,1.3978824e-24,0.0,0.003794064
0.0,0.0,1.4539058e-20,3.771453e-25,0.0,0.003456064
0.0,0.0,1.4518736e-20,1.056852e-25,0.0,0.018790064
0.0,0.0,7.735318e-21,2.4414043e-26,0.0,0.0041286796
0.0,0.0,1.8118113e-19,5.662935e-27,0.0,0.003786935
0.0,0.0,7.657389e-20,1.3953071e-27,0.0,0.00058986375
0.0,0.0,7.654675e-20,3.2963914e-28,0.0,8.2460065e-06
0.0,0.0,1.8853918e-20,1.4247608e-28,0.0,0.003723858
0.0,0.0,5.060690600000001e-21,1.7987748e-29,0.0,0.012860186
0.0,0.0,5.44434e-19,2.4087981e-23,0.0,0.011880236
0.0,0.0,7.511872699999999e-19,6.6886775e-24,0.0,0.014261055
0.0,0.0,6.6398413e-19,1.7124762e-24,0.0,0.011559947
0.0,0.0,3.134076e-19,3.94687e-25,0.0,0.012671584
0.0,0.0,1.4793173e-19,9.3553005e-26,0.0,0.016419733
0.0,0.0,1.3075877e-19,7.0849554e-24,0.0,0.0067377705
0.0,0.0,8.29619e-20,2.0852885e-24,0.0,0.0107827755
0.0,0.0,7.333109999999999e-20,3.5324677e-23,0.0,0.015329457
0.0,0.0,5.885297e-20,5.5745165e-23,0.0,0.015240583
0.0,0.0,1.6396678e-20,2.127911e-23,0.0,0.02259787
0.0,0.0,9.1423644e-21,5.3441145000000005e-24,0.0,0.007255479
0.0,0.0,6.447833e-21,3.1375813e-23,0.0,0.0193297
0.0,0.0,1.2217991e-20,1.4674283e-23,0.0,0.009667421
0.0,0.0,6.812354e-21,8.469703400000002e-22,0.0,0.007953964
0.0,0.0,2.2895541e-21,1.3183225e-21,0.0,0.0042431178
0.0,0.0,1.8374937e-21,2.6358357000000004e-22,0.0,0.005870006
0.0,0.0,1.0905572e-21,8.1364906e-23,0.0,0.011281266
0.0,0.0,5.42486e-22,1.1536241000000001e-21,0.0,0.0029444378
0.0,0.0,3.2196683e-22,8.178489e-22,0.0,0.0019438774
0.0,0.0,2.372185e-22,2.0658344000000001e-22,0.0,0.0010365822
0.0,0.0,1.7477769e-22,4.7285793e-23,0.0,0.004443308
0.0,0.0,1.5448639e-22,1.8700637e-23,0.0,0.011086314
0.0,0.0,1.5442076000000002e-22,2.1229247e-23,0.0,0.0110487705
0.0,0.0,1.5435515e-22,1.0321377e-23,0.0,0.0113188205
0.0,0.0,1.3643487000000001e-22,2.3894964e-24,0.0,0.012975498
0.0,0.0,8.6562136e-23,7.556835e-25,0.0,0.01876316
0.0,0.0,4.1615234e-23,5.9844295e-25,0.0,0.007285043
0.0,0.0,1.8126694e-23,1.3474843e-24,0.0,0.008478822
0.0,0.0,2.3079526e-22,6.5289057e-25,0.0,0.018485108
0.0,0.0,4.4215495e-22,1.8038527e-25,0.0,0.0057743327
0.0,0.0,1.9871838e-22,3.9888718e-26,0.0,0.0060103796
0.0,0.0,1.5948056e-22,2.0377182e-25,0.0,0.008761192
0.0,0.0,3.6702310000000003e-23,1.8511848e-25,0.0,0.029237425
0.0,0.0,8.248169e-24,6.1921483000000005e-24,0.0,0.0032279151
0.0,0.0,8.974724000000001e-22,2.5179342e-24,0.0,0.0037316675
0.0,0.0,1.8810363e-22,6.4393196999999985e-25,0.0,0.0064249146
0.0,0.0,4.5708216e-23,1.5936092e-25,0.0,0.01182846
0.0,0.0,1.1021608e-23,3.6796947e-26,0.0,0.013994655
0.0,0.0,4.7956053e-24,1.8008213e-17,0.0,0.008386655
0.0,0.0,2.4264862e-24,6.580927e-18,0.0,0.0017202739
0.0,0.0,1.18844735e-23,4.134179e-18,0.0,0.00050205097
0.0,0.0,3.3124885e-23,4.3514898e-17,0.0,0.00018652175
0.0,0.0,1.5829696e-23,1.15809786e-17,0.0,0.001823064
0.0,0.0,3.3637676e-23,3.2039495e-18,0.0,0.0032161064
0.0,0.0,1.4177986999999998e-23,8.5815723e-19,0.0,0.006434719
0.0,0.0,2.4538547e-23,3.1173377e-19,0.0,0.019908823
0.0,0.0,2.85472e-22,1.4059863e-19,0.0,0.0061139357
0.0,0.0,1.3018570000000002e-22,4.3139559999999996e-20,0.0,0.018843733
0.0,0.0,1.4108901e-20,1.13268685e-20,0.0,0.0073504983
0.0,0.0,4.874244e-21,2.637028e-21,0.0,0.003692965
0.0,0.0,4.871551e-21,5.7555220000000005e-22,0.0,0.0052446015
0.0,0.0,4.3054246e-21,1.5570177000000002e-22,0.0,0.010924894
0.0,0.0,3.8050886000000004e-21,3.3952394e-23,0.0,0.011919607
0.0,0.0,2.3316557e-21,8.9752965e-24,0.0,0.021341452
0.0,0.0,1.1905487000000001e-21,2.6606643e-24,0.0,0.0031734635
0.0,0.0,4.47986e-22,1.5033652e-24,0.0,0.0063696667
0.0,0.0,4.477384e-22,1.5676636999999998e-25,0.0,0.0077255284
0.0,0.0,1.5625381000000001e-22,1.9848947e-23,0.0,0.0080285715
0.0,0.0,5.868764000000001e-23,1.6270842000000002e-22,0.0,0.015549475
0.0,0.0,4.7094053e-23,5.5475734e-23,0.0,0.011408822
0.0,0.0,3.4693494e-23,1.8175985e-23,0.0,0.032488488
0.0,0.0,3.066174e-23,2.0886118e-23,0.0,0.004032382
0.0,0.0,1.542267e-23,2.0664201000000001e-22,0.0,0.0029027204
0.0,0.0,2.8095967e-22,5.177291000000002e-22,0.0,0.0022389458
0.0,0.0,8.500174000000001e-23,1.5313778000000002e-22,0.0,0.0012387952
0.0,0.0,2.5078715e-23,3.4670992e-23,0.0,0.0006381805
0.0,0.0,1.3183632e-23,3.7937583e-23,0.0,0.0001999719
0.0,0.0,9.712090000000001e-24,2.6645916e-23,0.0,0.0045217443
0.0,0.0,7.793416e-24,6.122166000000001e-23,0.0,0.010450683
0.0,0.0,5.7412374e-24,3.264324e-23,0.0,0.009146803
0.0,0.0,2.4040677e-23,9.091775e-24,0.0,0.016188025
0.0,0.0,1.1729848000000002e-22,2.1022522e-24,0.0,0.006856786
0.0,0.0,5.2667393e-23,4.5624396999999995e-25,0.0,0.005258285
0.0,0.0,1.1749969e-23,4.4976766e-24,0.0,0.002462805
0.0,0.0,4.9921575e-24,1.9474784e-23,0.0,0.0010740396
0.0,0.0,7.242331e-24,3.7202897000000005e-24,0.0,0.00047650433
0.0,0.0,2.7127870000000003e-23,9.626798e-25,0.0,0.00010903157
0.0,0.0,1.8488541e-23,2.2706067e-25,0.0,3.0701118e-05
0.0,0.0,9.675913e-23,2.2266713e-24,0.0,1.2241586e-05
0.0,0.0,3.3731648e-23,8.561564e-25,0.0,3.5205665e-06
0.0,0.0,7.134713e-22,1.9674476e-25,0.0,0.00134397
0.0,0.0,7.468536e-22,4.1387507e-26,0.0,0.0016674248
0.0,0.0,5.0899643e-22,4.146598e-24,0.0,0.00081900315
0.0,0.0,1.1208026e-22,1.0326008e-24,0.0,0.00021926554
0.0,0.0,9.905057e-23,2.5702772e-25,0.0,6.0644245e-05
0.0,0.0,7.2965576e-23,4.8877033e-26,0.0,1.6550124e-05
0.0,0.0,3.512115e-21,1.0701718e-26,0.0,6.727364e-06
0.0,0.0,1.3854933e-20,2.9039744e-27,0.0,1.7909722e-06
0.0,0.0,5.327128e-21,5.342022e-26,0.0,4.0487964e-07
0.0,0.0,3.455306e-21,1.4174114e-26,0.0,8.7379966e-08
0.0,0.0,2.7498729e-21,2.6573244e-27,0.0,1.799257e-05
0.0,0.0,6.1319499999999986e-21,4.711729e-28,0.0,2.4357896e-05
0.0,0.0,5.349189e-21,9.950527e-29,0.0,7.270682e-06
0.0,0.0,2.6638164e-21,7.4615485e-28,0.0,1.6044701e-06
0.0,0.0,1.8290906000000002e-21,4.980484e-28,0.0,3.8062564e-07
0.0,0.0,8.631393e-22,9.819371e-29,0.0,9.521853e-08
0.0,0.0,8.62572e-22,2.4030725e-29,0.0,3.1886735e-08
0.0,0.0,7.622519999999999e-22,1.2584123e-29,0.0,6.7937713e-09
0.0,0.0,6.735995700000002e-22,6.0288853e-27,0.0,7.491377e-08
0.0,0.0,1.9100432000000002e-21,5.1033094e-26,0.0,2.7987674e-08
0.0,0.0,1.206036e-20,1.0333502e-26,0.0,7.402107e-09
0.0,0.0,1.0657632e-20,1.803509e-27,0.0,1.3861281e-09
0.0,0.0,4.3635629999999997e-20,4.8986996e-28,0.0,2.1193205e-06
0.0,0.0,1.2525455999999998e-19,1.1811163e-28,0.0,1.6681572e-06
0.0,0.0,5.6234155e-20,1.1375396e-29,0.0,3.7951608e-07
0.0,0.0,4.7456635e-20,2.1891775e-30,0.0,9.0726616e-08
0.0,0.0,4.409789e-20,4.3190234e-31,0.0,2.2992582e-08
0.0,0.0,2.1930574e-20,7.015339e-30,0.0,6.015277e-09
0.0,0.0,2.1915806e-20,3.256278e-30,0.0,8.8566225e-08
0.0,0.0,1.9366613e-20,6.958723000000001e-31,0.0,1.8829e-08
0.0,0.0,1.0795509e-20,7.790644e-30,0.0,3.72575e-09
0.0,0.0,9.883150999999999e-21,1.8789538e-30,0.0,7.0205813e-10
0.0,0.0,9.421021e-21,3.993579e-31,0.0,1.416289e-10
0.0,0.0,9.4146765e-21,8.266618e-32,0.0,2.1936388e-11
0.0,0.0,6.181365e-21,1.6613661e-32,0.0,4.0105055e-12
0.0,0.0,3.445671e-21,2.4933515e-33,0.0,7.161327e-13
0.0,0.0,3.4433505e-21,6.3994463e-34,0.0,4.64266e-08
0.0,0.0,3.0414088e-21,7.716739e-35,0.0,3.1279768e-08
0.0,0.0,2.4412784000000006e-21,1.3927211e-34,0.0,6.1941465e-09
0.0,0.0,2.4396343000000002e-21,2.7332947e-35,0.0,1.7185806e-09
0.0,0.0,1.6625411e-21,4.1744983e-36,0.0,1.7265445e-10
0.0,0.0,1.6614215000000001e-21,1.0413687e-34,0.0,3.330859e-11
0.0,0.0,1.4681691e-21,2.9849148e-35,0.0,6.055121e-12
0.0,0.0,1.4671804e-21,5.481447e-36,0.0,1.2292477e-12
0.0,0.0,1.4661924e-21,9.126162e-37,0.0,2.2229668e-13
0.0,0.0,1.4652051e-21,2.1894468e-37,0.0,5.2689505e-14
0.0,0.0,1.4642183e-21,2.9337764000000003e-38,0.0,1.2433739e-14
0.0,0.0,5.740345000000002e-22,4.9306704e-38,0.0,2.1307673e-15
0.0,0.0,5.7364794000000015e-22,1.3190962e-38,0.0,4.458129e-16
0.0,0.0,3.6386478000000003e-22,1.499174e-39,0.0,8.045735e-17
0.0,0.0,2.1651193e-22,3.68585e-40,0.0,1.1040830000000001e-17
0.0,0.0,2.9791036e-20,6.6469e-41,0.0,6.8063527e-15
0.0,0.0,1.7569294e-20,3.5939e-41,0.0,2.778466e-15
0.0,0.0,1.552537e-20,3.5701e-41,0.0,5.799399e-16
0.0,0.0,1.5514611e-20,3.1670000000000003e-42,0.0,7.514574e-17
0.0,0.0,7.321011e-21,1.7084060000000002e-39,0.0,1.5286352e-17
0.0,0.0,7.3159375e-21,6.076760000000001e-40,0.0,2.4905608e-18
0.0,0.0,2.8680961000000006e-21,1.44096e-40,0.0,4.0496462e-19
0.0,0.0,2.8661083e-21,2.3608e-41,0.0,1.6597637e-17
0.0,0.0,1.8179362e-21,5.018000000000001e-42,0.0,4.1716687e-18
0.0,0.0,1.8166762e-21,1.3470000000000003e-42,0.0,1.0421516e-18
0.0,0.0,3.3194047e-20,1.2177e-41,0.0,2.6095832e-19
0.0,0.0,3.7733863e-20,1.2999999999999998e-43,0.0,5.877992e-20
0.0,0.0,3.770726e-20,1.8000000000000002e-44,0.0,1.0749076e-20
0.0,0.0,1.543281e-20,4.000000000000001e-45,0.0,2.1029088e-21
0.0,0.0,6.6079263e-21,1e-45,0.0,3.869839e-22
0.0,0.0,6.6032673e-21,0.0,0.0,5.8287184e-23
0.0,0.0,5.835007e-21,0.0,0.0,8.502776e-24
0.0,0.0,5.830893e-21,0.0,0.0,1.7214562000000002e-24
0.0,0.0,5.8267822e-21,0.0,0.0,3.572575e-25
0.0,0.0,5.822674e-21,0.0,0.0,6.0609977e-26
0.0,0.0,5.818569e-21,0.0,0.0,8.811493e-27
0.0,0.0,5.141605e-21,0.0,0.0,1.8766957e-27
0.0,0.0,2.55692e-21,0.0,0.0,3.4872014e-28
0.0,0.0,2.5551173000000007e-21,0.0,0.0,6.251471000000001e-29
0.0,0.0,2.257841e-21,0.0,0.0,9.5128345e-30
0.0,0.0,2.2562492e-21,0.0,0.0,2.789267e-30
0.0,0.0,1.4310931e-21,0.0,0.0,3.8192536e-31
0.0,0.0,1.0541043e-21,0.0,0.0,1.0438082e-24
0.0,0.0,1.0533611000000001e-21,0.0,0.0,3.3510607e-25
0.0,0.0,7.178128000000002e-22,0.0,0.0,6.151606e-26
0.0,0.0,6.342985400000002e-22,0.0,0.0,9.483026e-27
0.0,0.0,6.3385133e-22,0.0,0.0,1.5523565e-27
0.0,0.0,2.7139857000000004e-22,0.0,0.0,3.3565586e-28
0.0,0.0,2.3982258000000003e-22,0.0,0.0,4.5649472e-29
0.0,0.0,1.9241691e-22,0.0,0.0,8.5467414e-30
0.0,0.0,6.702678e-23,0.0,0.0,1.5098035e-30
0.0,0.0,6.697952000000001e-23,0.0,0.0,2.6943647e-31
0.0,0.0,5.918676e-23,0.0,0.0,4.5390565e-32
0.0,0.0,5.914503000000001e-23,0.0,0.0,5.4207455e-33
0.0,0.0,5.9103333e-23,0.0,0.0,1.9378729e-28
0.0,0.0,2.9490006e-23,0.0,0.0,1.4750942e-28
0.0,0.0,1.5446149e-23,0.0,0.0,2.9141433e-29
0.0,0.0,1.5435258e-23,0.0,0.0,4.2634778e-30
0.0,0.0,1.0798114e-23,0.0,0.0,8.347407000000001e-31
0.0,0.0,6.2666534000000006e-24,0.0,0.0,1.5927041e-31
0.0,0.0,2.3314547e-24,0.0,0.0,2.544305e-32
0.0,0.0,4.844265e-25,0.0,0.0,4.9072294e-33
0.0,0.0,4.066252e-24,0.0,0.0,1.1648465e-33
0.0,0.0,4.9533432e-24,0.0,0.0,1.397673e-17
0.0,0.0,1.01121744e-25,0.0,0.0,6.730577599999999e-18
0.0,0.0,4.217702e-26,0.0,0.0,1.4342091e-18
0.0,0.0,1.7626653000000002e-26,0.0,0.0,3.1898424e-19
0.0,0.0,1.3188382000000002e-26,0.0,0.0,6.2035e-20
0.0,0.0,9.71376e-27,0.0,0.0,4.210732e-15
0.0,0.0,7.154564e-27,0.0,0.0,1.396537e-15
0.0,0.0,1.6822353000000003e-27,0.0,0.0,3.3711925000000003e-16
0.0,0.0,2.2025993e-29,0.0,0.0,9.563012e-17
0.0,0.0,1.2500606e-30,6.46e-43,0.0,2.3721356e-17
0.0,0.0,6.2161434e-31,9.540000000000001e-43,0.0,6.0205745e-18
0.0,0.0,3.2210334e-31,1.84e-43,0.0,1.6270476000000002e-16
0.0,0.0,9.108773e-32,3.8e-44,0.0,8.155275000000001e-17
0.0,0.0,1.7648195e-32,1e-44,0.0,2.4800243e-17
0.0,0.0,2.87854e-33,3e-45,0.0,9.080294e-12
0.0,0.0,5.5038964e-35,0.0,0.0,3.2400471e-12
0.0,0.0,4.364698e-36,1.0836004e-38,0.0,1.0361988e-12
0.0,0.0,2.0861289e-36,3.926728e-39,0.0,2.7999356e-13
0.0,0.0,6.8454e-36,1.520762e-39,0.0,1.0485393e-07
0.0,0.0,4.2270476e-36,7.376601e-38,0.0,8.486939e-08
0.0,0.0,3.113142e-36,2.3051396e-38,0.0,2.126041e-08
0.0,0.0,1.6361114e-36,6.173626e-39,0.0,0.0031349289
0.0,0.0,1.1147896e-36,1.0528047000000001e-21,0.0,0.025724977
0.0,0.0,8.715153e-37,2.9654266e-22,0.0,0.003469532
0.0,0.0,1.2494723e-35,6.948110000000001e-23,0.0,0.0033719926
0.0,0.0,1.9454444e-33,7.447356000000002e-22,0.0,0.02300799
0.0,0.0,6.6540515e-34,3.3724155000000005e-22,0.0,0.00366088
0.0,0.0,1.7426826000000002e-32,1.04105475e-22,0.0,0.010627563
0.0,0.0,1.143527e-30,2.9401108e-23,0.0,0.012105612
0.0,0.0,7.3828984e-28,6.402324e-24,0.0,0.015567603
0.0,0.0,7.619474399999998e-25,2.2254459999999998e-24,0.0,0.009478915
0.0,0.0,2.8816115e-25,8.635836e-25,0.0,0.032113668
0.0,0.0,1.1294623e-25,7.462334e-25,0.0,0.0077130185
0.0,0.0,3.833395e-26,2.8808692e-25,0.0,0.037625466
0.0,0.0,1.218224e-24,9.607374500000001e-24,0.0,0.0030470032
0.0,0.0,6.880185300000002e-22,1.8474608e-23,0.0,0.00809724
0.0,0.0,7.704262e-22,5.2215985e-24,0.0,0.029608097
0.0,0.0,3.410385e-18,1.589496e-24,0.0,0.0041303113
0.0,0.0,2.0333791e-18,1.2915259e-20,0.0,0.016985692
0.0,0.0,1.3853029e-18,9.805192e-20,0.0,0.0040674657
0.0,0.0,8.784522e-19,2.6410093e-20,0.0,0.01698114
0.0,0.0,4.3138198e-19,9.125789999999999e-21,0.0,0.0087245945
0.0,0.0,4.1794438e-18,2.4334753e-21,0.0,0.015305942
0.0,0.0,3.5500445e-17,6.913701e-18,0.0,0.039924383
0.0,0.0,1.9783297000000002e-17,2.7591422e-18,0.0,0.010611496
0.0,0.0,3.6914304e-18,1.1100823e-17,0.0,0.014856948
0.0,0.0,1.786961e-18,6.2686810000000004e-18,0.0,0.03230057
0.0,0.0,1.745797e-18,2.9304735000000003e-16,0.0,0.0120920595
0.0,0.0,3.1185222e-17,4.1011e-16,0.0,0.005955188
0.0,0.0,5.1478067e-17,1.2364389e-16,0.0,0.025090747
0.0,0.0,1.6202476e-15,8.958426e-14,0.0,0.024278244
0.0,0.0,9.085419e-16,1.936103e-10,0.0,0.00574409
0.0,0.0,4.4271103000000006e-16,6.402767e-11,0.0,0.02252839
0.0,0.0,4.0333896e-15,1.7209947e-11,0.0,0.005299236
0.0,0.0,5.7199076e-15,1.1516108e-11,0.0,0.020592378
0.0,0.0,1.0892868e-15,3.937881e-12,0.0,0.005508542
0.0,0.0,2.6363218e-16,1.2284264e-12,0.0,0.011494672
0.0,0.0,5.5789514e-17,1.2142497e-12,0.0,0.030318152
0.0,0.0,5.6792007e-14,0.008494252,0.0,0.01561452
0.0,0.0,3.5595557e-14,0.017552545,0.0,0.05490656
0.0,0.0,2.8550574e-14,0.014391106,0.0,0.013838462
0.0,0.0,2.1023083e-14,0.014452274,0.0,0.031201934
0.0,0.0,1.4321753e-14,0.013796493,0.0,0.004668065
0.0,0.0,7.5254075e-15,4.4925505e-06,0.0,0.00644205
0.0,0.0,6.035998e-15,1.0304789e-06,0.0,0.011290893
0.0,0.0,1.2565055e-13,3.5053347e-07,0.0,0.031891894
0.0,0.0,5.0935618e-14,0.012734109,0.0,0.0068922914
0.0,0.0,1.2190549e-14,0.01613526,0.0,0.016879234
0.0,0.0,4.893643e-15,0.01559899,0.0,0.017716583
0.0,0.0,6.509282e-13,0.008768656,0.0,0.0071722646
0.0,0.0,1.6160189e-13,0.01333622,0.0,0.033019006
0.0,0.0,3.4005567e-12,0.017293243,0.0,0.0035853786
0.0,0.0,9.712364e-12,0.021901736,0.0,0.010621567
0.0,0.0,4.7710178e-12,0.009677474,0.0,0.015418513
0.0,0.0,8.6087897e-13,0.0067543546,0.0,0.014307055
0.0,0.0,3.5222175e-13,0.010341089,0.0,0.03631982
0.0,0.0,2.0799916e-13,0.0067241658,0.0,0.0057113213
0.0,0.0,7.0406334e-14,0.0050763343,0.0,0.013111426
0.0,0.0,1.3808405e-12,0.0031928392,0.0,0.024489133
0.0,0.0,6.2101214e-12,0.0013753006,0.0,0.0036880344
0.0,0.0,1.0097768e-11,0.00027395392,0.0,0.0060127336
0.0,0.0,2.0182384e-12,0.00022625792,0.0,0.011777277
0.0,0.0,5.6408654e-13,6.949344e-05,0.0,0.0053230426
0.0,0.0,1.9642586e-13,1.83877e-05,0.0,0.009078974
0.0,0.0,1.4463059e-13,4.926996e-06,0.0,0.017973054
0.0,0.0,3.919697e-14,1.0377934e-06,0.0,0.0072678165
0.0,0.0,2.8903278e-14,2.6864151e-07,0.0,0.0140240295
0.0,0.0,7.105755e-15,9.691137e-08,0.0,0.016109716
0.0,0.0,4.5054364e-15,2.1902247e-08,0.0,0.012728058
0.0,0.0,2.2947668e-15,5.3160125e-09,0.0,0.011441056
0.0,0.0,1.1961133e-15,7.4690587e-10,0.0,0.0111230435
0.0,0.0,4.0803553e-13,3.9916304e-10,0.0,0.020167742
0.0,0.0,3.259462e-13,1.3763203e-10,0.0,0.0046755993
0.0,0.0,1.7332959e-13,9.685601e-09,0.0,0.00693134
0.0,0.0,8.6004425e-14,4.1586894e-09,0.0,0.006774327
0.0,0.0,5.8586315e-14,6.1688195e-05,0.0,0.006681358
0.0,0.0,3.9909065e-14,6.6945904e-05,0.0,0.012595464
0.0,0.0,2.1777265e-14,4.8704423e-09,0.0,0.011721393
0.0,0.0,1.4834698e-14,8.152078e-11,0.0,0.015707118
0.0,0.0,6.4317685e-15,2.4915017e-09,0.0,0.011240019
0.0,0.0,5.033343e-15,3.571086e-10,0.0,0.024745714
0.0,0.0,1.6159008e-15,3.165833e-07,0.0,0.0076820604
0.0,0.0,7.5283124e-16,1.2496587e-07,0.0,0.013132611
0.0,0.0,4.465190300000001e-16,3.1387966e-08,0.0,0.0129360035
0.0,0.0,2.5087822e-16,7.351263e-09,0.0,0.013272112
0.0,0.0,1.01115815e-16,1.8765363e-09,0.0,0.016527884
0.0,0.0,8.109867000000001e-17,4.311969e-10,0.0,0.014148011
0.0,0.0,1.9937604e-17,9.0487326e-11,0.0,0.019796597
0.0,0.0,8.533654e-18,2.3970374e-11,0.0,0.007966485
0.0,0.0,6.6554208e-15,5.9879593e-12,0.0,0.011742921
0.0,0.0,4.2383377e-15,1.4055324e-12,0.0,0.010829216
0.0,0.0,7.5456527e-16,3.5355855e-13,0.0,0.013342714
0.0,0.0,1.3531406e-16,3.9076396e-05,0.0,0.022264235
0.0,0.0,4.8926648e-17,1.3840755e-05,0.0,0.0036429658
0.0,0.0,3.9240650000000004e-17,2.2283325e-06,0.0,0.0026436115
0.0,0.0,2.8892787e-17,6.3155755e-07,0.0,0.0013524918
0.0,0.0,6.728535e-17,1.3519204e-07,0.0,0.0005755665
0.0,0.0,4.1653798e-17,3.1364674e-08,0.0,0.00012974252
0.0,0.0,2.3922899e-17,7.5178175e-09,0.0,3.7524176e-05
0.0,0.0,1.5719391e-17,2.2251199e-09,0.0,1.2429094e-05
0.0,0.0,5.6837437e-18,5.379187e-10,0.0,0.0030279441
0.0,0.0,2.1375735e-18,1.0482212e-10,0.0,0.00262062
0.0,0.0,1.0626087999999998e-18,3.2080786e-11,0.0,0.0022152173
0.0,0.0,5.334833e-19,8.256305e-12,0.0,0.0015458929
0.0,0.0,9.528795e-16,8.9766036e-05,0.0,0.0031099007
0.0,0.0,1.3237062e-15,5.4110555e-05,0.0,0.015536914
0.0,0.0,8.392627400000002e-16,1.34917045e-05,0.0,0.008815338
0.0,0.0,5.1940628e-15,3.4832728e-06,0.0,0.022966316
0.0,0.0,2.9624376e-15,9.0952545e-07,0.0,0.006646504
0.0,0.0,1.0646475e-15,2.3180867e-07,0.0,0.010891054
0.0,0.0,6.143152e-16,4.9467115e-08,0.0,0.023821255
0.0,0.0,1.1183106000000002e-16,1.5766222e-08,0.0,0.0054809824
0.0,0.0,5.601008000000001e-17,4.647105e-09,0.0,0.015717484
0.0,0.0,4.9473232e-17,1.1197182e-09,0.0,0.0050411876
0.0,0.0,3.1366983000000003e-17,3.3701403e-10,0.0,0.01212896
0.0,0.0,3.1331997e-17,0.004879454,0.0,0.014929301
0.0,0.0,2.5128286e-17,0.006212441,0.0,0.015528189
0.0,0.0,1.6141699000000002e-16,0.0030796598,0.0,0.01415041
0.0,0.0,3.8079887e-15,0.0015465586,0.0,0.02191085
0.0,0.0,1.4977926e-15,0.00032593383,0.0,0.013398555
0.0,0.0,6.642351e-16,6.658138e-05,0.0,0.015563552
0.0,0.0,5.070606600000001e-16,1.6486045e-05,0.0,0.011613774
0.0,0.0,1.8333341e-16,5.835228e-06,0.0,0.034161717
0.0,0.0,1.6193496000000002e-16,1.6324764e-06,0.0,0.0040472844
0.0,0.0,6.342073000000001e-17,8.148142e-09,0.0,0.0044336542
0.0,0.0,2.0957738e-13,4.9966435e-08,0.0,0.008696454
0.0,0.0,1.1774224e-13,9.923586e-11,0.0,0.019994969
0.0,0.0,3.882067e-14,2.3482842e-11,0.0,0.011061505
0.0,0.0,1.6259877e-14,7.283428e-12,0.0,0.007185222
0.0,0.0,1.1971403e-14,1.860485e-12,0.0,0.022850953
0.0,0.0,2.884396e-15,5.2577506e-13,0.0,0.0040411986
0.0,0.0,1.0011858e-15,1.4399246e-13,0.0,0.009004794
0.0,0.0,6.8196285e-16,3.541104e-14,0.0,0.020790864
0.0,0.0,4.3236813000000005e-16,9.743421e-15,0.0,0.012261978
0.0,0.0,2.0393467e-16,2.4391699e-15,0.0,0.0075977445
0.0,0.0,1.1362632e-16,6.1561917e-10,0.0,0.019161718
0.0,0.0,3.9563857e-17,1.6765496e-10,0.0,0.0063157235
0.0,0.0,2.6737148e-17,4.6244866e-11,0.0,0.014839992
0.0,0.0,5.576106e-18,1.0649234e-11,0.0,0.013659604
0.0,0.0,2.2812034e-18,2.7798926e-12,0.0,0.014200688
0.0,0.0,1.3529353e-18,7.055241e-13,0.0,0.014439891
0.0,0.0,6.0713113e-19,1.8280303e-13,0.0,0.016851936
0.0,0.0,1.4557884e-19,4.8607538e-14,0.0,0.013213462
0.0,0.0,9.324575e-20,0.0006321215,0.0,0.044362135
0.0,0.0,6.18742e-20,0.0014761719,0.0,0.008815157
0.0,0.0,4.028225e-20,0.00049170665,0.0,0.0138346655
0.0,0.0,1.4921703e-20,0.00013322999,0.0,0.023993975
0.0,0.0,6.69607e-21,3.161139e-05,0.0,0.008820826
0.0,0.0,4.300891e-21,8.151836e-06,0.0,0.007853547
0.0,0.0,3.4089805000000004e-21,2.1983537e-06,0.0,0.031048318
0.0,0.0,4.2685435e-18,4.589e-07,0.0,0.0043891734
0.0,0.0,2.6997215e-18,1.4582706e-07,0.0,0.004324696
0.0,0.0,1.9876428e-18,4.194344e-08,0.0,0.00839792
0.0,0.0,8.854889e-19,5.598337e-09,0.0,0.020705827
0.0,0.0,2.887353e-19,0.0018238708,0.0,0.006560387
0.0,0.0,1.7123972999999998e-19,0.0009420086,0.0,0.011525505
0.0,0.0,1.1663856999999998e-19,0.00038456707,0.0,0.030979834
0.0,0.0,1.1650366e-19,9.173328e-05,0.0,0.02386734
0.0,0.0,4.973255000000001e-17,2.3913792e-05,0.0,0.0039601703
0.0,0.0,1.12766936e-17,5.847551e-06,0.0,0.0033166278
0.0,0.0,3.0928995e-15,1.090132e-06,0.0,0.0028563996
0.0,0.0,1.4674229e-15,2.6187215e-07,0.0,0.001996653
0.0,0.0,2.812978e-16,6.367959e-08,0.0,0.0014820831
0.0,0.0,1.2254301e-14,2.4265673e-05,0.0,0.0006341911
0.0,0.0,8.5097334e-15,8.7023e-06,0.0,0.00015862072
0.0,0.0,3.2291789e-15,1.7644436e-06,0.0,3.8129085e-05
0.0,0.0,6.056198e-16,4.880429e-07,0.0,0.015314433
0.0,0.0,1.0403857e-13,1.11679874e-07,0.0,0.0061499206
0.0,0.0,4.3165138e-13,2.403305e-08,0.0,0.010161541
0.0,0.0,1.0516493e-12,5.3436784e-09,0.0,0.011924261
0.0,0.0,4.2815512e-13,1.2044558e-09,0.0,0.012345373
0.0,0.0,3.3852157e-11,2.4301672e-10,0.0,0.00752346
0.0,0.0,1.5186866e-10,5.2480277e-11,0.0,0.010764756
0.0,0.0,7.162622e-11,1.29285116e-11,0.0,0.018496817
0.0,0.0,1.6723286e-11,4.2542406e-12,0.0,0.0069276327
0.0,0.0,3.5587679e-12,5.9523556e-13,0.0,0.004267779
0.0,0.0,2.6199553e-12,1.13254756e-13,0.0,0.0017716639
0.0,0.0,1.9288041e-12,2.3887811e-14,0.0,0.00065442914
0.0,0.0,1.6201925e-12,2.844897e-14,0.0,0.00018487261
0.0,0.0,1.0599579e-12,5.8030314e-10,0.0,5.1348678e-05
0.0,0.0,4.4153475e-13,3.3755487e-10,0.0,1.3498147e-05
0.0,0.0,2.0233885e-13,6.8815835e-11,0.0,3.4047682e-06
0.0,0.0,5.2115708e-14,1.7736874e-11,0.0,8.7068906e-07
0.0,0.0,3.6139227e-14,2.7945274e-12,0.0,0.0035140493
0.0,0.0,1.462981e-14,5.6101114e-13,0.0,0.0027032732
0.0,0.0,1.2921108e-14,1.375704e-13,0.0,0.0003404725
0.0,0.0,1.03564796e-14,1.7685111e-14,0.0,0.00010039338
0.0,0.0,3.7449834e-15,3.2005502e-15,0.0,2.0951853e-05
0.0,0.0,1.0425711e-15,6.4572614e-16,0.0,5.594831e-06
0.0,0.0,8.3605995e-16,1.1414863000000002e-16,0.0,1.0737922e-06
0.0,0.0,2.7191761e-16,1.285492e-16,0.0,2.951383e-07
0.0,0.0,8.77168e-14,3.945615e-17,0.0,6.463978e-08
0.0,0.0,1.2911586e-13,6.6335900000000015e-19,0.0,1.3696013e-08
0.0,0.0,1.03539776e-13,4.003169e-14,0.0,2.356532e-09
0.0,0.0,8.3029964e-14,1.4035666e-14,0.0,4.321113e-10
0.0,0.0,3.553286e-14,2.7179689e-15,0.0,9.820979e-11
0.0,0.0,1.0496889e-14,4.4782796e-16,0.0,1.9178329e-11
0.0,0.0,3.847517e-15,7.7592897e-17,0.0,2.9966806e-12
0.0,0.0,1.6465535e-15,5.4271873e-17,0.0,8.350428e-07
0.0,0.0,9.764527e-16,1.0274442000000001e-17,0.0,5.5726605e-07
0.0,0.0,2.4131887e-16,3.377283e-19,0.0,1.0609738e-07
0.0,0.0,2.1313178e-16,7.6390065e-20,0.0,1.603133e-08
0.0,0.0,2.1287093000000003e-16,1.2532185e-20,0.0,2.8214726e-09
0.0,0.0,1.880067e-16,2.187441e-21,0.0,5.8064176e-10
0.0,0.0,5.4688054e-17,3.846068e-22,0.0,1.1650211e-10
0.0,0.0,2.7465820000000006e-17,1.4724178000000002e-22,0.0,2.0807236e-11
0.0,0.0,2.3794353e-17,1.5475873e-23,0.0,1.736299e-10
0.0,0.0,8.9624374e-18,8.8884185e-24,0.0,5.3209034e-11
0.0,0.0,3.2618174e-18,5.157906399999998e-25,0.0,1.0750472e-11
0.0,0.0,2.8808232e-18,2.5939488e-24,0.0,2.073235e-12
0.0,0.0,1.4936767999999998e-18,6.448249e-15,0.0,7.5344716e-13
0.0,0.0,6.7786174e-19,4.776965e-15,0.0,1.7955362e-13
0.0,0.0,6.7703213e-19,1.817654e-15,0.0,1.0335624e-13
0.0,0.0,5.4292134e-19,5.670421e-16,0.0,2.1740713e-14
0.0,0.0,4.795057999999999e-19,8.8526484e-17,0.0,4.8377046e-15
0.0,0.0,4.2349747e-19,3.082212e-17,0.0,1.1049129e-15
0.0,0.0,2.2248119e-19,9.797411e-18,0.0,6.689389e-16
0.0,0.0,2.222089e-19,2.1483746e-18,0.0,4.761855e-16
0.0,0.0,1.9625394e-19,5.5000516e-19,0.0,8.1639934e-17
0.0,0.0,1.7333064e-19,8.306037999999999e-21,0.0,1.6529027e-17
0.0,0.0,1.7311851e-19,1.6913859e-21,0.0,2.6012822e-18
0.0,0.0,1.7290664e-19,2.4858264000000004e-22,0.0,5.169736999999999e-19
0.0,0.0,1.7269501999999998e-19,4.6509582e-23,0.0,1.03066394e-19
0.0,0.0,1.7248366e-19,9.3687235e-24,0.0,2.3828675999999998e-20
0.0,0.0,1.5233682999999998e-19,7.823104e-24,0.0,4.3987522000000004e-21
0.0,0.0,6.231612e-20,4.5119787e-25,0.0,7.808714e-22
0.0,0.0,6.2239855e-20,8.8292745e-26,0.0,1.4189985000000002e-22
0.0,0.0,5.496997e-20,1.6017682000000002e-26,0.0,2.4749489e-23
0.0,0.0,3.2598745e-20,2.8813172e-27,0.0,4.368035e-24
0.0,0.0,1.6202948e-20,5.0794775e-28,0.0,7.867362e-25
0.0,0.0,1.6183117e-20,9.055372e-29,0.0,1.3869638e-25
0.0,0.0,1.3467719e-20,1.572507e-29,0.0,2.6374695e-26
0.0,0.0,4.506057e-16,2.9321693e-30,0.0,4.6746973e-27
0.0,0.0,8.0351536e-16,5.2186913e-31,0.0,8.17974e-28
0.0,0.0,7.0965426e-16,9.7455864e-32,0.0,3.4429963e-12
0.0,0.0,3.0369511000000003e-16,1.8374615e-32,0.0,1.5225563e-12
0.0,0.0,2.6821952000000004e-16,3.8531026e-33,0.0,1.9837357e-13
0.0,0.0,2.3688798e-16,3.8019140000000003e-29,0.0,4.2250505e-14
0.0,0.0,2.3659568000000003e-16,2.1908186e-34,0.0,6.6753354e-15
0.0,0.0,2.3630377000000003e-16,4.1308384e-35,0.0,1.564292e-07
0.0,0.0,8.22714e-17,9.0914214e-36,0.0,3.2322628e-08
0.0,0.0,6.089957e-17,1.7748171e-36,0.0,5.712873e-09
0.0,0.0,2.7237258e-17,1.1745084e-33,0.0,9.904553e-10
0.0,0.0,2.7203651e-17,5.452969700000001e-38,0.0,1.8991894e-10
0.0,0.0,2.7170086e-17,2.9620000000000003e-25,0.0,2.7867486e-11
0.0,0.0,2.7136562e-17,3.3794592e-24,0.0,5.5646716e-12
0.0,0.0,2.7103079e-17,7.182712e-25,0.0,9.214484e-13
0.0,0.0,2.7069636e-17,1.4415892e-25,0.0,1.5248931e-13
0.0,0.0,2.7036236000000002e-17,2.5013328e-26,0.0,2.8240876e-14
0.0,0.0,2.7002878e-17,4.588548e-27,0.0,5.097328e-15
0.0,0.0,1.9879061e-17,8.184823000000001e-28,0.0,9.501796e-16
0.0,0.0,1.9854533e-17,1.458591e-28,0.0,1.65361e-16
0.0,0.0,1.4616570000000002e-17,9.997842e-29,0.0,3.859096e-17
0.0,0.0,1.4598535e-17,2.468435e-29,0.0,7.659827e-18
0.0,0.0,1.4580522e-17,8.378274000000001e-31,0.0,1.125106e-18
0.0,0.0,6.542393e-18,4.230618e-30,0.0,1.7453931e-19
0.0,0.0,6.534321e-18,1.204132e-30,0.0,2.9660897e-20
0.0,0.0,6.5262586e-18,5.1120655e-33,0.0,5.738609500000001e-21
0.0,0.0,6.518206e-18,8.908556999999999e-34,0.0,1.1303625e-21
0.0,0.0,2.3564806e-18,1.5480524e-34,0.0,1.7697693000000002e-22
0.0,0.0,2.353573e-18,2.6835787e-35,0.0,3.2018924e-23
0.0,0.0,2.350669e-18,4.6656023e-36,0.0,3.1547477e-16
0.0,0.0,2.3477687e-18,8.161912e-37,0.0,8.426486e-17
0.0,0.0,1.1072628999999998e-18,1.4620384e-37,0.0,1.6528625000000002e-17
0.0,0.0,8.282074499999999e-19,2.5741393e-38,0.0,2.6445589e-18
0.0,0.0,4.316874e-19,1.0529267e-34,0.0,5.480153999999999e-19
0.0,0.0,2.7254627e-18,8.08073e-40,0.0,7.6899266e-20
0.0,0.0,2.7220736e-18,1.1015767e-35,0.0,1.8639949999999998e-20
0.0,0.0,1.2303689e-18,2.4377e-41,0.0,3.3013824e-21
0.0,0.0,6.0662603e-19,3.2537546e-36,0.0,6.8007413e-22
0.0,0.0,6.058716999999999e-19,7.67e-43,0.0,1.3537527000000002e-22
0.0,0.0,3.3753777e-19,8.6706203e-32,0.0,3.266109e-23
0.0,0.0,3.3711803e-19,1.9111475e-32,0.0,8.102578e-24
0.0,0.0,3.3669883e-19,4.2677795e-33,0.0,1.9101166e-24
0.0,0.0,3.3628012e-19,1.0042256e-33,0.0,4.7429285999999995e-25
0.0,0.0,2.4756133e-19,1.9124804e-34,0.0,5.4296113e-11
0.0,0.0,1.9851891e-19,2.5999203e-35,0.0,1.7275686e-11
0.0,0.0,1.7532761e-19,7.216915e-36,0.0,4.260372e-12
0.0,0.0,1.03972176e-19,1.6299281e-36,0.0,1.1097874e-12
0.0,0.0,5.547367e-20,2.3835905e-37,0.0,2.966579e-13
0.0,0.0,2.4569355e-20,5.6541345e-38,0.0,6.476635e-14
0.0,0.0,2.1699122e-20,1.2842043e-38,0.0,1.7851397e-14
0.0,0.0,1.7400481e-20,3.132498e-39,0.0,5.7562665e-15
0.0,0.0,1.7378843e-20,7.94508e-40,0.0,2.0077493e-15
0.0,0.0,1.3936059999999998e-20,1.3667681e-24,0.0,3.5546822e-05
0.0,0.0,1.2308026e-20,6.0829055e-25,0.0,1.8901455e-05
0.0,0.0,2.9588792e-21,1.5581598e-25,0.0,7.0155347e-06
0.0,0.0,8.727869e-22,4.2947269999999996e-26,0.0,2.3912405e-06
0.0,0.0,4.862391000000002e-22,1.3128129999999998e-26,0.0,7.105941e-07
0.0,0.0,4.856345e-22,2.8342228e-27,0.0,0.0016124905
0.0,0.0,2.3749502e-20,9.317395e-28,0.0,0.030070074
0.0,0.0,1.34742794e-20,2.7006719e-28,0.0,0.0033966606
0.0,0.0,3.3077899e-21,6.3492536e-29,0.0,0.008327796
0.0,0.0,4.9463043e-22,3.3967355e-16,0.0,0.028758038
0.0,0.0,4.5770652000000005e-24,1.4243067e-16,0.0,0.008982307
0.0,0.0,7.4311874e-26,5.358358e-17,0.0,0.031309597
0.0,0.0,1.9938268e-26,1.2969269e-17,0.0,0.0040610433
0.0,0.0,2.6376966e-26,3.6503e-18,0.0,0.0071871732
0.0,0.0,1.7533643e-26,1.2601537e-18,0.0,0.03447921
0.0,0.0,3.2489523e-26,4.4257973e-19,0.0,0.019967757
0.0,0.0,5.2016463999999997e-20,1.5946671e-19,0.0,0.011691346
0.0,0.0,1.0692673e-19,5.375596e-20,0.0,0.044336677
0.0,0.0,3.7224498e-20,4.9566406e-17,0.0,0.007850437
0.0,0.0,1.755449e-20,7.7771144e-17,0.0,0.015028279
0.0,0.0,1.4075876e-20,2.4940088e-17,0.0,0.030244593
0.0,0.0,7.900923e-13,7.024056e-18,0.0,0.0038153585
0.0,0.0,9.395229e-13,2.5207204e-18,0.0,0.009809794
0.0,0.0,3.7453653e-13,7.6174944e-19,0.0,0.019042546
0.0,0.0,1.8211695e-13,2.2240746e-19,0.0,0.045774177
0.0,0.0,8.542753e-14,2.4687507e-12,0.0,0.0063602636
0.0,0.0,1.7467256e-14,5.5700466e-12,0.0,0.0351928
0.0,0.0,3.5457877e-15,1.8025432e-12,0.0,0.0042901956
0.0,0.0,1.9934692e-15,5.7529513e-13,0.0,0.027185172
0.0,0.0,1.1034407e-14,2.7128026e-12,0.0,0.009307197
0.0,0.0,8.847597e-15,1.0595448e-12,0.0,0.04708537
0.0,0.0,8.835727e-15,3.1557336e-13,0.0,0.013642188
0.0,0.0,7.802755e-15,4.489001e-05,0.0,0.06520281
0.0,0.0,5.9875887e-15,2.0994637e-05,0.0,0.01768462
0.0,0.0,2.0578404e-11,6.0786538e-06,0.0,0.02663157
0.0,0.0,6.1093114e-12,1.8771376e-06,0.0,0.017312666
0.0,0.0,1.0991518e-12,0.00593612,0.0,0.036909644
0.0,0.0,1.0976674e-12,0.017710453,0.0,0.006714967
0.0,0.0,7.4752227e-13,0.026774414,0.0,0.015865622
0.0,0.0,4.1640825e-13,0.010936704,0.0,0.039656553
0.0,0.0,4.158459e-13,0.0012193325,0.0,0.0068743224
0.0,0.0,4.1528432e-13,0.00010883925,0.0,0.013334645
0.0,0.0,1.8900231e-13,8.416928e-05,0.0,0.033803746
0.0,0.0,1.667973e-11,0.003009938,0.0,0.0062499256
0.0,0.0,6.062872e-12,0.0022374324,0.0,0.007846571
0.0,0.0,2.5305853e-08,0.0008538871,0.0,0.019891467
0.0,0.0,1.3085943e-08,0.0002840053,0.0,0.007671188
0.0,0.0,3.0236857e-09,6.364909e-05,0.0,0.009454149
0.0,0.0,2.6701155e-09,1.8192715e-05,0.0,0.029029638
0.0,0.0,1.9654258e-09,0.0009299949,0.0,0.004987601
0.0,0.0,1.5758712e-09,0.0010230123,0.0,0.00907271
0.0,0.0,1.5737122e-09,0.00026285418,0.0,0.027106747
0.0,0.0,1.5715562e-09,7.194111e-05,0.0,0.007509823
0.0,0.0,1.5694032e-09,1.7096136e-05,0.0,0.009952259
0.0,0.0,9.621223e-10,4.412839e-06,0.0,0.017541705
0.0,0.0,7.100764e-10,1.0690505e-06,0.0,0.011127095
0.0,0.0,2.739301e-10,1.9622269e-07,0.0,0.006927087
0.0,0.0,1.9886826e-10,4.9577746e-08,0.0,0.022767207
0.0,0.0,1.7561388e-10,1.4508183e-08,0.0,0.007830852
0.0,0.0,1.753733e-10,3.5623815e-09,0.0,0.017968616
0.0,0.0,6.180823e-06,9.280725e-10,0.0,0.0087506715
0.0,0.0,2.4954452e-06,2.0473007e-10,0.0,0.014307762
0.0,0.0,1.8897695e-06,0.0022958291,0.0,0.011948634
0.0,0.0,8.600396e-07,0.0020717797,0.0,0.021086868
0.0,0.0,5.6976023e-07,0.00052033307,0.0,0.0064563877
0.0,0.0,9.900193e-08,0.00014355259,0.0,0.013235817
0.0,0.0,9.8865165e-08,3.741598e-05,0.0,0.026518844
0.0,0.0,2.7148925e-08,8.862287e-06,0.0,0.010390623
0.0,0.0,5.0514695e-09,1.9741333e-06,0.0,0.017113384
0.0,0.0,1.960017e-07,5.595665e-07,0.0,0.027242811
0.0,0.0,1.9982103e-07,1.6164631e-07,0.0,0.010821722
0.0,0.0,1.1130632e-07,4.386528e-08,0.0,0.027784808
0.0,0.0,9.828903e-08,1.1394432e-08,0.0,0.0068867593
0.0,0.0,2.1465617e-08,2.136176e-09,0.0,0.009485904
0.0,0.0,1.721073e-08,5.7333305e-10,0.0,0.016382331
0.0,0.0,1.0908948e-08,1.3406311e-10,0.0,0.007457952
0.0,0.0,8.746591e-09,3.1239258e-11,0.0,0.008513844
0.0,0.0,4.568526e-09,5.109244e-12,0.0,0.009424353
0.0,0.0,1.0778551e-09,1.4926602e-12,0.0,0.020023858
0.0,0.0,2.7348807e-10,0.002556687,0.0,0.0041695507
0.0,0.0,4.391074e-06,0.0012225416,0.0,0.0045880135
0.0,0.0,2.6177893e-06,0.004114937,0.0,0.009012828
0.0,0.0,2.614129e-06,0.0021309415,0.0,0.025608826
0.0,0.0,2.0959408e-06,0.0006919194,0.0,0.0037051353
0.0,0.0,1.1674933e-06,0.00016734285,0.0,0.0033288898
0.0,0.0,8.5934767e-07,4.628687e-05,0.0,0.0147928335
0.0,0.0,5.4468904e-07,1.3052764e-05,0.0,0.008050911
0.0,0.0,2.985901e-07,3.7657235e-06,0.0,0.0126264
0.0,0.0,1.04972145e-07,6.509081e-07,0.0,0.014658136
0.0,0.0,9.269476e-08,1.5799694e-07,0.0,0.024316877
0.0,0.0,3.8545636e-08,4.1731283e-08,0.0,0.008002986
0.0,0.0,9.837084e-09,8.479015e-09,0.0,0.010689669
0.0,0.0,3.190676e-09,2.639641e-09,0.0,0.02612129
0.0,0.0,1.5951575e-09,5.041686e-10,0.0,0.004527423
0.0,0.0,9.390948e-10,1.06969086e-10,0.0,0.0047530066
0.0,0.0,5.568125e-10,2.8538836e-11,0.0,0.004722957
0.0,0.0,5.560339e-10,7.651299e-12,0.0,0.0029990915
0.0,0.0,2.3412325e-10,1.5992953e-12,0.0,0.0014813399
0.0,0.0,1.8771386e-10,3.8606664e-13,0.0,0.00062896
0.0,0.0,1.6575913e-10,0.0018730562,0.0,0.00018185988
0.0,0.0,1.6552736e-10,0.0020833437,0.0,5.292358e-05
0.0,0.0,1.652959e-10,0.0021763162,0.0,1.5668224e-05
0.0,0.0,9.207389e-11,0.0013325099,0.0,3.169744e-05
0.0,0.0,8.130507e-11,0.000823222,0.0,6.3011344e-06
0.0,0.0,7.179575e-11,0.00016400265,0.0,0.0031355394
0.0,0.0,3.3855e-11,4.5617227e-05,0.0,0.0030883953
0.0,0.0,2.989537e-11,1.0521396e-05,0.0,0.0065525207
0.0,0.0,1.2897052e-11,2.4455185e-06,0.0,0.009311459
0.0,0.0,7.093135e-12,4.7409608e-07,0.0,0.009854839
0.0,0.0,6.2635327e-12,1.244784e-07,0.0,0.020215476
0.0,0.0,3.5846738e-12,3.1918475e-08,0.0,0.006784354
0.0,0.0,2.6385415e-12,8.809205e-09,0.0,0.03232425
0.0,0.0,1.3112374e-12,2.2938897e-09,0.0,0.005490698
0.0,0.0,4.929851e-13,4.9969096e-10,0.0,0.007002682
0.0,0.0,4.3532634e-13,1.2043515e-10,0.0,0.016342005
0.0,0.0,3.8441123e-13,2.8510926e-11,0.0,0.0065136845
0.0,0.0,1.9103522e-13,5.9181262e-12,0.0,0.010652553
0.0,0.0,1.6869202e-13,1.646076e-12,0.0,0.01750265
0.0,0.0,1.6845615e-13,3.3955643e-13,0.0,0.010478959
0.0,0.0,1.682206e-13,7.618116e-14,0.0,0.01779934
0.0,0.0,1.243416e-13,5.3321632e-14,0.0,0.006706649
0.0,0.0,3.12287e-14,1.6711869e-14,0.0,0.02133428
0.0,0.0,3.1185032e-14,0.010359295,0.0,0.0059577967
0.0,0.0,1.8490375e-14,0.010944353,0.0,0.015780138
0.0,0.0,7.24377e-15,0.0101116095,0.0,0.014818728
0.0,0.0,3.611604e-15,0.007531134,0.0,0.020518241
0.0,0.0,2.6453652e-15,0.00580451,0.0,0.01052561
0.0,0.0,1.9471524e-15,0.003336893,0.0,0.012714024
0.0,0.0,1.5611756e-15,0.0022687411,0.0,0.026770929
0.0,0.0,1.1491218e-15,0.0006465922,0.0,0.005570931
0.0,0.0,6.035770400000001e-16,0.00020155017,0.0,0.011605837
0.0,0.0,4.839322e-16,4.2758325e-05,0.0,0.02779572
0.0,0.0,1.1117137e-12,1.1068656e-05,0.0,0.011186558
0.0,0.0,1.1841685e-12,2.6443834e-06,0.0,0.017996563
0.0,0.0,8.0638355e-13,6.1140065e-07,0.0,0.024432011
0.0,0.0,6.4653057e-13,1.8025047e-07,0.0,0.0068663745
0.0,0.0,4.7588165e-13,4.248094e-08,0.0,0.017182589
0.0,0.0,2.0361713e-13,1.132169e-08,0.0,0.014980354
0.0,0.0,2.0333035e-13,0.0068748645,0.0,0.019530598
0.0,0.0,1.5900509e-13,0.011021294,0.0,0.013586598
0.0,0.0,2.9994175e-14,0.0113740675,0.0,0.024917899
0.0,0.0,5.347301e-15,0.008510341,0.0,0.0037047684
0.0,0.0,1.7928037e-15,0.014077613,0.0,0.012606074
0.0,0.0,7.729018e-15,0.01662693,0.0,0.0064586205
0.0,0.0,1.27831485e-14,0.013087397,0.0,0.01894016
0.0,0.0,1.1287841e-14,0.0076046153,0.0,0.00768987
0.0,0.0,7.68662e-15,0.0091276355,0.0,0.018520888
0.0,0.0,5.6577227e-15,0.006586896,0.0,0.010138997
0.0,0.0,3.852708e-15,0.0065589673,0.0,0.032681763
0.0,0.0,1.3925897e-15,0.008195152,0.0,0.004192551
0.0,0.0,4.7503885e-13,0.0075110486,0.0,0.013825345
0.0,0.0,1.266182e-13,0.007239089,0.0,0.020163016
0.0,0.0,4.6288337e-06,0.008293553,0.0,0.017438365
0.0,0.0,1.6932053e-06,0.009730703,0.0,0.013065995
0.0,0.0,2.9550333e-07,0.0065133986,0.0,0.032016814
0.0,0.0,5.177108e-08,0.012439433,0.0,0.011471567
0.0,0.0,1.3009758e-08,0.019776154,0.0,0.03822569
0.0,0.0,5.704918e-09,0.009446595,0.0,0.006453039
0.0,0.0,5.0374735e-09,0.015387933,0.0,0.0150724845
0.0,0.0,1.5640654e-09,0.014754931,0.0,0.026884668
0.0,0.0,5.510357e-10,0.011164216,0.0,0.005281126
0.0,0.0,2.598281e-10,0.013254346,0.0,0.00875555
0.0,0.0,1.9124173e-10,0.015206364,0.0,0.017815694
0.0,0.0,1.4076e-10,0.0073721292,0.0,0.008698877
0.0,0.0,7.3234536e-11,0.0030790376,0.0,0.009584865
0.0,0.0,1.5977103e-05,0.000924847,0.0,0.014730281
0.0,0.0,2.0476728e-05,0.00017981959,0.0,0.0072535127
0.0,0.0,1.6884816e-05,4.740531e-05,0.0,0.014098057
0.0,0.0,9.053488e-06,1.1510896e-05,0.0,0.017721847
0.0,0.0,5.1981788e-06,0.002276054,0.0,0.0140246255
0.0,0.0,2.786451e-06,0.0010827857,0.0,0.013310636
0.0,0.0,1.7660731e-06,0.00022204332,0.0,0.0155689735
0.0,0.0,1.76351e-06,5.3191226e-05,0.0,0.01005368
0.0,0.0,1.5571701e-06,1.4406711e-05,0.0,0.03520533
0.0,0.0,6.9856446e-07,3.8852886e-06,0.0,0.0058625275
0.0,0.0,2.3454278e-07,7.091193e-07,0.0,0.0068580285
0.0,0.0,2.0710002e-07,1.7080667e-07,0.0,0.011296155
0.0,0.0,1.2278822e-07,4.068042e-08,0.0,0.01945385
0.0,0.0,9.4457405e-08,8.966625e-09,0.0,0.0041023847
0.0,0.0,6.412723e-08,1.5620817e-09,0.0,0.002075114
0.0,0.0,5.1412794e-08,3.2610636e-10,0.0,0.0008389367
0.0,0.0,3.5369453e-08,8.634507e-11,0.0,0.00038352585
0.0,0.0,2.5749335e-08,3.6978098e-11,0.0,0.00018762735
0.0,0.0,1.7533779e-08,6.869475e-12,0.0,0.0012903429
0.0,0.0,1.5482232e-08,7.0972525e-13,0.0,0.00234432
0.0,0.0,1.2412587e-08,1.4475766e-13,0.0,0.0039622495
0.0,0.0,1.2394573e-08,3.279071e-14,0.0,0.0047073103
0.0,0.0,9.122688e-09,5.854459e-15,0.0,0.0022751612
0.0,0.0,6.7145063e-09,1.1520437e-15,0.0,0.0028982174
0.0,0.0,5.3832285e-09,2.068381e-16,0.0,0.001062737
0.0,0.0,5.375416e-09,8.1805925e-15,0.0,0.00044135883
0.0,0.0,5.367615e-09,0.0002351834,0.0,0.00019838552
0.0,0.0,4.739575e-09,0.0019516358,0.0,0.00038641543
0.0,0.0,4.7326965e-09,0.00055190665,0.0,0.00039879384
0.0,0.0,3.79435e-09,0.00071180443,0.0,0.0009954489
0.0,0.0,1.4264844e-09,0.00067991635,0.0,0.00084451085
0.0,0.0,3.8645476e-10,0.0009599004,0.0,0.00020504871
0.0,0.0,3.858939e-10,0.00044082283,0.0,4.2796433e-05
0.0,0.0,3.0938316e-10,0.0007988426,0.0,1.8584396e-05
0.0,0.0,2.480421e-10,0.00044613748,0.0,1.5186349e-05
0.0,0.0,1.9886306e-10,8.0803795e-05,0.0,8.461038e-06
0.0,0.0,8.802535e-11,1.3469121e-05,0.0,6.934555e-06
0.0,0.0,2.6166227e-11,2.2503696e-06,0.0,3.268561e-06
0.0,0.0,2.3104638e-11,5.29301e-07,0.0,5.4640022e-06
0.0,0.0,2.3071108e-11,6.086388e-08,0.0,7.6007595e-06
0.0,0.0,2.0371663e-11,9.781784e-09,0.0,2.9554276e-06
0.0,0.0,9.138938e-12,1.4728208e-09,0.0,1.3808603e-06
0.0,0.0,8.069633e-12,2.9948385e-10,0.0,1.0141766e-06
0.0,0.0,2.8089154e-12,4.2266354e-11,0.0,1.9182026e-07
0.0,0.0,2.8048388e-12,1.0992473e-11,0.0,1.3102778e-07
0.0,0.0,1.3225404e-12,2.0577166e-12,0.0,1.6079599e-07
0.0,0.0,8.623345e-13,4.322463e-13,0.0,3.7184282e-08
0.0,0.0,6.145485e-13,1.08677505e-13,0.0,1.1029968e-08
0.0,0.0,6.1365664e-13,3.137973e-14,0.0,1.9077315e-05
0.0,0.0,6.12766e-13,2.4090716e-15,0.0,3.050429e-05
0.0,0.0,6.1187676e-13,2.9789937000000003e-16,0.0,2.4367602e-05
0.0,0.0,4.3567575e-13,6.8627304e-17,0.0,2.3331357e-05
0.0,0.0,2.8429976e-13,1.2138671e-17,0.0,3.0619805e-05
0.0,0.0,2.8388717e-13,2.4395188e-18,0.0,4.3545548e-05
0.0,0.0,2.5067085e-13,4.233464e-19,0.0,1.215047e-05
0.0,0.0,7.190752e-14,1.7900072e-19,0.0,3.3768804e-06
0.0,0.0,1.3795622e-14,9.907331e-20,0.0,1.2003857e-06
0.0,0.0,7.519026e-15,9.045109e-21,0.0,2.5420502e-07
0.0,0.0,5.563051e-15,4.319858e-22,0.0,5.645491e-08
0.0,0.0,1.658891e-15,7.020518e-23,0.0,1.6028745e-08
0.0,0.0,1.7037826e-11,1.3181399e-23,0.0,4.709743e-09
0.0,0.0,7.696149e-12,1.597142e-22,0.0,9.075337e-10
0.0,0.0,5.606354e-12,4.6125066999999995e-25,0.0,2.379956e-10
0.0,0.0,1.0742224e-12,8.339759e-26,0.0,7.531647e-11
0.0,0.0,8.612296e-13,1.471608e-26,0.0,1.5579125e-11
0.0,0.0,8.5997176e-13,2.5110638e-25,0.0,1.4908596e-05
0.0,0.0,8.587157e-13,1.02763684e-25,0.0,2.5957977e-06
0.0,0.0,5.4425426e-13,8.7736235e-26,0.0,5.3944035e-07
0.0,0.0,5.434594e-13,2.0160399e-26,0.0,8.90429e-08
0.0,0.0,4.7986723e-13,3.0540255e-27,0.0,1.7312328e-08
0.0,0.0,4.237163e-13,4.1639834000000006e-27,0.0,3.2734913e-09
0.0,0.0,1.4226103e-13,1.5093733e-31,0.0,5.7003796e-10
0.0,0.0,1.4205325e-13,7.733337e-27,0.0,9.844701e-11
0.0,0.0,1.9331902e-14,1.7674396e-27,0.0,1.7065526e-11
0.0,0.0,3.3789735e-12,6.326001e-33,0.0,2.987113e-12
0.0,0.0,1.9162e-11,1.07496396e-13,0.0,4.65578e-13
0.0,0.0,1.913368e-11,1.1187603e-13,0.0,9.399063e-14
0.0,0.0,1.9105405e-11,7.6628625e-14,0.0,1.5209844e-14
0.0,0.0,1.9077172e-11,4.043505e-14,0.0,3.0169996e-15
0.0,0.0,1.1310425e-11,1.0733753e-14,0.0,5.867711e-16
0.0,0.0,1.129371e-11,5.4281945e-15,0.0,8.988703000000001e-17
0.0,0.0,1.127702e-11,1.8989333e-15,0.0,1.8309377e-17
0.0,0.0,1.1260355e-11,1.0399103e-15,0.0,7.976216399999999e-18
0.0,0.0,1.1243714e-11,3.832689e-16,0.0,4.991476e-18
0.0,0.0,1.1227098e-11,1.4763239e-16,0.0,1.2188887999999998e-18
0.0,0.0,1.12105065e-11,5.813175e-17,0.0,4.999104e-19
0.0,0.0,1.119394e-11,3.2498656e-17,0.0,8.796676e-20
0.0,0.0,1.1177397e-11,1.6459184e-17,0.0,1.5706959999999998e-20
0.0,0.0,1.1160879e-11,7.085746e-18,0.0,3.0195097000000007e-21
0.0,0.0,1.1144385e-11,4.3205327e-18,0.0,5.4979894e-22
0.0,0.0,1.1127915e-11,1.8860152e-18,0.0,1.0108312e-22
0.0,0.0,1.1111471e-11,1.5311686999999998e-18,0.0,1.7476299e-05
0.0,0.0,1.109505e-11,6.301186e-19,0.0,1.7590619e-05
0.0,0.0,1.1078654e-11,2.8760248e-19,0.0,1.9872812e-05
0.0,0.0,5.8186073e-12,1.2220582e-19,0.0,1.9086114e-05
0.0,0.0,5.8100087e-12,5.764811e-20,0.0,7.3030633e-06
0.0,0.0,5.8014227e-12,2.466586e-20,0.0,1.8966757e-06
0.0,0.0,5.7928493e-12,8.489835e-21,0.0,4.4839268e-07
0.0,0.0,2.8785583e-12,1.5286436e-15,0.0,9.736827e-08
0.0,0.0,5.3399093e-13,2.7640999000000004e-16,0.0,2.2651394e-08
0.0,0.0,9.94696e-14,6.2841666e-17,0.0,4.210465e-09
0.0,0.0,7.2315485e-14,1.3103827e-17,0.0,1.1472343e-09
0.0,0.0,5.9943424e-14,2.3214086e-18,0.0,2.8448988e-10
0.0,0.0,5.6857276e-14,5.100214e-19,0.0,6.220391e-11
0.0,0.0,3.1668383e-14,7.092674e-20,0.0,1.261653e-11
0.0,0.0,2.5388854e-14,1.7783459e-20,0.0,4.0110896e-12
0.0,0.0,2.5351334e-14,3.8977562e-21,0.0,1.7451756e-12
0.0,0.0,1.4120193e-14,7.929541e-22,0.0,1.2014442e-05
0.0,0.0,1.4099327e-14,6.750456000000001e-23,0.0,2.2395245e-06
0.0,0.0,7.4050915e-15,1.7043633e-23,0.0,5.069232e-07
0.0,0.0,7.394149e-15,2.5361373e-24,0.0,1.2456233e-07
0.0,0.0,6.7503007e-15,1.7603747e-24,0.0,2.92614e-08
0.0,0.0,6.4439366e-15,1.02439345e-25,0.0,6.6721753e-09
0.0,0.0,2.008177e-15,1.9405575e-26,0.0,1.5971937e-09
0.0,0.0,8.6753967000000015e-16,2.1997079999999998e-26,0.0,4.016239e-10
0.0,0.0,3.8917688e-16,3.8706816e-27,0.0,1.0379764e-10
0.0,0.0,1.9338814e-16,1.7800812e-28,0.0,2.9555348e-11
0.0,0.0,1.5504118e-16,4.1177634e-29,0.0,9.361032e-12
0.0,0.0,7.704240400000001e-17,8.814708e-30,0.0,4.725226e-06
0.0,0.0,7.692855e-17,1.0414927e-28,0.0,7.500985e-05
0.0,0.0,6.792569e-17,4.6559446e-31,0.0,6.380717e-05
0.0,0.0,6.782531e-17,8.361448e-30,0.0,6.569493e-05
0.0,0.0,4.9919645e-17,2.5577508e-32,0.0,6.983679e-05
0.0,0.0,3.4367442e-17,6.278501e-33,0.0,8.127333e-05
0.0,0.0,2.5400945e-17,1.5502896e-07,0.0,7.751298e-05
0.0,0.0,1.3202839e-10,2.1256531e-07,0.0,7.413767e-05
0.0,0.0,9.7913615e-11,6.246144e-08,0.0,5.4822885e-05
0.0,0.0,8.019704e-11,1.7923671e-08,0.0,4.521268e-05
0.0,0.0,8.0077736e-11,4.732891e-09,0.0,3.4049535e-05
0.0,0.0,2.252621e-11,1.4405089e-09,0.0,1.7039589e-05
0.0,0.0,1.7457162e-11,4.454446e-10,0.0,6.017884e-06
0.0,0.0,8.390078e-12,1.1863592e-10,0.0,2.090486e-06
0.0,0.0,5.5594782e-12,3.6870795e-11,0.0,9.3045264e-07
0.0,0.0,3.0964894e-12,1.1052917e-11,0.0,3.542964e-07
0.0,0.0,2.7340838e-12,3.2376215e-12,0.0,1.5988128e-07
0.0,0.0,1.2378697e-12,8.8194724e-13,0.0,5.8737022e-08
0.0,0.0,9.110671e-13,2.3798365e-13,0.0,0.009365923
0.0,0.0,7.128199e-13,6.867251e-14,0.0,0.019804334
0.0,0.0,6.052055e-13,2.0514015e-14,0.0,0.021143975
0.0,0.0,1.1557464e-13,6.305557e-15,0.0,0.017774032
0.0,0.0,3.426606e-14,0.00033066425,0.0,0.015706789
0.0,0.0,9.563177e-15,0.00011016313,0.0,0.03219334
0.0,0.0,6.5117225e-15,3.1739582e-05,0.0,0.0037033828
0.0,0.0,3.8606152e-15,9.755176e-06,0.0,0.011949343
0.0,0.0,1.1698699e-15,3.2976823e-06,0.0,0.05403542
0.0,0.0,4.4146685e-16,9.990878e-07,0.0,0.011549161
0.0,0.0,4.4081008e-16,3.2249454e-07,0.0,0.015332674
0.0,0.0,3.8921876e-16,8.22692e-08,0.0,0.027209712
0.0,0.0,2.4668024e-16,2.3732069e-08,0.0,0.009026696
0.0,0.0,1.2955738e-16,7.886453e-09,0.0,0.034704074
0.0,0.0,1.1005836e-16,2.1542286e-09,0.0,0.009643528
0.0,0.0,7.714583e-17,6.79762e-10,0.0,0.014860691
0.0,0.0,6.184796000000001e-17,2.982312e-10,0.0,0.061386485
0.0,0.0,2.1307006e-17,0.0018906294,0.0,0.035958834
0.0,0.0,4.1755866e-18,0.005587405,0.0,0.023779234
0.0,0.0,1.9279922e-18,0.013656212,0.0,0.008161583
0.0,0.0,9.664423e-19,0.017720586,0.0,0.021252379
0.0,0.0,4.405604299999999e-19,0.027689878,0.0,0.011535213
0.0,0.0,4.3990504e-19,0.0062714266,0.0,0.0431237
0.0,0.0,3.2376831e-19,0.0122067025,0.0,0.013656193
0.0,0.0,2.5956568e-19,0.026567375,0.0,0.032880608
0.0,0.0,1.6450832e-19,0.0076711695,0.0,0.016869903
0.0,0.0,9.162699e-20,0.0057887784,0.0,0.012672486
0.0,0.0,8.090319e-20,0.014927116,0.0,0.042691756
0.0,0.0,7.143447999999999e-20,0.010137806,0.0,0.0070393104
0.0,0.0,1.8584887e-17,0.012038604,0.0,0.025798105
0.0,0.0,6.631376e-18,0.025528578,0.0,0.012716114
0.0,0.0,4.2668606e-18,0.010211171,0.0,0.047071733
0.0,0.0,3.5244966e-18,0.008851634,0.0,0.01193516
0.0,0.0,2.9625953e-18,0.013286484,0.0,0.028225191
0.0,0.0,1.7926118e-15,0.022895357,0.0,0.008583427
0.0,0.0,2.1131844e-12,0.009036797,0.0,0.010805664
0.0,0.0,1.9102588e-12,0.008431274,0.0,0.018047351
0.0,0.0,1.3638968e-12,0.013694147,0.0,0.020936115
0.0,0.0,3.3928033e-13,0.015629793,0.0,0.020526502
0.0,0.0,0.0006607793,0.012946005,0.0,0.020845894
0.0,0.0,0.0017080712,0.014134812,0.0,0.014705662
0.0,0.0,0.0010315743,0.026012972,0.0,0.025752163
0.0,0.0,0.00096285477,0.014992918,0.0,0.009267054
0.0,0.0,0.000977226,0.017750476,0.0,0.02218344
0.0,0.0,0.0005367252,0.007830879,0.0,0.009225991
0.0,0.0,0.00038902616,0.0073048053,0.0,0.02007645
0.0,0.0,0.0005673608,0.0067027966,0.0,0.010066626
0.0,0.0,0.0004711112,0.0070412075,0.0,0.028228113
0.0,0.0,0.00020174043,0.003852945,0.0,0.005430356
0.0,0.0,0.00016173355,0.0012779969,0.0,0.0050022667
0.0,0.0,0.00016148487,0.002041244,0.0,0.013504556
0.0,0.0,0.000118852746,0.0011948295,0.0,0.021364564
0.0,0.0,0.00011867,0.0028906867,0.0,0.0077443277
0.0,0.0,0.000118487544,0.0012694278,0.0,0.01613238
0.0,0.0,0.00011830536,0.003474563,0.0,0.015620231
0.0,0.0,0.00011812346,0.0012815816,0.0,0.019071074
0.0,0.0,4.8317765e-05,0.0067458474,0.0,0.010399189
0.0,0.0,3.8734852e-05,0.0050116065,0.0,0.01731085
0.0,0.0,2.0343678e-05,0.0038176253,0.0,0.01599402
0.0,0.0,5.3703966e-06,0.004136835,0.0,0.016485915
0.0,0.0,2.2975785e-06,0.0030221897,0.0,0.01836823
0.0,0.0,2.2940458e-06,0.0024665738,0.0,0.013568843
0.0,0.0,1.6883254e-06,0.0044950475,0.0,0.042337433
0.0,0.0,1.1495517e-06,0.0020060327,0.0,0.01444441
0.0,0.0,9.2155193e-07,0.0042814785,0.0,0.0116612995
0.0,0.0,4.4309198e-07,0.0035179309,0.0,0.018609233
0.0,0.0,1.1280819e-07,0.001958404,0.0,0.012003664
0.0,0.0,2.8986108e-08,0.007229471,0.0,0.024590997
0.0,0.0,9.464352e-09,0.0065627825,0.0,0.0075483904
0.0,0.0,5.2583142e-09,0.0062661953,0.0,0.017846098
0.0,0.0,2.1435662e-09,0.0033811105,0.0,0.011198847
0.0,0.0,8.2397283e-10,0.006177065,0.0,0.022535091
0.0,0.0,8.2270596e-10,0.003373223,0.0,0.0051737507
0.0,0.0,2.4514202e-10,0.0021013475,0.0,0.011923941
0.0,0.0,4.9744143e-11,0.0061463322,0.0,0.03500468
0.0,0.0,2.9490417e-11,0.0044211536,0.0,0.012202975
0.0,0.0,2.9445075e-11,0.008361337,0.0,0.018362934
0.0,0.0,2.9399802e-11,0.0066112895,0.0,0.012452382
0.0,0.0,1.3312432e-11,0.0033114227,0.0,0.013508925
0.0,0.0,7.795354e-12,0.004035788,0.0,0.028810922
0.0,0.0,7.783369e-12,0.0040083514,0.0,0.007626436
0.0,0.0,3.4913981e-12,0.0014050982,0.0,0.00753595
0.0,0.0,1.6461255e-12,0.0058430275,0.0,0.019012164
0.0,0.0,1.4533944e-12,0.0049937456,0.0,0.013014292
0.0,0.0,9.895904e-13,0.0061137113,0.0,0.015411673
0.0,0.0,8.7372747e-13,0.0024691662,0.0,0.013899043
0.0,0.0,8.723841e-13,0.0040863724,0.0,0.026357645
0.0,0.0,8.7104277e-13,0.0035830603,0.0,0.007981421
0.0,0.0,5.349024e-13,0.008638443,0.0,0.012357619
0.0,0.0,2.338544e-13,0.007340158,0.0,0.024500076
0.0,0.0,2.0647435e-13,0.006309409,0.0,0.0065088826
0.0,0.0,1.0259423e-13,0.0025675937,0.0,0.006873464
0.0,0.0,9.058233e-14,0.0014697876,0.0,0.009049881
0.0,0.0,9.0443054e-14,0.0038299349,0.0,0.014913684
0.0,0.0,4.7498657e-14,0.002440568,0.0,0.012353332
0.0,0.0,2.4945227e-14,0.0017973869,0.0,0.015413424
0.0,0.0,1.9997636e-14,0.005291065,0.0,0.017429
0.0,0.0,1.4717445e-14,0.0043400144,0.0,0.015674688
0.0,0.0,6.0185532e-15,0.009401985,0.0,0.028041914
0.0,0.0,1.5220531e-15,0.017021399,0.0,0.006036643
0.0,0.0,1.0174121e-15,0.011640084,0.0,0.0113315005
0.0,0.0,8.982919e-16,0.009919943,0.0,0.018331898
0.0,0.0,3.2427883e-07,0.010356354,0.0,0.020159464
0.0,0.0,9.655478e-08,0.013931393,0.0,0.014540286
0.0,0.0,2.2463125e-08,0.012484862,0.0,0.015071889
0.0,0.0,3.935641e-09,0.0069826553,0.0,0.014626592
0.0,0.0,1.6619647e-09,0.005599163,0.0,0.022388186
0.0,0.0,1.5520817e-09,0.012120537,0.0,0.0100847045
0.0,0.0,7.7119916e-10,0.008642834,0.0,0.016923841
0.0,0.0,2.7871916e-10,0.011078378,0.0,0.021590674
0.0,0.0,1.1397817e-10,0.010484378,0.0,0.010598845
0.0,0.0,9.1370925e-11,0.010244845,0.0,0.016305968
0.0,0.0,7.324776e-11,0.011004037,0.0,0.023539178
0.0,0.0,7.3134325e-11,0.013414861,0.0,0.018825168
0.0,0.0,4.3356613e-11,0.010805976,0.0,0.02192982
0.0,0.0,1.97338e-11,0.008548275,0.0,0.008750661
0.0,0.0,9.303994e-12,0.014931297,0.0,0.028522694
0.0,0.0,5.8963533e-12,0.022225978,0.0,0.005773472
0.0,0.0,5.8872213e-12,0.011837689,0.0,0.020852383
0.0,0.0,5.1978773e-12,0.012784512,0.0,0.013342427
0.0,0.0,2.5827242e-12,0.0075795907,0.0,0.016304912
0.0,0.0,1.2833054e-12,0.013046351,0.0,0.024323884
0.0,0.0,1.1330411e-12,0.013322474,0.0,0.009114589
0.0,0.0,1.1312864e-12,0.020545535,0.0,0.02710243
0.0,0.0,4.331152e-13,0.0122796865,0.0,0.011543569
0.0,0.0,1.2980509e-13,0.027126301,0.0,0.030099481
0.0,0.0,8.709481e-14,0.01281528,0.0,0.014668642
0.0,0.0,4.3743167e-14,0.0077190367,0.0,0.016859928
0.0,0.0,2.2901016e-14,0.012445356,0.0,0.01605477
0.0,0.0,1.845196e-14,0.008121307,0.0,0.016890796
0.0,0.0,6.686468e-06,0.006983074,0.0,0.014935987
0.0,0.0,1.6006194e-05,0.01474295,0.0,0.043514166
0.0,0.0,8.497785e-06,0.015340284,0.0,0.014008855
0.0,0.0,3.603974e-06,0.01924755,0.0,0.021174526
0.0,0.0,3.5983542e-06,0.011557979,0.0,0.016377041
0.0,0.0,1.9400447e-06,0.008140135,0.0,0.01656374
0.0,0.0,9.63963e-07,0.0070885886,0.0,0.01509598
0.0,0.0,6.5633117e-07,0.0031577707,0.0,0.010535832
0.0,0.0,3.7703444e-07,0.0016623498,0.0,0.013280186
0.0,0.0,3.1653082e-07,0.0049120267,0.0,0.031346697
0.0,0.0,1.762871e-07,0.0026438746,0.0,0.006169125
0.0,0.0,1.5564372e-07,0.0038674911,0.0,0.012957995
0.0,0.0,9.2270135e-08,0.0015423743,0.0,0.019383632
0.0,0.0,9.212626e-08,0.0030826118,0.0,0.017334498
0.0,0.0,4.3459643e-08,0.0013874848,0.0,0.012537747
0.0,0.0,1.0445356e-08,0.0015744845,0.0,0.028184488
0.0,0.0,8.37346e-09,0.0036166415,0.0,0.0062329383
0.0,0.0,2.968096e-09,0.0021015392,0.0,0.008381299
0.0,0.0,2.4950235e-09,0.0035149865,0.0,0.021226976
0.0,0.0,1.4485829e-09,0.0023248433,0.0,0.010077266
0.0,0.0,8.309866e-10,0.0016292032,0.0,0.010580425
0.0,0.0,2.3496835e-10,0.0016428635,0.0,0.011107667
0.0,0.0,1.7393716e-10,0.0015624482,0.0,0.01337631
0.0,0.0,1.5356895e-10,0.005649232,0.0,0.021165961
0.0,0.0,1.2310768e-10,0.0017655254,0.0,0.0057607032
0.0,0.0,4.8828507e-11,0.004033468,0.0,0.0060330806
0.0,0.0,1.9710815e-11,0.0028292942,0.0,0.010735445
0.0,0.0,7.4094775e-12,0.010021515,0.0,0.027874695
0.0,0.0,3.4933465e-12,0.00904728,0.0,0.0076455534
0.0,0.0,3.0842724e-12,0.00896615,0.0,0.019892996
0.0,0.0,1.7820021e-12,0.0065879547,0.0,0.010148499
0.0,0.0,5.863006e-13,0.0036052563,0.0,0.009387298
0.0,0.0,4.7000457e-13,0.0035872175,0.0,0.021595083
0.0,0.0,3.4589662e-13,0.0017428948,0.0,0.005236915
0.0,0.0,2.3550972e-13,0.003467478,0.0,0.010484137
0.0,0.0,1.11035774e-13,0.0018982082,0.0,0.012213774
0.0,0.0,4.75021e-14,0.0018989431,0.0,0.01860666
0.0,0.0,2.9941727e-14,0.0016329959,0.0,0.010372604
0.0,0.0,2.0386343e-14,0.0022193128,0.0,0.012699182
0.0,0.0,2.0354554e-14,0.0014254523,0.0,0.019344205
0.0,0.0,2.0322814e-14,0.0010429346,0.0,0.0047448534
0.0,0.0,7.758798e-15,0.0008869571,0.0,0.003127953
0.0,0.0,2.2935456e-15,0.0027224075,0.0,0.0045209927
0.0,0.0,1.3596805e-15,0.0008702975,0.0,0.0036679744
0.0,0.0,6.099008e-16,0.0019915574,0.0,0.0029712438
0.0,0.0,3.615669e-16,0.00060592836,0.0,0.0028628106
0.0,0.0,2.6609267e-16,0.00049051316,0.0,0.0009911539
0.0,0.0,6.826548e-06,0.0007836007,0.0,0.0010671552
0.0,0.0,3.07176e-06,0.00054672925,0.0,0.001265116
0.0,0.0,2.7120223e-06,0.000357312,0.0,0.0008711645
0.0,0.0,2.3944137e-06,0.00086091406,0.0,0.0018932723
0.0,0.0,2.3906516e-06,0.000289498,0.0,0.00064639124
0.0,0.0,2.3868952e-06,0.00050026405,0.0,0.00096300966
0.0,0.0,2.3831449e-06,0.0011232604,0.0,0.0025504706
0.0,0.0,1.7135084e-06,0.0005935154,0.0,0.0010984837
0.0,0.0,8.852291e-07,0.0005708138,0.0,0.000756127
0.0,0.0,4.6488725e-07,0.0009198245,0.0,0.001572536
0.0,0.0,4.641568e-07,0.00051187625,0.0,0.0008740674
0.0,0.0,2.7516248e-07,0.00019641905,0.0,0.00026140836
0.0,0.0,1.8905203e-07,0.00013404846,0.0,0.000107777916
0.0,0.0,1.0048247e-07,0.00021561915,0.0,0.00031952132
0.0,0.0,7.266686e-08,0.00022063433,0.0,0.00070495275
0.0,0.0,5.0312302e-08,0.0001526273,0.0,0.0005110852
0.0,0.0,2.2151328e-08,9.139103e-05,0.0,0.00055119256
0.0,0.0,2.2116524e-08,4.1773845e-05,0.0,0.00055588654
0.0,0.0,2.2081773e-08,1.2436631e-05,0.0,0.00023697353
0.0,0.0,1.9495744e-08,2.8092534e-06,0.0,0.00018860337
0.0,0.0,1.9465112e-08,6.693896e-07,0.0,8.736983e-05
0.0,0.0,1.4325044e-08,2.3714777e-07,0.0,5.4939446e-05
0.0,0.0,6.5842434e-09,1.945333e-07,0.0,0.0001683103
0.0,0.0,3.3626752e-09,1.2034424e-07,0.0,0.00016654917
0.0,0.0,2.7098874e-09,6.918218e-08,0.0,7.393381e-05
0.0,0.0,2.6040705e-09,8.809081e-08,0.0,6.534133e-05
0.0,0.0,2.599979e-09,6.077287e-08,0.0,4.539027e-05
0.0,0.0,2.5958937e-09,1.619886e-07,0.0,9.613744e-05
0.0,0.0,2.5918148e-09,4.444156e-07,0.0,0.00043253796
0.0,0.0,1.5364848e-09,5.1392004e-07,0.0,0.0005019455
0.0,0.0,7.634322e-10,9.1730243e-07,0.0,0.0012191397
0.0,0.0,7.6223267e-10,9.149738e-07,0.0,0.0005504606
0.0,0.0,6.729665e-10,4.0724896e-07,0.0,0.0004153904
0.0,0.0,4.5819545e-10,3.9276463e-07,0.0,0.00042100597
0.0,0.0,2.0552655e-10,4.1206636e-07,0.0,0.00046916545
0.0,0.0,1.8145704e-10,4.8324057e-07,0.0,0.00069398363
0.0,0.0,1.14994764e-10,3.0743902e-07,0.0,0.00054839544
0.0,0.0,1.0152756e-10,3.6298619e-07,0.0,0.00045960475
0.0,0.0,8.963752e-11,2.42374e-07,0.0,0.0003040392
0.0,0.0,8.949668e-11,1.8580722e-07,0.0,0.0003025632
0.0,0.0,6.507066e-11,7.200196e-08,0.0,0.00021249216
0.0,0.0,2.1210053e-11,3.634552e-08,0.0,5.896306e-05
0.0,0.0,1.8726113e-11,2.3155232e-08,0.0,6.555953e-05
0.0,0.0,1.8696688e-11,1.9562009e-08,0.0,3.2973137e-05
0.0,0.0,1.8667312e-11,2.0104444e-08,0.0,2.1180427e-05
0.0,0.0,1.40034685e-11,4.1741327e-08,0.0,2.7077556e-05
0.0,0.0,8.733916e-12,2.0392667e-08,0.0,3.2686356e-05
0.0,0.0,8.720193e-12,6.735957e-09,0.0,3.609525e-05
0.0,0.0,8.706491e-12,1.9118593e-09,0.0,1.8992108e-05
0.0,0.0,8.692811e-12,5.6356595e-09,0.0,2.0333984e-05
0.0,0.0,7.6747836e-12,9.061289e-09,0.0,1.706688e-05
0.0,0.0,5.203298e-12,1.04636655e-08,0.0,2.4084879e-05
0.0,0.0,3.5578634e-12,1.5514537e-08,0.0,2.4174098e-05
0.0,0.0,3.5522733e-12,2.1018018e-08,0.0,1.9165329e-05
0.0,0.0,3.5466918e-12,2.3431753e-08,0.0,1.3422014e-05
0.0,0.0,1.3332185e-12,2.1099453e-08,0.0,9.680094e-06
0.0,0.0,1.3311237e-12,1.0436802e-08,0.0,2.2161548e-05
0.0,0.0,9.796196e-13,2.7335167e-09,0.0,2.2994267e-05
0.0,0.0,9.385284e-13,8.2017815e-09,0.0,1.867125e-05
0.0,0.0,3.8860438e-13,6.1069265e-09,0.0,1.6669597e-05
0.0,0.0,3.8799378e-13,8.056711e-09,0.0,1.6869912e-05
0.0,0.0,3.8738416e-13,3.4827938e-09,0.0,1.1648037e-05
0.0,0.0,3.867755e-13,1.0931587e-08,0.0,1.26568775e-05
0.0,0.0,3.8616777e-13,1.4094525e-08,0.0,1.346744e-05
0.0,0.0,3.8556102e-13,1.0441978e-08,0.0,1.4551012e-05
0.0,0.0,3.404074e-13,7.046542e-09,0.0,2.0102536e-05
0.0,0.0,3.3987255e-13,8.739862e-09,0.0,1.7608088e-05
0.0,0.0,3.3933853e-13,1.22197115e-08,0.0,1.5932845e-05
0.0,0.0,3.3880535e-13,1.551357e-08,0.0,1.34663005e-05
0.0,0.0,3.1324826e-13,2.8859386e-08,0.0,1.8828196e-05
0.0,0.0,2.9487616e-13,2.6168465e-08,0.0,1.44257365e-05
0.0,0.0,2.9441285e-13,1.1643416e-08,0.0,1.3885138e-05
0.0,0.0,2.9395025e-13,3.689972e-09,0.0,1.5395346e-05
0.0,0.0,2.9348838e-13,1.658628e-08,0.0,1.7681128e-05
0.0,0.0,2.1598818e-13,2.1853438e-08,0.0,1.9212122e-05
0.0,0.0,1.1342831e-13,1.8863052e-08,0.0,1.951372e-05
0.0,0.0,1.1325009e-13,4.5711058e-08,0.0,2.1853255e-05
0.0,0.0,1.1307214e-13,5.5600236e-08,0.0,2.037715e-05
0.0,0.0,1.1289448e-13,5.7004808e-08,0.0,2.8226732e-05
0.0,0.0,1.12717093e-13,7.2375734e-08,0.0,3.067695e-05
0.0,0.0,7.0737314e-14,1.04546324e-07,0.0,2.7275948e-05
0.0,0.0,1.9764111e-14,9.147014e-08,0.0,2.4260264e-05
0.0,0.0,1.9733057e-14,6.418398e-08,0.0,2.3324536e-05
0.0,0.0,7.729271e-15,6.382934e-08,0.0,2.478559e-05
0.0,0.0,7.717127e-15,9.007553e-08,0.0,2.3860375e-05
0.0,0.0,7.705001e-15,1.1313942e-07,0.0,2.6413754e-05
0.0,0.0,5.670375e-15,1.16911174e-07,0.0,3.1656124e-05
0.0,0.0,5.6614653e-15,5.031379e-07,0.0,3.8593236e-05
0.0,0.0,4.998443e-15,6.9896146e-07,0.0,4.175329e-05
0.0,0.0,2.483573e-15,8.1039605e-07,0.0,5.2005733e-05
0.0,0.0,2.4796707e-15,5.896448e-07,0.0,6.421383e-05
0.0,0.0,2.4757746e-15,5.603979e-07,0.0,5.9524988e-05
0.0,0.0,1.984667e-15,5.6296255e-07,0.0,3.413988e-05
0.0,0.0,1.257743e-15,1.4492416e-06,0.0,4.324992e-05
0.0,0.0,1.2557668e-15,1.62125e-06,0.0,4.7911213e-05
0.0,0.0,1.2537936e-15,7.6146245e-07,0.0,5.5084416e-05
0.0,0.0,3.072054e-16,7.1707575e-07,0.0,5.750101e-05
0.0,0.0,2.1120973e-16,6.3130017e-07,0.0,4.841982e-05
0.0,0.0,1.4380409000000002e-16,1.0545879e-06,0.0,6.237831e-05
0.0,0.0,8.204034000000001e-17,3.0604758e-06,0.0,6.453163e-05
0.0,0.0,4.926443e-12,5.7366956e-06,0.0,8.040749e-05
0.0,0.0,3.0893912e-12,2.1772841e-05,0.0,8.415194e-05
0.0,0.0,8.2798194e-13,0.00014746543,0.0,8.3356535e-05
0.0,0.0,4.611217e-13,0.00055855524,0.0,0.00012421347
0.0,0.0,4.603924e-13,0.0095599275,0.0,0.0004485194
0.0,0.0,2.1705641e-13,0.012332921,0.0,0.0010582615
0.0,0.0,1.597376e-13,0.015517612,0.0,0.002004567
0.0,0.0,1.5948497e-13,0.021751635,0.0,0.0022136827
0.0,0.0,5.3540048e-14,0.017908882,0.0,0.003097972
0.0,0.0,4.7269405e-14,0.029436553,0.0,0.0040828283
0.0,0.0,4.7194646e-14,0.009828517,0.0,0.0030918436
0.0,0.0,2.36262e-14,0.00899028,0.0,0.0050572124
0.0,0.0,5.117738e-15,0.017930465,0.0,0.010257893
0.0,0.0,8.861205e-16,0.02112776,0.0,0.010967948
0.0,0.0,1.8624729e-16,0.017219532,0.0,0.018218478
0.0,0.0,1.8595272e-16,0.045030236,0.0,0.06470148
0.0,0.0,7.364774000000001e-17,0.005621974,0.0,0.028834369
0.0,0.0,5.767881e-17,0.006631559,0.0,0.017928807
0.0,0.0,4.623686000000001e-17,0.022420896,0.0,0.106140494
0.0,0.0,4.0821572e-17,0.03033906,0.0,0.055577114
0.0,0.0,3.2723652e-17,0.009583378,0.0,0.022803927
0.0,0.0,2.8891040000000003e-17,0.024604373,0.0,0.03737506
0.0,0.0,6.9574145e-18,0.009721534,0.0,0.025431218
0.0,0.0,3.5239258e-09,0.037148193,0.0,0.030572468
0.0,0.0,3.1591711e-09,0.019161487,0.0,0.02623178
0.0,0.0,1.0995058e-09,0.037167642,0.0,0.052471418
0.0,0.0,2.0323447e-10,0.0055639674,0.0,0.025020352
0.0,0.0,6.895248e-11,0.017913753,0.0,0.021363055
0.0,0.0,1.2530119e-11,0.027022013,0.0,0.040712316
0.0,0.0,0.005071581,0.010240375,0.0,0.024605442
0.0,0.0,0.027931513,0.027377483,0.0,0.02638894
0.0,0.0,0.006249398,0.011597607,0.0,0.01376399
0.0,0.0,0.0102041345,0.038801055,0.0,0.06130393
0.0,0.0,0.010187749,0.006977575,0.0,0.02553872
0.0,0.0,0.0061113867,0.011827289,0.0,0.026998622
0.0,0.0,0.005583616,0.0072518946,0.0,0.016611885
0.0,0.0,0.004934681,0.018725865,0.0,0.03425983
0.0,0.0,0.0044890475,0.018563256,0.0,0.01247646
0.0,0.0,0.004481839,0.0103916805,0.0,0.022550488
0.0,0.0,0.0036492695,0.017426804,0.0,0.011191025
0.0,0.0,0.00771876,0.025598256,0.0,0.034382764
0.0,0.0,0.005638477,0.010888946,0.0,0.008603939
0.0,0.0,0.003953848,0.017174121,0.0,0.029289268
0.0,0.0,0.0031451662,0.016794292,0.0,0.0067880745
0.0,0.0,0.0018928408,0.009145958,0.0,0.013607818
0.0,0.0,0.0018898008,0.022361722,0.0,0.04954369
0.0,0.0,0.0039424035,0.012126951,0.0,0.015258659
0.0,0.0,0.006143328,0.019148352,0.0,0.03000596
0.0,0.0,0.0015380933,0.025055101,0.0,0.01142446
0.0,0.0,0.0012822555,0.023395622,0.0,0.042049248
0.0,0.0,0.016256955,0.034805503,0.0,0.01070463
0.0,0.0,0.0113404635,0.0077540292,0.0,0.039935436
0.0,0.0,0.0057574124,0.015022562,0.0,0.019615714
0.0,0.0,0.0050277514,0.029078772,0.0,0.032402016
0.0,0.0,0.0012892107,0.0076125725,0.0,0.010989388
0.0,0.0,0.0012224874,0.011316029,0.0,0.029392477
0.0,0.0,0.0055735596,0.012195391,0.0,0.010698749
0.0,0.0,0.0050728037,0.015093954,0.0,0.02028723
0.0,0.0,0.004477851,0.012155978,0.0,0.011911195
0.0,0.0,0.00447065,0.008843673,0.0,0.01854258
0.0,0.0,0.004463461,0.010001565,0.0,0.012793452
0.0,0.0,0.0029512288,0.010335239,0.0,0.021685272
0.0,0.0,0.0029464827,0.02052798,0.0,0.0088167945
0.0,0.0,0.0018792212,0.012156357,0.0,0.01820311
0.0,0.0,0.0038017144,0.0071673705,0.0,0.010656122
0.0,0.0,0.0033200928,0.0062446413,0.0,0.01765421
0.0,0.0,0.00079209986,0.0031606695,0.0,0.009708133
0.0,0.0,0.00052807515,0.003974683,0.0,0.010734596
0.0,0.0,0.000677918,0.0019141202,0.0,0.015144273
0.0,0.0,0.0009167578,0.0075900373,0.0,0.022273403
0.0,0.0,0.00067186024,0.007611236,0.0,0.01733253
0.0,0.0,0.0006707789,0.004997766,0.0,0.012435713
0.0,0.0,0.00050379016,0.0041357316,0.0,0.012618865
0.0,0.0,0.0020471152,0.002180107,0.0,0.017504048
0.0,0.0,0.0020438202,0.0026886086,0.0,0.010259723
0.0,0.0,0.0018177489,0.0010174786,0.0,0.015145222
0.0,0.0,0.0019614787,0.0019362066,0.0,0.015892806
0.0,0.0,0.0012608112,0.0018996554,0.0,0.019535523
0.0,0.0,0.0007722841,0.0025989765,0.0,0.007552382
0.0,0.0,0.001432389,0.0021548234,0.0,0.013040452
0.0,0.0,0.0011384691,0.0017715595,0.0,0.011560753
0.0,0.0,0.0011366362,0.0045395903,0.0,0.031373743
0.0,0.0,0.0014075745,0.0021138918,0.0,0.008183618
0.0,0.0,0.0023713827,0.0038382232,0.0,0.0076001664
0.0,0.0,0.00090239395,0.00463952,0.0,0.025212191
0.0,0.0,0.0027015288,0.0028039424,0.0,0.0076449
0.0,0.0,0.0019631807,0.0042298757,0.0,0.0097561935
0.0,0.0,0.002007495,0.0026631958,0.0,0.021587858
0.0,0.0,0.0018018864,0.0037699197,0.0,0.006915296
0.0,0.0,0.0017989834,0.0017645215,0.0,0.016100088
0.0,0.0,0.0017960852,0.0049561593,0.0,0.016187616
0.0,0.0,0.0011060089,0.0036783672,0.0,0.0142646395
0.0,0.0,0.0011042269,0.0037598964,0.0,0.030178946
0.0,0.0,0.0012307132,0.010909757,0.0,0.012884869
0.0,0.0,0.0012287302,0.010347962,0.0,0.02608727
0.0,0.0,0.0010882432,0.012092649,0.0,0.0086358115
0.0,0.0,0.0010864898,0.013253384,0.0,0.023159951
0.0,0.0,0.000666947,0.016974721,0.0,0.01192507
0.0,0.0,0.003708349,0.018660605,0.0,0.027892007
0.0,0.0,0.0032873265,0.012266848,0.0,0.009755705
0.0,0.0,0.0032820285,0.013202983,0.0,0.019431973
0.0,0.0,0.0024828522,0.014182541,0.0,0.01946201
0.0,0.0,0.0024880678,0.009759995,0.0,0.013005554
0.0,0.0,0.0019354471,0.018403674,0.0,0.022823041
0.0,0.0,0.004558744,0.0076438976,0.0,0.006563612
0.0,0.0,0.004551394,0.007647642,0.0,0.013685435
0.0,0.0,0.0023693284,0.007853817,0.0,0.019269345
0.0,0.0,0.002902838,0.0059881634,0.0,0.009490895
0.0,0.0,0.0021403409,0.005694875,0.0,0.024916297
0.0,0.0,0.0011171977,0.011395883,0.0,0.0073971734
0.0,0.0,0.0008275403,0.009252114,0.0,0.012928341
0.0,0.0,0.0024995273,0.0096839,0.0,0.0230118
0.0,0.0,0.001584639,0.005991007,0.0,0.009856646
0.0,0.0,0.0038905554,0.008902869,0.0,0.018680098
0.0,0.0,0.0035060104,0.013780968,0.0,0.028339451
0.0,0.0,0.0028777532,0.014953317,0.0,0.011263113
0.0,0.0,0.002873111,0.011515121,0.0,0.019169655
0.0,0.0,0.00050688226,0.012034301,0.0,0.011400754
0.0,0.0,0.0005060646,0.011754779,0.0,0.0156118795
0.0,0.0,0.00040569936,0.0055307727,0.0,0.010913361
0.0,0.0,0.0003331709,0.00799085,0.0,0.029499637
0.0,0.0,9.551182e-05,0.00892865,0.0,0.008670693
0.0,0.0,4.5035646e-05,0.010267035,0.0,0.02139422
0.0,0.0,3.314239e-05,0.01887936,0.0,0.012019338
0.0,0.0,9.019052e-06,0.021035217,0.0,0.03730501
0.0,0.0,2.4430708e-06,0.011647076,0.0,0.007061185
0.0,0.0,2.43913e-06,0.014021792,0.0,0.012152165
0.0,0.0,1.6606366e-06,0.017861672,0.0,0.024558248
0.0,0.0,1.1306133e-06,0.0147377625,0.0,0.011966333
0.0,0.0,8.320226e-07,0.015465094,0.0,0.022171725
0.0,0.0,8.3068045e-07,0.019897776,0.0,0.013255826
0.0,0.0,6.1130083e-07,0.013075477,0.0,0.022476932
0.0,0.0,3.210174e-07,0.011483574,0.0,0.011807814
0.0,0.0,1.9565526e-07,0.017204158,0.0,0.026540525
0.0,0.0,1.2046647e-07,0.016551508,0.0,0.0076675224
0.0,0.0,5.4033766e-08,0.012644554,0.0,0.012528592
0.0,0.0,3.009167e-08,0.008300913,0.0,0.014269032
0.0,0.0,2.6566477e-08,0.0098240385,0.0,0.022265298
0.0,0.0,1.32011095e-08,0.014019924,0.0,0.010513126
0.0,0.0,4.5939896e-09,0.01869461,0.0,0.03931881
0.0,0.0,1.1043859e-09,0.0139849195,0.0,0.0089224735
0.0,0.0,1.1026045e-09,0.013860787,0.0,0.016298683
0.0,0.0,3.0026853e-10,0.008842728,0.0,0.018507492
0.0,0.0,8.090627e-11,0.011880289,0.0,0.01863917
0.0,0.0,3.0072025e-11,0.011049291,0.0,0.013995538
0.0,0.0,1.625603e-11,0.016350472,0.0,0.025928834
0.0,0.0,1.2472169e-11,0.014245654,0.0,0.007953208
0.0,0.0,1.2452051e-11,0.031292986,0.0,0.03967383
0.0,0.0,5.5852146e-12,0.009268887,0.0,0.009727753
0.0,0.0,4.2358057e-12,0.014725279,0.0,0.034117337
0.0,0.0,1.7047337e-12,0.027013425,0.0,0.009695231
0.0,0.0,1.7019837e-12,0.010954741,0.0,0.025516504
0.0,0.0,1.5025989e-12,0.013308207,0.0,0.010316542
0.0,0.0,1.3265719e-12,0.01013385,0.0,0.024620099
0.0,0.0,7.3877433e-13,0.026047215,0.0,0.012491812
0.0,0.0,4.681638e-13,0.013634903,0.0,0.032119837
0.0,0.0,4.674086e-13,0.010631691,0.0,0.008180678
0.0,0.0,2.454539e-13,0.010154474,0.0,0.015163806
0.0,0.0,1.1571795e-13,0.008003569,0.0,0.01976444
0.0,0.0,1.0216177e-13,0.0074744015,0.0,0.01110092
0.0,0.0,6.955487e-14,0.0044079195,0.0,0.019829882
0.0,0.0,0.0010002939,0.0053649647,0.0,0.00939273
0.0,0.0,0.0014132516,0.007827695,0.0,0.026003102
0.0,0.0,0.0014109586,0.0053923926,0.0,0.0072766757
0.0,0.0,0.0014086693,0.0037357735,0.0,0.0045574834
0.0,0.0,0.00073399313,0.0019390389,0.0,0.013092928
0.0,0.0,0.00067011925,0.006838357,0.0,0.009863329
0.0,0.0,0.0037610705,0.004179986,0.0,0.0069225826
0.0,0.0,0.0019838132,0.0017546952,0.0,0.016154531
0.0,0.0,0.008236387,0.008125534,0.0,0.021847937
0.0,0.0,0.005843349,0.006311644,0.0,0.005702727
0.0,0.0,0.0050372803,0.0018896841,0.0,0.004493265
0.0,0.0,0.00330408,0.0032367615,0.0,0.0072373594
0.0,0.0,0.003298717,0.0011034863,0.0,0.014321512
0.0,0.0,0.0029183775,0.0010539552,0.0,0.0081844395
0.0,0.0,0.002629452,0.001802254,0.0,0.012089895
0.0,0.0,0.0027150756,0.0021389124,0.0,0.013769337
0.0,0.0,0.0024558755,0.0014602791,0.0,0.013388922
0.0,0.0,0.0028368211,0.0047174906,0.0,0.013145045
0.0,0.0,0.0011276515,0.0017395633,0.0,0.007746582
0.0,0.0,0.0008022203,0.0031901265,0.0,0.0082756365
0.0,0.0,0.00080091774,0.0010409135,0.0,0.007975864
0.0,0.0,0.0007345348,0.0028673592,0.0,0.014857044
0.0,0.0,0.00457483,0.000865764,0.0,0.0052261953
0.0,0.0,0.0038417433,0.0007698909,0.0,0.0024462617
0.0,0.0,0.0033926952,0.001638557,0.0,0.0028338036
0.0,0.0,0.0030037633,0.00053964794,0.0,0.0021466487
0.0,0.0,0.0027136342,0.0010924824,0.0,0.0024642628
0.0,0.0,0.0027092271,0.000984563,0.0,0.0008175506
0.0,0.0,0.0016357304,0.00066446856,0.0,0.0010976257
0.0,0.0,0.0025730294,0.0015090128,0.0,0.0024471527
0.0,0.0,0.0020121634,0.0011491256,0.0,0.0017523383
0.0,0.0,0.0019516619,0.0008643581,0.0,0.0014278996
0.0,0.0,0.0019484921,0.0005223451,0.0,0.0009769364
0.0,0.0,0.002234536,0.0012192925,0.0,0.0016828452
0.0,0.0,0.0054125157,0.0006394507,0.0,0.00078587973
0.0,0.0,0.0023066488,0.0016816717,0.0,0.001657622
0.0,0.0,0.0023029004,0.00043459,0.0,0.00089162803
0.0,0.0,0.0042171953,0.00024129142,0.0,0.0008856248
0.0,0.0,0.0025773728,0.00027392607,0.0,0.0009462002
0.0,0.0,0.0023424106,0.00034536884,0.0,0.000994363
0.0,0.0,0.002104308,0.00020275194,0.0,0.00051513856
0.0,0.0,0.00195578,9.27232e-05,0.0,0.00038904688
0.0,0.0,0.0017728719,5.1050505e-05,0.0,0.00037462308
0.0,0.0,0.0017699907,1.2413617e-05,0.0,0.00032173737
0.0,0.0,0.001767114,3.5314768e-06,0.0,0.00018812287
0.0,0.0,0.0017642422,1.0650645e-06,0.0,9.305763e-05
0.0,0.0,0.0016814069,3.7367357e-07,0.0,9.159708e-05
0.0,0.0,0.0016786742,2.5098245e-07,0.0,0.00013722287
0.0,0.0,0.0014849067,1.8197358e-07,0.0,8.337005e-05
0.0,0.0,0.0007188917,1.1813213e-07,0.0,5.3608877e-05
0.0,0.0,0.00063436583,1.00923074e-07,0.0,4.1306637e-05
0.0,0.0,0.0006333348,1.3786752e-07,0.0,5.053701e-05
0.0,0.0,0.00063230545,6.876216e-08,0.0,4.100578e-05
0.0,0.0,0.00063127774,3.3563e-08,0.0,2.736761e-05
0.0,0.0,0.0006302517,3.8185428e-07,0.0,0.00017741104
0.0,0.0,0.000555133,5.362495e-07,0.0,0.00020574877
0.0,0.0,0.0004889735,6.262928e-07,0.0,0.0002692091
0.0,0.0,0.00043070552,5.920508e-07,0.0,0.00039386778
0.0,0.0,0.00020991731,2.7578554e-07,0.0,0.00032730686
0.0,0.0,0.00018491555,1.5481508e-07,0.0,0.00014337176
0.0,0.0,0.00018461498,9.0173614e-08,0.0,0.00013182752
0.0,0.0,0.0001843149,5.5065172e-08,0.0,0.00013323507
0.0,0.0,8.982439e-05,4.3481432e-08,0.0,0.00011725959
0.0,0.0,4.0168037e-05,1.1487311e-07,0.0,0.00012634756
0.0,0.0,7.3297124e-06,1.7701736e-07,0.0,0.00012160466
0.0,0.0,3.657688e-06,6.935219e-08,0.0,5.4117263e-05
0.0,0.0,3.6517395e-06,6.612813e-08,0.0,6.777752e-05
0.0,0.0,1.2792876e-06,2.999915e-08,0.0,3.335342e-05
0.0,0.0,9.295617e-07,3.061765e-08,0.0,2.525455e-05
0.0,0.0,6.197264e-07,1.4848073e-08,0.0,1.912544e-05
0.0,0.0,3.705774e-07,3.1254668e-08,0.0,1.7034949e-05
0.0,0.0,1.6394657e-07,3.1981383e-08,0.0,2.0531816e-05
0.0,0.0,1.6367986e-07,2.8199247e-08,0.0,1.9036455e-05
0.0,0.0,8.916518e-08,2.393877e-08,0.0,1.706192e-05
0.0,0.0,7.037118e-08,1.0754452e-08,0.0,1.1832639e-05
0.0,0.0,7.02567e-08,6.861382e-09,0.0,1.7347174e-05
0.0,0.0,7.014239e-08,1.7299564e-08,0.0,1.9194125e-05
0.0,0.0,7.002828e-08,1.8607372e-08,0.0,2.2120968e-05
0.0,0.0,6.991434e-08,2.5825068e-08,0.0,2.2463015e-05
0.0,0.0,4.9296283e-08,2.8331081e-08,0.0,1.97338e-05
0.0,0.0,3.2242653e-08,4.276135e-08,0.0,1.7742079e-05
0.0,0.0,3.2190194e-08,1.3210424e-08,0.0,1.3297977e-05
0.0,0.0,3.2137816e-08,1.2083752e-08,0.0,1.48876425e-05
0.0,0.0,3.2085527e-08,8.04636e-09,0.0,1.5433789e-05
0.0,0.0,3.203332e-08,1.6765707e-08,0.0,1.6564602e-05
0.0,0.0,1.7534472e-08,1.7906663e-08,0.0,1.9040652e-05
0.0,0.0,1.750594e-08,6.083122e-09,0.0,1.5977865e-05
0.0,0.0,1.7477454e-08,3.4500813e-09,0.0,1.1392119e-05
0.0,0.0,1.7449015e-08,2.4761353e-09,0.0,1.730867e-05
0.0,0.0,1.1410303e-08,2.3713718e-09,0.0,1.825106e-05
0.0,0.0,7.709877e-09,2.001798e-09,0.0,1.1082815e-05
0.0,0.0,5.869338e-09,1.334754e-09,0.0,1.3835481e-05
0.0,0.0,4.5814623e-09,4.3718898e-10,0.0,1.2768924e-05
0.0,0.0,3.6542271e-09,5.263582e-09,0.0,1.891076e-05
0.0,0.0,3.6482792e-09,6.737867e-09,0.0,1.6538752e-05
0.0,0.0,3.6423409e-09,3.1505853e-09,0.0,1.8669223e-05
0.0,0.0,3.3785827e-09,6.8384445e-09,0.0,2.5280908e-05
0.0,0.0,3.3730834e-09,1.0888054e-08,0.0,2.0981346e-05
0.0,0.0,3.3675929e-09,2.0200751e-08,0.0,2.2571729e-05
0.0,0.0,3.4867818e-09,1.8120245e-08,0.0,2.1814329e-05
0.0,0.0,3.4811058e-09,1.3659042e-08,0.0,2.0183048e-05
0.0,0.0,3.4754393e-09,1.0298785e-08,0.0,1.6051923e-05
0.0,0.0,3.469782e-09,1.7167757e-08,0.0,1.6032785e-05
0.0,0.0,3.4641339e-09,8.966793e-09,0.0,1.4303839e-05
0.0,0.0,3.53239e-09,4.5549258e-09,0.0,1.6033771e-05
0.0,0.0,3.6517653e-09,7.110222e-09,0.0,2.1413749e-05
0.0,0.0,1.3685547e-08,2.9546758e-09,0.0,1.5622702e-05
0.0,0.0,1.3387982e-08,1.0588261e-08,0.0,2.1350814e-05
0.0,0.0,1.6957994e-08,1.7894076e-08,0.0,2.6770436e-05
0.0,0.0,1.6930384e-08,1.9213829e-08,0.0,2.2979764e-05
0.0,0.0,1.9547771e-08,1.0396622e-08,0.0,2.0214258e-05
0.0,0.0,4.859336e-08,8.244083e-09,0.0,2.2426337e-05
0.0,0.0,6.458786e-08,5.6758878e-09,0.0,3.9151862e-05
0.0,0.0,7.3250085e-08,2.9158583e-08,0.0,4.0897306e-05
0.0,0.0,7.2916784e-08,5.4007213e-08,0.0,4.188605e-05
0.0,0.0,2.98159e-08,3.8630215e-08,0.0,3.2167707e-05
0.0,0.0,2.9767348e-08,4.9670334e-08,0.0,3.880373e-05
0.0,0.0,2.6279746e-08,4.797158e-08,0.0,4.9846163e-05
0.0,0.0,2.320076e-08,3.0404287e-08,0.0,4.7539317e-05
0.0,0.0,2.316298e-08,1.3705987e-08,0.0,5.4513934e-05
0.0,0.0,2.044916e-08,1.5437266e-08,0.0,5.3063533e-05
0.0,0.0,6.799301e-09,1.14470025e-08,0.0,5.5742494e-05
0.0,0.0,4.725439e-09,3.9940602e-08,0.0,4.9013277e-05
0.0,0.0,4.7177444e-09,1.16550254e-07,0.0,5.6036268e-05
0.0,0.0,3.4717513e-09,2.0540129e-07,0.0,6.418762e-05
0.0,0.0,7.756791e-10,1.6877647e-07,0.0,6.160388e-05
0.0,0.0,1.4910602e-10,1.7199886e-07,0.0,8.059444e-05
0.0,0.0,4.5348916e-11,3.129453e-07,0.0,0.000105629064
0.0,0.0,3.3371916e-11,4.3425848e-07,0.0,0.00012705143
0.0,0.0,3.331757e-11,8.072293e-07,0.0,0.000112958754
0.0,0.0,1.1107997e-11,7.3790034e-07,0.0,0.00010227292
0.0,0.0,2.339443e-12,1.7455559e-06,0.0,0.00010928913
0.0,0.0,2.202108e-12,4.1853546e-06,0.0,8.8545035e-05
0.0,0.0,1.1819045e-12,5.5493176e-05,0.0,0.000104950836
0.0,0.0,4.9225327e-13,0.0001768019,0.0,0.00013366467
0.0,0.0,1.0775272e-13,0.00050651765,0.0,0.00016053297
0.0,0.0,4.1987826e-14,0.0047405344,0.0,0.00044630747
0.0,0.0,7.773465e-15,0.00456181,0.0,0.0006915931
0.0,0.0,1.9447012e-05,0.0024146454,0.0,0.0008812734
0.0,0.0,5.518177e-05,0.01536338,0.0,0.002011237
0.0,0.0,4.2169137e-05,0.021638278,0.0,0.0032116417
0.0,0.0,2.7567094e-05,0.012739807,0.0,0.0036263308
0.0,0.0,2.2394963e-05,0.023921048,0.0,0.0132242
0.0,0.0,9.435086e-05,0.02146937,0.0,0.024019346
0.0,0.0,0.00014427977,0.016607735,0.0,0.027541896
0.0,0.0,7.123325e-05,0.02525263,0.0,0.019205848
0.0,0.0,7.1116374e-05,0.017121775,0.0,0.04654372
0.0,0.0,5.657075e-05,0.020066008,0.0,0.022275224
0.0,0.0,8.7071145e-05,0.037177667,0.0,0.039953798
0.0,0.0,5.988757e-05,0.014297192,0.0,0.0071534463
0.0,0.0,7.241857e-05,0.040342048,0.0,0.030873798
0.0,0.0,8.396244e-05,0.0061363154,0.0,0.01806531
0.0,0.0,0.00012798795,0.0114745805,0.0,0.016609428
0.0,0.0,0.000112567286,0.034233235,0.0,0.058276467
0.0,0.0,9.559313e-05,0.018547432,0.0,0.015680399
0.0,0.0,9.114462e-05,0.02431668,0.0,0.050405834
0.0,0.0,0.00017683762,0.010991798,0.0,0.012448569
0.0,0.0,0.00027257245,0.023036972,0.0,0.043748036
0.0,0.0,0.0001787209,0.032753956,0.0,0.043690145
0.0,0.0,0.00015173607,0.01866728,0.0,0.023274958
0.0,0.0,0.00017747715,0.03754142,0.0,0.0227708
0.0,0.0,0.0007714554,0.0069795363,0.0,0.02443509
0.0,0.0,0.0009671621,0.018691786,0.0,0.019306181
0.0,0.0,0.0018428987,0.022034967,0.0,0.050586477
0.0,0.0,0.0013781182,0.0066724718,0.0,0.011324387
0.0,0.0,0.016982758,0.018717812,0.0,0.0402481
0.0,0.0,0.013573588,0.014151178,0.0,0.014846107
0.0,0.0,0.0039175064,0.023592955,0.0,0.028180983
0.0,0.0,0.009324818,0.019476814,0.0,0.009987102
0.0,0.0,0.003256944,0.01295643,0.0,0.022172146
0.0,0.0,0.0152114285,0.03755147,0.0,0.022596858
0.0,0.0,0.010114578,0.011332521,0.0,0.027574886
0.0,0.0,0.0047468627,0.011168156,0.0,0.023151357
0.0,0.0,0.00326639,0.005656361,0.0,0.0074323434
0.0,0.0,0.0028842995,0.017344872,0.0,0.020051777
0.0,0.0,0.0028795607,0.019744799,0.0,0.019047663
0.0,0.0,0.0025426655,0.011521683,0.0,0.0123155415
0.0,0.0,0.00085355446,0.010213242,0.0,0.033813912
0.0,0.0,0.00076040986,0.01279593,0.0,0.008704586
0.0,0.0,0.00058908155,0.008203449,0.0,0.0063320706
0.0,0.0,0.0013728236,0.0042405864,0.0,0.007870909
0.0,0.0,0.0013199579,0.005631387,0.0,0.01309626
0.0,0.0,0.0011677702,0.0036976489,0.0,0.016523052
0.0,0.0,0.0011658516,0.010975208,0.0,0.038527727
0.0,0.0,0.0010438861,0.010991667,0.0,0.00987822
0.0,0.0,0.0030316652,0.007617052,0.0,0.011451182
0.0,0.0,0.0009788901,0.015455724,0.0,0.023093376
0.0,0.0,0.0009831421,0.01424713,0.0,0.0069792354
0.0,0.0,0.0020212627,0.006494445,0.0,0.007812505
0.0,0.0,0.0020179413,0.0021143605,0.0,0.0044005807
0.0,0.0,0.0014912362,0.005190646,0.0,0.011425988
0.0,0.0,0.0014887856,0.004393533,0.0,0.0130819045
0.0,0.0,0.0013269284,0.0065051964,0.0,0.01769341
0.0,0.0,0.0013247479,0.0036993448,0.0,0.008150547
0.0,0.0,0.0013225711,0.0087767895,0.0,0.017333305
0.0,0.0,0.0010742113,0.0069844397,0.0,0.019339021
0.0,0.0,0.00097364275,0.008478142,0.0,0.015595793
0.0,0.0,0.0029822586,0.0054444484,0.0,0.018187841
0.0,0.0,0.002977358,0.0108486265,0.0,0.01736706
0.0,0.0,0.0017810828,0.008674588,0.0,0.01625129
0.0,0.0,0.0014399319,0.0061810017,0.0,0.013440175
0.0,0.0,0.0009668293,0.011257365,0.0,0.033814482
0.0,0.0,0.00096524047,0.004706629,0.0,0.007240612
0.0,0.0,0.0009593146,0.0028870197,0.0,0.012989078
0.0,0.0,0.00077562523,0.00555182,0.0,0.013367389
0.0,0.0,0.00035005264,0.0061128736,0.0,0.029957019
0.0,0.0,0.00034947734,0.0037748779,0.0,0.006791049
0.0,0.0,0.00033737626,0.005942776,0.0,0.010607377
0.0,0.0,0.0003368218,0.003997268,0.0,0.01835263
0.0,0.0,0.00040286084,0.0018932548,0.0,0.009427281
0.0,0.0,0.0002782054,0.00636114,0.0,0.02678088
0.0,0.0,0.0002505791,0.0033005439,0.0,0.0047884677
0.0,0.0,0.0001798327,0.0024575056,0.0,0.0036014128
0.0,0.0,0.00017953715,0.00088009407,0.0,0.004384099
0.0,0.0,0.0004361128,0.0075785257,0.0,0.011917136
0.0,0.0,0.002172552,0.00381313,0.0,0.009363335
0.0,0.0,0.0024698551,0.0008786321,0.0,0.008000096
0.0,0.0,0.0014863829,0.0014531189,0.0,0.010422196
0.0,0.0,0.0009148614,0.0017333671,0.0,0.017448682
0.0,0.0,0.00083391025,0.001151141,0.0,0.0048190886
0.0,0.0,0.0073712384,0.002909339,0.0,0.0055006538
0.0,0.0,0.007359122,0.0012434918,0.0,0.0075991573
0.0,0.0,0.005892123,0.0028729779,0.0,0.008183118
0.0,0.0,0.005201385,0.0011375791,0.0,0.013437334
0.0,0.0,0.005192835,0.0053028753,0.0,0.01289811
0.0,0.0,0.0051309057,0.0030593465,0.0,0.01446521
0.0,0.0,0.0044400417,0.0034897064,0.0,0.011354477
0.0,0.0,0.0039391913,0.0011721564,0.0,0.011560111
0.0,0.0,0.0028982766,0.0020379385,0.0,0.011897853
0.0,0.0,0.002997886,0.00090789085,0.0,0.014655204
0.0,0.0,0.0024294727,0.0013021168,0.0,0.0071504884
0.0,0.0,0.0019484841,0.0020191479,0.0,0.009031095
0.0,0.0,0.0011056927,0.000581476,0.0,0.0033247336
0.0,0.0,0.0006235549,0.0031382218,0.0,0.0028328004
0.0,0.0,0.00048560655,0.0007477411,0.0,0.0029125444
0.0,0.0,0.0010154105,0.0026609784,0.0,0.0015706731
0.0,0.0,0.0012166203,0.0019402042,0.0,0.010908381
0.0,0.0,0.0014202326,0.0066838795,0.0,0.014993985
0.0,0.0,0.03176606,0.005242526,0.0,0.009213439
0.0,0.0,0.01971175,0.002159674,0.0,0.017732378
0.0,0.0,0.0070530777,0.007821827,0.0,0.019769737
0.0,0.0,0.0047943387,0.0043104654,0.0,0.008252786
0.0,0.0,0.0047864527,0.0037432665,0.0,0.013928125
0.0,0.0,0.003941573,0.0014068877,0.0,0.011223899
0.0,0.0,0.0027017766,0.0034472104,0.0,0.011757196
0.0,0.0,0.0026973323,0.0016048265,0.0,0.018506436
0.0,0.0,0.002959926,0.004026423,0.0,0.0067234547
0.0,0.0,0.0032611468,0.0013518254,0.0,0.0080675045
0.0,0.0,0.0024184003,0.0026454355,0.0,0.0048142895
0.0,0.0,0.0020183143,0.0012350519,0.0,0.007842503
0.0,0.0,0.010863237,0.0067264144,0.0,0.028964339
0.0,0.0,0.0065566204,0.0039325333,0.0,0.004871874
0.0,0.0,0.003482612,0.00424952,0.0,0.012215819
0.0,0.0,0.0018928213,0.0022215296,0.0,0.008367181
0.0,0.0,0.014291979,0.0017311308,0.0,0.01056059
0.0,0.0,0.0075807753,0.0048106275,0.0,0.01928416
0.0,0.0,0.0013989031,0.0033663716,0.0,0.007681366
0.0,0.0,0.001041518,0.0051479507,0.0,0.026768684
0.0,0.0,0.00055859255,0.0050496156,0.0,0.0057837516
0.0,0.0,0.0022569888,0.011605147,0.0,0.014281273
0.0,0.0,0.0031087059,0.007980054,0.0,0.014623652
0.0,0.0,0.0028595366,0.0056645465,0.0,0.016092457
0.0,0.0,0.0028548285,0.0044419714,0.0,0.0140349185
0.0,0.0,0.0011868231,0.0035024078,0.0,0.022784697
0.0,0.0,0.00067320967,0.002489362,0.0,0.004997284
0.0,0.0,0.0015778353,0.0016752922,0.0,0.0052055777
0.0,0.0,0.0014028548,0.0018286029,0.0,0.010437609
0.0,0.0,0.0012830495,0.0030562452,0.0,0.013825638
0.0,0.0,0.0011580948,0.0011464881,0.0,0.010026203
0.0,0.0,0.0030005712,0.006033289,0.0,0.013464834
0.0,0.0,0.0028123173,0.0063932287,0.0,0.038038455
0.0,0.0,0.0024847281,0.00988162,0.0,0.012984506
0.0,0.0,0.0024806361,0.005210831,0.0,0.012919783
0.0,0.0,0.0023380555,0.0023788754,0.0,0.016014095
0.0,0.0,0.0009656541,0.005390089,0.0,0.015939312
0.0,0.0,0.0017821663,0.0048673926,0.0,0.016540093
0.0,0.0,0.033969063,0.003373128,0.0,0.0187954
0.0,0.0,0.018335199,0.010619539,0.0,0.01778311
0.0,0.0,0.01830499,0.012713606,0.0,0.019726792
0.0,0.0,0.009576415,0.012777552,0.0,0.010811616
0.0,0.0,0.0023932545,0.010432549,0.0,0.01870608
0.0,0.0,0.001760384,0.012639476,0.0,0.014523488
0.0,0.0,0.013641255,0.014755237,0.0,0.028940523
0.0,0.0,0.0049378844,0.006089021,0.0,0.0046764547
0.0,0.0,0.003375308,0.0073092,0.0,0.015101933
0.0,0.0,0.0016101466,0.017462984,0.0,0.037282966
0.0,0.0,0.0007008664,0.013904395,0.0,0.01262308
0.0,0.0,0.00069971086,0.010723298,0.0,0.018978667
0.0,0.0,0.0024758067,0.008874022,0.0,0.015752913
0.0,0.0,0.0018103514,0.02329252,0.0,0.024969604
0.0,0.0,0.002811226,0.008057171,0.0,0.0074149193
0.0,0.0,0.002360577,0.008971538,0.0,0.019177342
0.0,0.0,0.0023566843,0.019983657,0.0,0.020043101
0.0,0.0,0.0023527981,0.011022263,0.0,0.015462672
0.0,0.0,0.0021536201,0.0065296176,0.0,0.010790633
0.0,0.0,0.0016599637,0.0071588517,0.0,0.018239418
0.0,0.0,0.0019374554,0.002379765,0.0,0.007321496
0.0,0.0,0.004147111,0.0018056065,0.0,0.003975785
0.0,0.0,0.0013363566,0.0006410005,0.0,0.0014194294
0.0,0.0,0.000945242,0.0024883098,0.0,0.0022563387
0.0,0.0,0.002821823,0.0013801212,0.0,0.0016815288
0.0,0.0,0.002478627,0.0028247978,0.0,0.0033209359
0.0,0.0,0.0010525667,0.0012162698,0.0,0.0016072971
0.0,0.0,0.00047100848,0.002272387,0.0,0.0011643221
0.0,0.0,0.00039746246,0.00085686013,0.0,0.0027386087
0.0,0.0,0.0007977148,0.0025528537,0.0,0.0015102032
0.0,0.0,0.00091826153,0.0012128679,0.0,0.0013265625
0.0,0.0,0.00064770237,0.0017057892,0.0,0.0024561477
0.0,0.0,0.0030022345,0.0008289671,0.0,0.0016220211
0.0,0.0,0.0013883467,0.0014641107,0.0,0.0012778711
0.0,0.0,0.0011836786,0.00048106248,0.0,0.0016606504
0.0,0.0,0.0011817255,0.0013052454,0.0,0.0011855555
0.0,0.0,0.0016633563,0.0009350573,0.0,0.0041128984
0.0,0.0,0.0016606116,0.0014524518,0.0,0.0023966162
0.0,0.0,0.0016578714,0.00045947803,0.0,0.0012782471
0.0,0.0,0.002909702,0.0012949522,0.0,0.0029747614
0.0,0.0,0.0029049006,0.0005251073,0.0,0.00074078114
0.0,0.0,0.0028557556,0.0012576514,0.0,0.0003933237
0.0,0.0,0.0025277047,0.0008078047,0.0,0.0011800029
0.0,0.0,0.002107481,0.002588561,0.0,0.0020664136
0.0,0.0,0.0048535815,0.00058531354,0.0,0.00075126986
0.0,0.0,0.004335071,0.00089841214,0.0,0.00054777734
0.0,0.0,0.004327917,0.0022738227,0.0,0.0022970815
0.0,0.0,0.0028561908,0.00056754303,0.0,0.0008176562
0.0,0.0,0.0020751024,0.00028913055,0.0,0.00067245413
0.0,0.0,0.001908011,0.00035085558,0.0,0.0008448875
0.0,0.0,0.0010345894,0.0013938512,0.0,0.0013746077
0.0,0.0,0.005974902,0.0004019019,0.0,0.00059834827
0.0,0.0,0.0014755053,0.0002364174,0.0,0.00047961445
0.0,0.0,0.0014730695,0.0001331715,0.0,0.00036108238
0.0,0.0,0.0014706379,7.606074e-05,0.0,0.00025997206
0.0,0.0,0.00069792935,2.9323746e-05,0.0,0.00014770018
0.0,0.0,0.0005595083,1.1388559e-05,0.0,9.206324e-05
0.0,0.0,0.00055858464,3.6076046e-06,0.0,4.5751895e-05
0.0,0.0,0.00027255595,9.47583e-07,0.0,2.8179422e-05
0.0,0.0,0.000272106,2.4211755e-07,0.0,1.792284e-05
0.0,0.0,0.00027165678,7.579932e-08,0.0,1.5269738e-05
0.0,0.0,0.00023927509,3.8519754e-08,0.0,2.6025358e-05
0.0,0.0,0.00023888006,1.7142925e-08,0.0,1.7947152e-05
0.0,0.0,0.00013970045,1.517477e-08,0.0,2.0466687e-05
0.0,0.0,0.00013946982,1.09420455e-08,0.0,2.3807686e-05
0.0,0.0,0.00013923956,1.1782391e-08,0.0,1.7644361e-05
0.0,0.0,0.00013900969,7.794629e-09,0.0,9.399776e-06
0.0,0.0,8.1610146e-05,2.9140738e-08,0.0,2.0012647e-05
0.0,0.0,3.5654466e-05,4.1644874e-08,0.0,2.2294565e-05
0.0,0.0,6.165113e-06,4.0534417e-08,0.0,1.8461093e-05
0.0,0.0,2.5301945e-06,3.0069426e-08,0.0,2.430254e-05
0.0,0.0,1.3959894e-06,1.6264648e-08,0.0,1.7799202e-05
0.0,0.0,8.8937674e-07,2.281203e-08,0.0,2.5153464e-05
0.0,0.0,8.8790745e-07,2.4681308e-08,0.0,2.2345386e-05
0.0,0.0,8.8644055e-07,5.0136908e-08,0.0,2.1604023e-05
0.0,0.0,8.8497615e-07,7.485004e-08,0.0,3.1454383e-05
0.0,0.0,6.794572e-07,5.3164086e-08,0.0,2.1731381e-05
0.0,0.0,4.2862283e-07,4.6840544e-08,0.0,2.2022852e-05
0.0,0.0,2.5848004e-07,3.7615887e-08,0.0,2.1639524e-05
0.0,0.0,2.2183562e-07,2.368437e-08,0.0,1.7569786e-05
0.0,0.0,1.9965212e-07,1.0931419e-08,0.0,2.0783507e-05
0.0,0.0,1.9932223e-07,4.876514e-09,0.0,9.907149e-06
0.0,0.0,1.7764285e-07,8.232429e-10,0.0,1.5154791e-05
0.0,0.0,1.7734932e-07,5.496208e-10,0.0,1.8100593e-05
0.0,0.0,1.7705628e-07,6.0552146e-09,0.0,1.6185539e-05
0.0,0.0,1.3335693e-07,1.6182026e-08,0.0,1.591185e-05
0.0,0.0,1.3313658e-07,1.1418173e-08,0.0,1.1567992e-05
0.0,0.0,1.07855584e-07,1.0643004e-08,0.0,1.47575265e-05
0.0,0.0,5.7321703e-08,4.390302e-09,0.0,1.966121e-05
0.0,0.0,5.7226984e-08,1.0692569e-08,0.0,1.644657e-05
0.0,0.0,5.7132425e-08,5.498251e-09,0.0,1.2976938e-05
0.0,0.0,5.089587e-08,5.0922484e-09,0.0,1.4760095e-05
0.0,0.0,2.9867522e-08,9.615577e-09,0.0,1.4231198e-05
0.0,0.0,2.9818167e-08,8.168679e-09,0.0,3.136121e-05
0.0,0.0,2.9768895e-08,3.369492e-09,0.0,2.5396359e-05
0.0,0.0,2.9719704e-08,1.0349127e-08,0.0,2.3849063e-05
0.0,0.0,1.8634932e-08,7.0184014e-09,0.0,1.7919374e-05
0.0,0.0,1.8604139e-08,1.160678e-08,0.0,6.8453937e-06
0.0,0.0,1.8573397e-08,1.1321161e-08,0.0,1.1639009e-05
0.0,0.0,1.8542705e-08,9.175427e-09,0.0,1.3738404e-05
0.0,0.0,1.6431207e-08,7.696829e-09,0.0,6.659385e-06
0.0,0.0,1.4561142e-08,1.7494127e-09,0.0,5.623676e-06
0.0,0.0,1.4537081e-08,4.1068895e-09,0.0,1.349972e-05
0.0,0.0,1.1801896e-08,1.2610854e-08,0.0,1.6710543e-05
0.0,0.0,1.1782395e-08,1.3417723e-08,0.0,1.32617115e-05
0.0,0.0,1.1762925e-08,1.8972454e-08,0.0,1.5849027e-05
0.0,0.0,1.1743487e-08,2.5227413e-08,0.0,1.942944e-05
0.0,0.0,1.1724081e-08,2.1491688e-08,0.0,2.2592021e-05
0.0,0.0,1.1704707e-08,9.684502e-09,0.0,2.8101673e-05
0.0,0.0,1.16853665e-08,3.2708969e-09,0.0,3.688259e-05
0.0,0.0,1.1666057e-08,3.1382343e-09,0.0,2.3376992e-05
0.0,0.0,1.1646779e-08,2.191881e-09,0.0,1.9079467e-05
0.0,0.0,1.1627533e-08,8.2845597e-10,0.0,1.4667179e-05
0.0,0.0,1.1608319e-08,8.8609403e-10,0.0,1.8986977e-05
0.0,0.0,1.1589137e-08,5.6683964e-09,0.0,2.3179975e-05
0.0,0.0,1.1569986e-08,4.178389e-09,0.0,3.3381955e-05
0.0,0.0,1.1550867e-08,3.382293e-09,0.0,3.1884545e-05
0.0,0.0,1.1153281e-08,1.1739717e-09,0.0,2.3112601e-05
0.0,0.0,1.4369232e-08,1.9829644e-08,0.0,2.0581025e-05
0.0,0.0,1.312371e-08,3.500781e-08,0.0,2.2093864e-05
0.0,0.0,1.3102023e-08,2.8796908e-08,0.0,2.3271494e-05
0.0,0.0,1.9869223e-08,1.7140046e-08,0.0,2.2050499e-05
0.0,0.0,2.1319783e-08,1.3360657e-08,0.0,3.1051564e-05
0.0,0.0,5.1197194e-08,8.38743e-08,0.0,3.2489414e-05
0.0,0.0,5.7451214e-08,8.1799854e-08,0.0,2.7777454e-05
0.0,0.0,5.6087433e-08,5.0439407e-08,0.0,2.3809043e-05
0.0,0.0,5.538406e-08,6.247332e-08,0.0,3.500541e-05
0.0,0.0,5.561556e-08,4.45958e-08,0.0,4.2593627e-05
0.0,0.0,9.488101e-08,4.0284302e-08,0.0,4.283704e-05
0.0,0.0,9.472419e-08,7.315302e-08,0.0,4.4536766e-05
0.0,0.0,9.4567646e-08,7.994044e-08,0.0,3.3037104e-05
0.0,0.0,9.441135e-08,7.4315984e-08,0.0,4.6646317e-05
0.0,0.0,3.3919244e-07,9.8361056e-08,0.0,6.1890576e-05
0.0,0.0,9.125554e-07,6.312051e-08,0.0,5.0683542e-05
0.0,0.0,7.7732903e-07,3.3077264e-08,0.0,4.206032e-05
0.0,0.0,6.6112597e-07,6.389723e-08,0.0,6.0917704e-05
0.0,0.0,7.2134344e-07,1.91124e-07,0.0,5.735173e-05
0.0,0.0,6.85131e-07,3.0688477e-07,0.0,6.855007e-05
0.0,0.0,2.601731e-06,4.1100176e-07,0.0,7.208347e-05
0.0,0.0,5.993972e-06,5.3190286e-07,0.0,8.584729e-05
0.0,0.0,5.637542e-06,7.312555e-07,0.0,0.00011904159
0.0,0.0,4.9430787e-06,6.8303723e-07,0.0,0.00012553338
0.0,0.0,4.242479e-06,5.279148e-07,0.0,0.00011676743
0.0,0.0,4.3958994e-06,8.256148e-07,0.0,0.00011555448
0.0,0.0,4.1416424e-06,2.7168962e-06,0.0,9.026251e-05
0.0,0.0,5.1769207e-06,2.6686398e-06,0.0,9.2402384e-05
0.0,0.0,5.730253e-06,6.3555417e-06,0.0,0.000111230445
0.0,0.0,8.649598e-06,5.6024288e-05,0.0,0.00011881084
0.0,0.0,7.058582e-06,9.159096e-05,0.0,0.0001207752
0.0,0.0,9.230627e-06,0.00019391249,0.0,0.00016760657
0.0,0.0,8.448275e-06,0.0009028907,0.0,0.00021161733
0.0,0.0,8.800776e-06,0.010137903,0.0,0.00048545707
0.0,0.0,2.2558477e-05,0.013953225,0.0,0.00061751663
0.0,0.0,1.9104446e-05,0.010380972,0.0,0.00090014795
0.0,0.0,1.89494e-05,0.037067734,0.0,0.001956776
0.0,0.0,1.6207516e-05,0.010326298,0.0,0.0025054847
0.0,0.0,2.4748946e-05,0.040481236,0.0,0.019324651
0.0,0.0,2.103288e-05,0.021665992,0.0,0.04900852
0.0,0.0,5.6903944e-05,0.028804956,0.0,0.030692207
0.0,0.0,4.00261e-05,0.007649323,0.0,0.020509535
0.0,0.0,3.1663058e-05,0.015606867,0.0,0.032516524
0.0,0.0,4.5957895e-05,0.04778069,0.0,0.015374235
0.0,0.0,4.1957734e-05,0.012687959,0.0,0.017236529
0.0,0.0,3.5543442e-05,0.024491698,0.0,0.068946525
0.0,0.0,3.1310552e-05,0.03128128,0.0,0.022826193
0.0,0.0,3.0307592e-05,0.018148586,0.0,0.02144676
0.0,0.0,2.8518522e-05,0.043573987,0.0,0.07129399
0.0,0.0,2.8471253e-05,0.008912135,0.0,0.035954013
0.0,0.0,2.9795177e-05,0.018084075,0.0,0.01173856
0.0,0.0,2.7317534e-05,0.04200857,0.0,0.037399776
0.0,0.0,2.5511816e-05,0.012098051,0.0,0.010884774
0.0,0.0,3.093615e-05,0.018286828,0.0,0.030059977
0.0,0.0,2.9774606e-05,0.016408682,0.0,0.008571947
0.0,0.0,4.1315176e-05,0.015054942,0.0,0.023342313
0.0,0.0,4.8845555e-05,0.023718875,0.0,0.0135317845
0.0,0.0,3.949974e-05,0.015737996,0.0,0.026799027
0.0,0.0,3.3916567e-05,0.02622077,0.0,0.012597859
0.0,0.0,6.143274e-05,0.014088765,0.0,0.023935005
0.0,0.0,8.347552e-05,0.012641497,0.0,0.009890269
0.0,0.0,0.000109652516,0.019501617,0.0,0.025739271
0.0,0.0,7.914521e-05,0.014599608,0.0,0.010197832
0.0,0.0,6.9089554e-05,0.023311695,0.0,0.032042086
0.0,0.0,6.022611e-05,0.027563939,0.0,0.010884842
0.0,0.0,7.1519564e-05,0.0133468695,0.0,0.025205268
0.0,0.0,8.8557106e-05,0.009720958,0.0,0.009390597
0.0,0.0,0.00018252729,0.013347638,0.0,0.01603323
0.0,0.0,0.00014712573,0.013272848,0.0,0.019295314
0.0,0.0,0.00013214609,0.014824028,0.0,0.012820958
0.0,0.0,9.021724e-05,0.0081315255,0.0,0.013924728
0.0,0.0,8.870592e-05,0.006173598,0.0,0.014187699
0.0,0.0,6.654787e-05,0.008282138,0.0,0.032616362
0.0,0.0,5.304964e-05,0.0074929795,0.0,0.00960541
0.0,0.0,5.862515e-05,0.010689672,0.0,0.014425003
0.0,0.0,7.406799e-05,0.010628113,0.0,0.017190661
0.0,0.0,5.6913457e-05,0.018859373,0.0,0.025337938
0.0,0.0,4.9186525e-05,0.012942306,0.0,0.0125321625
0.0,0.0,4.050805e-05,0.02500437,0.0,0.039231837
0.0,0.0,9.300542e-05,0.011945185,0.0,0.023334427
0.0,0.0,9.2883645e-05,0.012560112,0.0,0.009107312
0.0,0.0,6.182895e-05,0.009571968,0.0,0.017884495
0.0,0.0,5.3361495e-05,0.010091586,0.0,0.01135426
0.0,0.0,4.844385e-05,0.007006285,0.0,0.02126114
0.0,0.0,3.716562e-05,0.013228796,0.0,0.010192942
0.0,0.0,3.073847e-05,0.0096580535,0.0,0.016050467
0.0,0.0,2.5869582e-05,0.0035254322,0.0,0.0072787716
0.0,0.0,2.409426e-05,0.005067175,0.0,0.021229276
0.0,0.0,2.272079e-05,0.0031486596,0.0,0.0067409
0.0,0.0,2.268307e-05,0.0023918163,0.0,0.008537815
0.0,0.0,2.1511798e-05,0.0019886857,0.0,0.013768095
0.0,0.0,3.0989984e-05,0.0018548745,0.0,0.0074311346
0.0,0.0,3.0938536e-05,0.0014027408,0.0,0.017844012
0.0,0.0,3.0887175e-05,0.0047931136,0.0,0.008690442
0.0,0.0,2.7471973e-05,0.0037465536,0.0,0.021582097
0.0,0.0,2.8453507e-05,0.0019042786,0.0,0.0057592546
0.0,0.0,3.832616e-05,0.0034810184,0.0,0.012981883
0.0,0.0,3.230929e-05,0.0014965433,0.0,0.011105434
0.0,0.0,2.8532702e-05,0.0047766636,0.0,0.024443094
0.0,0.0,2.6391843e-05,0.0020421518,0.0,0.004984523
0.0,0.0,4.8552796e-05,0.0029529918,0.0,0.004350947
0.0,0.0,8.856387e-05,0.0016145213,0.0,0.014079957
0.0,0.0,6.847126e-05,0.0013344631,0.0,0.008749988
0.0,0.0,6.835758e-05,0.0047267117,0.0,0.0134532675
0.0,0.0,4.388938e-05,0.002039677,0.0,0.01051791
0.0,0.0,7.570803e-05,0.004847058,0.0,0.013049387
0.0,0.0,4.857689e-05,0.0037076855,0.0,0.027925102
0.0,0.0,3.5904508e-05,0.0041605635,0.0,0.005482635
0.0,0.0,5.5763838e-05,0.0021719006,0.0,0.008777995
0.0,0.0,5.836282e-05,0.003672382,0.0,0.014707373
0.0,0.0,5.8265923e-05,0.001907777,0.0,0.018669434
0.0,0.0,4.9094986e-05,0.005584181,0.0,0.009232225
0.0,0.0,6.834046e-05,0.00355137,0.0,0.016983043
0.0,0.0,0.00010249325,0.0038947496,0.0,0.010356958
0.0,0.0,5.77735e-05,0.0014716566,0.0,0.018363621
0.0,0.0,5.229622e-05,0.0018588994,0.0,0.010816328
0.0,0.0,3.746868e-05,0.001360575,0.0,0.014355788
0.0,0.0,3.2015738e-05,0.006197725,0.0,0.020736359
0.0,0.0,2.961923e-05,0.0032259286,0.0,0.005718248
0.0,0.0,2.4857574e-05,0.0049632564,0.0,0.011014842
0.0,0.0,2.3481614e-05,0.0033585546,0.0,0.022698486
0.0,0.0,2.1884935e-05,0.008090859,0.0,0.012119013
0.0,0.0,3.8946473e-05,0.014293865,0.0,0.027546775
0.0,0.0,3.0277966e-05,0.0124866795,0.0,0.008729354
0.0,0.0,2.6113119e-05,0.010088503,0.0,0.016069096
0.0,0.0,2.6069763e-05,0.0153944,0.0,0.02298884
0.0,0.0,2.1646894e-05,0.017546814,0.0,0.00666581
0.0,0.0,2.8196417e-05,0.013310912,0.0,0.0078682145
0.0,0.0,2.4902529e-05,0.008835913,0.0,0.016787475
0.0,0.0,2.2582339e-05,0.01898726,0.0,0.0139573505
0.0,0.0,2.344697e-05,0.015713453,0.0,0.021632418
0.0,0.0,2.1867638e-05,0.008316224,0.0,0.00569863
0.0,0.0,2.0058496e-05,0.0065223337,0.0,0.007840706
0.0,0.0,1.8565888e-05,0.0048062894,0.0,0.0070402846
0.0,0.0,1.7699207e-05,0.0019139138,0.0,0.00855532
0.0,0.0,1.7669821e-05,0.0033555997,0.0,0.012881245
0.0,0.0,1.7640483e-05,0.0013223971,0.0,0.011272915
0.0,0.0,1.6727083e-05,0.0039628576,0.0,0.014822733
0.0,0.0,1.6268968e-05,0.002819634,0.0,0.018041257
0.0,0.0,1.9264335e-05,0.0057361806,0.0,0.0145496195
0.0,0.0,2.2323238e-05,0.0041111815,0.0,0.012073506
0.0,0.0,2.708989e-05,0.005141227,0.0,0.0282896
0.0,0.0,2.7044913e-05,0.0042276867,0.0,0.009806901
0.0,0.0,2.6762624e-05,0.006917069,0.0,0.009409392
0.0,0.0,2.3808721e-05,0.008164346,0.0,0.014674049
0.0,0.0,4.2516927e-05,0.009594581,0.0,0.02945693
0.0,0.0,4.8397607e-05,0.020316152,0.0,0.01261977
0.0,0.0,7.193797e-05,0.011809086,0.0,0.010733157
0.0,0.0,7.8479155e-05,0.011346465,0.0,0.023626564
0.0,0.0,6.525061e-05,0.011366981,0.0,0.014124009
0.0,0.0,6.0372233e-05,0.007565991,0.0,0.016147807
0.0,0.0,4.045239e-05,0.0030199594,0.0,0.010390396
0.0,0.0,3.1949156e-05,0.0050027347,0.0,0.017600143
0.0,0.0,4.6304616e-05,0.002343505,0.0,0.008490351
0.0,0.0,5.7309968e-05,0.0054933773,0.0,0.022500632
0.0,0.0,4.2709846e-05,0.004280228,0.0,0.006762176
0.0,0.0,3.8959937e-05,0.0047875093,0.0,0.01057249
0.0,0.0,3.9041945e-05,0.0035959654,0.0,0.028797535
0.0,0.0,4.4436092e-05,0.009364176,0.0,0.013655454
0.0,0.0,6.073489e-05,0.00916057,0.0,0.02433867
0.0,0.0,4.861144e-05,0.014423276,0.0,0.011004698
0.0,0.0,5.9043414e-05,0.01209256,0.0,0.023426455
0.0,0.0,5.4931883e-05,0.015788287,0.0,0.015984569
0.0,0.0,5.4840653e-05,0.013867645,0.0,0.02918337
0.0,0.0,5.0526352e-05,0.012762113,0.0,0.013284062
0.0,0.0,4.6537203e-05,0.010543577,0.0,0.013538119
0.0,0.0,3.9938343e-05,0.011695261,0.0,0.030752499
0.0,0.0,3.7964834e-05,0.013297251,0.0,0.017038774
0.0,0.0,4.396785e-05,0.023446487,0.0,0.038277004
0.0,0.0,4.389483e-05,0.0080398815,0.0,0.01085065
0.0,0.0,5.1242652e-05,0.007920208,0.0,0.01898743
0.0,0.0,5.3790394e-05,0.0049787564,0.0,0.0133056985
0.0,0.0,4.789792e-05,0.005918844,0.0,0.017947443
0.0,0.0,4.2969677e-05,0.008138118,0.0,0.025314448
0.0,0.0,4.048692e-05,0.02583707,0.0,0.008359281
0.0,0.0,4.09962e-05,0.011633767,0.0,0.0143897
0.0,0.0,8.703994e-05,0.00968098,0.0,0.017920528
0.0,0.0,9.071189e-05,0.0065423083,0.0,0.008199487
0.0,0.0,8.039593e-05,0.004957422,0.0,0.009687446
0.0,0.0,6.1451814e-05,0.0015599196,0.0,0.0071196407
0.0,0.0,5.202991e-05,0.005903953,0.0,0.029335499
0.0,0.0,4.5842764e-05,0.0034962979,0.0,0.007283113
0.0,0.0,3.903965e-05,0.0040344074,0.0,0.0070054387
0.0,0.0,3.5240708e-05,0.0021683136,0.0,0.014069191
0.0,0.0,4.81251e-05,0.0060117748,0.0,0.011802491
0.0,0.0,4.135447e-05,0.0020415212,0.0,0.006281951
0.0,0.0,5.2618878e-05,0.0018725246,0.0,0.004161838
0.0,0.0,3.1574426e-05,0.00065856654,0.0,0.003257424
0.0,0.0,2.0576961e-05,0.0015180032,0.0,0.009473413
0.0,0.0,1.22076335e-05,0.000776847,0.0,0.0076618823
0.0,0.0,8.468752e-06,0.0027345433,0.0,0.015899923
0.0,0.0,2.6012888e-06,0.0035674467,0.0,0.013219334
0.0,0.0,7.2725993e-07,0.0016631162,0.0,0.015206694
0.0,0.0,2.668539e-07,0.0032696188,0.0,0.010122829
0.0,0.0,1.9696441e-07,0.0014316501,0.0,0.008916192
0.0,0.0,1.3360909e-07,0.0049827234,0.0,0.015862485
0.0,0.0,2.9005339e-08,0.0020155276,0.0,0.0045762975
0.0,0.0,2.5561924e-08,0.0012249056,0.0,0.00535231
0.0,0.0,1.8690828e-08,0.0039287573,0.0,0.006046862
0.0,0.0,2.858785e-09,0.0021933848,0.0,0.0068097753
0.0,0.0,5.3586496e-10,0.0012933707,0.0,0.005020541
0.0,0.0,1.8316026e-10,0.0008623534,0.0,0.0025604868
0.0,0.0,1.1750044e-10,0.002499442,0.0,0.0016071547
0.0,1.4124834e-13,3.6565067e-11,0.00061995885,4.3853654000000005e-16,0.0021202713
0.0,4.001522e-08,3.2205152e-11,0.0010243213,8.9955066e-10,0.0012371
0.0,2.1460008e-07,2.8065836e-11,0.002184222,4.495959e-09,0.0017478508
0.0,5.205188e-07,1.3962336e-11,0.0007503789,2.7514632e-08,0.0026878624
0.0,9.729885e-07,9.577503e-12,0.0013152163,7.728114e-08,0.0012905087
0.0,1.6400098e-06,4.5150437e-12,0.00081384456,1.735434e-07,0.00074512145
0.0,5.0330655e-06,4.507541e-12,0.0040077325,3.193345e-07,0.002143015
0.0,1.3417093e-05,3.979296e-12,0.0016075489,8.3636996e-07,0.0016096309
0.0,2.5828325e-05,3.5129566e-12,0.002193208,1.5407354e-06,0.0018410876
0.0,3.6566333e-05,2.5850713e-12,0.0005564544,2.75418e-06,0.0007454516
0.0,5.6966335e-05,2.282123e-12,0.0014962029,4.959487e-06,0.002463783
0.0,6.902235e-05,2.014678e-12,0.0005578853,8.296407e-06,0.0006807096
0.0,6.912488e-05,1.8162141e-12,0.0006670069,1.0273617e-05,0.00035576714
0.0,7.194238e-05,9.994892e-13,0.0001293878,1.4356058e-05,0.00032490047
0.0,8.160533e-05,4.4828686e-13,2.734205e-05,2.0210591e-05,0.00044005964
0.0,8.15993e-05,3.779402e-13,5.258337e-06,2.5415606e-05,0.0007566102
0.0,8.159816e-05,3.5084416e-13,1.0380779e-06,2.9030913e-05,0.0027438146
0.0,7.489823e-05,1.7430794e-13,2.8435096e-07,2.9877327e-05,0.0015784643
0.0,6.853418e-05,1.740183e-13,8.735242e-08,2.9475495e-05,0.0006516397
0.0,6.9938505e-05,1.5362485e-13,2.3147297e-08,2.564107e-05,0.00049003225
0.0,6.24368e-05,8.555026e-14,7.483508e-09,1.9673369e-05,0.00049079844
0.0,6.593648e-05,7.8242724e-14,1.4109297e-09,2.0683372e-05,0.0005804278
0.0,7.379365e-05,7.4510385e-14,2.7844613e-10,1.8085748e-05,0.0006256017
0.0,8.159788e-05,7.438657e-14,5.9683937e-12,3.0244637e-05,0.0006048335
0.0,7.925971e-05,4.879146e-14,3.1641478e-11,2.834883e-05,0.0003649244
0.0,8.159788e-05,2.7170879e-14,1.7997511e-13,2.9654826e-05,6.357658e-05
0.0,7.826192e-05,2.712573e-14,1.3105475e-13,3.673401e-05,1.1125818e-05
0.0,8.159788e-05,2.3935654e-14,5.5691277e-15,4.005532e-05,1.8331654e-06
0.0,7.428368e-05,1.9193673e-14,2.422981e-12,3.392682e-05,3.630533e-07
0.0,7.496863e-05,1.916178e-14,1.754529e-14,8.594032e-09,1.0075751e-07
0.0,8.159788e-05,1.3045292e-14,3.1919226e-17,3.9218394e-05,1.0087809e-08
0.0,7.164257e-05,1.3023615e-14,7.358923e-14,3.5820463e-05,1.9541493e-09
0.0,8.1108505e-05,1.1497359e-14,3.2095052e-15,4.078073e-05,3.555645e-10
0.0,7.853144e-05,1.1478254e-14,1.3196003000000002e-16,3.49869e-05,7.221951e-11
0.0,8.159788e-05,1.1459181e-14,2.904671e-20,4.209009e-05,1.30734356e-11
0.0,7.764019e-05,1.144014e-14,1.301461e-15,3.390219e-05,3.1014288e-12
0.0,8.159788e-05,1.142113e-14,9.346254e-22,2.5390269e-05,7.325654e-13
0.0,7.631946e-05,4.4731564e-15,4.854365400000001e-16,3.305959e-05,1.2564217e-13
0.0,7.19177e-05,4.4657237e-15,2.363137e-16,2.5469606e-05,2.6303851e-14
0.0,7.0091235e-05,2.8298066e-15,7.3393684e-17,2.25928e-05,4.7476197e-15
0.0,7.830507e-05,6.499566e-16,1.0757529e-18,3.8621707e-05,6.514326e-16
0.0,7.6401026e-05,1.3845106000000002e-16,6.5150768e-18,3.5281035e-05,1.3540899e-16
0.0,7.877783e-05,4.171111e-17,1.9785881e-18,0.0012961469,2.7630918e-17
0.0,6.765848e-05,3.6822924e-17,1.9393103e-18,79.32972,5.0213274e-17
0.0,7.911378e-05,3.6761736e-17,1.852657e-20,145.41325,3.7256116e-18
0.0,8.159788e-05,1.7330284e-17,1.8405943e-28,349.56726,2.5013790000000002e-23
0.0,8.159788e-05,1.7301487000000002e-17,3.5139266e-29,1238.5719,1.3403880999999998e-23
0.0,7.929346e-05,6.776235e-18,3.221184e-20,3348.8826,7.642224e-24
0.0,0.034138653,6.764975000000001e-18,2.8413476e-29,5596.049,3.5830993e-24
0.0,0.20731667,4.2867790000000004e-18,3.5247985e-29,5842.823,7.398776e-25
0.0,0.20731667,4.279656e-18,9.449635e-30,11682.2295,6.554475e-25
0.0,0.33451235,2.5368444e-18,1.0904071999999999e-20,18787.031,3.397961e-25
0.0,0.8669413,2.532629e-18,6.5893587e-21,22339.424,1.9080975e-25
0.0,1.1007729,2.5284206e-18,1.9149548e-21,20603.383,3.323789e-26
0.0,1.0520508,1.0338446e-18,1.2975645e-21,35459.227,5.431334e-26
0.0,2.7208714,4.422428e-19,1.0044789e-33,39111.465,1.1252516e-26
0.0,2.7093935,4.415078999999999e-19,6.7134953e-23,52382.0,1.3382608e-26
0.0,54.913857,3.89767e-19,1.5909602e-34,75051.43,8.5459915e-25
0.0,66.2628,3.891193e-19,4.1766224e-35,108308.484,3.029408e-25
0.0,78.120445,3.884727e-19,1.0780958e-35,162661.1,3.786742e-24
0.0,159.12068,3.878272e-19,3.372014e-36,182934.38,1.2997916e-24
0.0,172.16193,3.8718275e-19,4.852367e-37,191965.64,2.5835196e-23
0.0,330.81326,3.4180824e-19,3.5443139999999997e-38,237146.27,7.6683386e-24
0.0,406.1656,1.6981867e-19,4.3272000000000005e-41,272454.3,2.8136255e-23
0.0,535.07214,1.6953648e-19,1.1645e-41,281281.5,8.51289e-24
0.0,747.75775,1.4966826e-19,2.2130000000000002e-42,257437.25,1.1941137e-23
0.0,1367.4646,1.4941957e-19,2.068e-42,399526.94,1.8622852e-23
0.0,2030.2275,9.468308e-20,4.9389600000000005e-40,325528.3,2.0405465e-23
0.0,3749.827,6.967422e-20,5.825900000000001e-41,285025.9,3.0424008e-23
0.0,5267.527,6.955843999999999e-20,1.37348e-40,348093.78,2.0856932e-23
0.0,5173.572,4.7355214e-20,8.4658e-41,362340.38,9.2396824e-24
0.0,5306.6724,4.180559e-20,2.0968e-41,324316.56,4.7594373e-24
0.0,8548.48,4.173612e-20,1.0937e-40,305476.7,1.9871272e-24
0.0,9902.417,1.7853263999999998e-20,2.18107e-40,372913.75,1.3893539999999999e-24
0.0,14765.04,1.5761014e-20,3.3597171e-28,300071.78,7.0901448e-25
0.0,15942.272,1.26334326e-20,1.9618866e-28,322203.28,5.9738957e-25
0.0,19920.982,4.3965898e-21,6.112732499999998e-29,328519.5,4.1198152e-25
0.0,24093.133,4.389284e-21,1.8698314e-29,330553.12,4.0516254e-25
0.0,32033.271,3.8748977e-21,3.8541356000000005e-30,306081.72,5.144772000000001e-25
0.0,34936.34,3.8684588e-21,3.238577e-31,213580.78,1.6701609e-25
0.0,51625.445,3.862030300000001e-21,1.7939303e-32,309667.3,5.577142e-25
0.0,66913.85,1.9251431e-21,0.0,305613.25,5.080185e-25
0.0,69252.734,1.0073785000000001e-21,9.124134e-33,348789.38,6.1501667e-25
0.0,86703.7,1.0057045e-21,0.0,307791.6,4.8920987e-25
0.0,93235.98,7.0289180000000005e-22,0.0,345778.5,9.731052e-25
0.0,86860.445,4.0753072e-22,0.0,382595.94,1.6006652e-24
0.0,117457.35,1.514744e-22,0.0,382454.9,1.3677735e-24
0.0,127700.5,3.0208832e-23,0.0,386219.44,6.746476500000001e-24
613.7219,135112.31,7.119808e-24,0.0,436373.94,4.550144000000001e-23
211239.95,129724.46,5.8033325e-28,4.622945e-37,485604.97,1.2054025e-21
482003.62,144315.0,0.0,5.776883e-36,490875.12,1.1848109999999999e-20
503435.94,175156.62,0.0,3.5801096e-36,532499.5,1.0819471e-19
549224.3,156864.16,0.0,1.1474337e-34,550856.44,5.239018999999999e-19
567065.25,211090.16,0.0,0.0,514876.2,3.49536e-18
567065.25,237692.17,0.0,0.0,538845.06,5.870371000000001e-17
568028.3,284089.1,0.0,0.0,599644.7,2.4933376e-15
676140.7,300414.06,0.0,0.0,579058.06,1.8572977e-13
768509.8,276464.6,0.0,0.0,583395.7,2.6670124e-12
802127.4,324482.9,0.0,0.0,565673.06,8.9958575e-11
802127.4,376250.75,0.0,0.0,572860.5,2.1863653e-09
818743.8,365914.84,0.0,0.0,625851.6,2.501182e-08
825078.44,335434.5,0.0,0.0,678243.3,3.966336e-07
902136.6,357834.2,0.0,0.0,732241.7,2.4878525e-06
1226031.1,363869.0,0.0,0.0,753094.7,1.20827135e-05
1850468.5,416945.84,0.0,0.0,819589.4,2.257437e-05
2251188.2,460441.84,0.0,0.0,915123.2,4.4346845e-05
2330126.5,480218.03,0.0,4.000000000000001e-45,943036.8,1.6087437e-05
3679961.0,485564.5,5.513e-42,1.00595e-40,1053077.5,4.515791e-05
4189832.2,524053.0,2.7270000000000002e-42,4.857383600000001e-38,1079709.4,1.08303875e-05
4189832.2,619856.1,5.320000000000001e-43,1.5398827e-36,1092199.5,3.322952e-05
4306126.0,656008.4,3.166e-42,5.079577e-35,1273995.6,2.7561593e-05
4587535.0,711131.94,1.91e-42,2.607387e-13,1470638.1,4.2099065e-05
4564749.5,789013.1,8.988e-42,1.3785476e-10,1637360.5,7.278126e-05
3303411.5,864538.06,4.200000000000001e-44,1.0399856e-10,1719028.1,8.409542e-06
3309824.5,959256.0,0.0,5.8303765e-12,2155821.2,9.436032e-06
3760361.8,948979.7,1e-45,1.1478127e-12,2852035.0,4.1595427e-05
4119525.2,1050380.8,2.3337625e-30,5.242737e-13,3167239.5,5.047472e-05
7991222.5,1214738.1,2.8553802e-11,6.609659e-11,2643598.5,8.099224e-05
10375890.0,1206319.9,7.817844e-08,7.4213533e-09,2542278.8,3.5069374e-05
10796423.0,1393361.9,5.2618944e-08,3.130461e-07,2857538.8,1.4013885e-05
10163224.0,1670058.2,1.2285363e-12,7.435762e-06,3409122.2,3.8125472e-05
10163224.0,1538861.8,3.2634128e-13,2.4493751e-05,4343535.5,3.7159534e-05
10163224.0,1781874.2,1.0951601e-13,3.7015338e-06,5523294.0,4.5247776e-05
6037564.0,2404786.0,7.914509e-15,3.05835e-05,6787406.0,8.408703e-05
94711.92,3043078.0,4.8627595e-11,9.112151e-05,7916115.5,5.9343012e-05
9.9646015,3158053.5,5.0940353e-11,0.00013167338,7777613.5,4.5091187e-05
5.380673,3519134.5,6.576268e-05,7.0418464e-05,6595831.0,7.443648e-05
0.0,4351211.5,0.000111539404,3.062672e-05,2933391.8,1.3566127e-05
0.0,4705993.0,8.4785665e-05,5.8609006e-05,1531783.1,3.829009e-05
0.0,4414835.5,6.7200934e-05,3.44549e-05,1203594.5,3.6544017e-05
0.0,4479332.0,6.126819e-05,3.3354122e-06,1468100.1,2.1862348e-05
0.0,4706004.0,0.00020137551,0.000120847144,1679598.6,4.16349e-05
0.0,5036729.5,0.00014243029,3.0319989e-05,1503874.0,0.020298062
0.0,4908264.5,0.00012554307,8.779166e-05,1915684.1,0.004793925
0.0,4773291.5,0.00066226325,7.1181894e-05,1606903.4,0.02916718
0.0,4602137.5,0.001705459,4.6460405e-05,1788850.6,0.0066253715
0.0,4889155.0,0.00060344726,7.23746e-05,1597499.0,0.030900601
0.0,4249797.0,0.0006957341,4.166495e-05,1127075.6,0.005601103
0.0,3739284.2,0.0017519025,2.7923727e-05,1357051.5,0.02469914
0.0,3367268.0,0.0007104505,3.070736e-05,851442.3,0.011394989
0.0,2772292.8,0.00040944453,3.781165e-06,898515.5,0.02909484
0.0,2235645.5,0.00051322114,3.536034e-07,859659.7,0.019604653
0.0,1818897.1,0.0067605944,1.4753431e-08,896261.06,0.0132617345
0.0,1731224.4,0.005237638,4.1640815e-09,741467.3,0.018021397
0.0,1775976.5,0.0014458264,1.9434883e-09,607820.3,0.0068776654
0.0,1785467.8,0.003714343,1.1998669e-09,503727.4,0.026040291
0.0,1821077.4,0.0009219159,5.445677e-10,403795.97,0.003701144
0.0,2133149.2,0.00065673026,8.7109264e-11,257763.3,0.027933888
0.0,1299047.5,0.0009306863,2.016788e-12,252813.95,0.012470377
0.0,1015091.25,0.0015337414,1.2638756e-12,201416.77,0.021091914
0.0,1185495.4,0.0013461036,1.4728606e-12,183811.02,0.009098338
0.0,722556.1,0.0011416718,1.5469924e-12,356041.47,0.028782474
0.0,429932.34,0.0027644306,9.302866e-13,622391.9,0.0048626447
0.0,128809.57,0.0022623208,1.9362348e-13,826134.3,0.013000838
0.0,91805.4,0.0094328085,3.1640535e-13,506157.0,0.0251068
0.0,37888.805,0.006932169,2.829869e-13,178098.23,0.012842183
0.0,31972.416,0.0019181643,3.0177672e-13,31749.033,0.024666348
0.0,52298.363,0.0016624146,2.4998896e-12,22544.504,0.0042272215
0.0,64614.043,0.007671665,5.097669e-13,19369.29,0.009588572
0.0,55451.125,0.0014881702,4.725523e-13,17883.8,0.036819167
0.0,33328.06,0.00078614434,4.5450728e-13,136023.1,0.014369435
0.0,16160.312,0.0007723803,5.9772512e-12,328073.53,0.020299831
0.0,7777.006,0.006171476,5.3448045e-12,513995.3,0.003859587
0.0,2565.092,0.0146178985,2.5992726e-12,311274.06,0.0052182255
0.0,649.4804,0.006139844,1.7201432e-12,193962.89,0.027090048
0.0,183.48128,0.003912349,2.75073e-12,59393.22,0.006048479
0.0,14.188223,0.019736608,6.305539e-12,31754.207,0.013618309
0.0,0.1143297,0.008807876,0.011369298,21602.713,0.021679977
0.0,0.0002635418,0.004691275,0.023513485,37704.586,0.011583485
0.0,0.00023544896,0.001150431,0.012778025,5218.482,0.018336726
0.0,0.00021892114,0.00053832575,0.007193698,1989.8639,0.0140347285
0.0,0.00020708433,0.0006800916,0.0038923873,33923.043,0.006127071
0.0,0.00019278642,0.0067476262,0.00268932,17614.754,0.01767945
0.0,0.00018293153,0.005195437,0.0045939544,4232.719,0.009812388
0.0,0.00017129921,0.0018192333,0.002703013,743.16296,0.017892709
0.0,0.00016063331,0.0020230731,0.0076431,2.3085518e-05,0.013344017
0.0,0.00015626223,0.0009846019,0.003891519,1.0719511e-05,0.021753173
0.0,0.0086973775,0.0017509579,0.004004545,2.5051284e-05,0.009410776
0.0,0.01358595,0.0010387718,0.0016259435,2.4373292e-05,0.013485962
0.0,0.00012632244,0.002207014,0.0040809093,2.6882048e-05,0.010661481
0.0,0.008047901,0.0009071308,0.0023120611,2.2438207e-05,0.022007454
0.0,0.012683514,0.0011374581,0.0058799004,1.7772412e-05,0.012416715
0.0,0.0010278753,0.00063225615,0.0065503265,1.8186385e-05,0.020967461
0.0,9.722336e-05,0.00035880512,0.0046371426,0.00057943276,0.006272597
0.0,9.0830785e-05,0.00027461434,0.0023005172,0.00057203486,0.006299126
0.0,7.297108e-05,0.00025833293,0.0035970183,0.00041608335,0.012979774
0.0,7.873891e-05,0.0015069554,0.0027091117,0.0004128846,0.013988722
0.0,7.623924e-05,0.0010642802,0.0067457347,0.00039347223,0.015725493
0.0,6.7959176e-05,0.0010919926,0.005988872,0.00026256824,0.02475021
0.0,6.0564507e-05,0.001482334,0.0069411234,0.00019483516,0.0077901133
0.0,6.0958453e-05,0.00107202,0.0061993455,0.00019645206,0.01195577
0.0,5.69673e-05,0.0064407014,0.010528381,0.00017523512,0.026042948
0.0,5.3665444e-05,0.004934782,0.0082516465,0.00013526005,0.004595153
0.0,5.023114e-05,0.002822561,0.004822706,0.00011971919,0.004898441
0.0,4.731643e-05,0.0018549571,0.0073116557,9.40706e-05,0.013150801
0.0,4.5054723e-05,0.0020013934,0.0052929227,7.546758e-05,0.018740969
0.0,4.2740332e-05,0.00114657,0.005184029,6.343741e-05,0.0143062305
0.0,4.0545878e-05,0.005682219,0.0041601434,4.8965903e-05,0.020852579
0.0,3.797104e-05,0.0038145345,0.0044149607,4.639668e-05,0.0075766025
0.0,3.5395027e-05,0.00083186873,0.0018687245,3.7823695e-05,0.009663344
0.0,1053.1294,0.00037826627,0.004610011,3.1392046e-05,0.012721195
0.0,7835.0664,0.00034337371,0.0029505913,2.7930006e-05,0.026295578
0.0,2.837187e-05,0.00025117258,0.0041712527,2.4204555e-05,0.0044617234
0.0,16844.773,0.00024075645,0.0012034745,1.2756736e-05,0.003778303
0.0,11852.529,0.00096009433,0.004201903,1.7311804e-05,0.008399985
0.0,14200.3125,0.00087329914,0.0025540201,1.3387284e-05,0.012364003
0.0,8098.225,0.004101815,0.002923577,1.3908527e-05,0.010525861
0.0,3980.5627,0.0028337245,0.0013330878,1.1829271e-05,0.011901057
0.0,754.3705,0.0020111778,0.0066519347,9.872197e-06,0.027446667
0.0,2729.22,0.009807564,0.005848317,7.484295e-06,0.0059197918
0.0,897.3595,0.0062367884,0.0027500456,4.937703e-06,0.0048016645
0.0,55.801785,0.0031499178,0.006022381,4.783114e-06,0.009971186
0.0,0.010858518,0.0018335088,0.004455534,3.3359297e-06,0.016647713
0.0,0.016465105,0.03930356,0.005412535,4.0783843e-06,0.012203151
0.0,1.1919473e-05,0.01930809,0.0037625434,3.3243475e-06,0.020867536
0.0,1.2693603e-05,0.012303002,0.005210609,2.9711873e-06,0.0059782155
0.0,1.186852e-05,0.0026921453,0.0036207733,2.1072572e-06,0.020784663
0.0,1.06324e-05,0.0031799257,0.00641303,1.6496e-06,0.011163712
0.0,8.926878e-06,0.005038638,0.004766038,1.5766539e-06,0.019525293
0.0,8.521418e-06,0.0030383172,0.009842511,1.3374964e-06,0.013052433
0.0,8.984006e-06,0.02007713,0.012151031,1.2748201e-06,0.022841847
0.0,8.285067e-06,0.010994758,0.020609831,1.0327545e-06,0.0077578686
0.0,7.497713e-06,0.009697445,0.010097921,9.0936635e-07,0.009743052
0.0,6.4828587e-06,0.006192206,0.017073782,6.45674e-07,0.034666337
0.0,6.311118e-06,0.0061818976,0.010660457,5.531008e-07,0.0071015274
0.0,5.866022e-06,0.0049474095,0.009906693,5.0739874e-07,0.011081596
0.0,5.297599e-06,0.0022520795,0.008811217,4.4520795e-07,0.02130862
0.0,5.068572e-06,0.0013684372,0.012226463,4.383593e-07,0.010811261
0.0,4.5010875e-06,0.0014157906,0.00542949,3.4034863e-07,0.013992308
0.0,4.113446e-06,0.0021873547,0.005103341,2.6903137e-07,0.016947476
0.0,3.9665915e-06,0.0016766101,0.003155277,2.3848614e-07,0.0144664515
0.0,3.8432286e-06,0.0007704863,0.010526745,1.9282919e-07,0.02817684
0.0,3.5602177e-06,0.00073656987,0.01435679,2.0571257e-07,0.0089830225
0.0,3.2891244e-06,0.0039137364,0.011364217,1.856345e-07,0.010500585
0.0,3.003216e-06,0.0016351666,0.008649971,1.322946e-07,0.022022832
0.0,2.8292975e-06,0.0072696647,0.016873822,1.3192832e-07,0.007872833
0.0,2.5999855e-06,0.00411933,0.017215082,9.1335096e-08,0.024270989
0.0,2.3277714e-06,0.0017681591,0.015351823,9.642332e-08,0.007971168
0.0,2.1556577e-06,0.0013262348,0.013983488,6.9078745e-08,0.015089039
0.0,1.9643712e-06,0.0018197598,0.019096252,7.428403e-08,0.031645246
0.0,1.7815966e-06,0.0067227352,0.01661199,9.2596196e-08,0.012771063
0.0,1.6337976e-06,0.0048225354,0.016616197,1.2681657e-07,0.024192076
0.0,1.4938469e-06,0.0035934462,0.018169617,1.3366653e-07,0.027354205
0.0,1.3759766e-06,0.0017156266,0.012475492,1.7241135e-07,0.013413105
0.0,1.2635012e-06,0.0009893621,0.011543949,1.4112585e-07,0.020330368
0.0,1.1711406e-06,0.0005564412,0.020056086,1.0316147e-07,0.018154401
0.0,1.21389e-06,0.0007366838,0.01539454,8.324673e-08,0.027425494
0.0,9.682857e-07,0.00061243336,0.010423304,1.0565389e-07,0.008249877
0.0,1.0566354e-06,0.0014140715,0.015343996,7.235738e-08,0.0164239
0.0,8.2118305e-07,0.00088904187,0.012974788,6.9497844e-08,0.014832278
0.0,9.0262404e-07,0.0008375797,0.010124423,6.30841e-08,0.026065592
0.0,7.03577e-07,0.016910726,0.020334112,4.8646406e-08,0.008310072
0.0,8.862984e-07,0.008711018,0.023590436,4.0286785e-08,0.029328572
0.0,7.0436994e-07,0.0043487195,0.009225548,3.270207e-08,0.00647754
0.0,5.06551e-07,0.00294675,0.008709786,5.213485e-08,0.015702507
0.0,4.711736e-07,0.009843447,0.0140997665,4.083731e-08,0.021727556
0.0,4.3550907e-07,0.0062087295,0.010146011,6.173003e-08,0.01742917
0.0,6.651495e-07,0.004001284,0.0077742403,3.7671736e-08,0.019106071
0.0,5.296597e-07,0.0032183353,0.017504176,3.2413343e-08,0.028339012
0.0,5.790159e-07,0.0069399453,0.009301532,2.1797868e-08,0.0048171217
0.0,3.7827238e-07,0.0044985665,0.012502087,2.7640679e-08,0.0059996345
0.0,2.8891765e-07,0.0033070408,0.014297869,3.3056512e-08,0.017655225
0.0,4.6968756e-07,0.0015137228,0.014784355,2.294797e-08,0.010873601
0.0,2.5016325e-07,0.00066962093,0.013104314,2.310919e-08,0.02192901
0.0,3.800397e-07,0.00063867547,0.007616168,1.819458e-08,0.007219587
0.0,2.611467e-07,0.0030416308,0.021229882,1.535869e-08,0.028381804
0.0,3.2980842e-07,0.0030365665,0.013169603,1.1296919e-08,0.006003482
0.0,2.2734338e-07,0.0015477357,0.008351995,9.498252e-09,0.004458944
0.0,1.6190448e-07,0.005136745,0.004818561,9.0396854e-09,0.006784151
0.0,2.6907293e-07,0.0027255628,0.0042559984,6.731583e-09,0.009563793
0.0,2.2550468e-07,0.004382582,0.0019610191,5.603184e-09,0.013607771
0.0,2.576372e-07,0.0015506346,0.0054736324,4.692241e-09,0.021756297
0.0,1.2395158e-07,0.012193537,0.004232998,5.188155e-09,0.0046501462
0.0,1.1770666e-07,0.008378915,0.002907212,9.035035e-09,0.0029331995
0.0,1.1198559e-07,0.00817164,0.00084840826,1.4290691e-08,0.0033217138
0.0,1.04694415e-07,0.0038809208,0.003513098,2.4490735e-08,0.005145181
0.0,1.16948215e-07,0.00814942,0.0010978637,3.4326714e-08,0.008192839
0.0,9.3924335e-08,0.0020983939,0.00252366,2.9675299e-08,0.018177541
0.0,8.891919e-08,0.006405907,0.0008804279,3.3819614e-08,0.007289068
0.0,8.437152e-08,0.0026715137,0.0017741213,4.1332946e-08,0.013897321
0.0,8.049279e-08,0.001597933,0.0008342847,3.94473e-08,0.006830453
0.0,7.660486e-08,0.0023840598,0.002634927,3.3573826e-08,0.0120584015
0.0,7.2036315e-08,0.0011927959,0.0023341677,3.0611442e-08,0.01589684
0.0,9.3705765e-08,0.00095139357,0.0024997273,2.5181814e-08,0.009450549
0.0,6.4853765e-08,0.009687074,0.0009589487,2.2776234e-08,0.0068963356
0.0,6.2248084e-08,0.007205769,0.0023548743,3.0596976e-08,0.0036373765
0.0,5.9144416e-08,0.006598599,0.0013748216,2.4688456e-08,0.002622637
0.0,1.4234658e-07,0.005705757,0.0026042461,2.0414769e-08,0.005712034
0.0,5.2986433e-08,0.0037276007,0.0018062145,2.1051981e-08,0.0076854797
0.0,5.0364275e-08,0.00158438,0.0040602675,2.3591474e-08,0.011041406
0.0,5.2384564e-08,0.00076908135,0.0013987424,1.8847997e-08,0.00563661
0.0,5.239313e-08,0.00036510357,0.0030338303,1.5304316e-08,0.0048273476
0.0,4.3408612e-08,0.00028844073,0.0011850055,1.9402123e-08,0.0045606256
0.0,4.148266e-08,0.00046613344,0.0032897978,2.2019128e-08,0.0021485563
0.0,6.005994e-08,0.0006687931,0.00071697537,4.0551505e-08,0.00061857793
0.0,3.844135e-08,0.00059757085,0.0015449728,2.8669627e-08,0.001596767
0.0,3.6991498e-08,0.004318844,0.00052320544,2.6051907e-08,0.0005320983
0.0,3.5675157e-08,0.0019244702,0.0023938003,2.8496547e-08,0.00090785837
0.0,3.4037303e-08,0.0020732393,0.0006584096,3.531008e-08,0.0018679578
0.0,6.9295986e-08,0.0013522283,0.0009516666,2.5126058e-08,0.00096756156
0.0,5.6006204e-08,0.0022771722,0.00047464902,1.8734285e-08,0.00050466025
0.0,3.0836564e-08,0.0022733791,0.000647452,1.0201344e-08,0.0004694304
0.0,2.966584e-08,0.0020953738,0.0014345599,1.8405638e-08,0.0014262622
0.0,2.8573302e-08,0.0016897272,0.0005513488,2.127344e-08,0.0007742649
0.0,2.9353314e-08,0.00085682684,0.00062080665,1.7134628e-08,0.0007822112
0.0,2.6683178e-08,0.0011448972,0.0007979221,1.6519484e-08,0.0008852181
0.0,2.5896725e-08,0.0041033267,0.00094043714,1.9314289e-08,0.0009354749
0.0,7.694801e-08,0.002101772,0.00031688696,1.2758724e-08,0.00045616642
0.0,5.4454993e-08,0.0023559893,0.00058749376,1.3234532e-08,0.00045021993
0.0,8.957753e-08,0.001024677,0.0002219431,1.04846185e-08,0.0002944273
0.0,3.8851915e-08,0.00096073165,0.00032633863,1.2743314e-08,0.0002525993
0.0,2.2422155e-08,0.0009591312,0.0006290576,1.3784829e-08,0.00040144817
0.0,2.1848297e-08,0.0008537183,0.00037951543,1.13096235e-08,0.00039510505
0.0,2.1326793e-08,0.00048104546,0.00028095022,8.979602e-09,0.00026806665
0.0,4.3351726e-08,0.00036775752,0.00010792902,9.133547e-09,9.8555836e-05
0.0,2.0610857e-08,0.00034444596,4.4652203e-05,1.029462e-08,3.724976e-05
0.0,5.662855e-08,0.0008539469,1.0242443e-05,1.1474176e-08,2.42406e-05
0.0,1.9786164e-08,0.001427307,3.1246025e-06,1.1191637e-08,1.8553874e-05
0.0,6.294982e-08,0.0012775792,6.903626e-07,6.3884933e-09,2.1569926e-05
0.0,4.590865e-08,0.0009793891,1.920984e-07,9.449089e-09,1.532726e-05
0.0,5.6033826e-08,0.0011190849,7.333359e-08,4.7308926e-09,1.7076813e-05
0.0,1.873852e-08,0.0011172206,2.936263e-08,1.1877155e-08,1.3069705e-05
0.0,2.6959208e-08,0.0012860694,3.8257188e-08,1.0801357e-08,1.6933227e-05
0.0,1.8915749e-08,0.0011501971,6.238102e-08,8.961023e-09,1.8785338e-05
0.0,4.3495106e-08,0.0010669922,5.2600623e-08,9.4196135e-09,1.9431745e-05
0.0,5.501983e-08,0.0013874336,6.298299e-08,8.7798195e-09,2.6604768e-05
0.0,3.068258e-08,0.0013851223,7.785715e-08,7.781595e-09,2.0157468e-05
0.0,4.1936573e-08,0.0012250302,8.467099e-08,8.4096285e-09,2.5246736e-05
0.0,5.2025204e-08,0.001081576,6.899082e-08,5.698106e-09,2.3897139e-05
0.0,3.7382275e-08,0.0010797742,6.7449086e-08,7.3533477e-09,2.1272546e-05
0.0,5.0437833e-08,0.0010779755,8.452124e-08,6.0715535e-09,2.617682e-05
0.0,4.3060425e-08,0.0010761797,6.4968525e-08,4.2267283e-09,2.6219106e-05
0.0,3.0558702e-08,0.0010743869,4.2182503e-08,5.33999e-09,2.34282e-05
0.0,1.8137902e-08,0.00094628904,2.3277126e-08,8.236526e-09,1.3115521e-05
0.0,1.4108677e-08,0.0003761336,1.2177767e-08,6.7633055e-09,1.697931e-05
0.0,1.3870541e-08,0.000375507,1.0754213e-08,7.468478e-09,1.5382242e-05
0.0,1.3590742e-08,0.00033072178,6.7015886e-09,7.5650615e-09,1.7895267e-05
0.0,1.33093225e-08,0.00019335425,3.1292087e-09,6.497971e-09,1.9457748e-05
0.0,1.3011944e-08,9.4094845e-05,6.8659327e-09,6.994837e-09,2.068808e-05
0.0,1.2734108e-08,9.393809e-05,1.7326082e-08,7.1497714e-09,2.052814e-05
0.0,1.2378008e-08,7.784815e-05,2.8660986e-08,7.8685085e-09,2.8289707e-05
0.0,1.21459305e-08,5.5041157e-05,1.82281e-08,7.775118e-09,1.7890105e-05
0.0,1.1884991e-08,5.4949465e-05,3.482024e-08,7.3173725e-09,1.8942763e-05
0.0,1.1662935e-08,4.8395254e-05,3.217775e-08,7.177479e-09,1.6257356e-05
0.0,1.1449884e-08,2.0136897e-05,2.3419224e-08,1.991674e-09,2.2464103e-05
0.0,1.1279852e-08,1.7735232e-05,2.4413266e-08,6.109326e-09,1.3668435e-05
0.0,3.4766494e-08,1.5619953e-05,1.6843526e-08,5.497919e-09,1.2335941e-05
0.0,1.1009295e-08,1.559393e-05,1.0090302e-08,7.1291777e-09,1.0388186e-05
0.0,1.0808178e-08,1.5567954e-05,1.0304114e-08,6.733605e-09,1.6211367e-05
0.0,1.06601625e-08,5.2125156e-06,1.1689131e-08,5.856717e-09,1.5037397e-05
0.0,1.04793685e-08,3.830816e-06,2.8098858e-08,5.7597993e-09,1.7133683e-05
0.0,1.1755989e-08,1.6715244e-06,3.307345e-08,5.9746523e-09,2.0540374e-05
0.0,9.997514e-09,1.6687396e-06,2.4137188e-08,5.7322884e-09,2.7735183e-05
0.0,9.768016e-09,1.6659596e-06,2.004894e-08,8.7847765e-09,2.3579334e-05
0.0,2.4068166e-08,1.6631842e-06,1.8548086e-08,7.092168e-09,2.2163655e-05
0.0,1.6789034e-08,1.6604134e-06,1.5671166e-08,7.0431714e-09,1.754246e-05
0.0,9.1960795e-09,1.6576473e-06,9.367568e-09,6.9759754e-09,1.9722935e-05
0.0,8.967551e-09,1.6548858e-06,6.128635e-09,8.212722e-09,2.5064026e-05
0.0,8.792237e-09,1.6521288e-06,2.1160353e-09,8.4170795e-09,1.9150642e-05
0.0,8.604864e-09,1.2079666e-06,7.034254e-10,7.598913e-09,1.894327e-05
0.0,8.420856e-09,1.2059542e-06,2.9461975e-09,7.672788e-09,2.0750895e-05
0.0,2.6894657e-08,8.81787e-07,8.1311144e-09,4.6493986e-09,2.3529363e-05
0.0,2.4478256e-08,8.80318e-07,5.8836274e-09,3.0832359e-09,2.3834571e-05
0.0,7.8952125e-09,8.7885144e-07,2.4100892e-09,4.8627227e-09,1.4539298e-05
0.0,1.3683691e-08,3.8736763e-07,1.3249695e-09,6.2062897e-09,1.6825343e-05
0.0,1.0718214e-08,3.867223e-07,9.80417e-10,6.5993055e-09,1.7063598e-05
0.0,7.4323907e-09,3.8607803e-07,6.078847e-10,5.523589e-09,1.8555547e-05
0.0,7.255062e-09,3.8543484e-07,3.259452e-08,4.404473e-09,2.279421e-05
0.0,7.0776958e-09,1.4248765e-07,7.541397e-08,5.4910188e-09,2.1917569e-05
0.0,6.899318e-09,1.4225027e-07,6.897194e-08,5.40148e-09,2.5441783e-05
0.0,6.70405e-09,1.4201329e-07,5.3904593e-08,5.6629217e-09,2.8573386e-05
0.0,6.5481167e-09,1.417767e-07,3.3727723e-08,6.3687966e-09,1.8416467e-05
0.0,6.410583e-09,7.3419045e-08,2.2761396e-08,5.1950937e-09,1.4565071e-05
0.0,6.266448e-09,5.7763565e-08,3.129644e-08,5.388603e-09,1.63448e-05
0.0,1.6722826e-08,5.5093203e-08,4.8331135e-08,4.0090953e-09,2.2348606e-05
0.0,5.9893255e-09,4.945888e-08,7.590657e-08,5.1394986e-09,1.5340765e-05
0.0,1.5154221e-08,4.937648e-08,9.1303384e-08,3.5235834e-09,2.797017e-05
0.0,5.6582548e-09,6.618985e-08,1.2370751e-07,3.6094439e-09,2.6571806e-05
0.0,1.6552853e-08,7.789787e-08,8.463739e-08,2.948759e-09,2.8991446e-05
0.0,5.3127502e-09,7.776809e-08,9.4132204e-08,2.9474956e-09,3.3170945e-05
0.0,1.0492298e-08,8.091636e-08,1.10695616e-07,2.499081e-09,4.1219464e-05
0.0,1.4852624e-08,8.078155e-08,1.096891e-07,1.824234e-09,4.421714e-05
0.0,1.1012513e-08,8.064696e-08,1.8393689e-07,1.7015852e-09,4.5824218e-05
0.0,4.5341517e-09,8.05126e-08,2.9592272e-07,1.3519942e-09,4.7718473e-05
0.0,6.079655e-09,9.096231e-08,2.766746e-07,1.4025684e-09,4.117446e-05
0.0,1.1665397e-08,1.0203274e-07,3.6616288e-07,1.1924556e-09,4.350056e-05
0.0,4.033013e-09,1.0749111e-07,1.810837e-06,1.456655e-09,5.4602737e-05
0.0,7.788229e-09,1.7445964e-07,1.2389585e-06,1.257488e-09,5.242247e-05
0.0,9.681421e-09,2.5436813e-07,5.983426e-07,8.7745955e-10,5.11166e-05
0.0,4.4072235e-09,4.0646347e-07,5.446351e-07,9.918535e-10,4.8642076e-05
0.0,3.3821983e-09,3.9754204e-07,7.1593763e-07,1.594141e-09,5.995868e-05
0.0,3.197739e-09,4.3485593e-07,5.6225485e-06,2.0847255e-09,7.392473e-05
0.0,3.5873806e-09,4.3413138e-07,5.894524e-06,1.5489312e-09,8.305216e-05
0.0,4.627897e-09,5.11192e-07,4.501676e-06,1.3532677e-09,7.0844304e-05
0.0,2.7057463e-09,5.566371e-07,1.0930467e-05,1.2135984e-09,7.2559415e-05
0.0,2.5488764e-09,3.959025e-06,4.2355678e-05,1.0065406e-09,8.4833075e-05
0.0,2.3872295e-09,4.5847664e-06,3.6992195e-05,9.793214e-10,9.706327e-05
0.0,5.1385336e-09,3.8560142e-06,3.137067e-05,8.7251356e-10,7.886527e-05
0.0,2.1161288e-09,3.8495887e-06,8.380462e-05,9.488121e-10,9.0714624e-05
0.0,4.6994844e-09,1.9934045e-05,0.0005684283,7.2704454e-10,0.00014628607
0.0,4.9097677e-09,1.2160301e-05,0.006974357,6.0142435e-10,0.0006121296
0.0,5.788129e-09,1.4324586e-05,0.011708072,4.560072e-10,0.0013193613
0.0,6.9381563e-09,2.3300652e-05,0.018980116,3.2428848e-10,0.0023700441
0.0,6.301637e-09,2.7331947e-05,0.015024325,1.9785346e-10,0.00061500893
0.0,3.1050917e-09,1.8856168e-05,0.020380262,2.4815963e-10,0.0024805623
0.0,4.7568935e-09,2.0065552e-05,0.021297274,1.8379541e-10,0.0017088922
0.0,4.5609196e-09,3.9398004e-05,0.014406856,1.5965672e-10,0.002762047
0.0,3.4821255e-09,2.7876547e-05,0.025136169,1.3043532e-10,0.0029120534
0.0,2.803978e-09,3.223917e-05,0.023900641,1.0258045e-10,0.0073280903
0.0,1.6568033e-09,5.6931844e-05,0.022572063,7.328292e-11,0.007626914
0.0,5.6257626e-10,3.6682963e-05,0.020523569,6.571016e-11,0.021903105
0.0,1.8537453e-09,3.198341e-05,0.03355709,4.0436807e-11,0.062811986
0.0,1.1698413e-09,2.7179363e-05,0.013080667,3.2953296e-11,0.028489817
0.0,8.628038e-10,2.4359388e-05,0.02682504,2.9482087e-11,0.015926221
0.0,1.6659434e-09,6.6915505e-05,0.013118373,2.0816427e-11,0.037699446
0.0,2.9928293e-10,6.6803885e-05,0.028679907,1.2147244e-10,0.015387579
0.0,2.5931837e-10,5.2061732e-05,0.016410932,1.795383e-10,0.038581457
0.0,1.9899857e-09,4.466446e-05,0.027975656,1.3084213e-10,0.009467059
0.0,1.1807482e-09,4.3548815e-05,0.009271369,1.0626411e-10,0.07010789
0.0,1.290684e-09,0.00010410251,0.03430685,7.301262e-11,0.023422163
0.0,1.4749879e-10,0.00014366265,0.013909195,2.8015582e-10,0.02654061
0.0,1.3514456e-10,0.00020211388,0.030786173,3.3594394e-10,0.05419092
0.0,8.690576e-10,0.00015498362,0.012495986,2.4772626e-10,0.014179163
0.0,1.06397384e-10,0.00014693885,0.031019855,1.952056e-10,0.05334085
0.0,9.120461e-11,0.0001466937,0.010448357,2.3741348e-10,0.010624379
0.0,3.1015654e-10,0.00022365768,0.031423256,1.8667361e-10,0.045183435
0.0,4.709664e-10,0.00019445983,0.010935533,1.5238479e-10,0.016513547
0.0,7.164084e-11,0.0016947201,0.014670177,1.2349109e-10,0.028018449
0.0,6.0585474e-11,0.026445312,0.026311135,1.2007646e-10,0.030187761
0.0,9.0562324e-10,0.014694612,0.024410646,8.3402216e-11,0.02351405
0.0,4.773707e-10,0.014670092,0.015008373,6.358729e-11,0.02330288
0.0,5.551967e-10,0.010536188,0.028310774,5.0857003e-11,0.03795166
0.0,2.4259764e-10,0.0058849957,0.026447572,3.7432446e-11,0.016273282
0.0,3.821305e-10,0.005875176,0.01977197,2.3521013e-11,0.030423246
0.0,4.411312e-11,0.0058653727,0.031371232,1.9929317e-11,0.014382091
0.0,2.3487575e-11,0.0026900307,0.008892826,4.231546e-11,0.035697024
0.0,7.635165e-10,0.0011891568,0.010166412,3.3033323e-11,0.014724897
0.0,1.6150772e-10,0.0019057665,0.020646056,2.41728e-11,0.03248734
0.0,1.816167e-11,0.03613088,0.015443564,8.5207126e-11,0.006904927
0.0,1.6608024e-11,0.01758972,0.03092347,8.428066e-11,0.0126680415
0.0,1.4409295e-11,0.0044928524,0.006731177,9.188234e-11,0.012356109
0.0,1.3381195e-11,0.004156995,0.011527884,1.0635594e-10,0.035425648
0.0,3.9662662e-10,0.0030796048,0.023475979,7.2467886e-11,0.0067733554
0.0,1.08139175e-11,0.002625259,0.006727349,8.509124e-11,0.013586754
0.0,1.0114809e-11,0.0026208786,0.010180962,1.09174135e-10,0.020462878
0.0,4.3869317e-10,0.0026165056,0.014043356,6.603191e-11,0.008740589
0.0,3.13638e-10,0.00261214,0.013787837,7.4043396e-11,0.011948411
0.0,1.7841459e-10,0.0016174464,0.010869271,5.837962e-11,0.026287366
0.0,7.0244685e-11,0.0012190938,0.008058599,5.101623e-11,0.006330151
0.0,1.6376855e-10,0.0013225595,0.003166078,4.3162435e-11,0.0044111786
0.0,3.3220517e-09,0.001614939,0.001931784,6.0335036e-11,0.020436512
0.0,2.3358282e-10,0.0014367119,0.0038686541,4.385033e-11,0.01550395
0.0,2.735492e-10,0.0014343148,0.002899034,3.787601e-11,0.0202386
0.0,5.3100436e-12,0.0004852823,0.008229286,6.106447e-11,0.008666871
0.0,4.982001e-12,0.0008217378,0.0055544805,5.5054118e-11,0.011619019
0.0,2.2229489e-10,0.00068596133,0.001955961,4.2295865e-11,0.016842568
0.0,5.8878236e-11,0.005048096,0.0026826283,4.0074565e-11,0.013170654
0.0,4.171882e-12,0.0038009565,0.0010666617,5.0198432e-11,0.017147
0.0,3.9047246e-12,0.00082823995,0.004327268,4.5497817e-11,0.014200623
0.0,2.6706043e-10,0.0008268582,0.0024453988,3.5829992e-11,0.024082938
0.0,3.4412273e-12,0.00043070756,0.0058538206,3.4618832e-11,0.011141343
0.0,3.240034e-12,0.0013112806,0.0029049504,5.207881e-11,0.01725048
0.0,1.207255e-10,0.003443694,0.007723376,3.720725e-11,0.029821964
0.0,6.190916e-11,0.0034379493,0.0102411155,2.8020987e-11,0.011053417
0.0,2.5963973e-12,0.0019332233,0.015877007,3.487672e-11,0.024737416
0.0,1.4843866e-10,0.0017126892,0.014491665,2.8510964e-11,0.009483787
0.0,3.40466e-10,0.0014490859,0.006795488,1.9818133e-11,0.009636761
0.0,1.15119234e-10,0.0023913626,0.0120422235,2.2490957e-11,0.023380496
0.0,1.8947055e-12,0.002518343,0.005569412,2.390384e-11,0.004800356
0.0,1.0647206e-10,0.0020395648,0.0036883259,1.8399981e-11,0.0066894917
0.0,2.0341018e-10,0.0019229666,0.0013743606,1.5581264e-11,0.0067345104
0.0,1.116319e-10,0.0005698379,0.0041333926,1.4909225e-11,0.016024057
0.0,1.4949618e-12,0.0002765894,0.0019392195,1.3605947e-11,0.006194161
0.0,1.2650936e-10,0.00024311632,0.00425393,1.1613757e-11,0.009705442
0.0,1.3187233e-12,0.00019866077,0.004544806,1.23505355e-11,0.027044145
0.0,1.2307204e-12,0.0001983294,0.0033041125,1.9356121e-11,0.005805587
0.0,1.1518652e-12,0.001049576,0.007169239,1.9583116e-11,0.012639169
0.0,1.8258837e-10,0.0013858129,0.0034696402,1.3530401e-11,0.014129528
0.0,1.8413712e-11,0.0010277348,0.009232206,1.2426807e-11,0.029863339
0.0,9.315429e-13,0.0006737713,0.014934091,1.1869573e-11,0.0057984483
0.0,8.96359e-11,0.00042709982,0.008203822,9.9023454e-12,0.0058636316
0.0,9.404201e-11,0.0005364358,0.006247821,6.8983022e-12,0.0075474847
0.0,9.865478e-11,0.0008026895,0.0054374826,6.6009546e-12,0.022561744
0.0,7.041159e-13,0.0009866689,0.0039703804,9.323855e-12,0.006158234
0.0,1.1663373e-10,0.007954931,0.0014706317,7.0514636e-12,0.013044201
0.0,6.201928e-13,0.0032576476,0.005820637,8.1019575e-12,0.0249003
0.0,1.0346937e-10,0.006187897,0.002937386,6.147606e-12,0.010108731
0.0,1.3412403e-10,0.0045653996,0.0052898424,4.517007e-12,0.01778556
0.0,8.843057e-11,0.0027273842,0.0038455045,4.6144e-12,0.01681314
0.0,4.8521446e-13,0.0027228354,0.0038426009,5.349606e-12,0.0072648134
0.0,4.599701e-13,0.0035268478,0.0013172239,6.6322395e-12,0.009182229
0.0,3.2427713e-11,0.0028411215,0.0040658065,5.713947e-12,0.011400255
0.0,8.6530894e-11,0.0025663618,0.0016780627,4.275027e-12,0.010597196
0.0,3.9316404e-13,0.0025620817,0.004073876,6.3972395e-12,0.00951965
0.0,4.8495204e-11,0.0025578085,0.0016942349,5.2230486e-12,0.013020428
0.0,6.508955e-11,0.0014580116,0.0036608046,3.9626197e-12,0.010659399
0.0,8.1754783e-11,0.0012987636,0.0014368979,4.093651e-12,0.0036314738
0.0,9.593275e-11,0.0012310985,0.0016645418,2.9629654e-12,0.0029326775
0.0,2.7670527e-11,0.000723241,0.0011186986,3.3745643e-12,0.0057502235
0.0,2.895773e-13,0.0007613586,0.0040698186,3.8358613e-12,0.0060749543
0.0,1.9459925e-11,0.00037775567,0.0018115689,3.2000078e-12,0.0104742665
0.0,1.3133366e-12,0.00024228483,0.0035171995,2.5448003e-12,0.007309434
0.0,2.4385152e-13,0.00021978504,0.00234399,3.4927094e-12,0.01762096
0.0,2.287817e-13,0.0001881131,0.009013938,1.2960655e-11,0.013424385
0.0,2.124485e-13,0.00025246432,0.012023053,2.0173314e-11,0.026322557
0.0,2.458486e-11,0.005445392,0.011547701,1.4339115e-11,0.01060695
0.0,1.8282785e-13,0.004855999,0.006434099,1.3758781e-11,0.012066235
0.0,1.7134112e-13,0.0042902385,0.008836302,1.4191035e-11,0.022279492
0.0,1.9386626e-11,0.0038484696,0.004743727,1.7839447e-11,0.018500982
0.0,1.514289e-13,0.002763727,0.0049758675,1.21602025e-11,0.014121992
0.0,1.9255066e-12,0.0024410037,0.003098916,8.378405e-12,0.019782739
0.0,1.3393556e-13,0.0024369329,0.0038817362,9.060116e-12,0.009141233
0.0,1.2644581e-13,0.0024328688,0.0014644504,1.0322889e-11,0.01236221
0.0,1.8814561e-11,0.0031580771,0.0022186218,7.133682e-12,0.015275641
0.0,3.205668e-11,0.0039376225,0.0012911952,6.0909433e-12,0.02542778
0.0,1.0396793e-13,0.003931056,0.0030891139,5.3605315e-12,0.008758587
0.0,9.754066e-14,0.0023404935,0.0015226742,5.5996995e-12,0.022085331
0.0,4.25732e-12,0.00101539,0.0042321626,3.757317e-12,0.015138938
0.0,3.1102388e-11,0.0007393213,0.0023744835,2.7819648e-12,0.018641278
0.0,3.109338e-11,0.0020000527,0.0044009266,2.5145647e-12,0.01288207
0.0,3.0134457e-11,0.0018279948,0.0025834336,1.7994956e-12,0.018844005
0.0,1.2443777e-11,0.0014692623,0.00934122,1.4050258e-12,0.017394857
0.0,1.1537089e-11,0.0010943444,0.0085545825,1.8476644e-12,0.017300786
0.0,6.1013044e-14,0.0006698833,0.010179001,1.561981e-12,0.015103276
0.0,2.9107503e-10,0.0007101986,0.012485789,2.3270648e-12,0.018745178
0.0,2.6001342e-11,0.00048984296,0.008905619,2.3385018e-12,0.0127349
0.0,1.9596855e-11,0.002296438,0.006247347,2.2127313e-12,0.017390227
0.0,2.374661e-11,0.0015721972,0.013339432,1.6732237e-12,0.02517839
0.0,1.483628e-11,0.0012691233,0.014596822,1.4174431e-12,0.0071656457
0.0,2.234843e-11,0.0009716591,0.012482785,9.275318e-13,0.023905793
0.0,1.5838907e-11,0.0017979234,0.010927394,1.1061732e-12,0.00820106
0.0,1.7133754e-11,0.0017949251,0.010003253,9.946754e-13,0.0229729
0.0,2.944567e-14,0.0014113535,0.022281256,9.313424e-13,0.008769618
0.0,5.269384e-12,0.00075465586,0.014895342,9.751333e-13,0.02620576
0.0,1.0359276e-11,0.005076911,0.011333241,7.8928346e-13,0.007553945
0.0,2.2301356e-14,0.003146535,0.022489313,8.393843e-13,0.022108462
0.0,1.0588406e-11,0.0015271278,0.016823845,6.223216e-13,0.013910463
0.0,1.0801517e-11,0.005070273,0.013598703,6.0400594e-13,0.023269728
0.0,1.5356218e-11,0.004483519,0.009926288,4.002319e-13,0.0057769115
0.0,1.5235697e-14,0.003746305,0.012248166,8.212939e-13,0.015163609
0.0,5.0026636e-12,0.002771787,0.010772622,8.58831e-13,0.017611276
0.0,8.477472e-12,0.0020339806,0.017112035,6.548564e-13,0.02827518
0.0,2.6079163e-12,0.010485689,0.016161514,5.823236e-13,0.008602087
0.0,1.2593071e-12,0.0073592425,0.020091347,4.6273705e-13,0.015813002
0.0,9.660573e-15,0.0018530192,0.016973123,4.0730372e-13,0.022102587
0.0,7.0790904e-12,0.0017605872,0.011088158,3.3681806e-13,0.010051363
0.0,8.175844e-15,0.013202725,0.015566297,3.763295e-13,0.015709763
0.0,8.19395e-12,0.008378184,0.01149968,2.6783466e-13,0.024043573
0.0,6.887032e-15,0.0015055777,0.02663483,5.70209e-13,0.009983477
0.0,5.0448356e-12,0.00061200146,0.013112583,5.559074e-13,0.03459295
0.0,5.3811482e-12,0.0006401086,0.016313467,3.6598155e-13,0.014602156
0.0,4.989504e-15,0.0011420723,0.02124465,4.5465866e-13,0.030486826
0.0,4.2258575e-12,0.0037898067,0.013612806,3.763515e-13,0.004890556
0.0,1.5358432e-12,0.001457582,0.01454001,3.842793e-13,0.010225113
0.0,3.2888518e-12,0.0010333528,0.017260207,3.1150538e-13,0.024819182
0.0,3.4152527e-15,0.0026635488,0.015226758,5.160793e-13,0.00898419
0.0,3.1514665e-15,0.002571827,0.010288935,3.9489752e-13,0.010311074
0.0,2.9436193e-15,0.0014291088,0.006067387,4.8304476e-13,0.011416993
0.0,3.761899e-12,0.0017156432,0.0048629288,4.9800653e-13,0.022551194
0.0,3.3485653e-12,0.0015210686,0.0016651546,4.913243e-13,0.0046882117
0.0,1.4238075e-12,0.0013056886,0.0039668633,2.8722985e-13,0.010288861
0.0,2.3129656e-15,0.0050573843,0.0032403378,4.2625061e-13,0.015793843
0.0,1.9402247e-12,0.0039504683,0.0016191608,3.1703134e-13,0.008317289
0.0,2.0747045e-15,0.002156198,0.0047399,2.6666955e-13,0.014828086
0.0,6.454719e-11,0.001467793,0.0018487255,7.3084827e-13,0.014891461
0.0,1.8531937e-15,0.0014653452,0.004045869,7.0913967e-13,0.013115203
0.0,1.729292e-15,0.0013373522,0.0027303398,8.3862886e-13,0.022630036
0.0,4.207121e-12,0.004840643,0.0032502445,6.632302e-13,0.005233715
0.0,2.1795574e-11,0.0030979475,0.0015820272,9.655807e-13,0.008069685
0.0,4.6833787e-12,0.0027436342,0.0029410282,8.144764e-13,0.01326207
0.0,3.7139922e-12,0.0021969068,0.0015745632,7.5771637e-13,0.016297711
0.0,1.6045179e-11,0.0016962698,0.004391107,1.1088345e-12,0.008599618
0.0,1.2452168e-15,0.0011762193,0.0018513071,1.1396542e-12,0.0068764077
0.0,1.1851471e-15,0.000978587,0.0024196296,1.1671217e-12,0.0072961585
0.0,1.1093127e-15,0.0014492597,0.0011886226,9.612161e-13,0.02353704
0.0,1.1250391e-10,0.0010954441,0.001749783,7.8178073e-13,0.00416439
0.0,2.524227e-12,0.0011537328,0.0005684263,8.098748e-13,0.0045841085
0.0,9.666275e-16,0.001021759,0.00049292814,8.6434283e-13,0.0026556863
0.0,9.242842e-16,0.0008280873,0.0026058392,8.7716623e-13,0.002049939
0.0,8.739049600000002e-16,0.0008267062,0.0010065348,7.4917443e-13,0.0051894835
0.0,8.433189700000002e-16,0.0006539947,0.00046054498,7.699534e-13,0.002568445
0.0,8.084823e-16,0.0007175362,0.0014602644,8.076998e-13,0.0030041495
0.0,7.787684e-16,0.00062398217,0.00048662315,7.246509e-13,0.0011147066
0.0,3.6046014e-12,0.0006229415,0.00022034149,5.104507e-13,0.00043934063
0.0,3.0664284e-12,0.0006219025,0.00018163247,6.138467e-13,0.00018526765
0.0,6.9919383e-16,0.0008207728,0.00083023374,6.186107e-13,0.00027926487
0.0,6.726353e-16,0.00081940385,0.0017704704,4.863038e-13,0.00029980345
0.0,2.8199817e-12,0.0012285755,0.0006021352,4.2736206e-13,0.0004305786
0.0,2.4768306e-12,0.0011270385,0.0005677669,3.7002706e-13,0.00041400117
0.0,5.970193e-16,0.006633216,0.0010131266,4.2541182e-13,0.0004782253
0.0,5.844578e-16,0.006622153,0.00040970472,4.600835e-13,0.0002552518
0.0,1.6720235e-10,0.005741536,0.000701513,3.2606052e-13,0.0005813425
0.0,5.462779e-16,0.0046352674,0.00047894297,4.3305507e-13,0.0008932099
0.0,1.7212373e-12,0.0040033027,0.00058833655,3.4719428e-13,0.0011326678
0.0,5.127909e-16,0.0018377651,0.0005920556,3.5560546e-13,0.0006235833
0.0,1.3667538e-10,0.00081556285,0.00039696705,3.1153446e-13,0.0005282043
0.0,5.5219553e-12,0.00075113744,0.00035250644,3.3196888e-13,0.00065118994
0.0,2.3825087e-12,0.0007498846,0.0004112267,3.6407994e-13,0.0005710569
0.0,3.3284829e-12,0.0006712176,0.00021939089,2.7279673e-13,0.0003697209
0.0,4.7658483e-12,0.0004937919,0.00012220176,2.436652e-13,0.00035786032
0.0,3.1294444e-12,0.00049719436,6.556638e-05,2.9585487e-13,0.00022062755
0.0,5.1980464e-12,0.0013237012,1.9703299e-05,1.4124388e-13,0.0002108168
0.0,7.6363406e-13,0.0013214934,8.574099e-06,2.3489663e-13,9.196741e-05
0.0,4.005783e-16,0.0017646779,2.8579163e-06,4.025284e-13,5.450748e-05
0.0,3.0350611e-12,0.0011763579,5.691656e-07,3.1497385e-13,2.9820867e-05
0.0,4.5663678e-11,0.0008506424,1.6384122e-07,4.024389e-13,2.243374e-05
0.0,2.9935415e-11,0.0008492235,5.690405e-08,3.8092953e-13,2.7947739e-05
0.0,3.7131357e-12,0.00084780704,1.6010548e-08,2.768007e-13,3.050188e-05
0.0,2.1506007e-12,0.00084639294,5.4992313e-09,2.4869245e-13,2.4378516e-05
