bulk_species_node [MG] at P @ dist64,bulk_species_node [MG] at P @ dist648,bulk_species_node [MG] at Chlorine @ dist64,bulk_species_node [MG] at Chlorine @ dist648,bulk_species_node [MG] at P @ dist420,bulk_species_node [MG] at Chlorine @ dist420
0.0,0.0,0.0,0.0,0.0,0.0
0.0,0.0,0.0,0.0,0.0,0.0
0.0,0.0,0.0,0.0,0.0,0.0
0.0,0.0,0.0,0.0,0.0,0.0
0.0,0.0,0.0,0.0,0.0,0.0
0.0,0.0,0.0,0.0,0.0,0.0
0.0,0.0,0.0,0.0,0.0,0.0
0.0,0.0,0.0,0.0,0.0,0.0
0.0,0.0,0.0,0.0,0.0,0.0
0.0,0.0,0.0,0.0,0.0,0.0
0.0,0.0,0.0,0.0,0.0,0.0
0.0,0.0,0.0,0.0,0.0,0.0
0.0,0.0,0.0,0.0,0.0,0.0
0.0,0.0,0.0,0.0,0.0,0.0
0.0,0.0,0.0,0.0,0.0,0.0
0.0,0.0,0.0,0.0,0.0,0.0
0.0,0.0,0.0,0.0,0.0,0.0
0.0,0.0,0.0,0.0,0.0,0.0
0.0,0.0,0.0,0.0,0.0,0.0
0.0,0.0,0.0,0.0,0.0,0.0
0.0,0.0,0.0,0.0,0.0,0.0
0.0,0.0,0.0,0.0,0.0,0.0
0.0,0.0,8.496808e-12,0.0,0.0,0.0
0.0,0.0,2.168195e-11,0.0,0.0,0.0
0.0,0.0,2.168195e-11,0.0,0.0,3.7849502e-06
0.0,0.0,2.0794554e-11,0.0,0.0,1.4858387e-05
0.0,0.0,2.2310643e-11,0.0,0.0,1.4245925e-05
0.0,0.0,2.2310643e-11,2.1317497e-17,0.0,3.1348234e-05
0.0,0.0,2.2310643e-11,0.0,0.0,2.5388805e-05
0.0,0.0,2.2310643e-11,0.0,0.0,2.3838209e-05
0.0,0.0,2.3169182e-11,0.0,0.0,1.7924423e-05
0.0,0.0,2.3169182e-11,0.0,0.0,6.852215e-06
0.0,0.0,2.3169182e-11,0.0,0.0,1.1640494e-05
0.0,0.0,2.3169182e-11,0.0,0.0,1.3742739e-05
0.0,0.0,2.1248e-11,1.0055589e-17,0.0,6.6646453e-06
0.0,0.0,1.957205e-11,1.5300819e-16,0.0,5.6279114e-06
0.0,0.0,1.957205e-11,0.0,0.0,1.3500225e-05
0.0,0.0,1.7927331e-11,4.685816e-18,0.0,1.6706324e-05
0.0,0.0,1.7927331e-11,0.0,0.0,1.3259867e-05
0.0,0.0,1.7927331e-11,2.0467203e-18,0.0,1.5844122e-05
0.0,0.0,1.7927331e-11,6.020943999999999e-19,0.0,1.9418858e-05
0.0,0.0,1.7927331e-11,4.1094467e-19,0.0,2.257666e-05
0.0,0.0,1.7927331e-11,9.471841e-20,0.0,2.8082417e-05
0.0,0.0,1.7927331e-11,0.0,0.0,3.6861213e-05
0.0,0.0,1.7927331e-11,0.0,0.0,2.3368153e-05
0.0,0.0,1.7927331e-11,0.0,0.0,1.9070403e-05
0.0,0.0,1.7927331e-11,0.0,0.0,1.4660229e-05
0.0,0.0,1.7927331e-11,0.0,0.0,1.8975757e-05
0.0,0.0,1.7927331e-11,0.0,0.0,2.3162895e-05
0.0,0.0,1.7927331e-11,4.6656712e-17,0.0,3.3346245e-05
0.0,0.0,1.7927331e-11,0.0,0.0,3.183848e-05
0.0,0.0,1.587161e-11,3.430763e-16,0.0,2.30863e-05
0.0,0.0,6.9112697e-12,2.3217758e-16,0.0,2.0563344e-05
0.0,0.0,5.545753e-12,1.4971624e-08,0.0,2.207728e-05
0.0,0.0,5.545753e-12,1.7746055e-08,0.0,2.3252107e-05
0.0,0.0,2.8795568e-12,1.394218e-08,0.0,2.2032662e-05
0.0,0.0,2.1099776e-12,1.0713652e-08,0.0,3.1012765e-05
0.0,0.0,1.0308794e-12,8.3288214e-08,0.0,3.2423948e-05
0.0,0.0,6.977917e-13,8.1548905e-08,0.0,2.7720735e-05
0.0,0.0,6.156183e-13,5.0282093e-08,0.0,2.3770868e-05
0.0,0.0,5.4309904e-13,6.2348676e-08,0.0,3.49334e-05
0.0,0.0,4.791138e-13,3.608628e-08,0.0,4.2489e-05
0.0,0.0,2.6287864e-13,4.0025444e-08,0.0,4.2721145e-05
0.0,0.0,2.6287864e-13,6.6921594e-08,0.0,4.442287e-05
0.0,0.0,2.6287864e-13,7.9025696e-08,0.0,3.29626e-05
0.0,0.0,2.6287864e-13,6.682962e-08,0.0,4.6519548e-05
0.0,0.0,1.260708e-13,8.789344e-08,0.0,6.1690145e-05
0.0,0.0,3.3950554e-14,4.6370403e-08,0.0,5.0509378e-05
0.0,0.0,1.4959896e-14,3.1400646e-08,0.0,4.1910072e-05
0.0,0.0,8.757182e-15,6.2259616e-08,0.0,6.0683076e-05
0.0,0.0,3.9439218e-15,1.9003134e-07,0.0,5.7103025e-05
0.0,0.0,3.4792238e-15,2.9069332e-07,0.0,6.8221234e-05
0.0,0.0,6.689469e-16,3.9592766e-07,0.0,7.168964e-05
0.0,0.0,1.020225e-16,5.163173e-07,0.0,8.5248226e-05
0.0,0.0,2.4734786e-17,6.994459e-07,0.0,0.00011795077
0.0,0.0,1.9765175000000002e-17,6.23141e-07,0.0,0.00012400287
0.0,0.0,1.4248892e-17,4.785057e-07,0.0,0.00011514404
0.0,0.0,5.6557585e-18,5.076015e-07,0.0,0.0001137971
0.0,0.0,2.4898893e-18,4.2898301e-07,0.0,8.869065e-05
0.0,0.0,8.205232999999999e-19,4.5502622e-07,0.0,9.076501e-05
0.0,0.0,3.0423724e-19,7.4853494e-07,0.0,0.00010890406
0.0,0.0,8.042543e-20,5.6963677e-07,0.0,0.00011244293
0.0,0.0,4.1085534e-20,6.292887e-07,0.0,0.000111187495
0.0,0.0,1.2879006e-20,1.1136268e-06,0.0,0.00015306984
0.0,0.0,7.011048e-21,9.967453e-07,0.0,0.00017790071
0.0,0.0,3.6877105e-21,5.08765e-07,0.0,0.00013405782
0.0,0.0,7.1998116e-22,2.8052807e-07,0.0,0.00013540208
0.0,0.0,5.7807005e-22,6.774146e-08,0.0,0.00010132853
0.0,0.0,1.8508510000000001e-22,2.2353529e-08,0.0,0.00011119213
0.0,0.0,1.3036752e-22,6.7177695e-09,0.0,4.714431e-05
0.0,0.0,4.0961200000000004e-23,2.6339055e-09,0.0,1.8443352e-05
0.0,0.0,2.5380934e-23,8.044171e-10,0.0,7.006885e-06
0.0,0.0,4.5534787e-24,2.1995848e-10,0.0,3.2752241e-06
0.0,0.0,1.3428724e-24,6.248154e-11,0.0,1.2366904e-06
0.0,0.0,5.4271417e-25,2.193963e-11,0.0,0.0077015855
0.0,0.0,1.2526628e-25,8.33903e-12,0.0,0.01685545
0.0,0.0,1.1077018e-25,2.9929828e-12,0.0,0.02444226
0.0,0.0,4.746224e-26,8.2453364e-13,0.0,0.13306473
0.0,0.0,3.6715873e-26,3.119468e-13,0.0,0.061370116
0.0,0.0,1.9789758e-26,3.9138115e-12,0.0,0.010768103
0.0,0.0,1.7499642e-26,1.5496031e-12,0.0,0.017566882
0.0,0.0,1.7499637000000002e-26,4.945627e-13,0.0,0.012915488
0.0,0.0,8.263419e-27,1.602179e-13,0.0,0.01956349
0.0,0.0,6.634667e-27,4.4574343e-14,0.0,0.014112131
0.0,0.0,5.4024492e-27,5.657615e-15,0.0,0.023400228
0.0,0.0,2.4090344e-27,1.2736002e-15,0.0,0.011254307
0.0,0.0,1.400644e-27,5.278257e-16,0.0,0.009953256
0.0,0.0,4.339768000000001e-28,5.827549e-17,0.0,0.008440915
0.0,0.0,3.794917e-30,1.2823934e-17,0.0,0.025187572
0.0,0.0,3.5126278e-29,1.4278160000000001e-18,0.0,0.017685598
0.0,0.0,3.5331868e-29,2.1734165e-19,0.0,0.0053155613
0.0,0.0,2.6956945e-28,6.8272896e-20,0.0,0.0051544495
0.0,0.0,1.03570265e-26,1.8455808e-20,0.0,0.00826847
0.0,0.0,8.859772e-25,6.518281e-21,0.0,0.025670625
0.0,0.0,6.1549569999999996e-24,4.5421513e-21,0.0,0.0035098032
0.0,0.0,1.5694913e-23,1.4127181000000001e-21,0.0,0.023463072
0.0,0.0,6.6063397e-24,4.1423972e-22,0.0,0.0046123457
0.0,0.0,3.2506648e-23,8.693988e-22,0.0,0.009862135
0.0,0.0,2.8066712e-22,8.994547e-22,0.0,0.008191957
0.0,0.0,1.048029e-21,1.0672696000000001e-21,0.0,0.004660388
0.0,0.0,4.7771205e-19,2.7074562e-22,0.0,0.008816182
0.0,0.0,1.4289236e-17,7.3736646e-23,0.0,0.02303791
0.0,0.0,6.409109e-18,1.260448e-22,0.0,0.003314942
0.0,0.0,5.7774125e-17,1.6676814000000002e-22,0.0,0.0030359884
0.0,0.0,4.2788845e-17,8.389446e-23,0.0,0.0045436956
0.0,0.0,2.5399158000000002e-17,2.2399218e-23,0.0,0.008386019
0.0,0.0,8.462725e-18,5.8253583000000005e-24,0.0,0.014131324
0.0,0.0,7.896054e-18,1.0128081000000001e-22,0.0,0.01249373
0.0,0.0,7.180512499999999e-18,1.277569e-21,0.0,0.019756323
0.0,0.0,5.7635956e-18,1.6600721e-21,0.0,0.004919579
0.0,0.0,4.129321e-18,1.618957e-21,0.0,0.017290909
0.0,0.0,1.3653332000000001e-17,1.4373051000000001e-21,0.0,0.012633902
0.0,0.0,2.7680633e-17,2.1110613e-21,0.0,0.0073905312
0.0,0.0,1.513134e-17,5.072505e-22,0.0,0.012372326
0.0,0.0,1.2524392e-17,1.2340286e-22,0.0,0.012996752
0.0,0.0,1.1071793e-17,2.3099778e-22,0.0,0.010151274
0.0,0.0,4.3422433e-18,1.4910889e-22,0.0,0.027017988
0.0,0.0,3.1996955e-18,2.829076e-22,0.0,0.0034348627
0.0,0.0,2.357779e-18,2.798514e-22,0.0,0.001988184
0.0,0.0,2.08432e-18,9.32996e-23,0.0,0.0015018051
0.0,0.0,1.8425773e-18,2.2816833e-23,0.0,0.0007681608
0.0,0.0,1.8420363e-18,3.035712e-23,0.0,0.00020740657
0.0,0.0,1.6283939e-18,2.2158527e-23,0.0,6.359396e-05
0.0,0.0,5.4735523e-19,4.578724e-24,0.0,0.0005964851
0.0,0.0,5.4719455e-19,9.656722e-25,0.0,0.018375032
0.0,0.0,5.470339e-19,4.6588990000000003e-23,0.0,0.007125623
0.0,0.0,4.3908257e-19,9.1546046e-23,0.0,0.010379196
0.0,0.0,1.9720482e-19,2.0365997e-23,0.0,0.01525736
0.0,0.0,6.000305e-20,5.568162e-24,0.0,0.014415641
0.0,0.0,4.421481e-20,1.1031329e-23,0.0,0.0100193145
0.0,0.0,3.5489489999999995e-20,1.3421706e-23,0.0,0.018895451
0.0,0.0,3.1373358e-20,3.2784168e-24,0.0,0.003972555
0.0,0.0,6.630612300000001e-21,7.6734433e-25,0.0,0.00047937222
0.0,0.0,3.0126299999999995e-20,1.62682e-25,0.0,0.00018537388
0.0,0.0,2.5150565e-20,3.4177867e-26,0.0,4.5064517e-05
0.0,0.0,2.5142938e-20,2.2887590000000006e-23,0.0,1.2142145e-05
0.0,0.0,1.1207021e-20,9.803137e-24,0.0,0.009254427
0.0,0.0,1.2784651e-20,2.6508022000000003e-24,0.0,0.012166797
0.0,0.0,3.346047e-20,7.427991e-25,0.0,0.022823496
0.0,0.0,1.7827476e-20,1.7108353999999998e-25,0.0,0.004088485
0.0,0.0,7.743338e-20,3.9799074e-26,0.0,0.0037131184
0.0,0.0,3.6329023e-20,9.805969e-27,0.0,0.004452056
0.0,0.0,3.6317048e-20,2.3165719e-27,0.0,0.0059048403
0.0,0.0,8.945305e-21,1.0013083e-27,0.0,0.010584462
0.0,0.0,1.806458e-20,1.2640391e-28,0.0,0.014146738
0.0,0.0,1.2860437999999998e-19,3.032413e-23,0.0,0.009326403
0.0,0.0,1.3497586e-19,8.4200765e-24,0.0,0.010328522
0.0,0.0,1.1931011e-19,2.1556936e-24,0.0,0.013856551
0.0,0.0,5.631714999999999e-20,4.9682864e-25,0.0,0.009895318
0.0,0.0,2.658301e-20,1.177593e-25,0.0,0.017624669
0.0,0.0,2.3497696999999998e-20,1.3469595e-23,0.0,0.007850531
0.0,0.0,1.4908872e-20,3.9649814e-24,0.0,0.013596171
0.0,0.0,1.3178499e-20,1.020771e-24,0.0,0.015645152
0.0,0.0,1.05768855e-20,4.821558e-24,0.0,0.010714
0.0,0.0,2.9468388e-21,5.480797e-24,0.0,0.01617183
0.0,0.0,1.6431253e-21,1.3764244e-24,0.0,0.011276069
0.0,0.0,1.623148e-21,6.938188000000001e-23,0.0,0.019580368
0.0,0.0,5.680768e-20,3.2925303e-23,0.0,0.008108157
0.0,0.0,3.1674982e-20,9.968304e-24,0.0,0.021942541
0.0,0.0,1.0645884999999999e-20,1.2271792e-21,0.0,0.005109975
0.0,0.0,8.544145e-21,2.1822331e-21,0.0,0.0035742559
0.0,0.0,5.0711107e-21,6.898101e-22,0.0,0.0043644807
0.0,0.0,2.5226387000000006e-21,1.5826371e-22,0.0,0.007260372
0.0,0.0,1.4972336e-21,3.5002746e-23,0.0,0.005392396
0.0,0.0,1.103161e-21,2.9364826000000004e-22,0.0,0.0055320193
0.0,0.0,8.128084500000001e-22,2.0221977e-21,0.0,0.0040540127
0.0,0.0,7.1846290000000005e-22,1.692874e-21,0.0,0.0055064955
0.0,0.0,7.1817735000000015e-22,3.807175800000001e-22,0.0,0.011046349
0.0,0.0,7.178919e-22,8.5683806e-23,0.0,0.011316604
0.0,0.0,6.3456365e-22,1.9835863e-23,0.0,0.012974168
0.0,0.0,4.026147400000001e-22,1.8146817e-23,0.0,0.018761821
0.0,0.0,1.935646e-22,2.3710224e-24,0.0,0.0072865416
0.0,0.0,8.431485000000001e-23,7.7126055e-24,0.0,0.008475668
0.0,0.0,1.8118543000000002e-21,3.79865e-24,0.0,0.018468352
0.0,0.0,3.4947763e-21,1.0494741e-24,0.0,0.00073434843
0.0,0.0,1.5707076000000001e-21,2.3206745e-25,0.0,0.0017085124
0.0,0.0,1.2606005000000001e-21,5.2098224e-24,0.0,0.008295775
0.0,0.0,2.9011747000000003e-22,4.849947e-24,0.0,0.028442983
0.0,0.0,6.520014000000001e-23,1.3756076e-24,0.0,0.003605594
0.0,0.0,3.3060410000000002e-22,3.2940955e-25,0.0,0.004914
0.0,0.0,6.913816e-23,3.736571e-24,0.0,0.011667545
0.0,0.0,1.6800685e-23,1.4608869e-24,0.0,0.014223423
0.0,0.0,7.281278e-24,3.3731280000000003e-25,0.0,0.0145464325
0.0,0.0,1.3598893999999998e-23,7.329386e-26,0.0,0.008042367
0.0,0.0,6.880944e-24,2.0818449e-17,0.0,0.01550628
0.0,0.0,5.5201867e-24,5.5691626e-18,0.0,0.0065841037
0.0,0.0,3.996655e-23,1.1791345499999998e-17,0.0,0.014376699
0.0,0.0,1.8549256e-23,2.0572874e-17,0.0,0.013504036
0.0,0.0,5.5577605e-23,5.691434399999999e-18,0.0,0.008509326
0.0,0.0,2.3501003e-23,1.524356e-18,0.0,0.02900441
0.0,0.0,2.229806e-22,4.1047817e-19,0.0,0.0037448101
0.0,0.0,5.830347e-21,9.053149e-20,0.0,0.004668649
0.0,0.0,3.2701422e-21,1.485467e-20,0.0,0.011675454
0.0,0.0,6.059719999999999e-20,3.9001315e-21,0.0,0.018511996
0.0,0.0,2.090915e-20,2.2927086e-21,0.0,0.0072890306
0.0,0.0,2.0898397e-20,1.446572e-21,0.0,0.004161467
0.0,0.0,1.8470489e-20,3.9132022e-22,0.0,0.0084912935
0.0,0.0,1.6324647e-20,8.532716000000001e-23,0.0,0.011758711
0.0,0.0,1.0003687e-20,2.2555092e-23,0.0,0.020938681
0.0,0.0,5.108100800000001e-21,6.686164e-24,0.0,0.0037262081
0.0,0.0,1.9221765e-21,3.778396e-24,0.0,0.009091134
0.0,0.0,1.921188e-21,4.5281692e-23,0.0,0.011373084
0.0,0.0,3.982549e-20,5.125375e-22,0.0,0.018358499
0.0,0.0,1.6990825e-20,1.7839172e-22,0.0,0.005418057
0.0,0.0,1.3634747999999998e-20,3.7976834e-23,0.0,0.009811079
0.0,0.0,1.00448225e-20,1.2450093e-23,0.0,0.033587277
0.0,0.0,8.877776999999999e-21,5.3922698e-24,0.0,0.004381154
0.0,0.0,4.4656036e-21,2.1705296e-23,0.0,0.0034700686
0.0,0.0,9.934555e-22,4.851861e-22,0.0,0.0042493762
0.0,0.0,2.4315758e-22,1.4668136000000002e-22,0.0,0.004203605
0.0,0.0,7.999573e-21,3.3207936e-23,0.0,0.002531468
0.0,0.0,1.4384035999999998e-20,8.503385e-23,0.0,0.0023075861
0.0,0.0,1.05967136e-20,6.429972000000001e-23,0.0,0.0142387785
0.0,0.0,8.503527e-21,9.150788e-22,0.0,0.010520692
0.0,0.0,6.264545e-21,5.192603e-22,0.0,0.00912729
0.0,0.0,3.293306e-21,1.4485786e-22,0.0,0.01616588
0.0,0.0,1.1067244e-21,3.3502626e-23,0.0,0.002925085
0.0,0.0,4.969435e-22,7.270834e-24,0.0,0.00047793522
0.0,0.0,5.416868e-22,1.2099155e-24,0.0,0.00011229948
0.0,0.0,4.207288500000001e-22,2.5064520000000003e-25,0.0,2.7310245e-05
0.0,0.0,2.454738e-22,3.136008e-24,0.0,9.132072e-06
0.0,0.0,1.3429516000000002e-22,9.285786e-25,0.0,1.387985e-05
0.0,0.0,9.153035e-23,2.174193e-25,0.0,9.310411e-06
0.0,0.0,7.9295904000000005e-22,6.0966955e-26,0.0,0.0046293885
0.0,0.0,4.844169e-21,1.2623024e-24,0.0,0.013267644
0.0,0.0,1.5861829e-21,8.447818e-25,0.0,0.012487957
0.0,0.0,1.1685128e-21,1.7770258999999999e-25,0.0,0.008694322
0.0,0.0,7.964011500000002e-22,7.002205e-23,0.0,0.012177699
0.0,0.0,8.013396000000002e-22,1.7443119e-23,0.0,0.005775883
0.0,0.0,1.6700587000000001e-21,4.3414404e-24,0.0,0.005274429
0.0,0.0,1.2302899000000001e-21,8.255764e-25,0.0,0.006086955
0.0,0.0,6.67507e-20,1.8075317e-25,0.0,0.006865832
0.0,0.0,1.8570817e-18,4.9048176000000005e-26,0.0,0.0037912726
0.0,0.0,2.0859042e-18,3.8559133e-23,0.0,0.0015753827
0.0,0.0,1.8519654e-18,1.0251252e-23,0.0,0.0006036929
0.0,0.0,6.0083313e-19,1.9217462e-24,0.0,0.00013503461
0.0,0.0,5.309787e-19,3.4075734e-25,0.0,3.890311e-05
0.0,0.0,4.63219e-19,7.19605e-26,0.0,1.1606872e-05
0.0,0.0,2.306868e-19,1.4772918e-26,0.0,2.560961e-06
0.0,0.0,1.5840673999999998e-19,2.892712e-27,0.0,6.0746453e-07
0.0,0.0,7.475483999999999e-20,5.7029626e-28,0.0,1.519537e-07
0.0,0.0,7.470914e-20,2.6172957e-28,0.0,5.1570197e-07
0.0,0.0,6.6023256e-20,2.4242613e-29,0.0,1.4134417e-07
0.0,0.0,5.834722e-20,9.9993245e-30,0.0,3.5209403e-08
0.0,0.0,1.02326035e-19,4.5774627e-29,0.0,6.636521e-09
0.0,0.0,1.05726096e-19,9.268316e-30,0.0,1.7550886e-09
0.0,0.0,9.343261e-20,1.6175856000000002e-30,0.0,1.1322774e-05
0.0,0.0,8.431593499999999e-20,1.5689947e-28,0.0,6.0942225e-06
0.0,0.0,4.6448356e-20,6.7006834e-29,0.0,1.3838225e-06
0.0,0.0,2.0854365e-20,1.4555028999999998e-29,0.0,3.148119e-07
0.0,0.0,1.7600045e-20,2.801004e-30,0.0,7.525376e-08
0.0,0.0,1.6355157e-20,5.5259007e-31,0.0,5.6241426e-08
0.0,0.0,8.134052e-21,4.6132026e-30,0.0,1.4801961e-08
0.0,0.0,8.1289494e-21,1.9880228e-30,0.0,3.2251393e-09
0.0,0.0,7.183741999999999e-21,3.4209058000000003e-31,0.0,6.688344e-10
0.0,0.0,4.00461e-21,1.4185289e-30,0.0,1.3234194e-10
0.0,0.0,3.6663387e-21,3.4418646e-31,0.0,3.2590455e-07
0.0,0.0,3.4950643e-21,7.317134400000001e-32,0.0,9.718201e-08
0.0,0.0,3.492872e-21,1.5145116e-32,0.0,1.5051649e-08
0.0,0.0,2.2934097000000002e-21,3.0438005e-33,0.0,2.7517744e-09
0.0,0.0,1.2784718000000001e-21,4.5680707e-34,0.0,4.91358e-10
0.0,0.0,1.2776698000000001e-21,4.8183178e-32,0.0,8.634199e-11
0.0,0.0,1.1285797000000001e-21,1.9617841e-32,0.0,1.4235393e-11
0.0,0.0,9.059303e-22,4.3216826e-33,0.0,2.8189157e-12
0.0,0.0,9.05362e-22,7.6187954e-34,0.0,7.8210236e-13
0.0,0.0,6.1700686000000015e-22,1.1256839e-34,0.0,7.857275e-14
0.0,0.0,6.166198300000002e-22,3.6006652e-35,0.0,1.5157875e-14
0.0,0.0,5.449213e-22,4.2929676e-36,0.0,2.7553895e-15
0.0,0.0,5.445795e-22,8.726046e-37,0.0,9.564951e-13
0.0,0.0,5.4423784e-22,1.0241938e-37,0.0,1.9875212e-13
0.0,0.0,5.438965e-22,2.4493461e-36,0.0,4.7106836e-14
0.0,0.0,5.4355530000000005e-22,2.8341453e-36,0.0,1.1115835e-14
0.0,0.0,7.51929e-21,5.3273816e-37,0.0,1.9048513e-15
0.0,0.0,1.0196941e-19,1.0136492e-37,0.0,3.9853374000000006e-16
0.0,0.0,6.4681433e-20,2.2527549999999998e-38,0.0,7.192455e-17
0.0,0.0,1.4869337e-20,4.6582699999999986e-39,0.0,9.870044e-18
0.0,0.0,5.537505e-20,9.62207e-40,0.0,2.1673495e-11
0.0,0.0,3.1772029999999996e-20,1.082949e-39,0.0,8.84864e-12
0.0,0.0,2.8077098e-20,1.5094099999999998e-39,0.0,1.8469317e-12
0.0,0.0,2.8058897e-20,1.29512e-40,0.0,2.3931546e-13
0.0,0.0,1.3240985e-20,7.401100000000001e-41,0.0,4.868171e-14
0.0,0.0,1.3232402e-20,2.6235e-41,0.0,7.9316555e-15
0.0,0.0,5.1877828e-21,6.226000000000001e-42,0.0,1.2896823e-15
0.0,0.0,5.184420300000001e-21,1.019e-42,0.0,2.3985003000000004e-16
0.0,0.0,3.2885597000000002e-21,2.17e-43,0.0,4.156449e-17
0.0,0.0,3.2864284e-21,5.7e-44,0.0,1.0383989e-17
0.0,0.0,1.9500678000000002e-21,5.9e-43,0.0,2.600259e-18
0.0,0.0,1.948804e-21,3.175e-42,0.0,5.857286999999999e-19
0.0,0.0,1.9475408000000002e-21,1e-45,0.0,1.0711618e-19
0.0,0.0,7.971337700000001e-22,0.0,0.0,2.095647e-20
0.0,0.0,3.4133120000000003e-22,0.0,0.0,3.8565575e-21
0.0,0.0,3.4110997000000002e-22,0.0,0.0,5.808664e-22
0.0,0.0,3.0144051000000003e-22,0.0,0.0,8.473522e-23
0.0,0.0,3.0124513e-22,0.0,0.0,1.7155762e-23
0.0,0.0,3.0104987e-22,0.0,0.0,3.5604093e-24
0.0,0.0,3.0085474000000003e-22,0.0,0.0,6.040255e-25
0.0,0.0,3.0065973000000004e-22,0.0,0.0,6.228022e-20
0.0,0.0,2.6569444000000003e-22,0.0,0.0,1.7002457e-20
0.0,0.0,2.5893335999999998e-20,0.0,0.0,3.1590537e-21
0.0,0.0,4.0848402e-20,0.0,0.0,5.6624693000000015e-22
0.0,0.0,3.609746e-20,0.0,0.0,8.612918e-23
0.0,0.0,3.6073595e-20,0.0,0.0,2.5276695e-23
0.0,0.0,2.2881754e-20,0.0,0.0,3.4529676e-24
0.0,0.0,1.685482e-20,0.0,0.0,5.3118495999999985e-25
0.0,0.0,1.6843675e-20,0.0,0.0,1.1475934e-25
0.0,0.0,1.14786254e-20,0.0,0.0,2.1066842e-26
0.0,0.0,1.0143585e-20,0.0,0.0,3.247569e-27
0.0,0.0,1.0136879e-20,0.0,0.0,5.3162480000000005e-28
0.0,0.0,4.340536e-21,0.0,0.0,7.4321030000000005e-22
0.0,0.0,3.835703e-21,0.0,0.0,2.0584023e-22
0.0,0.0,3.077636e-21,0.0,0.0,3.8538400000000003e-23
0.0,0.0,1.0721145e-21,0.0,0.0,6.8079114e-24
0.0,0.0,1.0714058e-21,0.0,0.0,1.2149462e-24
0.0,0.0,9.467941e-22,0.0,0.0,2.0468091e-25
0.0,0.0,9.461682e-22,0.0,0.0,2.444464e-26
0.0,0.0,9.455427e-22,0.0,0.0,6.6782006e-27
0.0,0.0,4.7180557e-22,0.0,0.0,1.1028548e-27
0.0,0.0,2.4713114000000003e-22,0.0,0.0,2.1787309e-28
0.0,0.0,2.4696776e-22,0.0,0.0,3.187523e-29
0.0,0.0,1.7277995000000002e-22,0.0,0.0,8.643874e-25
0.0,0.0,1.00276736e-22,0.0,0.0,1.9212151e-25
0.0,0.0,3.7308725e-23,0.0,0.0,3.069046e-26
0.0,0.0,9.034564e-24,0.0,0.0,5.9190237e-27
0.0,0.0,1.3464693e-23,0.0,0.0,1.4049511e-27
0.0,0.0,2.2290458e-24,0.0,0.0,3.2376305e-28
0.0,0.0,1.4113841999999999e-25,0.0,0.0,5.908060299999998e-29
0.0,0.0,5.887043e-26,0.0,0.0,1.454328e-27
0.0,0.0,2.2194993e-26,1e-45,0.0,6.788108e-28
0.0,0.0,1.5208989000000002e-26,0.0,0.0,1.3200520000000002e-28
0.0,0.0,1.1202555e-26,0.0,0.0,2.9630462e-29
0.0,0.0,8.2515174e-27,0.0,0.0,7.444126e-18
0.0,0.0,2.4706378e-27,0.0,0.0,2.4807666e-18
0.0,0.0,9.044307e-30,0.0,0.0,7.0366497e-19
0.0,0.0,1.6368432e-30,4.9913e-41,0.0,1.7453402e-19
0.0,0.0,8.1398865e-31,1.8222e-41,0.0,4.4294278e-20
0.0,0.0,4.047898e-31,3.503e-42,0.0,1.2005424e-20
0.0,0.0,1.1274293e-31,7.1e-43,0.0,9.304965e-12
0.0,0.0,6.9921384e-32,1.99e-43,0.0,3.6039468e-12
0.0,0.0,1.7589767e-32,4.6e-44,0.0,9.177345e-13
0.0,0.0,3.6386629e-34,1.1e-44,0.0,2.743227e-12
0.0,0.0,1.999433e-35,3e-45,0.0,1.8207055e-12
0.0,0.0,4.5285997e-35,4.7600000000000015e-43,0.0,4.9193863e-13
0.0,0.0,3.1560818e-35,5.41e-43,0.0,2.5669178e-09
0.0,0.0,1.4456718e-35,1.2800000000000002e-43,0.0,2.0773823e-09
0.0,0.0,1.0647735e-35,8.1791875e-24,0.0,5.2035454e-10
0.0,0.0,2.4090184e-35,2.3625077000000003e-24,0.0,1.8048103e-10
0.0,0.0,4.6908934e-35,2.4972514e-23,0.0,0.00928579
0.0,0.0,8.123118e-36,1.3569605000000001e-21,0.0,0.006468623
0.0,0.0,1.3066577e-33,3.2037426e-22,0.0,0.010427261
0.0,0.0,1.6598236e-33,9.639345e-23,0.0,0.025992347
0.0,0.0,2.930494e-31,3.1093372e-23,0.0,0.003943836
0.0,0.0,5.289966e-31,9.659337e-24,0.0,0.020390058
0.0,0.0,7.24922e-30,3.4851386e-23,0.0,0.0035611542
0.0,0.0,3.4495015e-27,6.3535665e-23,0.0,0.0055119353
0.0,0.0,6.5483837e-24,2.2114854e-23,0.0,0.024750812
0.0,0.0,2.4766974e-24,8.523460000000001e-24,0.0,0.016900208
0.0,0.0,9.70812e-25,7.138321999999999e-24,0.0,0.007769755
0.0,0.0,3.2951302e-25,2.755528e-24,0.0,0.03763475
0.0,0.0,1.2158559000000001e-21,4.4370898e-24,0.0,0.0032264804
0.0,0.0,3.5990659999999997e-20,6.1937004000000005e-24,0.0,0.0099993255
0.0,0.0,3.4483476e-20,1.7504088e-24,0.0,0.02976111
0.0,0.0,1.938851e-16,6.3855237000000005e-24,0.0,0.0041451985
0.0,0.0,9.063832e-16,1.8922768e-18,0.0,0.017972019
0.0,0.0,3.0948934e-15,1.438324e-17,0.0,0.009318882
0.0,0.0,1.962652e-15,3.8737406e-18,0.0,0.04824795
0.0,0.0,9.638546e-16,1.3384157e-18,0.0,0.008303921
0.0,0.0,1.7048204e-16,3.568705e-19,0.0,0.011598426
0.0,0.0,9.1038406e-17,3.8582407000000003e-17,0.0,0.010653932
0.0,0.0,5.0736110000000004e-17,1.5391009e-17,0.0,0.016327534
0.0,0.0,9.467353000000001e-18,4.892424e-18,0.0,0.027432803
0.0,0.0,4.5832820000000004e-18,6.090669399999999e-18,0.0,0.0035470647
0.0,0.0,1.2567425e-18,2.9387954000000004e-16,0.0,0.014397457
0.0,0.0,1.5120068000000002e-16,4.2343481e-16,0.0,0.027438246
0.0,0.0,1.9586671e-16,1.2779665e-16,0.0,0.013429181
0.0,0.0,5.6080938e-15,3.3561976e-11,0.0,0.0055467794
0.0,0.0,2.6468565e-14,1.0757367e-09,0.0,0.008541699
0.0,0.0,8.1874465e-13,3.554307e-10,0.0,0.013301682
0.0,0.0,4.0707008e-13,0.013841323,0.0,0.028205171
0.0,0.0,2.4147503e-13,0.017461725,0.0,0.0076581044
0.0,0.0,4.598793e-14,0.012169562,0.0,0.0077801906
0.0,0.0,1.1130815e-14,0.019390197,0.0,0.014263877
0.0,0.0,2.3556181e-15,0.0782927,0.0,0.034491207
0.0,0.0,1.4413129e-13,0.051471375,0.0,0.0060972855
0.0,0.0,8.093941e-14,0.017305957,0.0,0.017445905
0.0,0.0,6.4924594e-14,0.014412096,0.0,0.026955169
0.0,0.0,4.7810243e-14,0.014442849,0.0,0.0064534754
0.0,0.0,3.2572486e-14,0.016124507,0.0,0.014497367
0.0,0.0,1.7116495e-14,0.018554283,0.0,0.025339562
0.0,0.0,1.3729794e-14,0.009498142,0.0,0.0052427985
0.0,0.0,3.8896712e-14,0.014262169,0.0,0.021881405
0.0,0.0,1.5166365e-14,0.01513915,0.0,0.009124805
0.0,0.0,3.630032e-15,0.016243126,0.0,0.023228759
0.0,0.0,3.7826266e-12,0.015589995,0.0,0.0060983244
0.0,0.0,2.0916842e-12,0.008763063,0.0,0.007990993
0.0,0.0,2.683175e-10,0.013316838,0.0,0.037151333
0.0,0.0,6.0176564e-10,0.006465868,0.0,0.004358762
0.0,0.0,2.8388117e-10,1.3302682e-07,0.0,0.009360211
0.0,0.0,1.3946118e-10,0.0035075236,0.0,0.011400135
0.0,0.0,2.5163378e-11,0.006749944,0.0,0.015809806
0.0,0.0,1.029612e-11,0.00074870023,0.0,0.030833809
0.0,0.0,6.080645e-12,2.6732341e-05,0.0,0.0042088777
0.0,0.0,1.0682608e-12,4.861952e-09,0.0,0.0076387194
0.0,0.0,2.108942e-11,1.3127228e-09,0.0,0.027081626
0.0,0.0,7.362617e-12,3.534334e-10,0.0,0.0031726381
0.0,0.0,1.6325298e-12,7.5164324e-05,0.0,0.004325694
0.0,0.0,8.2669316e-11,2.30299e-05,0.0,0.007598309
0.0,0.0,3.9178744e-11,4.4207363e-06,0.0,0.005660602
0.0,0.0,1.364372e-11,1.0549666e-06,0.0,0.010318807
0.0,0.0,1.0046714e-11,2.4013463e-07,0.0,0.018983057
0.0,0.0,2.7229803e-12,6.6088816e-08,0.0,0.0063273637
0.0,0.0,2.0080235e-12,1.7106137e-08,0.0,0.011331018
0.0,0.0,4.9369515e-13,5.865095e-09,0.0,0.016760545
0.0,0.0,3.1305115e-13,7.7719675e-10,0.0,0.012464391
0.0,0.0,1.5945815e-13,1.8142549e-10,0.0,0.011629323
0.0,0.0,8.312089e-14,3.0676016e-08,0.0,0.01081296
0.0,0.0,3.8008686e-11,8.20448e-09,0.0,0.020707818
0.0,0.0,2.6878957e-10,1.8767163e-09,0.0,0.0044028675
0.0,0.0,1.429451e-10,5.3385674e-10,0.0,0.006145484
0.0,0.0,7.0932836e-11,1.2465444e-10,0.0,0.005783171
0.0,0.0,4.8322873e-11,6.311991e-05,0.0,0.0053733215
0.0,0.0,3.2919875e-11,6.830822e-05,0.0,0.008915511
0.0,0.0,1.7964701e-11,2.46029e-10,0.0,0.012599788
0.0,0.0,1.2238421e-11,3.8653143e-12,0.0,0.015173844
0.0,0.0,5.306486e-12,4.1361147e-07,0.0,0.013582577
0.0,0.0,4.153012e-12,3.866903e-07,0.0,0.022686834
0.0,0.0,1.3333703e-12,1.2516703e-07,0.0,0.005436709
0.0,0.0,6.212461e-13,3.1170938e-08,0.0,0.0112191895
0.0,0.0,3.684988e-13,7.828552e-09,0.0,0.014944938
0.0,0.0,2.0705658e-13,1.8333204e-09,0.0,0.010840597
0.0,0.0,8.345937e-14,4.679553e-10,0.0,0.018575046
0.0,0.0,6.6942166e-14,1.07521714e-10,0.0,0.008135125
0.0,0.0,1.6458345e-14,2.2559385e-11,0.0,0.012888419
0.0,0.0,7.0449543e-15,5.9753903e-12,0.0,0.03045922
0.0,0.0,3.5024205e-15,1.4925494e-12,0.0,0.0036282819
0.0,0.0,6.61187e-16,0.0039293803,0.0,0.00343136
0.0,0.0,1.1771666e-16,0.0021082764,0.0,0.0024869964
0.0,0.0,2.0508946e-15,0.00061094254,0.0,0.0027166458
0.0,0.0,1.6574788e-15,0.00015551013,0.0,0.0014446664
0.0,0.0,1.3294372e-15,2.4898936e-05,0.0,0.00036769419
0.0,0.0,9.789266e-16,7.0504298e-06,0.0,0.00067776407
0.0,0.0,8.6476733e-16,1.5085639e-06,0.0,0.00057848933
0.0,0.0,4.0793512e-16,3.49928e-07,0.0,0.00046299896
0.0,0.0,2.3430588e-16,8.386538e-08,0.0,0.0032023177
0.0,0.0,1.5397067000000002e-16,2.4819707e-08,0.0,0.010802724
0.0,0.0,5.5676164e-17,5.999465e-09,0.0,0.023005458
0.0,0.0,2.0940572e-17,1.1689886e-09,0.0,0.0039521786
0.0,0.0,1.0410552e-17,3.5772932e-10,0.0,0.0052884878
0.0,0.0,5.2270184e-18,9.205567e-11,0.0,0.00863571
0.0,0.0,1.4133985e-14,1.9090379e-11,0.0,0.010967301
0.0,0.0,1.9896128e-14,4.829146e-12,0.0,0.014871598
0.0,0.0,1.2615588e-14,1.2076908e-12,0.0,0.008064105
0.0,0.0,1.0033697e-12,7.958768e-08,0.0,0.023219215
0.0,0.0,5.830439e-13,1.3490485e-07,0.0,0.0064765895
0.0,0.0,2.0955118e-13,3.0232297e-08,0.0,0.010398067
0.0,0.0,1.2092278e-13,8.182454e-09,0.0,0.022094024
0.0,0.0,2.2013782e-14,2.6076528e-09,0.0,0.0056028767
0.0,0.0,1.1026328e-14,7.6851886e-10,0.0,0.01894812
0.0,0.0,9.740194e-15,1.8515636e-10,0.0,0.0046538617
0.0,0.0,6.1759336e-15,5.5726136e-11,0.0,0.013160166
0.0,0.0,6.1695076e-15,0.0047549186,0.0,0.015032581
0.0,0.0,4.948321e-15,0.0059508905,0.0,0.015254789
0.0,0.0,2.220779e-15,0.0028598204,0.0,0.014294991
0.0,0.0,1.8575608e-11,0.0013591056,0.0,0.021923596
0.0,0.0,1.2989267e-11,0.00028883488,0.0,0.011199711
0.0,0.0,5.760847e-12,5.8401172e-05,0.0,0.01836452
0.0,0.0,4.3980097e-12,1.43597445e-05,0.0,0.0075573386
0.0,0.0,1.5902642e-12,5.081819e-06,0.0,0.03250571
0.0,0.0,1.4047529e-12,1.4215383e-06,0.0,0.0068769897
0.0,0.0,5.502019e-13,3.3605278e-07,0.0,0.005438885
0.0,0.0,1.5325162e-13,3.2353955e-06,0.0,0.0055381716
0.0,0.0,5.541383e-14,1.223363e-06,0.0,0.009168962
0.0,0.0,1.8271927e-14,2.8946266e-07,0.0,0.033013977
0.0,0.0,7.653754e-15,8.976875e-08,0.0,0.0032807547
0.0,0.0,5.635577e-15,2.2928024e-08,0.0,0.0056596934
0.0,0.0,2.6813623e-13,6.47875e-09,0.0,0.016432121
0.0,0.0,5.220203e-13,1.7741131e-09,0.0,0.015443101
0.0,0.0,3.5560349e-13,4.3624973e-10,0.0,0.011563143
0.0,0.0,2.2547146e-13,1.2002124e-10,0.0,0.024615834
0.0,0.0,1.06355876e-13,2.7872342e-11,0.0,0.014382955
0.0,0.0,5.926277e-14,0.00045411813,0.0,0.026115865
0.0,0.0,2.0636392e-14,0.0009263787,0.0,0.008254401
0.0,0.0,1.3947066e-14,0.00022510206,0.0,0.013016068
0.0,0.0,2.9088674e-15,6.120888e-05,0.0,0.020067096
0.0,0.0,1.1901162e-15,1.5979298e-05,0.0,0.00857003
0.0,0.0,7.0588666e-16,4.0511754e-06,0.0,0.013905539
0.0,0.0,3.167911e-16,1.0495061e-06,0.0,0.018179756
0.0,0.0,7.596574000000001e-17,2.7901962e-07,0.0,0.010352871
0.0,0.0,2.0193383e-17,7.1134735e-08,0.0,0.050123833
0.0,0.0,9.975353e-18,8.0752025e-06,0.0,0.010921388
0.0,0.0,6.494847000000001e-18,6.4776555e-06,0.0,0.017427435
0.0,0.0,2.4060784e-18,1.7338426e-06,0.0,0.029265683
0.0,0.0,5.201177e-17,4.128374e-07,0.0,0.008346049
0.0,0.0,6.489673e-17,1.0672433e-07,0.0,0.0057812054
0.0,0.0,5.1442376e-17,2.872506e-08,0.0,0.013061526
0.0,0.0,2.1114341000000002e-17,5.9934804e-09,0.0,0.018779391
0.0,0.0,1.0967885e-17,1.9044006e-09,0.0,0.011917201
0.0,0.0,3.749353000000001e-17,5.476893e-10,0.0,0.023582827
0.0,0.0,1.9086463e-17,0.00029105414,0.0,0.003794553
0.0,0.0,6.224081e-18,0.00022049612,0.0,0.003593819
0.0,0.0,3.69159e-18,4.190622e-05,0.0,0.0038954767
0.0,0.0,2.5146917e-18,1.4804949e-05,0.0,0.009391498
0.0,0.0,2.5119777e-18,3.4868626e-06,0.0,0.025055692
0.0,0.0,3.6465514e-15,9.128054e-07,0.0,0.0035602744
0.0,0.0,8.2697256e-16,2.2341958e-07,0.0,0.0028619636
0.0,0.0,2.9901245e-16,4.1656627e-08,0.0,0.0125899855
0.0,0.0,1.1563041000000002e-16,6.225124e-05,0.0,0.01197259
0.0,0.0,1.40318555e-14,2.169104e-05,0.0,0.021893848
0.0,0.0,4.6220237e-12,6.4224787e-06,0.0,0.0040426846
0.0,0.0,5.3934574e-12,1.2842693e-06,0.0,0.0021097972
0.0,0.0,2.046809e-12,2.6047599e-07,0.0,0.00074532535
0.0,0.0,3.8388818e-13,7.203813e-08,0.0,0.00032135742
0.0,0.0,8.2234465e-14,1.6289665e-08,0.0,0.00018511844
0.0,0.0,5.9158736e-09,3.5467849e-09,0.0,0.0004826163
0.0,0.0,1.0780148e-09,7.8853724e-10,0.0,0.012078202
0.0,0.0,1.0083552e-10,1.7771634e-10,0.0,0.012241159
0.0,0.0,5.6183128e-11,3.5853955e-11,0.0,0.0075802966
0.0,0.0,2.6500118e-11,2.685944e-07,0.0,0.011009199
0.0,0.0,1.2499415e-11,8.694702e-08,0.0,0.018548513
0.0,0.0,2.9185868e-12,2.2454756e-08,0.0,0.005487477
0.0,0.0,6.211277e-13,4.00246e-09,0.0,0.0031346187
0.0,0.0,4.5731263e-13,7.6150136e-10,0.0,0.0010580975
0.0,0.0,3.3670186e-13,1.6060414e-10,0.0,0.00032478906
0.0,0.0,2.8285385e-13,5.3829646e-11,0.0,0.00011404538
0.0,0.0,1.8506408e-13,8.104713e-12,0.0,0.00593275
0.0,0.0,7.70968e-14,1.7284063e-12,0.0,0.006221933
0.0,0.0,2.072728e-09,4.068196e-13,0.0,0.0038979338
0.0,0.0,8.802579e-10,1.5424605e-13,0.0,0.0020960367
0.0,0.0,6.104557e-10,1.4305387e-14,0.0,0.0006857693
0.0,0.0,2.4714275e-10,2.871618e-15,0.0,0.0001477706
0.0,0.0,2.1829456e-10,7.28914e-16,0.0,1.855963e-05
0.0,0.0,1.7498035e-10,9.0517706e-17,0.0,5.597212e-06
0.0,0.0,6.327916e-11,2.7729756e-09,0.0,1.1805881e-06
0.0,0.0,1.7617687e-11,6.079697e-10,0.0,3.1513113e-07
0.0,0.0,1.4129103e-11,1.09416684e-10,0.0,6.0637475e-08
0.0,0.0,4.59566e-12,2.3043966e-11,0.0,1.6604742e-08
0.0,0.0,2.5827975e-12,5.090586e-12,0.0,1.5359848e-05
0.0,0.0,2.5798628e-12,6.3582315e-13,0.0,3.4200295e-06
0.0,0.0,2.0690088e-12,1.1867491e-13,0.0,5.8824526e-07
0.0,0.0,1.659312e-12,2.1334785e-14,0.0,1.0784609e-07
0.0,0.0,7.1016836e-13,1.2739202e-14,0.0,2.4509989e-08
0.0,0.0,2.0981113e-13,6.8066975e-16,0.0,4.7860755e-09
0.0,0.0,7.6910605e-14,1.179356e-16,0.0,7.4779627e-10
0.0,0.0,3.2916944e-14,1.1977178e-14,0.0,1.7247843e-10
0.0,0.0,1.9522388e-14,2.6784169e-15,0.0,3.103847e-11
0.0,0.0,4.825114e-15,1.3710229e-15,0.0,5.9095628e-12
0.0,0.0,4.2618937e-15,1.9671428e-16,0.0,8.929141e-13
0.0,0.0,4.2570512e-15,1.9047755999999998e-20,0.0,1.5714123e-13
0.0,0.0,3.760139e-15,3.324764e-21,0.0,3.1378366e-14
0.0,0.0,1.0938549e-15,5.845902600000001e-22,0.0,6.1705893e-15
0.0,0.0,5.494116e-16,5.577387e-18,0.0,1.071065e-15
0.0,0.0,4.760113400000001e-16,2.3525642e-23,0.0,7.128738e-07
0.0,0.0,1.7931114000000002e-16,6.247978999999999e-19,0.0,2.3116195e-07
0.0,0.0,6.526473000000001e-17,7.8413947e-25,0.0,3.951699e-08
0.0,0.0,5.764658000000001e-17,2.3488822e-19,0.0,8.744182e-09
0.0,0.0,7.48449e-16,7.2297285e-20,0.0,1.6502236e-09
0.0,0.0,4.83705e-15,4.7474012e-20,0.0,4.2131718e-10
0.0,0.0,4.831508e-15,2.1085368e-27,0.0,9.9864644e-11
0.0,0.0,3.874756e-15,3.0067182e-22,0.0,2.0740031e-11
0.0,0.0,3.4224358e-15,6.831241e-13,0.0,4.4138144e-12
0.0,0.0,3.0229172e-15,2.487578e-13,0.0,9.31116e-13
0.0,0.0,1.5881908e-15,3.0223555e-14,0.0,1.7219846e-13
0.0,0.0,1.5863713e-15,6.888438e-15,0.0,3.3960658e-14
0.0,0.0,1.4011859e-15,1.0674376e-15,0.0,6.6215636e-15
0.0,0.0,1.2376184e-15,1.6645371000000002e-16,0.0,1.1976951e-15
0.0,0.0,1.2362004e-15,3.3896244000000003e-17,0.0,2.6698656e-16
0.0,0.0,1.2347841e-15,4.981675e-18,0.0,4.356937e-17
0.0,0.0,1.2333694e-15,9.320776e-19,0.0,8.2334655e-18
0.0,0.0,1.2319564e-15,1.8775878e-19,0.0,2.0155488e-18
0.0,0.0,1.0881437e-15,6.1362345e-20,0.0,1.3684654e-18
0.0,0.0,4.451595e-16,9.0434485e-21,0.0,3.4506514e-19
0.0,0.0,4.4464947e-16,1.7697646e-21,0.0,1.5875907e-19
0.0,0.0,3.9274326000000005e-16,3.2107474000000003e-22,0.0,1.0203767e-19
0.0,0.0,2.3292607000000004e-16,5.7758004e-23,0.0,3.7121846e-20
0.0,0.0,1.157831e-16,1.018241e-23,0.0,6.8297913e-07
0.0,0.0,1.1565045e-16,1.8153101e-24,0.0,1.7292834e-07
0.0,0.0,9.625276e-17,3.1523367e-25,0.0,3.4801314e-08
0.0,0.0,6.863424000000001e-17,5.8782544e-26,0.0,6.209589e-09
0.0,0.0,6.855560400000001e-17,1.0462455e-26,0.0,1.0948659e-09
0.0,0.0,6.055276e-17,1.9538873e-27,0.0,1.8170335e-10
0.0,0.0,2.5915711e-17,3.6840902e-28,0.0,5.0420036e-11
0.0,0.0,2.2890437e-17,7.725912e-29,0.0,6.383302e-12
0.0,0.0,2.0218317e-17,3.2163033e-25,0.0,1.3379776e-12
0.0,0.0,2.0195155e-17,4.3934705e-30,0.0,2.0853775e-13
0.0,0.0,2.0172017e-17,8.284379e-31,0.0,3.855358e-14
0.0,0.0,7.023691e-18,1.8234024e-31,0.0,7.966629e-15
0.0,0.0,5.1995900000000015e-18,3.5598165000000004e-32,0.0,1.4080882e-15
0.0,0.0,2.3257149e-18,9.182468e-30,0.0,2.4411717000000003e-16
0.0,0.0,2.3230503e-18,1.0937626e-33,0.0,4.680684000000001e-17
0.0,0.0,2.3203889e-18,1.9178219e-34,0.0,6.867697e-18
0.0,0.0,2.3177305e-18,1.9031653e-29,0.0,1.371337e-18
0.0,0.0,2.315075e-18,6.0461283e-30,0.0,2.2707863e-19
0.0,0.0,2.3124227e-18,1.1707123e-36,0.0,3.7578024e-20
0.0,0.0,2.3097734e-18,2.0313485e-37,0.0,6.95884e-21
0.0,0.0,2.307127e-18,3.7265616e-38,0.0,1.2559932e-21
0.0,0.0,1.6986178e-18,6.647485e-39,0.0,2.3411955000000003e-22
0.0,0.0,1.6966717e-18,1.184668e-39,0.0,2.1076273e-08
0.0,0.0,1.2491710999999998e-18,2.4776788000000003e-32,0.0,9.276305e-09
0.0,0.0,1.24774e-18,1.5581609e-30,0.0,1.8411969e-09
0.0,0.0,1.2463105e-18,1.4422883e-30,0.0,2.7044686e-10
0.0,0.0,1.7708034000000002e-16,2.0948294e-31,0.0,4.19541e-11
0.0,0.0,5.277377400000001e-16,4.3052954e-32,0.0,7.1296007e-12
0.0,0.0,5.271285e-16,8.801242000000001e-33,0.0,1.3794099e-12
0.0,0.0,5.2651997e-16,1.5337743e-33,0.0,2.7170006e-13
0.0,0.0,1.90364e-16,2.665291e-34,0.0,4.2537612e-14
0.0,0.0,1.9014423e-16,4.6203638e-35,0.0,7.695619e-15
0.0,0.0,1.8992473e-16,8.032747e-36,0.0,1.3914794e-15
0.0,0.0,1.8970547e-16,1.4052591e-36,0.0,2.2147138000000003e-16
0.0,0.0,8.947666000000001e-17,2.5173139e-37,0.0,4.344173000000001e-17
0.0,0.0,6.693183e-17,4.4322154e-38,0.0,6.950458e-18
0.0,0.0,1.8823583e-17,4.5181862e-36,0.0,1.4402594e-18
0.0,0.0,1.5728125e-17,1.391426e-39,0.0,2.0209811e-19
0.0,0.0,1.5709968e-17,4.650425e-37,0.0,4.8983794e-20
0.0,0.0,7.1014895e-18,4.1973000000000005e-41,0.0,8.675045e-21
0.0,0.0,3.5016590000000004e-18,1.3727964e-37,0.0,6.7657896e-07
0.0,0.0,3.4976166e-18,1.32e-42,0.0,3.131231e-07
0.0,0.0,1.9487343e-18,1.8190302e-38,0.0,7.553545e-08
0.0,0.0,1.9464846e-18,7.788847e-39,0.0,1.8736957e-08
0.0,0.0,1.9442374e-18,1.484952e-39,0.0,4.4165858e-09
0.0,0.0,1.941993e-18,4.4611654e-28,0.0,1.0965477e-09
0.0,0.0,1.4297758999999998e-18,1.7523247e-28,0.0,2.1878548e-10
0.0,0.0,1.1466366e-18,2.6800708e-29,0.0,4.8608756e-11
0.0,0.0,1.0127749e-18,7.2997334e-30,0.0,1.1985752e-11
0.0,0.0,6.006459e-19,1.6485471e-30,0.0,3.121764e-12
0.0,0.0,3.2049925e-19,2.5770052e-31,0.0,8.3619147e-13
0.0,0.0,1.4196212e-19,5.899049e-32,0.0,1.8260798e-13
0.0,0.0,1.2538905e-19,1.2985095e-32,0.0,1.5669184e-09
0.0,0.0,1.0055819e-19,3.167031e-33,0.0,6.475638e-10
0.0,0.0,1.004421e-19,8.031852e-34,0.0,2.2583449e-10
0.0,0.0,8.0551494e-20,2.3129233e-34,0.0,6.383688e-11
0.0,0.0,7.114768e-20,4.5122054e-35,0.0,1.9615556e-11
0.0,0.0,2.8596918e-19,1.1476510000000001e-18,0.0,7.2683686e-12
0.0,0.0,9.542359e-20,1.1206032999999998e-18,0.0,0.0061333645
0.0,0.0,5.3165822e-20,2.4698178e-19,0.0,0.0032521992
0.0,0.0,5.3104003e-20,7.393442e-20,0.0,0.006267445
0.0,0.0,9.196464e-21,2.2161862e-20,0.0,0.026129486
0.0,0.0,3.9358873e-21,5.9997e-21,0.0,0.0032639485
0.0,0.0,3.510768e-21,1.6822316000000004e-21,0.0,0.019448906
0.0,0.0,7.811329e-22,4.580317e-22,0.0,0.005176576
0.0,0.0,2.3233058e-21,1.443189e-19,0.0,0.013509509
0.0,0.0,1.2611799000000001e-21,9.504236e-20,0.0,0.037740137
0.0,0.0,3.3841022000000004e-22,2.3000566e-20,0.0,0.0055776173
0.0,0.0,3.0733712e-23,6.472741200000001e-21,0.0,0.013650907
0.0,0.0,1.2649736e-22,4.326611e-13,0.0,0.03257211
0.0,0.0,3.0367775e-23,2.7416443e-13,0.0,0.0089584645
0.0,0.0,5.6253364e-17,9.877119e-14,0.0,0.05138988
0.0,0.0,1.193414e-16,3.3291187e-14,0.0,0.0063018934
0.0,0.0,4.155012e-17,1.03044506e-14,0.0,0.029942043
0.0,0.0,1.9596147e-17,3.7219424e-15,0.0,0.003829486
0.0,0.0,1.5714369e-17,1.05540495e-13,0.0,0.017480733
0.0,0.0,3.3744834e-14,0.0026784586,0.0,0.013352413
0.0,0.0,4.0130273e-14,0.007181762,0.0,0.035514683
0.0,0.0,1.599928e-14,0.009328358,0.0,0.00790786
0.0,0.0,7.780335e-15,0.016059263,0.0,0.01717672
0.0,0.0,3.6499543e-15,0.049170326,0.0,0.09300939
0.0,0.0,2.7077293e-15,0.0061790645,0.0,0.040563986
0.0,0.0,1.7598937e-14,0.006695,0.0,0.01463511
0.0,0.0,3.3820639e-15,0.00994707,0.0,0.04167997
0.0,0.0,9.628382e-09,0.01223269,0.0,0.0056929267
0.0,0.0,1.3460654e-08,0.028464247,0.0,0.017355911
0.0,0.0,1.3443758e-08,0.011866734,0.0,0.045467734
0.0,0.0,1.1873097e-08,0.013861059,0.0,0.011937404
0.0,0.0,9.11183e-09,0.00015396718,0.0,0.01666313
0.0,0.0,1.7099795e-09,2.6985002e-05,0.0,0.019505417
0.0,0.0,3.6685935e-10,8.074487e-06,0.0,0.025794288
0.0,0.0,6.600585e-11,7.880473e-06,0.0,0.009178856
0.0,0.0,6.5922996e-11,0.001993952,0.0,0.013113374
0.0,0.0,4.4898484e-11,0.017713329,0.0,0.06071943
0.0,0.0,2.5013144e-11,0.029590495,0.0,0.049044743
0.0,0.0,2.4981748e-11,0.007743506,0.0,0.012380076
0.0,0.0,2.495039e-11,0.017618444,0.0,0.047361676
0.0,0.0,1.135639e-11,0.009676035,0.0,0.0069893906
0.0,0.0,4.6232627e-12,0.005528021,0.0,0.01294466
0.0,0.0,1.5228194e-07,0.0068389405,0.0,0.027036125
0.0,0.0,6.9586164e-08,0.006134682,0.0,0.0062242816
0.0,0.0,1.2184627e-08,0.0070412033,0.0,0.010902331
0.0,0.0,2.8156646e-09,0.0029718862,0.0,0.009527804
0.0,0.0,2.4866638e-09,0.0014210264,0.0,0.024888799
0.0,0.0,1.8305703e-09,0.005412062,0.0,0.023720682
0.0,0.0,1.4678889e-09,0.00832792,0.0,0.013480996
0.0,0.0,1.4660222e-09,0.0057277526,0.0,0.021354247
0.0,0.0,1.4641578e-09,0.0046895873,0.0,0.005599402
0.0,0.0,1.4622957e-09,0.0025929,0.0,0.00615907
0.0,0.0,8.965483e-10,0.00092397013,0.0,0.009879867
0.0,0.0,6.617459e-10,0.00022397847,0.0,0.014609754
0.0,0.0,2.5531033e-10,4.0609186e-05,0.0,0.006618762
0.0,0.0,1.8536887e-10,9.389173e-06,0.0,0.01647071
0.0,0.0,1.6370916e-10,2.9689645e-06,0.0,0.0118709225
0.0,0.0,1.6350096e-10,7.3085397e-07,0.0,0.022807812
0.0,0.0,4.7636288e-08,1.9187603e-07,0.0,0.0076305447
0.0,0.0,9.7574135e-09,4.2322107e-08,0.0,0.012041042
0.0,0.0,7.389908e-09,0.0019192662,0.0,0.015765779
0.0,0.0,3.363496e-09,0.004315583,0.0,0.01298525
0.0,0.0,2.2284772e-09,0.001766165,0.0,0.0141370045
0.0,0.0,1.0348699e-05,0.005181717,0.0,0.03327053
0.0,0.0,1.2906958e-05,0.0030896638,0.0,0.010574265
0.0,0.0,3.5447488e-06,0.006328029,0.0,0.013172819
0.0,0.0,6.5955766e-07,0.0032068915,0.0,0.023755848
0.0,0.0,4.118247e-07,0.00767387,0.0,0.01789396
0.0,0.0,4.1129346e-07,0.009670859,0.0,0.034989916
0.0,0.0,2.2912553e-07,0.01907923,0.0,0.010425625
0.0,0.0,2.0234931e-07,0.01111757,0.0,0.013692408
0.0,0.0,4.419522e-08,0.006823872,0.0,0.013134745
0.0,0.0,3.543841e-08,0.0076982602,0.0,0.02045659
0.0,0.0,2.2464711e-08,0.0028236813,0.0,0.0044338396
0.0,0.0,1.8013568e-08,0.000711658,0.0,0.0028001203
0.0,0.0,9.409791e-09,0.000117177486,0.0,0.0015730702
0.0,0.0,2.2202518e-09,3.420569e-05,0.0,0.0016453578
0.0,0.0,2.322775e-06,8.369307e-06,0.0,0.00096434867
0.0,0.0,1.7579687e-05,1.710552e-06,0.0,0.0012005847
0.0,0.0,1.0436679e-05,5.1649226e-07,0.0,0.001534458
0.0,0.0,1.0423114e-05,1.3879031e-07,0.0,0.010955435
0.0,0.0,8.357818e-06,3.6288373e-08,0.0,0.023480238
0.0,0.0,4.6560117e-06,1.0018135e-08,0.0,0.008564874
0.0,0.0,3.4274558e-06,2.510854e-09,0.0,0.02398465
0.0,0.0,2.1726771e-06,6.856973e-10,0.0,0.015644353
0.0,0.0,1.1911475e-06,2.1852137e-10,0.0,0.015074634
0.0,0.0,4.1880085e-07,3.5180085e-11,0.0,0.015061571
0.0,0.0,3.69855e-07,8.301599e-12,0.0,0.020991592
0.0,0.0,1.5381349e-07,2.192436e-12,0.0,0.006533846
0.0,0.0,3.9257728e-08,4.454137e-13,0.0,0.014215822
0.0,0.0,1.2734547e-08,0.003836555,0.0,0.022191545
0.0,0.0,6.36718e-09,0.006315376,0.0,0.010660853
0.0,0.0,3.7488306e-09,0.0039086617,0.0,0.019075809
0.0,0.0,2.2229933e-09,0.0061998903,0.0,0.009577543
0.0,0.0,2.2201039e-09,0.003593252,0.0,0.007947646
0.0,0.0,9.348872e-10,0.003302115,0.0,0.0083736675
0.0,0.0,7.496419e-10,0.0016579367,0.0,0.011340669
0.0,0.0,6.6203015e-10,0.0030780816,0.0,0.0106131425
0.0,0.0,6.611697e-10,0.0021666228,0.0,0.006805416
0.0,0.0,6.6031025e-10,0.0005329752,0.0,0.010728169
0.0,0.0,3.6784537e-10,8.321462e-05,0.0,0.008678347
0.0,0.0,3.2485475e-10,1.4609319e-05,0.0,0.003049144
0.0,0.0,2.868885e-10,2.926298e-06,0.0,0.003708312
0.0,0.0,1.3529444e-10,8.221445e-07,0.0,0.003438176
0.0,0.0,1.194824e-10,1.9007192e-07,0.0,0.0071861716
0.0,0.0,5.155053e-11,4.4193293e-08,0.0,0.0103198355
0.0,0.0,2.8354612e-11,8.567888e-09,0.0,0.00937135
0.0,0.0,2.5040768e-11,2.2492646e-09,0.0,0.01985656
0.0,0.0,1.433246e-11,5.766693e-10,0.0,0.008644677
0.0,0.0,1.0550617e-11,1.5913096e-10,0.0,0.040053315
0.0,0.0,5.2437017e-12,4.143242e-11,0.0,0.010667023
0.0,0.0,1.9716644e-12,9.024136e-12,0.0,0.012842073
0.0,0.0,1.7412331e-12,2.1746958e-12,0.0,0.021934489
0.0,0.0,1.5377327e-12,5.1479545e-13,0.0,0.011428626
0.0,0.0,7.642598e-13,1.0683786e-13,0.0,0.008824327
0.0,0.0,6.7493965e-13,2.9714302e-14,0.0,0.013486118
0.0,0.0,6.7406237e-13,6.1282597e-15,0.0,0.01115943
0.0,0.0,6.731862e-13,1.3747368e-15,0.0,0.013711053
0.0,0.0,4.9764007e-13,0.0035913107,0.0,0.011378484
0.0,0.0,1.249948e-13,0.0016281425,0.0,0.0300919
0.0,0.0,1.2483233e-13,0.00086166133,0.0,0.0049422104
0.0,0.0,7.402346e-14,0.00022330237,0.0,0.0121784145
0.0,0.0,2.9002198e-14,6.0628616e-05,0.0,0.01723892
0.0,0.0,1.4461361e-14,1.3963267e-05,0.0,0.013264957
0.0,0.0,1.05934514e-14,2.8233515e-06,0.0,0.020495199
0.0,0.0,7.798205e-15,6.663599e-07,0.0,0.0068161525
0.0,0.0,6.2530115e-15,2.1733116e-07,0.0,0.014250775
0.0,0.0,4.603057e-15,5.181884e-08,0.0,0.017388461
0.0,0.0,2.4179972e-15,1.5684702e-08,0.0,0.016131563
0.0,0.0,1.9388777e-15,3.4054082e-09,0.0,0.016736772
0.0,0.0,3.5972134e-10,8.671173e-10,0.0,0.014484956
0.0,0.0,3.8324105e-10,2.0701674e-10,0.0,0.015796179
0.0,0.0,2.610016e-10,4.7740298e-11,0.0,0.025083125
0.0,0.0,2.0928284e-10,1.40726415e-11,0.0,0.007146077
0.0,0.0,1.5405882e-10,0.00013587723,0.0,0.025544733
0.0,0.0,6.592419e-11,0.012684545,0.0,0.008230105
0.0,0.0,6.583786e-11,0.01056718,0.0,0.017682837
0.0,0.0,5.1490555e-11,0.015738608,0.0,0.025643604
0.0,0.0,9.713567e-12,0.015366076,0.0,0.008442442
0.0,0.0,1.7316425e-12,0.010525578,0.0,0.019290721
0.0,0.0,5.806289e-13,0.018255739,0.0,0.017214866
0.0,0.0,2.4442622e-13,0.017499734,0.0,0.034666553
0.0,0.0,1.1214546e-11,0.012555769,0.0,0.009761307
0.0,0.0,1.4453704e-11,0.0074963095,0.0,0.014711125
0.0,0.0,9.843429e-12,0.008959372,0.0,0.025393944
0.0,0.0,7.245952e-12,0.006400252,0.0,0.005257631
0.0,0.0,4.9347223e-12,0.0062003806,0.0,0.017741567
0.0,0.0,1.7838656e-12,0.007413135,0.0,0.014188665
0.0,0.0,1.03782686e-11,0.006353291,0.0,0.018451326
0.0,0.0,2.5530321e-11,0.00533626,0.0,0.025414215
0.0,0.0,6.6215813e-12,0.0024618732,0.0,0.008676513
0.0,0.0,1.8357786e-10,0.0073129735,0.0,0.0134015465
0.0,0.0,3.8546293e-08,0.007653107,0.0,0.022700898
0.0,0.0,2.9747525e-07,0.02335403,0.0,0.008940269
0.0,0.0,7.476034e-08,0.018859833,0.0,0.0329497
0.0,0.0,3.2786357e-08,0.010458339,0.0,0.0065289526
0.0,0.0,2.8953318e-08,0.025921866,0.0,0.019998912
0.0,0.0,8.990446e-09,0.0129296,0.0,0.01345723
0.0,0.0,3.1677243e-09,0.010695475,0.0,0.024084466
0.0,0.0,1.4938103e-09,0.012605199,0.0,0.007248103
0.0,0.0,1.0995976e-09,0.0148541955,0.0,0.014618231
0.0,0.0,8.094167e-10,0.0072668577,0.0,0.011528487
0.0,0.0,4.2116338e-10,0.0030090143,0.0,0.011967254
0.0,0.0,1.7542566e-10,0.00089388137,0.0,0.016479818
0.0,0.0,1.5491672e-10,0.00017397251,0.0,0.0043509086
0.0,0.0,1.277556e-10,4.5834393e-05,0.0,0.007094353
0.0,0.0,6.850744e-11,1.11148875e-05,0.0,0.010741728
0.0,0.0,3.9338362e-11,3.0434244e-06,0.0,0.011340076
0.0,0.0,2.1089235e-11,5.4337903e-07,0.0,0.01156618
0.0,0.0,1.3367936e-11,1.07406166e-07,0.0,0.016726345
0.0,0.0,1.33499834e-11,2.6973279e-08,0.0,0.008174041
0.0,0.0,1.1789242e-11,7.305707e-09,0.0,0.025483022
0.0,0.0,9.945015e-06,2.2991689e-09,0.0,0.003742939
0.0,0.0,8.822335e-06,3.4968017e-10,0.0,0.0064110085
0.0,0.0,7.790856e-06,9.519063e-11,0.0,0.010437626
0.0,0.0,4.6196387e-06,2.2161028e-11,0.0,0.01895821
0.0,0.0,3.5541123e-06,0.0026465289,0.0,0.0038315079
0.0,0.0,2.4131355e-06,0.0011291153,0.0,0.0041111475
0.0,0.0,1.9348797e-06,0.002748774,0.0,0.0031479024
0.0,0.0,1.3312355e-06,0.0010338473,0.0,0.0052724914
0.0,0.0,9.692507e-07,0.0002085116,0.0,0.0075218715
0.0,0.0,6.6006874e-07,4.2123334e-05,0.0,0.0058824704
0.0,0.0,5.828953e-07,8.20876e-06,0.0,0.0038970467
0.0,0.0,4.6737202e-07,1.6733841e-06,0.0,0.0027709994
0.0,0.0,4.667403e-07,3.7898488e-07,0.0,0.0023319544
0.0,0.0,3.4356583e-07,6.765988e-08,0.0,0.0006744024
0.0,0.0,2.5289754e-07,1.331296e-08,0.0,0.00016976133
0.0,0.0,2.0277608e-07,2.3901003e-09,0.0,3.8250182e-05
0.0,0.0,2.02502e-07,1.0129864e-08,0.0,8.915358e-06
0.0,0.0,2.0222829e-07,2.9668084e-09,0.0,1.4560442e-06
0.0,0.0,1.7858432e-07,1.5219532e-11,0.0,3.5633587e-07
0.0,0.0,1.7834294e-07,2.82518e-12,0.0,7.237272e-07
0.0,0.0,1.4299737e-07,3.1307468e-10,0.0,7.025236e-05
0.0,0.0,5.3765145e-08,9.580356e-11,0.0,0.00041782355
0.0,0.0,1.4567111e-08,1.861474e-14,0.0,0.00047397343
0.0,0.0,1.4547421e-08,3.5823615e-15,0.0,0.00026453903
0.0,0.0,1.1664285e-08,3.648405e-12,0.0,0.00067142054
0.0,0.0,9.352553e-09,1.119117e-16,0.0,0.0010112764
0.0,0.0,7.498981e-09,7.340145e-13,0.0,0.0009972551
0.0,0.0,3.3197023e-09,3.4594598e-18,0.0,0.0006546113
0.0,0.0,9.869028e-10,1.4847112e-15,0.0,0.000598604
0.0,0.0,8.7151686e-10,7.695644e-14,0.0,0.00079520396
0.0,0.0,8.703389e-10,1.4506918e-14,0.0,0.0006441238
0.0,0.0,7.6858125e-10,7.300502e-15,0.0,0.00040933333
0.0,0.0,3.448278e-10,2.5409523e-15,0.0,0.00043083378
0.0,0.0,3.0451147e-10,6.4502417e-16,0.0,0.00030065252
0.0,0.0,1.0600622e-10,2.5339655e-16,0.0,0.00035592826
0.0,0.0,1.05862936e-10,4.1141607e-06,0.0,0.00018587885
0.0,0.0,4.9921574e-11,3.0405113e-06,0.0,0.0001047835
0.0,0.0,3.2553557e-11,7.8775844e-07,0.0,3.5009285e-05
0.0,0.0,2.3201826e-11,2.1173493e-07,0.0,1.2073639e-05
0.0,0.0,2.3170466e-11,7.0444635e-08,0.0,2.3963798e-06
0.0,0.0,2.3139149e-11,1.0929665e-08,0.0,4.9641284e-07
0.0,0.0,2.3107873e-11,2.8161753e-09,0.0,8.880482e-08
0.0,0.0,1.6455184e-11,9.793255e-10,0.0,1.8215074e-08
0.0,0.0,1.07388855e-11,1.030818e-08,0.0,3.031365e-09
0.0,0.0,1.0724371e-11,6.7913724e-08,0.0,2.0947355e-09
0.0,0.0,9.470507e-12,3.812497e-08,0.0,8.888499e-10
0.0,0.0,2.7169727e-12,2.8551717e-08,0.0,5.931118e-10
0.0,0.0,5.2129015e-13,3.2944797e-08,0.0,5.1061805e-10
0.0,0.0,2.8414703e-13,2.1713557e-08,0.0,5.016023e-10
0.0,0.0,2.1025092e-13,1.46229615e-08,0.0,2.9106503e-10
0.0,0.0,6.2702475e-14,1.4148892e-08,0.0,2.6431385e-10
0.0,0.0,1.2545433e-14,2.9725011e-09,0.0,5.327387e-10
0.0,0.0,4.5417835e-15,5.912159e-10,0.0,2.2036757e-10
0.0,0.0,3.3088785e-15,1.04023144e-10,0.0,1.5633356e-10
0.0,0.0,5.208302e-12,1.880722e-11,0.0,1.6208314e-10
0.0,0.0,5.430153e-12,3.3187626e-12,0.0,9.4033684e-11
0.0,0.0,5.422766e-12,2.4099423e-12,0.0,1.8991617e-06
0.0,0.0,5.415389e-12,8.816647e-13,0.0,2.2710814e-05
0.0,0.0,3.4326194e-12,6.9405966e-13,0.0,1.5584814e-05
0.0,0.0,3.4279498e-12,1.5937779e-13,0.0,1.9023442e-05
0.0,0.0,3.027137e-12,2.4353712e-14,0.0,2.0245077e-05
0.0,0.0,2.6731891e-12,3.2363655e-14,0.0,2.3063645e-05
0.0,0.0,8.97601e-13,3.4051982e-17,0.0,5.6252825e-06
0.0,0.0,8.9638e-13,5.9878894e-14,0.0,1.3530295e-06
0.0,0.0,2.267528e-11,1.3686385e-14,0.0,3.373498e-07
0.0,0.0,5.9810545e-11,2.0041395e-19,0.0,7.694766e-08
0.0,0.0,5.972865e-11,4.3669589999999997e-20,0.0,1.6267068e-08
0.0,0.0,5.964687e-11,8.911176e-21,0.0,4.0376937e-09
0.0,0.0,5.956519e-11,2.7087164e-21,0.0,8.353361e-10
0.0,0.0,5.948363e-11,1.2419521e-21,0.0,2.1180128e-10
0.0,0.0,3.527034e-11,1.1503725e-19,0.0,4.8703503e-11
0.0,0.0,3.5222048e-11,8.186204e-24,0.0,9.06546e-12
0.0,0.0,3.517382e-11,1.8462493e-24,0.0,2.241006e-12
0.0,0.0,3.5125656e-11,3.806264e-25,0.0,6.7735124e-13
0.0,0.0,3.507756e-11,6.7027755e-26,0.0,2.5666185e-13
0.0,0.0,3.502953e-11,1.3907045e-26,0.0,8.814802e-14
0.0,0.0,3.4981566e-11,3.0298154e-27,0.0,3.1289576e-13
0.0,0.0,3.4933667e-11,6.000453e-28,0.0,1.4019536e-13
0.0,0.0,3.4885834e-11,1.1410008e-28,0.0,1.3732054e-08
0.0,0.0,3.4838066e-11,3.603151e-29,0.0,2.7068825e-09
0.0,0.0,3.4790365e-11,5.4166193e-30,0.0,4.7311116e-10
0.0,0.0,3.4742726e-11,5.8478324e-31,0.0,8.672172e-11
0.0,0.0,3.4695153e-11,1.5002546e-31,0.0,1.4651837e-11
0.0,0.0,3.464765e-11,2.8981666e-32,0.0,2.4683892e-12
0.0,0.0,3.4600208e-11,9.563854e-33,0.0,5.085087e-13
0.0,0.0,1.8174311e-11,2.5608637e-33,0.0,8.318996e-14
0.0,0.0,1.8149425e-11,2.3244218e-34,0.0,1.522811e-14
0.0,0.0,1.8124575e-11,2.2943776e-35,0.0,2.5856784e-15
0.0,0.0,1.8099758e-11,3.7378037e-36,0.0,4.5675897e-16
0.0,0.0,8.995032e-12,6.8943176e-37,0.0,7.708820400000001e-17
0.0,0.0,1.0800501e-08,1.2467039e-37,0.0,1.4600621e-17
0.0,0.0,1.8109805e-07,2.8345378000000003e-38,0.0,2.1818706e-18
0.0,0.0,1.3585614e-07,5.910485e-39,0.0,4.331958e-19
0.0,0.0,1.1334426e-07,1.04709e-39,0.0,8.1850943e-20
0.0,0.0,1.0752924e-07,2.30062e-40,0.0,1.407712e-20
0.0,0.0,5.964365e-08,3.1993e-41,0.0,2.1815556e-21
0.0,0.0,4.767585e-08,8.022000000000001e-42,0.0,5.273833e-22
0.0,0.0,4.7610047e-08,1.759e-42,0.0,1.5551594000000002e-22
0.0,0.0,2.6122875e-08,3.8012575e-09,0.0,2.261043e-23
0.0,0.0,2.6086816e-08,3.373494e-09,0.0,4.005074e-06
0.0,0.0,1.3702366e-08,3.7538377e-09,0.0,3.2960008e-05
0.0,0.0,1.3683453e-08,8.510551e-09,0.0,4.8551075e-05
0.0,0.0,1.2493181e-08,7.4524795e-09,0.0,4.812182e-05
0.0,0.0,1.1927339e-08,8.973539e-09,0.0,4.1685285e-05
0.0,0.0,3.717369e-09,1.1536691e-08,0.0,4.500587e-05
0.0,0.0,1.606073e-09,2.8473922e-08,0.0,4.539592e-05
0.0,0.0,7.2055195e-10,7.1146107e-09,0.0,5.1599538e-05
0.0,0.0,3.5808856e-10,1.684622e-09,0.0,5.943281e-05
0.0,0.0,2.8711114e-10,3.8964498e-10,0.0,6.813163e-05
0.0,0.0,1.4268398e-10,8.340029e-11,0.0,6.307116e-05
0.0,0.0,1.4248704e-10,2.257791e-11,0.0,7.2116614e-05
0.0,0.0,1.2582423e-10,4.404115e-12,0.0,6.315702e-05
0.0,0.0,1.2565055e-10,1.5926825e-12,0.0,6.547618e-05
0.0,0.0,9.248824e-11,2.418785e-13,0.0,6.975054e-05
0.0,0.0,6.368022e-11,5.936573e-14,0.0,8.12416e-05
0.0,0.0,4.7070594e-11,1.35478575e-14,0.0,7.7493685e-05
0.0,0.0,2.6494681e-11,4.8491206e-14,0.0,7.41569e-05
0.0,0.0,8.961809e-12,3.9965962e-15,0.0,7.457018e-05
0.0,0.0,7.341041e-12,2.254638e-16,0.0,9.9279925e-05
0.0,0.0,7.330908e-12,2.6826918e-15,0.0,0.00012875118
0.0,0.0,2.0624273e-12,4.2576556e-16,0.0,0.00011968331
0.0,0.0,1.5984935e-12,1.8692064e-16,0.0,0.0001108454
0.0,0.0,7.683336e-13,1.4913016999999998e-18,0.0,7.553209e-05
0.0,0.0,5.091721e-13,0.00020125668,0.0,6.6581146e-05
0.0,0.0,2.836265e-13,0.0017488594,0.0,0.00010423536
0.0,0.0,2.5045848e-13,0.004529712,0.0,0.00035349015
0.0,0.0,1.1340845e-13,0.0037869865,0.0,0.0002833101
0.0,0.0,8.3477137e-14,0.0069862683,0.0,0.00064312556
0.0,0.0,6.531962e-14,0.007443816,0.0,0.0021266798
0.0,0.0,5.5464283e-14,0.009557083,0.0,0.00066047476
0.0,0.0,1.0592585e-14,0.01646033,0.0,0.00020190467
0.0,0.0,3.1408606e-15,0.019829512,0.0,0.011969637
0.0,0.0,8.7665994e-16,0.0258522,0.0,0.009760596
0.0,0.0,5.9699613e-16,0.013614418,0.0,0.040099178
0.0,0.0,3.539801e-16,0.02524807,0.0,0.0489906
0.0,0.0,1.07276643e-16,0.023981925,0.0,0.027762564
0.0,0.0,4.048667e-17,0.01877949,0.0,0.011041598
0.0,0.0,4.0430785e-17,0.032066934,0.0,0.01217767
0.0,0.0,3.5702703000000003e-17,0.006248467,0.0,0.036148183
0.0,0.0,2.2630199e-17,0.006013675,0.0,0.0076560928
0.0,0.0,1.1886742e-17,0.009217304,0.0,0.02280822
0.0,0.0,1.0098815000000001e-17,0.015279076,0.0,0.053115536
0.0,0.0,7.079563e-18,0.028611973,0.0,0.029032005
0.0,0.0,5.67631e-18,0.0050261733,0.0,0.013678154
0.0,0.0,1.9557315e-18,0.004347878,0.0,0.041490804
0.0,0.0,3.8329727e-19,0.009171256,0.0,0.00499479
0.0,0.0,1.7699869999999997e-19,0.028800195,0.0,0.021650173
0.0,0.0,8.873345999999999e-20,0.00992857,0.0,0.014095378
0.0,0.0,1.1408265e-16,0.017999563,0.0,0.05417948
0.0,0.0,4.2114936e-16,0.01889876,0.0,0.014056818
0.0,0.0,3.0999553e-16,0.018712904,0.0,0.029602341
0.0,0.0,2.4854909000000003e-16,0.0320498,0.0,0.014645362
0.0,0.0,1.5754209e-16,0.005017179,0.0,0.024775783
0.0,0.0,8.775583000000001e-17,0.0029662692,0.0,0.005024441
0.0,0.0,7.749293e-17,0.0038992267,0.0,0.012164375
0.0,0.0,6.843025e-17,0.0014374413,0.0,0.018158868
0.0,0.0,2.2037895e-17,0.00045670493,0.0,0.011019092
0.0,0.0,4.883647e-16,0.00014532152,0.0,0.04983279
0.0,0.0,4.3983617e-15,4.0689534e-05,0.0,0.008712562
0.0,0.0,3.6334893e-15,0.0075805807,0.0,0.02050351
0.0,0.0,3.0545232e-15,0.01766147,0.0,0.013920136
0.0,0.0,6.553856e-16,0.032200363,0.0,0.03977427
0.0,0.0,2.5415869e-11,0.007812351,0.0,0.007703976
0.0,0.0,1.010123e-11,0.006832541,0.0,0.015011954
0.0,0.0,7.212934e-12,0.012166817,0.0,0.023722185
0.0,0.0,1.08562e-10,0.015200533,0.0,0.005379972
0.0,0.0,1.1428508e-10,0.009264217,0.0,0.01363317
0.0,0.0,5.837612e-11,0.01954379,0.0,0.023334248
0.0,0.0,3.3031206e-11,0.018511944,0.0,0.009331238
0.0,0.0,2.249306e-11,0.013347643,0.0,0.020100564
0.0,0.0,1.9861918e-11,0.023704063,0.0,0.013878807
0.0,0.0,9.870293e-12,0.008327661,0.0,0.012011549
0.0,0.0,3.974308e-12,0.008939189,0.0,0.02724918
0.0,0.0,0.001836614,0.0076204473,0.0,0.006360196
0.0,0.0,0.0026404336,0.013185835,0.0,0.018002624
0.0,0.0,0.0013495812,0.0043604327,0.0,0.0061813043
0.0,0.0,0.0015824098,0.0052703433,0.0,0.008045167
0.0,0.0,0.0015801482,0.0031494163,0.0,0.018023618
0.0,0.0,0.0027775003,0.005082713,0.0,0.0121019045
0.0,0.0,0.0027735308,0.0032239147,0.0,0.02206842
0.0,0.0,0.0027695666,0.004289797,0.0,0.013713796
0.0,0.0,0.0027656083,0.002958627,0.0,0.024190266
0.0,0.0,0.0027616557,0.0012001136,0.0,0.0056978734
0.0,0.0,0.005532094,0.006139577,0.0,0.0147990715
0.0,0.0,0.0045688855,0.0044763265,0.0,0.01603668
0.0,0.0,0.0024140158,0.0027999708,0.0,0.015908843
0.0,0.0,0.0006413038,0.008087895,0.0,0.024141446
0.0,0.0,0.00027474435,0.006738684,0.0,0.008535451
0.0,0.0,0.00027435165,0.0043159635,0.0,0.01632438
0.0,0.0,0.00020195215,0.012468396,0.0,0.031129599
0.0,0.0,0.00013753472,0.008972022,0.0,0.007079553
0.0,0.0,0.00011027103,0.0029610908,0.0,0.0061241994
0.0,0.0,5.3034393e-05,0.0027641319,0.0,0.016964506
0.0,0.0,1.3505001e-05,0.0015424822,0.0,0.013012262
0.0,0.0,3.4705624e-06,0.0068563516,0.0,0.020264935
0.0,0.0,1.1333162e-06,0.005792848,0.0,0.014015159
0.0,0.0,6.297299e-07,0.009259434,0.0,0.020319493
0.0,0.0,2.5673916e-07,0.005784837,0.0,0.012047337
0.0,0.0,9.869953e-08,0.006840482,0.0,0.020143017
0.0,0.0,9.8558445e-08,0.0024893156,0.0,0.006891851
0.0,0.0,2.9370582e-08,0.0055520516,0.0,0.017187485
0.0,0.0,5.9603416e-09,0.0049429093,0.0,0.019363606
0.0,0.0,3.5339236e-09,0.008447915,0.0,0.016412478
0.0,0.0,3.528872e-09,0.0065167868,0.0,0.015282777
0.0,0.0,3.523828e-09,0.006858234,0.0,0.015061212
0.0,0.0,1.5957858e-09,0.0026579443,0.0,0.015074008
0.0,0.0,9.345447e-10,0.006072274,0.0,0.021065397
0.0,0.0,9.332088e-10,0.0057210447,0.0,0.011355981
0.0,0.0,4.186562e-10,0.004279618,0.0,0.011206835
0.0,0.0,1.974095e-10,0.00274383,0.0,0.0238934
0.0,0.0,1.7431535e-10,0.0066106147,0.0,0.006580187
0.0,0.0,1.1870106e-10,0.0058119427,0.0,0.010716482
0.0,0.0,1.048147e-10,0.003384899,0.0,0.0130631775
0.0,0.0,1.04664874e-10,0.0019165297,0.0,0.029662965
0.0,0.0,1.04515264e-10,0.004981276,0.0,0.005790674
0.0,0.0,6.418918e-11,0.0052904645,0.0,0.011920911
0.0,0.0,2.8065949e-11,0.007209065,0.0,0.025154997
0.0,0.0,2.4782624e-11,0.0048019467,0.0,0.005226054
0.0,0.0,1.2315473e-11,0.004339611,0.0,0.006310906
0.0,0.0,1.0874735e-11,0.001786751,0.0,0.008204296
0.0,0.0,1.085919e-11,0.0053431606,0.0,0.014994812
0.0,0.0,5.70362e-12,0.002774514,0.0,0.013358816
0.0,0.0,2.995737e-12,0.004661641,0.0,0.015247954
0.0,0.0,2.401828e-12,0.0024483523,0.0,0.01583571
0.0,0.0,1.7678389e-12,0.005093967,0.0,0.020228123
0.0,0.0,7.2301816e-13,0.0034558312,0.0,0.014840409
0.0,0.0,1.8286479e-13,0.007909547,0.0,0.028068913
0.0,0.0,1.2224869e-13,0.008162243,0.0,0.011483197
0.0,0.0,1.079473e-13,0.010478819,0.0,0.019757798
0.0,0.0,2.4273362e-14,0.010097672,0.0,0.012271599
0.0,0.0,1.8917532e-06,0.018741863,0.0,0.032534722
0.0,0.0,5.5426614e-07,0.008534551,0.0,0.005895023
0.0,0.0,9.711119e-08,0.0041349824,0.0,0.008056816
0.0,0.0,4.1013173e-08,0.006704101,0.0,0.020528987
0.0,0.0,3.830576e-08,0.007948579,0.0,0.014096865
0.0,0.0,1.9035484e-08,0.0055868872,0.0,0.017029382
0.0,0.0,6.8803674e-09,0.005896963,0.0,0.014488067
0.0,0.0,2.8139358e-09,0.0049775005,0.0,0.02905576
0.0,0.0,2.2560485e-09,0.0042012986,0.0,0.009695169
0.0,0.0,1.8087671e-09,0.0023742472,0.0,0.023205541
0.0,0.0,1.8061651e-09,0.0032352207,0.0,0.019730367
0.0,0.0,1.0708766e-09,0.0013114423,0.0,0.021536931
0.0,0.0,4.8746407e-10,0.002967175,0.0,0.011388682
0.0,0.0,2.2985246e-10,0.0019271554,0.0,0.028311944
0.0,0.0,1.4568374e-10,0.0062929667,0.0,0.007568982
0.0,0.0,1.4547416e-10,0.009140551,0.0,0.020771151
0.0,0.0,1.2845452e-10,0.010533091,0.0,0.0156007195
0.0,0.0,6.383359e-11,0.0069707264,0.0,0.015952757
0.0,0.0,3.172116e-11,0.006900582,0.0,0.022142561
0.0,0.0,2.8009971e-11,0.012977375,0.0,0.010607266
0.0,0.0,2.7969675e-11,0.019193314,0.0,0.031003986
0.0,0.0,1.0709418e-11,0.012287714,0.0,0.00903913
0.0,0.0,3.2099666e-12,0.019629158,0.0,0.024270296
0.0,0.0,2.1540161e-12,0.016061503,0.0,0.010529929
0.0,0.0,1.0819689e-12,0.009576583,0.0,0.020134883
0.0,0.0,5.665095e-13,0.009022582,0.0,0.010343932
0.0,0.0,4.565022e-13,0.0075038685,0.0,0.018145807
0.0,0.0,1.9982041e-13,0.006545604,0.0,0.018699208
0.0,0.0,1.8670335e-13,0.022179324,0.0,0.026135828
0.0,0.0,9.913195e-14,0.018906768,0.0,0.010605678
0.0,0.0,4.9213533e-05,0.013661376,0.0,0.023182359
0.0,0.0,0.00024501243,0.012398575,0.0,0.008230164
0.0,0.0,0.00013215045,0.00968391,0.0,0.011738408
0.0,0.0,6.568228e-05,0.007960727,0.0,0.020196697
0.0,0.0,4.4727378e-05,0.004242441,0.0,0.009993689
0.0,0.0,2.5697944e-05,0.0028677792,0.0,0.012447482
0.0,0.0,2.1576587e-05,0.007939339,0.0,0.03713822
0.0,0.0,1.2018365e-05,0.00644578,0.0,0.0081857145
0.0,0.0,1.0612187e-05,0.0057433764,0.0,0.014208282
0.0,0.0,6.291969e-06,0.0030892862,0.0,0.022281855
0.0,0.0,6.282854e-06,0.007822909,0.0,0.0118935825
0.0,0.0,2.9642322e-06,0.006867429,0.0,0.017332617
0.0,0.0,7.125147e-07,0.00498437,0.0,0.014340026
0.0,0.0,5.7124674e-07,0.010274561,0.0,0.019655224
0.0,0.0,2.0250928e-07,0.008452505,0.0,0.0119312145
0.0,0.0,1.7025104e-07,0.010619115,0.0,0.022188686
0.0,0.0,9.885682e-08,0.011301557,0.0,0.008219655
0.0,0.0,5.6715987e-08,0.006363155,0.0,0.009643385
0.0,0.0,1.6038616e-08,0.0027510456,0.0,0.009615414
0.0,0.0,1.1874026e-08,0.0034069703,0.0,0.014520603
0.0,0.0,1.0484728e-08,0.0016910572,0.0,0.013170934
0.0,0.0,8.405954e-09,0.0031378858,0.0,0.0061593815
0.0,0.0,3.3344423e-09,0.0013453424,0.0,0.009911113
0.0,0.0,1.3461771e-09,0.006647326,0.0,0.015105586
0.0,0.0,5.0609605e-10,0.007104447,0.0,0.018875685
0.0,0.0,2.3863553e-10,0.0062463786,0.0,0.009148815
0.0,0.0,2.1071443e-10,0.004508499,0.0,0.033895303
0.0,0.0,1.217581e-10,0.0027315475,0.0,0.0079283435
0.0,0.0,4.006427e-11,0.0018629835,0.0,0.007274447
0.0,0.0,3.2120855e-11,0.0024138568,0.0,0.016315991
0.0,0.0,2.3641743e-11,0.00090410165,0.0,0.007036516
0.0,0.0,1.6098673e-11,0.00200015,0.0,0.017733641
0.0,0.0,7.590882e-12,0.0006774812,0.0,0.009100458
0.0,0.0,3.247806e-12,0.0014596942,0.0,0.01330754
0.0,0.0,2.0473978e-12,0.00084303407,0.0,0.01635415
0.0,0.0,1.3941608e-12,0.0028199092,0.0,0.0080691185
0.0,0.0,1.3921411e-12,0.0010669287,0.0,0.018814607
0.0,0.0,1.3901242e-12,0.0006657862,0.0,0.0053436537
0.0,0.0,5.307769e-13,0.0013695746,0.0,0.0041714665
0.0,0.0,1.569175e-13,0.0011839165,0.0,0.0053096465
0.0,0.0,9.303556e-14,0.0017827427,0.0,0.0066952156
0.0,0.0,4.1736817e-14,0.0010686908,0.0,0.0049048476
0.0,0.0,2.4745539e-14,0.0022845864,0.0,0.0063348375
0.0,0.0,1.8213328e-14,0.00058205187,0.0,0.0021637175
0.0,0.0,7.802377e-15,0.00052334013,0.0,0.001345592
0.0,0.0,2.6543368e-15,0.0011129093,0.0,0.0011064966
0.0,0.0,2.3437713e-15,0.0003032524,0.0,0.0010092332
0.0,0.0,2.0695427e-15,0.00053942204,0.0,0.0013378704
0.0,0.0,2.0665446e-15,0.00034827334,0.0,0.0009253152
0.0,0.0,2.0635508e-15,0.0011831151,0.0,0.0017493478
0.0,0.0,2.0605614e-15,0.0008260605,0.0,0.0015002404
0.0,0.0,1.4817476e-15,0.0010790161,0.0,0.0016314354
0.0,0.0,7.655894600000001e-16,0.0004625261,0.0,0.0009909336
0.0,0.0,4.0210613000000005e-16,0.00079744426,0.0,0.0018881629
0.0,0.0,4.0152358e-16,0.0004913271,0.0,0.0007427301
0.0,0.0,2.3806123000000004e-16,0.00018602524,0.0,0.00019071966
0.0,0.0,1.6358144e-16,0.000115316165,0.0,7.668866e-05
0.0,0.0,0.00022464842,0.0001420507,0.0,0.00018249228
0.0,0.0,0.00018256961,9.709264e-05,0.0,0.00036707864
0.0,0.0,0.00012643043,3.7000136e-05,0.0,0.0003348828
0.0,0.0,5.5683842e-05,1.13027445e-05,0.0,0.0003361868
0.0,0.0,5.5602482e-05,3.2982143e-06,0.0,0.00036261344
0.0,0.0,5.5521243e-05,9.214028e-07,0.0,0.00015399116
0.0,0.0,4.9024642e-05,2.39487e-07,0.0,0.0001123864
0.0,0.0,4.8953014e-05,7.5034826e-08,0.0,6.223906e-05
0.0,0.0,3.6030775e-05,9.596571e-08,0.0,5.104582e-05
0.0,0.0,1.6563747e-05,1.6841703e-07,0.0,0.00017777456
0.0,0.0,8.460487e-06,1.11698995e-07,0.0,0.00018067316
0.0,0.0,6.818836e-06,6.779524e-08,0.0,7.98984e-05
0.0,0.0,6.553294e-06,8.819626e-08,0.0,6.837896e-05
0.0,0.0,6.5437193e-06,6.231534e-08,0.0,4.6591995e-05
0.0,0.0,6.5341583e-06,1.6182508e-07,0.0,9.719238e-05
0.0,0.0,6.5246118e-06,4.1280362e-07,0.0,0.00043183676
0.0,0.0,3.8683825e-06,4.882846e-07,0.0,0.0004993256
0.0,0.0,1.9223035e-06,8.807862e-07,0.0,0.0012181818
0.0,0.0,1.9194947e-06,8.6682485e-07,0.0,0.00054736336
0.0,0.0,1.6948871e-06,3.819057e-07,0.0,0.00040654073
0.0,0.0,1.1541078e-06,3.781919e-07,0.0,0.00041667314
0.0,0.0,5.1774066e-07,4.1530268e-07,0.0,0.00046981123
0.0,0.0,4.5715777e-07,4.902672e-07,0.0,0.00069685717
0.0,0.0,2.8974665e-07,3.1410684e-07,0.0,0.00054861204
0.0,0.0,2.5584222e-07,3.5802015e-07,0.0,0.0004583852
0.0,0.0,2.259051e-07,2.3827695e-07,0.0,0.00030261837
0.0,0.0,2.2557504e-07,1.815341e-07,0.0,0.00030043162
0.0,0.0,1.6402772e-07,7.148636e-08,0.0,0.0002102453
0.0,0.0,5.3471332e-08,3.563621e-08,0.0,5.8399095e-05
0.0,0.0,4.7214435e-08,2.7069982e-08,0.0,6.599463e-05
0.0,0.0,4.7145452e-08,2.1724182e-08,0.0,3.416245e-05
0.0,0.0,4.707657e-08,2.2892548e-08,0.0,2.359946e-05
0.0,0.0,3.5318852e-08,4.629547e-08,0.0,2.8445798e-05
0.0,0.0,2.203068e-08,2.2252747e-08,0.0,3.2691132e-05
0.0,0.0,2.1998492e-08,7.206765e-09,0.0,3.5034307e-05
0.0,0.0,2.196635e-08,2.0061839e-09,0.0,1.84926e-05
0.0,0.0,2.1934255e-08,5.6214056e-09,0.0,1.9955201e-05
0.0,0.0,1.936764e-08,8.972729e-09,0.0,1.6822652e-05
0.0,0.0,1.31321904e-08,1.0333238e-08,0.0,2.3787608e-05
0.0,0.0,8.9804e-09,1.5245014e-08,0.0,2.377355e-05
0.0,0.0,8.967279e-09,2.0508905e-08,0.0,1.8745044e-05
0.0,0.0,8.954177e-09,2.2878291e-08,0.0,1.3139406e-05
0.0,0.0,3.3662868e-09,2.0595712e-08,0.0,9.537638e-06
0.0,0.0,3.3613683e-09,8.729575e-09,0.0,2.1971773e-05
0.0,0.0,2.4740194e-09,2.6625357e-09,0.0,2.2901348e-05
0.0,0.0,2.3705056e-09,8.102978e-09,0.0,1.8643414e-05
0.0,0.0,9.816327e-10,5.4674825e-09,0.0,1.6662107e-05
0.0,0.0,9.801984e-10,8.037255e-09,0.0,1.686746e-05
0.0,0.0,9.787663e-10,3.4764038e-09,0.0,1.1647666e-05
0.0,0.0,9.773362e-10,1.0924116e-08,0.0,1.2656782e-05
0.0,0.0,9.759082e-10,1.4091284e-08,0.0,1.3467376e-05
0.0,0.0,9.744824e-10,1.04394156e-08,0.0,1.4550803e-05
0.0,0.0,8.6045426e-10,6.7520722e-09,0.0,2.0101974e-05
0.0,0.0,8.591971e-10,8.744521e-09,0.0,1.7607581e-05
0.0,0.0,8.579418e-10,1.2219884e-08,0.0,1.5932366e-05
0.0,0.0,8.566882e-10,1.5514004e-08,0.0,1.3465927e-05
0.0,0.0,7.921531e-10,2.886008e-08,0.0,1.8827432e-05
0.0,0.0,7.4577544e-10,2.6168806e-08,0.0,1.4425254e-05
0.0,0.0,7.446858e-10,1.1643142e-08,0.0,1.3884795e-05
0.0,0.0,7.435978e-10,3.447934e-09,0.0,1.539507e-05
0.0,0.0,7.4251133e-10,1.639666e-08,0.0,1.7680615e-05
0.0,0.0,5.464999e-10,2.1688042e-08,0.0,1.9211408e-05
0.0,0.0,2.8703143e-10,1.8775806e-08,0.0,1.9513438e-05
0.0,0.0,2.8661204e-10,4.5695522e-08,0.0,2.1852677e-05
0.0,0.0,2.861933e-10,5.5587464e-08,0.0,2.0376314e-05
0.0,0.0,2.8577513e-10,5.6903506e-08,0.0,2.8225235e-05
0.0,0.0,2.853576e-10,7.234273e-08,0.0,3.0674928e-05
0.0,0.0,1.7910022e-10,1.0451798e-07,0.0,2.7274049e-05
0.0,0.0,5.004613e-11,9.17755e-08,0.0,2.4258523e-05
0.0,0.0,4.9973012e-11,6.4365906e-08,0.0,2.3322897e-05
0.0,0.0,1.9576151e-11,6.390609e-08,0.0,2.4783367e-05
0.0,0.0,1.954755e-11,9.009314e-08,0.0,2.3858007e-05
0.0,0.0,1.9518989e-11,1.1312487e-07,0.0,2.6410908e-05
0.0,0.0,1.4366279e-11,1.1595761e-07,0.0,3.1652256e-05
0.0,0.0,1.4345289e-11,5.8654723e-07,0.0,3.859124e-05
0.0,0.0,1.2666689e-11,6.551398e-07,0.0,4.174443e-05
0.0,0.0,6.2943834e-12,7.186136e-07,0.0,5.1990693e-05
0.0,0.0,6.2851868e-12,5.178593e-07,0.0,6.420056e-05
0.0,0.0,6.2760036e-12,7.0024106e-07,0.0,5.9540198e-05
0.0,0.0,5.031618e-12,7.3937446e-07,0.0,3.4177127e-05
0.0,0.0,3.1890389e-12,1.3708711e-06,0.0,4.335506e-05
0.0,0.0,3.1843796e-12,1.3441171e-06,0.0,4.808085e-05
0.0,0.0,3.1797269e-12,6.49734e-07,0.0,5.5361044e-05
0.0,0.0,7.791766e-13,5.799254e-07,0.0,5.7903006e-05
0.0,0.0,5.357583e-13,6.6844416e-07,0.0,4.8828308e-05
0.0,0.0,3.648162e-13,1.3785194e-06,0.0,6.300889e-05
0.0,0.0,2.0815089e-13,4.345439e-06,0.0,6.53341e-05
0.0,0.0,5.8925236e-14,1.0224138e-05,0.0,8.1660284e-05
0.0,0.0,2.0072496e-14,2.9801033e-05,0.0,8.5897e-05
0.0,0.0,5.3802025e-15,5.7024852e-05,0.0,7.6598946e-05
0.0,0.0,2.996717e-15,0.00013245044,0.0,0.00010637297
0.0,0.0,2.9923387e-15,0.0010632554,0.0,0.00015029182
0.0,0.0,1.4109367e-15,0.01103758,0.0,0.00094956905
0.0,0.0,1.0384714e-15,0.019755421,0.0,0.0024853179
0.0,0.0,1.036954e-15,0.015238045,0.0,0.0016869006
0.0,0.0,3.4815296e-16,0.020376436,0.0,0.0030032175
0.0,0.0,3.0741417000000004e-16,0.025135105,0.0,0.0030563963
0.0,0.0,3.0696503000000004e-16,0.009884625,0.0,0.0027995876
0.0,0.0,1.5368887000000002e-16,0.009923531,0.0,0.0058825617
0.0,0.0,4.030544e-09,0.029543448,0.0,0.019235836
0.0,0.0,1.1604753e-09,0.015125259,0.0,0.046334166
0.0,0.0,2.4393296e-10,0.020632314,0.0,0.014104385
0.0,0.0,2.4357405e-10,0.037701305,0.0,0.06938346
0.0,0.0,9.647963e-11,0.021379206,0.0,0.04201282
0.0,0.0,7.556843e-11,0.03514004,0.0,0.028961204
0.0,0.0,6.058435e-11,0.01381787,0.0,0.040983196
0.0,0.0,5.3494584e-11,0.05281248,0.0,0.02077141
0.0,0.0,4.2887412e-11,0.0064842524,0.0,0.024591263
0.0,0.0,3.7868597e-11,0.012387668,0.0,0.031159164
0.0,0.0,9.120251e-12,0.032115836,0.0,0.024121307
0.0,0.0,1.978976e-12,0.0048696795,0.0,0.043464772
0.0,0.0,1.4565422e-12,0.00785584,0.0,0.035436492
0.0,0.0,5.0699e-13,0.015151221,0.0,0.054996565
0.0,0.0,9.3718856e-14,0.028087027,0.0,0.017548217
0.0,0.0,7.865524e-06,0.0053780414,0.0,0.03275006
0.0,0.0,1.6475485e-06,0.0080524385,0.0,0.01496008
0.0,0.0,3.7997182e-07,0.01688834,0.0,0.041630656
0.0,0.0,0.018808309,0.031934924,0.0,0.019269044
0.0,0.0,0.013333733,0.007079519,0.0,0.03621076
0.0,0.0,0.012508891,0.019297149,0.0,0.021460794
0.0,0.0,0.01249024,0.012202662,0.0,0.03556486
0.0,0.0,0.007641134,0.01885146,0.0,0.016322985
0.0,0.0,0.0073968293,0.010227449,0.0,0.015288671
0.0,0.0,0.006736725,0.01414302,0.0,0.041198775
0.0,0.0,0.00597791,0.020723464,0.0,0.012472138
0.0,0.0,0.0059689973,0.008014818,0.0,0.019783678
0.0,0.0,0.0052064983,0.013226521,0.0,0.024863435
0.0,0.0,0.0029096217,0.028833669,0.0,0.019070333
0.0,0.0,0.008284919,0.010135,0.0,0.020784896
0.0,0.0,0.006506126,0.015418214,0.0,0.022258494
0.0,0.0,0.0037986294,0.020705853,0.0,0.013454784
0.0,0.0,0.0057443944,0.0070468686,0.0,0.021686947
0.0,0.0,0.0057358285,0.016912444,0.0,0.03410175
0.0,0.0,0.003776898,0.021136316,0.0,0.02203943
0.0,0.0,0.026192345,0.01091705,0.0,0.019898959
0.0,0.0,0.01323175,0.033353113,0.0,0.022964718
0.0,0.0,0.0035313875,0.012248768,0.0,0.045131195
0.0,0.0,0.014338773,0.03574591,0.0,0.03423132
0.0,0.0,0.009177788,0.005580871,0.0,0.022545666
0.0,0.0,0.0045922315,0.02460367,0.0,0.034756567
0.0,0.0,0.0038034273,0.019587593,0.0,0.010601519
0.0,0.0,0.005465719,0.016327893,0.0,0.028449997
0.0,0.0,0.0050992575,0.017843662,0.0,0.0134740975
0.0,0.0,0.0025295834,0.010890019,0.0,0.023675513
0.0,6.026694e-09,0.0022311276,0.020239938,2.776255e-10,0.013237329
0.0,1.6196095e-08,0.0019702588,0.010381918,1.2027147e-09,0.017092573
0.0,3.4315924e-08,0.0019673184,0.00772922,2.9345069e-09,0.016207209
0.0,5.544912e-08,0.0019643824,0.008592799,4.8261333e-09,0.015543324
0.0,1.1884005e-07,0.0011666723,0.00924478,1.1432327e-08,0.022086022
0.0,2.1480193e-07,0.0011649312,0.018918578,2.7008783e-08,0.009174119
0.0,2.2805688e-07,0.00066848256,0.012047565,3.704449e-08,0.020158261
0.0,3.0002332e-07,0.0004097356,0.00732911,5.6502614e-08,0.008844082
0.0,3.2248255e-07,0.00033162776,0.006414605,6.790732e-08,0.016245928
0.0,8.655064e-05,6.236548e-05,0.0032950244,3.5694452e-06,0.011321333
0.0,0.00018490384,1.10791225e-05,0.005079083,1.2583631e-05,0.010848104
0.0,0.00045305985,2.7123544e-06,0.0028782182,3.0833075e-05,0.019031208
0.0,0.00049085874,2.2797055e-06,0.0013314169,7.180376e-05,0.0142485835
0.0,0.00043263467,1.4448341e-06,0.00044779418,6.676261e-05,0.029157028
0.0,0.0004978423,1.4426779e-06,9.2172544e-05,8.484847e-05,0.00553818
0.0,0.00044690905,9.1434134e-07,5.672986e-05,9.160743e-05,0.005108764
0.0,0.00048481862,3.911903e-07,1.4041661e-05,9.888979e-05,0.006625753
0.0,0.00043314043,3.9060652e-07,8.843206e-05,0.000109154054,0.0088663595
0.0,0.00045370363,3.4488926e-07,5.281785e-05,0.00010868444,0.012324411
0.0,0.00041583736,2.1858399e-07,0.00026475496,0.00010617406,0.021730829
0.0,0.00041905194,1.3723908e-07,0.00028052722,0.0001140801,0.008076026
0.0,0.00047805347,6.870131e-08,3.9621827e-05,0.00012308457,0.0090952795
0.0,0.0004976991,4.1397684e-08,9.263963e-10,0.00012688899,0.012994496
0.0,0.0004372669,3.246259e-08,1.0223999e-05,0.00017946881,0.00982395
0.0,0.0004976991,3.2414146e-08,5.5932096e-11,0.8404119,0.016234143
0.0,0.0004668205,2.862034e-08,7.389099e-07,29.751892,1.7868962e-05
0.0,0.00041638222,8.072259e-09,4.3413277e-07,181.39128,1.3733933e-06
0.0,0.00046847816,1.87034e-09,6.1200794e-08,661.87836,1.0007741e-07
0.0,0.00048006518,3.9694711e-10,2.0369521e-08,1735.8234,1.8148224e-09
0.0,0.16721013,1.13786834e-10,1.0553513e-08,3928.6138,1.2020351e-08
0.0,3.0540972,1.0046903e-10,1.1344675e-08,7401.063,5.654988e-08
0.0,20.832756,8.870996e-11,8.975944e-10,9240.12,5.994859e-08
0.0,92.26955,8.8577576e-11,3.3997206e-17,10635.42,1.10983414e-07
0.0,182.69633,8.844538e-11,1.6488029e-10,12261.384,2.1539462e-07
0.0,347.3922,5.3177823e-11,8.5186844e-11,11964.537,1.8500671e-07
0.0,833.2202,5.3098463e-11,1.907693e-11,11769.221,1.5555774e-07
0.0,1940.3586,2.2717517e-11,1.6737522e-17,12103.886,7.635366e-08
0.0,2127.2368,2.2683614e-11,4.3825594e-12,13399.116,3.6072888e-07
0.0,2981.7058,2.0028685e-11,1.8366199e-17,13946.448,4.3754093e-07
0.0,5113.141,1.9998796e-11,8.124978e-17,14159.573,3.0386315e-07
0.0,5946.3306,7.2294163e-12,1.7149848e-16,15650.109,2.6311037e-07
0.0,6383.1167,2.7172958e-12,3.137891e-16,18025.576,4.410193e-07
0.0,7618.5874,2.399259e-12,3.7069177e-16,21131.209,1.0858167e-06
0.0,8421.406,2.3956783e-12,1.9714773e-16,24075.643,1.2784245e-06
0.0,10192.123,1.7632012e-12,1.02937856e-16,27248.709,1.1056522e-06
0.0,10432.076,1.6460682e-12,1.0338522e-16,27363.611,7.483073e-07
0.0,14266.036,5.3005983e-13,7.955001e-17,26326.639,6.861623e-07
194.68256,11073.442,1.1904594e-13,6.617727000000001e-17,33844.223,7.008059e-07
2656.9746,12631.646,5.5010916e-20,3.3566136e-17,30943.496,9.266241e-07
8168.534,15073.525,1.0313415e-20,2.9889616e-17,30847.18,1.1794423e-06
17424.494,13538.341,1.5355663e-28,3.2350435e-17,33099.26,8.743882e-07
19493.707,15553.73,1.21017704e-29,3.7735758e-17,33956.805,4.9951177e-07
19493.707,21137.312,4.0021874e-30,2.9778793e-17,33352.17,1.9262272e-07
19493.707,19225.709,1.7875887e-30,1.7002886e-17,34931.234,2.9336658e-07
19493.707,17107.707,6.3022244e-31,1.9238112e-17,36813.43,2.13704e-07
19493.707,16480.66,2.33288e-31,4.1187665e-17,37496.777,2.3581728e-07
19493.707,20807.854,8.147856e-32,1.2919865e-16,36755.953,4.89121e-07
19908.502,22460.725,1.3860756e-31,5.417501e-16,37393.344,7.2078933e-07
19934.668,19089.775,7.659905600000001e-32,1.4870081e-15,39774.1,1.0886879e-06
19934.668,27818.07,5.0627284e-32,4.5493e-15,38424.09,1.7937307e-06
19934.668,32044.977,9.3580194e-33,2.3926714e-15,39985.285,2.7330686e-06
19934.668,32622.54,6.185078e-33,1.4772722e-15,43536.844,3.243278e-06
19544.635,31110.727,7.9191614e-33,1.2838168e-15,45661.562,1.1608304e-06
18729.496,29071.588,9.626022e-33,1.9523919e-15,48117.08,9.714976e-07
18729.496,30302.611,1.9351879e-33,3.4825455e-15,48272.46,1.8768716e-06
17677.906,33267.254,1.0493864e-33,8.268953e-15,49984.516,1.8984061e-06
21554.621,37682.68,3.1355026e-34,1.2778509e-14,48490.03,3.460915e-06
25941.428,35915.2,9.697507e-35,1.4057643e-14,51390.336,6.5306112e-06
37712.223,38183.055,2.2999406e-34,2.459437e-14,49861.715,2.9428072e-06
42978.906,42231.43,4.4229876e-34,2.3451556e-14,47325.64,3.9583656e-06
42978.906,42799.23,1.8389897e-34,2.393071e-14,49275.15,4.734266e-06
42978.906,44096.04,7.646151e-35,1.1015583e-13,50456.07,1.145596e-06
42978.906,45795.645,3.4354833e-35,3.0110427e-13,51058.6,9.746288e-07
42978.906,47441.535,2.0936674e-35,7.5307615e-13,52575.293,2.1023834e-06
42978.906,44714.445,9.407032e-36,1.0645742e-12,53539.996,5.562131e-06
43069.168,44461.32,1.3673436e-35,1.284216e-12,53300.855,5.697516e-06
43123.133,46005.79,7.461769e-36,2.028504e-12,52155.016,1.7113629e-06
43123.133,49840.99,2.8065315e-36,5.8081144e-12,50707.516,1.1857117e-06
43123.133,52156.48,7.746236e-37,4.367886e-12,50557.58,8.378477e-07
43246.3,52629.586,6.2104983e-37,2.922976e-12,50469.383,5.901273e-07
43512.38,52484.83,7.49691e-37,1.8816524e-12,50533.79,1.2350782e-06
43512.38,52724.26,2.2815128e-37,1.9950072e-12,50767.64,1.390816e-06
43512.38,46532.816,5.002334500000001e-38,1.2050939e-12,51241.22,1.3466275e-06
43875.31,53722.918,3.4743015e-38,1.5289101e-12,50995.79,2.069044e-06
43996.715,50712.7,2.640253e-38,1.2923687e-12,50370.375,2.9599732e-06
46991.152,48805.57,5.3643687e-37,1.1759077e-12,49470.953,2.3161076e-06
56959.676,46945.984,1.3019816e-36,1.1632804e-12,51202.434,1.094813e-06
54607.605,50085.07,6.016319e-35,1.5232657e-12,54214.57,3.2593834e-07
52764.527,50452.305,3.3518355e-35,1.6301592e-12,57039.953,1.6516016e-06
52764.527,48632.47,1.5308967e-35,1.2077455e-12,57075.28,2.722461e-06
52764.527,53106.35,9.096902e-36,1.9566126e-12,55889.656,4.665971e-06
53780.01,53479.695,1.0434809e-35,2.215369e-12,53081.402,1.9125644e-06
53847.137,50841.594,4.9330847e-36,1.1026932e-12,50154.754,2.4262574e-06
53847.137,51220.72,1.1991372e-36,1.0769116e-12,48583.758,6.0762713e-06
53847.137,50804.83,7.102017e-37,1.6087772e-12,48212.32,5.0300273e-06
53847.137,50880.105,3.719647e-37,1.9590046e-12,49212.3,4.814994e-06
53827.383,49099.914,2.0974582e-37,1.6398854e-12,50581.312,3.9367183e-06
53007.56,50085.797,2.7540317e-37,1.1896582e-12,50862.535,6.7606898e-06
53690.49,52167.285,3.4752296e-37,9.519523e-13,48982.527,3.8573376e-06
54136.496,51521.363,2.9999832e-37,8.1080374e-13,46689.04,2.4973817e-06
54136.496,51238.47,9.379316e-38,9.133513e-13,45379.188,1.7098802e-06
55347.555,51682.08,7.674192e-38,1.0158201e-12,44282.523,1.4419063e-06
56698.82,52484.797,1.1875653999999998e-37,1.4194624e-12,45341.41,1.2498318e-06
56698.82,52525.207,4.762044300000001e-38,1.1716145e-12,45252.586,1.9295187e-06
51749.152,49857.656,9.889788e-34,9.363633e-13,44827.49,2.373552e-06
51327.15,50397.11,2.6172565e-33,1.0814297e-12,45624.777,1.8836627e-06
51327.15,49513.043,1.5661056e-33,7.798591e-13,45300.95,1.4109734e-06
51327.15,48898.97,9.371212e-34,3.6155513e-13,44035.64,7.515674e-07
57237.152,49028.418,6.070137e-34,4.5893557e-13,42670.457,5.22934e-07
59580.176,48305.137,6.4615354e-34,6.7525277e-13,42321.52,2.3794247e-07
59467.516,48205.344,1.3879171e-33,3.2089246e-13,42100.688,3.1883908e-07
59358.254,47268.7,3.8680633e-34,3.4301346e-13,41232.51,3.43685e-07
57440.426,47514.457,9.562242e-34,3.383509e-13,40229.836,3.0918164e-07
57277.824,48459.758,2.558614e-34,4.5277207e-13,38421.188,1.1051967e-07
49522.617,46414.316,1.44550485e-33,3.4332828e-13,38819.95,7.3078155e-08
48780.44,46183.46,6.1538867e-33,2.573333e-13,37913.164,7.011975e-08
52882.137,46888.715,1.0087732e-32,1.03436885e-13,37563.168,6.4661165e-08
52882.137,47473.508,5.317302e-33,4.7602544e-14,38763.074,4.9071406e-08
52882.137,43849.58,2.8027811e-33,3.9795166e-14,40132.17,5.3862006e-08
51266.59,42729.195,4.384057000000001e-33,2.1841966e-14,41446.625,1.11885974e-07
50630.24,42045.863,3.0712595e-33,1.1324438e-14,41441.637,1.0851337e-07
43424.625,41480.535,1.6400562e-32,8.511731e-15,40617.754,1.2359855e-07
39994.734,41285.12,2.963701e-32,6.190169e-15,40333.516,1.601273e-07
42119.43,40904.816,6.84072e-32,4.5555613e-15,41694.4,7.605728e-08
42405.562,40537.24,5.748167400000001e-32,2.0481523e-15,42910.17,3.1958598e-07
42516.26,40431.312,6.908285700000001e-32,1.0458811e-15,42809.6,3.038507e-07
42581.35,40137.75,2.736815e-32,5.344948e-16,41883.117,1.8835767e-07
42581.35,39828.523,1.3498615e-32,1.9075234e-16,40529.387,9.824157e-08
42581.35,39814.277,7.33219e-33,1.1895455e-16,40173.727,7.708171e-08
42581.35,39939.56,3.982706e-33,6.20246e-17,38916.527,3.080168e-08
42581.35,40033.04,2.1633300000000002e-33,5.350736000000001e-17,38771.17,3.3430545e-08
42581.35,39925.527,1.3288191e-33,2.9954043e-17,38609.23,1.5000579e-08
42581.35,39811.71,4.4015495e-34,1.4609135e-17,38367.67,3.3796228e-09
39470.902,39888.72,1.591447e-33,8.265206e-18,37920.027,3.1967027e-09
39425.29,39865.477,7.6388114e-34,6.045203e-18,37730.438,7.0903896e-09
39425.29,39683.652,4.1910704e-34,2.7436324e-18,36532.69,4.276085e-09
39425.29,39597.316,2.600303e-34,1.5241233e-18,36286.965,5.63335e-10
38532.36,39562.0,1.9908503e-34,6.764445e-19,37248.273,2.890257e-10
38622.598,39557.242,3.906662e-34,2.4489615e-19,37186.74,1.8424341e-10
34010.773,39100.89,4.5036024e-33,5.1064553e-19,36786.76,1.8334617e-10
34366.684,38983.168,4.9915244e-33,5.4201785e-19,36030.36,1.943371e-10
36590.773,38947.26,4.1705728e-33,2.8919656e-19,36166.973,2.601609e-10
39204.42,38993.223,1.18082015e-32,1.7754852999999998e-19,36018.86,1.4694426e-10
40454.477,39040.69,9.452085e-33,4.5028414e-20,35980.598,5.6054113e-11
41468.684,39054.01,6.463178000000001e-33,1.01974705e-20,35178.88,2.7789842e-11
41468.684,38934.33,3.1297555e-33,1.276563e-21,35020.215,1.7657565e-11
41468.684,38879.16,1.745315e-33,1.9734865000000005e-22,36033.67,8.945385e-12
41468.684,38930.473,1.0741467e-33,4.9191094e-23,36396.93,2.6075822e-11
41468.684,38839.918,6.6107906e-34,1.1998610000000003e-23,36591.92,8.152899e-12
41468.684,38602.715,4.0685834e-34,3.33724e-24,37352.535,2.7053086e-12
43961.266,38426.2,5.148427e-34,9.986256e-25,37220.727,8.214085e-13
45983.574,38164.4,4.563449e-34,3.055799e-25,37767.707,2.0242402e-13
45983.574,37693.06,2.4459838e-34,7.2162826e-26,37934.23,2.6204546e-13
44721.94,37681.28,2.0021688e-34,1.9269886e-26,37658.992,1.5710328e-13
42431.04,37670.223,2.3613367e-34,4.8607802e-27,37726.89,4.9439975e-14
42431.04,37884.62,1.4467355e-34,1.0803931e-27,36885.13,2.627107e-14
42431.04,38051.457,8.8638077e-35,2.8676957000000003e-28,36357.555,8.123852e-15
42431.04,38018.03,5.430646e-35,7.8837124e-29,35005.746,3.4263607e-15
42431.04,38694.54,3.3272293e-35,1.9206719e-29,35110.164,1.7299366e-15
42431.04,39042.99,1.8026678e-35,1.03270094e-29,35444.094,1.3092383e-15
42431.04,38879.31,9.766719e-36,9.313700000000001e-30,35966.957,5.338089500000001e-16
42431.04,38720.5,5.291535e-36,3.8150103e-30,36676.492,2.43469e-16
38999.047,38561.617,1.3956813e-35,1.7510115e-30,37729.805,3.2274483e-16
37465.305,38261.13,1.8925902e-35,4.7173016e-31,38065.05,1.2391449e-16
37465.305,37702.305,1.1795208e-35,1.4172888e-31,39003.625,1.1982716e-16
37465.305,37365.016,7.3511395e-36,2.6621332e-32,41009.86,1.1166484000000002e-16
37465.305,37016.5,2.2888243e-36,1.8428147e-32,41427.195,5.623341e-17
37465.305,37384.836,6.571834599999999e-37,1.8729478e-32,41811.348,3.5258020000000004e-17
37465.305,36369.543,1.1921977999999998e-37,2.6352703e-32,41486.84,3.7339085e-17
37465.305,37053.008,3.746873e-38,1.1920933e-32,41304.55,2.4770744e-17
37465.305,37444.457,2.3351673e-38,2.9281046e-33,41664.855,1.6245644e-17
37465.305,36856.26,5.1450820000000005e-39,6.7489915e-34,41477.754,6.276405799999999e-18
37465.305,37251.223,2.3235240000000003e-39,1.3612272e-34,41390.457,3.1791614e-18
37465.305,37343.152,9.57809e-40,1.8917182e-35,41643.57,1.8319641e-18
37465.305,37440.69,3.50456e-40,2.7282389e-36,42715.902,1.5317165e-18
36151.816,37549.684,1.041106e-39,9.080307e-37,43741.258,1.4541647999999998e-18
34585.28,37471.207,4.3391610000000005e-39,2.4490258e-37,43029.633,1.0225043999999998e-18
34585.28,37419.836,1.322426e-39,8.546038e-38,44140.94,4.7166764e-19
34382.14,38131.4,1.119039e-39,1.0403464e-38,43840.973,1.6194217999999998e-19
33882.21,38093.79,1.443522e-39,5.4130530000000005e-39,44574.453,1.4479976e-19
33882.21,38464.28,9.08558e-40,1.5831699999999998e-39,45116.305,4.540473e-20
33882.21,38787.543,5.7185e-40,4.855840000000001e-40,46589.387,6.591688999999999e-20
33882.21,38760.023,3.59925e-40,1.69536e-40,46301.75,3.8664503e-20
33882.21,38521.25,1.5117e-40,5.064300000000001e-41,48129.61,2.6148212999999998e-20
33873.15,37446.07,5.4617e-41,1.5501e-41,46290.348,1.7553697e-20
33772.28,37973.016,9.8329e-41,2.6890000000000002e-42,47363.316,9.763552e-21
33772.28,38070.395,6.1918e-41,5.58e-43,46876.535,4.8226015e-21
33772.28,40830.03,3.8989999999999996e-41,1.56e-43,46604.312,2.2528512000000006e-21
33772.28,39396.086,2.4551e-41,3.500000000000001e-44,46791.465,1.1881938e-21
33772.28,38344.625,7.337e-42,8.000000000000001e-45,46854.34,8.991067000000001e-22
33772.28,41744.15,4.62e-42,1e-45,48447.453,3.805630600000001e-22
33772.28,41356.047,2.909e-42,0.0,48352.723,2.5155048e-22
33772.28,40656.938,1.8310000000000002e-42,0.0,48029.47,7.946742e-23
34165.062,37686.32,1.539e-42,0.0,48727.86,7.468729e-23
34406.17,38274.98,7.71e-43,0.0,48056.605,1.2921781e-23
37093.645,38339.37,2.3400000000000003e-43,0.0,50161.355,4.066557e-24
35882.8,38250.902,5.89e-43,0.0,49386.664,8.112038e-25
38442.83,38206.816,3.8300000000000004e-43,0.0,51817.652,5.6163854e-25
38442.83,38655.582,2.3700000000000007e-43,0.0,49567.715,2.4301385e-25
38442.83,39297.152,1.47e-43,0.0,50606.805,1.2456273e-25
38442.83,40087.527,8.100000000000002e-44,0.0,51239.25,9.2663404e-26
38442.83,40562.188,4.999999999999999e-44,0.0,50569.035,8.658064999999999e-26
38442.83,41176.266,3.1000000000000003e-44,0.0,52407.63,9.726692e-26
39989.17,41874.566,1.3000000000000002e-44,0.0,52931.414,9.899827e-26
41124.805,41580.152,8.000000000000001e-45,0.0,53799.816,8.650651e-26
41124.805,41451.273,6e-45,0.0,55017.77,1.2924342e-25
41124.805,41307.51,3e-45,0.0,56820.58,9.591031e-26
41124.805,41203.85,1e-45,0.0,58134.37,6.197143e-26
41124.805,41457.707,1e-45,0.0,56930.465,4.819928e-26
41124.805,42499.457,0.0,0.0,57662.848,5.6942544e-26
41433.312,42158.4,0.0,0.0,58262.82,6.616168999999999e-26
42843.543,42748.2,0.0,0.0,60128.445,1.0713939e-25
42843.543,43010.168,0.0,0.0,63528.105,3.7657685e-25
42843.543,43222.336,0.0,0.0,64440.504,4.44533e-25
42843.543,42957.87,0.0,0.0,65807.05,5.9503103e-25
43091.414,44375.848,0.0,0.0,63618.043,2.4577703e-24
44126.383,46366.766,0.0,0.0,62108.418,1.03729e-22
44695.043,49692.97,0.0,0.0,60739.91,2.4458204e-21
45311.707,49910.613,0.0,0.0,66274.984,4.3952478e-20
45804.99,48171.03,0.0,0.0,69570.02,4.830374999999999e-19
50486.094,48617.754,0.0,0.0,76579.055,7.135281000000001e-18
50948.793,48360.43,0.0,0.0,79714.49,3.710784e-16
53437.285,50460.99,0.0,0.0,74397.61,9.192127e-15
53437.285,52365.953,0.0,0.0,74487.86,1.8390015e-13
53437.285,52880.152,0.0,0.0,74260.87,1.4245192e-11
53437.492,53773.137,0.0,0.0,80893.11,5.5790617e-10
57318.75,56243.387,0.0,0.0,86616.32,1.07656914e-08
57318.75,58180.63,0.0,0.0,92898.17,2.2221474e-07
57318.75,61210.63,0.0,0.0,106543.414,8.456584e-06
57045.293,63092.5,0.0,0.0,111440.39,1.6745655e-05
57869.637,66660.26,0.0,0.0,115524.27,3.5267467e-06
67417.625,69798.45,0.0,0.0,133764.95,2.5002159e-05
72808.0,67924.516,0.0,3.6000000000000004e-44,140906.25,6.1013423e-05
72808.0,74590.45,0.0,2.927e-42,150995.62,2.237268e-05
85824.984,78749.734,0.0,6.2138e-41,177973.17,3.3879605e-05
109038.82,84210.805,0.0,4.281467e-39,215098.55,4.043535e-05
111625.4,86104.61,0.0,2.1752317e-38,258468.05,2.0025169e-05
111625.4,93757.36,0.0,1.8691116e-38,333196.44,1.7565786e-05
111625.4,106121.86,0.0,4.858356e-36,434778.88,7.374683e-05
124426.05,116513.83,0.0,1.5579494e-28,497677.06,3.281192e-05
152886.69,161270.45,0.0,5.868544e-15,542977.7,9.13922e-05
168556.53,244713.77,0.0,1.3739127e-08,395823.28,4.0364852e-05
537844.6,266627.3,1.3696602e-26,2.4792934e-07,355744.38,3.752418e-05
1140935.0,263325.5,1.6375022e-26,4.8087345e-06,449283.25,7.1773684e-05
444261.97,219822.69,2.8995964e-11,9.485869e-06,608888.1,3.7927563e-05
2967.6519,262986.84,2.1473985e-10,1.4949802e-06,745306.9,5.7632253e-05
35.46239,316345.47,1.9410332e-10,8.1686056e-05,799335.4,0.00011392216
7.500347,394481.25,0.0021462913,7.1048094e-06,611473.2,1.5479496e-05
0.0,499457.72,0.053397715,1.5800062e-05,302567.28,2.6600496e-06
0.0,477158.22,0.01754447,3.6814404e-06,188048.92,1.603223e-05
0.0,461868.4,0.017517807,1.7592238e-05,183908.69,0.0035036379
0.0,429383.66,0.013263474,1.2146425e-05,194096.77,0.022907158
0.0,441791.78,0.0027107606,5.0564326e-05,189682.84,0.013122901
0.0,444021.06,0.0041874754,6.706435e-05,143984.02,0.031008083
0.0,442816.66,0.0015795574,5.1690593e-05,119335.89,0.004098044
0.0,400444.9,0.01318338,4.4372482e-05,149473.38,0.026189506
0.0,368682.84,0.0074901637,1.1105851e-05,141736.83,0.013012567
0.0,371906.62,0.00623722,4.1610936e-05,101222.58,0.05095206
0.0,367037.62,0.0068333535,8.173114e-07,100685.43,0.007491348
0.0,315353.3,0.0053261663,2.1874005e-06,101748.66,0.031674992
0.0,208492.05,0.0027210433,1.2771217e-06,52070.97,0.005802347
0.0,189565.02,0.003013503,7.001586e-08,63075.195,0.042251933
0.0,171905.98,0.0029610172,2.9660603e-09,70326.414,0.028798785
0.0,197556.7,0.0016639763,7.821359e-09,56348.37,0.023557883
0.0,161922.17,0.0048133982,2.2637099e-09,27917.922,0.021825232
0.0,85828.125,0.0042134016,1.0857731e-10,35632.95,0.018048162
0.0,70972.86,0.0031579933,4.4779007e-11,45157.434,0.018657561
0.0,70858.945,0.014606067,4.6535546e-11,42099.02,0.012178927
0.0,37797.715,0.01070663,3.7244197e-11,43502.582,0.034623243
0.0,31129.117,0.004022525,2.0829321e-11,12754.339,0.020527985
0.0,23699.393,0.03669729,1.2071537e-11,5348.236,0.017907316
0.0,15583.726,0.017006516,6.3366833e-12,3295.8936,0.020914922
0.0,14518.191,0.005476742,6.7993974e-12,2133.4946,0.015659524
0.0,12076.347,0.021162558,9.395039e-12,2591.2385,0.022658752
0.0,8571.5625,0.010944514,1.0499802e-11,2770.167,0.011098161
0.0,6136.752,0.006553448,1.5710135e-10,1762.982,0.041324575
0.0,7413.539,0.0104828,6.41042e-11,584.5854,0.014236398
0.0,5888.1455,0.007359335,1.1177288e-11,221.98157,0.013961055
0.0,2505.9536,0.006523172,1.035319e-12,114.57939,0.02361759
0.0,876.38007,0.006513243,3.2363983e-11,275.52005,0.0066317446
0.0,93.86236,0.005649601,4.9358274e-11,270.15225,0.013997806
0.0,976.4031,0.0023780726,4.8009863e-11,312.57465,0.021921962
0.0,0.07941824,0.0027478768,0.0012068206,99.90922,0.0056845844
0.0,1.0007601e-06,0.0031049615,0.005054391,30.783579,0.011313413
0.0,0.0016473505,0.0025418857,0.0042157983,3.0801021e-07,0.017533986
0.0,0.007193408,0.0031500577,0.001810256,2.8947736e-07,0.008755647
0.0,1049.0261,0.0029470378,0.006021559,2.2440075e-07,0.017101271
0.0,6092.2153,0.0029425516,0.00838565,2.2716544e-07,0.027211819
0.0,12928.013,0.0031208466,0.009365684,2.2253012e-07,0.006867904
0.0,9843.187,0.0033976461,0.0069653387,2.1988592e-07,0.009326463
0.0,521.6291,0.0014427983,0.015977247,2.1648539e-07,0.018907553
0.0,12250.415,0.0057500675,0.015402413,2.0530517e-07,0.014158387
0.0,8733.709,0.004573322,0.0064477273,2.2436147e-07,0.008393697
0.0,6.1026026e-07,0.004566359,0.002104868,2.092227e-07,0.008257155
0.0,24442.42,0.004078561,0.005384674,1.7449834e-07,0.020238012
0.0,931.434,0.0040723514,0.0046692593,1.8897971e-07,0.008568822
0.0,5.168559e-07,0.0042030886,0.006200118,1.8641731e-07,0.017704464
0.0,4.879981e-07,0.004196689,0.0035394814,1.6794688e-07,0.012050488
0.0,4.6087766e-07,0.0041902997,0.007653432,1.0652451e-07,0.022308102
0.0,4.3764e-07,0.004107897,0.005694772,8.3422066e-08,0.01227615
0.0,4.0674615e-07,0.0037108823,0.0052586724,1.2981039e-07,0.0243066
0.0,3.818901e-07,0.002445238,0.007494295,7.364278e-08,0.007759497
0.0,3.5757517e-07,0.0024415147,0.0069401395,1.10550374e-07,0.015052929
0.0,3.3664537e-07,0.0018116658,0.0053903437,1.0819521e-07,0.01809287
0.0,3.1741263e-07,0.0017683908,0.0035308944,1.00183506e-07,0.0107034985
0.0,2.9848468e-07,0.0010683665,0.0071248333,8.3102435e-08,0.03499312
0.0,2.8264805e-07,0.0010667398,0.0028392076,8.2022034e-08,0.007823393
0.0,2.7165805e-07,0.000968302,0.0028630313,6.706067e-08,0.014540843
0.0,2.5262293e-07,0.001749949,0.0017960235,6.497337e-08,0.014986462
0.0,2.3740019e-07,0.0033296754,0.005029755,6.392318e-08,0.020681182
0.0,2.377534e-07,0.003324605,0.0034228365,5.636188e-08,0.011047151
0.0,2.1006554e-07,0.0031175856,0.0032658807,5.050862e-08,0.014174563
0.0,2.2798697e-07,0.0031128381,0.001324612,3.4959577e-08,0.018529799
0.0,2.0152326e-07,0.0030156756,0.0027922494,3.9477822e-08,0.00861754
0.0,1.7616283e-07,0.002088389,0.0015295803,3.849316e-08,0.028180975
0.0,1.67464e-07,0.0022541627,0.0017400227,3.2642014e-08,0.006293161
0.0,1.6043789e-07,0.0020350374,0.0013393768,2.996306e-08,0.005078679
0.0,1.5319746e-07,0.0020319382,0.0020431476,2.785808e-08,0.0074031493
0.0,1.4277911e-07,0.001587878,0.0038436083,2.9730455e-08,0.02941843
0.0,1.3737491e-07,0.0017374033,0.0015532298,2.8943187e-08,0.0054746927
0.0,1.6443536e-07,0.00092443,0.0011218864,2.0456522e-08,0.0049030874
0.0,1.5156465e-07,0.0012475646,0.0011511267,2.2965528e-08,0.008195586
0.0,1.3697127e-07,0.00078599545,0.0039714784,509.00412,0.015607765
0.0,1.2353937e-07,0.00074104115,0.0014995714,1650.6785,0.00821235
0.0,1.0891115e-07,0.006593037,0.0035527095,1396.3458,0.00889366
0.0,9.9050084e-08,0.0065829945,0.0015199531,220.63405,0.014787957
0.0,9.711391e-08,0.005279872,0.0025778012,84.46698,0.010794731
0.0,8.916947e-08,0.0046948995,0.0013352549,7.2787e-09,0.015044584
0.0,8.422356e-08,0.004687748,0.0089042755,7.1077326e-09,0.011517323
0.0,8.500634e-08,0.00430237,0.00814522,5.1418416e-09,0.016967341
0.0,9.188128e-08,0.0034650275,0.003936061,4.5174886e-09,0.010152619
0.0,7.010601e-08,0.0031727627,0.004865451,4.890018e-09,0.014878557
0.0,6.647638e-08,0.0022932664,0.0018894513,6.086268e-09,0.009973161
0.0,6.270343e-08,0.002066715,0.0058437013,5.068806e-09,0.01779585
0.0,5.9355294e-08,0.0046935123,0.0023778381,4.999254e-09,0.006344827
0.0,5.6862117e-08,0.003984872,0.0042014485,7.006391e-09,0.004808785
0.0,5.4641298e-08,0.0022660152,0.0012564515,6.8456667e-09,0.001959871
0.0,5.2208485e-08,0.0015607686,0.003991929,1907.4901,0.004025592
0.0,7.9140165e-08,0.013008484,0.001054284,2009.9202,0.0032634756
0.0,4.760389e-08,0.0061680814,0.003491335,4528.355,0.004075651
0.0,4.4536552e-08,0.0054512015,0.0025647955,11740.826,0.008258244
0.0,4.2114348e-08,0.005008547,0.0066039166,20503.816,0.014596593
0.0,5.179462e-08,0.0014749672,0.0042916946,8596.918,0.008275237
0.0,5.2217505e-08,0.001370903,0.0018054934,418.91544,0.020310191
0.0,3.484681e-08,0.00092084875,0.010339916,3454.0515,0.01095841
0.0,3.2572228e-08,0.0022488497,0.0075104865,6288.832,0.013868617
0.0,3.2894693e-08,0.002245421,0.0047444394,13695.697,0.014900467
0.0,2.8823244e-08,0.0015727308,0.0047422443,14471.499,0.01038865
0.0,2.7284894e-08,0.0014928181,0.0020510065,9292.934,0.012162742
0.0,2.579907e-08,0.0014905422,0.0050786026,8044.866,0.013236641
0.0,2.4403583e-08,0.0013582866,0.00224554,662.1787,0.010481778
0.0,2.4271428e-08,0.005770425,0.002417045,1.0641641e-08,0.0118376035
0.0,2.7300207e-08,0.004649103,0.0009585381,8.821888e-09,0.0058835275
0.0,3.0172842e-08,0.0037356943,0.0041908524,7.105509e-09,0.01513253
0.0,1.9591031e-08,0.0023516521,0.00514733,5.6104295e-09,0.017163238
0.0,1.845929e-08,0.0031081955,0.0021951257,6.8535373e-09,0.014932334
0.0,1.7373045e-08,0.0017181156,0.007857758,8.2067695e-09,0.0146625005
0.0,1.6360424e-08,0.0016909594,0.004029913,6.1881607e-09,0.0087395515
0.0,1.5462971e-08,0.0008524097,0.002369052,5.6032103e-09,0.010762013
0.0,1.4559697e-08,0.007362412,0.0028330022,4.3336192e-09,0.021387696
0.0,1.3694508e-08,0.001814109,0.0014211875,3.957826e-09,0.007062866
0.0,1.6584117e-08,0.001688601,0.008655362,3.1769916e-09,0.028357768
0.0,1.1915063e-08,0.0007216681,0.0137773175,2.8722822e-09,0.010078376
0.0,1.0994218e-08,0.003294873,0.01362827,2.9917704e-09,0.021308111
0.0,1.2493345e-08,0.0026708087,0.010242111,2.1113595e-09,0.007831433
0.0,9.4951895e-09,0.0023772046,0.008413846,1.7363297e-09,0.011814826
0.0,1.03703695e-08,0.0023735762,0.004394062,1.6006901e-09,0.022821367
0.0,1.0423026e-08,0.0023652955,0.006935015,1.563198e-09,0.01011119
0.0,7.8459035e-09,0.00089961174,0.0029253922,1.7365778e-09,0.0110894395
0.0,1.5515035e-08,0.001708877,0.0036907326,1.4099566e-09,0.017061021
0.0,1.4072558e-08,0.0015233266,0.0018335799,1.530866e-09,0.011872074
0.0,6.6093606e-09,0.0016369002,0.0059955237,1.6148992e-09,0.014055981
0.0,6.2471726e-09,0.0014644435,0.002628225,1.7233555e-09,0.008185631
0.0,5.89135e-09,0.0025476632,0.004819978,1.7187534e-09,0.01178734
0.0,5.4785865e-09,0.0019840328,0.0041184407,2.2692013e-09,0.03827918
0.0,5.1551656e-09,0.0017810978,0.011874708,2.366196e-09,0.010784282
0.0,4.8079185e-09,0.0017783785,0.008991876,2.0192656e-09,0.012555518
0.0,4.5088764e-09,0.0018583394,0.004390924,1.9792532e-09,0.016485445
0.0,1.2153878e-08,0.0010356883,0.006543513,1.1157185e-09,0.017155224
0.0,3.9260573e-09,0.01893209,0.004693018,1.188822e-09,0.014716097
0.0,3.6661751e-09,0.008066738,0.009919015,1.6584601e-09,0.024509283
0.0,3.6321974e-09,0.0037479536,0.014677389,1.4903778e-09,0.008973069
0.0,9.011317e-09,0.0037422283,0.016889706,1.0877523e-09,0.02483801
0.0,4.9168207e-09,0.0014459466,0.011461596,9.050104e-10,0.0078025046
0.0,6.4834986e-09,0.005310349,0.012554122,7.726814e-10,0.012494182
0.0,6.3428907e-09,0.002220757,0.013284908,6.9228245e-10,0.026710434
0.0,6.4028236e-09,0.011642789,0.020609329,5.4879784e-10,0.0058527556
0.0,6.7073036e-09,0.0042957845,0.0053645633,4.4181486e-10,0.003948512
0.0,8.3934175e-09,0.003975422,0.0077621527,4.1362677e-10,0.009720157
0.0,2.587803e-09,0.002092246,0.020288315,3.3324288e-10,0.041971695
0.0,6.7503168e-09,0.026777217,0.012028274,2.6800875e-10,0.012141976
0.0,4.954898e-09,0.026736284,0.010219766,2.2600884e-10,0.020437818
0.0,6.3322982e-09,0.014249139,0.009957673,2.0183599e-10,0.009101902
0.0,2.8658105e-09,0.009168237,0.01766537,1.7535083e-10,0.03679809
0.0,2.4182658e-09,0.006250546,0.0063920533,1.5153524e-10,0.0077977413
0.0,2.617392e-09,0.00505161,0.009924487,9.414018e-11,0.023905657
0.0,2.8280631e-09,0.0050438866,0.014660768,7.2717256e-11,0.013281355
0.0,4.0563686e-09,0.005036175,0.012821126,8.131829e-11,0.01922127
0.0,3.824611e-09,0.00445101,0.007588383,6.667283e-11,0.010415871
0.0,9.300562e-09,0.0035151232,0.011227007,1.4702704e-10,0.01883569
0.0,1.7810864e-09,0.0030395966,0.003844424,1.5534603e-10,0.0070546744
0.0,2.0441535e-09,0.015298527,0.0022250905,1.4730835e-10,0.0039171744
0.0,3.729599e-09,0.005940816,0.00048846006,1.2834471e-10,0.0020327547
0.0,6.028816e-10,0.0035678048,0.000806552,3.4093936e-10,0.003208954
0.0,5.7519467e-10,0.0036962056,0.00522523,4.874869e-10,0.0034098793
0.0,1.4845423e-09,0.002306743,0.002540496,4.0678722e-10,0.0059224623
0.0,1.6070566e-09,0.006253192,0.001633538,3.300133e-10,0.0044951066
0.0,1.7585564e-09,0.0052159396,0.0008521956,2.8170435e-10,0.005425137
0.0,1.9833895e-09,0.0016940401,0.0024525332,2.1504716e-10,0.0041338564
0.0,1.039118e-09,0.0012482711,0.0013723695,2.306611e-10,0.006283049
0.0,3.3100427e-09,0.0014847008,0.0019440498,1.6029253e-10,0.009656236
0.0,2.2486395e-09,0.0014484324,0.0010859638,1.3458819e-10,0.00980073
0.0,8.6960924e-08,0.0006745359,0.0028081958,7.360473e-11,0.011109069
0.0,2.2911588e-09,0.0007337572,0.001089831,1.15812554e-10,0.008907021
0.0,2.9128362e-09,0.001346711,0.0010278488,1.13357e-10,0.004233994
0.0,9.978413e-10,0.0013446508,0.0010267594,9.113948e-11,0.004329192
0.0,3.1834238e-10,0.0006970121,0.002977685,1.307124e-10,0.0042749457
0.0,2.7712364e-09,0.00069594575,0.00096430286,1.1055972e-10,0.0039594187
0.0,2.2759659e-09,0.000694881,0.0006992125,9.985038e-11,0.0015487028
0.0,2.783109e-10,0.00044760865,0.002301797,1.07096984e-10,0.00212538
0.0,2.2402469e-09,0.00044692383,0.00043528754,1.2811688e-10,0.00083187816
0.0,2.5951932e-10,0.00054716616,0.0005444515,1.4684351e-10,0.0009948295
0.0,2.5784572e-10,0.0008127999,0.0028149125,1.3537668e-10,0.0016594985
0.0,6.299249e-10,0.0007733615,0.00080859684,1.0363839e-10,0.0016877964
0.0,2.2697548e-09,0.0019480193,0.00046283632,6.90573e-11,0.0012049667
0.0,1.390935e-09,0.0017234642,0.0011066092,7.740727e-11,0.0018052082
0.0,9.483838e-10,0.0017208273,0.0014210176,5.992392e-11,0.0016187507
0.0,6.382384e-10,0.0012654415,0.0008125325,6.7598684e-11,0.001644512
0.0,1.9396046e-10,0.0017449415,0.00059351866,8.60966e-11,0.0006053945
0.0,1.8855714e-10,0.0015700979,0.0008271358,1.8113806e-10,0.000575857
0.0,1.817316e-10,0.003174693,0.0008944712,2.3226035e-10,0.0016229635
0.0,1.7612428e-10,0.0013039365,0.0004981009,2.041677e-10,0.00059771806
0.0,1.7102449e-10,0.002357309,0.0005018192,1.9178593e-10,0.00049062195
0.0,1.6700007e-10,0.0023537008,0.0003504314,1.2388893e-10,0.00039965208
0.0,9.663922e-10,0.0023500985,0.0003087699,2.0746352e-10,0.0003484275
0.0,9.730061e-10,0.0011498228,0.00020859228,2.021438e-10,0.0002931489
0.0,9.2624036e-10,0.0009300707,0.00020516673,1.9597603e-10,0.00029261864
0.0,1.4986219e-10,0.0009286471,9.263412e-05,1.6373924e-10,0.00018673748
0.0,4.8091375e-10,0.00046146885,2.851102e-05,1.8245322e-10,0.000114224014
0.0,1.024034e-09,0.0004607625,6.553373e-06,1.5427987e-10,6.0886712e-05
0.0,5.1679444e-10,0.00046005723,1.7958113e-06,1.3786396e-10,5.362113e-05
0.0,1.3674548e-10,0.00040529436,5.342129e-07,1.2644914e-10,9.7186006e-05
0.0,5.447002e-10,0.00040467398,1.5015905e-07,1.431185e-10,5.064552e-05
0.0,1.3057518e-10,0.00023678665,7.09898e-08,1.2399357e-10,5.926748e-05
0.0,1.2747282e-10,0.00023642421,3.9301977e-08,1.4150948e-10,6.1031675e-05
0.0,1.1541009e-09,0.0002360623,3.5275406e-08,1.4365835e-10,4.087195e-05
0.0,1.2199591e-09,0.00023570097,1.9546777e-08,1.2576558e-10,1.8534694e-05
0.0,1.2142647e-10,0.00013845655,3.9892523e-08,1.4715042e-10,2.4269293e-05
0.0,3.3496034e-10,6.0704093e-05,5.291201e-08,1.2734942e-10,2.443817e-05
0.0,1.1591933e-10,1.1893571e-05,4.6347605e-08,1.371237e-10,1.9175179e-05
0.0,1.1289769e-10,7.625129e-06,3.5359232e-08,1.3433676e-10,2.4598563e-05
0.0,1.10752185e-10,4.8844886e-06,2.527519e-08,1.6359067e-10,1.7884655e-05
0.0,1.2954934e-09,3.2529986e-06,2.7566418e-08,1.2002396e-10,2.5191519e-05
0.0,6.9069395e-10,3.2480154e-06,2.7725715e-08,1.2972863e-10,2.235603e-05
0.0,1.0300454e-10,3.24304e-06,5.2062735e-08,1.2006823e-10,2.1606595e-05
0.0,8.009084e-10,3.2380722e-06,7.842841e-08,1.0285581e-10,3.1454016e-05
0.0,9.7626365e-11,2.7188091e-06,5.6644325e-08,1.0082156e-10,2.1730852e-05
0.0,3.4907546e-10,1.772098e-06,4.9563713e-08,9.692227e-11,2.202203e-05
0.0,2.7266053e-10,1.0916632e-06,4.0199616e-08,7.281417e-11,2.1638829e-05
0.0,9.1411885e-11,9.400146e-07,2.6689332e-08,1.0561607e-10,1.7569146e-05
0.0,9.326192e-10,8.484367e-07,1.2383629e-08,8.8605845e-11,2.0782496e-05
0.0,8.8114405e-11,8.4713673e-07,6.714591e-09,1.5282832e-10,9.906906e-06
0.0,2.5059014e-08,7.5724915e-07,1.2609548e-09,2.6310214e-11,1.515479e-05
0.0,8.5513305e-11,7.560889e-07,9.2893554e-10,5.2143182e-11,1.8100436e-05
0.0,8.393625e-11,7.549305e-07,6.322623e-09,1.1914189e-10,1.618525e-05
0.0,5.3986335e-09,5.7665744e-07,1.6309063e-08,1.0885823e-10,1.5911559e-05
0.0,8.1422674e-11,5.757739e-07,1.14897e-08,1.4854536e-10,1.1567969e-05
0.0,2.2926706e-08,4.7044284e-07,1.0686128e-08,1.01525274e-10,1.4757472e-05
0.0,8.241325e-08,2.6943567e-07,4.449655e-09,5.016631e-11,1.9661147e-05
0.0,8.5377044e-10,2.6902285e-07,1.0837143e-08,1.07350066e-10,1.6446134e-05
0.0,7.581975e-11,2.6861065e-07,5.6212595e-09,1.5838311e-10,1.2976679e-05
0.0,4.0998338e-10,2.405332e-07,5.1362967e-09,1.3300668e-10,1.475996e-05
0.0,1.723835e-10,1.4884704e-07,9.633048e-09,1.3311227e-10,1.4231082e-05
0.0,1.9487542e-08,1.4861897e-07,8.177228e-09,7.7032e-11,3.136004e-05
0.0,6.973812e-11,1.4839125e-07,3.3738528e-09,7.9089256e-11,2.5395633e-05
0.0,2.6215335e-10,1.4816388e-07,1.0352373e-08,8.8497626e-11,2.3848288e-05
0.0,1.232731e-09,9.469703e-08,7.0197372e-09,7.3134734e-11,1.7919123e-05
0.0,6.633342e-11,9.455193e-08,1.1608319e-08,1.6618736e-10,6.8455442e-06
0.0,5.7763677e-10,9.440705e-08,1.1322146e-08,1.1329328e-10,1.1639002e-05
0.0,1.2295197e-09,9.426239e-08,9.176145e-09,5.17392e-11,1.3738603e-05
0.0,1.8563783e-08,8.35557e-08,7.6978495e-09,1.3995906e-10,6.659698e-06
0.0,1.4584126e-07,7.405831e-08,1.7501791e-09,2.064405e-10,5.6238728e-06
0.0,6.284193e-11,7.394484e-08,4.1079535e-09,1.8022293e-10,1.3499714e-05
0.0,1.2302861e-09,5.9925796e-08,1.2612208e-08,2.0026264e-10,1.6710172e-05
0.0,6.083854e-11,5.983397e-08,1.3418949e-08,2.1733454e-10,1.32615705e-05
0.0,1.5324536e-09,5.974229e-08,1.89733e-08,1.8539864e-10,1.5848691e-05
0.0,7.6553375e-10,5.9650745e-08,2.522801e-08,1.7854639e-10,1.9428786e-05
0.0,9.1782726e-10,5.9559348e-08,2.1492209e-08,1.5601181e-10,2.2591104e-05
0.0,1.9599675e-09,5.9468086e-08,9.6844825e-09,1.0481904e-10,2.810039e-05
0.0,2.5628004e-09,5.9376966e-08,3.2714944e-09,3.4530945000000003e-16,3.6881018e-05
0.0,2.7299563e-09,5.928598e-08,3.1393315e-09,8.1213605e-11,2.3376357e-05
0.0,3.8678588e-10,5.919514e-08,2.1930315e-09,1.400176e-10,1.9078876e-05
0.0,5.156321e-11,5.9104437e-08,8.317799e-10,2.5508598e-10,1.4666575e-05
0.0,5.0652565e-11,5.901387e-08,8.9060914e-10,1.9698598e-10,1.8986102e-05
0.0,4.968947e-11,5.8923447e-08,5.6730687e-09,1.9339326e-10,2.317877e-05
0.0,2.3807678e-08,5.883316e-08,4.1904915e-09,1.5078956e-10,3.337945e-05
0.0,4.6966705e-11,5.8743012e-08,3.775389e-09,2.4302363e-10,3.1881445e-05
0.0,4.6053817e-11,6.838312e-08,1.3621037e-09,3.2242653e-10,2.3110795e-05
0.0,4.5036593e-11,2.0085955e-07,1.9836037e-08,3.4929998e-10,2.0579933e-05
0.0,4.3937118e-11,1.9114034e-07,3.53971e-08,3.441546e-10,2.2092854e-05
0.0,4.278276e-11,1.9084746e-07,3.0732604e-08,3.2336211e-10,2.327039e-05
0.0,1.2480232e-09,3.4145936e-07,1.7796136e-08,2.675499e-10,2.2049551e-05
0.0,1.2644508e-09,3.731575e-07,1.3940527e-08,2.4955493e-10,3.1049844e-05
0.0,3.897295e-11,8.9012354e-07,8.455028e-08,3.0399308e-10,3.2487704e-05
0.0,3.7864923e-11,1.0000165e-06,8.2454406e-08,3.8743353e-10,2.7776581e-05
0.0,3.6831635e-11,9.795143e-07,5.1005678e-08,3.578333e-10,2.3808732e-05
0.0,3.5568964e-11,9.737498e-07,6.3313415e-08,3.1274391e-10,3.500495e-05
0.0,1.2476676e-09,9.87007e-07,4.5562636e-08,2.0502043e-10,4.259358e-05
0.0,3.2987387e-11,1.7402763e-06,5.8245494e-08,2.3081784e-10,4.2840245e-05
0.0,1.123763e-09,1.7376094e-06,7.9163854e-08,1.5705288e-10,4.4542157e-05
0.0,3.0914243e-11,1.7349466e-06,1.1268212e-07,1.7341625e-10,3.3043565e-05
0.0,9.710351e-09,1.732288e-06,6.1412277e-07,1.8975141e-10,4.668481e-05
0.0,1.0121809e-08,5.630021e-06,5.288326e-07,1.2996491e-10,6.1962106e-05
0.0,1.4968892e-08,1.4743678e-05,4.3188217e-07,1.569455e-10,5.076419e-05
0.0,2.6198306e-11,1.2606604e-05,9.754064e-07,2.760669e-10,4.2187366e-05
0.0,2.4946363e-11,1.07323385e-05,1.0100039e-06,2.1068293e-10,6.108658e-05
0.0,1.9473223e-10,1.1527822e-05,8.301682e-07,1.9412244e-10,5.752682e-05
0.0,1.0143216e-09,1.0916048e-05,6.941268e-07,1.371591e-10,6.876095e-05
0.0,7.762543e-10,3.7535636e-05,1.8891219e-06,1.3207527e-10,7.249404e-05
0.0,8.097076e-11,8.149611e-05,4.252443e-06,1.089721e-10,8.674831e-05
0.0,1.8676e-11,7.3223455e-05,1.0020926e-05,8.729808e-11,0.00012121162
0.0,7.305227e-10,6.423936e-05,1.840519e-05,7.003051e-11,0.00012960755
0.0,6.7855743e-10,5.7059227e-05,1.6333834e-05,4.643864e-11,0.000120423945
0.0,1.5412402e-11,7.4614916e-05,2.259575e-05,5.2905614e-11,0.00011991944
0.0,1.729776e-10,8.4794534e-05,5.855099e-05,5.63126e-11,9.7087606e-05
0.0,3.8410788e-10,0.000141374,4.9480877e-05,4.5493755e-11,9.939154e-05
0.0,2.8669117e-10,0.0002348708,8.761285e-05,3.8016406e-11,0.00012325049
0.0,1.8961417e-10,0.0019516583,0.00023061974,2.854759e-11,0.00014017028
0.0,2.377752e-10,0.0013936564,0.0016452123,2.2241467e-11,0.00023235081
0.0,1.03213245e-11,0.010654256,0.005524066,2.1461211e-11,0.00047900848
0.0,9.545388e-12,0.0067026573,0.010498252,3.0297185e-11,0.0007153365
0.0,8.878499e-12,0.003544832,0.009995707,7.0231286e-11,0.0019059586
0.0,8.252348e-12,0.0014340711,0.010164198,5.771558e-11,0.0019340497
0.0,3.3616815e-10,0.0018652773,0.011114332,5.3441397e-11,0.002722226
0.0,7.051752e-12,0.0016166037,0.029734544,3.7127454e-11,0.0045590806
0.0,5.486542e-10,0.002542975,0.013169273,2.9822093e-11,0.023654822
0.0,4.8442788e-11,0.002120644,0.042904936,2.818699e-11,0.02717071
0.0,4.3750502e-12,0.0018796899,0.02018022,5.362866e-11,0.020415062
0.0,4.083207e-10,0.0007999411,0.031662535,3.26069e-11,0.04557518
0.0,3.6782197e-10,0.001470331,0.00863707,2.814648e-11,0.009803232
0.0,2.3398503e-10,0.0045728884,0.01894459,2.3516217e-11,0.04254212
0.0,1.2197754e-10,0.0022384145,0.046818357,1.7307204e-11,0.022788357
0.0,2.006472e-12,0.0027734165,0.016682012,1.43301525e-11,0.052156802
0.0,1.8159711e-10,0.003794074,0.028980326,9.4751845e-12,0.034702387
0.0,1.5328694e-12,0.00297661,0.015339037,7.453611e-12,0.041503053
0.0,1.398638e-12,0.0061869067,0.03686615,1.1989923e-11,0.02260797
0.0,1.1536295e-12,0.0056228098,0.009037736,2.5159961e-11,0.026981078
0.0,1.0634574e-12,0.0056141773,0.017511088,2.3923736e-11,0.018088626
0.0,9.640354e-13,0.0055883713,0.047721777,1.8737551e-11,0.042256627
0.0,4.2270937e-11,0.0045564724,0.014528739,1.7201978e-11,0.009775499
0.0,6.949449e-13,0.004889614,0.021930387,2.1505811e-11,0.027337566
0.0,1.3489523e-10,0.004262972,0.014193787,1.8218139e-11,0.01043349
0.0,1.1167164e-10,0.0026054762,0.02190102,1.3632743e-11,0.02915063
0.0,5.048814e-13,0.010048322,0.013959985,1.3057888e-11,0.015047399
0.0,4.6487337e-13,0.0060006087,0.016762536,1.0595041e-11,0.03165303
0.0,7.123579e-11,0.0028676158,0.022458205,9.7263265e-12,0.010795562
0.0,4.439351e-12,0.0031021826,0.019758234,1.0306245e-11,0.040131636
0.0,6.4694214e-12,0.0024300073,0.0104941735,3.603052e-11,0.009386439
0.0,3.1677078e-13,0.012461751,0.01180584,2.2628956e-11,0.018180456
0.0,2.928872e-13,0.0043154764,0.014924903,2.6775856e-11,0.023235086
0.0,7.880406e-11,0.0056231953,0.02229842,2.2263847e-11,0.009750538
0.0,2.373734e-13,0.0048922114,0.022091014,1.710983e-11,0.03063169
0.0,2.1228787e-13,0.0023175005,0.019545367,1.5770454e-11,0.0075159785
0.0,1.9228796e-13,0.011022349,0.023415953,2.237929e-11,0.017595543
0.0,1.720556e-13,0.006794053,0.0116379615,2.5494822e-11,0.011341344
0.0,1.5987186e-13,0.002488876,0.008337684,3.1032454e-11,0.019874036
0.0,1.4910839e-13,0.019996455,0.01266742,3.0764752e-11,0.0094293365
0.0,5.978655e-11,0.0072154487,0.0146148065,2.3329049e-11,0.028732948
0.0,1.2660557e-13,0.002615582,0.0067869187,2.876063e-11,0.008050112
0.0,1.1855484e-13,0.018664176,0.011203568,2.3932061e-11,0.010978009
0.0,4.344608e-10,0.012873432,0.013690993,2.636828e-11,0.036117174
0.0,1.0090495e-13,0.0077703414,0.013332769,2.1015634e-11,0.010705204
0.0,1.3104813e-11,0.011533616,0.010232958,1.8711789e-11,0.015452483
0.0,8.680018e-14,0.0067997,0.015830802,2.0422585e-11,0.01898507
0.0,7.939912e-14,0.003003484,0.023903884,1.6581852e-11,0.020056626
0.0,7.081444e-14,0.0029455433,0.010607432,1.8539913e-11,0.02384907
0.0,5.442058e-11,0.00223241,0.020990998,1.4508494e-11,0.023233125
0.0,5.8108e-14,0.03094957,0.015554601,2.3254189e-11,0.034260113
0.0,5.3375466e-14,0.0146144545,0.013697742,1.9633168e-11,0.010340767
0.0,4.9372273e-14,0.008173566,0.01262877,2.0967466e-11,0.014214244
0.0,4.5770255e-14,0.0074513312,0.009188535,1.8807875e-11,0.023377819
0.0,1.8115776e-11,0.006676506,0.009937436,1.33400565e-11,0.008543356
0.0,4.4305268e-11,0.002782968,0.011010397,9.702515e-12,0.021717312
0.0,2.028605e-11,0.0023995352,0.010505259,8.994327e-12,0.00898718
0.0,6.9033043e-12,0.0017983139,0.0041354853,8.051014e-12,0.0090122055
0.0,2.926396e-11,0.0017039148,0.00747256,5.9654976e-12,0.020172594
0.0,2.2979191e-11,0.0015172133,0.005864005,4.7784988e-12,0.008287612
0.0,2.5406153e-11,0.0015148799,0.002687645,4.7492665e-12,0.011404597
0.0,2.6640484e-14,0.0013516018,0.004784866,4.475672e-12,0.01673321
0.0,2.1791598e-11,0.0031335747,0.0017748859,3.903463e-12,0.0085066715
0.0,3.038089e-11,0.0031287554,0.0033148492,3.0577684e-12,0.01795524
0.0,8.17496e-12,0.0031239435,0.0026233366,2.5393633e-12,0.01301015
0.0,2.090318e-14,0.0025294258,0.0046878867,2.6802941e-12,0.017775115
0.0,5.107884e-11,0.003398509,0.002401421,1.9798104e-12,0.014172923
0.0,2.493911e-11,0.0014889695,0.004257362,1.8972276e-12,0.016522435
0.0,1.7447093e-14,0.0022510928,0.0021426706,3.0272152e-12,0.013792535
0.0,1.6425807e-14,0.0019811026,0.0078053107,4.6359713e-12,0.018046893
0.0,1.586127e-11,0.0017631372,0.00492098,3.930074e-12,0.009504354
0.0,1.3005162e-11,0.0071666106,0.0017562979,3.3063333e-12,0.007895957
0.0,1.366835e-14,0.002219662,0.007621216,3.183048e-12,0.024263557
0.0,1.2863018e-14,0.0023817546,0.0038554033,3.4409268e-12,0.0063695707
0.0,1.0837142e-12,0.002378091,0.0026436879,3.3635649e-12,0.008188937
0.0,1.9633363e-11,0.0066544157,0.001855346,2.799278e-12,0.013055098
0.0,1.0819039e-14,0.010351456,0.0019338438,3.2834527e-12,0.013266441
0.0,6.442024e-12,0.005204565,0.0046355864,2.4275543e-12,0.029366596
0.0,1.496998e-11,0.0037751081,0.0026764947,2.0683203e-12,0.0057526263
0.0,8.964729e-15,0.0011960666,0.0055933557,2.9821937e-12,0.009073051
0.0,2.0764868e-12,0.0033107593,0.0037660787,2.1621914e-12,0.01588998
0.0,7.903577e-15,0.003305666,0.0029281504,2.6574107e-12,0.020214343
0.0,1.16646545e-11,0.013078967,0.003485205,2.0387537e-12,0.009197306
0.0,7.0187475e-15,0.0071823373,0.0014503823,3.8272168e-12,0.013850988
0.0,3.1344031e-12,0.0017460819,0.0032998435,2.8803713e-12,0.02143956
0.0,6.3165024e-12,0.0019593919,0.001342044,2.3708088e-12,0.00822374
0.0,5.886401e-15,0.0018803065,0.0040054456,2.5270732e-12,0.016081138
0.0,1.1916928e-11,0.0010067604,0.0016464924,1.8762223e-12,0.014686887
0.0,5.2351735e-15,0.0015724064,0.007288387,1.5931828e-12,0.017570203
0.0,4.9201412e-15,0.0013966134,0.0044528395,1.4227507e-12,0.0089064175
0.0,1.6669895e-12,0.001143145,0.0029453451,1.6339244e-12,0.013812506
0.0,1.4586233e-11,0.0014031009,0.0035994768,1.1358707e-12,0.021221131
0.0,2.0176586e-11,0.0012990491,0.003269879,8.222175e-13,0.009161255
0.0,3.7520874e-15,0.000767497,0.003807943,8.6789137e-13,0.03207748
0.0,3.518602e-15,0.0018288157,0.004994417,1.1390869e-12,0.0089296065
0.0,1.3047914e-11,0.0010103746,0.002571417,9.0550527e-13,0.018399842
0.0,6.145348e-12,0.00100882,0.0073162443,8.307488e-13,0.017600438
0.0,2.8533605e-15,0.0006968563,0.008694798,6.3287467e-13,0.016914424
0.0,2.6689271e-15,0.004830809,0.008118225,6.964898e-13,0.015229342
0.0,1.3136971e-11,0.00392442,0.004743296,5.716335e-13,0.015393835
0.0,6.408442e-13,0.005847631,0.009916858,4.898236e-13,0.016489018
0.0,6.130689e-12,0.004522009,0.008866376,4.0876002e-13,0.015882827
0.0,7.439125e-12,0.0027534245,0.0052636256,3.154635e-13,0.010647413
0.0,4.556458e-12,0.0024955897,0.0069453046,2.1670556e-13,0.018976316
0.0,1.7902679e-15,0.0018640875,0.0040383413,8.862048e-13,0.009205377
0.0,1.6895829e-15,0.0017219224,0.0016809808,9.651865e-13,0.01195748
0.0,1.6007233e-15,0.0017192729,0.004207462,8.6357955e-13,0.0137922475
0.0,1.5100642e-15,0.0017166274,0.0018397507,9.411996e-13,0.010953385
0.0,1.4275046e-15,0.0016791151,0.0057825623,8.9201877e-13,0.015998889
0.0,1.3543488e-11,0.0011187018,0.004750021,5.978519e-13,0.015093437
0.0,1.2770453e-11,0.0013415352,0.0051867277,4.8308737e-13,0.019362092
0.0,7.879932e-12,0.00081998424,0.0029898202,4.758218e-13,0.009311145
0.0,1.0963603e-15,0.004756144,0.010929767,7.371422e-13,0.021213617
0.0,1.0154507e-15,0.004748825,0.016852794,7.356613e-13,0.014592139
0.0,8.330032e-12,0.0025258216,0.0076203165,5.1809165e-13,0.014102396
0.0,2.8812105e-12,0.0030229366,0.0108506875,4.821501e-13,0.021057403
0.0,8.038186e-16,0.005083995,0.014748102,8.6341025e-13,0.014184066
0.0,7.3809816e-16,0.0014107984,0.021665026,7.493391e-13,0.040325228
0.0,6.653147e-16,0.0028089257,0.009596628,6.0192265e-13,0.0140918745
0.0,6.192620300000002e-16,0.012848449,0.013204624,7.670214e-13,0.02753747
0.0,5.730528e-16,0.00447002,0.010907325,8.678193e-13,0.012585008
0.0,5.340374e-16,0.011132107,0.009487966,8.3272603e-13,0.01567384
0.0,6.6335934e-12,0.0056903833,0.0032091592,7.3800097e-13,0.011733588
0.0,4.697101600000002e-16,0.0032833647,0.008734727,7.2888207e-13,0.018280137
0.0,4.3950205e-16,0.0109545635,0.0064256205,6.136515e-13,0.012548853
0.0,6.360359e-12,0.005316598,0.0042316336,4.6552134e-13,0.022006582
0.0,4.7594927e-12,0.002492757,0.0054735686,4.133704e-13,0.008413999
0.0,3.6233939000000005e-16,0.0021336426,0.0034930652,5.211078e-13,0.009307246
0.0,2.459394e-12,0.0010744497,0.0043330127,3.4524128e-13,0.029660078
0.0,1.667401e-12,0.0039925533,0.0033016617,2.6919772e-13,0.007894121
0.0,2.823228e-12,0.0014023593,0.0062435595,2.7379013e-13,0.018638987
0.0,9.087874e-13,0.0036990098,0.0073211505,2.2952248e-13,0.017664172
0.0,2.5542085e-16,0.0015066005,0.008548766,3.637038e-13,0.01989142
0.0,2.3870455000000003e-16,0.007928468,0.005573803,4.5234045e-13,0.022297624
0.0,2.240371e-16,0.007916262,0.010957415,5.5996e-13,0.019523285
0.0,1.5561072e-12,0.0070171584,0.0129184285,4.2594406e-13,0.026258461
0.0,1.9236072000000003e-16,0.006687952,0.007483757,3.7021512e-13,0.011488789
0.0,1.7924827000000002e-16,0.0048146555,0.014357177,3.569854e-13,0.025901673
0.0,1.426366e-13,0.0025275447,0.018234618,2.6833527e-13,0.020613529
0.0,1.1295851e-12,0.0019283238,0.018895235,1.9346341e-13,0.0290333
0.0,1.3590133e-16,0.0019253552,0.011057328,1.7564651e-13,0.011370803
0.0,1.2621903e-16,0.0008571144,0.009786108,1.6519347e-13,0.021580286
0.0,1.3635716e-12,0.0015906949,0.012419229,1.2555919e-13,0.009028844
0.0,3.1478416e-12,0.001315352,0.010486971,9.8695805e-14,0.016561076
0.0,1.8887923e-12,0.0021964873,0.02119382,8.079767e-14,0.024576852
0.0,1.3502427e-12,0.0020325796,0.0155568635,6.106411e-14,0.0227881
0.0,1.7609295e-10,0.0011238288,0.012696363,1.7992626e-13,0.0099756075
0.0,3.1083291e-12,0.0039605373,0.009804749,1.7534016e-13,0.016850254
0.0,8.1926734e-13,0.0012681468,0.006624264,1.4774723e-13,0.010181766
0.0,6.534469000000001e-17,0.002234262,0.00490448,1.4899105e-13,0.008250232
0.0,1.9792204e-12,0.0013190507,0.0015492608,1.2659067e-13,0.0075570084
0.0,1.4862774e-12,0.0017902794,0.006516322,8.6881125e-14,0.02177724
0.0,5.4162933e-17,0.0015036314,0.004327636,1.5110405e-13,0.008688403
0.0,2.6186963e-12,0.002648004,0.0021981713,1.1850141e-13,0.008877981
0.0,2.6218142e-10,0.002517933,0.004399972,8.4426834e-13,0.025675343
0.0,4.5341548e-17,0.0010776232,0.0028758466,8.832967e-13,0.01286974
0.0,2.4889142e-12,0.001784646,0.0016351849,7.0775173e-13,0.010057021
0.0,4.1500604000000004e-17,0.0007387801,0.0010572892,6.938074e-13,0.006815828
0.0,3.9584662e-17,0.0010628665,0.0032969648,8.4652576e-13,0.0075918506
0.0,7.2258406e-12,0.0016231218,0.0018384265,6.21645e-13,0.014676053
0.0,3.249431e-13,0.000978253,0.0017029357,6.2779437e-13,0.0072888443
0.0,3.3467612e-17,0.0011252032,0.002385325,7.1358165e-13,0.017078616
0.0,3.1191664e-17,0.0005475913,0.0013831444,6.4065013e-13,0.012666728
0.0,2.9560712000000004e-17,0.0020644835,0.0020780605,6.7698787e-13,0.013310997
0.0,2.7946843e-17,0.0067733033,0.0010442991,7.047433e-13,0.01453193
0.0,2.6630014e-17,0.0051537147,0.0032976295,9.099762e-13,0.008020312
0.0,2.5211726e-17,0.00408807,0.0013229385,1.3012657e-12,0.016208317
0.0,2.4163651e-17,0.0012021349,0.0024967978,1.2409225e-12,0.0050984835
0.0,1.8042438e-12,0.0011074927,0.00076287007,9.688216e-13,0.0045613423
0.0,2.1782744e-17,0.0017505029,0.0021404156,1.1020881e-12,0.0089152735
0.0,2.0655365e-17,0.003256663,0.001023575,1.1179367e-12,0.010002102
0.0,2.01192e-12,0.011226875,0.0014766195,1.0038487e-12,0.0067811855
0.0,1.9079346e-17,0.0045821285,0.00070059224,9.299477e-13,0.0039378223
0.0,1.8355583000000002e-17,0.0048859813,0.0020312541,9.029905e-13,0.0035032295
0.0,4.74053e-12,0.003508334,0.00072301726,1.3997242e-12,0.0015784868
0.0,1.7000876e-17,0.0030981952,0.002055962,1.1852504e-12,0.003362934
0.0,1.6160856e-17,0.0027102714,0.0009812117,8.224464e-13,0.0024716686
0.0,1.5426965e-17,0.002079285,0.0025414748,1.1333558e-12,0.003078591
0.0,1.4721082e-17,0.0014839461,0.00083640794,1.1852787e-12,0.0019006056
0.0,1.4096881e-17,0.0019478236,0.0013371741,1.1590947e-12,0.0025175961
0.0,2.703765e-12,0.001944823,0.0013116356,8.317862e-13,0.0031072802
0.0,1.2812459e-17,0.00172344,0.0017055337,8.428624e-13,0.0036430352
0.0,1.2257926e-17,0.0015423506,0.0005683073,7.301755e-13,0.0024526736
0.0,1.1868948e-17,0.0017058959,0.00042708399,8.307777e-13,0.0014246079
0.0,1.13559e-17,0.0015182843,0.0025235256,8.3964866e-13,0.0019634692
0.0,1.0943708e-17,0.0014006095,0.00060179556,9.049845e-13,0.001024101
0.0,1.90175e-12,0.0013460745,0.00033837793,7.3872435e-13,0.0011849602
0.0,1.4720618e-12,0.0007713818,0.00069572276,6.4704866e-13,0.0011293357
0.0,9.7773195e-18,0.000393823,0.00189733,6.703917e-13,0.0021350428
0.0,9.354797e-18,0.00033651898,0.000770682,6.0651717e-13,0.0011675932
0.0,8.959174e-18,0.00031326743,0.0020754104,5.627736e-13,0.0019238803
0.0,1.0257675e-12,0.00016177395,0.0007670464,4.5441548e-13,0.001200116
0.0,2.03478e-12,0.00016152472,0.0005842882,3.7842188e-13,0.0009489149
0.0,1.8416655e-12,0.0001425075,0.0004947799,2.9549125e-13,0.000997003
0.0,3.115435e-12,7.919753e-05,0.0003407357,2.1330619e-13,0.00081094494
0.0,2.6262586e-12,7.240628e-05,0.0003498401,2.0810897e-13,0.0007893669
0.0,1.3269537e-12,6.8941e-05,0.00043270088,1.7098616e-13,0.0008314633
0.0,7.07902e-18,6.883479e-05,0.00074320444,2.6960714e-13,0.0008605565
0.0,3.9876823e-13,4.504445e-05,0.0003734021,2.3619615e-13,0.00042591916
0.0,6.7082677e-18,2.515587e-05,0.00034968476,2.3753794e-13,0.0003195782
0.0,7.778749e-11,2.5117115e-05,0.00044972953,4.0371208e-13,0.0002946686
0.0,6.357325e-18,2.2155682e-05,0.00032543836,4.7084705e-13,0.00014036782
0.0,2.0507678e-12,1.7762894e-05,0.0001579791,3.8243603e-13,0.000115268704
0.0,4.6050352e-10,1.7735527e-05,6.2295e-05,2.1602406e-24,0.000115415656
0.0,5.945556e-18,1.2058494e-05,2.3101493e-05,7.181346e-13,3.7370504e-05
0.0,1.1174771e-11,1.2039915e-05,4.4418503e-06,6.878809e-13,3.6447527e-05
0.0,5.485451e-13,1.0633116e-05,1.421056e-06,7.248707e-13,4.4269233e-05
0.0,2.9101477e-10,1.06167345e-05,3.2439044e-07,8.109869e-13,4.8368947e-05
0.0,5.331713e-18,1.0600378e-05,2.1554645e-07,1.3019691e-12,0.00015753177
0.0,5.242833e-12,1.0584046e-05,1.2358325e-07,1.0193442e-12,0.00016962951
0.0,4.988497e-18,1.0567741e-05,1.1668041e-07,7.464928e-13,0.00026563424
0.0,6.8670677e-12,5.424639e-06,3.124885e-07,9.0460273e-13,0.00022500228
0.0,1.2131408e-11,5.416281e-06,2.7886807e-07,6.607544e-13,0.00019790574
0.0,1.3878726e-11,3.7897028e-06,1.2754565e-07,5.658559e-13,0.0001227103
0.0,3.5436493e-10,2.8605216e-06,1.0944101e-07,1.0561089e-12,7.1393835e-05
0.0,6.898336e-12,2.4923927e-06,2.076222e-07,9.319199e-13,0.00013083204
0.0,3.7054504e-12,1.7863308e-06,1.3196114e-07,7.9621796e-13,0.00016314628
0.0,1.7255204e-11,1.6134935e-06,8.987859e-08,4.779158e-13,0.0001420124
0.0,3.0999864e-10,1.6110073e-06,8.790634e-08,9.459279e-13,6.874921e-05
0.0,4.0164416e-18,1.0988505e-06,1.0223353e-07,7.747471e-13,6.4987165e-05
0.0,3.9496500000000004e-18,1.0971572e-06,1.7336104e-07,9.472107e-13,5.85237e-05
0.0,3.0340713e-12,8.2429733e-07,2.0411649e-07,1.0258265e-12,5.482584e-05
0.0,3.824827e-18,8.2302716e-07,1.2689608e-07,1.0429978e-12,2.7652513e-05
0.0,3.7733027e-18,5.940619e-07,7.533649e-08,1.2289755e-12,1.7078555e-05
0.0,3.738379499999999e-18,5.931464e-07,3.7337557e-08,1.1615405e-12,1.1020456e-05
0.0,1.6807625e-11,4.0020274e-07,3.0876137e-08,6.2437853e-13,1.8873561e-05
0.0,1.3252047e-11,3.99586e-07,2.3748482e-08,9.230481e-13,1.1668149e-05
0.0,5.755003e-12,3.9897026e-07,2.5005725e-08,1.0187174e-12,1.3657487e-05
0.0,7.217426e-12,2.3725643e-07,3.2582786e-08,9.219984e-13,1.5711516e-05
0.0,3.517542e-18,1.538717e-07,3.8855863e-08,8.46451e-13,1.7724005e-05
0.0,1.2745832e-12,1.5363457e-07,4.9274295e-08,9.570565e-13,2.5580292e-05
0.0,3.3975509000000003e-18,1.4077041e-07,3.083465e-08,1.6612768e-12,1.833934e-05
0.0,3.356659e-18,1.4055348e-07,1.31245494e-08,1.7943557e-12,1.4547915e-05
0.0,8.827834e-12,1.4033688e-07,3.840735e-09,1.4654795e-12,1.4251185e-05
0.0,4.4320576e-12,1.4012062e-07,3.077185e-09,1.4637928e-12,1.5441941e-05
0.0,3.2013838e-18,1.3990469e-07,2.3609423e-09,2.1881247e-12,1.6191614e-05
0.0,3.163819e-18,1.262832e-07,9.727369e-09,1.887936e-12,1.4623302e-05
0.0,3.1207725e-18,8.877106e-08,5.4816205e-09,1.872267e-12,1.3045057e-05
0.0,2.5078904e-12,8.863426e-08,1.814871e-09,1.7919527e-12,1.2688979e-05
0.0,3.0195900000000007e-18,8.218477e-08,3.0104523e-09,2.1928817e-12,1.7549155e-05
0.0,1.181292e-11,8.2058115e-08,4.666296e-09,8.3573177e-13,1.9177072e-05
0.0,8.147135e-12,6.385093e-08,1.4857204e-08,1.5615824e-12,1.8524614e-05
0.0,7.080092e-13,5.35626e-08,1.4714591e-08,1.7779719e-12,2.1896814e-05
0.0,2.5727259e-12,5.3480058e-08,2.3734001e-08,1.1741064e-12,2.1883454e-05
0.0,2.2752928e-12,4.573127e-08,1.0059842e-08,1.0049514e-12,1.9306963e-05
0.0,6.3980483e-13,4.2245507e-08,1.7492255e-08,1.2203729e-12,1.829922e-05
0.0,5.6972235e-12,4.2180403e-08,1.6007986e-08,1.2582064e-12,1.8023615e-05
0.0,9.138161e-12,4.528897e-08,7.0049153e-09,7.454827e-13,1.9246732e-05
0.0,5.848929e-12,4.225728e-08,1.4524219e-08,1.1614351e-12,1.5443748e-05
0.0,7.769863e-12,3.796391e-08,1.9036454e-08,9.606868e-13,1.7181672e-05
0.0,8.320068e-12,5.9705414e-08,2.7974929e-08,8.7411995e-13,1.8437084e-05
0.0,7.464724e-12,5.96134e-08,1.3537695e-08,8.320621e-13,1.4071586e-05
0.0,2.080369e-12,5.506915e-08,1.7748139e-08,9.427651e-13,1.2429036e-05
0.0,5.2054427e-11,5.4984284e-08,8.29605e-09,2.0295159e-12,5.847376e-06
0.0,2.551778e-12,5.4899544e-08,3.5338625e-09,1.3687065e-12,1.449966e-05
0.0,2.2865936e-18,5.078102e-08,9.112001e-09,1.3989907e-12,1.5940737e-05
0.0,6.4050735e-12,4.828577e-08,5.0374993e-09,1.1127766e-12,2.140763e-05
0.0,2.2046605e-18,4.8211355e-08,5.684831e-09,1.4443896e-12,1.7967981e-05
0.0,2.1586488e-18,4.024927e-08,1.8960343e-08,1.3005044e-12,2.2078362e-05
0.0,3.73624e-12,3.152283e-08,2.098591e-08,1.1134333e-12,2.4693323e-05
0.0,2.0686038e-18,2.847521e-08,1.0611718e-08,1.2294779e-12,1.96321e-05
0.0,2.0121756e-18,4.4407912e-08,4.8462527e-09,1.3051086e-12,2.7595415e-05
0.0,1.9528855e-18,2.9615848e-08,3.3194183e-09,9.95863e-13,3.6034548e-05
0.0,6.108575e-12,2.5824685e-08,2.0496456e-08,7.7772397e-13,3.9644256e-05
0.0,1.6461695e-12,4.3396668e-08,1.4956566e-08,8.600523e-13,3.1472657e-05
0.0,1.9353815e-12,1.9495646e-07,4.647387e-08,6.9997117e-13,2.7765733e-05
0.0,3.4799511e-12,2.1351187e-07,6.730972e-08,5.556346e-13,3.1252566e-05
0.0,1.6692745999999998e-18,2.1318279e-07,5.2565365e-08,8.355351e-13,3.1545675e-05
0.0,1.614131e-18,4.3457254e-07,2.4493369e-08,1.0617078e-12,3.3865264e-05
0.0,1.559624e-18,7.1073515e-07,1.005634e-08,1.0443036e-12,3.7395817e-05
0.0,6.970875e-13,3.0197607e-06,1.0796191e-08,1.3159775e-12,4.3602595e-05
0.0,1.9971204e-12,9.405994e-06,3.275387e-08,1.0481854e-12,4.8649403e-05
0.0,2.207015e-12,8.125034e-06,8.3537934e-08,9.439458e-13,4.718171e-05
0.0,8.4858113e-13,7.925321e-06,1.2550153e-07,8.162167e-13,4.832732e-05
0.0,1.9082075e-12,8.861188e-06,1.9139738e-07,6.2706914e-13,5.0936902e-05
0.0,2.5412081e-12,1.8141485e-05,3.3995204e-07,5.0702004e-13,5.8029967e-05
0.0,1.1473984e-18,3.7844307e-05,1.5476222e-06,4.814576e-13,7.2877076e-05
0.0,2.6945189e-12,5.4419448e-05,4.5246375e-06,6.7067814e-13,6.62865e-05
0.0,1.0377834e-18,4.723222e-05,9.313101e-06,9.470176e-13,6.6283406e-05
0.0,1.8689254e-12,3.8059097e-05,1.7346938e-05,7.3634615e-13,7.409449e-05
0.0,1.2648884e-12,3.9530452e-05,3.5957244e-05,6.2643163e-13,6.858309e-05
0.0,2.7219566e-12,0.000109267654,2.515823e-05,3.5525863e-13,0.00010054277
0.0,3.1209946e-12,7.24759e-05,2.063492e-05,3.7762485e-13,9.144623e-05
0.0,9.293798e-13,6.13029e-05,7.615496e-05,4.2154312e-13,8.182272e-05
0.0,5.080865e-13,6.065279e-05,0.00015070805,3.217922e-13,0.00010676291
0.0,6.9508674e-19,6.189533e-05,0.0005193218,3.1020466e-13,0.00014937749
0.0,6.5505224e-19,0.00053307984,0.0037368508,3.543976e-13,0.0003346285
0.0,6.173618999999999e-19,0.0005474398,0.0016115842,4.8989887e-13,0.0003359248
0.0,2.1887097e-13,0.0021008456,0.007440034,3.4800133e-13,0.00081882236
0.0,8.6106095e-13,0.003705623,0.00947539,2.5881294e-13,0.0014962715
0.0,1.2589755e-12,0.001091189,0.03250341,2.132833e-13,0.0031875083
0.0,9.291007e-13,0.0045482945,0.011247016,1.839756e-13,0.0024943675
0.0,1.9107795e-12,0.012984642,0.011049771,1.4614252e-13,0.0021869875
0.0,7.400012e-13,0.0032183803,0.025662106,1.2208434e-13,0.003955708
0.0,5.37939e-13,0.0028715646,0.019047987,9.602054e-14,0.02287052
0.0,8.8725674e-13,0.0012431942,0.024961146,7.56699e-14,0.03039039
0.0,8.340543e-14,0.0014216807,0.020714441,5.907857e-14,0.021963246
0.0,2.0688578e-19,0.005305019,0.021517174,2.0563104e-13,0.041193604
0.0,1.8502698e-19,0.0024755308,0.026222708,2.575695e-13,0.023050513
0.0,1.6273635e-19,0.01072797,0.012856408,2.6460835e-13,0.03093823
0.0,1.4971943e-19,0.015439885,0.044211067,2.501168e-13,0.013364745
0.0,1.1932965999999998e-19,0.0034303393,0.020856896,2.0817201e-13,0.054451946
0.0,1.0758426e-19,0.0037964918,0.02001145,1.7785518e-13,0.025279174
0.0,7.701147e-13,0.0027355216,0.025155772,1.186547e-13,0.025082136
0.0,8.3191267e-20,0.0023448213,0.01778893,9.619329e-14,0.021316556
0.0,7.584895999999999e-20,0.0013753304,0.01768124,1.1048472e-13,0.023317747
0.0,6.116192e-13,0.0037334135,0.027014261,7.672857e-14,0.029246021
0.0,5.842674e-20,0.0026409882,0.02634561,7.9539585e-14,0.022127923
0.0,2.6708637e-12,0.0020870988,0.023614898,8.156523e-14,0.040290244
0.0,4.505672e-20,0.008302484,0.022943528,1.0551352e-13,0.014038661
0.0,2.998704e-13,0.0077947127,0.027108217,8.0421286e-14,0.04556945
0.0,3.4282488e-20,0.0027609433,0.0147041455,6.0730894e-14,0.013409606
0.0,3.150343e-20,0.009506878,0.017520612,1.1849366e-13,0.035687212
0.0,3.6200565e-13,0.0069089164,0.036299832,7.171466e-14,0.013227045
0.0,7.778316e-14,0.0026052087,0.011609397,7.098702e-14,0.03772449
0.0,2.1404323e-20,0.0082262885,0.021506326,8.100444e-14,0.018237688
0.0,1.9245803e-20,0.006156585,0.014379548,8.8102065e-14,0.03464236
0.0,2.327372e-13,0.0038418507,0.024150988,6.107532e-14,0.011482117
0.0,3.0875053e-13,0.03226357,0.010741955,4.666764e-14,0.020710388
0.0,4.7367082e-14,0.014901804,0.01720939,3.6700965e-14,0.023964308
0.0,9.481127e-14,0.0043316474,0.033670843,2.95736e-14,0.019423477
0.0,4.5208962e-13,0.036005408,0.011135517,1.8039913e-14,0.057463553
0.0,2.1923128e-13,0.018842924,0.032375727,1.6723947e-14,0.029079828
0.0,2.2411653e-13,0.015173126,0.006654814,1.200647e-14,0.015128569
0.0,4.0429135e-13,0.013241345,0.0069994894,8.850241e-15,0.028067762
0.0,2.4048013e-13,0.009912746,0.014220993,7.278467e-15,0.013074355
0.0,1.5026255e-13,0.0054512178,0.02157583,5.8184095e-15,0.03415813
0.0,2.4304742e-13,0.0057808487,0.008797618,5.10015e-15,0.007538763
0.0,8.860705e-15,0.0050482713,0.021835988,3.5145853e-15,0.021889351
0.0,4.86005e-21,0.002137915,0.016895285,1.0095503e-14,0.011829615
0.0,1.3431407e-13,0.018973405,0.017163357,9.447452e-15,0.027498983
0.0,4.025655e-21,0.010522958,0.015608943,1.9071321e-14,0.0064386646
0.0,3.7074078e-21,0.0037962017,0.013829216,3.2140926e-14,0.013341275
0.0,3.404728e-21,0.034073543,0.02762037,3.8116632e-14,0.038669452
0.0,2.9755139000000007e-21,0.019213563,0.0127761755,4.7595184e-14,0.0077692014
0.0,2.7423277e-21,0.009568905,0.019135078,4.6198115e-14,0.032113127
0.0,4.5320406e-14,0.010578697,0.016200187,3.3085236e-14,0.015404073
0.0,2.2843713e-21,0.01693318,0.012842899,2.9326347e-14,0.021060681
0.0,2.0983391000000006e-21,0.0073859775,0.025784547,3.6187097e-14,0.018204773
0.0,6.371821e-14,0.007653595,0.012484206,2.9396668e-14,0.015102553
0.0,1.7160243000000002e-21,0.009956881,0.01370662,2.4657497e-14,0.023212405
0.0,1.5821629e-21,0.004202855,0.02020665,2.9951295e-14,0.010335244
0.0,1.4297415000000003e-21,0.010428938,0.015978046,4.3056585e-14,0.02784586
0.0,5.8969036e-15,0.0065828264,0.016225247,3.3710488e-14,0.00891159
0.0,1.2070917e-21,0.0019256014,0.008468539,2.4852883e-14,0.0109875705
0.0,1.138071e-21,0.0060186703,0.003858259,2.231923e-14,0.0069928514
0.0,8.718108e-14,0.002606878,0.0023145068,1.9376104e-14,0.01449438
0.0,7.507981e-14,0.0036023206,0.007075676,1.6782525e-14,0.020500662
0.0,9.366073e-22,0.005474506,0.006426687,1.5411739e-14,0.006963043
0.0,4.0364077000000005e-16,0.004082219,0.0043178652,1.28586445e-14,0.0198862
0.0,1.0307819e-13,0.010528704,0.0027657028,5.839971e-15,0.014907271
0.0,5.9651984e-14,0.007001314,0.0012763573,1.2593179e-14,0.014520073
0.0,4.418933e-14,0.004201131,0.0021948235,1.1269908e-14,0.011924928
0.0,6.9564230000000005e-22,0.0024886052,0.0012380386,1.2349284e-14,0.014025893
0.0,4.095447e-14,0.014372911,0.006736721,9.344345e-15,0.017838525
0.0,5.4565224e-12,0.009889883,0.0049479664,6.84161e-15,0.01656034
0.0,1.6308106e-11,0.0053637377,0.0040267515,6.356488e-15,0.01651692
0.0,5.368098e-22,0.004399068,0.0061409594,7.081357e-15,0.0075367177
0.0,7.514848e-15,0.0030636399,0.0028397848,5.9483863e-15,0.009798621
0.0,9.6417286e-14,0.0032370633,0.0048435633,4.3506365e-15,0.01847164
0.0,1.82022e-14,0.0020732784,0.0035987613,4.3129304e-15,0.011399184
0.0,2.6070062e-16,0.0031098023,0.00680723,4.099106e-15,0.01735828
0.0,3.438073e-14,0.0025995143,0.006173462,2.7286404e-15,0.021284496
0.0,7.131768e-14,0.0020514189,0.006889524,2.020471e-15,0.011758708
0.0,1.20558115e-14,0.0018375681,0.0051228856,2.0326775e-15,0.016499791
0.0,1.5910248e-14,0.0024618632,0.007108826,1.806757e-15,0.022878265
0.0,2.9728487000000004e-22,0.0015350652,0.00443757,2.5348511e-15,0.0069055674
0.0,2.7973997e-22,0.00176064,0.006152329,4.2560128e-15,0.010965982
0.0,2.226045e-14,0.0008542778,0.0037120604,3.6352613e-15,0.019581676
0.0,4.0242864e-14,0.0008327141,0.005105658,2.9510065e-15,0.011035225
0.0,3.7130228e-14,0.0018275792,0.0039398186,2.4763864e-15,0.020895781
0.0,3.429775e-14,0.0036082903,0.007976159,1.9065776e-15,0.014144517
0.0,2.3380883e-14,0.0020121404,0.0060934625,1.795896e-15,0.014411281
0.0,1.4284274e-14,0.018872833,0.0026759906,1.4602901e-15,0.013488887
0.0,5.238468e-15,0.00864206,0.0036119628,1.2087652e-15,0.013321046
0.0,2.2361273e-14,0.0017707142,0.001924802,1.0706297e-15,0.02633676
0.0,1.5757825000000001e-22,0.0012194245,0.0029563985,1.1228788e-15,0.0045190067
0.0,3.8053596e-14,0.0019511987,0.0010079081,6.0737514e-16,0.006196301
0.0,5.275025e-13,0.0018348661,0.0031581433,8.2963547e-16,0.007491771
0.0,2.949252e-14,0.0016270212,0.0018211121,6.3990253e-16,0.015367324
0.0,1.6995201e-14,0.001151828,0.0029822506,6.618830300000002e-16,0.008556398
0.0,1.2903894e-14,0.0037431023,0.0013536717,5.595506e-16,0.011762163
0.0,2.424922e-15,0.0030433282,0.006084791,4.626677e-16,0.026268825
0.0,1.166011e-14,0.0012292421,0.004743125,3.4763444000000003e-16,0.005749677
0.0,2.2059806e-14,0.0011021201,0.003806995,2.283099e-16,0.004353131
0.0,1.14463425e-14,0.004844896,0.002891513,2.1943977e-16,0.011004652
0.0,8.985215e-15,0.003636402,0.004492659,1.52315e-16,0.018518684
0.0,1.6585093e-14,0.001277615,0.0019556142,1.8462883e-16,0.015199831
0.0,1.2754514e-14,0.001030889,0.0048513133,1.4933462e-16,0.0132563785
0.0,7.166263000000001e-23,0.0032398696,0.002455282,5.402010300000001e-16,0.015451451
0.0,6.718916000000001e-23,0.010874548,0.008173026,9.654296e-16,0.018097037
0.0,5.476237e-15,0.0021593864,0.0068809413,8.236216400000002e-16,0.012731017
0.0,2.2223988e-14,0.0015253129,0.00536958,7.981445300000002e-16,0.025574263
0.0,1.288352e-14,0.003119355,0.009531943,6.739408600000001e-16,0.007159219
0.0,5.0566757e-23,0.0034239306,0.011478387,7.748573e-16,0.013870714
0.0,4.6680705e-23,0.0031427727,0.019181142,1.0241641e-15,0.03453136
0.0,4.2463657e-23,0.0027811686,0.012261951,1.1698327e-15,0.009401828
0.0,8.315126e-15,0.0020942495,0.014012524,8.4993075e-16,0.027271412
0.0,3.604211e-23,0.002091018,0.01279586,1.0794406e-15,0.006351802
0.0,3.335896e-23,0.0017041626,0.0111069,1.251954e-15,0.010289373
0.0,5.1015227e-15,0.0031554198,0.011325461,1.1330387e-15,0.016184462
0.0,1.2290248e-16,0.0019453313,0.015160192,1.1072884e-15,0.028002521
0.0,9.4363595e-15,0.005301932,0.009563839,8.526721e-16,0.008530678
0.0,1.2362995e-14,0.0029357253,0.008252791,6.6494977e-16,0.017277421
0.0,7.664418e-15,0.002974892,0.0073835487,5.795658e-16,0.012771255
0.0,2.1195265e-23,0.0016513412,0.011374344,5.8013864e-16,0.03795794
0.0,1.9608957e-23,0.0019995673,0.018152954,9.822002e-16,0.011397022
0.0,1.7908586e-23,0.0029664722,0.009978495,9.363354e-16,0.016792635
0.0,1.0107947e-14,0.0010898436,0.012263283,6.6516613e-16,0.016154207
0.0,1.5262802e-23,0.0017405248,0.014552213,7.3918104e-16,0.018525435
0.0,7.0329883e-15,0.0009266004,0.018276835,5.1308465e-16,0.021481689
0.0,2.9170991000000003e-16,0.0044205007,0.01176402,5.3234925e-16,0.012419442
0.0,1.4559492e-15,0.0034044583,0.016331337,3.755993e-16,0.026639432
0.0,1.0631373e-23,0.009792121,0.01686841,4.913079e-16,0.01573839
0.0,9.71417e-24,0.0041911285,0.022570696,7.728101e-16,0.032831196
0.0,8.7191715e-24,0.0045416113,0.010538947,1.2228417e-15,0.015592105
0.0,8.082016e-24,0.0033589958,0.02214789,1.3536695e-15,0.024214173
0.0,5.8448863e-16,0.0016733326,0.011552585,1.749281e-15,0.014784473
0.0,6.749224e-24,0.0013976307,0.011857979,1.4297036e-15,0.02911731
0.0,6.2520489999999996e-24,0.002280694,0.012192758,1.0419604e-15,0.009597908
0.0,3.116219e-15,0.0015760312,0.018714016,8.394092300000001e-16,0.017043924
0.0,5.2162883000000005e-24,0.0026772628,0.013163514,1.0586848e-15,0.022113457
0.0,2.8589524e-15,0.0026214535,0.012370253,7.214436e-16,0.011727024
0.0,4.445977e-24,0.0016128641,0.017820721,6.908078300000002e-16,0.017362403
0.0,2.3553341e-15,0.0016646625,0.013012157,6.23394e-16,0.021144476
0.0,3.7313724e-24,0.0009672049,0.017746989,4.776307e-16,0.013372065
0.0,3.9659573e-15,0.008129968,0.025053825,3.9402009e-16,0.046941157
0.0,2.3380367e-15,0.0044633634,0.0114339115,3.172428e-16,0.009914395
0.0,2.6787997e-24,0.004623533,0.0124112815,5.030294e-16,0.02470541
0.0,2.4774376e-24,0.0028480531,0.013327247,3.9168537000000006e-16,0.010054409
0.0,2.2943404e-24,0.0017659491,0.015331924,5.863622e-16,0.01824186
0.0,3.4759371e-15,0.003447482,0.011405754,3.52506e-16,0.0196472
0.0,2.0691355e-15,0.0030120995,0.022564732,3.0236898e-16,0.029164033
0.0,3.1945824e-15,0.0013875706,0.0089775035,2.030047e-16,0.0057794685
0.0,8.453153e-16,0.0015644127,0.008635039,2.5685117e-16,0.012867109
0.0,1.4672214e-24,0.0011856084,0.015701454,3.0713775e-16,0.024109423
0.0,2.5665276e-15,0.0017095022,0.012655643,2.1210215e-16,0.00603196
0.0,1.026471e-16,0.00076925947,0.0117866425,2.1312461e-16,0.014429389
0.0,1.9093294e-15,0.0009087194,0.0078069237,1.6750349000000002e-16,0.017600782
0.0,6.514319e-16,0.0008398219,0.017295633,1.4098216e-16,0.02398475
0.0,1.7249699e-15,0.0008385256,0.01501194,1.0364754e-16,0.010424449
0.0,6.7175367e-16,0.0009414831,0.0076273573,8.708556e-17,0.0125348065
0.0,3.1492642e-17,0.020432286,0.0071616215,8.270201e-17,0.0148506835
0.0,1.3717626e-15,0.008311752,0.002952987,6.1445993e-17,0.009427871
0.0,9.64372e-16,0.009072837,0.003868255,5.1031204e-17,0.015121025
0.0,1.4345222e-15,0.005684339,0.0023165944,4.257818e-17,0.017144408
0.0,6.4266980000000005e-25,0.0015602886,0.0055607627,4.745087e-17,0.009482798
0.0,6.0865086e-25,0.0014824555,0.0021138943,8.3389705e-17,0.0072643063
0.0,5.800299e-25,0.0007176746,0.0027293165,1.3214251e-16,0.0077944594
0.0,5.410101299999999e-25,0.0031136507,0.001451627,2.2547175e-16,0.0222603
0.0,2.543954e-15,0.0037621807,0.0019133297,3.192811e-16,0.0050079543
0.0,4.863038e-25,0.0012972485,0.0008497454,2.765233e-16,0.0078276275
0.0,4.618847e-25,0.0063036247,0.0022433563,3.1503326e-16,0.014823845
0.0,4.371072399999998e-25,0.0027133517,0.000834732,3.8349546000000005e-16,0.011237436
0.0,4.1791503999999985e-25,0.0021937753,0.0009439057,3.6552315000000005e-16,0.008249545
0.0,3.976291e-25,0.0011222984,0.003078362,3.1037595e-16,0.013626934
0.0,3.736916e-25,0.00096818607,0.0018563583,2.8227767e-16,0.014348921
0.0,2.7426154e-16,0.011218257,0.005923187,2.3209518e-16,0.016298445
0.0,3.3390145e-25,0.0051211836,0.0024545144,2.0920725000000003e-16,0.005172291
0.0,3.1931615e-25,0.0038175036,0.0010563713,2.790597e-16,0.0043060593
0.0,3.0422105e-25,0.003613098,0.004171231,2.2471284000000004e-16,0.0031367927
0.0,8.946842e-16,0.0030802637,0.0015743412,1.8550765e-16,0.0056489157
0.0,2.7173253e-25,0.004040504,0.0048514274,1.9092439000000003e-16,0.008765492
0.0,2.5683778e-25,0.0032796378,0.0019157454,2.1257474000000003e-16,0.009753429
0.0,4.5352516e-17,0.0015692412,0.0037854065,1.6976843e-16,0.0071530696
0.0,6.74783e-17,0.001079094,0.0014492886,1.3773617000000002e-16,0.00528585
0.0,2.2204285e-25,0.0018019277,0.0040501547,1.7391704e-16,0.005846423
0.0,2.1089006e-25,0.0012372816,0.0013948185,1.9636251e-16,0.0032210445
0.0,1.056611e-13,0.0014040335,0.0025024274,8.620191e-16,0.0019782055
0.0,1.9516339e-25,0.0012359517,0.001444657,6.7603187e-16,0.0016053214
0.0,1.8785237e-25,0.0026898307,0.0009280192,6.402309e-16,0.0010702288
0.0,1.0466701e-15,0.00091677066,0.0036850015,8.187111e-16,0.0044728224
0.0,1.721102e-25,0.0007653456,0.0010821704,1.1172773e-15,0.001895517
0.0,1.721835e-15,0.0016433884,0.0014369789,8.04413e-16,0.0031727876
0.0,1.143695e-15,0.0011106087,0.00046058866,6.0061476e-16,0.0010771548
0.0,1.5550698e-25,0.0011088938,0.0004654808,3.2921323000000004e-16,0.0007776458
0.0,1.4967542e-25,0.00091120857,0.0021366288,5.973121e-16,0.002340298
0.0,1.4389264e-25,0.00079368934,0.00057503633,6.986096400000001e-16,0.00073858426
0.0,2.3874818e-15,0.00279855,0.00038522494,5.63883e-16,0.00048169252
0.0,1.3445938e-25,0.001192495,0.00040527614,5.538918e-16,0.0005027798
0.0,1.3065261e-25,0.0020616953,0.0008337145,6.5641935e-16,0.0009167645
0.0,2.3698286e-15,0.0009361624,0.00039274542,4.346681e-16,0.00044217167
0.0,1.3769266e-15,0.00058195886,0.0009174746,4.512815e-16,0.00046139988
0.0,3.0174545e-15,0.00024203755,0.00023376409,3.57544e-16,0.00034706667
0.0,7.211719500000001e-16,0.00021515283,0.0002744473,4.345962e-16,0.00038788482
0.0,1.12996e-25,0.00021482061,0.0005789233,4.796742e-16,0.0008834789
0.0,1.1012159e-25,0.00018948813,0.00044791566,3.968959e-16,0.00048380523
0.0,1.0746868e-25,5.5299603e-05,0.00035870765,3.1793408000000003e-16,0.00032006242
0.0,1.0109022e-15,2.7910042e-05,0.0001459148,3.2434202000000004e-16,0.00013309877
0.0,1.0381395e-25,2.4163173e-05,6.984169e-05,3.6933741e-16,6.367482e-05
0.0,1.6450673e-15,9.299435e-06,1.757381e-05,4.1359118e-16,5.291434e-05
0.0,9.9647985e-26,3.7144127e-06,5.6023396e-06,4.043003e-16,4.2789612e-05
0.0,1.9582972e-15,3.2964626e-06,1.2221707e-06,2.3090685e-16,5.40246e-05
0.0,1.2048827e-15,1.8568318e-06,3.4986638e-07,3.4168219e-16,4.6206762e-05
0.0,1.6718279e-15,1.0180535e-06,1.3231333e-07,1.7107383e-16,4.1692925e-05
0.0,9.437002e-26,1.0164814e-06,6.041428e-08,4.335515e-16,2.545771e-05
0.0,6.4180764e-14,9.1566255e-07,1.8656502e-07,4.0885439e-16,8.785399e-05
0.0,6.7473772e-15,8.876969e-07,2.9111087e-07,3.451513e-16,7.9060774e-05
0.0,1.550889e-15,8.562649e-07,2.6088418e-07,3.6574226e-16,0.00010911
0.0,2.275947e-15,1.0178792e-06,2.7738065e-07,3.420801e-16,0.00012031441
0.0,8.283174400000001e-16,1.0163074e-06,3.0528247e-07,3.0349598000000003e-16,9.094156e-05
0.0,1.5329941e-15,9.540736e-07,3.6144536e-07,3.281595e-16,0.00013891421
0.0,2.1655719e-15,8.9182055e-07,2.4580464e-07,2.2236304e-16,9.7045086e-05
0.0,1.3043158e-15,8.9044335e-07,2.1069435e-07,2.8696817000000004e-16,6.920008e-05
0.0,2.1218171e-15,8.8906825e-07,4.0268068e-07,2.3693632000000003e-16,0.00015631947
0.0,1.7002394e-15,8.876953e-07,2.845469e-07,1.649358e-16,0.000103662416
0.0,9.640221e-16,8.8632453e-07,1.6918634e-07,2.0837447e-16,9.2215414e-05
0.0,2.325326e-14,8.148045e-07,7.338763e-08,3.429104e-16,3.374574e-05
0.0,1.2352915e-20,6.065329e-07,3.3075285e-08,2.8971746e-16,2.7844631e-05
0.0,2.1138772e-20,6.055963e-07,2.1374866e-08,3.274852e-16,1.9424711e-05
0.0,3.4200506e-20,5.523708e-07,1.1432413e-08,3.4241826e-16,1.9630885e-05
0.0,4.833353e-20,4.4347073e-07,4.783328e-09,3.0189705e-16,2.0205327e-05
0.0,6.3388104e-20,3.4691564e-07,8.541419e-09,3.285078e-16,2.0960753e-05
0.0,7.7829715e-20,3.4637992e-07,1.8705126e-08,3.4174232000000003e-16,2.0621334e-05
0.0,9.573009e-20,3.0316716e-07,2.9224383e-08,3.9351102e-16,2.8331322e-05
0.0,1.07403884e-19,2.4032553e-07,1.832579e-08,3.9497996e-16,1.790108e-05
0.0,1.189924e-19,2.399544e-07,3.4754624e-08,3.7373092e-16,1.8945268e-05
0.0,1.2819738e-19,2.1745959e-07,3.210353e-08,3.674866e-16,1.6257713e-05
0.0,1.3700353e-19,1.5880451e-07,2.337134e-08,1.0223949e-16,2.2464104e-05
0.0,1.4355661e-19,1.442572e-07,2.439073e-08,3.1516656000000003e-16,1.3668512e-05
0.0,1.5325331e-15,1.3075204e-07,1.6836397e-08,2.841067e-16,1.2336156e-05
0.0,1.5241730999999998e-19,1.3055012e-07,1.0084313e-08,3.7056304e-16,1.0388335e-05
0.0,1.5867834e-19,1.3034851e-07,1.02910445e-08,3.5374997000000003e-16,1.6211176e-05
0.0,1.6331982999999998e-19,9.740455e-08,1.1684052e-08,3.0997337e-16,1.5037527e-05
0.0,1.6793184e-19,7.9708514e-08,2.8093242e-08,3.063778e-16,1.7133529e-05
0.0,1.1232171e-14,6.467582e-08,3.3055514e-08,3.2074949000000003e-16,2.053981e-05
0.0,1.8035467e-19,6.4575936e-08,2.4110898e-08,3.1156524e-16,2.773411e-05
0.0,1.8595955e-19,6.4476204e-08,2.0022354e-08,4.8550753e-16,2.3578055e-05
0.0,9.764514e-16,6.4376636e-08,1.8533683e-08,3.9305555e-16,2.216273e-05
0.0,4.975068e-16,6.427721e-08,1.5664401e-08,3.906943e-16,1.7541983e-05
0.0,1.9856781e-19,6.417795e-08,9.166225e-09,3.8762613000000006e-16,1.9722294e-05
0.0,2.0588927e-19,6.407883e-08,6.0319363e-09,4.623493e-16,2.5062609e-05
0.0,2.1126428e-19,6.3979876e-08,2.1033233e-09,4.7689765e-16,1.914976e-05
0.0,2.1625202e-19,5.676659e-08,7.046125e-10,4.3148785e-16,1.8942523e-05
0.0,2.2053429e-19,5.6678925e-08,2.9325755e-09,4.3683498e-16,2.0750182e-05
0.0,1.2387033e-15,4.947615e-08,8.126497e-09,2.6480963e-16,2.3528484e-05
0.0,1.0923022e-15,4.939974e-08,5.9724496e-09,1.7562218e-16,2.3833458e-05
0.0,2.29234e-19,4.932345e-08,2.5274491e-09,2.771303e-16,1.4538823e-05
0.0,1.0646484e-13,5.8227783e-08,1.2859316e-09,4.525303e-16,1.6824588e-05
0.0,6.4875446e-14,5.813786e-08,7.8386386e-10,5.992632e-16,1.7062875e-05
0.0,2.3696548e-19,5.8048073e-08,3.9898984e-10,5.42235e-16,1.855495e-05
0.0,2.3835305e-19,5.7958427e-08,3.2513547e-08,4.6306465e-16,2.2793138e-05
0.0,2.38509e-19,9.2533355e-08,7.538458e-08,5.99065e-16,2.191647e-05
0.0,2.3807796e-19,9.239045e-08,6.878299e-08,6.3579934e-16,2.544037e-05
0.0,2.3754208e-19,9.224777e-08,5.23961e-08,7.201173e-16,2.8571341e-05
0.0,2.3740766e-19,9.21053e-08,3.352653e-08,8.809452300000001e-16,1.8415058e-05
0.0,2.371803e-19,9.099834e-08,2.287515e-08,7.3586416e-16,1.45642525e-05
0.0,2.3727402e-19,8.370318e-08,2.875284e-08,7.815729700000002e-16,1.6343913e-05
0.0,3.1517893e-15,1.8197633e-07,4.753297e-08,5.849742e-16,2.2347162e-05
0.0,2.35357e-19,1.630926e-07,7.414126e-08,7.939150300000001e-16,1.5339758e-05
0.0,2.7656274e-15,1.628407e-07,9.036213e-08,5.515607500000001e-16,2.796786e-05
0.0,2.317424e-19,1.489278e-07,1.1222463e-07,5.678888e-16,2.6568929e-05
0.0,3.268542e-15,1.2924806e-07,8.154038e-08,4.6455506e-16,2.8988865e-05
0.0,2.270882e-19,1.2904844e-07,9.028031e-08,4.694037e-16,3.316763e-05
0.0,1.5819655e-15,9.4493984e-08,1.1949275e-07,3.990307e-16,4.121441e-05
0.0,2.921742e-15,9.4348046e-08,1.129241e-07,2.9140316000000003e-16,4.4210137e-05
0.0,1.848958e-15,9.4202335e-08,1.8619839e-07,2.7182153e-16,4.5815497e-05
0.0,2.0862901e-19,9.4056844e-08,2.8548226e-07,2.1761986e-16,4.7708392e-05
0.0,4.9447544e-16,9.600679e-08,2.6817267e-07,2.2618855e-16,4.116608e-05
0.0,2.1651765e-15,1.7172586e-07,3.726636e-07,1.9239889e-16,4.3492506e-05
0.0,1.9509642e-19,2.5200646e-07,1.577803e-06,2.5471782e-16,5.4587268e-05
0.0,1.1351817e-15,1.0391793e-06,1.1578072e-06,2.2263816000000004e-16,5.2413372e-05
0.0,1.723919e-15,2.21029e-06,5.7652e-07,1.557064e-16,5.111935e-05
0.0,2.4573662000000004e-16,4.5379047e-06,5.3606965e-07,1.761184e-16,4.8659476e-05
0.0,1.7321128e-19,4.5192455e-06,8.964872e-07,3.396298e-16,6.0032293e-05
0.0,1.6686827e-19,5.2222645e-06,4.5717043e-06,4.784905e-16,7.401954e-05
0.0,1.5993843e-16,5.214199e-06,4.6207983e-06,3.5767732e-16,8.3284314e-05
0.0,4.951234e-16,6.597223e-06,3.0090735e-06,3.1279924e-16,7.11438e-05
0.0,1.4766259999999998e-19,7.4055974e-06,4.436589e-06,2.8197774e-16,7.269215e-05
0.0,1.4091698e-19,6.0116607e-05,7.34216e-06,2.376586e-16,8.487944e-05
0.0,1.3337853e-19,7.162645e-05,9.557729e-06,2.3224423000000003e-16,9.727591e-05
0.0,7.92592e-16,6.172675e-05,1.37833385e-05,2.0702549e-16,7.9477315e-05
0.0,1.202395e-19,6.163143e-05,6.671774e-05,2.291677e-16,9.199398e-05
0.0,7.468225400000001e-16,0.00042687208,0.00017274557,1.7591032e-16,0.00011982219
0.0,8.398869e-16,0.00038253947,0.0013118379,1.4555156e-16,0.00021106531
0.0,1.1165247e-15,0.006393733,0.006772311,1.105157e-16,0.00072084705
0.0,1.4724306e-15,0.0018888746,0.012346318,7.877873e-17,0.0012551557
0.0,1.3541771e-15,0.012610577,0.01683501,4.8517604e-17,0.00089586835
0.0,5.080151e-16,0.007113567,0.029327434,6.0760836e-17,0.0021817202
0.0,9.885727e-16,0.019406583,0.009930608,4.5056647e-17,0.0021162913
0.0,9.680363e-16,0.0123339705,0.015701948,3.9069315e-17,0.0018976812
0.0,7.0589534e-16,0.007082472,0.023665776,3.1957564e-17,0.0052240547
0.0,5.492988e-16,0.0071191574,0.022633431,2.5014418000000002e-17,0.011968147
0.0,2.7080009e-16,0.0019064016,0.018896954,1.7530584e-17,0.01842074
0.0,3.6604589999999996e-20,0.003181164,0.029913722,1.549573e-17,0.049345065
0.0,3.531333e-16,0.0014669627,0.018140042,1.0094893e-17,0.021305593
0.0,1.9468425e-16,0.00564198,0.033913136,7.93829e-18,0.046188865
0.0,1.2402799e-16,0.004754748,0.01088868,7.064972e-18,0.025264842
0.0,3.407508e-16,0.0014368825,0.022674855,4.921687399999999e-18,0.030008975
0.0,1.9138221e-20,0.001434663,0.018828215,2.9573017e-17,0.018777246
0.0,1.740666e-20,0.0008510069,0.02431884,4.3965255e-17,0.04656436
0.0,4.4144493e-16,0.004791999,0.031267982,3.2151313e-17,0.014665019
0.0,2.4565967000000004e-16,0.0033695644,0.014905134,2.5856213e-17,0.08588518
0.0,2.804134e-16,0.0013603097,0.030733446,1.9020919000000002e-17,0.040909246
0.0,9.635218e-21,0.016388426,0.012601799,6.937148000000001e-17,0.03170254
0.0,8.874518e-21,0.0071300464,0.028459333,8.27504e-17,0.0386666
0.0,1.8842739e-16,0.0033115821,0.009708163,6.112051400000001e-17,0.024610754
0.0,7.133107e-21,0.003995446,0.030970145,4.823217000000001e-17,0.033607874
0.0,6.125310400000001e-21,0.0039892728,0.012091354,5.906875000000001e-17,0.0224277
0.0,5.643706000000001e-17,0.0035492454,0.03127001,4.5601425e-17,0.04428734
0.0,9.9427507e-17,0.004718078,0.0106864115,3.6753557e-17,0.012013425
0.0,1.3652505e-18,0.010861821,0.013732473,2.9682844e-17,0.02508157
0.0,4.0970478e-21,0.0035381746,0.025611563,2.9139525e-17,0.020968027
0.0,2.1072351e-16,0.03720595,0.022258032,1.9964252e-17,0.054191962
0.0,1.07646565e-16,0.037148457,0.015254702,1.5609297e-17,0.016470466
0.0,1.2789992e-16,0.025793953,0.028572543,1.23975415e-17,0.056766376
0.0,5.203919e-17,0.019714694,0.013051702,9.398406000000001e-18,0.03317786
0.0,8.8404584e-17,0.01968423,0.020028794,5.630349e-18,0.014737127
0.0,4.2220068e-18,0.019653814,0.027281651,4.7869434e-18,0.046953358
0.0,1.7407457e-21,0.016417107,0.023032757,1.04294745e-17,0.01418808
0.0,1.8729827e-16,0.009640666,0.012488808,8.208203000000001e-18,0.01805122
0.0,3.5695365e-17,0.0032294071,0.020705434,6.0140423e-18,0.022002682
0.0,1.284633e-21,0.037266187,0.015485486,2.1336687e-17,0.015676027
0.0,1.1753543e-21,0.019309003,0.03176049,2.1137512e-17,0.035223644
0.0,1.0162452e-21,0.0056713116,0.006571136,2.2988160000000006e-17,0.006936143
0.0,9.443231e-22,0.00577138,0.01361334,2.6628353e-17,0.018649964
0.0,9.683562e-17,0.0049822056,0.026462244,1.8224367e-17,0.032161705
0.0,7.4996413e-22,0.0040669986,0.008166553,2.1260084e-17,0.010831537
0.0,7.003919e-22,0.004060713,0.00593529,2.7200369e-17,0.024895452
0.0,1.07067056e-16,0.004054438,0.014885181,1.6512345e-17,0.011083384
0.0,7.6033006e-17,0.004048172,0.013379845,1.8520090000000002e-17,0.016862353
0.0,4.2497092e-17,0.0056272196,0.01117801,1.4606092e-17,0.013229899
0.0,1.5680020000000002e-17,0.0046550785,0.0069361194,1.276721e-17,0.0163235
0.0,3.9080022000000003e-17,0.0021584635,0.006257647,1.0806338e-17,0.0070996033
0.0,2.8183154e-14,0.0034276852,0.005208155,3.5366534e-17,0.021416796
0.0,2.433875e-16,0.003208385,0.0048252693,2.6806975e-17,0.007501993
0.0,2.861319e-16,0.0032034267,0.005378312,2.3263889e-17,0.018013721
0.0,3.646603e-22,0.016932135,0.003576494,4.7681642e-17,0.012977415
0.0,3.4480610000000002e-22,0.018559018,0.0049211527,4.5196196e-17,0.013800493
0.0,2.3286826000000004e-16,0.014107467,0.0027119173,3.4969358e-17,0.014207447
0.0,5.827845e-17,0.010795606,0.0020002087,3.317973e-17,0.018145662
0.0,2.890886e-22,0.0075842626,0.0037073118,4.5763238e-17,0.011908263
0.0,2.69805e-22,0.0022529052,0.0022211436,4.3113335e-17,0.027191823
0.0,2.8163112000000005e-16,0.0022494234,0.003401485,3.4085688e-17,0.011197883
0.0,2.3788190000000003e-22,0.0013006133,0.0015801928,3.319914e-17,0.01488113
0.0,2.2557784e-22,0.023635602,0.0018845319,5.23959e-17,0.02114581
0.0,1.2553652e-16,0.015730882,0.0023991012,3.7508260000000004e-17,0.0183564
0.0,6.3070656e-17,0.01570657,0.0025178643,2.8138812e-17,0.033207193
0.0,1.8261053e-22,0.010864518,0.0068152878,3.5794650000000005e-17,0.013191142
0.0,1.5620815000000002e-16,0.009627253,0.004223221,2.9023263e-17,0.012885566
0.0,3.6232933e-16,0.015098447,0.0036183104,2.0247861e-17,0.014200405
0.0,1.215648e-16,0.012272473,0.0027934613,2.3010880000000002e-17,0.020161644
0.0,1.4283608000000002e-22,0.0078460835,0.0031569928,2.48872e-17,0.0055147544
0.0,1.1316383e-16,0.0066257482,0.0010362165,1.9249833e-17,0.0060497043
0.0,2.182523e-16,0.0035742798,0.0028174662,1.6336744e-17,0.007439676
0.0,1.191131e-16,0.006328437,0.00188158,1.5640837e-17,0.015771303
0.0,1.1401157e-22,0.002051909,0.003859124,1.4315699e-17,0.0074037523
0.0,1.3563487e-16,0.0067664334,0.0015897207,1.2227995000000001e-17,0.011853408
0.0,1.00631325e-22,0.0041316315,0.0046492685,1.3140461000000001e-17,0.02605095
0.0,9.390884e-23,0.0041252463,0.0030682634,2.0781527e-17,0.0074859713
0.0,8.7913335e-23,0.00349186,0.004583827,2.1165644e-17,0.019828184
0.0,1.9700169e-16,0.0020129257,0.0015610829,1.4801876e-17,0.0067229765
0.0,1.8948355e-17,0.0017425091,0.0033077567,1.3626299e-17,0.020589132
0.0,7.169407e-23,0.0011951283,0.0022225538,1.3043150000000001e-17,0.010799546
0.0,9.701469e-17,0.0026320212,0.0016835451,1.0805648e-17,0.016911501
0.0,1.0200227e-16,0.0015296798,0.0017814467,7.522439e-18,0.011410352
0.0,1.0723207999999999e-16,0.0018409725,0.002864235,7.206473e-18,0.030188704
0.0,5.6615727e-23,0.0025681353,0.0012594089,1.02275225e-17,0.0047327285
0.0,1.2762257000000002e-16,0.0009450372,0.0033527478,7.763782e-18,0.011654976
0.0,4.996491e-23,0.0016049179,0.002948135,8.931272599999999e-18,0.024715474
0.0,1.1360225e-16,0.0014892224,0.005291443,6.828300699999999e-18,0.005779105
0.0,1.47496e-16,0.0010859419,0.0035704907,5.027752e-18,0.010243489
0.0,9.7107735e-17,0.0034798493,0.004895864,5.138517e-18,0.016901143
0.0,3.9126680000000004e-23,0.0034744719,0.0023800437,5.9471143e-18,0.007291462
0.0,3.7195700000000004e-23,0.0015682402,0.0041267844,7.353149e-18,0.008944704
0.0,3.52952e-17,0.0013628184,0.0015485553,6.3328625e-18,0.01152464
0.0,9.50085e-17,0.0014562658,0.0032987979,4.740475e-18,0.015337164
0.0,3.165611e-23,0.0014540154,0.0014781433,7.080419e-18,0.0073136613
0.0,5.3094685e-17,0.0014517686,0.0031203555,5.7859675e-18,0.011354054
0.0,7.143643000000001e-17,0.0018629256,0.0019050952,4.3932166e-18,0.013198401
0.0,8.986639e-17,0.001652506,0.00067901437,4.5406583e-18,0.0045385603
0.0,1.05548875e-16,0.0015027322,0.0030418064,3.2871268e-18,0.006382766
0.0,3.0186924e-17,0.0048253373,0.0016116778,3.7426705e-18,0.0066204253
0.0,2.3378529e-23,0.004357038,0.0050381017,4.2460227e-18,0.011829948
0.0,2.1145759e-17,0.0019453855,0.0023972061,3.539939e-18,0.012183036
0.0,1.1598866e-18,0.0012285532,0.0031683943,2.8137953e-18,0.0075040474
0.0,1.9637220000000002e-23,0.0014359322,0.0017920336,3.8545177e-18,0.02291287
0.0,1.8437606e-23,0.0012501695,0.0070310687,1.4272947e-17,0.005771791
0.0,1.7151112e-23,0.0013065278,0.007858199,2.2206322e-17,0.028012866
0.0,2.6946998e-17,0.0007298204,0.0070702387,1.5840373e-17,0.008261296
0.0,1.5016814999999998e-23,0.0008898198,0.004996484,1.5222010000000002e-17,0.012973631
0.0,1.4098267e-23,0.0013331723,0.002578774,1.5694324e-17,0.022351313
0.0,1.8567165e-16,0.0013331992,0.0055505508,2.014458e-17,0.0135054765
0.0,1.2570467e-23,0.0007561156,0.0029988645,1.397261e-17,0.01428583
0.0,2.107126e-18,0.0007229583,0.006206498,9.6240735e-18,0.02065585
0.0,1.1085107e-23,0.00072184106,0.003003909,1.0430511000000001e-17,0.007827282
0.0,1.0480022e-23,0.0007207256,0.0063158125,1.1937484e-17,0.013198252
0.0,2.2071190000000002e-17,0.001833212,0.0037172576,8.256085e-18,0.013982481
0.0,3.7706946e-17,0.003402138,0.0046988362,7.049784e-18,0.028930342
0.0,8.521290000000001e-24,0.0033968803,0.005412649,6.206778e-18,0.010284854
0.0,7.974902e-24,0.002166454,0.009809137,6.516906e-18,0.022005044
0.0,4.899616e-18,0.008417726,0.010251986,4.3605434e-18,0.018148579
0.0,3.6465993e-17,0.0056278915,0.008420048,3.240854e-18,0.017675286
0.0,3.6390316e-17,0.004141758,0.00932253,2.9257242e-18,0.016129011
0.0,3.5292756e-17,0.003332239,0.007660644,2.095546e-18,0.012169591
0.0,1.451377e-17,0.0026824714,0.009125398,1.6352370999999998e-18,0.026270004
0.0,1.345841e-17,0.002121546,0.009278591,2.1513692e-18,0.009359259
0.0,4.7762293000000005e-24,0.00432202,0.010918715,1.818906e-18,0.02591585
0.0,3.2920952e-15,0.0036365904,0.015051612,5.15185e-18,0.007450046
0.0,9.1159876e-17,0.0014377317,0.010296034,5.4523995e-18,0.01058308
0.0,6.8609914e-17,0.0025596132,0.007981569,5.2104797e-18,0.023019494
0.0,8.3109324e-17,0.0017724292,0.011785245,3.9413266e-18,0.009432626
0.0,5.1721195e-17,0.0015155057,0.012713712,3.329842e-18,0.02367464
0.0,7.806886e-17,0.0023414404,0.013739109,2.186107e-18,0.009608112
0.0,5.554977e-17,0.0020754845,0.009570315,2.6157314e-18,0.015196446
0.0,6.011036e-17,0.002072277,0.009874309,2.3510076e-18,0.02358091
0.0,2.2885819999999998e-24,0.0019263963,0.016857976,2.408706e-18,0.008136743
0.0,1.8407828e-17,0.0008445534,0.015186316,2.5596145e-18,0.026813067
0.0,3.6257715e-17,0.005719007,0.016639952,2.0724673e-18,0.010409136
0.0,1.7330888000000002e-24,0.0025711758,0.02248863,2.404385e-18,0.03406235
0.0,3.70547e-17,0.008859889,0.014000083,1.7963358e-18,0.013181952
0.0,3.7813678e-17,0.0070891255,0.016407024,1.7465534e-18,0.027613554
0.0,5.3792520000000003e-17,0.0062702075,0.00789892,1.1577402e-18,0.0061075394
0.0,1.1911584e-24,0.0058897873,0.013731828,2.6368704e-18,0.012759889
0.0,1.7496792000000002e-17,0.004609746,0.010666815,2.7801646e-18,0.019865522
0.0,2.969877e-17,0.0031739243,0.02290729,2.1249244e-18,0.021894006
0.0,9.082018e-18,0.0030604075,0.013002515,1.888054e-18,0.01511691
0.0,4.3602845e-18,0.0011157813,0.013168114,1.4973430000000001e-18,0.022425964
0.0,7.531758499999998e-25,0.004132483,0.023277378,1.3344563e-18,0.016331706
0.0,2.4651943e-17,0.0013862303,0.011162844,1.1015559e-18,0.01991789
0.0,6.2250970000000005e-25,0.004181954,0.010056525,1.2379648e-18,0.011004433
0.0,2.8559170000000004e-17,0.0015484416,0.011309084,8.842086e-19,0.022488978
0.0,5.3079536e-25,0.007746403,0.025298785,1.955172e-18,0.018430334
0.0,1.7615389e-17,0.0022916037,0.014523389,1.9018086e-18,0.0296125
0.0,1.8812044e-17,0.0027973703,0.016460318,1.252615e-18,0.0061414414
0.0,3.8438295e-25,0.0024811593,0.020931488,1.5659566e-18,0.01772414
0.0,1.4820720000000006e-17,0.0039648884,0.013643335,1.2991682e-18,0.01858455
0.0,5.373982299999999e-18,0.0016175472,0.015172293,1.3260152999999998e-18,0.018996382
0.0,1.1518884e-17,0.0023480954,0.017300649,1.0734433e-18,0.015076008
0.0,2.628321e-25,0.0017675306,0.015407802,1.793871e-18,0.02011781
0.0,2.4240056e-25,0.0017770233,0.009370406,1.3730281e-18,0.011712182
0.0,2.2682007e-25,0.0010367924,0.005339505,1.6809247e-18,0.014463002
0.0,1.3193188e-17,0.0021560756,0.0054696794,1.7328345e-18,0.017407788
0.0,1.1736392e-17,0.0019127685,0.0019701475,1.708104e-18,0.005660001
0.0,4.9845035e-18,0.0017196328,0.0030622697,9.983409e-19,0.012944683
0.0,1.7818804999999998e-25,0.0010792548,0.0029341597,1.4829777999999998e-18,0.017228952
0.0,6.7958264e-18,0.0030807348,0.001353911,1.1032296e-18,0.010289176
0.0,1.6000588e-25,0.0022771722,0.0043900865,9.287535999999998e-19,0.011672501
0.0,1.0070478e-16,0.0015491173,0.0017220359,2.219941e-18,0.021428633
0.0,1.4303759e-25,0.0015467224,0.0037073605,2.122333e-18,0.0057991105
0.0,1.3350687999999998e-25,0.001431301,0.0024253423,2.4613016e-18,0.016163465
0.0,1.15277685e-17,0.0016956462,0.0030588256,1.943967e-18,0.008730606
0.0,1.0530035e-16,0.0007690985,0.0014060533,2.8451402e-18,0.014640741
0.0,1.3908235e-17,0.0007418595,0.0029393318,2.4026588e-18,0.011753569
0.0,1.10308555e-17,0.00130792,0.0015977744,2.2361763e-18,0.020175627
0.0,1.07589185e-16,0.0010301413,0.0047255494,3.4200057000000004e-18,0.00414855
0.0,9.616663e-26,0.00090892985,0.0021335525,3.5751556999999995e-18,0.0049416376
0.0,9.147332999999999e-26,0.001271724,0.0016820456,3.686483e-18,0.005186602
0.0,8.5699494e-26,0.0010093669,0.002485091,3.053276e-18,0.014944822
0.0,1.7574083e-15,0.0019950955,0.0015147914,2.6370108e-18,0.0069561135
0.0,1.33162645e-17,0.0017450895,0.0010872376,2.7687590000000002e-18,0.00762759
0.0,7.440504999999999e-26,0.0015464468,0.0016469532,3.1205234e-18,0.0057623107
0.0,7.095431999999999e-26,0.0012864167,0.0013644509,3.4405827e-18,0.008194526
0.0,6.723746999999999e-26,0.0012844278,0.0024420256,3.0207906e-18,0.011936371
0.0,6.463132500000001e-26,0.0011310846,0.0006475464,3.3078915e-18,0.0047315536
0.0,6.1931615e-26,0.0011033744,0.001325009,3.601472e-18,0.0039814143
0.0,5.9676915e-26,0.00090204773,0.00059414044,3.2851155e-18,0.0025927648
0.0,1.901847e-17,0.00090065313,0.00034507955,2.3214365e-18,0.0011173373
0.0,1.6178313e-17,0.00089926075,0.00037374932,2.7952282e-18,0.00082162395
0.0,5.3503844e-26,0.00082865247,0.0023786933,2.8547395e-18,0.0026166823
0.0,5.1268252e-26,0.0008273714,0.0006623636,2.2565117e-18,0.0014080986
0.0,1.4875616e-17,0.0008206844,0.0008998649,1.9860422e-18,0.002639457
0.0,1.3064736e-17,0.00064486073,0.00058140483,1.7200761999999998e-18,0.0010862179
0.0,4.5574152e-26,0.0049795564,0.0009670883,2.029308e-18,0.0008140419
0.0,4.4622429999999996e-26,0.004971858,0.00041856663,2.2274493e-18,0.00043519243
0.0,3.5666707e-15,0.0041360506,0.0007165741,1.585765e-18,0.0013448774
0.0,4.1702929999999996e-26,0.0033385393,0.00038086073,2.1234953e-18,0.00072052696
0.0,9.0784636e-18,0.0028242562,0.00022728,1.7055330999999998e-18,0.0012756659
0.0,3.9207046e-26,0.0015049096,0.0001622304,1.749614e-18,0.00057109294
0.0,2.943941e-15,0.0037891483,6.7178684e-05,1.7865827e-18,0.000543341
0.0,5.4336422e-17,0.003350858,2.2083188e-05,1.9941234e-18,0.0007251597
0.0,2.3443415e-17,0.0033456776,8.214283e-06,2.2214638e-18,0.000690468
0.0,3.275521e-17,0.0030475704,2.0749346e-06,1.6701644e-18,0.000445544
0.0,4.6903480000000004e-17,0.0014143572,8.602289e-07,1.4938758e-18,0.00059399614
0.0,3.07979e-17,0.0012518134,4.9791714e-07,1.8149552e-18,0.00047688396
0.0,5.1159083e-17,0.0004896132,6.7221146e-07,8.666056399999999e-19,0.0007033638
0.0,7.5122235e-18,0.0004888562,4.8558354e-07,1.4413536e-18,0.00045241092
0.0,3.0850649999999997e-26,0.00023186713,3.676444e-07,2.9552915e-18,0.00051017327
0.0,2.9869654e-17,0.00015041463,1.2581303e-07,2.3539197e-18,0.00030172014
0.0,9.64253e-16,0.00010655962,4.7381818e-08,3.289314e-18,0.00018741778
0.0,6.074092300000001e-16,0.000106394866,3.321658e-08,3.180913e-18,0.0002698521
0.0,4.014272e-17,0.00010623036,1.4570812e-08,2.3210541e-18,0.00020940822
0.0,2.3248584e-17,0.000106066116,9.614266e-09,2.0885866e-18,0.00011225536
